$MeshFormat
4.1 0 8
$EndMeshFormat
$Entities
0 0 1 1
1 -0.0147460764274 -0.0133559415117 0.003350602928550002 0.0147623978555 0.0403903499246 0.100148037076 0 0 
1 -0.0147460764274 -0.0133559415117 0.003350602928550002 0.0147623978555 0.0403903499246 0.100148037076 0 1 1 
$EndEntities
$Nodes
2 2387 1 2387
2 1 0 1355
1
2
3
4
5
6
7
8
9
10
11
12
13
14
15
16
17
18
19
20
21
22
23
24
25
26
27
28
29
30
31
32
33
34
35
36
37
38
39
40
41
42
43
44
45
46
47
48
49
50
51
52
53
54
55
56
57
58
59
60
61
62
63
64
65
66
67
68
69
70
71
72
73
74
75
76
77
78
79
80
81
82
83
84
85
86
87
88
89
90
91
92
93
94
95
96
97
98
99
100
101
102
103
104
105
106
107
108
109
110
111
112
113
114
115
116
117
118
119
120
121
122
123
124
125
126
127
128
129
130
131
132
133
134
135
136
137
138
139
140
141
142
143
144
145
146
147
148
149
150
151
152
153
154
155
156
157
158
159
160
161
162
163
164
165
166
167
168
169
170
171
172
173
174
175
176
177
178
179
180
181
182
183
184
185
186
187
188
189
190
191
192
193
194
195
196
197
198
199
200
201
202
203
204
205
206
207
208
209
210
211
212
213
214
215
216
217
218
219
220
221
222
223
224
225
226
227
228
229
230
231
232
233
234
235
236
237
238
239
240
241
242
243
244
245
246
247
248
249
250
251
252
253
254
255
256
257
258
259
260
261
262
263
264
265
266
267
268
269
270
271
272
273
274
275
276
277
278
279
280
281
282
283
284
285
286
287
288
289
290
291
292
293
294
295
296
297
298
299
300
301
302
303
304
305
306
307
308
309
310
311
312
313
314
315
316
317
318
319
320
321
322
323
324
325
326
327
328
329
330
331
332
333
334
335
336
337
338
339
340
341
342
343
344
345
346
347
348
349
350
351
352
353
354
355
356
357
358
359
360
361
362
363
364
365
366
367
368
369
370
371
372
373
374
375
376
377
378
379
380
381
382
383
384
385
386
387
388
389
390
391
392
393
394
395
396
397
398
399
400
401
402
403
404
405
406
407
408
409
410
411
412
413
414
415
416
417
418
419
420
421
422
423
424
425
426
427
428
429
430
431
432
433
434
435
436
437
438
439
440
441
442
443
444
445
446
447
448
449
450
451
452
453
454
455
456
457
458
459
460
461
462
463
464
465
466
467
468
469
470
471
472
473
474
475
476
477
478
479
480
481
482
483
484
485
486
487
488
489
490
491
492
493
494
495
496
497
498
499
500
501
502
503
504
505
506
507
508
509
510
511
512
513
514
515
516
517
518
519
520
521
522
523
524
525
526
527
528
529
530
531
532
533
534
535
536
537
538
539
540
541
542
543
544
545
546
547
548
549
550
551
552
553
554
555
556
557
558
559
560
561
562
563
564
565
566
567
568
569
570
571
572
573
574
575
576
577
578
579
580
581
582
583
584
585
586
587
588
589
590
591
592
593
594
595
596
597
598
599
600
601
602
603
604
605
606
607
608
609
610
611
612
613
614
615
616
617
618
619
620
621
622
623
624
625
626
627
628
629
630
631
632
633
634
635
636
637
638
639
640
641
642
643
644
645
646
647
648
649
650
651
652
653
654
655
656
657
658
659
660
661
662
663
664
665
666
667
668
669
670
671
672
673
674
675
676
677
678
679
680
681
682
683
684
685
686
687
688
689
690
691
692
693
694
695
696
697
698
699
700
701
702
703
704
705
706
707
708
709
710
711
712
713
714
715
716
717
718
719
720
721
722
723
724
725
726
727
728
729
730
731
732
733
734
735
736
737
738
739
740
741
742
743
744
745
746
747
748
749
750
751
752
753
754
755
756
757
758
759
760
761
762
763
764
765
766
767
768
769
770
771
772
773
774
775
776
777
778
779
780
781
782
783
784
785
786
787
788
789
790
791
792
793
794
795
796
797
798
799
800
801
802
803
804
805
806
807
808
809
810
811
812
813
814
815
816
817
818
819
820
821
822
823
824
825
826
827
828
829
830
831
832
833
834
835
836
837
838
839
840
841
842
843
844
845
846
847
848
849
850
851
852
853
854
855
856
857
858
859
860
861
862
863
864
865
866
867
868
869
870
871
872
873
874
875
876
877
878
879
880
881
882
883
884
885
886
887
888
889
890
891
892
893
894
895
896
897
898
899
900
901
902
903
904
905
906
907
908
909
910
911
912
913
914
915
916
917
918
919
920
921
922
923
924
925
926
927
928
929
930
931
932
933
934
935
936
937
938
939
940
941
942
943
944
945
946
947
948
949
950
951
952
953
954
955
956
957
958
959
960
961
962
963
964
965
966
967
968
969
970
971
972
973
974
975
976
977
978
979
980
981
982
983
984
985
986
987
988
989
990
991
992
993
994
995
996
997
998
999
1000
1001
1002
1003
1004
1005
1006
1007
1008
1009
1010
1011
1012
1013
1014
1015
1016
1017
1018
1019
1020
1021
1022
1023
1024
1025
1026
1027
1028
1029
1030
1031
1032
1033
1034
1035
1036
1037
1038
1039
1040
1041
1042
1043
1044
1045
1046
1047
1048
1049
1050
1051
1052
1053
1054
1055
1056
1057
1058
1059
1060
1061
1062
1063
1064
1065
1066
1067
1068
1069
1070
1071
1072
1073
1074
1075
1076
1077
1078
1079
1080
1081
1082
1083
1084
1085
1086
1087
1088
1089
1090
1091
1092
1093
1094
1095
1096
1097
1098
1099
1100
1101
1102
1103
1104
1105
1106
1107
1108
1109
1110
1111
1112
1113
1114
1115
1116
1117
1118
1119
1120
1121
1122
1123
1124
1125
1126
1127
1128
1129
1130
1131
1132
1133
1134
1135
1136
1137
1138
1139
1140
1141
1142
1143
1144
1145
1146
1147
1148
1149
1150
1151
1152
1153
1154
1155
1156
1157
1158
1159
1160
1161
1162
1163
1164
1165
1166
1167
1168
1169
1170
1171
1172
1173
1174
1175
1176
1177
1178
1179
1180
1181
1182
1183
1184
1185
1186
1187
1188
1189
1190
1191
1192
1193
1194
1195
1196
1197
1198
1199
1200
1201
1202
1203
1204
1205
1206
1207
1208
1209
1210
1211
1212
1213
1214
1215
1216
1217
1218
1219
1220
1221
1222
1223
1224
1225
1226
1227
1228
1229
1230
1231
1232
1233
1234
1235
1236
1237
1238
1239
1240
1241
1242
1243
1244
1245
1246
1247
1248
1249
1250
1251
1252
1253
1254
1255
1256
1257
1258
1259
1260
1261
1262
1263
1264
1265
1266
1267
1268
1269
1270
1271
1272
1273
1274
1275
1276
1277
1278
1279
1280
1281
1282
1283
1284
1285
1286
1287
1288
1289
1290
1291
1292
1293
1294
1295
1296
1297
1298
1299
1300
1301
1302
1303
1304
1305
1306
1307
1308
1309
1310
1311
1312
1313
1314
1315
1316
1317
1318
1319
1320
1321
1322
1323
1324
1325
1326
1327
1328
1329
1330
1331
1332
1333
1334
1335
1336
1337
1338
1339
1340
1341
1342
1343
1344
1345
1346
1347
1348
1349
1350
1351
1352
1353
1354
1355
0.00668552517891 -0.0056907441467 0.0055364780128
0.00437140325084 -0.00491932732984 0.00500489398837
0.00664628809318 -0.00332324020565 0.00488009676337
0.0097629763186 0.0129502518103 0.06800778955219999
0.00839254260063 0.0119468607008 0.07009819149969999
0.00834840815514 0.0107338605449 0.0674051940441
0.00239382497966 -0.0116811310872 0.0171163994819
-0.00070470868377 -0.0119244074449 0.0169147662818
0.00121158594266 -0.012438390404 0.0153805837035
0.0133808366954 0.0112637681887 0.0276898946613
0.0127060646191 0.0138488439843 0.026043985039
0.0129728615284 0.0141977574676 0.0288802944124
-0.00197014654987 0.0312494784594 0.0625202804804
-0.00311423349194 0.0318493135273 0.0645795240998
-0.00047768393415 0.0321422852576 0.0643342137337
0.0120708690956 -0.00639634998515 0.0138021223247
0.0128986351192 -0.00439913244918 0.0153212416917
0.0113151222467 -0.00628062617034 0.0164647717029
0.0107587836683 0.0109727550298 0.00748337106779
0.00947578810155 0.0128461048007 0.008573238737880001
0.0111899282783 0.0115170050412 0.009936543181540001
-0.00968381017447 0.0167770925909 0.0204417984933
-0.0116549804807 0.0146021554247 0.0223640333861
-0.0103380605578 0.0171943213791 0.0232782922685
-0.0019544523675 0.0107324570417 0.08035920560360001
0.000332131341565 0.0110488310456 0.0821253955364
-0.0021369419992 0.0114276232198 0.0830378830433
0.00473531754687 -0.00788699649274 0.00598741369322
0.00203821598552 -0.00626889895648 0.00538794323802
0.00105359719601 -0.010616437532 0.0191970579326
0.00382277066819 -0.0102500570938 0.0189080052078
0.00511596538126 0.0342934802175 0.06983483582739999
0.00436456920579 0.0330114886165 0.0674399957061
0.0024839558173 0.0345102921128 0.06881256401539999
-0.0135839767754 -0.00336460582912 0.0143437106162
-0.0123167913407 -0.00583290262148 0.0144967334345
-0.0122884521261 -0.00458153011277 0.0167258009315
0.0147623978555 0.00288592884317 0.012057392858
0.0145084066316 0.00255195517093 0.0149024473503
0.0146352611482 0.000289777060971 0.013239084743
0.0140309892595 0.0229421462864 0.0797051638365
0.0142993638292 0.0240219756961 0.08247481286530001
0.0136442780495 0.0211966577917 0.08155438303949999
-0.00694835092872 0.0307796783745 0.09703813493250001
-0.0046612303704 0.0285642202944 0.098950214684
-0.00397683633491 0.0309596061707 0.09825935959819999
0.00016561645316 0.0281288065016 0.0995724573731
-1.73523203557e-05 0.0254026651382 0.100146792829
0.00237425672822 0.02668280527 0.09981947392230001
-0.0124911582097 0.020690176636 0.0590835101902
-0.0130992634222 0.0185763966292 0.056872189045
-0.0130632799119 0.0171556416899 0.0589682497084
0.0136528965086 0.00774938007817 0.0113945202902
0.0124698914587 0.00941769499332 0.00924956705421
0.0125259906054 0.0101464679465 0.0118880914524
-0.00846272613853 0.0378087162971 0.0831469446421
-0.009977534413340001 0.0363965779543 0.08129491657019999
-0.0104559380561 0.0361670926213 0.0838279649615
-0.00867723207921 0.0153690744191 0.08817435801030001
-0.00632954016328 0.0137821538374 0.08746058493849999
-0.00698847137392 0.0146113457158 0.08970339596269999
0.00996009539813 0.00126023450866 0.030652301386
0.010320937261 0.00229602609761 0.0334969237447
0.008344699628650001 0.000215117790503 0.0329424291849
0.009551846422260001 0.0260424129665 0.0588978230953
0.00745956273749 0.0277550760657 0.0575452856719
0.00776234222576 0.0279673375189 0.0602731220424
-0.009386298246680001 -0.00810560211539 0.0171906929463
-0.00845392327756 -0.00981777068228 0.0151073597372
-0.00660503329709 -0.00973139237612 0.0179133936763
-0.0145352482796 0.00446113198996 0.0110578704625
-0.014697634615 0.00251445476897 0.0137891247869
-0.0143476901576 0.0054780379869 0.0138870887458
0.0130085349083 0.0115877306089 0.0245730690658
0.0122574316338 0.013746577315 0.0234228856862
0.0119940340519 -0.00436557969078 0.0174507964402
-0.0106049710885 0.0225697290152 0.0457620695233
-0.0110192280263 0.0215126685798 0.0433728545904
-0.0119468690827 0.0205769557506 0.0457263737917
-0.0114073706791 0.0108087081462 0.008754150941970001
-0.0126453861594 0.00952872354537 0.0102912653238
-0.0110564213246 0.0120355123654 0.0111292591318
-0.00969583820552 0.0204161889851 0.0304939895868
-0.009913997724650001 0.0193496551365 0.027586357668
-0.0113301249221 0.0182544142008 0.0301736686379
-0.000439031369751 -0.00712151173502 0.00567277567461
-0.00220713368617 -0.00505231879652 0.0050039938651
5.84922054259e-05 -0.00486857583746 0.00494995620102
-0.0140925375745 0.000965210900176 0.0163167323917
-0.0144273098558 -0.00052850676002 0.0140661019832
-0.013429235667 -0.00192123930901 0.0166702922434
0.0140837440267 2.61144432443e-05 0.0159293990582
0.0140257030725 -0.00217567500658 0.0143249919638
0.0021082109306 0.0115798888728 0.08363799750799999
8.075885125440001e-05 0.0116791194305 0.08481247723099999
-0.0111615685746 -0.00658645294607 0.0164214055985
-0.0106495656073 -0.007951245643199999 0.0147441942245
0.00856896769255 0.0174574144185 0.0193504262716
0.00959908682853 0.0175032820553 0.0218865759671
0.0104568907991 0.0154906697571 0.019832668826
-0.00630243401974 0.031904488802 0.0673442929983
-0.0042414679192 0.0326003953815 0.066715195775
-0.00607291096821 0.0306066889316 0.0648052915931
-0.00929652154446 0.0362595543265 0.078565351665
-0.010778747499 0.0338767692447 0.0768193379045
-0.0112202027813 0.0345724411309 0.0798159241676
0.00916734337807 -0.00796750001609 0.0176445897669
0.007835057564079999 -0.00986063294113 0.0160125121474
0.0102159101516 -0.008295154199 0.0149931451306
-0.009098075330260001 -3.6382516555e-05 0.0287361256778
-0.00773703958839 -0.00163688044995 0.0267418958247
-0.00689427088946 -0.00162859540433 0.02931753546
0.00654539605603 -0.0100017888471 0.00754358107224
0.00364108663052 -0.0109713589773 0.00721781468019
4.43442768301e-05 0.0261454582214 0.0385146513581
0.00103478238452 0.0255979076028 0.035928234458
-0.00174169871025 0.0256215576082 0.0363139733672
-0.00593988038599 0.0132118435577 0.00529086217284
-0.00342014501803 0.0137563748285 0.00477019464597
-0.00445954082534 0.0117055848241 0.00400950247422
0.000499844900332 0.0332120247185 0.09761413931850001
0.00296760071069 0.0319296307862 0.0980631932616
0.00265512615442 0.034278023988 0.09656305611130001
0.00164965260774 0.013524373062 0.09249681234359999
0.00375123042613 0.0147255258635 0.0947391465306
0.000415173301008 0.0144095811993 0.09522011876109999
-0.0113948732615 -0.00312064122409 0.0192305278033
-0.00888798758388 -0.00497298967093 0.0205762591213
-0.00961637217551 -0.00255024712533 0.0216718185693
-0.00974961463362 -0.009268152527509999 0.0124604031444
0.0110231870785 0.0223438609391 0.0472959838808
0.0117006367072 0.0208808016032 0.0451887845993
0.010019169189 0.0230770893395 0.0447579137981
-0.00153165578377 0.0344241522253 0.0965992361307
-0.00184103148058 0.0321632996202 0.09809479117390001
-0.0116949044168 0.0227790921926 0.0616625882685
-0.0104088122025 0.0251860395074 0.0614879466593
-0.0110130794346 0.0240007005632 0.0591660961509
-0.00629612989724 -0.0034804311581 0.00487663084641
-0.007877794094380001 -0.00554393790662 0.00592564838007
-0.00835190713406 -0.00238434202038 0.00524356588721
0.00439048465341 -0.0124778756872 0.0125620886683
0.00703570246696 -0.0112971728668 0.0118142180145
0.00621556863189 -0.0113227944821 0.0143026933074
0.0135841481388 0.0127417352051 0.0342955738306
0.0134608261287 0.0144618023187 0.0368922054768
0.0136822164059 0.0117794973776 0.0373438075185
0.00290434993804 0.0186678674072 0.0149689186364
0.00548228062689 0.0182019341737 0.0159613117576
0.00477040233091 0.017331732437 0.013163744472
-0.00504979118705 0.0194405950606 0.0184189695865
-0.00745936995372 0.018362633884 0.0192061886191
-0.00591787416488 0.0200654100627 0.0210019610822
-0.00405944837257 0.0331952236593 0.0969246029854
-0.0078948084265 0.028493726626 0.0628111585975
-0.008778071030969999 0.0285587757826 0.06539363414050001
0.00531387701631 0.0330339707434 0.0964968726039
0.009439826011659999 0.0147094987333 0.0817813277245
0.00849982723594 0.0144162951037 0.08445605635639999
0.00694323983043 0.012904333882 0.082144215703
0.00178460602183 0.0291940886527 0.0527971237898
0.00431297253817 0.0284950975329 0.0523085445166
0.00260240933858 0.0285788346082 0.0504407770932
-0.0130240106955 0.0135013340041 0.0560542866588
-0.0126106077805 0.0114676421508 0.0546653233469
-0.0121587626636 0.0113032730296 0.0575888901949
-0.00804118067026 0.0304760299623 0.0672515556216
-0.009262373670940001 0.0305134505033 0.069145694375
-0.00769792776555 0.0321101285517 0.0691596642137
0.009578817524019999 -0.00348692946136 0.0209982972592
0.00809295009822 -0.00528231682256 0.0209973864257
0.010073303245 -0.00549634965137 0.0190822891891
-0.00232889736071 0.0269302409142 0.0997742190957
-0.00245880451985 0.0240189190954 0.100032858551
0.013130213134 0.00302129541524 0.0191334448755
0.0132437199354 0.00614528078586 0.0193605497479
0.0126639064401 0.00412110751495 0.0215865354985
-0.00722427200526 0.0270292330533 0.0982469469309
0.0117303011939 0.0216654799879 0.0935205519199
0.01092668809 0.02399520576 0.0954895988107
0.00973512977362 0.020492689684 0.095774307847
-0.00664868857712 0.0211839936674 0.0983500629663
-0.00462760962546 0.0203793458641 0.099009566009
-0.00477531738579 0.0226717069745 0.099427267909
0.00560217862949 0.0234337337315 0.030950281769
0.0066436547786 0.0233289338648 0.0329671502113
0.00789416395128 0.0221598614007 0.0312069654465
0.0136956283823 0.0130351595581 0.0458600893617
0.0135449348018 0.0157487876713 0.0458427146077
0.0136080263183 0.0144241303205 0.0485394857824
0.0106563800946 0.0193780846894 0.0935853496194
-0.0125133330002 0.0197381041944 0.0476371385157
-0.0129305804148 0.0183879900724 0.0460497140884
0.000518201908562 0.0349770970643 0.09611020982269999
-0.0143794324249 0.0278970822692 0.08428443968300001
-0.0144662018865 0.0261013880372 0.08249844610690001
-0.0144420489669 0.0257145147771 0.0847022384405
0.000215404084884 0.0234710108489 0.0263235494494
-0.00114216236398 0.0225915517658 0.0238118190318
-0.00252077006735 0.0231768768281 0.026146940887
-0.0136982733384 0.0213416032493 0.0810823217034
-0.0142135843635 0.0233283210546 0.0836129337549
-0.0142585448921 0.024125367403 0.0805481597781
0.00493413582444 0.0274889152497 0.09911208599809999
0.00411819526926 0.025454280898 0.0996769070625
0.00630654534325 0.0253864843398 0.0988787338138
0.00227281893604 0.0241235326976 0.100078888237
0.00461509078741 0.0234053824097 0.0995318964124
0.00692183943465 0.0111534120515 0.0726476460695
0.009563059546050001 0.013453297317 0.0727120265365
0.010634819977 0.0298388041556 0.0944181531668
0.00863424129784 0.0293766725808 0.0965706706047
0.0100189596415 0.0271582286805 0.09611895680429999
0.008817866444590001 0.0221007112414 0.0344574153423
0.00617053592578 0.0240198150277 0.0351388081908
-0.00608951179311 0.0341142602265 0.0950219109654
-0.00336396205239 0.0354702882469 0.09494596719740001
0.0108794672415 0.00713175907731 0.0521857142448
0.00920664519072 0.00515600061044 0.0521041378379
0.0106087196618 0.00600238144398 0.0499652773142
-0.00320933479816 6.28800771665e-05 0.0448589473963
-0.00390236428939 -0.000185695127584 0.0423396788538
-0.00129380403087 -0.000615609984379 0.0427401028574
-0.00481316400692 0.0255775861442 0.0994799286127
-0.00706452922896 0.0239472463727 0.09856280684469999
0.0059225410223 0.009823162108659999 0.06944678723809999
0.00670419167727 0.00847363937646 0.0660597458482
0.0111923851073 0.0145516879857 0.0660180896521
0.0116431703791 0.0169779956341 0.067680247128
0.0108299711719 0.0150514254346 0.0687958374619
0.00453117350116 0.0352121405303 0.0947370901704
-0.0140311950818 0.0260315518826 0.089184679091
-0.0140263224021 0.0284232236445 0.0881634131074
-0.01433397457 0.0269655622542 0.0865336284041
0.00591717055067 0.0301762111485 0.0979021266103
0.00760383205488 0.0275198146701 0.09785627573730001
0.007010567002 0.0230376776308 0.09847833961249999
0.00259610405192 0.0214146710932 0.0997787117958
0.0138617437333 0.00202011619695 0.0171395409852
0.0139239979908 0.00444213813171 0.0168873984367
-0.00786114390939 0.0162802040577 0.09332277625800001
-0.0100023411214 0.0175563283265 0.0918429493904
-0.00845476519316 0.0158281326294 0.09073505550619999
0.00759907485917 -0.0107003878802 0.009711210615929999
0.00508877262473 -0.0122101046145 0.009654992260039999
-0.00650751357898 0.012677510269 0.0820590853691
-0.00656771566719 0.0132454615086 0.0846262276173
-0.008536070585249999 0.0140998819843 0.0827281028032
-3.91498397221e-05 0.0224755723029 0.100148037076
0.0038581667468 0.0371536724269 0.0923362076283
0.00665696104988 0.0369077213109 0.0908230319619
0.00483674742281 0.0382314808667 0.0896882414818
0.000410415697843 -0.00105630140752 0.040392767638
0.00357720651664 -0.0006463645258920001 0.0399614796042
0.00157028692774 -0.000586139969528 0.0427826493979
0.011764947325 0.00533485319465 0.0384498238564
0.0102964043617 0.0036575011909 0.0407198369503
0.0103394165635 0.00319307087921 0.0374537445605
0.00189957744442 0.036071382463 0.0945998802781
0.00189526274335 -0.00244700582698 0.0335291400552
0.00385542865843 -0.00250434409827 0.0315872356296
0.00421186117455 -0.00176208443008 0.0341825522482
-0.00635506398976 0.0105004804209 0.00415698206052
0.00709211453795 0.0340513363481 0.0943837836385
0.00667052343488 0.0107580767944 0.00428240234032
0.00947414711118 0.00979785807431 0.005222376436
0.00749625219032 0.00793940573931 0.00418942188844
-0.0109477723017 0.00398920988664 0.0376525297761
-0.0107698403299 0.00327460467815 0.0353401899338
-0.00938963331282 0.0021064192988 0.0371816419065
0.0108778560534 0.021595954895 0.0426411889493
0.0116370627657 0.0200573448092 0.0406427793205
0.0101316869259 0.0219443421811 0.0401336215436
-0.0133964084089 0.0289686582983 0.09031303972010001
-0.0121700251475 0.0316327027977 0.0906439125538
-0.0133710289374 0.0307404473424 0.08835713565349999
0.0107312230393 0.00143928837497 0.00562024628744
0.00777652440593 0.00121080735698 0.00454899575561
0.00886670220643 0.00320296804421 0.00473387446254
0.00706869037822 0.0379832834005 0.0877210348845
0.009103660471740001 0.0360617078841 0.0893518179655
0.00957890413702 0.0366091057658 0.0865257903934
-0.008378574624660001 0.0326533429325 0.0946322903037
-0.00917076319456 0.0251106340438 0.0971781313419
-0.009444814175370001 0.0278901830316 0.0964736416936
0.008350312709809999 0.0350757464767 0.092048920691
0.0122694475576 0.0164129473269 0.0298028178513
0.0117590250447 0.0164765585214 0.0270727239549
0.0109666101635 0.0185402091593 0.0292948056012
0.008746608160439999 0.0249991770834 0.09750535339120001
0.00745952269062 0.0207188967615 0.097705617547
0.008987525478009999 0.0226296354085 0.0971370339394
-0.000731088337488 0.0361574403942 0.0946707054973
-0.0116273704916 0.0125669967383 0.0172975622118
-0.010713881813 0.0146783487871 0.0189019553363
-0.00985179468989 0.0146403722465 0.0155072202906
0.008556117303670001 0.0124395443127 0.00628185505047
-0.0114410975948 0.0223871041089 0.0504372417927
-0.011387784034 0.022919241339 0.0533444359899
-0.009535658173260001 0.0249347537756 0.050870090723
-0.010425016284 0.00224179937504 0.0327154174447
-0.00830130744725 -8.72193122632e-05 0.0316835492849
-0.00882680620998 0.00105112954043 0.0346350856125
0.00615863781422 0.0357868000865 0.09300912916659999
0.00762328039855 0.0139403324574 0.0077913813293
0.008144493214789999 0.0143280830234 0.009933033026750001
-0.0112967565656 -0.00101079174783 0.0206696707755
-0.0120493164286 0.00119064759929 0.020750336349
-0.0127586647868 -0.000279511354165 0.0187473557889
0.000384955928894 0.030756527558 0.0987437292933
0.00279341451824 0.0292649958283 0.09911657869819999
0.0142241697758 0.0267193634063 0.0878190100193
0.0138082141057 0.0301618333906 0.0871474891901
0.0133741209283 0.0294725447893 0.0899740830064
-0.0136255053803 0.00700382189825 0.00935801211745
-0.0123189352453 0.00879773776978 0.00777597958222
-0.0120316911489 0.0223094429821 0.0934674590826
-0.0112667642534 0.0197240840644 0.0927670449018
-0.0103391911834 0.0208202525973 0.09524829685690001
-0.0114378063008 0.0276651773602 0.0944663286209
-0.00994592439383 0.0303213372827 0.094885237515
0.00903867557645 0.014448042959 0.0126471780241
0.0107597028837 0.013293126598 0.0147883044556
0.0110662886873 0.012304273434 0.0123323015869
-0.00886155664921 0.0222914163023 0.09715430438519999
-0.012778471224 0.0288731865585 0.074938967824
-0.0136334849522 0.0279440358281 0.0774194076657
-0.0125992503017 0.0308175925165 0.07696515321730001
0.00518072536215 0.0210088975728 0.0989480540156
0.00344192818739 0.0188414547592 0.09875699132680001
-0.0127598950639 0.0117177916691 0.0231104083359
-0.0127477822825 0.0131728723645 0.0253199320287
0.0132549116388 0.0174176879227 0.0480121076107
0.0128827095032 0.0184235330671 0.0455519258976
-0.00570237915963 0.0187065452337 0.0978464484215
-0.00573046831414 -0.000108715728857 0.0387008748949
-0.00485675595701 -0.0009827805915849999 0.0362601727247
-0.00340030179359 -0.00102506706025 0.0383322611451
0.0142772402614 0.0256486423314 0.0801965743303
0.0140008432791 0.0247028395534 0.07779813557860001
0.009625103324650001 0.0327817648649 0.0933002308011
0.00803656876087 0.0316828228533 0.0957120880485
-0.00309526105411 0.0184936430305 0.09868592023849999
0.0006467422936110001 0.0375811345875 0.0925145670772
-0.010415893048 -0.008078441955149999 0.0098334485665
-0.0116592720151 -0.00713852141052 0.012239228934
-0.00101540109608 -0.00270746927708 0.0329605191946
0.000317960046232 -0.0020586294122 0.0357385575771
-0.00230139773339 -0.00182726955973 0.0359141118824
-0.0123544745147 0.020511245355 0.0621401630342
-0.0047483057715 0.00500484835356 0.0610243566334
-0.002266747877 0.0044831559062 0.0616213195026
-0.00393101433292 0.00562706682831 0.0634945109487
-0.01421318762 0.00381004507653 0.0160710867494
-0.00503689609468 0.0364283546805 0.0928494781256
-0.00802448578179 0.0349400304258 0.09252783656120001
-0.00223630294204 0.0372651852667 0.0927286967635
-0.00207558833063 0.0296188518405 0.0990690588951
0.00625799736008 0.00512687722221 0.0589603818953
0.00545370904729 0.00399508047849 0.0565276257694
0.007986673153939999 0.00551362195984 0.056579887867
0.00226059206761 0.0129564702511 0.0896290242672
7.37569498597e-05 0.0129935098812 0.09067346155640001
-0.000400219811127 0.0124092772603 0.0879458859563
-0.008159362711010001 0.0195857547224 0.096734136343
-0.00129176292103 0.0162073615938 0.09752874076369999
-0.00259465351701 0.0146020771936 0.0950522944331
-0.00684803770855 0.0116234049201 0.0767656415701
-0.009116147644819999 0.013219460845 0.0761057063937
-0.00804678536952 0.0120480870828 0.074148491025
0.0124883214012 0.0289748720825 0.09237265586850001
0.0120301004499 0.0269100517035 0.0938943475485
-0.0116617493331 0.0169492326677 0.0277252681553
-0.0117815015838 0.0157473962754 0.0253101997077
-0.0127705261111 0.0144128762186 0.0277400948107
0.0128900092095 0.0165995918214 0.0606762059033
0.0129395648837 0.0150377051905 0.0591601356864
0.0130570158362 0.017771743238 0.0589458681643
0.00725701823831 -0.00252730236389 0.0250089094043
0.009097883477809999 -0.00191806082148 0.023034285754
0.009110216051340001 -0.00077252520714 0.02543419227
0.000122478973935 0.019090751186 0.09931296855210001
0.00198766146787 0.0163555461913 0.0975489765406
1.38442146635e-05 -0.008555553853509999 0.0211797915399
0.00253784190863 -0.009133973158899999 0.0204455014318
0.00276296702214 -0.00732533587143 0.0219059158117
-0.00230667437427 0.0245639625937 0.0313757322729
-0.000655609881505 0.0252371691167 0.0337279960513
0.000468454061775 0.0247415024787 0.0312352702022
-0.000313764845487 -0.000255198596278 0.0452232137322
0.0057342168875 0.0190790705383 0.0980245545506
0.00282361079007 0.00289077311754 0.0558155626059
0.00287880678661 0.00216080411337 0.0535977520049
0.00509589305148 0.0030441195704 0.054017227143
-0.00487024150789 0.0158356502652 0.00932011846453
-0.00679368432611 0.0154721587896 0.0109031070024
-0.004850264173 0.0167626906186 0.0117959575728
0.0099343881011 0.00733483256772 0.0565298460424
0.0102566238493 0.00830098427832 0.0583856217563
0.00865083467215 0.00672056199983 0.0586992129683
-0.0119584640488 0.029739394784 0.0926979258657
0.0134177412838 0.0166168306023 0.0505279786885
0.013180334121 0.0182935670018 0.05200111866
0.0134264780208 0.0162743628025 0.0531161427498
0.00588970771059 0.0303239766508 0.0638419389725
0.00388877373189 0.0318113453686 0.0650033280253
0.00620614690706 0.0313781313598 0.0663225576282
0.0107099171728 0.0247788522393 0.0612300597131
0.0110463509336 0.0240493286401 0.0590440668166
0.0122290598229 0.0267414096743 0.07120910286899999
0.011401437223 0.0293563697487 0.0718234851956
0.0126975551248 0.0281060282141 0.07396267354490001
0.0128211155534 0.00764331268147 0.0393384806812
0.0126850884408 0.00695823645219 0.0370564088225
0.0118385562673 0.0048567042686 0.0350356325507
0.0143336988986 0.00558975851163 0.0138467177749
-0.009359378367659999 0.0183115173131 0.0944851636887
-0.0107531351969 0.0258433911949 0.0956679359078
0.00353113631718 -0.0121609428898 0.0149683430791
-0.00648623518646 -0.0115500790998 0.0104011381045
-0.00740854209289 -0.0109878964722 0.0126149822026
-0.008373979479070001 -0.0101243117824 0.0101524433121
-0.0107780452818 0.0235508643091 0.09564150869849999
-0.00644872104749 0.0371932685375 0.09047503024340001
0.00490433163941 0.0170297697186 0.097068451345
0.0109631940722 0.0153942350298 0.0711076930165
0.00988128781319 0.0137423761189 0.070173099637
-0.0103517435491 0.0323885679245 0.0928278565407
-0.00097461079713 0.0387038476765 0.0904636234045
0.00206830096431 0.0388831458986 0.08973202109340001
0.012817626819 0.0327853746712 0.0861848890781
0.0138009041548 0.0307579059154 0.08451765775679999
-0.00692356005311 0.0171795971692 0.09585434943439999
-0.00424775714055 0.0164220239967 0.0968454703689
0.0136943813413 0.014292052947 0.043621763587
0.0135436840355 0.0152866868302 0.0413736775517
0.0132770026103 0.0168449357152 0.0434326194227
0.00738103874028 0.0183796864003 0.09659603983160001
0.00415351381525 -0.00111418496817 0.0368078127503
0.00639042910188 -0.000573451630771 0.0350334011018
0.00633327942342 5.8590030676e-05 0.0379614904523
0.00254779681563 0.0214235838503 0.0212685577571
0.00405930122361 0.0219320412725 0.023733291775
0.00517075508833 0.0205327551812 0.0211364831775
-0.0121460538357 0.025029014796 0.0939760506153
-0.0054028891027 0.0242152009159 0.0344374626875
-0.00438186200336 0.0250301472843 0.0365315899253
-0.00332963978872 0.024873316288 0.0340020433068
-0.0119473142549 0.0217118002474 0.06409925222399999
-0.0123281264678 0.0191038716584 0.0641042888165
0.008719027973710001 -0.00997046288103 0.0134446518496
-0.00374924717471 0.0381457917392 0.09058489650489999
0.0129247307777 0.00640663225204 0.0293540582061
0.0117939654738 0.00397481862456 0.0310506522655
0.0122107397765 0.00437608221546 0.0282740518451
-0.00250785076059 0.0121030481532 0.0856239497662
-0.000269890908385 0.0380154252052 0.0741554647684
0.0023602177389 0.0379581637681 0.07445894181730001
0.00144461728632 0.0370142348111 0.0723812058568
0.009017914533620001 0.0206536129117 0.0288732610643
0.0100496541709 0.0203266069293 0.0315996035933
-0.0132305957377 0.024008391425 0.0914920866489
-0.0139374993742 0.00474040349945 0.008433370850980001
0.0133639676496 0.00917266122997 0.0374503694475
0.0135737992823 0.0102798882872 0.0354514159262
0.0119394259527 0.00603460380808 0.0410709418356
-0.0113989068195 0.026993047446 0.069203928113
-0.00990373641253 0.0287135895342 0.0678894668818
-0.0107337087393 0.0261499993503 0.0663837790489
0.00160871795379 -0.0090088211 0.00626777019352
-0.0081696761772 0.0360327623785 0.0758862122893
-0.009054885245859999 0.0340594761074 0.07374573498960001
0.008921218104659999 0.00411248067394 0.0497646965086
0.00872068479657 0.00321694021113 0.0469416566193
0.0102951228619 0.0050363377668 0.0479708984494
-0.0103266751394 -0.00364740309305 0.00651255762205
-0.0123693970963 -0.00212708977051 0.00753686949611
-0.0106078004465 -0.0008785156533120001 0.00594157213345
0.00413935398683 -0.00239057210274 0.00429822131991
0.0133421830833 0.00714126974344 0.00870242342353
-0.0128437140957 0.019191019237 0.08161790668960001
-0.0117527525872 0.0172482617199 0.0810168460011
-0.0120523348451 0.0180772636086 0.0836367309093
-0.00247128703631 0.0393826067448 0.08834256231779999
0.00799319520593 -0.00746026588604 0.00672522978857
0.00933192484081 0.026791356504 0.061963558197
-0.000148597580846 0.0395852923393 0.088321596384
-0.0136996665969 0.013125567697 0.0456678904593
-0.0133817121387 0.0108611881733 0.0465098395944
-0.013569785282 0.0131289782003 0.0481817536056
-0.0104368757457 0.0159358326346 0.08328620344400001
-0.008642314933240001 0.0147443618625 0.0854615941644
-0.0107694119215 0.0168751738966 0.08625842630860001
-0.0132326371968 0.0105624934658 0.0255333147943
-0.0133231310174 0.0116871679202 0.027723107487
0.0106726232916 0.0338752195239 0.09064709395169999
-0.0147460764274 0.00103674991988 0.0114252259955
-0.00865420792252 0.0361066423357 0.0900251194835
-0.0123898722231 0.0192930474877 0.043569393456
-0.00107044808101 0.013539805077 0.0927957072854
-0.00224739313126 0.0130895404145 0.0903657376766
-0.0130480183288 0.0269388128072 0.0921827629209
-0.0104210749269 0.0342018641531 0.0905716717243
-0.0084908651188 -0.0018581940094 0.0240891799331
-0.0100607080385 0.000457988819107 0.0257221981883
0.0118095390499 0.0313291437924 0.0917318686843
0.00145263050217 0.0225605722517 0.0238608345389
0.00289471284486 0.0231278818101 0.0262764133513
0.00228390842676 -0.0132483644411 0.0109250387177
0.00242480030283 -0.0126627422869 0.00858659669757
-0.00650026695803 0.00637546274811 0.0624666363001
-0.00775429932401 0.0374926589429 0.0880372449756
-0.00516357272863 0.0387145839632 0.0882140025496
-0.00581827247515 -0.0113650392741 0.0151085518301
-0.00377519312315 -0.0112145496532 0.0174079556018
-0.00650307163596 0.0387978479266 0.08534282445910001
0.00988333579153 0.0131497355178 0.0106081506237
0.00427116500214 0.0392664819956 0.08722531795500001
0.0128206489608 0.0243450812995 0.0927580669522
0.00716576725245 0.016482014209 0.0142213990912
-0.0102052502334 0.035650793463 0.0879709273577
0.008782074786720001 0.023630015552 0.041868686676
0.00636055367067 0.025346647948 0.0421305336058
0.007881728000940001 0.0248785801232 0.0444934293628
0.0128833362833 0.0103759989142 0.050042886287
0.0129903936759 0.0117304455489 0.0520806163549
0.0121592646465 0.009354293346409999 0.0522179789841
-0.00143914297223 0.00750412559137 0.0679768770933
-0.00313439499587 0.0087123522535 0.0696417614818
-0.00384975736961 0.007828345522279999 0.06750534474850001
-0.0103545598686 -0.00593730900437 0.0184311792254
-0.00797106977552 -0.00740273110569 0.0194847267121
0.0112352650613 0.0346245802939 0.08783510327339999
0.00771307712421 0.0286239702255 0.0629009753466
0.009308680891990001 0.0275996141136 0.0646330863237
-0.0134933553636 0.00526695186272 0.0182068925351
-0.0130823068321 0.00730417156592 0.0209127720445
-0.0132615864277 0.007920949719850001 0.0173742882907
-0.00801664404571 0.00133115064818 0.0392065159976
-0.00883518252522 0.00240445439704 0.0416675806046
-0.0101047232747 0.00328814913519 0.0395971573889
0.0134021723643 0.0268873795867 0.0912702158093
-0.00178937800229 -0.0104165030643 0.019357746467
0.0120594333857 0.0182429682463 0.0352872461081
0.0128650004044 0.0166714023799 0.0367618575692
0.012983747758 0.0158228334039 0.0345153026283
0.00895017944276 0.0177980344743 0.09441964328290001
0.0100782867521 0.0177635867149 0.0920959562063
-0.00538296671584 0.0152527466416 0.09441447258000001
-0.0010371558601 0.0401242338121 0.0861619263887
0.0105240875855 -0.00670681428164 0.00832190085202
0.00937358941883 -0.0044490811415 0.00622259592637
0.0121424272656 -0.00421784631908 0.00836532004178
0.008996066637340001 0.0262162312865 0.0556353256106
0.00115870835725 0.0283348858356 0.0483659692109
0.00356313306838 0.0278901159763 0.0483738481998
0.00237908959389 0.0276551861316 0.0461876317859
-0.00540824746713 0.0335103534162 0.0689150393009
-0.0120529588312 0.0332817062736 0.0884482786059
0.0115736201406 0.0167697630823 0.0697606056929
0.0120321149006 0.017580518499 0.0716550424695
0.00663107912987 0.0161872915924 0.094972319901
-0.00913215707988 0.0371349006891 0.0857423394918
-0.0125087080523 0.0192372091115 0.08600216358899999
-0.011705186218 0.0184300243855 0.0879857763648
-0.0047053322196 -0.0124348085374 0.0123026184738
-0.0030700773932 -0.0123282261193 0.0148709556088
-0.00446168286726 -0.00515932263806 0.0232940241694
-0.00169512606226 -0.00511205010116 0.0244637168944
-0.00371874938719 -0.00400325469673 0.0259142145514
0.0126103172079 0.0124740004539 0.0572260320187
0.012142018415 0.0125710386783 0.060558449477
0.011268842034 0.0101132709533 0.0593694336712
0.00190207222477 -0.00364772207104 0.00455471500754
-0.0138719584793 0.0304439663887 0.0838106200099
-0.0130762979388 0.0323083661497 0.0859262272716
-0.0129062347114 0.0327874533832 0.08317428827289999
0.0105734253302 0.000215716805542 0.0233011730015
0.0107253454626 0.00125615461729 0.0257628001273
-0.00713090645149 0.0339811891317 0.0711847990751
-0.00637061567977 0.0359719768167 0.07344950735569999
0.0117801204324 0.0167095512152 0.0759093984962
0.0113767916337 0.0159837957472 0.0734355226159
0.0125409839675 0.0184639245272 0.074037283659
0.0136553030461 0.0307358112186 0.0819431245327
0.0141121754423 0.0282577704638 0.08082035928960001
0.0133797731251 0.0302843842655 0.0793278440833
0.00167334871367 0.0240702424198 0.0287656318396
0.00421199575067 0.0298228636384 0.0595054514706
0.00344234914519 0.0308044031262 0.0622497983277
0.00593697000295 0.0294611901045 0.0612911581993
0.0117139946669 0.01992084831 0.0915847420692
0.0142192924395 0.0238588526845 0.0855980962515
0.0144666666165 0.0264316387475 0.0843873471022
0.00365295400843 0.0113000618294 0.00366313988343
0.0017413541209 0.008695369586349999 0.00338765000924
0.000623611384071 0.0114735187963 0.00357228750363
-0.0135360537097 0.0153615809977 0.0498336181045
-0.0133893918246 0.014578438364 0.0531980134547
-0.0132724046707 0.0178084652871 0.0514237545431
-0.00832941010594 0.0187843013555 0.0219050664455
-0.00837469939142 0.021166568622 0.028735332191
-0.00643910747021 0.022457851097 0.0286837667227
-0.00770521722734 0.0209676921368 0.0264402739704
-0.0114115634933 0.0232457909733 0.0563955381513
-0.0132483690977 0.0143146943301 0.0324554927647
-0.0135811343789 0.0113587891683 0.0323251150548
-0.0135768633336 0.0127695407718 0.0346424616873
-0.00489119300619 0.0137219810858 0.090037278831
-0.00278188847005 0.0300195347518 0.058386400342
-0.00354482932016 0.030360640958 0.0608118213713
-0.0010374689009 0.0307364985347 0.0602845661342
-0.0114382728934 0.0163790676743 0.0783470645547
-0.009816838428379999 0.0143163911998 0.07817625999449999
-0.0101709002629 0.0151666402817 0.08060182631020001
-0.00370146729983 0.0397542826831 0.08595453202720001
0.0125474520028 0.0322017893195 0.0889906287193
0.0104428697377 0.0153102278709 0.07971526682379999
0.0103621780872 0.0148246027529 0.0775068700314
0.0119955493137 0.0173534471542 0.07873817533249999
0.0015986552462 0.0399420112371 0.0866439193487
-0.008247039280829999 0.00522098038346 0.054802916944
-0.00651966687292 0.00356344808824 0.0533275380731
-0.00584078207612 0.00399707863107 0.0559782721102
0.00799971632659 0.0160445962101 0.09262149780990001
0.000423246092396 0.00435379892588 0.0617778040469
-0.000891252770089 0.00366131891496 0.0594351999462
0.00640405714512 0.0188655741513 0.0187695603818
0.00772620504722 0.0171393081546 0.0168607253581
-0.00725651951507 0.00029669716605 0.0366963334382
-0.0065011261031 -0.000717231421731 0.0341138988733
0.0117779038846 0.022674087435 0.0605088733137
0.0114915650338 0.0232734140009 0.063075967133
0.0109608247876 -0.00113293214235 0.0210182797164
0.011991799809 0.00143305968959 0.0211821775883
-0.0117548536509 0.0343711413443 0.08660617470739999
-0.00402296194807 -0.00282235722989 0.00439228350297
-0.0048665208742 -0.00551239494234 0.00524839060381
0.00611387379467 0.0390337221324 0.084848575294
0.00591610418633 0.0148939108476 0.09297466278079999
-0.00893979892135 0.00701814889908 0.058937959373
-0.0106564238667 0.00878739263862 0.0581111125648
-0.00963354855776 0.00702229142189 0.0563913732767
-0.0134215131402 0.0159025918692 0.0419798232615
-0.0136978728697 0.0139424595982 0.0409132651985
-0.0136932581663 0.0145211489871 0.0437193028629
0.0128754675388 0.0196412615478 0.0569379553199
0.0126071805134 0.0203795470297 0.0596124567091
-0.0133445616812 0.00246204598807 0.0184535458684
0.0117631815374 0.0309026241302 0.07459264993670001
0.0119302077219 0.0325255133212 0.07762991636990001
0.0130619853735 0.0293576624244 0.0766611471772
-0.0107787624002 0.0356611125171 0.0857963338494
0.0142744313926 0.0285909771919 0.0853757560253
0.000660149031319 0.0403903499246 0.0838242247701
-0.0126155614853 0.00484628975391 0.0234657041728
-0.0128216827288 0.00576867023483 0.0259484164417
-0.01303228084 0.00701203243807 0.0239351969212
0.0031344643794 -0.00403309008107 0.0262603573501
0.000778140500188 -0.00473082950339 0.0254044961184
0.00296838814393 -0.00536710442975 0.0238369386643
-0.00136476615444 0.0210270900279 0.0197113323957
-0.000720450654626 0.02025330998 0.0178340058774
-0.00269230618142 0.0200574994087 0.0179529841989
-0.00448287418112 0.0397467575967 0.0837242677808
0.0142828552052 0.0286062546074 0.0831539779902
0.0123327299953 0.00610558409244 0.00656738178805
0.0101399607956 0.00712913880125 0.0050831460394
0.0117613431066 0.008641106076540001 0.00678934669122
0.0138019155711 0.00511579215527 0.008266346529129999
-0.00345455878414 0.0374931655824 0.07406616210939999
-0.00117832899559 0.0367256999016 0.0718820914626
-0.0115862619132 0.0201396383345 0.0406620427966
0.00531879672781 0.0109623055905 0.077359713614
0.00391849735752 0.0109012285247 0.0792608857155
0.00305572315119 0.0100712766871 0.07692137360570001
0.0136838387698 0.0247211270034 0.0902874469757
0.0115864984691 -0.00288578844629 0.0190897416323
0.012864433229 -2.50054799835e-05 0.0186889041215
0.0027918945998 0.0111646465957 0.0814821273088
0.000949420849793 0.0102967191488 0.0791856646538
0.0035049347207 0.0399754047394 0.0843192338943
0.00538426078856 0.0393706709146 0.0819793269038
0.0129812434316 0.0223623942584 0.09101495146749999
-0.00378339132294 0.0139356330037 0.0925158709288
0.013182958588 0.0135584706441 0.0541234277189
0.0123955728486 0.010759614408 0.0544826500118
-0.0126682100818 0.0212723072618 0.09086082875730001
-0.00519659090787 0.02573030442 0.0416351109743
-0.00298193143681 0.0265314746648 0.0419719405472
-0.00301828514785 0.0259508080781 0.0392604880035
-0.011999309063 0.0244385395199 0.0687319785357
-0.012805968523 0.0229844339192 0.070964731276
-0.0124629028141 0.0255837570876 0.0710639059544
0.0085293315351 0.0262000765651 0.0526568964124
0.0103957857937 0.0244732759893 0.0538068711758
0.009162992239 -0.009725720621650001 0.0110032819211
0.009723027236759999 0.036795463413 0.08384972810749999
0.008125102147459999 0.0378971472383 0.08513852953910001
0.0137851648033 0.0232496522367 0.08842226117849999
-0.00330194295384 -0.00336704682559 0.0284257587045
-0.00545869302005 -0.00282144662924 0.0274841822684
-0.00832221563905 0.0152029832825 0.0129240229726
-0.00890211947262 0.0140185756609 0.010652651079
0.0133085306734 0.009595403447749999 0.0255772061646
0.0133149931207 0.008294668979940001 0.0274395160377
0.0131181236356 0.00745536061004 0.0248819123954
-0.010537118651 -0.000278469757177 0.0227345302701
0.0111608635634 0.0182403158396 0.08973457664249999
-0.00524183362722 0.0222769416869 0.0260595809668
-0.00393180595711 0.0217777285725 0.0231630783528
0.00253908685409 0.0401575341821 0.08138375729319999
-0.0125344805419 0.0200601089746 0.0497792847455
-0.0131490705535 0.0178735945374 0.0486005134881
-0.00685791438445 0.0268244631588 0.0497954264283
-0.00418106326833 0.0279166530818 0.0490616559982
-0.00564096774906 0.0267906300724 0.0468964725733
-0.00217794207856 0.0402819290757 0.0836614221334
0.0077909915708 0.0382011644542 0.0827772766352
0.0114067643881 0.0350159779191 0.08504647016529999
-0.0131516493857 0.009156879037620001 0.0234812125564
0.0104925110936 0.0103986551985 0.0625881925225
-0.00628743832931 0.0147684002295 0.0918694660068
-0.0119328442961 0.0344251729548 0.0846107155085
0.0143416384235 0.00529610645026 0.0105729745701
-0.0116180740297 0.0189716983587 0.0901681929827
-0.009913840331139999 0.0137254800647 0.0128871127963
-0.013998256065 0.0294639654458 0.08620782941580001
-0.00256523815915 0.009222728200260001 0.0722365379333
-5.62565801374e-05 0.009138958528640001 0.0734085217118
-0.00228387839161 0.00954702217132 0.074881747365
-0.0125451246276 0.0204382166266 0.0525076426566
-0.0125751402229 0.0207390896976 0.0554746165872
-0.0132835013792 -0.00339495507069 0.00965637434274
-0.013140944764 -0.00471368571743 0.0120285237208
-0.0142018571496 -0.00200945418328 0.0117747951299
-0.0136560536921 0.0228914692998 0.0887695550919
0.00425640167668 0.0138524407521 0.0915661677718
0.00675005977973 0.0147012528032 0.09064179658889999
-0.0128206089139 0.0062026171945 0.00706392433494
-0.000911532493774 -0.00229239882901 0.00415947381407
0.00186349218711 -0.00107995106373 0.00386870722286
0.0121541852131 0.0187642369419 0.06963066011669999
-0.00106338458136 0.0241323411465 0.0288044176996
0.0130847916007 0.00853681005538 0.0184076260775
0.0129812564701 0.0088653722778 0.0206057894975
0.0109957642853 0.00538465101272 0.0454922653735
0.01165394485 0.00689253630117 0.0478053018451
0.00608166027814 0.00663144653663 0.06366518139839999
0.00837560370564 0.00816031824797 0.0632681250572
0.0111720087007 0.00830223131925 0.054430142045
0.0112901218235 0.0350895375013 0.0823221355677
-0.0116753429174 0.00219355081208 0.0232495050877
-0.0108293956146 0.00452424446121 0.0421782881021
-0.00626535527408 0.027992144227 0.0544504113495
-0.00780497910455 0.0267555695027 0.0526377744973
-0.00833788421005 0.0266930758953 0.0550480149686
0.00281584216282 0.0123233944178 0.08624991774559999
0.0114188194275 0.00948230363429 0.0567372962832
0.000566366012208 0.0313197411597 0.0622172504663
0.00177774205804 0.0318788550794 0.0640152841806
0.00673290714622 0.0325154028833 0.068671092391
0.00819730758667 0.0306853335351 0.0678330808878
-0.00528243090957 0.0280505139381 0.0517775900662
0.00371189322323 0.0006847576587460001 0.0473491661251
0.000936567259487 0.000236097126617 0.0475908257067
0.00258718314581 -2.41412126343e-05 0.0451892539859
-0.000206213764613 0.0278588905931 0.0460895784199
-0.00615286454558 0.039095453918 0.08225655555730001
0.00912186317146 0.0162188224494 0.0901359915733
-0.00746378256008 0.0276931598783 0.0573266297579
0.0127659626305 0.033029191196 0.0834400802851
0.0127381188795 0.0206019226462 0.0891417115927
0.009948349557820001 0.0189791750163 0.0266054775566
0.00362460152246 0.0269942879677 0.044581014663
0.00471641216427 0.0270945727825 0.0464720241725
0.0115921581164 0.013143398799 0.06335439532999999
-0.00447508692741 0.0121850324795 0.0838023945689
-0.00434728059918 0.0115726077929 0.0812675952911
0.00278894044459 0.0257225129753 0.038000613451
-0.008256739936769999 0.0119029898196 0.00580021645874
-0.00971706584096 0.0124634997919 0.00835800077766
-0.00715223886073 0.014301721938 0.00803109630942
-0.012780235149 0.0203422419727 0.0883178710938
-0.0119395116344 0.00586984306574 0.0396755710244
-0.0121395494789 0.00572038907558 0.0365207120776
0.008901622146370001 0.009796654805539999 0.065044939518
0.00753952888772 -0.00162548257504 0.0275665894151
0.00540911778808 -0.00300108012743 0.0269857570529
-0.00165339419618 0.0272245202214 0.0438290908933
-0.00294264405966 0.0275873169303 0.0463909618556
-0.0119542051107 0.0183091219515 0.0351029187441
-0.0105261616409 0.0205542240292 0.0354247689247
-0.0109447138384 0.0194541066885 0.0327808558941
0.00421264022589 0.00971603859216 0.07227676361800001
-0.0103236241266 0.0170773025602 0.08920918405059999
-0.0040247333236 0.035543050617 0.07101348042489999
-0.00566024892032 -0.00175955577288 0.0315859802067
0.0120711652562 0.0189162772149 0.0873106494546
0.00274426001124 0.00385202770121 0.0591953620315
0.00950499810278 0.0367435477674 0.08123147487640001
0.00486280396581 -0.008367795497179999 0.0204273127019
0.00653002411127 -0.00933646969497 0.0184177216142
-0.00537826213986 0.0292566847056 0.0591405592859
-0.00756498612463 0.0281023923308 0.0602690279484
0.00760027067736 0.0192102435976 0.0214208327234
0.00562450662255 0.0139314476401 0.00577607983723
0.00358375534415 0.0291340537369 0.0548814609647
0.00645380653441 0.0278941895813 0.0544340126216
0.00515361269936 0.0289663337171 0.0571178607643
0.008968979120249999 -0.00897395610809 0.00872592814267
0.008013171143829999 0.0123077472672 0.07617751508950001
0.00429690303281 0.012035349384 0.0833723396063
-0.00616580061615 -0.00326298899017 0.0250087603927
0.00866488087922 0.0135246105492 0.0794221609831
0.013879978098 0.0274648014456 0.07845302671190001
-0.0106443222612 0.0103543112054 0.0620629303157
-0.00983444228768 0.00855640694499 0.0605380237103
-0.00856397300959 0.00836625415832 0.0632305815816
0.00740083260462 0.00649735331535 0.0611542090774
0.009543030522759999 0.008228995837269999 0.0606064274907
0.0035256408155 0.0199344791472 0.0181966051459
0.000851674005389 0.0208227876574 0.0191738177091
-0.0142439091578 0.0244024787098 0.0865110084414
-0.0133393956348 0.0128818480298 0.0300794094801
-0.0126129053533 0.0157167706639 0.0301390551031
0.0050406861119 0.0134697174653 0.0885877013206
-0.00352330785245 0.0128512857482 0.08794806152579999
-0.0063861226663 -0.00623603258282 0.0213726572692
-0.00669273501262 0.0239525455981 0.0363242328167
-0.0072483359836 0.0231240838766 0.0337021239102
-0.0078036878258 0.037916816771 0.0803642272949
-0.0136362053454 0.0232501272112 0.0756808891892
-0.0132363466546 0.020392421633 0.0758673846722
-0.0137915695086 0.022162726149 0.0783042237163
-0.000641059479676 0.0402569361031 0.0807989761233
0.00171506684273 0.0397193394601 0.0786847770214
0.0119376480579 0.00811142567545 0.0500129051507
0.0127652809024 0.00919683277607 0.0478651300073
0.0107502117753 -0.00823586434126 0.0123555799946
0.0122035853565 -0.00610719295219 0.0107701616362
0.00698670139536 0.0260375067592 0.0467602424324
0.00829400122166 0.0257989708334 0.0495840273798
0.009189533069729999 0.0244233459234 0.0470409058034
-0.0136251952499 0.0217101573944 0.0861527919769
0.0131233315915 0.0226428005844 0.0726033523679
0.0131373042241 0.0253468602896 0.0732760727406
0.0136341182515 0.0237263031304 0.0752568244934
0.0109120570123 0.0349052585661 0.0797170102596
0.0125231156126 0.0329066850245 0.0806982517242
0.0133833326399 0.0212589129806 0.0865786299109
0.00796545762569 0.014784630388 0.08760505169629999
0.00739399623126 0.0380061864853 0.07974789291620001
-0.0134117985144 0.0312606655061 0.081371307373
-0.0124433077872 0.0331873483956 0.081114128232
-0.0116383712739 0.0346841216087 0.08227938413620001
-0.008731858804819999 0.016569852829 0.0175261814147
-0.00643377518281 0.0179824978113 0.0166161414236
0.00809594802558 0.00187722453848 0.0420325770974
0.008422033861279999 0.0016533540329 0.0391456224024
0.00447615608573 0.0391725338995 0.0791796222329
0.0133018475026 0.0162182170898 0.05624242872
0.00977835338563 0.0157956685871 0.0858438163996
0.0103305215016 0.0167777296156 0.087739251554
-0.00978813506663 0.0104785775766 0.06434961408379999
-0.008056687191130001 0.00963200069964 0.0660971328616
0.00171818316448 -0.0129360416904 0.013398014009
-0.00277878902853 0.0395490638912 0.0787945762277
-0.000524405390024 0.0396478064358 0.07813461124899999
0.0127233127132 0.01945698075 0.0849612280726
0.0113353980705 0.0174297448248 0.0855083763599
-0.0139108262956 0.00614019343629 0.0159923098981
0.0086395451799 0.0232168920338 0.0393048599362
0.00693546887487 0.0244992282242 0.0396647788584
-0.0053520235233 0.0389687605202 0.07952360808849999
-0.00364449503832 0.0399012006819 0.0814294964075
-0.0122739607468 0.0176223218441 0.07590580731630001
-0.0115734152496 0.0162412263453 0.0734461173415
-0.0108645893633 0.015187333338 0.0758866146207
0.00614566775039 -0.00140645331703 0.0322854369879
-0.008203164674339999 0.0112305879593 0.06850939244029999
-0.00583397038281 0.009327397681769999 0.06839367002250001
-0.0068583060056 0.0107435807586 0.07036074995990001
0.0106127681211 0.0142454477027 0.0172637719661
0.011711332947 0.0130569012836 0.019227065146
0.0131406346336 -0.00237251492217 0.0168833155185
-0.0130481123924 0.0156852733344 0.0349387377501
-0.00442407466471 0.0384929329157 0.0769052356482
-0.00295158429071 0.00120155827608 0.0503429248929
-0.00465866178274 0.0021786140278 0.0518177710474
-0.00506733125076 0.0016024337383 0.0492914281785
0.0137059697881 0.0215705949813 0.0840082913637
0.000582914333791 0.0157203320414 0.00675658509135
0.00340900104493 0.0156769230962 0.00756250228733
0.0022804653272 0.014137881808 0.00486418232322
0.00265860627405 0.00472404435277 0.0621136315167
0.000340120925102 0.009568132460119999 0.0761094912887
0.00169321009889 -0.00145083793905 0.0378502197564
-0.000914039788768 -0.00145586265717 0.0381723940372
0.0103998929262 0.0145327774808 0.0751569122076
-0.006298112683 0.00192729092669 0.0041122995317
-0.008548119105399999 0.00049096060684 0.00485909217969
-0.008665102534 0.00336379790679 0.00464830314741
-0.0123211294413 0.0170490518212 0.0325879789889
0.0144115341827 0.0266092922539 0.08214857429270001
0.00555747095495 -0.00596244167536 0.0220383219421
0.00752647174522 -0.00723358662799 0.019939808175
-0.011199939996 0.0102209635079 0.0597468018532
0.00105664634611 -0.00384409399703 0.0280105359852
0.00136444019154 -0.00316936499439 0.0308096650988
-0.00108622841071 -0.00344185647555 0.0297024808824
0.0130362436175 0.0148654654622 0.0317707769573
0.0130503531545 0.0197867155075 0.0829819142818
-0.0141832437366 0.0287495683879 0.08186497539279999
-0.0136252278462 0.0112375607714 0.039505187422
-0.0136316269636 0.01156206429 0.0431245602667
0.00134921725839 0.00142020150088 0.0520130507648
0.000598473707214 0.00210920884274 0.0543868541718
-0.0017642743187 0.00167461193632 0.0526247881353
-0.0122023439035 0.00524734240025 0.0333516746759
-0.00677284644917 0.0206155534834 0.0237259995192
-0.009052975103260001 0.0191965196282 0.0246211104095
-0.0135870752856 0.0297239422798 0.0794049352407
0.0120798135176 0.0152314854786 0.0637354776263
-0.00240449048579 0.000434678950114 0.0477773956954
0.00486730784178 0.00522884493694 0.0615209788084
0.009549142792820001 0.0287023875862 0.0671823695302
0.00787119939923 0.0295783672482 0.0654204115272
-0.00345371104777 0.000509041710757 0.00372804328799
-0.00431619444862 0.00338232680224 0.00367803801782
-0.00179777177982 0.0034623616375 0.00344129139557
-0.00177058682311 0.0389050357044 0.07632181048389999
0.0120328553021 0.017984231934 0.08328455686569999
-0.0105312773958 0.00713470950723 0.0534560270607
-0.00468653114513 0.0127413412556 0.08594049513340001
-0.0124825686216 0.032336037606 0.07917325198650001
0.00397007213905 0.0264278054237 0.0424953848124
0.00459421984851 0.0256668347865 0.0400305502117
0.00085391709581 0.0389715693891 0.0763345882297
0.00602770084515 0.0378684028983 0.07703309506180001
0.00828576926142 0.0365628823638 0.0772881582379
0.0105128958821 0.0254894141108 0.06386610120529999
-0.0027885127347 0.0168448742479 0.0104129845276
-0.00305170752108 0.0160318426788 0.00827060826123
-0.0132015002891 0.0216456670314 0.07332214713100001
-0.0126312673092 0.0202318392694 0.0709622874856
0.000828852585983 -0.0116716362536 0.00734188780189
-0.00690046697855 0.0376621000469 0.0777313411236
-0.0108015323058 0.00565964216366 0.0480171591043
-0.0122338561341 0.008093801327049999 0.04796461761
-0.0113538932055 0.0058128288947 0.045229267329
-0.0058976826258 0.0248398911208 0.0389319248497
-0.008208840154109999 0.0233812369406 0.0385827310383
-0.00764861097559 0.0243386831135 0.041331987828
0.0104805976152 0.0160715468228 0.0837213695049
-0.0133122168481 0.0204187799245 0.08368042111399999
-0.009287531487639999 0.023508856073 0.0436032414436
-0.009753942489620001 0.0225179623812 0.0409345440567
-0.00120271008927 0.00517639284953 0.0639101043344
-0.00353590492159 0.0207736566663 0.0202671494335
0.00343409436755 0.0386733859777 0.0766579955816
0.000122809040477 -0.0133355623111 0.009550627321
-0.00025451372494 -0.0133559415117 0.011987705715
-0.00731141120195 -0.00404016207904 0.0226685516536
0.0126429181546 0.00497532496229 0.024153303355
0.0117654176429 0.00253830268048 0.0236318297684
0.00644072564319 0.0273824632168 0.0512785203755
-0.00276626646519 0.00645520398393 0.06584960967300001
0.0100834658369 0.0349067002535 0.0774199068546
0.00934370141476 0.0363397523761 0.0790631845593
0.0135725066066 0.0264843348414 0.07593832165
-0.00429606577381 0.0266745239496 0.044141933322
-0.00187841500156 0.0296810269356 0.0558344498277
0.000864351342898 0.0296886246651 0.0553411543369
-0.00090193428332 0.0293691754341 0.053251106292
-0.00202577887103 0.0100262910128 0.0776003301144
0.00718706985936 0.0363136939704 0.0750567540526
-0.000640618149191 -0.0128063922748 0.0142740532756
0.0133914723992 0.008631204254930001 0.0141496350989
0.0125719457865 0.011634462513 0.0215626135468
0.0130771109834 0.009318812750280001 0.0232253856957
0.0135841304436 0.00719858566299 0.01658719033
0.0126681383699 0.0188273154199 0.0811592936516
-0.00395540567115 -0.00195330497809 0.0336869210005
-0.00332789379172 -0.00277350679971 0.0310032907873
-0.00592852570117 0.0372772216797 0.0755379796028
-0.0128593398258 0.00862510316074 0.0444571264088
-0.0142133813351 0.0269606597722 0.0799264460802
-0.00302678439766 -0.00770156178623 0.00585416192189
-0.0128536727279 0.0101738199592 0.0213632695377
-0.0126570090652 0.0101770320907 0.0188583247364
0.00898157898337 0.0351934060454 0.0756724476814
0.00597947090864 0.0131489755586 0.08546223491429999
-0.00757243530825 0.00547455390915 0.0574573688209
-0.0101565942168 0.00142612168565 0.0304529331625
-0.00416426127777 -0.009835956618190001 0.0192966423929
0.00481526786461 0.0373763442039 0.0746956840158
-0.0108418874443 0.00196645711549 0.00560087757185
-0.00324263190851 0.00411371001974 0.0595997348428
0.00376527896151 0.00569187616929 0.0638603121042
0.0103484243155 0.0334305427969 0.075171880424
0.0112774465233 0.0166395045817 0.0813704878092
-0.0140156010166 0.0250672083348 0.0778923928738
0.00467540696263 0.00844882428646 0.00365104596131
-0.0132463946939 0.00815666560084 0.0257838200778
-0.009680395945909999 0.0317054726183 0.0713927447796
-0.0107294740155 0.0292347092181 0.0701833218336
0.009546515531839999 0.006236103829 0.054364964366
0.0131249437109 0.00796667020768 0.0350624248385
0.0129761751741 0.00696522416547 0.0323106572032
0.0135454442352 0.009849539026620001 0.0330666564405
-0.0116234663874 0.0215676426888 0.0479165129364
0.00932713225484 0.0159846451133 0.0177064463496
-0.009459063410760001 0.0033326910343 0.0441808141768
-0.00947414711118 0.00387835199945 0.0468029640615
-0.00019035974401 0.0344551503658 0.0683334618807
0.0007264068699440001 0.035794030875 0.0703230574727
0.0132964635268 0.0202511195093 0.07914031296970001
0.00615502148867 0.00157932948787 0.0471575707197
0.00476335827261 0.00141489366069 0.0491121672094
-0.0069690127857 0.0057967081666 0.0599678941071
-0.00424610311165 -0.00707214605063 0.0216692127287
-0.0127878068015 0.00387144391425 0.0208078157157
0.0118785081431 0.0120333395898 0.0168336760253
0.0131577877328 0.00924125406891 0.0433594994247
0.0122075416148 0.00690158130601 0.0433503501117
0.0128243714571 0.00804858189076 0.0415266528726
-0.00384380924515 0.0235665328801 0.028771776706
-0.00210930616595 -0.00678669614717 0.0224141441286
0.000469524733489 -0.00627837283537 0.0231656543911
-0.009340790100400001 0.0263007041067 0.0593961216509
0.00740729831159 -0.00384866120294 0.0227042064071
-0.0137709677219 0.00755511270836 0.0120011465624
-0.0126399677247 0.0101104937494 0.013014998287
0.0136864818633 0.0219938214868 0.07718882709740001
-0.002957619261 -0.008618266321720001 0.0208406858146
-0.0127389840782 0.000627291330602 0.00700131291524
-0.0112852044404 0.0316176153719 0.0743309184909
0.00562419509515 0.00582159031183 0.00382921332493
-0.0064574982971 -0.0105799892917 0.00826982129365
-0.008471510373059999 -0.00847239419818 0.00771331693977
0.0127633716911 0.0200189352036 0.0720498263836
0.013277426362 0.0210613124073 0.0746205449104
0.0136839598417 0.0135324271396 0.0394689664245
0.0132070360705 0.0160780046135 0.0389639623463
-0.0126543948427 0.0188788846135 0.07336865365509999
0.0109926573932 0.0278042070568 0.0691424384713
0.0106206201017 0.0264811553061 0.0665051564574
-0.009740272536869999 0.0255571529269 0.0568953715265
-0.0128553509712 0.00633936515078 0.0305023919791
-0.0132942060009 0.008400329388679999 0.0325799807906
-0.008372276090089999 0.0134624857455 0.0802064314485
-0.00652037607506 0.012077504769 0.0795365795493
-0.0128692537546 0.0191233456135 0.0788351222873
-0.00711095519364 0.0253601819277 0.0444243103266
-0.00200492492877 0.0216679070145 0.0217108242214
0.0125090405345 0.00796553492546 0.0456003211439
-0.0103590972722 -0.0061527681537 0.0077086975798
0.008459427393969999 0.0344796441495 0.0735485255718
-0.0126213990152 0.0151153476909 0.0612449087203
-0.0126989642158 0.0181508157402 0.0616171434522
0.00367342005484 0.0250463951379 0.0355439335108
0.00205609202385 0.0250299442559 0.0334696471691
-0.012874157168 0.0113178174943 0.0521191582084
-0.0133871193975 0.0130395973101 0.0506079681218
-0.0130453435704 0.0108342543244 0.0494759529829
0.0058309584856 0.0356946662068 0.07249582558870001
0.0119724487886 0.00349021120928 0.0260945409536
0.0128130540252 0.0058206319809 0.0266900528222
0.0028982469812 0.00873839110136 0.0700035914779
-0.00705702975392 0.00301902741194 0.0507284030318
-0.008851164951919999 0.00480409804732 0.0520786717534
-0.009209120646120001 0.00427515152842 0.0494149625301
0.00359023804776 0.0368867181242 0.0729455426335
0.0143567407504 0.00305336271413 0.009203760884700001
0.0129077192396 0.00354869361036 0.00681961094961
-0.0135122984648 0.0260817091912 0.07539593428370001
0.00794194452465 -0.00072871427983 0.0301906056702
0.00948704406619 0.000182695832336 0.0279810205102
0.0091694528237 0.0153485853225 0.01551067736
0.0135236978531 0.0120399491861 0.0309988558292
0.00344052561559 -0.00322658102959 0.0289056822658
-0.00254537467845 0.0211197473109 0.09971437603240001
0.00826470088214 0.00536996778101 0.00442917272449
0.00615972466767 0.0288252495229 0.0591243244708
-0.0132789323106 0.0169568192214 0.0439448319376
-0.0135748386383 0.0156412497163 0.0466212704778
0.0129267722368 0.0193145535886 0.07659115642310001
0.00323752500117 0.0358325652778 0.0710404962301
0.009899083524940001 0.0320440940559 0.0722157433629
0.0075679901056 0.0335708521307 0.07103402912619999
0.008541896939279999 0.0318036936224 0.069869235158
0.0117048146203 0.0139771383256 0.0212741717696
-0.0131237953901 0.0080555062741 0.0351660251617
-0.0119375539944 0.0175056327134 0.0710068419576
-0.0113312341273 0.0161569099873 0.0686718076468
-0.0107137812302 0.0148914111778 0.0711021125317
0.0121752358973 0.0186202470213 0.0382172912359
0.0128224054351 0.0177633017302 0.040979962796
0.00596860982478 0.0152217634022 0.00878229364753
-0.00044217298273 0.000774622079916 0.0500454716384
-0.00206245970912 0.0154112884775 0.00645943777636
-0.00101910531521 0.0164950285107 0.00871150381863
-0.00822524912655 0.0128716100007 0.07814761251210001
-0.0127380574122 0.0270199868828 0.0730723962188
-0.0116856247187 0.02944056876 0.0724851936102
-0.00661501800641 0.0109336003661 0.07252708077430001
-0.00458597904071 0.0100159905851 0.07360324263570001
-0.00622261082754 0.0108837652951 0.07463084161279999
-0.0013139937073 -0.00409405073151 0.0269625950605
-0.00576808350161 0.00743187079206 0.0654334127903
0.00748457899317 0.00447845226154 0.0542912222445
0.00488910498098 0.0117096975446 0.08111502975230001
-0.0132153565064 0.0180886536837 0.054347589612
0.00280152261257 0.00604074588045 0.0034692757763
-0.00814535748214 0.0254398006946 0.0476637296379
0.00635908311233 0.0118933981284 0.0792674869299
0.0111475056037 0.0156630799174 0.0225564856082
0.0112893832847 0.0228699371219 0.0518665611744
0.0120538724586 0.0219322685152 0.0547791793942
0.0125435627997 0.020491188392 0.0520904697478
-0.0134623553604 0.00958843994886 0.0298632569611
-0.00904927030206 0.0269646216184 0.0614544712007
-0.013215539977 0.0244036763906 0.0732576400042
0.0108175240457 0.0242474116385 0.0566639862955
-0.0106578627601 0.0177423581481 0.0256190411747
0.011788494885 0.015478358604 0.0246919617057
-0.00149022589903 0.0354614108801 0.06994345784189999
-0.0120874950662 -0.00585165712982 0.009755169041450001
-0.00283447164111 0.0342162847519 0.068495452404
0.00987452827394 0.0300895292312 0.06967508792880001
0.0016409115633 0.0305617209524 0.0599211640656
0.0128841158003 0.0191010348499 0.0499922297895
-0.0101523324847 0.0215238071978 0.0381720736623
-0.00875422731042 0.0224585067481 0.035866394639
-0.0118431234732 -0.00432163896039 0.008102130144829999
0.00515821389854 0.0013865501387 0.00391812250018
0.00395183311775 -0.00033360553789 0.00389024242759
0.00258644646965 0.00133484613616 0.00357846543193
-0.00450829649344 0.015044298023 0.0068415873684
0.0125878630206 0.0240571089089 0.0705226883292
-0.00544237531722 -0.00831357203424 0.0202655307949
-0.0140452934429 -0.000636061828118 0.0092559568584
-0.0142822563648 0.00233250111341 0.00888171978295
-0.0118935136124 0.0276662092656 0.07119935005899999
-0.009983718395230001 0.0138941090554 0.07363206148150001
-0.008687233552339999 0.0124200219288 0.0712741836905
-0.00156473251991 0.0331367142498 0.0664111375809
-0.00825046095997 0.00711983302608 0.0610651560128
0.00147795118392 0.0330571569502 0.0663124397397
0.00546707538888 0.0222268328071 0.0262053981423
-0.00449547171593 0.0103402761742 0.07605243474249999
-0.00443732179701 0.0108772376552 0.0786401554942
-0.00573874637485 0.000803139933851 0.0440691895783
-0.0011176239932 -0.009731261059639999 0.00651302840561
-0.00492827454582 -0.00257029221393 0.0295649245381
0.0120696350932 0.0226829834282 0.0677373558283
0.0114092389122 0.0241139326245 0.06576044112439999
0.0117184789851 0.0253270193934 0.0684700384736
-0.0133846877143 0.009431319311259999 0.0274512059987
-0.00186718581244 -0.0121036507189 0.00784225948155
0.008760027587409999 0.0192293580621 0.0240167789161
-0.00533515959978 0.00109550519846 0.0466633923352
-0.00072094402276 0.0139749320224 0.00458681210876
0.00140738254413 0.00524482876062 0.064025118947
0.0127380220219 0.018626820296 0.0612819455564
0.0125625533983 0.0168779399246 0.0626743063331
0.0130994943902 0.0188747048378 0.0542003512383
0.002455877373 0.00949196517467 0.0743434727192
0.0050697773695 0.0103803267702 0.0750074833632
0.0134224705398 0.0116283977404 0.0480073541403
0.0133700678125 0.0124197155237 0.0500383190811
0.0111089590937 0.00234612077475 0.0282797459513
0.00783537421376 0.0208513922989 0.0262984540313
0.00653380528092 0.0207857489586 0.0237569175661
-0.00924904458225 0.021476784721 0.033155888319
-0.0120234536007 0.0123033160344 0.0604992210865
-0.0129256695509 0.0142000140622 0.0584757104516
-0.00583175756037 -0.008205640129750001 0.00629792409018
-0.0128582417965 0.0178348664194 0.0415564738214
-0.00145889248233 0.0193743277341 0.0158726088703
0.000938590499572 0.0197363365442 0.016608633101
0.00458737555891 0.0279910359532 0.050200521946
-0.0101750213653 0.0236423220485 0.0480948090553
0.0056214723736 0.0262118168175 0.044450070709
0.0134324915707 -0.00424168212339 0.0126880127937
0.0142755582929 -0.00196115951985 0.011635302566
0.0125238457695 0.0213435702026 0.0698916390538
-0.0130860563368 0.008364968001840001 0.038050532341
-0.0130615690723 0.00874094013125 0.041204713285
0.0026074256748 0.0298397392035 0.0574217960238
-0.00123499520123 0.00886304676533 0.00336310779676
-0.00221306178719 0.0115477647632 0.0036393397022
0.0129689089954 0.00680019846186 0.0222756639123
-0.0063868528232 0.00068107561674 0.0413898043334
9.960252646120001e-05 0.0289156921208 0.050741314888
0.00523296324536 -0.00407227547839 0.0244283657521
-0.00460910471156 0.0290455520153 0.0564500056207
-0.00361637398601 0.0289652403444 0.0537845268846
0.00187435129192 0.00911406520754 0.07211745530370001
-0.0122764194384 0.0216753240675 0.06865016371010001
-0.00580344907939 0.0296589341015 0.0617562420666
-0.00492599979043 0.00984659325331 0.0711290389299
0.0103823235258 0.00285633350722 0.0354558564723
-0.00740710832179 0.00251194695011 0.0481272339821
-0.00762501126155 0.0021204277873 0.0455722548068
-0.0113539164886 0.0123807229102 0.0142705217004
0.00661966716871 0.00343292066827 0.00411285972223
0.00394753040746 0.00359363853931 0.0036330812145
-0.0110163614154 0.00482991104946 0.00544793531299
-0.0109307803214 0.00772744929418 0.00558342272416
-0.009852423332630001 0.0251183882356 0.0541915558279
-0.000147108192323 0.00856620259583 0.0705009773374
-0.0117330830544 0.0231287684292 0.0663364678621
0.0121216531843 0.0196517128497 0.0669354647398
-0.0100388042629 0.0135069079697 0.0686914920807
-0.00527061289176 0.0237438548356 0.0316676683724
0.00248395744711 -0.00185503193643 0.0356652736664
-0.00400824891403 0.009368437342349999 0.00359766418114
0.0105461776257 -0.00806410983205 0.0101622873917
-0.00767753971741 0.00177981413435 0.0433916971087
-0.00398340448737 0.00277732033283 0.0543631240726
0.0123292375356 0.0193408820778 0.0431030355394
0.011921716854 0.0177979897708 0.0322445034981
-0.00971453636885 0.0266401730478 0.0635256692767
-0.00411952938884 0.0307833198458 0.06288626044990001
-0.0113605260849 0.009101895615459999 0.0555992797017
-0.00264598382637 0.0180237032473 0.0133172087371
0.000285088754026 0.0185897499323 0.0139859607443
0.0106468377635 0.00448649236932 0.00530867790803
0.00679008336738 0.00247940141708 0.049478393048
0.0108607932925 0.0198557097465 0.033918954432
-0.00381531333551 -0.0103130228817 0.00689258472994
-0.0121097648516 0.0203621108085 0.0663668364286
-0.0120831681415 0.0189022608101 0.0686564743519
-0.013250309974 0.016230924055 0.0397736020386
0.00875507947057 0.00125596532598 0.0359271727502
0.0120479101315 0.0170306973159 0.0651108920574
-0.0111571075395 0.0146894231439 0.0662654042244
0.0125149516389 0.0148451318964 0.0616523958743
-0.00396413821727 0.0188510660082 0.0159852579236
-0.0119177345186 0.0175641942769 0.06633459776639999
-0.0110943112522 0.0242861174047 0.063895508647
0.00136506312992 0.0271822400391 0.043505679816
0.0119736585766 0.0216181036085 0.0649032369256
-0.009844053536650001 0.011942463927 0.0663025081158
-0.000715903704986 0.0266977846622 0.0412227921188
-0.0135606834665 0.008016807958479999 0.0146599402651
0.0108362659812 0.0203387662768 0.0363193713129
0.00954886525869 0.0220330376178 0.0376657359302
0.00657403143123 0.0158204454929 0.0114969778806
0.00409656157717 0.0165145527571 0.0104183992371
0.0123780891299 0.0200087111443 0.0476235374808
0.00406454969198 0.00791179016232 0.0675399005413
0.00576113257557 -0.00220886152238 0.0296181961894
0.00675269123167 0.0222490150481 0.0286609791219
0.00431019486859 0.0234064478427 0.0286611132324
0.00134208821692 0.00747748464346 0.0680480673909
0.0123626654968 0.0191222112626 0.0638187378645
0.0101463869214 0.0118382461369 0.0654572919011
-0.0118342526257 0.00322181358933 0.0258880294859
-0.00527237262577 0.00451578665525 0.0585624165833
-0.00301617290825 0.00335291330703 0.0571769736707
0.0135317472741 0.0105142490938 0.0404601544142
-0.0113904606551 0.0129033494741 0.0636151134968
-2.0464985937e-05 0.00620245933533 0.0660667642951
-0.0122067080811 0.0162385292351 0.0639088228345
0.00622550724074 0.000533974322025 0.0408251136541
-0.0124822035432 0.0182010643184 0.0394068881869
-0.0104747666046 0.0103794895113 0.00654976302758
-0.008645558729770001 0.00913253519684 0.00471970345825
-9.57243755693e-05 0.0302178543061 0.0578569583595
0.00880745146424 -0.00130234344397 0.00520151481032
0.0115444706753 -0.0016863954952 0.00674609746784
0.012263128534 0.0209762211889 0.0621847435832
0.00149143766612 0.0167138241231 0.009459181688730001
-0.0129577107728 0.00348552991636 0.00683545693755
0.00611522514373 -0.000823783688247 0.00431780749932
0.0119966343045 0.0222495850176 0.057916905731
-0.0121484082192 0.0123981218785 0.0203379672021
-0.000391936395317 0.0174671933055 0.0113191567361
0.00314992293715 0.0243412852287 0.0310702957213
0.00470704725012 0.00690542068332 0.0654951408505
0.00259127770551 0.00642397115007 0.0659318864346
0.00513640558347 -0.0109698576853 0.0167014058679
-0.00166377378628 0.00246549258009 0.0551132075489
9.09727314138e-05 0.00287546520121 0.0569081045687
-0.00224698637612 -0.000871000986081 0.0404308401048
-0.00433928426355 -0.000363026396371 0.0402646660805
0.0106015326455 0.0173243284225 0.0244386903942
-0.0127708949149 0.0170731898397 0.0373860374093
-0.0116515699774 0.019407434389 0.0376737453043
-0.00660545751452 0.0163553487509 0.0128998421133
0.00221277656965 0.0176342315972 0.0121863530949
-0.00146989896894 0.028385611251 0.048590797931
-0.007815791293980001 0.0222018733621 0.0309981890023
-0.0135387191549 0.0102446814999 0.0342185907066
-0.0125773306936 0.0103024542332 0.0158973895013
-0.013277891092 0.0160238444805 0.0563304051757
-0.0136089948937 0.0107601843774 0.0364869385958
-0.00453385990113 -0.0123813813552 0.009283428080379999
0.0133656989783 0.0104517871514 0.0456918664277
0.0135607700795 -0.00184962281492 0.0088538788259
0.0133972046897 -0.00373634509742 0.0103872558102
0.0058262469247 0.0271306391805 0.048746317625
-0.00258480221964 0.0287781599909 0.0511615872383
-0.0131479948759 0.0072533255443 0.0280353277922
0.0109419366345 0.0206550415605 0.0386016182601
-0.0121676716954 0.0067404396832 0.0425679981709
0.00202635210007 0.0264445319772 0.040578763932
0.009862366132440001 0.0246714539826 0.0514440797269
0.00457641063258 0.0243230909109 0.0331932604313
0.012563765049 0.0106637682766 0.0188578777015
5.29608842044e-05 0.0218142382801 0.0215946156532
0.0137303275988 0.0130769703537 0.0416858121753
-0.00911629199982 0.0241936985403 0.0459023676813
0.0110964197665 0.00499405572191 0.0429191663861
0.009542164392769999 0.0033590272069 0.0438152775168
0.00428328057751 3.85598905268e-05 0.0428324118257
0.0103492848575 0.0236697737128 0.049469076097
0.00739909848198 0.00179615919478 0.0446889959276
-0.000173249281943 0.000918741628993 0.00350600411184
0.00113355042413 0.00357927987352 0.00340879475698
0.0134295802563 0.0141456192359 0.0514338985085
-0.0120421107858 0.008791646920140001 0.0511966273189
0.0118426335976 0.021482758224 0.0497186072171
-0.0120042636991 0.009465862996880001 0.0534272007644
0.00762508111075 0.0235587656498 0.0372652448714
0.00440015364438 0.00198253849521 0.051488738507
0.00708203669637 0.00345428660512 0.0519271194935
0.01457976643 0.000496758671943 0.0104076405987
0.0133091062307 0.000768259284087 0.00758531596512
0.0136664910242 0.0117512112483 0.0434497855604
-0.00537832872942 0.0175002831966 0.0141888996586
-0.0123476888984 0.00459161540493 0.0282866582274
0.00626846216619 0.000906963774469 0.0430698096752
-0.00628349604085 0.00767353922129 0.00392257515341
-0.008702028542760001 0.00623648008332 0.00451074168086
-0.0109520219266 0.00207175617106 0.0283369328827
-0.0107528865337 0.00637884903699 0.050413493067
-0.00620855204761 -0.000980050652288 0.00435495609418
0.00532389944419 0.0248640887439 0.0375722832978
0.0024605486542 0.000895646342542 0.049667019397
-0.0116182342172 0.00353227253072 0.0306449830532
0.00512498803437 0.000686685903929 0.0450668074191
-0.00760199828073 0.0164553821087 0.014892606996
-0.0135531881824 0.0140214944258 0.0376064255834
0.0134666021913 0.00913246255368 0.0301893781871
-0.0023815643508 -0.0132455928251 0.0106770265847
-0.00346356630325 0.00621209898964 0.00353708188049
0.0128696961328 0.00971454381943 0.0165642015636
0.012209771201 0.0110565107316 0.0144217330962
-0.00229681376368 -0.0129836928099 0.0128469904885
-0.00631775008515 0.00478294352069 0.00399086996913
-0.000158161623403 0.00612722616643 0.00335060292855
3 1 0 1032
1356
1357
1358
1359
1360
1361
1362
1363
1364
1365
1366
1367
1368
1369
1370
1371
1372
1373
1374
1375
1376
1377
1378
1379
1380
1381
1382
1383
1384
1385
1386
1387
1388
1389
1390
1391
1392
1393
1394
1395
1396
1397
1398
1399
1400
1401
1402
1403
1404
1405
1406
1407
1408
1409
1410
1411
1412
1413
1414
1415
1416
1417
1418
1419
1420
1421
1422
1423
1424
1425
1426
1427
1428
1429
1430
1431
1432
1433
1434
1435
1436
1437
1438
1439
1440
1441
1442
1443
1444
1445
1446
1447
1448
1449
1450
1451
1452
1453
1454
1455
1456
1457
1458
1459
1460
1461
1462
1463
1464
1465
1466
1467
1468
1469
1470
1471
1472
1473
1474
1475
1476
1477
1478
1479
1480
1481
1482
1483
1484
1485
1486
1487
1488
1489
1490
1491
1492
1493
1494
1495
1496
1497
1498
1499
1500
1501
1502
1503
1504
1505
1506
1507
1508
1509
1510
1511
1512
1513
1514
1515
1516
1517
1518
1519
1520
1521
1522
1523
1524
1525
1526
1527
1528
1529
1530
1531
1532
1533
1534
1535
1536
1537
1538
1539
1540
1541
1542
1543
1544
1545
1546
1547
1548
1549
1550
1551
1552
1553
1554
1555
1556
1557
1558
1559
1560
1561
1562
1563
1564
1565
1566
1567
1568
1569
1570
1571
1572
1573
1574
1575
1576
1577
1578
1579
1580
1581
1582
1583
1584
1585
1586
1587
1588
1589
1590
1591
1592
1593
1594
1595
1596
1597
1598
1599
1600
1601
1602
1603
1604
1605
1606
1607
1608
1609
1610
1611
1612
1613
1614
1615
1616
1617
1618
1619
1620
1621
1622
1623
1624
1625
1626
1627
1628
1629
1630
1631
1632
1633
1634
1635
1636
1637
1638
1639
1640
1641
1642
1643
1644
1645
1646
1647
1648
1649
1650
1651
1652
1653
1654
1655
1656
1657
1658
1659
1660
1661
1662
1663
1664
1665
1666
1667
1668
1669
1670
1671
1672
1673
1674
1675
1676
1677
1678
1679
1680
1681
1682
1683
1684
1685
1686
1687
1688
1689
1690
1691
1692
1693
1694
1695
1696
1697
1698
1699
1700
1701
1702
1703
1704
1705
1706
1707
1708
1709
1710
1711
1712
1713
1714
1715
1716
1717
1718
1719
1720
1721
1722
1723
1724
1725
1726
1727
1728
1729
1730
1731
1732
1733
1734
1735
1736
1737
1738
1739
1740
1741
1742
1743
1744
1745
1746
1747
1748
1749
1750
1751
1752
1753
1754
1755
1756
1757
1758
1759
1760
1761
1762
1763
1764
1765
1766
1767
1768
1769
1770
1771
1772
1773
1774
1775
1776
1777
1778
1779
1780
1781
1782
1783
1784
1785
1786
1787
1788
1789
1790
1791
1792
1793
1794
1795
1796
1797
1798
1799
1800
1801
1802
1803
1804
1805
1806
1807
1808
1809
1810
1811
1812
1813
1814
1815
1816
1817
1818
1819
1820
1821
1822
1823
1824
1825
1826
1827
1828
1829
1830
1831
1832
1833
1834
1835
1836
1837
1838
1839
1840
1841
1842
1843
1844
1845
1846
1847
1848
1849
1850
1851
1852
1853
1854
1855
1856
1857
1858
1859
1860
1861
1862
1863
1864
1865
1866
1867
1868
1869
1870
1871
1872
1873
1874
1875
1876
1877
1878
1879
1880
1881
1882
1883
1884
1885
1886
1887
1888
1889
1890
1891
1892
1893
1894
1895
1896
1897
1898
1899
1900
1901
1902
1903
1904
1905
1906
1907
1908
1909
1910
1911
1912
1913
1914
1915
1916
1917
1918
1919
1920
1921
1922
1923
1924
1925
1926
1927
1928
1929
1930
1931
1932
1933
1934
1935
1936
1937
1938
1939
1940
1941
1942
1943
1944
1945
1946
1947
1948
1949
1950
1951
1952
1953
1954
1955
1956
1957
1958
1959
1960
1961
1962
1963
1964
1965
1966
1967
1968
1969
1970
1971
1972
1973
1974
1975
1976
1977
1978
1979
1980
1981
1982
1983
1984
1985
1986
1987
1988
1989
1990
1991
1992
1993
1994
1995
1996
1997
1998
1999
2000
2001
2002
2003
2004
2005
2006
2007
2008
2009
2010
2011
2012
2013
2014
2015
2016
2017
2018
2019
2020
2021
2022
2023
2024
2025
2026
2027
2028
2029
2030
2031
2032
2033
2034
2035
2036
2037
2038
2039
2040
2041
2042
2043
2044
2045
2046
2047
2048
2049
2050
2051
2052
2053
2054
2055
2056
2057
2058
2059
2060
2061
2062
2063
2064
2065
2066
2067
2068
2069
2070
2071
2072
2073
2074
2075
2076
2077
2078
2079
2080
2081
2082
2083
2084
2085
2086
2087
2088
2089
2090
2091
2092
2093
2094
2095
2096
2097
2098
2099
2100
2101
2102
2103
2104
2105
2106
2107
2108
2109
2110
2111
2112
2113
2114
2115
2116
2117
2118
2119
2120
2121
2122
2123
2124
2125
2126
2127
2128
2129
2130
2131
2132
2133
2134
2135
2136
2137
2138
2139
2140
2141
2142
2143
2144
2145
2146
2147
2148
2149
2150
2151
2152
2153
2154
2155
2156
2157
2158
2159
2160
2161
2162
2163
2164
2165
2166
2167
2168
2169
2170
2171
2172
2173
2174
2175
2176
2177
2178
2179
2180
2181
2182
2183
2184
2185
2186
2187
2188
2189
2190
2191
2192
2193
2194
2195
2196
2197
2198
2199
2200
2201
2202
2203
2204
2205
2206
2207
2208
2209
2210
2211
2212
2213
2214
2215
2216
2217
2218
2219
2220
2221
2222
2223
2224
2225
2226
2227
2228
2229
2230
2231
2232
2233
2234
2235
2236
2237
2238
2239
2240
2241
2242
2243
2244
2245
2246
2247
2248
2249
2250
2251
2252
2253
2254
2255
2256
2257
2258
2259
2260
2261
2262
2263
2264
2265
2266
2267
2268
2269
2270
2271
2272
2273
2274
2275
2276
2277
2278
2279
2280
2281
2282
2283
2284
2285
2286
2287
2288
2289
2290
2291
2292
2293
2294
2295
2296
2297
2298
2299
2300
2301
2302
2303
2304
2305
2306
2307
2308
2309
2310
2311
2312
2313
2314
2315
2316
2317
2318
2319
2320
2321
2322
2323
2324
2325
2326
2327
2328
2329
2330
2331
2332
2333
2334
2335
2336
2337
2338
2339
2340
2341
2342
2343
2344
2345
2346
2347
2348
2349
2350
2351
2352
2353
2354
2355
2356
2357
2358
2359
2360
2361
2362
2363
2364
2365
2366
2367
2368
2369
2370
2371
2372
2373
2374
2375
2376
2377
2378
2379
2380
2381
2382
2383
2384
2385
2386
2387
0.0004491457523226796 0.02566528445486502 0.08285715727444035
4.991392099059754e-05 0.01553341384407685 0.05222972212681994
5.305282398846214e-06 0.009234917945148441 0.02589683002177963
-2.714894090911912e-05 0.01241285974669218 0.03905650562899893
0.0002436493831904987 0.0212135193763468 0.07067819488518734
0.002434759997758185 0.00184074864449932 0.01456000964224572
0.002675550407040797 0.01784254085983596 0.06159086968241807
-0.002225412199505756 0.009349379243255528 0.01668996831377595
-0.002232394421131571 0.02292361687388762 0.09085606580240684
-0.003604413606606085 0.01957069551801626 0.07767443030630025
-0.004968490022805748 -0.001946526938946843 0.01306429468769969
0.00123961604605822 0.008882365394055843 0.04677490078579782
0.0017076628339903 0.006201195006544759 0.0335145440831944
-0.0001446160970305299 0.02863124681100782 0.07487819062632139
0.004958414776630427 0.01607012987571775 0.0450025018300223
-0.003200433159524534 0.01490040480353432 0.03148436041834698
-0.005633487102701092 0.02995811395308793 0.0849342699598713
0.005583791342302354 0.02304059506818637 0.07661328199856399
-0.004900359251754506 0.01603406906209646 0.04547713905944289
0.004806015092835968 0.01334881520921866 0.03106549760268551
0.005226716883108199 0.007597061124650247 0.0193040456640815
-0.003831149144988446 0.02160441026153281 0.06345871199049088
-0.003572893975406772 0.0123542162154009 0.05812141114562807
-0.001917940018761707 0.002699521654363057 0.02140718017905028
0.00663283382263322 0.02226206843624651 0.08337806335047566
0.004717881109652102 0.008005966612978473 0.01132926234218551
-0.0009199535945042918 0.01436683722107187 0.02140046526139514
-0.005599082718049873 0.02473098596155383 0.07259404390577276
0.0002725697702445711 0.02999589279601608 0.0904931930101556
-0.0004520534733727171 0.02222521833764912 0.05577859382168037
-0.007132786092295256 0.004861328559227913 0.0139385257137397
0.005014152772844479 0.02269890690126582 0.09044362036060015
0.004384826881992907 0.01237985547955798 0.05712534202315962
-0.006687356123257012 0.009428681993564064 0.02668205859983472
0.001740773131203407 0.01823574277930979 0.03543711271031493
0.001290353542683394 -0.005439228137604096 0.01370920279504828
0.00178587541381437 0.02119577428525229 0.04862940587641459
-0.005279410486758301 0.008611667073454784 0.03514926182127599
0.00634705236919085 0.01177653924558326 0.04997291096306637
0.006342261400525026 0.02911381214704464 0.08627424870424658
-0.00160473257815733 0.003150844128740879 0.02829917726890881
-4.66106759313822e-05 0.03282351214035586 0.08099209092530685
-0.00187721078197889 0.01535918657315586 0.06678800165946036
-0.002312369784804189 0.01934857313840784 0.08468509801089641
0.006589151842741961 0.01423001255655623 0.03828632460984478
-0.007082494025339385 0.02552176445235004 0.07953217277561753
-0.001702467583586323 0.005907604465360082 0.04026464435704519
0.002608699700426106 0.02413932943155739 0.06473146882548507
0.006198888173275506 0.006822710976780732 0.02665408457675314
0.002510274823438941 0.01797803372182388 0.08012496399498094
-0.001463012318341959 0.009861139958959236 0.009970531122677243
0.00552777287803416 0.01812695183956873 0.06970426225928777
-0.004646936550743745 0.01730114923251 0.03773881316847565
5.955477759999662e-05 0.008764760158032139 0.05341723361136098
-0.005810545114950105 0.01192550383183847 0.05159670175523605
0.005285249450927041 0.0130482316871553 0.02440862911784003
0.004784526762617327 0.02588539563177812 0.0706192947205276
0.0001545053187874516 0.01990921102058515 0.04191860635623024
-0.007212415299841491 0.02350382847238919 0.08646289889534191
0.005336197124285775 0.008282889410068911 0.04136452660459643
0.005740996516111404 0.01901670414560368 0.05542672979799722
0.005389672250422588 0.03020719859529044 0.07820389696430373
0.007913200399793211 -0.0008344831271240888 0.01231487286053924
0.00138617085890221 0.01586308535241376 0.07412093613456072
0.0006886024693314494 0.01120249893324578 0.06247269694497196
-0.005828877616841021 0.01800120303870018 0.05486391991915164
0.0008971990770211203 0.01697279447056402 0.0269874567782047
-0.00112714582467364 0.02706590151546409 0.06884899842008409
-0.006097985603363925 0.01083465640890242 0.04141974215663571
0.004208037768454041 0.002418230272122822 0.02267328030900011
-0.006011141062521309 0.01909710895268959 0.06999071587215301
-0.002136917871537232 0.003150214844265647 0.010008072601196
-0.006656692627795102 0.00699983692163068 0.02072243295610147
-0.004918812706330654 0.015053145902263 0.02577373593069597
0.003103131616497606 -0.0003867955207245168 0.009444697377103335
-0.001636484470904317 -0.002450453439120939 0.01814940559945798
0.007514936224568162 0.0160416736271736 0.05974510169086322
0.003155875700421073 0.01200862877046441 0.01564827097870375
0.006999584437934932 0.008762360471827203 0.03542887781297006
-0.004820928100018028 0.007886175534975372 0.04665543189785366
0.007211555421377895 0.01804792891546246 0.04993223217445769
-0.006471242444630378 0.0007491739601148738 0.01797527753856928
0.001979984771832643 0.02487174373053215 0.09457202469367494
0.007727381065276408 0.004446873059191509 0.01496885579446355
0.006572648102554801 0.02131667787983281 0.06027341326610035
-0.006175459307229447 0.0159862892993799 0.06239141144370413
0.005076583845526313 -0.002631792538999701 0.01693525559632421
-0.005634156847585909 0.03141504541046627 0.07902096970621719
-0.006032997091103994 0.02783319270558456 0.09075524764950503
-0.00620382175015337 0.005426131026241156 0.03060551980724593
-0.004033151780595316 0.01578309161833326 0.0738087959972856
-0.0008567915089904973 0.03410967211523906 0.086578757429978
-0.004385197005532459 0.02079921270312993 0.04947492817159969
-0.0003092950053945041 0.02532507979485062 0.06027129291514412
0.003256086702456928 0.01826291536775221 0.08586424595411381
-0.00346992495531595 -0.006994419551335413 0.01133370789285975
0.009004917887245695 0.02695659516385466 0.08207736108123555
0.003573967193862389 0.01447755151691348 0.06595601729489846
0.005007438654714368 0.0192233795374385 0.03963248492162905
-0.00284461460117039 0.00962990300040077 0.03044689345682322
0.008080811021819321 0.01157330694326052 0.04477932247452678
-0.007744734440724959 0.01184488289297562 0.03148110258808005
0.003728841619135952 0.002899798968778389 0.02961014863332219
0.0001222721320439964 0.02319986168956717 0.07582711078095748
-0.007104580059312828 0.02020718334097486 0.08196757848064844
0.005725294240712643 0.02816080718642014 0.09184257815732802
-0.005265605662771503 0.01934068443177429 0.08884951404407686
-0.006000240339626962 0.004231711584390045 0.0253287893902347
0.00669494118831895 0.003466990082538304 0.009526917978610515
0.005966923870498733 -0.005598428307533288 0.01136697837243122
-0.002300762925580813 0.01836361314677406 0.05926157029037993
-0.005991771714987484 0.01002584150016173 0.01289169192552123
0.004641048128083196 0.03379551915105428 0.08387958262160075
-1.89769921142449e-06 0.01371847496445154 0.04442016384738368
-0.008830468170541568 0.0009359317847795505 0.01068031424038183
-0.008320264320578365 0.01544878843813716 0.04169972913963121
-0.002362242301287452 0.003697865007326349 0.01613859790512164
0.006785046019301664 0.02104646531942139 0.0655182793333928
0.001544664435417478 0.03321555947415963 0.07551790510577952
-0.002978042543795958 0.003777195168203547 0.03458785016818912
-0.007840223317994159 0.02048293028691404 0.07471158893714559
-0.0002255071852172999 0.01817444848013804 0.08980781172925353
-0.006104074093930579 0.01249012894943295 0.02102343137367323
-0.007967195320046964 0.01306968084285011 0.03679764487779784
0.0005129041174311657 0.01194272638942947 0.03381615210052882
0.0002319902922875974 0.007476707673324424 0.02094566741265224
0.00402409678963883 0.01844056179737998 0.03081722058276319
0.006254792024528459 0.01795045508985755 0.07502590089292649
0.006262651086716312 0.01248330156972663 0.01953743658538645
0.006082682174853353 0.007634490376127548 0.04715658311433241
-0.002007927113708487 0.01599219367720065 0.08097966269635999
-0.005186731575690467 0.02287279645076889 0.05835629427647295
-0.0009974983652206808 0.01956790478909205 0.03126407837125526
0.002018398215584403 0.01940372846135616 0.06633018506197698
-0.006093035717688216 0.006455775025554058 0.009053247004190433
-0.008235897735169161 0.01773359349123881 0.049076060662823
-0.009592382156865942 0.02761332821135655 0.08320476005686191
-0.005630717619941107 0.02476021882729406 0.06730414260984903
0.002127243837886523 0.00488545716917958 0.04360054387433179
0.003073634179833316 0.004501410294910324 0.03837352656950904
0.007504051689624266 0.009489670381263981 0.01524167392497553
-0.001437029600217112 -0.002707508541041302 0.009465834757363322
-0.006781420485617116 0.0231787818563669 0.09276322172480993
-0.004237509971015875 0.02961199534757307 0.07199269050966976
0.002003703116734976 0.006821667657541334 0.01545582559466043
0.00450003660341296 0.02108761753096493 0.04433354408399247
-0.001272501006394439 0.01427930296335148 0.01638305226620817
0.007904210515725346 0.02204039157718996 0.07210379509801897
0.008316416909432807 0.009585417531918258 0.03048847643937411
0.008162910814741004 0.009363841194852169 0.02284691004939141
0.0004374502480382085 0.0001717328989711692 0.02493356435819267
0.005569400613922727 0.01209289043288105 0.06206890062587611
-0.002310022447064052 0.02769781713636998 0.09430271358476729
0.007281442754638943 0.0190714442430696 0.07969826963572177
-0.002274161207303191 0.02674522824290645 0.08730402565637263
-0.001436760465135866 0.005876518936938767 0.04967323326025655
0.003833572027667802 0.02320374293955846 0.05298024862566536
0.00804787347263489 0.01452588757961897 0.05407843291692226
0.008933739357869338 0.01546277508448746 0.04227971292006081
0.00503382019361211 0.008783181087481589 0.05373595018767515
0.007641254609025976 0.02729803046414157 0.07463418175175479
0.001151779954115334 0.01338417154941414 0.06998565818366326
-0.0009427214405204917 0.02419040435392526 0.05134303920544836
0.0045474291285987 0.03249242942954328 0.08955352061688028
-0.001898559662699833 0.02697617647856951 0.06428916687756786
0.007273068525462703 0.0164806956811305 0.03395842325041722
0.003052549813865485 0.008982446794460915 0.02971846264227501
0.002215688772089376 0.03005216487490815 0.07082678359181208
0.002173040751261856 0.004556978265497252 0.008069591312138892
0.007254239358287906 0.001399958417499397 0.0188735489207214
0.0008759021013546213 0.02261444547952432 0.08687332349274589
0.008839869813066122 0.02467168422115039 0.08746640351334631
-0.008180178790491009 0.0120355208086725 0.04681144279562173
-0.005004979770191989 0.01997639199509856 0.04214218318223664
-0.00766595667155236 0.02832261245801141 0.07541548628091772
-0.002719599263821396 -0.006620069034320239 0.01605145234908245
0.004162939058420338 0.02509161915301941 0.06062557305088596
0.001678656435611819 0.01654754338776051 0.05689230935319356
-0.004381262832870729 0.03443600304134861 0.082992380039976
-0.002545136381789218 0.007960514829357293 0.05714359778182269
0.003516550515592809 0.01597677666868863 0.02114769440240337
-0.00592911285378263 0.006079304336886854 0.04241156373947895
-0.002261622807718093 0.02640200104700703 0.07876990210629523
-0.007134355811896133 0.01663633094384986 0.03366346634741864
-0.001877363201724292 0.02258211817112125 0.04557712530443031
0.002411332790745716 0.01990755884112087 0.09375078422003309
0.002334498931978556 -0.001640992968941613 0.02080519843018962
-0.007951791979008081 0.01352890976110016 0.05588583045243986
0.001980703205262661 0.005013129313775707 0.02584097593638293
0.007376268229088969 0.01659568730332194 0.06434935883204138
-0.002083922698841689 0.01782698200238034 0.02386187687484731
-0.0078346093355116 0.01978081268607458 0.06478582994767532
0.0003661542790534605 0.01284282748140319 0.02919316079376386
-0.003105079808132691 0.0223520614096516 0.09524688030167823
0.001410551092757097 0.02974147866505587 0.0856157293783322
-0.004877143330018002 0.03253257195315955 0.08923801902640588
0.008101321730093631 0.004820249050581964 0.02195570697767198
-0.00167647360702303 0.01230705607826522 0.04887513355352702
-0.008533430580420859 -0.003478201776719387 0.01092473430972503
-0.0006013075516216725 0.02150568550583755 0.08081018705715379
-0.008549499527545884 0.03167423834562951 0.08218990156629537
-0.009447133211499998 0.02842385453645118 0.0877300982363774
-0.001571232177102793 0.02098720252129746 0.03756702960113398
-0.00904731385691725 -0.001760809873249554 0.01513950256840643
0.004659758745034687 0.02560505517725428 0.08056023591191269
0.001856637466747745 0.003612203234310099 0.01883125496040654
-0.004183608662383664 0.02381468696038246 0.08284983505859801
0.009388692876701226 0.02321773903561553 0.07931033602123506
0.002385768526820232 0.01135945782896827 0.02145629117799095
-0.001912219769577066 0.009533113854767159 0.04330236395047494
-0.003431658237683936 0.02080782270655355 0.07331069365435726
-0.006272072322645188 0.01730313372548892 0.02935701729987548
-0.004243709249899549 0.01145057320610067 0.0629540475164313
0.003835726341609736 0.01274374078768087 0.04183313202847563
0.0005796046692825744 -0.00900850122063033 0.01100380509722187
-0.0007648690082691749 0.01716974367795011 0.0477389985535811
-0.006398239872492765 0.01650282296093592 0.07717807240462328
-0.004429649143415313 0.007689504269057049 0.05290755421691018
0.006517956091441253 0.0160602460667982 0.0277138394519561
-0.005179177074561956 0.01477033817209365 0.06966380679428508
0.002754029779890219 0.005254308582150371 0.04865424945339945
0.001963780470838038 0.001880649953573978 0.03354217080398163
0.0025112942177161 0.01213542170699147 0.01100094304661431
-0.003449515457002412 0.01326785293512059 0.03580865624956683
0.00602394891786399 0.004288981394819612 0.03349472504824294
-0.001219004605849246 0.02304150754917896 0.06683244967513542
0.008474711966975877 0.03147476824503118 0.08280864170062749
-0.008336573827993226 0.008486422527740125 0.01662598314705984
0.003669818484475089 0.02783488824120346 0.0668482486186401
0.002601032998365641 0.01405660972722346 0.04845542052564921
0.001955453407947986 0.00855265084730996 0.05868419311022174
-0.0008890674068395303 0.008504607112968649 0.03654569764909937
0.009145433963664582 0.01546843426800363 0.04678214413703726
-0.003696446343088957 0.009344126738631964 0.02325707839454776
-0.004966860090051561 0.02306832211680503 0.05361156927513603
0.002355955195350842 0.02141172912631234 0.0590541712541649
0.009123306149012012 0.007218163140616283 0.01172036261224503
-0.00207097556324117 0.004464292651899693 0.04536843789900311
-0.001157219570986847 0.01706249992870067 0.07076046961805996
-0.0005648445996730665 -0.001360968323924356 0.01364957017834367
-0.005730264529963103 0.005071178343345181 0.03797608990361268
-0.005548590528590089 0.01273655859198635 0.01651638253893199
-0.002891793670125903 0.03220784276310316 0.07547835281524036
-0.006999981818945308 -0.005561833744632925 0.01444932134673969
-0.008555977558800753 0.01330292419940787 0.0274440149736458
-0.001008179670702189 0.01537240587072139 0.0623695815272037
-0.003287548438983587 0.01475268183739867 0.04134309258341966
-0.005485235787516976 -0.001168012779824157 0.008779986328074411
0.003914761181947961 0.034440657882435 0.07927701325383994
-0.008599326038160979 0.02240835364967173 0.07066492110675043
-0.002820109502904099 0.006868385896306248 0.01301107888177033
0.007180729553318445 0.02008315532608806 0.08736999597219941
0.003171746322999652 0.02642805236408628 0.08836319368028295
0.001432771150593325 -0.005591507169619175 0.01809621838754942
-0.003393882800442616 0.01877277105031926 0.09275699312088198
0.001540896748089067 0.01650793965804132 0.03948519457471826
0.008997148443347942 0.01036505449521897 0.0393383925198571
0.0001709107155136768 0.01253570390949925 0.05574982847404105
-0.004213493346724437 0.02000222306698528 0.03421092544159841
0.001018339398623673 0.01324302786758864 0.02499098269713807
-0.004300103277695687 -0.001040929348450426 0.0214027226845033
0.004247855182181339 0.02208229561661074 0.06877857751106012
-0.00948554554828919 0.02440837059260001 0.07543008695805423
0.008889732322706278 0.01164111737689927 0.02659181456723561
0.0008551898275067313 0.02518040555349425 0.07212130348225206
0.00223242176979923 0.0254769447966513 0.05676770969703862
0.006787627315419774 0.002674442557639309 0.02596543763867378
-0.008299260327018538 0.03263248994080464 0.08598117936238074
0.009210863623245823 0.006877340687172855 0.01809183326311033
-0.001476105662943114 0.01430235302584162 0.07700427117444898
0.003639249525646286 0.01125323525836374 0.03686929326435558
0.002401033540242042 0.01955059324280467 0.07611173027357554
0.01036628176979367 0.002791633820121408 0.01185912519698008
-0.003751201693636947 0.0006164425423107823 0.02561921949692134
0.006735338394621678 0.02496969347554056 0.06701507391941612
0.003836854411736791 0.007835081303206693 0.02329305841545908
-0.004640391546539504 0.02358165156685813 0.07660272387340701
0.00515563961889736 0.03123474580645385 0.07391000973435111
0.002751759808408493 0.01215365432313605 0.052319419756424
-0.007446721500484839 0.01228205466062767 0.05995632190135073
0.002492876551650251 0.02166988918979473 0.0375287696638601
-0.008554261238946056 0.008618501461916133 0.03830203960786804
-0.004208958935791713 0.01611834980755836 0.05059817718977288
0.005035171571964316 -0.006648862472017155 0.01542323320397127
-0.006373326786276921 0.009550649963402873 0.05687511869113108
0.003669661742629674 0.02214874058468818 0.07295889908335072
-0.003302822509556713 0.006918441119771563 0.02721057905853369
-0.002875080300833048 0.01300130098393997 0.01258006868766074
-0.009509708121249284 0.02889316177794046 0.07924286965781879
0.0003239557947445964 0.02116510563340962 0.06276261918991649
-0.01000517157310981 0.02345107831113548 0.08200356829853089
0.008971566290214021 0.0137832280058435 0.03033480026711872
-0.009883177363287872 0.00232949759887704 0.01597720291592329
0.0008506644069577081 0.01587484388953568 0.03206996058032708
-0.006821883747779222 0.02058454091990927 0.04596624158302742
0.008062102636777044 0.01887328966166062 0.04457260454121624
0.009197875241538251 0.01261768149509289 0.03505687942059227
-0.009991910370438539 0.004927227408978181 0.009929974550604348
-0.0004019708634327073 0.01137965894077913 0.06657600994992634
-0.007971512551279241 0.01899615088302482 0.05907298457093407
-0.0005974627961768635 0.01987391089995521 0.05207266791951528
0.00602790146248726 0.02212892428412241 0.04896995869593334
0.002312408571710252 0.009104753670560975 0.007767688730891947
-0.00893472279269563 0.009783233871466363 0.02305116830301932
0.002128788987230157 -0.005094728516379045 0.009514610267056403
0.002275968320100281 0.02934871893778323 0.0944569924417398
0.004084256250411637 0.0150782308259213 0.07737200062128327
0.004116672184745753 -0.002283810369127303 0.01295078150774019
0.00137159316754549 0.01562493515010794 0.08331490520864505
0.001216028886025166 0.0290864931108547 0.07903926132624844
0.003505750067521637 0.02646877653613971 0.07518934858008108
-0.0040614254657076 0.01553922532976578 0.01907889059724088
-0.00320943692218746 0.01152888317828692 0.02686884442315206
0.009937588185106859 0.0008836266449964944 0.01562599415965274
0.00584150674908372 0.02330220785181559 0.09448513711399135
-0.002206481048281853 0.02915964282538042 0.08223933562304526
-0.005531142610423784 0.0249431970056277 0.06185139854018274
0.004366358132414535 0.01613785863638195 0.05253696259423265
-0.001510339259937426 0.002433526781795303 0.03841154256745462
-0.002752116251163664 0.01850573510620385 0.02778586401456632
0.005508942794665621 0.0197243319559449 0.03563835914149885
0.008359021690602132 0.01772709039628294 0.03825740715128619
-0.003174365265645379 0.01933905030118506 0.06691934116745077
0.006915815751556123 0.0181556805924926 0.08370815141131491
-0.001235920392208496 0.01300172558002929 0.07316753476566003
0.004126876001704022 0.01815400442125451 0.09014022798576221
0.008235411559750423 -0.00413818003785375 0.01475807945526223
-0.005225998640019335 0.01685793729772701 0.08331639954805588
0.00262485334444715 0.005929178906320977 0.05252106468242189
-0.009191075644422075 0.008267578476730802 0.02983925618146435
0.004365930115110394 0.0295568930531895 0.08240209303873385
-0.009406639515655747 0.02476517788839807 0.08985136596114071
0.009701859453761744 0.01378160921878536 0.05027676506257588
-0.002071518798174219 0.008520904977618612 0.06114710394719471
0.003628782128107136 0.008880086943297309 0.05002148312130805
0.009034493651706388 0.009760114271955986 0.04821976631831999
-0.005795718078640174 -0.0034858472542336 0.01800355351718956
0.009693209261234331 0.02057212650411446 0.08360219857494851
-0.0006339986108127029 0.03250087343250877 0.09333396545487103
0.007020429259100269 0.009681353879903817 0.05702154359718672
-0.007706845004627509 0.002814225540159177 0.02159291983516869
-0.003416727616984957 0.01434133507729819 0.05437226337242358
0.003687362999599896 0.01472842352904385 0.034752802735892
-0.008588105033052707 0.02184838043724547 0.07850520224473459
0.005952628837603074 0.02343771023252887 0.05665000741925543
0.002328646943247879 0.02123147627487352 0.03313629705233936
-0.003397550397986239 0.02240388324121671 0.08705069277512466
0.001425829281278181 0.008632736286169332 0.03999667282918519
0.002529011699397149 0.01403754152042272 0.06028828938289399
0.009000623247791516 0.01885043913600267 0.06178942596338551
0.008935133204214522 0.01923683475197097 0.05781459537847584
-0.0003841023404310018 0.03565291364522456 0.07818811123510402
0.0005317182867655436 0.01694014352323047 0.01908228731377278
-0.009009799181831198 0.02569983314320762 0.07203622856733687
0.004214629326306415 0.02162066330412059 0.08022766519282423
0.006723986490614856 0.01128557369928519 0.01188652137579978
0.005842956340602796 0.006892476135131996 0.007666637421712183
-0.009518280885285019 0.01002329590748156 0.03463054648994851
0.006547022601230307 -0.002460809444913442 0.008850198448865258
0.00868837062677214 0.02503529036517617 0.09175604266249937
0.009377363319766428 0.02115218840296738 0.07579778479136884
-0.0002838217648877379 0.03261084868900439 0.07220398541378026
0.004538062243577817 0.01121588843718181 0.04650080263579255
0.009829207977620952 0.02708797527448625 0.07807803067854796
0.007530826618911763 0.004349889004295593 0.02959841475574806
0.0009618789022628974 0.00639198552292334 0.01152143935115627
-0.008749417787367941 0.02071026097692461 0.08846201104950747
-0.006703728035004392 0.02772837492255313 0.06974849304285864
-0.009622599685520811 0.01600122711533938 0.045557268587859
0.004220647856160793 0.01762610124214338 0.02477446196516504
-0.0002104770838141645 0.006581708831840993 0.02995863116208186
0.001116508838072185 0.03616303777985697 0.08339207210581956
-0.007668271860202875 0.01672656654116641 0.06729311867615226
-0.00191630505147135 0.01679843751513163 0.03478273310273416
0.008660769459479521 0.0108639552677342 0.05295116856897446
-0.007668086148933398 0.01699484922901106 0.07288403876242894
0.0003114164388630463 0.009990788460709442 0.01361764787863478
-0.004182091065723426 0.001976987726211786 0.03117873321531986
-0.003851619885945879 0.02721103055466294 0.07517092959956696
0.008826714159646011 0.01872086215523794 0.07076660078638256
-0.002266509136684888 0.0257355037807313 0.05673226629384143
0.002634564120036434 0.02506934846215613 0.05025363041043917
0.007536500614851151 0.0216047247574995 0.05268543919295211
-0.004662303572629356 0.01037616890762471 0.007719107400899152
5.45676478378727e-05 -0.008873102657842715 0.01476366655376483
0.008269380120497308 0.03062253597565712 0.08964588293117459
0.01028171331951952 0.02906042919490889 0.08546882159247428
0.004771799371307717 0.02568546044512452 0.08465988288173108
0.004696662943365766 0.01462312576857019 0.07185931438784118
-0.001586400090189992 0.006469578510067152 0.007369950704367743
0.001857052809980496 0.02733501505852656 0.06273057329389654
0.001869038813760768 0.02366746240283741 0.04561301237701393
-0.009067386544992657 0.006639576647897911 0.02535457545763951
-0.002583692310651271 0.0238240791899902 0.07035892470518261
0.005851659079277901 0.02936786014172106 0.07030803717820835
0.007120765190233029 0.005776324192182823 0.038441891450454
0.00956288774957236 0.006645167828620636 0.02521836232485117
-0.001703258526299417 0.0107550269076045 0.02025636825088055
-0.008891983729780496 0.008584496390075485 0.01072798775370556
0.003796808612971617 0.0004372298477301442 0.02670660301644206
-0.001439343287792345 0.005628560978119015 0.02399251496098709
-0.004411273688525332 0.002027729996166059 0.01311861799300438
-0.009296805138183342 0.01390250972433361 0.05038792244243278
0.0002879678974919905 0.02603376970255868 0.09112467737318808
0.009457944851601514 0.01802511927712594 0.05311311031446928
-0.003089587806563236 0.006281980468860256 0.01908857472187758
-0.007490102866856845 0.00536282495555344 0.03439415927230071
-0.005945107980766693 0.01336637179940904 0.06601031210846402
0.006946427576379819 0.02397124500193835 0.06302873267658898
0.006007549871638136 0.005390281989322193 0.04393461052093838
-0.004160411812275005 0.03525072087516146 0.07916341748884276
0.008694791428807665 0.01301407393800531 0.02310275519204706
-0.004229002301022415 0.01197892920785475 0.0456646845613654
-0.002870909119246013 0.01664193531862614 0.08741325059604488
0.008114993960425882 0.02081795294683647 0.09127900790288399
-0.00860816985636105 0.01683610554783346 0.03796461431823274
0.007671540779788969 0.03303953347648383 0.08645437984079801
0.006035355488572371 0.0007096897392759934 0.01529318804854277
0.003687925444571306 0.01780361204456771 0.04826422147756899
0.002840300986971868 0.02250969890140298 0.04122147168869594
-0.005316072415487278 0.01664076098420507 0.022418159017214
-0.006401157287153239 0.002627039502219951 0.00802519786658442
0.004633522512791087 0.004382814464377375 0.01266022924913225
-0.001417668166360036 0.01816121582672238 0.07500075923127388
0.001319049403601355 0.009813583459898214 0.01815072105037853
-0.01069347048622793 0.00574469185658528 0.01424698687555806
-0.001763815666782201 0.01785874571505633 0.0553278415624797
-0.0002774520045675872 0.0006076951600850272 0.007511752918331285
0.001205355783983802 0.01446042302576348 0.07973045039145149
-0.007208608787517124 0.008418285450553748 0.04996299771856069
0.00191520214332058 0.02496215297691766 0.06843599148180819
0.007098599038947625 0.00783215349069305 0.05069497679907442
-0.006412547982833127 0.02865993951452372 0.08149232598769113
-0.008766622383744462 0.008755248195516303 0.04381446980625972
0.00264447945548221 0.01868170117277047 0.07201525652564959
-0.01005651923120885 0.01022635896812045 0.02688542184707683
-0.004037998116781729 0.008713403617072247 0.03885796737521417
0.001688566787899319 -0.000887039064719824 0.017121215461216
0.004247657623471369 0.01000044586170939 0.02631954981837941
0.0008674229427965325 0.000325636880654484 0.02922952722442416
0.00677326603844158 0.01518420143183133 0.06776026253730548
-0.005417628348414348 0.01593477561003966 0.05842426984607962
0.005756832629094996 0.01065366192950171 0.008257670711185163
0.004041211029199878 0.02116748017830197 0.06300193494187785
0.003560572061026689 0.01041848757407192 0.06477684696207514
-0.007269629517663253 0.004535846251254652 0.01779645539951889
0.004192983523940723 0.01019332647213542 0.03320040694725048
-0.007839832365391269 0.02087455444427419 0.05167939836992574
0.002948633515883334 0.0354148471096949 0.0872109333216794
0.002195694154022804 0.01675492807644402 0.06889711172386681
0.004082704074944393 -0.008711501854083993 0.01239913340401644
0.00158921351260424 0.02030224737966787 0.02861908219475345
-0.006964771537597119 0.01925593057281495 0.08555166876161799
0.009008427840817226 0.01048794042926857 0.01835109177666093
0.00859913940869679 0.008103340920557502 0.04331063551467861
0.001902319123637412 0.01835634724928117 0.0449360048028067
0.007525408877063971 0.03304961082144154 0.07950085282894928
-0.008046544896402007 0.01421189809015328 0.02379358198300207
0.0021778384069902 0.0211630986251502 0.08350862965280971
-0.01056839581197826 0.02522927984267232 0.08600067636734876
-0.0008343059242057079 0.005322338422481809 0.05314501785351015
-0.002388847060080768 0.01233786809518787 0.06971278378352534
-0.002052436238868665 0.007171160890479217 0.03320595556650317
0.008228520004512359 0.01235066763425814 0.05940184468239879
-0.002417908589639579 0.02274948030800878 0.04135615928988628
-0.005295909202290349 0.02099552646228976 0.0382242810074237
-0.002928986992318006 0.01065345398597243 0.05459619866082394
0.003578562651369098 0.01381232590692555 0.02760373203866906
-0.005393621447795153 0.008901754941245978 0.06015818051790052
0.005944616159876326 -0.0006505254509932184 0.02163049746037956
-0.001813363404731137 0.03071489841870194 0.06935630140258772
0.008546955881128627 0.02571619437792159 0.07127402249922392
0.0013117610575093 0.01344948035796887 0.01873780272405332
-0.009000353601649649 0.01525368640939569 0.0307845744222932
0.001315411628002074 0.02158434615677802 0.09051259194504899
-0.0004398782542383291 0.0028654109863776 0.04190585911352576
-0.00563935727089266 -0.00496795560870367 0.008950554566743629
0.008994166284121235 0.0004780540445056304 0.008889131260825432
-0.002218952327922096 0.03051949231538097 0.08659892804847877
-0.009420703544496135 0.0171175857031669 0.05299789734284244
0.0003220841498806622 0.02912725144478167 0.06621721094342942
-0.001589687780231651 0.01716341138632023 0.04393031886154897
-0.00352228263461744 -0.0001622126178779497 0.01595266240070309
-0.009751059331481387 0.01199813592782137 0.0402302896577028
0.004204587573992506 0.01976016577058505 0.05145989286903541
-0.006895105405106639 0.01958704557246009 0.09210916454224484
0.00544707921856105 0.0159872351799529 0.0412896446509365
-0.002802995927639572 -3.1373983329338e-05 0.02881417991208954
-0.001402484250381342 0.01310377809219361 0.00889257878500865
-0.003487283579564171 0.01927339359229377 0.08127133649985738
0.0008647605969412296 0.03377869083007293 0.09001600477219374
0.004258013048846077 0.01517003726523615 0.08134358265249723
-0.001076798462983963 0.02510913180436943 0.09662469758625299
-0.005327202800545525 0.01350174490696986 0.02897102225313783
0.005657340969728168 0.0008784696306974871 0.007370589752303145
-0.00633502285401405 0.02639763885136526 0.08438198650986099
-0.003829543561196672 0.003024486956060668 0.04095891905534926
-0.001248770585086879 0.02186281649280582 0.05952813328597142
0.009221942461056934 -0.003957806306113736 0.01088151866987616
0.00496470673361302 0.01842055710008317 0.05888324957601103
0.001172280120730908 0.02472355429232102 0.07919886492471061
0.001304018232195826 0.006400981065298583 0.05585305755477168
0.001370906166243491 0.002485530744398488 0.01105389388984186
-0.004420165224278197 0.03096272154201896 0.09299838152668569
-0.0009367930605484609 -0.002143293077470529 0.02242056377225168
-0.003245475875317124 0.01283715319925198 0.02358283522143641
0.009211916706259603 0.00578389822950069 0.008361434220491012
0.005292967752981545 0.004283843405526294 0.01771645462071297
0.01080498176720853 0.02418907840988879 0.08396088297921235
-0.009799100127137417 0.02141655788896265 0.08509966894210177
-0.002215721879877914 0.01500810951319649 0.02807503944068428
0.008267326890348148 0.01836043206676549 0.06728796617431751
0.001179761480366138 0.01438444070352075 0.01361708087229365
-0.008476505249205523 0.02633534730321946 0.09293969544571962
0.002076659804582327 0.01962065884182618 0.05473016027539059
-0.0007662660623195977 0.01460328180312641 0.05879953476571024
0.001000401904670727 0.01633830238707602 0.02347515528639831
-0.0005710700630766415 0.01793582528751424 0.07841459754294026
0.00504902699875487 0.02684764254728176 0.09524827519514112
0.004448313425434283 0.0149726435021274 0.01746851680403938
-0.005227634249566643 0.01519605467456055 0.08012085128171308
-0.004186186040641927 0.02821256022749742 0.06699790046683748
0.00172055526410479 0.0101359459884664 0.04334567780117189
0.01012600909131976 0.0141614208984263 0.03910619429318072
-0.005007066604721454 0.007024534580394476 0.01603102742316473
-0.005396445467453868 0.02412611603486023 0.08954406460783954
0.004481846128427097 0.003432552984721527 0.04153058681934708
0.005677160725445569 0.01568233576603446 0.05670415460804007
0.01132422053438928 -0.0006175503561664387 0.01283330506441244
-0.01065510250603271 0.02548511727385178 0.07910784696405194
0.007577439576981589 0.01786677235394228 0.03064619137448684
-0.008469664848292736 0.0105295113531632 0.05376981157062068
-0.008163383322179233 0.02263974850604987 0.06264506641662425
0.004525386060076125 0.02244430177427879 0.08639500337606809
0.0003852724845968074 0.0261836454618939 0.05388714380291233
-0.003369357914624357 0.02432007394406069 0.04851721459331206
-0.005380495002459849 0.009677438970825705 0.01854948040578669
0.001972632138022001 0.008059809820216604 0.06219197832966386
0.006041628869089365 0.01500437944630621 0.04848146540720812
-0.004456498140987214 0.0353117626278905 0.08668585595377869
-0.003219136603437279 0.009086925713598485 0.04973435628871403
0.005213987953430187 0.009130456022121029 0.06007377766312257
-0.002413388258132286 -0.004342219733560033 0.01338861377905302
0.01011360672473742 0.02469956633158991 0.07532830838533432
-0.001077311119701781 0.001106290377425845 0.01828677493304407
0.008540147632934472 0.02217371061658673 0.06851274063641959
-0.008817162705695361 0.02001884383364205 0.06812808573309595
-0.0008073421151143447 0.01824590760521299 0.06447966270833008
0.0004077819676169026 0.02162095475996948 0.09647891007331466
-0.0007287534989143191 0.003511276197380194 0.03178005240889631
0.008042978075553183 0.01945004115149841 0.04119843028473349
0.006561925334906306 0.01293824506173472 0.01505772317079057
-0.008419911608309011 0.01888557507040736 0.04308515513446836
-0.008609332044958909 0.01835695724855108 0.07929731400383945
0.006634618225635817 0.0158351242736386 0.02275441929359076
0.002678913467745246 0.007733518982179976 0.03668522009632633
-0.007901162535970296 0.02134327538946985 0.05578599122708963
0.006224506343478129 0.03332699293390954 0.07637000012971183
-0.0001199425450524321 0.005013162412538833 0.03635472816641321
-0.009981875548129687 0.01352638927009313 0.03381776643649511
-0.001068140152662453 0.02171498599150319 0.03411155531576593
-0.009333509463424733 0.01543093276907749 0.05889744076691038
0.005034948136855793 0.02670131875177391 0.06389667046767103
-0.008964616544780098 0.01073589497562789 0.01948480326387535
0.008535446715110596 -0.001840185750310276 0.01750468101452547
0.0005504892646038663 0.01483171652560875 0.0364787288397667
0.005086483950617809 0.01547352768459962 0.06207787407480311
-0.005067965951442934 0.02202642265044273 0.07973771440481309
0.01031231268051874 0.01219418508575278 0.04208548103719861
0.001332844866081557 0.004390245001237472 0.0222197057194403
0.002160202188546072 0.01268049762219497 0.07316760155055767
-0.002222713798819881 0.02678752822086225 0.07213208987022153
0.004988406126964599 0.0009985730571233987 0.01200184376538243
-0.002390047827478983 -0.005566894373046779 0.01926021990599252
0.00834295943353917 0.01402908469381049 0.06234975508849847
-0.004431456737483389 0.01182290680713393 0.03272909480746321
-0.006535177602315013 0.002513050590057648 0.0284746545482089
-0.008343511331707298 0.03144900946332577 0.08941921093713916
0.005694080559309532 0.007333892398070477 0.03156487003327059
0.009211776487193997 0.00682421833020364 0.03298137759137141
-0.008914912501741461 0.005091707159149497 0.02846021879427777
-0.005000604023961578 0.005650657467215344 0.04944376898308236
-0.0003719272299011932 0.01998518057694884 0.02585767650668629
-0.001132583548496918 -0.006121121139969665 0.008922255721467829
0.00981067472229444 0.03029033121947486 0.07969631434654652
0.00849730546262023 0.03045588237359006 0.07628098577614423
-0.001817640889605148 0.01769098861045159 0.03990682159947416
-0.002271926061642248 0.03006088407938516 0.07839919020748676
-0.005245207153138729 0.02550649527792814 0.09536441597774863
-0.002193829076674228 -0.009734902292290747 0.0125617017761834
-0.0005230323546748803 0.01098496805922913 0.05918690887943266
-0.006026202357370176 0.008772750090170164 0.03170569555311038
-0.007813119909988819 0.01639631772677777 0.02659085339232418
-0.007099833034040948 0.0345197937317279 0.08084587680470581
-0.00339708857021589 0.01932302087123752 0.04627201516606035
-0.004423501800787242 0.02013319895782676 0.03047587417293681
-0.0009936252646082834 0.008929860929905144 0.06432412397231924
0.0007353665862583946 0.01583588184609111 0.08709401645409014
-7.935928172690026e-05 0.02516081510567087 0.04818836178439831
-0.007211766034848095 0.01934418432313972 0.03584070965157177
0.004919496068327516 0.01766873734840059 0.06640988021799758
-0.01112169003300584 0.0004083324192032334 0.01330013144895235
0.0002152222129707 0.009541146378973646 0.05003160436456132
0.004864889588924701 0.03149341256588423 0.09304568345754423
-0.003037761480437255 0.02706500482899383 0.06113955235666461
0.004166337753932861 0.01684590617793723 0.03736137210389226
-0.006347052097981937 0.03159638363053943 0.07429850336965813
0.009053636620807867 0.01966899829656519 0.04766334589906882
-0.01053944500739574 0.03050673347740991 0.08464133161714164
-0.001741244943961955 0.03684426457456715 0.08130601345338817
-0.007426730679721456 -0.006939664102920393 0.01125841266055001
-0.001912614166037437 0.01528094192335193 0.08437176074238871
-0.0006847674925035073 0.01194444363545451 0.05232675657251094
-8.761982345246565e-05 0.01847960734687902 0.08223370946267508
-0.002620987453479703 0.0239992850776143 0.07395577497722509
0.009772365875971443 0.01574178164570671 0.03600864888626956
-0.0001225215972313769 0.01740262830861447 0.09331225092472337
0.002329981691133901 0.01571347276819932 0.04275307391374297
0.0100957372061954 0.02149894257319829 0.08674422043857508
0.009891309722232726 0.003470077024333206 0.01794993893141562
-0.009581319946776048 0.01957403101501128 0.07205314217205261
0.01042677033791802 0.01244112180943313 0.04691658477878774
-0.00518707590687952 0.01860030977242052 0.07498859435855103
-0.001174305206584773 0.0225737181712845 0.08406738013604061
0.003708169505754769 0.007757866627114897 0.04473257392292702
0.00388214463429276 0.0008675157489044221 0.01907145620362803
-0.002951774139663657 0.02052867096585638 0.07002454127962499
0.005352686540802285 0.006881566659975694 0.01485540978328571
-0.0002783909546199626 0.01872467609215341 0.02149561613241167
0.01058187176254683 0.006520792187321621 0.01485846766689968
0.005124807519038586 0.0191706984423434 0.02767514957758732
-0.005888495978751181 0.02137943891651428 0.06706812362441325
0.006497096975752173 0.01276296430615997 0.06532125393054276
-0.00100644978044818 0.002029291168515678 0.01347454128802703
0.009816934914796471 0.01478967750034961 0.05723537266263886
-0.009868700016524092 0.01289080028120588 0.04373146138151054
-0.005139421591042942 0.01306514745904286 0.03888126542595112
-0.004196931185823727 0.003080085839835971 0.01892386850423252
0.008822747041395955 0.01479090593232397 0.02581490246233216
0.006039796280360837 0.02453164711815839 0.07347473332817235
-0.001872739282403434 0.03699004814068102 0.08493978200111303
-0.007579348432350708 0.001021050093604813 0.01384293937606515
-0.003666592934262136 0.02076880382737552 0.0559585485774821
0.003159787832772983 -0.001516405419307704 0.02411723117257182
0.009589892407251721 0.00695361621242313 0.02865532311589922
-0.0007912893346281964 0.02092112527775891 0.09320115463232134
-0.00476415804592808 0.01666580233383 0.06545267076525096
-0.005352339657031033 0.004554957053580356 0.04624652980116629
-0.008471803411470972 0.02512999202366035 0.06886775486254976
0.002712045815798059 0.0005712031529005093 0.006551793227450979
-0.004997965141815334 0.01833957492909814 0.02535458393933112
0.001506948747260218 0.001832718591784281 0.03692708242426933
0.0102332384917535 0.02748428284174374 0.08944011237747254
0.00621160135978545 0.01146872068229195 0.02863958615338014
0.002412854296067848 0.009955441494605864 0.05559706420160132
0.01032920641052421 0.0170859776740505 0.0494865414980579
0.005902081198848323 0.01987718104995136 0.09381036373021832
-0.002490476219362847 -9.003554731433147e-06 0.01121640303310439
0.004762833397527788 -0.005545838240384557 0.01859298879754253
-0.005209936161466833 0.02809375308333164 0.0782110969640874
-0.001496880986384209 0.02392730455764176 0.0630384455260911
0.0100553865572195 0.01625271370594425 0.06110044904134949
-0.003611234949981122 0.0183029467920523 0.06245934228962523
-0.004824790286792698 -0.008333234681058382 0.01408881605458749
-0.00994554349318944 0.006533447417077458 0.01923947361496571
0.006516009545531459 0.02618318374960966 0.07770443363912974
-0.004264228414838332 0.01305390422368546 0.07218486513319236
0.0071314549413228 0.01283156546279197 0.04127487651221665
0.005687557057871144 0.01209627621242383 0.05400958179392332
0.003624214550471665 0.005987684316098328 0.02850757683039127
-0.004399845965773658 0.004928357068850078 0.02233766955986716
-0.005459726778783515 0.01234567985022115 0.01041654957833994
-0.009579235425151661 -0.0002599090715483119 0.01799301616030693
-0.002410593602422325 0.0350289319811436 0.08961118070892569
0.002746462443780664 0.03005255986577819 0.07603468599219851
0.002113985829092644 0.02734308266250406 0.05949251104751243
0.005530124777413396 0.005119563088289189 0.02394810395043621
0.0003055563786967118 0.009471223743608653 0.03156798072129054
-0.001321715773456001 0.0008092690481563431 0.03387836685280667
-0.006203351093808183 0.01150462317114957 0.02416754881966249
-0.0007203170412070686 0.03021564153311449 0.09569543592526325
0.007708048102096627 0.001744523126906348 0.02297511590224659
-0.0007486307793650915 0.01053896061400257 0.006631787736205716
-0.003171301900887781 0.002375283363978959 0.006791361570361511
0.003909749131536187 0.003669560776981233 0.04604739434477111
0.005333936333748794 0.01003129506653536 0.02142993686466841
0.005782814816535043 0.0186299719962031 0.06201186253860885
-0.007968304180702643 0.01317574252169872 0.06323595500026064
2.020681772192732e-05 0.003470952764220487 0.04781698605575804
-0.0003195088542008858 0.01093508202243961 0.02316957726083816
-0.002560673852312078 0.02800998135434372 0.09084777909290409
0.008589464173619249 0.009570012239725265 0.009500680307493063
0.003596985611118907 0.02552711440860268 0.0916645284276329
0.00158237209400305 0.01304576490173121 0.07644987867780689
-0.008163115623179833 0.01165506157898838 0.01479180814764115
0.007501608603406863 0.01579665547579125 0.07082701263851549
0.0009462240778203108 0.001150525077299188 0.02183955563707107
-0.006062184743959391 0.00732178737722333 0.02426055264817989
0.005223681948385532 0.01024591658350682 0.01742602770449593
-0.002170482518476507 -0.00917763374033064 0.009446111942105409
0.004159986822915743 0.02425699422543891 0.04765219970871112
-0.006524085155038264 0.01474934671027525 0.04832539095202974
0.0007216303831233898 0.01369935066186356 0.06457408034420871
0.001415251106059243 0.02713064275862701 0.09678590268104287
-0.004621248660400474 0.01392827950878351 0.07638380131954979
0.001345611857179109 -0.002451589002093454 0.01124831968670283
-0.005441753535649224 0.0224544843551297 0.07039441853901886
-0.006698947891079769 0.02655354190318682 0.08768290634857644
-0.008329601578642506 0.02884144719816534 0.07230205456341007
0.008941140563665989 0.01807372705724627 0.07698950892851347
0.003464254608403409 -0.002946516974225636 0.007446391573795307
0.0003374100720811879 0.02063380903371188 0.07386307797352676
-0.008681956181242956 -0.001400341465001743 0.008469112819596194
-0.00550725697860157 0.0201940743312285 0.09497399006906081
-0.005845185102292001 0.01337952720138158 0.01347320962763513
0.002559260961863612 -0.008269830529469387 0.01670075138026198
-0.002819211772515089 0.01132787574890589 0.04059898673803082
-0.008415144047486551 0.03126378494331871 0.0770164509215325
0.007584097599542743 0.03460332499740722 0.08275258988260022
0.005118110382754033 0.003938473572615665 0.006838214803047147
-0.01098032541931243 -0.001433932911958007 0.01069111180251443
-0.002798201017910588 0.01638991323487706 0.09064316208291635
-0.002855263471377522 0.02577845922854015 0.05349664210267977
0.002662196543655426 0.01180937405540787 0.06757512614219155
-0.009603893041462152 0.01954365015197284 0.04719081831967809
-0.00587809601586358 0.01368146904596073 0.04324469223648377
-0.008396445617219738 0.02335240501418478 0.06601839755695606
-0.00893237954720388 0.01768417657063033 0.07569987314993129
-1.537993286153871e-05 0.006157742835746812 0.01795332295766243
-0.003690824940623812 0.0109049254225783 0.06620603215092838
0.0002663323752342141 0.01936380420866263 0.08675907026417806
0.0003090562968512345 0.02396375374625352 0.04273409441044856
0.005924057784702256 0.01966613504650168 0.04686123254320854
0.005957363778763651 0.02185725457553681 0.04115137344690425
-0.006585206195381186 0.01504198441887719 0.05302368453314288
-0.007923944106649853 0.01958241230778497 0.03981413950827258
-0.001820522418544116 0.0324063292225978 0.0838310103799033
0.003371882833845224 0.01396610986436603 0.03863258127516159
0.003519794073073988 0.02252251502542861 0.09661032648848955
0.002854194768048807 0.01422897350390069 0.05487267769371423
0.006540248468167723 0.02682077210709091 0.08880363440585597
0.01002372262390186 0.02037833120665282 0.08048714214617064
-0.00154801010198167 0.01499855271872071 0.0250378883006878
-0.002002840297022246 0.00968409207833729 0.04664052787517863
-0.01048581935994687 0.0232164787427101 0.07285780846055437
-0.0003717059555825127 0.01906350731753086 0.06840907354522113
-0.003761423559092113 0.01430728898218339 0.06081807097702258
-0.004677307221943573 0.002157093716736331 0.03673320366659342
0.00022628753910392 0.01946824194719029 0.05745478208730071
0.004099444985833881 0.004939574952138714 0.02069720164493391
-0.006867639902302302 0.001097634252239482 0.02438752934928475
0.009988044669329354 0.007306034895729612 0.02118207216075023
-0.009912232470495677 0.00313275702582446 0.01916961835534424
-0.005580001470477466 0.02519539714652015 0.05605229660911296
0.008565523366507247 0.02236286153226826 0.05805926225673244
0.007110876634779677 0.02436375762313526 0.05994650194618868
0.009373604539948149 0.01861399372403968 0.07389158576683393
-0.0006631168247686775 0.006528798721549059 0.04328463600647631
-0.001007105935985809 0.02428960432174188 0.09350715730618644
0.004043625517102803 0.02820957703692157 0.07261646317448628
0.009144276648366935 0.02187487085622037 0.06177117949843267
-0.009393535582148031 0.0219295446052702 0.09136614826184333
0.004771846313962966 0.01826513144785508 0.07785969853973003
-0.007586719668533646 0.0348956757888861 0.08392482984212815
-0.001926159051202334 0.02318944533328334 0.07835819274877481
-0.00550429783628468 0.03407717345832614 0.07635260742650653
0.001826528365936298 0.01934552256208007 0.0237255032427701
0.003291650074504325 -0.008237680028693921 0.009157594091803348
0.007092365860144284 0.01166462456596155 0.0327201523977185
0.001449565658020504 0.03289730124686246 0.08445055627265792
0.006622466485249574 0.02795473404908531 0.06770009054218969
0.004450260773193914 0.007673661186571173 0.05675825720598491
0.0001945725726415393 0.02301717670052264 0.03939678878562278
-0.009212199629465206 0.01780875438761049 0.06217775584045035
0.004565014414051415 0.002163342237341524 0.03562086190711066
-0.003039265080516716 0.005155506479808623 0.03032192923818702
0.002865810621017841 0.03305714116159509 0.07260128324200217
-0.008045583781479846 0.006918125931800001 0.04654447367927252
0.01031678724719016 0.009580189213340628 0.03603909753723626
0.003993548235101855 0.0185093300557705 0.04255376421488508
0.002014503187324845 0.01681791575337351 0.06450908787937
-0.009284156849590918 0.005567605565850703 0.03166442534650564
0.005083905291444923 0.005475439712672414 0.05068794591179399
-0.007704439413837081 0.009290343927495946 0.00780688703985879
0.006562464925210964 0.01596357738012057 0.07923376645187229
-0.01054342167913676 0.01122448159891404 0.02994313062857441
-0.003414449056712311 0.01650126219176736 0.07798481746702576
0.00342215460161142 0.009286716165277055 0.01397041493141204
0.01145180363832776 0.02870134270615183 0.08214776905226936
0.005615492536612507 0.01969626743110776 0.07245773333899921
-0.003269875601965843 0.005741282831632073 0.05506211907966731
0.01073651710090113 0.01425061405563634 0.04445266966156954
-0.001132766385708995 0.03477272271142805 0.07449448307626715
-0.006092239676469919 0.003862681279042002 0.01102057032744633
-0.001427207820633684 0.002705285763098709 0.02518040613370172
-0.003074146093510152 0.0266231704795071 0.0841268573007341
0.004329005325815366 0.01398449870963584 0.01295013471098288
-0.003912250222852725 0.02537138427975179 0.09233185729574775
0.009264664955227379 0.01181922483184415 0.05600958567486106
0.001737792744546199 0.02370393068043916 0.06184326313831798
0.004098467449039479 0.0316017278869828 0.08635417560461216
-0.004778292364750829 0.02294364534295214 0.04381454610260792
0.005050562901625274 -0.005601604356770717 0.008293824074259146
-0.002892142404812156 0.00999372711786092 0.01363912090347274
-0.002136527171345283 0.01488035529736918 0.03830638431346798
0.009310411942005615 0.003718554964241899 0.02480603952039466
0.002955540336117922 0.01237625253148842 0.007704743528657131
-0.006311076217694892 0.00656869025017883 0.02775118521585232
0.006271755722079096 -0.003100209096069084 0.01975783825533081
0.002635930709308174 0.02235853982214227 0.07757408705306502
0.002955551726556069 0.0224208411551595 0.05605548323240949
-0.003939241647443089 0.01982463234325363 0.05270263468435021
-0.01052476394650825 -0.003675786539533197 0.01325105646519003
0.0102943577349609 0.0114928201735957 0.03221637325232198
-0.006276844784856623 0.02008815627815927 0.06195239496261553
-0.005875418209073907 0.002661543880507776 0.03380779643680068
-0.003797611791997711 0.01813567059441906 0.07186911637038315
0.001046243387835964 0.02993323145580124 0.08226939542218947
-0.007409172189110592 -0.0003249311338994797 0.0208772830210763
0.007614218105858279 -0.00702365901645789 0.01364744355878301
-0.004644430199029115 0.03130802780639815 0.08214731444990381
0.004891974394349163 0.00154622330288057 0.03227568729804155
-0.005584480599206854 0.01702700582275883 0.04085804048127713
0.006116933016791859 0.001205417571891897 0.0286062453533989
0.0005431782507402754 0.02607687949256373 0.06592299531873255
0.01128505307310811 0.02508607468900783 0.08098495599866398
-0.003058821071936026 0.006184623628403801 0.03666183300187584
-0.0003024732545151977 0.005067444780859517 0.01412948882133828
-0.00183267579762484 0.01897647069561301 0.09566650434564124
-0.004263775191973986 0.008504061578628699 0.01068069951540736
0.002536893627936145 0.01606974456885398 0.0294674453621053
-0.002338988024849849 0.02034655132644998 0.08912411946554862
-0.002113039718850474 0.01019641137063996 0.03415788143957339
-0.000493143320285829 -0.008050058989762306 0.01774668649371016
-0.004871333753560401 0.02924791784327221 0.08803936981367977
-0.000605442990901332 -0.004347470380918216 0.01591531162860744
0.01034606508921142 0.009559430595444594 0.02493964925758757
-0.005742844678067988 -0.006645174121329638 0.017243551866272
0.01002334859763325 0.01534593779275072 0.032878394295854
0.01010110871937864 0.02274872244418177 0.08968535512955425
-0.006822933524888303 0.01955561360588364 0.03246625764116936
-0.0117112323962928 0.002357592666049024 0.01081213559921671
0.002953974782009459 0.03572394721838286 0.07637369042170088
0.005468444926283008 0.01380992252255882 0.0595707305616578
-0.009815897229093349 0.008798930122923208 0.0137945220581305
-0.004790536459448327 0.0212403358209374 0.08450971193639507
-0.009768771264810541 0.01776822621019033 0.0563805762216812
-0.01015097773202489 0.02055799148851888 0.08086660480799868
0.005308776966553135 0.02055692031984514 0.03266815993816379
-0.008148640786284187 0.005870586890799337 0.04002273681137015
0.009455368156375838 0.0196746384939155 0.06474352162100457
0.003443062185192481 0.02939008876179926 0.0897971485699037
-0.009370321701480479 0.02877257407727037 0.09096944463875839
0.000730525626472103 0.02586593674929079 0.08616920705860803
-0.001580857980440306 0.01224925411753782 0.03154084653181979
-0.00246417070252121 0.01682682874150183 0.02115005559196867
0.0001727794186221387 0.03644085026647244 0.08845325044092439
0.003113449226785049 0.01351398065362399 0.04487497692421041
0.01048401591926211 0.01719405220644407 0.04433719766457619
-0.004068361378564462 0.02475449325267602 0.06460213003193531
0.005773395762299866 0.01069808002330595 0.03924610354524113
0.005366523105963614 0.01057310480002057 0.04352901731155644
0.004357585402997096 0.01927403491165727 0.08229374749592343
0.006066289851630375 0.01277884592777785 0.03551760630610678
-0.00549997887483521 0.01048890472487236 0.0292623693779793
0.0008426501350436404 0.004166589134590901 0.05077469280067937
0.004264239624275096 0.01759951604921281 0.0337773594320351
-0.009677300841619062 0.01066977013278709 0.0495068222567735
-0.003069867778028695 0.01272653029187817 0.01833427351138917
0.001048239494229978 0.01635727088149164 0.01604751597687255
0.01065547219533472 -0.002390687489713765 0.01517746044930508
-0.008855255544230084 0.01733929792459247 0.07006565280249968
-0.002257896367476891 0.01453307624772025 0.04659603364456732
0.001629836039842171 0.01793702094404801 0.05075383731753724
-0.01083166558941892 0.02984993168030451 0.08171287915739357
0.001882190127452564 0.03683506008784362 0.08026206407004595
-0.0006219640415203562 0.02943690010050706 0.07192023247680275
-0.01048052684686425 0.02742522397564799 0.07659371715760238
-0.000675185402956551 0.02866891513863607 0.0622813551347506
0.007846030714984367 0.02654753994197709 0.08504987279591866
-0.005366538855888973 0.002869044060995594 0.01596841835987721
-0.001345459903602571 0.02186405035336123 0.04912432780414525
0.001346921235767084 0.02187813215865548 0.06793903070987695
-0.006069231620241594 0.02358522706236632 0.05044145687680205
-0.004492230937210889 0.01754788482711671 0.03237517645444381
-0.007191263360420178 0.02303328543111915 0.08335072758051387
-0.004104650648427945 0.01539440521908832 0.01601690659920882
-0.002831754997172463 0.01349667447602803 0.0795478122398996
0.00236499611271678 -0.003617129551266595 0.01591873169981186
0.009272310377241254 0.02016034904661352 0.05065327781084005
-0.006641205912846418 0.01973973917022906 0.07741830429483916
0.0008259603712659268 0.01919124246436732 0.03819747594764014
0.005809589776171327 4.31433281289275e-05 0.02453371046365575
-0.009170879277122687 0.005636449062880519 0.02226532146678429
-0.008343185661191193 0.00493493024598661 0.00730298533709273
0.007031151966170493 0.02906561194832148 0.08070162918275736
-0.0002536958455953513 0.003541956185561146 0.006274882052910509
-0.0008462295955960473 0.02050842711909165 0.07683335072168379
0.001829240804917069 0.03216351217275194 0.07850769600499512
-0.006766856884866067 0.01353329949454023 0.03393705797917502
0.001010022855410876 0.002360228339685644 0.02696469780193833
-0.003591946308590236 0.01723267654389386 0.06901507136958102
0.002553050551696581 0.03054438372883859 0.06780290863058955
-0.006003008224172884 0.01713435461611382 0.09040369384962293
-0.003968163713890253 0.02643118550453635 0.06968327581218309
0.00077910382911312 0.01199151163151233 0.04693239397029155
-0.00444290896444064 0.02630000437996754 0.08099070816025272
-0.005945096908411363 0.01683422442368622 0.08717628054479416
0.007403376308250312 0.02443208948238591 0.08133026047453051
-0.0005758102219502735 0.01702897417341507 0.02964616398000944
0.009163859386473287 0.007346145931725999 0.04028613990978853
-0.007751074317985458 0.002966845083794589 0.03145238487355251
0.0009991982752032185 0.005891296622887804 0.04624621913551231
-0.005570003914419742 0.01097994425388569 0.04847523901677483
-0.004993365845923817 0.008852398974220937 0.04363781096697124
0.007600477090986043 0.00207560255654373 0.01309036000143306
0.0001365527812428328 -0.004466572569342413 0.02067510605718373
-0.0002564182352804043 0.02003775129303846 0.0465152978872171
-0.009536972313324354 0.003220570049652265 0.01285512730520644
-0.001886527647810986 -0.001705580075995351 0.0252352787453707
-0.006974988956002341 0.01481764610694525 0.07479256925695178
-0.001348183436669685 0.02111092150967078 0.02851705525984045
-0.00488565527054911 0.02149502928937703 0.09092305674736184
0.002364803935150299 0.03346505331850835 0.09281634298082378
0.003835653098034054 -1.564831632790359e-05 0.03001266738880302
-0.006647809783523684 0.02546895347566548 0.0753401757027853
-0.01162964912288977 0.02786714472204765 0.08529474718759661
0.004970128004477875 0.0361899859554887 0.08175948119342509
-0.0001750769985616052 0.01460864571640965 0.04126358242902098
-0.01075443353540049 0.0163975109784914 0.04279124978837098
-0.007518319191623745 0.01658326675642097 0.08143050311273493
-0.009732103046170193 0.01622869125541312 0.03519998532857802
0.006322742749694988 0.01548959576314285 0.01977433842196291
-0.005117957026087095 0.02614466036752902 0.05899492759045735
-0.003119991089656457 0.02419220881599611 0.06017350184833956
0.0101722395135667 0.0104994099100291 0.05064638081827023
0.00975768092107346 0.009742891389996138 0.01324904240117806
0.0007275551925433272 0.02615199344607182 0.07649819992322633
-0.0009019259090467727 -0.007151703497724747 0.01264908148172426
-0.005413665311765267 0.01803411795471076 0.07946076291506017
-0.003271150154863293 0.01417534631370979 0.06421560269730289
-0.004457047145123667 0.005301986310504982 0.006549324942511182
-0.002836967518025565 -0.001264681927951481 0.006949620632783962
0.002227859939974654 0.01179246989080478 0.03133100821369309
0.008262907908246875 0.005211566814195706 0.03553971337426367
0.003803499564267767 0.0217068803785467 0.06588947109909321
-0.006906100040612624 0.01439636661572044 0.018734317471573
0.001350761302821199 0.005616085541561532 0.04069298139248181
0.007734563851981072 0.02983578212358978 0.07278138674421128
0.006641390403280545 0.02251455620883222 0.04599429622956065
0.008976684083387235 0.007295847827132215 0.04655291658007069
0.005788894735883502 0.01717236207728298 0.08754871599854529
0.003063522673041406 0.03233467612489562 0.08151994821924405
0.00905580311091175 0.02266401913945609 0.06459776454502861
0.009050036991854129 0.0126479074624849 0.02026320044434422
0.01051750041031701 0.01005693021267494 0.04525274075926228
-0.0009176806902177359 0.02799991258676884 0.05946381878427365
-0.003000501341955038 0.003721654434551637 0.0481797747837308
0.003879344165703096 0.01423237393962711 0.06896418763133746
-0.004919931795628925 0.02769545897726632 0.06401172307672
0.00787548080028325 0.01356749494932146 0.01748233629378675
-0.006117551528991714 0.01510734541502314 0.03129197308823462
0.002709159206422411 0.01962494550388913 0.06923642790125696
0.0004464394666766613 -0.00270332724752376 0.007064918724119521
0.01149128796981295 0.003492121266687247 0.01473302492590666
0.007094814204953256 0.009470039113028265 0.02562502004662228
0.003457835339820808 0.02607857326885781 0.05401030926199128
-0.002401374833762657 0.01097739885322242 0.03757261693284644
-0.00474489361908124 0.005806806649095789 0.03322040273761314
0.003092857539058732 0.01113510891114048 0.06070363840059226
0.002881460136899239 0.02041131759158958 0.08808865515899304
-0.01092363271046677 0.02257020048261295 0.0876122724546668
-0.002058983626234553 0.01720727355233799 0.01774645660444675
0.003929089884219203 0.002450273099835509 0.009196837774898136
0.002148723184383996 0.02715297565706201 0.07037497925343832
-0.0002805854868263027 0.0184788718445539 0.06151007702747194
0.004146087844032407 0.01742236690890728 0.09314336744741576
0.007260549140255685 0.01530898976973132 0.05124909089538035
0.004430376550569395 0.0054029283836648 0.009849808034729674
-0.003576425987650424 0.00496751336923752 0.05199012538652346
0.007543293643531917 0.01269515561633067 0.04744614343032918
-0.003584352456145292 -0.003197039517171741 0.01594429414211451
0.003663086224037008 0.02735406839760849 0.07817678210470516
-0.005422239501544857 -0.004751654825244395 0.01197743058999426
0.00394492736030783 0.02348168460747045 0.08262437397523528
-0.01182666535272401 0.0271832809520126 0.08147881892739653
0.001233733693828602 0.01594232576625039 0.07710642644936658
-0.01039538415549971 0.0215415261512285 0.07604309618079649
-0.007003836237008324 0.034404719000487 0.08810222981264926
0.01130140548039339 0.003900475370745401 0.00927983769675593
-0.01017347866813585 0.01331296164088292 0.05348850127522679
-0.003478182163454425 0.0326973859971664 0.07237097322045508
-0.0007352767977034122 0.02448562713005436 0.08868693007166265
-0.000187425698552558 0.01148963842818811 0.01616911619726236
-0.004522108093901904 -0.009593475047199016 0.01096183103951818
-0.006197645049436028 0.01048955563745453 0.03746862464719215
0.002332650749223913 0.01019036088810615 0.02412785323288032
0.006099345970404788 0.03566250809961584 0.08589315726428599
0.007225530180513992 0.02080336602496276 0.03884561418489142
-0.0003594409006068531 0.00647652294459029 0.02697882538937845
0.007524344673823718 -0.004817176056772 0.01761300627440012
0.000960269550229563 0.007356558024569378 0.02381462765020086
0.004311425819667855 0.01563696748152577 0.08446534388596615
0.01068284174772686 0.009640593272336876 0.02791361994871941
-0.009108476777226659 -0.004499920786622872 0.0161948118224273
0.007408231214993557 0.01445273209060486 0.04460890444043455
-0.0004380021525466991 0.01001280109212567 0.02873633417222683
0.006315941875799915 0.02414088468946289 0.05133785084628335
-0.008987415976429871 0.00359163652773333 0.02463238280985552
0.004993311905648056 0.0260334583593206 0.05787291578433185
-0.01071136225553703 0.0159283857001989 0.04848126738961305
0.001724744975410391 0.01130368374050632 0.02708667783475132
0.004085314248302681 0.02387658335875916 0.04380298090433791
-0.006587543057863184 0.007178783116764084 0.0120811819966447
0.001005963270134956 0.0145963792248251 0.06733578682977369
0.0008796069122972852 0.02238631150422833 0.05302239892456088
-0.004745255701836253 0.001870293962856221 0.02229678506430226
0.001184869504182468 0.009064557163217024 0.0344261037639897
0.006776477171203183 0.0203266845462729 0.07702818761154107
0.007820617986279532 0.00855537029185947 0.05447936618405434
0.005293241975203159 0.00616859551144033 0.03591555795319772
0.001386081828314124 0.009321996972738429 0.01086104768737745
-0.006114889739057255 0.02834383749565201 0.09398618051096008
-0.002083337756898469 0.03206523163936852 0.09058610652226867
0.004492363603743315 0.01331408831248962 0.0216522924321364
0.00638152140860902 0.007199616964557951 0.0219738581911853
-0.007879843157365122 0.02164457526029436 0.04867855490061445
0.01083088230708396 -0.001579700831013615 0.01004498071282576
-0.003437537417357899 0.006840139827083591 0.05947498175505591
-0.0005470109907171096 0.007093650831827699 0.05909754529094723
0.009121054427965672 0.02105013263728017 0.05529917085967473
-0.005695778136145369 0.02234842471601312 0.07421780240165574
$EndNodes
$Elements
2 12991 1 12991
2 1 2 2706
1 1 2 3 
2 28 2 1 
3 3 552 1 
4 28 1 485 
5 485 1 552 
6 479 3 2 
7 28 29 2 
8 574 2 29 
9 479 2 574 
10 479 1278 3 
11 552 3 1273 
12 1278 1273 3 
13 4 5 6 
14 4 427 5 
15 4 6 1260 
16 4 228 230 
17 4 1260 228 
18 427 4 230 
19 226 6 5 
20 209 5 210 
21 209 226 5 
22 427 210 5 
23 226 227 6 
24 227 787 6 
25 787 1260 6 
26 7 8 9 
27 30 8 7 
28 7 9 419 
29 30 7 31 
30 7 1285 31 
31 7 419 1285 
32 9 8 978 
33 8 30 543 
34 8 543 515 
35 567 8 515 
36 567 978 8 
37 867 419 9 
38 9 978 867 
39 10 11 12 
40 74 11 10 
41 12 1081 10 
42 74 10 705 
43 706 705 10 
44 10 1348 706 
45 1081 1348 10 
46 288 12 11 
47 74 75 11 
48 1127 11 75 
49 1127 288 11 
50 287 12 288 
51 12 287 912 
52 1081 12 912 
53 13 14 15 
54 14 13 1226 
55 15 760 13 
56 13 612 611 
57 1226 13 611 
58 760 612 13 
59 15 14 1148 
60 14 103 102 
61 102 1148 14 
62 103 14 1226 
63 760 15 761 
64 15 1150 761 
65 15 1148 1150 
66 16 17 18 
67 16 1186 17 
68 16 18 109 
69 16 109 840 
70 840 841 16 
71 16 841 1186 
72 76 18 17 
73 76 17 886 
74 93 886 17 
75 93 17 1186 
76 76 172 18 
77 107 109 18 
78 107 18 172 
79 19 20 21 
80 297 20 19 
81 21 54 19 
82 669 19 54 
83 297 19 266 
84 669 266 19 
85 21 20 517 
86 20 297 305 
87 20 305 306 
88 306 517 20 
89 54 21 55 
90 21 324 55 
91 21 517 324 
92 22 23 24 
93 23 22 295 
94 24 601 22 
95 152 22 601 
96 857 22 152 
97 22 857 295 
98 23 374 24 
99 23 295 1280 
100 331 332 23 
101 23 1280 331 
102 332 374 23 
103 1126 24 374 
104 922 601 24 
105 922 24 1126 
106 25 26 27 
107 25 681 26 
108 27 779 25 
109 25 976 681 
110 779 1153 25 
111 1153 976 25 
112 95 27 26 
113 94 95 26 
114 94 26 680 
115 681 680 26 
116 456 27 95 
117 27 456 778 
118 778 779 27 
119 470 29 28 
120 113 114 28 
121 113 28 485 
122 470 28 114 
123 86 88 29 
124 29 470 86 
125 574 29 88 
126 31 385 30 
127 385 384 30 
128 384 543 30 
129 385 31 802 
130 802 31 803 
131 1285 803 31 
132 32 33 34 
133 762 33 32 
134 1089 32 34 
135 32 1091 762 
136 1089 1067 32 
137 1091 32 1067 
138 1150 34 33 
139 33 407 406 
140 1150 33 406 
141 762 407 33 
142 34 1016 1017 
143 34 1150 1016 
144 1089 34 1017 
145 35 36 37 
146 35 735 36 
147 91 35 37 
148 35 91 90 
149 90 736 35 
150 735 35 736 
151 37 36 96 
152 96 36 97 
153 346 97 36 
154 735 346 36 
155 127 91 37 
156 96 531 37 
157 127 37 531 
158 38 39 40 
159 38 416 39 
160 1331 38 40 
161 416 38 725 
162 1075 725 38 
163 1331 1075 38 
164 39 92 40 
165 239 92 39 
166 39 240 239 
167 39 416 240 
168 92 93 40 
169 1187 40 93 
170 40 1187 1331 
171 41 42 43 
172 339 42 41 
173 41 43 1018 
174 339 41 340 
175 340 41 1035 
176 1035 41 1018 
177 42 892 43 
178 339 905 42 
179 593 42 594 
180 593 892 42 
181 905 594 42 
182 892 913 43 
183 43 913 983 
184 983 1018 43 
185 44 45 46 
186 45 44 178 
187 46 154 44 
188 154 216 44 
189 285 178 44 
190 44 216 283 
191 321 44 283 
192 321 285 44 
193 45 358 46 
194 224 173 45 
195 358 45 173 
196 224 45 178 
197 46 135 154 
198 46 358 135 
199 47 48 49 
200 48 47 173 
201 47 49 311 
202 358 173 47 
203 311 310 47 
204 47 310 358 
205 49 48 207 
206 48 173 174 
207 174 249 48 
208 249 207 48 
209 205 204 49 
210 49 204 311 
211 205 49 207 
212 50 51 52 
213 51 50 733 
214 50 52 1061 
215 50 136 138 
216 136 50 350 
217 138 605 50 
218 1061 350 50 
219 733 50 605 
220 1299 52 51 
221 51 733 1114 
222 1299 51 1114 
223 1060 1061 52 
224 52 1178 1060 
225 1178 52 1299 
226 53 54 55 
227 54 53 480 
228 979 53 55 
229 416 725 53 
230 416 53 979 
231 725 480 53 
232 480 669 54 
233 324 1352 55 
234 979 55 1352 
235 56 57 58 
236 57 56 832 
237 563 56 58 
238 563 516 56 
239 56 516 769 
240 56 769 832 
241 856 58 57 
242 104 106 57 
243 57 832 104 
244 57 106 856 
245 58 653 563 
246 58 724 653 
247 58 856 724 
248 59 60 61 
249 59 492 60 
250 243 59 61 
251 243 796 59 
252 59 493 492 
253 59 796 493 
254 61 60 609 
255 60 492 247 
256 60 247 935 
257 609 60 828 
258 935 828 60 
259 61 723 243 
260 609 723 61 
261 62 63 64 
262 62 454 63 
263 64 1078 62 
264 62 1173 454 
265 62 1078 1079 
266 1079 1173 62 
267 1237 64 63 
268 415 63 454 
269 415 1204 63 
270 1237 63 1204 
271 880 64 440 
272 1237 440 64 
273 880 1078 64 
274 65 66 67 
275 554 66 65 
276 486 65 67 
277 65 408 409 
278 486 408 65 
279 65 409 1125 
280 65 1125 554 
281 1085 67 66 
282 554 809 66 
283 809 810 66 
284 66 810 1085 
285 67 534 486 
286 534 67 591 
287 591 67 1085 
288 68 69 70 
289 68 97 69 
290 68 70 532 
291 96 97 68 
292 96 68 531 
293 531 68 532 
294 70 69 514 
295 130 69 97 
296 130 421 69 
297 514 69 421 
298 70 514 515 
299 996 70 515 
300 70 1142 532 
301 70 996 1142 
302 71 72 73 
303 71 497 72 
304 73 1033 71 
305 315 463 71 
306 315 71 1033 
307 463 1144 71 
308 71 1144 497 
309 354 73 72 
310 90 89 72 
311 89 354 72 
312 90 72 497 
313 354 872 73 
314 1248 73 872 
315 1248 1033 73 
316 75 74 980 
317 705 981 74 
318 74 981 980 
319 980 1093 75 
320 1093 1118 75 
321 1118 1127 75 
322 76 678 172 
323 678 76 886 
324 77 78 79 
325 77 957 78 
326 77 79 1012 
327 77 1316 957 
328 1012 1184 77 
329 1316 77 1184 
330 499 79 78 
331 499 78 673 
332 673 78 958 
333 957 958 78 
334 192 79 193 
335 192 1012 79 
336 499 193 79 
337 80 81 82 
338 81 80 316 
339 80 82 782 
340 1270 316 80 
341 80 782 1270 
342 82 81 1034 
343 315 81 316 
344 315 1033 81 
345 81 1033 1034 
346 727 704 82 
347 82 704 782 
348 1207 727 82 
349 1034 1207 82 
350 83 84 85 
351 83 602 84 
352 85 794 83 
353 83 1296 602 
354 1176 83 794 
355 1176 1296 83 
356 373 85 84 
357 84 1126 373 
358 602 604 84 
359 922 84 604 
360 922 1126 84 
361 85 373 826 
362 904 794 85 
363 85 826 904 
364 86 87 88 
365 86 989 87 
366 86 470 1155 
367 86 1155 989 
368 741 88 87 
369 637 87 638 
370 741 87 637 
371 87 989 638 
372 574 88 741 
373 89 90 91 
374 91 309 89 
375 649 89 309 
376 89 649 354 
377 497 736 90 
378 127 309 91 
379 92 886 93 
380 239 679 92 
381 886 92 679 
382 1186 1187 93 
383 94 758 95 
384 813 94 680 
385 813 758 94 
386 456 95 364 
387 95 758 364 
388 346 130 97 
389 98 99 100 
390 806 99 98 
391 98 100 1013 
392 629 628 98 
393 628 806 98 
394 98 1013 629 
395 1118 100 99 
396 99 806 1162 
397 99 1290 1118 
398 99 1162 1290 
399 884 100 885 
400 884 1013 100 
401 1093 885 100 
402 1118 1093 100 
403 101 102 103 
404 101 558 102 
405 167 101 103 
406 101 167 169 
407 101 169 558 
408 1130 102 558 
409 102 1130 1148 
410 155 156 103 
411 155 103 1202 
412 156 167 103 
413 1226 1202 103 
414 104 105 106 
415 104 471 105 
416 948 471 104 
417 104 832 948 
418 105 936 106 
419 105 328 936 
420 328 105 1038 
421 105 471 472 
422 1038 105 472 
423 856 106 855 
424 855 106 936 
425 107 108 109 
426 803 108 107 
427 107 172 907 
428 803 107 907 
429 108 451 109 
430 108 144 451 
431 144 108 1285 
432 803 1285 108 
433 840 109 451 
434 110 111 112 
435 111 110 505 
436 110 112 302 
437 302 995 110 
438 110 1339 505 
439 1339 110 995 
440 702 112 111 
441 504 111 505 
442 504 814 111 
443 702 111 814 
444 302 112 798 
445 702 1156 112 
446 1156 798 112 
447 114 113 245 
448 244 245 113 
449 244 113 811 
450 485 811 113 
451 510 114 245 
452 470 114 947 
453 947 114 510 
454 115 116 117 
455 780 116 115 
456 691 115 117 
457 1247 115 691 
458 780 115 1310 
459 1247 1310 115 
460 388 117 116 
461 388 116 1063 
462 116 780 1062 
463 1062 1063 116 
464 388 448 117 
465 447 117 448 
466 691 117 447 
467 118 119 120 
468 118 1140 119 
469 263 118 120 
470 781 118 263 
471 781 783 118 
472 783 1140 118 
473 1193 120 119 
474 119 1140 1102 
475 1102 1164 119 
476 1193 119 1164 
477 263 120 1219 
478 1193 1219 120 
479 121 122 123 
480 310 122 121 
481 121 123 194 
482 134 135 121 
483 121 194 134 
484 135 310 121 
485 123 122 157 
486 122 235 157 
487 235 122 311 
488 310 311 122 
489 231 123 157 
490 194 123 259 
491 123 231 259 
492 124 125 126 
493 124 738 125 
494 126 500 124 
495 363 362 124 
496 738 124 362 
497 124 500 363 
498 383 126 125 
499 383 125 425 
500 425 125 562 
501 125 640 562 
502 738 640 125 
503 366 367 126 
504 383 366 126 
505 126 367 500 
506 127 128 129 
507 127 531 128 
508 127 129 307 
509 307 309 127 
510 964 129 128 
511 532 128 531 
512 532 829 128 
513 964 128 829 
514 307 129 708 
515 129 504 708 
516 964 504 129 
517 345 130 346 
518 345 422 130 
519 130 422 421 
520 131 132 133 
521 131 1253 132 
522 131 133 844 
523 844 1320 131 
524 131 1326 1253 
525 1320 1326 131 
526 271 133 132 
527 271 132 1223 
528 334 1223 132 
529 132 1253 334 
530 271 522 133 
531 524 133 522 
532 524 844 133 
533 134 154 135 
534 134 217 154 
535 134 194 293 
536 293 217 134 
537 135 358 310 
538 136 137 138 
539 136 1243 137 
540 449 136 350 
541 136 449 1243 
542 137 1031 138 
543 1123 1031 137 
544 1123 137 1225 
545 1243 1225 137 
546 605 138 1049 
547 1031 1049 138 
548 139 140 141 
549 638 140 139 
550 141 1341 139 
551 637 638 139 
552 139 1341 637 
553 476 141 140 
554 1058 476 140 
555 140 638 1179 
556 1058 140 1041 
557 140 1179 1041 
558 476 478 141 
559 478 902 141 
560 141 902 1341 
561 142 143 144 
562 245 143 142 
563 142 144 419 
564 245 142 509 
565 419 867 142 
566 867 509 142 
567 143 451 144 
568 245 244 143 
569 697 143 244 
570 143 697 451 
571 1285 419 144 
572 145 146 147 
573 145 546 146 
574 145 147 465 
575 465 1011 145 
576 145 912 546 
577 145 1081 912 
578 145 1011 1081 
579 146 1044 147 
580 545 146 546 
581 1045 146 545 
582 146 1045 1044 
583 147 464 465 
584 147 1264 464 
585 1264 147 1044 
586 148 149 150 
587 822 149 148 
588 1294 148 150 
589 822 148 1182 
590 1229 1182 148 
591 1229 148 1294 
592 520 150 149 
593 149 629 520 
594 149 628 629 
595 628 149 822 
596 520 1251 150 
597 1251 1252 150 
598 150 1252 1294 
599 151 152 153 
600 151 858 152 
601 153 960 151 
602 960 664 151 
603 1241 151 664 
604 1241 858 151 
605 153 152 601 
606 857 152 858 
607 921 153 601 
608 921 711 153 
609 960 153 711 
610 216 154 217 
611 1225 156 155 
612 805 1123 155 
613 805 155 1202 
614 1225 155 1123 
615 156 468 167 
616 156 469 468 
617 469 156 1225 
618 157 264 231 
619 157 235 342 
620 342 264 157 
621 158 159 160 
622 158 955 159 
623 815 158 160 
624 815 618 158 
625 1002 158 618 
626 1002 955 158 
627 160 159 993 
628 852 159 863 
629 159 852 993 
630 955 863 159 
631 993 813 160 
632 1113 160 813 
633 160 1117 815 
634 160 1113 1117 
635 161 162 163 
636 161 808 162 
637 161 163 1196 
638 974 808 161 
639 974 161 975 
640 1196 975 161 
641 1183 163 162 
642 809 162 808 
643 162 809 967 
644 162 967 1183 
645 556 555 163 
646 163 555 1196 
647 1183 556 163 
648 164 165 166 
649 165 164 599 
650 166 1178 164 
651 164 1299 599 
652 1178 1299 164 
653 166 165 1227 
654 165 599 1064 
655 165 1064 1327 
656 1327 1227 165 
657 908 166 642 
658 166 1227 642 
659 908 1177 166 
660 1177 1178 166 
661 167 168 169 
662 168 167 468 
663 169 168 1006 
664 1007 168 468 
665 1006 168 1007 
666 558 169 580 
667 580 169 1006 
668 170 171 172 
669 171 170 1032 
670 170 172 678 
671 170 634 380 
672 170 380 1032 
673 678 634 170 
674 171 907 172 
675 906 907 171 
676 906 171 1032 
677 224 174 173 
678 174 224 184 
679 174 184 1083 
680 174 1083 249 
681 175 176 177 
682 176 175 240 
683 175 177 635 
684 175 239 240 
685 239 175 679 
686 635 679 175 
687 176 1194 177 
688 176 240 982 
689 745 746 176 
690 176 982 745 
691 176 746 1194 
692 177 966 635 
693 177 965 966 
694 965 177 1194 
695 224 178 225 
696 178 284 225 
697 284 178 285 
698 179 180 181 
699 179 519 180 
700 181 191 179 
701 179 191 592 
702 179 684 519 
703 179 592 684 
704 292 181 180 
705 180 213 290 
706 372 213 180 
707 180 290 292 
708 519 372 180 
709 191 181 547 
710 181 292 291 
711 291 438 181 
712 547 181 438 
713 182 183 184 
714 335 183 182 
715 182 184 225 
716 182 225 325 
717 182 325 365 
718 335 182 365 
719 183 1083 184 
720 343 183 335 
721 183 343 1083 
722 184 224 225 
723 185 186 187 
724 185 1312 186 
725 187 1256 185 
726 1257 185 1256 
727 1282 185 1257 
728 185 1282 1312 
729 187 186 214 
730 214 186 215 
731 215 186 1312 
732 187 214 461 
733 460 187 461 
734 1256 187 460 
735 188 189 190 
736 188 435 189 
737 188 190 1171 
738 435 188 1333 
739 188 1171 1302 
740 188 1302 1333 
741 333 190 189 
742 333 189 334 
743 437 334 189 
744 435 437 189 
745 333 402 190 
746 190 402 1324 
747 190 1172 1171 
748 1172 190 1324 
749 547 548 191 
750 191 548 592 
751 192 193 714 
752 192 714 713 
753 192 713 1012 
754 1086 193 499 
755 1087 714 193 
756 1086 1087 193 
757 194 259 293 
758 195 196 197 
759 195 914 196 
760 197 234 195 
761 728 195 234 
762 728 575 195 
763 195 575 914 
764 197 196 202 
765 202 196 203 
766 203 196 988 
767 196 914 988 
768 824 197 202 
769 197 824 234 
770 198 199 200 
771 199 198 507 
772 744 198 200 
773 507 198 508 
774 508 198 588 
775 744 588 198 
776 199 711 200 
777 507 1314 199 
778 711 199 1056 
779 1314 1056 199 
780 710 200 711 
781 200 710 1028 
782 744 200 1028 
783 201 202 203 
784 202 201 956 
785 203 835 201 
786 481 956 201 
787 481 201 1054 
788 1054 201 835 
789 845 824 202 
790 202 956 845 
791 203 1003 835 
792 988 1003 203 
793 204 205 206 
794 206 236 204 
795 235 204 236 
796 235 311 204 
797 205 208 206 
798 205 207 208 
799 237 206 208 
800 290 236 206 
801 206 237 290 
802 208 207 238 
803 249 238 207 
804 329 237 208 
805 329 208 238 
806 209 210 812 
807 226 209 795 
808 1170 795 209 
809 1170 209 812 
810 427 426 210 
811 426 583 210 
812 900 210 583 
813 900 812 210 
814 211 212 213 
815 211 342 212 
816 211 213 372 
817 211 341 342 
818 341 211 506 
819 371 211 372 
820 371 506 211 
821 212 236 213 
822 235 236 212 
823 235 212 342 
824 290 213 236 
825 214 215 1328 
826 461 214 1232 
827 1249 1232 214 
828 1249 214 1250 
829 214 1328 1250 
830 1312 1062 215 
831 1062 1342 215 
832 1342 1328 215 
833 216 217 355 
834 216 356 283 
835 216 355 356 
836 293 357 217 
837 355 217 357 
838 218 219 220 
839 218 1008 219 
840 218 220 838 
841 751 218 527 
842 218 838 527 
843 1008 218 751 
844 473 220 219 
845 219 1330 473 
846 1112 219 1008 
847 219 1112 1330 
848 473 475 220 
849 475 748 220 
850 220 748 838 
851 221 222 223 
852 1154 222 221 
853 390 221 223 
854 221 390 925 
855 1163 221 925 
856 221 1163 1154 
857 223 222 1288 
858 1154 1195 222 
859 222 1195 1289 
860 1289 1288 222 
861 223 253 255 
862 1288 253 223 
863 255 390 223 
864 325 225 284 
865 226 1254 227 
866 1070 226 795 
867 1254 226 1070 
868 749 750 227 
869 749 227 1283 
870 227 750 787 
871 1254 1283 227 
872 228 229 230 
873 1238 229 228 
874 924 228 777 
875 228 1260 777 
876 924 1238 228 
877 230 229 560 
878 743 560 229 
879 229 1215 743 
880 1238 1215 229 
881 230 426 427 
882 230 560 426 
883 259 231 250 
884 304 250 231 
885 231 264 304 
886 232 233 234 
887 232 274 233 
888 232 234 824 
889 232 502 274 
890 232 462 502 
891 232 737 462 
892 737 232 824 
893 234 233 728 
894 233 274 276 
895 233 276 728 
896 290 237 292 
897 237 291 292 
898 329 291 237 
899 238 249 382 
900 329 238 330 
901 382 330 238 
902 982 240 416 
903 241 242 243 
904 241 417 242 
905 241 243 723 
906 241 433 417 
907 433 241 549 
908 723 549 241 
909 796 243 242 
910 242 417 318 
911 726 242 318 
912 242 726 796 
913 244 811 697 
914 245 509 510 
915 246 247 248 
916 778 247 246 
917 246 248 1052 
918 778 246 779 
919 779 246 1053 
920 1052 1053 246 
921 248 247 492 
922 935 247 778 
923 491 248 492 
924 491 615 248 
925 1052 248 615 
926 1083 382 249 
927 250 251 252 
928 250 304 251 
929 252 430 250 
930 344 259 250 
931 344 250 430 
932 280 252 251 
933 280 251 281 
934 286 281 251 
935 251 304 286 
936 280 518 252 
937 518 430 252 
938 253 254 255 
939 253 898 254 
940 898 253 899 
941 1288 899 253 
942 1319 255 254 
943 254 439 441 
944 439 254 898 
945 254 441 1268 
946 254 1268 1319 
947 255 767 390 
948 1319 767 255 
949 256 257 258 
950 256 466 257 
951 256 258 415 
952 413 256 414 
953 413 466 256 
954 256 415 414 
955 860 258 257 
956 1317 257 466 
957 859 860 257 
958 859 257 1318 
959 1318 257 1317 
960 1204 415 258 
961 860 1237 258 
962 258 1237 1204 
963 293 259 344 
964 260 261 262 
965 261 260 910 
966 262 1218 260 
967 347 260 348 
968 347 910 260 
969 1218 348 260 
970 261 880 262 
971 880 261 1255 
972 1082 261 910 
973 261 1082 1255 
974 439 262 440 
975 439 1218 262 
976 262 880 440 
977 781 263 1271 
978 263 1219 1337 
979 1271 263 1337 
980 264 286 304 
981 341 286 264 
982 341 264 342 
983 265 266 267 
984 265 297 266 
985 1004 265 267 
986 297 265 807 
987 595 807 265 
988 1004 595 265 
989 266 668 267 
990 266 669 668 
991 1084 267 668 
992 1004 267 1039 
993 1084 1039 267 
994 268 269 270 
995 269 268 786 
996 270 541 268 
997 541 785 268 
998 268 785 786 
999 303 270 269 
1000 301 303 269 
1001 269 920 301 
1002 269 786 920 
1003 630 270 303 
1004 539 541 270 
1005 630 539 270 
1006 271 272 273 
1007 271 1223 272 
1008 271 273 522 
1009 273 272 1308 
1010 1098 272 1099 
1011 1098 1308 272 
1012 1223 1099 272 
1013 522 273 873 
1014 873 273 1250 
1015 1308 1250 273 
1016 274 275 276 
1017 401 275 274 
1018 401 274 502 
1019 559 276 275 
1020 275 401 428 
1021 428 503 275 
1022 275 503 559 
1023 276 559 576 
1024 276 576 728 
1025 277 278 279 
1026 277 1273 278 
1027 277 279 1230 
1028 277 1230 1076 
1029 277 1076 1332 
1030 1273 277 1274 
1031 1274 277 1332 
1032 1208 279 278 
1033 1208 278 1137 
1034 1278 1137 278 
1035 1278 278 1273 
1036 1208 1084 279 
1037 1084 1230 279 
1038 280 281 282 
1039 282 699 280 
1040 518 280 639 
1041 699 639 280 
1042 282 281 533 
1043 496 281 286 
1044 496 533 281 
1045 282 533 720 
1046 698 699 282 
1047 282 720 698 
1048 321 283 428 
1049 283 356 428 
1050 418 284 285 
1051 284 423 325 
1052 423 284 418 
1053 320 285 321 
1054 320 418 285 
1055 496 286 341 
1056 287 288 289 
1057 287 289 1224 
1058 1224 912 287 
1059 289 288 774 
1060 1290 774 288 
1061 1290 288 1127 
1062 460 461 289 
1063 460 289 774 
1064 1224 289 461 
1065 329 391 291 
1066 291 391 438 
1067 357 293 344 
1068 294 295 296 
1069 294 1280 295 
1070 1207 294 296 
1071 1280 294 991 
1072 1298 991 294 
1073 1298 294 1207 
1074 857 296 295 
1075 727 296 703 
1076 1346 703 296 
1077 296 727 1207 
1078 857 1346 296 
1079 297 807 305 
1080 298 299 300 
1081 732 299 298 
1082 298 300 1184 
1083 732 298 713 
1084 298 1012 713 
1085 298 1184 1012 
1086 299 1212 300 
1087 733 605 299 
1088 1212 299 605 
1089 299 732 733 
1090 756 715 300 
1091 1116 300 715 
1092 300 1212 756 
1093 1116 1184 300 
1094 301 302 303 
1095 302 301 995 
1096 1344 301 920 
1097 1344 995 301 
1098 302 631 303 
1099 798 631 302 
1100 630 303 631 
1101 1100 306 305 
1102 1100 305 807 
1103 306 322 517 
1104 322 306 1251 
1105 1100 1251 306 
1106 307 308 309 
1107 307 708 308 
1108 649 309 308 
1109 308 1023 649 
1110 753 308 708 
1111 308 753 1023 
1112 312 313 314 
1113 312 654 313 
1114 314 542 312 
1115 542 677 312 
1116 312 593 594 
1117 312 700 593 
1118 654 312 594 
1119 312 677 700 
1120 617 314 313 
1121 431 313 432 
1122 431 617 313 
1123 432 313 654 
1124 371 314 506 
1125 314 371 542 
1126 506 314 617 
1127 316 740 315 
1128 315 740 463 
1129 740 316 1211 
1130 1211 316 1270 
1131 317 318 319 
1132 318 317 688 
1133 317 319 423 
1134 317 423 445 
1135 445 462 317 
1136 688 317 462 
1137 417 319 318 
1138 318 688 726 
1139 319 365 325 
1140 319 325 423 
1141 319 417 365 
1142 320 321 401 
1143 502 320 401 
1144 418 320 445 
1145 502 445 320 
1146 321 428 401 
1147 322 323 324 
1148 1080 323 322 
1149 322 324 517 
1150 1080 322 520 
1151 1251 520 322 
1152 323 1352 324 
1153 884 1024 323 
1154 884 323 1080 
1155 1352 323 1024 
1156 326 327 328 
1157 327 326 1077 
1158 326 328 1038 
1159 326 1038 1106 
1160 1105 1077 326 
1161 1105 326 1106 
1162 923 328 327 
1163 988 923 327 
1164 1003 988 327 
1165 327 1077 1003 
1166 936 328 923 
1167 391 329 330 
1168 383 330 382 
1169 383 425 330 
1170 391 330 425 
1171 331 494 332 
1172 721 494 331 
1173 721 331 990 
1174 990 331 1280 
1175 332 375 374 
1176 332 495 375 
1177 332 494 495 
1178 1253 333 334 
1179 333 1133 402 
1180 1253 1133 333 
1181 437 1223 334 
1182 343 335 434 
1183 433 335 365 
1184 433 434 335 
1185 336 337 338 
1186 337 336 630 
1187 336 338 1289 
1188 630 336 539 
1189 539 336 1195 
1190 336 1289 1195 
1191 338 337 349 
1192 349 337 984 
1193 630 631 337 
1194 984 337 631 
1195 349 899 338 
1196 1288 338 899 
1197 1288 1289 338 
1198 816 339 340 
1199 816 586 339 
1200 905 339 586 
1201 971 816 340 
1202 340 848 971 
1203 1035 848 340 
1204 496 341 506 
1205 382 343 366 
1206 434 366 343 
1207 343 382 1083 
1208 344 429 357 
1209 429 344 430 
1210 1129 345 346 
1211 422 345 1041 
1212 1058 1041 345 
1213 345 1129 1058 
1214 346 735 1129 
1215 347 348 349 
1216 349 984 347 
1217 910 347 911 
1218 911 347 985 
1219 347 984 985 
1220 899 349 348 
1221 898 899 348 
1222 898 348 1218 
1223 449 350 450 
1224 350 1061 450 
1225 351 352 353 
1226 352 351 999 
1227 353 511 351 
1228 351 511 1021 
1229 999 351 1262 
1230 351 1021 1262 
1231 959 353 352 
1232 626 352 627 
1233 626 959 352 
1234 999 627 352 
1235 353 1111 511 
1236 959 968 353 
1237 353 968 1111 
1238 354 649 536 
1239 872 354 536 
1240 356 355 424 
1241 357 452 355 
1242 424 355 452 
1243 356 424 498 
1244 428 356 503 
1245 356 498 503 
1246 452 357 429 
1247 359 360 361 
1248 800 360 359 
1249 400 359 361 
1250 359 400 820 
1251 800 359 926 
1252 820 926 359 
1253 361 360 1112 
1254 360 392 394 
1255 360 800 392 
1256 394 1112 360 
1257 398 400 361 
1258 1008 398 361 
1259 1008 361 1112 
1260 362 363 364 
1261 362 364 758 
1262 738 362 827 
1263 758 827 362 
1264 363 501 364 
1265 500 501 363 
1266 456 364 828 
1267 364 501 828 
1268 365 417 433 
1269 434 367 366 
1270 382 366 383 
1271 367 434 549 
1272 685 500 367 
1273 367 549 685 
1274 368 369 370 
1275 368 1104 369 
1276 1109 368 370 
1277 1053 1104 368 
1278 1053 368 1153 
1279 1152 368 1109 
1280 1152 1153 368 
1281 369 1146 370 
1282 369 614 879 
1283 1104 614 369 
1284 369 879 1146 
1285 1109 370 1107 
1286 1107 370 1147 
1287 1146 1147 370 
1288 371 372 542 
1289 542 372 519 
1290 373 374 375 
1291 374 373 1126 
1292 375 826 373 
1293 375 495 825 
1294 375 825 826 
1295 376 377 378 
1296 377 376 1240 
1297 378 1166 376 
1298 376 1166 1167 
1299 376 1167 1240 
1300 862 378 377 
1301 571 377 572 
1302 862 377 571 
1303 1240 572 377 
1304 378 647 648 
1305 647 378 862 
1306 378 648 1166 
1307 379 380 381 
1308 379 1032 380 
1309 381 788 379 
1310 379 788 789 
1311 379 789 1197 
1312 1197 1032 379 
1313 381 380 578 
1314 578 380 634 
1315 381 578 579 
1316 381 579 1079 
1317 1079 788 381 
1318 384 385 386 
1319 384 386 1030 
1320 543 384 1036 
1321 1029 384 1030 
1322 1029 1036 384 
1323 385 802 386 
1324 661 386 906 
1325 386 661 1030 
1326 906 386 802 
1327 387 388 389 
1328 448 388 387 
1329 744 387 389 
1330 1217 448 387 
1331 1028 387 744 
1332 1217 387 1028 
1333 1063 389 388 
1334 744 389 588 
1335 588 389 1282 
1336 389 1063 1282 
1337 766 390 767 
1338 390 766 925 
1339 391 425 438 
1340 392 393 394 
1341 392 918 393 
1342 1287 392 800 
1343 918 392 1287 
1344 1329 394 393 
1345 917 393 918 
1346 1329 393 917 
1347 1112 394 1330 
1348 1329 1330 394 
1349 395 396 397 
1350 395 783 396 
1351 397 943 395 
1352 783 395 1140 
1353 395 943 944 
1354 944 1140 395 
1355 1293 397 396 
1356 703 396 704 
1357 703 1293 396 
1358 704 396 783 
1359 943 397 1228 
1360 397 1334 1228 
1361 1293 1334 397 
1362 398 399 400 
1363 398 759 399 
1364 751 759 398 
1365 751 398 1008 
1366 821 400 399 
1367 759 573 399 
1368 573 821 399 
1369 821 820 400 
1370 402 403 404 
1371 402 1133 403 
1372 404 1324 402 
1373 404 403 1168 
1374 403 1133 1121 
1375 1168 403 1121 
1376 862 686 404 
1377 686 1324 404 
1378 404 1168 862 
1379 405 406 407 
1380 406 405 590 
1381 928 405 407 
1382 591 405 534 
1383 928 534 405 
1384 405 591 590 
1385 406 590 761 
1386 1150 406 761 
1387 407 762 763 
1388 928 407 763 
1389 632 409 408 
1390 942 408 486 
1391 632 408 633 
1392 633 408 942 
1393 632 1279 409 
1394 409 1279 1125 
1395 410 411 412 
1396 410 1047 411 
1397 412 847 410 
1398 410 847 1141 
1399 1047 410 1159 
1400 1159 410 1141 
1401 650 412 411 
1402 1090 650 411 
1403 1131 411 1047 
1404 1090 411 1131 
1405 650 652 412 
1406 412 652 971 
1407 412 971 847 
1408 413 414 464 
1409 413 464 1264 
1410 413 1027 466 
1411 1027 413 1264 
1412 1009 414 415 
1413 1009 464 414 
1414 454 1010 415 
1415 1010 1009 415 
1416 979 982 416 
1417 423 418 445 
1418 420 421 422 
1419 566 421 420 
1420 1040 420 422 
1421 566 420 1301 
1422 1040 1301 420 
1423 514 421 566 
1424 1040 422 1041 
1425 452 513 424 
1426 512 498 424 
1427 512 424 513 
1428 438 425 562 
1429 560 561 426 
1430 583 426 561 
1431 487 429 430 
1432 484 452 429 
1433 484 429 487 
1434 487 430 621 
1435 518 621 430 
1436 772 431 432 
1437 617 431 533 
1438 431 720 533 
1439 772 720 431 
1440 432 666 585 
1441 432 585 772 
1442 432 654 666 
1443 433 549 434 
1444 435 436 437 
1445 436 435 1315 
1446 1315 435 1333 
1447 437 436 1099 
1448 1044 1045 436 
1449 1315 1044 436 
1450 1099 436 1045 
1451 1223 437 1099 
1452 562 547 438 
1453 439 440 441 
1454 1218 439 898 
1455 441 440 1237 
1456 860 441 1237 
1457 1268 441 860 
1458 442 443 444 
1459 442 507 443 
1460 442 444 822 
1461 1314 507 442 
1462 442 822 823 
1463 823 1314 442 
1464 443 1175 444 
1465 443 507 508 
1466 443 508 1151 
1467 443 1151 1175 
1468 806 628 444 
1469 628 822 444 
1470 806 444 1175 
1471 502 462 445 
1472 446 447 448 
1473 830 447 446 
1474 446 448 1217 
1475 830 446 831 
1476 1217 831 446 
1477 952 691 447 
1478 830 952 447 
1479 449 450 1234 
1480 1214 449 1234 
1481 1214 1243 449 
1482 450 1061 1267 
1483 450 1242 1234 
1484 450 1267 1242 
1485 840 451 697 
1486 452 484 513 
1487 453 454 455 
1488 454 453 1010 
1489 455 1069 453 
1490 1069 706 453 
1491 1348 453 706 
1492 1010 453 1348 
1493 455 454 1173 
1494 455 1068 1069 
1495 455 1173 1068 
1496 935 778 456 
1497 935 456 828 
1498 457 458 459 
1499 939 458 457 
1500 459 672 457 
1501 671 457 672 
1502 671 932 457 
1503 939 457 932 
1504 1074 459 458 
1505 939 961 458 
1506 458 961 997 
1507 1074 458 997 
1508 1017 672 459 
1509 1089 1017 459 
1510 459 1074 1089 
1511 460 774 1174 
1512 1256 460 1174 
1513 461 1232 1224 
1514 737 688 462 
1515 740 1277 463 
1516 1144 463 1277 
1517 1009 465 464 
1518 1009 1011 465 
1519 1027 1026 466 
1520 1317 466 1026 
1521 467 468 469 
1522 468 467 1007 
1523 692 467 469 
1524 692 694 467 
1525 1145 467 694 
1526 1145 1007 467 
1527 692 469 1214 
1528 1214 469 1243 
1529 1225 1243 469 
1530 470 947 1155 
1531 471 581 472 
1532 471 986 581 
1533 986 471 948 
1534 580 472 581 
1535 580 1006 472 
1536 1038 472 1006 
1537 473 474 475 
1538 473 1231 474 
1539 473 1330 1231 
1540 475 474 747 
1541 1318 747 474 
1542 1231 1019 474 
1543 474 1019 1321 
1544 1321 1318 474 
1545 475 747 748 
1546 476 477 478 
1547 1136 477 476 
1548 1058 1136 476 
1549 477 1037 478 
1550 734 477 1136 
1551 477 734 1143 
1552 1143 1037 477 
1553 478 998 902 
1554 998 478 1037 
1555 574 742 479 
1556 1138 479 742 
1557 479 1138 1278 
1558 669 480 667 
1559 480 670 667 
1560 480 725 670 
1561 481 482 483 
1562 481 1054 482 
1563 481 483 956 
1564 491 483 482 
1565 491 482 615 
1566 615 482 613 
1567 482 1054 613 
1568 491 493 483 
1569 564 483 493 
1570 483 564 956 
1571 550 484 487 
1572 513 484 616 
1573 550 616 484 
1574 485 552 551 
1575 485 551 811 
1576 486 534 535 
1577 486 535 942 
1578 487 621 550 
1579 488 489 490 
1580 916 489 488 
1581 1087 488 490 
1582 488 646 916 
1583 488 1087 646 
1584 1066 490 489 
1585 489 916 987 
1586 489 987 950 
1587 1066 489 950 
1588 598 490 1065 
1589 490 598 1087 
1590 1066 1065 490 
1591 491 492 493 
1592 564 493 565 
1593 796 565 493 
1594 494 1160 495 
1595 1005 494 721 
1596 1005 1160 494 
1597 495 1122 825 
1598 1122 495 1160 
1599 617 496 506 
1600 617 533 496 
1601 736 497 1143 
1602 1143 497 1144 
1603 498 521 503 
1604 498 512 521 
1605 499 673 1180 
1606 1086 499 1180 
1607 501 500 685 
1608 685 609 501 
1609 828 501 609 
1610 559 503 521 
1611 505 708 504 
1612 504 964 814 
1613 505 753 708 
1614 753 505 1261 
1615 1339 1261 505 
1616 1257 508 588 
1617 508 1257 1151 
1618 510 509 962 
1619 963 509 867 
1620 962 509 963 
1621 947 510 962 
1622 511 1111 819 
1623 511 819 1149 
1624 511 1149 1021 
1625 513 516 512 
1626 516 563 512 
1627 521 512 563 
1628 513 616 516 
1629 567 515 514 
1630 566 567 514 
1631 996 515 543 
1632 616 665 516 
1633 516 665 769 
1634 518 682 621 
1635 639 682 518 
1636 519 677 542 
1637 519 684 677 
1638 520 629 1080 
1639 559 521 636 
1640 521 563 653 
1641 521 653 636 
1642 522 523 524 
1643 523 522 874 
1644 873 874 522 
1645 1185 524 523 
1646 523 874 938 
1647 937 523 938 
1648 1185 523 937 
1649 842 844 524 
1650 842 524 1185 
1651 525 526 527 
1652 525 1172 526 
1653 525 527 838 
1654 525 838 839 
1655 525 839 1171 
1656 525 1171 1172 
1657 527 526 687 
1658 526 686 687 
1659 526 1324 686 
1660 1324 526 1172 
1661 687 751 527 
1662 528 529 530 
1663 529 528 1213 
1664 530 968 528 
1665 1266 528 968 
1666 1213 528 1258 
1667 1258 528 1266 
1668 882 530 529 
1669 529 729 1203 
1670 529 1213 729 
1671 529 1203 882 
1672 530 882 1111 
1673 968 530 1111 
1674 829 532 1142 
1675 534 928 535 
1676 535 928 927 
1677 927 1048 535 
1678 942 535 1048 
1679 536 537 538 
1680 537 536 1023 
1681 872 536 538 
1682 1023 536 649 
1683 991 538 537 
1684 656 658 537 
1685 1023 656 537 
1686 658 721 537 
1687 990 537 721 
1688 537 990 991 
1689 1248 872 538 
1690 538 991 1298 
1691 1248 538 1298 
1692 539 540 541 
1693 1195 540 539 
1694 541 540 754 
1695 1014 754 540 
1696 1014 540 1221 
1697 540 1195 1221 
1698 541 754 785 
1699 1036 996 543 
1700 544 545 546 
1701 544 1098 545 
1702 1224 544 546 
1703 544 1249 1098 
1704 544 1224 1232 
1705 544 1232 1249 
1706 1045 545 1098 
1707 1224 546 912 
1708 625 548 547 
1709 625 547 562 
1710 709 592 548 
1711 770 548 625 
1712 548 770 709 
1713 685 549 723 
1714 616 550 718 
1715 655 550 621 
1716 655 718 550 
1717 551 552 553 
1718 551 553 841 
1719 1220 811 551 
1720 1220 551 841 
1721 1274 553 552 
1722 552 1273 1274 
1723 1304 841 553 
1724 1274 1303 553 
1725 553 1303 1304 
1726 695 554 696 
1727 695 809 554 
1728 1125 696 554 
1729 555 556 557 
1730 557 768 555 
1731 768 1295 555 
1732 1295 1196 555 
1733 556 776 557 
1734 556 1305 776 
1735 556 1183 1305 
1736 557 1244 768 
1737 775 557 776 
1738 557 775 1244 
1739 580 797 558 
1740 1130 558 797 
1741 559 636 576 
1742 743 561 560 
1743 561 584 583 
1744 584 561 1042 
1745 743 1042 561 
1746 625 562 640 
1747 784 564 565 
1748 784 845 564 
1749 845 956 564 
1750 726 784 565 
1751 565 796 726 
1752 1353 567 566 
1753 566 1301 1349 
1754 566 1349 1353 
1755 1353 978 567 
1756 568 569 570 
1757 568 1029 569 
1758 570 814 568 
1759 964 568 814 
1760 568 964 829 
1761 829 1022 568 
1762 568 1022 1029 
1763 1110 570 569 
1764 1030 660 569 
1765 1110 569 660 
1766 1029 1030 569 
1767 701 702 570 
1768 701 570 1110 
1769 814 570 702 
1770 571 572 573 
1771 573 759 571 
1772 571 687 686 
1773 862 571 686 
1774 687 571 759 
1775 573 572 722 
1776 722 572 777 
1777 1240 777 572 
1778 821 573 722 
1779 741 742 574 
1780 575 576 577 
1781 728 576 575 
1782 854 575 577 
1783 575 854 914 
1784 724 577 576 
1785 636 724 576 
1786 724 856 577 
1787 854 577 855 
1788 855 577 856 
1789 578 966 579 
1790 634 635 578 
1791 578 635 966 
1792 1068 579 966 
1793 1068 1173 579 
1794 1173 1079 579 
1795 580 581 797 
1796 671 797 581 
1797 581 986 671 
1798 582 583 584 
1799 900 583 582 
1800 582 584 1088 
1801 582 620 619 
1802 900 582 619 
1803 620 582 1088 
1804 584 1042 1043 
1805 1043 1088 584 
1806 585 586 587 
1807 585 666 586 
1808 850 585 587 
1809 850 772 585 
1810 816 587 586 
1811 905 586 666 
1812 587 652 651 
1813 587 651 850 
1814 816 652 587 
1815 588 1282 1257 
1816 589 590 591 
1817 1132 590 589 
1818 591 1085 589 
1819 810 589 1085 
1820 1191 589 810 
1821 1191 1132 589 
1822 760 761 590 
1823 1132 760 590 
1824 773 684 592 
1825 592 709 773 
1826 851 593 700 
1827 892 593 851 
1828 654 594 666 
1829 905 666 594 
1830 595 596 597 
1831 595 1004 596 
1832 597 895 595 
1833 895 807 595 
1834 597 596 1192 
1835 596 1004 1115 
1836 1115 1355 596 
1837 1192 596 1355 
1838 1164 895 597 
1839 597 1193 1164 
1840 597 1192 1193 
1841 598 599 600 
1842 598 1065 599 
1843 598 600 714 
1844 714 1087 598 
1845 600 599 1114 
1846 1065 1064 599 
1847 1114 599 1299 
1848 600 713 714 
1849 732 713 600 
1850 1114 732 600 
1851 921 601 922 
1852 602 603 604 
1853 1296 603 602 
1854 710 604 603 
1855 603 1028 710 
1856 1028 603 1217 
1857 603 1296 1217 
1858 604 710 921 
1859 604 921 922 
1860 1212 605 1049 
1861 606 607 608 
1862 606 825 607 
1863 606 608 887 
1864 606 826 825 
1865 606 904 826 
1866 904 606 887 
1867 607 1297 608 
1868 825 1122 607 
1869 1122 1051 607 
1870 1297 607 1051 
1871 1347 887 608 
1872 1300 608 1297 
1873 1300 1347 608 
1874 685 723 609 
1875 610 611 612 
1876 610 804 611 
1877 612 1272 610 
1878 804 610 1198 
1879 610 973 1198 
1880 973 610 1272 
1881 611 804 1202 
1882 611 1202 1226 
1883 760 1132 612 
1884 1132 1272 612 
1885 613 614 615 
1886 613 879 614 
1887 613 877 879 
1888 1054 877 613 
1889 615 614 1052 
1890 1104 1052 614 
1891 718 665 616 
1892 618 619 620 
1893 618 815 619 
1894 1002 618 620 
1895 815 812 619 
1896 619 812 900 
1897 1002 620 983 
1898 1018 983 620 
1899 1018 620 1088 
1900 655 621 682 
1901 622 623 624 
1902 623 622 1072 
1903 624 994 622 
1904 643 934 622 
1905 994 643 622 
1906 1072 622 934 
1907 1222 624 623 
1908 890 623 1071 
1909 890 1222 623 
1910 1072 1071 623 
1911 1262 994 624 
1912 1222 1263 624 
1913 1263 1262 624 
1914 625 640 739 
1915 770 625 739 
1916 627 800 626 
1917 896 626 800 
1918 1165 626 896 
1919 959 626 1165 
1920 627 1287 800 
1921 627 999 1263 
1922 627 1263 1287 
1923 1013 1080 629 
1924 984 631 798 
1925 633 1275 632 
1926 1275 648 632 
1927 1279 632 648 
1928 942 1158 633 
1929 1245 633 1158 
1930 633 1245 1275 
1931 635 634 679 
1932 678 679 634 
1933 636 653 724 
1934 929 741 637 
1935 929 637 1341 
1936 1179 638 989 
1937 682 639 683 
1938 639 719 683 
1939 639 699 719 
1940 738 739 640 
1941 641 642 643 
1942 642 641 818 
1943 994 641 643 
1944 641 1149 818 
1945 641 994 1021 
1946 641 1021 1149 
1947 1227 643 642 
1948 908 642 818 
1949 1227 934 643 
1950 644 645 646 
1951 1236 645 644 
1952 646 1086 644 
1953 1086 1180 644 
1954 1236 644 1180 
1955 916 646 645 
1956 915 916 645 
1957 915 645 1347 
1958 645 1236 1347 
1959 646 1087 1086 
1960 1279 648 647 
1961 647 862 1168 
1962 647 1168 1120 
1963 1279 647 1120 
1964 1275 1166 648 
1965 650 651 652 
1966 650 1001 651 
1967 1090 1001 650 
1968 850 651 849 
1969 969 849 651 
1970 969 651 1001 
1971 816 971 652 
1972 712 655 682 
1973 712 836 655 
1974 655 836 718 
1975 656 657 658 
1976 657 656 1261 
1977 1023 753 656 
1978 753 1261 656 
1979 1005 658 657 
1980 1005 657 1307 
1981 1335 657 1261 
1982 657 1335 1307 
1983 1005 721 658 
1984 659 660 661 
1985 909 660 659 
1986 659 661 1197 
1987 659 789 1082 
1988 659 1197 789 
1989 659 1082 909 
1990 660 1030 661 
1991 1110 660 909 
1992 661 906 1197 
1993 662 663 664 
1994 662 823 663 
1995 662 664 960 
1996 662 1314 823 
1997 662 960 1056 
1998 1314 662 1056 
1999 1181 664 663 
2000 663 823 1182 
2001 1181 663 1182 
2002 664 1181 1241 
2003 665 718 876 
2004 665 876 769 
2005 667 668 669 
2006 667 1230 668 
2007 1076 667 670 
2008 667 1076 1230 
2009 1084 668 1230 
2010 1075 670 725 
2011 1075 1076 670 
2012 797 671 672 
2013 932 671 888 
2014 986 888 671 
2015 1128 797 672 
2016 1128 672 1017 
2017 1134 673 958 
2018 673 1134 1292 
2019 1269 1180 673 
2020 1269 673 1292 
2021 674 675 676 
2022 674 1117 675 
2023 674 676 1170 
2024 1117 674 812 
2025 674 1170 812 
2026 675 681 676 
2027 680 681 675 
2028 675 1113 680 
2029 1113 675 1117 
2030 681 897 676 
2031 897 1169 676 
2032 1169 1170 676 
2033 677 684 700 
2034 886 679 678 
2035 1113 813 680 
2036 897 681 976 
2037 682 683 712 
2038 861 712 683 
2039 719 853 683 
2040 861 683 853 
2041 700 684 773 
2042 759 751 687 
2043 688 784 726 
2044 688 737 784 
2045 689 690 691 
2046 972 690 689 
2047 689 691 952 
2048 954 689 952 
2049 954 1055 689 
2050 1055 972 689 
2051 690 1247 691 
2052 790 690 972 
2053 690 790 1247 
2054 692 693 694 
2055 692 1201 693 
2056 692 1214 1201 
2057 694 693 1124 
2058 945 693 946 
2059 945 1124 693 
2060 946 693 1201 
2061 1124 1105 694 
2062 1105 1145 694 
2063 696 1311 695 
2064 695 967 809 
2065 967 695 843 
2066 843 695 1311 
2067 1120 1119 696 
2068 1311 696 1119 
2069 1120 696 1125 
2070 1220 697 811 
2071 1220 840 697 
2072 719 699 698 
2073 698 801 719 
2074 752 698 720 
2075 698 752 801 
2076 851 700 773 
2077 702 701 1156 
2078 911 985 701 
2079 911 701 1110 
2080 1156 701 985 
2081 727 703 704 
2082 1346 1293 703 
2083 782 704 783 
2084 705 706 707 
2085 705 707 981 
2086 1069 707 706 
2087 1069 965 707 
2088 1194 707 965 
2089 1194 981 707 
2090 864 709 770 
2091 773 709 799 
2092 709 864 799 
2093 710 711 921 
2094 1056 960 711 
2095 836 712 837 
2096 837 712 861 
2097 715 716 717 
2098 716 715 764 
2099 715 717 1116 
2100 715 756 764 
2101 716 791 717 
2102 764 1306 716 
2103 716 1295 791 
2104 1306 1295 716 
2105 791 972 717 
2106 1055 717 972 
2107 1055 1116 717 
2108 876 718 836 
2109 853 719 801 
2110 720 772 752 
2111 787 750 722 
2112 722 750 821 
2113 722 777 1260 
2114 1260 787 722 
2115 729 730 731 
2116 730 729 1213 
2117 729 731 1108 
2118 729 1108 1203 
2119 897 731 730 
2120 897 730 1169 
2121 1169 730 1200 
2122 1213 1200 730 
2123 976 731 897 
2124 731 976 1152 
2125 1108 731 1152 
2126 1114 733 732 
2127 734 735 736 
2128 735 734 1129 
2129 734 736 1143 
2130 1129 734 1136 
2131 845 784 737 
2132 845 737 824 
2133 739 738 827 
2134 770 739 852 
2135 739 827 852 
2136 1210 740 1211 
2137 1210 1277 740 
2138 742 741 1322 
2139 929 1322 741 
2140 742 1139 1138 
2141 1139 742 1322 
2142 743 1188 1042 
2143 743 1215 1188 
2144 746 745 1313 
2145 1351 745 982 
2146 1313 745 1351 
2147 746 980 981 
2148 980 746 1313 
2149 981 1194 746 
2150 1057 748 747 
2151 1057 747 1026 
2152 747 1317 1026 
2153 1317 747 1318 
2154 748 839 838 
2155 839 748 1057 
2156 749 820 750 
2157 749 926 820 
2158 749 1000 926 
2159 749 1283 1000 
2160 820 821 750 
2161 752 772 850 
2162 752 849 801 
2163 849 752 850 
2164 1309 785 754 
2165 754 1014 951 
2166 951 1309 754 
2167 755 756 757 
2168 764 756 755 
2169 757 771 755 
2170 764 755 1199 
2171 1198 755 771 
2172 755 1198 1199 
2173 757 756 1212 
2174 757 1049 771 
2175 1212 1049 757 
2176 813 993 758 
2177 993 827 758 
2178 1092 763 762 
2179 762 1091 1092 
2180 763 927 928 
2181 1131 927 763 
2182 763 1092 1131 
2183 764 1199 1306 
2184 765 766 767 
2185 765 1343 766 
2186 765 767 1345 
2187 765 1019 1020 
2188 1019 765 1345 
2189 1343 765 1020 
2190 1101 925 766 
2191 1343 1101 766 
2192 1345 767 1319 
2193 768 790 791 
2194 790 768 1244 
2195 791 1295 768 
2196 832 769 875 
2197 875 769 876 
2198 864 770 852 
2199 804 771 805 
2200 804 1198 771 
2201 771 1031 805 
2202 1031 771 1049 
2203 851 773 799 
2204 1162 1174 774 
2205 1162 774 1290 
2206 776 1185 775 
2207 937 775 1185 
2208 937 1244 775 
2209 776 842 1185 
2210 842 776 1305 
2211 777 1240 924 
2212 1053 1153 779 
2213 780 1310 938 
2214 1342 780 938 
2215 780 1342 1062 
2216 781 782 783 
2217 1270 782 781 
2218 1270 781 1271 
2219 785 1189 786 
2220 1189 785 1190 
2221 1309 1190 785 
2222 1094 920 786 
2223 1094 786 1189 
2224 1255 789 788 
2225 1078 788 1079 
2226 1255 788 1078 
2227 1255 1082 789 
2228 972 791 790 
2229 1244 1247 790 
2230 792 793 794 
2231 793 792 1292 
2232 792 794 904 
2233 792 904 887 
2234 792 887 1291 
2235 1291 1292 792 
2236 1176 794 793 
2237 793 1134 1135 
2238 793 1292 1134 
2239 793 1135 1176 
2240 1200 1070 795 
2241 795 1170 1169 
2242 1200 795 1169 
2243 797 1128 1130 
2244 798 985 984 
2245 985 798 1156 
2246 870 851 799 
2247 871 799 864 
2248 870 799 871 
2249 926 896 800 
2250 970 801 849 
2251 853 801 970 
2252 803 907 802 
2253 906 802 907 
2254 804 805 1202 
2255 1123 805 1031 
2256 1175 1162 806 
2257 895 894 807 
2258 894 1100 807 
2259 809 808 810 
2260 1191 810 808 
2261 1191 808 974 
2262 812 815 1117 
2263 817 818 819 
2264 818 817 908 
2265 819 865 817 
2266 817 865 1265 
2267 817 1177 908 
2268 1265 1177 817 
2269 1149 819 818 
2270 865 819 866 
2271 1111 866 819 
2272 822 1182 823 
2273 852 827 993 
2274 829 1142 1022 
2275 831 1135 830 
2276 952 830 953 
2277 1135 953 830 
2278 831 1176 1135 
2279 1176 831 1296 
2280 1217 1296 831 
2281 875 948 832 
2282 833 834 835 
2283 834 833 945 
2284 833 835 1003 
2285 1124 945 833 
2286 833 1003 1077 
2287 833 1077 1124 
2288 1054 835 834 
2289 877 834 1046 
2290 1054 834 877 
2291 834 945 1046 
2292 869 836 837 
2293 868 836 869 
2294 876 836 868 
2295 861 961 837 
2296 939 869 837 
2297 939 837 961 
2298 1057 1302 839 
2299 839 1302 1171 
2300 1220 841 840 
2301 1304 1186 841 
2302 842 843 844 
2303 842 1305 843 
2304 1320 844 843 
2305 967 843 1305 
2306 1311 1320 843 
2307 846 847 848 
2308 846 1141 847 
2309 846 848 1043 
2310 846 1043 1042 
2311 846 1042 1188 
2312 1188 1141 846 
2313 847 971 848 
2314 1035 1043 848 
2315 849 969 970 
2316 851 870 892 
2317 863 864 852 
2318 861 853 940 
2319 940 853 941 
2320 970 941 853 
2321 855 936 854 
2322 923 914 854 
2323 854 936 923 
2324 858 1346 857 
2325 1241 1334 858 
2326 858 1334 1346 
2327 859 1268 860 
2328 859 1336 1268 
2329 859 1318 1321 
2330 1321 1336 859 
2331 940 961 861 
2332 864 863 871 
2333 863 955 871 
2334 1246 865 866 
2335 1246 1265 865 
2336 882 881 866 
2337 1246 866 881 
2338 866 1111 882 
2339 963 867 978 
2340 932 868 869 
2341 876 868 875 
2342 888 875 868 
2343 932 888 868 
2344 869 939 932 
2345 871 933 870 
2346 870 913 892 
2347 870 933 913 
2348 955 933 871 
2349 874 873 1328 
2350 873 1250 1328 
2351 938 874 1342 
2352 1342 874 1328 
2353 948 875 888 
2354 877 878 879 
2355 877 1046 878 
2356 878 1146 879 
2357 1046 1095 878 
2358 1097 878 1095 
2359 1146 878 1097 
2360 880 1255 1078 
2361 881 882 883 
2362 881 883 1147 
2363 881 1147 1216 
2364 881 1216 1246 
2365 1203 883 882 
2366 1107 1147 883 
2367 1107 883 1203 
2368 885 1024 884 
2369 1080 1013 884 
2370 980 885 1093 
2371 885 980 1313 
2372 1024 885 1313 
2373 1347 1291 887 
2374 948 888 986 
2375 889 890 891 
2376 889 919 890 
2377 889 891 925 
2378 919 889 1101 
2379 925 1101 889 
2380 1071 891 890 
2381 919 1222 890 
2382 925 891 1163 
2383 891 1071 1205 
2384 1205 1163 891 
2385 893 894 895 
2386 893 1276 894 
2387 893 895 1164 
2388 893 1102 1103 
2389 1102 893 1164 
2390 1103 1276 893 
2391 1252 1100 894 
2392 1252 894 1276 
2393 926 1000 896 
2394 1165 896 1000 
2395 901 902 903 
2396 902 901 1341 
2397 903 1354 901 
2398 930 929 901 
2399 901 929 1341 
2400 930 901 1354 
2401 903 902 998 
2402 903 998 1210 
2403 1338 903 1210 
2404 903 1338 1354 
2405 1032 1197 906 
2406 909 910 911 
2407 1082 910 909 
2408 909 911 1110 
2409 983 913 933 
2410 914 923 988 
2411 1190 916 915 
2412 1190 915 1189 
2413 1189 915 1300 
2414 915 1347 1300 
2415 1190 987 916 
2416 917 918 919 
2417 917 919 1101 
2418 917 1101 1343 
2419 1329 917 1343 
2420 918 1286 919 
2421 1287 1286 918 
2422 1222 919 1286 
2423 1050 920 1051 
2424 920 1050 1344 
2425 920 1094 1051 
2426 924 1167 1238 
2427 1167 924 1240 
2428 927 1047 1048 
2429 927 1131 1047 
2430 929 930 931 
2431 931 1322 929 
2432 1350 931 930 
2433 930 1354 1350 
2434 1322 931 1323 
2435 931 1355 1323 
2436 1350 1355 931 
2437 933 955 1002 
2438 1002 983 933 
2439 934 1340 1072 
2440 934 1227 1327 
2441 934 1327 1325 
2442 934 1325 1340 
2443 937 938 1310 
2444 937 1310 1244 
2445 940 941 977 
2446 961 940 997 
2447 997 940 977 
2448 969 941 970 
2449 941 969 992 
2450 977 941 992 
2451 1048 1158 942 
2452 1103 944 943 
2453 1103 943 1281 
2454 1228 1281 943 
2455 944 1103 1102 
2456 1140 944 1102 
2457 946 1046 945 
2458 1046 946 1095 
2459 1235 1095 946 
2460 946 1201 1235 
2461 962 1161 947 
2462 1161 1155 947 
2463 949 950 951 
2464 949 1340 950 
2465 951 1015 949 
2466 1073 949 1015 
2467 1340 949 1073 
2468 987 951 950 
2469 1325 1066 950 
2470 1340 1325 950 
2471 1309 951 987 
2472 1014 1015 951 
2473 952 953 954 
2474 954 953 958 
2475 953 1134 958 
2476 1134 953 1135 
2477 957 954 958 
2478 1055 954 957 
2479 1055 957 1316 
2480 959 1266 968 
2481 1266 959 1165 
2482 962 963 1349 
2483 962 1349 1161 
2484 978 1353 963 
2485 963 1353 1349 
2486 966 965 1068 
2487 1069 1068 965 
2488 967 1305 1183 
2489 992 969 1001 
2490 973 974 975 
2491 974 973 1272 
2492 973 975 1199 
2493 1198 973 1199 
2494 1191 974 1272 
2495 1196 1306 975 
2496 1199 975 1306 
2497 1153 1152 976 
2498 977 992 1059 
2499 997 977 1067 
2500 977 1059 1067 
2501 979 1351 982 
2502 979 1352 1351 
2503 1190 1309 987 
2504 989 1155 1233 
2505 1179 989 1233 
2506 1280 991 990 
2507 992 1001 1059 
2508 1262 1021 994 
2509 1339 995 1344 
2510 1036 1142 996 
2511 1074 997 1067 
2512 1037 1277 998 
2513 1210 998 1277 
2514 1262 1263 999 
2515 1165 1000 1284 
2516 1283 1284 1000 
2517 1090 1059 1001 
2518 1039 1115 1004 
2519 1307 1160 1005 
2520 1006 1007 1106 
2521 1106 1038 1006 
2522 1145 1106 1007 
2523 1009 1010 1011 
2524 1348 1011 1010 
2525 1348 1081 1011 
2526 1014 1206 1015 
2527 1014 1221 1206 
2528 1205 1073 1015 
2529 1205 1015 1206 
2530 1128 1017 1016 
2531 1128 1016 1130 
2532 1148 1130 1016 
2533 1148 1016 1150 
2534 1035 1018 1088 
2535 1020 1019 1231 
2536 1321 1019 1345 
2537 1020 1231 1329 
2538 1020 1329 1343 
2539 1022 1036 1029 
2540 1036 1022 1142 
2541 1024 1313 1351 
2542 1024 1351 1352 
2543 1025 1026 1027 
2544 1025 1057 1026 
2545 1027 1264 1025 
2546 1057 1025 1302 
2547 1333 1025 1264 
2548 1025 1333 1302 
2549 1248 1034 1033 
2550 1298 1207 1034 
2551 1248 1298 1034 
2552 1035 1088 1043 
2553 1143 1144 1037 
2554 1037 1144 1277 
2555 1039 1084 1208 
2556 1115 1039 1209 
2557 1039 1208 1209 
2558 1040 1041 1179 
2559 1233 1040 1179 
2560 1233 1301 1040 
2561 1044 1315 1264 
2562 1045 1098 1099 
2563 1047 1159 1048 
2564 1048 1159 1158 
2565 1050 1051 1122 
2566 1050 1122 1307 
2567 1307 1335 1050 
2568 1335 1344 1050 
2569 1051 1094 1297 
2570 1053 1052 1104 
2571 1116 1055 1316 
2572 1136 1058 1129 
2573 1091 1067 1059 
2574 1091 1059 1090 
2575 1060 1267 1061 
2576 1177 1060 1178 
2577 1265 1060 1177 
2578 1060 1265 1267 
2579 1062 1312 1063 
2580 1312 1282 1063 
2581 1064 1065 1066 
2582 1325 1064 1066 
2583 1325 1327 1064 
2584 1074 1067 1089 
2585 1213 1070 1200 
2586 1213 1258 1070 
2587 1070 1258 1254 
2588 1071 1072 1073 
2589 1071 1073 1205 
2590 1340 1073 1072 
2591 1332 1076 1075 
2592 1332 1075 1331 
2593 1105 1124 1077 
2594 1091 1090 1092 
2595 1092 1090 1131 
2596 1189 1300 1094 
2597 1297 1094 1300 
2598 1095 1096 1097 
2599 1095 1235 1096 
2600 1097 1096 1216 
2601 1216 1096 1239 
2602 1096 1235 1242 
2603 1239 1096 1242 
2604 1147 1146 1097 
2605 1097 1216 1147 
2606 1098 1249 1308 
2607 1251 1100 1252 
2608 1281 1276 1103 
2609 1105 1106 1145 
2610 1107 1108 1109 
2611 1107 1203 1108 
2612 1152 1109 1108 
2613 1115 1209 1323 
2614 1355 1115 1323 
2615 1316 1184 1116 
2616 1290 1127 1118 
2617 1119 1120 1121 
2618 1326 1119 1121 
2619 1311 1119 1320 
2620 1326 1320 1119 
2621 1121 1120 1168 
2622 1120 1125 1279 
2623 1326 1121 1133 
2624 1307 1122 1160 
2625 1132 1191 1272 
2626 1133 1253 1326 
2627 1137 1138 1139 
2628 1278 1138 1137 
2629 1139 1209 1137 
2630 1137 1209 1208 
2631 1323 1209 1139 
2632 1322 1323 1139 
2633 1159 1141 1157 
2634 1141 1188 1157 
2635 1174 1175 1151 
2636 1174 1151 1256 
2637 1256 1151 1257 
2638 1163 1206 1154 
2639 1195 1154 1221 
2640 1221 1154 1206 
2641 1155 1161 1233 
2642 1157 1158 1159 
2643 1158 1157 1245 
2644 1157 1188 1215 
2645 1245 1157 1215 
2646 1301 1233 1161 
2647 1161 1349 1301 
2648 1175 1174 1162 
2649 1163 1205 1206 
2650 1165 1284 1266 
2651 1166 1259 1167 
2652 1275 1259 1166 
2653 1259 1238 1167 
2654 1180 1269 1236 
2655 1182 1229 1181 
2656 1228 1181 1229 
2657 1181 1228 1241 
2658 1187 1186 1304 
2659 1303 1187 1304 
2660 1331 1187 1303 
2661 1219 1193 1192 
2662 1219 1192 1350 
2663 1192 1355 1350 
2664 1295 1306 1196 
2665 1234 1201 1214 
2666 1201 1234 1235 
2667 1338 1210 1211 
2668 1270 1271 1211 
2669 1271 1338 1211 
2670 1215 1238 1259 
2671 1245 1215 1259 
2672 1216 1239 1246 
2673 1350 1337 1219 
2674 1222 1286 1263 
2675 1229 1281 1228 
2676 1241 1228 1334 
2677 1294 1281 1229 
2678 1231 1330 1329 
2679 1235 1234 1242 
2680 1236 1269 1291 
2681 1236 1291 1347 
2682 1239 1242 1267 
2683 1265 1246 1239 
2684 1265 1239 1267 
2685 1247 1244 1310 
2686 1245 1259 1275 
2687 1250 1308 1249 
2688 1276 1294 1252 
2689 1258 1284 1254 
2690 1283 1254 1284 
2691 1258 1266 1284 
2692 1335 1261 1339 
2693 1286 1287 1263 
2694 1333 1264 1315 
2695 1336 1319 1268 
2696 1269 1292 1291 
2697 1271 1337 1338 
2698 1332 1303 1274 
2699 1281 1294 1276 
2700 1293 1346 1334 
2701 1331 1303 1332 
2702 1345 1319 1336 
2703 1321 1345 1336 
2704 1344 1335 1339 
2705 1354 1338 1337 
2706 1337 1350 1354 
3 1 4 10285
2707 1378 1640 1543 1822 
2708 254 1831 1495 2007 
2709 1379 1506 1629 2275 
2710 1543 1822 1640 1887 
2711 1366 1603 1470 1757 
2712 1469 1811 1585 2213 
2713 1438 1541 1387 1670 
2714 1707 1766 1598 1943 
2715 1063 1636 116 1701 
2716 1249 1676 1521 1677 
2717 1535 1409 1613 2010 
2718 617 431 1742 1772 
2719 1593 1852 1154 2003 
2720 1507 1453 1922 2058 
2721 998 1653 1470 2250 
2722 1544 1622 1458 1755 
2723 1507 1922 1704 2058 
2724 1495 1831 254 1882 
2725 1437 1692 1559 1838 
2726 1543 1635 642 1640 
2727 386 1542 2014 2272 
2728 1458 1905 1726 2256 
2729 1378 1543 1697 1822 
2730 1559 1692 1366 1838 
2731 1503 1617 1412 1901 
2732 697 1465 244 1806 
2733 1617 1360 1641 1786 
2734 1358 1544 1794 2025 
2735 1397 1766 1707 1943 
2736 390 1593 1494 1831 
2737 1374 1491 1638 1950 
2738 1571 1585 1469 1811 
2739 1236 1771 1471 1839 
2740 1368 1934 1458 2025 
2741 1355 1524 1115 1658 
2742 2082 2215 1672 2315 
2743 316 1754 1211 2139 
2744 1257 1701 1807 2204 
2745 994 622 1640 2146 
2746 1379 1860 1506 2275 
2747 1368 1458 1726 2025 
2748 1555 1405 1873 2253 
2749 1425 1622 1544 1755 
2750 617 1742 1741 1772 
2751 1366 1757 1470 1997 
2752 1239 1728 2043 2129 
2753 1211 316 1653 1754 
2754 1379 1629 1506 2150 
2755 166 908 642 1635 
2756 1482 1807 1701 2204 
2757 1408 1579 1539 1729 
2758 124 1681 1477 1972 
2759 1409 1535 1613 1822 
2760 1620 1641 1360 1786 
2761 767 2040 1494 2044 
2762 998 1470 1777 2250 
2763 1537 1154 1852 2003 
2764 341 1741 1461 1959 
2765 488 490 1528 2366 
2766 1464 1833 279 1862 
2767 871 1679 1607 1693 
2768 1387 1541 1438 1830 
2769 1099 1677 1514 1906 
2770 1396 1726 1905 2256 
2771 483 1808 1460 1865 
2772 1458 1368 1726 1905 
2773 211 1715 1461 2008 
2774 1154 1537 1221 2003 
2775 812 1662 1483 1744 
2776 778 1683 1486 1876 
2777 1397 1766 1943 2176 
2778 1390 1482 1649 1701 
2779 1382 1564 1536 1872 
2780 1387 1830 1438 2048 
2781 1555 2165 1405 2253 
2782 1225 2082 1672 2315 
2783 138 1655 1487 1888 
2784 998 1777 1470 2068 
2785 1617 1630 1412 1901 
2786 116 1701 1636 1916 
2787 1613 1946 1535 2010 
2788 1470 1653 998 2197 
2789 101 1826 1499 1877 
2790 1458 1622 1544 2025 
2791 1437 1838 1559 1997 
2792 1371 1649 1729 2210 
2793 1404 1522 1934 2009 
2794 389 1701 1488 1807 
2795 1482 1375 1886 2222 
2796 1231 1485 2040 2138 
2797 1385 1590 1518 2371 
2798 1063 1701 116 1916 
2799 211 1461 1741 2008 
2800 213 1461 1715 1874 
2801 491 1460 483 1808 
2802 1361 1561 1472 1900 
2803 1200 1517 1213 1680 
2804 1356 1562 1538 2120 
2805 635 1552 1975 2037 
2806 767 1494 390 2044 
2807 1592 1778 1464 2271 
2808 1525 1975 1552 2037 
2809 770 1681 625 1770 
2810 1510 1851 1702 2063 
2811 27 26 1486 1967 
2812 1480 1729 1649 2210 
2813 1494 1593 390 2044 
2814 332 1791 1659 1813 
2815 1706 1760 1513 1883 
2816 1376 1500 1561 2084 
2817 1387 1438 1670 2048 
2818 1257 1807 1482 2204 
2819 1550 1447 1846 2156 
2820 1005 1748 1659 1791 
2821 697 1465 1806 2175 
2822 1527 1742 312 1864 
2823 786 1713 1637 1762 
2824 1706 1883 1513 1990 
2825 1361 1472 1561 2183 
2826 1371 1729 1579 2210 
2827 166 642 1543 1635 
2828 1382 1615 1564 1872 
2829 1221 1537 1154 1852 
2830 101 1499 1723 1877 
2831 1579 1729 1480 2210 
2832 1412 1617 1641 1786 
2833 1257 185 1701 2204 
2834 182 325 1944 2069 
2835 1356 1555 1562 2120 
2836 1550 1846 1384 2156 
2837 1390 1649 1488 1701 
2838 1487 1672 1031 1888 
2839 1410 1822 1543 1887 
2840 1627 1873 1405 2253 
2841 1771 2091 1269 2285 
2842 1559 1838 1366 1997 
2843 1394 1585 1673 1894 
2844 1394 1585 1634 1673 
2845 720 1582 431 1772 
2846 1390 1482 1701 2222 
2847 1576 2040 1485 2138 
2848 1355 1524 1658 1745 
2849 202 197 1815 2341 
2850 1521 1886 1375 2222 
2851 635 1975 1525 2037 
2852 1361 1778 1500 1863 
2853 1488 1649 1482 1701 
2854 1281 1643 1844 1868 
2855 205 2059 1874 2094 
2856 26 1664 1486 1967 
2857 934 1573 1785 1887 
2858 1421 1638 1803 2167 
2859 1470 1757 1603 2149 
2860 124 362 1477 1681 
2861 1249 1677 1521 1971 
2862 863 1607 871 1679 
2863 1539 1729 1579 2240 
2864 1413 1540 1529 1950 
2865 906 386 1542 2014 
2866 974 1736 1621 2312 
2867 1479 1539 1408 2255 
2868 859 1765 1751 1882 
2869 1410 1697 1543 1822 
2870 1517 1680 1200 1926 
2871 1590 1656 1518 2371 
2872 1510 1702 1851 2151 
2873 1412 1641 1620 1786 
2874 1416 1760 1706 1883 
2875 1372 1895 1834 2092 
2876 1449 1621 1591 1853 
2877 1347 1479 1771 1839 
2878 1413 1747 1501 1775 
2879 1479 1300 1713 1839 
2880 1443 1943 1766 2176 
2881 1491 1374 1638 2057 
2882 1507 2058 1704 2325 
2883 488 1528 1724 2366 
2884 1684 1958 1576 2221 
2885 268 1762 1637 2205 
2886 1493 1423 1581 2215 
2887 811 244 697 1465 
2888 659 1506 909 1755 
2889 1441 2043 1728 2129 
2890 980 1809 2107 2310 
2891 1597 1892 1467 2159 
2892 1002 955 933 1693 
2893 1702 1851 1414 2063 
2894 1627 1405 2165 2253 
2895 1225 1493 2082 2315 
2896 1466 1853 1487 2170 
2897 1385 1656 1590 2371 
2898 1505 2107 1809 2310 
2899 1497 2061 1898 2294 
2900 213 1715 1670 1874 
2901 286 1519 281 1741 
2902 1726 2025 1458 2256 
2903 1497 1939 2061 2294 
2904 1616 1838 1437 1900 
2905 1466 1655 1487 1998 
2906 431 720 772 1582 
2907 1707 1943 1598 2254 
2908 1616 1900 1437 1993 
2909 1467 1892 1880 2159 
2910 1359 1587 1480 2373 
2911 1276 1844 1578 1868 
2912 1510 1384 1759 2209 
2913 1376 1561 1500 1863 
2914 1582 1742 431 1772 
2915 1573 1640 622 2146 
2916 1390 1649 1482 2222 
2917 213 1461 211 1715 
2918 213 1670 290 1874 
2919 1448 1638 1571 1656 
2920 1116 1891 1650 2157 
2921 124 1681 1972 2332 
2922 1497 1898 1939 2294 
2923 1361 1928 1663 2061 
2924 244 1806 1465 2123 
2925 642 1543 1640 1887 
2926 1358 1794 1544 2357 
2927 213 212 1461 1874 
2928 1383 1734 1499 2064 
2929 1347 1771 1236 1839 
2930 279 1862 1833 2345 
2931 1382 1861 1667 2224 
2932 1404 1934 1504 2009 
2933 1520 1581 1423 2215 
2934 1448 1638 1491 1950 
2935 197 202 196 2341 
2936 1425 1544 1622 2032 
2937 811 113 244 1465 
2938 1751 1765 257 2266 
2939 491 1460 1808 2286 
2940 1368 1580 1458 1934 
2941 1469 1768 1602 2072 
2942 1347 1771 1479 2287 
2943 1361 1858 1928 2061 
2944 341 211 1461 1741 
2945 1469 1565 1768 2072 
2946 811 697 1220 1465 
2947 1803 1835 1491 2090 
2948 1366 1554 1470 1603 
2949 902 1777 998 2068 
2950 980 2107 1505 2310 
2951 1479 1713 1300 1915 
2952 1437 1900 1838 1993 
2953 1358 1794 1522 2025 
2954 1523 2030 1717 2232 
2955 1249 1232 1521 1676 
2956 1420 1704 2058 2325 
2957 1257 185 1282 1701 
2958 1363 1472 1606 2183 
2959 622 1573 934 1887 
2960 1281 1844 1276 1868 
2961 1366 1838 1692 2337 
2962 257 1751 859 1765 
2963 1503 1412 1827 1901 
2964 1615 1725 1411 1872 
2965 1469 1878 1565 2072 
2966 1476 1426 1605 2062 
2967 1115 1658 1524 1712 
2968 568 1692 1616 1929 
2969 1479 1408 1579 2255 
2970 1642 1932 1396 2131 
2971 1361 1500 1561 1863 
2972 1534 1895 1372 2092 
2973 1363 2084 1472 2183 
2974 1493 1581 1423 2260 
2975 1461 1874 212 1959 
2976 1384 1510 1550 2209 
2977 1624 1809 1351 1985 
2978 1670 1715 180 1770 
2979 1359 1480 1626 2373 
2980 1486 1683 778 1967 
2981 116 1636 1558 1916 
2982 1550 2125 1447 2156 
2983 1439 1778 1592 2271 
2984 622 1640 1573 1887 
2985 1506 1755 659 1999 
2986 1376 1481 2084 2105 
2987 1412 1641 1617 1995 
2988 1484 1564 1828 2054 
2989 1514 1677 1099 1879 
2990 1363 1606 1472 1880 
2991 1493 2215 2082 2315 
2992 404 1688 1513 1760 
2993 1487 1655 1466 2170 
2994 1608 1759 1384 2209 
2995 973 974 1272 2312 
2996 1425 1925 1506 2256 
2997 1878 2072 1469 2284 
2998 447 1614 446 1916 
2999 526 686 1688 1730 
3000 1359 1626 1587 2373 
3001 1418 1663 1682 1773 
3002 1384 2156 1846 2207 
3003 1402 1537 1852 2113 
3004 604 1951 1567 2006 
3005 1630 1827 1412 1901 
3006 730 1200 1213 1680 
3007 1564 1536 1872 2380 
3008 1662 1744 1170 1926 
3009 1002 1679 1693 2097 
3010 1411 1725 1615 1823 
3011 1529 1540 1413 1820 
3012 1637 1789 1309 2205 
3013 1486 1664 26 1784 
3014 882 1575 883 1817 
3015 1717 2030 1523 2132 
3016 871 1693 1607 1974 
3017 1603 2013 1777 2149 
3018 1478 1659 1589 2035 
3019 1369 1717 2030 2232 
3020 353 1568 1689 1824 
3021 342 341 1461 1959 
3022 1037 998 1470 2068 
3023 1257 1701 1282 1807 
3024 1564 1872 1615 2380 
3025 268 1596 1762 2205 
3026 767 390 1494 1831 
3027 1376 2084 1561 2105 
3028 1402 1565 1703 2072 
3029 1413 1529 1837 1950 
3030 1408 1539 1479 1771 
3031 1513 1760 1706 1990 
3032 1466 1797 1655 1998 
3033 1603 1757 2013 2149 
3034 1385 1591 1621 1853 
3035 934 1573 622 1785 
3036 1442 1682 1663 1773 
3037 1385 1621 1449 1853 
3038 1747 1775 1413 2087 
3039 1539 1579 1408 2255 
3040 1410 1638 1697 1968 
3041 1376 1481 1780 2084 
3042 1099 272 1677 1906 
3043 1625 1680 1446 1779 
3044 106 1949 1556 2073 
3045 1853 2018 1377 2170 
3046 281 1741 1519 1772 
3047 1470 1554 1366 1997 
3048 1574 1910 1162 1994 
3049 1574 288 1647 1994 
3050 1517 1594 1419 1805 
3051 1660 1663 1465 1714 
3052 1062 1636 1063 1701 
3053 1369 2030 1474 2254 
3054 290 1670 213 1715 
3055 778 1876 1486 2243 
3056 1474 1707 1598 2254 
3057 1585 1690 1634 1958 
3058 1593 1852 1537 2113 
3059 268 786 1637 1762 
3060 1410 1553 1638 1968 
3061 1062 116 1063 1636 
3062 1407 1473 1617 1901 
3063 625 1770 1681 2012 
3064 254 253 1831 2007 
3065 1421 1835 1803 2090 
3066 1650 1891 1116 2382 
3067 1426 1566 1476 1978 
3068 568 829 1692 1929 
3069 661 1542 386 2272 
3070 1379 1616 1629 2372 
3071 1466 2018 1853 2170 
3072 567 1740 1945 2019 
3073 1592 1628 53 1985 
3074 1782 1797 1697 1871 
3075 994 624 622 2146 
3076 1482 1375 1574 1886 
3077 1791 1813 1600 2035 
3078 1539 2240 1579 2255 
3079 182 325 225 1944 
3080 1269 1236 1771 2285 
3081 1637 1713 1300 1839 
3082 559 1557 276 1964 
3083 221 1154 1593 1852 
3084 1002 1679 955 1693 
3085 1402 1703 1792 2072 
3086 1440 1591 1700 1855 
3087 1511 1576 1958 2221 
3088 1372 1623 1551 1895 
3089 1110 1843 1795 2275 
3090 1503 1617 1407 2145 
3091 1358 1544 2025 2355 
3092 1507 1800 1453 2058 
3093 1570 1740 867 1806 
3094 1606 1721 1427 1745 
3095 1481 1756 1589 1761 
3096 406 761 590 1746 
3097 1359 1626 1569 1703 
3098 1476 1426 2062 2387 
3099 1368 1577 1458 1580 
3100 1575 1147 2022 2276 
3101 1385 1590 1656 2167 
3102 1578 1844 1643 1868 
3103 1509 1380 2097 2264 
3104 994 1824 1021 2384 
3105 1498 1944 325 2069 
3106 404 1760 1513 1990 
3107 1220 1465 697 2175 
3108 1359 1569 1626 2093 
3109 1684 1690 1576 1958 
3110 1451 1832 1939 2055 
3111 1427 1606 1745 2185 
3112 1593 2099 1511 2268 
3113 1544 2025 1622 2032 
3114 1600 1791 1389 2220 
3115 1430 1928 1858 2061 
3116 811 1220 551 1465 
3117 1407 1617 1503 1901 
3118 1476 1566 1426 2387 
3119 1430 1663 2061 2066 
3120 121 123 1661 1694 
3121 1105 1709 2064 2233 
3122 1401 1851 1492 2241 
3123 1574 1725 1162 1910 
3124 1663 1714 1660 2066 
3125 1384 1550 1608 2209 
3126 1359 2072 1878 2284 
3127 622 1573 1072 1785 
3128 860 1751 1495 1882 
3129 1376 1780 1500 2084 
3130 1406 1721 1606 1745 
3131 1347 1479 1300 1915 
3132 1342 2089 1636 2354 
3133 1532 1621 1591 2155 
3134 1502 2224 2159 2349 
3135 1371 1579 2240 2255 
3136 1502 1643 1228 1868 
3137 1425 1544 1925 2256 
3138 1601 1946 1420 2102 
3139 332 1600 1791 1813 
3140 1042 846 1503 1716 
3141 1037 1470 998 2197 
3142 1518 1656 1590 2167 
3143 1407 1867 1473 1901 
3144 87 1497 1832 1939 
3145 888 1707 1766 2148 
3146 1597 2159 1502 2224 
3147 1412 1617 1503 1995 
3148 1384 1550 2156 2207 
3149 279 1833 1464 1850 
3150 617 533 431 1772 
3151 1563 1710 1509 2264 
3152 989 1939 1832 2055 
3153 1529 952 1820 1821 
3154 1396 1642 1463 1932 
3155 1375 1521 1647 1886 
3156 1005 1659 721 1791 
3157 419 867 1740 1806 
3158 1363 1880 1892 2159 
3159 1427 1745 1490 2185 
3160 138 1487 1031 1888 
3161 116 1558 1636 2128 
3162 1112 1684 1515 2138 
3163 1372 1492 1557 1964 
3164 1537 1852 1593 2003 
3165 1483 1662 1419 1744 
3166 778 779 1876 2243 
3167 1380 1509 1710 2264 
3168 101 1499 169 1723 
3169 1505 2041 1809 2381 
3170 1430 1714 1663 2066 
3171 1397 1943 1707 2254 
3172 522 2089 1651 2305 
3173 1042 1716 1503 2112 
3174 389 1807 1488 2277 
3175 1401 1492 1646 2241 
3176 1567 1951 1675 2006 
3177 1363 1892 1597 2159 
3178 909 1755 1506 1795 
3179 431 1582 772 1742 
3180 212 211 213 1461 
3181 1491 1650 1374 1724 
3182 1482 1574 1375 2186 
3183 1477 1681 362 1953 
3184 1179 2055 1451 2350 
3185 1062 215 1636 1701 
3186 205 207 2059 2094 
3187 1932 2131 1642 2163 
3188 821 1507 1819 1897 
3189 588 1701 389 1807 
3190 1690 1958 1585 2261 
3191 1476 1605 1426 1976 
3192 1509 2097 1563 2264 
3193 958 1529 957 1908 
3194 1551 1834 1372 1895 
3195 447 1558 1614 1916 
3196 1394 1634 1585 1690 
3197 508 1986 1807 2122 
3198 1458 1577 1368 1905 
3199 1404 1752 1720 2161 
3200 363 124 362 1477 
3201 1659 1813 1791 2035 
3202 1048 1630 1827 2126 
3203 770 1681 1770 2307 
3204 1409 1573 1511 1816 
3205 1554 1559 1366 1997 
3206 883 1575 882 1763 
3207 1361 1561 1500 2183 
3208 1660 2061 1939 2294 
3209 1379 1900 1993 2084 
3210 1002 1509 1679 2097 
3211 1377 1645 1581 1903 
3212 1476 2062 1605 2387 
3213 1435 1511 1593 2099 
3214 1391 1639 1465 1663 
3215 1458 1580 1577 2177 
3216 1747 2087 1413 2273 
3217 770 1770 1607 2307 
3218 1016 1523 1717 1826 
3219 1389 1600 1849 2035 
3220 559 1623 1933 1964 
3221 1500 1863 1778 1983 
3222 1406 1745 1606 2185 
3223 1700 1855 1591 2166 
3224 1440 1591 1532 1700 
3225 1317 1318 1810 2266 
3226 1613 1782 1697 1871 
3227 473 1485 1231 2138 
3228 1536 1411 1725 1872 
3229 1568 1420 1946 2102 
3230 1363 1880 1472 2084 
3231 1472 1993 1900 2084 
3232 1848 2059 207 2094 
3233 1361 1595 1858 2061 
3234 1622 2025 1404 2032 
3235 1550 1356 1686 1743 
3236 935 1967 1683 2263 
3237 1376 1809 2041 2381 
3238 1394 1690 1585 1718 
3239 1553 1571 1357 1585 
3240 26 27 1486 2243 
3241 661 906 386 1542 
3242 1809 2107 1505 2381 
3243 1615 1872 1411 2380 
3244 1552 1863 1624 1975 
3245 1575 1731 1147 2276 
3246 1467 1754 704 2027 
3247 871 863 864 1607 
3248 121 1694 1661 2036 
3249 281 1772 1519 2353 
3250 1416 1436 1673 1840 
3251 1538 1562 1356 2262 
3252 1249 1521 1232 1971 
3253 1509 1710 1563 2374 
3254 1419 1680 1625 1779 
3255 1422 1725 1615 1872 
3256 1507 749 1800 1897 
3257 1382 1667 1861 2211 
3258 1544 1794 1631 2357 
3259 1388 1704 1613 1946 
3260 1627 2145 1641 2374 
3261 1213 1680 1517 1817 
3262 1110 1795 909 2275 
3263 182 1944 1549 2069 
3264 1616 1692 1437 1838 
3265 1585 1958 1634 1968 
3266 1361 1595 1663 1793 
3267 1242 1728 1239 2129 
3268 522 1906 1651 2089 
3269 446 1614 447 1821 
3270 1560 1686 1665 2173 
3271 1525 1669 679 1920 
3272 1425 1506 1925 2052 
3273 404 686 1513 1688 
3274 1660 2061 1663 2066 
3275 283 1933 1859 2208 
3276 244 1465 113 2123 
3277 1342 1775 1636 2089 
3278 1479 1713 1637 1839 
3279 697 244 143 1806 
3280 1460 491 2203 2286 
3281 1536 1411 1872 2380 
3282 559 1933 1557 1964 
3283 1581 1645 1489 1903 
3284 1370 1585 1811 2213 
3285 1523 1826 1016 2258 
3286 1575 1594 1446 2022 
3287 1641 1666 1459 2165 
3288 1467 1892 1597 2050 
3289 539 540 1852 2205 
3290 447 1614 1558 1821 
3291 1597 1643 1502 2159 
3292 1062 1312 215 1701 
3293 1391 1898 2061 2294 
3294 1436 1416 1673 1760 
3295 568 829 1616 1692 
3296 1356 1560 1665 2173 
3297 358 1848 2036 2059 
3298 1493 1877 1423 2215 
3299 1727 2283 682 2353 
3300 1374 1650 1491 1950 
3301 27 778 1486 2243 
3302 679 1669 1525 1975 
3303 279 1850 1464 2075 
3304 731 1152 1625 1680 
3305 1373 1563 1710 2374 
3306 920 1713 786 1762 
3307 551 1465 1220 1854 
3308 1371 1579 1729 2240 
3309 1372 1557 1492 1851 
3310 358 1848 1508 2036 
3311 1820 1821 1558 1942 
3312 1642 2131 1455 2163 
3313 1589 1761 1756 2026 
3314 539 1852 1596 2205 
3315 488 1724 1528 1991 
3316 1751 1911 1415 2216 
3317 1643 1732 1578 1868 
3318 1513 1688 686 1730 
3319 82 704 1467 1754 
3320 1162 1725 1574 1986 
3321 404 1324 686 1688 
3322 260 1577 1795 2034 
3323 1389 1849 1668 2035 
3324 340 1035 1563 1899 
3325 1467 1583 1892 2050 
3326 179 180 1715 1770 
3327 1358 2025 1522 2355 
3328 1617 1641 1503 1995 
3329 1554 1559 1470 2076 
3330 1357 1571 1638 1656 
3331 1470 1559 1554 1997 
3332 1467 1583 1880 1892 
3333 1422 1615 1725 1823 
3334 232 1687 1557 2208 
3335 173 1508 358 1848 
3336 1376 1624 1552 1863 
3337 1575 1817 1594 2022 
3338 558 1499 101 1826 
3339 416 53 1628 1985 
3340 1416 1738 1436 1840 
3341 1616 1860 568 1929 
3342 341 211 342 1461 
3343 1520 1423 1877 2215 
3344 1531 1740 515 2019 
3345 138 1487 1655 1912 
3346 1428 1589 1478 1659 
3347 1418 1663 1465 1682 
3348 973 1736 974 2312 
3349 286 1519 1741 1959 
3350 1533 1782 1613 1871 
3351 202 1815 1646 2341 
3352 1300 1479 1347 1839 
3353 1630 1786 1403 2301 
3354 1373 1710 1563 2264 
3355 790 1540 1747 1954 
3356 1598 1962 1734 2015 
3357 682 1804 1727 2353 
3358 1478 1813 295 1919 
3359 391 2012 1541 2094 
3360 1384 1550 1510 1834 
3361 483 1865 1460 2203 
3362 1600 2141 1791 2220 
3363 673 1269 2091 2285 
3364 1613 1704 1388 2095 
3365 1425 1552 1525 2105 
3366 1377 1581 1678 1903 
3367 205 1874 206 2094 
3368 1464 1628 1592 2271 
3369 1569 1703 1626 2216 
3370 1404 1794 1522 2009 
3371 474 1231 1485 2040 
3372 1496 1809 1624 1985 
3373 485 1465 1854 2158 
3374 1637 1762 1596 2205 
3375 1607 1770 1681 2307 
3376 1027 1810 1924 2266 
3377 1242 1547 1728 2129 
3378 1508 1661 1438 1759 
3379 822 1708 1536 1984 
3380 1617 1786 1630 2301 
3381 1359 1480 1587 2323 
3382 1363 1732 1500 2183 
3383 1405 1555 1710 2165 
3384 1115 1712 1524 2075 
3385 1402 1565 1792 2270 
3386 156 1493 1225 2315 
3387 1389 1791 1685 2220 
3388 1374 1724 1650 1908 
3389 1591 1621 1449 2155 
3390 268 1596 270 1762 
3391 1776 1861 1667 2211 
3392 1309 1637 1190 1789 
3393 1423 1581 1520 2180 
3394 1442 1609 1542 2244 
3395 1640 1822 1573 1887 
3396 1621 1736 974 1890 
3397 1037 478 998 2068 
3398 1594 1817 1680 2022 
3399 1493 1423 1877 2260 
3400 1361 1663 1773 1793 
3401 1431 1838 1616 1900 
3402 1585 1718 1690 2261 
3403 1914 2007 1577 2130 
3404 1586 1535 1946 2010 
3405 1465 1663 1639 1682 
3406 1705 1706 1166 2017 
3407 1581 1982 1749 1987 
3408 1542 1609 1442 2014 
3409 1361 1663 1595 2061 
3410 882 1575 1817 2085 
3411 1420 1654 1568 1952 
3412 790 1747 768 1954 
3413 1442 1773 1663 1793 
3414 1568 1601 1420 2102 
3415 1419 1744 1662 1926 
3416 1483 812 2065 2140 
3417 1459 1641 1620 1666 
3418 1307 1685 1748 1791 
3419 1464 1778 1592 2334 
3420 1465 1660 1391 1663 
3421 184 1549 224 1848 
3422 1417 1516 1666 2030 
3423 1357 1613 1533 1782 
3424 158 1002 1509 1679 
3425 1284 1258 1800 1952 
3426 1594 1680 1446 2022 
3427 909 1795 1506 2275 
3428 1777 2013 1427 2149 
3429 1558 1820 691 1821 
3430 1220 1854 1465 2175 
3431 1379 1993 1761 2084 
3432 1625 1680 1152 2060 
3433 1380 1679 1889 2218 
3434 596 1355 1115 1658 
3435 1236 1839 1471 2285 
3436 1633 1666 1516 2030 
3437 1858 2013 1783 2061 
3438 1639 1663 1442 1682 
3439 1618 1709 1383 2100 
3440 12 1619 1647 1994 
3441 331 1659 332 1791 
3442 1370 1585 1774 1811 
3443 1431 1692 1616 1838 
3444 1373 1627 1641 2374 
3445 1197 1542 1825 2164 
3446 1529 1821 1820 1942 
3447 1542 906 2014 2164 
3448 1409 1535 1857 2010 
3449 353 511 1568 1824 
3450 1419 1483 1627 1662 
3451 13 1836 1520 2234 
3452 1535 1689 1378 1824 
3453 1556 1623 1372 2119 
3454 1419 1627 1483 1790 
3455 1539 1829 794 2196 
3456 935 1769 1967 2263 
3457 1519 1846 2156 2207 
3458 980 1809 746 2107 
3459 1544 2025 1726 2256 
3460 1911 2216 1751 2376 
3461 1486 1784 26 2243 
3462 1425 1755 1544 2256 
3463 253 1674 1831 2007 
3464 1369 1717 1474 2030 
3465 1402 1792 1537 2270 
3466 1368 1914 1577 2130 
3467 1099 1906 1514 2214 
3468 1660 1391 2061 2294 
3469 1528 2081 1768 2270 
3470 1479 1579 1408 1992 
3471 1474 2030 1717 2132 
3472 1713 1947 1762 2137 
3473 1361 1773 1778 1863 
3474 697 1806 143 2175 
3475 1483 1744 1419 1790 
3476 1472 1361 1900 1989 
3477 1468 1812 1582 2308 
3478 1795 1905 1843 2034 
3479 1473 1407 1617 1956 
3480 934 622 1072 1785 
3481 1562 1851 1702 2151 
3482 27 1486 778 1967 
3483 1420 1654 2058 2296 
3484 1795 1843 347 2034 
3485 1356 1686 1560 2173 
3486 1536 1564 1382 1828 
3487 483 1460 491 2203 
3488 1357 1571 1553 1638 
3489 1464 1862 279 2075 
3490 1395 1582 2235 2251 
3491 1465 1391 1660 1806 
3492 1452 1743 2235 2251 
3493 358 47 1848 2059 
3494 1357 1782 1656 2167 
3495 1306 716 1518 2078 
3496 1650 1724 1491 2080 
3497 1378 1697 1797 1871 
3498 312 1742 1527 2008 
3499 1574 1411 1994 2009 
3500 412 1516 1827 1899 
3501 1307 1748 1005 1791 
3502 1200 1680 730 1926 
3503 1664 1969 1967 2086 
3504 1753 1761 1589 1892 
3505 1534 1766 1397 2176 
3506 588 1282 389 1701 
3507 1282 1701 588 1807 
3508 1581 1903 1489 2101 
3509 1426 1566 1978 2172 
3510 1438 2059 1848 2094 
3511 1371 1675 1567 2240 
3512 860 1495 441 1882 
3513 1463 1932 1642 2163 
3514 1537 1593 2113 2270 
3515 1713 1762 920 2137 
3516 197 2282 1815 2341 
3517 1525 1552 1425 2037 
3518 156 1225 1493 2082 
3519 1585 1553 1958 1968 
3520 660 909 659 1506 
3521 1780 1828 1564 2054 
3522 1533 1704 1613 2095 
3523 34 1016 1523 1717 
3524 1366 1603 1497 2339 
3525 1376 1561 1863 2105 
3526 1363 1606 1732 2183 
3527 1430 1858 1783 2061 
3528 1394 1894 1673 2333 
3529 1098 1099 1677 1879 
3530 87 1832 1497 2298 
3531 82 1467 704 2050 
3532 634 1525 635 1975 
3533 1517 795 2079 2314 
3534 1480 1729 1579 1921 
3535 1408 1729 1539 2240 
3536 447 446 448 1916 
3537 1479 1915 1347 2287 
3538 1581 1645 1403 2238 
3539 1413 1775 1454 2247 
3540 1390 1488 1729 1916 
3541 1419 1594 1517 1680 
3542 1042 1043 846 1716 
3543 1370 1894 1588 2088 
3544 809 1700 2322 2363 
3545 1414 1702 1562 1851 
3546 1571 1774 1585 1811 
3547 1359 1587 1626 1703 
3548 796 1722 2259 2263 
3549 1416 1436 1738 1760 
3550 1452 2235 1582 2251 
3551 1416 1700 1440 2110 
3552 1375 2186 1649 2222 
3553 727 82 704 2050 
3554 1409 1511 1573 1896 
3555 1493 1581 1749 1987 
3556 32 1523 1750 2132 
3557 835 1699 1885 2203 
3558 1281 1228 1643 1868 
3559 954 952 1529 1821 
3560 1515 1409 1634 1690 
3561 846 1503 1716 1899 
3562 1594 1790 1419 1805 
3563 1407 1503 1735 1901 
3564 1402 1537 2113 2270 
3565 215 1676 1636 1701 
3566 1650 1891 1540 2157 
3567 1595 1900 1793 1989 
3568 1540 1650 1448 1891 
3569 795 1517 1926 2314 
3570 1425 1506 1755 2256 
3571 1495 1831 1674 2007 
3572 82 1754 1467 2050 
3573 1421 1655 1797 1998 
3574 1357 1697 1613 1782 
3575 1605 1383 1709 2100 
3576 1404 1720 1622 2161 
3577 1480 1649 1729 1921 
3578 954 1529 952 1820 
3579 1357 1638 1782 2167 
3580 1448 1656 1571 2237 
3581 1667 1861 1478 2224 
3582 404 1513 686 1990 
3583 281 1519 251 2353 
3584 1516 1719 412 1941 
3585 1152 1680 1108 2022 
3586 1799 2042 1956 2136 
3587 1557 1933 1623 1964 
3588 1112 394 1684 2138 
3589 994 1640 1824 2384 
3590 1386 1757 1606 2236 
3591 1277 998 1653 2197 
3592 1499 1734 1530 2064 
3593 1363 2159 2224 2349 
3594 1582 1812 1468 2074 
3595 1417 1633 1516 2030 
3596 1470 1603 1777 2149 
3597 1606 1757 1472 2236 
3598 716 1295 1306 1518 
3599 1004 1658 1115 1712 
3600 1650 1908 957 2157 
3601 922 1813 1776 1948 
3602 1559 1599 1366 1692 
3603 113 2123 1465 2158 
3604 1567 1675 1371 1866 
3605 1179 1832 1451 2055 
3606 490 1758 1528 2366 
3607 221 1593 1831 1852 
3608 1688 1760 404 2011 
3609 342 1461 212 1959 
3610 1589 1753 1481 1761 
3611 1804 1846 1447 2156 
3612 1048 1827 1047 2126 
3613 1416 1855 1700 2166 
3614 964 1616 829 1692 
3615 1544 2256 1726 2355 
3616 785 1637 1309 2205 
3617 1375 1647 1574 1886 
3618 1399 1967 1969 2086 
3619 1005 721 1659 1748 
3620 1388 1704 1946 2325 
3621 1551 1895 1623 2344 
3622 230 1735 560 1867 
3623 1451 1832 1179 2350 
3624 1100 1711 1578 1798 
3625 1388 1883 1819 2154 
3626 790 1747 1540 2087 
3627 325 423 284 1498 
3628 1281 1103 1276 1844 
3629 1420 1568 1654 2296 
3630 1403 2238 1645 2301 
3631 1540 2087 1747 2273 
3632 594 312 1742 1864 
3633 217 2029 1694 2379 
3634 725 416 53 1628 
3635 1562 1538 2120 2262 
3636 958 954 957 1529 
3637 1412 1827 1750 2115 
3638 702 1629 112 1843 
3639 1440 1700 1416 1855 
3640 1424 1792 1537 2205 
3641 1804 1447 2125 2156 
3642 123 1661 1694 2279 
3643 1357 1673 1870 2095 
3644 419 1806 1740 2071 
3645 363 1972 1477 2077 
3646 1387 1608 1526 1830 
3647 1761 1993 1472 2084 
3648 1099 272 1906 2214 
3649 1392 1501 2056 2088 
3650 1368 1495 1914 2130 
3651 1726 2025 1544 2355 
3652 1357 1656 1638 2167 
3653 1116 1650 1055 2157 
3654 1394 1673 1634 2024 
3655 1584 1403 1630 1786 
3656 1613 1822 1535 1946 
3657 634 1525 679 1920 
3658 1197 906 1542 2164 
3659 1449 1621 1385 1736 
3660 936 1556 1644 2073 
3661 1395 1582 1686 2156 
3662 1367 1511 1576 1958 
3663 1693 1864 1563 2264 
3664 340 1563 1719 1899 
3665 1402 1703 1587 1792 
3666 1402 1792 1565 2072 
3667 882 1763 1575 2085 
3668 1792 2072 1703 2323 
3669 1603 1427 1777 2013 
3670 1462 2259 1722 2263 
3671 357 293 1694 1846 
3672 455 1752 1068 2161 
3673 274 232 1557 2208 
3674 1450 1889 1679 2218 
3675 1147 1731 1575 2227 
3676 34 1523 1016 2258 
3677 121 194 123 1694 
3678 1281 1643 943 1844 
3679 1565 1878 1703 2072 
3680 1752 2000 1720 2161 
3681 1426 1476 1731 1978 
3682 1373 1666 1641 2165 
3683 266 1712 1862 2047 
3684 419 867 9 1740 
3685 447 1558 691 1821 
3686 1359 1703 1878 2072 
3687 1393 1931 1457 2255 
3688 1379 1860 1616 1900 
3689 1704 1883 1855 2199 
3690 1464 1592 1862 2334 
3691 1591 1621 1532 2166 
3692 1587 1792 1703 2323 
3693 1741 1742 617 2008 
3694 1366 1603 1757 2013 
3695 1369 1598 1474 1717 
3696 85 794 1829 2196 
3697 1749 1987 1982 2062 
3698 679 1525 634 1975 
3699 1793 1900 1361 1989 
3700 1675 1951 710 2006 
3701 1402 2113 1565 2270 
3702 1400 1677 1521 1961 
3703 796 1808 1722 2263 
3704 331 332 1659 1813 
3705 1651 2089 1501 2305 
3706 1591 1532 1700 2166 
3707 1828 1875 1484 2054 
3708 106 1556 936 2073 
3709 978 1740 1570 1945 
3710 1515 1684 1409 1690 
3711 1765 1810 1318 2266 
3712 821 750 1507 1897 
3713 1431 1860 1542 1900 
3714 1499 1369 1598 1734 
3715 283 2208 1859 2378 
3716 750 1507 749 1800 
3717 989 1832 1179 2055 
3718 1370 1588 1651 2088 
3719 266 1712 668 1862 
3720 710 1938 1675 2006 
3721 568 829 964 1616 
3722 389 1488 1701 1916 
3723 1379 1481 1925 2084 
3724 124 1477 363 1972 
3725 1223 1906 272 2214 
3726 1463 1629 1396 1932 
3727 1379 1561 1900 2084 
3728 1357 1870 1533 2095 
3729 1529 957 1908 2157 
3730 1466 1797 1782 1871 
3731 1532 1591 1440 1799 
3732 1383 1499 1723 2064 
3733 1230 1862 279 2345 
3734 1518 1590 1385 2078 
3735 1356 1550 1686 2173 
3736 1393 1457 1713 2255 
3737 639 682 2283 2353 
3738 1363 2159 1597 2224 
3739 821 1507 722 1819 
3740 1663 1793 1595 2244 
3741 1605 1902 1201 2082 
3742 1398 1517 1594 1817 
3743 1211 316 740 1653 
3744 1527 1607 1380 1974 
3745 659 660 1506 1999 
3746 1395 1608 1550 1743 
3747 1360 1620 1970 2067 
3748 1615 1668 1866 2098 
3749 1383 2100 1605 2387 
3750 1367 1576 1485 1690 
3751 412 1827 410 1899 
3752 835 1885 1646 2203 
3753 1468 1686 1582 2156 
3754 1384 1661 1508 1759 
3755 1463 1642 1396 2150 
3756 1921 1729 2160 2247 
3757 260 1795 1577 2280 
3758 994 1021 1262 2384 
3759 1535 2146 1857 2385 
3760 716 764 1891 2078 
3761 1438 1661 1508 2059 
3762 1413 1540 1950 2273 
3763 181 1670 180 1770 
3764 354 1648 72 1781 
3765 1654 1800 1258 1952 
3766 1098 1045 1099 1879 
3767 936 1644 1556 2230 
3768 1342 1636 215 1676 
3769 1483 1662 812 2140 
3770 1712 1862 1592 2334 
3771 330 391 1541 2094 
3772 1606 1880 1386 2236 
3773 1462 1414 1722 1881 
3774 883 881 1575 1763 
3775 588 1807 389 2277 
3776 1413 1454 2135 2247 
3777 1390 1488 1649 1729 
3778 1713 1685 1947 2137 
3779 749 1507 750 1897 
3780 1256 1482 1257 1986 
3781 1472 1880 1606 2236 
3782 604 710 1951 2006 
3783 1375 1649 1698 2222 
3784 1693 1864 43 2097 
3785 1389 1642 1589 1668 
3786 1380 1607 1527 1889 
3787 1722 1841 796 2259 
3788 1491 1650 1448 1950 
3789 1458 1544 1755 2256 
3790 1563 1864 1693 2097 
3791 1464 1862 1712 2334 
3792 27 779 778 2243 
3793 1436 1588 1894 2088 
3794 1471 1771 1236 2285 
3795 1394 1673 2024 2333 
3796 357 1694 217 2029 
3797 1418 1465 1663 1714 
3798 473 1787 1485 2138 
3799 1552 1525 1863 1975 
3800 1516 1666 1633 2115 
3801 416 1985 1628 2320 
3802 1446 1594 1575 2172 
3803 1056 1938 1546 1984 
3804 443 1986 508 2122 
3805 980 1313 746 1809 
3806 1550 1510 1834 2151 
3807 1558 1942 1729 2247 
3808 1228 1643 1502 2242 
3809 617 1741 533 1772 
3810 867 1570 978 1740 
3811 1458 1795 1905 2256 
3812 516 1534 665 1996 
3813 334 2011 1963 2214 
3814 323 1496 1809 2316 
3815 1797 2018 1466 2170 
3816 1495 1415 1751 1911 
3817 1418 1773 1682 1920 
3818 1807 1986 1725 2122 
3819 1471 2091 1771 2285 
3820 319 1498 325 2069 
3821 540 1537 1221 1852 
3822 809 695 1700 2363 
3823 1459 1970 2120 2293 
3824 1512 1657 1392 1737 
3825 1791 2141 1685 2220 
3826 1485 1691 1456 1718 
3827 1422 1807 1725 2122 
3828 12 1647 1619 2359 
3829 1110 911 1795 1843 
3830 659 909 1082 1755 
3831 2134 2266 1751 2300 
3832 1462 1808 1399 2263 
3833 1429 1849 1600 2035 
3834 1360 1749 1620 1786 
3835 567 515 1740 2019 
3836 1360 1786 1617 2238 
3837 1942 2160 1729 2247 
3838 1366 1559 1554 1599 
3839 1537 1593 1435 2003 
3840 1550 1834 1671 2151 
3841 1035 1716 1563 1899 
3842 1871 1946 1601 2102 
3843 1375 1647 1521 2124 
3844 1615 1668 1548 1866 
3845 1720 1752 1404 2000 
3846 1362 1704 1601 2331 
3847 362 363 1477 1953 
3848 608 1347 1300 1915 
3849 1556 2119 1372 2176 
3850 1680 2022 1152 2060 
3851 246 1683 778 1876 
3852 1495 2007 1914 2130 
3853 1379 1506 1860 2052 
3854 1413 1454 1775 2135 
3855 1485 1765 474 2040 
3856 1084 279 1862 2075 
3857 1638 1656 1448 2167 
3858 286 1741 341 1959 
3859 856 724 1556 2119 
3860 1413 1950 1837 2273 
3861 485 1465 551 1854 
3862 1356 1560 1686 1743 
3863 1733 1843 1905 2034 
3864 1540 1413 2087 2273 
3865 1533 1855 1704 1883 
3866 1027 1924 1612 2266 
3867 1833 2345 1628 2383 
3868 1489 1645 2238 2301 
3869 1667 1776 1478 1861 
3870 1472 2084 1561 2183 
3871 1410 1573 1822 1887 
3872 1408 1729 1558 1942 
3873 679 634 635 1975 
3874 1567 1829 84 1948 
3875 1542 1900 1860 2052 
3876 1496 1624 1376 1983 
3877 1831 1882 1495 2303 
3878 174 184 224 1848 
3879 1383 1618 2100 2387 
3880 133 522 1651 2305 
3881 1603 1777 1427 2039 
3882 1517 1680 1594 1817 
3883 423 445 1869 2117 
3884 490 1528 1758 2223 
3885 1375 1482 2186 2222 
3886 423 317 445 2117 
3887 1415 1810 2023 2217 
3888 1592 1778 1381 2334 
3889 1620 1641 1412 1995 
3890 1566 2062 1426 2387 
3891 1403 1764 1630 2301 
3892 1526 1608 1387 1889 
3893 1388 1946 1613 2010 
3894 128 2028 1692 2360 
3895 875 769 1766 1965 
3896 1473 2042 1440 2116 
3897 340 1719 1563 2181 
3898 1619 1994 1411 2009 
3899 492 1808 1683 2286 
3900 1704 2058 1922 2136 
3901 1369 1665 2030 2254 
3902 1431 1860 1616 1929 
3903 1686 2235 1743 2251 
3904 1238 924 1545 2017 
3905 1357 1638 1553 1968 
3906 1608 1830 1759 2348 
3907 1372 1557 1623 1964 
3908 1581 1678 1903 2101 
3909 1395 1550 1686 1743 
3910 1387 1607 1527 2195 
3911 732 1835 1803 1912 
3912 1660 1714 1465 2158 
3913 1332 1628 2345 2383 
3914 1380 1679 1607 1889 
3915 1031 1672 1487 2289 
3916 166 1635 1543 1917 
3917 1779 2067 1594 2172 
3918 625 2012 1681 2332 
3919 1391 1465 1639 1806 
3920 1407 1735 1503 2145 
3921 295 1813 1478 2302 
3922 1099 1223 272 2214 
3923 1528 950 2133 2223 
3924 1382 1753 1861 2224 
3925 1105 1618 1709 2233 
3926 1190 1789 1637 1839 
3927 1455 2163 1947 2220 
3928 1609 1442 2014 2244 
3929 1419 1790 1744 1805 
3930 1439 1778 1773 1863 
3931 1611 2135 1454 2247 
3932 1191 1272 974 2031 
3933 1489 1645 1581 2238 
3934 539 540 1195 1852 
3935 1376 1500 1780 2054 
3936 1481 1379 1761 2084 
3937 1685 1713 1051 2137 
3938 1376 1631 1481 2105 
3939 217 355 2029 2379 
3940 1517 1654 1213 1817 
3941 1448 1650 1540 1950 
3942 1487 1888 1655 2170 
3943 1759 1830 1608 2048 
3944 1655 1888 350 2129 
3945 1478 1589 1428 1892 
3946 1356 1538 1856 2120 
3947 1378 1689 1535 1946 
3948 1424 1637 1792 2205 
3949 695 1738 1700 2363 
3950 1363 1761 1880 2084 
3951 769 1766 1534 1949 
3952 1702 1881 1510 2063 
3953 522 271 1651 1906 
3954 1479 1771 1471 1992 
3955 1613 1704 1533 1871 
3956 1568 1378 1689 1824 
3957 1586 1857 1535 2010 
3958 1704 1871 1601 2331 
3959 1347 1291 1236 1771 
3960 1352 1024 323 2292 
3961 257 1765 1318 2266 
3962 1213 1654 1517 2079 
3963 1574 1994 1647 2009 
3964 1621 1532 2166 2365 
3965 1832 1966 1179 2350 
3966 731 1625 897 1680 
3967 1570 1660 1391 1806 
3968 277 279 1833 2345 
3969 1903 2136 2101 2370 
3970 648 1166 1705 1706 
3971 1512 2322 1700 2363 
3972 1379 1860 1900 2052 
3973 1112 1515 1787 2138 
3974 1396 1629 1463 2150 
3975 72 1781 1648 2274 
3976 1484 1828 1564 2380 
3977 1360 1749 1786 2238 
3978 1435 2113 1593 2270 
3979 136 350 1655 1888 
3980 1319 1494 767 2040 
3981 963 978 1570 1945 
3982 1620 1412 1666 1995 
3983 1392 1747 1501 2273 
3984 716 1891 1518 2078 
3985 1700 2166 1532 2365 
3986 1607 1679 1450 1889 
3987 1472 1880 1761 2084 
3988 1493 1987 1749 2062 
3989 1387 1770 1607 2195 
3990 1357 1697 1638 1968 
3991 1447 1834 1846 2379 
3992 665 1534 769 1965 
3993 1636 1701 1390 1916 
3994 794 904 1829 2287 
3995 1420 1601 1568 2296 
3996 568 1022 829 1929 
3997 163 1196 1737 1890 
3998 812 900 1483 2065 
3999 412 1516 411 1827 
4000 634 1825 1525 1920 
4001 749 1893 1800 1897 
4002 1355 1658 596 1745 
4003 1380 1527 1743 1889 
4004 558 169 101 1499 
4005 1369 1943 1665 2254 
4006 1042 1503 1735 2112 
4007 536 1648 1781 2020 
4008 489 488 490 1528 
4009 1416 1440 1706 2110 
4010 1603 1427 2013 2039 
4011 1367 1485 1576 1980 
4012 260 1795 347 2034 
4013 1363 1500 2084 2183 
4014 1534 1766 769 1965 
4015 1587 1703 1402 1914 
4016 812 1170 1662 1744 
4017 1538 1970 1734 2293 
4018 207 1904 1848 2094 
4019 713 1491 1803 1835 
4020 1874 2059 1438 2094 
4021 1538 2120 1970 2293 
4022 1659 1813 1478 1919 
4023 1482 1807 1257 1986 
4024 1557 1687 232 1815 
4025 743 1867 1735 1901 
4026 832 875 769 1766 
4027 695 696 1700 1738 
4028 1609 2014 1542 2272 
4029 1537 1435 1593 2270 
4030 985 1843 1733 2034 
4031 1674 1831 1495 2303 
4032 1371 1675 2240 2265 
4033 342 211 212 1461 
4034 1563 2097 1693 2264 
4035 1636 1916 1390 2247 
4036 1368 1726 1522 2025 
4037 1307 1748 1685 1936 
4038 540 1537 1852 2205 
4039 1372 1556 1492 1964 
4040 1394 1691 1485 1718 
4041 1357 1571 1656 2229 
4042 117 116 1558 1916 
4043 1540 1820 690 2087 
4044 1384 1846 1834 2379 
4045 1379 1756 1481 1761 
4046 1291 1771 1347 2287 
4047 1037 2068 1470 2076 
4048 404 402 1324 1688 
4049 1927 1970 1620 2293 
4050 217 1859 355 2379 
4051 423 284 1498 1869 
4052 1356 1665 1560 1856 
4053 1033 1653 1754 1781 
4054 1380 1743 1527 2235 
4055 1550 1356 1743 2209 
4056 1002 618 158 1509 
4057 1067 2132 1913 2198 
4058 1536 442 1984 2122 
4059 1048 1630 1159 1827 
4060 1238 1545 1705 2017 
4061 641 1640 818 1824 
4062 1300 1189 1637 1839 
4063 559 276 1557 1933 
4064 643 1640 622 1887 
4065 1356 1856 1555 2120 
4066 43 2097 1864 2181 
4067 1541 1438 1830 2001 
4068 1049 1031 138 1487 
4069 1284 1800 1893 1952 
4070 794 1829 1539 2287 
4071 1402 1596 1537 1792 
4072 1518 1737 1196 1890 
4073 1225 1888 1672 2082 
4074 1648 1801 1781 2020 
4075 1483 2145 1627 2374 
4076 790 1540 690 2087 
4077 112 1843 1629 1932 
4078 173 358 47 1848 
4079 1457 1931 1393 1947 
4080 1421 1697 1638 1782 
4081 772 1742 1582 2144 
4082 1750 2115 1827 2304 
4083 1316 1055 1116 1650 
4084 1550 1671 1356 2151 
4085 1035 1018 1563 1716 
4086 402 1688 404 2011 
4087 632 2110 648 2116 
4088 89 1957 1648 2028 
4089 496 286 281 1741 
4090 1440 1700 1532 2111 
4091 266 1798 1712 2047 
4092 1404 2009 1504 2321 
4093 1462 1399 1808 2201 
4094 1418 1682 1465 1854 
4095 455 1173 2000 2161 
4096 1331 1628 1332 2383 
4097 1855 1870 1591 2166 
4098 1366 1692 1599 2337 
4099 1527 1607 1387 1889 
4100 124 738 362 1681 
4101 1388 2024 1883 2154 
4102 1377 1678 2002 2018 
4103 1578 1711 1100 2152 
4104 1647 1994 1619 2009 
4105 24 1813 922 1948 
4106 1443 1962 1598 2015 
4107 1482 1886 1256 2204 
4108 1477 1953 363 2077 
4109 515 1740 1531 2189 
4110 1601 1871 1420 1946 
4111 1602 1768 1469 2228 
4112 1489 2101 2136 2370 
4113 1553 1585 1357 1968 
4114 1529 1908 1650 2157 
4115 97 1599 346 2168 
4116 1368 1522 1934 2025 
4117 1430 1663 1928 2061 
4118 1499 1962 169 2064 
4119 67 1918 1532 2111 
4120 1833 1850 1714 1928 
4121 811 551 485 1465 
4122 1458 1720 1622 2025 
4123 1082 1755 909 1795 
4124 286 304 1519 1959 
4125 1317 257 1318 2266 
4126 1489 1805 2101 2370 
4127 1436 1760 1673 2333 
4128 1624 1863 1376 1983 
4129 1415 1765 1751 2266 
4130 319 1841 1498 2069 
4131 1949 2073 104 2121 
4132 1661 2048 1759 2207 
4133 1360 1620 1749 1970 
4134 267 668 266 1712 
4135 1159 1827 1630 1901 
4136 1367 1576 1511 2268 
4137 1686 1743 1560 2251 
4138 85 83 794 2196 
4139 1476 1618 1699 2387 
4140 1442 1542 1793 2244 
4141 1616 1860 1431 1900 
4142 1435 2099 1593 2113 
4143 1662 1926 1170 2049 
4144 938 1775 1342 2089 
4145 1263 1857 2146 2385 
4146 1489 1799 1956 2136 
4147 1429 1668 1849 2035 
4148 1342 938 780 1775 
4149 1457 1393 1713 1947 
4150 1395 1686 1582 2251 
4151 1109 1152 1108 2022 
4152 1219 1745 1739 2297 
4153 266 267 1712 1798 
4154 1423 1836 1826 2258 
4155 832 1766 769 1949 
4156 1519 1804 251 2353 
4157 1878 1980 1494 2303 
4158 1626 1703 1587 1911 
4159 1371 1729 1649 2265 
4160 1048 1047 927 2126 
4161 1377 2082 1987 2215 
4162 1395 2235 1686 2251 
4163 1426 1678 1728 1987 
4164 124 738 1681 2332 
4165 1072 1573 623 1937 
4166 473 474 1231 1485 
4167 1384 1508 1694 2046 
4168 796 1841 242 2259 
4169 846 847 1141 1899 
4170 1566 1476 1978 2387 
4171 1216 1728 1575 1763 
4172 455 2000 1752 2161 
4173 770 625 548 1770 
4174 1197 1825 1542 1999 
4175 1588 1436 1963 2088 
4176 1356 1562 1555 1979 
4177 378 1166 1706 2017 
4178 1379 1925 1561 2084 
4179 1374 1650 1529 1908 
4180 1395 1772 1582 2156 
4181 1919 2050 294 2302 
4182 1378 1568 1689 1946 
4183 1646 1885 1699 2203 
4184 1473 1705 2042 2116 
4185 1734 1943 1598 2015 
4186 432 1742 772 2144 
4187 1369 2115 1620 2330 
4188 1392 1811 1501 2088 
4189 560 1735 230 2051 
4190 1506 1925 2150 2256 
4191 596 1745 1658 2038 
4192 1177 908 166 1635 
4193 502 1687 232 2208 
4194 1670 1874 1461 2048 
4195 691 1820 952 1821 
4196 1295 1518 716 1891 
4197 164 1917 1543 2202 
4198 247 935 1683 2263 
4199 635 1552 177 1975 
4200 1627 1662 1483 2118 
4201 935 778 1683 1967 
4202 1381 1778 1592 1983 
4203 1528 950 1789 2133 
4204 978 867 963 1570 
4205 1433 1875 1828 2054 
4206 449 1547 350 1888 
4207 1263 2146 1535 2385 
4208 1494 2113 1878 2303 
4209 1508 1384 1694 2036 
4210 1643 1502 2159 2349 
4211 1510 2151 1550 2209 
4212 1608 1526 1830 2348 
4213 1566 1970 1632 2253 
4214 1461 1715 1670 2048 
4215 357 1846 1694 2029 
4216 224 1549 184 1944 
4217 1471 1724 1374 1908 
4218 1648 2020 536 2108 
4219 1408 1614 1558 1729 
4220 492 491 1808 2286 
4221 423 1869 1498 2117 
4222 1603 1832 1497 2339 
4223 1356 1665 1538 1671 
4224 1385 1449 1736 1853 
4225 1415 1810 1612 2023 
4226 1595 2013 1858 2061 
4227 1541 1670 1438 2094 
4228 1622 1720 1404 2025 
4229 12 11 1619 1994 
4230 228 1796 1545 1988 
4231 1594 1817 1575 2257 
4232 1552 1863 1525 2105 
4233 1799 1362 2042 2136 
4234 1485 1456 1810 2217 
4235 635 1525 634 2037 
4236 1384 1608 1550 2207 
4237 371 211 1741 2008 
4238 1490 2139 1739 2297 
4239 1381 1712 1592 2334 
4240 1637 1713 1393 1762 
4241 1668 1866 1849 2210 
4242 13 14 1520 1836 
4243 1529 1820 954 2157 
4244 1392 1501 1747 2056 
4245 1561 2084 1500 2183 
4246 1402 1914 1703 2303 
4247 1365 1566 1632 2253 
4248 796 1722 242 1841 
4249 256 2266 2134 2300 
4250 1566 2067 1779 2172 
4251 1578 1844 1276 2162 
4252 1523 1423 1826 2258 
4253 1331 1332 1628 2345 
4254 1378 1697 1543 1797 
4255 1585 1634 1357 1968 
4256 1357 1638 1697 1782 
4257 251 281 286 1519 
4258 325 1498 284 1944 
4259 23 295 1813 1919 
4260 782 704 1754 2027 
4261 247 935 778 1683 
4262 1002 1693 933 2097 
4263 1441 1763 1728 2043 
4264 1039 1712 1115 2075 
4265 1401 1699 1923 2241 
4266 1410 1638 1553 2057 
4267 623 1937 1573 2335 
4268 1534 1372 2119 2176 
4269 709 1607 770 1770 
4270 46 1508 1859 2036 
4271 412 1719 1516 1899 
4272 1670 1715 1461 1874 
4273 1392 2056 1657 2088 
4274 724 1623 1556 2119 
4275 1456 1924 1810 2023 
4276 1362 1704 1533 1855 
4277 459 1474 1074 2198 
4278 1387 1608 1830 2048 
4279 990 1919 1659 2020 
4280 1439 1592 1778 1983 
4281 1361 1793 1561 1900 
4282 1616 1692 1431 1929 
4283 1693 2097 1380 2264 
4284 255 1831 1494 1882 
4285 1236 645 1839 2285 
4286 1480 1359 1626 1921 
4287 1722 1462 1881 2278 
4288 1891 2078 764 2239 
4289 1598 1766 1707 2148 
4290 1441 1728 1547 2129 
4291 500 1972 363 2077 
4292 1492 1851 1815 2241 
4293 224 1848 1549 1944 
4294 1431 1793 1595 1900 
4295 1359 1878 1569 2284 
4296 1147 1575 1216 2227 
4297 1438 1830 2001 2114 
4298 888 1766 671 2148 
4299 1387 1527 1889 2096 
4300 1242 1239 1267 2129 
4301 1766 2121 671 2148 
4302 1703 1980 1878 2303 
4303 1256 1886 1482 1986 
4304 1559 1957 1470 2076 
4305 1563 1716 1018 2097 
4306 1388 1946 1586 2325 
4307 1419 1662 1627 2342 
4308 234 233 232 2282 
4309 1620 1666 1641 1995 
4310 254 1831 255 1882 
4311 1336 1345 1321 2040 
4312 1655 1797 1466 2170 
4313 1513 1730 686 2154 
4314 1435 1565 2099 2113 
4315 1361 1989 1472 2183 
4316 1369 1499 1598 2232 
4317 1052 1572 614 2286 
4318 1417 1666 1516 2021 
4319 1642 2163 1455 2220 
4320 1494 1980 1878 2113 
4321 1751 1765 1415 1882 
4322 1599 1966 346 2168 
4323 1410 2057 1553 2269 
4324 1591 1855 1362 2104 
4325 217 1694 1859 2379 
4326 1361 1773 1863 1981 
4327 713 1803 732 1835 
4328 1408 1539 1614 2240 
4329 1448 1891 1650 2382 
4330 1342 780 1636 1775 
4331 1173 1720 2000 2161 
4332 215 1701 1312 2204 
4333 1581 1786 1749 2238 
4334 1495 2130 1368 2376 
4335 1571 1638 1448 1950 
4336 360 1515 1684 2127 
4337 665 1534 1965 1996 
4338 1598 1766 1443 1943 
4339 1428 1589 1761 1892 
4340 790 791 1540 1954 
4341 1403 1532 1764 1799 
4342 1373 1503 1641 1995 
4343 1309 785 1190 1637 
4344 660 909 1506 2275 
4345 1434 2216 1911 2376 
4346 856 724 577 1556 
4347 1728 1763 1239 2043 
4348 985 347 1843 2034 
4349 767 1494 255 1831 
4350 1040 1179 1966 2350 
4351 1582 1772 1468 2156 
4352 1522 1802 1934 2009 
4353 1725 1823 1574 2186 
4354 1351 1624 745 1809 
4355 1545 924 1930 2017 
4356 164 2202 1543 2346 
4357 1209 2005 1524 2252 
4358 1595 1838 1900 1989 
4359 1578 1844 2162 2377 
4360 1589 1642 1358 1668 
4361 980 1767 1505 2192 
4362 1682 1773 1442 1920 
4363 1099 272 1098 1677 
4364 1377 1888 2082 2215 
4365 1431 1595 1838 1900 
4366 1565 2113 1435 2270 
4367 1393 1762 1713 1947 
4368 1389 1668 1849 2220 
4369 1664 1967 1953 2086 
4370 1131 1827 1750 2126 
4371 1414 1462 1702 1881 
4372 1575 1728 1216 2227 
4373 1406 2162 1844 2377 
4374 181 180 179 1770 
4375 860 441 1268 1882 
4376 1413 2135 1611 2247 
4377 1411 1574 1823 2009 
4378 1407 1473 1867 1956 
4379 1551 2029 355 2379 
4380 1336 1882 1345 2040 
4381 1404 1504 1934 2000 
4382 1552 177 1975 2107 
4383 1492 1815 1646 2241 
4384 1833 1862 1464 2345 
4385 774 1574 1162 1994 
4386 552 1854 1714 2158 
4387 1129 1554 346 1966 
4388 1482 1649 1488 2265 
4389 1295 1196 1306 1518 
4390 1473 1799 1440 2042 
4391 412 411 410 1827 
4392 1502 1667 1382 2328 
4393 449 450 350 1547 
4394 1473 1440 1764 2116 
4395 767 1319 255 1494 
4396 818 1640 1635 1824 
4397 1112 1787 1515 2375 
4398 1438 1508 1759 2114 
4399 1725 1807 1422 1986 
4400 138 1049 1487 1912 
4401 1595 1793 1361 1989 
4402 709 1607 1770 1974 
4403 980 981 1505 2107 
4404 1110 911 909 1795 
4405 1341 1777 1603 2039 
4406 965 1752 1552 2161 
4407 1533 1362 1855 2104 
4408 1550 2151 1356 2209 
4409 1497 1451 1898 2339 
4410 1585 1958 1553 2261 
4411 1067 1074 2132 2198 
4412 1646 1815 1492 2341 
4413 1602 2072 1768 2081 
4414 2009 2299 1823 2367 
4415 323 1907 1496 2316 
4416 1418 1833 1714 1928 
4417 1508 1661 1384 2036 
4418 1922 2058 1453 2136 
4419 158 1847 1679 2140 
4420 1462 1399 1769 2263 
4421 1027 1810 1025 1924 
4422 1191 974 1621 2031 
4423 1496 1592 1381 1711 
4424 1228 1502 1868 2225 
4425 1545 1796 228 1867 
4426 1859 1933 1444 2208 
4427 1556 1623 724 1964 
4428 14 1836 1826 1877 
4429 1434 1751 2216 2376 
4430 1404 1934 1522 2025 
4431 1553 1638 1571 2228 
4432 1412 1630 1617 1786 
4433 1081 1647 12 2359 
4434 1706 1760 862 1990 
4435 769 665 516 1534 
4436 591 1532 1746 2031 
4437 965 1552 1752 2107 
4438 1489 2136 1805 2370 
4439 1421 1782 1638 2167 
4440 1361 1500 1778 2183 
4441 1796 1988 226 2314 
4442 1359 1703 1569 1878 
4443 1676 1677 1249 2354 
4444 980 1505 1767 2310 
4445 117 1558 116 2128 
4446 1376 1983 1500 2054 
4447 1462 1722 1414 1808 
4448 1374 1471 1908 2178 
4449 1598 2121 1766 2148 
4450 1238 1705 1167 2017 
4451 1525 1825 634 2037 
4452 1591 1870 1855 2104 
4453 1415 1980 1703 2303 
4454 1632 1699 1401 2281 
4455 838 220 218 2291 
4456 1454 1775 1636 2247 
4457 1488 1390 1701 1916 
4458 1492 1401 1646 1885 
4459 250 1804 1519 1846 
4460 1388 1586 1946 2010 
4461 1532 1918 1764 2111 
4462 1592 1628 1439 2271 
4463 1666 2030 1633 2115 
4464 1391 1639 1663 2244 
4465 1398 1817 1594 2257 
4466 821 750 722 1507 
4467 1409 1573 1822 1896 
4468 966 1552 635 2037 
4469 1593 2113 2099 2268 
4470 1400 1521 1677 1971 
4471 540 1221 1195 1852 
4472 591 1746 1532 1918 
4473 1529 1908 958 2091 
4474 1418 1669 1773 1920 
4475 1903 2101 1398 2370 
4476 1152 731 1108 1680 
4477 1385 1736 1487 1853 
4478 1524 1745 1355 2252 
4479 1628 1331 1884 2383 
4480 795 1517 1200 1926 
4481 1412 1516 1827 2115 
4482 1545 1930 228 1988 
4483 491 483 493 1808 
4484 1704 1871 1613 1946 
4485 1522 2299 2009 2367 
4486 1618 1885 833 2343 
4487 1412 1584 1630 1786 
4488 1524 1721 1658 1745 
4489 1357 1634 1585 1673 
4490 1409 1896 1822 1968 
4491 1489 2101 1903 2136 
4492 1074 1474 459 2132 
4493 1383 2062 2004 2260 
4494 373 84 1829 1948 
4495 957 1529 954 2157 
4496 1382 1667 1502 2224 
4497 1409 1535 1822 2146 
4498 387 389 1488 2277 
4499 1438 1759 1830 2114 
4500 1521 1886 1232 2194 
4501 1369 1927 1620 2293 
4502 1374 2057 1724 2081 
4503 1468 1582 1686 2308 
4504 1466 1871 1533 2331 
4505 1632 1970 1538 2120 
4506 1728 1987 1678 2002 
4507 1471 1992 1771 2178 
4508 221 1831 222 1852 
4509 1548 1668 1615 2367 
4510 1727 1468 2283 2353 
4511 1497 1832 1451 2339 
4512 1420 1689 1568 1946 
4513 1377 2170 1672 2290 
4514 45 1508 173 1848 
4515 139 1832 1603 2068 
4516 16 1186 1854 2226 
4517 1551 355 1859 2379 
4518 1306 1518 1196 1890 
4519 1196 1737 1518 1954 
4520 642 1635 818 1640 
4521 1332 2345 1833 2383 
4522 1392 1501 1811 2273 
4523 493 1808 483 1865 
4524 1377 1853 1645 2331 
4525 447 691 952 1821 
4526 1360 1749 1566 1970 
4527 158 955 1002 1679 
4528 1883 1990 1819 2154 
4529 713 1803 1491 2080 
4530 387 1488 1916 1951 
4531 1463 1756 1642 2150 
4532 1473 1956 1617 2301 
4533 1428 1589 1659 2053 
4534 1739 1745 1219 2038 
4535 46 358 1508 2036 
4536 1883 2024 1513 2154 
4537 1742 1864 1527 2235 
4538 709 1974 1770 2195 
4539 1070 1517 795 2079 
4540 1478 1428 1659 1919 
4541 1366 1497 1603 2013 
4542 493 1722 796 1808 
4543 1497 1783 2013 2061 
4544 1081 2169 1647 2359 
4545 1366 1497 1898 2339 
4546 1141 1503 1827 1901 
4547 1456 1718 1691 2336 
4548 1658 1712 1004 1798 
4549 594 1864 1742 2144 
4550 1506 1795 1843 2275 
4551 1393 2255 1713 2351 
4552 1589 2035 1659 2053 
4553 1506 2150 1843 2256 
4554 1373 1563 1899 2021 
4555 782 2027 1754 2139 
4556 1398 1594 1517 2370 
4557 16 1854 1682 2226 
4558 1600 1389 1791 2035 
4559 972 690 790 1540 
4560 1632 1734 1538 1970 
4561 1005 658 721 1748 
4562 955 1679 871 1693 
4563 12 1647 288 1994 
4564 1392 1774 1811 2088 
4565 1488 1701 1482 1807 
4566 1649 1729 1488 2265 
4567 1831 1852 1593 2113 
4568 1410 1822 1896 1968 
4569 1162 1174 1725 1986 
4570 994 1262 624 2146 
4571 150 2152 1875 2225 
4572 1392 1657 1512 1840 
4573 1362 2104 1533 2331 
4574 1963 2011 1588 2214 
4575 1418 1920 1682 2226 
4576 950 489 1528 1789 
4577 1630 1764 1403 1918 
4578 224 173 1848 1944 
4579 1319 1882 1494 2040 
4580 1319 767 1345 2040 
4581 1532 1591 1799 2155 
4582 823 1708 822 1984 
4583 1740 1806 1391 2071 
4584 1361 1863 1561 1981 
4585 1864 2144 905 2181 
4586 1528 1789 489 1991 
4587 1401 1788 1492 1851 
4588 1537 1596 1402 1852 
4589 1603 1777 902 2068 
4590 1384 1661 1759 2207 
4591 1451 1832 1497 1939 
4592 1666 2021 1417 2338 
4593 2213 2336 1718 2361 
4594 1556 1949 1443 2073 
4595 138 136 1655 1888 
4596 1894 2336 2213 2361 
4597 1319 255 1494 1882 
4598 922 1948 1776 2006 
4599 1485 1787 473 2306 
4600 1616 1629 814 2275 
4601 591 589 1085 1532 
4602 1416 1706 1440 1855 
4603 1600 1829 375 2141 
4604 819 1635 1568 1824 
4605 1493 1749 1581 2260 
4606 1405 1710 1555 1814 
4607 346 1599 97 1966 
4608 274 232 233 1557 
4609 371 372 211 2008 
4610 1492 1644 1401 1885 
4611 1502 1382 1708 2328 
4612 1913 2132 1474 2198 
4613 1049 1031 1487 2289 
4614 864 871 1607 1974 
4615 87 638 1832 2298 
4616 795 1926 1744 2314 
4617 1417 2251 1812 2308 
4618 1401 1646 1699 2241 
4619 1360 1970 1566 2067 
4620 1369 2232 2115 2330 
4621 1388 1819 1883 2199 
4622 1581 1749 1423 2260 
4623 897 1680 1625 2049 
4624 1588 1963 1651 2088 
4625 1521 1677 1676 1961 
4626 1337 1739 2139 2297 
4627 1734 1962 1530 2015 
4628 1456 2023 1810 2217 
4629 1363 1481 1753 1761 
4630 1718 2213 1894 2336 
4631 1105 2064 1106 2233 
4632 1216 1575 881 1763 
4633 1396 1905 1795 2256 
4634 1318 257 859 1765 
4635 1596 1674 1402 1852 
4636 1394 1515 1634 1690 
4637 1503 1716 1373 2374 
4638 1406 2038 1844 2162 
4639 1429 1675 1567 1866 
4640 1473 1764 1440 1799 
4641 1442 1542 2014 2164 
4642 274 502 232 2208 
4643 1547 1728 1441 2002 
4644 1673 1760 1513 2333 
4645 46 1859 1508 2378 
4646 1725 1574 1986 2186 
4647 214 461 1232 2204 
4648 1472 1757 1606 2183 
4649 1400 1521 1698 1961 
4650 1442 1663 1639 2244 
4651 199 1938 1056 1984 
4652 1514 1677 1400 1842 
4653 1385 1998 1590 2167 
4654 1624 1809 1496 2054 
4655 1377 1888 1987 2082 
4656 1452 1742 1582 2235 
4657 1376 1863 1552 2105 
4658 278 1833 279 1850 
4659 425 1541 391 2012 
4660 899 1674 2007 2034 
4661 357 344 293 1846 
4662 1033 1781 1754 2200 
4663 1418 1669 1920 2226 
4664 554 695 696 1700 
4665 565 1722 493 1865 
4666 1515 1634 1409 2010 
4667 1527 1380 1864 1974 
4668 1757 1427 2013 2149 
4669 1402 1852 1831 2113 
4670 1555 1710 1856 2340 
4671 1702 1979 1510 2348 
4672 1564 2041 1780 2054 
4673 446 830 1614 1821 
4674 1528 1768 1435 2270 
4675 287 1886 1647 2194 
4676 1370 1651 1514 1842 
4677 1530 2064 1709 2233 
4678 1414 1881 1702 2063 
4679 1209 1524 2005 2075 
4680 1526 1814 1356 2340 
4681 1432 1705 1855 2042 
4682 1602 2081 1768 2228 
4683 389 387 1488 1916 
4684 1367 1511 2099 2268 
4685 1563 1716 1373 1899 
4686 1592 1628 1464 1862 
4687 325 319 423 1498 
4688 1049 1487 2109 2289 
4689 614 1052 1104 1572 
4690 745 1809 1624 2107 
4691 1361 1778 1858 2183 
4692 1601 1704 1420 1871 
4693 1510 1979 1702 2151 
4694 428 1933 283 2208 
4695 1300 1637 1189 1713 
4696 1402 1674 1596 2182 
4697 692 2004 1605 2082 
4698 1427 1757 1606 2149 
4699 1404 1504 2000 2321 
4700 1612 1924 1810 2266 
4701 1469 1585 1571 2228 
4702 1476 1426 1731 1976 
4703 1037 2076 1470 2197 
4704 1546 1776 153 2211 
4705 1051 1713 1685 2141 
4706 1438 1830 1759 2048 
4707 158 1679 1509 2140 
4708 1704 1855 1922 2199 
4709 365 319 325 2069 
4710 1378 1568 1946 2102 
4711 1693 1864 1380 1974 
4712 1029 568 1860 1929 
4713 1376 1809 1624 2054 
4714 1416 1870 1855 2166 
4715 1381 1592 1496 1983 
4716 1422 1823 1725 2186 
4717 1373 1560 1710 2264 
4718 638 1832 989 1939 
4719 1810 1924 1612 2023 
4720 1197 906 661 1542 
4721 1570 1806 509 2123 
4722 1596 1637 1393 1762 
4723 1239 2043 1267 2129 
4724 1408 1771 1479 1992 
4725 732 733 1835 1912 
4726 1426 1728 1678 2257 
4727 1716 2065 1088 2097 
4728 372 1715 211 2008 
4729 32 762 1091 1750 
4730 1448 1518 2167 2237 
4731 112 702 111 1629 
4732 1557 1815 1492 1851 
4733 822 1536 442 1984 
4734 1394 1485 1691 1787 
4735 1574 1886 460 1986 
4736 1078 2177 64 2179 
4737 1547 1987 1728 2002 
4738 1956 2042 1922 2136 
4739 1776 2098 1861 2211 
4740 864 799 871 1974 
4741 1277 1037 998 2197 
4742 72 1648 1957 2274 
4743 1523 1423 2258 2330 
4744 1554 1832 140 2068 
4745 1609 1793 1542 2244 
4746 1072 1785 1573 1937 
4747 1482 1488 1807 2265 
4748 619 2065 812 2140 
4749 1465 1714 1418 1854 
4750 1140 1739 119 1844 
4751 443 1151 508 1986 
4752 1419 1926 1662 2049 
4753 1424 1789 1637 2205 
4754 1377 2018 1853 2331 
4755 1408 1614 1729 2240 
4756 1706 1990 378 2017 
4757 1042 1043 1716 2112 
4758 835 1885 1699 2343 
4759 49 205 207 2059 
4760 45 358 173 1508 
4761 827 1953 1681 2307 
4762 690 1820 1540 2157 
4763 1596 1852 539 2103 
4764 1496 1592 1439 1983 
4765 1807 1938 508 2122 
4766 1563 1864 2097 2181 
4767 271 133 522 1651 
4768 1467 704 2050 2070 
4769 1372 1492 1556 1788 
4770 1575 1731 1446 2172 
4771 386 2014 1609 2272 
4772 1369 1620 2232 2330 
4773 1396 1726 2256 2355 
4774 337 2103 2034 2171 
4775 1581 2101 1489 2238 
4776 1409 1511 1896 1958 
4777 1467 1754 2027 2185 
4778 1424 1991 1789 2081 
4779 729 1680 1213 1817 
4780 1485 1810 1980 2217 
4781 661 1860 660 1999 
4782 1500 1721 1381 1778 
4783 404 862 1760 1990 
4784 1471 1839 1479 1992 
4785 642 818 641 1640 
4786 1743 1889 1527 2096 
4787 1569 1626 2093 2216 
4788 1424 1537 1789 2205 
4789 1571 1585 1553 2228 
4790 657 1748 1307 1936 
4791 980 1505 981 2192 
4792 2051 2112 1735 2145 
4793 1558 1916 1636 2247 
4794 1186 1884 1854 2226 
4795 1386 1606 1757 2149 
4796 436 1514 1099 1879 
4797 1359 1921 1480 2323 
4798 973 974 1736 1890 
4799 1568 1952 1654 2085 
4800 963 1570 1349 1945 
4801 256 1751 2266 2300 
4802 1470 1603 1554 2068 
4803 1389 1849 1600 2220 
4804 1387 1889 1608 2096 
4805 1464 1850 1833 1928 
4806 1395 1550 1608 2207 
4807 1376 1624 1496 2054 
4808 1231 2040 1576 2138 
4809 67 1764 1918 2111 
4810 1533 2104 1466 2331 
4811 482 2203 491 2286 
4812 1394 1485 1690 1718 
4813 1370 1894 2213 2361 
4814 787 1930 1507 1988 
4815 1803 2080 713 2382 
4816 535 942 1630 1764 
4817 509 1570 867 1806 
4818 552 485 1854 2158 
4819 1683 1967 1769 2263 
4820 1426 1978 1731 2172 
4821 576 559 276 1964 
4822 1396 1629 1843 1932 
4823 1369 1666 1620 2115 
4824 1618 1401 1699 2281 
4825 526 1730 1688 2291 
4826 1407 1735 1867 1901 
4827 1385 1853 1487 1998 
4828 1636 2089 1454 2354 
4829 1429 1813 1776 1861 
4830 1371 1866 1675 2265 
4831 119 1844 1739 2038 
4832 1373 1899 1716 1995 
4833 336 539 1852 2103 
4834 501 363 1953 2077 
4835 1612 1652 1434 2219 
4836 1098 545 1879 1971 
4837 169 1723 1499 2064 
4838 1558 1729 1614 1916 
4839 1559 2076 1554 2168 
4840 954 1821 1529 2091 
4841 480 1592 1862 2345 
4842 1510 2209 1759 2348 
4843 1525 1981 1425 2105 
4844 1478 1892 1428 1919 
4845 1508 1859 1694 2046 
4846 1374 1908 1529 2178 
4847 1658 1745 1721 2377 
4848 443 1725 1986 2122 
4849 119 1739 120 2038 
4850 1378 1635 1543 1640 
4851 1045 1098 545 1879 
4852 1781 72 2197 2274 
4853 814 570 568 2275 
4854 1377 1987 1581 2215 
4855 127 2028 128 2360 
4856 1357 1533 1613 2095 
4857 1435 1593 1511 2313 
4858 1789 1991 1528 2081 
4859 1403 1645 1581 2016 
4860 2056 2088 1501 2305 
4861 1462 1702 1399 2201 
4862 73 1781 72 2197 
4863 1313 745 746 1809 
4864 1508 2036 1848 2059 
4865 356 1551 1859 1933 
4866 1827 2115 1516 2304 
4867 1629 1843 1506 2150 
4868 1724 2057 1528 2081 
4869 585 772 850 2144 
4870 1376 1780 2041 2054 
4871 1411 1574 1725 1823 
4872 1363 1753 1481 1780 
4873 1535 1378 1640 1824 
4874 243 796 242 2259 
4875 1469 1973 1811 2213 
4876 230 228 1796 1867 
4877 883 1817 1575 2022 
4878 516 1895 1534 1996 
4879 1378 1535 1822 1946 
4880 1415 1911 1703 2216 
4881 1651 1906 1842 2135 
4882 62 2177 1720 2179 
4883 661 1542 1860 1999 
4884 855 936 1556 2230 
4885 1660 2066 1714 2158 
4886 1383 2064 1709 2281 
4887 1403 1532 1799 2155 
4888 888 671 1766 2121 
4889 1665 1560 1856 2338 
4890 1109 1152 2022 2060 
4891 1672 2170 1487 2290 
4892 1410 1543 1697 2090 
4893 1358 2352 1794 2357 
4894 1439 1863 1624 1983 
4895 1374 1529 1650 1950 
4896 1478 1861 1753 2224 
4897 664 663 662 2328 
4898 1020 1576 1231 2040 
4899 1115 1524 1355 2252 
4900 1521 1698 1375 2219 
4901 1923 2120 1632 2262 
4902 998 1277 1653 2250 
4903 1668 1861 1615 2045 
4904 139 1603 1832 2298 
4905 194 123 1694 2279 
4906 1358 1668 1615 2045 
4907 476 1554 140 2068 
4908 1480 1921 1579 2323 
4909 1651 1514 1842 1906 
4910 830 831 1614 1955 
4911 153 1776 1546 2006 
4912 648 1706 1705 2116 
4913 863 1607 1679 2307 
4914 1440 1799 1591 1855 
4915 1499 1734 1598 1962 
4916 1665 1686 1560 2338 
4917 433 1610 241 1841 
4918 1515 1394 1730 1787 
4919 268 270 1596 2205 
4920 634 1825 380 2037 
4921 1054 1909 2083 2343 
4922 254 2007 1495 2130 
4923 1316 1650 1116 2382 
4924 1526 1356 2209 2340 
4925 1582 1742 1395 2235 
4926 1281 943 1103 1844 
4927 1358 1642 1589 1756 
4928 1427 1721 1524 1745 
4929 1217 1916 1614 1951 
4930 835 833 1885 2343 
4931 700 1527 1864 1974 
4932 1376 1863 1500 1983 
4933 1471 1771 1479 1839 
4934 1836 2258 1423 2330 
4935 1418 1714 1663 1928 
4936 356 1859 283 1933 
4937 1650 1908 1724 2080 
4938 1705 1706 1432 1855 
4939 1542 1793 1609 2272 
4940 1612 1434 2216 2219 
4941 1367 1690 1485 1718 
4942 1457 2141 1600 2220 
4943 1754 2139 2027 2185 
4944 221 222 1154 1852 
4945 1307 657 1005 1748 
4946 1742 1864 1452 2144 
4947 1415 1703 1569 2216 
4948 1035 41 340 1563 
4949 1368 1934 1802 2376 
4950 535 1764 1630 1918 
4951 1543 1797 1697 2090 
4952 2038 2162 1406 2377 
4953 1456 1485 1810 2306 
4954 1754 1781 1653 2369 
4955 1371 2255 2240 2317 
4956 1559 1470 1957 1997 
4957 1394 1691 1718 2336 
4958 1375 1698 1521 2222 
4959 549 241 433 1610 
4960 1148 1826 14 1836 
4961 371 211 506 1741 
4962 1584 1630 1403 1918 
4963 1502 1708 1382 1828 
4964 648 378 1166 1706 
4965 1472 1989 1757 2183 
4966 1374 1529 1837 2178 
4967 14 1520 1836 1877 
4968 1590 1803 1212 2239 
4969 998 478 902 2068 
4970 1029 1929 1860 2272 
4971 1881 2117 1722 2278 
4972 407 2126 1750 2258 
4973 1394 1690 1485 1787 
4974 620 618 1002 1509 
4975 290 180 1670 1715 
4976 1469 1585 2228 2261 
4977 840 1854 1220 2175 
4978 1399 1702 1462 2187 
4979 475 473 220 2306 
4980 1510 2046 1881 2348 
4981 87 1832 638 1939 
4982 604 1567 1948 2006 
4983 893 1844 1164 2038 
4984 1552 1624 1376 2381 
4985 1395 2156 1550 2207 
4986 1494 1415 1882 2303 
4987 1490 1745 1427 2297 
4988 334 333 1253 1963 
4989 1422 1615 1548 1866 
4990 1370 1514 1651 2361 
4991 1473 1956 1799 2042 
4992 295 1478 1919 2302 
4993 1154 1163 1593 2003 
4994 1500 1778 1381 1983 
4995 1564 1484 2041 2054 
4996 1630 1764 1473 2301 
4997 1663 1714 1430 1928 
4998 745 746 1809 2107 
4999 164 166 1543 1917 
5000 122 121 123 1661 
5001 1609 1793 1431 2272 
5002 1400 1652 1612 2219 
5003 1399 1462 1769 2187 
5004 1439 1624 1496 1983 
5005 1408 1614 1539 1955 
5006 281 496 1741 1772 
5007 1441 1728 1763 2002 
5008 1533 1357 1782 1870 
5009 1521 1375 2124 2219 
5010 1211 1653 740 2250 
5011 1373 2165 1560 2338 
5012 1615 1668 1358 2367 
5013 1467 2027 704 2070 
5014 1678 1982 1581 1987 
5015 1387 1526 1889 2326 
5016 1413 1611 1973 2284 
5017 1307 1160 1685 1791 
5018 261 1577 262 2177 
5019 1512 1700 1416 1738 
5020 1367 1690 1718 2261 
5021 1554 346 1966 2168 
5022 270 2103 630 2171 
5023 1441 2018 1797 2170 
5024 1620 1749 1423 1786 
5025 1060 2043 1917 2129 
5026 1506 1425 1755 1999 
5027 1177 1635 166 1917 
5028 1042 1503 1188 1735 
5029 1459 1970 1620 2067 
5030 1432 1883 1706 1990 
5031 1744 1790 1483 2145 
5032 1591 1799 1362 1855 
5033 1430 1714 1850 1928 
5034 1601 2058 1704 2136 
5035 262 261 260 1577 
5036 1809 2041 1505 2310 
5037 375 1829 826 2141 
5038 1411 1725 1574 1910 
5039 1673 1357 1870 2229 
5040 604 710 603 1951 
5041 1683 1399 1808 2263 
5042 423 1498 319 2117 
5043 1336 1765 1882 2040 
5044 1367 1576 1690 1958 
5045 648 2110 1706 2116 
5046 1356 1538 1665 1856 
5047 1238 1167 924 2017 
5048 337 2034 984 2171 
5049 1721 1858 1778 2183 
5050 774 288 289 1574 
5051 1362 1704 1855 1922 
5052 1391 1663 1660 2061 
5053 1381 1592 1712 2047 
5054 1602 1374 2081 2228 
5055 1349 1945 1570 2055 
5056 1572 1909 614 2286 
5057 1458 1795 1577 1905 
5058 1411 1794 2041 2321 
5059 1582 1772 720 2074 
5060 1319 1345 1882 2040 
5061 765 1343 1020 1576 
5062 1495 1751 1415 1882 
5063 1632 2246 1699 2387 
5064 215 1676 1701 2204 
5065 373 1829 1600 1948 
5066 1196 1518 1295 1954 
5067 1542 1793 1431 1900 
5068 147 1879 1652 2134 
5069 856 58 724 2119 
5070 1569 1703 1415 1878 
5071 1546 2098 1776 2211 
5072 345 1129 346 1966 
5073 1442 1793 1663 2244 
5074 690 1540 972 2157 
5075 151 1776 1667 2211 
5076 536 1648 354 1781 
5077 156 1493 1723 2004 
5078 228 1545 924 1930 
5079 1039 1004 1115 1712 
5080 1392 1571 2229 2237 
5081 484 2029 1996 2212 
5082 1557 1851 1372 2063 
5083 1801 2020 1648 2108 
5084 1646 1815 202 1865 
5085 1495 1882 1415 2303 
5086 830 1614 1821 1955 
5087 1409 1822 1573 2146 
5088 814 568 1616 2275 
5089 1234 1547 449 2082 
5090 1500 1732 1363 1780 
5091 1548 1866 1668 2210 
5092 1379 1481 1756 1925 
5093 790 768 791 1954 
5094 955 871 933 1693 
5095 1581 1423 1749 1786 
5096 1804 1846 430 2212 
5097 844 131 1320 1963 
5098 1219 1739 1337 2297 
5099 1508 1848 45 1944 
5100 621 1996 1727 2212 
5101 391 291 2012 2094 
5102 1570 1391 1740 1806 
5103 902 1603 1341 1777 
5104 455 1068 1173 2161 
5105 1193 119 120 2038 
5106 1568 1635 1378 1824 
5107 1687 1869 445 2117 
5108 661 1860 1542 2272 
5109 1397 1766 1534 1965 
5110 1597 2050 1919 2302 
5111 241 1610 549 2259 
5112 509 867 142 1806 
5113 1377 1888 1547 1987 
5114 606 1829 1915 2141 
5115 1484 2041 1809 2310 
5116 84 1567 85 1829 
5117 1278 1138 479 2005 
5118 1387 1830 1526 2326 
5119 756 1590 1212 2239 
5120 920 1094 786 1713 
5121 1383 1723 1499 2260 
5122 833 1618 1003 1885 
5123 1400 1698 1521 2219 
5124 1727 1804 1468 2353 
5125 1171 525 1172 2291 
5126 1615 1861 1668 2098 
5127 1377 1678 1581 1987 
5128 1682 1854 16 2175 
5129 889 1511 919 2221 
5130 1399 1486 1683 1845 
5131 288 1574 774 1994 
5132 480 1592 54 1862 
5133 1859 2208 1444 2378 
5134 27 95 26 1967 
5135 75 1767 1619 1994 
5136 256 2134 414 2300 
5137 1358 1522 1794 2367 
5138 1284 1266 1258 1952 
5139 1506 1843 1795 2256 
5140 1478 1813 1776 2302 
5141 1456 1691 1485 2306 
5142 1373 1666 2165 2338 
5143 1781 1801 1583 2020 
5144 1555 1856 1356 2340 
5145 1589 1481 2045 2357 
5146 1052 1104 1572 1876 
5147 1751 2134 1434 2266 
5148 1389 1748 1685 1791 
5149 407 1750 762 2258 
5150 1387 1681 1607 1770 
5151 819 1568 1635 2043 
5152 1285 1806 419 2071 
5153 652 412 1719 1941 
5154 1385 1487 1736 1998 
5155 774 1574 460 1986 
5156 1598 1734 1369 1943 
5157 1498 1841 319 2117 
5158 853 1604 941 1812 
5159 1605 2100 1476 2387 
5160 1404 1934 1720 2000 
5161 682 518 1804 2353 
5162 95 1664 26 1967 
5163 1415 1494 1980 2303 
5164 772 1582 850 2144 
5165 1836 2180 1584 2330 
5166 1451 1966 1832 2350 
5167 1647 1521 2124 2194 
5168 1328 1342 215 1676 
5169 241 1841 1610 2259 
5170 1379 1756 1761 2026 
5171 1544 2150 1925 2256 
5172 1390 1729 1921 2247 
5173 1503 2145 1716 2374 
5174 889 919 1511 2335 
5175 1336 1321 1765 2040 
5176 419 1740 9 2071 
5177 15 1836 13 2234 
5178 893 1276 1844 2162 
5179 1598 1707 1474 2148 
5180 1478 1753 1589 1892 
5181 1422 1725 1986 2186 
5182 577 1556 724 1964 
5183 1155 470 1939 2055 
5184 1409 1857 1535 2146 
5185 1506 660 1860 1999 
5186 696 1700 1738 2386 
5187 1422 1938 1807 2122 
5188 460 1574 774 1886 
5189 1388 1883 1704 2199 
5190 1656 2167 1518 2237 
5191 1855 1870 1533 2104 
5192 1590 1736 1385 2078 
5193 6 226 1796 1988 
5194 1378 1613 1697 1871 
5195 1450 1969 1664 2086 
5196 663 1984 662 2328 
5197 22 1776 1813 2302 
5198 277 1230 279 2345 
5199 526 687 686 1730 
5200 1754 2050 82 2200 
5201 1384 2046 1694 2379 
5202 444 1725 1536 1910 
5203 1363 1481 1761 2084 
5204 1490 1745 1739 2185 
5205 1536 1708 822 1875 
5206 711 1546 1938 2006 
5207 1394 1634 1515 2024 
5208 1380 1864 1693 2264 
5209 1380 1527 1864 2235 
5210 1385 1621 1591 2166 
5211 220 1787 218 2291 
5212 618 158 1509 2140 
5213 892 43 913 1693 
5214 1423 2180 1836 2330 
5215 1612 1434 2134 2266 
5216 1400 1677 1514 1879 
5217 1385 1736 1590 1998 
5218 1451 1497 1898 1939 
5219 1443 1598 1943 2015 
5220 1633 1750 1523 2132 
5221 1408 1771 1992 2178 
5222 1228 1868 1229 2225 
5223 373 375 1600 1829 
5224 1413 1973 1837 2284 
5225 1486 1399 1683 1967 
5226 106 105 1949 2073 
5227 1224 1232 1886 2194 
5228 1362 1601 1704 2136 
5229 591 1085 67 1532 
5230 1572 1876 1104 2060 
5231 1386 1653 1781 2369 
5232 835 203 1646 1885 
5233 1617 1956 1407 2318 
5234 1410 1896 1553 1968 
5235 1136 1129 1554 2076 
5236 855 936 106 1556 
5237 4 1796 228 1988 
5238 830 831 446 1614 
5239 330 391 425 1541 
5240 1433 1828 1780 2054 
5241 1555 1814 1710 2340 
5242 790 1244 1747 2087 
5243 490 489 1528 2223 
5244 625 770 739 1681 
5245 621 1727 1804 2212 
5246 1443 2073 1949 2121 
5247 1506 1843 1629 2275 
5248 347 1795 911 1843 
5249 139 141 1832 2068 
5250 617 1742 313 2008 
5251 1162 1174 1175 1725 
5252 1440 1855 1705 2042 
5253 729 730 1213 1680 
5254 158 160 1679 1847 
5255 821 399 1695 1819 
5256 1249 214 1232 1676 
5257 156 1723 1493 1877 
5258 338 1674 349 2103 
5259 1728 2002 1678 2257 
5260 458 2148 459 2198 
5261 1511 1816 1573 2335 
5262 1789 1839 1190 1991 
5263 1341 2039 1603 2298 
5264 1445 2131 1932 2163 
5265 1699 2246 1476 2387 
5266 1587 1911 1703 1914 
5267 1357 1585 1571 2229 
5268 1349 963 962 1570 
5269 1697 1797 1421 2090 
5270 1537 1014 2003 2133 
5271 2046 2153 1881 2348 
5272 1285 1639 1806 2071 
5273 1656 2229 1571 2237 
5274 1485 1810 1765 1980 
5275 87 638 989 1939 
5276 1746 1836 761 2234 
5277 960 1546 153 2211 
5278 147 1612 1879 2134 
5279 1635 1917 1177 2043 
5280 1512 1416 1700 2166 
5281 1070 1200 795 1517 
5282 1396 1843 2150 2256 
5283 1335 657 1307 1936 
5284 1677 1842 1514 1906 
5285 1567 1849 1600 1948 
5286 1593 2044 1494 2268 
5287 1502 1643 1597 2242 
5288 1379 1900 1616 1993 
5289 1154 1163 221 1593 
5290 1620 1641 1459 2067 
5291 1387 1670 1541 2012 
5292 1979 2209 1510 2348 
5293 872 536 354 1781 
5294 1401 1923 1632 2262 
5295 1363 1780 1481 2084 
5296 1537 1789 1014 2133 
5297 1313 1809 980 2310 
5298 1563 2097 43 2181 
5299 1440 1799 1855 2042 
5300 814 1629 1616 2106 
5301 1386 1583 1781 1801 
5302 1675 2006 1546 2098 
5303 958 954 1529 2091 
5304 260 1577 261 2280 
5305 1571 1811 1469 1837 
5306 577 855 856 1556 
5307 1485 1718 1456 2217 
5308 1532 1403 1764 1918 
5309 1776 1813 1478 1861 
5310 1570 1939 470 2055 
5311 1878 2113 1703 2303 
5312 156 1493 2004 2082 
5313 1536 1725 1411 1910 
5314 1356 1671 1550 2173 
5315 1439 1592 1496 1985 
5316 246 778 779 1876 
5317 251 1804 252 2353 
5318 383 1904 1541 2184 
5319 1555 1356 1814 2340 
5320 966 177 635 1552 
5321 1568 1601 2102 2296 
5322 1568 2085 1654 2296 
5323 1413 1529 1820 1942 
5324 1642 1668 1389 2220 
5325 1788 1671 2015 2176 
5326 1527 677 2008 2195 
5327 1105 1709 1618 2100 
5328 1525 1981 1442 2164 
5329 827 362 1681 1953 
5330 1440 1764 1532 1799 
5331 205 206 208 2094 
5332 1392 1737 1657 2056 
5333 510 1570 509 2123 
5334 1362 1855 1799 2042 
5335 1375 1574 1647 2009 
5336 1435 1768 1528 2269 
5337 356 1551 355 1859 
5338 1100 1798 1578 2162 
5339 1615 1866 1422 2098 
5340 1375 1698 1649 2299 
5341 1651 1842 1370 2135 
5342 480 53 1592 2345 
5343 1374 1724 1471 2081 
5344 1925 2052 1506 2150 
5345 1413 1837 1529 1942 
5346 1703 1914 1911 2303 
5347 206 1874 1670 2094 
5348 91 1957 89 2028 
5349 716 1891 764 2239 
5350 1608 1889 1743 2096 
5351 1589 1756 1481 2357 
5352 163 161 1196 1890 
5353 1402 1703 1565 2113 
5354 493 1722 1808 1865 
5355 1366 1599 1554 2339 
5356 1258 1800 1654 2079 
5357 1499 1734 1383 1927 
5358 756 757 1590 2109 
5359 1469 2072 1602 2284 
5360 1611 1413 1942 2284 
5361 1538 1632 2120 2262 
5362 1569 1878 1469 2284 
5363 607 1915 1713 2141 
5364 1550 1743 1608 2209 
5365 1634 1690 1409 1958 
5366 1383 2004 1723 2260 
5367 1384 1510 1759 2046 
5368 1786 1584 2180 2330 
5369 71 1653 1781 2197 
5370 1494 1415 1765 1882 
5371 1370 1842 1514 2361 
5372 965 177 1552 2107 
5373 45 1848 173 1944 
5374 1390 1676 1636 1961 
5375 1058 1832 1554 1966 
5376 1848 1904 1438 2094 
5377 1793 1981 1900 2052 
5378 1404 2321 1752 2381 
5379 260 910 347 1795 
5380 1426 1731 1575 2172 
5381 1543 1635 1378 1797 
5382 112 1629 111 1932 
5383 473 1787 220 2306 
5384 846 1188 1042 1503 
5385 437 1514 436 2147 
5386 920 1051 1713 2137 
5387 387 1916 1217 1951 
5388 998 1210 1277 2250 
5389 1454 1636 1676 1961 
5390 642 908 818 1635 
5391 235 1874 1661 1959 
5392 1372 1551 1623 2190 
5393 591 1532 67 1918 
5394 177 176 1975 2107 
5395 1477 1681 1541 1972 
5396 163 1890 1737 2322 
5397 1400 1612 2216 2219 
5398 621 1727 682 1804 
5399 722 1507 787 1930 
5400 1664 1969 1450 2218 
5401 441 254 1268 1882 
5402 959 1893 1689 1952 
5403 164 1178 166 1917 
5404 1556 1949 856 2119 
5405 1358 2355 1522 2362 
5406 13 14 1226 1520 
5407 765 1576 1020 2040 
5408 1618 2233 1401 2281 
5409 1600 1829 1567 1948 
5410 1553 2057 1638 2228 
5411 1737 1954 556 2056 
5412 1412 1620 1666 2115 
5413 1415 1878 1703 1980 
5414 1432 1990 1706 2017 
5415 1360 1594 1790 2067 
5416 1409 1816 1857 2146 
5417 240 1975 1624 1985 
5418 1454 1636 1961 2247 
5419 1413 1820 1558 1942 
5420 1452 2235 1743 2264 
5421 893 1844 2038 2162 
5422 1411 1910 1574 1994 
5423 1238 1705 1545 2206 
5424 1612 1652 1400 1879 
5425 286 264 304 1959 
5426 1077 1003 833 1618 
5427 1653 1777 1470 2250 
5428 23 1280 295 1919 
5429 1098 1879 1677 1971 
5430 437 1099 436 1514 
5431 1197 1825 1032 2164 
5432 943 1281 1228 1643 
5433 769 1534 516 2119 
5434 1242 1728 1547 1902 
5435 1559 1692 1437 2028 
5436 1381 1578 1798 2377 
5437 511 1111 353 1568 
5438 1405 2118 1627 2165 
5439 1056 1546 960 1984 
5440 346 1554 1129 2168 
5441 1498 1869 284 1944 
5442 1516 1633 1417 1941 
5443 1485 1576 1980 2040 
5444 1658 2162 2038 2377 
5445 200 1675 710 1938 
5446 1529 1408 1821 1942 
5447 1266 1284 1165 1893 
5448 1432 1883 1819 2199 
5449 794 1539 1955 2287 
5450 1815 2282 1492 2341 
5451 1567 1829 1600 1849 
5452 816 2144 1719 2181 
5453 1794 2352 1631 2357 
5454 1420 2058 1601 2296 
5455 1306 764 716 2078 
5456 635 634 578 2037 
5457 1349 1570 962 2055 
5458 1389 1589 1642 2053 
5459 1390 1961 1636 2247 
5460 535 928 1918 2126 
5461 62 64 2177 2179 
5462 535 1918 1630 2126 
5463 953 1821 954 2091 
5464 1405 1710 2118 2165 
5465 331 494 1659 1791 
5466 1417 1686 2251 2308 
5467 1542 1431 1793 2272 
5468 1722 1881 1687 2117 
5469 1564 1828 1536 2380 
5470 234 232 1815 2282 
5471 176 1624 240 1975 
5472 1438 1759 1661 2048 
5473 296 294 2050 2302 
5474 1503 1641 1617 2145 
5475 150 1868 2152 2225 
5476 1010 1504 1348 2000 
5477 1429 1567 1849 1866 
5478 710 711 1938 2006 
5479 1540 1820 1529 2157 
5480 1565 1768 2072 2270 
5481 1488 1951 387 2277 
5482 1585 1774 1673 1894 
5483 1018 1716 1088 2097 
5484 340 848 1035 1899 
5485 1581 1987 1493 2215 
5486 1721 1745 1406 2377 
5487 1411 1767 1505 2041 
5488 1941 2021 1719 2251 
5489 1484 2041 1767 2380 
5490 163 161 1890 2322 
5491 1594 1575 2172 2257 
5492 1622 1720 1173 2161 
5493 488 1528 489 1991 
5494 1637 1789 1424 1839 
5495 1492 1401 1644 1788 
5496 295 22 1813 2302 
5497 568 1860 1616 2275 
5498 261 1577 2177 2280 
5499 1487 1853 1466 1998 
5500 1177 1917 1060 2043 
5501 441 1495 254 1882 
5502 1420 1871 1704 1946 
5503 1377 1581 1645 2016 
5504 1589 1428 1761 2026 
5505 1394 1515 1690 1787 
5506 846 1716 1043 1899 
5507 1951 2240 1675 2265 
5508 250 1846 1519 2279 
5509 835 1646 201 2203 
5510 756 757 1212 1590 
5511 691 1820 1558 2128 
5512 1518 1890 1306 2078 
5513 1399 1769 1967 2086 
5514 901 1777 1341 2039 
5515 1201 1605 946 1976 
5516 1392 1512 1737 2371 
5517 1506 1860 660 2275 
5518 357 217 355 2029 
5519 941 1812 1604 1913 
5520 1439 1669 1525 1773 
5521 501 1953 1769 2077 
5522 436 1514 1924 2147 
5523 1112 1515 360 2127 
5524 1567 1371 1849 1866 
5525 1196 555 1737 1954 
5526 1970 2120 1632 2253 
5527 1711 1907 1433 2143 
5528 1411 2041 1794 2352 
5529 1070 1213 1200 1517 
5530 1577 1914 1905 2034 
5531 266 668 669 1862 
5532 1454 1677 1842 1961 
5533 1563 2021 1373 2264 
5534 942 1630 1764 2309 
5535 1381 1578 1711 1798 
5536 1357 1673 1585 2229 
5537 723 549 2077 2259 
5538 812 619 900 2065 
5539 286 341 264 1959 
5540 1391 1740 1609 2191 
5541 889 1511 2221 2313 
5542 1299 1917 164 2202 
5543 1474 2030 1913 2254 
5544 1458 1934 1720 2025 
5545 1767 2041 1484 2310 
5546 1360 1641 1620 2067 
5547 1554 1599 1559 2168 
5548 980 746 981 2107 
5549 1113 1662 675 1847 
5550 43 1563 41 2097 
5551 1434 1626 1911 2216 
5552 62 1078 64 2179 
5553 976 731 1152 1625 
5554 316 315 1653 1754 
5555 1376 2041 1809 2054 
5556 1381 1721 1500 2143 
5557 1392 1571 2237 2273 
5558 1483 2051 1744 2145 
5559 1383 1499 1927 2260 
5560 41 1563 43 2181 
5561 1387 1527 1715 2195 
5562 1503 1373 1716 1995 
5563 1423 1786 2180 2330 
5564 760 1746 761 2234 
5565 1739 1745 1490 2297 
5566 334 333 1963 2011 
5567 431 772 432 1742 
5568 1988 2079 226 2314 
5569 586 2144 816 2181 
5570 1361 1858 1595 1989 
5571 844 1320 1657 1963 
5572 1361 1561 1793 1981 
5573 821 1819 1695 1897 
5574 1460 1923 1699 2241 
5575 1391 1609 1740 2071 
5576 57 856 1949 2119 
5577 682 639 518 2353 
5578 1276 1578 1252 1868 
5579 620 1509 1002 2097 
5580 184 183 182 1549 
5581 1409 1690 1684 1958 
5582 34 1717 1523 2132 
5583 1651 1501 1906 2135 
5584 1404 1752 2032 2381 
5585 1780 2054 1500 2143 
5586 965 1552 177 2161 
5587 433 1610 1841 2069 
5588 1705 2116 1473 2206 
5589 1361 1793 1773 1981 
5590 164 1299 2202 2346 
5591 1503 1716 1899 1995 
5592 769 1949 1534 2119 
5593 1067 997 1074 2198 
5594 790 1244 768 1747 
5595 307 2028 308 2174 
5596 436 1514 1879 1924 
5597 1100 306 1711 1798 
5598 1580 1720 1458 1934 
5599 204 1874 205 2059 
5600 1721 1778 1500 2183 
5601 1475 1914 1674 2034 
5602 230 1735 1867 2051 
5603 1493 2004 2062 2260 
5604 1201 1902 1605 1976 
5605 397 1643 1228 2242 
5606 1052 1876 1572 2286 
5607 1914 2007 1674 2034 
5608 580 169 1499 1962 
5609 1383 1709 1618 2281 
5610 1338 1337 2139 2250 
5611 1549 1944 1498 2069 
5612 1837 1942 1413 2284 
5613 1697 1782 1421 1797 
5614 557 556 1954 2056 
5615 1518 1891 1295 1954 
5616 13 15 14 1836 
5617 1433 1711 2143 2152 
5618 1365 1632 1566 2387 
5619 1400 1842 1677 1961 
5620 106 105 104 1949 
5621 1367 1511 1958 2099 
5622 1899 1995 1373 2021 
5623 835 833 1003 1885 
5624 1695 1819 399 2154 
5625 1891 2239 1116 2382 
5626 1657 2088 2056 2305 
5627 1543 1421 1797 2090 
5628 1439 1496 1624 1985 
5629 1368 1802 1911 2376 
5630 1538 1632 1401 2015 
5631 596 1192 1745 2038 
5632 1048 1630 1158 1901 
5633 1223 1651 1906 2214 
5634 1398 1575 1817 2257 
5635 1433 1907 1711 2152 
5636 1133 2011 403 2245 
5637 1412 1503 1827 1995 
5638 1652 1879 1612 2134 
5639 874 938 1342 2089 
5640 1422 1548 1615 1823 
5641 1630 1412 1827 2126 
5642 1213 1517 1070 2079 
5643 1496 1983 1376 2054 
5644 1381 1500 1983 2143 
5645 1479 1771 1539 2287 
5646 1159 1630 1048 1901 
5647 687 686 1730 2154 
5648 1408 1942 1529 2178 
5649 1530 1401 1644 2233 
5650 533 1741 496 1772 
5651 733 1835 1912 2202 
5652 1258 1654 1213 2079 
5653 387 744 389 2277 
5654 1421 1543 1797 2202 
5655 446 447 830 1821 
5656 1567 1829 1539 2196 
5657 1547 350 1888 2129 
5658 447 117 1558 1916 
5659 1403 1746 2155 2180 
5660 1483 2112 2051 2145 
5661 494 1005 721 1791 
5662 1214 1201 1902 2082 
5663 1387 1541 1681 2012 
5664 862 1706 647 1760 
5665 1356 1665 1671 2173 
5666 548 625 547 1770 
5667 260 910 1795 2280 
5668 1368 1802 1522 2033 
5669 1875 2152 1868 2225 
5670 1447 1834 1895 2092 
5671 459 2148 1474 2198 
5672 306 20 1711 1798 
5673 1401 1632 1538 2262 
5674 2016 2155 1746 2180 
5675 1497 1939 1660 2061 
5676 1201 946 1902 1976 
5677 985 1733 984 2034 
5678 765 1343 1576 2044 
5679 1741 1742 1395 1772 
5680 1523 2030 1633 2132 
5681 976 897 731 1625 
5682 658 1659 1748 2249 
5683 474 1019 1231 2040 
5684 1025 1924 1810 2311 
5685 1538 1356 1671 2262 
5686 1253 1963 333 2011 
5687 1440 1706 1705 1855 
5688 1396 1843 1795 1905 
5689 1084 1862 1712 2075 
5690 1626 1911 1587 2373 
5691 1536 1725 444 2122 
5692 1639 1391 1806 2071 
5693 1403 2155 2016 2180 
5694 1464 1928 1833 2271 
5695 1047 1827 1131 2126 
5696 526 686 1324 1688 
5697 1197 1542 661 1999 
5698 1366 1554 1603 2339 
5699 1020 1231 1576 2138 
5700 1382 1564 1615 2045 
5701 1502 1828 1433 1868 
5702 82 782 704 1754 
5703 1368 1522 1802 1934 
5704 650 1516 412 1941 
5705 1617 2301 1956 2318 
5706 859 1751 860 1882 
5707 304 251 286 1519 
5708 473 474 1485 2306 
5709 1359 1703 2072 2323 
5710 1674 2034 349 2103 
5711 1530 1401 2233 2281 
5712 1624 1975 176 2107 
5713 2057 2228 1553 2269 
5714 266 1862 669 2047 
5715 1366 1898 1497 2013 
5716 1408 1529 1821 2178 
5717 1435 1528 2133 2269 
5718 1457 1713 1685 1947 
5719 840 16 1854 2175 
5720 1523 1633 2030 2115 
5721 1382 1564 1753 1828 
5722 213 211 372 1715 
5723 1369 1598 1717 2232 
5724 138 1031 137 1888 
5725 1206 1154 1221 2003 
5726 1943 2015 1671 2176 
5727 661 660 1860 2272 
5728 1378 1822 1613 1946 
5729 791 972 1540 1891 
5730 806 1910 1536 2288 
5731 1469 1837 1602 2228 
5732 1714 1854 1465 2158 
5733 1488 1951 1675 2265 
5734 1614 1729 1488 1916 
5735 484 1895 1996 2029 
5736 1140 1739 1844 2027 
5737 1467 2050 1754 2200 
5738 1232 1971 1521 2194 
5739 1480 1698 1626 1802 
5740 1694 2046 1859 2379 
5741 1672 2082 1888 2215 
5742 1471 1424 1839 1992 
5743 1372 1534 2092 2176 
5744 1767 1910 100 2310 
5745 618 1509 620 2065 
5746 1482 2186 1649 2265 
5747 1751 1434 2134 2300 
5748 883 882 881 1763 
5749 1392 1737 1518 2371 
5750 1660 1806 1570 2123 
5751 1515 1409 1684 2010 
5752 1371 1649 1548 2265 
5753 1287 1263 1857 2146 
5754 745 1351 982 1624 
5755 1384 1661 1959 2279 
5756 1360 1581 1749 2238 
5757 1407 1744 2051 2145 
5758 1367 1718 1485 1980 
5759 1473 1545 1956 2042 
5760 1815 1851 1557 2063 
5761 1386 1781 1653 2274 
5762 1212 1590 757 2109 
5763 743 560 1735 1867 
5764 496 533 617 1741 
5765 955 863 871 1679 
5766 1495 1911 1751 2376 
5767 1793 1900 1542 2052 
5768 46 1508 45 2378 
5769 1987 2004 1605 2062 
5770 331 1659 23 1813 
5771 1732 1868 1643 2349 
5772 1448 1518 1891 2239 
5773 608 1300 1713 1915 
5774 1484 1875 1828 2380 
5775 1683 1769 1399 2263 
5776 1922 1956 1545 2042 
5777 1397 2092 1534 2176 
5778 1283 749 1000 1893 
5779 1833 1928 1418 2271 
5780 743 1215 1867 1901 
5781 732 1803 299 1912 
5782 1048 1159 1047 1827 
5783 489 950 1528 2223 
5784 681 1784 1625 2243 
5785 488 1724 1087 2366 
5786 67 486 534 1918 
5787 794 1955 1539 2196 
5788 1469 1768 1565 2099 
5789 1374 1491 1724 2057 
5790 1740 2189 1609 2191 
5791 1530 1709 1618 2233 
5792 765 1576 2040 2044 
5793 1905 1914 1475 2034 
5794 665 769 876 1965 
5795 1393 1931 2255 2351 
5796 221 1593 390 1831 
5797 1375 1823 2009 2299 
5798 1429 2006 1675 2098 
5799 996 1929 1531 2193 
5800 1401 1530 1644 2015 
5801 1658 1721 1524 2334 
5802 554 809 695 1700 
5803 1621 1736 1449 2312 
5804 1636 1676 1390 1701 
5805 764 756 1590 2078 
5806 1540 1950 1650 2157 
5807 1364 1881 2153 2348 
5808 1560 1373 2021 2264 
5809 1616 1692 964 2174 
5810 689 954 952 1820 
5811 1238 1545 228 1867 
5812 1427 1721 1606 2183 
5813 1384 1759 1508 2046 
5814 1382 1502 1828 2224 
5815 720 752 772 1582 
5816 1393 1637 1596 1792 
5817 323 1809 1024 2316 
5818 1675 1938 1546 2006 
5819 1411 1767 2041 2380 
5820 1697 1822 1410 1968 
5821 1793 1542 1981 2052 
5822 1150 1016 1826 2258 
5823 1410 1822 1573 1896 
5824 677 700 1527 2008 
5825 965 177 966 2161 
5826 32 34 33 1523 
5827 226 5 1796 2314 
5828 1459 2067 1641 2165 
5829 981 1505 2107 2192 
5830 1283 1800 749 1893 
5831 1818 1947 1455 2131 
5832 371 1741 506 2008 
5833 254 253 255 1831 
5834 1505 2041 1767 2310 
5835 1053 1104 1876 2060 
5836 1681 1953 1477 2326 
5837 1424 1992 1471 2081 
5838 91 1559 1957 2028 
5839 1444 1510 1881 2063 
5840 1438 1508 1848 2059 
5841 537 990 1659 2020 
5842 1562 1555 1845 1923 
5843 1959 2207 1384 2279 
5844 1358 1756 1589 2357 
5845 835 1699 2203 2343 
5846 1382 1861 2098 2211 
5847 1226 13 1520 2234 
5848 1395 1742 2008 2235 
5849 702 1843 701 2275 
5850 1577 1580 1368 2130 
5851 1094 1637 786 1713 
5852 34 1523 32 2132 
5853 822 1875 1708 2225 
5854 1641 2067 1627 2165 
5855 1234 1902 1547 2082 
5856 1046 2083 1976 2343 
5857 1348 1504 1010 2169 
5858 1367 1958 1690 2261 
5859 1383 2281 1618 2387 
5860 1631 2041 1794 2321 
5861 1526 1889 1814 2340 
5862 1535 1640 1378 1822 
5863 337 984 631 2171 
5864 1607 1693 1380 1974 
5865 1432 1705 1545 2017 
5866 1419 1680 1517 1926 
5867 1463 1642 1756 2053 
5868 1486 1405 1873 1969 
5869 863 864 1607 2307 
5870 276 1964 1557 2282 
5871 1381 1798 1658 2377 
5872 1212 1803 1590 1912 
5873 893 2038 1164 2162 
5874 1579 2255 1931 2351 
5875 2240 2255 1539 2317 
5876 105 104 1949 2073 
5877 417 1841 319 2069 
5878 996 1531 1929 2189 
5879 1828 1868 1502 2225 
5880 594 905 1864 2144 
5881 1417 2030 1666 2338 
5882 183 182 1549 2069 
5883 1595 1989 1858 2013 
5884 1649 1698 1480 2299 
5885 1476 2100 1618 2387 
5886 1073 1937 1205 2133 
5887 1687 1722 1414 1881 
5888 1486 1405 1784 1873 
5889 1515 2127 1112 2375 
5890 1659 1791 1389 2035 
5891 494 721 1659 1791 
5892 23 331 1280 1659 
5893 1979 2151 1510 2209 
5894 404 686 862 1990 
5895 1908 2091 1471 2285 
5896 1487 1853 1736 2290 
5897 1404 1794 2009 2321 
5898 140 1554 1058 1832 
5899 476 1058 140 1554 
5900 1553 2228 1585 2261 
5901 1541 1681 1477 1830 
5902 1582 1812 849 1940 
5903 996 1531 515 2193 
5904 1387 1670 1715 2048 
5905 1571 1950 1448 2237 
5906 1695 1819 1388 1897 
5907 984 2034 1733 2171 
5908 1562 2151 1356 2262 
5909 875 876 769 1965 
5910 1387 1681 1541 1830 
5911 1369 1734 1499 1927 
5912 181 1670 1770 2012 
5913 5 2051 1796 2314 
5914 207 1848 48 2059 
5915 1407 1790 1744 2145 
5916 383 1541 1972 2184 
5917 482 483 491 2203 
5918 754 1014 1537 1789 
5919 304 250 1519 2279 
5920 1388 1819 1695 2154 
5921 1405 1814 1555 1969 
5922 1558 1614 1408 1821 
5923 1175 1725 1174 1986 
5924 1592 1711 1496 2292 
5925 1470 1997 1757 2149 
5926 1442 1773 1793 1981 
5927 1385 1890 1518 2078 
5928 587 1719 816 2144 
5929 275 1557 276 1933 
5930 1433 1828 1502 2349 
5931 1562 1845 1555 1979 
5932 1620 1970 1459 2293 
5933 1372 1623 1556 1964 
5934 1947 2131 1818 2324 
5935 1565 1878 1469 2261 
5936 1750 1827 1412 2126 
5937 1692 2028 1559 2360 
5938 1603 2039 2013 2298 
5939 151 152 1667 1776 
5940 677 1527 700 2195 
5941 1606 1721 1406 1732 
5942 1800 1897 1893 2325 
5943 1750 1827 1131 2304 
5944 1394 1515 1730 2024 
5945 1433 1868 1828 2225 
5946 71 1653 1033 1781 
5947 1814 1889 1450 2218 
5948 1341 1603 902 2068 
5949 1429 1861 1776 2098 
5950 1606 2185 2149 2369 
5951 1524 1721 1427 1858 
5952 1496 1907 1711 2143 
5953 1467 1880 1583 2369 
5954 1567 1675 1429 2006 
5955 1358 1589 2045 2357 
5956 1320 1657 1963 2245 
5957 1651 1906 1501 2089 
5958 1422 1675 1546 2098 
5959 1607 1679 1380 1693 
5960 1415 2023 1612 2216 
5961 414 2134 256 2266 
5962 1342 874 2089 2354 
5963 1196 555 163 1737 
5964 1602 1837 1374 2228 
5965 1084 668 1712 1862 
5966 407 1584 2126 2258 
5967 144 1285 1639 1806 
5968 1412 1995 1516 2115 
5969 902 903 998 1777 
5970 1362 1704 1922 2136 
5971 1111 1952 1568 2085 
5972 75 74 1619 1767 
5973 1540 1891 972 2157 
5974 819 1568 511 1824 
5975 1388 1897 1819 2199 
5976 720 752 1582 2074 
5977 1618 1885 1401 2233 
5978 1384 1959 1661 2207 
5979 12 1619 10 2359 
5980 1518 2078 1891 2239 
5981 411 412 650 1516 
5982 1427 2149 1490 2297 
5983 1369 1927 1499 2232 
5984 588 389 744 2277 
5985 270 1596 539 2103 
5986 227 1507 750 1800 
5987 1527 1387 1715 2096 
5988 373 84 85 1829 
5989 524 2089 2305 2368 
5990 970 853 1812 2074 
5991 1228 1502 2225 2328 
5992 796 2259 59 2263 
5993 1439 1525 1669 1975 
5994 1242 450 1547 2129 
5995 1592 1862 1712 2047 
5996 1246 1728 1216 1763 
5997 226 2079 795 2314 
5998 1488 2240 1951 2265 
5999 1374 1837 1529 1950 
6000 1519 1959 304 2279 
6001 790 791 972 1540 
6002 787 1507 227 1988 
6003 1596 1537 1792 2205 
6004 34 33 1523 2258 
6005 1384 1834 1510 2046 
6006 1501 1775 1747 2368 
6007 206 1670 237 2094 
6008 1401 1618 1699 1885 
6009 1577 1905 1795 2034 
6010 1412 1827 1516 1995 
6011 411 1516 650 2304 
6012 552 485 551 1854 
6013 41 340 1563 2181 
6014 1809 2041 1484 2054 
6015 594 312 654 1742 
6016 1415 1810 1765 2266 
6017 1561 1900 1981 2052 
6018 183 2069 1549 2184 
6019 1462 1841 1722 2259 
6020 139 638 637 1832 
6021 845 202 1815 1865 
6022 1141 1188 1503 1901 
6023 713 1491 600 2366 
6024 219 1787 1112 2375 
6025 691 1558 117 2128 
6026 1394 2024 1730 2333 
6027 1150 1826 1836 2258 
6028 1499 1877 1826 2260 
6029 1845 1979 1562 2201 
6030 78 1650 77 2080 
6031 1673 1774 1585 2229 
6032 887 1347 1915 2287 
6033 1548 1649 1371 2210 
6034 1246 1239 1728 1763 
6035 1656 1782 1357 1870 
6036 230 229 228 1867 
6037 1417 2021 1941 2251 
6038 899 349 1674 2034 
6039 1376 2105 1552 2381 
6040 1234 1242 1547 1902 
6041 607 1713 1051 2141 
6042 1314 199 1056 1984 
6043 1363 1500 1780 2084 
6044 1438 1848 1508 2114 
6045 1770 1974 1607 2195 
6046 436 1099 1045 1879 
6047 928 405 1918 2126 
6048 1851 2063 1510 2190 
6049 1383 1723 1709 2064 
6050 294 1583 1298 2050 
6051 1510 1444 1881 2046 
6052 1401 1851 2241 2262 
6053 1589 1753 1478 1861 
6054 628 806 1536 2288 
6055 1097 1731 1147 2227 
6056 1541 1972 1681 2332 
6057 1278 1714 1850 2066 
6058 423 418 284 1869 
6059 673 2091 1908 2285 
6060 1503 2112 1716 2145 
6061 1474 1913 1633 2132 
6062 1555 1923 1562 2120 
6063 267 1084 668 1712 
6064 1395 1741 1519 2207 
6065 1534 1895 516 2119 
6066 458 459 1074 2198 
6067 1610 2077 549 2259 
6068 1541 1904 1438 2001 
6069 1622 1720 1458 2179 
6070 1666 2165 1856 2293 
6071 1411 2041 1505 2321 
6072 1035 1088 1018 1716 
6073 1510 2151 1851 2190 
6074 54 1862 1592 2047 
6075 1391 1660 1570 2294 
6076 218 1787 1730 2291 
6077 1392 2229 1656 2237 
6078 1644 1885 1492 2341 
6079 710 1951 1675 2277 
6080 1373 1641 1666 1995 
6081 1022 1142 829 1929 
6082 1629 2150 1379 2372 
6083 1636 1775 1454 2089 
6084 139 1832 637 2298 
6085 1426 1575 1731 2227 
6086 673 1180 1269 2285 
6087 1525 1920 1825 2164 
6088 1698 1802 1480 2299 
6089 1428 1696 1801 1993 
6090 1474 2132 1074 2198 
6091 1953 2086 1477 2326 
6092 1049 1487 1912 2109 
6093 226 1988 1800 2079 
6094 774 1574 289 1886 
6095 896 1893 1586 2385 
6096 1482 1807 2186 2265 
6097 1562 2120 1923 2262 
6098 1489 1956 1799 2301 
6099 459 2132 1474 2148 
6100 727 2050 704 2070 
6101 322 1907 1711 2292 
6102 1495 1914 1674 2303 
6103 84 604 1567 1948 
6104 1397 1943 1671 2176 
6105 388 1063 116 1916 
6106 1395 2008 2096 2235 
6107 417 319 365 2069 
6108 1402 1674 1914 2303 
6109 447 117 691 1558 
6110 1260 228 1930 1988 
6111 1225 1123 1672 1888 
6112 1511 2313 889 2335 
6113 1129 1554 2076 2168 
6114 444 1536 806 1910 
6115 1459 2120 1970 2253 
6116 856 1556 106 1949 
6117 316 81 315 1754 
6118 1688 1977 1172 2291 
6119 1461 2048 1661 2207 
6120 791 1891 1540 1954 
6121 1472 1900 1561 2084 
6122 1740 2071 1609 2189 
6123 622 623 1072 1573 
6124 1679 1509 2140 2218 
6125 587 1940 1719 2144 
6126 147 146 1652 1879 
6127 190 1688 1588 1977 
6128 940 941 1604 1913 
6129 1591 1645 1362 1799 
6130 1596 1852 1537 2205 
6131 1284 1893 1266 1952 
6132 1700 1738 1512 2363 
6133 1411 1564 1615 2380 
6134 1458 1755 1622 2179 
6135 245 509 1806 2123 
6136 985 347 911 1843 
6137 855 1556 577 2230 
6138 1368 2130 1580 2376 
6139 1721 2334 1658 2377 
6140 1363 1780 1732 2349 
6141 1035 848 1716 1899 
6142 713 600 1491 1835 
6143 323 1496 1907 2292 
6144 1239 1763 1246 2043 
6145 903 998 1777 2250 
6146 71 1781 73 2197 
6147 254 1495 441 2130 
6148 1370 2088 1651 2135 
6149 1395 1742 1741 2008 
6150 1471 1374 2081 2178 
6151 1552 1975 1624 2107 
6152 1813 1861 1429 2035 
6153 1411 1505 1767 2321 
6154 1551 1933 1623 2190 
6155 892 43 1693 1864 
6156 702 112 1156 1843 
6157 1035 848 1043 1716 
6158 495 1791 1600 2141 
6159 1684 1816 918 1857 
6160 661 1030 660 2272 
6161 1856 2165 1666 2338 
6162 444 806 1725 1910 
6163 1442 1525 1773 1981 
6164 827 1953 2307 2358 
6165 1010 1935 1504 2000 
6166 1483 2065 900 2112 
6167 1079 1720 1622 2179 
6168 1297 1713 607 1915 
6169 1374 1837 1602 2178 
6170 1702 1979 1562 2151 
6171 1387 1681 1770 2012 
6172 350 1547 450 2129 
6173 1496 1711 1381 2143 
6174 1413 1775 1501 2135 
6175 1819 1883 1432 1990 
6176 1392 1518 1737 1954 
6177 1042 584 1043 2112 
6178 962 1570 947 2055 
6179 1768 2228 2057 2269 
6180 1599 1898 1531 2019 
6181 1519 1741 1395 1772 
6182 1054 2083 877 2343 
6183 1586 1897 926 2127 
6184 474 1765 1485 2306 
6185 591 589 1532 2031 
6186 1473 1799 1956 2301 
6187 1113 675 1784 1847 
6188 970 853 941 1812 
6189 1067 1633 1913 2132 
6190 156 2004 469 2082 
6191 916 1190 1839 1991 
6192 1389 1685 1748 2163 
6193 1141 1188 846 1503 
6194 1703 1911 1626 2216 
6195 1188 1735 1503 1901 
6196 1530 2015 1962 2073 
6197 1486 1784 1405 1969 
6198 1358 1589 1668 2045 
6199 722 1819 1507 1930 
6200 1750 2258 1584 2330 
6201 1517 1817 1398 2370 
6202 1362 1591 2104 2331 
6203 1565 1469 2099 2261 
6204 1423 1523 1826 2232 
6205 1435 1896 1511 2099 
6206 242 1722 726 2117 
6207 1542 1442 1981 2164 
6208 660 1110 909 2275 
6209 1501 2089 1906 2135 
6210 1369 1943 1538 2293 
6211 1525 1863 1981 2105 
6212 181 292 180 1670 
6213 1599 1531 1898 2337 
6214 1525 1442 1920 2164 
6215 322 323 1907 2292 
6216 1287 1857 1263 2385 
6217 232 1815 1687 2327 
6218 770 709 864 1607 
6219 1549 1848 1083 1904 
6220 246 247 778 1683 
6221 1360 1617 1641 2318 
6222 1454 1676 1636 2354 
6223 1562 1702 1414 2201 
6224 1428 1696 1993 2026 
6225 1455 1668 1642 2220 
6226 1538 1369 1734 1943 
6227 1512 1392 1840 2371 
6228 700 1864 593 1974 
6229 1935 2124 1434 2169 
6230 647 1760 1706 2386 
6231 1378 1635 1568 2102 
6232 658 537 1659 2249 
6233 1391 1570 1740 2294 
6234 317 462 445 2117 
6235 1124 1105 1618 2100 
6236 1375 1802 2009 2124 
6237 1434 1652 1612 2134 
6238 1141 1827 1159 1901 
6239 982 240 1624 1985 
6240 1518 1590 2078 2239 
6241 764 2078 1590 2239 
6242 1662 1784 675 1847 
6243 1672 1888 1487 2170 
6244 536 872 538 1781 
6245 1481 1631 1564 2352 
6246 1463 1756 2026 2053 
6247 160 1679 1847 2358 
6248 1589 1756 1642 2053 
6249 1685 1713 1457 2141 
6250 1411 1615 1564 2352 
6251 1679 2140 1847 2218 
6252 658 1659 721 1748 
6253 1373 1641 1627 2165 
6254 1605 1709 1383 2004 
6255 1500 2054 1983 2143 
6256 1307 1005 1160 1791 
6257 1380 1509 1679 2218 
6258 1518 1890 1385 2371 
6259 1448 1891 1518 2237 
6260 1416 1533 1855 1870 
6261 242 1841 1722 2117 
6262 533 720 431 1772 
6263 1590 1998 1736 2109 
6264 1368 1495 1911 1914 
6265 1194 1752 707 2192 
6266 916 1789 1190 1991 
6267 1595 2061 1663 2244 
6268 1459 1666 1620 2293 
6269 1619 1767 74 2192 
6270 63 1720 1580 1935 
6271 1266 1893 1165 1952 
6272 1781 2197 1653 2274 
6273 1529 1942 1837 2178 
6274 251 304 250 1519 
6275 221 223 222 1831 
6276 1427 1777 2149 2297 
6277 1486 1399 1967 1969 
6278 866 1763 1568 2043 
6279 1368 1802 2033 2373 
6280 1511 919 2221 2335 
6281 1453 1545 1922 1956 
6282 1380 1710 1509 2218 
6283 1526 1356 1814 1979 
6284 794 1955 793 2287 
6285 1443 1644 1556 2073 
6286 361 1112 2127 2375 
6287 1408 1729 1942 2160 
6288 1443 1788 2015 2176 
6289 1408 1539 1771 1955 
6290 176 982 240 1624 
6291 146 1652 1879 1971 
6292 1513 1990 1883 2154 
6293 1423 1927 1826 2260 
6294 653 1623 724 2119 
6295 1298 1583 294 1919 
6296 1380 1889 1814 2218 
6297 1399 1486 1845 1969 
6298 1415 1494 1765 1980 
6299 1251 1100 306 1711 
6300 1429 1675 1866 2098 
6301 1588 1688 190 2011 
6302 1560 2165 1856 2338 
6303 147 1612 1264 1879 
6304 1368 1905 1577 1914 
6305 1148 1150 1826 1836 
6306 987 489 1789 1991 
6307 290 213 180 1715 
6308 412 410 847 1899 
6309 689 954 1820 2157 
6310 102 1826 101 1877 
6311 1540 1529 1950 2157 
6312 1416 1512 1738 1840 
6313 11 75 1619 1994 
6314 1661 1694 1384 2036 
6315 1387 2048 1715 2096 
6316 1578 2143 1711 2152 
6317 1371 1849 1866 2210 
6318 1502 1868 1433 2349 
6319 493 565 796 1722 
6320 1582 1940 850 2144 
6321 1713 2255 1479 2351 
6322 1289 1852 1674 2103 
6323 298 1803 713 2382 
6324 1006 169 1962 2064 
6325 1443 1766 1598 2121 
6326 46 358 45 1508 
6327 1512 1840 1416 1870 
6328 950 987 489 1789 
6329 975 1306 1196 1890 
6330 220 1787 1691 2306 
6331 1582 1395 1742 1772 
6332 1495 1368 1911 2376 
6333 144 1806 1639 2175 
6334 1473 2042 1705 2206 
6335 1548 2210 1668 2362 
6336 1723 1877 1499 2260 
6337 1223 1651 271 1906 
6338 1389 1668 1589 2035 
6339 1453 1956 1922 2136 
6340 1536 1875 628 2288 
6341 756 764 1590 2239 
6342 2149 2185 1490 2369 
6343 1507 1800 227 1988 
6344 8 1740 515 2189 
6345 1457 1685 2141 2220 
6346 1264 1879 1612 1924 
6347 123 157 122 1661 
6348 823 822 442 1984 
6349 1480 1626 1698 1921 
6350 1171 1172 1977 2291 
6351 1437 2028 1692 2174 
6352 883 1203 1817 2022 
6353 1356 2151 1671 2262 
6354 1768 1553 2228 2269 
6355 717 972 1891 2157 
6356 1730 1787 218 2375 
6357 74 1767 980 2192 
6358 1395 1743 1686 2235 
6359 1405 2140 2118 2218 
6360 856 855 106 1556 
6361 940 941 853 1604 
6362 1494 2044 2040 2268 
6363 1251 1100 1711 2152 
6364 1519 1772 1395 2156 
6365 1475 1905 1818 1914 
6366 412 971 1719 1899 
6367 1675 1951 1567 2240 
6368 1531 2019 515 2193 
6369 1443 1962 2015 2073 
6370 1604 1812 853 2283 
6371 1447 1834 1551 1895 
6372 1794 2041 1631 2352 
6373 1554 2068 1136 2076 
6374 1320 1738 1657 2245 
6375 1849 2210 1931 2220 
6376 1147 370 2022 2276 
6377 1403 1799 1764 2301 
6378 354 72 73 1781 
6379 1482 1649 2186 2222 
6380 450 1234 1242 1547 
6381 1382 1753 1564 2045 
6382 1308 1677 272 1906 
6383 1727 1996 1965 2092 
6384 942 1048 1630 2309 
6385 1396 1843 1733 1932 
6386 1599 1692 1559 2360 
6387 1380 2235 1864 2264 
6388 1136 734 1129 2076 
6389 1274 1833 1714 2383 
6390 26 1664 94 1784 
6391 67 1764 486 1918 
6392 1140 944 395 1844 
6393 156 1877 1493 2315 
6394 1507 1897 1800 2325 
6395 230 1867 1796 2051 
6396 488 1087 490 2366 
6397 1481 1753 1589 2045 
6398 1252 1868 1578 2152 
6399 1387 1715 1670 1770 
6400 89 72 354 1648 
6401 20 1711 1798 2047 
6402 1363 1761 1753 1892 
6403 1516 1995 1899 2021 
6404 407 762 33 2258 
6405 462 1687 445 2117 
6406 1937 2003 1205 2133 
6407 177 1552 966 2161 
6408 1400 1521 1971 2219 
6409 1516 1941 650 2304 
6410 1401 1699 1632 1923 
6411 743 229 560 1867 
6412 1432 1855 1706 1883 
6413 1395 2096 1741 2207 
6414 1369 1665 1943 2293 
6415 1573 1816 1409 2146 
6416 1548 2362 1668 2367 
6417 1210 1653 1277 2250 
6418 1851 2151 1372 2190 
6419 835 203 201 1646 
6420 1441 1797 1655 2170 
6421 1088 2065 620 2097 
6422 6 226 5 1796 
6423 604 602 84 1567 
6424 1854 1884 1186 2383 
6425 1583 294 1919 2050 
6426 766 2040 767 2044 
6427 1522 2025 1726 2355 
6428 1567 1951 602 2196 
6429 1381 1658 2334 2377 
6430 1257 1282 588 1807 
6431 1766 1949 948 2121 
6432 1491 2080 1803 2382 
6433 1365 1566 1978 2387 
6434 1393 1579 1931 2351 
6435 1460 1699 1646 2241 
6436 122 121 1661 2036 
6437 701 1843 1110 2275 
6438 227 787 750 1507 
6439 1420 1568 1689 1952 
6440 158 160 159 1679 
6441 1348 2000 1504 2359 
6442 1860 1929 1431 2272 
6443 1536 1382 1708 1828 
6444 1475 1762 1596 2324 
6445 1432 1545 1705 2042 
6446 43 913 1693 2097 
6447 1689 1824 1535 2384 
6448 1238 924 228 1545 
6449 1158 1901 1630 2309 
6450 1228 1281 1229 1868 
6451 1265 2043 1060 2129 
6452 383 330 1541 1904 
6453 492 491 493 1808 
6454 1694 1859 1508 2036 
6455 1443 2015 1943 2176 
6456 871 870 1693 1974 
6457 187 1256 1886 2204 
6458 1549 2001 1610 2278 
6459 1523 2258 1750 2330 
6460 233 276 1557 2282 
6461 1375 1802 1698 2299 
6462 1358 1668 1642 2362 
6463 411 1827 1516 2304 
6464 1478 1861 1813 2035 
6465 1010 1504 1935 2169 
6466 1505 1752 2321 2381 
6467 1522 2355 1726 2362 
6468 1370 1811 2088 2135 
6469 1368 1818 1905 1914 
6470 442 1536 444 2122 
6471 1451 1939 1898 2294 
6472 1398 1654 1817 2085 
6473 1406 1732 1721 2377 
6474 1363 1732 1606 2159 
6475 1109 2060 2022 2276 
6476 583 2051 210 2112 
6477 1910 2288 100 2310 
6478 321 2208 283 2378 
6479 85 84 83 1567 
6480 1412 1750 1584 2330 
6481 391 329 291 2094 
6482 1496 2054 1907 2143 
6483 1209 1115 1524 2075 
6484 312 1527 700 2008 
6485 1513 1760 1688 2333 
6486 1450 1953 1681 2326 
6487 547 1770 625 2012 
6488 139 1603 141 2068 
6489 112 1733 1843 1932 
6490 1515 1684 1857 2010 
6491 1409 1857 1684 2010 
6492 260 261 910 2280 
6493 1409 1958 1896 1968 
6494 1081 12 10 2359 
6495 1525 1425 1825 2037 
6496 535 942 1048 1630 
6497 1627 1483 1790 2145 
6498 524 523 2089 2368 
6499 1412 1630 1584 2126 
6500 1381 2334 1721 2377 
6501 960 1984 1546 2211 
6502 88 1939 1660 2319 
6503 136 350 50 1655 
6504 1466 1782 1533 1871 
6505 822 628 1536 1875 
6506 287 289 1886 2194 
6507 1404 1720 1934 2025 
6508 1826 1927 1499 2260 
6509 529 1213 1654 1817 
6510 459 1717 2132 2148 
6511 1656 1840 1392 2371 
6512 1264 1612 1027 1924 
6513 306 305 20 1798 
6514 1536 1910 1411 2380 
6515 844 1963 1657 2305 
6516 856 106 57 1949 
6517 1492 1885 1646 2341 
6518 1681 1953 1450 2307 
6519 1728 1902 1426 1987 
6520 1396 1932 1733 2131 
6521 644 645 1236 2285 
6522 1318 1810 1765 2306 
6523 1419 1627 1790 2067 
6524 1854 1884 1418 2226 
6525 1371 1548 1866 2265 
6526 1450 1969 1814 2218 
6527 766 767 390 2044 
6528 1655 1912 1487 1998 
6529 1750 2126 1584 2258 
6530 1453 1507 1922 1988 
6531 9 867 978 1740 
6532 12 288 11 1994 
6533 1577 2007 1914 2034 
6534 1289 1674 338 2103 
6535 1566 1459 1970 2253 
6536 1246 1239 1216 1728 
6537 754 1789 1537 2205 
6538 1489 1903 1645 2136 
6539 1007 1709 467 1723 
6540 849 1812 1582 2074 
6541 477 2068 1037 2076 
6542 340 1719 971 1899 
6543 86 470 29 1939 
6544 1484 1767 1910 2380 
6545 1428 1801 1583 1880 
6546 1094 1189 1637 1713 
6547 798 1156 112 1843 
6548 1405 1969 1664 2218 
6549 58 653 724 2119 
6550 1466 1853 2018 2331 
6551 538 1583 1781 2200 
6552 353 351 1824 2384 
6553 591 1746 589 2031 
6554 1624 1863 1439 1975 
6555 1614 1916 1488 1951 
6556 127 129 128 2028 
6557 500 124 363 1972 
6558 7 419 9 2071 
6559 1480 1698 1649 1921 
6560 1386 1781 1648 1801 
6561 499 1724 1908 2080 
6562 1605 2004 1987 2082 
6563 1099 1514 437 2214 
6564 230 560 229 1867 
6565 850 1582 849 1940 
6566 1544 1925 1631 2032 
6567 1226 1520 14 2315 
6568 1547 1987 1888 2082 
6569 580 169 558 1499 
6570 1403 2016 1581 2180 
6571 166 1227 165 1887 
6572 1112 1787 219 2138 
6573 455 1069 1068 1752 
6574 1396 1733 1843 1905 
6575 1525 1439 1773 1863 
6576 459 1717 1017 2132 
6577 899 2007 348 2034 
6578 1245 2206 1901 2309 
6579 1381 1711 1578 2143 
6580 1422 1986 1807 2186 
6581 1265 1177 1060 2043 
6582 664 662 960 2211 
6583 1555 1856 1710 2165 
6584 1976 2083 1476 2343 
6585 1502 1643 1868 2349 
6586 1666 2293 1856 2338 
6587 1300 915 1189 1839 
6588 1778 1863 1439 1983 
6589 1236 645 1347 1839 
6590 866 1568 819 2043 
6591 482 1909 2203 2286 
6592 1446 2022 1680 2060 
6593 1535 1857 1586 2385 
6594 434 1610 433 2069 
6595 1424 1537 1792 2270 
6596 1469 2228 2099 2261 
6597 1501 2088 1811 2135 
6598 755 1590 756 2078 
6599 1394 1730 1688 2333 
6600 1596 1762 1475 2171 
6601 1355 596 1192 1745 
6602 1233 2055 1179 2350 
6603 949 950 1785 2133 
6604 1565 2099 1878 2261 
6605 1785 2133 1528 2269 
6606 432 772 585 2144 
6607 1566 2067 1459 2253 
6608 1463 2150 1629 2372 
6609 750 787 722 1507 
6610 1673 1774 1436 1894 
6611 1573 1410 1785 1887 
6612 1453 1800 1507 1988 
6613 1062 1063 1312 1701 
6614 1059 1941 1633 2304 
6615 1290 1162 1910 1994 
6616 447 448 117 1916 
6617 1570 470 1939 2123 
6618 1917 2043 1441 2129 
6619 1168 862 647 1760 
6620 1382 1667 2211 2328 
6621 206 290 1670 1874 
6622 1501 1811 1413 2135 
6623 1642 1668 1455 2362 
6624 1011 1935 2134 2169 
6625 433 434 549 1610 
6626 1512 1870 1416 2166 
6627 1674 2103 1596 2182 
6628 1083 1848 174 1904 
6629 1506 1425 1999 2052 
6630 1059 1913 1633 1941 
6631 1404 2032 1752 2161 
6632 948 1949 104 2121 
6633 1504 2124 1935 2169 
6634 1421 1912 1655 1998 
6635 1702 1881 1462 2278 
6636 598 1835 1758 2366 
6637 1175 1162 1725 1910 
6638 626 1689 959 1893 
6639 279 278 1850 2075 
6640 1362 1922 2042 2136 
6641 1194 2107 1752 2192 
6642 614 1572 369 2083 
6643 1499 1530 1734 1962 
6644 1190 1637 1189 1839 
6645 1401 1538 2015 2262 
6646 67 1532 1085 2365 
6647 1149 641 818 1824 
6648 1735 2051 426 2112 
6649 1364 1549 2153 2278 
6650 1370 1569 1842 2361 
6651 538 1781 1583 2020 
6652 473 475 474 2306 
6653 1278 1850 479 2066 
6654 224 45 173 1944 
6655 1101 889 2221 2313 
6656 1325 1887 1785 2223 
6657 1373 1560 2021 2338 
6658 1228 2242 1502 2328 
6659 1850 2005 479 2066 
6660 1549 1364 2001 2278 
6661 559 275 276 1933 
6662 1435 1511 1937 2313 
6663 1662 2118 1627 2342 
6664 1367 2099 2113 2268 
6665 1651 2088 1501 2135 
6666 614 1909 1572 2083 
6667 360 1684 1857 2127 
6668 1450 2307 1953 2358 
6669 1449 1746 1520 2016 
6670 344 1846 357 2029 
6671 1538 1943 1665 2293 
6672 1136 1058 476 1554 
6673 1173 1622 1079 1720 
6674 565 493 564 1865 
6675 476 1136 1554 2068 
6676 702 1629 1843 2275 
6677 1379 1506 2052 2150 
6678 1543 1917 1797 2202 
6679 1722 1808 1462 2263 
6680 450 449 1234 1547 
6681 1815 1851 1414 2241 
6682 293 217 357 1694 
6683 1147 881 1216 1575 
6684 1395 1686 1550 2156 
6685 1388 1515 1695 2010 
6686 407 405 928 2126 
6687 1868 1875 1433 2152 
6688 1536 1984 1872 2122 
6689 1358 1544 2355 2357 
6690 1709 1723 1383 2004 
6691 1584 1918 405 2126 
6692 300 1212 1803 2239 
6693 1452 2021 1719 2264 
6694 1386 1583 1880 2369 
6695 1965 1996 1534 2092 
6696 2124 2134 1434 2169 
6697 1674 1852 1596 2103 
6698 1452 1864 1742 2235 
6699 1498 2153 1549 2278 
6700 1463 2026 1756 2150 
6701 1736 1998 1487 2109 
6702 1659 1748 1389 1791 
6703 537 721 658 1659 
6704 825 375 826 2141 
6705 1819 572 1990 2017 
6706 2000 2321 1504 2359 
6707 457 939 1707 2198 
6708 1519 1846 1804 2156 
6709 1754 2200 1781 2369 
6710 752 849 1582 2074 
6711 1373 1710 1560 2165 
6712 934 1785 1325 1887 
6713 190 1588 189 1977 
6714 1387 1607 1681 2326 
6715 1431 1793 1609 2244 
6716 1668 2210 1455 2362 
6717 471 104 2073 2121 
6718 818 1635 819 1824 
6719 1370 1774 1894 2088 
6720 245 510 509 2123 
6721 1584 2258 1836 2330 
6722 1382 1536 1708 1872 
6723 767 255 390 1831 
6724 1565 2072 1792 2270 
6725 1287 1816 1286 2146 
6726 596 1115 1004 1658 
6727 816 1719 340 2181 
6728 1159 1048 1158 1901 
6729 8 567 515 1740 
6730 332 1600 495 1791 
6731 1419 1779 1627 2067 
6732 1788 2015 1671 2262 
6733 1035 1018 41 1563 
6734 1430 2061 1783 2319 
6735 335 2069 183 2184 
6736 436 1315 435 2147 
6737 1397 1727 1965 2092 
6738 1953 1967 1769 2086 
6739 83 1567 602 2196 
6740 1062 215 1342 1636 
6741 1525 1825 1981 2164 
6742 1584 1746 1403 2180 
6743 1473 1545 2042 2206 
6744 1692 1929 829 2193 
6745 1556 1949 2119 2176 
6746 226 795 1744 2314 
6747 1907 2054 1433 2143 
6748 1290 774 1162 1994 
6749 272 1308 1098 1677 
6750 1528 2133 1785 2223 
6751 1776 1813 1429 1948 
6752 1387 1715 1770 2195 
6753 1361 1773 1663 1928 
6754 866 1568 1763 2085 
6755 276 728 1964 2282 
6756 160 159 1679 2358 
6757 1714 1854 552 2383 
6758 72 1648 89 1957 
6759 1635 1640 1378 1824 
6760 1403 1746 1584 1918 
6761 155 1225 1672 2315 
6762 1643 395 1844 2027 
6763 1864 2181 1563 2264 
6764 1174 774 460 1986 
6765 632 1279 648 2110 
6766 1192 1219 1745 2038 
6767 1605 2004 1383 2062 
6768 1051 607 1297 1713 
6769 1405 1847 2140 2218 
6770 111 1932 1629 2106 
6771 262 1577 1218 2130 
6772 499 193 1724 2080 
6773 1525 1442 1773 1920 
6774 1642 1396 2150 2355 
6775 268 269 786 1762 
6776 1218 1577 348 2007 
6777 1463 2026 2150 2372 
6778 515 1531 996 2189 
6779 669 1862 54 2047 
6780 786 1094 1189 1637 
6781 1520 2016 1746 2180 
6782 1475 2034 1674 2103 
6783 1465 1806 1660 2123 
6784 1429 1600 1813 2035 
6785 1898 2019 1599 2339 
6786 1370 1651 1588 2361 
6787 227 750 749 1800 
6788 1566 1970 1459 2067 
6789 338 899 349 1674 
6790 1935 1434 2134 2169 
6791 1388 1695 1515 2024 
6792 1619 1647 1504 2359 
6793 1365 1845 1555 1923 
6794 973 975 1890 2078 
6795 944 943 395 1844 
6796 1621 1449 2031 2312 
6797 1469 1768 2099 2228 
6798 1249 1232 544 1971 
6799 1583 2200 1467 2369 
6800 1360 1566 1749 1982 
6801 1558 1821 1408 1942 
6802 1446 1680 1625 2060 
6803 1372 2151 1834 2190 
6804 1375 1823 1574 2009 
6805 610 2289 1736 2312 
6806 2118 2140 1509 2218 
6807 1420 1800 1654 1952 
6808 1520 1746 1449 2234 
6809 1372 1834 1551 2190 
6810 1631 1925 1481 2105 
6811 1450 1814 1969 2086 
6812 1721 1732 1606 2183 
6813 1147 370 1107 2022 
6814 2213 2217 1569 2361 
6815 1391 2061 1595 2244 
6816 1444 1510 2063 2190 
6817 1427 1858 1721 2183 
6818 467 1723 1709 2004 
6819 621 682 518 1804 
6820 1931 2210 1455 2220 
6821 1643 1406 2159 2185 
6822 373 826 375 1829 
6823 1453 1922 1545 1988 
6824 999 1263 2384 2385 
6825 1682 1854 1418 2226 
6826 1439 1628 1592 1985 
6827 615 1052 614 2286 
6828 1609 2014 385 2071 
6829 522 524 2089 2305 
6830 1454 1842 1677 1906 
6831 1269 1236 1291 1771 
6832 499 79 193 2080 
6833 1577 1795 1458 2280 
6834 1399 1979 1845 2201 
6835 1425 1542 1825 1999 
6836 1514 2147 437 2214 
6837 5 1744 2051 2314 
6838 85 794 904 1829 
6839 1637 1792 1393 2351 
6840 1367 1878 1980 2113 
6841 1365 2246 1632 2387 
6842 696 554 1700 2386 
6843 1450 2086 1953 2326 
6844 29 1660 88 1939 
6845 1136 1129 1058 1554 
6846 1465 1682 1639 2175 
6847 1105 1077 1124 1618 
6848 383 1972 1541 2332 
6849 1390 1649 1698 1921 
6850 586 587 816 2144 
6851 1585 1774 1571 2229 
6852 1562 1401 1923 2241 
6853 1716 2097 1563 2374 
6854 643 622 934 1887 
6855 537 2020 1659 2249 
6856 470 1660 29 1939 
6857 897 1926 1680 2049 
6858 1673 2024 1883 2095 
6859 1575 1398 1763 2002 
6860 268 270 269 1762 
6861 1404 1622 2032 2161 
6862 1369 1538 1734 2293 
6863 1374 1768 2057 2081 
6864 1385 1890 1621 2371 
6865 78 957 77 1650 
6866 1583 1428 1880 1892 
6867 1481 1753 1564 1780 
6868 1473 1630 1617 1901 
6869 325 284 225 1944 
6870 189 1977 1588 2147 
6871 1278 479 1850 2005 
6872 755 1590 2078 2109 
6873 1768 2081 1374 2228 
6874 1386 1606 2149 2369 
6875 1118 1910 1767 1994 
6876 1413 1973 1611 2135 
6877 1446 1779 1594 2172 
6878 652 650 412 1941 
6879 1671 1834 1550 2092 
6880 769 56 1949 2119 
6881 1493 2004 1987 2062 
6882 1381 1983 1496 2143 
6883 620 2065 1509 2097 
6884 430 1804 250 1846 
6885 1643 2027 1406 2185 
6886 1497 1832 1603 2298 
6887 1574 1823 1375 2186 
6888 1622 1755 1425 2248 
6889 183 1549 1083 2184 
6890 1556 1644 1443 1788 
6891 686 1990 1513 2154 
6892 1501 2305 2089 2368 
6893 1421 2090 1543 2202 
6894 630 270 539 2103 
6895 1666 1459 2165 2293 
6896 1718 2217 2213 2361 
6897 1647 1886 1521 2194 
6898 1404 1522 1794 2025 
6899 397 2070 1643 2242 
6900 1547 2002 1441 2170 
6901 2115 2232 1523 2330 
6902 1004 595 1658 1798 
6903 1386 2200 1583 2369 
6904 1751 2216 1415 2266 
6905 1219 1350 1745 2297 
6906 1652 2124 1521 2194 
6907 994 622 643 1640 
6908 142 867 419 1806 
6909 1475 2171 1762 2324 
6910 276 275 274 1557 
6911 1331 1628 1075 2345 
6912 1743 1889 1608 2209 
6913 158 160 1847 2140 
6914 1446 1625 1779 2142 
6915 2028 2108 308 2174 
6916 1485 1690 1576 2138 
6917 888 1707 868 1766 
6918 1829 1849 1567 2317 
6919 1197 1032 906 2164 
6920 1365 1555 1845 1873 
6921 499 1908 79 2080 
6922 1656 1870 1357 2229 
6923 1605 1987 1902 2082 
6924 756 1212 300 2239 
6925 1420 1704 1601 2058 
6926 495 1600 375 2141 
6927 1547 1902 1728 1987 
6928 1668 2362 1358 2367 
6929 896 926 1586 1893 
6930 389 1701 1063 1916 
6931 1392 1540 1747 2273 
6932 406 1836 1584 2258 
6933 478 1037 477 2068 
6934 677 312 700 2008 
6935 1541 1904 330 2094 
6936 1385 1656 1998 2167 
6937 1589 1861 1668 2045 
6938 1596 1792 1637 2205 
6939 1474 1633 1913 2030 
6940 268 541 270 2205 
6941 1399 1969 1814 2086 
6942 1461 1715 2048 2096 
6943 1375 1649 2186 2299 
6944 764 755 756 2078 
6945 1648 1957 1559 2028 
6946 1129 2076 735 2168 
6947 1415 1980 1810 2217 
6948 168 1723 169 2064 
6949 544 1971 1232 2194 
6950 1164 1102 119 1844 
6951 1610 2069 1549 2278 
6952 697 143 451 2175 
6953 1660 1939 470 2123 
6954 1175 1725 806 1910 
6955 1739 1745 1406 2185 
6956 1480 2188 1587 2323 
6957 1452 2251 2021 2264 
6958 38 1628 1331 1884 
6959 1698 1802 1375 2219 
6960 1913 2030 1417 2254 
6961 1392 1954 1747 2237 
6962 637 1832 638 2298 
6963 1420 1893 1689 1946 
6964 1365 1978 2246 2387 
6965 1522 1726 1368 2033 
6966 38 1331 40 1884 
6967 1642 2150 1756 2355 
6968 92 1884 1669 2320 
6969 615 614 1909 2286 
6970 1043 1716 848 1899 
6971 1444 1859 1551 1933 
6972 1382 1861 1615 2098 
6973 1412 1584 1750 2126 
6974 144 419 1285 1806 
6975 1957 2197 72 2274 
6976 956 1646 202 1865 
6977 1388 1695 2024 2154 
6978 108 144 1639 2175 
6979 1794 1522 2009 2367 
6980 1072 623 1071 1937 
6981 1392 1747 1540 2237 
6982 1368 1911 1802 2373 
6983 1561 1900 1793 1981 
6984 74 75 980 1767 
6985 102 14 1826 1877 
6986 636 724 1623 1964 
6987 892 1693 870 1974 
6988 1765 1810 1415 1980 
6989 708 307 308 2174 
6990 1700 2110 1416 2386 
6991 1201 946 1235 1902 
6992 1719 1899 1563 2021 
6993 1360 1790 1594 2101 
6994 1392 1774 1571 2273 
6995 2034 2103 1475 2171 
6996 1397 1707 1766 1965 
6997 1643 2159 2027 2185 
6998 966 1552 2037 2161 
6999 1888 2129 1655 2170 
7000 1710 1814 1405 2218 
7001 1392 1571 1774 2229 
7002 1371 1931 1579 2255 
7003 1020 1343 1329 1576 
7004 1540 1413 1820 2087 
7005 1427 1524 1858 2252 
7006 1432 1819 1990 2017 
7007 152 1667 1776 2302 
7008 601 922 1776 2006 
7009 1367 1980 1576 2268 
7010 1377 1672 1888 2215 
7011 835 2203 1054 2343 
7012 1452 1719 2021 2251 
7013 1399 1769 1683 1967 
7014 151 153 1776 2211 
7015 1596 1475 2103 2171 
7016 1554 1966 1599 2168 
7017 1356 1743 2209 2340 
7018 1499 1826 558 2347 
7019 1730 2024 1513 2333 
7020 1497 1939 87 2319 
7021 1382 1828 1753 2224 
7022 1320 1657 1738 2363 
7023 1498 2117 1881 2278 
7024 1359 1587 1703 2323 
7025 407 1584 405 2126 
7026 2121 2148 1598 2347 
7027 1627 1790 1641 2145 
7028 1432 1545 1930 2017 
7029 153 1546 711 2006 
7030 1527 1743 2096 2235 
7031 1647 2169 1504 2359 
7032 1407 1744 1790 1805 
7033 353 1824 1689 2384 
7034 1754 2139 1490 2250 
7035 996 1929 1036 2189 
7036 1175 806 1162 1910 
7037 1499 1598 2232 2347 
7038 492 1683 1808 2263 
7039 2120 2165 1555 2253 
7040 138 1655 50 1912 
7041 1461 1741 1519 1959 
7042 712 682 1727 2283 
7043 1450 1664 1953 2086 
7044 138 136 50 1655 
7045 1641 1617 2145 2318 
7046 1751 2300 2130 2376 
7047 1365 1923 1555 2120 
7048 245 509 142 1806 
7049 1625 1784 681 2049 
7050 1392 1954 1737 2056 
7051 1390 1729 1649 1921 
7052 730 1680 897 1926 
7053 78 1908 1650 2080 
7054 594 593 312 1864 
7055 1591 1449 1853 2155 
7056 664 2211 151 2328 
7057 1525 1825 1425 1981 
7058 290 237 206 1670 
7059 713 2080 1491 2366 
7060 1372 1557 2063 2190 
7061 1533 1782 1466 2104 
7062 1747 1954 1540 2237 
7063 80 1754 316 2139 
7064 130 346 97 1966 
7065 536 649 354 1648 
7066 1471 2081 1992 2178 
7067 863 1679 159 2307 
7068 1497 1783 2061 2319 
7069 1073 1785 1937 2133 
7070 2065 2097 1716 2374 
7071 1040 1179 1041 1966 
7072 1670 2012 291 2094 
7073 1267 2043 1265 2129 
7074 1385 1736 1621 1890 
7075 743 1735 1188 1901 
7076 1397 1965 1534 2092 
7077 1546 1675 1422 1938 
7078 1855 1432 1922 2199 
7079 1284 1283 1000 1893 
7080 1100 305 306 1798 
7081 1909 2246 2083 2343 
7082 1392 1840 1656 2229 
7083 756 1590 755 2109 
7084 1284 1800 1283 1893 
7085 1896 1958 1511 2099 
7086 939 2198 961 2231 
7087 317 423 319 2117 
7088 1497 1898 1595 2013 
7089 1732 1780 1500 2143 
7090 679 1920 1669 2226 
7091 1228 2225 1181 2328 
7092 943 1643 395 1844 
7093 332 374 1600 1813 
7094 840 1220 697 2175 
7095 445 1687 502 1869 
7096 883 1575 1147 2022 
7097 1440 2042 1705 2116 
7098 1238 228 229 1867 
7099 1372 1671 1834 2151 
7100 1385 1656 1782 1998 
7101 1675 1938 1807 2265 
7102 1683 1808 1460 2286 
7103 1676 1677 1454 1961 
7104 1513 1883 1673 2024 
7105 1528 2057 1768 2081 
7106 1097 1147 1216 2227 
7107 1195 336 539 1852 
7108 334 1963 132 2214 
7109 280 251 252 2353 
7110 1442 1793 1542 1981 
7111 1313 1351 745 1809 
7112 709 770 548 1770 
7113 1528 1991 1724 2081 
7114 1834 2151 1510 2190 
7115 970 801 853 2074 
7116 128 964 1692 2174 
7117 1585 1894 1718 2213 
7118 1776 1948 1429 2006 
7119 546 1652 146 1971 
7120 308 2108 1696 2174 
7121 1473 1617 1630 2301 
7122 1104 369 614 1572 
7123 430 1846 344 2212 
7124 1477 1541 1830 2001 
7125 281 533 496 1772 
7126 1258 1213 1070 2079 
7127 631 984 1733 2171 
7128 1448 2239 1891 2382 
7129 1195 1221 1154 1852 
7130 1292 1269 1771 2091 
7131 996 1142 1929 2193 
7132 965 1752 1194 2107 
7133 1447 1551 1834 2379 
7134 1382 2211 1708 2328 
7135 1378 1697 1613 1822 
7136 1288 222 1831 1852 
7137 1441 1917 1635 2043 
7138 1564 1753 1481 2045 
7139 1504 2009 1619 2321 
7140 1599 2168 97 2360 
7141 1399 1979 1702 2086 
7142 846 1043 848 1899 
7143 882 883 1203 1817 
7144 327 1885 1644 2341 
7145 1394 2291 1691 2336 
7146 1628 1464 1862 2345 
7147 333 1588 190 2011 
7148 1369 1620 1666 2293 
7149 1370 2213 1569 2361 
7150 1356 1560 1743 2340 
7151 1339 1936 1932 2364 
7152 1503 1899 1827 1995 
7153 1394 1718 1585 1894 
7154 147 1264 1044 1879 
7155 1381 1711 1592 2047 
7156 1362 1645 1591 2331 
7157 1535 2384 1263 2385 
7158 967 162 1183 2322 
7159 1488 1729 1614 2240 
7160 1382 1615 1861 2045 
7161 1235 1902 946 1976 
7162 1812 1913 969 1941 
7163 1535 1586 1946 2385 
7164 1544 1425 1925 2032 
7165 444 628 806 1536 
7166 1509 2065 618 2140 
7167 1404 1631 2321 2381 
7168 1431 1595 1793 2191 
7169 732 299 733 1912 
7170 1759 2209 1608 2348 
7171 1298 2050 1583 2200 
7172 1604 1417 1812 2308 
7173 1140 1844 395 2027 
7174 1940 1941 1719 2251 
7175 1555 1873 1405 1969 
7176 1631 2352 1481 2357 
7177 1660 1939 1570 2294 
7178 645 1991 1839 2285 
7179 671 2148 2121 2347 
7180 1783 1858 1524 2252 
7181 1790 1805 1594 2101 
7182 1161 962 947 2055 
7183 1976 2100 945 2343 
7184 1760 2011 1688 2333 
7185 1165 1893 959 1952 
7186 1367 2113 1980 2268 
7187 1812 2074 853 2283 
7188 1542 1999 1425 2052 
7189 1664 1847 1405 2218 
7190 1597 1919 1892 2302 
7191 179 1770 1715 2195 
7192 723 549 685 2077 
7193 713 298 732 1803 
7194 1427 1858 1783 2252 
7195 578 634 380 2037 
7196 1687 1869 1498 1881 
7197 1520 1877 14 2315 
7198 1405 1784 1664 1969 
7199 694 1709 1105 2100 
7200 1234 449 1214 2082 
7201 303 1762 270 2171 
7202 1532 1746 1403 1918 
7203 923 327 1644 2341 
7204 1490 2149 1777 2297 
7205 279 1208 278 2075 
7206 1492 1788 1372 1851 
7207 818 819 1149 1824 
7208 802 385 2014 2071 
7209 739 640 625 2332 
7210 1565 1878 1367 2113 
7211 1555 1814 1356 1979 
7212 84 602 83 1567 
7213 233 728 276 2282 
7214 1498 1549 2069 2278 
7215 1252 1578 1100 2152 
7216 157 235 1661 1959 
7217 1417 1665 1686 2308 
7218 1392 1747 1954 2056 
7219 1168 1760 647 2386 
7220 1509 2097 2065 2374 
7221 1950 2237 1571 2273 
7222 2027 2139 1739 2185 
7223 1657 1737 1512 2363 
7224 1038 1962 1530 2064 
7225 850 752 849 1582 
7226 245 1806 244 2123 
7227 814 1616 504 2106 
7228 918 1684 393 2221 
7229 1415 1569 1878 2217 
7230 1128 1016 1717 1826 
7231 1715 2008 677 2195 
7232 600 1491 1835 2366 
7233 1212 1912 1590 2109 
7234 348 1218 260 1577 
7235 1579 1931 1371 2210 
7236 200 710 711 1938 
7237 1371 1567 1849 2317 
7238 190 333 189 1588 
7239 1238 1545 1867 2206 
7240 1147 883 881 1575 
7241 1841 1722 2117 2278 
7242 140 139 141 1832 
7243 1289 336 1852 2103 
7244 1106 1530 1038 2233 
7245 1437 1692 1616 2174 
7246 1661 1874 311 2059 
7247 436 1924 1315 2147 
7248 1597 2070 1643 2159 
7249 1472 1993 1880 2236 
7250 1288 1831 1674 1852 
7251 150 1875 148 2225 
7252 1437 1616 1993 2372 
7253 1447 1727 1996 2212 
7254 1651 1963 133 2305 
7255 76 2226 1682 2356 
7256 1411 1767 1619 2321 
7257 1401 2015 1632 2281 
7258 1475 1596 2182 2324 
7259 674 1662 1170 2049 
7260 1566 1383 1970 2062 
7261 1384 1694 1661 2279 
7262 606 1915 607 2141 
7263 287 288 12 1647 
7264 517 306 20 1711 
7265 1610 1972 367 2077 
7266 2046 2190 1859 2379 
7267 646 645 644 2285 
7268 1826 1836 1423 1877 
7269 528 529 1213 1654 
7270 555 557 556 1954 
7271 1431 1542 1860 2272 
7272 1837 1942 1602 2178 
7273 555 556 1737 1954 
7274 940 1913 1604 2198 
7275 1659 1919 1428 2020 
7276 189 1588 333 2214 
7277 164 1543 166 2346 
7278 1395 2008 1741 2096 
7279 1708 1984 663 2328 
7280 480 53 54 1592 
7281 436 1879 1315 1924 
7282 1020 1576 1329 2138 
7283 1288 222 223 1831 
7284 1373 1716 1563 2374 
7285 926 1586 1893 1897 
7286 414 413 2134 2266 
7287 1304 1854 1186 2383 
7288 219 1008 218 2375 
7289 1411 1615 2352 2367 
7290 1578 1732 1433 1868 
7291 374 373 1600 1948 
7292 141 140 1832 2068 
7293 1393 2188 1579 2323 
7294 1360 1982 1581 2101 
7295 1552 2107 1624 2381 
7296 449 1547 1888 2082 
7297 1385 1621 2166 2371 
7298 1428 1761 1801 1880 
7299 1367 1878 2099 2261 
7300 1406 1745 1739 2038 
7301 1365 1632 2120 2253 
7302 1594 1805 1517 2370 
7303 2013 2039 1783 2298 
7304 1399 1683 1808 2201 
7305 614 369 879 2083 
7306 1805 2101 1790 2318 
7307 1416 1855 1533 1883 
7308 1029 568 569 1860 
7309 1486 1664 1784 1969 
7310 1524 1783 2005 2329 
7311 1298 991 1583 1919 
7312 1201 693 946 1605 
7313 1370 1811 1973 2213 
7314 1775 2128 1636 2247 
7315 973 1890 1736 2078 
7316 1500 1732 1721 2183 
7317 1393 1931 1579 2188 
7318 669 480 54 1862 
7319 1158 1630 1048 2309 
7320 1077 1618 1105 2233 
7321 12 11 10 1619 
7322 1957 2076 1559 2168 
7323 1164 1844 119 2038 
7324 1524 1858 1783 2329 
7325 1554 1832 1603 2339 
7326 538 1781 1248 2200 
7327 1367 2099 1565 2113 
7328 1056 711 960 1546 
7329 1438 2001 1904 2114 
7330 1709 2064 1530 2281 
7331 770 739 1681 2307 
7332 403 2011 1760 2245 
7333 1305 1183 1737 2363 
7334 1422 1548 1823 2186 
7335 1049 771 1031 2289 
7336 1675 1422 1938 2265 
7337 1431 1609 2191 2244 
7338 947 1570 510 2123 
7339 1381 1712 1798 2047 
7340 314 617 313 2008 
7341 331 332 494 1791 
7342 976 681 1625 2243 
7343 1399 1814 1979 2086 
7344 1129 734 735 2076 
7345 558 580 1499 2347 
7346 1448 1650 1491 2382 
7347 1818 1455 1947 2188 
7348 1319 254 255 1882 
7349 1477 1972 1541 2001 
7350 1403 1746 1532 2155 
7351 1118 1290 1910 1994 
7352 1360 1749 1581 1982 
7353 89 1648 309 2028 
7354 1508 1944 45 2378 
7355 1429 1849 1567 1948 
7356 226 1744 5 2314 
7357 156 1723 468 2004 
7358 1389 1685 2163 2220 
7359 1751 2130 1495 2376 
7360 949 950 1340 1785 
7361 461 1224 1232 1886 
7362 1749 1970 1383 2062 
7363 1495 1911 1914 2303 
7364 205 204 206 1874 
7365 550 1996 621 2212 
7366 207 249 1848 1904 
7367 1569 2023 1842 2361 
7368 1713 1915 1457 2141 
7369 1447 1804 1727 2212 
7370 266 265 267 1798 
7371 1531 2191 1740 2294 
7372 1773 1778 1439 2271 
7373 1391 1663 2061 2244 
7374 1691 1394 1787 2291 
7375 1413 2128 1775 2247 
7376 1639 107 2175 2356 
7377 1730 1787 1394 2291 
7378 1049 2109 771 2289 
7379 681 25 1784 2243 
7380 1225 137 1123 1888 
7381 610 1960 2289 2312 
7382 1626 1802 1434 1911 
7383 1133 403 1121 2245 
7384 1699 1885 1618 2343 
7385 1365 1555 1873 2253 
7386 649 1648 536 2108 
7387 1535 1824 1640 2384 
7388 1270 80 316 2139 
7389 1014 1537 540 2205 
7390 1628 1862 1592 2345 
7391 1160 1122 1307 1685 
7392 558 101 102 1826 
7393 25 26 1784 2243 
7394 1433 2143 1780 2349 
7395 219 218 1787 2375 
7396 1433 1875 1868 2225 
7397 1600 1813 374 1948 
7398 1566 1970 1749 2062 
7399 1148 1150 1016 1826 
7400 1432 1922 1545 2042 
7401 1274 1714 552 2383 
7402 1538 1671 1665 1943 
7403 1671 2015 1943 2262 
7404 550 621 487 2212 
7405 1719 2181 1452 2264 
7406 1427 1989 1858 2183 
7407 1472 1761 1880 1993 
7408 664 960 151 2211 
7409 1426 1728 1575 2227 
7410 1472 1900 1838 1989 
7411 1100 1578 1252 2162 
7412 1106 2064 1530 2233 
7413 845 1865 1815 2327 
7414 1807 1938 1675 2277 
7415 1374 1638 2057 2228 
7416 648 1705 1275 2116 
7417 1423 1523 2232 2330 
7418 1635 1441 1797 1917 
7419 1300 1347 915 1839 
7420 1519 1741 1461 2207 
7421 1780 2143 1732 2349 
7422 1595 1898 1497 2061 
7423 1579 2188 1480 2323 
7424 316 315 740 1653 
7425 1372 1788 1671 2151 
7426 303 270 630 2171 
7427 1526 1608 1889 2209 
7428 508 1938 507 2122 
7429 1956 2301 1489 2318 
7430 538 1298 1583 2200 
7431 1835 2202 1299 2346 
7432 133 1651 132 1963 
7433 945 1046 1976 2343 
7434 830 1135 831 1955 
7435 150 520 1875 2152 
7436 378 1706 862 1990 
7437 274 1557 275 2208 
7438 1524 1712 1658 2334 
7439 279 1084 1208 2075 
7440 1674 1914 1495 2007 
7441 1276 1252 1294 1868 
7442 1741 2096 1461 2207 
7443 1838 1997 1437 2236 
7444 1525 1439 1863 1975 
7445 1415 2023 2216 2217 
7446 939 1707 2198 2231 
7447 1504 1647 1619 2009 
7448 1807 1938 1422 2265 
7449 1510 1881 1702 2348 
7450 1379 1993 1616 2372 
7451 1401 1788 1851 2262 
7452 1392 1518 1954 2237 
7453 1211 1338 2139 2250 
7454 1532 1764 1440 2111 
7455 78 957 1650 1908 
7456 794 1176 1955 2196 
7457 1809 1496 2054 2316 
7458 1543 2090 1835 2202 
7459 1384 1834 2046 2379 
7460 1562 1923 1845 2201 
7461 21 517 2047 2292 
7462 41 1563 1018 2097 
7463 1542 1425 1825 1981 
7464 796 726 242 1722 
7465 966 635 578 2037 
7466 1117 1662 1113 1847 
7467 1534 2119 1949 2176 
7468 675 1113 1117 1662 
7469 1909 1699 2246 2343 
7470 975 1306 1890 2078 
7471 716 764 715 2239 
7472 1366 1838 1595 2013 
7473 1819 1930 572 2017 
7474 1391 2071 1639 2244 
7475 1096 1728 1242 1902 
7476 1718 1456 2217 2361 
7477 322 324 323 2292 
7478 1469 1837 1811 1973 
7479 901 902 1341 1777 
7480 1260 4 228 1988 
7481 1434 1802 1934 2376 
7482 517 1711 20 2047 
7483 1619 1504 2321 2359 
7484 1661 1874 1438 2048 
7485 1515 2010 1388 2024 
7486 1431 1692 1838 2337 
7487 11 75 74 1619 
7488 1850 1928 1464 2329 
7489 1278 3 1714 2066 
7490 1391 1898 1595 2061 
7491 1082 1755 1795 2280 
7492 707 1752 706 2192 
7493 991 1919 990 2020 
7494 1423 1826 1927 2232 
7495 1481 1564 2045 2352 
7496 1427 1745 1524 2252 
7497 563 2119 1895 2344 
7498 1422 1866 1675 2098 
7499 920 1051 1094 1713 
7500 1385 1736 1890 2078 
7501 1711 2047 517 2292 
7502 932 868 888 1707 
7503 738 827 362 1681 
7504 2002 2018 1441 2170 
7505 2118 2165 1710 2374 
7506 579 1622 1173 2161 
7507 1389 2163 1642 2220 
7508 859 257 860 1751 
7509 1073 1785 1072 1937 
7510 1287 1857 1816 2146 
7511 1140 119 1102 1844 
7512 1559 1437 1997 2028 
7513 1256 460 1886 1986 
7514 954 953 952 1821 
7515 1270 316 1211 2139 
7516 1433 1828 1875 2225 
7517 1049 1212 757 2109 
7518 1484 1875 1907 2054 
7519 1834 2190 2046 2379 
7520 1987 2082 1493 2215 
7521 1444 1498 1869 1881 
7522 152 1776 22 2302 
7523 865 866 819 2043 
7524 1563 2181 1719 2264 
7525 400 1897 1695 2127 
7526 1157 1245 1901 2309 
7527 557 1954 1747 2056 
7528 1274 1273 1714 1833 
7529 189 333 334 2214 
7530 131 1963 844 2305 
7531 1091 1633 1750 2304 
7532 490 1758 1065 2223 
7533 397 943 1228 1643 
7534 1411 1619 2009 2321 
7535 949 1785 1073 2133 
7536 1722 1865 565 2327 
7537 1320 1738 1311 2363 
7538 708 308 1696 2174 
7539 1424 1471 1839 2081 
7540 1007 1709 1723 2064 
7541 982 1624 1351 1985 
7542 1411 1564 2041 2352 
7543 76 1920 2226 2356 
7544 295 1919 294 2302 
7545 400 821 1695 1897 
7546 1259 1167 1238 1705 
7547 1510 1444 2046 2190 
7548 1689 1893 1586 1946 
7549 1014 1221 540 1537 
7550 1406 1643 1844 2027 
7551 417 319 1841 2117 
7552 1736 1853 1449 2290 
7553 1597 1467 2070 2159 
7554 1179 1832 1041 1966 
7555 1449 1746 2016 2155 
7556 219 1112 1008 2375 
7557 1436 1894 1774 2088 
7558 1433 1732 2143 2349 
7559 1551 1859 2190 2379 
7560 1218 1577 2007 2130 
7561 1572 369 2083 2276 
7562 1530 2015 1401 2281 
7563 1435 1537 2003 2133 
7564 313 617 431 1742 
7565 2023 1569 2217 2361 
7566 1033 1754 81 2200 
7567 1446 1779 1978 2142 
7568 502 1869 1687 2208 
7569 1583 1386 1781 2200 
7570 1753 2224 1828 2349 
7571 48 207 249 1848 
7572 1538 1734 1632 2015 
7573 1582 1742 1452 2144 
7574 793 1955 1771 2287 
7575 1444 1869 1687 1881 
7576 1509 1563 2097 2374 
7577 1110 701 911 1843 
7578 892 1864 1693 1974 
7579 594 1742 654 2144 
7580 180 292 290 1670 
7581 1142 829 1929 2193 
7582 1466 2018 1797 2102 
7583 130 97 1599 1966 
7584 1420 1893 1800 1952 
7585 233 276 274 1557 
7586 608 1713 1297 1915 
7587 947 962 510 1570 
7588 1454 1611 1842 2135 
7589 1436 1774 1673 1840 
7590 1109 2022 370 2276 
7591 254 439 2007 2130 
7592 918 1816 1684 2221 
7593 535 928 534 1918 
7594 1785 2133 950 2223 
7595 1111 968 353 1952 
7596 1432 1706 1705 2017 
7597 1257 1807 508 1986 
7598 787 1260 1930 1988 
7599 1411 2041 1564 2380 
7600 1480 2188 1579 2210 
7601 981 1194 707 2192 
7602 1947 2163 1685 2220 
7603 1996 2029 1447 2212 
7604 109 107 1682 2175 
7605 1482 1807 1986 2186 
7606 367 549 434 1610 
7607 1564 1780 1753 1828 
7608 1753 1892 1478 2224 
7609 1520 1423 1836 1877 
7610 1358 2362 1522 2367 
7611 675 1784 1662 2049 
7612 1399 1814 1969 1979 
7613 1396 1795 1843 2256 
7614 1401 2241 1562 2262 
7615 1586 1388 1897 2127 
7616 529 1817 1654 2085 
7617 1534 1949 1766 2176 
7618 1589 2026 1756 2053 
7619 1393 2323 1579 2351 
7620 1541 1438 1904 2094 
7621 1044 1879 1264 1924 
7622 442 822 444 1536 
7623 86 29 88 1939 
7624 1478 1892 1919 2302 
7625 1404 2032 1631 2381 
7626 1069 706 707 1752 
7627 1411 2352 1794 2367 
7628 1119 2245 1121 2386 
7629 1526 1979 1702 2348 
7630 1413 1811 1837 1973 
7631 1070 795 226 2079 
7632 1418 1833 1628 1884 
7633 583 426 2051 2112 
7634 1316 957 1055 1650 
7635 1368 1580 1934 2376 
7636 1646 1865 956 2203 
7637 1384 1759 1608 2207 
7638 1391 1740 2191 2294 
7639 1769 1953 1477 2077 
7640 1658 1381 1712 1798 
7641 416 1628 38 2320 
7642 1499 1927 1826 2232 
7643 26 25 27 2243 
7644 1436 1738 1657 1840 
7645 1783 2013 1427 2039 
7646 832 769 56 1949 
7647 1700 1416 1738 2386 
7648 1675 2265 1807 2277 
7649 332 375 495 1600 
7650 1406 1606 1732 2159 
7651 1671 2092 1550 2173 
7652 1703 1878 1565 2113 
7653 1653 1754 1490 2250 
7654 1421 1638 1697 2090 
7655 1576 1980 2040 2268 
7656 1433 2054 1780 2143 
7657 247 60 935 2263 
7658 1470 1777 1653 2149 
7659 1454 1842 1611 1961 
7660 457 458 939 2198 
7661 34 1017 1016 1717 
7662 1011 1935 1009 2134 
7663 780 1636 1775 2128 
7664 1645 1853 1377 2016 
7665 1172 1688 190 1977 
7666 459 672 1017 1717 
7667 1385 1782 1656 1870 
7668 1358 1642 1756 2355 
7669 688 726 784 1722 
7670 1226 1960 2234 2315 
7671 927 1047 1131 2126 
7672 1028 387 1951 2277 
7673 788 1622 381 2248 
7674 457 1707 2148 2198 
7675 1460 1845 1923 2201 
7676 417 318 319 2117 
7677 1653 1386 2149 2369 
7678 1445 2131 1947 2324 
7679 739 625 1681 2332 
7680 900 583 210 2112 
7681 1557 1933 275 2208 
7682 680 26 94 1784 
7683 1526 2209 1979 2348 
7684 1552 2032 1752 2381 
7685 1758 2057 1491 2090 
7686 1657 1738 1436 2245 
7687 1399 1769 2086 2187 
7688 666 594 654 2144 
7689 1695 1897 1388 2127 
7690 616 516 665 1996 
7691 1417 1516 1941 2021 
7692 1505 2107 1752 2381 
7693 486 1764 67 2111 
7694 1625 1680 1419 2049 
7695 680 1113 675 1784 
7696 1411 1823 1615 2367 
7697 573 399 1819 2154 
7698 1069 1752 455 2000 
7699 710 1028 1951 2277 
7700 563 521 653 1623 
7701 1657 1436 1840 2088 
7702 1581 1786 1403 2180 
7703 1839 1991 1471 2285 
7704 1393 1818 1947 2188 
7705 249 174 1848 1904 
7706 1531 1451 1898 2294 
7707 819 1635 817 2043 
7708 992 1001 969 1913 
7709 1375 2186 1823 2299 
7710 88 1660 29 2319 
7711 1562 2241 1851 2262 
7712 1398 1817 1654 2370 
7713 1427 1783 1858 2013 
7714 1921 2160 1579 2323 
7715 1460 2203 1909 2286 
7716 1717 2232 1598 2347 
7717 1394 1688 2291 2336 
7718 22 1776 601 1813 
7719 569 1860 568 2275 
7720 1489 1799 1645 2301 
7721 440 1580 64 2177 
7722 1521 2124 1652 2219 
7723 153 960 711 1546 
7724 108 144 1285 1639 
7725 1783 1430 2005 2329 
7726 946 1605 693 2100 
7727 1648 1997 1437 2028 
7728 1147 1731 1146 2276 
7729 1880 1993 1801 2236 
7730 1428 1801 1761 1993 
7731 1797 1871 1466 2102 
7732 1392 2237 1540 2273 
7733 1398 2002 1575 2257 
7734 1634 1968 1409 2010 
7735 521 559 1623 1933 
7736 440 2130 1580 2177 
7737 904 1915 1829 2287 
7738 1494 1882 1831 2303 
7739 608 1297 607 1915 
7740 981 2107 1194 2192 
7741 1031 805 1123 1672 
7742 1702 1979 1526 2086 
7743 1417 2254 1665 2308 
7744 1336 1319 1345 1882 
7745 1618 1709 1530 2281 
7746 1682 2175 107 2356 
7747 385 1609 386 2014 
7748 1411 2009 1794 2321 
7749 1403 1786 1581 2238 
7750 1684 1690 1515 2138 
7751 803 107 1639 2356 
7752 1649 2210 1548 2299 
7753 1480 2210 1649 2299 
7754 1421 1835 2090 2202 
7755 1530 1962 1038 2073 
7756 1226 2234 1520 2315 
7757 871 799 870 1974 
7758 1372 1834 1671 2092 
7759 167 1723 156 1877 
7760 1443 1766 1949 2176 
7761 785 268 1637 2205 
7762 1774 1840 1436 2088 
7763 1507 1819 1897 2199 
7764 1538 1943 2015 2262 
7765 1783 1858 1430 2329 
7766 1121 2245 1760 2386 
7767 1706 1416 2110 2386 
7768 1538 1671 1943 2262 
7769 221 390 223 1831 
7770 1104 1572 2060 2276 
7771 1584 1836 1746 2180 
7772 532 1692 2193 2360 
7773 570 814 702 1629 
7774 590 1746 591 1918 
7775 430 252 250 1804 
7776 1398 2085 1763 2296 
7777 155 1225 1123 1672 
7778 116 1636 780 2128 
7779 1635 2043 1568 2102 
7780 1152 976 1625 2060 
7781 1477 1610 2001 2187 
7782 864 770 1607 2307 
7783 91 89 309 2028 
7784 1801 1880 1761 1993 
7785 1638 1491 2057 2090 
7786 1815 1865 1646 2241 
7787 1508 1661 2036 2059 
7788 71 1033 73 1781 
7789 417 1841 318 2117 
7790 1425 1561 1981 2052 
7791 537 990 721 1659 
7792 253 1674 1288 1831 
7793 1764 1799 1473 2301 
7794 1135 1821 1134 1955 
7795 1357 1613 1697 1968 
7796 1838 1989 1595 2013 
7797 1627 2165 2118 2374 
7798 1388 1586 1897 2325 
7799 599 1758 598 1835 
7800 1476 1699 1618 2343 
7801 1399 1555 1845 1979 
7802 1211 740 1210 2250 
7803 1401 1699 1646 1885 
7804 1752 2107 1552 2381 
7805 1527 1974 700 2195 
7806 709 773 1974 2195 
7807 1548 2186 1649 2299 
7808 1361 1778 1773 1928 
7809 1631 2032 1925 2105 
7810 940 861 961 2198 
7811 674 812 1170 1662 
7812 659 1082 789 1755 
7813 50 1912 1655 2202 
7814 117 388 116 1916 
7815 1600 1829 1457 1849 
7816 1364 2153 1759 2348 
7817 34 1017 1717 2132 
7818 963 867 509 1570 
7819 1364 1830 1759 2114 
7820 101 1723 167 1877 
7821 18 109 107 1682 
7822 772 752 850 1582 
7823 1402 1596 1792 2182 
7824 322 1711 324 2292 
7825 1639 2014 803 2356 
7826 400 821 399 1695 
7827 1360 2101 1581 2238 
7828 1447 2029 1551 2379 
7829 1331 1075 1332 2345 
7830 1402 1831 1674 2303 
7831 786 785 268 1637 
7832 809 2322 1700 2365 
7833 1551 1933 356 2344 
7834 1185 776 775 2056 
7835 1360 1790 2101 2318 
7836 1485 1980 1765 2040 
7837 1631 1505 2041 2321 
7838 868 1766 1707 1965 
7839 754 1309 1789 2205 
7840 1294 1868 150 2225 
7841 725 38 416 1628 
7842 1719 2021 1563 2264 
7843 766 765 767 2040 
7844 1452 2144 1864 2181 
7845 359 926 1897 2127 
7846 1823 2186 1548 2299 
7847 1352 979 1351 2292 
7848 798 112 1733 1843 
7849 723 241 549 2259 
7850 1816 2221 919 2335 
7851 458 457 459 2148 
7852 1416 1706 1855 1883 
7853 1542 1981 1825 2164 
7854 355 1551 424 2029 
7855 662 1984 960 2211 
7856 1685 1936 1748 2163 
7857 1711 1907 1496 2292 
7858 793 1292 792 2287 
7859 1401 1885 1644 2233 
7860 1128 1130 1016 1826 
7861 1687 2117 688 2327 
7862 1511 1896 1435 1937 
7863 14 1148 102 1826 
7864 1417 1686 1665 2338 
7865 1416 1840 1673 1870 
7866 713 732 600 1835 
7867 424 1551 356 2344 
7868 1373 2021 1666 2338 
7869 788 1079 381 1622 
7870 1186 16 17 2226 
7871 1492 1815 1557 2282 
7872 1460 1683 1845 2201 
7873 913 983 933 1693 
7874 1395 1519 2156 2207 
7875 1373 2165 1627 2374 
7876 54 1592 55 2047 
7877 1434 1911 1802 2376 
7878 914 2230 2282 2341 
7879 584 1716 1043 2112 
7880 494 721 331 1659 
7881 679 239 1669 1975 
7882 712 1727 2231 2283 
7883 580 1006 169 1962 
7884 1536 1828 1708 1875 
7885 1444 1498 1881 2153 
7886 1515 1857 1684 2127 
7887 940 1604 861 2198 
7888 1112 219 1330 2138 
7889 1427 2039 1777 2297 
7890 579 1079 1173 1622 
7891 314 1741 617 2008 
7892 976 25 681 2243 
7893 1359 2160 1921 2323 
7894 1422 1872 1546 1938 
7895 1461 1874 1661 2048 
7896 1366 1595 1898 2013 
7897 1397 1671 1943 2173 
7898 1106 1038 326 2233 
7899 78 79 1908 2080 
7900 281 251 280 2353 
7901 331 23 332 1813 
7902 794 1176 793 1955 
7903 1425 1755 1999 2248 
7904 1661 1874 1461 1959 
7905 1318 747 1810 2306 
7906 1613 1968 1634 2010 
7907 1406 1844 1739 2027 
7908 132 1963 1651 2214 
7909 1245 1215 1901 2206 
7910 1425 1981 1542 2052 
7911 1632 1923 1699 2246 
7912 1433 1732 1578 2143 
7913 803 2014 1639 2071 
7914 1484 1910 2288 2380 
7915 1101 2221 2044 2313 
7916 1567 1429 1948 2006 
7917 1134 1771 1292 1955 
7918 1137 1209 2005 2075 
7919 1383 1605 2062 2387 
7920 1519 2207 1959 2279 
7921 1261 1748 657 1936 
7922 504 2106 1616 2174 
7923 1406 1732 1643 2159 
7924 1412 1620 2115 2330 
7925 213 290 236 1874 
7926 1688 1730 1513 2333 
7927 1190 916 987 1789 
7928 1134 1771 1955 2091 
7929 1392 1518 2237 2371 
7930 591 590 589 1746 
7931 1517 1654 1817 2370 
7932 1151 1257 508 1986 
7933 1367 1878 1565 2099 
7934 154 1859 1694 2036 
7935 1705 1706 1440 2116 
7936 457 2148 458 2198 
7937 1407 2145 1617 2318 
7938 1050 1335 1307 1936 
7939 235 311 1661 1874 
7940 1267 1265 1060 2129 
7941 965 1194 177 2107 
7942 706 1752 1069 2359 
7943 1739 2027 783 2139 
7944 1626 1802 1698 2219 
7945 107 108 1639 2175 
7946 1907 2054 1496 2316 
7947 812 209 1170 1744 
7948 1426 1575 1728 2257 
7949 688 462 1687 2327 
7950 52 1917 1655 2129 
7951 378 1990 377 2017 
7952 1527 1607 1974 2195 
7953 859 1336 1765 1882 
7954 828 935 1769 1967 
7955 1382 1872 1708 1984 
7956 636 724 653 1623 
7957 1642 1726 1455 2131 
7958 1106 1038 1530 2064 
7959 513 1895 484 2029 
7960 1398 1601 1903 2058 
7961 1531 2189 1740 2191 
7962 1237 441 860 2130 
7963 1519 1772 2156 2353 
7964 1486 1784 1625 1873 
7965 1403 1645 1799 2301 
7966 1634 1968 1613 2095 
7967 1398 1654 2085 2296 
7968 1722 1841 1462 2278 
7969 1705 2042 1545 2206 
7970 1388 1897 2199 2325 
7971 360 1684 392 1857 
7972 793 1771 1292 2287 
7973 888 986 671 2121 
7974 352 959 626 1689 
7975 969 651 1812 1941 
7976 1606 1880 1467 2369 
7977 1610 2077 1462 2187 
7978 565 1865 564 2327 
7979 1370 1894 1585 2213 
7980 87 2298 1497 2319 
7981 1413 1558 1820 2128 
7982 95 1953 1664 1967 
7983 973 1199 975 2078 
7984 1631 1481 1925 2357 
7985 1360 1641 1790 2318 
7986 310 2036 1661 2059 
7987 1091 1633 1067 2132 
7988 490 1065 1066 2223 
7989 1581 2016 1520 2180 
7990 1432 1930 1819 2017 
7991 1143 2076 1037 2197 
7992 1545 1796 1453 1988 
7993 1548 1422 1866 2265 
7994 1416 1706 1760 2386 
7995 411 1131 1827 2304 
7996 1604 1913 1417 2254 
7997 1461 1741 2008 2096 
7998 1370 1811 1774 2088 
7999 1331 38 1075 1628 
8000 1626 1921 1359 2093 
8001 918 392 393 1684 
8002 18 76 1682 2356 
8003 1426 1902 1605 2062 
8004 1627 1779 1419 2342 
8005 1628 1833 1464 2345 
8006 1544 1631 1925 2357 
8007 1431 2191 1793 2244 
8008 1773 1525 1863 1981 
8009 528 1654 1258 1952 
8010 2002 2018 1903 2296 
8011 1461 2008 1715 2096 
8012 1600 1849 1457 2220 
8013 713 600 714 2366 
8014 23 295 22 1813 
8015 1828 1875 1536 2380 
8016 914 2230 575 2282 
8017 609 2077 1769 2259 
8018 899 1674 253 2007 
8019 1588 2011 1894 2333 
8020 1372 1851 1788 2151 
8021 1463 2053 2026 2249 
8022 1378 1946 1871 2102 
8023 1613 1409 1968 2010 
8024 1612 2134 413 2266 
8025 1415 1612 1810 2266 
8026 159 2307 1679 2358 
8027 1155 470 86 1939 
8028 1433 2143 1578 2152 
8029 1574 1482 1986 2186 
8030 1645 1853 1591 2331 
8031 46 1859 154 2036 
8032 591 67 534 1918 
8033 520 1907 1875 2152 
8034 1359 1569 2093 2284 
8035 1464 1833 1628 2271 
8036 817 1635 1177 2043 
8037 323 1024 884 2316 
8038 953 1134 1135 1821 
8039 1321 859 1336 1765 
8040 353 351 511 1824 
8041 1601 1903 2018 2296 
8042 1096 1728 1902 2227 
8043 4 230 228 1796 
8044 145 465 2134 2169 
8045 581 671 2121 2347 
8046 1683 1845 1486 1876 
8047 78 77 79 2080 
8048 1321 474 1765 2040 
8049 1761 1880 1428 1892 
8050 156 469 1225 2082 
8051 1545 1867 1473 1956 
8052 1113 1784 680 1847 
8053 1436 1894 1588 2011 
8054 1399 2086 1702 2187 
8055 1511 2221 1816 2335 
8056 1289 338 336 2103 
8057 1018 1088 620 2097 
8058 1555 2120 1856 2165 
8059 1652 2134 2124 2169 
8060 112 302 1733 1932 
8061 1124 694 1105 2100 
8062 1518 1737 1890 2371 
8063 1471 1991 1839 2081 
8064 1675 1938 200 2277 
8065 808 1621 974 1890 
8066 1458 1720 1580 2177 
8067 501 364 1769 1953 
8068 203 1646 1885 2341 
8069 1369 2030 1666 2115 
8070 1437 1993 1696 2372 
8071 1752 2000 1069 2359 
8072 389 1063 388 1916 
8073 1400 1514 1842 2023 
8074 1774 1811 1571 2273 
8075 800 1586 926 2127 
8076 1007 1145 467 1709 
8077 1478 1813 1659 2035 
8078 1380 1743 2235 2264 
8079 101 169 167 1723 
8080 1521 2204 1886 2222 
8081 1402 1587 1914 2182 
8082 1366 1838 1757 1997 
8083 1397 1943 1665 2173 
8084 1803 1835 1421 1912 
8085 356 355 216 1859 
8086 1484 1907 1875 2316 
8087 1467 1880 1606 2159 
8088 1536 1708 1872 1984 
8089 1437 1801 1696 1993 
8090 2021 2251 1560 2264 
8091 462 502 445 1687 
8092 961 2198 861 2231 
8093 1643 2070 1597 2242 
8094 1177 166 1178 1917 
8095 1441 2043 1635 2102 
8096 958 953 954 2091 
8097 1235 1096 1242 1902 
8098 1455 1726 1642 2362 
8099 356 424 355 1551 
8100 1654 1800 1420 2058 
8101 193 2080 192 2366 
8102 1435 1537 2133 2270 
8103 1586 1893 1689 2385 
8104 367 1610 434 2184 
8105 1520 2234 1960 2315 
8106 1083 183 184 1549 
8107 326 1105 1106 2233 
8108 1902 1987 1605 2062 
8109 1601 1466 1871 2102 
8110 1453 2079 1988 2314 
8111 1588 1688 2011 2333 
8112 151 2211 1667 2328 
8113 1335 1261 657 1936 
8114 1288 1674 1289 1852 
8115 841 840 16 1854 
8116 1450 1664 2218 2358 
8117 1447 1534 1996 2092 
8118 1424 1789 1537 2270 
8119 1658 1712 1381 2334 
8120 1652 1400 1879 1971 
8121 1599 2337 1898 2339 
8122 546 1652 1971 2194 
8123 1386 1583 1801 1880 
8124 597 2038 1658 2162 
8125 1399 1845 1683 2201 
8126 1992 2081 1602 2178 
8127 1418 1833 1884 2383 
8128 1641 2145 1790 2318 
8129 609 2259 1769 2263 
8130 946 1976 1605 2100 
8131 1434 1934 1802 2124 
8132 480 725 53 2345 
8133 1041 1832 1058 1966 
8134 392 360 394 1684 
8135 536 1781 538 2020 
8136 1412 1666 1995 2115 
8137 1357 1613 1968 2095 
8138 1531 1599 2193 2337 
8139 987 1789 916 1991 
8140 227 1800 226 1988 
8141 511 819 1111 1568 
8142 374 373 375 1600 
8143 1396 1843 1629 2150 
8144 1632 2015 1734 2281 
8145 1377 1547 1888 2170 
8146 1610 2069 434 2184 
8147 1652 1434 2124 2134 
8148 1691 2306 1456 2311 
8149 1687 2063 1557 2208 
8150 1592 1985 979 2292 
8151 516 1895 563 2119 
8152 529 1654 528 2085 
8153 1218 262 260 1577 
8154 1059 1090 1941 2304 
8155 467 1709 694 2004 
8156 1431 1838 1595 2337 
8157 1673 1894 1436 2333 
8158 1463 2026 1696 2249 
8159 709 1770 592 2195 
8160 1337 2250 1338 2297 
8161 1775 2087 1747 2368 
8162 1175 444 806 1725 
8163 492 1808 493 2263 
8164 1111 1568 866 2085 
8165 1453 1796 1545 1956 
8166 1284 1258 1254 1800 
8167 1707 2231 1397 2254 
8168 968 1952 1111 2085 
8169 1575 2002 1728 2257 
8170 1228 1229 1181 2225 
8171 1027 1026 1025 1810 
8172 1444 1557 1933 2190 
8173 802 2014 803 2071 
8174 424 2029 1551 2344 
8175 1646 1699 1460 2203 
8176 1040 1966 422 2350 
8177 1377 1903 1678 2018 
8178 1757 1989 1838 2013 
8179 1548 2186 1422 2265 
8180 538 1248 1298 2200 
8181 521 1933 1623 2344 
8182 1486 1876 1845 2295 
8183 1504 2169 1348 2359 
8184 1428 1659 2020 2249 
8185 626 1689 1893 2385 
8186 1278 1714 1273 1850 
8187 1797 2018 1441 2102 
8188 824 1815 737 2327 
8189 1853 2104 1591 2331 
8190 188 1977 2147 2311 
8191 1101 889 919 2221 
8192 1550 1834 1447 2125 
8193 54 55 21 2047 
8194 1625 1419 1779 2342 
8195 1604 2231 1707 2254 
8196 383 382 1904 2184 
8197 1719 2144 1452 2181 
8198 535 1630 1048 2126 
8199 1514 1906 1651 2214 
8200 334 1253 132 1963 
8201 57 58 856 2119 
8202 1386 1653 2149 2274 
8203 1371 1931 1849 2210 
8204 1423 1786 1581 2180 
8205 1366 1757 1838 2013 
8206 1071 1073 1072 1937 
8207 1447 1895 1534 2092 
8208 1447 1534 1895 1996 
8209 2231 2283 1727 2308 
8210 1466 1601 2018 2102 
8211 702 570 1629 2275 
8212 21 324 517 2292 
8213 1575 1763 1728 2002 
8214 904 606 1829 1915 
8215 1530 2073 1038 2233 
8216 130 97 69 1599 
8217 341 506 211 1741 
8218 1329 1576 1343 2221 
8219 1576 1329 2138 2221 
8220 191 1770 547 2012 
8221 69 1966 1599 2019 
8222 1447 1996 1727 2092 
8223 782 783 2027 2139 
8224 17 16 18 2226 
8225 580 1962 1499 2347 
8226 877 2083 1046 2343 
8227 1370 1774 1585 1894 
8228 1378 1871 1797 2102 
8229 1280 1659 990 1919 
8230 1855 1883 1432 2199 
8231 1498 1687 1881 2117 
8232 1064 1887 1327 2223 
8233 940 853 861 1604 
8234 1446 1978 1572 2142 
8235 1027 1612 413 2266 
8236 1581 1982 1678 2101 
8237 1379 1900 1561 2052 
8238 407 763 1750 2126 
8239 1357 1968 1634 2095 
8240 942 1158 1048 2309 
8241 1498 1444 1869 2153 
8242 920 786 269 1762 
8243 1479 1539 2255 2287 
8244 1365 1779 1566 2253 
8245 435 437 436 2147 
8246 935 60 1769 2263 
8247 561 1042 1735 2112 
8248 1046 878 1976 2083 
8249 1391 1609 2071 2244 
8250 822 148 1875 2225 
8251 646 1724 488 1991 
8252 1304 1186 1884 2383 
8253 522 524 523 2089 
8254 1339 1932 505 2364 
8255 428 283 321 2208 
8256 1050 1307 1685 1936 
8257 426 1735 560 2051 
8258 775 776 557 2056 
8259 1404 2000 1752 2321 
8260 989 1179 1233 2055 
8261 1223 132 271 1651 
8262 1397 1671 2092 2176 
8263 1778 1858 1721 2334 
8264 648 1166 1275 1705 
8265 1214 1902 1234 2082 
8266 99 1118 1290 1910 
8267 1223 271 272 1906 
8268 1425 1925 1561 2052 
8269 791 717 972 1891 
8270 1441 1635 1797 2102 
8271 1759 2153 2046 2348 
8272 378 376 1166 2017 
8273 1444 1859 2046 2190 
8274 501 363 364 1953 
8275 1583 1428 1892 1919 
8276 11 1127 75 1994 
8277 1519 2156 1804 2353 
8278 897 1625 976 2049 
8279 1223 132 1651 2214 
8280 1520 2016 1581 2215 
8281 1279 1706 648 2110 
8282 337 338 349 2103 
8283 828 1769 364 1967 
8284 1700 2110 65 2111 
8285 343 335 183 2184 
8286 490 1066 489 2223 
8287 426 560 230 2051 
8288 1153 1625 2060 2243 
8289 1134 1955 1821 2091 
8290 1645 1799 1591 2155 
8291 407 763 762 1750 
8292 221 1593 1163 2313 
8293 1447 1996 1895 2029 
8294 567 1740 978 1945 
8295 577 1556 1964 2230 
8296 1702 2086 1526 2187 
8297 590 761 760 1746 
8298 692 693 1605 2100 
8299 1436 1894 2011 2333 
8300 1432 1545 1922 1930 
8301 130 1599 69 1966 
8302 1847 2218 1664 2358 
8303 1845 1876 1683 2295 
8304 387 448 1217 1916 
8305 1299 1178 164 1917 
8306 563 1623 653 2119 
8307 1383 2062 1566 2387 
8308 789 1255 788 1755 
8309 1411 1794 1823 2367 
8310 696 1125 554 2386 
8311 499 1908 1724 2285 
8312 736 1957 35 2168 
8313 154 1694 134 2036 
8314 87 637 638 2298 
8315 1429 1861 1668 2035 
8316 55 2047 1592 2292 
8317 1318 1765 474 2306 
8318 1475 2103 1674 2182 
8319 134 194 121 1694 
8320 1593 1435 2003 2313 
8321 1435 2133 1785 2269 
8322 1570 1939 1660 2123 
8323 1543 2202 1835 2346 
8324 1451 1531 1898 2019 
8325 55 1592 53 2292 
8326 245 143 244 1806 
8327 737 1815 232 2327 
8328 1267 1239 1265 2043 
8329 1428 1993 1761 2026 
8330 49 207 48 2059 
8331 1411 1823 1794 2009 
8332 677 519 1715 2195 
8333 1643 2159 1732 2349 
8334 1104 369 1572 2276 
8335 1474 1717 1598 2148 
8336 484 1895 616 1996 
8337 1753 1828 1780 2349 
8338 887 1347 608 1915 
8339 1588 1894 1688 2333 
8340 1443 1788 1644 2015 
8341 1493 1723 2004 2260 
8342 1067 1633 1059 1913 
8343 692 694 693 2100 
8344 34 1016 1150 2258 
8345 1792 2072 1424 2270 
8346 1655 1797 1441 1917 
8347 702 814 111 1629 
8348 1539 1829 1567 2317 
8349 128 129 964 2174 
8350 1337 1739 263 2139 
8351 1277 1210 740 1653 
8352 1762 1947 1445 2137 
8353 1357 1634 1673 2095 
8354 563 1895 512 2344 
8355 1010 1935 1011 2169 
8356 1627 1405 1873 2342 
8357 1531 2193 1929 2337 
8358 1461 1959 1519 2207 
8359 570 814 1629 2275 
8360 1690 1787 1515 2138 
8361 861 2198 1604 2231 
8362 1414 1865 1815 2241 
8363 1402 1914 1674 2182 
8364 893 1164 895 2162 
8365 1526 2187 1830 2348 
8366 1014 1789 951 2133 
8367 651 1940 1812 1941 
8368 1119 1738 2245 2386 
8369 1604 1397 2231 2254 
8370 1073 949 1340 1785 
8371 1620 1927 1369 2232 
8372 1619 1767 1411 1994 
8373 1752 2032 1552 2161 
8374 996 1142 1036 1929 
8375 1437 2174 1616 2372 
8376 49 204 205 2059 
8377 1603 1832 1554 2068 
8378 1258 1254 1800 2079 
8379 1444 1933 1551 2190 
8380 1932 1936 995 2267 
8381 1133 1253 1963 2245 
8382 1794 2009 1823 2367 
8383 1430 1928 1850 2329 
8384 1590 1912 1803 2167 
8385 521 559 636 1623 
8386 243 59 796 2259 
8387 748 220 838 1691 
8388 712 683 682 2283 
8389 794 793 792 2287 
8390 2000 1752 2321 2359 
8391 2125 2156 1686 2308 
8392 496 341 286 1741 
8393 504 814 964 1616 
8394 1424 1839 1991 2081 
8395 788 2179 1622 2248 
8396 526 527 1730 2291 
8397 1403 1645 2016 2155 
8398 1846 2029 344 2212 
8399 1429 1600 1849 1948 
8400 1586 2010 1388 2127 
8401 1410 1573 1785 1896 
8402 208 206 237 2094 
8403 655 1727 621 1996 
8404 843 1305 2056 2363 
8405 1215 1867 1901 2206 
8406 21 2047 55 2292 
8407 1421 1797 1655 2202 
8408 356 283 428 1933 
8409 94 1664 813 1847 
8410 1387 1770 1670 2012 
8411 754 1014 540 2205 
8412 956 1865 483 2203 
8413 1499 1530 1962 2064 
8414 1356 1979 1526 2209 
8415 118 119 1140 1739 
8416 681 976 1625 2049 
8417 827 758 1953 2358 
8418 1451 1531 2019 2294 
8419 528 1213 1258 1654 
8420 1371 1866 1548 2210 
8421 1665 1943 1671 2173 
8422 1683 1876 246 2286 
8423 423 445 418 1869 
8424 392 1684 918 1857 
8425 1552 1425 2032 2105 
8426 287 1224 289 2194 
8427 424 1895 2029 2344 
8428 1414 1851 1815 2063 
8429 1378 1797 1635 2102 
8430 979 55 53 2292 
8431 1631 1505 2321 2381 
8432 1423 2232 1927 2330 
8433 925 390 1593 2044 
8434 769 516 56 2119 
8435 97 2168 36 2360 
8436 754 1537 1014 2205 
8437 1481 2352 2045 2357 
8438 339 816 340 2181 
8439 1372 2092 1671 2176 
8440 1321 1019 474 2040 
8441 974 808 1191 1621 
8442 1390 1698 1649 2222 
8443 1579 1729 1408 2160 
8444 1451 2019 1898 2339 
8445 984 985 798 1733 
8446 840 841 1220 1854 
8447 1091 762 1092 1750 
8448 1109 1107 370 2022 
8449 1569 1469 1878 2213 
8450 1527 2008 1742 2235 
8451 1506 1999 1860 2052 
8452 42 43 1864 2181 
8453 1473 2116 1764 2309 
8454 1658 1798 595 2162 
8455 510 962 509 1570 
8456 1439 1628 1985 2320 
8457 1639 1682 1442 2356 
8458 1397 2231 1727 2308 
8459 1738 1760 1436 2245 
8460 1696 1801 2108 2249 
8461 816 971 340 1719 
8462 1292 1771 793 1955 
8463 1401 1562 1923 2262 
8464 509 962 963 1570 
8465 896 1586 800 2385 
8466 107 18 1682 2356 
8467 1100 1252 894 2162 
8468 95 94 26 1664 
8469 1423 1927 1620 2330 
8470 477 1136 2068 2076 
8471 863 159 852 2307 
8472 16 1186 841 1854 
8473 780 116 1062 1636 
8474 207 205 208 2094 
8475 1802 2124 1375 2219 
8476 1673 1870 1840 2229 
8477 1478 1776 1667 2302 
8478 1426 1987 1902 2062 
8479 1656 1870 1840 2371 
8480 1467 2027 2159 2185 
8481 1382 1872 1546 2098 
8482 991 1583 1919 2020 
8483 70 515 2019 2193 
8484 213 236 212 1874 
8485 1010 1348 453 2000 
8486 1712 1862 1464 2075 
8487 1931 1947 1455 2188 
8488 1297 608 1300 1713 
8489 613 1909 614 2083 
8490 1514 1400 1879 2023 
8491 1454 1961 1611 2247 
8492 1433 1907 1875 2054 
8493 452 513 484 2029 
8494 385 386 802 2014 
8495 50 1655 350 2129 
8496 1423 1826 1877 2260 
8497 1469 1973 1569 2284 
8498 1484 2054 1907 2316 
8499 1845 1873 1555 1969 
8500 1686 2125 1550 2156 
8501 1454 1677 1676 2354 
8502 1644 2015 1530 2073 
8503 36 97 346 2168 
8504 1278 479 3 2066 
8505 500 685 367 2077 
8506 407 406 405 1584 
8507 1839 1992 1424 2351 
8508 1602 2081 1374 2178 
8509 1934 1935 1720 2000 
8510 1470 1777 1603 2068 
8511 464 1612 147 2134 
8512 1476 1605 1976 2100 
8513 600 1835 598 2366 
8514 1520 1836 1423 2180 
8515 1706 2110 1440 2116 
8516 1492 1557 1964 2282 
8517 1651 1963 1588 2214 
8518 395 1643 397 2027 
8519 843 2056 1657 2363 
8520 836 712 1727 2231 
8521 950 1340 1785 2223 
8522 1631 2041 1505 2381 
8523 151 153 152 1776 
8524 1733 1932 302 2267 
8525 1412 1786 1620 2330 
8526 246 248 247 1683 
8527 1479 1992 1839 2351 
8528 1479 2255 1579 2351 
8529 1458 2025 1544 2256 
8530 956 202 845 1865 
8531 1698 1921 1626 2093 
8532 1686 2251 1560 2338 
8533 32 1091 1067 2132 
8534 1973 2093 1569 2284 
8535 1224 1886 289 2194 
8536 1423 1749 1620 1927 
8537 1663 1773 1418 1928 
8538 1164 2038 895 2162 
8539 926 1893 749 1897 
8540 1180 1236 1269 2285 
8541 655 621 550 1996 
8542 425 1541 2012 2332 
8543 1079 1622 788 2179 
8544 91 1559 37 2168 
8545 1320 1311 1738 2245 
8546 1803 1912 1421 2167 
8547 1460 1923 1562 2201 
8548 610 1198 1736 2289 
8549 819 818 817 1635 
8550 1724 1991 1471 2081 
8551 714 193 192 2366 
8552 409 2111 2110 2116 
8553 1490 2139 1754 2185 
8554 1134 1292 1771 2091 
8555 2192 2321 1752 2359 
8556 1237 64 440 1580 
8557 626 1893 896 2385 
8558 154 217 1694 1859 
8559 1237 1580 440 2130 
8560 188 1302 1977 2311 
8561 1765 1810 1485 2306 
8562 1157 1245 1215 1901 
8563 1292 673 1269 2091 
8564 1512 2166 2322 2371 
8565 636 576 724 1964 
8566 1382 2098 1546 2211 
8567 1520 1449 1960 2234 
8568 70 996 515 2193 
8569 337 349 2034 2103 
8570 1468 2156 2125 2308 
8571 1399 1845 1555 1969 
8572 1459 2165 2120 2253 
8573 1582 2144 1452 2251 
8574 1233 1179 1040 2350 
8575 688 1687 462 2117 
8576 1426 2172 1575 2257 
8577 1402 1792 1587 2182 
8578 1019 1020 1231 2040 
8579 688 1722 784 2327 
8580 1011 1348 1010 2169 
8581 842 1657 843 2056 
8582 1654 1952 528 2085 
8583 1758 1410 1887 2223 
8584 1424 1792 1637 2351 
8585 649 2028 1648 2108 
8586 398 1695 2154 2375 
8587 1420 1586 1893 1946 
8588 413 1027 1264 1612 
8589 1719 1940 652 1941 
8590 1627 1873 1779 2342 
8591 736 2076 1957 2168 
8592 1987 2004 1493 2082 
8593 504 1616 964 2174 
8594 100 1910 99 2288 
8595 1608 1743 1395 2096 
8596 1684 2138 1329 2221 
8597 1381 1798 1711 2047 
8598 733 1912 50 2202 
8599 1377 2016 1853 2290 
8600 1468 1686 2156 2308 
8601 204 311 1874 2059 
8602 1431 1595 2191 2337 
8603 1413 1811 1973 2135 
8604 1682 2226 1920 2356 
8605 1460 1808 1683 2201 
8606 570 569 568 2275 
8607 784 565 564 2327 
8608 463 1277 1653 2197 
8609 439 262 1218 2130 
8610 1426 1605 1902 1976 
8611 1444 1551 1859 2190 
8612 1226 1960 611 2234 
8613 291 237 1670 2094 
8614 1648 1437 1997 2236 
8615 1895 2119 1623 2344 
8616 1485 1980 1718 2217 
8617 1590 1998 1912 2167 
8618 1365 2120 1555 2253 
8619 71 73 72 2197 
8620 979 53 1592 2292 
8621 1133 1326 1253 2245 
8622 1341 1603 139 2298 
8623 1050 1685 1051 2137 
8624 1049 1912 1212 2109 
8625 421 1966 69 2019 
8626 1393 1713 1637 2351 
8627 147 464 1264 1612 
8628 1491 1835 1758 2090 
8629 990 1280 331 1659 
8630 1526 2086 1830 2187 
8631 500 367 1972 2077 
8632 1782 1998 1656 2167 
8633 248 1683 246 2286 
8634 623 1573 2146 2335 
8635 861 1604 853 2283 
8636 1410 2223 1758 2269 
8637 1253 1133 1963 2011 
8638 16 109 1682 2175 
8639 803 107 108 1639 
8640 247 1683 492 2263 
8641 91 37 35 2168 
8642 1639 2071 1609 2244 
8643 1689 1946 1586 2385 
8644 1441 1568 2043 2102 
8645 1903 2058 1601 2136 
8646 1695 2010 1515 2127 
8647 1733 2034 1475 2171 
8648 1386 1880 1606 2369 
8649 616 1895 516 1996 
8650 1571 1837 1469 2228 
8651 1443 2015 1644 2073 
8652 1724 1528 2057 2366 
8653 377 1990 572 2017 
8654 1652 1971 1521 2219 
8655 390 221 925 1593 
8656 1492 1556 1788 2230 
8657 1447 1895 1551 2029 
8658 655 1965 1727 1996 
8659 1126 374 24 1948 
8660 1400 1971 1652 2219 
8661 1349 962 1161 2055 
8662 1364 1830 2187 2348 
8663 1644 1885 327 2233 
8664 777 228 924 1930 
8665 939 961 837 2231 
8666 940 977 1913 2198 
8667 1365 1566 1779 1978 
8668 1444 2063 1687 2208 
8669 1456 1718 2336 2361 
8670 1107 883 1147 2022 
8671 66 1700 2111 2365 
8672 1015 2003 1014 2133 
8673 617 314 506 1741 
8674 1437 1696 2174 2372 
8675 179 191 181 1770 
8676 532 128 1692 2360 
8677 546 145 146 1652 
8678 927 535 1048 2126 
8679 1091 1750 1092 2304 
8680 1721 1732 1500 2143 
8681 383 1541 425 2332 
8682 836 1727 1965 2231 
8683 1781 2200 1386 2369 
8684 1710 1856 1560 2165 
8685 1848 1944 1508 2114 
8686 1394 1718 1894 2336 
8687 1641 1790 1627 2067 
8688 1588 1963 1436 2011 
8689 1437 2108 2028 2174 
8690 1383 1566 1970 2387 
8691 67 2111 1532 2365 
8692 1187 1304 1186 1884 
8693 1366 1595 1838 2337 
8694 185 1312 1282 1701 
8695 892 913 870 1693 
8696 1273 552 1274 1714 
8697 1769 1953 364 1967 
8698 1927 2232 1620 2330 
8699 1558 1413 1942 2247 
8700 1015 1073 1205 2133 
8701 1382 1546 1872 2211 
8702 141 1341 902 2068 
8703 616 484 513 1895 
8704 688 726 1722 2117 
8705 1485 1787 1690 2138 
8706 761 1836 406 2258 
8707 1527 2096 2008 2235 
8708 1561 1425 1981 2105 
8709 1469 2213 1585 2261 
8710 1001 969 1913 1941 
8711 381 1622 579 2037 
8712 1756 1925 1544 2150 
8713 1392 1811 1774 2273 
8714 1390 1701 1676 2222 
8715 694 1145 1105 1709 
8716 1190 785 1189 1637 
8717 1535 2146 1263 2384 
8718 397 2027 1643 2070 
8719 235 122 157 1661 
8720 1456 2306 1810 2311 
8721 1676 1521 1961 2222 
8722 979 1985 1351 2292 
8723 176 745 1624 2107 
8724 1719 1941 1516 2021 
8725 1338 2250 1354 2297 
8726 1511 1573 1896 2335 
8727 1452 2144 1940 2251 
8728 1410 1553 1896 2269 
8729 1387 1608 2048 2096 
8730 1408 1821 1614 1955 
8731 1255 788 1755 2179 
8732 1428 1919 1583 2020 
8733 1860 1999 1542 2052 
8734 666 654 432 2144 
8735 187 1256 460 1886 
8736 765 2040 766 2044 
8737 1454 1842 1906 2135 
8738 66 1700 65 2111 
8739 1305 1737 2056 2363 
8740 1543 1635 1797 1917 
8741 393 1684 1329 2221 
8742 29 1660 470 2123 
8743 1428 1801 1696 2249 
8744 1196 1295 555 1954 
8745 1379 2052 1925 2150 
8746 1387 1889 1607 2326 
8747 775 557 1747 2056 
8748 488 646 1087 1724 
8749 652 412 971 1719 
8750 1401 1644 1788 2015 
8751 1434 1626 2216 2219 
8752 138 50 605 1912 
8753 914 575 195 2282 
8754 1532 2111 1700 2365 
8755 226 1800 1254 2079 
8756 1714 1418 1854 2383 
8757 409 408 2111 2116 
8758 131 133 1963 2305 
8759 1424 1839 1789 1991 
8760 190 1688 402 2011 
8761 1711 1907 322 2152 
8762 1405 1627 2118 2342 
8763 1083 1549 1904 2184 
8764 1975 1985 240 2320 
8765 973 975 974 1890 
8766 151 960 153 2211 
8767 1668 1429 1866 2098 
8768 1015 1206 1014 2003 
8769 1271 1211 1338 2139 
8770 282 698 2074 2353 
8771 492 1683 248 2286 
8772 52 1655 1061 2129 
8773 1382 1861 1753 2045 
8774 706 1069 2000 2359 
8775 1720 2177 1458 2179 
8776 249 1083 174 1904 
8777 1407 1805 1956 2314 
8778 1758 1835 599 2346 
8779 1845 1873 1486 2142 
8780 1610 1462 2077 2259 
8781 1549 1944 1848 2114 
8782 1443 1598 1962 2121 
8783 1103 893 1276 1844 
8784 348 2007 1577 2034 
8785 1546 1938 1872 2122 
8786 1515 1787 1730 2375 
8787 296 295 294 2302 
8788 789 1082 1255 1755 
8789 16 1682 18 2226 
8790 471 104 105 2073 
8791 1510 2046 1834 2190 
8792 1752 706 2192 2359 
8793 737 824 232 1815 
8794 1346 1597 2242 2302 
8795 195 914 2282 2341 
8796 1628 1884 1833 2383 
8797 842 843 1305 2056 
8798 155 156 1225 2315 
8799 1456 1810 1924 2311 
8800 948 1766 832 1949 
8801 403 1760 1121 2245 
8802 327 988 1885 2341 
8803 44 1859 46 2378 
8804 1367 1718 1878 2261 
8805 1410 1758 2057 2269 
8806 89 354 649 1648 
8807 866 1111 819 1568 
8808 751 1730 218 2375 
8809 1494 1831 1593 2113 
8810 278 277 279 1833 
8811 1504 1935 1934 2000 
8812 1681 1830 1387 2326 
8813 973 610 1736 2312 
8814 118 120 119 1739 
8815 2099 2228 1553 2261 
8816 1134 1821 953 2091 
8817 1363 1597 1892 2224 
8818 1793 2191 1595 2244 
8819 145 147 146 1652 
8820 1308 1677 1906 2354 
8821 1024 1809 884 2316 
8822 127 37 1559 2360 
8823 740 1653 1210 2250 
8824 1633 1523 1750 2115 
8825 1262 1263 2146 2384 
8826 1932 2106 505 2364 
8827 1561 1925 1379 2052 
8828 1727 2283 1468 2308 
8829 748 1691 839 2311 
8830 904 606 826 1829 
8831 1414 1815 1687 2063 
8832 1457 1915 1829 2141 
8833 1579 1408 1992 2160 
8834 1346 2242 858 2302 
8835 892 870 851 1974 
8836 1373 1710 2165 2374 
8837 1468 1772 1582 2074 
8838 1912 1998 1421 2167 
8839 1445 1685 1947 2163 
8840 1466 1998 1853 2104 
8841 1687 1815 1557 2063 
8842 376 378 377 2017 
8843 743 1188 1215 1901 
8844 1460 1865 1646 2203 
8845 1340 1325 934 1785 
8846 258 860 1751 2300 
8847 1450 1679 1607 2307 
8848 1582 1940 2144 2251 
8849 647 862 378 1706 
8850 1324 402 190 1688 
8851 1393 1792 1587 2323 
8852 1298 294 991 1919 
8853 1403 1786 1584 2180 
8854 1747 2056 1501 2368 
8855 1370 1842 1569 1973 
8856 1288 338 1289 1674 
8857 825 606 607 2141 
8858 1670 1874 1438 2094 
8859 527 218 1730 2291 
8860 1338 1337 1271 2139 
8861 1541 2012 1670 2094 
8862 1398 2002 1903 2296 
8863 89 649 309 1648 
8864 1698 1961 1521 2222 
8865 111 110 1932 2106 
8866 1389 1748 1659 2053 
8867 353 959 1689 1952 
8868 1108 1680 729 2022 
8869 1118 100 1093 1767 
8870 712 655 836 1727 
8871 141 1603 1341 2068 
8872 899 348 349 2034 
8873 722 787 1260 1930 
8874 892 851 1864 1974 
8875 1191 2031 1621 2365 
8876 1400 2023 2093 2216 
8877 367 1972 1610 2184 
8878 297 1798 266 2047 
8879 1276 893 894 2162 
8880 1377 1888 1672 2170 
8881 1576 1690 1684 2138 
8882 1714 1833 1273 1850 
8883 1379 2150 2026 2372 
8884 313 1742 312 2008 
8885 1492 1788 1644 2230 
8886 869 1965 1707 2231 
8887 1084 1712 1039 2075 
8888 542 677 1715 2008 
8889 1516 1827 1899 1995 
8890 106 936 105 2073 
8891 1398 1903 1678 2101 
8892 1462 2077 1769 2187 
8893 1059 1633 1091 2304 
8894 958 957 78 1908 
8895 1477 2001 1830 2187 
8896 1005 657 658 1748 
8897 1316 77 957 1650 
8898 1077 833 1124 1618 
8899 1696 1801 1437 2108 
8900 1616 2106 1629 2372 
8901 1710 2118 1509 2218 
8902 751 527 218 1730 
8903 1385 1782 1870 2104 
8904 493 483 564 1865 
8905 1 552 1714 2158 
8906 1758 2223 1528 2269 
8907 1407 1956 1796 2314 
8908 802 803 31 2071 
8909 1327 1887 1325 2223 
8910 957 1055 1650 2157 
8911 1366 1898 1595 2337 
8912 1702 1881 1364 2348 
8913 1466 1601 1871 2331 
8914 1719 1940 1452 2144 
8915 1185 2056 775 2368 
8916 1474 2132 1717 2148 
8917 125 1972 383 2332 
8918 296 2050 1597 2302 
8919 1407 2051 1735 2145 
8920 254 441 439 2130 
8921 1773 1928 1778 2271 
8922 1382 1984 1708 2211 
8923 879 2083 369 2276 
8924 1356 2151 1979 2209 
8925 1960 2290 1736 2312 
8926 1559 1997 1648 2028 
8927 1611 2093 1973 2284 
8928 355 217 216 1859 
8929 112 302 798 1733 
8930 1490 1653 2149 2369 
8931 1604 2283 2231 2308 
8932 1393 1818 1587 2182 
8933 1429 1813 1600 1948 
8934 1372 2063 1851 2190 
8935 1420 1893 1586 2325 
8936 221 925 1593 2313 
8937 100 1093 1767 2310 
8938 1648 1801 1437 2236 
8939 680 94 813 1847 
8940 1566 1982 1426 2062 
8941 324 1711 517 2292 
8942 1461 1661 1959 2207 
8943 154 134 135 2036 
8944 1525 1773 1669 1920 
8945 1133 1963 2011 2245 
8946 1441 2043 1568 2296 
8947 1394 1688 1730 2291 
8948 1148 14 15 1836 
8949 430 250 344 1846 
8950 798 1733 985 1843 
8951 1644 1788 1556 2230 
8952 1393 1587 1818 2188 
8953 397 1228 1334 2242 
8954 1619 1767 1505 2321 
8955 1445 1733 1932 2131 
8956 859 860 1268 1882 
8957 1546 1984 1938 2122 
8958 1473 1764 1630 2309 
8959 1134 1292 793 1955 
8960 836 1727 655 1965 
8961 878 1095 1976 2227 
8962 181 1770 191 2012 
8963 1454 2089 1775 2135 
8964 1029 1860 569 2272 
8965 1408 1992 1602 2178 
8966 1414 1722 1687 2327 
8967 1668 1861 1429 2098 
8968 1528 2057 1758 2269 
8969 830 1821 1135 1955 
8970 526 1688 1172 2291 
8971 1145 1709 1007 2064 
8972 185 1312 1701 2204 
8973 780 1062 1342 1636 
8974 1096 1902 1235 2227 
8975 1614 1955 831 2196 
8976 808 1621 1890 2322 
8977 1393 1947 1931 2188 
8978 1731 1976 878 2083 
8979 1251 1711 322 2152 
8980 812 210 209 1744 
8981 1410 1697 1638 2090 
8982 688 737 462 2327 
8983 604 1948 922 2006 
8984 339 586 816 2181 
8985 1545 1473 1867 2206 
8986 1922 1930 1545 1988 
8987 1320 1119 1311 2245 
8988 1398 2058 1654 2296 
8989 1449 2290 1960 2312 
8990 965 707 1194 1752 
8991 1259 1705 1238 2206 
8992 1071 1937 623 2335 
8993 1708 1875 1828 2225 
8994 1393 1792 1596 2182 
8995 1127 1767 75 1994 
8996 676 1926 1169 2049 
8997 462 232 502 1687 
8998 937 2087 1775 2368 
8999 538 1298 991 1583 
9000 188 1333 1302 2311 
9001 1561 1925 1425 2105 
9002 444 822 628 1536 
9003 1571 1950 1837 2228 
9004 1637 1713 1479 2351 
9005 296 1597 1346 2302 
9006 1366 2337 1599 2339 
9007 821 573 399 1819 
9008 731 897 730 1680 
9009 1655 1917 52 2202 
9010 348 1577 260 2034 
9011 1449 1520 1960 2016 
9012 1656 1840 1870 2229 
9013 1457 1829 1600 2141 
9014 2044 2221 1511 2313 
9015 979 1592 53 1985 
9016 1929 2193 1692 2337 
9017 1694 2029 1846 2379 
9018 225 224 184 1944 
9019 1277 740 463 1653 
9020 154 217 134 1694 
9021 754 951 1014 1789 
9022 282 2074 1772 2353 
9023 65 1700 554 2110 
9024 16 109 18 1682 
9025 948 875 832 1766 
9026 183 1083 343 2184 
9027 1505 1767 1619 2192 
9028 649 309 1648 2028 
9029 1417 2251 1686 2338 
9030 1602 1992 1408 2160 
9031 1409 1634 1958 1968 
9032 181 291 292 1670 
9033 1669 1884 92 2226 
9034 468 1007 467 1723 
9035 1445 1947 1762 2324 
9036 1507 2199 1897 2325 
9037 1695 1388 2010 2127 
9038 1718 2213 1878 2261 
9039 1218 2007 439 2130 
9040 947 470 1570 2123 
9041 1455 1726 1818 2131 
9042 40 39 38 2320 
9043 1612 1879 1400 2023 
9044 1696 2108 1437 2174 
9045 1805 1956 1453 2136 
9046 347 910 911 1795 
9047 1677 1879 1400 1971 
9048 181 291 1670 2012 
9049 1392 2237 1656 2371 
9050 1714 1833 1418 2383 
9051 421 130 69 1966 
9052 1628 1833 1418 2271 
9053 1443 1949 1766 2121 
9054 1676 2204 1521 2222 
9055 310 1661 311 2059 
9056 1374 1837 1950 2228 
9057 1428 2026 1589 2053 
9058 1702 2187 1526 2348 
9059 1726 2355 1642 2362 
9060 1079 62 1720 2179 
9061 1759 2048 1608 2207 
9062 845 202 824 1815 
9063 200 710 1675 2277 
9064 1562 1414 1851 2241 
9065 1609 2071 385 2189 
9066 459 672 1717 2148 
9067 145 1652 546 2194 
9068 2020 2108 1801 2249 
9069 563 516 512 1895 
9070 1115 1355 1323 2252 
9071 1413 1558 2128 2247 
9072 490 1065 1758 2366 
9073 601 1776 921 2006 
9074 878 1976 1731 2227 
9075 775 2056 1747 2368 
9076 828 364 456 1967 
9077 1201 692 693 1605 
9078 523 1775 938 2089 
9079 1579 2188 1931 2210 
9080 88 87 1939 2319 
9081 718 1965 655 1996 
9082 702 701 570 2275 
9083 730 897 1169 1926 
9084 1651 2214 1588 2361 
9085 1444 2063 1557 2190 
9086 542 677 519 1715 
9087 1520 1836 1746 2234 
9088 22 601 24 1813 
9089 1966 2019 421 2350 
9090 1736 2289 1960 2312 
9091 1421 1912 1835 2202 
9092 43 41 1018 2097 
9093 896 926 800 1586 
9094 1864 2235 1452 2264 
9095 1511 2044 1593 2268 
9096 784 1722 565 2327 
9097 905 42 1864 2181 
9098 923 988 327 2341 
9099 188 2147 1333 2311 
9100 347 985 984 2034 
9101 1317 1318 747 1810 
9102 1370 1588 1894 2361 
9103 1405 2118 1710 2218 
9104 1413 1837 1811 2273 
9105 1584 1786 1412 2330 
9106 189 188 1977 2147 
9107 1450 1607 1889 2326 
9108 1382 1872 1984 2211 
9109 1391 1595 2191 2244 
9110 1053 2060 1876 2243 
9111 1457 1849 1829 2317 
9112 1669 1884 1418 2271 
9113 980 1767 1093 2310 
9114 315 1033 71 1653 
9115 1364 1759 1830 2348 
9116 163 162 161 2322 
9117 1059 1067 1091 1633 
9118 1823 2299 1548 2367 
9119 1546 1872 1422 2098 
9120 1671 1788 1372 2176 
9121 1476 2083 2246 2343 
9122 1577 1458 2177 2280 
9123 1082 1255 1755 2280 
9124 1465 1854 1682 2175 
9125 602 1951 1296 2196 
9126 869 868 1707 1965 
9127 1648 1437 1801 2108 
9128 599 1835 1299 2346 
9129 1474 2148 1707 2198 
9130 1140 783 1739 2027 
9131 1097 1146 1147 1731 
9132 1190 1189 915 1839 
9133 716 715 1891 2239 
9134 814 111 1629 2106 
9135 1550 2125 1686 2173 
9136 1320 1963 131 2245 
9137 1400 1961 1698 2093 
9138 1448 1491 1803 2382 
9139 1368 1818 1726 1905 
9140 1516 2115 1633 2304 
9141 579 2037 1622 2161 
9142 1758 2057 1528 2366 
9143 1393 1587 1792 2182 
9144 1399 1969 1555 1979 
9145 1444 1881 2046 2153 
9146 1052 1053 1104 1876 
9147 1691 1787 1485 2306 
9148 745 982 176 1624 
9149 1365 1873 1845 2142 
9150 1266 528 1258 1952 
9151 1657 2056 1737 2363 
9152 1390 1921 1611 2247 
9153 1631 1794 1404 2321 
9154 1514 2214 1651 2361 
9155 152 858 1667 2302 
9156 74 1619 2192 2359 
9157 973 1736 1199 2078 
9158 1484 1564 2041 2380 
9159 1611 1842 1973 2093 
9160 1680 1817 729 2022 
9161 1131 1750 763 2126 
9162 100 2288 1013 2316 
9163 1646 1865 1460 2241 
9164 1569 2093 2023 2216 
9165 1356 1562 1979 2151 
9166 505 1932 110 2106 
9167 1011 2134 465 2169 
9168 803 1639 1285 2071 
9169 383 330 425 1541 
9170 61 2259 609 2263 
9171 1192 1219 1350 1745 
9172 1241 151 858 1667 
9173 1980 2113 1494 2268 
9174 875 1766 868 1965 
9175 1291 1347 887 2287 
9176 768 1747 557 1954 
9177 1467 1754 2185 2369 
9178 96 97 36 2360 
9179 1482 1886 2204 2222 
9180 1393 1587 2188 2323 
9181 1449 1736 2290 2312 
9182 361 400 1695 2127 
9183 384 2189 1929 2272 
9184 220 1691 748 2306 
9185 626 959 1165 1893 
9186 1446 1572 2060 2142 
9187 1669 1975 239 2320 
9188 1414 1808 1722 1865 
9189 1386 1648 1997 2236 
9190 789 659 1755 1999 
9191 1633 1941 1516 2304 
9192 436 1044 1315 1879 
9193 53 55 54 1592 
9194 1294 1868 1252 2152 
9195 1460 1699 1923 2246 
9196 145 2134 1652 2169 
9197 1476 2100 1976 2343 
9198 1390 1611 1921 1961 
9199 938 1775 523 2368 
9200 1304 1884 1187 2383 
9201 1480 1802 1626 2373 
9202 63 1935 1580 2300 
9203 1515 2010 1857 2127 
9204 1004 265 595 1798 
9205 1386 1801 1648 2236 
9206 235 204 311 1874 
9207 1830 2086 1477 2187 
9208 688 2117 1722 2327 
9209 152 858 151 1667 
9210 1075 1628 38 2345 
9211 1482 1886 1574 1986 
9212 188 190 189 1977 
9213 1511 1896 1937 2335 
9214 258 1237 860 2300 
9215 98 100 99 2288 
9216 1486 1873 1845 1969 
9217 1425 1552 2032 2037 
9218 134 1694 121 2036 
9219 1680 1926 1419 2049 
9220 1560 1356 1856 2340 
9221 1586 1946 1420 2325 
9222 1671 2151 1788 2262 
9223 1655 1917 1441 2129 
9224 63 454 1720 1935 
9225 1047 411 1131 1827 
9226 1707 2198 1604 2254 
9227 1834 2092 1447 2125 
9228 1477 1830 1681 2326 
9229 1361 1858 1989 2183 
9230 1408 1955 1771 2091 
9231 1337 1338 1354 2297 
9232 132 133 271 1651 
9233 383 382 330 1904 
9234 1446 2060 1625 2142 
9235 406 1584 407 2258 
9236 1557 1444 1933 2208 
9237 632 648 1275 2116 
9238 1365 1923 1632 2246 
9239 127 1559 91 2028 
9240 743 1042 1188 1735 
9241 601 921 922 2006 
9242 568 1029 1022 1929 
9243 983 1693 913 2097 
9244 299 1803 1212 1912 
9245 1381 2143 1578 2377 
9246 1536 1872 1725 2122 
9247 1137 2005 1850 2075 
9248 1342 1328 874 2354 
9249 1524 1721 1858 2334 
9250 809 2322 967 2363 
9251 1562 2201 1414 2241 
9252 1108 731 729 1680 
9253 18 1682 76 2226 
9254 1367 1878 1718 1980 
9255 1438 1874 1670 2048 
9256 1433 1868 1732 2349 
9257 1339 995 1932 1936 
9258 1477 1610 1972 2001 
9259 1124 1618 833 2100 
9260 831 1217 1614 2196 
9261 175 177 176 1975 
9262 780 1775 1310 2128 
9263 1483 1627 2118 2374 
9264 1444 1881 1687 2063 
9265 1924 1333 2147 2311 
9266 1403 1786 2238 2301 
9267 1665 1856 1538 2293 
9268 1185 2305 2056 2368 
9269 1576 2044 1343 2221 
9270 1520 1746 1836 2180 
9271 1422 1872 1938 2122 
9272 593 1864 851 1974 
9273 1398 1594 2101 2257 
9274 330 329 391 2094 
9275 596 1658 597 2038 
9276 2024 2154 1695 2375 
9277 1490 1754 1653 2369 
9278 1611 1961 1842 2093 
9279 1405 1814 1969 2218 
9280 933 871 870 1693 
9281 1153 1625 976 2060 
9282 1414 1808 1865 2241 
9283 1439 1669 1773 2271 
9284 1736 2078 1590 2109 
9285 1625 1873 1779 2142 
9286 1373 1995 1666 2021 
9287 1945 2055 1349 2350 
9288 819 817 865 2043 
9289 768 1244 557 1747 
9290 1902 1976 1235 2227 
9291 1757 1997 1838 2236 
9292 1752 2107 1505 2192 
9293 1604 2231 1397 2308 
9294 1650 1950 1529 2157 
9295 1623 1933 1551 2344 
9296 1609 2014 1639 2244 
9297 1448 1540 1891 2237 
9298 399 759 398 1695 
9299 1137 1209 1139 2005 
9300 1838 1900 1472 1993 
9301 352 1689 626 2385 
9302 1637 1839 1424 2351 
9303 1474 2198 1707 2254 
9304 468 1723 467 2004 
9305 1370 1973 1569 2213 
9306 219 1787 473 2138 
9307 1026 1810 1027 2266 
9308 1796 2051 1407 2314 
9309 1560 1856 1710 2340 
9310 1669 1418 1884 2226 
9311 1266 1165 959 1952 
9312 1219 263 1337 1739 
9313 1475 2131 1733 2324 
9314 590 591 405 1918 
9315 646 1991 645 2285 
9316 1119 1738 1311 2245 
9317 576 276 728 1964 
9318 1486 1873 1625 2142 
9319 1006 1962 1038 2064 
9320 1428 2026 2053 2249 
9321 201 1646 956 2203 
9322 700 593 851 1974 
9323 1608 2096 1395 2207 
9324 1674 1914 1475 2182 
9325 1657 1512 1840 2363 
9326 1625 1779 1873 2342 
9327 1378 1613 1871 1946 
9328 1657 1436 1963 2245 
9329 415 414 2134 2300 
9330 1242 1267 450 2129 
9331 122 1661 310 2036 
9332 1460 1562 1923 2241 
9333 1489 1956 1805 2136 
9334 1543 1410 1887 2090 
9335 1630 1918 1584 2126 
9336 1818 1905 1475 2131 
9337 773 799 709 1974 
9338 1470 2149 1653 2274 
9339 1473 2206 2116 2309 
9340 780 938 1310 1775 
9341 1375 2009 1647 2124 
9342 395 943 397 1643 
9343 963 1353 978 1945 
9344 1408 1821 1955 2091 
9345 1088 2065 1716 2112 
9346 1114 732 733 1835 
9347 1473 1901 1867 2206 
9348 1441 1763 2043 2296 
9349 1657 1840 1738 2363 
9350 789 1755 788 2248 
9351 805 1672 1031 2289 
9352 1353 963 1349 1945 
9353 1209 1039 1115 2075 
9354 926 1000 749 1893 
9355 1610 1841 1462 2259 
9356 1 485 552 2158 
9357 828 935 60 1769 
9358 1583 1801 1428 2020 
9359 828 456 935 1967 
9360 1612 1415 2216 2266 
9361 1785 1887 1410 2223 
9362 127 37 91 1559 
9363 1059 1090 1001 1941 
9364 1789 2133 1537 2270 
9365 1064 1887 2223 2346 
9366 380 170 1032 2164 
9367 1447 2092 1727 2125 
9368 709 592 773 2195 
9369 1417 1604 1812 1913 
9370 379 1825 1197 2248 
9371 579 381 1079 1622 
9372 1513 2024 1673 2333 
9373 1171 1172 190 1977 
9374 397 396 2027 2070 
9375 1460 2246 1923 2295 
9376 1628 1884 1669 2271 
9377 1417 1812 1940 1941 
9378 1659 2035 1389 2053 
9379 1381 1778 1721 2334 
9380 1051 1685 1122 2141 
9381 899 253 898 2007 
9382 1490 2185 1754 2369 
9383 1434 1935 2300 2376 
9384 1467 2027 1643 2159 
9385 1167 1705 1166 2017 
9386 1454 1906 2089 2135 
9387 1385 1853 1998 2104 
9388 1405 1784 1662 1847 
9389 788 1755 2179 2248 
9390 1377 1581 2016 2215 
9391 164 166 165 2346 
9392 1391 1595 1898 2191 
9393 1578 1868 1433 2152 
9394 1214 1201 1234 1902 
9395 1264 1027 1025 1924 
9396 2010 2024 1634 2095 
9397 1453 1988 1796 2314 
9398 1569 1973 1842 2093 
9399 69 2019 1599 2193 
9400 1925 2032 1425 2105 
9401 384 386 385 1609 
9402 1524 2005 1783 2252 
9403 1591 1853 1645 2155 
9404 937 1310 1775 2087 
9405 1800 2058 1654 2079 
9406 941 992 969 1913 
9407 1364 1549 2114 2153 
9408 374 1813 24 1948 
9409 1420 1946 1704 2325 
9410 1141 1159 1157 1901 
9411 1408 1821 2091 2178 
9412 1496 1985 1592 2292 
9413 1088 1035 1043 1716 
9414 781 1739 783 2139 
9415 1547 2129 1888 2170 
9416 1475 1905 1733 2131 
9417 1398 1903 1601 2296 
9418 1629 1932 1463 2106 
9419 384 1609 385 2189 
9420 976 1625 1153 2243 
9421 1149 1021 641 1824 
9422 929 2039 1341 2298 
9423 1199 1198 755 2078 
9424 589 1746 590 2031 
9425 1696 2108 753 2249 
9426 1219 1337 1350 2297 
9427 939 837 869 1707 
9428 1506 1795 1755 2256 
9429 1320 843 844 1657 
9430 359 800 926 2127 
9431 964 814 568 1616 
9432 1565 1435 2099 2270 
9433 501 364 828 1769 
9434 1182 822 1708 2225 
9435 1411 1767 1910 1994 
9436 1015 1205 2003 2133 
9437 1937 2003 1435 2313 
9438 1407 1744 1805 2314 
9439 393 394 1329 1684 
9440 1407 1867 1735 2051 
9441 1380 1814 1889 2340 
9442 1406 2027 1739 2185 
9443 1730 2154 2024 2375 
9444 1361 1858 1778 1928 
9445 148 1294 150 2225 
9446 1460 2201 1562 2241 
9447 145 2169 1652 2194 
9448 1756 2026 1379 2150 
9449 1689 1893 1420 1952 
9450 1662 1483 2118 2140 
9451 1432 1855 1922 2042 
9452 1360 1790 1641 2067 
9453 634 679 678 1920 
9454 1320 843 1657 2363 
9455 1617 2238 1786 2301 
9456 139 1341 141 1603 
9457 224 173 174 1848 
9458 1191 1621 810 2365 
9459 991 538 1583 2020 
9460 582 2065 1088 2112 
9461 1469 1569 1973 2213 
9462 1397 1707 1965 2231 
9463 1611 1973 1842 2135 
9464 1441 1568 2102 2296 
9465 427 230 1796 2051 
9466 182 365 325 2069 
9467 221 1163 925 2313 
9468 1634 2024 1673 2095 
9469 907 803 2014 2356 
9470 1477 2077 1610 2187 
9471 443 444 1725 2122 
9472 1929 2189 1609 2272 
9473 429 344 2029 2212 
9474 983 1002 933 2097 
9475 384 1609 2189 2272 
9476 563 1623 2119 2344 
9477 303 269 270 1762 
9478 1508 1759 2114 2153 
9479 951 1789 950 2133 
9480 1932 1936 1463 2364 
9481 1479 1839 1637 2351 
9482 1467 1583 2050 2200 
9483 1572 2083 1978 2276 
9484 1625 1784 1486 2243 
9485 841 1186 1304 1854 
9486 852 2307 159 2358 
9487 1360 2238 1617 2318 
9488 1430 2066 2061 2319 
9489 1448 1950 1540 2237 
9490 1397 1965 1727 2231 
9491 127 1559 2028 2360 
9492 1010 1009 1011 1935 
9493 1550 2092 1834 2125 
9494 1593 2003 1163 2313 
9495 655 682 621 1727 
9496 1620 1927 1749 1970 
9497 1653 2149 1777 2250 
9498 179 1715 519 2195 
9499 1287 1286 1263 2146 
9500 1681 2012 1541 2332 
9501 2023 2217 1456 2361 
9502 643 642 641 1640 
9503 92 1669 239 2320 
9504 824 202 197 1815 
9505 980 75 1093 1767 
9506 1237 1580 2130 2300 
9507 133 524 522 2305 
9508 2056 2305 1501 2368 
9509 492 247 248 1683 
9510 1628 1418 1884 2271 
9511 1797 1917 1655 2202 
9512 149 822 148 1875 
9513 380 1032 1825 2164 
9514 1620 1786 1423 2330 
9515 1428 2020 1801 2249 
9516 1429 1849 1668 1866 
9517 1551 2029 1895 2344 
9518 198 508 1807 1938 
9519 523 1775 2089 2368 
9520 1207 294 1298 2050 
9521 1613 1409 1822 1968 
9522 1691 1977 839 2311 
9523 1414 2201 1808 2241 
9524 1132 590 1746 2031 
9525 1276 1294 1281 1868 
9526 131 133 132 1963 
9527 1094 1300 1189 1713 
9528 95 758 1664 1953 
9529 582 1088 584 2112 
9530 821 820 750 1897 
9531 1434 1802 1626 2219 
9532 1469 1602 1837 2284 
9533 499 78 79 1908 
9534 314 506 1741 2008 
9535 231 304 1959 2279 
9536 1484 1809 2054 2316 
9537 631 984 798 1733 
9538 302 631 1733 2171 
9539 679 175 239 1975 
9540 1443 1949 1556 2176 
9541 1630 1901 1473 2309 
9542 515 996 543 2189 
9543 128 964 829 1692 
9544 209 226 795 1744 
9545 1648 2028 1437 2108 
9546 831 1217 446 1614 
9547 1775 2089 1501 2135 
9548 535 486 942 1764 
9549 1498 1869 1687 2117 
9550 1426 1982 1566 2172 
9551 1205 1073 1071 1937 
9552 1379 1925 1756 2150 
9553 610 1960 804 2289 
9554 2022 2060 1446 2276 
9555 1088 1716 584 2112 
9556 1601 2018 2102 2296 
9557 1573 1937 1896 2335 
9558 1587 2188 1480 2373 
9559 1613 1822 1697 1968 
9560 1326 1320 131 2245 
9561 858 2242 1667 2302 
9562 1625 1873 1784 2342 
9563 1903 2002 1678 2018 
9564 1580 2300 1935 2376 
9565 1407 1796 1867 2051 
9566 1668 1861 1589 2035 
9567 978 567 8 1740 
9568 1460 1909 1699 2246 
9569 1548 1649 2186 2265 
9570 1425 1999 1825 2248 
9571 471 948 104 2121 
9572 940 997 977 2198 
9573 1568 2043 1763 2296 
9574 1738 1840 1512 2363 
9575 1411 1910 1767 2380 
9576 1397 1665 1943 2254 
9577 1449 2016 1853 2155 
9578 1418 1773 1669 2271 
9579 872 354 73 1781 
9580 1553 2099 1768 2228 
9581 1118 1767 1127 1994 
9582 1477 2086 1769 2187 
9583 1026 1025 1810 2311 
9584 1758 1887 1410 2346 
9585 751 2154 1730 2375 
9586 1422 2186 1807 2265 
9587 1901 2206 1473 2309 
9588 1589 1389 2035 2053 
9589 1207 82 2050 2200 
9590 1084 279 1230 1862 
9591 413 1264 464 1612 
9592 408 942 1764 2309 
9593 1779 1873 1627 2253 
9594 259 293 344 2279 
9595 1305 967 1183 2363 
9596 1365 1978 1779 2142 
9597 521 503 559 1933 
9598 1360 1594 1982 2101 
9599 653 521 636 1623 
9600 1400 2093 1698 2219 
9601 1207 2050 1298 2200 
9602 1737 2322 1512 2363 
9603 318 242 726 2117 
9604 718 665 1965 1996 
9605 1417 1604 2254 2308 
9606 1589 1861 1478 2035 
9607 1397 1727 2092 2125 
9608 1128 1717 672 2347 
9609 1430 1850 1714 2066 
9610 409 2110 632 2116 
9611 1393 1947 1818 2324 
9612 2150 2256 1544 2355 
9613 681 25 26 1784 
9614 1818 2131 1475 2324 
9615 905 594 666 2144 
9616 1241 1667 858 2242 
9617 1529 2091 1821 2178 
9618 675 1662 674 2049 
9619 1666 1995 1516 2021 
9620 30 2071 7 2189 
9621 150 149 148 1875 
9622 517 324 322 1711 
9623 37 2168 1559 2360 
9624 1673 1840 1774 2229 
9625 931 2252 1745 2297 
9626 775 1747 1244 2368 
9627 956 201 202 1646 
9628 189 2147 1588 2214 
9629 1382 1615 1872 2098 
9630 66 554 65 1700 
9631 408 1764 2116 2309 
9632 151 1667 1241 2328 
9633 1316 77 1650 2382 
9634 1293 1346 2070 2242 
9635 1416 1760 1738 2386 
9636 532 1692 829 2193 
9637 1462 1610 2187 2278 
9638 945 1976 946 2100 
9639 361 2127 1695 2375 
9640 398 1695 759 2154 
9641 209 5 226 1744 
9642 2124 2169 1647 2194 
9643 1081 1348 2169 2359 
9644 635 177 175 1975 
9645 1758 2223 1887 2346 
9646 1327 934 1325 1887 
9647 1746 2031 1532 2155 
9648 146 1879 545 1971 
9649 1577 2130 262 2177 
9650 1632 1970 1566 2387 
9651 1508 2114 1944 2153 
9652 1825 1999 1197 2248 
9653 1460 1845 1683 2295 
9654 1828 2224 1502 2349 
9655 499 1724 193 2285 
9656 1516 1995 1666 2115 
9657 1686 2173 2125 2308 
9658 76 172 1920 2356 
9659 1393 1762 1947 2324 
9660 1326 1963 1253 2245 
9661 1358 1642 2355 2362 
9662 1390 1921 1698 1961 
9663 526 527 687 1730 
9664 1538 1943 1734 2015 
9665 563 521 1623 2344 
9666 291 329 237 2094 
9667 1278 3 1273 1714 
9668 1731 1978 1446 2172 
9669 872 1248 538 1781 
9670 1502 1597 2224 2242 
9671 492 493 59 2263 
9672 1177 817 908 1635 
9673 124 1972 125 2332 
9674 464 413 1612 2134 
9675 1287 1263 627 2385 
9676 556 557 776 2056 
9677 1388 2024 2010 2095 
9678 400 820 821 1897 
9679 1329 1684 394 2138 
9680 600 599 598 1835 
9681 808 810 1191 1621 
9682 1410 2057 1758 2090 
9683 1026 1057 1810 2306 
9684 1364 2001 1830 2114 
9685 989 638 1179 1832 
9686 643 641 994 1640 
9687 398 2154 759 2375 
9688 1199 1736 1198 2078 
9689 1366 1898 2337 2339 
9690 152 601 22 1776 
9691 1198 2078 1736 2109 
9692 743 561 1042 1735 
9693 1246 1216 881 1763 
9694 1121 1760 1120 2386 
9695 80 782 82 1754 
9696 839 1691 838 2291 
9697 1724 2080 193 2366 
9698 1217 1951 1614 2196 
9699 1207 82 727 2050 
9700 869 836 1965 2231 
9701 1647 2009 1504 2124 
9702 1059 1001 1913 1941 
9703 1592 2047 1711 2292 
9704 1522 2362 2299 2367 
9705 1814 2086 1450 2326 
9706 749 750 820 1897 
9707 1322 2005 1139 2252 
9708 459 1017 1089 2132 
9709 1856 2120 1459 2165 
9710 1498 1944 1549 2153 
9711 1460 1865 1808 2241 
9712 460 774 289 1886 
9713 1339 110 505 1932 
9714 813 1664 94 2358 
9715 1112 1330 394 2138 
9716 1237 1204 63 2300 
9717 999 627 1263 2385 
9718 1403 1799 1645 2155 
9719 1717 1826 1523 2232 
9720 905 2144 586 2181 
9721 1639 2014 1442 2244 
9722 897 1169 1926 2049 
9723 1224 544 1232 2194 
9724 1374 2057 1768 2228 
9725 1555 1969 1814 1979 
9726 1526 2086 1814 2326 
9727 1507 1930 1922 1988 
9728 395 397 396 2027 
9729 1436 1657 1963 2088 
9730 1326 131 1963 2245 
9731 1659 2053 1748 2249 
9732 1875 1907 1433 2152 
9733 1396 2256 2150 2355 
9734 386 1609 384 2272 
9735 898 253 254 2007 
9736 1191 810 2031 2365 
9737 532 531 128 2360 
9738 1762 2171 303 2267 
9739 1088 1043 584 1716 
9740 1417 1941 1940 2251 
9741 1226 611 13 2234 
9742 159 955 158 1679 
9743 1853 2016 1645 2155 
9744 1493 2062 1749 2260 
9745 1733 302 2171 2267 
9746 1363 1892 1753 2224 
9747 936 923 1644 2230 
9748 150 520 149 1875 
9749 374 375 332 1600 
9750 675 681 1784 2049 
9751 1410 1638 2057 2090 
9752 1769 2077 1462 2259 
9753 552 1854 553 2383 
9754 786 1189 785 1637 
9755 1602 1424 2072 2081 
9756 346 1129 735 2168 
9757 1462 1841 1610 2278 
9758 1639 1806 1465 2175 
9759 1363 1606 1880 2159 
9760 389 1282 1063 1701 
9761 1453 2058 1800 2079 
9762 1450 1889 1814 2326 
9763 292 237 290 1670 
9764 892 42 43 1864 
9765 537 991 990 2020 
9766 843 842 844 1657 
9767 1372 1788 1556 2176 
9768 1034 1033 81 2200 
9769 344 1846 250 2279 
9770 646 1724 1991 2285 
9771 649 309 2028 2108 
9772 1424 1992 1602 2072 
9773 1548 1615 1823 2367 
9774 1672 2016 1960 2215 
9775 1576 2138 1684 2221 
9776 1732 2143 1721 2377 
9777 782 1754 80 2139 
9778 1748 2053 1463 2249 
9779 654 1742 432 2144 
9780 1428 2053 1659 2249 
9781 284 1869 285 1944 
9782 50 1061 52 1655 
9783 692 467 694 2004 
9784 1183 556 1305 1737 
9785 1788 2151 1851 2262 
9786 186 215 1312 2204 
9787 1383 1970 1734 2281 
9788 1672 1960 1202 2315 
9789 1526 1979 1814 2086 
9790 1371 2240 1567 2317 
9791 1471 1771 2091 2178 
9792 1679 2218 1847 2358 
9793 318 1841 242 2117 
9794 108 1285 803 1639 
9795 234 232 824 1815 
9796 885 1313 980 2310 
9797 340 971 848 1899 
9798 1424 1602 1992 2081 
9799 1576 2044 1511 2268 
9800 122 310 121 2036 
9801 1829 1915 1539 2287 
9802 597 1658 595 2162 
9803 1414 1687 1815 2327 
9804 1152 1153 976 2060 
9805 266 669 19 2047 
9806 1830 2001 1364 2187 
9807 1660 2066 29 2319 
9808 1589 1753 1861 2045 
9809 92 1884 93 2226 
9810 1887 2090 1410 2346 
9811 1398 1678 1903 2002 
9812 1983 2054 1496 2143 
9813 245 244 113 2123 
9814 81 316 80 1754 
9815 1624 1975 1439 1985 
9816 52 50 1655 2202 
9817 111 505 110 2106 
9818 1727 1804 1447 2125 
9819 352 353 959 1689 
9820 587 652 1719 1940 
9821 818 908 817 1635 
9822 443 508 507 2122 
9823 335 434 2069 2184 
9824 983 933 1693 2097 
9825 1758 1410 2090 2346 
9826 1457 1947 1685 2220 
9827 4 6 5 1796 
9828 822 149 628 1875 
9829 100 2310 2288 2316 
9830 708 2106 1696 2364 
9831 929 901 1341 2039 
9832 702 1156 701 1843 
9833 1365 1632 1923 2120 
9834 631 798 302 1733 
9835 1726 1818 1368 2033 
9836 1753 1363 2224 2349 
9837 1760 2245 1738 2386 
9838 1061 1655 50 2129 
9839 526 1324 1172 1688 
9840 313 654 312 1742 
9841 1960 2289 1736 2290 
9842 1870 2104 1591 2166 
9843 1417 1913 1633 2030 
9844 575 2230 1964 2282 
9845 759 1695 399 2154 
9846 833 2100 1618 2343 
9847 1340 934 1072 1785 
9848 1162 99 1290 1910 
9849 1415 2216 1569 2217 
9850 206 236 290 1874 
9851 1428 1696 2026 2249 
9852 1441 2102 2018 2296 
9853 679 635 175 1975 
9854 1453 1805 2136 2370 
9855 1579 1992 1479 2351 
9856 1639 2014 1609 2071 
9857 1026 466 1317 2266 
9858 6 1796 4 1988 
9859 1838 1993 1472 2236 
9860 291 237 292 1670 
9861 1753 1780 1363 2349 
9862 1662 1784 1405 2342 
9863 1114 1835 733 2202 
9864 1313 1024 1351 1809 
9865 1362 1601 2136 2331 
9866 2005 2075 1524 2329 
9867 816 587 652 1719 
9868 1472 1838 1757 1989 
9869 725 38 1628 2345 
9870 1758 1835 1491 2366 
9871 695 1311 696 1738 
9872 1198 755 2078 2109 
9873 800 1857 1586 2127 
9874 1720 1934 1580 1935 
9875 839 838 525 2291 
9876 1665 2173 1686 2308 
9877 1567 2196 1539 2240 
9878 717 1055 972 2157 
9879 1398 2101 1678 2257 
9880 1911 1914 1587 2373 
9881 1394 1894 1688 2336 
9882 277 1833 1332 2345 
9883 477 1037 1143 2076 
9884 1609 1929 1431 2191 
9885 400 359 1897 2127 
9886 669 667 480 1862 
9887 1785 1896 1573 1937 
9888 1395 2096 1743 2235 
9889 449 350 136 1888 
9890 118 1140 783 1739 
9891 1175 443 444 1725 
9892 1597 2070 1346 2242 
9893 60 609 1769 2263 
9894 1613 2010 1634 2095 
9895 414 256 413 2266 
9896 1146 1731 878 2083 
9897 1417 1940 1812 2251 
9898 1132 589 590 2031 
9899 1341 139 637 2298 
9900 1186 93 1884 2226 
9901 1779 2067 1566 2253 
9902 157 342 235 1959 
9903 1993 2026 1696 2372 
9904 1359 1611 1921 2160 
9905 1526 1608 2209 2348 
9906 1503 1735 2112 2145 
9907 939 837 1707 2231 
9908 267 1039 1084 1712 
9909 35 90 91 1957 
9910 1456 1924 2023 2361 
9911 1978 2083 1731 2276 
9912 1400 1842 1961 2093 
9913 1065 598 599 1758 
9914 1405 1664 1784 1847 
9915 1061 50 350 2129 
9916 140 1058 1041 1832 
9917 1909 2246 1460 2295 
9918 1400 1612 2023 2216 
9919 1739 1844 1406 2038 
9920 503 1933 521 2344 
9921 529 528 530 2085 
9922 1402 1703 2113 2303 
9923 1515 1634 2010 2024 
9924 1032 1197 379 1825 
9925 798 985 1156 1843 
9926 639 682 683 2283 
9927 912 12 1081 1647 
9928 1508 2046 1759 2153 
9929 481 956 483 2203 
9930 1130 558 1826 2347 
9931 1688 1894 1588 2336 
9932 1497 2013 1595 2061 
9933 141 476 140 2068 
9934 1086 193 1724 2285 
9935 167 169 168 1723 
9936 1653 1490 2149 2250 
9937 1026 1317 1810 2266 
9938 404 862 1168 1760 
9939 720 698 752 2074 
9940 1460 1683 2286 2295 
9941 899 1288 253 1674 
9942 374 1126 373 1948 
9943 1644 2230 923 2341 
9944 1396 1642 2131 2355 
9945 1389 2053 1642 2163 
9946 1696 1463 2249 2364 
9947 227 226 6 1988 
9948 117 116 115 2128 
9949 989 1155 1939 2055 
9950 1468 1804 1727 2125 
9951 214 1328 1676 2354 
9952 492 248 491 2286 
9953 1426 1976 1902 2227 
9954 1749 1982 1566 2062 
9955 1944 2114 1549 2153 
9956 876 718 665 1965 
9957 1381 1721 2143 2377 
9958 1622 2037 2032 2161 
9959 1237 63 64 1580 
9960 1800 1988 1453 2079 
9961 2065 2118 1483 2140 
9962 1040 1041 422 1966 
9963 1363 1880 1761 1892 
9964 777 1260 228 1930 
9965 695 1311 1738 2363 
9966 932 457 939 1707 
9967 392 394 393 1684 
9968 1560 2251 2021 2338 
9969 408 633 942 2309 
9970 1159 1158 1157 1901 
9971 1621 2322 808 2365 
9972 74 10 11 1619 
9973 1452 1940 1719 2251 
9974 1445 2171 1733 2324 
9975 1685 1445 1947 2137 
9976 1840 1870 1512 2371 
9977 1248 1781 1033 2200 
9978 1173 1079 62 1720 
9979 1377 1672 2016 2290 
9980 880 2177 1078 2280 
9981 1591 1853 1385 2104 
9982 187 1886 461 2204 
9983 181 191 547 2012 
9984 1748 1936 1261 2364 
9985 2177 2179 1078 2280 
9986 1509 2118 1710 2374 
9987 1579 1921 1729 2160 
9988 408 2116 633 2309 
9989 145 1011 465 2169 
9990 1586 1857 800 2385 
9991 1380 2218 1814 2340 
9992 802 31 385 2071 
9993 1802 1911 1626 2373 
9994 1441 2129 1547 2170 
9995 1121 1120 1119 2386 
9996 547 191 548 1770 
9997 1081 912 1647 2169 
9998 1324 190 1172 1688 
9999 1744 1407 2051 2314 
10000 422 1966 421 2350 
10001 1599 2019 1531 2193 
10002 1567 2240 1539 2317 
10003 995 1936 1344 2267 
10004 1477 1769 2077 2187 
10005 1734 1970 1632 2281 
10006 1383 1632 1970 2281 
10007 44 46 45 2378 
10008 1747 2087 1244 2368 
10009 1293 1334 1346 2242 
10010 1409 1816 1684 1857 
10011 1104 2060 368 2276 
10012 1446 1978 1779 2172 
10013 463 315 71 1653 
10014 361 1112 360 2127 
10015 1408 2091 1771 2178 
10016 1778 1928 1464 2271 
10017 1687 1869 1444 2208 
10018 94 1664 758 2358 
10019 1295 1891 791 1954 
10020 893 1102 1164 1844 
10021 167 468 156 1723 
10022 1463 2106 1932 2364 
10023 1288 1289 222 1852 
10024 35 736 90 1957 
10025 1548 2299 2362 2367 
10026 1418 1884 1854 2383 
10027 223 253 1288 1831 
10028 663 1708 823 1984 
10029 868 932 869 1707 
10030 18 172 76 2356 
10031 476 477 1136 2068 
10032 849 1812 651 1940 
10033 581 2121 1962 2347 
10034 1771 1955 1539 2287 
10035 1834 1551 2190 2379 
10036 1756 2150 1544 2355 
10037 135 134 121 2036 
10038 429 344 357 2029 
10039 1086 499 193 2285 
10040 1265 817 1177 2043 
10041 1038 2073 328 2233 
10042 1960 2016 1672 2290 
10043 1543 2090 1887 2346 
10044 1512 2166 1700 2322 
10045 1425 2032 1622 2037 
10046 1701 2204 1676 2222 
10047 1050 1936 1685 2137 
10048 1064 1327 1325 2223 
10049 1748 1936 1463 2163 
10050 1426 1982 1678 1987 
10051 1371 1931 2255 2317 
10052 1160 1005 494 1791 
10053 310 122 311 1661 
10054 74 2192 705 2359 
10055 1430 2005 1850 2066 
10056 1528 2223 1785 2269 
10057 1383 1749 2062 2260 
10058 179 592 1770 2195 
10059 1526 1814 1889 2326 
10060 879 1146 878 2083 
10061 1431 1929 1692 2337 
10062 1778 1928 1858 2329 
10063 1277 1144 1037 2197 
10064 1516 1899 1719 2021 
10065 235 311 122 1661 
10066 463 1653 71 2197 
10067 1449 2031 1746 2155 
10068 1486 1967 1664 1969 
10069 1444 1557 2063 2208 
10070 1561 1981 1863 2105 
10071 1876 1572 2286 2295 
10072 1714 2066 3 2158 
10073 733 605 50 1912 
10074 842 2056 1185 2305 
10075 1057 1810 2306 2311 
10076 69 1599 68 2193 
10077 1437 1993 1838 2236 
10078 1498 1869 1944 2153 
10079 1755 1255 2179 2280 
10080 530 968 1111 2085 
10081 1445 1733 2131 2324 
10082 1607 2307 1681 2326 
10083 1614 1951 1488 2240 
10084 342 264 341 1959 
10085 1708 2211 1984 2328 
10086 1896 1958 1553 1968 
10087 5 427 1796 2051 
10088 1456 1924 2147 2311 
10089 75 1127 1118 1767 
10090 738 739 827 1681 
10091 679 239 92 1669 
10092 1607 1450 2307 2326 
10093 1438 1874 1661 2059 
10094 973 610 1198 1736 
10095 1368 1914 1911 2373 
10096 1878 2213 1718 2217 
10097 1465 2123 1660 2158 
10098 1639 2175 1682 2356 
10099 1228 1241 2242 2328 
10100 1660 2123 29 2158 
10101 844 1657 842 2305 
10102 1609 1431 1929 2272 
10103 827 1681 739 2307 
10104 8 30 7 2189 
10105 1492 1964 1556 2230 
10106 1414 1687 1881 2063 
10107 457 1707 932 2148 
10108 529 882 1817 2085 
10109 765 766 1343 2044 
10110 2032 2037 1552 2161 
10111 1731 2083 1146 2276 
10112 1080 629 520 2316 
10113 555 556 163 1737 
10114 1388 1883 2024 2095 
10115 426 561 560 1735 
10116 748 2306 1691 2311 
10117 652 1940 651 1941 
10118 1497 2013 1783 2298 
10119 1559 2168 1599 2360 
10120 781 783 782 2139 
10121 2061 2066 1660 2319 
10122 1457 1931 1849 2317 
10123 1405 2118 1662 2342 
10124 646 1086 1724 2285 
10125 1098 544 545 1971 
10126 1514 2023 1924 2361 
10127 1615 1422 1872 2098 
10128 1745 2039 1427 2297 
10129 1141 1157 1188 1901 
10130 566 2019 1945 2350 
10131 1746 1449 2234 2312 
10132 1315 1879 1044 1924 
10133 1241 1667 2242 2328 
10134 153 921 1776 2006 
10135 95 364 1953 1967 
10136 1164 119 1193 2038 
10137 1448 2167 1656 2237 
10138 1664 1953 758 2358 
10139 1026 1810 1057 2311 
10140 1749 1927 1383 1970 
10141 449 1888 1243 2082 
10142 1121 1168 1120 1760 
10143 1652 2169 2124 2194 
10144 940 977 941 1913 
10145 1777 2039 901 2297 
10146 1497 1603 2013 2298 
10147 597 895 2038 2162 
10148 161 808 974 1890 
10149 1166 1167 1259 1705 
10150 1718 1980 1878 2217 
10151 1466 1782 1998 2104 
10152 1383 1927 1734 1970 
10153 753 1696 308 2108 
10154 928 405 534 1918 
10155 777 924 1240 2017 
10156 1456 2147 1924 2361 
10157 1294 150 1868 2152 
10158 1665 1369 2030 2293 
10159 1170 1744 209 1926 
10160 267 1004 1039 1712 
10161 1394 1688 1894 2333 
10162 1359 1611 2160 2284 
10163 1117 812 1662 2140 
10164 1327 1887 1064 2346 
10165 625 562 2012 2332 
10166 1633 1913 1417 1941 
10167 572 1819 722 1930 
10168 218 220 219 1787 
10169 108 451 144 2175 
10170 138 605 1049 1912 
10171 1384 1846 1694 2279 
10172 1692 2193 1599 2337 
10173 879 1146 2083 2276 
10174 896 800 626 2385 
10175 1422 1725 1872 2122 
10176 320 1869 502 2208 
10177 1117 1662 1847 2140 
10178 936 1644 328 2073 
10179 1446 1572 1978 2276 
10180 1164 597 895 2038 
10181 993 852 159 2358 
10182 809 967 695 2363 
10183 1330 219 473 2138 
10184 1622 2037 381 2248 
10185 361 1695 398 2375 
10186 863 852 864 2307 
10187 1396 2131 1726 2355 
10188 655 712 682 1727 
10189 719 2283 2074 2353 
10190 227 1254 226 1800 
10191 1898 2191 1531 2294 
10192 1160 1791 495 2141 
10193 74 10 1619 2359 
10194 1618 2100 1476 2343 
10195 1960 2016 1520 2215 
10196 803 907 107 2356 
10197 1849 1931 1457 2220 
10198 1471 2091 1908 2178 
10199 1494 1882 1765 2040 
10200 1427 1858 1989 2013 
10201 747 1318 474 2306 
10202 931 1355 1745 2252 
10203 1453 1956 1805 2314 
10204 710 1028 603 1951 
10205 1674 1831 1402 1852 
10206 29 2066 1660 2158 
10207 1764 2111 408 2116 
10208 1132 1746 760 2234 
10209 1251 306 322 1711 
10210 1498 1841 2117 2278 
10211 207 238 1904 2094 
10212 1408 1942 1602 2160 
10213 784 726 565 1722 
10214 1759 2046 1510 2348 
10215 1556 1788 1443 2176 
10216 742 2005 1783 2319 
10217 1325 1785 1340 2223 
10218 1468 2125 1727 2308 
10219 1601 1466 2018 2331 
10220 2130 2300 1580 2376 
10221 1397 1727 2125 2308 
10222 1283 227 749 1800 
10223 1778 2329 1858 2334 
10224 415 2134 1935 2300 
10225 1023 753 2108 2249 
10226 1053 368 1104 2060 
10227 1157 1901 1158 2309 
10228 1237 63 1580 2300 
10229 4 427 230 1796 
10230 1484 2288 1875 2380 
10231 498 424 356 2344 
10232 989 1155 86 1939 
10233 500 363 501 2077 
10234 835 1003 203 1885 
10235 146 1045 545 1879 
10236 1505 2192 1619 2321 
10237 429 2029 484 2212 
10238 1377 2016 1672 2215 
10239 1720 1935 454 2000 
10240 1120 1760 1168 2386 
10241 1187 1884 1331 2383 
10242 541 540 539 2205 
10243 839 748 838 1691 
10244 937 1244 2087 2368 
10245 514 567 1945 2019 
10246 930 901 2039 2297 
10247 1535 1946 1689 2385 
10248 1408 1602 1942 2178 
10249 433 1841 417 2069 
10250 829 532 128 1692 
10251 1287 918 1816 1857 
10252 1470 1997 2149 2274 
10253 1302 839 1977 2311 
10254 203 202 201 1646 
10255 1059 1091 1090 2304 
10256 1611 1359 1921 2093 
10257 123 231 157 2279 
10258 660 1860 569 2275 
10259 775 557 1244 1747 
10260 1176 831 1955 2196 
10261 1590 2167 1803 2239 
10262 94 95 758 1664 
10263 594 905 42 1864 
10264 1554 1470 2068 2076 
10265 969 1001 651 1941 
10266 842 1657 2056 2305 
10267 2046 2153 1508 2378 
10268 1541 1904 2001 2184 
10269 467 1145 694 1709 
10270 1531 1929 2191 2337 
10271 321 1869 2208 2378 
10272 828 1769 609 2077 
10273 1026 1027 466 2266 
10274 156 468 469 2004 
10275 1364 1549 2001 2114 
10276 718 836 655 1965 
10277 905 586 339 2181 
10278 1463 1748 2249 2364 
10279 1486 1845 2142 2295 
10280 1346 858 857 2302 
10281 941 969 1812 1913 
10282 708 308 753 1696 
10283 1362 1922 1855 2042 
10284 1651 2088 1963 2305 
10285 1128 1016 1017 1717 
10286 885 1809 1313 2310 
10287 1539 1915 1829 2255 
10288 353 1689 352 2384 
10289 947 510 114 2123 
10290 514 1945 566 2019 
10291 1420 1800 1893 2325 
10292 987 916 489 1991 
10293 1354 903 1777 2250 
10294 999 1263 1262 2384 
10295 1140 1102 944 1844 
10296 1660 1939 1497 2319 
10297 1086 1087 646 1724 
10298 1743 2264 1380 2340 
10299 1669 1884 1628 2320 
10300 1783 2005 1430 2319 
10301 1195 1289 336 1852 
10302 1439 1669 2271 2320 
10303 1275 2116 1705 2206 
10304 1761 1993 1379 2026 
10305 297 20 1798 2047 
10306 1148 15 1150 1836 
10307 937 1775 938 2368 
10308 1514 1924 2147 2361 
10309 596 595 597 1658 
10310 1305 1737 556 2056 
10311 1438 1904 1848 2114 
10312 60 609 828 1769 
10313 1648 1781 1386 2274 
10314 1238 1867 229 2206 
10315 186 1676 215 2204 
10316 1457 1915 1713 2255 
10317 1713 1915 1479 2255 
10318 742 479 2005 2066 
10319 789 1999 1755 2248 
10320 1287 918 1286 1816 
10321 1539 1955 1614 2196 
10322 965 1068 1069 1752 
10323 1463 1936 1748 2364 
10324 501 1769 828 2077 
10325 1273 1833 278 1850 
10326 1380 2264 1710 2340 
10327 1935 2134 1434 2300 
10328 84 922 604 1948 
10329 599 1065 1758 2346 
10330 273 2089 873 2354 
10331 742 2066 2005 2319 
10332 328 2073 1644 2233 
10333 1451 2019 1966 2350 
10334 1302 839 1171 1977 
10335 1633 2030 1474 2132 
10336 199 200 711 1938 
10337 1199 973 1198 1736 
10338 1511 1593 2044 2313 
10339 1415 1878 1980 2217 
10340 1240 377 572 2017 
10341 1982 1987 1426 2062 
10342 1364 2114 1759 2153 
10343 1371 1849 1931 2317 
10344 855 577 854 2230 
10345 1875 2288 1536 2380 
10346 1383 1927 1749 2260 
10347 931 1745 1350 2297 
10348 845 1815 824 2327 
10349 1698 1961 1921 2093 
10350 1604 2198 1707 2231 
10351 878 1731 1097 2227 
10352 1053 1153 2060 2243 
10353 1562 1979 1702 2201 
10354 1247 1820 691 2128 
10355 1458 1755 1795 2256 
10356 672 1717 2148 2347 
10357 1818 1914 1587 2182 
10358 291 438 391 2012 
10359 1447 1846 2029 2379 
10360 777 1930 924 2017 
10361 1445 1733 2171 2267 
10362 219 220 473 1787 
10363 1095 1235 1976 2227 
10364 810 1621 808 2365 
10365 198 507 508 1938 
10366 361 400 398 1695 
10367 1611 1942 1413 2247 
10368 1609 2189 1929 2191 
10369 916 1839 645 1991 
10370 74 980 981 2192 
10371 1246 1763 866 2043 
10372 1779 1978 1566 2172 
10373 1308 1906 273 2354 
10374 380 381 2037 2248 
10375 145 912 2169 2194 
10376 1613 1388 2010 2095 
10377 912 1647 2169 2194 
10378 1082 909 910 1795 
10379 1475 1596 2103 2182 
10380 1243 1888 1225 2082 
10381 328 923 327 1644 
10382 300 1212 299 1803 
10383 1080 520 1907 2316 
10384 1390 1611 1961 2247 
10385 945 2100 833 2343 
10386 1074 459 1089 2132 
10387 925 2044 1593 2313 
10388 1475 1914 1818 2182 
10389 927 1131 763 2126 
10390 1385 1998 1782 2104 
10391 1580 2130 1577 2177 
10392 168 169 1006 2064 
10393 1746 2031 1449 2312 
10394 332 23 374 1813 
10395 480 1862 667 2345 
10396 1784 1873 1405 2342 
10397 1446 1978 1731 2276 
10398 759 2154 751 2375 
10399 1695 1515 2024 2375 
10400 1733 1905 1475 2034 
10401 1427 2039 1745 2252 
10402 301 1762 303 2267 
10403 1929 2189 1531 2191 
10404 899 898 348 2007 
10405 1909 2286 1572 2295 
10406 1546 1984 1872 2211 
10407 1147 1146 370 2276 
10408 1217 1028 387 1951 
10409 789 379 1197 2248 
10410 179 519 684 2195 
10411 1775 1413 2087 2128 
10412 187 461 214 2204 
10413 46 154 135 2036 
10414 77 2080 1650 2382 
10415 663 823 662 1984 
10416 743 1215 229 1867 
10417 1065 1758 1064 2223 
10418 62 63 454 1720 
10419 209 1744 795 1926 
10420 1412 2115 1750 2330 
10421 884 1024 885 1809 
10422 1256 187 185 2204 
10423 1340 1072 1073 1785 
10424 1739 2139 1490 2185 
10425 880 261 262 2177 
10426 1477 1972 1610 2077 
10427 1242 1096 1239 1728 
10428 1359 2072 1602 2160 
10429 719 639 2283 2353 
10430 131 844 133 2305 
10431 1421 1655 1912 2202 
10432 1216 1728 1096 2227 
10433 1287 800 1857 2385 
10434 1132 590 760 1746 
10435 566 514 567 1945 
10436 1084 1039 1208 2075 
10437 1455 1818 1726 2033 
10438 890 889 2313 2335 
10439 533 282 720 1772 
10440 1878 2213 1469 2261 
10441 866 1763 882 2085 
10442 899 338 1288 1674 
10443 931 2039 2252 2297 
10444 1541 2001 1972 2184 
10445 356 216 283 1859 
10446 1606 2159 1406 2185 
10447 582 900 2065 2112 
10448 1696 2106 708 2174 
10449 1103 943 944 1844 
10450 882 1203 529 1817 
10451 1448 1803 2167 2239 
10452 933 870 913 1693 
10453 282 1772 281 2353 
10454 756 715 764 2239 
10455 353 352 351 2384 
10456 1364 2187 1702 2348 
10457 542 1715 372 2008 
10458 861 2231 1604 2283 
10459 673 1908 499 2285 
10460 1234 1235 1242 1902 
10461 287 1647 912 2194 
10462 496 617 506 1741 
10463 1762 1445 2171 2267 
10464 170 2164 1920 2356 
10465 445 502 320 1869 
10466 676 1170 1169 1926 
10467 884 1809 2310 2316 
10468 596 1004 595 1658 
10469 1464 1928 1778 2329 
10470 1769 2259 1462 2263 
10471 1702 1462 2187 2278 
10472 729 1817 1203 2022 
10473 125 126 383 1972 
10474 1593 1494 2113 2268 
10475 813 1847 1664 2358 
10476 1064 2223 1758 2346 
10477 129 2028 307 2174 
10478 70 2019 69 2193 
10479 380 2037 1825 2248 
10480 1315 1044 1264 1924 
10481 1467 2185 1606 2369 
10482 1364 1881 1702 2278 
10483 1123 805 155 1672 
10484 1057 748 839 2311 
10485 1434 1652 2124 2219 
10486 1435 1896 1785 1937 
10487 1601 2058 1398 2296 
10488 383 1972 366 2184 
10489 1492 2282 2230 2341 
10490 1434 2124 1802 2219 
10491 1417 2021 2251 2338 
10492 937 1310 938 1775 
10493 830 953 1135 1821 
10494 1 1714 3 2158 
10495 1441 1655 2129 2170 
10496 1359 1602 2072 2284 
10497 89 91 90 1957 
10498 103 1226 14 2315 
10499 1385 1870 1656 2371 
10500 282 699 698 2353 
10501 1359 2160 1602 2284 
10502 950 951 987 1789 
10503 687 1730 751 2154 
10504 1498 2069 1841 2278 
10505 1477 2086 1830 2326 
10506 2092 2125 1550 2173 
10507 5 1744 209 2051 
10508 1435 1937 1785 2133 
10509 153 711 921 2006 
10510 628 1875 629 2288 
10511 497 1957 2076 2197 
10512 1546 1872 1984 2122 
10513 955 159 863 1679 
10514 1731 1976 1426 2227 
10515 42 41 43 2181 
10516 95 456 364 1967 
10517 791 1295 716 1891 
10518 116 780 115 2128 
10519 1359 2093 1611 2284 
10520 1501 2088 1651 2305 
10521 1407 1956 1805 2318 
10522 1639 1442 2014 2356 
10523 1539 2196 1614 2240 
10524 1400 2093 1626 2216 
10525 1284 1000 1165 1893 
10526 1792 1992 1424 2072 
10527 1422 1675 1866 2265 
10528 1469 1837 1973 2284 
10529 1456 2147 1977 2311 
10530 1322 1783 2005 2252 
10531 1320 1311 843 2363 
10532 115 691 117 2128 
10533 1202 155 805 1672 
10534 1461 2048 1608 2096 
10535 1445 1936 1685 2163 
10536 1068 1752 965 2161 
10537 1314 507 199 2122 
10538 884 1809 885 2310 
10539 1182 1708 663 2328 
10540 1458 1795 1755 2280 
10541 296 703 1346 2070 
10542 573 759 399 2154 
10543 1322 2039 1783 2252 
10544 912 287 12 1647 
10545 610 804 1198 2289 
10546 2005 2066 1430 2319 
10547 614 879 613 2083 
10548 1463 1936 1932 2163 
10549 1939 2055 1570 2294 
10550 709 548 592 1770 
10551 1453 1796 1956 2314 
10552 1269 1291 1292 1771 
10553 1602 1942 1837 2284 
10554 1251 1252 1100 2152 
10555 214 1676 186 2204 
10556 1482 2204 1701 2222 
10557 969 651 849 1812 
10558 1807 2265 1488 2277 
10559 1859 2046 1508 2378 
10560 740 315 463 1653 
10561 1842 2023 1514 2361 
10562 471 2073 472 2121 
10563 1419 1625 2049 2342 
10564 430 621 1804 2212 
10565 918 919 1816 2221 
10566 472 2073 1962 2121 
10567 888 868 875 1766 
10568 176 746 745 2107 
10569 398 759 751 2375 
10570 1376 1631 2105 2381 
10571 890 2313 1937 2335 
10572 234 1815 197 2282 
10573 1726 1905 1818 2131 
10574 1841 2069 1610 2278 
10575 1050 1122 1051 1685 
10576 1116 1891 717 2239 
10577 1533 1870 1782 2104 
10578 1398 1763 2002 2296 
10579 958 1908 673 2091 
10580 297 266 19 2047 
10581 1511 2044 1576 2221 
10582 1439 1975 1669 2320 
10583 1665 2293 2030 2338 
10584 1629 2106 1463 2372 
10585 1476 2246 1978 2387 
10586 1708 1828 1502 2225 
10587 1599 1966 1554 2339 
10588 47 48 1848 2059 
10589 173 47 48 1848 
10590 1452 2181 1864 2264 
10591 97 68 1599 2360 
10592 1410 1896 1785 2269 
10593 1597 1467 2050 2070 
10594 1666 2030 1369 2293 
10595 891 1205 1937 2003 
10596 1962 2073 1443 2121 
10597 1494 2040 1980 2268 
10598 1477 1953 1769 2086 
10599 699 2074 698 2353 
10600 296 1346 857 2302 
10601 869 1707 837 2231 
10602 719 2074 699 2353 
10603 1383 1970 1632 2387 
10604 902 901 903 1777 
10605 1491 1724 2057 2366 
10606 1726 2131 1642 2355 
10607 1431 2191 1929 2337 
10608 1497 2061 1660 2319 
10609 1299 1835 1114 2202 
10610 1820 2087 1413 2128 
10611 1750 2115 1523 2330 
10612 1522 2033 1802 2299 
10613 1180 673 499 2285 
10614 1247 2087 1820 2128 
10615 433 241 417 1841 
10616 707 706 705 2192 
10617 1521 1971 1652 2194 
10618 876 875 868 1965 
10619 878 1097 1095 2227 
10620 242 318 417 1841 
10621 1365 2142 1845 2295 
10622 1643 2070 1467 2159 
10623 68 532 2193 2360 
10624 937 775 1244 2368 
10625 1010 453 454 2000 
10626 269 920 1762 2137 
10627 1439 1985 1975 2320 
10628 1364 1702 2187 2278 
10629 1275 1245 2116 2206 
10630 803 1285 31 2071 
10631 231 1959 157 2279 
10632 1757 1838 1472 2236 
10633 1026 1810 747 2306 
10634 97 68 69 1599 
10635 1724 1908 1471 2285 
10636 754 785 1309 2205 
10637 1475 1733 2171 2324 
10638 1417 1913 1812 1941 
10639 1439 2271 1628 2320 
10640 1424 1992 1792 2351 
10641 1202 804 1960 2289 
10642 1339 1261 1936 2364 
10643 1400 2216 1626 2219 
10644 1667 2224 1478 2302 
10645 1608 2048 1461 2207 
10646 1527 2008 1715 2195 
10647 1560 2264 1743 2340 
10648 1046 877 878 2083 
10649 389 388 387 1916 
10650 1292 1291 792 2287 
10651 1466 2104 1853 2331 
10652 1848 1904 1549 2114 
10653 164 599 1299 2346 
10654 1775 2087 1310 2128 
10655 681 897 976 2049 
10656 421 2019 566 2350 
10657 497 1957 736 2076 
10658 198 1807 588 2277 
10659 1354 1777 901 2297 
10660 1436 2011 1760 2333 
10661 88 87 86 1939 
10662 1135 1176 831 1955 
10663 1441 2018 2002 2296 
10664 5 427 4 1796 
10665 240 239 1975 2320 
10666 789 1197 1999 2248 
10667 1047 410 411 1827 
10668 1354 903 901 1777 
10669 273 1906 2089 2354 
10670 945 1046 946 1976 
10671 1710 2264 1560 2340 
10672 543 996 1036 2189 
10673 977 1067 1059 1913 
10674 846 848 847 1899 
10675 1407 1867 1796 1956 
10676 1698 2093 1626 2219 
10677 1365 1572 1978 2142 
10678 1845 1460 1923 2295 
10679 1451 2055 1939 2294 
10680 273 1308 272 1906 
10681 1757 1997 1386 2149 
10682 599 1114 1299 1835 
10683 1622 1425 2037 2248 
10684 1026 747 1057 2306 
10685 183 335 182 2069 
10686 1765 1980 1494 2040 
10687 1549 2069 1610 2184 
10688 1155 1161 947 2055 
10689 328 1644 327 2233 
10690 1292 1771 1291 2287 
10691 1966 2019 1451 2339 
10692 273 1906 522 2089 
10693 1460 1808 2201 2241 
10694 1282 1312 1063 1701 
10695 1445 1762 2171 2324 
10696 542 519 372 1715 
10697 1190 987 1309 1789 
10698 1451 2019 1945 2294 
10699 727 704 703 2070 
10700 399 398 400 1695 
10701 1385 1591 2104 2166 
10702 1098 1308 1249 1677 
10703 676 1170 1926 2049 
10704 293 194 134 1694 
10705 1354 2250 1777 2297 
10706 662 1056 960 1984 
10707 708 1696 753 2364 
10708 992 1059 1001 1913 
10709 1301 1349 2055 2350 
10710 1222 1286 919 1816 
10711 1410 1785 2223 2269 
10712 168 1007 1723 2064 
10713 463 1144 1277 2197 
10714 432 313 431 1742 
10715 97 96 68 2360 
10716 1559 1957 1648 1997 
10717 8 515 543 2189 
10718 1977 2147 1456 2361 
10719 1812 1940 1582 2251 
10720 1805 1956 1489 2318 
10721 273 522 873 2089 
10722 1337 263 1271 2139 
10723 285 1944 1869 2378 
10724 571 1819 1990 2154 
10725 1215 1188 1157 1901 
10726 657 1261 656 1748 
10727 175 176 240 1975 
10728 1392 1774 1840 2229 
10729 1642 2053 1463 2163 
10730 975 1196 161 1890 
10731 1921 1961 1611 2093 
10732 801 719 853 2074 
10733 1052 246 1876 2286 
10734 1419 2049 1662 2342 
10735 910 1082 1795 2280 
10736 214 1250 1328 2354 
10737 999 2384 352 2385 
10738 592 191 179 1770 
10739 2030 2293 1666 2338 
10740 258 1751 256 2300 
10741 1350 931 1355 1745 
10742 264 231 304 1959 
10743 613 615 614 1909 
10744 345 1041 1058 1966 
10745 266 297 265 1798 
10746 1486 2142 1625 2243 
10747 1202 611 1226 1960 
10748 1811 1837 1571 2273 
10749 1435 2003 1937 2133 
10750 808 1890 161 2322 
10751 497 2076 1143 2197 
10752 1012 713 192 2080 
10753 1050 1344 1335 1936 
10754 866 881 882 1763 
10755 1322 1139 1323 2252 
10756 507 1938 199 2122 
10757 351 1021 1824 2384 
10758 352 2384 1689 2385 
10759 1499 2232 1826 2347 
10760 1944 2153 1869 2378 
10761 1213 529 729 1817 
10762 1218 348 898 2007 
10763 380 1825 379 2248 
10764 1309 951 754 1789 
10765 1467 2159 1606 2185 
10766 1726 2033 1522 2362 
10767 1804 2156 1468 2353 
10768 453 2000 1348 2359 
10769 468 168 1007 1723 
10770 1407 1790 2145 2318 
10771 235 212 236 1874 
10772 690 1820 1247 2087 
10773 1202 155 1672 2315 
10774 30 385 2071 2189 
10775 1696 2026 1463 2372 
10776 629 2288 1875 2316 
10777 1444 1869 2153 2378 
10778 1222 1286 1816 2146 
10779 16 840 109 2175 
10780 144 142 419 1806 
10781 60 61 609 2263 
10782 1461 2096 1608 2207 
10783 1386 2149 1997 2274 
10784 742 479 1138 2005 
10785 1654 2058 1398 2370 
10786 561 584 1042 2112 
10787 1992 2160 2072 2323 
10788 1386 1880 1801 2236 
10789 92 239 39 2320 
10790 1368 2033 1818 2373 
10791 256 1751 257 2266 
10792 1621 2031 1532 2365 
10793 565 726 796 1722 
10794 1486 2142 1876 2295 
10795 167 156 103 1877 
10796 372 180 213 1715 
10797 1367 2099 1958 2261 
10798 308 2028 309 2108 
10799 887 1915 904 2287 
10800 1307 1122 1050 1685 
10801 616 513 516 1895 
10802 918 393 917 2221 
10803 1526 1830 2086 2326 
10804 1396 1733 1905 2131 
10805 1612 1924 1879 2023 
10806 360 1857 800 2127 
10807 752 801 849 2074 
10808 578 381 579 2037 
10809 1029 384 1929 2272 
10810 1303 1331 1332 2383 
10811 34 1089 1017 2132 
10812 979 53 416 1985 
10813 1553 1768 2099 2269 
10814 9 978 8 1740 
10815 1444 2153 2046 2378 
10816 134 217 293 1694 
10817 1903 2136 1601 2331 
10818 1569 2213 1878 2217 
10819 142 143 245 1806 
10820 486 408 1764 2111 
10821 1380 1710 2218 2340 
10822 1441 2002 1763 2296 
10823 1445 1932 1733 2267 
10824 680 675 681 1784 
10825 1538 1856 2120 2293 
10826 1347 645 915 1839 
10827 296 2050 703 2070 
10828 68 2193 1599 2360 
10829 327 1885 1003 2233 
10830 730 729 731 1680 
10831 522 273 271 1906 
10832 1365 1779 1873 2142 
10833 368 2060 1109 2276 
10834 1796 1867 1545 1956 
10835 1499 1962 1598 2347 
10836 1126 24 922 1948 
10837 1393 1792 2323 2351 
10838 1433 1780 1828 2349 
10839 649 308 309 2108 
10840 1543 1835 2090 2346 
10841 1358 1794 2352 2367 
10842 353 968 959 1952 
10843 593 892 851 1864 
10844 1783 2039 929 2298 
10845 263 1219 120 1739 
10846 156 103 1877 2315 
10847 297 20 305 1798 
10848 414 1009 415 2134 
10849 1826 2232 1717 2347 
10850 484 429 452 2029 
10851 735 2076 736 2168 
10852 1648 1386 1997 2274 
10853 1142 1022 1036 1929 
10854 671 581 797 2347 
10855 935 456 778 1967 
10856 326 1038 328 2233 
10857 1898 2191 1595 2337 
10858 1095 1235 946 1976 
10859 425 391 438 2012 
10860 362 827 758 1953 
10861 633 1275 1245 2116 
10862 1432 1930 1922 2199 
10863 547 625 562 2012 
10864 1569 2216 2023 2217 
10865 689 952 691 1820 
10866 1491 1650 2080 2382 
10867 78 673 958 1908 
10868 1628 2271 1669 2320 
10869 337 349 984 2034 
10870 1588 2147 1977 2361 
10871 1992 2072 1792 2323 
10872 572 571 1819 1990 
10873 3 2066 2 2158 
10874 76 172 678 1920 
10875 1322 929 1783 2039 
10876 1450 2218 1679 2358 
10877 501 828 609 2077 
10878 1450 1953 1664 2358 
10879 1050 1051 920 2137 
10880 1202 805 804 2289 
10881 1768 2057 1528 2269 
10882 1963 2088 1657 2305 
10883 103 14 1877 2315 
10884 1297 1300 1094 1713 
10885 1731 1978 1476 2083 
10886 321 1869 320 2208 
10887 1722 2117 1687 2327 
10888 179 180 519 1715 
10889 1610 2001 1549 2184 
10890 1432 1819 1930 2199 
10891 1578 2143 1732 2377 
10892 578 966 2037 2161 
10893 83 602 1296 2196 
10894 566 1945 1349 2350 
10895 1318 1321 474 1765 
10896 114 510 245 2123 
10897 671 797 2148 2347 
10898 44 154 46 1859 
10899 1858 2329 1524 2334 
10900 1006 472 1038 1962 
10901 1576 2040 2044 2268 
10902 1104 368 369 2276 
10903 1038 1962 472 2073 
10904 1183 163 556 1737 
10905 229 1867 1215 2206 
10906 1616 2174 2106 2372 
10907 1322 1783 742 2005 
10908 1195 1154 222 1852 
10909 1151 1175 1174 1986 
10910 1572 1446 2060 2276 
10911 834 877 1046 2343 
10912 373 85 826 1829 
10913 1407 1805 1790 2318 
10914 1124 833 945 2100 
10915 1144 1143 1037 2197 
10916 1509 2118 2065 2140 
10917 1393 1818 2182 2324 
10918 1553 2099 1896 2269 
10919 2116 2206 1245 2309 
10920 203 1885 988 2341 
10921 1228 1181 1241 2328 
10922 952 830 447 1821 
10923 1383 1632 2281 2387 
10924 761 1150 1836 2258 
10925 110 1339 995 1932 
10926 1397 2254 1604 2308 
10927 1054 877 834 2343 
10928 1958 2099 1553 2261 
10929 1656 2237 1518 2371 
10930 595 1798 807 2162 
10931 533 281 282 1772 
10932 619 618 2065 2140 
10933 1 552 3 1714 
10934 1777 2149 1490 2250 
10935 792 904 794 2287 
10936 1391 2191 1609 2244 
10937 1815 1865 1414 2327 
10938 1128 1017 672 1717 
10939 1321 1318 859 1765 
10940 1182 148 822 2225 
10941 571 1990 686 2154 
10942 1564 1615 2045 2352 
10943 1644 1492 2230 2341 
10944 1456 2336 1977 2361 
10945 1564 1631 2041 2352 
10946 1391 2191 1898 2294 
10947 1565 2099 1768 2270 
10948 632 409 1279 2110 
10949 170 1920 172 2356 
10950 1476 1976 1731 2083 
10951 1417 2030 1665 2254 
10952 916 488 489 1991 
10953 1688 1588 1977 2336 
10954 1829 1915 1457 2255 
10955 1012 2080 77 2382 
10956 1400 1626 2093 2219 
10957 440 262 2130 2177 
10958 1284 1254 1283 1800 
10959 43 983 913 2097 
10960 1904 2001 1549 2114 
10961 234 824 197 1815 
10962 1281 1294 1229 1868 
10963 490 598 1065 2366 
10964 1151 1256 1257 1986 
10965 1036 1929 384 2189 
10966 658 1748 656 2249 
10967 210 583 426 2051 
10968 1530 2233 1618 2281 
10969 323 1080 1907 2316 
10970 1716 2112 2065 2374 
10971 505 2106 708 2364 
10972 926 749 820 1897 
10973 238 330 1904 2094 
10974 835 201 1054 2203 
10975 186 214 215 1676 
10976 52 51 50 2202 
10977 1358 2045 1615 2352 
10978 335 434 433 2069 
10979 1447 1846 1804 2212 
10980 904 887 606 1915 
10981 514 515 567 2019 
10982 408 942 486 1764 
10983 284 418 285 1869 
10984 1388 2199 1704 2325 
10985 1902 1987 1547 2082 
10986 269 1762 301 2137 
10987 1768 2099 1435 2270 
10988 1157 1158 1245 2309 
10989 687 527 751 1730 
10990 1010 454 1935 2000 
10991 110 1932 995 2267 
10992 301 2137 1762 2267 
10993 110 112 111 1932 
10994 1858 1928 1430 2329 
10995 1483 2065 2112 2374 
10996 1962 2121 1598 2347 
10997 936 923 328 1644 
10998 1125 65 554 2110 
10999 1572 1365 1978 2246 
11000 1682 1920 1442 2356 
11001 1730 2024 1515 2375 
11002 1169 1200 730 1926 
11003 400 359 820 1897 
11004 607 1051 1122 2141 
11005 1552 2105 2032 2381 
11006 412 847 971 1899 
11007 891 2003 1937 2313 
11008 1050 1344 1936 2137 
11009 1389 1748 2053 2163 
11010 948 832 104 1949 
11011 1096 1216 1239 1728 
11012 578 2037 579 2161 
11013 100 98 1013 2288 
11014 1248 1033 1034 2200 
11015 1100 807 305 1798 
11016 2033 2299 1522 2362 
11017 1399 1702 1979 2201 
11018 781 118 783 1739 
11019 409 632 408 2116 
11020 125 124 126 1972 
11021 1816 2146 1573 2335 
11022 198 1938 1807 2277 
11023 1020 1329 1231 2138 
11024 1588 1977 2336 2361 
11025 1936 2137 1344 2267 
11026 1468 1804 2125 2156 
11027 269 303 301 1762 
11028 677 684 519 2195 
11029 1440 2110 1700 2111 
11030 1539 2255 1829 2317 
11031 129 127 307 2028 
11032 1186 17 93 2226 
11033 719 699 639 2353 
11034 1622 2179 1755 2248 
11035 1992 2323 1792 2351 
11036 240 239 175 1975 
11037 1524 2075 1712 2334 
11038 1154 1206 1163 2003 
11039 1467 2200 1754 2369 
11040 1246 866 865 2043 
11041 70 515 514 2019 
11042 1380 1889 1743 2340 
11043 249 174 48 1848 
11044 74 705 10 2359 
11045 1322 1783 929 2298 
11046 744 387 1028 2277 
11047 1099 437 1223 2214 
11048 1285 419 7 2071 
11049 777 572 722 1930 
11050 633 2116 1245 2309 
11051 526 1172 525 2291 
11052 813 94 758 2358 
11053 696 1738 1119 2386 
11054 1654 1517 2079 2370 
11055 1077 327 1003 2233 
11056 1665 1856 2293 2338 
11057 298 299 732 1803 
11058 41 339 340 2181 
11059 170 171 2164 2356 
11060 615 1909 482 2286 
11061 1051 1297 1094 1713 
11062 178 45 1944 2378 
11063 403 404 1168 1760 
11064 1476 2246 1699 2343 
11065 1333 1924 1025 2311 
11066 452 355 424 2029 
11067 379 789 788 2248 
11068 1514 1879 1924 2023 
11069 1530 1734 2015 2281 
11070 937 938 523 2368 
11071 1359 2072 2160 2323 
11072 648 647 378 1706 
11073 932 939 869 1707 
11074 512 1895 424 2344 
11075 880 1078 1255 2280 
11076 1390 1676 1961 2222 
11077 1487 1736 2289 2290 
11078 1715 2008 1527 2096 
11079 1643 2027 1467 2070 
11080 659 661 660 1999 
11081 128 531 127 2360 
11082 1445 1932 1936 2163 
11083 834 1046 945 2343 
11084 258 257 256 1751 
11085 674 1117 812 1662 
11086 581 1962 580 2347 
11087 1186 93 1187 1884 
11088 1397 2092 1671 2173 
11089 989 86 87 1939 
11090 831 1296 1217 2196 
11091 1459 2120 1856 2293 
11092 1772 1468 2156 2353 
11093 1396 1905 1726 2131 
11094 1166 1259 1275 1705 
11095 1544 1925 1756 2357 
11096 29 2 2066 2158 
11097 1679 2307 1450 2358 
11098 1479 2255 1915 2287 
11099 380 379 381 2248 
11100 623 2146 1222 2335 
11101 1064 1758 1065 2346 
11102 1455 1818 2033 2188 
11103 410 1159 1141 1827 
11104 361 359 400 2127 
11105 990 331 721 1659 
11106 84 373 1126 1948 
11107 1290 1118 1127 1994 
11108 1877 2215 1493 2315 
11109 1032 379 380 1825 
11110 1728 1426 1902 2227 
11111 390 255 223 1831 
11112 1358 2352 1615 2367 
11113 1779 1627 2067 2253 
11114 1290 288 774 1994 
11115 571 573 1819 2154 
11116 517 322 306 1711 
11117 68 531 532 2360 
11118 1009 1935 415 2134 
11119 1520 1960 2215 2315 
11120 64 1078 880 2177 
11121 864 852 770 2307 
11122 676 674 1170 2049 
11123 603 1296 602 1951 
11124 629 1013 2288 2316 
11125 1008 751 218 2375 
11126 506 341 496 1741 
11127 117 448 388 1916 
11128 551 1220 841 1854 
11129 1444 2046 1859 2378 
11130 393 1329 917 2221 
11131 93 92 40 1884 
11132 1222 1816 919 2335 
11133 742 1783 741 2319 
11134 346 130 345 1966 
11135 689 1820 690 2157 
11136 1358 2355 1756 2357 
11137 112 110 302 1932 
11138 704 782 783 2027 
11139 1426 1678 1982 2257 
11140 152 857 858 2302 
11141 1083 1904 382 2184 
11142 1398 1678 2002 2257 
11143 314 313 312 2008 
11144 1722 1414 1865 2327 
11145 669 54 19 2047 
11146 589 810 1085 2365 
11147 1982 2101 1594 2257 
11148 258 860 257 1751 
11149 891 1937 890 2313 
11150 1227 643 934 1887 
11151 733 50 51 2202 
11152 577 1964 575 2230 
11153 1435 1785 1896 2269 
11154 1354 901 930 2297 
11155 1247 691 115 2128 
11156 1052 248 246 2286 
11157 688 462 317 2117 
11158 886 92 93 2226 
11159 1644 2073 1530 2233 
11160 1247 1310 2087 2128 
11161 1274 552 553 2383 
11162 916 645 646 1991 
11163 1182 823 663 1708 
11164 715 717 1891 2239 
11165 965 1069 707 1752 
11166 436 1045 1044 1879 
11167 1699 1909 1460 2203 
11168 1087 1724 193 2366 
11169 327 988 1003 1885 
11170 1275 1705 1259 2206 
11171 598 1758 1065 2366 
11172 880 261 2177 2280 
11173 675 674 676 2049 
11174 1258 1070 1254 2079 
11175 494 332 495 1791 
11176 619 812 815 2140 
11177 1044 146 147 1879 
11178 207 238 249 1904 
11179 756 755 757 2109 
11180 415 256 414 2300 
11181 464 414 413 2134 
11182 1256 1174 460 1986 
11183 970 941 969 1812 
11184 853 2074 719 2283 
11185 1876 2060 1572 2142 
11186 1599 2193 1692 2360 
11187 1685 1936 1445 2137 
11188 1390 1961 1698 2222 
11189 1599 2019 1966 2339 
11190 1170 209 795 1926 
11191 842 776 1185 2056 
11192 937 1244 1310 2087 
11193 1675 1488 2265 2277 
11194 1449 1853 2016 2290 
11195 915 916 1190 1839 
11196 1706 2110 1279 2386 
11197 209 1744 210 2051 
11198 1802 2299 2033 2373 
11199 1202 1960 1226 2315 
11200 927 928 535 2126 
11201 27 778 456 1967 
11202 652 971 816 1719 
11203 869 837 836 2231 
11204 1386 1997 1757 2236 
11205 1376 2041 1631 2381 
11206 2060 2142 1876 2243 
11207 1133 402 403 2011 
11208 1182 2225 1708 2328 
11209 29 2066 574 2319 
11210 1086 193 1087 1724 
11211 1092 763 1131 1750 
11212 670 480 667 2345 
11213 107 109 108 2175 
11214 819 511 1149 1824 
11215 1457 1829 2255 2317 
11216 138 137 136 1888 
11217 1081 10 1348 2359 
11218 283 1859 44 2378 
11219 850 849 651 1940 
11220 657 656 658 1748 
11221 1296 1951 1217 2196 
11222 517 20 21 2047 
11223 1092 1750 1131 2304 
11224 1493 1877 1723 2260 
11225 113 28 2123 2158 
11226 608 607 606 1915 
11227 1942 2160 1611 2284 
11228 1540 2237 1950 2273 
11229 1672 2215 1960 2315 
11230 1585 2213 1718 2261 
11231 1108 729 1203 2022 
11232 1287 627 800 2385 
11233 1696 1463 2106 2372 
11234 573 821 722 1819 
11235 1850 2075 2005 2329 
11236 1349 566 1353 1945 
11237 1117 674 675 1662 
11238 661 386 1030 2272 
11239 1456 1691 1977 2336 
11240 621 518 430 1804 
11241 761 1150 15 1836 
11242 753 1696 2249 2364 
11243 975 1199 1306 2078 
11244 297 19 20 2047 
11245 611 612 2234 2312 
11246 1602 2072 1992 2160 
11247 725 1075 38 2345 
11248 433 417 365 2069 
11249 336 630 539 2103 
11250 574 2066 742 2319 
11251 973 1272 610 2312 
11252 1303 1187 1331 2383 
11253 508 588 198 1807 
11254 628 149 629 1875 
11255 611 2234 1960 2312 
11256 420 422 421 2350 
11257 1513 2024 1730 2154 
11258 577 575 854 2230 
11259 1143 497 736 2076 
11260 1328 215 214 1676 
11261 576 577 724 1964 
11262 371 542 372 2008 
11263 85 904 826 1829 
11264 832 56 57 1949 
11265 1053 1876 779 2243 
11266 1768 1435 2099 2269 
11267 558 102 1130 1826 
11268 691 1247 690 1820 
11269 855 854 936 2230 
11270 508 1257 588 1807 
11271 1456 1977 1691 2311 
11272 681 26 680 1784 
11273 523 938 874 2089 
11274 1745 2252 2039 2297 
11275 1540 1954 1891 2237 
11276 742 574 479 2066 
11277 1675 1951 1488 2277 
11278 1579 2323 1992 2351 
11279 18 76 17 2226 
11280 1365 2246 1572 2295 
11281 650 1941 1090 2304 
11282 524 2305 1185 2368 
11283 76 1920 678 2226 
11284 1140 395 783 2027 
11285 1365 1572 2142 2295 
11286 1856 2165 1459 2293 
11287 700 1974 773 2195 
11288 1964 2230 1492 2282 
11289 1322 931 2039 2252 
11290 1198 2109 1736 2289 
11291 1665 2254 2173 2308 
11292 1572 1978 2083 2246 
11293 1192 1350 1355 1745 
11294 1222 2146 1816 2335 
11295 945 946 693 2100 
11296 1365 1845 1923 2295 
11297 1454 1906 1677 2354 
11298 263 120 118 1739 
11299 1505 1752 2192 2321 
11300 1079 1078 62 2179 
11301 200 1028 710 2277 
11302 482 1909 1054 2203 
11303 1802 1480 2299 2373 
11304 1922 1930 1507 2199 
11305 1317 747 1026 1810 
11306 247 492 60 2263 
11307 348 260 347 2034 
11308 760 15 13 2234 
11309 1837 1950 1571 2273 
11310 201 956 481 2203 
11311 1229 1868 1294 2225 
11312 110 302 1932 2267 
11313 1225 1243 137 1888 
11314 1445 1936 1932 2267 
11315 2065 2118 1509 2374 
11316 1704 1922 1507 2199 
11317 903 1210 998 2250 
11318 1402 2113 1831 2303 
11319 561 743 560 1735 
11320 890 1937 1071 2335 
11321 790 690 1247 2087 
11322 807 1798 1100 2162 
11323 911 910 909 1795 
11324 1023 2108 2020 2249 
11325 1507 1930 1819 2199 
11326 1322 741 1783 2298 
11327 668 667 669 1862 
11328 1135 1134 793 1955 
11329 1633 2115 1750 2304 
11330 512 513 424 1895 
11331 1021 511 351 1824 
11332 1427 1989 1757 2013 
11333 1184 1012 77 2382 
11334 1397 2173 1665 2254 
11335 1057 2306 748 2311 
11336 1893 1897 1586 2325 
11337 40 1331 1187 1884 
11338 611 1960 610 2312 
11339 504 708 2106 2174 
11340 1339 1344 995 1936 
11341 1588 2214 2147 2361 
11342 57 1949 56 2119 
11343 82 81 80 1754 
11344 1343 2044 1101 2221 
11345 869 836 868 1965 
11346 656 1748 1261 2364 
11347 891 1205 1071 1937 
11348 503 356 428 1933 
11349 931 930 2039 2297 
11350 1464 2329 1778 2334 
11351 495 375 825 2141 
11352 878 1146 1097 1731 
11353 254 439 898 2007 
11354 611 804 610 1960 
11355 179 684 592 2195 
11356 615 482 491 2286 
11357 1504 1647 2124 2169 
11358 482 481 483 2203 
11359 1128 672 797 2347 
11360 1498 1881 2153 2278 
11361 1078 2179 1255 2280 
11362 1230 277 1076 2345 
11363 314 371 506 2008 
11364 634 678 170 1920 
11365 28 29 2123 2158 
11366 1588 2336 1894 2361 
11367 647 1706 1279 2386 
11368 101 167 103 1877 
11369 735 736 35 2168 
11370 1832 1966 1451 2339 
11371 170 678 172 1920 
11372 592 548 191 1770 
11373 620 1002 983 2097 
11374 1201 1235 1234 1902 
11375 477 734 1136 2076 
11376 1876 2286 1683 2295 
11377 1487 1736 2109 2289 
11378 203 1003 988 1885 
11379 3 552 1273 1714 
11380 1529 1908 2091 2178 
11381 1553 1958 1896 2099 
11382 1463 2053 1748 2163 
11383 277 1332 1076 2345 
11384 100 1013 884 2316 
11385 1514 2147 2214 2361 
11386 1054 834 835 2343 
11387 1385 2104 1870 2166 
11388 579 1173 1068 2161 
11389 1931 1947 1457 2220 
11390 813 1113 680 1847 
11391 1167 1166 376 2017 
11392 46 135 358 2036 
11393 383 425 125 2332 
11394 1207 1034 82 2200 
11395 1494 1831 2113 2303 
11396 1915 2255 1539 2287 
11397 370 368 1109 2276 
11398 1332 1833 1274 2383 
11399 1694 1846 1384 2379 
11400 1119 696 1311 1738 
11401 609 723 2077 2259 
11402 380 381 578 2037 
11403 2014 2164 171 2356 
11404 915 645 916 1839 
11405 1427 1783 2039 2252 
11406 800 360 392 1857 
11407 1238 229 1215 2206 
11408 2288 2310 1484 2316 
11409 367 366 1972 2184 
11410 722 1260 777 1930 
11411 949 951 950 2133 
11412 176 177 1194 2107 
11413 1092 762 763 1750 
11414 320 502 401 2208 
11415 650 652 651 1941 
11416 1417 1665 2030 2338 
11417 806 99 1162 1910 
11418 110 995 302 2267 
11419 428 275 1933 2208 
11420 918 917 919 2221 
11421 304 231 250 2279 
11422 2032 2105 1631 2381 
11423 263 1739 781 2139 
11424 1219 1192 1193 2038 
11425 475 220 748 2306 
11426 72 89 90 1957 
11427 1120 1168 647 2386 
11428 1 3 2 2158 
11429 773 700 851 1974 
11430 335 343 434 2184 
11431 520 629 149 1875 
11432 1181 1182 663 2328 
11433 1762 2137 1445 2267 
11434 1279 647 648 1706 
11435 483 956 564 1865 
11436 67 1085 66 2365 
11437 667 1862 1230 2345 
11438 1760 2011 1436 2245 
11439 67 66 2111 2365 
11440 421 514 566 2019 
11441 866 1246 881 1763 
11442 741 742 1322 1783 
11443 578 579 966 2161 
11444 1065 1064 1066 2223 
11445 1365 1923 2246 2295 
11446 1455 2033 1726 2362 
11447 1117 815 812 2140 
11448 1491 2080 1724 2366 
11449 546 1971 544 2194 
11450 1491 2057 1758 2366 
11451 333 190 402 2011 
11452 1896 2099 1435 2269 
11453 1457 2255 1931 2317 
11454 552 551 553 1854 
11455 889 890 919 2335 
11456 194 259 123 2279 
11457 1756 1925 1481 2357 
11458 300 1803 298 2382 
11459 595 265 807 1798 
11460 948 888 875 1766 
11461 1421 1998 1782 2167 
11462 2033 2188 1818 2373 
11463 145 546 912 2194 
11464 1084 1230 668 1862 
11465 2110 2111 1440 2116 
11466 1423 1749 1927 2260 
11467 628 98 806 2288 
11468 453 706 1069 2000 
11469 69 68 70 2193 
11470 644 1236 1180 2285 
11471 1992 1579 2160 2323 
11472 1870 2166 1512 2371 
11473 449 1243 1214 2082 
11474 1449 2016 1960 2290 
11475 1316 1184 77 2382 
11476 1224 461 289 1886 
11477 656 2249 1748 2364 
11478 1030 386 384 2272 
11479 1945 2055 1451 2294 
11480 1501 2089 1775 2368 
11481 471 105 472 2073 
11482 1278 1273 278 1850 
11483 573 572 571 1819 
11484 1239 1246 1265 2043 
11485 246 779 1053 1876 
11486 1299 52 1917 2202 
11487 1597 2224 1667 2302 
11488 383 126 366 1972 
11489 1071 890 891 1937 
11490 1548 2210 2033 2299 
11491 1132 2234 612 2312 
11492 1636 2128 1558 2247 
11493 1455 1947 1931 2220 
11494 480 670 725 2345 
11495 1520 2215 1877 2315 
11496 1345 1019 1321 2040 
11497 1758 2090 1835 2346 
11498 1554 1966 1832 2339 
11499 1206 1015 1205 2003 
11500 1708 2225 1502 2328 
11501 427 426 230 2051 
11502 1218 898 439 2007 
11503 1370 1842 1973 2135 
11504 1182 822 823 1708 
11505 1364 2153 1881 2278 
11506 1483 2118 2065 2374 
11507 425 2012 562 2332 
11508 1397 2173 2254 2308 
11509 280 282 281 2353 
11510 153 921 601 1776 
11511 27 456 95 1967 
11512 489 1066 950 2223 
11513 383 366 382 2184 
11514 890 1071 623 2335 
11515 581 671 986 2121 
11516 317 319 318 2117 
11517 1365 1873 1779 2253 
11518 1455 2188 2033 2210 
11519 537 1023 2020 2249 
11520 1023 753 308 2108 
11521 1024 1313 885 1809 
11522 1572 2083 1909 2246 
11523 1619 2321 2192 2359 
11524 1305 556 776 2056 
11525 1601 2018 1903 2331 
11526 1476 2083 1978 2246 
11527 1055 957 954 2157 
11528 582 583 900 2112 
11529 1211 1210 1338 2250 
11530 322 323 1080 1907 
11531 1127 11 288 1994 
11532 516 513 512 1895 
11533 1109 1108 1107 2022 
11534 2238 2301 1617 2318 
11535 154 216 217 1859 
11536 1570 2055 1945 2294 
11537 1029 384 1036 1929 
11538 1223 334 132 2214 
11539 1370 1973 1811 2135 
11540 878 1095 1046 1976 
11541 240 1985 416 2320 
11542 1772 2074 1468 2353 
11543 171 2014 906 2164 
11544 1271 1270 1211 2139 
11545 131 1253 1326 1963 
11546 1074 1089 1067 2132 
11547 1397 2125 2092 2173 
11548 589 2031 810 2365 
11549 361 1008 1112 2375 
11550 174 173 48 1848 
11551 2033 2210 1548 2362 
11552 1594 2172 1982 2257 
11553 1418 1928 1773 2271 
11554 420 1040 422 2350 
11555 161 974 975 1890 
11556 1460 2286 1909 2295 
11557 75 1118 1093 1767 
11558 1587 1818 2188 2373 
11559 2033 2299 1480 2373 
11560 1016 1130 1148 1826 
11561 379 788 381 2248 
11562 872 73 1248 1781 
11563 1470 1653 2197 2274 
11564 1179 140 1041 1832 
11565 278 1273 277 1833 
11566 1960 2234 1449 2312 
11567 499 673 78 1908 
11568 1299 52 1178 1917 
11569 100 884 2310 2316 
11570 925 766 390 2044 
11571 1319 1268 254 1882 
11572 503 521 498 2344 
11573 410 1047 1159 1827 
11574 1475 2182 1818 2324 
11575 1301 1349 1161 2055 
11576 130 421 422 1966 
11577 704 2027 396 2070 
11578 5 209 210 2051 
11579 1489 2301 2238 2318 
11580 415 63 1204 2300 
11581 715 1116 717 2239 
11582 73 1033 1248 1781 
11583 1681 2307 1450 2326 
11584 403 1168 1121 1760 
11585 1777 2250 1490 2297 
11586 1951 2196 1567 2240 
11587 764 1199 755 2078 
11588 698 699 719 2074 
11589 1570 1945 1740 2294 
11590 1194 981 746 2107 
11591 1117 1113 160 1847 
11592 139 140 638 1832 
11593 143 142 144 1806 
11594 623 624 1222 2146 
11595 409 408 65 2111 
11596 465 1011 1009 2134 
11597 744 198 588 2277 
11598 1471 1991 1724 2285 
11599 113 485 28 2158 
11600 102 101 103 1877 
11601 1440 2111 1764 2116 
11602 494 495 1160 1791 
11603 1101 925 889 2313 
11604 1502 2224 1667 2242 
11605 1825 2037 1425 2248 
11606 1182 1181 2225 2328 
11607 102 103 14 1877 
11608 1110 660 569 2275 
11609 1437 1801 1993 2236 
11610 715 717 716 1891 
11611 1253 333 1133 2011 
11612 1294 1252 150 2152 
11613 1029 569 1030 2272 
11614 22 24 23 1813 
11615 1654 2079 2058 2370 
11616 445 320 418 1869 
11617 1353 567 978 1945 
11618 326 1077 1105 2233 
11619 923 2230 914 2341 
11620 1270 782 80 2139 
11621 178 284 285 1944 
11622 519 180 372 1715 
11623 1286 918 919 1816 
11624 160 993 159 2358 
11625 1117 1847 160 2140 
11626 409 65 2110 2111 
11627 153 601 152 1776 
11628 1083 382 343 2184 
11629 705 2192 706 2359 
11630 482 613 1054 1909 
11631 1345 767 765 2040 
11632 1678 2101 1982 2257 
11633 72 1957 497 2197 
11634 1247 115 1310 2128 
11635 1329 1343 917 2221 
11636 484 616 550 1996 
11637 437 2147 189 2214 
11638 1335 1339 1261 1936 
11639 1695 2127 1515 2375 
11640 524 842 1185 2305 
11641 36 2168 37 2360 
11642 658 656 537 2249 
11643 672 2148 797 2347 
11644 1667 2224 1597 2242 
11645 377 378 862 1990 
11646 891 890 889 2313 
11647 625 640 562 2332 
11648 780 1310 115 2128 
11649 1667 2242 1597 2302 
11650 952 953 830 1821 
11651 2074 2283 1468 2353 
11652 188 1171 190 1977 
11653 534 405 591 1918 
11654 802 386 906 2014 
11655 734 736 735 2076 
11656 1137 1208 1209 2075 
11657 1548 2299 2033 2362 
11658 768 1295 791 1954 
11659 947 114 470 2123 
11660 223 255 253 1831 
11661 1814 2218 1710 2340 
11662 1272 2031 1132 2312 
11663 1502 2242 1667 2328 
11664 757 771 1049 2109 
11665 411 650 1090 2304 
11666 689 690 972 2157 
11667 604 922 921 2006 
11668 609 723 685 2077 
11669 1301 2055 1233 2350 
11670 527 838 218 2291 
11671 1363 1732 2159 2349 
11672 827 993 758 2358 
11673 687 751 759 2154 
11674 106 104 57 1949 
11675 59 2259 61 2263 
11676 275 559 503 1933 
11677 781 263 118 1739 
11678 564 1865 845 2327 
11679 90 736 497 1957 
11680 650 1001 1090 1941 
11681 1453 2058 2079 2370 
11682 235 236 204 1874 
11683 581 472 1962 2121 
11684 204 236 206 1874 
11685 70 514 69 2019 
11686 1317 466 257 2266 
11687 840 697 451 2175 
11688 727 703 2050 2070 
11689 1293 396 397 2070 
11690 240 982 416 1985 
11691 452 357 355 2029 
11692 941 977 992 1913 
11693 1134 673 1292 2091 
11694 1444 2208 1869 2378 
11695 1689 2384 1535 2385 
11696 1333 1264 1025 1924 
11697 553 1854 1304 2383 
11698 1696 2106 1463 2364 
11699 300 299 298 1803 
11700 518 252 430 1804 
11701 956 845 564 1865 
11702 910 261 1082 2280 
11703 675 676 681 2049 
11704 168 468 167 1723 
11705 1176 794 83 2196 
11706 936 854 923 2230 
11707 95 364 758 1953 
11708 587 651 652 1940 
11709 1160 495 1122 2141 
11710 1549 2001 1904 2184 
11711 841 1304 553 1854 
11712 1049 605 1212 1912 
11713 181 438 291 2012 
11714 170 172 171 2356 
11715 793 1176 1135 1955 
11716 696 1119 1120 2386 
11717 897 676 1169 2049 
11718 546 146 545 1971 
11719 329 208 237 2094 
11720 1137 1139 1138 2005 
11721 1851 2151 1562 2262 
11722 1191 1132 1272 2031 
11723 124 125 738 2332 
11724 814 504 111 2106 
11725 1379 2026 1993 2372 
11726 1088 582 620 2065 
11727 47 49 48 2059 
11728 88 29 574 2319 
11729 1015 1014 951 2133 
11730 1712 2075 1464 2334 
11731 432 585 666 2144 
11732 321 320 401 2208 
11733 741 2298 87 2319 
11734 1445 2137 1936 2267 
11735 160 1847 813 2358 
11736 1107 1203 883 2022 
11737 907 2014 171 2356 
11738 961 861 837 2231 
11739 879 369 1146 2276 
11740 243 61 59 2259 
11741 300 2239 1803 2382 
11742 24 374 23 1813 
11743 573 722 572 1819 
11744 939 458 961 2198 
11745 344 250 259 2279 
11746 30 384 385 2189 
11747 505 708 753 2364 
11748 1243 1225 469 2082 
11749 1203 729 529 1817 
11750 272 271 273 1906 
11751 1101 2044 925 2313 
11752 1507 1704 2199 2325 
11753 1327 165 1227 1887 
11754 589 1191 810 2031 
11755 362 364 363 1953 
11756 401 502 274 2208 
11757 854 575 914 2230 
11758 25 779 27 2243 
11759 303 2171 302 2267 
11760 131 132 1253 1963 
11761 1625 1784 2049 2342 
11762 689 691 690 1820 
11763 1401 2015 1788 2262 
11764 1060 1177 1178 1917 
11765 882 1111 866 2085 
11766 1751 1434 2300 2376 
11767 1756 2355 1544 2357 
11768 1322 742 1139 2005 
11769 1330 1329 394 2138 
11770 1931 2188 1455 2210 
11771 1489 2101 1805 2318 
11772 550 718 655 1996 
11773 324 21 55 2292 
11774 285 1869 321 2378 
11775 241 242 417 1841 
11776 185 186 1312 2204 
11777 1133 1121 1326 2245 
11778 979 982 1351 1985 
11779 84 1126 922 1948 
11780 189 437 435 2147 
11781 1598 2148 1717 2347 
11782 859 1268 1336 1882 
11783 105 936 328 2073 
11784 1484 1875 2288 2316 
11785 457 932 671 2148 
11786 1508 2153 1944 2378 
11787 178 44 45 2378 
11788 1937 2313 1511 2335 
11789 1053 1153 368 2060 
11790 597 595 895 2162 
11791 107 172 18 2356 
11792 277 1274 1332 1833 
11793 555 768 557 1954 
11794 1306 1199 764 2078 
11795 165 1887 1327 2346 
11796 366 126 367 1972 
11797 701 1156 985 1843 
11798 448 387 388 1916 
11799 848 971 847 1899 
11800 440 880 262 2177 
11801 34 32 1089 2132 
11802 310 311 47 2059 
11803 1262 1263 624 2146 
11804 376 377 1240 2017 
11805 532 829 1142 2193 
11806 999 352 627 2385 
11807 1287 392 918 1857 
11808 763 407 928 2126 
11809 536 2020 1023 2108 
11810 542 312 677 2008 
11811 1447 2029 1846 2212 
11812 500 126 124 1972 
11813 761 406 1150 2258 
11814 296 857 295 2302 
11815 1097 1216 1096 2227 
11816 401 274 275 2208 
11817 454 1173 62 1720 
11818 246 1053 1052 1876 
11819 854 914 923 2230 
11820 1103 1102 893 1844 
11821 916 646 488 1991 
11822 524 1185 523 2368 
11823 1029 1030 384 2272 
11824 35 37 36 2168 
11825 192 193 79 2080 
11826 162 967 809 2322 
11827 537 656 1023 2249 
11828 980 1093 885 2310 
11829 32 1067 1089 2132 
11830 931 1350 930 2297 
11831 1458 1755 2179 2280 
11832 802 907 803 2014 
11833 1109 368 1152 2060 
11834 1081 145 912 2169 
11835 1891 1954 1518 2237 
11836 1385 2166 1870 2371 
11837 1568 1763 2085 2296 
11838 1106 1006 1038 2064 
11839 141 902 478 2068 
11840 432 654 313 1742 
11841 127 91 309 2028 
11842 1470 2076 1957 2197 
11843 1330 473 1231 2138 
11844 1280 990 991 1919 
11845 575 1964 728 2282 
11846 1298 1248 1034 2200 
11847 1070 226 1254 2079 
11848 56 516 563 2119 
11849 1260 6 4 1988 
11850 688 318 726 2117 
11851 1784 1662 2049 2342 
11852 820 359 926 1897 
11853 789 1197 659 1999 
11854 382 238 330 1904 
11855 1602 2160 1942 2284 
11856 435 1333 188 2147 
11857 430 487 621 2212 
11858 851 870 799 1974 
11859 770 852 739 2307 
11860 1019 765 1020 2040 
11861 1353 566 567 1945 
11862 891 1163 1205 2003 
11863 1648 1997 1957 2274 
11864 1625 2142 2060 2243 
11865 944 1102 1103 1844 
11866 1470 1957 1997 2274 
11867 1480 2033 2188 2210 
11868 571 686 687 2154 
11869 321 283 44 2378 
11870 706 2000 453 2359 
11871 178 1944 285 2378 
11872 1486 1876 2142 2243 
11873 204 49 311 2059 
11874 1224 546 544 2194 
11875 1322 931 929 2039 
11876 1011 1081 1348 2169 
11877 1114 599 600 1835 
11878 367 434 366 2184 
11879 1228 1241 1334 2242 
11880 728 575 576 1964 
11881 949 1073 1015 2133 
11882 36 37 96 2360 
11883 562 425 438 2012 
11884 1279 2110 1125 2386 
11885 1339 505 1261 2364 
11886 298 1012 1184 2382 
11887 1358 2045 2352 2357 
11888 1302 1171 188 1977 
11889 428 401 275 2208 
11890 1480 2033 2210 2299 
11891 791 716 717 1891 
11892 907 906 171 2014 
11893 30 385 31 2071 
11894 453 1069 455 2000 
11895 1484 2310 1809 2316 
11896 950 1325 1340 2223 
11897 1301 1233 1040 2350 
11898 22 857 152 2302 
11899 1322 929 741 2298 
11900 1301 566 1349 2350 
11901 934 1327 1227 1887 
11902 300 298 1184 2382 
11903 784 564 845 2327 
11904 58 563 653 2119 
11905 1230 667 668 1862 
11906 439 440 262 2130 
11907 54 21 19 2047 
11908 1352 323 324 2292 
11909 33 406 407 2258 
11910 771 805 1031 2289 
11911 1114 600 732 1835 
11912 500 367 126 1972 
11913 415 1935 63 2300 
11914 302 303 631 2171 
11915 1280 294 295 1919 
11916 1179 638 140 1832 
11917 1436 2011 1963 2245 
11918 44 283 216 1859 
11919 741 1783 2298 2319 
11920 195 196 914 2341 
11921 309 308 307 2028 
11922 1458 2179 2177 2280 
11923 1187 93 40 1884 
11924 639 683 719 2283 
11925 269 301 920 2137 
11926 1120 647 1279 2386 
11927 1148 1130 102 1826 
11928 351 1262 1021 2384 
11929 1106 1145 1007 2064 
11930 113 114 245 2123 
11931 753 1023 656 2249 
11932 264 157 231 1959 
11933 452 429 357 2029 
11934 891 1163 2003 2313 
11935 76 678 886 2226 
11936 1021 1149 511 1824 
11937 896 1000 926 1893 
11938 449 136 1243 1888 
11939 1920 2164 1442 2356 
11940 487 429 484 2212 
11941 672 671 797 2148 
11942 1130 1128 797 2347 
11943 1101 919 917 2221 
11944 320 321 285 1869 
11945 1972 2001 1610 2184 
11946 1326 1119 1320 2245 
11947 1044 1045 146 1879 
11948 620 983 1018 2097 
11949 611 610 612 2312 
11950 992 977 1059 1913 
11951 1497 2298 1783 2319 
11952 1453 2314 1805 2370 
11953 1426 1982 2172 2257 
11954 701 1110 570 2275 
11955 1487 2289 1672 2290 
11956 497 72 90 1957 
11957 1453 2136 2058 2370 
11958 1026 1057 1025 2311 
11959 1531 2191 1898 2337 
11960 2106 2174 1696 2372 
11961 596 597 1192 2038 
11962 224 178 45 1944 
11963 1945 2019 1451 2350 
11964 98 629 1013 2288 
11965 704 396 703 2070 
11966 969 849 970 1812 
11967 1116 300 1184 2382 
11968 258 1204 1237 2300 
11969 580 472 1006 1962 
11970 701 985 911 1843 
11971 718 876 836 1965 
11972 714 1087 193 2366 
11973 1039 1209 1208 2075 
11974 611 1202 804 1960 
11975 1134 953 958 2091 
11976 708 129 307 2174 
11977 1207 296 294 2050 
11978 667 1230 1076 2345 
11979 968 1266 959 1952 
11980 706 453 1348 2359 
11981 1266 968 528 1952 
11982 1857 2010 1586 2127 
11983 2125 2173 1397 2308 
11984 1455 2210 2033 2362 
11985 989 1233 1155 2055 
11986 479 2 3 2066 
11987 771 2109 1198 2289 
11988 1333 1315 1264 1924 
11989 13 611 612 2234 
11990 833 835 834 2343 
11991 710 604 921 2006 
11992 187 214 186 2204 
11993 135 121 310 2036 
11994 238 329 330 2094 
11995 264 342 157 1959 
11996 710 921 711 2006 
11997 572 377 571 1990 
11998 504 964 129 2174 
11999 563 512 521 2344 
12000 834 945 833 2343 
12001 461 187 460 1886 
12002 836 837 712 2231 
12003 67 66 65 2111 
12004 1289 1195 222 1852 
12005 482 615 613 1909 
12006 1091 1092 1090 2304 
12007 1536 2288 1910 2380 
12008 323 884 1080 2316 
12009 39 416 38 2320 
12010 703 1293 1346 2070 
12011 1116 2239 300 2382 
12012 476 478 477 2068 
12013 785 541 268 2205 
12014 1319 1336 1268 1882 
12015 924 1167 1240 2017 
12016 135 310 358 2036 
12017 608 606 887 1915 
12018 359 360 800 2127 
12019 466 1027 413 2266 
12020 500 501 685 2077 
12021 1153 1053 779 2243 
12022 198 199 507 1938 
12023 1314 1984 442 2122 
12024 453 455 454 2000 
12025 1125 409 65 2110 
12026 1095 1096 1235 2227 
12027 966 1068 965 2161 
12028 443 442 444 2122 
12029 1480 2188 2033 2373 
12030 503 428 275 1933 
12031 1169 795 1200 1926 
12032 787 227 6 1988 
12033 1034 1207 1298 2200 
12034 70 1142 996 2193 
12035 1334 858 1346 2242 
12036 733 299 605 1912 
12037 581 472 580 1962 
12038 469 468 467 2004 
12039 57 56 58 2119 
12040 5 210 427 2051 
12041 181 547 438 2012 
12042 773 592 684 2195 
12043 626 800 627 2385 
12044 44 216 154 1859 
12045 1430 1850 2005 2329 
12046 297 305 807 1798 
12047 158 815 160 2140 
12048 520 322 1080 1907 
12049 28 29 470 2123 
12050 225 284 178 1944 
12051 649 536 1023 2108 
12052 440 64 880 2177 
12053 905 339 42 2181 
12054 1572 2246 1909 2295 
12055 1302 1333 1025 2311 
12056 630 631 303 2171 
12057 176 1194 746 2107 
12058 160 813 993 2358 
12059 42 339 41 2181 
12060 917 1343 1101 2221 
12061 1237 440 441 2130 
12062 790 1247 1244 2087 
12063 529 530 882 2085 
12064 873 2089 874 2354 
12065 207 208 238 2094 
12066 346 735 36 2168 
12067 34 1150 33 2258 
12068 203 988 196 2341 
12069 576 575 577 1964 
12070 1275 1259 1245 2206 
12071 105 1038 472 2073 
12072 55 979 1352 2292 
12073 1274 277 1273 1833 
12074 727 703 296 2050 
12075 401 428 321 2208 
12076 1278 278 1137 1850 
12077 421 69 514 2019 
12078 553 551 841 1854 
12079 1360 2101 2238 2318 
12080 662 1314 1056 1984 
12081 465 464 147 2134 
12082 182 335 365 2069 
12083 505 504 708 2106 
12084 42 593 594 1864 
12085 1132 760 612 2234 
12086 698 801 752 2074 
12087 1008 361 398 2375 
12088 1127 288 1290 1994 
12089 422 1041 345 1966 
12090 474 475 747 2306 
12091 1304 1187 1303 2383 
12092 586 905 666 2144 
12093 42 892 593 1864 
12094 1803 2239 1448 2382 
12095 797 581 580 2347 
12096 753 2249 656 2364 
12097 148 1229 1294 2225 
12098 571 862 686 1990 
12099 618 815 158 2140 
12100 626 1165 896 1893 
12101 800 392 1287 1857 
12102 463 71 1144 2197 
12103 1464 2075 1850 2329 
12104 338 337 336 2103 
12105 299 1212 605 1912 
12106 574 29 2 2066 
12107 1036 384 543 2189 
12108 297 807 265 1798 
12109 1170 795 1169 1926 
12110 20 19 21 2047 
12111 104 832 57 1949 
12112 1614 2196 1951 2240 
12113 486 65 408 2111 
12114 768 555 1295 1954 
12115 334 437 189 2214 
12116 987 951 1309 1789 
12117 1343 766 1101 2044 
12118 677 700 684 2195 
12119 482 1054 481 2203 
12120 100 884 885 2310 
12121 664 151 1241 2328 
12122 650 651 1001 1941 
12123 200 1938 198 2277 
12124 1255 1078 788 2179 
12125 1301 1161 1233 2055 
12126 422 345 130 1966 
12127 991 537 538 2020 
12128 619 618 620 2065 
12129 693 694 1124 2100 
12130 676 897 681 2049 
12131 233 234 728 2282 
12132 876 868 836 1965 
12133 1134 958 673 2091 
12134 1876 2142 1572 2295 
12135 1339 1335 1344 1936 
12136 28 2 29 2158 
12137 850 651 587 1940 
12138 1517 1805 2314 2370 
12139 1256 1151 1174 1986 
12140 737 688 784 2327 
12141 773 851 799 1974 
12142 1081 1011 145 2169 
12143 619 815 618 2140 
12144 1060 1178 52 1917 
12145 1193 597 1164 2038 
12146 1451 2055 1945 2350 
12147 718 616 665 1996 
12148 430 344 429 2212 
12149 477 1143 734 2076 
12150 1303 1332 1274 2383 
12151 415 258 256 2300 
12152 1054 201 481 2203 
12153 520 150 1251 2152 
12154 1254 227 1283 1800 
12155 1470 2197 1957 2274 
12156 1217 1296 603 1951 
12157 948 471 986 2121 
12158 1442 2164 2014 2356 
12159 997 458 1074 2198 
12160 988 923 914 2341 
12161 1013 629 1080 2316 
12162 1152 368 1153 2060 
12163 1144 497 1143 2197 
12164 31 1285 7 2071 
12165 249 382 1083 1904 
12166 263 781 1271 2139 
12167 1489 2238 2101 2318 
12168 882 530 1111 2085 
12169 1120 1279 1125 2386 
12170 792 887 904 2287 
12171 659 1197 661 1999 
12172 561 583 584 2112 
12173 1079 788 1078 2179 
12174 1130 797 558 2347 
12175 364 362 758 1953 
12176 672 459 457 2148 
12177 581 471 472 2121 
12178 256 257 466 2266 
12179 225 178 224 1944 
12180 865 817 1265 2043 
12181 518 639 280 2353 
12182 416 982 979 1985 
12183 66 810 809 2365 
12184 1095 946 1046 1976 
12185 612 1272 1132 2312 
12186 609 61 723 2259 
12187 1184 1316 1116 2382 
12188 696 1120 1125 2386 
12189 877 879 878 2083 
12190 1308 273 1250 2354 
12191 43 1018 983 2097 
12192 842 1305 776 2056 
12193 189 435 188 2147 
12194 1165 1000 896 1893 
12195 1176 1296 831 2196 
12196 350 450 1061 2129 
12197 1354 1338 903 2250 
12198 486 67 65 2111 
12199 98 628 629 2288 
12200 1314 823 442 1984 
12201 454 63 415 1935 
12202 543 30 8 2189 
12203 195 234 197 2282 
12204 1032 171 906 2164 
12205 688 317 318 2117 
12206 165 1327 1064 2346 
12207 741 87 88 2319 
12208 312 542 314 2008 
12209 105 328 1038 2073 
12210 1310 1244 1247 2087 
12211 873 874 1328 2354 
12212 1107 1108 1203 2022 
12213 1117 160 815 2140 
12214 877 613 879 2083 
12215 71 72 497 2197 
12216 547 562 438 2012 
12217 1280 991 294 1919 
12218 930 901 929 2039 
12219 2075 2329 1464 2334 
12220 827 739 852 2307 
12221 684 700 773 2195 
12222 1332 1075 1076 2345 
12223 195 575 728 2282 
12224 198 200 199 1938 
12225 418 320 285 1869 
12226 600 598 714 2366 
12227 1454 2089 1906 2354 
12228 1119 1326 1121 2245 
12229 546 545 544 1971 
12230 1032 170 171 2164 
12231 813 160 1113 1847 
12232 961 997 940 2198 
12233 1023 536 537 2020 
12234 1330 1231 1329 2138 
12235 1302 1057 839 2311 
12236 906 907 802 2014 
12237 1012 79 77 2080 
12238 540 541 754 2205 
12239 707 705 981 2192 
12240 1206 1205 1163 2003 
12241 683 861 853 2283 
12242 619 582 900 2065 
12243 1305 843 967 2363 
12244 1299 51 52 2202 
12245 585 587 586 2144 
12246 698 719 801 2074 
12247 526 525 527 2291 
12248 1022 1029 1036 1929 
12249 792 1291 887 2287 
12250 1167 376 1240 2017 
12251 469 467 692 2004 
12252 893 895 894 2162 
12253 1101 766 925 2044 
12254 1028 1217 603 1951 
12255 30 31 7 2071 
12256 1267 1060 1061 2129 
12257 1222 919 890 2335 
12258 352 626 627 2385 
12259 1314 662 823 1984 
12260 582 584 583 2112 
12261 723 243 241 2259 
12262 1229 1182 1181 2225 
12263 1198 771 755 2109 
12264 523 874 522 2089 
12265 1008 398 751 2375 
12266 109 451 108 2175 
12267 287 912 1224 2194 
12268 127 531 37 2360 
12269 1524 2329 2075 2334 
12270 1517 2314 2079 2370 
12271 571 759 573 2154 
12272 178 285 44 2378 
12273 433 365 335 2069 
12274 598 490 1087 2366 
12275 461 460 289 1886 
12276 756 300 715 2239 
12277 137 1243 136 1888 
12278 976 1153 25 2243 
12279 369 368 370 2276 
12280 734 1143 736 2076 
12281 995 1344 301 2267 
12282 787 6 1260 1988 
12283 1241 858 1334 2242 
12284 880 1255 261 2280 
12285 984 349 347 2034 
12286 1222 1263 1286 2146 
12287 1453 2079 2314 2370 
12288 1010 415 1009 1935 
12289 420 421 566 2350 
12290 522 874 873 2089 
12291 599 1064 1065 2346 
12292 637 929 1341 2298 
12293 1090 1131 411 2304 
12294 1251 150 1252 2152 
12295 504 129 708 2174 
12296 1092 1131 1090 2304 
12297 1243 469 1214 2082 
12298 886 93 17 2226 
12299 351 352 999 2384 
12300 1672 2289 1960 2290 
12301 44 285 321 2378 
12302 1345 765 1019 2040 
12303 51 1114 733 2202 
12304 783 396 704 2027 
12305 637 87 741 2298 
12306 845 824 737 2327 
12307 349 348 347 2034 
12308 68 532 70 2193 
12309 1082 261 1255 2280 
12310 413 256 466 2266 
12311 1344 2137 301 2267 
12312 123 259 231 2279 
12313 807 1100 894 2162 
12314 558 797 580 2347 
12315 685 501 609 2077 
12316 689 1055 954 2157 
12317 127 309 307 2028 
12318 646 644 1086 2285 
12319 537 536 538 2020 
12320 808 161 162 2322 
12321 763 928 927 2126 
12322 1265 1246 865 2043 
12323 804 771 1198 2289 
12324 667 1076 670 2345 
12325 1052 615 248 2286 
12326 1133 333 402 2011 
12327 156 155 103 2315 
12328 250 231 259 2279 
12329 382 249 238 1904 
12330 22 295 857 2302 
12331 718 550 616 1996 
12332 781 782 1270 2139 
12333 813 758 993 2358 
12334 840 451 109 2175 
12335 395 396 783 2027 
12336 326 328 327 2233 
12337 633 632 1275 2116 
12338 1325 1066 1064 2223 
12339 334 1223 437 2214 
12340 1138 1139 742 2005 
12341 640 738 125 2332 
12342 633 408 632 2116 
12343 361 360 359 2127 
12344 541 785 754 2205 
12345 1210 903 1338 2250 
12346 1350 1337 1354 2297 
12347 1191 589 1132 2031 
12348 96 531 68 2360 
12349 168 1006 1007 2064 
12350 607 1122 825 2141 
12351 931 1323 1355 2252 
12352 853 719 683 2283 
12353 1314 442 507 2122 
12354 649 1023 308 2108 
12355 1061 450 1267 2129 
12356 426 427 210 2051 
12357 693 1124 945 2100 
12358 895 595 807 2162 
12359 623 1222 890 2335 
12360 619 620 582 2065 
12361 525 838 527 2291 
12362 966 579 1068 2161 
12363 492 59 60 2263 
12364 615 491 248 2286 
12365 1296 1176 83 2196 
12366 689 972 1055 2157 
12367 524 133 844 2305 
12368 725 670 1075 2345 
12369 844 842 524 2305 
12370 837 861 712 2231 
12371 1110 569 570 2275 
12372 504 505 111 2106 
12373 366 343 382 2184 
12374 113 28 114 2123 
12375 35 36 735 2168 
12376 1192 597 1193 2038 
12377 1015 951 949 2133 
12378 337 630 336 2103 
12379 1215 1259 1238 2206 
12380 950 1066 1325 2223 
12381 891 925 1163 2313 
12382 1293 703 396 2070 
12383 454 415 1010 1935 
12384 907 172 107 2356 
12385 931 930 929 2039 
12386 28 485 1 2158 
12387 543 384 30 2189 
12388 51 1299 1114 2202 
12389 542 371 314 2008 
12390 329 238 208 2094 
12391 571 377 862 1990 
12392 1012 192 79 2080 
12393 425 562 125 2332 
12394 1077 326 327 2233 
12395 755 771 757 2109 
12396 415 1204 258 2300 
12397 100 885 1093 2310 
12398 695 843 1311 2363 
12399 141 478 476 2068 
12400 931 1322 1323 2252 
12401 240 416 39 2320 
12402 409 1125 1279 2110 
12403 981 705 74 2192 
12404 47 311 49 2059 
12405 59 61 60 2263 
12406 301 303 302 2267 
12407 1155 1233 1161 2055 
12408 479 574 2 2066 
12409 586 666 585 2144 
12410 715 300 1116 2239 
12411 532 1142 70 2193 
12412 1301 1040 420 2350 
12413 664 1181 663 2328 
12414 282 280 699 2353 
12415 521 512 498 2344 
12416 71 497 1144 2197 
12417 1095 1097 1096 2227 
12418 1050 920 1344 2137 
12419 1222 624 1263 2146 
12420 33 1150 406 2258 
12421 1057 747 748 2306 
12422 1122 495 825 2141 
12423 808 162 809 2322 
12424 612 610 1272 2312 
12425 39 239 240 2320 
12426 172 907 171 2356 
12427 1271 781 1270 2139 
12428 55 1352 324 2292 
12429 546 1224 912 2194 
12430 727 296 1207 2050 
12431 771 804 805 2289 
12432 942 633 1158 2309 
12433 706 1348 10 2359 
12434 17 76 886 2226 
12435 13 612 760 2234 
12436 58 56 563 2119 
12437 1344 920 301 2137 
12438 937 1185 775 2368 
12439 512 424 498 2344 
12440 925 891 889 2313 
12441 343 366 434 2184 
12442 574 742 741 2319 
12443 1146 369 370 2276 
12444 997 961 458 2198 
12445 441 440 439 2130 
12446 1106 1007 1006 2064 
12447 639 699 280 2353 
12448 114 28 470 2123 
12449 187 186 185 2204 
12450 571 687 759 2154 
12451 487 430 429 2212 
12452 744 200 198 2277 
12453 1301 420 566 2350 
12454 672 457 671 2148 
12455 1302 1025 1057 2311 
12456 753 656 1261 2364 
12457 443 507 442 2122 
12458 741 929 637 2298 
12459 598 1087 714 2366 
12460 351 999 1262 2384 
12461 1245 1259 1215 2206 
12462 28 1 2 2158 
12463 37 531 96 2360 
12464 705 706 10 2359 
12465 1185 937 523 2368 
12466 728 234 195 2282 
12467 1153 779 25 2243 
12468 505 753 1261 2364 
12469 599 164 165 2346 
12470 1303 553 1304 2383 
12471 894 895 807 2162 
12472 695 967 843 2363 
12473 61 243 723 2259 
12474 1354 930 1350 2297 
12475 581 986 471 2121 
12476 988 914 196 2341 
12477 1245 1158 633 2309 
12478 845 737 784 2327 
12479 103 1202 1226 2315 
12480 873 1250 273 2354 
12481 1229 148 1182 2225 
12482 744 1028 200 2277 
12483 1076 1075 670 2345 
12484 1180 499 1086 2285 
12485 464 465 1009 2134 
12486 562 640 125 2332 
12487 995 301 302 2267 
12488 464 1009 414 2134 
12489 155 1202 103 2315 
12490 1085 810 66 2365 
12491 165 1064 599 2346 
12492 1303 1274 553 2383 
12493 1013 1080 884 2316 
12494 1180 1086 644 2285 
12495 1241 1181 664 2328 
12496 475 748 747 2306 
12497 574 741 88 2319 
12498 1250 873 1328 2354 
12499 2275 1379 1616 1629 
12500 2275 1616 1379 1860 
12501 1803 2090 1638 1421 
12502 1638 2090 1803 1491 
12503 1684 1112 360 394 
12504 1684 360 1112 1515 
12505 1834 1846 1550 1447 
12506 1550 1846 1834 1384 
12507 2058 2325 1800 1420 
12508 1800 2325 2058 1507 
12509 2384 1535 994 1640 
12510 2146 994 1535 1640 
12511 1836 406 1746 761 
12512 1836 1746 406 1584 
12513 2312 974 2031 1621 
12514 2312 2031 974 1272 
12515 1779 1680 1594 1419 
12516 1779 1594 1680 1446 
12517 1809 2292 1985 1496 
12518 1985 2292 1809 1351 
12519 2292 1024 1351 1352 
12520 2292 1351 1024 1809 
12521 2085 1575 1398 1763 
12522 2085 1398 1575 1817 
12523 2276 1575 1446 2022 
12524 2276 1446 1575 1731 
12525 2030 2232 2115 1369 
12526 2115 2232 2030 1523 
12527 1141 1899 1503 846 
12528 1503 1899 1141 1827 
12529 1883 1760 1673 1416 
12530 1883 1673 1760 1513 
12531 1638 1803 1448 1491 
12532 1638 1448 1803 2167 
12533 2131 1947 2163 1445 
12534 2131 2163 1947 1455 
12535 2221 1816 1409 1511 
12536 1409 1816 2221 1684 
12537 1409 1958 2221 1511 
12538 2221 1958 1409 1684 
12539 2204 1257 1256 1482 
12540 2204 1256 1257 185 
12541 2157 717 1116 1891 
12542 2157 1116 717 1055 
12543 2250 1754 1211 1653 
12544 2250 1211 1754 2139 
12545 1746 406 1918 590 
12546 1746 1918 406 1584 
12547 405 1918 406 590 
12548 405 406 1918 1584 
12549 53 1628 2345 725 
12550 2345 1628 53 1592 
12551 1982 2172 1360 1566 
12552 1982 1360 2172 1594 
12553 2067 1360 2172 1566 
12554 2067 2172 1360 1594 
12555 1598 2254 1369 1474 
12556 1369 2254 1598 1943 
12557 1809 2292 323 1024 
12558 323 2292 1809 1496 
12559 2095 1704 1883 1533 
12560 2095 1883 1704 1388 
12561 1372 2119 1895 1534 
12562 1895 2119 1372 1623 
12563 212 1959 235 342 
12564 235 1959 212 1874 
12565 1221 2003 1014 1206 
12566 1014 2003 1221 1537 
12567 1676 1342 2354 1328 
12568 1676 2354 1342 1636 
12569 1919 23 1659 1813 
12570 1919 1659 23 1280 
12571 2282 232 1557 233 
12572 2282 1557 232 1815 
12573 2381 1624 1809 2107 
12574 2381 1809 1624 1376 
12575 2331 1704 1533 1362 
12576 2331 1533 1704 1871 
12577 1699 2281 2387 1618 
12578 2387 2281 1699 1632 
12579 1780 2041 1631 1376 
12580 1631 2041 1780 1564 
12581 1631 1481 1780 1376 
12582 1780 1481 1631 1564 
12583 2095 1883 1416 1533 
12584 1416 1883 2095 1673 
12585 1416 1870 2095 1533 
12586 2095 1870 1416 1673 
12587 1789 2081 2270 1424 
12588 2270 2081 1789 1528 
12589 2201 1462 1414 1808 
12590 2201 1414 1462 1702 
12591 1916 446 1217 1614 
12592 1916 1217 446 448 
12593 2341 202 203 1646 
12594 2341 203 202 196 
12595 1676 1232 2204 214 
12596 1676 2204 1232 1521 
12597 2149 2185 1427 1490 
12598 1427 2185 2149 1606 
12599 1944 182 184 225 
12600 1944 184 182 1549 
12601 2377 1844 1732 1578 
12602 2377 1732 1844 1406 
12603 1643 1732 1844 1578 
12604 1643 1844 1732 1406 
12605 1848 184 1083 174 
12606 1848 1083 184 1549 
12607 1641 2374 1503 1373 
12608 1503 2374 1641 2145 
12609 2196 85 1567 1829 
12610 2196 1567 85 83 
12611 2082 1201 692 1214 
12612 2082 692 1201 1605 
12613 2214 2011 333 334 
12614 2214 333 2011 1588 
12615 1824 994 641 1640 
12616 1824 641 994 1021 
12617 1813 601 922 1776 
12618 1813 922 601 24 
12619 2130 860 1495 441 
12620 2130 1495 860 1751 
12621 1938 1056 711 199 
12622 1938 711 1056 1546 
12623 2293 1927 1734 1369 
12624 2293 1734 1927 1970 
12625 2251 2308 1582 1812 
12626 1582 2308 2251 1686 
12627 1887 166 642 1543 
12628 1887 642 166 1227 
12629 2273 1501 1413 1747 
12630 2273 1413 1501 1811 
12631 1797 1998 1782 1421 
12632 1782 1998 1797 1466 
12633 1623 2190 1557 1372 
12634 1557 2190 1623 1933 
12635 2281 2064 1734 1383 
12636 2281 1734 2064 1530 
12637 2183 1757 1427 1989 
12638 2183 1427 1757 1606 
12639 1804 251 250 1519 
12640 1804 250 251 252 
12641 2059 358 310 2036 
12642 2059 310 358 47 
12643 2032 2025 1631 1544 
12644 2032 1631 2025 1404 
12645 1794 1631 2025 1544 
12646 1794 2025 1631 1404 
12647 2148 888 932 671 
12648 2148 932 888 1707 
12649 1568 353 1952 1111 
12650 1568 1952 353 1689 
12651 1887 642 643 1640 
12652 1887 643 642 1227 
12653 2291 220 1691 838 
12654 2291 1691 220 1787 
12655 485 1465 113 811 
12656 485 113 1465 2158 
12657 2240 2265 1729 1371 
12658 1729 2265 2240 1488 
12659 1209 2252 1115 1323 
12660 1115 2252 1209 1524 
12661 1889 2209 2340 1526 
12662 2340 2209 1889 1743 
12663 1966 1129 1058 345 
12664 1966 1058 1129 1554 
12665 2160 2247 1611 1921 
12666 1611 2247 2160 1942 
12667 210 2112 1483 900 
12668 1483 2112 210 2051 
12669 210 1744 1483 2051 
12670 1888 1123 1031 137 
12671 1888 1031 1123 1672 
12672 2290 2170 1853 1377 
12673 2290 1853 2170 1487 
12674 2019 1740 2294 1531 
12675 2019 2294 1740 1945 
12676 2300 860 2130 1237 
12677 2300 2130 860 1751 
12678 2283 1468 1812 2074 
12679 1886 287 1574 289 
12680 1886 1574 287 1647 
12681 288 1574 287 289 
12682 288 287 1574 1647 
12683 2136 1799 1645 1489 
12684 2136 1645 1799 1362 
12685 2247 1916 1729 1558 
12686 2247 1729 1916 1390 
12687 1951 604 602 603 
12688 1951 602 604 1567 
12689 2139 2297 2250 1337 
12690 2250 2297 2139 1490 
12691 2055 470 947 1155 
12692 2055 947 470 1570 
12693 2098 2006 1776 1429 
12694 2098 1776 2006 1546 
12695 1846 293 2279 344 
12696 1846 2279 293 1694 
12697 2291 1977 839 1691 
12698 2067 1419 1594 1790 
12699 2067 1594 1419 1779 
12700 2266 1434 2216 1612 
12701 2266 2216 1434 1751 
12702 2272 660 569 1030 
12703 2272 569 660 1860 
12704 2064 1105 1145 1709 
12705 2064 1145 1105 1106 
12706 1754 315 1033 81 
12707 1754 1033 315 1653 
12708 2177 62 1580 64 
12709 2177 1580 62 1720 
12710 63 1580 62 64 
12711 63 62 1580 1720 
12712 1964 636 559 1623 
12713 1964 559 636 576 
12714 2038 2377 1745 1658 
12715 1745 2377 2038 1406 
12716 2331 1377 1903 1645 
12717 2331 1903 1377 2018 
12718 761 2234 15 760 
12719 15 2234 761 1836 
12720 2002 1987 1377 1547 
12721 2002 1377 1987 1678 
12722 2174 128 2028 1692 
12723 2174 2028 128 129 
12724 2005 1278 1137 1850 
12725 2005 1137 1278 1138 
12726 1974 864 709 1607 
12727 1974 709 864 799 
12728 1892 2050 1919 1597 
12729 1919 2050 1892 1583 
12730 2165 2067 2253 1459 
12731 2165 2253 2067 1627 
12732 662 2328 2211 664 
12733 2211 2328 662 1984 
12734 2097 1679 1380 1509 
12735 2097 1380 1679 1693 
12736 2220 2210 1668 1849 
12737 2220 1668 2210 1455 
12738 94 1784 1847 680 
12739 1847 1784 94 1664 
12740 9 2071 2189 7 
12741 2189 2071 9 1740 
12742 2189 8 9 7 
12743 9 8 2189 1740 
12744 1986 774 1162 1174 
12745 1986 1162 774 1574 
12746 2082 692 469 1214 
12747 2082 469 692 2004 
12748 120 2038 1219 1193 
12749 1219 2038 120 1739 
12750 2370 2101 1594 1805 
12751 2370 1594 2101 1398 
12752 2314 1805 1419 1744 
12753 1419 1805 2314 1517 
12754 1419 1926 2314 1744 
12755 2314 1926 1419 1517 
12756 2083 1054 613 1909 
12757 2083 613 1054 877 
12758 1822 2146 1640 1573 
12759 1640 2146 1822 1535 
12760 2322 1183 163 162 
12761 2322 163 1183 1737 
12762 2308 2283 1812 1604 
12763 2308 1812 2283 1468 
12764 2291 1171 839 1977 
12765 2291 839 1171 525 
12766 2146 622 623 624 
12767 2146 623 622 1573 
12768 1910 1118 100 99 
12769 1910 100 1118 1767 
12770 1899 410 1141 1827 
12771 1899 1141 410 847 
12772 1864 700 312 1527 
12773 1864 312 700 593 
12774 2370 1903 2058 1398 
12775 2370 2058 1903 2136 
12776 1884 38 2320 40 
12777 1884 2320 38 1628 
12778 2258 762 1523 1750 
12779 2258 1523 762 33 
12780 32 1523 762 1750 
12781 32 762 1523 33 
12782 713 2382 1012 298 
12783 1012 2382 713 2080 
12784 2141 1160 1685 1122 
12785 2141 1685 1160 1791 
12786 2324 1596 1393 1762 
12787 2324 1393 1596 2182 
12788 2371 1621 2322 1890 
12789 2371 2322 1621 2166 
12790 1232 1886 2204 461 
12791 2204 1886 1232 1521 
12792 1918 486 535 1764 
12793 1918 535 486 534 
12794 2170 2002 1377 1547 
12795 2170 1377 2002 2018 
12796 2009 2299 1802 1375 
12797 1802 2299 2009 1522 
12798 40 2320 92 39 
12799 92 2320 40 1884 
12800 2346 166 1887 1543 
12801 2346 1887 166 165 
12802 2205 270 539 541 
12803 2205 539 270 1596 
12804 1934 2124 2009 1802 
12805 2009 2124 1934 1504 
12806 2226 678 679 1920 
12807 2226 679 678 886 
12808 2341 197 195 196 
12809 2341 195 197 2282 
12810 826 2141 606 825 
12811 606 2141 826 1829 
12812 1798 267 1004 265 
12813 1798 1004 267 1712 
12814 2124 1935 1934 1504 
12815 2124 1934 1935 1434 
12816 2081 2270 2072 1768 
12817 2072 2270 2081 1424 
12818 2074 282 720 698 
12819 2074 720 282 1772 
12820 1840 2088 1392 1657 
12821 1392 2088 1840 1774 
12822 2077 549 367 1610 
12823 2077 367 549 685 
12824 199 2122 1984 1314 
12825 1984 2122 199 1938 
12826 2291 2336 1977 1691 
12827 1977 2336 2291 1688 
12828 404 2011 403 402 
12829 403 2011 404 1760 
12830 554 2110 2386 1125 
12831 2386 2110 554 1700 
12832 2136 2331 1645 1362 
12833 1645 2331 2136 1903 
12834 2146 2384 994 1262 
12835 994 2384 2146 1535 
12836 2263 493 796 1808 
12837 2263 796 493 59 
12838 1986 443 1175 1725 
12839 1986 1175 443 1151 
12840 157 2279 1661 123 
12841 1661 2279 157 1959 
12842 1826 1128 2347 1717 
12843 1826 2347 1128 1130 
12844 1173 2000 454 455 
12845 454 2000 1173 1720 
12846 2162 1252 1276 1578 
12847 2162 1276 1252 894 
12848 2175 143 144 1806 
12849 2175 144 143 451 
12850 2252 1139 1209 2005 
12851 2252 1209 1139 1323 
12852 2310 1910 1484 1767 
12853 2310 1484 1910 2288 
12854 2203 2343 1909 1054 
12855 1909 2343 2203 1699 
12856 2132 1091 1750 32 
12857 2132 1750 1091 1633 
12858 2302 1892 2224 1478 
12859 2302 2224 1892 1597 
12860 2171 1596 270 2103 
12861 2171 270 1596 1762 
12862 2363 1183 2322 967 
12863 2363 2322 1183 1737 
12864 2316 520 1875 629 
12865 2316 1875 520 1907 
12866 2226 679 92 1669 
12867 2226 92 679 886 
12868 2254 2198 1913 1474 
12869 2254 1913 2198 1604 
12870 2134 145 147 465 
12871 2134 147 145 1652 
12872 2168 91 1957 35 
12873 2168 1957 91 1559 
12874 2004 1605 2100 692 
12875 2100 1605 2004 1709 
12876 2100 694 2004 692 
12877 2004 694 2100 1709 
12878 2207 1846 2279 1519 
12879 2207 2279 1846 1384 
12880 1920 2164 634 1825 
12881 1920 634 2164 170 
12882 380 634 2164 1825 
12883 380 2164 634 170 
12884 2264 2251 1743 1452 
12885 2264 1743 2251 1560 
12886 1925 2084 2105 1561 
12887 2105 2084 1925 1481 
12888 1003 2233 1618 1077 
12889 1618 2233 1003 1885 
12890 2074 970 849 1812 
12891 2074 849 970 801 
12892 2212 550 484 487 
12893 2212 484 550 1996 
12894 2344 503 356 498 
12895 2344 356 503 1933 
12896 192 2366 713 714 
12897 713 2366 192 2080 
12898 1971 1249 1098 544 
12899 1971 1098 1249 1677 
12900 2001 2278 2187 1610 
12901 2187 2278 2001 1364 
12902 2354 214 1249 1676 
12903 2354 1249 214 1250 
12904 2155 2031 1621 1449 
12905 2155 1621 2031 1532 
12906 2075 278 1137 1208 
12907 2075 1137 278 1850 
12908 1950 2228 1638 1374 
12909 1638 2228 1950 1571 
12910 2023 2093 1842 1400 
12911 1842 2093 2023 1569 
12912 850 2144 587 585 
12913 587 2144 850 1940 
12914 2376 1935 1934 1434 
12915 2376 1934 1935 1580 
12916 2070 296 1597 1346 
12917 2070 1597 296 2050 
12918 2133 2270 1528 1435 
12919 1528 2270 2133 1789 
12920 2242 1293 397 2070 
12921 2242 397 1293 1334 
12922 242 2259 241 243 
12923 241 2259 242 1841 
12924 2327 462 232 737 
12925 2327 232 462 1687 
12926 2112 426 561 583 
12927 2112 561 426 1735 
12928 2140 1405 1662 1847 
12929 2140 1662 1405 2118 
12930 2198 977 1067 997 
12931 2198 1067 977 1913 
12932 2289 1202 1672 1960 
12933 2289 1672 1202 805 
12934 2085 968 528 530 
12935 2085 528 968 1952 
12936 322 2152 520 1251 
12937 520 2152 322 1907 
12938 2147 1315 1333 1924 
12939 2147 1333 1315 435 
12940 2166 2365 2322 1621 
12941 2322 2365 2166 1700 
12942 2365 589 1532 1085 
12943 2365 1532 589 2031 
12944 2121 888 948 1766 
12945 2121 948 888 986 
12946 2112 2374 2145 1483 
12947 2145 2374 2112 1716 
12948 2162 2377 1798 1578 
12949 1798 2377 2162 1658 
12950 2303 1911 1415 1495 
12951 2303 1415 1911 1703 
12952 2332 739 738 1681 
12953 2332 738 739 640 
12954 2373 1914 1818 1368 
12955 2373 1818 1914 1587 
12956 2029 513 424 452 
12957 2029 424 513 1895 
12958 2322 2371 1737 1512 
12959 1737 2371 2322 1890 
12960 252 2353 518 280 
12961 518 2353 252 1804 
12962 1249 2354 1308 1250 
12963 1308 2354 1249 1677 
12964 2017 777 572 1240 
12965 2017 572 777 1930 
12966 2109 1998 1912 1590 
12967 2109 1912 1998 1487 
12968 2358 852 827 993 
12969 2358 827 852 2307 
12970 2171 337 630 631 
12971 2171 630 337 2103 
12972 2312 1746 1132 2234 
12973 2312 1132 1746 2031 
12974 99 2288 806 98 
12975 806 2288 99 1910 
12976 2129 52 1060 1061 
12977 2129 1060 52 1917 
12978 81 2200 82 1034 
12979 82 2200 81 1754 
12980 2167 2239 1518 1448 
12981 1518 2239 2167 1590 
12982 808 2365 809 810 
12983 809 2365 808 2322 
12984 2279 293 194 259 
12985 2279 194 293 1694 
12986 66 1700 809 554 
12987 809 1700 66 2365 
12988 2283 712 861 2231 
12989 2283 861 712 683 
12990 1483 210 812 1744 
12991 812 210 1483 900 
$EndElements
