# Blender 4.2.1 LTS
# www.blender.org
mtllib level2_2_texturemap.mtl
o level2_2_postprocess
v 0.000152 0.012413 0.000194
v 0.001189 0.011618 0.001272
v -0.000331 0.011410 0.001402
v 0.003912 0.051799 -0.009304
v 0.003120 0.052970 -0.009656
v 0.002552 0.051850 -0.008889
v -0.010265 0.031397 -0.010840
v -0.010316 0.032715 -0.012318
v -0.010160 0.031101 -0.012707
v 0.000407 0.007124 0.006451
v -0.000594 0.007103 0.006808
v -0.000289 0.007347 0.005722
v -0.001493 0.007355 0.006117
v -0.001840 0.007332 0.007179
v -0.002599 0.007648 0.006354
v -0.000631 0.058986 -0.039277
v -0.002050 0.059131 -0.039168
v -0.001210 0.060195 -0.039713
v -0.014000 0.084120 -0.043776
v -0.014273 0.082804 -0.043772
v -0.014369 0.083575 -0.042807
v 0.007836 0.061303 -0.016386
v 0.008284 0.059993 -0.016179
v 0.008813 0.060700 -0.017149
v 0.002067 0.008713 0.010194
v 0.001108 0.009167 0.010977
v 0.000830 0.008256 0.009804
v -0.005302 0.066781 -0.041977
v -0.005456 0.065469 -0.041036
v -0.006546 0.066580 -0.041105
v 0.002003 0.008014 0.009101
v 0.003358 0.008813 0.009778
v -0.007919 0.077870 -0.052298
v -0.009050 0.078178 -0.051544
v -0.008043 0.079312 -0.052457
v 0.004908 0.064309 -0.040634
v 0.005122 0.065919 -0.041499
v 0.006351 0.065017 -0.040247
v 0.008096 0.054556 -0.033639
v 0.008932 0.055335 -0.033167
v 0.008566 0.054055 -0.032691
v 0.011157 0.062147 -0.022293
v 0.011295 0.063420 -0.023646
v 0.010657 0.063917 -0.022254
v -0.010535 0.020143 0.000412
v -0.010827 0.020841 0.001841
v -0.010820 0.021833 0.000378
v -0.009438 0.038709 -0.009409
v -0.009395 0.040355 -0.009629
v -0.010020 0.039358 -0.010640
v -0.002709 0.054631 -0.037048
v -0.003147 0.055871 -0.037578
v -0.001399 0.055435 -0.037736
v 0.000518 0.007153 0.007436
v -0.010470 0.071660 -0.024698
v -0.009527 0.071586 -0.023560
v -0.009941 0.072910 -0.024034
v 0.004833 0.036379 -0.003466
v 0.005366 0.035337 -0.003099
v 0.006032 0.035869 -0.004028
v -0.007856 0.046453 -0.028208
v -0.007665 0.044801 -0.027563
v -0.008859 0.046267 -0.026953
v 0.000405 0.070974 -0.018965
v 0.001668 0.070469 -0.018868
v 0.001455 0.072126 -0.019443
v 0.006440 0.046319 -0.029399
v 0.007350 0.045866 -0.028413
v 0.006530 0.044885 -0.028590
v 0.007642 0.044925 -0.027665
v 0.008298 0.046194 -0.027619
v 0.010707 0.023058 0.005189
v 0.010903 0.021984 0.006094
v 0.010984 0.021642 0.004659
v -0.000397 0.008768 0.010542
v -0.001701 0.009449 0.011215
v -0.001961 0.008533 0.009960
v -0.003169 0.028962 0.008295
v -0.001330 0.029094 0.008888
v -0.002148 0.029637 0.007069
v 0.002817 0.060991 -0.013334
v 0.003322 0.061967 -0.013974
v 0.002065 0.062170 -0.013755
v 0.002533 0.079861 -0.020261
v 0.003841 0.080736 -0.020601
v 0.002511 0.081454 -0.020402
v 0.002666 0.009696 0.011276
v 0.007304 0.020598 -0.010696
v 0.006389 0.020495 -0.011773
v 0.007492 0.021596 -0.011647
v 0.004182 0.008706 0.008837
v 0.003113 0.008047 0.008391
v 0.004143 0.008416 0.007760
v 0.002895 0.007738 0.007182
v 0.001818 0.007473 0.007892
v 0.001558 0.007287 0.006717
v 0.002264 0.044102 -0.030174
v 0.003754 0.044585 -0.029976
v 0.003207 0.043255 -0.029503
v -0.007404 0.075724 -0.051512
v -0.007513 0.074675 -0.050413
v -0.008532 0.075704 -0.050530
v -0.012192 0.074378 -0.026857
v -0.011345 0.074331 -0.025572
v -0.011844 0.075722 -0.026042
v -0.006427 0.073740 -0.050163
v -0.006347 0.074708 -0.051340
v -0.003114 0.007798 0.007305
v 0.000231 0.069735 -0.018377
v -0.007272 0.082294 -0.052334
v -0.007387 0.080697 -0.052740
v -0.008580 0.081005 -0.051997
v -0.003452 0.008610 0.009352
v -0.003689 0.008250 0.008241
v -0.002254 0.007797 0.008517
v -0.002112 0.066511 -0.016469
v -0.003350 0.067132 -0.017277
v -0.003754 0.065806 -0.016484
v -0.003224 0.009323 0.010589
v -0.004451 0.009388 0.009916
v -0.001374 0.011790 0.013669
v -0.002753 0.011347 0.013016
v -0.001459 0.010540 0.012447
v 0.000311 0.011031 0.013023
v -0.000143 0.009789 0.011750
v -0.014803 0.079313 -0.038532
v -0.014538 0.077831 -0.038657
v -0.014737 0.078512 -0.037199
v -0.010515 0.048150 -0.014030
v -0.010231 0.047281 -0.012941
v -0.009796 0.048574 -0.012807
v -0.009424 0.058726 -0.017024
v -0.009760 0.056846 -0.016727
v -0.008851 0.057645 -0.015784
v 0.012860 0.070149 -0.033113
v 0.013032 0.070763 -0.031835
v 0.012759 0.069648 -0.031957
v 0.008978 0.017634 -0.000944
v 0.009256 0.017222 0.000907
v 0.008066 0.016336 -0.000348
v -0.001341 0.053998 -0.036936
v -0.002631 0.053487 -0.036346
v 0.001236 0.010074 0.011989
v 0.003997 0.010944 0.012207
v 0.004149 0.009875 0.010866
v 0.005541 0.010763 0.011066
v -0.004495 0.017896 -0.009711
v -0.005844 0.018095 -0.008649
v -0.005644 0.018819 -0.010201
v 0.004827 0.009513 0.009795
v -0.011520 0.079093 -0.049236
v -0.012326 0.080157 -0.048340
v -0.011615 0.080493 -0.049341
v -0.006784 0.090020 -0.029683
v -0.005940 0.089844 -0.028734
v -0.005684 0.090812 -0.030061
v -0.009900 0.031836 -0.007967
v -0.009418 0.032545 -0.006792
v -0.009662 0.033306 -0.008099
v -0.002574 0.037023 -0.002858
v -0.002304 0.035952 -0.002022
v -0.001162 0.036807 -0.002392
v -0.006058 0.009914 0.008436
v -0.004853 0.009041 0.008650
v -0.005776 0.010141 0.009781
v -0.003014 0.010270 0.011825
v -0.004637 0.010304 0.011124
v -0.004156 0.011235 0.012446
v 0.003047 0.080994 -0.054121
v 0.004665 0.081193 -0.053692
v 0.004097 0.079916 -0.054129
v -0.002646 0.012376 0.014002
v -0.012217 0.077104 -0.026432
v -0.012741 0.075859 -0.027517
v 0.000112 0.012662 0.014513
v 0.001781 0.011927 0.013745
v 0.001864 0.013104 0.014760
v 0.001511 0.030235 0.005881
v 0.000070 0.030835 0.004822
v 0.000156 0.030151 0.006297
v 0.005703 0.089740 -0.047101
v 0.003553 0.090017 -0.047457
v 0.004456 0.090981 -0.045901
v 0.005181 0.009230 0.008541
v 0.006261 0.010062 0.008036
v 0.006068 0.010223 0.009511
v 0.002517 0.007861 0.005866
v 0.003957 0.008421 0.006470
v 0.009232 0.057006 -0.033806
v 0.008013 0.055686 -0.034491
v 0.001090 0.007535 0.005573
v 0.009596 0.029505 -0.014132
v 0.009767 0.028565 -0.012852
v 0.009158 0.028056 -0.014317
v 0.003340 0.065925 -0.042202
v 0.003771 0.064921 -0.041444
v 0.006454 0.021637 -0.013048
v 0.010214 0.075538 -0.048435
v 0.010616 0.076690 -0.049073
v 0.011075 0.076007 -0.047663
v -0.001940 0.086454 -0.051261
v -0.002189 0.087624 -0.050249
v -0.000855 0.087366 -0.050595
v -0.005298 0.011375 0.011992
v -0.006055 0.011158 0.011101
v -0.003885 0.012294 0.013591
v -0.005002 0.013358 0.014091
v -0.005203 0.012256 0.012982
v -0.003526 0.013544 0.014783
v -0.001782 0.013122 0.014790
v 0.003127 0.012631 0.014115
v 0.003115 0.011676 0.013243
v 0.004339 0.012261 0.013390
v 0.006803 0.012142 0.011611
v 0.005541 0.011979 0.012501
v 0.009087 0.055695 -0.015266
v 0.008477 0.056743 -0.014955
v 0.008142 0.055837 -0.014213
v 0.004522 0.021592 0.017713
v 0.005662 0.020509 0.017114
v 0.005873 0.022150 0.016972
v 0.004970 0.009458 0.005841
v 0.005212 0.009179 0.007184
v 0.001847 0.050786 -0.008167
v 0.000822 0.049605 -0.007451
v 0.002565 0.049404 -0.007641
v -0.003565 0.008232 0.006106
v 0.001492 0.067644 -0.017157
v 0.002801 0.066838 -0.016875
v 0.003257 0.068219 -0.017977
v -0.002933 0.067629 -0.043571
v -0.001671 0.066942 -0.043284
v -0.002802 0.066407 -0.042661
v 0.004917 0.037221 -0.025648
v 0.003562 0.037434 -0.026387
v 0.004553 0.038241 -0.026423
v -0.005571 0.013691 0.000831
v -0.006610 0.014751 0.000294
v -0.005391 0.014400 -0.000550
v 0.010073 0.070724 -0.041364
v 0.010386 0.071850 -0.042403
v 0.011202 0.071954 -0.041040
v -0.007023 0.011400 0.010124
v -0.006943 0.010853 0.008791
v -0.001750 0.071216 -0.048622
v -0.000386 0.071015 -0.048465
v -0.001255 0.070591 -0.047683
v -0.008959 0.038585 -0.022798
v -0.008255 0.039183 -0.024074
v -0.007800 0.037765 -0.023715
v -0.007561 0.039826 -0.025166
v -0.008665 0.040562 -0.024353
v 0.003044 0.063063 -0.014482
v 0.004348 0.062382 -0.014586
v 0.004151 0.063702 -0.015256
v -0.006284 0.012198 0.012175
v -0.004814 0.014398 0.014994
v 0.014557 0.077287 -0.036651
v 0.014263 0.075927 -0.036315
v 0.014235 0.076328 -0.037805
v -0.000778 0.014126 0.015672
v -0.002472 0.014510 0.015759
v 0.003141 0.013677 0.014982
v 0.002156 0.014071 0.015480
v 0.004350 0.013392 0.014385
v -0.009288 0.050091 -0.012819
v -0.009686 0.051088 -0.014017
v -0.010138 0.049587 -0.014016
v 0.011076 0.044646 -0.014076
v 0.010857 0.043479 -0.013134
v 0.011269 0.043132 -0.014475
v 0.009582 0.082729 -0.050800
v 0.010756 0.082577 -0.049888
v 0.010145 0.081425 -0.050778
v -0.001149 0.007928 0.004957
v -0.002445 0.008008 0.005411
v 0.010176 0.033528 -0.010504
v 0.010339 0.033495 -0.011909
v 0.010352 0.034668 -0.011680
v 0.009824 0.064514 -0.021018
v 0.010300 0.062980 -0.020815
v -0.002290 0.072006 -0.049768
v -0.003150 0.071464 -0.048619
v -0.001536 0.015638 0.016642
v 0.000881 0.013975 0.015549
v 0.000197 0.015145 0.016407
v 0.001766 0.015001 0.016197
v 0.003123 0.014742 0.015772
v 0.004139 0.014324 0.015183
v 0.005509 0.014512 0.014738
v 0.005588 0.013157 0.013607
v 0.006601 0.012964 0.012719
v 0.013122 0.085767 -0.033705
v 0.013500 0.085970 -0.035436
v 0.012539 0.087123 -0.034201
v 0.006915 0.011344 0.010282
v 0.006169 0.010214 0.006651
v 0.011044 0.042131 -0.013539
v 0.010692 0.042444 -0.012523
v 0.011770 0.058597 -0.028919
v 0.011500 0.056978 -0.028912
v 0.011298 0.057701 -0.030159
v 0.007838 0.047053 -0.028574
v -0.006331 0.013387 0.013328
v -0.006005 0.014562 0.014503
v -0.004009 0.015083 0.015769
v 0.011641 0.056252 -0.027583
v 0.011892 0.057831 -0.027597
v -0.004161 0.093547 -0.040656
v -0.002916 0.093530 -0.041530
v -0.004225 0.093065 -0.042111
v 0.002348 0.040632 -0.028450
v 0.001168 0.041475 -0.029059
v 0.002726 0.041951 -0.029010
v -0.004922 0.089451 -0.027484
v -0.004582 0.090433 -0.028762
v -0.007808 0.024953 0.012772
v -0.008762 0.023619 0.012994
v -0.007703 0.023980 0.014381
v 0.000880 0.031615 0.003304
v -0.000820 0.031639 0.003266
v -0.005389 0.015570 0.015522
v 0.008630 0.017267 0.013809
v 0.009266 0.016870 0.012625
v 0.009380 0.018395 0.013249
v -0.000257 0.016219 0.017061
v 0.001181 0.016139 0.016963
v 0.003000 0.016141 0.016676
v 0.004433 0.015412 0.015818
v 0.006819 0.014096 0.013568
v 0.007681 0.011871 0.009558
v 0.007094 0.011015 0.008910
v 0.007764 0.012478 0.010647
v -0.006881 0.022245 0.016291
v -0.006842 0.023599 0.015740
v -0.007814 0.022713 0.015210
v 0.007164 0.011085 0.007552
v -0.005052 0.047240 -0.030780
v -0.005025 0.048452 -0.031533
v -0.003938 0.047225 -0.031310
v 0.009743 0.028671 -0.003452
v 0.010241 0.027185 -0.003704
v 0.010128 0.028313 -0.005086
v 0.009453 0.054749 -0.031969
v 0.009846 0.017538 0.002367
v 0.009236 0.016406 0.002563
v 0.000342 0.008014 0.004746
v 0.010498 0.044913 -0.012632
v 0.010218 0.043429 -0.011655
v -0.005592 0.009466 0.007347
v -0.006748 0.010606 0.007524
v -0.006121 0.010487 0.005937
v -0.009737 0.047525 -0.026298
v -0.009751 0.046291 -0.025629
v -0.010315 0.047392 -0.025103
v -0.008003 0.012214 0.009103
v -0.007592 0.011591 0.007909
v -0.010133 0.051828 -0.028246
v -0.010749 0.052729 -0.027501
v -0.010616 0.053565 -0.028593
v -0.007525 0.013328 0.012116
v -0.007844 0.012581 0.010597
v -0.007007 0.012067 0.011241
v -0.007453 0.014966 0.013675
v -0.006654 0.015959 0.015001
v -0.005964 0.016732 0.015857
v 0.005743 0.061296 -0.014743
v 0.004267 0.061138 -0.013903
v 0.005275 0.060057 -0.013867
v -0.008850 0.091327 -0.041718
v -0.007671 0.092179 -0.041030
v -0.007341 0.091792 -0.042648
v -0.004914 0.028548 0.007742
v -0.003739 0.029439 0.006546
v -0.002821 0.016912 0.017133
v -0.001276 0.017194 0.017501
v 0.000373 0.017185 0.017547
v 0.001964 0.017365 0.017483
v 0.003543 0.017800 0.017317
v 0.004736 0.016921 0.016530
v 0.005868 0.016098 0.015566
v -0.006740 0.011845 0.004835
v -0.005766 0.011002 0.004612
v 0.006914 0.015475 0.014506
v 0.014283 0.080207 -0.031925
v 0.014280 0.081614 -0.032870
v 0.013914 0.081485 -0.031225
v 0.007894 0.013694 0.012037
v 0.007908 0.011980 0.008465
v 0.003523 0.008803 0.005200
v 0.001888 0.008315 0.004791
v -0.000335 0.018195 0.017961
v 0.007900 0.015181 0.013374
v 0.001097 0.018488 -0.012389
v -0.000147 0.018050 -0.011800
v -0.000260 0.018906 -0.013084
v -0.002068 0.008738 0.004331
v -0.005864 0.011872 0.003603
v -0.005789 0.012832 0.002278
v -0.004738 0.011776 0.002658
v -0.008541 0.014932 0.012292
v -0.002731 0.031669 -0.023017
v -0.002779 0.033226 -0.024018
v -0.001269 0.032237 -0.023718
v -0.002480 0.018047 0.017682
v -0.000508 0.074141 -0.019805
v 0.000329 0.073320 -0.019656
v 0.000560 0.074720 -0.019876
v 0.000991 0.018429 0.018003
v 0.002468 0.018696 0.017885
v 0.006185 0.017651 0.016115
v 0.007073 0.016849 0.015157
v 0.008531 0.013493 0.010539
v -0.007525 0.011900 0.006440
v -0.008390 0.012762 0.007681
v 0.008367 0.012796 0.009505
v 0.008755 0.013291 0.008092
v 0.004607 0.053898 -0.035873
v 0.005482 0.055071 -0.036137
v 0.005944 0.054055 -0.035191
v -0.010503 0.046085 -0.012988
v -0.010067 0.046604 -0.012328
v 0.005909 0.010652 0.005335
v -0.008619 0.027189 0.003962
v -0.008264 0.027039 0.005496
v -0.007739 0.028043 0.004130
v 0.001025 0.008923 0.003901
v -0.000563 0.008714 0.004018
v -0.003601 0.009039 0.004872
v -0.004622 0.026554 -0.018778
v -0.004311 0.025477 -0.018211
v -0.005470 0.025940 -0.017770
v 0.000001 0.070235 -0.047208
v -0.004587 0.016857 0.016576
v 0.010560 0.046819 -0.024254
v 0.011095 0.048003 -0.023280
v 0.011046 0.046519 -0.022711
v 0.009408 0.015131 0.005624
v 0.009928 0.015706 0.006965
v 0.009218 0.014310 0.006923
v -0.002620 0.051467 -0.008679
v -0.001602 0.050299 -0.007866
v -0.000818 0.051455 -0.008373
v -0.008895 0.013566 0.008825
v -0.008557 0.013262 0.009894
v -0.000515 0.057558 -0.011442
v 0.000021 0.058920 -0.012021
v -0.001671 0.058465 -0.011952
v -0.011135 0.052879 -0.026404
v -0.010600 0.051572 -0.026992
v -0.008552 0.013851 0.011021
v -0.009257 0.016180 0.012116
v -0.008575 0.016302 0.013316
v -0.007759 0.016745 0.014509
v -0.006049 0.017948 0.016326
v -0.006919 0.017359 0.015516
v -0.010143 0.044062 -0.023840
v -0.009154 0.043492 -0.025188
v -0.009677 0.042818 -0.024062
v -0.003708 0.018233 0.017446
v -0.002900 0.019319 0.017978
v -0.001542 0.018754 0.018060
v -0.000220 0.019640 0.018375
v 0.001079 0.092621 -0.043965
v -0.000133 0.092367 -0.044460
v 0.000134 0.093161 -0.042960
v 0.001484 0.019701 0.018297
v 0.003674 0.019042 0.017677
v 0.005033 0.018752 0.017085
v 0.007884 0.016379 0.014184
v 0.008826 0.015440 0.012282
v 0.008557 0.016211 0.013286
v 0.012055 0.087744 -0.043783
v 0.012954 0.086412 -0.043909
v 0.011956 0.086905 -0.045216
v 0.004529 0.009981 0.004603
v 0.002830 0.009502 0.003953
v -0.001477 0.009580 0.003348
v -0.002916 0.093932 -0.040084
v -0.004117 0.093862 -0.038969
v -0.011034 0.059098 -0.031640
v -0.010195 0.058228 -0.032968
v -0.010659 0.057464 -0.031646
v -0.004375 0.017146 -0.008286
v 0.009110 0.014061 0.009510
v -0.006782 0.053565 -0.011923
v -0.006515 0.055159 -0.012495
v -0.007684 0.054489 -0.013173
v 0.000058 0.009637 0.003144
v -0.002917 0.009735 0.003705
v 0.002863 0.019902 0.018091
v -0.001575 0.019399 -0.013557
v -0.000492 0.019882 -0.014317
v 0.007392 0.018180 0.015450
v 0.007907 0.017409 0.014684
v 0.007256 0.085058 -0.023735
v 0.005935 0.084914 -0.022783
v 0.007132 0.083896 -0.022867
v 0.001609 0.009921 0.003096
v 0.011451 0.042340 -0.018731
v 0.011597 0.043327 -0.017995
v 0.011545 0.042266 -0.017321
v -0.007781 0.021409 0.015613
v -0.006745 0.020888 0.016502
v -0.009165 0.014348 0.009964
v -0.009215 0.015141 0.011139
v -0.009811 0.029380 -0.013278
v -0.009184 0.028092 -0.014279
v -0.009550 0.027653 -0.012943
v -0.005275 0.055655 -0.036580
v -0.004048 0.055090 -0.036861
v -0.004980 0.054283 -0.035932
v -0.007016 0.018564 0.015886
v -0.011926 0.061108 -0.024756
v -0.011590 0.061424 -0.023224
v -0.011674 0.062601 -0.024478
v -0.006412 0.019416 0.016530
v -0.005139 0.018772 0.017067
v 0.009532 0.067597 -0.039107
v 0.008335 0.067079 -0.040039
v 0.009143 0.068452 -0.040267
v -0.002116 0.081352 -0.020319
v -0.001909 0.079965 -0.020172
v -0.000723 0.080928 -0.020142
v 0.009083 0.014689 0.010906
v 0.007949 0.012217 0.007150
v 0.008403 0.066379 -0.020312
v 0.007397 0.066893 -0.019599
v 0.007833 0.065724 -0.019208
v -0.006592 0.079724 -0.053243
v -0.006267 0.081211 -0.053138
v 0.003200 0.088970 -0.048754
v 0.002013 0.088746 -0.049180
v 0.001947 0.089526 -0.048325
v -0.008481 0.041514 -0.008627
v -0.007760 0.040393 -0.007570
v -0.007356 0.041979 -0.007590
v -0.010791 0.048947 -0.015215
v -0.010488 0.050461 -0.015284
v -0.011108 0.049615 -0.016628
v -0.011298 0.063403 -0.032769
v -0.011023 0.064451 -0.034173
v -0.010552 0.063001 -0.034381
v 0.001204 0.091989 -0.045032
v 0.002710 0.091613 -0.045416
v 0.001376 0.091214 -0.046193
v 0.006403 0.034422 -0.022845
v 0.007466 0.034359 -0.021779
v 0.006382 0.033039 -0.021903
v 0.001114 0.050218 -0.034126
v -0.000190 0.049672 -0.033765
v -0.000107 0.050807 -0.034659
v -0.008677 0.017792 0.013996
v -0.007842 0.018247 0.015084
v 0.004214 0.073512 -0.051238
v 0.002744 0.073154 -0.051321
v 0.003474 0.074114 -0.052215
v -0.004250 0.019817 0.017684
v -0.005327 0.016469 -0.005591
v -0.005552 0.017196 -0.007094
v -0.004106 0.016410 -0.006803
v 0.000629 0.020959 0.018567
v 0.001966 0.020757 0.018399
v -0.010498 0.090620 -0.037705
v -0.010111 0.090941 -0.039419
v -0.011192 0.090017 -0.039121
v -0.011111 0.043627 -0.013893
v -0.010638 0.044656 -0.012806
v -0.011018 0.045242 -0.014012
v 0.004060 0.010690 0.003448
v -0.009491 0.074088 -0.023541
v -0.008933 0.073013 -0.023053
v -0.008616 0.074598 -0.022792
v -0.004384 0.033070 -0.023263
v -0.011740 0.063729 -0.025769
v -0.011470 0.065183 -0.025526
v -0.011830 0.064792 -0.027091
v -0.001475 0.049403 -0.033449
v -0.000490 0.048469 -0.032890
v 0.007180 0.041614 -0.007348
v 0.006808 0.043047 -0.007417
v 0.006235 0.042200 -0.006771
v 0.007611 0.071105 -0.021724
v 0.006872 0.070491 -0.021004
v 0.008035 0.069943 -0.021754
v -0.005554 0.020376 0.017195
v -0.001918 0.020251 0.018355
v 0.008343 0.021567 -0.010151
v 0.008692 0.021022 -0.008700
v 0.007730 0.020199 -0.009441
v 0.008543 0.013232 0.006760
v 0.007055 0.011412 0.006203
v 0.009554 0.080315 -0.051422
v 0.009077 0.081529 -0.051573
v 0.003522 0.087225 -0.050382
v 0.004774 0.087262 -0.050034
v 0.004472 0.086277 -0.050939
v 0.006843 0.038642 -0.025163
v 0.006438 0.037300 -0.024694
v 0.005735 0.038405 -0.025843
v -0.004056 0.010065 0.004058
v -0.004931 0.010057 0.004861
v -0.009376 0.017469 0.012802
v -0.007664 0.019806 0.015651
v -0.003334 0.020803 0.018126
v 0.004599 0.046153 -0.030430
v 0.006000 0.047568 -0.030396
v 0.008412 0.018395 0.014543
v 0.009719 0.021435 -0.006324
v 0.010024 0.022887 -0.007044
v 0.010307 0.022779 -0.005547
v -0.010725 0.067869 -0.024650
v -0.011155 0.066606 -0.025224
v -0.010604 0.066699 -0.023946
v -0.012053 0.061715 -0.027490
v -0.011955 0.062227 -0.026004
v -0.011964 0.063278 -0.027321
v -0.007697 0.092465 -0.039490
v -0.008935 0.091831 -0.038321
v -0.007441 0.092683 -0.037932
v 0.000637 0.010616 0.002253
v -0.000895 0.010486 0.002394
v -0.010069 0.053687 -0.015987
v -0.009507 0.053339 -0.014870
v -0.009337 0.054567 -0.015157
v -0.004904 0.010908 0.003808
v -0.009348 0.088992 -0.045673
v -0.010476 0.088942 -0.044445
v -0.009111 0.089965 -0.044399
v -0.000561 0.047138 -0.006409
v -0.000576 0.045985 -0.006007
v 0.000613 0.046808 -0.006294
v -0.009731 0.015596 0.010083
v -0.010245 0.084993 -0.048997
v -0.009863 0.086388 -0.048174
v -0.009220 0.085254 -0.049583
v 0.002590 0.035318 -0.025424
v 0.003783 0.036192 -0.025561
v 0.003918 0.034940 -0.024723
v -0.014759 0.081964 -0.041364
v -0.014773 0.082876 -0.040215
v -0.014550 0.083676 -0.041526
v 0.008034 0.042585 -0.008397
v 0.007322 0.044156 -0.008138
v -0.000946 0.039428 -0.028042
v 0.000666 0.038516 -0.027586
v -0.000866 0.037873 -0.027215
v -0.004623 0.021347 0.017712
v 0.013923 0.074141 -0.033290
v 0.013689 0.073331 -0.032283
v 0.013665 0.073151 -0.033985
v 0.001667 0.022133 0.018497
v 0.003115 0.021181 0.018185
v 0.007896 0.019557 0.015372
v 0.009595 0.014839 0.008268
v 0.005461 0.011209 0.004048
v 0.012040 0.059430 -0.027497
v -0.002389 0.010567 0.002666
v 0.001691 0.042833 -0.029658
v -0.009605 0.014909 0.008804
v -0.009686 0.016186 0.011104
v -0.000951 0.021232 0.018577
v 0.008094 0.034338 -0.005386
v 0.007112 0.035167 -0.004642
v 0.007442 0.033937 -0.004112
v 0.004204 0.020158 0.017729
v -0.013293 0.087327 -0.039135
v -0.013379 0.087052 -0.040642
v -0.013963 0.085984 -0.039678
v 0.006635 0.019282 0.016326
v 0.008914 0.019591 0.014252
v -0.000399 0.050387 -0.007796
v 0.000520 0.051112 -0.008182
v 0.009434 0.087516 -0.047382
v 0.010735 0.087254 -0.046425
v 0.010314 0.086354 -0.047787
v 0.011931 0.057053 -0.026342
v -0.002366 0.021690 0.018407
v 0.007881 0.012647 0.005871
v 0.007127 0.013015 0.003792
v 0.006849 0.012048 0.004747
v 0.006156 0.012369 0.003361
v 0.004856 0.011790 0.002797
v 0.002870 0.010449 0.003022
v -0.003863 0.053461 -0.010163
v -0.005314 0.053517 -0.010888
v -0.004967 0.052344 -0.010068
v -0.003772 0.010764 0.003120
v -0.009883 0.017225 0.011577
v -0.010835 0.056433 -0.030529
v -0.011387 0.056723 -0.029106
v -0.011285 0.057866 -0.030280
v 0.009367 0.027444 0.000676
v 0.009777 0.026287 0.001757
v 0.010059 0.026165 0.000452
v 0.007828 0.032883 -0.020247
v 0.007193 0.031591 -0.020066
v 0.006979 0.032449 -0.020918
v 0.007592 0.035637 -0.022538
v -0.003642 0.022232 0.018058
v -0.001472 0.022418 0.018526
v -0.000141 0.022349 0.018615
v 0.007163 0.021072 0.016144
v 0.010378 0.077904 -0.050213
v 0.010976 0.079145 -0.049974
v 0.011406 0.078179 -0.049043
v 0.010020 0.017806 0.011658
v 0.009675 0.016238 0.011208
v 0.010241 0.016342 0.008324
v -0.001838 0.011422 0.001609
v -0.010153 0.016858 0.010331
v -0.010036 0.018539 0.012023
v 0.001678 0.046265 -0.031425
v 0.000771 0.047471 -0.032226
v 0.002248 0.047386 -0.031955
v 0.003314 0.022561 0.018091
v 0.002187 0.023543 0.018186
v -0.003580 0.080459 -0.020506
v -0.004477 0.078934 -0.020678
v -0.002893 0.078809 -0.020290
v 0.007283 0.042296 -0.026706
v 0.006838 0.043639 -0.027734
v 0.008032 0.043848 -0.026740
v 0.006220 0.056282 -0.036326
v 0.006745 0.055266 -0.035388
v 0.002126 0.010961 0.002211
v -0.003358 0.011607 0.001977
v -0.008577 0.013463 0.006265
v -0.007805 0.013069 0.004893
v -0.010187 0.016309 0.008976
v -0.011568 0.070072 -0.026627
v -0.012040 0.071631 -0.027303
v -0.012205 0.070403 -0.028117
v -0.005814 0.021849 0.017097
v -0.001093 0.023668 0.018337
v 0.000578 0.023536 0.018403
v 0.004691 0.023025 0.017453
v -0.003468 0.059373 -0.038914
v -0.002663 0.060391 -0.039547
v 0.008420 0.020831 0.014939
v 0.009300 0.020662 0.013763
v -0.009788 0.048915 -0.026985
v -0.008892 0.047618 -0.027617
v 0.007874 0.013322 0.004670
v 0.008655 0.013839 0.005717
v 0.002473 0.029496 -0.021669
v 0.003447 0.030232 -0.021823
v 0.003770 0.029291 -0.021062
v -0.008696 0.019271 0.014477
v -0.008600 0.020727 0.014758
v 0.006215 0.030318 -0.020151
v 0.007709 0.030408 -0.018585
v -0.010995 0.089307 -0.042866
v -0.009943 0.089909 -0.043425
v 0.003486 0.011349 0.002375
v 0.008190 0.060983 -0.036725
v 0.008505 0.062392 -0.037040
v 0.009275 0.061340 -0.035647
v -0.006905 0.012958 0.003480
v -0.008725 0.014347 0.004867
v -0.010599 0.017777 0.009283
v -0.004797 0.022736 0.017525
v 0.009790 0.015541 0.009697
v 0.010389 0.017306 0.009878
v 0.006765 0.013409 0.002699
v 0.004170 0.012349 0.001610
v -0.009261 0.028737 -0.001618
v -0.009753 0.028313 -0.002852
v -0.009869 0.027413 -0.001590
v -0.002147 0.081352 -0.054146
v -0.003562 0.081451 -0.053880
v -0.002623 0.082587 -0.053592
v -0.009963 0.015693 0.007392
v -0.009210 0.014160 0.007526
v -0.010539 0.017210 0.007847
v -0.010412 0.018195 0.010719
v -0.010485 0.019566 0.011087
v -0.009383 0.020238 0.013663
v -0.010052 0.019933 0.012349
v -0.009461 0.018870 0.013286
v -0.005880 0.023136 0.016775
v -0.003760 0.023485 0.017769
v -0.002538 0.022999 0.018264
v 0.001130 0.029692 0.007294
v 0.002821 0.029597 0.006822
v -0.000230 0.024720 0.017917
v 0.001212 0.024712 0.017838
v 0.008914 0.069408 -0.041406
v 0.010016 0.069729 -0.040333
v -0.013035 0.085319 -0.032776
v -0.012902 0.086338 -0.033950
v -0.013796 0.084551 -0.034298
v 0.003611 0.023897 0.017628
v 0.005705 0.023643 0.016614
v 0.009602 0.019698 0.013232
v 0.010108 0.019217 0.012102
v 0.007775 0.013970 0.003443
v 0.001554 0.025673 0.016980
v 0.002615 0.024841 0.017436
v 0.002699 0.011946 0.001325
v -0.001243 0.012108 0.000682
v -0.002767 0.012520 0.000603
v 0.004773 0.030518 -0.021344
v 0.003714 0.031255 -0.022394
v -0.008470 0.021924 0.014723
v -0.004160 0.014248 -0.001381
v -0.002833 0.014319 -0.002406
v -0.002816 0.013527 -0.000879
v 0.004640 0.024116 0.017022
v -0.011405 0.044285 -0.015245
v -0.011585 0.045132 -0.016790
v -0.011575 0.043236 -0.016514
v 0.001374 0.083107 -0.053478
v 0.000363 0.081918 -0.054065
v -0.000096 0.083278 -0.053439
v 0.010434 0.016962 0.007074
v 0.008652 0.014512 0.004435
v -0.009875 0.015873 0.005990
v -0.009361 0.014806 0.006150
v -0.007363 0.064444 -0.017856
v -0.008361 0.063267 -0.018107
v -0.007363 0.063073 -0.016973
v -0.004844 0.024048 0.016998
v 0.010557 0.018909 0.010600
v 0.005554 0.012824 0.002117
v 0.004606 0.013898 -0.000333
v 0.004971 0.013313 0.000898
v 0.003423 0.012979 0.000317
v 0.001832 0.012533 0.000279
v -0.010513 0.021574 0.010290
v -0.010678 0.020386 0.010280
v -0.010351 0.020822 0.011397
v -0.007960 0.014136 0.003457
v 0.004979 0.067878 -0.018499
v 0.006288 0.067399 -0.019014
v 0.005976 0.068570 -0.019529
v -0.009142 0.021618 0.013841
v -0.002451 0.031590 0.002890
v -0.001545 0.032397 0.001942
v -0.003047 0.032273 0.001560
v -0.002525 0.024243 0.017858
v -0.001454 0.024767 0.017785
v 0.006873 0.092909 -0.037059
v 0.008158 0.092289 -0.037829
v 0.006684 0.092976 -0.039073
v -0.001383 0.057905 -0.038793
v 0.009961 0.020560 0.012513
v 0.008928 0.027470 0.002235
v 0.010784 0.018708 0.009193
v 0.010701 0.017829 0.008089
v 0.010163 0.016728 0.005524
v 0.007461 0.014508 0.002048
v -0.010343 0.016849 0.006447
v -0.009825 0.021247 0.012660
v -0.005842 0.024349 0.016083
v 0.009997 0.017183 0.003735
v 0.009382 0.015820 0.004132
v 0.003872 0.024952 0.016826
v 0.009568 0.021791 0.012947
v -0.011059 0.070205 -0.039165
v -0.010010 0.068830 -0.039471
v -0.010968 0.069215 -0.038327
v 0.004720 0.073509 -0.020562
v 0.003568 0.074801 -0.020336
v 0.003180 0.072950 -0.019978
v 0.006263 0.013846 0.001414
v 0.003159 0.062116 -0.040171
v 0.003016 0.060541 -0.039515
v 0.001417 0.061302 -0.040155
v -0.004431 0.012649 0.001347
v -0.006953 0.014072 0.001900
v -0.010771 0.019258 0.009714
v -0.004733 0.083945 -0.052449
v -0.004119 0.082735 -0.053240
v -0.005633 0.082646 -0.052848
v 0.008824 0.021952 0.014187
v -0.014564 0.082434 -0.042596
v -0.014582 0.081003 -0.042567
v -0.003795 0.088898 -0.026129
v -0.002848 0.089336 -0.026400
v -0.003292 0.089943 -0.027429
v -0.011712 0.058645 -0.022347
v -0.011988 0.058399 -0.024018
v -0.011870 0.056888 -0.022967
v -0.009455 0.015530 0.004886
v -0.010713 0.017955 0.006842
v -0.009054 0.063522 -0.019139
v -0.009426 0.062138 -0.018786
v -0.008633 0.022761 0.014060
v -0.009129 0.056071 -0.015491
v -0.008437 0.055315 -0.014329
v -0.008166 0.056851 -0.014678
v 0.005102 0.024808 0.016193
v -0.002119 0.082477 -0.020518
v -0.001000 0.082142 -0.020331
v 0.006912 0.022901 0.016006
v 0.006504 0.024299 0.015472
v 0.000695 0.043942 -0.005366
v 0.002156 0.044611 -0.005759
v 0.000721 0.045382 -0.005818
v -0.009926 0.025039 0.004779
v -0.009979 0.025386 0.003234
v -0.010457 0.024124 0.003784
v 0.008501 0.015138 0.002992
v 0.012791 0.072795 -0.028643
v 0.012640 0.071386 -0.028923
v 0.013116 0.072340 -0.029983
v 0.005713 0.014142 0.000301
v -0.001403 0.012907 -0.000374
v -0.008157 0.015122 0.002212
v 0.010657 0.024195 -0.003745
v 0.010545 0.022850 -0.004035
v 0.010542 0.023788 -0.004962
v -0.010066 0.016661 0.005093
v -0.001799 0.016618 -0.008748
v -0.001300 0.016051 -0.007565
v -0.002883 0.016480 -0.007914
v 0.009894 0.018691 0.000005
v -0.003675 0.024730 0.017147
v -0.010068 0.045678 -0.011957
v 0.007924 0.022188 0.015263
v 0.008257 0.023067 0.014394
v 0.012860 0.077489 -0.027500
v 0.012283 0.078638 -0.026489
v 0.012014 0.077075 -0.026122
v 0.010479 0.020254 0.011097
v 0.010170 0.021515 0.011582
v 0.010816 0.019930 0.009552
v 0.010740 0.018130 0.006512
v -0.008862 0.015264 0.003575
v 0.012954 0.080477 -0.028045
v 0.013102 0.079115 -0.028021
v 0.013449 0.080254 -0.029110
v -0.010576 0.017851 0.005555
v -0.010897 0.018884 0.008024
v -0.004729 0.025104 0.016217
v -0.002372 0.025270 0.017192
v -0.005311 0.085095 -0.051556
v -0.006247 0.083873 -0.052002
v -0.009059 0.024667 0.010221
v -0.008807 0.025451 0.008790
v -0.009941 0.023907 0.008604
v 0.007506 0.023330 0.015173
v 0.008961 0.022941 0.013331
v 0.010964 0.019418 0.007794
v 0.000349 0.093681 -0.033515
v -0.001437 0.093677 -0.033690
v -0.001005 0.093151 -0.032278
v -0.009915 0.045145 -0.024779
v -0.010339 0.080165 -0.024232
v -0.011550 0.079808 -0.025580
v -0.010887 0.078617 -0.024670
v 0.002393 0.013230 -0.000545
v -0.000177 0.013308 -0.001145
v 0.001217 0.013163 -0.000781
v -0.004185 0.013493 -0.000034
v -0.009304 0.040067 -0.023191
v -0.009393 0.022451 0.012885
v -0.006615 0.024541 0.015146
v -0.005699 0.025288 0.015182
v -0.006262 0.029929 0.002628
v -0.004800 0.030521 0.003210
v -0.005354 0.031228 0.001415
v 0.006937 0.015003 0.000341
v -0.009626 0.016414 0.003745
v 0.002990 0.038233 -0.003683
v 0.003263 0.036744 -0.002903
v 0.004410 0.037711 -0.004022
v 0.006077 0.083423 -0.022036
v 0.004954 0.082815 -0.021333
v 0.006114 0.081976 -0.021602
v -0.010005 0.022098 0.011634
v 0.000285 0.025575 0.017241
v 0.008302 0.023797 0.013642
v 0.009616 0.022916 0.011849
v 0.011720 0.060815 -0.023450
v 0.012008 0.059462 -0.024593
v 0.011966 0.061285 -0.025299
v -0.002925 0.026583 0.015203
v -0.004441 0.026029 0.015184
v -0.003414 0.025718 0.016298
v 0.009630 0.032134 -0.007177
v 0.009924 0.032830 -0.008861
v 0.009413 0.033759 -0.007690
v 0.005690 0.014754 -0.000874
v -0.001519 0.013684 -0.001643
v -0.007558 0.015144 0.001049
v 0.011640 0.073283 -0.042188
v 0.010661 0.072861 -0.043509
v 0.011538 0.074055 -0.043754
v -0.009059 0.016192 0.002396
v -0.005537 0.029316 -0.019996
v -0.004962 0.030017 -0.020862
v -0.003877 0.028756 -0.020629
v 0.004977 0.081440 -0.021037
v 0.003778 0.082172 -0.020798
v -0.003084 0.074202 -0.020169
v -0.002268 0.075782 -0.020128
v -0.003991 0.075304 -0.020489
v 0.004133 0.075890 -0.053419
v 0.002899 0.075131 -0.053279
v 0.003385 0.076525 -0.053935
v -0.001041 0.025523 0.017235
v 0.007566 0.024106 0.014422
v -0.004799 0.009190 0.006012
v 0.008281 0.015745 0.001385
v 0.008356 0.063761 -0.037895
v 0.007281 0.062861 -0.038400
v -0.010273 0.021820 -0.004354
v -0.010389 0.021308 -0.002807
v -0.010630 0.022896 -0.003176
v 0.003369 0.013781 -0.001000
v -0.010914 0.019070 0.006330
v -0.009478 0.023136 0.011948
v 0.000601 0.026215 0.016469
v 0.002783 0.025820 0.016422
v 0.010608 0.021218 0.010119
v 0.010965 0.019546 0.005932
v 0.004435 0.014509 -0.001650
v 0.002167 0.013752 -0.001536
v -0.010277 0.017637 0.004072
v -0.008072 0.085044 -0.024403
v -0.006618 0.084916 -0.023204
v -0.007240 0.085908 -0.024531
v -0.001965 0.026120 0.016349
v 0.007733 0.024739 0.013300
v 0.008679 0.024033 0.012589
v 0.001986 0.021189 -0.015514
v 0.002233 0.020131 -0.014262
v 0.000720 0.020486 -0.014993
v 0.010886 0.020983 0.008527
v 0.010620 0.018319 0.004816
v 0.000908 0.013789 -0.001950
v -0.011434 0.048145 -0.017348
v -0.011411 0.046924 -0.016428
v -0.011194 0.048227 -0.016157
v -0.009829 0.017342 0.002652
v -0.010797 0.019125 0.004584
v -0.011012 0.020328 0.007223
v -0.010888 0.020617 0.008905
v 0.013638 0.077087 -0.042689
v 0.014174 0.078135 -0.041909
v 0.013900 0.076898 -0.041180
v 0.004059 0.025845 0.015697
v 0.009254 0.035166 -0.008055
v 0.008548 0.036096 -0.007154
v 0.008719 0.034727 -0.006726
v 0.005411 0.025618 0.014938
v 0.006682 0.025203 0.014142
v 0.010440 0.018534 0.003169
v 0.011080 0.053026 -0.018139
v 0.011215 0.052008 -0.018244
v 0.011402 0.052265 -0.019169
v 0.005534 0.069732 -0.044707
v 0.006789 0.070267 -0.044488
v 0.006151 0.069068 -0.043504
v -0.000371 0.013950 -0.002347
v -0.005617 0.041285 -0.006109
v -0.004425 0.041196 -0.005446
v -0.004714 0.042632 -0.006020
v -0.006572 0.015447 -0.001170
v -0.008418 0.016021 0.001111
v -0.009216 0.050759 -0.029090
v -0.008024 0.049886 -0.030042
v -0.008801 0.049057 -0.028567
v -0.009299 0.017091 0.001301
v -0.009915 0.023168 0.010498
v -0.006685 0.025228 0.014119
v -0.000540 0.026259 0.016420
v -0.013019 0.079777 -0.047034
v -0.012922 0.081205 -0.047421
v 0.010499 0.022321 0.009284
v 0.010235 0.022260 0.010641
v -0.008836 0.029566 -0.016103
v -0.009350 0.030736 -0.015782
v -0.008565 0.030440 -0.017261
v -0.007650 0.015781 -0.000030
v -0.011016 0.020359 0.005690
v 0.001538 0.026466 0.015926
v 0.004701 0.062822 -0.039951
v 0.006105 0.063525 -0.039568
v 0.003190 0.014355 -0.002251
v 0.001947 0.014298 -0.002748
v -0.001452 0.014205 -0.002725
v -0.005290 0.014897 -0.001666
v -0.010881 0.021512 0.007818
v -0.010575 0.022283 0.008941
v 0.000052 0.094389 -0.038624
v 0.000484 0.094417 -0.037459
v 0.001416 0.094355 -0.038178
v 0.014415 0.078175 -0.040500
v 0.014559 0.079355 -0.041319
v -0.004441 0.008570 0.007230
v 0.006801 0.015759 -0.001479
v 0.000677 0.014335 -0.003167
v -0.010971 0.020509 0.004380
v -0.008966 0.024157 0.011658
v -0.001307 0.026837 0.015328
v 0.008827 0.018046 -0.002467
v 0.007927 0.017503 -0.003569
v 0.008773 0.018456 -0.003647
v 0.002709 0.026658 0.015131
v -0.008864 0.037960 -0.008291
v -0.009145 0.036444 -0.008284
v -0.008257 0.037099 -0.007120
v -0.010391 0.023911 0.005278
v -0.010791 0.022839 0.004364
v -0.010731 0.022750 0.005919
v 0.011024 0.020777 0.005532
v 0.011012 0.020808 0.006897
v 0.010917 0.019976 0.004231
v 0.011390 0.051104 -0.018667
v 0.010948 0.051672 -0.017155
v 0.004176 0.015001 -0.003008
v -0.000588 0.014473 -0.003521
v -0.001913 0.014687 -0.003719
v -0.004475 0.014949 -0.002634
v -0.005871 0.015578 -0.002518
v 0.006791 0.066280 -0.018625
v -0.010820 0.020002 0.003154
v -0.010440 0.018617 0.002956
v -0.013272 0.075185 -0.028908
v -0.013438 0.077011 -0.028862
v -0.010969 0.021587 0.005050
v -0.010950 0.021543 0.006530
v -0.008252 0.025156 0.011330
v -0.003975 0.026874 0.013830
v -0.005464 0.026088 0.014077
v 0.000203 0.026804 0.015536
v 0.004485 0.090766 -0.029199
v 0.003312 0.090482 -0.028220
v 0.004856 0.089892 -0.028067
v 0.004077 0.026727 0.014050
v 0.007924 0.025220 0.011963
v 0.009001 0.024360 0.011141
v -0.003664 0.054119 -0.036432
v -0.003900 0.053228 -0.035728
v 0.005477 0.015331 -0.002407
v 0.002968 0.014837 -0.003525
v -0.007138 0.016353 -0.002340
v -0.008686 0.016848 0.000024
v -0.010017 0.018233 0.001571
v 0.003602 0.024026 -0.017506
v 0.004166 0.025199 -0.018109
v 0.005073 0.024469 -0.016978
v -0.003183 0.030686 -0.022202
v -0.004046 0.030275 -0.021551
v -0.004198 0.031532 -0.022324
v -0.006428 0.026007 0.012943
v 0.001279 0.027126 0.014700
v 0.005647 0.026221 0.013535
v 0.006831 0.025760 0.012841
v 0.009875 0.023371 0.010220
v 0.010409 0.066651 -0.023513
v 0.011089 0.066133 -0.024796
v 0.010750 0.067962 -0.024697
v -0.009504 0.025007 0.007281
v -0.010246 0.023848 0.006787
v 0.008189 0.026655 0.006880
v 0.007728 0.026556 0.008527
v 0.008804 0.025804 0.007570
v -0.007855 0.049472 -0.010704
v -0.008398 0.047908 -0.010521
v -0.007298 0.048439 -0.009672
v 0.010181 0.018594 0.001597
v 0.010734 0.019922 0.002455
v 0.000641 0.007547 0.008595
v 0.005479 0.038501 -0.005037
v 0.005704 0.037121 -0.004526
v 0.006621 0.037817 -0.005628
v -0.000492 0.029692 0.007399
v -0.001204 0.030257 0.005904
v -0.005164 0.015775 -0.003960
v -0.007936 0.016565 -0.001191
v -0.010523 0.019459 0.001758
v -0.010641 0.022654 0.007451
v -0.007652 0.036098 -0.005869
v -0.006473 0.036447 -0.004802
v -0.007060 0.037834 -0.006042
v -0.002155 0.027274 0.014046
v -0.000297 0.027426 0.014135
v 0.010052 0.023708 0.008537
v 0.000425 0.014817 -0.004405
v 0.001725 0.014792 -0.004030
v -0.003437 0.015079 -0.003850
v -0.007941 0.025848 0.010242
v -0.007190 0.025980 0.011625
v -0.010682 0.037858 -0.012609
v -0.010891 0.037856 -0.013802
v -0.010668 0.036766 -0.012905
v 0.002357 0.027349 0.013723
v 0.000301 0.088089 -0.024239
v 0.000934 0.089093 -0.025632
v -0.000790 0.088980 -0.025471
v -0.005905 0.091690 -0.044068
v -0.005629 0.092499 -0.042553
v 0.005004 0.015695 -0.003916
v -0.000866 0.014958 -0.004728
v 0.014863 0.079852 -0.037139
v 0.014898 0.080530 -0.038224
v 0.014841 0.081107 -0.036665
v -0.008997 0.017719 -0.001108
v -0.004580 0.062308 -0.014657
v -0.003916 0.063522 -0.015059
v -0.005303 0.063289 -0.015598
v 0.001048 0.027597 0.013556
v 0.009272 0.024532 0.009793
v -0.012861 0.084744 -0.031497
v -0.013543 0.083884 -0.032451
v -0.013247 0.083445 -0.030998
v 0.011923 0.060396 -0.028928
v 0.005128 0.093099 -0.041299
v 0.006272 0.092817 -0.040916
v 0.005719 0.092603 -0.042203
v 0.010440 0.059239 -0.018980
v 0.011049 0.058397 -0.020019
v 0.010876 0.059882 -0.020256
v 0.013767 0.082914 -0.032056
v 0.013108 0.084136 -0.031390
v 0.013289 0.082622 -0.030234
v -0.011662 0.052788 -0.021303
v -0.011619 0.051271 -0.021913
v -0.011597 0.051370 -0.020490
v 0.007898 0.016887 -0.002056
v 0.006576 0.016361 -0.003378
v 0.011405 0.047587 -0.021616
v -0.009560 0.017985 0.000236
v 0.010029 0.030040 -0.012690
v 0.010238 0.030870 -0.011359
v 0.010164 0.029152 -0.011129
v -0.009304 0.021816 -0.008178
v -0.009922 0.022744 -0.007259
v -0.009678 0.023125 -0.008562
v -0.010953 0.021557 0.003365
v -0.002932 0.027612 0.012629
v 0.005925 0.026533 0.012379
v 0.006802 0.026311 0.011479
v -0.006307 0.027778 0.007905
v -0.007360 0.026790 0.008766
v -0.005759 0.027654 0.009244
v 0.003846 0.015329 -0.004140
v -0.013788 0.083247 -0.045056
v -0.013413 0.084615 -0.044968
v -0.012964 0.083820 -0.046480
v 0.002837 0.015307 -0.004837
v -0.003841 0.015747 -0.005301
v -0.000186 0.054573 -0.037365
v 0.001176 0.054608 -0.037321
v 0.000220 0.053392 -0.036627
v 0.011410 0.040794 -0.016402
v 0.011178 0.038995 -0.016169
v 0.011157 0.039422 -0.017612
v -0.005848 0.026763 0.011868
v -0.005253 0.026653 0.013019
v 0.008068 0.025722 0.010262
v 0.010748 0.052738 -0.027531
v 0.010612 0.053739 -0.028792
v 0.011323 0.054550 -0.027288
v 0.005587 0.066666 -0.018020
v -0.002276 0.015252 -0.005043
v -0.008654 0.028386 -0.015631
v -0.009340 0.029515 -0.014892
v 0.006133 0.067668 -0.042200
v 0.007568 0.069076 -0.042421
v -0.010355 0.059661 -0.033310
v -0.010157 0.018981 0.000613
v -0.002440 0.065537 -0.015866
v -0.006566 0.026808 0.010461
v 0.007265 0.056346 -0.035571
v -0.001630 0.067726 -0.017249
v -0.000229 0.066875 -0.016503
v 0.003255 0.027634 0.012299
v 0.009005 0.025238 0.008698
v 0.010959 0.021352 0.003218
v 0.001433 0.015267 -0.005396
v 0.005444 0.087961 -0.049167
v 0.004086 0.088124 -0.049424
v 0.004692 0.088997 -0.048344
v -0.009923 0.019113 -0.000863
v 0.005811 0.069862 -0.020074
v 0.007220 0.068964 -0.020648
v -0.004444 0.027278 0.012242
v -0.002083 0.028163 0.011437
v -0.001330 0.027834 0.012784
v 0.000186 0.027940 0.012670
v -0.008019 0.043479 -0.026552
v -0.008941 0.044922 -0.026169
v 0.001617 0.027904 0.012473
v 0.004799 0.027030 0.012530
v -0.006787 0.024355 -0.015309
v -0.006200 0.025266 -0.016651
v -0.005593 0.024192 -0.016344
v 0.002365 0.092379 -0.044216
v 0.001885 0.093044 -0.043022
v -0.010533 0.082881 -0.049953
v -0.011142 0.081571 -0.049773
v -0.011591 0.082770 -0.048930
v -0.012080 0.060732 -0.026250
v -0.006284 0.069522 -0.020255
v -0.006983 0.070742 -0.021169
v -0.007428 0.069272 -0.020992
v 0.013129 0.082410 -0.046837
v 0.013177 0.080893 -0.046954
v 0.012548 0.081667 -0.047998
v 0.007021 0.017264 -0.004921
v 0.005625 0.016440 -0.005091
v 0.008924 0.033371 -0.006213
v 0.008676 0.079173 -0.052069
v 0.009977 0.079056 -0.050995
v -0.003549 0.027936 0.011120
v 0.011695 0.058201 -0.022186
v 0.011906 0.058041 -0.023402
v 0.011732 0.059366 -0.022773
v 0.011475 0.068785 -0.036868
v 0.012247 0.069696 -0.035753
v 0.011822 0.068181 -0.035306
v 0.010874 0.021283 0.001715
v 0.010550 0.019971 0.000871
v 0.009675 0.018939 -0.001556
v 0.008253 0.018361 -0.004873
v 0.004151 0.015834 -0.005218
v 0.002791 0.015905 -0.006493
v -0.007099 0.028008 -0.017656
v -0.008098 0.028861 -0.016908
v -0.007488 0.029469 -0.018185
v 0.010551 0.045437 -0.023596
v 0.009782 0.045650 -0.025264
v -0.008419 0.018036 -0.003617
v -0.008253 0.017358 -0.002359
v -0.009194 0.018520 -0.002393
v -0.011460 0.068057 -0.026403
v -0.005100 0.061045 -0.014259
v -0.004102 0.060209 -0.013390
v -0.003916 0.061415 -0.013903
v -0.005071 0.027500 0.010772
v -0.008709 0.066512 -0.039230
v -0.008009 0.065211 -0.039066
v -0.009278 0.065968 -0.038212
v 0.008845 0.067036 -0.021281
v 0.009325 0.065906 -0.021210
v 0.009978 0.026810 -0.000740
v 0.010488 0.025230 -0.000611
v 0.010364 0.026188 -0.002217
v -0.006475 0.016708 -0.004499
v -0.007441 0.017038 -0.003475
v -0.006457 0.016259 -0.003341
v 0.004997 0.065640 -0.016941
v 0.003723 0.066060 -0.016635
v 0.003934 0.065000 -0.015989
v -0.008470 0.026265 0.007270
v -0.000676 0.028291 0.011511
v 0.010849 0.022746 0.003791
v 0.010888 0.022567 0.002450
v 0.012083 0.067743 -0.033722
v 0.011819 0.066316 -0.033133
v 0.011481 0.066671 -0.034740
v 0.001044 0.094170 -0.039898
v -0.000683 0.094204 -0.039844
v 0.000562 0.015752 -0.006919
v 0.010357 0.041727 -0.011643
v -0.009908 0.024721 0.006024
v -0.011901 0.055898 -0.024105
v -0.011846 0.055711 -0.025266
v -0.011763 0.054639 -0.024526
v 0.000702 0.028327 0.011391
v 0.001207 0.051383 -0.035048
v 0.002467 0.050913 -0.034426
v 0.009438 0.075611 -0.049528
v 0.009470 0.076697 -0.050473
v 0.010550 0.070715 -0.024766
v 0.010839 0.069427 -0.025151
v 0.011401 0.070326 -0.026196
v 0.005292 0.025773 -0.017802
v 0.006235 0.025654 -0.016920
v 0.006434 0.027496 0.008509
v 0.006371 0.027088 0.009956
v 0.010745 0.022210 0.007659
v 0.010457 0.023373 0.006733
v -0.006925 0.033754 -0.003311
v -0.007816 0.032477 -0.003317
v -0.006893 0.032365 -0.001881
v 0.000987 0.066624 -0.043130
v 0.001955 0.065934 -0.042527
v 0.000628 0.065408 -0.042338
v 0.010762 0.021345 0.000187
v 0.010163 0.020273 -0.002221
v 0.010358 0.020094 -0.000686
v -0.001298 0.094339 -0.038679
v -0.001864 0.094160 -0.039643
v -0.002572 0.015842 -0.006488
v -0.007570 0.017637 -0.004726
v -0.010978 0.037725 -0.015300
v -0.011100 0.039112 -0.014489
v 0.002193 0.010831 0.012627
v 0.005502 0.027111 0.011351
v 0.010100 0.024454 0.005697
v 0.010441 0.024107 0.004180
v 0.009962 0.052175 -0.028905
v 0.009485 0.019212 -0.002983
v 0.006142 0.017236 -0.006351
v 0.014128 0.083086 -0.033699
v 0.013513 0.084362 -0.032947
v -0.001032 0.015464 -0.006074
v -0.006603 0.017333 -0.005856
v -0.005193 0.034667 -0.023853
v -0.005923 0.033839 -0.022808
v -0.006525 0.035131 -0.023200
v -0.014336 0.082980 -0.034636
v -0.014126 0.082781 -0.033372
v 0.012714 0.074428 -0.041284
v 0.012204 0.073087 -0.040453
v -0.009274 0.025730 0.005920
v 0.008963 0.052032 -0.013422
v 0.009277 0.053111 -0.014401
v 0.008331 0.053420 -0.013334
v -0.004179 0.028236 0.009543
v -0.002618 0.028534 0.009954
v 0.009625 0.030843 -0.005926
v 0.009106 0.031029 -0.004462
v 0.009666 0.029733 -0.004728
v -0.001371 0.028580 0.010418
v -0.000143 0.028709 0.010232
v 0.002063 0.028263 0.011130
v 0.003397 0.028118 0.010668
v 0.004347 0.027579 0.011421
v -0.011581 0.049564 -0.019873
v -0.011401 0.051285 -0.018831
v -0.006776 0.030478 0.000887
v -0.007596 0.030682 -0.000757
v -0.007854 0.029567 0.000583
v -0.010738 0.040372 -0.020376
v -0.010498 0.040979 -0.021445
v -0.009983 0.039651 -0.021748
v 0.005191 0.028030 0.008911
v 0.004760 0.027790 0.010264
v 0.009674 0.024740 0.007268
v 0.009220 0.025694 0.006246
v -0.008565 0.032248 -0.004437
v -0.007919 0.033574 -0.004499
v 0.010868 0.022610 0.001032
v 0.008236 0.034182 -0.020683
v 0.007407 0.033367 -0.021125
v 0.009450 0.036663 -0.020620
v 0.010090 0.036437 -0.018941
v 0.009172 0.035202 -0.019970
v 0.001769 0.086597 -0.022702
v 0.001708 0.087480 -0.023631
v 0.000648 0.087151 -0.023145
v 0.009205 0.019338 -0.004289
v 0.007388 0.018083 -0.006157
v 0.000126 0.015226 -0.005525
v -0.007147 0.050908 -0.010801
v -0.005859 0.051138 -0.009941
v -0.006315 0.052261 -0.010871
v -0.007710 0.018311 -0.005995
v 0.004961 0.031330 0.001652
v 0.006215 0.031247 0.000442
v 0.004816 0.032261 0.000441
v -0.009228 0.019161 -0.003777
v -0.010479 0.020725 -0.001165
v -0.010803 0.023035 0.002828
v -0.010898 0.022093 0.001942
v -0.008432 0.061830 -0.017327
v -0.009956 0.055207 -0.016400
v 0.000948 0.019440 -0.013723
v -0.007273 0.027421 0.006971
v -0.011312 0.040679 -0.015126
v -0.011479 0.041562 -0.016451
v -0.011332 0.040200 -0.016586
v 0.009939 0.044210 -0.024281
v 0.009073 0.044158 -0.025635
v 0.013868 0.084490 -0.034478
v 0.009615 0.025646 0.004540
v 0.010677 0.023649 0.003023
v -0.009958 0.034032 -0.009540
v -0.009421 0.034883 -0.008273
v -0.009925 0.035943 -0.009967
v 0.010630 0.021514 -0.001402
v 0.005966 0.062069 -0.038932
v 0.007213 0.061445 -0.037790
v 0.005840 0.060588 -0.038358
v -0.002500 0.018413 -0.011871
v -0.003105 0.017915 -0.010740
v -0.003864 0.019004 -0.012035
v -0.001707 0.093905 -0.040807
v -0.010639 0.024488 -0.003691
v -0.010700 0.024243 -0.001907
v -0.010541 0.025528 -0.002872
v -0.002626 0.019133 -0.012873
v -0.000966 0.085362 -0.021616
v 0.000740 0.084928 -0.021323
v 0.000235 0.086245 -0.022252
v 0.001867 0.075561 -0.020056
v 0.001817 0.073903 -0.019881
v 0.011637 0.062102 -0.023944
v 0.006345 0.024541 -0.015948
v 0.005492 0.023333 -0.015684
v 0.001115 0.028653 0.010266
v -0.011404 0.042555 -0.015135
v -0.011109 0.041955 -0.013737
v 0.010812 0.022720 -0.000491
v 0.009916 0.020394 -0.003698
v 0.006095 0.031604 -0.021140
v -0.007090 0.046010 -0.008531
v -0.007675 0.044454 -0.008535
v -0.006404 0.044931 -0.007667
v 0.004658 0.016528 -0.006525
v 0.003729 0.016769 -0.007968
v -0.009197 0.027472 0.001270
v -0.008180 0.028672 0.001630
v -0.008644 0.028611 0.000535
v -0.009917 0.019848 -0.002524
v -0.010727 0.022390 -0.001492
v 0.004148 0.086459 -0.023225
v 0.004518 0.085443 -0.022491
v 0.005214 0.085972 -0.023249
v -0.005374 0.093530 -0.038542
v -0.004812 0.093725 -0.037498
v -0.010807 0.023205 0.001321
v 0.000691 0.029150 0.008874
v 0.002224 0.028683 0.009730
v 0.005854 0.048703 -0.031183
v 0.004669 0.047683 -0.031250
v -0.011581 0.048001 -0.018795
v -0.011572 0.047722 -0.020241
v 0.002143 0.064689 -0.041736
v -0.009750 0.060349 -0.034569
v -0.010085 0.061660 -0.034594
v -0.009202 0.061299 -0.035710
v 0.008875 0.019370 -0.005376
v 0.001935 0.016443 -0.008270
v -0.005065 0.045403 -0.029782
v -0.005695 0.046512 -0.029994
v -0.004445 0.046192 -0.030510
v 0.007278 0.026623 -0.016503
v 0.007032 0.025515 -0.015975
v -0.008505 0.019164 -0.005943
v -0.008008 0.019205 -0.007201
v -0.008640 0.035543 -0.007007
v 0.006294 0.065527 -0.017694
v -0.007803 0.073461 -0.022189
v -0.010521 0.024333 0.002234
v 0.008714 0.068356 -0.021815
v 0.009597 0.066947 -0.022273
v 0.003681 0.028489 0.009261
v 0.002412 0.029137 0.008291
v 0.007038 0.027484 0.007290
v 0.010702 0.023802 0.001819
v 0.010445 0.021615 -0.003028
v -0.008724 0.051559 -0.012844
v -0.008289 0.050537 -0.011751
v 0.005281 0.017359 -0.007783
v -0.000112 0.016530 -0.008853
v 0.009069 0.078573 -0.023002
v 0.008818 0.080220 -0.022917
v 0.007727 0.079171 -0.022116
v 0.012437 0.069194 -0.034215
v -0.010773 0.023510 -0.000195
v -0.010853 0.047868 -0.023990
v -0.010557 0.048796 -0.025323
v -0.012117 0.066595 -0.029817
v -0.012271 0.068110 -0.029644
v -0.012241 0.067321 -0.031203
v -0.005474 0.059651 -0.013798
v -0.008481 0.018637 -0.004881
v -0.006666 0.049833 -0.009829
v -0.005347 0.050012 -0.009035
v 0.008557 0.026752 0.005417
v 0.007598 0.027468 0.006029
v -0.004967 0.066489 -0.017547
v -0.005205 0.065382 -0.016897
v 0.010746 0.023911 -0.001033
v 0.010726 0.023076 -0.002266
v 0.008266 0.018907 -0.006028
v 0.005904 0.070622 -0.045716
v 0.004868 0.070959 -0.046948
v 0.006494 0.071651 -0.046892
v -0.003078 0.017144 -0.009266
v -0.006837 0.018102 -0.007207
v -0.001362 0.083285 -0.020647
v -0.002810 0.083370 -0.020892
v -0.006106 0.028357 0.006576
v 0.004083 0.028845 0.007820
v 0.005679 0.028265 0.007484
v 0.010246 0.038019 -0.019928
v 0.010301 0.039308 -0.020809
v 0.010879 0.039615 -0.019303
v 0.010218 0.025018 0.002814
v 0.004402 0.017599 -0.009188
v -0.009173 0.019703 -0.005108
v -0.009267 0.026210 0.004393
v 0.008776 0.026908 0.004233
v 0.007591 0.028019 0.004530
v -0.001030 0.052785 -0.009115
v -0.014090 0.084845 -0.042492
v -0.014080 0.085474 -0.041093
v -0.013473 0.086428 -0.042182
v 0.010733 0.023881 0.000337
v -0.000873 0.026177 -0.019801
v 0.000704 0.026188 -0.019829
v -0.000134 0.024755 -0.018868
v 0.004127 0.054933 -0.036737
v -0.002772 0.034673 -0.024946
v -0.001380 0.033653 -0.024613
v 0.001392 0.017042 -0.009762
v -0.009432 0.045286 -0.010810
v -0.009484 0.047100 -0.011572
v -0.011329 0.040636 -0.017734
v 0.007712 0.065680 -0.039645
v 0.006915 0.066540 -0.040843
v -0.010603 0.024373 0.000880
v -0.011095 0.039167 -0.017581
v -0.010813 0.037501 -0.017129
v -0.011178 0.039047 -0.016059
v -0.007009 0.028152 0.005456
v 0.010391 0.025063 0.001116
v 0.010163 0.021583 -0.004622
v 0.009536 0.020345 -0.005136
v 0.007800 0.018948 -0.007154
v 0.006635 0.018102 -0.007527
v 0.005828 0.018281 -0.009012
v 0.003286 0.025856 -0.019001
v 0.004643 0.026478 -0.018740
v 0.006488 0.028292 0.006067
v -0.011849 0.059933 -0.023556
v 0.009356 0.026491 0.003182
v -0.007080 0.018838 -0.008271
v -0.006777 0.019242 -0.009462
v 0.008860 0.019928 -0.006512
v 0.001408 0.093659 -0.041636
v -0.000233 0.093837 -0.041271
v -0.010094 0.025724 0.001431
v 0.009657 0.035610 -0.009193
v 0.009788 0.034339 -0.009107
v 0.006920 0.052260 -0.033029
v 0.007569 0.053501 -0.033402
v 0.008048 0.052847 -0.032349
v 0.004854 0.018511 -0.010467
v 0.003475 0.017910 -0.010486
v 0.003705 0.018779 -0.011783
v -0.001622 0.017143 -0.009923
v -0.009715 0.020910 -0.005450
v -0.008997 0.020097 -0.006405
v -0.009843 0.020419 -0.004026
v -0.006846 0.078252 -0.053029
v -0.006252 0.031681 -0.000225
v -0.005710 0.032805 -0.001039
v -0.002766 0.029635 -0.021656
v -0.002159 0.030428 -0.022348
v -0.006282 0.053947 -0.034862
v -0.006358 0.055199 -0.035634
v -0.013102 0.078599 -0.028003
v -0.013676 0.078800 -0.029446
v 0.004756 0.029211 0.006139
v -0.001887 0.045252 -0.005919
v -0.001759 0.046673 -0.006369
v 0.008528 0.027503 0.003423
v 0.004317 0.091593 -0.030466
v 0.003164 0.091349 -0.029522
v 0.004224 0.066940 -0.017473
v -0.004942 0.081482 -0.053520
v 0.002932 0.017161 -0.009365
v 0.002309 0.017558 -0.010459
v 0.007155 0.059862 -0.037177
v 0.008511 0.059852 -0.035933
v -0.010510 0.025058 -0.000278
v -0.009312 0.026666 0.002860
v 0.004877 0.029881 0.004439
v 0.003561 0.030735 0.003825
v 0.003212 0.030135 0.005298
v -0.006053 0.028877 0.005278
v 0.012046 0.084490 -0.047437
v 0.010929 0.085074 -0.048286
v 0.011705 0.085888 -0.046709
v -0.001477 0.080252 -0.054507
v -0.002016 0.078938 -0.054591
v -0.002900 0.080187 -0.054331
v 0.007139 0.019078 -0.008603
v -0.008267 0.069759 -0.021922
v -0.000908 0.065071 -0.042122
v 0.000208 0.063873 -0.041488
v -0.001608 0.063903 -0.041394
v -0.005078 0.029158 0.005892
v 0.013334 0.073942 -0.038067
v 0.013868 0.074973 -0.037301
v 0.013578 0.073897 -0.036753
v 0.006092 0.029002 0.004900
v 0.010298 0.039216 -0.011307
v 0.010638 0.040210 -0.012223
v 0.009896 0.040510 -0.010551
v 0.006377 0.019434 -0.010302
v -0.004283 0.091720 -0.044821
v -0.004308 0.092433 -0.043505
v -0.002902 0.092257 -0.044323
v -0.007820 0.019811 -0.008654
v -0.008752 0.020501 -0.007749
v -0.009529 0.021349 -0.006834
v 0.012514 0.068650 -0.031340
v 0.012232 0.067465 -0.032128
v 0.012512 0.068797 -0.032744
v 0.008310 0.027398 -0.015564
v 0.008697 0.026656 -0.014308
v 0.007854 0.026047 -0.015293
v -0.010585 0.035413 -0.013246
v -0.010418 0.035663 -0.011782
v 0.010661 0.024699 -0.002266
v -0.000118 0.017303 -0.010467
v -0.001472 0.017820 -0.011233
v 0.004271 0.075025 -0.052775
v -0.010117 0.022287 -0.005839
v -0.010378 0.025950 -0.001638
v -0.011613 0.046455 -0.019266
v -0.008611 0.024990 -0.013119
v -0.008050 0.025432 -0.014495
v -0.007629 0.023890 -0.013806
v 0.007907 0.028427 0.002824
v 0.006499 0.029401 0.003360
v 0.011021 0.045271 -0.022216
v 0.011367 0.045998 -0.021142
v 0.001209 0.035091 -0.001035
v 0.000052 0.036171 -0.001853
v -0.000511 0.035086 -0.000957
v 0.008252 0.019936 -0.007997
v -0.012085 0.081472 -0.048675
v -0.010757 0.080163 -0.050300
v -0.006147 0.047797 -0.030408
v -0.006621 0.049186 -0.030917
v -0.008438 0.027857 0.002809
v 0.000003 0.063383 -0.014212
v 0.000291 0.064444 -0.014851
v -0.000980 0.063988 -0.014615
v 0.001879 0.091872 -0.029997
v 0.001861 0.091034 -0.028641
v 0.009043 0.020791 -0.007474
v -0.008975 0.034769 -0.019979
v -0.008452 0.033481 -0.019812
v -0.009247 0.033946 -0.018752
v 0.002377 0.018197 -0.011555
v -0.006655 0.028953 0.004105
v -0.008486 0.058994 -0.015949
v 0.001922 0.030873 0.004405
v -0.002368 0.037507 -0.026770
v -0.001112 0.036466 -0.026388
v -0.002684 0.036139 -0.025884
v -0.011563 0.088611 -0.034435
v -0.011990 0.088621 -0.035794
v -0.012505 0.087532 -0.034925
v 0.005368 0.051622 -0.033702
v 0.006472 0.050847 -0.032266
v 0.004969 0.050150 -0.032765
v -0.010226 0.034581 -0.010852
v -0.010399 0.034246 -0.012110
v -0.010246 0.033199 -0.010827
v -0.003051 0.088135 -0.024806
v -0.004447 0.087930 -0.025108
v 0.001179 0.017709 -0.011091
v -0.001423 0.018561 -0.012442
v -0.004537 0.018576 -0.010873
v -0.005403 0.019526 -0.011546
v -0.006550 0.019904 -0.010794
v -0.007566 0.020357 -0.009952
v -0.008505 0.021016 -0.009088
v -0.010503 0.023343 -0.004765
v 0.012540 0.080204 -0.048032
v 0.011907 0.080861 -0.048996
v -0.005510 0.029602 0.004319
v 0.012562 0.075890 -0.027169
v 0.013275 0.076365 -0.028553
v -0.004231 0.029974 0.004860
v -0.002779 0.030195 0.005420
v 0.003043 0.043301 -0.005577
v 0.001788 0.043288 -0.005288
v 0.002247 0.041983 -0.004964
v 0.010142 0.052627 -0.015629
v 0.010491 0.051038 -0.015610
v 0.012259 0.078726 -0.047998
v 0.012997 0.079351 -0.046910
v 0.012561 0.077886 -0.046821
v -0.000292 0.071994 -0.019323
v -0.001141 0.070576 -0.018859
v 0.002815 0.064371 -0.015196
v -0.008797 0.032904 -0.018762
v -0.008091 0.032235 -0.019382
v -0.003721 0.019971 -0.013404
v -0.010349 0.023800 -0.006282
v -0.010548 0.024952 -0.005226
v -0.009964 0.026611 -0.000181
v -0.007438 0.028879 0.002839
v -0.003958 0.065596 -0.041773
v -0.004231 0.093762 -0.036070
v -0.005554 0.093406 -0.036532
v -0.005583 0.093177 -0.035300
v -0.001348 0.034114 -0.000115
v -0.001919 0.035003 -0.001114
v 0.003275 0.078666 -0.054395
v 0.004753 0.078579 -0.053996
v 0.003834 0.077654 -0.054151
v 0.013307 0.071743 -0.033222
v 0.010093 0.055598 -0.016783
v 0.010083 0.057273 -0.017437
v 0.009215 0.057163 -0.016039
v 0.000133 0.035462 -0.025847
v -0.001341 0.035072 -0.025512
v -0.001788 0.030912 0.004372
v 0.008405 0.028501 0.001418
v -0.001023 0.030844 -0.022834
v 0.012526 0.088253 -0.036986
v 0.011787 0.088877 -0.035774
v 0.012648 0.087619 -0.035592
v 0.010542 0.025671 -0.003774
v 0.010563 0.024996 -0.005154
v 0.005117 0.019540 -0.011815
v 0.002363 0.019100 -0.012916
v 0.010406 0.024036 -0.006196
v -0.011670 0.066292 -0.026799
v -0.010187 0.030946 -0.009092
v -0.010268 0.029750 -0.010070
v -0.008219 0.021555 -0.010362
v -0.010242 0.026875 -0.002942
v -0.009289 0.028029 -0.000339
v -0.007306 0.029543 0.001713
v 0.009868 0.056156 -0.032323
v 0.005026 0.030528 0.002971
v -0.011082 0.051689 -0.025648
v -0.011487 0.053162 -0.025072
v -0.011118 0.052974 -0.018248
v -0.010636 0.054207 -0.017370
v -0.011175 0.054723 -0.019041
v -0.002954 0.091450 -0.045629
v -0.004316 0.090923 -0.046045
v 0.007209 0.091042 -0.044305
v 0.005603 0.091526 -0.044535
v 0.006426 0.091890 -0.043285
v 0.006461 0.090551 -0.045618
v 0.000500 0.056512 -0.010979
v -0.001023 0.056267 -0.010895
v -0.007331 0.020881 -0.011024
v -0.009046 0.022310 -0.009460
v 0.001060 0.094131 -0.035213
v -0.000526 0.094105 -0.034980
v -0.003369 0.030790 0.003842
v -0.012086 0.069755 -0.036344
v -0.012561 0.071391 -0.036953
v -0.011700 0.070113 -0.037755
v 0.009309 0.028178 -0.000740
v 0.009098 0.022063 -0.009070
v 0.014003 0.075888 -0.031125
v 0.013857 0.077231 -0.030013
v 0.013572 0.075315 -0.029727
v 0.003922 0.019961 -0.013259
v -0.011525 0.048809 -0.021324
v -0.011477 0.049795 -0.022360
v -0.011284 0.048324 -0.022648
v -0.005057 0.020277 -0.012844
v -0.006513 0.020889 -0.012129
v -0.011559 0.044075 -0.019064
v -0.011533 0.045046 -0.019759
v -0.011350 0.043648 -0.020176
v 0.006219 0.030367 0.001852
v 0.008726 0.028614 0.000276
v 0.009863 0.027672 -0.002135
v 0.009684 0.023072 -0.008506
v 0.009429 0.021831 -0.007861
v -0.011218 0.062876 -0.022960
v -0.011073 0.061681 -0.021705
v -0.008647 0.062364 -0.036848
v -0.008151 0.060939 -0.036725
v -0.004763 0.048830 -0.008166
v -0.006070 0.048728 -0.008866
v -0.003554 0.042062 -0.005366
v -0.003930 0.031429 0.002330
v -0.006171 0.059455 -0.037692
v -0.007559 0.059222 -0.036576
v -0.006944 0.060836 -0.037712
v -0.004443 0.051264 -0.009220
v 0.007934 0.029458 0.000597
v 0.003210 0.046696 -0.006707
v 0.001859 0.047887 -0.006845
v 0.001974 0.046186 -0.006238
v -0.010151 0.024164 -0.007685
v -0.010490 0.026077 -0.004166
v 0.007060 0.030211 0.000892
v 0.007369 0.029417 0.001831
v 0.006264 0.027225 -0.018007
v 0.010183 0.024239 -0.007631
v -0.011689 0.058100 -0.028952
v -0.011946 0.059213 -0.028212
v -0.011648 0.059305 -0.029835
v -0.001524 0.090648 -0.027992
v -0.001850 0.089635 -0.026564
v -0.000199 0.089887 -0.026730
v 0.005398 0.020516 -0.012825
v -0.012874 0.087524 -0.036344
v -0.013356 0.086261 -0.035440
v 0.002287 0.084281 -0.021162
v 0.001968 0.085528 -0.021844
v 0.004428 0.043751 -0.029278
v -0.007777 0.021999 -0.011663
v 0.007464 0.062420 -0.016654
v 0.006544 0.063451 -0.016500
v 0.006734 0.062016 -0.015813
v -0.010426 0.025344 -0.006733
v -0.010447 0.026598 -0.005714
v -0.010136 0.027949 -0.004483
v 0.003894 0.031266 0.002625
v -0.012568 0.082595 -0.047711
v 0.008491 0.029429 -0.000633
v 0.009160 0.029114 -0.001972
v 0.014350 0.083253 -0.035047
v 0.014606 0.081680 -0.034810
v 0.010445 0.025391 -0.006643
v 0.009189 0.023026 -0.009929
v -0.001884 0.020378 -0.014655
v -0.008832 0.023088 -0.010825
v -0.009895 0.024412 -0.009042
v 0.010172 0.049462 -0.014049
v 0.010661 0.048538 -0.014667
v 0.010641 0.049640 -0.015231
v -0.008576 0.029280 -0.000552
v -0.011484 0.057287 -0.020952
v -0.010891 0.058209 -0.019502
v -0.011239 0.059059 -0.020799
v -0.009309 0.091423 -0.036584
v -0.008228 0.092188 -0.036922
v 0.002531 0.031511 0.002990
v -0.008203 0.034600 -0.005730
v -0.008740 0.033158 -0.005622
v 0.005410 0.074783 -0.020951
v 0.004828 0.076220 -0.020778
v -0.010392 0.037085 -0.011554
v -0.009435 0.023454 -0.009663
v -0.009543 0.024480 -0.010358
v -0.001273 0.074662 -0.053170
v -0.000034 0.074484 -0.053097
v -0.000680 0.073673 -0.052272
v 0.003398 0.032132 0.001595
v 0.006234 0.086037 -0.023898
v 0.005104 0.086807 -0.024036
v 0.010950 0.039166 -0.013512
v 0.010639 0.038747 -0.012322
v 0.010438 0.026658 -0.005503
v -0.000524 0.061175 -0.013062
v -0.002480 0.061034 -0.013272
v -0.001218 0.059849 -0.012503
v 0.009885 0.024613 -0.009277
v -0.007143 0.053469 -0.033772
v -0.007715 0.055005 -0.034347
v -0.002649 0.019891 -0.013832
v -0.003268 0.020793 -0.014601
v 0.011956 0.089005 -0.040877
v 0.012869 0.087780 -0.041095
v 0.012035 0.088474 -0.042313
v -0.004614 0.021105 -0.014144
v 0.002828 0.057333 -0.038300
v 0.004315 0.058317 -0.038205
v 0.004282 0.057078 -0.037719
v 0.007486 0.030474 -0.000252
v 0.010952 0.047307 -0.014818
v 0.010745 0.046205 -0.013696
v 0.011253 0.045795 -0.015143
v -0.003104 0.090488 -0.046960
v -0.001564 0.089899 -0.047924
v -0.003541 0.089262 -0.048365
v 0.003490 0.021024 -0.014740
v 0.014782 0.080815 -0.040915
v 0.014891 0.081397 -0.039420
v 0.014774 0.079655 -0.039735
v -0.005924 0.021583 -0.013562
v -0.005282 0.036841 -0.025187
v -0.006519 0.037203 -0.024550
v -0.005652 0.037972 -0.025633
v -0.005791 0.087465 -0.025277
v -0.005368 0.088463 -0.026339
v -0.004946 0.044168 -0.029221
v -0.004619 0.042466 -0.028543
v -0.006150 0.043737 -0.028281
v 0.010656 0.090382 -0.036986
v 0.011624 0.089403 -0.037030
v 0.011249 0.089960 -0.038267
v 0.001675 0.032318 0.002042
v 0.010284 0.025477 -0.007978
v 0.008475 0.022820 -0.011312
v -0.006699 0.026606 -0.017130
v -0.005918 0.027233 -0.018301
v -0.005022 0.027909 -0.019424
v 0.007660 0.022757 -0.012659
v 0.011811 0.079549 -0.049007
v 0.004995 0.021218 -0.013977
v -0.001544 0.069940 -0.046621
v -0.003439 0.069917 -0.046038
v -0.002532 0.070662 -0.047506
v -0.008026 0.089924 -0.045486
v -0.008257 0.088873 -0.046739
v -0.005207 0.031146 -0.021472
v -0.008624 0.029979 -0.001817
v -0.004053 0.037369 -0.026127
v -0.004272 0.035712 -0.025025
v 0.000051 0.032410 0.002122
v 0.008167 0.030656 -0.001793
v -0.005362 0.022150 -0.014670
v -0.007152 0.022412 -0.013029
v -0.008357 0.076864 -0.051543
v -0.009645 0.076870 -0.050336
v -0.002912 0.068333 -0.017964
v -0.004563 0.067747 -0.018222
v -0.009234 0.029394 -0.002633
v -0.009175 0.052506 -0.013960
v -0.010102 0.052150 -0.015343
v 0.008888 0.058524 -0.034963
v 0.009885 0.058743 -0.033713
v -0.005514 0.070816 -0.020303
v -0.005986 0.071857 -0.020845
v 0.009083 0.030105 -0.003237
v 0.007251 0.047798 -0.009341
v 0.008067 0.046578 -0.009619
v 0.008258 0.047846 -0.010342
v 0.010397 0.026682 -0.007372
v 0.009253 0.024247 -0.010983
v 0.008543 0.023960 -0.012326
v -0.001478 0.092727 -0.043729
v 0.011431 0.066985 -0.026065
v 0.011582 0.065452 -0.026081
v 0.003141 0.022035 -0.015952
v 0.004564 0.022130 -0.015248
v -0.002335 0.021552 -0.015778
v -0.004067 0.022128 -0.015562
v -0.002786 0.022928 -0.016913
v -0.000739 0.021005 -0.015557
v 0.003458 0.084876 -0.021745
v 0.004838 0.084208 -0.021841
v -0.011975 0.062689 -0.028846
v -0.011888 0.063643 -0.030124
v -0.011766 0.062177 -0.030354
v 0.003939 0.033699 -0.023915
v 0.005217 0.034655 -0.023858
v 0.005161 0.033338 -0.023020
v -0.010294 0.027010 -0.008793
v -0.010265 0.025597 -0.008177
v -0.010400 0.026883 -0.007284
v 0.008169 0.064361 -0.018605
v 0.007032 0.064452 -0.017540
v 0.007763 0.063276 -0.017454
v -0.008062 0.031262 -0.002369
v 0.002287 0.032943 0.001006
v 0.008435 0.037567 -0.007563
v 0.007653 0.037007 -0.006333
v -0.007678 0.090888 -0.044193
v -0.008872 0.090765 -0.043130
v 0.006942 0.022863 -0.013752
v 0.006215 0.032874 -0.001616
v 0.006902 0.031651 -0.001009
v 0.007393 0.032181 -0.002349
v 0.010872 0.065014 -0.023566
v -0.008256 0.023472 -0.012385
v -0.010271 0.028250 -0.006346
v -0.010329 0.077268 -0.024106
v -0.009631 0.075683 -0.023563
v -0.009135 0.077509 -0.023058
v -0.004249 0.032067 0.001125
v -0.005412 0.047599 -0.007985
v 0.000892 0.033160 0.001060
v 0.010209 0.090899 -0.038242
v 0.010757 0.090406 -0.039477
v 0.009669 0.091263 -0.039478
v 0.011639 0.044659 -0.018014
v 0.011604 0.043730 -0.016863
v 0.009807 0.025999 -0.010767
v 0.010228 0.026400 -0.008979
v 0.007767 0.023999 -0.013701
v -0.006467 0.022898 -0.014343
v -0.009098 0.024631 -0.011720
v -0.010026 0.025737 -0.009631
v 0.001355 0.034661 -0.025268
v 0.001398 0.035733 -0.025921
v -0.000675 0.033243 0.000976
v -0.002210 0.033167 0.000732
v -0.010716 0.059496 -0.019664
v 0.005907 0.022434 -0.014454
v 0.000545 0.021609 -0.016194
v -0.009524 0.029494 -0.003800
v -0.008866 0.030435 -0.003059
v -0.004991 0.032408 0.000077
v -0.007396 0.025979 -0.015861
v 0.005824 0.032272 -0.000506
v 0.008388 0.031466 -0.003265
v -0.007957 0.083897 -0.023451
v -0.008848 0.082815 -0.023611
v -0.009051 0.083999 -0.024480
v -0.000938 0.022384 -0.016887
v -0.006381 0.045425 -0.028957
v 0.002257 0.026634 -0.019862
v 0.001804 0.025071 -0.018907
v -0.003675 0.032946 0.000339
v 0.012909 0.074490 -0.028247
v -0.009789 0.078871 -0.023594
v 0.009650 0.081271 -0.023789
v 0.008448 0.081746 -0.022928
v 0.011793 0.063983 -0.026275
v 0.011421 0.064509 -0.024889
v 0.002707 0.065645 -0.016007
v 0.003122 0.069778 -0.018857
v 0.004596 0.069174 -0.019096
v 0.010334 0.027874 -0.008400
v -0.013869 0.082366 -0.031895
v -0.014352 0.081196 -0.032933
v -0.014080 0.080770 -0.031432
v 0.009158 0.025220 -0.012110
v -0.006131 0.064232 -0.016715
v -0.006282 0.065590 -0.017759
v 0.007900 0.081588 -0.052270
v 0.006346 0.081605 -0.052991
v 0.007147 0.082814 -0.052181
v -0.005496 0.023162 -0.015534
v -0.009706 0.025857 -0.011036
v -0.010103 0.027097 -0.010253
v -0.009259 0.031667 -0.005540
v -0.009107 0.030900 -0.004288
v -0.007189 0.034973 -0.004599
v -0.005886 0.035227 -0.003463
v -0.004460 0.033695 -0.000999
v 0.006476 0.035796 -0.023701
v 0.005172 0.035972 -0.024734
v 0.011579 0.047060 -0.019932
v 0.011574 0.045356 -0.019521
v 0.006680 0.023627 -0.014796
v 0.001797 0.022211 -0.016581
v 0.002790 0.022996 -0.016988
v -0.004362 0.023554 -0.016688
v -0.008490 0.031490 -0.003481
v 0.005619 0.093295 -0.035949
v 0.006979 0.092656 -0.035680
v 0.011661 0.054734 -0.025711
v 0.011890 0.056100 -0.025241
v 0.011805 0.054920 -0.024328
v 0.000213 0.034109 0.000021
v 0.008577 0.032076 -0.004313
v -0.009244 0.067188 -0.021908
v -0.008353 0.066960 -0.020646
v -0.008311 0.068303 -0.021374
v -0.010084 0.032437 -0.009359
v -0.003496 0.043333 -0.029434
v -0.001174 0.065743 -0.015774
v 0.000226 0.065590 -0.015601
v -0.009333 0.026123 -0.012402
v -0.010329 0.028323 -0.007934
v -0.007615 0.062031 -0.037702
v -0.007936 0.063481 -0.038142
v -0.006407 0.062354 -0.038776
v 0.010042 0.029481 -0.006302
v 0.010311 0.028086 -0.006759
v -0.012857 0.077370 -0.027520
v 0.009481 0.026380 -0.012184
v 0.004139 0.023096 -0.016428
v 0.000649 0.022709 -0.017218
v 0.012078 0.060979 -0.027150
v 0.004942 0.033221 -0.000820
v 0.000977 0.070901 -0.048240
v 0.001623 0.070307 -0.047177
v -0.003321 0.034931 -0.001549
v -0.002847 0.033990 -0.000435
v -0.004672 0.072210 -0.020321
v 0.008571 0.024872 -0.013105
v -0.011592 0.050175 -0.021206
v 0.007358 0.024828 -0.015018
v 0.001702 0.023083 -0.017387
v -0.010816 0.051245 -0.016560
v -0.010136 0.029656 -0.007163
v -0.009794 0.029888 -0.005477
v 0.008189 0.057893 -0.015124
v 0.008720 0.058653 -0.016051
v 0.007718 0.059234 -0.015251
v 0.003428 0.033285 0.000091
v 0.010248 0.029225 -0.007819
v 0.008243 0.025366 -0.014132
v -0.007543 0.066723 -0.019636
v -0.008383 0.065695 -0.019815
v -0.009840 0.027259 -0.011641
v -0.010286 0.028374 -0.009430
v -0.010258 0.029624 -0.008590
v 0.003909 0.034338 -0.001275
v 0.002624 0.034401 -0.000740
v 0.007836 0.032731 -0.003609
v 0.012017 0.057645 -0.024919
v -0.014379 0.079293 -0.042423
v -0.013814 0.078547 -0.044064
v -0.013859 0.077618 -0.042653
v 0.002326 0.023912 -0.017907
v 0.001966 0.037534 -0.002998
v 0.000378 0.037549 -0.002801
v 0.001608 0.036451 -0.002205
v 0.008092 0.057208 -0.035239
v 0.006987 0.057402 -0.036304
v -0.009789 0.031069 -0.006783
v -0.011780 0.064370 -0.031415
v -0.011649 0.063120 -0.031318
v -0.014160 0.080328 -0.044191
v -0.014393 0.081667 -0.043596
v 0.001791 0.033842 0.000098
v 0.011156 0.049552 -0.023932
v 0.011511 0.051004 -0.023030
v 0.011479 0.049404 -0.022091
v 0.006782 0.033482 -0.002871
v 0.010016 0.030544 -0.007424
v 0.010287 0.029081 -0.009329
v -0.011370 0.061983 -0.031860
v -0.008914 0.026534 -0.013752
v -0.010148 0.028448 -0.010866
v 0.013954 0.074321 -0.034514
v 0.013941 0.074652 -0.035893
v 0.014248 0.075565 -0.034897
v -0.006958 0.047033 -0.029342
v 0.002794 0.035444 -0.001744
v 0.011732 0.055737 -0.026442
v 0.005406 0.034231 -0.002199
v 0.008359 0.033098 -0.004841
v 0.009072 0.032094 -0.005476
v 0.009860 0.027485 -0.011692
v 0.008959 0.025935 -0.013186
v -0.005329 0.068074 -0.042991
v -0.006486 0.067849 -0.042095
v 0.014797 0.079791 -0.035528
v -0.001541 0.023828 -0.018013
v -0.000197 0.023460 -0.017873
v -0.006624 0.047400 -0.008689
v -0.012756 0.072666 -0.038141
v -0.013291 0.073132 -0.036808
v -0.002143 0.042240 -0.005033
v -0.000565 0.041697 -0.004648
v -0.000640 0.043146 -0.005117
v 0.010988 0.060734 -0.032444
v 0.010331 0.060179 -0.033572
v 0.010651 0.061546 -0.033514
v 0.013960 0.083677 -0.044270
v 0.013321 0.084428 -0.045331
v 0.013572 0.085085 -0.044051
v -0.006162 0.056660 -0.012919
v -0.004800 0.057274 -0.012406
v -0.005818 0.058171 -0.013348
v 0.007175 0.054338 -0.034412
v 0.001021 0.023785 -0.018076
v -0.000819 0.071759 -0.049653
v -0.011729 0.086617 -0.031408
v -0.011372 0.087634 -0.032223
v -0.012297 0.086567 -0.032633
v -0.013271 0.073044 -0.030058
v -0.013270 0.072105 -0.031037
v -0.012774 0.071728 -0.029171
v -0.010082 0.030633 -0.007896
v -0.001142 0.044979 -0.030804
v -0.002305 0.044929 -0.030583
v -0.001712 0.045995 -0.031267
v 0.009199 0.059375 -0.016991
v -0.010748 0.081495 -0.025006
v -0.009638 0.081592 -0.023867
v 0.014844 0.082065 -0.037873
v 0.014769 0.083027 -0.039054
v 0.011735 0.062959 -0.025108
v -0.003296 0.024468 -0.017967
v -0.011961 0.074682 -0.043816
v -0.010957 0.073801 -0.044509
v -0.011686 0.073823 -0.042984
v 0.011126 0.069462 -0.038264
v 0.010571 0.068104 -0.038009
v 0.011937 0.070242 -0.037303
v 0.012657 0.071159 -0.036268
v -0.011476 0.065916 -0.034029
v -0.011617 0.065066 -0.032761
v -0.011957 0.066543 -0.032649
v -0.014907 0.080983 -0.038494
v -0.014869 0.081410 -0.040066
v -0.014808 0.079980 -0.039857
v 0.009966 0.073782 -0.024005
v 0.010852 0.073335 -0.025049
v 0.010823 0.074792 -0.024851
v 0.009567 0.031836 -0.016078
v 0.010042 0.032000 -0.014354
v 0.009520 0.030608 -0.015196
v -0.003106 0.015775 0.016456
v 0.002353 0.036525 -0.026219
v -0.009172 0.080304 -0.023195
v 0.013806 0.079084 -0.044586
v 0.013966 0.078398 -0.043258
v 0.013345 0.077460 -0.044306
v 0.010662 0.036987 -0.017394
v 0.010259 0.035547 -0.017455
v 0.004552 0.068912 -0.044268
v -0.008693 0.031885 -0.018135
v 0.004265 0.035429 -0.002429
v 0.009378 0.027185 -0.013112
v 0.012073 0.066354 -0.029181
v 0.011829 0.066009 -0.027398
v 0.011974 0.064785 -0.028508
v -0.011864 0.057385 -0.027377
v -0.008397 0.026963 -0.015086
v -0.009939 0.028502 -0.012095
v 0.006837 0.036441 -0.005145
v 0.011380 0.083657 -0.048754
v -0.002906 0.093573 -0.034003
v -0.002000 0.093997 -0.035013
v 0.008717 0.054525 -0.014299
v 0.009664 0.054236 -0.015502
v 0.009713 0.085496 -0.049029
v 0.006355 0.034698 -0.003469
v -0.003587 0.050431 -0.033649
v -0.004204 0.051311 -0.034083
v -0.003087 0.051330 -0.034559
v -0.013985 0.077556 -0.030480
v -0.011029 0.056608 -0.019254
v 0.011913 0.056436 -0.023794
v -0.001900 0.025225 -0.018978
v 0.001958 0.085230 -0.052160
v 0.003746 0.084951 -0.052068
v 0.002400 0.084034 -0.052867
v 0.002785 0.045437 -0.030736
v -0.004689 0.035954 -0.003104
v -0.004651 0.034930 -0.002281
v 0.011981 0.062487 -0.026654
v -0.007775 0.027436 -0.016400
v -0.011473 0.046185 -0.020634
v -0.011388 0.047294 -0.021607
v -0.011162 0.045835 -0.021989
v 0.010215 0.030130 -0.008626
v 0.010090 0.031337 -0.008666
v -0.011433 0.055767 -0.020309
v -0.000174 0.027300 -0.020577
v -0.000008 0.090683 -0.046989
v -0.001573 0.091045 -0.046423
v 0.008219 0.075668 -0.050857
v 0.008543 0.076825 -0.051438
v -0.010159 0.029762 -0.011645
v -0.009029 0.034037 -0.006893
v 0.002805 0.090880 -0.046473
v -0.003956 0.036979 -0.003376
v -0.004495 0.037954 -0.004194
v -0.005230 0.036721 -0.003962
v -0.001338 0.038038 -0.003178
v 0.007850 0.035632 -0.005876
v 0.010208 0.031876 -0.010123
v 0.010286 0.032337 -0.011587
v 0.014164 0.084321 -0.042893
v 0.007240 0.028784 -0.018030
v 0.008103 0.029357 -0.017256
v 0.007728 0.028048 -0.016918
v -0.013797 0.076721 -0.041382
v -0.013251 0.076209 -0.042687
v -0.013156 0.075364 -0.041488
v -0.000354 0.040314 -0.004146
v -0.001598 0.039353 -0.003876
v -0.000047 0.038978 -0.003568
v 0.010176 0.031462 -0.012795
v 0.009911 0.030732 -0.013845
v 0.008846 0.030522 -0.016790
v 0.008823 0.029057 -0.015776
v 0.001677 0.090395 -0.047284
v 0.000340 0.089774 -0.048139
v -0.012868 0.078386 -0.046560
v -0.012349 0.078770 -0.047844
v -0.012162 0.077506 -0.047267
v 0.004084 0.028303 -0.020260
v 0.003695 0.027180 -0.019714
v 0.002736 0.028141 -0.020701
v 0.001525 0.028725 -0.021376
v 0.001239 0.027549 -0.020658
v -0.006188 0.042400 -0.006797
v -0.003645 0.027168 -0.019697
v -0.002692 0.027629 -0.020366
v -0.002315 0.026531 -0.019763
v -0.009840 0.030895 -0.014308
v -0.005298 0.077717 -0.020943
v -0.003707 0.077189 -0.020452
v 0.002533 0.039575 -0.004163
v 0.001510 0.038633 -0.003515
v -0.014128 0.076403 -0.038828
v -0.014451 0.077022 -0.037405
v 0.010064 0.035199 -0.010338
v 0.002887 0.068860 -0.044853
v 0.004187 0.069875 -0.045661
v 0.010307 0.032819 -0.012930
v -0.012510 0.080001 -0.027083
v -0.012388 0.078493 -0.026672
v 0.005364 0.049157 -0.008635
v 0.006174 0.050127 -0.009625
v 0.004677 0.050509 -0.008949
v -0.002494 0.085273 -0.052060
v -0.003242 0.085982 -0.051431
v -0.000927 0.028201 -0.021110
v -0.001509 0.027360 -0.020482
v -0.006345 0.028644 -0.018866
v -0.006761 0.030068 -0.019429
v -0.010254 0.033633 -0.014993
v -0.010187 0.032421 -0.013873
v -0.010423 0.033950 -0.013555
v 0.011316 0.060459 -0.021748
v 0.011397 0.059004 -0.021323
v -0.003679 0.087412 -0.024125
v -0.002389 0.087365 -0.023665
v -0.004961 0.038985 -0.004928
v -0.005747 0.037835 -0.004924
v -0.009133 0.085136 -0.025530
v -0.003925 0.038973 -0.004402
v -0.002950 0.039710 -0.004352
v -0.003000 0.038294 -0.003723
v 0.004143 0.039333 -0.004648
v 0.006448 0.039261 -0.006048
v -0.007263 0.056114 -0.035440
v -0.006393 0.056514 -0.036320
v -0.009186 0.064514 -0.020012
v -0.008331 0.064515 -0.018911
v 0.000282 0.031542 -0.023348
v 0.000075 0.032830 -0.024195
v 0.001452 0.032264 -0.023722
v 0.000248 0.028516 -0.021359
v -0.010806 0.061904 -0.033319
v 0.004902 0.082566 -0.053116
v -0.009497 0.037342 -0.009237
v -0.006068 0.039092 -0.005686
v -0.004137 0.039993 -0.004903
v -0.009262 0.065777 -0.021026
v 0.001094 0.039894 -0.004029
v 0.000825 0.030019 -0.022320
v 0.007510 0.038487 -0.006755
v 0.010434 0.034125 -0.012912
v -0.012116 0.072316 -0.039490
v -0.011964 0.071325 -0.038543
v -0.009859 0.032141 -0.015341
v 0.000636 0.073764 -0.052384
v 0.001219 0.074791 -0.053297
v 0.010326 0.033498 -0.014118
v 0.000471 0.092983 -0.031855
v 0.001819 0.092637 -0.031366
v 0.001787 0.093287 -0.032751
v -0.008661 0.046298 -0.010160
v 0.005040 0.029172 -0.020272
v 0.006287 0.028932 -0.019129
v 0.005024 0.027850 -0.019410
v 0.009610 0.073107 -0.045691
v 0.008839 0.072054 -0.045014
v 0.008195 0.072576 -0.046696
v -0.007981 0.038728 -0.007342
v 0.002013 0.040673 -0.004473
v 0.009189 0.036555 -0.008458
v 0.009856 0.036884 -0.009981
v 0.010051 0.033058 -0.015452
v 0.008945 0.031862 -0.017637
v -0.003601 0.035961 -0.002520
v -0.011049 0.089785 -0.041388
v -0.010008 0.090361 -0.042253
v -0.002152 0.028470 -0.021069
v -0.010210 0.059181 -0.018502
v -0.012069 0.060365 -0.027516
v -0.012088 0.059235 -0.026663
v -0.009930 0.082838 -0.024670
v -0.010066 0.084038 -0.025623
v 0.012967 0.087147 -0.042521
v -0.003187 0.040987 -0.004894
v 0.011031 0.049842 -0.016520
v -0.011025 0.046886 -0.022956
v -0.009346 0.033027 -0.017711
v -0.009332 0.031898 -0.016773
v -0.009881 0.033295 -0.016402
v -0.009501 0.087890 -0.046932
v -0.010500 0.087112 -0.046869
v -0.010446 0.088005 -0.045861
v 0.011448 0.074235 -0.025719
v 0.011607 0.073127 -0.026148
v -0.007006 0.039548 -0.006611
v -0.001812 0.040717 -0.004457
v 0.008350 0.039156 -0.007922
v 0.009174 0.038118 -0.008853
v 0.001456 0.080797 -0.054384
v 0.002451 0.079736 -0.054484
v 0.000896 0.079492 -0.054671
v 0.001966 0.055863 -0.037854
v 0.001053 0.056914 -0.038439
v -0.001124 0.029410 -0.021880
v 0.005852 0.042319 -0.027805
v 0.004758 0.041062 -0.027806
v 0.004326 0.042439 -0.028686
v -0.009981 0.037802 -0.010393
v -0.005256 0.040132 -0.005527
v 0.000867 0.041189 -0.004495
v 0.003279 0.040748 -0.004839
v -0.002120 0.057087 -0.011427
v 0.006130 0.040859 -0.006314
v 0.005411 0.039765 -0.005489
v -0.013775 0.075902 -0.030201
v -0.006742 0.059053 -0.014363
v -0.007860 0.058348 -0.015007
v -0.007058 0.057551 -0.013958
v -0.001005 0.047171 -0.032031
v -0.000063 0.045839 -0.031322
v 0.010371 0.036221 -0.011576
v 0.010354 0.034240 -0.015170
v 0.008055 0.087436 -0.027079
v 0.007704 0.088450 -0.028147
v 0.006778 0.088255 -0.027028
v 0.013241 0.072108 -0.035099
v 0.013087 0.072687 -0.036927
v -0.007825 0.030912 -0.018769
v -0.013886 0.074043 -0.034383
v -0.013775 0.073520 -0.033433
v -0.014064 0.074770 -0.033464
v -0.001826 0.064789 -0.015233
v -0.006173 0.040225 -0.006152
v 0.013606 0.073425 -0.035532
v 0.010554 0.035499 -0.012890
v 0.010527 0.034785 -0.014019
v 0.011724 0.082241 -0.048974
v 0.009198 0.048167 -0.011681
v 0.009991 0.046487 -0.012199
v 0.010250 0.047947 -0.013386
v -0.013204 0.080157 -0.028529
v -0.012541 0.081488 -0.027699
v -0.007597 0.051992 -0.011815
v 0.004698 0.040828 -0.005453
v 0.010689 0.035948 -0.014011
v 0.010086 0.033852 -0.016196
v 0.009667 0.033004 -0.016838
v 0.005010 0.031999 -0.022204
v 0.008306 0.032248 -0.019076
v -0.008693 0.039590 -0.008461
v 0.011016 0.058437 -0.031374
v 0.011274 0.059915 -0.031380
v 0.011550 0.059266 -0.030217
v 0.010744 0.037286 -0.013172
v -0.006022 0.030660 -0.020523
v -0.007123 0.031444 -0.020019
v -0.001960 0.084449 -0.021195
v -0.003527 0.084505 -0.021564
v -0.010449 0.038499 -0.011692
v -0.006730 0.041000 -0.006804
v 0.009591 0.038036 -0.021395
v 0.009656 0.039345 -0.022177
v 0.007359 0.040053 -0.007088
v 0.008193 0.083078 -0.023208
v 0.008030 0.084116 -0.023649
v 0.010346 0.037844 -0.011403
v 0.009236 0.033272 -0.018188
v 0.008446 0.092062 -0.039353
v 0.007689 0.092250 -0.040661
v -0.004966 0.089109 -0.048138
v -0.005881 0.089432 -0.047410
v -0.004579 0.089989 -0.047220
v -0.010561 0.035127 -0.014686
v 0.005677 0.059105 -0.037858
v -0.012530 0.068833 -0.031040
v -0.012318 0.067991 -0.032508
v 0.000741 0.042545 -0.004932
v -0.010010 0.090779 -0.040870
v 0.010601 0.035456 -0.015081
v 0.010345 0.034892 -0.016232
v -0.010818 0.046746 -0.014065
v -0.009518 0.036067 -0.020002
v -0.008679 0.035712 -0.021193
v -0.007529 0.073737 -0.049218
v -0.007290 0.072720 -0.047920
v -0.008603 0.073826 -0.048199
v 0.003845 0.042062 -0.005466
v -0.000605 0.044595 -0.005565
v -0.001918 0.043823 -0.005482
v -0.008136 0.086101 -0.025524
v -0.007039 0.086862 -0.025443
v 0.012320 0.071596 -0.037938
v 0.003547 0.093583 -0.034458
v 0.002076 0.093764 -0.034170
v 0.002940 0.093362 -0.033398
v 0.009069 0.046569 -0.010797
v 0.008773 0.045252 -0.009949
v -0.009871 0.034333 -0.017502
v -0.005197 0.055799 -0.011949
v -0.014859 0.082260 -0.039156
v -0.003252 0.043251 -0.005629
v 0.005206 0.042106 -0.006111
v 0.013580 0.079980 -0.045826
v 0.009128 0.039815 -0.009142
v 0.009901 0.034195 -0.017273
v 0.009618 0.034716 -0.018583
v 0.002458 0.030658 -0.022444
v -0.010323 0.034752 -0.016125
v -0.010781 0.036555 -0.014312
v -0.002042 0.042899 -0.029622
v -0.001527 0.041805 -0.029169
v -0.002893 0.041974 -0.028959
v -0.008487 0.081570 -0.022899
v -0.010014 0.067548 -0.023258
v 0.008228 0.040802 -0.008184
v -0.007451 0.057401 -0.035915
v 0.009820 0.038736 -0.010177
v 0.010834 0.036758 -0.014898
v 0.010652 0.036180 -0.016200
v 0.008768 0.033731 -0.019492
v 0.006388 0.079697 -0.021433
v 0.006672 0.078443 -0.021534
v -0.006370 0.031971 -0.021144
v -0.010343 0.035777 -0.017343
v 0.011555 0.049822 -0.019460
v 0.011373 0.049841 -0.017989
v 0.011570 0.048355 -0.018855
v 0.010938 0.037543 -0.016114
v 0.001550 0.031242 -0.023032
v -0.007471 0.032786 -0.020605
v -0.010693 0.036253 -0.015828
v -0.010278 0.056295 -0.031669
v -0.009595 0.055600 -0.032385
v -0.010109 0.055065 -0.031058
v -0.009994 0.064475 -0.021292
v 0.013238 0.078455 -0.045723
v -0.006138 0.086395 -0.024244
v 0.009030 0.041497 -0.009325
v -0.005065 0.085876 -0.023120
v -0.005020 0.084645 -0.022170
v -0.010800 0.055154 -0.029556
v 0.008709 0.045219 -0.026635
v -0.009754 0.035236 -0.018724
v 0.009236 0.064679 -0.037439
v 0.008477 0.065031 -0.038518
v -0.010561 0.039928 -0.011993
v -0.010073 0.040943 -0.010917
v 0.004421 0.043291 -0.006070
v 0.005661 0.043258 -0.006697
v -0.011920 0.083936 -0.047973
v 0.010886 0.076520 -0.024742
v 0.011708 0.075499 -0.025880
v 0.011037 0.038248 -0.014798
v 0.008478 0.042887 -0.025774
v 0.002635 0.031784 -0.023140
v -0.008911 0.087305 -0.027891
v -0.008528 0.088432 -0.029044
v -0.009981 0.087308 -0.029320
v -0.005502 0.032468 -0.022180
v 0.000100 0.057912 -0.038881
v -0.010837 0.038952 -0.013028
v -0.009396 0.042044 -0.009940
v -0.004187 0.044259 -0.006272
v -0.002945 0.044499 -0.005923
v -0.010322 0.090472 -0.035993
v -0.011353 0.089615 -0.036644
v -0.001318 0.062584 -0.013852
v 0.003871 0.032467 -0.023134
v 0.002754 0.087678 -0.024100
v 0.002897 0.086964 -0.023319
v 0.003868 0.087347 -0.024080
v -0.006723 0.033286 -0.021757
v 0.013908 0.080171 -0.030432
v 0.003648 0.044477 -0.006119
v 0.004476 0.052914 -0.010155
v 0.005275 0.051634 -0.009873
v -0.010226 0.036640 -0.018722
v -0.007827 0.042952 -0.008274
v -0.006875 0.043455 -0.007585
v -0.005601 0.043852 -0.006841
v 0.006157 0.087045 -0.024957
v 0.007539 0.086109 -0.024956
v 0.011487 0.083601 -0.027281
v 0.011757 0.082324 -0.026779
v 0.012438 0.082853 -0.028395
v 0.004932 0.044444 -0.006645
v 0.009663 0.042325 -0.010442
v 0.011225 0.039895 -0.014894
v -0.008334 0.076243 -0.022528
v -0.011557 0.054325 -0.025858
v 0.002672 0.032927 -0.023881
v -0.007891 0.034266 -0.021194
v 0.011247 0.044243 -0.020950
v -0.014494 0.083988 -0.037393
v -0.014380 0.083607 -0.035781
v -0.014021 0.085048 -0.036210
v 0.008393 0.044019 -0.009145
v 0.007241 0.078745 -0.052930
v 0.005997 0.078300 -0.053492
v 0.005901 0.079810 -0.053554
v -0.007159 0.068076 -0.020150
v -0.004572 0.064282 -0.040765
v -0.004776 0.088264 -0.049093
v -0.005979 0.088437 -0.048484
v 0.003071 0.092870 -0.032280
v 0.003115 0.092169 -0.030910
v 0.004507 0.092325 -0.031943
v 0.003061 0.045534 -0.006268
v 0.006147 0.044348 -0.007310
v -0.002119 0.049018 -0.007356
v -0.002723 0.047684 -0.006944
v -0.001294 0.047999 -0.006799
v -0.002233 0.056838 -0.038232
v 0.010730 0.038108 -0.018406
v -0.006975 0.034403 -0.022297
v -0.010657 0.041466 -0.012299
v -0.011459 0.052016 -0.024215
v -0.011088 0.050469 -0.024770
v -0.009918 0.081561 -0.050908
v -0.008613 0.043244 -0.009181
v -0.003463 0.045982 -0.006549
v -0.005410 0.093046 -0.041214
v 0.011049 0.040724 -0.013610
v -0.002322 0.088874 -0.025590
v 0.010972 0.038198 -0.017153
v -0.013610 0.080822 -0.045988
v -0.014035 0.081858 -0.044859
v -0.013417 0.082268 -0.046310
v 0.001387 0.033450 -0.024498
v -0.003905 0.034272 -0.024274
v -0.011003 0.040353 -0.013455
v -0.007206 0.089192 -0.028797
v -0.007915 0.089524 -0.030013
v -0.005088 0.045331 -0.007008
v -0.010591 0.063075 -0.021477
v 0.003158 0.086013 -0.022481
v 0.004154 0.045604 -0.006663
v 0.008926 0.042861 -0.009487
v 0.008491 0.035481 -0.021306
v -0.001084 0.085432 -0.052089
v 0.000027 0.034148 -0.025035
v -0.010108 0.042553 -0.011224
v -0.008666 0.044781 -0.009659
v 0.005367 0.045587 -0.007225
v -0.001178 0.035838 -0.001678
v -0.007062 0.042199 -0.026828
v -0.008060 0.042121 -0.025850
v 0.010790 0.041434 -0.012699
v 0.002666 0.034122 -0.024651
v -0.007667 0.035478 -0.022328
v -0.010619 0.038145 -0.018850
v -0.007373 0.056021 -0.013573
v -0.004893 0.024768 -0.017329
v 0.003235 0.046802 -0.031339
v 0.005186 0.064272 -0.016122
v 0.006025 0.064698 -0.016926
v -0.012885 0.070475 -0.030945
v -0.009954 0.037372 -0.020110
v -0.010688 0.043066 -0.012568
v 0.009204 0.091644 -0.038369
v 0.009406 0.091397 -0.036893
v -0.009429 0.043678 -0.010346
v -0.005919 0.046341 -0.007815
v 0.007732 0.045364 -0.008867
v 0.009330 0.043847 -0.010274
v -0.004810 0.086975 -0.024118
v -0.007617 0.068909 -0.042179
v -0.008824 0.068909 -0.041006
v -0.008704 0.069974 -0.042231
v 0.004328 0.088651 -0.025986
v 0.005347 0.088978 -0.027018
v 0.003730 0.089568 -0.027023
v -0.008502 0.036942 -0.022332
v -0.004815 0.046572 -0.007291
v 0.006584 0.045489 -0.007960
v -0.008645 0.071518 -0.044400
v -0.007589 0.071250 -0.045190
v -0.007799 0.070721 -0.044170
v 0.012133 0.074390 -0.026744
v 0.012283 0.073080 -0.027361
v 0.007102 0.088729 -0.047623
v 0.005963 0.088703 -0.048200
v -0.009408 0.060469 -0.017843
v -0.008489 0.060265 -0.016558
v -0.011713 0.078231 -0.025667
v -0.011359 0.077107 -0.025244
v 0.004510 0.046807 -0.007226
v 0.011373 0.068582 -0.026168
v 0.008672 0.036828 -0.022025
v 0.004921 0.092350 -0.043351
v 0.008457 0.088554 -0.046968
v 0.007449 0.089536 -0.046431
v -0.010111 0.044152 -0.011577
v 0.006602 0.055033 -0.012504
v 0.007089 0.056138 -0.013372
v 0.005765 0.056488 -0.012587
v -0.012543 0.074958 -0.042742
v 0.011320 0.041550 -0.014801
v -0.005890 0.035980 -0.024252
v 0.001181 0.057857 -0.011632
v 0.002033 0.059477 -0.012458
v -0.008265 0.071561 -0.022345
v -0.010347 0.038822 -0.020303
v -0.011966 0.067292 -0.028199
v 0.009677 0.053084 -0.030208
v 0.010446 0.054634 -0.029992
v -0.004129 0.047585 -0.007367
v -0.009469 0.070920 -0.042442
v -0.010142 0.070483 -0.040943
v -0.010419 0.071753 -0.042157
v -0.014315 0.084984 -0.038681
v -0.014478 0.084451 -0.040079
v 0.014584 0.080187 -0.033606
v -0.011451 0.042805 -0.019093
v -0.011239 0.041251 -0.019079
v -0.011518 0.042184 -0.017775
v -0.013603 0.073562 -0.031162
v -0.002474 0.053127 -0.009549
v -0.003681 0.052353 -0.009495
v -0.011110 0.085104 -0.048105
v -0.012113 0.085017 -0.046969
v 0.002638 0.066901 -0.043076
v -0.007991 0.045713 -0.009233
v 0.005878 0.090148 -0.029120
v 0.006337 0.089221 -0.028067
v 0.008884 0.066299 -0.038919
v -0.001994 0.094310 -0.037455
v -0.000651 0.094414 -0.037467
v -0.000752 0.049264 -0.007281
v 0.002773 0.078246 -0.020262
v 0.003989 0.079262 -0.020552
v 0.005768 0.046755 -0.007859
v -0.010952 0.039683 -0.019005
v -0.008971 0.056061 -0.033602
v -0.009887 0.056837 -0.032734
v 0.011731 0.077306 -0.047895
v 0.012702 0.077056 -0.045615
v -0.008920 0.091669 -0.040178
v 0.000130 0.048133 -0.006779
v 0.008066 0.077701 -0.052202
v 0.006724 0.077383 -0.052928
v 0.009711 0.045100 -0.011217
v 0.012090 0.060010 -0.026126
v 0.007697 0.036996 -0.023342
v 0.001642 0.069035 -0.018100
v 0.001260 0.073006 -0.051430
v 0.000279 0.072331 -0.050576
v 0.000036 0.073048 -0.051557
v -0.001241 0.072712 -0.051023
v 0.002528 0.052942 -0.035992
v 0.002494 0.052027 -0.035309
v 0.001374 0.052520 -0.035910
v 0.003519 0.048047 -0.007325
v 0.004883 0.048019 -0.007874
v 0.006973 0.046652 -0.008654
v 0.004929 0.056152 -0.037011
v 0.005621 0.057548 -0.037267
v 0.008777 0.038197 -0.022808
v 0.010296 0.040426 -0.021585
v -0.007729 0.046987 -0.009446
v -0.005574 0.060814 -0.038592
v 0.000301 0.060105 -0.012553
v 0.001198 0.061060 -0.013062
v 0.011500 0.042614 -0.015874
v 0.011338 0.040924 -0.018165
v -0.007214 0.036403 -0.023430
v -0.003440 0.048860 -0.007638
v 0.010731 0.040418 -0.020451
v 0.009233 0.088969 -0.030721
v 0.009851 0.087758 -0.029750
v 0.010325 0.088287 -0.031303
v 0.008361 0.062007 -0.017329
v 0.011129 0.041229 -0.019626
v -0.014687 0.083522 -0.038950
v -0.009200 0.054438 -0.032110
v -0.011171 0.049342 -0.023736
v -0.011217 0.054055 -0.027182
v 0.006128 0.047890 -0.008532
v 0.007345 0.047958 -0.029545
v 0.006888 0.048717 -0.030406
v 0.007767 0.038377 -0.024140
v -0.000652 0.007911 0.009279
v -0.005092 0.076239 -0.020869
v -0.000671 0.064939 -0.015186
v -0.006444 0.093100 -0.038957
v -0.006121 0.093270 -0.037602
v -0.005107 0.074831 -0.052178
v -0.003813 0.073971 -0.051893
v -0.005219 0.073793 -0.051024
v 0.011441 0.044214 -0.015484
v -0.014529 0.081688 -0.034342
v 0.008829 0.062851 -0.018396
v 0.004528 0.061323 -0.039327
v -0.009552 0.038001 -0.021438
v 0.009431 0.073814 -0.047129
v -0.002769 0.049968 -0.007947
v 0.004024 0.049320 -0.008070
v 0.008074 0.092165 -0.036207
v -0.011337 0.055387 -0.028063
v -0.001525 0.093414 -0.042265
v 0.013722 0.074346 -0.030957
v 0.014003 0.074842 -0.032239
v 0.013580 0.081224 -0.029956
v -0.003941 0.050086 -0.008395
v 0.006444 0.048809 -0.009159
v 0.009265 0.077849 -0.051307
v 0.004992 0.052848 -0.034908
v 0.006370 0.053080 -0.034152
v 0.011223 0.042625 -0.020190
v 0.010794 0.041501 -0.020991
v 0.010229 0.041515 -0.022374
v 0.009737 0.040441 -0.022705
v 0.008830 0.039709 -0.023667
v 0.007648 0.039651 -0.024998
v -0.005779 0.033809 -0.002151
v -0.000071 0.075869 -0.054045
v 0.001835 0.076157 -0.054072
v 0.002154 0.037864 -0.027035
v 0.000662 0.036870 -0.026671
v -0.012708 0.070680 -0.035375
v -0.007024 0.038476 -0.024898
v -0.010027 0.040867 -0.022407
v 0.001476 0.063562 -0.014424
v -0.011027 0.042036 -0.020556
v -0.011620 0.043757 -0.017927
v -0.011284 0.045978 -0.015278
v 0.001794 0.063020 -0.040903
v 0.000430 0.062419 -0.040747
v -0.014337 0.076202 -0.036166
v -0.014020 0.075567 -0.037641
v -0.013880 0.074675 -0.036514
v -0.010407 0.060827 -0.033680
v 0.002396 0.071006 -0.048134
v 0.003907 0.071345 -0.048116
v 0.003208 0.070502 -0.047032
v -0.009265 0.036801 -0.021063
v -0.011774 0.082750 -0.027093
v -0.011757 0.081420 -0.026323
v -0.010932 0.082800 -0.025859
v 0.003278 0.050641 -0.008454
v 0.007351 0.048961 -0.009963
v 0.001791 0.090027 -0.027099
v 0.011552 0.045322 -0.016617
v 0.010957 0.089034 -0.043505
v 0.010908 0.088181 -0.045014
v 0.011567 0.051145 -0.020024
v 0.011601 0.052572 -0.020564
v 0.014467 0.078858 -0.032544
v 0.014152 0.078827 -0.030987
v -0.006269 0.075625 -0.021357
v -0.006593 0.074099 -0.021480
v -0.005349 0.074701 -0.020928
v 0.004320 0.067079 -0.042674
v 0.004960 0.068114 -0.043250
v -0.003415 0.094079 -0.037470
v -0.003357 0.038623 -0.027097
v -0.009682 0.041594 -0.023436
v -0.011638 0.045173 -0.018427
v 0.011921 0.069159 -0.027579
v 0.011626 0.054239 -0.020935
v 0.011370 0.053704 -0.019437
v 0.004984 0.039543 -0.026915
v 0.006479 0.039639 -0.026009
v -0.012776 0.074401 -0.027981
v 0.011522 0.043737 -0.019199
v 0.010776 0.042785 -0.021769
v -0.004839 0.038850 -0.026590
v 0.012276 0.067527 -0.030482
v 0.012015 0.065933 -0.031333
v -0.007461 0.075125 -0.022000
v -0.007104 0.076618 -0.021771
v -0.011051 0.047509 -0.015195
v -0.008907 0.048983 -0.011675
v 0.009834 0.068204 -0.023212
v -0.003733 0.044829 -0.030096
v -0.003127 0.046041 -0.030945
v 0.003766 0.050555 -0.033689
v -0.011744 0.054031 -0.022206
v -0.011706 0.053580 -0.023664
v -0.011658 0.052445 -0.022768
v 0.003502 0.038710 -0.027122
v -0.010476 0.041978 -0.022086
v -0.005518 0.080307 -0.053620
v -0.004334 0.080235 -0.054006
v 0.009657 0.062962 -0.035891
v 0.008223 0.048966 -0.010840
v 0.007473 0.050099 -0.010663
v -0.009923 0.084080 -0.049854
v 0.009970 0.042725 -0.023512
v 0.009408 0.041215 -0.023679
v -0.002041 0.038596 -0.027441
v -0.006696 0.063996 -0.039422
v -0.006270 0.039287 -0.025950
v -0.010744 0.064319 -0.022744
v -0.010933 0.065478 -0.024032
v -0.011330 0.064055 -0.024236
v -0.011595 0.046621 -0.017829
v 0.000375 0.052360 -0.008847
v 0.010257 0.030407 -0.009872
v -0.007011 0.043314 -0.027415
v 0.007109 0.092130 -0.042018
v 0.001394 0.051830 -0.008649
v 0.008533 0.049800 -0.011643
v -0.012225 0.073189 -0.040553
v -0.012899 0.073619 -0.039216
v 0.012920 0.071023 -0.030359
v 0.013317 0.072063 -0.031455
v 0.008411 0.040861 -0.024829
v -0.005630 0.054557 -0.011607
v -0.004129 0.054854 -0.010990
v 0.006575 0.051421 -0.010624
v 0.007735 0.051200 -0.011525
v -0.011349 0.071247 -0.039798
v 0.002896 0.057775 -0.011919
v 0.003945 0.058655 -0.012633
v 0.007354 0.040838 -0.025908
v 0.006144 0.040924 -0.026919
v -0.002687 0.039651 -0.027849
v -0.004183 0.039852 -0.027432
v -0.005584 0.040162 -0.026871
v -0.010698 0.066382 -0.036345
v -0.009935 0.065276 -0.036839
v -0.010816 0.065465 -0.035388
v -0.008913 0.041909 -0.024731
v -0.008058 0.041003 -0.025287
v 0.008744 0.050919 -0.012528
v 0.009470 0.049487 -0.012791
v 0.014571 0.077755 -0.038081
v 0.014185 0.076866 -0.039466
v 0.011059 0.048429 -0.015810
v 0.008974 0.042100 -0.024761
v 0.002179 0.039269 -0.027788
v 0.000835 0.040003 -0.028354
v -0.006987 0.040786 -0.026187
v 0.002488 0.082920 -0.020694
v 0.003683 0.083582 -0.021179
v 0.011720 0.089459 -0.039561
v 0.012635 0.088334 -0.039685
v -0.011292 0.087841 -0.044991
v 0.010658 0.044109 -0.022717
v 0.003265 0.053816 -0.036377
v 0.003624 0.052848 -0.035564
v 0.014225 0.084951 -0.041453
v 0.014575 0.084032 -0.040247
v 0.014567 0.083420 -0.041740
v -0.010337 0.043035 -0.022943
v -0.011707 0.077879 -0.048361
v -0.000037 0.051988 -0.035597
v 0.000501 0.053869 -0.009665
v 0.001710 0.052863 -0.009257
v 0.009688 0.060023 -0.018024
v 0.011624 0.051151 -0.021476
v 0.011598 0.050019 -0.020711
v 0.005468 0.062886 -0.015445
v 0.010593 0.063917 -0.034803
v 0.011193 0.064135 -0.033522
v 0.010919 0.062942 -0.033558
v -0.010937 0.043296 -0.021559
v -0.001345 0.052720 -0.036061
v 0.008628 0.090535 -0.043887
v 0.009610 0.089426 -0.044721
v 0.008060 0.090096 -0.045187
v -0.002777 0.052365 -0.035485
v -0.001537 0.051385 -0.034996
v 0.011369 0.046959 -0.016276
v 0.012781 0.085650 -0.045266
v 0.012617 0.084914 -0.046264
v -0.001120 0.050312 -0.034195
v -0.010371 0.074275 -0.024404
v -0.010864 0.075724 -0.024790
v 0.009311 0.061430 -0.018205
v 0.009580 0.050684 -0.013631
v -0.007135 0.087554 -0.048842
v -0.006975 0.086383 -0.049961
v -0.008292 0.086473 -0.049198
v 0.009320 0.043207 -0.024818
v 0.008098 0.041783 -0.025653
v -0.000450 0.040974 -0.028858
v -0.002014 0.040737 -0.028557
v -0.003575 0.040912 -0.028212
v -0.005036 0.041130 -0.027672
v -0.006149 0.041287 -0.027075
v -0.010813 0.044414 -0.022460
v 0.008010 0.052316 -0.012418
v -0.009601 0.083071 -0.050622
v -0.008867 0.084061 -0.050600
v 0.007245 0.065281 -0.018309
v 0.007533 0.080205 -0.052756
v 0.003565 0.040054 -0.027809
v -0.003329 0.025864 -0.018961
v -0.007411 0.065687 -0.018777
v 0.007799 0.077270 -0.022157
v 0.008977 0.076065 -0.023002
v 0.009214 0.077294 -0.023132
v -0.014630 0.082237 -0.035616
v -0.014830 0.081541 -0.036882
v -0.014773 0.080805 -0.035597
v 0.011396 0.048326 -0.017253
v -0.011269 0.044734 -0.021077
v 0.003690 0.054107 -0.010453
v 0.005761 0.052759 -0.010780
v 0.006941 0.052564 -0.011540
v 0.010167 0.050516 -0.014619
v 0.002244 0.054101 -0.010021
v 0.004992 0.054021 -0.010993
v 0.007729 0.086763 -0.049259
v 0.007530 0.085860 -0.050115
v 0.006185 0.086579 -0.050135
v 0.010157 0.065486 -0.022320
v -0.006908 0.072453 -0.021494
v -0.002273 0.050364 -0.034020
v -0.006034 0.042326 -0.027667
v -0.006699 0.065340 -0.040198
v -0.001170 0.054147 -0.009860
v 0.009792 0.051694 -0.014526
v -0.006420 0.057942 -0.036933
v 0.011607 0.046568 -0.018045
v -0.001513 0.088144 -0.024437
v 0.003559 0.041215 -0.028392
v 0.009895 0.048259 -0.026433
v 0.009288 0.046651 -0.026562
v 0.008894 0.047559 -0.027613
v -0.013171 0.077822 -0.045279
v -0.013272 0.077042 -0.043970
v -0.006277 0.067034 -0.018783
v 0.011617 0.064952 -0.032682
v -0.011992 0.065104 -0.029999
v -0.011991 0.065843 -0.031343
v 0.010135 0.069505 -0.024033
v -0.003414 0.076028 -0.053654
v -0.004291 0.077299 -0.053886
v -0.002522 0.077324 -0.054339
v 0.008675 0.089966 -0.031616
v 0.009662 0.089299 -0.031890
v -0.011430 0.049546 -0.018189
v 0.006186 0.053882 -0.011651
v 0.009526 0.071801 -0.043669
v 0.009900 0.072666 -0.044492
v 0.008068 0.090875 -0.032500
v 0.007050 0.091308 -0.032127
v 0.007530 0.090617 -0.031364
v -0.004853 0.076016 -0.053156
v -0.004014 0.075064 -0.052841
v -0.010653 0.045482 -0.023377
v -0.005336 0.093398 -0.039813
v -0.008140 0.052999 -0.012911
v -0.002578 0.054445 -0.010270
v -0.000187 0.055246 -0.010365
v 0.001366 0.055301 -0.010482
v 0.011579 0.048670 -0.020451
v 0.009358 0.050878 -0.028986
v 0.008947 0.051464 -0.030041
v -0.000211 0.042697 -0.029716
v 0.007377 0.064264 -0.039069
v 0.002888 0.055314 -0.010796
v -0.012710 0.069499 -0.032449
v 0.008050 0.089712 -0.030427
v -0.010642 0.072718 -0.043275
v -0.009718 0.072524 -0.044526
v -0.008731 0.053859 -0.014031
v 0.004250 0.055210 -0.011224
v 0.005446 0.055141 -0.011793
v 0.007301 0.053683 -0.012429
v 0.009967 0.058644 -0.017825
v 0.010636 0.057774 -0.018745
v -0.000060 0.080504 -0.054519
v -0.000579 0.079210 -0.054704
v -0.005742 0.064442 -0.040275
v -0.005337 0.063304 -0.039885
v -0.002498 0.055743 -0.010891
v -0.003696 0.056442 -0.011573
v -0.001465 0.055199 -0.010436
v 0.013702 0.081549 -0.045786
v 0.005557 0.043644 -0.028630
v -0.010478 0.046513 -0.024294
v -0.011199 0.050701 -0.017581
v -0.003471 0.088021 -0.049665
v -0.002141 0.088695 -0.049219
v 0.002089 0.056579 -0.011203
v 0.008854 0.065103 -0.019973
v -0.012142 0.086018 -0.045993
v -0.012764 0.085060 -0.045903
v -0.011076 0.051795 -0.017627
v -0.010673 0.052698 -0.016854
v 0.005227 0.044879 -0.029437
v 0.000975 0.043747 -0.030196
v 0.011742 0.088388 -0.034421
v 0.010903 0.089530 -0.034814
v 0.003567 0.056427 -0.011528
v 0.004722 0.056136 -0.011867
v -0.000712 0.007315 0.008001
v -0.004771 0.061952 -0.039504
v -0.003919 0.062984 -0.040344
v -0.003292 0.061675 -0.039932
v -0.001417 0.043936 -0.030236
v -0.002613 0.043955 -0.030013
v 0.005215 0.093369 -0.040121
v 0.012538 0.084131 -0.029900
v 0.012471 0.085118 -0.030972
v 0.007710 0.054784 -0.013325
v -0.014657 0.080137 -0.034214
v 0.010047 0.047119 -0.025522
v -0.009530 0.058932 -0.034314
v -0.010335 0.078585 -0.050471
v -0.010889 0.077511 -0.049293
v 0.006933 0.085114 -0.050947
v 0.000957 0.048958 -0.033191
v 0.002361 0.049716 -0.033509
v -0.000572 0.056720 -0.038391
v -0.007726 0.082704 -0.022704
v 0.011852 0.064789 -0.027198
v -0.006326 0.088883 -0.027601
v 0.011692 0.052794 -0.022309
v 0.010504 0.053681 -0.016859
v 0.010610 0.048236 -0.024876
v -0.000115 0.044328 -0.030526
v -0.002883 0.058132 -0.038597
v -0.003930 0.057211 -0.037911
v 0.001431 0.066308 -0.016201
v 0.012656 0.072879 -0.038794
v -0.014671 0.082771 -0.036707
v 0.011839 0.067540 -0.027511
v -0.010844 0.090229 -0.040224
v -0.011699 0.089386 -0.040280
v 0.006979 0.067901 -0.019881
v 0.007962 0.067590 -0.020611
v -0.013190 0.072203 -0.035632
v -0.012034 0.068932 -0.028074
v -0.012482 0.069727 -0.029482
v -0.003292 0.057900 -0.012082
v 0.010665 0.056908 -0.031283
v 0.004404 0.057296 -0.012231
v -0.010929 0.084003 -0.049024
v 0.001235 0.044914 -0.030764
v 0.009868 0.076638 -0.023713
v 0.009943 0.075379 -0.023869
v -0.008682 0.082660 -0.051420
v 0.011554 0.052163 -0.023718
v 0.011243 0.051053 -0.024574
v -0.013608 0.086353 -0.036924
v -0.013792 0.086291 -0.038289
v -0.014095 0.085360 -0.037505
v 0.001758 0.078494 -0.054635
v -0.011458 0.050883 -0.023305
v 0.009818 0.084194 -0.025451
v 0.010138 0.082532 -0.024739
v 0.010896 0.083137 -0.026030
v 0.005297 0.058016 -0.012975
v 0.007628 0.057094 -0.014242
v 0.010908 0.054631 -0.018199
v -0.008029 0.047686 -0.028686
v -0.011473 0.052962 -0.019764
v -0.009571 0.071682 -0.043393
v -0.008609 0.070781 -0.043350
v -0.004432 0.058765 -0.012882
v 0.006522 0.057510 -0.013523
v -0.011317 0.076719 -0.047996
v -0.011782 0.076126 -0.046468
v 0.010686 0.049726 -0.025543
v 0.008526 0.048477 -0.028591
v -0.009816 0.063253 -0.020114
v -0.010533 0.050266 -0.026265
v -0.002896 0.059371 -0.012610
v 0.008962 0.074467 -0.023061
v 0.007849 0.075312 -0.022239
v 0.010222 0.062276 -0.034651
v -0.001810 0.071921 -0.019446
v 0.004918 0.059124 -0.013262
v -0.001713 0.091729 -0.029729
v -0.000698 0.092478 -0.030880
v -0.002158 0.092536 -0.031273
v 0.010084 0.049866 -0.027016
v 0.009374 0.048796 -0.027616
v -0.004371 0.056126 -0.037258
v -0.006535 0.092851 -0.040368
v -0.012563 0.077251 -0.046166
v -0.010143 0.065923 -0.022586
v 0.005991 0.058832 -0.013735
v 0.010292 0.057711 -0.032526
v -0.011584 0.054362 -0.020702
v -0.010541 0.055879 -0.017785
v -0.002688 0.094114 -0.036196
v -0.001285 0.094285 -0.036208
v -0.007666 0.067718 -0.041098
v -0.007744 0.066485 -0.040128
v -0.008783 0.067622 -0.039968
v -0.009876 0.050358 -0.027713
v 0.007553 0.051785 -0.032018
v 0.007137 0.058401 -0.014374
v -0.001205 0.088175 -0.049832
v 0.008179 0.049726 -0.029775
v 0.005796 0.049678 -0.031887
v 0.010878 0.089795 -0.041869
v 0.009136 0.082449 -0.023713
v 0.009008 0.083564 -0.024153
v -0.007461 0.048414 -0.029686
v -0.011929 0.060886 -0.029019
v 0.010856 0.051476 -0.026235
v -0.002541 0.047155 -0.031744
v -0.007624 0.069924 -0.043286
v -0.006504 0.069036 -0.043191
v -0.004119 0.060622 -0.039193
v 0.003901 0.059947 -0.013189
v 0.006555 0.059760 -0.014534
v 0.010766 0.056258 -0.018436
v 0.011299 0.055302 -0.019640
v 0.011794 0.054973 -0.022638
v -0.011760 0.088112 -0.043751
v -0.012119 0.086991 -0.044852
v -0.012813 0.086899 -0.043494
v -0.007638 0.088191 -0.027751
v 0.011697 0.053518 -0.023789
v -0.006054 0.076842 -0.021254
v -0.006601 0.077892 -0.021493
v 0.009475 0.058218 -0.016857
v 0.011425 0.052533 -0.024894
v 0.009330 0.049826 -0.028321
v -0.003896 0.085088 -0.051935
v 0.000810 0.088911 -0.049104
v 0.001353 0.088090 -0.049904
v 0.010108 0.051176 -0.027850
v -0.010366 0.057584 -0.018095
v 0.007189 0.060615 -0.015440
v 0.011591 0.055985 -0.021080
v 0.006855 0.049744 -0.031115
v 0.004732 0.048926 -0.032005
v 0.003446 0.048074 -0.032022
v 0.002218 0.048463 -0.032647
v -0.001964 0.048294 -0.032587
v -0.003424 0.048322 -0.032191
v -0.013698 0.080436 -0.029948
v -0.011708 0.055624 -0.021700
v -0.007587 0.059840 -0.015433
v -0.006393 0.060562 -0.014816
v 0.011192 0.056884 -0.019833
v 0.011611 0.053788 -0.024948
v 0.011310 0.053297 -0.026100
v 0.002683 0.089029 -0.025876
v -0.011832 0.055141 -0.023186
v -0.003655 0.069981 -0.019156
v -0.004117 0.070912 -0.019715
v -0.004874 0.069760 -0.019561
v 0.000478 0.062327 -0.013642
v -0.007236 0.050743 -0.031486
v -0.005584 0.068512 -0.019277
v -0.004035 0.068956 -0.018752
v 0.003587 0.049290 -0.032792
v -0.008606 0.051372 -0.030420
v -0.009665 0.052286 -0.029526
v 0.011493 0.057572 -0.021121
v 0.011780 0.056882 -0.022360
v 0.007772 0.050922 -0.031094
v 0.011829 0.071860 -0.039548
v 0.008525 0.052213 -0.031230
v -0.004239 0.049530 -0.032674
v -0.002828 0.049375 -0.033113
v -0.007649 0.083905 -0.051371
v -0.007276 0.061547 -0.016020
v -0.005887 0.061987 -0.015209
v -0.005706 0.049961 -0.032144
v -0.005322 0.078787 -0.053773
v -0.003596 0.078739 -0.054296
v -0.003129 0.062442 -0.014165
v 0.013724 0.078916 -0.029529
v 0.013432 0.077829 -0.028718
v 0.003041 0.024781 -0.018329
v -0.011997 0.087584 -0.033562
v -0.012466 0.073093 -0.027746
v -0.013041 0.073602 -0.028963
v 0.005437 0.093516 -0.037664
v -0.009291 0.070132 -0.023091
v -0.004879 0.050721 -0.033247
v -0.006176 0.051226 -0.032780
v -0.007187 0.051808 -0.032379
v -0.008122 0.052086 -0.031599
v -0.009141 0.052729 -0.030765
v -0.010028 0.053750 -0.030090
v 0.002064 0.087223 -0.050621
v 0.002868 0.086235 -0.051312
v 0.001281 0.086312 -0.051435
v -0.011678 0.055601 -0.026597
v -0.011987 0.056989 -0.024610
v -0.009353 0.088752 -0.030570
v -0.010891 0.060479 -0.020550
v -0.010210 0.060601 -0.019202
v -0.006422 0.062878 -0.016086
v -0.002430 0.063682 -0.014676
v 0.010167 0.060707 -0.019191
v 0.011134 0.055368 -0.028787
v 0.009803 0.054243 -0.030963
v 0.009045 0.053494 -0.031575
v 0.003786 0.051766 -0.034659
v -0.005336 0.051946 -0.033964
v -0.006634 0.052335 -0.033319
v -0.007696 0.052792 -0.032672
v -0.008682 0.053284 -0.031893
v -0.009480 0.053836 -0.031167
v -0.010873 0.072957 -0.025138
v -0.011934 0.056759 -0.025884
v -0.011453 0.060216 -0.022004
v -0.001320 0.069038 -0.018071
v -0.010384 0.061875 -0.020249
v -0.004637 0.064540 -0.016020
v 0.001518 0.065021 -0.015334
v 0.009808 0.062200 -0.019418
v 0.010656 0.061409 -0.020565
v 0.011273 0.065250 -0.034091
v -0.012059 0.058076 -0.025601
v -0.003208 0.064679 -0.015518
v 0.010811 0.081045 -0.024928
v 0.012068 0.058612 -0.026179
v -0.004093 0.052191 -0.034849
v -0.008241 0.053973 -0.033012
v 0.013459 0.087024 -0.039811
v 0.009343 0.063689 -0.019657
v 0.010934 0.056149 -0.030059
v -0.006125 0.052928 -0.034206
v -0.012062 0.059607 -0.025117
v -0.000665 0.088968 -0.049050
v 0.013724 0.075270 -0.038822
v -0.005132 0.053053 -0.034970
v -0.014735 0.080479 -0.041209
v 0.010241 0.055439 -0.031102
v -0.008788 0.054991 -0.033111
v 0.009027 0.091496 -0.040665
v -0.003337 0.082106 -0.020667
v 0.002962 0.093362 -0.041956
v 0.007417 0.071337 -0.045501
v -0.012888 0.085858 -0.044829
v -0.014459 0.079349 -0.032640
v -0.014103 0.079160 -0.030927
v 0.011954 0.064644 -0.030164
v 0.013681 0.085765 -0.042684
v 0.013645 0.086417 -0.041261
v -0.013534 0.085512 -0.043626
v 0.011656 0.060568 -0.030358
v 0.010684 0.059255 -0.032516
v 0.002688 0.054783 -0.037140
v 0.001888 0.053645 -0.036623
v 0.000357 0.055650 -0.037925
v -0.009281 0.057448 -0.033977
v 0.005503 0.085181 -0.051445
v 0.009275 0.090142 -0.032823
v -0.008242 0.056669 -0.034806
v -0.008530 0.058215 -0.035235
v -0.011520 0.060683 -0.030880
v -0.007972 0.085245 -0.050343
v -0.006677 0.085154 -0.051021
v -0.009528 0.079761 -0.051413
v 0.000043 0.068353 -0.017541
v -0.004418 0.073760 -0.020500
v -0.003593 0.073044 -0.020126
v 0.012329 0.071916 -0.027833
v 0.012115 0.070693 -0.027708
v 0.011837 0.061809 -0.029879
v 0.003512 0.056025 -0.037535
v -0.002607 0.069584 -0.018634
v 0.012014 0.062106 -0.028299
v -0.005323 0.056930 -0.037167
v -0.010957 0.060674 -0.032466
v 0.011495 0.061381 -0.031253
v 0.006383 0.091184 -0.031230
v 0.006014 0.091859 -0.032184
v -0.008822 0.059813 -0.035561
v 0.011967 0.063587 -0.027727
v 0.014426 0.076521 -0.033922
v 0.014177 0.075251 -0.033533
v 0.011718 0.084484 -0.028566
v 0.011956 0.063328 -0.029292
v 0.009524 0.059919 -0.034728
v 0.007754 0.058548 -0.036143
v 0.006662 0.058496 -0.036996
v -0.005199 0.058257 -0.037774
v 0.004467 0.070576 -0.019699
v 0.011716 0.063051 -0.031012
v 0.011240 0.062204 -0.032383
v 0.014675 0.081840 -0.042026
v 0.014794 0.082427 -0.040581
v -0.011974 0.064250 -0.028659
v 0.001107 0.083606 -0.020735
v -0.009224 0.068642 -0.022576
v -0.002743 0.070819 -0.019247
v 0.003065 0.071304 -0.019492
v 0.009165 0.069684 -0.022827
v 0.010027 0.061034 -0.034435
v 0.001527 0.058271 -0.038917
v -0.004105 0.058497 -0.038351
v 0.010184 0.027660 -0.010054
v 0.001883 0.072197 -0.050193
v 0.011434 0.063619 -0.032454
v 0.006791 0.090399 -0.030258
v -0.011966 0.065752 -0.028449
v -0.010079 0.068973 -0.023850
v -0.003236 0.072004 -0.019777
v 0.004484 0.072052 -0.020185
v 0.002957 0.058990 -0.038910
v -0.013513 0.074347 -0.030064
v -0.013571 0.072817 -0.032351
v 0.005694 0.071247 -0.020516
v 0.011523 0.070690 -0.038762
v 0.011768 0.064434 -0.031534
v 0.000562 0.058952 -0.039268
v -0.010861 0.069316 -0.025202
v 0.003716 0.083467 -0.052965
v 0.005072 0.083883 -0.052397
v -0.014168 0.075236 -0.034876
v -0.014498 0.076914 -0.034605
v -0.002427 0.073088 -0.019854
v -0.009681 0.062670 -0.035692
v -0.001068 0.073120 -0.019663
v -0.005822 0.077165 -0.053254
v 0.006412 0.084006 -0.051870
v 0.004395 0.059813 -0.038753
v -0.004830 0.059518 -0.038445
v 0.010099 0.084074 -0.049711
v -0.010214 0.070364 -0.024296
v 0.005747 0.072593 -0.020861
v 0.006769 0.071802 -0.021287
v 0.008540 0.071073 -0.022507
v 0.001615 0.059675 -0.039449
v -0.000130 0.091566 -0.045738
v 0.000234 0.060050 -0.039715
v -0.001571 0.078786 -0.020096
v 0.010565 0.080209 -0.050533
v 0.007101 0.091827 -0.033301
v 0.005555 0.092550 -0.033291
v -0.012314 0.088578 -0.037175
v -0.010229 0.064068 -0.035580
v 0.007788 0.072235 -0.022058
v 0.009601 0.070956 -0.023573
v 0.010636 0.088988 -0.033052
v 0.011349 0.087560 -0.032038
v 0.011721 0.087823 -0.033285
v -0.005681 0.073169 -0.020930
v -0.000019 0.088155 -0.049893
v 0.006834 0.073088 -0.021529
v 0.009000 0.072617 -0.023090
v 0.012186 0.068164 -0.028960
v -0.001028 0.077948 -0.054640
v -0.009740 0.074140 -0.047162
v -0.009786 0.073349 -0.045812
v -0.010847 0.074625 -0.046086
v -0.001678 0.074265 -0.019924
v -0.010906 0.070602 -0.025349
v 0.005917 0.073710 -0.021100
v 0.010174 0.072202 -0.024293
v -0.005896 0.087377 -0.049551
v 0.008131 0.084923 -0.050485
v 0.008561 0.085779 -0.049602
v 0.009105 0.084845 -0.049945
v -0.000312 0.061320 -0.040250
v -0.009245 0.063741 -0.036862
v 0.009167 0.063608 -0.036895
v -0.001812 0.061467 -0.040175
v -0.000682 0.075297 -0.019931
v 0.009935 0.064389 -0.036268
v -0.011289 0.071643 -0.025902
v 0.011065 0.071915 -0.025488
v -0.002655 0.085522 -0.021986
v -0.001694 0.086441 -0.022563
v -0.003528 0.086494 -0.023068
v 0.000587 0.087276 -0.050685
v 0.000511 0.076145 -0.019972
v -0.002604 0.094186 -0.038735
v 0.006764 0.074435 -0.021585
v 0.007892 0.073697 -0.022253
v 0.012444 0.069820 -0.029164
v 0.012443 0.068767 -0.030100
v 0.010735 0.065513 -0.035580
v 0.014336 0.079169 -0.042459
v 0.014248 0.079776 -0.043466
v -0.010312 0.076135 -0.048901
v 0.011800 0.071822 -0.026744
v -0.011398 0.066965 -0.035259
v -0.008899 0.064729 -0.037862
v -0.002450 0.062762 -0.040658
v -0.011933 0.067306 -0.033828
v 0.011772 0.085523 -0.029951
v 0.010547 0.086104 -0.028508
v 0.006473 0.075901 -0.021457
v -0.000929 0.062609 -0.040808
v -0.000758 0.076715 -0.020001
v -0.001964 0.077558 -0.020124
v 0.001625 0.077128 -0.020084
v 0.003155 0.076632 -0.020321
v 0.010040 0.065699 -0.036976
v 0.000390 0.077375 -0.020004
v 0.002036 0.073925 -0.052388
v -0.001536 0.091938 -0.045089
v 0.003410 0.063660 -0.040864
v -0.011959 0.068076 -0.034709
v -0.012354 0.068664 -0.033727
v -0.011732 0.072992 -0.026394
v 0.005938 0.077391 -0.021201
v 0.012718 0.069781 -0.030770
v 0.000313 0.078273 -0.054713
v 0.009322 0.065694 -0.037987
v 0.010712 0.084171 -0.026596
v 0.014277 0.076266 -0.032540
v 0.014272 0.077456 -0.031685
v -0.003147 0.064088 -0.041165
v -0.000552 0.078116 -0.020017
v 0.004333 0.077766 -0.020629
v 0.003405 0.088175 -0.024943
v 0.010918 0.067104 -0.036507
v -0.010220 0.066763 -0.037471
v -0.013175 0.071221 -0.032639
v -0.004092 0.067156 -0.042794
v 0.009913 0.066756 -0.037952
v 0.000330 0.090757 -0.028023
v 0.001041 0.078720 -0.020055
v 0.005400 0.078777 -0.020992
v -0.011714 0.068378 -0.035840
v -0.011027 0.067547 -0.036676
v -0.001712 0.069063 -0.045366
v -0.002366 0.065145 -0.041958
v -0.012296 0.069247 -0.034973
v -0.012774 0.070103 -0.033908
v -0.007871 0.077771 -0.022183
v -0.004007 0.085458 -0.022331
v 0.013095 0.081482 -0.028847
v -0.004397 0.086102 -0.051086
v 0.012847 0.070676 -0.034638
v -0.001683 0.065953 -0.042582
v -0.007308 0.079103 -0.021863
v 0.000929 0.080668 -0.020134
v -0.000463 0.079528 -0.020045
v -0.009622 0.067296 -0.038733
v -0.010570 0.068080 -0.037985
v -0.011370 0.068834 -0.037161
v -0.005970 0.079077 -0.021217
v 0.005099 0.080124 -0.020935
v 0.013308 0.073720 -0.029710
v 0.013471 0.073151 -0.030872
v 0.010149 0.077839 -0.023920
v -0.013478 0.072382 -0.033465
v -0.013177 0.071549 -0.034290
v -0.008573 0.079016 -0.022644
v -0.007970 0.080340 -0.022336
v -0.005317 0.080340 -0.021022
v 0.005983 0.080814 -0.021347
v 0.011273 0.078264 -0.025101
v -0.006699 0.080329 -0.021616
v 0.002052 0.082022 -0.053909
v 0.010218 0.068893 -0.039252
v 0.007834 0.068018 -0.041225
v -0.004771 0.081687 -0.020997
v 0.000141 0.081794 -0.020240
v 0.007296 0.080883 -0.022013
v 0.010925 0.070840 -0.040103
v -0.000516 0.066227 -0.042876
v 0.010276 0.079588 -0.024092
v -0.013561 0.072893 -0.034503
v -0.013875 0.074174 -0.032339
v -0.013885 0.074968 -0.031295
v -0.007316 0.081520 -0.022117
v 0.001255 0.082255 -0.020376
v 0.011540 0.079778 -0.025545
v -0.006101 0.081498 -0.021487
v -0.004456 0.083183 -0.021266
v 0.010786 0.069953 -0.039365
v 0.000011 0.082904 -0.020473
v -0.001141 0.076807 -0.054381
v -0.000178 0.077214 -0.054548
v 0.007249 0.082525 -0.022354
v -0.014180 0.076509 -0.031771
v -0.006650 0.082560 -0.022009
v -0.005614 0.082517 -0.021500
v 0.003510 0.067943 -0.043703
v -0.000278 0.067355 -0.043745
v 0.008898 0.070519 -0.042688
v 0.001538 0.067851 -0.044091
v -0.014103 0.075338 -0.032417
v -0.001664 0.068078 -0.044268
v -0.000390 0.084155 -0.020916
v 0.011743 0.081090 -0.026162
v 0.012417 0.080082 -0.026915
v -0.004202 0.068347 -0.043796
v -0.005368 0.069174 -0.044094
v -0.007006 0.083558 -0.022608
v -0.005938 0.083602 -0.022038
v 0.011115 0.082009 -0.025670
v 0.011014 0.086943 -0.030469
v -0.000214 0.068432 -0.044780
v -0.013697 0.073700 -0.035505
v 0.007511 0.069944 -0.043441
v -0.014311 0.076099 -0.033353
v 0.001199 0.068970 -0.045340
v -0.003054 0.068730 -0.044620
v -0.004725 0.091754 -0.031014
v -0.003638 0.092503 -0.031809
v -0.005133 0.092309 -0.032393
v -0.014293 0.078041 -0.031763
v 0.012909 0.083813 -0.046574
v 0.014495 0.077592 -0.033144
v -0.004272 0.069257 -0.044778
v 0.014590 0.078306 -0.039243
v 0.014789 0.079124 -0.038253
v -0.014466 0.077592 -0.033059
v 0.012467 0.081382 -0.027480
v -0.000236 0.069372 -0.045927
v -0.013450 0.074117 -0.037890
v 0.006784 0.087790 -0.048778
v 0.008184 0.070964 -0.044120
v -0.011303 0.071948 -0.040815
v -0.013116 0.081692 -0.029074
v 0.014506 0.076849 -0.035259
v 0.002326 0.069678 -0.046069
v -0.004219 0.073110 -0.050667
v 0.014593 0.077591 -0.034355
v -0.005207 0.070040 -0.045324
v -0.006628 0.070165 -0.044467
v -0.003348 0.086913 -0.050676
v 0.013045 0.074169 -0.039673
v 0.005664 0.074142 -0.051224
v 0.004629 0.074336 -0.051990
v 0.000965 0.069691 -0.046333
v -0.011460 0.072886 -0.041913
v 0.001451 0.094322 -0.036721
v 0.000100 0.094348 -0.036337
v -0.014638 0.077725 -0.035888
v -0.012408 0.082841 -0.028344
v -0.010997 0.083945 -0.026816
v 0.012775 0.085455 -0.032218
v 0.008487 0.084821 -0.024568
v 0.014701 0.078168 -0.035459
v -0.013581 0.075003 -0.039008
v -0.013028 0.074495 -0.040333
v -0.014655 0.078501 -0.034328
v 0.014659 0.078722 -0.034090
v -0.005072 0.070819 -0.046595
v -0.006369 0.070969 -0.045881
v -0.012382 0.074090 -0.041661
v -0.000745 0.087268 -0.023290
v 0.010631 0.073563 -0.044755
v -0.003983 0.071002 -0.047493
v -0.014783 0.079265 -0.035691
v -0.011714 0.083745 -0.027811
v -0.010123 0.085134 -0.026741
v 0.008955 0.085587 -0.025783
v 0.010098 0.085218 -0.026790
v 0.013506 0.075541 -0.040431
v 0.008345 0.074611 -0.049592
v -0.013694 0.075855 -0.040178
v -0.013540 0.081999 -0.030460
v 0.014768 0.078674 -0.036877
v -0.007473 0.071946 -0.046447
v -0.008650 0.072241 -0.045573
v -0.012871 0.083111 -0.029634
v -0.012092 0.084097 -0.028897
v -0.011112 0.084972 -0.028060
v -0.005691 0.086244 -0.050586
v -0.004636 0.087179 -0.050143
v 0.010978 0.084709 -0.027530
v -0.014217 0.077234 -0.040037
v -0.014867 0.080051 -0.037052
v -0.009097 0.086218 -0.026692
v 0.013229 0.075778 -0.041987
v 0.012426 0.074798 -0.042818
v -0.005132 0.071480 -0.047637
v -0.006211 0.071662 -0.047148
v 0.008218 0.086585 -0.026148
v 0.002605 0.082988 -0.053404
v 0.001946 0.088294 -0.024688
v 0.007141 0.087269 -0.026001
v 0.003001 0.071735 -0.049148
v -0.008626 0.072992 -0.046862
v -0.012519 0.084404 -0.030197
v 0.002719 0.088088 -0.049742
v 0.004812 0.087732 -0.024994
v 0.009208 0.086431 -0.027063
v 0.012224 0.075273 -0.044206
v 0.011398 0.074665 -0.045113
v 0.005461 0.071899 -0.048120
v -0.004530 0.071842 -0.048598
v 0.003498 0.082220 -0.053603
v -0.010049 0.086213 -0.027927
v -0.007963 0.087143 -0.026633
v 0.012969 0.076090 -0.043443
v 0.010477 0.074186 -0.046087
v 0.006977 0.072678 -0.048159
v 0.004509 0.072199 -0.049210
v 0.001755 0.071443 -0.049020
v 0.000620 0.071583 -0.049401
v -0.005825 0.072214 -0.048369
v -0.011679 0.085287 -0.029479
v 0.005813 0.088031 -0.025994
v 0.009046 0.087505 -0.028292
v -0.003749 0.072307 -0.049721
v -0.012617 0.075739 -0.043890
v -0.014592 0.078606 -0.039887
v 0.000638 0.091549 -0.029276
v 0.000628 0.092272 -0.030498
v -0.000348 0.091893 -0.029825
v 0.005945 0.072820 -0.049247
v -0.011841 0.075211 -0.044991
v -0.010831 0.086082 -0.028968
v -0.006717 0.087887 -0.026509
v 0.010349 0.074889 -0.047381
v -0.005242 0.072807 -0.049683
v -0.012110 0.085564 -0.030744
v 0.012697 0.076314 -0.044611
v 0.011264 0.075320 -0.046413
v 0.008333 0.073660 -0.048291
v -0.006510 0.073007 -0.049071
v -0.014288 0.078100 -0.041235
v -0.011207 0.086440 -0.030118
v 0.003568 0.072590 -0.050262
v -0.002936 0.072914 -0.050907
v -0.014806 0.082501 -0.037939
v -0.009588 0.074928 -0.048486
v 0.012079 0.075829 -0.045448
v 0.007216 0.073640 -0.049403
v 0.005054 0.073094 -0.050244
v -0.010656 0.075388 -0.047525
v -0.012591 0.076496 -0.045140
v -0.014603 0.079268 -0.040932
v -0.012446 0.085772 -0.031829
v 0.011969 0.086261 -0.031397
v 0.014646 0.082677 -0.036314
v 0.009396 0.074667 -0.048436
v 0.002784 0.094025 -0.035729
v 0.006241 0.073610 -0.050165
v -0.008571 0.074707 -0.049423
v 0.007252 0.089465 -0.029217
v 0.008565 0.088670 -0.029405
v 0.011960 0.076536 -0.046657
v -0.010693 0.087602 -0.030885
v 0.012268 0.086735 -0.032809
v 0.014243 0.084262 -0.035977
v 0.007122 0.074471 -0.050559
v 0.014562 0.080344 -0.042282
v -0.010330 0.088626 -0.031873
v 0.014584 0.083659 -0.037516
v -0.002139 0.073721 -0.052118
v -0.009376 0.075637 -0.049568
v -0.013533 0.079270 -0.045565
v 0.014427 0.081239 -0.043385
v 0.014064 0.080623 -0.044637
v 0.009013 0.086638 -0.048574
v -0.003156 0.091012 -0.028999
v -0.000543 0.091327 -0.028915
v 0.014088 0.085284 -0.037171
v 0.014426 0.084634 -0.038731
v 0.006724 0.075297 -0.051714
v -0.002775 0.074811 -0.053020
v 0.005997 0.082977 -0.052572
v -0.009408 0.089464 -0.031803
v -0.008407 0.089967 -0.031298
v 0.005439 0.075095 -0.052311
v -0.006156 0.075817 -0.052399
v -0.011004 0.088616 -0.033131
v 0.012214 0.088879 -0.038313
v 0.014411 0.082804 -0.043173
v 0.004236 0.093654 -0.035468
v 0.004948 0.093199 -0.034503
v 0.006118 0.076171 -0.052720
v -0.006519 0.092528 -0.041603
v -0.007121 0.090507 -0.030780
v -0.004317 0.091220 -0.029858
v 0.013369 0.086875 -0.036996
v 0.004179 0.093852 -0.036748
v 0.007461 0.076507 -0.052089
v -0.007136 0.076915 -0.052443
v -0.009989 0.089523 -0.032850
v -0.008899 0.090317 -0.032593
v 0.005518 0.090999 -0.030217
v 0.013850 0.086205 -0.038500
v 0.014122 0.082145 -0.044518
v 0.005017 0.075841 -0.053055
v -0.001859 0.075876 -0.053905
v -0.003312 0.091852 -0.030439
v 0.014123 0.085576 -0.039991
v -0.013127 0.087470 -0.037732
v -0.010579 0.089524 -0.034023
v -0.009562 0.090376 -0.033830
v -0.007611 0.090984 -0.032166
v 0.005042 0.077021 -0.053590
v 0.005336 0.091644 -0.031208
v -0.002893 0.092958 -0.042962
v -0.011975 0.089181 -0.039167
v -0.011691 0.089470 -0.038046
v -0.011029 0.089562 -0.035269
v -0.008224 0.091358 -0.033812
v -0.006176 0.091451 -0.031566
v 0.013095 0.087626 -0.038369
v 0.011317 0.080185 -0.049725
v 0.009803 0.090327 -0.034193
v 0.011050 0.089780 -0.036015
v 0.008580 0.080553 -0.052096
v 0.013609 0.083053 -0.045585
v 0.008696 0.089228 -0.045919
v -0.012599 0.088350 -0.039919
v -0.010182 0.090230 -0.034815
v 0.008545 0.091130 -0.033770
v -0.012545 0.088449 -0.038521
v -0.009339 0.091024 -0.035072
v 0.009694 0.088394 -0.046118
v -0.006632 0.091950 -0.033046
v 0.001028 0.077230 -0.054526
v -0.003997 0.093021 -0.033183
v 0.009007 0.091312 -0.035207
v 0.010174 0.090509 -0.035644
v -0.002526 0.093141 -0.032672
v 0.002533 0.077442 -0.054396
v -0.005458 0.092782 -0.033825
v -0.006901 0.092413 -0.034623
v 0.004125 0.093046 -0.033312
v 0.006378 0.092649 -0.034555
v 0.011109 0.081251 -0.049894
v 0.007732 0.092007 -0.034755
v 0.012351 0.083130 -0.047817
v -0.008218 0.091936 -0.035543
v -0.012347 0.088273 -0.041814
v -0.004249 0.093427 -0.034565
v -0.006914 0.092813 -0.036349
v -0.003211 0.093829 -0.035149
v -0.000928 0.081269 -0.054279
v -0.011343 0.087030 -0.045988
v 0.011137 0.089916 -0.040531
v 0.008397 0.082764 -0.051560
v -0.011230 0.086131 -0.047090
v 0.010209 0.090673 -0.040672
v 0.008866 0.083890 -0.050705
v 0.007669 0.083937 -0.051352
v -0.007118 0.088672 -0.047688
v -0.001179 0.082328 -0.053859
v 0.009574 0.090808 -0.041852
v 0.002768 0.094192 -0.037434
v 0.004029 0.093925 -0.038237
v 0.009813 0.090137 -0.043128
v -0.000512 0.084423 -0.052778
v 0.000929 0.084267 -0.052859
v -0.001532 0.083539 -0.053235
v -0.003032 0.083992 -0.052792
v 0.005075 0.093584 -0.038949
v 0.008388 0.091540 -0.041861
v 0.008885 0.090904 -0.042778
v 0.008117 0.087705 -0.048134
v -0.001726 0.084547 -0.052626
v -0.008395 0.087697 -0.047977
v 0.000397 0.085369 -0.052163
v 0.007825 0.091379 -0.043046
v 0.002667 0.094142 -0.038974
v 0.003972 0.093798 -0.039625
v -0.006944 0.089725 -0.046503
v 0.002685 0.093852 -0.040535
v 0.004055 0.093476 -0.040975
v 0.004365 0.092995 -0.042191
v -0.005348 0.091144 -0.045304
v 0.003400 0.092745 -0.043230
v -0.005622 0.090380 -0.046303
v 0.003932 0.091993 -0.044471
v -0.006611 0.090697 -0.045312
v -0.000268 0.086392 -0.051415
vn 0.0184 -0.8006 -0.5989
vn 0.1154 -0.7480 -0.6536
vn -0.0266 -0.7424 -0.6694
vn 0.3332 0.4478 0.8298
vn 0.2668 0.4554 0.8494
vn 0.2217 0.4618 0.8588
vn -0.9999 -0.0052 0.0159
vn -0.9976 -0.0696 -0.0047
vn -0.9876 -0.1089 -0.1129
vn 0.0777 -0.9823 -0.1704
vn -0.0882 -0.9957 -0.0300
vn -0.0383 -0.9079 -0.4175
vn -0.2120 -0.9323 -0.2931
vn -0.2498 -0.9650 0.0794
vn -0.3749 -0.9009 -0.2187
vn -0.0540 -0.3645 -0.9296
vn -0.1658 -0.3623 -0.9172
vn -0.0972 -0.3789 -0.9203
vn -0.9243 0.2658 -0.2740
vn -0.9577 0.1288 -0.2571
vn -0.9619 0.1952 -0.1916
vn 0.6551 0.3549 0.6670
vn 0.6957 0.3147 0.6457
vn 0.7403 0.3113 0.5959
vn 0.1782 -0.8042 0.5670
vn 0.0796 -0.7709 0.6320
vn 0.0686 -0.8336 0.5481
vn -0.3859 -0.5401 -0.7480
vn -0.4091 -0.4789 -0.7767
vn -0.4844 -0.4991 -0.7185
vn 0.2045 -0.8704 0.4478
vn 0.3062 -0.8160 0.4903
vn -0.5448 -0.2346 -0.8051
vn -0.6259 -0.2278 -0.7459
vn -0.5355 -0.0397 -0.8436
vn 0.3779 -0.4530 -0.8075
vn 0.3806 -0.5067 -0.7735
vn 0.4822 -0.4491 -0.7522
vn 0.6714 -0.4328 -0.6016
vn 0.7414 -0.3774 -0.5549
vn 0.7107 -0.4349 -0.5530
vn 0.9232 0.2122 0.3204
vn 0.9357 0.2087 0.2843
vn 0.8843 0.2698 0.3812
vn -0.9573 -0.2561 -0.1343
vn -0.9884 -0.1282 -0.0816
vn -0.9951 -0.0706 -0.0693
vn -0.8678 0.0947 0.4878
vn -0.8416 0.0972 0.5313
vn -0.9070 0.0449 0.4188
vn -0.2169 -0.4844 -0.8476
vn -0.2511 -0.4182 -0.8729
vn -0.1164 -0.4437 -0.8886
vn 0.0776 -0.9829 0.1672
vn -0.7988 -0.0085 0.6016
vn -0.7341 0.0510 0.6771
vn -0.7343 -0.0200 0.6785
vn 0.4668 0.4893 0.7367
vn 0.5222 0.5197 0.6761
vn 0.5885 0.4512 0.6709
vn -0.6695 -0.3461 -0.6573
vn -0.6559 -0.3343 -0.6768
vn -0.7575 -0.2997 -0.5800
vn 0.0272 0.3724 0.9277
vn 0.1386 0.4027 0.9048
vn 0.1156 0.2779 0.9536
vn 0.5439 -0.3916 -0.7422
vn 0.6267 -0.3546 -0.6939
vn 0.5543 -0.3760 -0.7425
vn 0.6540 -0.3397 -0.6759
vn 0.7137 -0.3230 -0.6215
vn 0.9595 0.2730 0.0692
vn 0.9827 0.1787 0.0495
vn 0.9971 0.0763 -0.0017
vn -0.0345 -0.7935 0.6075
vn -0.1246 -0.7609 0.6367
vn -0.1727 -0.8223 0.5422
vn -0.2421 0.9154 0.3216
vn -0.0983 0.9407 0.3248
vn -0.1667 0.9180 0.3599
vn 0.2314 0.4196 0.8777
vn 0.2753 0.4444 0.8524
vn 0.1672 0.4594 0.8724
vn 0.1594 0.0541 0.9857
vn 0.2482 0.0982 0.9637
vn 0.1626 0.1390 0.9768
vn 0.1989 -0.7533 0.6268
vn 0.6697 -0.5955 -0.4437
vn 0.5862 -0.6389 -0.4982
vn 0.7005 -0.5398 -0.4668
vn 0.4406 -0.8388 0.3198
vn 0.3537 -0.8896 0.2889
vn 0.5076 -0.8587 0.0704
vn 0.3975 -0.9175 -0.0143
vn 0.2341 -0.9430 0.2366
vn 0.2524 -0.9624 -0.1003
vn 0.1949 -0.4410 -0.8761
vn 0.3205 -0.4265 -0.8458
vn 0.2710 -0.4258 -0.8633
vn -0.5062 -0.5328 -0.6782
vn -0.4999 -0.6419 -0.5815
vn -0.5789 -0.5425 -0.6088
vn -0.8599 -0.1136 0.4977
vn -0.8022 -0.0906 0.5902
vn -0.8221 -0.0832 0.5632
vn -0.4165 -0.7166 -0.5595
vn -0.4255 -0.6389 -0.6409
vn -0.4165 -0.9075 0.0540
vn 0.0151 0.4712 0.8819
vn -0.4101 0.3300 -0.8503
vn -0.4597 0.1542 -0.8746
vn -0.5351 0.1580 -0.8299
vn -0.3380 -0.8341 0.4359
vn -0.4337 -0.8685 0.2401
vn -0.2478 -0.9005 0.3574
vn -0.1760 0.5726 0.8007
vn -0.2792 0.5542 0.7842
vn -0.3128 0.5454 0.7776
vn -0.2611 -0.7791 0.5700
vn -0.4151 -0.7877 0.4552
vn -0.0726 -0.6766 0.7328
vn -0.1710 -0.6923 0.7011
vn -0.0899 -0.7147 0.6936
vn 0.0172 -0.6956 0.7182
vn -0.0132 -0.7401 0.6724
vn -0.9925 -0.1162 -0.0380
vn -0.9728 -0.2166 -0.0825
vn -0.9908 -0.1338 -0.0185
vn -0.9015 0.2100 0.3785
vn -0.8742 0.2147 0.4355
vn -0.8367 0.2576 0.4833
vn -0.7967 0.2511 0.5498
vn -0.8290 0.2135 0.5169
vn -0.7511 0.2588 0.6073
vn 0.9605 -0.2704 -0.0658
vn 0.9703 -0.2366 0.0499
vn 0.9707 -0.2403 0.0090
vn 0.7734 -0.5862 -0.2413
vn 0.8035 -0.5407 -0.2489
vn 0.6809 -0.6693 -0.2973
vn -0.1092 -0.5275 -0.8425
vn -0.2120 -0.5517 -0.8067
vn 0.0819 -0.7291 0.6795
vn 0.2835 -0.7086 0.6462
vn 0.3319 -0.7550 0.5655
vn 0.4639 -0.7153 0.5226
vn -0.3817 -0.8179 -0.4305
vn -0.4960 -0.7743 -0.3930
vn -0.4975 -0.7451 -0.4442
vn 0.4565 -0.7824 0.4237
vn -0.7801 -0.1902 -0.5961
vn -0.8355 -0.0840 -0.5430
vn -0.7748 -0.0159 -0.6321
vn -0.4274 0.7633 0.4845
vn -0.3723 0.7745 0.5115
vn -0.3576 0.7983 0.4846
vn -0.9640 0.1685 0.2055
vn -0.9171 0.2504 0.3101
vn -0.9413 0.1793 0.2861
vn -0.2508 0.5220 0.8152
vn -0.2292 0.5962 0.7694
vn -0.1139 0.5615 0.8196
vn -0.6576 -0.7425 0.1275
vn -0.5321 -0.8133 0.2356
vn -0.5598 -0.7439 0.3650
vn -0.2124 -0.7319 0.6475
vn -0.3737 -0.7408 0.5581
vn -0.2822 -0.6991 0.6569
vn 0.1707 0.2652 -0.9490
vn 0.2707 0.2640 -0.9258
vn 0.2524 0.1304 -0.9588
vn -0.1563 -0.6563 0.7381
vn -0.8413 -0.0459 0.5387
vn -0.8867 -0.0902 0.4534
vn 0.0057 -0.6508 0.7592
vn 0.0969 -0.6719 0.7343
vn 0.1019 -0.6368 0.7643
vn 0.1240 0.9079 0.4004
vn 0.0056 0.8951 0.4457
vn 0.0130 0.9184 0.3955
vn 0.2565 0.7596 -0.5977
vn 0.1511 0.7727 -0.6166
vn 0.1971 0.8087 -0.5542
vn 0.5754 -0.7967 0.1849
vn 0.6891 -0.7244 0.0210
vn 0.6009 -0.7389 0.3048
vn 0.3709 -0.8519 -0.3697
vn 0.5186 -0.8195 -0.2438
vn 0.7630 -0.3107 -0.5668
vn 0.6684 -0.3866 -0.6354
vn 0.1825 -0.8736 -0.4512
vn 0.9330 -0.2130 -0.2901
vn 0.9532 -0.1771 -0.2450
vn 0.8927 -0.2612 -0.3672
vn 0.2474 -0.5343 -0.8083
vn 0.2830 -0.4840 -0.8280
vn 0.6055 -0.5908 -0.5332
vn 0.6758 -0.5610 -0.4781
vn 0.7191 -0.4536 -0.5265
vn 0.7359 -0.5144 -0.4402
vn -0.0848 0.6152 -0.7838
vn -0.0968 0.6654 -0.7401
vn -0.0382 0.6538 -0.7557
vn -0.4016 -0.6921 0.5998
vn -0.5182 -0.7022 0.4883
vn -0.2488 -0.6570 0.7116
vn -0.3413 -0.6076 0.7172
vn -0.3703 -0.6502 0.6634
vn -0.2156 -0.6099 0.7626
vn -0.0981 -0.6323 0.7685
vn 0.1879 -0.6470 0.7390
vn 0.1939 -0.6817 0.7055
vn 0.2888 -0.6573 0.6961
vn 0.5792 -0.6380 0.5075
vn 0.4103 -0.6673 0.6216
vn 0.7796 0.2402 0.5783
vn 0.7209 0.2679 0.6391
vn 0.6924 0.2818 0.6642
vn 0.3951 0.0199 0.9184
vn 0.4833 -0.0820 0.8716
vn 0.5313 0.1273 0.8376
vn 0.5906 -0.7121 -0.3796
vn 0.6240 -0.7732 -0.1126
vn 0.1598 0.4468 0.8803
vn 0.0782 0.4167 0.9057
vn 0.2133 0.4080 0.8877
vn -0.4992 -0.8084 -0.3118
vn 0.1203 0.5645 0.8166
vn 0.2263 0.5637 0.7944
vn 0.2673 0.5238 0.8088
vn -0.2066 -0.6435 -0.7370
vn -0.1191 -0.6095 -0.7838
vn -0.2063 -0.5617 -0.8012
vn 0.4267 -0.4645 -0.7760
vn 0.3014 -0.4778 -0.8251
vn 0.3902 -0.4496 -0.8035
vn -0.4828 -0.7361 -0.4744
vn -0.5556 -0.7288 -0.4002
vn -0.4474 -0.7872 -0.4244
vn 0.6873 -0.5623 -0.4599
vn 0.6880 -0.6010 -0.4068
vn 0.7546 -0.5382 -0.3754
vn -0.6746 -0.6669 0.3164
vn -0.7227 -0.6771 0.1387
vn -0.1091 -0.8476 -0.5193
vn -0.0265 -0.8530 -0.5212
vn -0.0775 -0.8473 -0.5254
vn -0.7730 -0.3429 -0.5337
vn -0.7076 -0.3582 -0.6091
vn -0.6729 -0.3956 -0.6251
vn -0.6443 -0.3679 -0.6705
vn -0.7433 -0.3198 -0.5876
vn 0.2489 0.4797 0.8414
vn 0.3665 0.4458 0.8167
vn 0.3444 0.4843 0.8043
vn -0.5083 -0.6373 0.5791
vn -0.3235 -0.5600 0.7628
vn 0.9807 -0.1914 -0.0409
vn 0.9659 -0.2490 -0.0710
vn 0.9552 -0.2757 -0.1074
vn -0.0443 -0.5963 0.8015
vn -0.1470 -0.5746 0.8051
vn 0.1899 -0.6081 0.7708
vn 0.1260 -0.5941 0.7945
vn 0.2858 -0.6099 0.7391
vn -0.7967 0.2926 0.5289
vn -0.8336 0.2644 0.4849
vn -0.8700 0.2427 0.4293
vn 0.9524 0.0884 0.2919
vn 0.9377 0.0715 0.3399
vn 0.9744 0.0234 0.2236
vn 0.5649 0.3203 -0.7604
vn 0.6591 0.2724 -0.7010
vn 0.6403 0.1664 -0.7499
vn -0.1500 -0.7945 -0.5885
vn -0.3355 -0.7997 -0.4979
vn 0.9863 0.0387 0.1602
vn 0.9966 -0.0419 0.0704
vn 0.9889 -0.0238 0.1467
vn 0.8155 0.3349 0.4721
vn 0.8563 0.2890 0.4281
vn -0.1424 -0.8293 -0.5404
vn -0.1933 -0.8361 -0.5134
vn -0.0946 -0.5166 0.8510
vn 0.0459 -0.6039 0.7958
vn 0.0111 -0.5494 0.8355
vn 0.1093 -0.5460 0.8307
vn 0.1965 -0.5492 0.8123
vn 0.2732 -0.5661 0.7778
vn 0.3973 -0.5377 0.7437
vn 0.3986 -0.6054 0.6889
vn 0.5322 -0.5982 0.5991
vn 0.8660 0.4247 0.2641
vn 0.8906 0.4075 0.2021
vn 0.8230 0.5011 0.2675
vn 0.6397 -0.6768 0.3644
vn 0.6931 -0.6797 -0.2403
vn 0.9629 0.0140 0.2694
vn 0.9291 0.0549 0.3658
vn 0.9734 -0.1224 -0.1935
vn 0.9509 -0.1973 -0.2385
vn 0.9334 -0.1981 -0.2992
vn 0.6667 -0.3526 -0.6566
vn -0.4960 -0.5810 0.6454
vn -0.4557 -0.5296 0.7155
vn -0.2638 -0.5268 0.8080
vn 0.9650 -0.1867 -0.1842
vn 0.9838 -0.1202 -0.1328
vn -0.2247 0.9449 -0.2380
vn -0.1471 0.9365 -0.3182
vn -0.2129 0.9130 -0.3480
vn 0.1912 -0.4411 -0.8769
vn 0.0916 -0.4397 -0.8935
vn 0.2296 -0.4262 -0.8750
vn -0.3077 0.7850 0.5377
vn -0.2871 0.8024 0.5232
vn -0.6685 0.6543 0.3536
vn -0.7761 0.4954 0.3903
vn -0.6995 0.5242 0.4856
vn 0.0759 0.8588 0.5066
vn -0.0717 0.8586 0.5075
vn -0.3869 -0.4794 0.7877
vn 0.7570 -0.2921 0.5845
vn 0.8331 -0.3079 0.4595
vn 0.8365 -0.2020 0.5094
vn -0.0176 -0.4845 0.8746
vn 0.0839 -0.4857 0.8701
vn 0.2040 -0.4700 0.8588
vn 0.3052 -0.4982 0.8116
vn 0.5415 -0.5370 0.6469
vn 0.7598 -0.6175 0.2035
vn 0.7272 -0.6739 0.1306
vn 0.7249 -0.5883 0.3584
vn -0.6284 0.1829 0.7561
vn -0.6369 0.4195 0.6468
vn -0.7170 0.3126 0.6230
vn 0.7619 -0.6391 -0.1047
vn -0.4348 -0.4496 -0.7803
vn -0.4313 -0.4881 -0.7587
vn -0.3376 -0.4741 -0.8132
vn 0.9214 0.3348 0.1973
vn 0.9658 0.2406 0.0965
vn 0.9683 0.2179 0.1220
vn 0.7818 -0.3812 -0.4935
vn 0.8684 -0.4472 -0.2142
vn 0.8081 -0.5259 -0.2653
vn 0.0570 -0.7730 -0.6318
vn 0.9026 0.1307 0.4101
vn 0.8845 0.1054 0.4545
vn -0.6555 -0.7498 -0.0899
vn -0.7372 -0.6668 -0.1087
vn -0.6804 -0.6557 -0.3273
vn -0.8349 -0.2587 -0.4858
vn -0.8361 -0.2492 -0.4888
vn -0.8868 -0.2146 -0.4093
vn -0.7993 -0.5883 0.1226
vn -0.7938 -0.6058 -0.0533
vn -0.8540 -0.3167 -0.4128
vn -0.9060 -0.2720 -0.3241
vn -0.8874 -0.3051 -0.3456
vn -0.6537 -0.5551 0.5143
vn -0.7401 -0.5854 0.3309
vn -0.6225 -0.6334 0.4597
vn -0.6184 -0.4771 0.6244
vn -0.5300 -0.4354 0.7277
vn -0.4537 -0.3906 0.8010
vn 0.4782 0.4023 0.7807
vn 0.3583 0.4156 0.8360
vn 0.4399 0.3836 0.8120
vn -0.4988 0.8250 -0.2656
vn -0.4388 0.8686 -0.2303
vn -0.3939 0.8487 -0.3530
vn -0.3788 0.8732 0.3066
vn -0.2937 0.8880 0.3538
vn -0.1959 -0.4257 0.8834
vn -0.0866 -0.4134 0.9064
vn 0.0301 -0.4133 0.9101
vn 0.1421 -0.3966 0.9069
vn 0.2658 -0.3521 0.8974
vn 0.3470 -0.3940 0.8511
vn 0.4390 -0.4374 0.7848
vn -0.6807 -0.6161 -0.3964
vn -0.6075 -0.6418 -0.4680
vn 0.5427 -0.4599 0.7028
vn 0.9726 0.0985 0.2105
vn 0.9643 0.1748 0.1991
vn 0.9441 0.2028 0.2601
vn 0.6986 -0.5260 0.4850
vn 0.8089 -0.5878 0.0138
vn 0.4482 -0.7347 -0.5093
vn 0.2670 -0.7491 -0.6063
vn -0.0223 -0.3311 0.9433
vn 0.6697 -0.4579 0.5846
vn 0.0993 -0.8279 -0.5520
vn -0.0104 -0.8537 -0.5207
vn -0.0196 -0.8094 -0.5869
vn -0.2584 -0.7087 -0.6565
vn -0.5741 -0.6470 -0.5018
vn -0.5283 -0.6827 -0.5048
vn -0.4525 -0.6834 -0.5729
vn -0.7532 -0.4516 0.4783
vn -0.2518 -0.5307 -0.8093
vn -0.2517 -0.5289 -0.8105
vn -0.1196 -0.5433 -0.8310
vn -0.1757 -0.3387 0.9243
vn -0.0428 0.1387 0.9894
vn 0.0223 0.1965 0.9803
vn 0.0413 0.1070 0.9934
vn 0.0750 -0.3103 0.9477
vn 0.1838 -0.2860 0.9404
vn 0.4859 -0.3136 0.8158
vn 0.5671 -0.3613 0.7402
vn 0.8066 -0.5087 0.3010
vn -0.7657 -0.5956 -0.2428
vn -0.8329 -0.5476 -0.0803
vn 0.8254 -0.5437 0.1520
vn 0.8573 -0.5141 -0.0277
vn 0.3830 -0.5153 -0.7667
vn 0.4533 -0.4503 -0.7692
vn 0.4918 -0.4955 -0.7160
vn -0.9034 0.1587 0.3983
vn -0.8567 0.2042 0.4736
vn 0.6375 -0.6455 -0.4206
vn -0.7425 0.6285 0.2316
vn -0.6947 0.6807 0.2323
vn -0.6554 0.7018 0.2790
vn 0.1383 -0.6962 -0.7044
vn -0.0601 -0.7056 -0.7061
vn -0.4476 -0.7080 -0.5462
vn -0.4488 -0.5008 -0.7401
vn -0.4161 -0.5327 -0.7369
vn -0.5348 -0.4900 -0.6884
vn -0.0009 -0.8419 -0.5396
vn -0.3332 -0.4027 0.8525
vn 0.9094 -0.1902 -0.3699
vn 0.9572 -0.1350 -0.2559
vn 0.9521 -0.1307 -0.2764
vn 0.8590 -0.4692 -0.2051
vn 0.9073 -0.4099 -0.0938
vn 0.8677 -0.4801 -0.1291
vn -0.2207 0.4582 0.8610
vn -0.1361 0.4426 0.8863
vn -0.0731 0.4708 0.8792
vn -0.8625 -0.5031 0.0550
vn -0.8248 -0.5283 0.2018
vn -0.0401 0.4049 0.9135
vn 0.0073 0.4021 0.9156
vn -0.1398 0.3984 0.9065
vn -0.9418 -0.2202 -0.2540
vn -0.8993 -0.2596 -0.3520
vn -0.7899 -0.5023 0.3518
vn -0.8310 -0.3571 0.4266
vn -0.7447 -0.3690 0.5561
vn -0.6541 -0.3576 0.6665
vn -0.4721 -0.3009 0.8286
vn -0.5690 -0.3287 0.7538
vn -0.8687 -0.2121 -0.4475
vn -0.7825 -0.2706 -0.5609
vn -0.8279 -0.2474 -0.5034
vn -0.2865 -0.3133 0.9054
vn -0.2229 -0.2263 0.9482
vn -0.1086 -0.2808 0.9536
vn -0.0140 -0.2091 0.9778
vn 0.0427 0.8786 -0.4757
vn -0.0061 0.8657 -0.5006
vn 0.0057 0.9082 -0.4185
vn 0.1111 -0.2061 0.9722
vn 0.2930 -0.2446 0.9243
vn 0.4048 -0.2489 0.8799
vn 0.6611 -0.3777 0.6482
vn 0.7907 -0.4162 0.4489
vn 0.7496 -0.3704 0.5485
vn 0.7214 0.6008 -0.3445
vn 0.8089 0.4910 -0.3234
vn 0.7050 0.5598 -0.4354
vn 0.5045 -0.6715 -0.5427
vn 0.3321 -0.6872 -0.6462
vn -0.1603 -0.6814 -0.7142
vn -0.1654 0.9649 -0.2040
vn -0.2355 0.9666 -0.1007
vn -0.9146 -0.1713 -0.3663
vn -0.8458 -0.2339 -0.4795
vn -0.8834 -0.2381 -0.4036
vn -0.3622 -0.8474 -0.3882
vn 0.8735 -0.4680 0.1343
vn -0.5832 0.3678 0.7243
vn -0.5572 0.3514 0.7523
vn -0.6579 0.3181 0.6826
vn 0.0152 -0.6847 -0.7287
vn -0.3241 -0.6773 -0.6605
vn 0.2299 -0.1753 0.9573
vn -0.1380 -0.7810 -0.6091
vn -0.0432 -0.7655 -0.6419
vn 0.6139 -0.2490 0.7491
vn 0.6686 -0.3006 0.6802
vn 0.4952 0.5452 0.6764
vn 0.4116 0.5149 0.7520
vn 0.4893 0.4175 0.7657
vn 0.1823 -0.6879 -0.7026
vn 0.9855 -0.1131 -0.1266
vn 0.9975 -0.0559 -0.0429
vn 0.9966 -0.0815 -0.0142
vn -0.6994 0.0759 0.7107
vn -0.5897 -0.0278 0.8071
vn -0.8682 -0.4572 0.1927
vn -0.8468 -0.4203 0.3261
vn -0.9552 -0.1741 -0.2395
vn -0.8949 -0.2609 -0.3621
vn -0.9275 -0.2211 -0.3014
vn -0.4409 -0.4250 -0.7906
vn -0.3360 -0.4587 -0.8226
vn -0.4187 -0.4947 -0.7616
vn -0.5871 -0.2315 0.7757
vn -0.9856 0.0996 0.1364
vn -0.9583 0.1582 0.2381
vn -0.9665 0.1597 0.2010
vn -0.5338 -0.1742 0.8275
vn -0.4053 -0.2550 0.8779
vn 0.7067 -0.4370 -0.5564
vn 0.6151 -0.4672 -0.6351
vn 0.6592 -0.4897 -0.5707
vn -0.1420 0.1263 0.9818
vn -0.1261 0.0579 0.9903
vn -0.0443 0.0986 0.9941
vn 0.8411 -0.4410 0.3131
vn 0.8049 -0.5726 -0.1560
vn 0.6987 0.4017 0.5920
vn 0.6151 0.4421 0.6528
vn 0.6525 0.4397 0.6172
vn -0.4228 0.0420 -0.9053
vn -0.3677 0.2440 -0.8974
vn 0.1368 0.7309 -0.6686
vn 0.0825 0.7219 -0.6871
vn 0.0778 0.7586 -0.6468
vn -0.7545 0.1454 0.6399
vn -0.7049 0.1816 0.6857
vn -0.6535 0.1898 0.7328
vn -0.9262 0.1898 0.3256
vn -0.9028 0.2077 0.3766
vn -0.9563 0.1438 0.2545
vn -0.9369 -0.1693 -0.3058
vn -0.9019 -0.2416 -0.3581
vn -0.8727 -0.2254 -0.4332
vn 0.0466 0.8482 -0.5277
vn 0.1109 0.8359 -0.5376
vn 0.0499 0.8200 -0.5702
vn 0.5691 -0.4621 -0.6801
vn 0.6673 -0.4318 -0.6068
vn 0.5747 -0.4673 -0.6718
vn 0.0922 -0.6128 -0.7849
vn -0.0145 -0.6033 -0.7974
vn -0.0101 -0.6193 -0.7851
vn -0.7565 -0.2632 0.5987
vn -0.6717 -0.2432 0.6997
vn 0.2704 -0.7507 -0.6027
vn 0.1704 -0.7759 -0.6074
vn 0.2165 -0.6980 -0.6826
vn -0.3414 -0.1759 0.9233
vn -0.4233 -0.8444 -0.3284
vn -0.4557 -0.8163 -0.3548
vn -0.3276 -0.8770 -0.3515
vn 0.0515 -0.0879 0.9948
vn 0.1609 -0.0983 0.9821
vn -0.6540 0.7536 0.0663
vn -0.6099 0.7900 -0.0623
vn -0.6933 0.7203 -0.0230
vn -0.9598 0.0481 0.2766
vn -0.9162 0.1088 0.3857
vn -0.9476 0.1044 0.3019
vn 0.4262 -0.6722 -0.6054
vn -0.6778 -0.0305 0.7346
vn -0.6622 0.0233 0.7490
vn -0.6057 -0.0138 0.7956
vn -0.3924 -0.5094 -0.7659
vn -0.9767 0.1320 0.1691
vn -0.9572 0.1443 0.2510
vn -0.9877 0.0713 0.1388
vn -0.1267 -0.5878 -0.7990
vn -0.0396 -0.5612 -0.8267
vn 0.6459 0.1936 0.7385
vn 0.6023 0.2091 0.7704
vn 0.5552 0.2218 0.8016
vn 0.6033 0.1804 0.7768
vn 0.5550 0.2613 0.7897
vn 0.6532 0.2353 0.7197
vn -0.4643 -0.1065 0.8793
vn -0.1440 -0.1565 0.9771
vn 0.7769 -0.4876 -0.3984
vn 0.7975 -0.4922 -0.3490
vn 0.6976 -0.5956 -0.3982
vn 0.8291 -0.5313 -0.1741
vn 0.7345 -0.6129 -0.2913
vn 0.6216 0.0445 -0.7821
vn 0.5533 0.2146 -0.8049
vn 0.1551 0.6464 -0.7471
vn 0.2205 0.6443 -0.7323
vn 0.2064 0.5998 -0.7731
vn 0.5875 -0.4058 -0.7001
vn 0.5560 -0.4369 -0.7071
vn 0.4920 -0.4305 -0.7567
vn -0.4493 -0.6658 -0.5956
vn -0.5617 -0.6673 -0.4890
vn -0.8353 -0.2708 0.4785
vn -0.6656 -0.1126 0.7377
vn -0.2700 -0.0938 0.9583
vn 0.3955 -0.4358 -0.8085
vn 0.5085 -0.4338 -0.7438
vn 0.7314 -0.2130 0.6478
vn 0.8978 -0.3696 -0.2396
vn 0.9414 -0.2544 -0.2214
vn 0.9607 -0.2152 -0.1756
vn -0.8877 0.1322 0.4410
vn -0.9306 0.1344 0.3405
vn -0.8840 0.2049 0.4201
vn -0.9993 0.0322 -0.0167
vn -0.9906 0.0966 0.0970
vn -0.9964 0.0635 0.0559
vn -0.4577 0.8826 -0.1075
vn -0.5488 0.8359 -0.0040
vn -0.4520 0.8920 0.0100
vn 0.0706 -0.7062 -0.7045
vn -0.0860 -0.6997 -0.7092
vn -0.8650 0.1990 0.4607
vn -0.8180 0.2401 0.5227
vn -0.7998 0.2369 0.5516
vn -0.5070 -0.6561 -0.5590
vn -0.4918 0.7109 -0.5027
vn -0.5836 0.6975 -0.4158
vn -0.4852 0.7571 -0.4375
vn -0.0473 0.3445 0.9376
vn -0.0502 0.3149 0.9478
vn 0.0590 0.3388 0.9390
vn -0.9014 -0.3871 0.1939
vn -0.5654 0.4865 -0.6661
vn -0.5206 0.5749 -0.6313
vn -0.4814 0.5212 -0.7047
vn 0.2264 -0.5133 -0.8278
vn 0.3270 -0.4927 -0.8064
vn 0.3446 -0.5029 -0.7927
vn -0.9934 0.0395 -0.1073
vn -0.9909 0.1249 -0.0497
vn -0.9746 0.1947 -0.1111
vn 0.7067 0.1689 0.6870
vn 0.6376 0.2092 0.7414
vn -0.0782 -0.4597 -0.8846
vn 0.0499 -0.4735 -0.8794
vn -0.0705 -0.4848 -0.8718
vn -0.3921 -0.0187 0.9197
vn 0.9729 -0.2299 0.0246
vn 0.9716 -0.2255 0.0716
vn 0.9625 -0.2680 -0.0427
vn 0.1447 0.0588 0.9877
vn 0.2642 -0.0443 0.9635
vn 0.6784 -0.1231 0.7243
vn 0.8993 -0.4372 0.0069
vn 0.5569 -0.6480 -0.5195
vn 0.9952 -0.0489 -0.0844
vn -0.2422 -0.6898 -0.6823
vn 0.1369 -0.4388 -0.8881
vn -0.9012 -0.4293 0.0593
vn -0.8852 -0.3498 0.3065
vn -0.0686 -0.0703 0.9952
vn 0.7893 0.3615 0.4963
vn 0.6935 0.4117 0.5913
vn 0.7219 0.4435 0.5313
vn 0.3513 -0.1362 0.9263
vn -0.8653 0.5013 0.0031
vn -0.8624 0.4963 -0.1001
vn -0.9201 0.3910 -0.0210
vn 0.5499 -0.1727 0.8171
vn 0.7877 -0.1021 0.6075
vn -0.0269 0.4432 0.8960
vn 0.0489 0.4609 0.8861
vn 0.4941 0.6367 -0.5920
vn 0.5972 0.6051 -0.5266
vn 0.5660 0.5644 -0.6009
vn 0.9905 -0.1118 -0.0797
vn -0.1963 -0.0083 0.9805
vn 0.7677 -0.5726 -0.2878
vn 0.6637 -0.6178 -0.4216
vn 0.6747 -0.6147 -0.4086
vn 0.5812 -0.6512 -0.4880
vn 0.4683 -0.6797 -0.5646
vn 0.3043 -0.6829 -0.6642
vn -0.3265 0.4437 0.8346
vn -0.4549 0.4144 0.7883
vn -0.4245 0.4314 0.7961
vn -0.3846 -0.6743 -0.6304
vn -0.8957 -0.2742 0.3499
vn -0.8966 -0.2689 -0.3519
vn -0.9423 -0.2171 -0.2548
vn -0.9324 -0.1908 -0.3071
vn 0.8432 0.4950 0.2098
vn 0.8748 0.4547 0.1672
vn 0.9136 0.3833 0.1357
vn 0.7257 -0.4176 -0.5468
vn 0.6744 -0.4366 -0.5955
vn 0.6417 -0.4503 -0.6209
vn 0.6676 -0.4218 -0.6135
vn -0.3129 0.0818 0.9462
vn -0.1157 0.0915 0.9891
vn 0.0015 0.0786 0.9969
vn 0.6272 0.0209 0.7786
vn 0.7136 -0.3097 -0.6284
vn 0.7466 -0.1628 -0.6451
vn 0.7783 -0.3049 -0.5488
vn 0.9084 -0.2323 0.3476
vn 0.8851 -0.3426 0.3149
vn 0.9380 -0.3447 0.0373
vn -0.1714 -0.7313 -0.6602
vn -0.9300 -0.2974 0.2161
vn -0.9092 -0.1670 0.3814
vn 0.1406 -0.4816 -0.8650
vn 0.0630 -0.5225 -0.8503
vn 0.1895 -0.5067 -0.8410
vn 0.2948 0.1324 0.9463
vn 0.2000 0.2897 0.9360
vn -0.2336 0.0822 0.9689
vn -0.2871 0.0262 0.9575
vn -0.1910 0.0239 0.9813
vn 0.6200 -0.3462 -0.7041
vn 0.5838 -0.3593 -0.7281
vn 0.6872 -0.3204 -0.6520
vn 0.5101 -0.3842 -0.7695
vn 0.5587 -0.4307 -0.7087
vn 0.2131 -0.7070 -0.6744
vn -0.3169 -0.7133 -0.6252
vn -0.8172 -0.5373 -0.2087
vn -0.7402 -0.5837 -0.3337
vn -0.9351 -0.3438 0.0855
vn -0.9091 -0.0471 0.4138
vn -0.9030 -0.1148 0.4140
vn -0.9369 -0.1237 0.3270
vn -0.5135 0.0745 0.8549
vn -0.0880 0.2983 0.9504
vn 0.0593 0.2714 0.9606
vn 0.4322 0.2321 0.8714
vn -0.2808 -0.3531 -0.8925
vn -0.2147 -0.3750 -0.9018
vn 0.7513 0.0315 0.6592
vn 0.8452 0.0548 0.5317
vn -0.8361 -0.2770 -0.4735
vn -0.7615 -0.3123 -0.5681
vn 0.7387 -0.5787 -0.3456
vn 0.8121 -0.5271 -0.2504
vn 0.2246 -0.5350 -0.8145
vn 0.3256 -0.5239 -0.7871
vn 0.3568 -0.5152 -0.7793
vn -0.7633 -0.1416 0.6303
vn -0.7732 0.0118 0.6341
vn 0.5915 -0.4603 -0.6620
vn 0.7363 -0.3946 -0.5498
vn -0.6500 0.6975 -0.3017
vn -0.5555 0.7476 -0.3640
vn 0.3439 -0.6989 -0.6271
vn 0.6723 -0.2926 -0.6799
vn 0.6911 -0.3153 -0.6504
vn 0.7649 -0.2570 -0.5906
vn -0.6440 -0.6300 -0.4339
vn -0.7974 -0.5357 -0.2779
vn -0.9675 -0.2223 0.1207
vn -0.4322 0.1937 0.8807
vn 0.9097 -0.3834 0.1596
vn 0.9472 -0.2660 0.1791
vn 0.6100 -0.6523 -0.4498
vn 0.3831 -0.7255 -0.5718
vn -0.8607 0.4450 0.2474
vn -0.9194 0.3472 0.1846
vn -0.9145 0.3692 0.1653
vn -0.1203 0.3063 -0.9443
vn -0.1950 0.3046 -0.9323
vn -0.1339 0.4113 -0.9016
vn -0.9145 -0.4015 -0.0503
vn -0.8733 -0.4816 -0.0737
vn -0.9584 -0.2854 0.0081
vn -0.9498 -0.1871 0.2509
vn -0.9586 -0.0510 0.2803
vn -0.8527 -0.0094 0.5223
vn -0.9178 -0.0207 0.3966
vn -0.8473 -0.1570 0.5073
vn -0.5436 0.3057 0.7817
vn -0.3419 0.3117 0.8865
vn -0.2207 0.1956 0.9555
vn 0.0892 0.9279 0.3619
vn 0.2251 0.9060 0.3585
vn -0.0107 0.5091 0.8607
vn 0.1203 0.5136 0.8496
vn 0.6244 -0.5565 -0.5481
vn 0.7048 -0.5061 -0.4971
vn -0.8655 0.4145 0.2811
vn -0.8513 0.4522 0.2662
vn -0.9153 0.3367 0.2212
vn 0.3310 0.3821 0.8628
vn 0.5359 0.3890 0.7493
vn 0.8693 -0.0687 0.4895
vn 0.9210 -0.1005 0.3764
vn 0.7033 -0.6006 -0.3804
vn 0.1516 0.7142 0.6833
vn 0.2457 0.5608 0.7906
vn 0.2525 -0.7439 -0.6188
vn -0.1088 -0.7744 -0.6233
vn -0.2447 -0.7759 -0.5814
vn 0.4532 -0.4989 -0.7387
vn 0.3458 -0.5221 -0.7797
vn -0.7780 0.1932 0.5978
vn -0.3324 -0.8396 -0.4296
vn -0.2252 -0.8846 -0.4083
vn -0.2326 -0.8385 -0.4927
vn 0.4360 0.4570 0.7753
vn -0.9818 0.0419 0.1851
vn -0.9950 0.0339 0.0935
vn -0.9974 -0.0249 0.0670
vn 0.0624 0.4475 -0.8921
vn 0.0212 0.3637 -0.9313
vn -0.0041 0.4592 -0.8883
vn 0.9455 -0.3200 -0.0601
vn 0.7859 -0.5402 -0.3011
vn -0.8954 -0.4200 -0.1479
vn -0.8614 -0.4785 -0.1702
vn -0.6063 0.4444 0.6595
vn -0.6929 0.3838 0.6104
vn -0.6132 0.4118 0.6741
vn -0.4487 0.4473 0.7737
vn 0.9633 -0.1192 0.2404
vn 0.5045 -0.6945 -0.5130
vn 0.3818 -0.8011 -0.4608
vn 0.4314 -0.7480 -0.5043
vn 0.3000 -0.7859 -0.5407
vn 0.1636 -0.7935 -0.5862
vn -0.9531 0.2194 0.2086
vn -0.9772 0.0581 0.2042
vn -0.9479 0.1125 0.2980
vn -0.7158 -0.5952 -0.3654
vn 0.4089 0.4994 0.7638
vn 0.5208 0.4724 0.7111
vn 0.4948 0.4296 0.7554
vn -0.8436 0.1746 0.5078
vn -0.2118 0.8382 0.5025
vn -0.1407 0.8113 0.5674
vn -0.2724 0.7866 0.5541
vn -0.2335 0.4305 0.8719
vn -0.1280 0.5275 0.8399
vn 0.4185 0.9058 0.0657
vn 0.4906 0.8710 0.0256
vn 0.3975 0.9136 -0.0853
vn -0.1134 -0.3648 -0.9241
vn 0.9157 0.0658 0.3964
vn 0.7877 0.5715 0.2301
vn 0.9830 -0.1387 0.1207
vn 0.9729 -0.2285 0.0345
vn 0.9130 -0.3777 -0.1540
vn 0.6530 -0.6483 -0.3916
vn -0.9355 -0.3409 -0.0924
vn -0.9030 0.1500 0.4025
vn -0.5356 0.5352 0.6532
vn 0.8886 -0.4140 -0.1977
vn 0.8376 -0.4862 -0.2491
vn 0.3565 0.6160 0.7024
vn 0.8797 0.2265 0.4182
vn -0.7797 -0.4560 -0.4290
vn -0.7191 -0.4658 -0.5157
vn -0.7914 -0.4232 -0.4410
vn 0.3492 0.1336 0.9275
vn 0.2545 0.0832 0.9635
vn 0.2425 0.1965 0.9500
vn 0.5467 -0.7059 -0.4505
vn 0.2478 -0.4118 -0.8769
vn 0.2415 -0.3740 -0.8954
vn 0.1165 -0.4010 -0.9086
vn -0.3931 -0.7338 -0.5541
vn -0.6105 -0.6688 -0.4243
vn -0.9848 -0.0801 0.1544
vn -0.2296 0.4841 -0.8444
vn -0.2095 0.4118 -0.8869
vn -0.3014 0.3875 -0.8712
vn 0.8116 0.2119 0.5444
vn -0.9830 0.0770 -0.1665
vn -0.9830 -0.0625 -0.1728
vn -0.2444 0.7889 0.5638
vn -0.1801 0.8059 0.5639
vn -0.2062 0.8116 0.5466
vn -0.9754 0.0689 0.2094
vn -0.9946 0.0111 0.1033
vn -0.9928 -0.0011 0.1199
vn -0.8495 -0.4751 -0.2292
vn -0.9704 -0.2380 -0.0418
vn -0.7502 0.3646 0.5515
vn -0.7831 0.3165 0.5354
vn -0.7897 0.3603 0.4965
vn -0.7778 0.2396 0.5811
vn -0.7199 0.2749 0.6373
vn -0.6922 0.2795 0.6654
vn 0.4727 0.6127 0.6334
vn -0.1428 0.2241 0.9640
vn -0.0646 0.1911 0.9794
vn 0.6273 0.2876 0.7237
vn 0.5843 0.5514 0.5954
vn 0.0582 0.2987 0.9526
vn 0.1819 0.2934 0.9385
vn 0.0631 0.3067 0.9497
vn -0.8718 0.4713 0.1334
vn -0.8867 0.4426 0.1338
vn -0.9388 0.3339 0.0848
vn 0.7511 -0.5739 -0.3263
vn 0.9277 -0.1555 0.3394
vn 0.9436 -0.1641 0.2875
vn 0.9540 -0.1921 0.2302
vn 0.4856 -0.7550 -0.4406
vn -0.1160 -0.8274 -0.5495
vn -0.7104 -0.6121 -0.3475
vn 0.9986 0.0080 -0.0521
vn 0.9829 -0.1426 -0.1168
vn 0.9901 -0.0847 -0.1119
vn -0.9035 -0.3922 -0.1727
vn -0.1386 -0.9037 -0.4052
vn -0.0937 -0.9241 -0.3704
vn -0.2324 -0.8962 -0.3779
vn 0.8762 -0.4424 -0.1914
vn -0.3397 0.5591 0.7563
vn -0.8609 0.1676 0.4804
vn 0.7208 0.2014 0.6632
vn 0.7581 0.3759 0.5330
vn 0.8851 -0.0301 0.4645
vn 0.8434 0.0292 0.5365
vn 0.8230 -0.0436 0.5664
vn 0.9611 0.0389 0.2734
vn 0.9295 0.2037 0.3076
vn 0.9882 0.0041 0.1531
vn 0.9706 -0.2332 -0.0599
vn -0.7873 -0.5396 -0.2983
vn 0.8907 0.1534 0.4278
vn 0.9014 0.0568 0.4293
vn 0.9243 0.1297 0.3589
vn -0.9526 -0.2830 -0.1119
vn -0.9909 -0.1260 0.0471
vn -0.4269 0.6544 0.6241
vn -0.2206 0.6525 0.7249
vn -0.2524 0.5426 -0.8012
vn -0.3180 0.4632 -0.8272
vn -0.7762 0.5893 0.2240
vn -0.7360 0.6456 0.2035
vn -0.8649 0.4733 0.1672
vn 0.6838 0.4045 0.6073
vn 0.8219 0.3798 0.4244
vn 0.9962 -0.0780 0.0393
vn 0.0195 0.9438 0.3299
vn -0.0836 0.9431 0.3219
vn -0.0607 0.9126 0.4044
vn -0.8498 -0.2300 -0.4743
vn -0.7121 0.1129 0.6929
vn -0.7946 0.1058 0.5978
vn -0.7409 0.0285 0.6710
vn 0.2047 -0.8296 -0.5195
vn -0.0103 -0.8601 -0.5101
vn 0.1021 -0.8442 -0.5261
vn -0.3517 -0.7924 -0.4983
vn -0.7969 -0.3065 -0.5205
vn -0.8573 0.3224 0.4013
vn -0.6035 0.5914 0.5348
vn -0.4995 0.6999 0.5105
vn -0.5393 0.7496 0.3838
vn -0.4136 0.8059 0.4237
vn -0.4808 0.7409 0.4690
vn 0.5880 -0.7162 -0.3760
vn -0.8539 -0.4641 -0.2355
vn 0.2887 0.4427 0.8489
vn 0.3178 0.5254 0.7893
vn 0.4247 0.4266 0.7986
vn 0.4194 0.3536 0.8361
vn 0.3371 0.2747 0.9005
vn 0.4175 0.2069 0.8848
vn -0.9123 0.2810 0.2979
vn 0.0302 0.6912 0.7221
vn 0.7452 0.5060 0.4343
vn 0.8643 0.3937 0.3130
vn 0.9701 0.1247 0.2081
vn 0.9943 0.0362 0.1005
vn 0.9901 0.0866 0.1109
vn -0.2434 0.8564 0.4553
vn -0.3766 0.7939 0.4774
vn -0.3028 0.7427 0.5973
vn 0.9385 0.2219 0.2643
vn 0.9679 0.1308 0.2145
vn 0.9182 0.2080 0.3372
vn 0.4675 -0.7930 -0.3906
vn -0.1210 -0.8745 -0.4696
vn -0.6459 -0.6689 -0.3679
vn 0.7656 -0.5519 -0.3305
vn 0.6938 -0.6173 -0.3710
vn 0.7482 -0.5748 -0.3314
vn -0.7918 -0.5414 -0.2826
vn -0.5243 -0.4770 -0.7054
vn -0.4661 -0.4980 -0.7313
vn -0.3721 -0.5112 -0.7748
vn 0.3285 0.1531 0.9320
vn 0.2509 0.2039 0.9463
vn -0.2252 0.1125 0.9678
vn -0.1587 0.0494 0.9861
vn -0.2741 0.0494 0.9604
vn 0.2713 -0.4651 -0.8427
vn 0.1807 -0.5726 -0.7997
vn 0.2208 -0.3679 -0.9033
vn -0.0889 0.6939 0.7146
vn 0.6715 0.5474 0.4994
vn -0.5978 -0.7252 -0.3416
vn 0.7123 -0.6229 -0.3235
vn 0.6628 -0.3618 -0.6556
vn 0.5826 -0.3657 -0.7259
vn -0.9524 -0.2556 -0.1662
vn -0.9566 -0.2524 -0.1457
vn -0.9910 -0.0969 -0.0919
vn 0.2782 -0.8388 -0.4681
vn -0.9884 -0.1471 -0.0390
vn -0.8493 0.4255 0.3123
vn 0.0575 0.8068 0.5881
vn 0.2556 0.7519 0.6077
vn 0.9676 0.1578 0.1970
vn 0.9920 -0.1206 -0.0375
vn 0.3550 -0.8438 -0.4026
vn 0.1772 -0.8693 -0.4615
vn -0.9196 -0.3546 -0.1689
vn -0.5478 0.5462 0.6336
vn -0.4497 0.5347 0.7155
vn -0.4819 0.6190 0.6202
vn -0.1720 0.7972 0.5787
vn 0.6664 0.6394 0.3835
vn 0.7693 0.5405 0.3406
vn 0.1899 -0.7122 -0.6758
vn 0.2134 -0.7463 -0.6305
vn 0.0690 -0.7437 -0.6649
vn 0.9882 0.1105 0.1060
vn 0.9540 -0.2737 -0.1221
vn 0.0743 -0.8886 -0.4527
vn -0.9850 0.0946 0.1442
vn -0.9812 0.0945 0.1681
vn -0.9628 0.1388 0.2319
vn -0.8682 -0.4456 -0.2181
vn -0.9741 -0.2051 -0.0956
vn -0.9994 0.0003 0.0342
vn -0.9907 0.0700 0.1169
vn 0.9037 -0.3639 -0.2256
vn 0.9440 -0.2779 -0.1777
vn 0.9218 -0.3416 -0.1831
vn 0.3587 0.7672 0.5318
vn 0.8961 0.1841 0.4039
vn 0.8255 0.2354 0.5129
vn 0.8498 0.2723 0.4514
vn 0.4658 0.7397 0.4857
vn 0.5710 0.6908 0.4436
vn 0.9368 -0.3160 -0.1501
vn 0.9497 0.1122 0.2925
vn 0.9657 0.0886 0.2443
vn 0.9806 0.0624 0.1858
vn 0.3634 -0.7370 -0.5699
vn 0.4485 -0.7191 -0.5308
vn 0.4199 -0.6661 -0.6164
vn -0.0247 -0.9012 -0.4327
vn -0.5043 0.2536 0.8254
vn -0.4022 0.2815 0.8712
vn -0.4187 0.2613 0.8697
vn -0.5415 -0.7648 -0.3491
vn -0.7242 -0.6150 -0.3119
vn -0.7793 -0.3642 -0.5098
vn -0.6799 -0.4140 -0.6052
vn -0.7500 -0.3442 -0.5649
vn -0.8089 -0.5311 -0.2523
vn -0.8799 0.4187 0.2249
vn -0.5864 0.6923 0.4206
vn -0.0498 0.8132 0.5799
vn -0.8863 -0.1505 -0.4380
vn -0.8702 0.0219 -0.4922
vn 0.9421 0.2966 0.1563
vn 0.9229 0.3040 0.2364
vn -0.8565 -0.3009 -0.4194
vn -0.9023 -0.2641 -0.3408
vn -0.8222 -0.3386 -0.4575
vn -0.6414 -0.6905 -0.3342
vn -0.9991 -0.0357 -0.0227
vn 0.1430 0.8420 0.5201
vn 0.3701 -0.4124 -0.8324
vn 0.4783 -0.4094 -0.7769
vn 0.2519 -0.8787 -0.4054
vn 0.1530 -0.9026 -0.4024
vn -0.1146 -0.9058 -0.4080
vn -0.4280 -0.8208 -0.3782
vn -0.9834 0.1611 0.0840
vn -0.9455 0.2886 0.1507
vn 0.0093 0.9959 -0.0905
vn 0.0318 0.9993 0.0192
vn 0.0883 0.9948 -0.0506
vn 0.9614 -0.2407 -0.1329
vn 0.9760 -0.1734 -0.1318
vn -0.5676 -0.8219 -0.0484
vn 0.5577 -0.7611 -0.3311
vn 0.0551 -0.9178 -0.3933
vn -0.9967 -0.0640 -0.0496
vn -0.7792 0.5549 0.2914
vn -0.1068 0.8858 0.4517
vn 0.7593 -0.6051 -0.2392
vn 0.6579 -0.7015 -0.2740
vn 0.7585 -0.6017 -0.2501
vn 0.2352 0.8614 0.4502
vn -0.8274 0.1545 0.5399
vn -0.8749 0.1595 0.4573
vn -0.7842 0.2298 0.5764
vn -0.9260 0.3656 0.0938
vn -0.9769 0.2103 0.0389
vn -0.9635 0.2604 0.0621
vn 0.9999 0.0061 -0.0135
vn 0.9978 0.0538 0.0383
vn 0.9879 -0.1345 -0.0769
vn 0.9808 0.0709 0.1816
vn 0.9417 0.1381 0.3068
vn 0.3267 -0.8742 -0.3592
vn -0.0427 -0.9233 -0.3816
vn -0.1470 -0.9178 -0.3689
vn -0.3481 -0.8617 -0.3691
vn -0.4696 -0.8170 -0.3347
vn 0.5614 0.4799 0.6742
vn -0.9817 -0.1647 -0.0956
vn -0.9360 -0.3176 -0.1518
vn -0.9305 -0.1185 0.3466
vn -0.9326 -0.0549 0.3566
vn -0.9955 0.0948 0.0048
vn -0.9903 0.1339 0.0362
vn -0.6909 0.6683 0.2757
vn -0.3123 0.8764 0.3665
vn -0.4526 0.7973 0.3993
vn 0.0172 0.8852 0.4649
vn 0.2786 0.8111 0.5144
vn 0.2033 0.8175 0.5388
vn 0.3034 0.7923 0.5293
vn 0.3294 0.8608 0.3880
vn 0.6657 0.6848 0.2964
vn 0.7764 0.5722 0.2640
vn -0.3059 -0.5126 -0.8023
vn -0.3255 -0.5538 -0.7664
vn 0.4387 -0.8279 -0.3494
vn 0.2270 -0.9036 -0.3633
vn -0.5862 -0.7525 -0.3001
vn -0.7428 -0.6109 -0.2741
vn -0.8874 -0.4185 -0.1932
vn 0.3566 -0.5872 -0.7267
vn 0.4085 -0.5422 -0.7343
vn 0.4921 -0.5451 -0.6788
vn -0.3017 -0.5279 -0.7939
vn -0.3800 -0.5152 -0.7683
vn -0.3852 -0.5120 -0.7677
vn -0.5348 0.7748 0.3371
vn 0.1049 0.9083 0.4049
vn 0.4553 0.8069 0.3763
vn 0.5658 0.7511 0.3402
vn 0.8701 0.4422 0.2178
vn 0.8671 0.2244 0.4447
vn 0.9244 0.1635 0.3445
vn 0.8861 0.1272 0.4457
vn -0.8119 0.5584 0.1703
vn -0.9021 0.4141 0.1212
vn 0.6780 0.7003 0.2234
vn 0.6269 0.7422 0.2371
vn 0.7344 0.6490 0.1985
vn -0.6714 0.3392 0.6589
vn -0.7191 0.2869 0.6329
vn -0.6216 0.3260 0.7122
vn 0.9056 -0.3844 -0.1793
vn 0.9717 -0.2098 -0.1081
vn 0.0703 -0.9110 0.4063
vn 0.5201 0.3423 0.7825
vn 0.5522 0.4016 0.7306
vn 0.6350 0.3132 0.7061
vn -0.0380 0.9315 0.3617
vn -0.0980 0.9104 0.4019
vn -0.4026 -0.8540 -0.3295
vn -0.6624 -0.6897 -0.2926
vn -0.9499 -0.2813 -0.1362
vn -0.9475 0.3038 0.0997
vn -0.7390 0.3216 0.5920
vn -0.6275 0.3894 0.6743
vn -0.6727 0.2858 0.6825
vn -0.1679 0.9159 0.3646
vn -0.0262 0.9294 0.3681
vn 0.8800 0.4490 0.1547
vn 0.0358 -0.9327 -0.3588
vn 0.1338 -0.9221 -0.3630
vn -0.2679 -0.8968 -0.3522
vn -0.6478 0.7229 0.2401
vn -0.5833 0.7595 0.2879
vn -0.9747 -0.0501 0.2177
vn -0.9879 -0.0957 0.1217
vn -0.9858 -0.0746 0.1506
vn 0.1950 0.9152 0.3527
vn 0.0129 0.7850 0.6193
vn 0.0544 0.8128 0.5801
vn -0.0503 0.8093 0.5852
vn -0.2938 0.8456 -0.4456
vn -0.2902 0.8830 -0.3689
vn 0.3986 -0.8563 -0.3284
vn -0.0655 -0.9336 -0.3522
vn 0.9989 -0.0436 0.0183
vn 0.9997 -0.0247 -0.0053
vn 0.9964 0.0525 0.0666
vn -0.7772 -0.5803 -0.2433
vn -0.3832 0.4445 0.8097
vn -0.3273 0.4836 0.8118
vn -0.4409 0.4619 0.7696
vn 0.0793 0.9364 0.3418
vn 0.7914 0.5747 0.2086
vn -0.8559 0.4096 0.3157
vn -0.9050 0.3335 0.2641
vn -0.8907 0.3369 0.3053
vn 0.9884 -0.0534 -0.1419
vn 0.2755 0.9202 -0.2781
vn 0.3561 0.9062 -0.2278
vn 0.3017 0.8910 -0.3393
vn 0.8778 0.2050 0.4329
vn 0.9278 0.1460 0.3432
vn 0.9086 0.1868 0.3735
vn 0.9241 0.2812 0.2588
vn 0.8762 0.3724 0.3058
vn 0.8961 0.3032 0.3242
vn -0.9978 -0.0143 0.0651
vn -0.9979 -0.0529 -0.0361
vn -0.9976 0.0046 0.0695
vn 0.6560 -0.7004 -0.2811
vn 0.5315 -0.7897 -0.3064
vn 0.9838 -0.0763 -0.1620
vn -0.8345 -0.5038 -0.2231
vn 0.9779 -0.1285 -0.1652
vn 0.9982 -0.0418 -0.0426
vn 0.9900 -0.0769 -0.1183
vn -0.8673 -0.3954 -0.3023
vn -0.9331 -0.2737 -0.2332
vn -0.9165 -0.2939 -0.2712
vn -0.9994 0.0219 -0.0275
vn -0.2223 0.9224 0.3159
vn 0.4699 0.8262 0.3109
vn 0.5511 0.7880 0.2745
vn -0.4979 0.8229 0.2738
vn -0.5934 0.7675 0.2425
vn -0.4482 0.8512 0.2732
vn 0.2958 -0.8922 -0.3413
vn -0.9135 0.1961 -0.3565
vn -0.8700 0.3306 -0.3658
vn -0.8364 0.2816 -0.4702
vn 0.2143 -0.9137 -0.3454
vn -0.2991 -0.8938 -0.3341
vn -0.0175 -0.4948 -0.8688
vn 0.0979 -0.4924 -0.8648
vn 0.0164 -0.5604 -0.8281
vn 0.9946 -0.1028 0.0167
vn 0.9896 -0.1433 -0.0127
vn 0.9780 -0.1727 -0.1174
vn -0.4610 0.8384 0.2907
vn -0.4152 0.8470 0.3319
vn 0.6598 0.7117 0.2411
vn 0.9061 -0.2716 -0.3242
vn 0.8860 -0.3092 -0.3454
vn 0.9440 -0.2331 -0.2335
vn 0.4601 0.5110 0.7261
vn -0.1741 -0.9224 -0.3447
vn -0.8411 -0.3129 -0.4411
vn -0.9091 -0.2476 -0.3351
vn 0.4388 -0.5728 -0.6924
vn 0.5243 -0.6060 -0.5983
vn -0.8601 -0.1987 -0.4699
vn -0.9066 -0.3835 -0.1763
vn -0.2081 0.5542 0.8059
vn -0.5181 0.8140 0.2627
vn 0.6029 -0.3720 -0.7058
vn -0.1370 0.5626 0.8153
vn -0.0205 0.5784 0.8155
vn 0.2467 0.9167 0.3144
vn 0.7568 0.6235 0.1962
vn 0.9990 -0.0176 -0.0401
vn 0.1152 -0.9291 -0.3514
vn 0.2508 0.6746 -0.6943
vn 0.1799 0.6889 -0.7022
vn 0.2046 0.7296 -0.6526
vn -0.8833 -0.4282 -0.1907
vn 0.4777 0.3478 0.8068
vn 0.5981 0.3407 0.7254
vn -0.3373 0.8912 0.3033
vn -0.1557 0.9409 0.3009
vn -0.1002 0.9423 0.3195
vn 0.0109 0.9492 0.3146
vn -0.6911 -0.3172 -0.6494
vn -0.7647 -0.2843 -0.5782
vn 0.1267 0.9424 0.3096
vn 0.3648 0.8739 0.3212
vn -0.6587 -0.4875 -0.5732
vn -0.6050 -0.4825 -0.6334
vn -0.5424 -0.5364 -0.6467
vn 0.1009 0.8685 -0.4854
vn 0.0835 0.9045 -0.4182
vn -0.6401 0.2893 -0.7118
vn -0.7132 0.1383 -0.6871
vn -0.7311 0.2451 -0.6367
vn -0.9986 0.0405 0.0354
vn -0.5118 0.3494 0.7848
vn -0.5591 0.2304 0.7964
vn -0.6103 0.3117 0.7282
vn 0.8717 0.1452 -0.4680
vn 0.8938 -0.0254 -0.4477
vn 0.8353 0.0944 -0.5416
vn 0.5787 -0.7578 -0.3015
vn 0.4490 -0.8347 -0.3189
vn 0.8723 0.2972 0.3883
vn 0.5763 -0.0756 -0.8137
vn 0.6722 -0.1324 -0.7284
vn -0.2661 0.9184 0.2928
vn 0.9766 0.0647 0.2049
vn 0.9924 0.0180 0.1214
vn 0.9749 0.0901 0.2037
vn 0.8528 -0.3719 -0.3665
vn 0.9030 -0.3400 -0.2626
vn 0.8999 -0.3279 -0.2874
vn 0.9941 -0.0856 -0.0665
vn 0.9540 -0.2698 -0.1310
vn 0.8566 -0.4761 -0.1989
vn 0.7056 -0.6508 -0.2803
vn 0.3213 -0.8852 -0.3365
vn 0.2132 -0.9109 -0.3531
vn -0.6885 -0.4095 -0.5986
vn -0.7830 -0.3555 -0.5104
vn -0.7222 -0.3951 -0.5677
vn 0.9062 -0.1810 -0.3821
vn 0.8419 -0.2409 -0.4828
vn -0.7215 -0.6416 -0.2604
vn -0.6974 -0.6654 -0.2662
vn -0.8043 -0.5489 -0.2279
vn -0.9393 0.0299 0.3418
vn -0.4302 0.4028 0.8079
vn -0.3387 0.3972 0.8530
vn -0.3226 0.4251 0.8457
vn -0.3874 0.8782 0.2806
vn -0.6549 -0.4338 -0.6188
vn -0.6159 -0.4138 -0.6705
vn -0.7115 -0.3986 -0.5787
vn 0.7356 0.3462 0.5822
vn 0.7757 0.3516 0.5241
vn 0.9153 0.3742 0.1492
vn 0.9657 0.2503 0.0689
vn 0.9640 0.2527 0.0824
vn -0.5227 -0.7954 -0.3069
vn -0.6182 -0.7324 -0.2852
vn -0.5179 -0.7978 -0.3086
vn 0.4115 0.5209 0.7478
vn 0.3079 0.5471 0.7784
vn 0.3250 0.5226 0.7882
vn -0.7018 0.6800 0.2121
vn -0.0500 0.9518 0.3025
vn 0.9838 0.1767 0.0295
vn 0.9954 0.0955 -0.0038
vn 0.9427 -0.2757 -0.1878
vn 0.9514 -0.2331 -0.2014
vn 0.9046 -0.2958 -0.3070
vn 0.0611 0.9783 -0.1980
vn -0.0272 0.9800 -0.1971
vn 0.0509 -0.9302 -0.3635
vn 0.9060 0.0524 0.4201
vn -0.8636 0.4852 0.1373
vn -0.9973 -0.0724 0.0111
vn -0.9894 -0.1259 -0.0718
vn -0.9904 -0.1191 -0.0701
vn 0.0516 0.9522 0.3012
vn 0.0968 -0.6179 -0.7803
vn 0.2045 -0.6106 -0.7651
vn 0.6297 -0.5601 -0.5383
vn 0.6521 -0.4450 -0.6138
vn 0.8246 0.0216 0.5654
vn 0.8705 0.0515 0.4895
vn 0.8904 -0.0351 0.4539
vn 0.5182 -0.4986 -0.6949
vn 0.6037 -0.4756 -0.6398
vn 0.5118 0.8179 0.2628
vn 0.5065 0.8219 0.2607
vn 0.9628 0.2515 0.0986
vn 0.9254 0.3631 0.1087
vn -0.6654 0.4982 0.5559
vn -0.7444 0.4771 0.4672
vn -0.6531 0.5680 0.5008
vn 0.0676 -0.5953 -0.8007
vn 0.1379 -0.5450 -0.8270
vn 0.0475 -0.5271 -0.8485
vn 0.9865 -0.1382 -0.0882
vn 0.9216 -0.3504 -0.1667
vn 0.9370 -0.3164 -0.1480
vn -0.0715 0.9939 -0.0838
vn -0.1025 0.9794 -0.1741
vn -0.1992 -0.9158 -0.3487
vn -0.6356 -0.7148 -0.2916
vn -0.9886 -0.1506 0.0021
vn -0.9892 -0.0940 0.1123
vn 0.1394 -0.7071 0.6932
vn 0.4285 0.8586 0.2814
vn 0.8848 0.4482 0.1273
vn 0.9283 0.3592 0.0962
vn 0.8386 -0.3403 -0.4255
vn 0.8435 -0.4933 -0.2126
vn 0.5028 -0.7972 -0.3342
vn 0.9460 0.2492 0.2075
vn 0.8984 0.3532 0.2609
vn -0.0763 -0.9334 -0.3507
vn -0.5455 -0.7736 -0.3224
vn -0.4580 -0.4860 -0.7444
vn -0.5230 -0.4779 -0.7057
vn -0.5718 -0.4557 -0.6822
vn -0.9571 0.2290 0.1777
vn -0.9465 0.2416 0.2140
vn 0.8382 -0.4762 -0.2657
vn 0.8167 -0.4905 -0.3038
vn -0.7892 0.5883 0.1764
vn 0.7709 0.2932 0.5655
vn 0.7978 0.2590 0.5444
vn 0.7147 0.3054 0.6293
vn -0.3167 0.9025 0.2919
vn -0.1972 0.9331 0.3007
vn 0.9323 0.2661 0.2450
vn 0.8778 0.3592 0.3168
vn 0.9268 0.3019 0.2233
vn -0.1008 0.9473 0.3040
vn -0.0115 0.9523 0.3050
vn 0.1562 0.9407 0.3013
vn 0.2519 0.9222 0.2934
vn 0.3262 0.8982 0.2946
vn -0.9992 0.0143 0.0375
vn -0.9839 0.0660 0.1663
vn -0.6055 0.6835 0.4077
vn -0.7006 0.5894 0.4023
vn -0.7050 0.6224 0.3399
vn -0.9284 -0.2223 -0.2979
vn -0.9051 -0.2282 -0.3587
vn -0.8603 -0.2833 -0.4239
vn 0.3990 0.8721 0.2834
vn 0.3646 0.8882 0.2794
vn 0.8356 0.5260 0.1584
vn 0.7868 0.5910 0.1777
vn -0.8272 0.3941 0.4005
vn -0.7646 0.4158 0.4924
vn 0.9988 0.0428 -0.0237
vn 0.7483 -0.4017 -0.5279
vn 0.6719 -0.4354 -0.5992
vn 0.8357 -0.3411 -0.4304
vn 0.9008 -0.2969 -0.3170
vn 0.8271 -0.3559 -0.4350
vn 0.1117 0.6789 0.7257
vn 0.1034 0.7529 0.6499
vn 0.0339 0.7292 0.6834
vn 0.8172 -0.5224 -0.2434
vn 0.6233 -0.7147 -0.3172
vn 0.0133 -0.9372 -0.3485
vn -0.6116 0.3773 0.6954
vn -0.5002 0.4094 0.7630
vn -0.5417 0.4001 0.7392
vn -0.6585 -0.6851 -0.3115
vn 0.4438 0.7576 0.4785
vn 0.5659 0.6824 0.4627
vn 0.4425 0.7127 0.5443
vn -0.8180 -0.5256 -0.2340
vn -0.9575 -0.2561 -0.1329
vn -0.9844 0.1733 0.0298
vn -0.9993 0.0242 -0.0295
vn -0.7031 0.3489 0.6195
vn -0.8504 0.1962 0.4882
vn 0.0896 -0.7828 -0.6158
vn -0.5967 0.7620 0.2517
vn -0.9908 -0.0742 0.1130
vn -0.9961 -0.0817 0.0320
vn -0.9916 -0.1288 -0.0125
vn 0.8560 -0.2230 -0.4663
vn 0.7808 -0.2713 -0.5628
vn 0.9196 0.3299 0.2133
vn 0.8392 0.5193 0.1615
vn 0.9647 0.2578 0.0536
vn -0.9647 0.0933 0.2464
vn -0.9127 0.1699 0.3717
vn -0.9441 0.0669 0.3228
vn 0.9777 -0.1792 -0.1097
vn 0.4779 -0.3718 -0.7958
vn 0.5851 -0.3267 -0.7422
vn 0.4742 -0.3402 -0.8120
vn -0.2238 -0.8237 -0.5210
vn -0.2654 -0.8408 -0.4717
vn -0.3500 -0.7712 -0.5317
vn -0.0858 0.9576 -0.2751
vn -0.9987 0.0278 -0.0433
vn -0.9963 0.0854 -0.0063
vn -0.9864 0.1612 0.0309
vn -0.2408 -0.7835 -0.5728
vn -0.0643 0.5586 0.8270
vn 0.0474 0.5050 0.8618
vn 0.0096 0.6452 0.7640
vn 0.1344 0.0626 0.9890
vn 0.1383 0.1529 0.9785
vn 0.9629 0.1573 0.2192
vn 0.6074 -0.5063 -0.6121
vn 0.5255 -0.5704 -0.6313
vn 0.0825 0.9486 0.3055
vn -0.9874 -0.0188 0.1568
vn -0.9687 -0.0029 0.2482
vn 0.9990 -0.0110 -0.0443
vn 0.9008 -0.3867 -0.1976
vn 0.5616 -0.4754 -0.6773
vn -0.6032 0.2598 0.7541
vn -0.6604 0.2108 0.7207
vn -0.5514 0.2460 0.7972
vn 0.3670 -0.8637 -0.3456
vn 0.2980 -0.8765 -0.3780
vn -0.8270 0.5173 0.2202
vn -0.7272 0.6204 0.2939
vn -0.7783 0.5630 0.2780
vn -0.8933 -0.4076 -0.1897
vn -0.9936 -0.0817 -0.0775
vn 0.2730 0.6719 0.6885
vn 0.3076 0.5665 0.7645
vn 0.3564 0.6238 0.6956
vn -0.3152 0.9474 -0.0560
vn -0.2827 0.9588 0.0283
vn -0.9924 0.1232 0.0057
vn 0.0498 0.9436 0.3274
vn 0.1671 0.9376 0.3049
vn 0.4942 -0.4711 -0.7306
vn 0.3989 -0.4712 -0.7866
vn -0.9982 0.0390 0.0450
vn -0.9979 -0.0191 -0.0623
vn 0.1566 -0.4927 -0.8560
vn -0.8057 -0.2246 -0.5481
vn -0.8347 -0.2211 -0.5043
vn -0.7578 -0.2586 -0.5990
vn 0.7885 -0.5536 -0.2679
vn 0.1503 -0.9103 -0.3857
vn -0.4368 -0.4168 -0.7972
vn -0.4911 -0.4154 -0.7657
vn -0.3815 -0.4405 -0.8127
vn 0.7065 -0.4088 -0.5777
vn 0.6814 -0.4469 -0.5796
vn -0.7498 -0.5931 -0.2932
vn -0.7075 -0.6253 -0.3294
vn -0.8359 0.2480 0.4897
vn 0.5154 0.4937 0.7005
vn -0.5716 0.0473 0.8192
vn -0.9532 0.2925 0.0760
vn 0.7194 0.2863 0.6328
vn 0.7997 0.2916 0.5248
vn 0.2785 0.9128 0.2988
vn 0.1836 0.9262 0.3293
vn 0.5681 0.7809 0.2598
vn 0.9744 0.2205 0.0443
vn 0.9639 -0.2281 -0.1374
vn -0.7495 0.3150 0.5823
vn -0.7104 0.3375 0.6176
vn 0.4353 -0.8196 -0.3725
vn -0.0010 -0.9141 -0.4056
vn 0.6058 0.0193 0.7954
vn 0.5952 0.0972 0.7977
vn 0.5156 0.0383 0.8560
vn 0.9382 -0.2998 -0.1729
vn -0.9962 0.0872 -0.0085
vn -0.9359 -0.1643 -0.3117
vn -0.9064 -0.2100 -0.3666
vn -0.9942 -0.0962 0.0488
vn -0.9836 -0.1269 0.1284
vn -0.9845 -0.1748 -0.0156
vn -0.4595 0.3701 0.8074
vn -0.7375 -0.6179 -0.2724
vn -0.5684 0.3733 0.7332
vn -0.4549 0.3992 0.7961
vn 0.7261 0.6527 0.2160
vn 0.6269 0.7367 0.2535
vn -0.4109 0.5299 0.7418
vn -0.4303 0.5139 0.7422
vn 0.9948 0.1021 -0.0029
vn 0.9967 -0.0470 -0.0667
vn 0.7200 -0.6239 -0.3038
vn 0.3775 -0.7721 -0.5112
vn 0.3065 -0.8081 -0.5030
vn 0.4125 -0.7780 -0.4739
vn -0.2558 -0.8695 -0.4225
vn -0.5822 -0.7355 -0.3464
vn -0.0898 0.3125 0.9457
vn -0.1957 0.3276 0.9243
vn -0.4903 0.8189 0.2983
vn 0.3157 0.8945 0.3164
vn 0.4472 0.8458 0.2907
vn 0.8982 -0.2841 -0.3355
vn 0.8920 -0.2709 -0.3617
vn 0.9460 -0.2192 -0.2389
vn 0.9119 0.3933 0.1172
vn 0.3703 -0.8309 -0.4153
vn -0.8239 -0.5077 -0.2517
vn -0.8026 0.5667 0.1862
vn 0.7518 0.6202 0.2239
vn 0.6371 0.7181 0.2800
vn -0.0870 0.4737 0.8764
vn -0.9298 0.3188 -0.1839
vn -0.9287 0.3558 -0.1041
vn -0.8648 0.4650 -0.1895
vn 0.9869 0.1595 0.0227
vn -0.0847 -0.5569 -0.8263
vn 0.0653 -0.5579 -0.8273
vn -0.0157 -0.5861 -0.8101
vn 0.3416 -0.4644 -0.8171
vn -0.2446 -0.5154 -0.8213
vn -0.1271 -0.5335 -0.8362
vn 0.1101 -0.8960 -0.4301
vn -0.8079 0.1830 0.5601
vn -0.8045 0.2392 0.5436
vn -0.9847 -0.1457 -0.0954
vn 0.5836 -0.4392 -0.6830
vn 0.5077 -0.4921 -0.7071
vn -0.9694 0.2389 0.0565
vn -0.9743 -0.1882 -0.1237
vn -0.9669 -0.2132 -0.1399
vn -0.9891 -0.1468 -0.0089
vn -0.5861 0.7586 0.2846
vn 0.9444 0.3152 0.0938
vn 0.9371 -0.2953 -0.1863
vn 0.8669 -0.4368 -0.2402
vn 0.6811 -0.6509 -0.3354
vn 0.5620 -0.7452 -0.3588
vn 0.5005 -0.7635 -0.4081
vn 0.3145 -0.5395 -0.7811
vn 0.4581 -0.5011 -0.7343
vn 0.5247 0.8002 0.2905
vn -0.9809 0.0854 0.1748
vn 0.8258 0.5319 0.1877
vn -0.6176 -0.6941 -0.3699
vn -0.5997 -0.6865 -0.4112
vn 0.7985 -0.5269 -0.2912
vn 0.0671 0.9418 -0.3295
vn -0.0051 0.9507 -0.3100
vn -0.9094 0.3946 0.1318
vn 0.9272 0.1110 0.3578
vn 0.9504 0.1194 0.2871
vn 0.5701 -0.5171 -0.6384
vn 0.6251 -0.4816 -0.6142
vn 0.6686 -0.4712 -0.5752
vn 0.4276 -0.7770 -0.4619
vn 0.3024 -0.8326 -0.4640
vn 0.3312 -0.7850 -0.5235
vn -0.1319 -0.8864 -0.4437
vn -0.8915 -0.3911 -0.2287
vn -0.8123 -0.5084 -0.2857
vn -0.8958 -0.3950 -0.2038
vn -0.4568 -0.1564 -0.8757
vn -0.5788 0.6554 0.4852
vn -0.5385 0.6353 0.5536
vn -0.2613 -0.5352 -0.8033
vn -0.1975 -0.5393 -0.8186
vn -0.5246 -0.4902 -0.6960
vn -0.5281 -0.4419 -0.7251
vn -0.9061 0.0325 0.4219
vn -0.9436 0.0345 0.3293
vn 0.3801 0.8593 0.3422
vn -0.1661 0.3042 0.9380
vn -0.1597 0.3258 0.9318
vn 0.7352 0.6304 0.2492
vn 0.2648 0.8360 0.4806
vn 0.1948 0.8361 0.5128
vn 0.3483 0.5405 0.7658
vn -0.2748 0.2947 -0.9152
vn 0.2423 -0.8754 -0.4183
vn 0.1954 -0.8658 -0.4607
vn 0.5856 -0.3045 -0.7513
vn 0.7009 -0.2694 -0.6604
vn -0.9668 0.2463 0.0675
vn -0.8244 0.5330 0.1903
vn 0.4071 0.8302 0.3808
vn 0.3028 0.8454 0.4401
vn 0.2641 0.8780 0.3992
vn -0.4971 0.8052 0.3233
vn 0.7320 0.3934 -0.5562
vn 0.6264 0.4719 -0.6205
vn 0.6820 0.5091 -0.5250
vn -0.0901 0.1838 -0.9788
vn -0.1382 0.0063 -0.9904
vn -0.1750 0.1627 -0.9710
vn 0.6247 -0.6795 -0.3846
vn -0.6724 0.2273 0.7044
vn -0.0653 -0.5105 -0.8574
vn 0.0194 -0.4703 -0.8823
vn -0.1204 -0.4688 -0.8750
vn -0.4042 0.8489 0.3405
vn 0.9038 -0.3769 -0.2026
vn 0.9384 -0.3171 -0.1372
vn 0.9301 -0.3322 -0.1568
vn 0.5055 0.7964 0.3319
vn 0.9286 0.0203 0.3705
vn 0.9439 0.0006 0.3303
vn 0.8836 0.0650 0.4637
vn 0.5660 -0.6933 -0.4462
vn -0.1901 0.8451 -0.4997
vn -0.2054 0.8775 -0.4333
vn -0.1222 0.8652 -0.4863
vn -0.7059 -0.6048 -0.3687
vn -0.7973 -0.5119 -0.3198
vn -0.8808 -0.3936 -0.2630
vn 0.9773 -0.2109 0.0211
vn 0.9731 -0.2154 -0.0815
vn 0.9628 -0.2581 -0.0796
vn 0.8105 -0.3393 -0.4775
vn 0.8466 -0.3196 -0.4255
vn 0.7658 -0.3893 -0.5119
vn -0.9926 -0.1015 0.0665
vn -0.9815 -0.0283 0.1896
vn 0.9927 0.1204 0.0079
vn -0.0079 -0.8883 -0.4592
vn -0.1252 -0.8623 -0.4907
vn 0.2773 -0.6027 -0.7483
vn -0.9446 -0.2632 -0.1962
vn -0.9627 0.2565 0.0858
vn -0.9991 -0.0039 -0.0418
vn -0.8304 -0.3662 -0.4200
vn -0.7767 -0.3978 -0.4884
vn -0.7324 -0.4598 -0.5021
vn 0.6809 0.6714 0.2927
vn 0.5528 0.7542 0.3543
vn 0.9480 -0.1333 -0.2889
vn 0.9794 -0.0786 -0.1862
vn 0.1117 0.6668 0.7369
vn 0.0039 0.6077 0.7942
vn -0.0484 0.6723 0.7387
vn 0.7383 -0.5802 -0.3440
vn -0.7994 0.0910 -0.5939
vn -0.7111 -0.0209 -0.7028
vn -0.5281 -0.4305 -0.7319
vn -0.5618 -0.4591 -0.6882
vn -0.7374 0.6245 0.2573
vn 0.0012 0.4936 0.8697
vn 0.0299 0.5282 0.8486
vn -0.0857 0.5114 0.8551
vn 0.1173 0.8566 0.5025
vn 0.1152 0.8355 0.5373
vn 0.8290 -0.4738 -0.2972
vn -0.8080 -0.3702 -0.4584
vn -0.7730 -0.3898 -0.5005
vn -0.8512 -0.3430 -0.3972
vn 0.2101 -0.8321 -0.5132
vn -0.5619 0.7599 0.3270
vn -0.7181 0.2921 0.6317
vn 0.1593 0.8787 0.4501
vn -0.2066 -0.4852 -0.8497
vn -0.0955 -0.5049 -0.8579
vn -0.2368 -0.5025 -0.8315
vn -0.7483 0.6030 0.2764
vn -0.7756 0.5972 0.2044
vn -0.8168 0.5227 0.2442
vn 0.4462 -0.5611 -0.6972
vn 0.5397 -0.5184 -0.6633
vn 0.4187 -0.5497 -0.7229
vn -0.9804 0.0228 0.1955
vn -0.9947 -0.0531 0.0878
vn -0.9929 0.0148 0.1179
vn -0.1954 0.7777 0.5975
vn -0.2870 0.7596 0.5836
vn 0.0984 -0.8670 -0.4885
vn -0.1208 -0.8235 -0.5543
vn -0.3941 -0.7842 -0.4794
vn -0.4870 -0.7111 -0.5071
vn -0.5909 -0.6608 -0.4628
vn -0.6929 -0.5916 -0.4121
vn -0.7864 -0.5008 -0.3616
vn -0.9854 -0.1191 -0.1218
vn 0.8538 -0.0828 -0.5140
vn 0.7983 0.0307 -0.6015
vn -0.4592 0.8099 0.3649
vn 0.8727 -0.0897 0.4800
vn 0.9213 -0.0870 0.3791
vn -0.3462 0.8535 0.3894
vn -0.2238 0.8879 0.4019
vn 0.2680 0.2801 0.9218
vn 0.1557 0.2930 0.9433
vn 0.2020 0.3018 0.9317
vn 0.8752 0.2049 0.4381
vn 0.9052 0.1982 0.3759
vn 0.8367 -0.2560 -0.4842
vn 0.8849 -0.2005 -0.4204
vn 0.8470 -0.3485 -0.4015
vn -0.0247 0.2932 0.9557
vn -0.0999 0.4007 0.9107
vn 0.2300 0.5157 0.8253
vn -0.8182 -0.3638 -0.4453
vn -0.7522 -0.4002 -0.5235
vn -0.3500 -0.7292 -0.5881
vn -0.9779 -0.1406 -0.1547
vn -0.9977 -0.0003 -0.0675
vn -0.9094 0.3864 0.1536
vn -0.6408 0.6987 0.3181
vn -0.2955 -0.5083 -0.8089
vn -0.2583 0.9554 0.1433
vn -0.3400 0.9333 0.1154
vn -0.3481 0.9123 0.2155
vn -0.1311 0.7187 0.6828
vn -0.1896 0.6602 0.7268
vn 0.2077 -0.0240 -0.9779
vn 0.3141 -0.0593 -0.9475
vn 0.2609 -0.1895 -0.9466
vn 0.9639 -0.2646 -0.0290
vn 0.8608 0.1881 0.4729
vn 0.8555 0.1947 0.4798
vn 0.7853 0.2367 0.5721
vn 0.0035 -0.5196 -0.8544
vn -0.1207 -0.5223 -0.8442
vn -0.1466 0.8797 0.4524
vn 0.7474 0.6029 0.2791
vn -0.0920 -0.5474 -0.8318
vn 0.8125 0.5672 0.1348
vn 0.7621 0.6137 0.2064
vn 0.8269 0.5208 0.2121
vn 0.9907 0.1353 0.0133
vn 0.9978 0.0185 -0.0641
vn 0.4618 -0.7230 -0.5138
vn 0.2211 -0.7860 -0.5773
vn 0.9821 -0.1159 -0.1487
vn -0.9711 0.0605 0.2310
vn -0.9926 0.0832 0.0882
vn -0.9996 -0.0022 -0.0268
vn -0.7723 -0.4905 -0.4037
vn -0.9595 0.2633 0.1000
vn -0.8507 0.4745 0.2262
vn -0.6418 0.6815 0.3517
vn 0.8143 -0.3216 -0.4833
vn 0.4370 0.7919 0.4264
vn -0.9435 -0.1993 -0.2649
vn -0.9731 -0.1600 -0.1657
vn -0.9548 0.1053 0.2782
vn -0.9104 0.1507 0.3852
vn -0.9526 0.0956 0.2888
vn -0.1162 0.8297 -0.5460
vn -0.1819 0.8080 -0.5604
vn 0.3650 0.8131 -0.4535
vn 0.2651 0.8345 -0.4831
vn 0.3287 0.8551 -0.4010
vn 0.3049 0.7906 -0.5309
vn 0.0455 0.4186 0.9070
vn -0.0839 0.4220 0.9027
vn -0.6793 -0.5746 -0.4565
vn -0.8501 -0.4004 -0.3419
vn 0.0649 0.9759 0.2086
vn -0.0283 0.9729 0.2294
vn -0.2832 0.8501 0.4439
vn -0.8853 -0.3573 -0.2975
vn -0.8897 -0.3697 -0.2678
vn -0.8425 -0.3987 -0.3624
vn 0.8539 0.4688 0.2261
vn 0.8517 -0.4020 -0.3360
vn 0.9715 -0.1269 0.2000
vn 0.9576 -0.0584 0.2822
vn 0.9481 -0.1294 0.2905
vn 0.3580 -0.7291 -0.5833
vn -0.9945 -0.0515 -0.0911
vn -0.9880 -0.0856 -0.1287
vn -0.9727 -0.1093 -0.2047
vn -0.4678 -0.6887 -0.5540
vn -0.6023 -0.6143 -0.5097
vn -0.9926 -0.0624 -0.1043
vn -0.9906 -0.0536 -0.1261
vn -0.9731 -0.1112 -0.2016
vn 0.5450 0.7303 0.4119
vn 0.7893 0.5505 0.2720
vn 0.9178 0.3601 0.1675
vn 0.9177 -0.2882 -0.2736
vn 0.8804 -0.3780 -0.2865
vn -0.9279 0.2206 0.3005
vn -0.9160 0.2148 0.3389
vn -0.7062 -0.3068 -0.6381
vn -0.6684 -0.2913 -0.6843
vn -0.4055 0.3729 0.8346
vn -0.5171 0.3540 0.7793
vn -0.3166 0.2860 0.9044
vn -0.3464 0.8020 0.4866
vn -0.5088 -0.3184 -0.7999
vn -0.6227 -0.2930 -0.7255
vn -0.5675 -0.3220 -0.7578
vn -0.3733 0.4342 0.8198
vn 0.7148 0.6160 0.3311
vn 0.2676 0.3310 0.9049
vn 0.1571 0.3683 0.9164
vn 0.1632 0.3230 0.9322
vn -0.9657 -0.1734 -0.1932
vn -0.9897 0.1415 0.0208
vn 0.6331 0.6694 0.3887
vn 0.6462 0.6812 0.3441
vn 0.6093 -0.4479 -0.6543
vn 0.9671 -0.1655 -0.1929
vn -0.9662 -0.1496 -0.2099
vn -0.9874 -0.0803 -0.1362
vn -0.9635 -0.1148 -0.2419
vn -0.0998 0.8296 0.5494
vn -0.1141 0.8189 0.5624
vn -0.0136 0.8250 0.5649
vn 0.4967 -0.6692 -0.5527
vn -0.8408 0.5126 0.1741
vn -0.8804 0.4249 0.2106
vn 0.1533 0.4247 0.8922
vn 0.1264 0.5729 0.8098
vn 0.3791 -0.4093 -0.8299
vn -0.7345 -0.5053 -0.4530
vn 0.6201 0.3939 0.6785
vn 0.5407 0.4394 0.7173
vn 0.5563 0.3992 0.7288
vn -0.9939 -0.0443 -0.1007
vn -0.9956 0.0934 0.0045
vn -0.9648 0.2346 0.1187
vn 0.3429 0.8078 0.4795
vn -0.8207 0.1910 -0.5385
vn 0.7807 0.5412 0.3126
vn 0.8543 0.4474 0.2646
vn 0.9595 0.2269 0.1669
vn 0.9825 0.1273 0.1362
vn 0.9950 -0.0292 -0.0951
vn 0.8726 -0.3544 -0.3361
vn -0.1734 -0.7362 -0.6542
vn -0.8379 -0.3953 -0.3765
vn -0.9474 -0.2172 -0.2352
vn 0.8727 0.2335 0.4288
vn 0.9160 0.1913 0.3525
vn 0.9172 0.1937 0.3482
vn -0.7841 0.5406 0.3049
vn -0.9658 0.0793 0.2470
vn -0.9165 0.1506 0.3707
vn -0.9398 0.1341 0.3144
vn -0.5873 0.7985 0.1323
vn -0.5091 0.8549 0.1001
vn 0.2185 0.8384 0.4993
vn -0.7970 0.3388 0.5000
vn -0.8501 0.3341 0.4070
vn 0.3792 0.0537 0.9238
vn 0.3262 0.0171 0.9451
vn -0.9636 -0.0119 0.2672
vn -0.8967 -0.3169 -0.3089
vn -0.9142 -0.2776 -0.2954
vn -0.0897 -0.6224 -0.7775
vn -0.0084 -0.6397 -0.7686
vn -0.0554 -0.7356 -0.6752
vn 0.3094 0.7783 0.5463
vn 0.4257 0.6293 0.6502
vn 0.3381 0.6984 0.6308
vn 0.9788 -0.0624 0.1952
vn 0.9626 -0.0338 0.2688
vn 0.9939 0.1095 0.0114
vn -0.0492 0.4390 0.8971
vn -0.2017 0.4281 0.8809
vn -0.1060 0.4118 0.9051
vn 0.9456 -0.2161 -0.2433
vn -0.5954 -0.4886 -0.6378
vn -0.6370 -0.4283 -0.6410
vn -0.2457 -0.7476 -0.6170
vn -0.3090 -0.7012 -0.6425
vn 0.7421 0.6532 -0.1506
vn 0.8184 0.5576 -0.1391
vn 0.7314 0.6348 -0.2489
vn -0.4312 -0.6684 -0.6061
vn 0.2279 -0.3685 -0.9013
vn 0.3503 -0.3441 -0.8711
vn 0.3502 -0.3650 -0.8626
vn 0.6863 0.6119 0.3931
vn 0.9398 0.1562 0.3040
vn 0.9211 0.1533 0.3580
vn 0.9663 0.1019 0.2364
vn -0.1199 0.7896 -0.6018
vn -0.0608 0.7706 -0.6344
vn -0.1430 0.7402 -0.6570
vn 0.3303 -0.6977 -0.6357
vn 0.9938 -0.0547 -0.0966
vn 0.9995 0.0112 -0.0298
vn 0.9901 -0.1184 -0.0754
vn -0.5584 -0.6132 -0.5587
vn -0.4517 -0.4652 -0.7613
vn -0.5635 -0.4344 -0.7027
vn -0.4819 -0.4384 -0.7587
vn -0.3752 0.7255 0.5769
vn -0.3398 0.7625 0.5505
vn -0.4251 -0.4049 -0.8095
vn -0.3950 -0.4058 -0.8242
vn -0.5258 -0.3744 -0.7638
vn 0.6691 0.7333 0.1209
vn 0.7448 0.6555 0.1249
vn 0.7085 0.7047 0.0384
vn 0.1522 0.8129 0.5622
vn 0.9838 -0.0979 -0.1501
vn 0.8036 -0.4342 -0.4070
vn -0.6519 -0.4387 -0.6185
vn -0.5744 -0.4593 -0.6776
vn -0.4833 -0.4815 -0.7312
vn 0.7268 -0.4952 -0.4760
vn 0.8076 -0.1409 -0.5727
vn 0.4679 -0.6554 -0.5929
vn -0.1005 -0.8263 -0.5542
vn -0.2191 -0.8013 -0.5567
vn -0.1582 -0.8385 -0.5215
vn -0.4070 0.7595 -0.5074
vn -0.4134 0.7091 -0.5712
vn -0.4831 -0.4941 -0.7229
vn -0.8013 0.4961 0.3343
vn -0.3463 -0.4717 -0.8109
vn -0.3701 -0.4925 -0.7877
vn 0.0022 0.8217 0.5699
vn 0.7672 0.5194 0.3764
vn -0.5055 -0.6118 -0.6084
vn -0.6790 -0.5307 -0.5073
vn -0.5825 -0.4012 -0.7070
vn -0.6617 -0.4151 -0.6244
vn -0.2435 0.5263 0.8147
vn -0.3806 0.5142 0.7686
vn -0.8694 0.4153 0.2675
vn -0.7906 0.2771 0.5460
vn -0.8702 0.2168 0.4424
vn 0.7357 -0.2727 -0.6200
vn 0.8155 -0.2401 -0.5266
vn -0.4443 0.2860 0.8490
vn -0.4619 0.1965 0.8649
vn 0.8620 0.4082 0.3006
vn 0.6211 0.3072 0.7210
vn 0.6953 0.2538 0.6724
vn 0.7119 0.2858 0.6415
vn 0.9984 0.0107 -0.0559
vn 0.8898 -0.3154 -0.3298
vn 0.8179 -0.3994 -0.4142
vn -0.0594 0.8849 -0.4619
vn 0.9461 0.0786 0.3141
vn 0.9657 0.1088 0.2357
vn 0.3043 -0.6672 -0.6799
vn 0.4353 -0.6355 -0.6377
vn -0.2238 -0.6876 -0.6907
vn -0.3823 -0.6437 -0.6630
vn -0.2668 -0.6361 -0.7240
vn -0.0728 -0.7216 -0.6885
vn 0.2337 0.5000 0.8339
vn 0.3358 0.4294 0.8384
vn -0.9978 -0.0046 -0.0654
vn -0.9927 -0.0582 -0.1060
vn -0.9805 -0.0683 -0.1841
vn 0.3525 -0.5108 -0.7841
vn 0.4619 -0.4850 -0.7425
vn 0.4666 -0.4944 -0.7334
vn -0.9935 -0.0513 -0.1015
vn -0.9842 -0.1013 -0.1452
vn -0.9989 0.0212 -0.0420
vn 0.6816 0.4134 0.6037
vn 0.5865 0.4508 0.6729
vn 0.6459 0.4074 0.6456
vn -0.7571 0.5088 0.4099
vn 0.2105 0.7672 0.6059
vn 0.7997 0.1941 0.5681
vn 0.7365 0.2783 0.6165
vn -0.3944 0.8083 -0.4371
vn -0.4806 0.8000 -0.3591
vn 0.6613 -0.5297 -0.5311
vn 0.5917 0.5928 0.5463
vn 0.6508 0.5996 0.4657
vn 0.7046 0.5284 0.4736
vn 0.9048 0.2332 0.3563
vn -0.7895 -0.4320 -0.4360
vn -0.9866 0.1447 0.0756
vn -0.6994 -0.0297 0.7141
vn -0.6624 -0.0459 0.7478
vn -0.6139 -0.0199 0.7892
vn -0.3863 0.7520 0.5341
vn -0.4616 0.3297 0.8236
vn 0.0779 0.7771 0.6245
vn 0.6312 0.7751 0.0266
vn 0.6576 0.7509 -0.0611
vn 0.5789 0.8109 -0.0852
vn 0.9999 -0.0065 -0.0086
vn 0.9982 -0.0118 0.0587
vn 0.9491 -0.2011 -0.2424
vn 0.9846 -0.0951 -0.1469
vn 0.7450 -0.4527 -0.4900
vn -0.6213 -0.5435 -0.5644
vn -0.8741 -0.3295 -0.3569
vn -0.9656 -0.1641 -0.2019
vn 0.1152 -0.5266 -0.8423
vn 0.1169 -0.5131 -0.8503
vn -0.0655 0.7738 0.6300
vn -0.2076 0.7564 0.6203
vn -0.8951 0.1900 0.4034
vn 0.5573 -0.5886 -0.5856
vn 0.0470 -0.7039 -0.7088
vn -0.9100 0.3428 0.2331
vn -0.8414 0.4311 0.3259
vn -0.4627 0.6974 0.5473
vn -0.7182 -0.4211 -0.5540
vn 0.5438 0.6535 0.5265
vn 0.8021 0.4505 0.3921
vn -0.5502 0.4376 0.7112
vn -0.6180 0.3234 0.7166
vn -0.6254 0.4496 0.6378
vn -0.0992 -0.6721 -0.7338
vn -0.5506 -0.3824 -0.7420
vn 0.2118 -0.5402 -0.8145
vn 0.1637 -0.5718 -0.8039
vn -0.3420 0.7275 0.5948
vn 0.9114 -0.1309 0.3901
vn -0.6620 0.0308 0.7488
vn 0.6664 0.1817 0.7231
vn 0.5753 0.2048 0.7919
vn 0.9825 0.1075 0.1519
vn 0.9509 0.1711 0.2578
vn 0.2191 0.5502 0.8058
vn 0.2559 0.4366 0.8625
vn 0.3789 0.4398 0.8143
vn 0.9991 0.0118 -0.0405
vn -0.9359 0.2443 0.2537
vn -0.9709 0.1398 0.1942
vn -0.9597 0.1406 0.2435
vn 0.8876 -0.3064 -0.3439
vn -0.5099 0.4697 0.7207
vn -0.5193 0.4927 0.6983
vn 0.4552 0.2492 -0.8548
vn 0.3589 0.2711 -0.8931
vn 0.3863 0.3750 -0.8427
vn -0.5259 -0.5731 -0.6284
vn -0.9373 -0.2239 -0.2672
vn -0.9786 -0.1198 -0.1675
vn -0.8987 0.3069 0.3133
vn -0.8793 0.3634 0.3078
vn -0.6943 0.4168 0.5867
vn -0.5725 0.4929 0.6552
vn -0.4222 0.6539 0.6278
vn 0.5669 -0.4503 -0.6899
vn 0.4524 -0.4747 -0.7550
vn 0.9977 -0.0197 -0.0652
vn 0.9946 -0.0364 -0.0974
vn 0.6406 -0.5188 -0.5661
vn 0.1730 -0.6787 -0.7138
vn 0.2764 -0.6359 -0.7206
vn -0.4124 -0.5917 -0.6927
vn -0.8120 0.4386 0.3852
vn 0.3468 0.9254 0.1527
vn 0.4325 0.8827 0.1839
vn 0.9776 -0.1622 -0.1345
vn 0.9934 -0.1056 -0.0449
vn 0.9946 -0.0968 -0.0373
vn 0.0166 0.7281 0.6852
vn 0.8284 0.3975 0.3947
vn -0.7703 0.3108 0.5568
vn -0.6928 0.3878 0.6080
vn -0.6884 0.3180 0.6519
vn -0.9829 0.0929 0.1593
vn -0.3041 -0.4260 -0.8521
vn -0.0960 0.5691 0.8167
vn 0.0216 0.5649 0.8249
vn -0.9033 -0.2710 -0.3327
vn -0.9984 0.0563 0.0068
vn -0.6164 -0.3315 -0.7142
vn -0.6311 -0.3679 -0.6830
vn -0.5161 -0.3692 -0.7729
vn 0.9689 0.1993 0.1467
vn 0.9927 0.1121 0.0452
vn -0.8901 -0.0357 0.4545
vn 0.9214 -0.2438 -0.3026
vn 0.4031 -0.6095 -0.6826
vn 0.0515 -0.6646 -0.7455
vn 0.9997 0.0207 -0.0152
vn 0.4649 0.6547 0.5960
vn 0.0563 -0.8540 -0.5172
vn 0.0990 -0.8395 -0.5342
vn -0.3218 0.6287 0.7079
vn -0.2758 0.6953 0.6637
vn -0.3617 0.2130 0.9077
vn 0.8252 -0.3745 -0.4228
vn -0.9989 -0.0363 -0.0302
vn 0.7114 -0.4536 -0.5368
vn 0.1636 -0.6413 -0.7497
vn -0.9287 0.1645 0.3324
vn -0.9807 0.1525 0.1226
vn -0.9444 0.2583 0.2034
vn 0.6934 0.2852 0.6617
vn 0.7349 0.2763 0.6193
vn 0.6483 0.3177 0.6920
vn 0.3246 0.7162 0.6178
vn 0.9930 0.1005 0.0629
vn 0.7973 -0.3847 -0.4652
vn -0.6209 0.4389 0.6495
vn -0.6939 0.4142 0.5890
vn -0.9549 -0.1790 -0.2369
vn -0.9978 -0.0195 -0.0629
vn -0.9966 0.0694 0.0433
vn 0.3801 0.6401 0.6677
vn 0.2490 0.6798 0.6899
vn 0.7536 0.4592 0.4704
vn 0.9988 -0.0429 0.0255
vn -0.9627 -0.1953 -0.1871
vn -0.9276 -0.2702 -0.2578
vn -0.9214 -0.3237 -0.2148
vn 0.2244 -0.6036 -0.7651
vn 0.1882 0.5047 0.8425
vn 0.0321 0.5206 0.8532
vn 0.1550 0.5835 0.7972
vn 0.6760 -0.3225 -0.6626
vn 0.5746 -0.3321 -0.7480
vn -0.9496 0.2200 0.2232
vn -0.9779 -0.1259 -0.1669
vn -0.9707 -0.1062 -0.2154
vn -0.9567 -0.1244 -0.2634
vn -0.9725 0.0009 -0.2329
vn 0.1697 0.7256 0.6668
vn 0.9594 -0.1496 -0.2390
vn 0.9875 -0.1006 -0.1212
vn 0.9888 -0.0800 -0.1258
vn 0.6516 0.5215 0.5509
vn 0.9716 0.1734 0.1609
vn 0.9996 0.0103 -0.0279
vn -0.9466 -0.1269 -0.2963
vn -0.8652 -0.3071 -0.3964
vn -0.9872 -0.0877 -0.1333
vn 0.9667 -0.2521 -0.0438
vn 0.9550 -0.2808 -0.0953
vn 0.9745 -0.2227 -0.0256
vn -0.5944 -0.3884 -0.7042
vn 0.2685 0.6148 0.7416
vn 0.9767 -0.1666 -0.1352
vn 0.5209 0.5759 0.6301
vn 0.8118 0.3845 0.4395
vn 0.8831 0.3238 0.3395
vn 0.9611 -0.1620 -0.2238
vn 0.8691 -0.3099 -0.3856
vn -0.3744 -0.6219 -0.6878
vn -0.4630 -0.5684 -0.6801
vn 0.9976 -0.0022 0.0696
vn -0.1590 -0.6127 -0.7742
vn -0.0284 -0.6307 -0.7755
vn -0.5645 0.3064 0.7664
vn -0.8773 -0.4023 -0.2618
vn -0.9187 -0.3458 -0.1908
vn -0.1886 0.3001 0.9351
vn -0.0551 0.3194 0.9460
vn -0.0601 0.2975 0.9528
vn 0.9119 -0.1528 -0.3808
vn 0.8556 -0.1976 -0.4784
vn 0.8851 -0.1819 -0.4284
vn 0.9276 0.2240 -0.2989
vn 0.8631 0.3230 -0.3881
vn 0.8796 0.3643 -0.3058
vn -0.5223 0.3419 0.7812
vn -0.4038 0.3673 0.8379
vn -0.4894 0.3476 0.7998
vn 0.5924 -0.4631 -0.6592
vn 0.0939 -0.6102 -0.7866
vn -0.0554 -0.8417 -0.5370
vn -0.7641 0.5345 0.3613
vn -0.7378 0.5738 0.3554
vn -0.8049 0.5008 0.3184
vn -0.9532 -0.1887 0.2363
vn -0.9642 -0.2217 0.1458
vn -0.9440 -0.1747 0.2799
vn -0.9798 0.1436 0.1394
vn -0.0943 -0.4594 -0.8832
vn -0.2028 -0.4514 -0.8690
vn -0.1445 -0.4749 -0.8681
vn 0.7753 0.2716 0.5702
vn -0.7465 0.2189 0.6283
vn -0.6693 0.2143 0.7114
vn 0.9952 0.0889 0.0417
vn 0.9899 0.1417 0.0084
vn 0.9737 0.1417 0.1783
vn -0.3149 -0.5798 -0.7514
vn -0.7741 -0.5466 -0.3193
vn -0.7056 -0.6093 -0.3618
vn -0.7596 -0.5624 -0.3267
vn 0.8064 -0.4173 -0.4190
vn 0.7870 -0.4048 -0.4655
vn 0.8608 -0.3847 -0.3331
vn 0.9057 -0.3491 -0.2406
vn -0.9230 -0.2609 -0.2830
vn -0.9535 -0.1943 -0.2304
vn -0.9636 -0.2185 -0.1541
vn -1.0000 -0.0039 0.0007
vn -0.9985 0.0017 -0.0548
vn -0.9930 -0.0986 -0.0654
vn 0.7151 -0.0369 0.6981
vn 0.7851 -0.0639 0.6161
vn 0.7574 -0.0680 0.6495
vn 0.9152 -0.2668 -0.3021
vn 0.9676 -0.1811 -0.1761
vn 0.9209 -0.2404 -0.3068
vn -0.2055 -0.4951 0.8442
vn 0.1988 -0.4975 -0.8444
vn -0.6260 0.1069 0.7725
vn 0.9301 -0.2364 -0.2812
vn 0.9317 -0.2818 -0.2292
vn 0.8903 -0.3606 -0.2782
vn 0.9534 -0.2392 -0.1839
vn 0.9331 -0.2683 -0.2394
vn 0.3086 -0.7121 -0.6307
vn -0.8210 -0.3553 -0.4469
vn 0.4124 0.5661 0.7137
vn 0.9133 -0.2428 -0.3271
vn 0.9949 -0.0654 0.0766
vn 0.9835 0.0307 0.1782
vn 0.9989 -0.0034 0.0476
vn -0.9811 -0.1363 -0.1374
vn -0.8158 -0.3431 -0.4656
vn -0.9676 -0.1444 -0.2072
vn 0.6647 0.3670 0.6508
vn 0.6878 0.3489 -0.6366
vn -0.1780 0.9355 0.3051
vn -0.1173 0.9671 0.2258
vn 0.7474 0.2690 0.6075
vn 0.8300 0.2209 0.5122
vn 0.5271 0.5238 -0.6692
vn 0.6190 0.4900 0.6138
vn -0.3020 -0.5890 -0.7496
vn -0.3539 -0.5873 -0.7279
vn -0.2524 -0.6047 -0.7554
vn -0.9649 -0.0434 0.2590
vn -0.9328 0.1243 0.3384
vn 0.9979 -0.0440 0.0484
vn -0.1850 -0.5730 -0.7984
vn 0.0903 0.5602 -0.8235
vn 0.1739 0.5434 -0.8212
vn 0.1131 0.5042 -0.8561
vn 0.2414 -0.4525 -0.8584
vn -0.4574 0.5135 0.7260
vn -0.4487 0.5791 0.6806
vn 0.9949 0.0745 0.0682
vn -0.7555 -0.3779 -0.5352
vn -0.9872 -0.0586 -0.1482
vn -0.9817 -0.0787 -0.1734
vn -0.9602 -0.1144 -0.2548
vn 0.9935 0.0886 0.0713
vn 0.9824 0.1230 0.1408
vn -0.9688 0.0685 0.2381
vn -0.0174 -0.5456 -0.8379
vn -0.0009 0.8002 -0.5997
vn -0.0566 0.8123 -0.5805
vn 0.5563 -0.5557 -0.6179
vn 0.5898 -0.4108 -0.6952
vn -0.9900 -0.0779 -0.1173
vn -0.8796 0.2592 0.3990
vn 0.1134 0.8064 -0.5804
vn -0.3823 0.4846 0.7868
vn -0.4283 0.4095 0.8055
vn -0.5072 0.4453 0.7379
vn -0.1301 0.4818 0.8665
vn 0.7641 0.3249 0.5572
vn 0.9952 0.0465 0.0863
vn 0.9992 -0.0300 0.0248
vn 0.9401 0.2678 -0.2109
vn 0.6959 -0.4063 -0.5922
vn 0.7887 -0.3524 -0.5038
vn 0.7497 -0.3767 -0.5441
vn -0.9131 -0.3587 -0.1939
vn -0.8720 -0.4237 -0.2450
vn -0.8667 -0.4390 -0.2367
vn -0.0357 0.3631 0.9311
vn -0.1522 0.4006 0.9035
vn -0.0080 0.4324 0.9016
vn 0.9896 -0.1042 -0.0992
vn 0.9631 -0.1714 -0.2073
vn 0.8504 -0.3134 -0.4226
vn 0.8586 -0.2980 -0.4171
vn 0.0638 0.7893 -0.6107
vn 0.0113 0.7685 -0.6397
vn -0.8704 -0.2980 -0.3919
vn -0.8391 -0.2481 -0.4841
vn -0.8149 -0.3911 -0.4277
vn 0.3881 -0.5056 -0.7705
vn 0.3535 -0.5155 -0.7806
vn 0.2556 -0.5294 -0.8089
vn 0.1410 -0.5416 -0.8287
vn 0.1168 -0.5407 -0.8331
vn -0.5436 0.2281 0.8078
vn -0.3557 -0.5153 -0.7797
vn -0.2634 -0.5237 -0.8101
vn -0.2251 -0.5413 -0.8101
vn -0.9539 -0.1920 -0.2306
vn -0.3424 0.0031 0.9396
vn -0.2432 0.0125 0.9699
vn 0.2417 0.3762 0.8944
vn 0.1427 0.4425 0.8853
vn -0.9441 -0.3020 -0.1321
vn -0.9718 -0.2254 -0.0691
vn 0.9649 0.0462 0.2583
vn 0.1909 -0.7440 -0.6403
vn 0.2688 -0.7824 -0.5617
vn 0.9937 -0.1043 -0.0412
vn -0.8619 0.1213 0.4923
vn -0.8532 0.0312 0.5206
vn 0.4509 0.3834 0.8061
vn 0.5235 0.3947 0.7551
vn 0.3981 0.4224 0.8143
vn -0.1141 0.5614 -0.8197
vn -0.1446 0.5928 -0.7922
vn -0.0880 -0.5415 -0.8361
vn -0.1442 -0.5409 -0.8286
vn -0.6113 -0.4428 -0.6560
vn -0.6437 -0.4373 -0.6280
vn -0.9707 -0.1950 -0.1402
vn -0.9807 -0.1520 -0.1227
vn -0.9918 -0.1258 -0.0238
vn 0.9393 0.1646 0.3010
vn 0.9504 0.1240 0.2854
vn -0.2398 0.7393 0.6292
vn -0.1561 0.7397 0.6546
vn -0.4683 0.3385 0.8161
vn -0.5526 0.3593 0.7520
vn -0.6166 0.5498 0.5636
vn -0.3700 0.3716 0.8515
vn -0.2725 0.3634 0.8909
vn -0.2852 0.4360 0.8536
vn 0.3893 0.3509 0.8516
vn 0.6065 0.2635 0.7502
vn -0.6033 -0.3861 -0.6978
vn -0.5287 -0.3720 -0.7629
vn -0.7605 0.3758 0.5295
vn -0.6867 0.4153 0.5966
vn 0.0159 -0.5498 -0.8351
vn 0.0003 -0.5427 -0.8399
vn 0.1259 -0.5417 -0.8311
vn 0.0186 -0.5420 -0.8401
vn -0.8996 -0.1743 -0.4003
vn 0.2561 0.3842 -0.8870
vn -0.8928 0.0968 0.4399
vn -0.5697 0.2867 0.7702
vn -0.3826 0.3219 0.8660
vn -0.7694 0.3623 0.5261
vn 0.0986 0.3781 0.9205
vn 0.0678 -0.5493 -0.8329
vn 0.7071 0.2328 0.6677
vn 0.9952 -0.0921 0.0340
vn -0.8265 -0.4623 -0.3212
vn -0.8373 -0.4287 -0.3392
vn -0.9445 -0.2266 -0.2379
vn 0.0408 -0.7263 -0.6862
vn 0.0771 -0.6035 -0.7936
vn 0.9840 -0.1587 -0.0815
vn 0.0267 0.9050 0.4247
vn 0.1116 0.8856 0.4508
vn 0.1028 0.9191 0.3803
vn -0.7430 0.2371 0.6259
vn 0.4877 -0.4830 -0.7272
vn 0.6081 -0.4424 -0.6592
vn 0.4934 -0.4841 -0.7226
vn 0.6094 -0.6801 -0.4075
vn 0.5633 -0.7028 -0.4345
vn 0.5186 -0.7315 -0.4427
vn -0.7429 0.1986 0.6393
vn 0.1846 0.3383 0.9227
vn 0.8765 0.1518 0.4568
vn 0.9274 0.0630 0.3688
vn 0.9540 -0.2253 -0.1977
vn 0.8446 -0.3378 -0.4153
vn -0.3478 0.5589 0.7528
vn -0.6674 0.7148 -0.2090
vn -0.5735 0.7695 -0.2811
vn -0.2136 -0.5315 -0.8197
vn -0.8536 0.2175 0.4733
vn -0.9980 -0.0119 -0.0624
vn -0.9984 -0.0401 -0.0391
vn -0.6910 0.3376 0.6392
vn -0.6895 0.4529 0.5652
vn 0.8166 0.5279 -0.2333
vn -0.2887 0.3116 0.9053
vn 0.9514 0.1478 0.2702
vn -0.9499 -0.1353 -0.2817
vn -0.8767 -0.3192 -0.3598
vn -0.8886 -0.2967 -0.3497
vn -0.9309 -0.2608 -0.2556
vn -0.4908 0.6559 -0.5735
vn -0.5673 0.6039 -0.5598
vn -0.5661 0.6564 -0.4986
vn 0.8106 -0.0898 0.5787
vn 0.8428 -0.0967 0.5295
vn -0.6508 0.2307 0.7233
vn -0.1662 0.3387 0.9261
vn 0.7719 0.1655 0.6138
vn 0.8562 0.1189 0.5028
vn 0.0803 0.2561 -0.9633
vn 0.1470 0.1264 -0.9810
vn 0.0529 0.1023 -0.9933
vn 0.1617 -0.4210 -0.8925
vn 0.0890 -0.3834 -0.9193
vn -0.1011 -0.5433 -0.8334
vn 0.5008 -0.3811 -0.7771
vn 0.4106 -0.4083 -0.8153
vn 0.3710 -0.4071 -0.8346
vn -0.9250 0.0464 0.3772
vn -0.4820 0.2855 0.8284
vn 0.0756 0.3324 0.9401
vn 0.3036 0.3170 0.8985
vn -0.1782 0.4032 0.8976
vn 0.5584 0.2388 0.7944
vn 0.5023 0.2903 0.8145
vn -0.9598 -0.1075 0.2594
vn -0.5666 0.3388 0.7511
vn -0.6616 0.3005 0.6870
vn -0.5959 0.3160 0.7383
vn -0.0823 -0.5116 -0.8553
vn -0.0039 -0.4780 -0.8784
vn 0.9731 -0.0159 0.2297
vn 0.9728 -0.1993 -0.1183
vn 0.5227 0.6850 0.5074
vn 0.4932 0.7153 0.4952
vn 0.4326 0.7337 0.5241
vn 0.9408 -0.3089 -0.1395
vn 0.9083 -0.3603 -0.2125
vn -0.7425 -0.3972 -0.5394
vn -0.9672 -0.2503 -0.0440
vn -0.9708 -0.2401 0.0029
vn -0.9783 -0.2055 0.0283
vn -0.1557 0.5340 0.8310
vn -0.5665 0.2505 0.7851
vn 0.9450 -0.3033 -0.1224
vn 0.9909 -0.0826 0.1061
vn 0.9897 -0.1429 -0.0107
vn 0.7542 0.1949 -0.6271
vn 0.7956 0.2644 0.5451
vn 0.8580 0.1988 0.4737
vn 0.8777 0.2145 0.4285
vn -0.9101 0.1300 0.3935
vn -0.8638 0.2307 0.4480
vn -0.6515 0.3614 0.6670
vn 0.4302 0.2844 0.8568
vn 0.9912 -0.1247 0.0445
vn 0.9446 -0.2485 -0.2143
vn 0.9086 -0.2876 -0.3030
vn 0.4636 -0.4984 -0.7325
vn 0.7785 -0.3858 -0.4950
vn -0.7929 0.1414 0.5927
vn 0.9101 -0.1951 -0.3655
vn 0.9333 -0.1401 -0.3306
vn 0.9566 -0.1307 -0.2604
vn 0.9844 -0.0781 0.1579
vn -0.5684 -0.4685 -0.6764
vn -0.6668 -0.4363 -0.6042
vn -0.1344 0.4491 0.8833
vn -0.2432 0.4566 0.8558
vn -0.9499 -0.0044 0.3125
vn -0.6083 0.2178 0.7632
vn 0.8341 -0.3243 -0.4462
vn 0.8298 -0.3040 -0.4680
vn 0.6744 0.2046 0.7095
vn 0.5668 0.3367 0.7520
vn 0.5570 0.4513 0.6972
vn 0.9524 -0.0038 0.3048
vn 0.8583 -0.3354 -0.3884
vn 0.4916 0.8659 -0.0919
vn 0.4370 0.8782 -0.1945
vn -0.2171 0.7283 -0.6500
vn -0.2722 0.7409 -0.6140
vn -0.1944 0.7689 -0.6091
vn -0.9848 -0.1662 -0.0503
vn 0.4633 -0.3250 -0.8245
vn -0.9779 -0.2009 0.0575
vn -0.9677 -0.2383 -0.0823
vn 0.0641 0.3019 0.9512
vn -0.5866 0.7881 -0.1867
vn 0.9813 -0.1826 -0.0614
vn 0.9570 -0.2345 -0.1707
vn -0.9290 0.1612 0.3332
vn -0.8490 -0.3382 -0.4059
vn -0.7664 -0.3865 -0.5131
vn -0.4905 -0.7053 -0.5118
vn -0.4653 -0.7500 -0.4701
vn -0.5546 -0.6874 -0.4689
vn 0.3421 0.2780 0.8976
vn -0.0540 0.2987 0.9528
vn -0.1660 0.2898 0.9426
vn -0.5415 0.6267 0.5604
vn -0.4596 0.6847 0.5657
vn 0.8638 -0.4040 -0.3011
vn 0.2148 0.9401 0.2646
vn 0.1196 0.9520 0.2817
vn 0.1791 0.9225 0.3420
vn 0.7830 0.2289 0.5783
vn 0.7592 0.2006 0.6192
vn -0.9130 -0.2898 -0.2873
vn -0.4401 0.3758 0.8156
vn -0.9967 0.0810 -0.0031
vn -0.2880 0.2784 0.9163
vn 0.4622 0.2478 0.8515
vn 0.9235 -0.1444 -0.3554
vn 0.8299 0.1108 0.5468
vn 0.9160 -0.2854 -0.2819
vn 0.8773 -0.3226 -0.3553
vn 0.2205 -0.5417 -0.8112
vn -0.9584 -0.2292 -0.1701
vn -0.9903 -0.1343 0.0359
vn -0.1698 -0.4372 -0.8832
vn -0.1270 -0.4375 -0.8902
vn -0.2544 -0.4286 -0.8669
vn -0.5858 0.1955 0.7865
vn -0.8310 0.2269 0.5079
vn 0.7415 0.1563 0.6525
vn -0.6172 -0.3233 -0.7173
vn 0.8985 0.0595 0.4349
vn 0.9884 -0.1514 0.0134
vn 0.9700 -0.2136 -0.1157
vn 0.8057 -0.3742 -0.4592
vn 0.4242 0.0535 0.9040
vn 0.4417 0.0039 0.8971
vn -0.5885 -0.4665 -0.6603
vn -0.9422 -0.2555 -0.2166
vn 0.9968 0.0291 0.0751
vn 0.9805 0.0909 0.1743
vn 0.9977 0.0383 0.0563
vn 0.9819 -0.1809 -0.0559
vn 0.1371 -0.5468 -0.8259
vn -0.6865 -0.4313 -0.5854
vn -0.9769 -0.1945 -0.0882
vn -0.8502 -0.3042 -0.4297
vn -0.7928 -0.3561 -0.4946
vn -0.8378 -0.3449 -0.4232
vn -0.8284 0.3258 0.4557
vn 0.8934 -0.2950 -0.3389
vn -0.4070 0.6595 0.6320
vn 0.8026 0.1189 0.5845
vn -0.3479 0.6215 0.7020
vn -0.3491 0.4866 0.8008
vn -0.8948 -0.2952 -0.3351
vn 0.7507 -0.2949 -0.5911
vn -0.8854 -0.3164 -0.3406
vn 0.7321 -0.3590 -0.5790
vn 0.6562 -0.3985 -0.6408
vn -0.9427 0.0030 0.3335
vn -0.8928 0.0571 0.4468
vn 0.3865 0.2599 0.8849
vn 0.4955 0.2382 0.8353
vn -0.7402 0.3391 -0.5806
vn 0.7472 -0.0498 0.6627
vn 0.8119 -0.0797 0.5783
vn 0.9899 -0.1225 0.0712
vn 0.7239 -0.3029 -0.6198
vn 0.2413 -0.5341 -0.8102
vn -0.5787 0.6594 0.4798
vn -0.5500 0.6908 0.4694
vn -0.6444 0.6266 0.4382
vn -0.4989 -0.4882 -0.7161
vn 0.0074 -0.3669 -0.9302
vn -0.9739 -0.0485 0.2219
vn -0.8244 0.1096 0.5553
vn -0.3656 0.2721 0.8901
vn -0.2563 0.2891 0.9223
vn -0.6555 0.7334 0.1801
vn -0.7240 0.6736 0.1484
vn -0.1132 0.4679 0.8765
vn 0.3535 -0.5175 -0.7792
vn 0.1747 0.7614 0.6243
vn 0.1876 0.7117 0.6770
vn 0.2529 0.7366 0.6272
vn -0.6096 -0.4574 -0.6475
vn 0.9531 0.1132 0.2806
vn 0.3126 0.2761 0.9089
vn 0.3815 0.4354 0.8154
vn 0.4492 0.4246 0.7861
vn -0.9166 -0.2804 -0.2848
vn -0.6847 0.1808 0.7061
vn -0.5954 0.2162 0.7738
vn -0.4848 0.2446 0.8397
vn 0.4069 0.7007 0.5861
vn 0.5051 0.6284 0.5916
vn 0.7855 0.4037 0.4690
vn 0.8099 0.3072 0.4997
vn 0.8457 0.3415 0.4100
vn 0.4263 0.2608 0.8662
vn 0.8504 0.1013 0.5164
vn 0.9903 -0.0869 0.1086
vn -0.5668 -0.0287 0.8234
vn -0.9707 -0.1777 -0.1621
vn 0.2397 -0.5289 -0.8141
vn -0.7110 -0.4181 -0.5654
vn 0.9657 -0.1120 -0.2342
vn -0.9671 0.2371 0.0922
vn -0.9575 0.2448 0.1526
vn -0.9301 0.3291 0.1629
vn 0.7289 0.1821 0.6600
vn 0.4808 -0.0827 -0.8729
vn 0.3975 -0.1204 -0.9096
vn 0.3690 0.0944 -0.9246
vn -0.5907 0.4029 0.6991
vn -0.3500 -0.4540 -0.8194
vn -0.2102 0.6901 -0.6925
vn -0.2778 0.6939 -0.6643
vn 0.1909 0.8915 0.4108
vn 0.1934 0.8626 0.4674
vn 0.2783 0.8640 0.4195
vn 0.2577 0.2991 0.9188
vn 0.5336 0.2393 0.8112
vn -0.1793 0.3947 0.9011
vn -0.2338 0.3482 0.9078
vn -0.1116 0.3683 0.9230
vn -0.1820 -0.3845 -0.9050
vn 0.9445 -0.2394 -0.2247
vn -0.6227 -0.4480 -0.6416
vn -0.9357 0.0251 0.3518
vn -0.9775 -0.1370 -0.1607
vn -0.9492 -0.1752 -0.2613
vn -0.6197 0.1724 -0.7656
vn -0.7507 0.1609 0.6407
vn -0.2947 0.3047 0.9057
vn -0.2902 0.9179 -0.2706
vn 0.9726 -0.0338 0.2302
vn -0.1475 0.8007 0.5806
vn 0.9731 -0.1973 -0.1191
vn -0.9244 -0.0554 -0.3775
vn -0.9467 0.0367 -0.3199
vn -0.8950 0.1188 -0.4299
vn 0.1194 -0.5347 -0.8366
vn -0.3463 -0.5081 -0.7886
vn -0.9730 -0.0343 0.2284
vn -0.4588 0.7375 0.4955
vn -0.5077 0.7262 0.4635
vn -0.4322 0.2735 0.8593
vn -0.8753 0.2773 0.3962
vn 0.2085 0.6261 0.7514
vn 0.3567 0.2921 0.8874
vn 0.7809 0.1407 0.6087
vn 0.7553 -0.3902 -0.5265
vn -0.0491 0.5732 -0.8179
vn -0.0040 -0.5328 -0.8462
vn -0.8816 0.0837 0.4646
vn -0.7461 0.1893 0.6383
vn 0.4605 0.2765 0.8435
vn -0.1172 0.6226 0.7737
vn -0.6056 -0.3514 -0.7140
vn -0.6902 -0.3199 -0.6491
vn 0.9455 0.0133 0.3253
vn 0.2349 -0.5217 -0.8201
vn -0.6772 -0.4195 -0.6045
vn -0.9370 -0.2480 -0.2459
vn -0.6271 0.3107 0.7143
vn -0.4698 -0.5382 -0.6997
vn 0.2804 -0.4770 -0.8330
vn 0.4289 0.4848 0.7622
vn 0.4953 0.4830 0.7221
vn -0.9693 -0.2159 0.1177
vn -0.8800 -0.3024 -0.3663
vn -0.9271 0.0624 0.3696
vn 0.5584 0.8296 0.0024
vn 0.5852 0.8023 0.1178
vn -0.8161 0.1396 0.5608
vn -0.5084 0.2855 0.8124
vn 0.6679 0.2280 0.7085
vn 0.8134 0.1489 0.5624
vn -0.3180 0.7069 0.6318
vn -0.5321 -0.5927 -0.6046
vn -0.6275 -0.5302 -0.5702
vn -0.6005 -0.6030 -0.5252
vn 0.2732 0.7816 0.5608
vn 0.3369 0.7729 0.5377
vn 0.2300 0.8032 0.5496
vn -0.7387 -0.3814 -0.5557
vn -0.4057 0.3033 0.8622
vn 0.5668 0.2543 0.7836
vn -0.5622 -0.6950 -0.4481
vn -0.4881 -0.7351 -0.4706
vn -0.5098 -0.7046 -0.4937
vn 0.8603 -0.1094 0.4979
vn 0.8895 -0.1248 0.4396
vn 0.3407 0.7082 -0.6184
vn 0.2747 0.7104 -0.6480
vn -0.7865 0.2834 0.5487
vn -0.7125 0.3168 0.6261
vn -0.8027 0.0131 0.5962
vn -0.7757 -0.0403 0.6298
vn 0.3821 0.3197 0.8671
vn 0.9235 0.0232 0.3829
vn 0.7581 -0.3755 -0.5331
vn 0.2387 0.8750 -0.4211
vn 0.4268 0.6916 -0.5827
vn 0.3598 0.7437 -0.5634
vn -0.8718 0.1219 0.4744
vn 0.5611 0.3479 0.7511
vn 0.5976 0.3182 0.7360
vn 0.4887 0.3511 0.7987
vn -0.8203 -0.4985 -0.2802
vn 0.9870 -0.0397 0.1558
vn -0.5087 -0.4662 -0.7238
vn 0.1009 0.4017 0.9102
vn 0.1702 0.4002 0.9005
vn -0.6439 0.1203 0.7556
vn -0.9026 -0.2674 -0.3374
vn -0.9803 -0.0366 0.1939
vn 0.8062 -0.3835 -0.4505
vn 0.8670 -0.3278 -0.3753
vn -0.3484 0.3396 0.8736
vn -0.6363 -0.6180 -0.4617
vn -0.6987 -0.5397 -0.4695
vn -0.6945 -0.5907 -0.4107
vn -0.9529 0.3007 0.0384
vn -0.9654 0.2580 -0.0378
vn 0.9879 0.0660 0.1404
vn -0.9836 -0.1105 -0.1427
vn -0.9706 -0.1596 -0.1804
vn -0.9939 -0.0957 -0.0553
vn -0.9679 -0.1953 0.1585
vn -0.2063 0.4631 0.8620
vn -0.3100 0.4505 0.8372
vn -0.6391 0.4697 -0.6090
vn -0.7363 0.4205 -0.5301
vn 0.1858 -0.5984 -0.7793
vn -0.6832 0.2337 0.6919
vn 0.3688 0.7804 0.5050
vn 0.3999 0.7585 0.5145
vn 0.6728 -0.4211 -0.6083
vn -0.1188 0.9926 0.0231
vn -0.0399 0.9990 0.0200
vn -0.0581 0.4079 0.9112
vn 0.1779 0.0168 0.9839
vn 0.2565 0.0326 0.9660
vn 0.4914 0.3020 0.8169
vn -0.9541 -0.2088 -0.2148
vn -0.7377 -0.3570 -0.5730
vn -0.8168 -0.2964 -0.4949
vn 0.7902 -0.4030 -0.4617
vn 0.8467 -0.4094 -0.3398
vn -0.5242 0.8393 -0.1443
vn 0.0212 0.3776 0.9257
vn 0.5532 -0.2520 -0.7940
vn 0.4590 -0.2760 -0.8445
vn 0.8390 0.1665 0.5181
vn 0.9996 0.0157 0.0247
vn 0.6667 -0.4071 -0.6244
vn 0.1358 0.5058 0.8519
vn 0.0805 -0.7867 -0.6121
vn 0.0132 -0.8245 -0.5658
vn -0.0051 -0.7851 -0.6194
vn -0.0861 -0.8025 -0.5904
vn 0.2076 -0.5726 -0.7931
vn 0.2051 -0.6025 -0.7713
vn 0.1051 -0.5925 -0.7987
vn 0.2920 0.3641 0.8844
vn 0.4117 0.3517 0.8407
vn 0.5971 0.2788 0.7521
vn 0.4074 -0.4002 -0.8209
vn 0.4613 -0.3458 -0.8171
vn 0.7575 -0.3557 -0.5474
vn 0.8854 -0.2497 -0.3921
vn -0.6581 0.2777 0.6998
vn -0.4549 -0.3470 -0.8202
vn 0.0310 0.4120 0.9106
vn 0.1007 0.4319 0.8963
vn 0.9941 -0.0321 0.1038
vn 0.9823 -0.1477 -0.1155
vn -0.6289 -0.4275 -0.6495
vn -0.2943 0.3820 0.8761
vn 0.9262 -0.2226 -0.3042
vn 0.5928 0.6807 0.4304
vn 0.6396 0.6338 0.4350
vn 0.6687 0.6291 0.3963
vn 0.7010 0.3557 0.6181
vn 0.9609 -0.1711 -0.2177
vn -0.9819 0.1884 0.0207
vn -0.7613 -0.4043 -0.5068
vn -0.9600 -0.1442 -0.2400
vn -0.9394 -0.2361 -0.2486
vn 0.5193 0.3299 0.7883
vn 0.6244 -0.3908 -0.6763
vn 0.5883 -0.4292 -0.6853
vn 0.6701 -0.3863 -0.6338
vn -0.0703 -0.8660 0.4951
vn -0.3397 0.0116 0.9405
vn -0.0557 0.5454 0.8363
vn -0.3840 0.9198 -0.0811
vn -0.3750 0.9266 0.0291
vn -0.3470 -0.6228 -0.7013
vn -0.2493 -0.7089 -0.6598
vn -0.3415 -0.7188 -0.6055
vn 0.9843 0.0384 0.1723
vn -0.9778 0.1396 0.1565
vn 0.7357 0.3617 0.5726
vn 0.3625 -0.3763 -0.8527
vn -0.8310 -0.3231 -0.4528
vn 0.6004 -0.6757 -0.4277
vn -0.2365 0.4263 0.8731
vn 0.3390 0.3990 0.8520
vn 0.5074 0.8486 0.1497
vn -0.9419 -0.2336 -0.2411
vn -0.0674 0.9237 -0.3771
vn 0.9669 -0.1749 0.1860
vn 0.9768 -0.1844 0.1090
vn 0.9262 0.2044 0.3168
vn -0.3357 0.4213 0.8425
vn 0.5474 0.3574 0.7567
vn 0.6386 -0.2692 -0.7209
vn 0.4147 -0.5521 -0.7234
vn 0.5259 -0.5218 -0.6716
vn 0.9641 -0.1364 -0.2277
vn 0.9279 -0.1946 -0.3181
vn 0.8776 -0.2288 -0.4212
vn 0.8329 -0.2793 -0.4778
vn 0.7555 -0.3309 -0.5655
vn 0.6589 -0.3651 -0.6576
vn -0.5532 0.5735 0.6042
vn -0.0054 -0.4622 -0.8868
vn 0.1144 -0.4216 -0.8995
vn 0.1766 -0.4800 -0.8593
vn 0.0510 -0.4979 -0.8657
vn -0.9227 -0.3272 -0.2039
vn -0.6015 -0.4031 -0.6898
vn -0.8586 -0.2568 -0.4437
vn 0.1258 0.4996 0.8571
vn -0.9490 -0.1686 -0.2665
vn -0.9989 -0.0411 -0.0216
vn -0.9700 0.1001 0.2215
vn 0.1405 -0.4412 -0.8863
vn 0.0360 -0.4310 -0.9016
vn -0.9720 -0.2290 -0.0529
vn -0.9447 -0.3034 -0.1248
vn -0.9474 -0.2980 -0.1170
vn -0.8646 -0.1901 -0.4651
vn 0.1486 -0.8466 -0.5111
vn 0.2439 -0.8302 -0.5014
vn 0.2015 -0.8280 -0.5233
vn -0.8135 -0.3488 -0.4653
vn -0.8078 0.3337 0.4859
vn -0.8118 0.2217 0.5403
vn -0.7546 0.3400 0.5613
vn 0.2781 0.4387 0.8545
vn 0.6258 0.3443 0.6999
vn 0.1092 0.8224 0.5583
vn 0.9923 0.0499 0.1136
vn 0.6298 0.6919 -0.3529
vn 0.6141 0.6528 -0.4436
vn 0.9960 0.0204 0.0869
vn 0.9948 0.0123 0.1011
vn 0.9867 0.0025 0.1624
vn 0.9704 0.0194 0.2407
vn -0.4307 0.0074 0.9025
vn -0.4754 0.0536 0.8781
vn -0.3766 0.0529 0.9249
vn 0.3111 -0.5809 -0.7522
vn 0.3469 -0.6395 -0.6861
vn -0.2058 0.9783 0.0242
vn -0.2912 -0.4588 -0.8395
vn -0.8277 -0.2627 -0.4959
vn -0.9998 -0.0073 -0.0193
vn 0.9471 -0.0625 0.3148
vn 0.9905 0.0185 0.1364
vn 0.9723 0.0673 0.2237
vn 0.4271 -0.4222 -0.7996
vn 0.5518 -0.3941 -0.7350
vn -0.9023 -0.1306 0.4109
vn 0.9891 -0.0723 -0.1280
vn 0.9235 -0.1745 -0.3415
vn -0.4123 -0.4380 -0.7988
vn 0.9872 -0.1543 0.0400
vn 0.9848 -0.1509 -0.0858
vn -0.5195 -0.0012 0.8545
vn -0.4791 -0.0156 0.8776
vn -0.9489 0.1528 0.2761
vn -0.7622 0.2967 0.5754
vn 0.8123 0.2059 0.5458
vn -0.3220 -0.4329 -0.8420
vn -0.2698 -0.4602 -0.8458
vn 0.3188 -0.5865 -0.7446
vn -0.9982 -0.0321 0.0513
vn -0.9934 -0.0968 -0.0607
vn -0.9961 -0.0744 -0.0481
vn 0.2963 -0.4537 -0.8404
vn -0.8993 -0.2095 -0.3839
vn -0.3344 0.1388 -0.9322
vn -0.2591 0.1463 -0.9547
vn 0.7915 -0.2805 -0.5430
vn 0.7084 0.3174 0.6305
vn 0.6353 0.3642 0.6810
vn -0.5577 0.4198 -0.7161
vn 0.8564 -0.2317 -0.4615
vn 0.8056 -0.2789 -0.5227
vn -0.1733 -0.4658 -0.8678
vn -0.5288 -0.4104 -0.7429
vn -0.5352 -0.4043 -0.7417
vn -0.8907 0.2664 0.3684
vn -0.9107 0.2161 0.3520
vn -0.9414 0.1998 0.2718
vn -0.9970 0.0459 0.0629
vn 0.0313 0.4778 0.8779
vn 0.9996 0.0261 0.0136
vn -0.6007 -0.3482 -0.7196
vn 0.3872 0.8697 -0.3060
vn 0.1210 0.4705 0.8741
vn 0.7348 0.3218 0.5970
vn -0.8157 -0.4930 -0.3026
vn -0.8688 -0.4278 -0.2492
vn 0.9644 -0.2012 0.1719
vn 0.9683 -0.2266 0.1053
vn 0.7206 -0.3275 -0.6111
vn -0.4795 0.3858 0.7882
vn -0.3480 0.4157 0.8403
vn 0.5598 0.3954 0.7282
vn 0.6622 0.3592 0.6576
vn -0.7791 -0.4864 -0.3955
vn 0.2375 0.3915 0.8890
vn 0.3184 0.3802 0.8684
vn 0.6272 -0.3582 -0.6916
vn 0.5250 -0.3842 -0.7594
vn -0.2284 -0.4477 -0.8645
vn -0.3567 -0.4311 -0.8288
vn -0.4766 -0.4072 -0.7792
vn -0.8344 -0.3460 -0.4290
vn -0.7852 -0.3478 -0.5124
vn -0.8641 -0.3031 -0.4019
vn -0.7628 -0.2920 -0.5770
vn -0.6866 -0.3340 -0.6457
vn 0.7521 0.3149 0.5789
vn 0.8156 0.2717 0.5109
vn 0.9758 -0.2063 -0.0720
vn 0.9444 -0.2980 -0.1386
vn 0.9526 0.1517 0.2639
vn 0.7723 -0.2879 -0.5663
vn 0.1783 -0.4583 -0.8707
vn 0.0624 -0.4551 -0.8883
vn -0.5950 -0.3688 -0.7141
vn 0.1672 0.2690 0.9485
vn 0.2503 0.3473 0.9037
vn 0.7370 0.6742 -0.0481
vn 0.8090 0.5862 -0.0432
vn -0.6444 0.6323 -0.4301
vn 0.9140 -0.1776 -0.3648
vn 0.2720 -0.5256 -0.8061
vn 0.3047 -0.5675 -0.7649
vn 0.9426 0.3108 -0.1225
vn 0.9749 0.2184 -0.0444
vn 0.9776 0.1674 -0.1277
vn -0.8867 -0.2083 -0.4129
vn -0.7905 -0.3409 -0.5088
vn -0.0066 -0.6089 -0.7933
vn 0.0440 0.4662 0.8836
vn 0.1464 0.4721 0.8693
vn 0.8150 0.2610 0.5174
vn 0.9992 -0.0378 -0.0126
vn 0.9998 -0.0197 -0.0083
vn 0.4552 0.4439 0.7718
vn 0.8665 -0.2542 -0.4296
vn 0.9204 -0.2092 -0.3302
vn 0.9046 -0.1923 -0.3804
vn -0.9386 -0.1586 -0.3062
vn -0.1073 -0.5865 -0.8028
vn 0.4623 0.7832 -0.4159
vn 0.5233 0.7264 -0.4455
vn 0.4123 0.7676 -0.4907
vn -0.2265 -0.5930 -0.7727
vn -0.1278 -0.6144 -0.7786
vn 0.9778 0.1030 0.1824
vn 0.7913 0.4532 -0.4104
vn 0.7808 0.4062 -0.4747
vn -0.0956 -0.6138 -0.7837
vn -0.7362 -0.0595 0.6742
vn -0.7478 -0.0681 0.6604
vn 0.7797 0.3072 0.5455
vn 0.8228 0.2695 0.5004
vn -0.3423 0.6514 -0.6772
vn -0.3352 0.5975 -0.7285
vn -0.4168 0.5947 -0.6874
vn 0.8019 -0.2633 -0.5363
vn 0.6923 -0.3235 -0.6451
vn -0.0370 -0.4481 -0.8932
vn -0.1712 -0.4444 -0.8793
vn -0.3069 -0.4254 -0.8514
vn -0.4259 -0.4041 -0.8095
vn -0.5248 -0.3837 -0.7598
vn -0.9283 -0.1589 -0.3362
vn 0.6873 0.3383 0.6428
vn -0.5556 0.3355 -0.7608
vn -0.4734 0.4440 -0.7608
vn 0.6031 0.4588 0.6525
vn 0.4626 0.0986 -0.8811
vn 0.3039 -0.4373 -0.8464
vn -0.3202 -0.5400 -0.7784
vn -0.6091 0.4590 0.6468
vn 0.5183 -0.0128 0.8551
vn 0.6068 -0.0341 0.7941
vn 0.6118 -0.0215 0.7907
vn -0.9813 0.1463 0.1248
vn -0.9955 0.0678 0.0655
vn -0.9944 0.0513 0.0921
vn 0.9818 0.0971 0.1630
vn -0.9675 -0.1061 -0.2295
vn 0.3135 0.4330 0.8451
vn 0.4910 0.4094 0.7689
vn 0.5930 0.3773 0.7113
vn 0.8745 0.2306 0.4267
vn 0.1880 0.4529 0.8715
vn 0.4256 0.4090 0.8072
vn 0.3759 0.6161 -0.6922
vn 0.3652 0.5739 -0.7330
vn 0.2902 0.6116 -0.7360
vn 0.8454 0.2947 0.4455
vn -0.5283 0.1288 0.8393
vn -0.1944 -0.6042 -0.7728
vn -0.5106 -0.3772 -0.7727
vn -0.5141 -0.4491 -0.7307
vn -0.0951 0.4592 0.8832
vn 0.8424 0.2460 0.4794
vn -0.5312 -0.3230 -0.7833
vn 0.9982 0.0380 0.0473
vn -0.0967 0.7832 0.6142
vn 0.3030 -0.4212 -0.8549
vn 0.8505 -0.2586 -0.4581
vn 0.7976 -0.2798 -0.5343
vn 0.7630 -0.3118 -0.5663
vn -0.8822 -0.3468 -0.3185
vn -0.8785 -0.3929 -0.2717
vn -0.5147 0.4828 0.7085
vn 0.9558 -0.1859 -0.2277
vn -0.9968 -0.0727 -0.0327
vn -0.9847 -0.1478 -0.0926
vn 0.8175 0.1106 0.5653
vn -0.2341 -0.4367 -0.8686
vn -0.2942 -0.2504 -0.9224
vn -0.1819 -0.2304 -0.9559
vn 0.5524 0.7243 0.4127
vn 0.6230 0.6783 0.3895
vn -0.9869 0.0780 0.1414
vn 0.5278 0.3810 0.7591
vn 0.6203 -0.6571 -0.4284
vn 0.6347 -0.6622 -0.3984
vn 0.5138 0.7697 0.3788
vn 0.4450 0.8007 0.4011
vn 0.4781 0.7643 0.4328
vn -0.3389 -0.4557 -0.8231
vn -0.2745 -0.5896 -0.7596
vn -0.9157 -0.1710 -0.3637
vn -0.3021 0.9393 -0.1624
vn -0.6970 0.3260 0.6387
vn -0.2218 0.4447 0.8678
vn -0.0098 0.4432 0.8964
vn 0.1156 0.4383 0.8914
vn 0.9989 -0.0211 -0.0412
vn 0.7880 -0.3591 -0.5002
vn 0.7516 -0.4037 -0.5217
vn -0.0179 -0.4438 -0.8959
vn 0.5749 -0.4044 -0.7113
vn 0.2418 0.4242 0.8727
vn -0.9669 -0.2539 -0.0258
vn 0.5126 0.7291 0.4535
vn -0.6931 -0.6145 -0.3767
vn -0.6294 -0.6641 -0.4035
vn -0.7477 0.2815 0.6015
vn 0.3591 0.4027 0.8419
vn 0.4644 0.3763 0.8017
vn 0.6238 0.3465 0.7006
vn 0.8429 0.2227 0.4897
vn 0.8985 0.1695 0.4049
vn -0.0009 0.2243 -0.9745
vn -0.0410 0.0612 -0.9973
vn -0.4443 -0.4414 -0.7796
vn -0.4224 -0.4163 -0.8051
vn -0.2148 0.4205 0.8815
vn -0.3109 0.3939 0.8650
vn -0.1225 0.4406 0.8893
vn 0.9269 0.0247 -0.3746
vn 0.4768 -0.3898 -0.7878
vn -0.9015 -0.1926 -0.3875
vn -0.9655 0.1151 0.2335
vn -0.1508 0.6843 -0.7134
vn -0.0911 0.7208 -0.6871
vn 0.1736 0.4103 0.8952
vn 0.7354 0.3910 0.5534
vn -0.7266 0.5000 -0.4712
vn -0.8019 0.3970 -0.4465
vn -0.9545 0.1222 0.2719
vn -0.9158 0.1597 0.3686
vn 0.4486 -0.4012 -0.7987
vn 0.0782 -0.4497 -0.8898
vn 0.7579 0.5912 0.2758
vn 0.6966 0.6662 0.2663
vn 0.2946 0.3958 0.8698
vn 0.3994 0.3793 0.8347
vn -0.0930 -0.9492 0.3006
vn -0.3867 -0.3872 -0.8370
vn -0.3083 -0.4246 -0.8513
vn -0.2633 -0.3974 -0.8791
vn -0.1158 -0.4494 -0.8858
vn -0.2263 -0.4363 -0.8709
vn 0.3005 0.9362 -0.1822
vn 0.8400 0.4049 0.3611
vn 0.8256 0.4497 0.3408
vn 0.6570 0.3111 0.6867
vn -0.9913 0.0422 0.1250
vn 0.8648 -0.2339 -0.4442
vn -0.7883 -0.2423 -0.5656
vn -0.7043 -0.2186 -0.6754
vn -0.7361 -0.3680 -0.5681
vn 0.3358 0.5376 -0.7734
vn 0.0805 -0.5768 -0.8129
vn 0.1985 -0.5905 -0.7823
vn -0.0488 -0.3916 -0.9188
vn -0.5390 0.2947 0.7891
vn 0.9894 0.0611 0.1318
vn -0.4009 0.7528 0.5221
vn 0.9988 -0.0498 0.0008
vn 0.9008 0.1635 0.4023
vn 0.9134 -0.1948 -0.3574
vn -0.0102 -0.4547 -0.8906
vn -0.2319 -0.3581 -0.9044
vn -0.3193 -0.3642 -0.8749
vn 0.1140 0.5718 0.8124
vn 0.8631 -0.4275 -0.2689
vn -0.9816 0.1635 0.0986
vn 0.9695 -0.0145 0.2447
vn -0.6586 0.7428 -0.1205
vn -0.7307 0.6728 -0.1159
vn 0.5798 0.4181 0.6993
vn 0.6618 0.3821 0.6449
vn -0.9310 -0.3222 -0.1712
vn -0.9585 -0.0787 0.2740
vn -0.9665 -0.1611 0.1998
vn -0.2752 0.3861 0.8804
vn 0.8803 -0.2635 -0.3945
vn 0.3675 0.3718 0.8524
vn -0.6483 0.3795 -0.6601
vn 0.1026 -0.4573 -0.8834
vn 0.6732 -0.0422 0.7383
vn 0.6887 -0.0512 0.7232
vn -0.4952 0.3234 -0.8063
vn 0.9866 -0.1158 -0.1153
vn 0.9603 -0.1637 -0.2259
vn -0.8952 0.4227 0.1411
vn -0.9082 0.4142 0.0604
vn -0.9363 0.3355 0.1042
vn 0.1107 -0.0437 -0.9929
vn -0.9827 -0.1121 -0.1473
vn 0.6717 0.4632 0.5781
vn 0.7019 0.3155 0.6386
vn 0.7449 0.3755 0.5515
vn 0.4436 0.3539 0.8234
vn 0.6420 0.2987 0.7061
vn 0.9294 0.1264 0.3468
vn -0.6851 -0.3540 -0.6367
vn -0.9835 0.0469 0.1744
vn -0.6290 -0.6495 -0.4272
vn -0.5732 -0.6618 -0.4832
vn -0.3700 0.3737 0.8506
vn 0.5484 0.3277 0.7693
vn -0.7534 -0.4655 -0.4645
vn -0.7716 -0.5041 -0.3879
vn 0.9156 -0.2124 -0.3415
vn 0.7243 -0.3466 -0.5960
vn -0.8143 0.3239 0.4816
vn -0.8994 -0.2374 -0.3670
vn -0.2396 0.3970 0.8860
vn 0.6317 -0.0183 0.7750
vn 0.5410 -0.0078 0.8410
vn 0.8438 -0.2281 -0.4858
vn -0.1500 0.2904 0.9451
vn 0.4085 0.3698 0.8345
vn -0.1136 0.8521 0.5108
vn -0.0470 0.8816 0.4696
vn -0.1345 0.8798 0.4558
vn 0.8644 -0.2677 -0.4256
vn 0.8007 -0.3051 -0.5155
vn -0.3603 -0.4001 -0.8427
vn -0.3733 0.9082 -0.1893
vn -0.8345 -0.4103 -0.3678
vn -0.8443 0.2859 0.4533
vn 0.5038 0.3488 0.7903
vn 0.8477 -0.2543 -0.4655
vn -0.9859 0.0284 0.1649
vn -0.8976 0.1572 0.4119
vn -0.1629 0.9786 0.1257
vn -0.0762 0.9890 0.1270
vn -0.5542 -0.5189 -0.6508
vn -0.5761 -0.4633 -0.6734
vn -0.6448 -0.4695 -0.6031
vn -0.8381 -0.3018 -0.4543
vn 0.6282 -0.4932 -0.6017
vn 0.5996 0.3202 0.7335
vn -0.0513 0.6950 -0.7172
vn 0.6928 -0.4005 -0.5997
vn 0.4874 -0.5085 -0.7098
vn 0.6418 0.7253 -0.2490
vn 0.6363 0.2880 0.7157
vn 0.6320 0.4037 0.6615
vn -0.6371 -0.3973 -0.6605
vn -0.9888 -0.0426 -0.1433
vn 0.9232 -0.2274 -0.3099
vn -0.2187 -0.4969 -0.8398
vn -0.5143 -0.6623 -0.5449
vn -0.4455 -0.6527 -0.6128
vn -0.3348 -0.3653 -0.8686
vn 0.3153 0.3941 0.8633
vn 0.5476 0.3561 0.7572
vn 0.9129 0.1436 0.3820
vn 0.9604 0.0849 0.2655
vn 0.9976 -0.0314 0.0615
vn -0.7000 0.6310 -0.3344
vn -0.7278 0.5572 -0.3999
vn -0.7974 0.5288 -0.2909
vn -0.4901 0.7118 0.5031
vn 0.9932 -0.0978 -0.0639
vn -0.4033 -0.0063 0.9150
vn -0.4346 -0.0020 0.9006
vn 0.8025 0.2376 0.5473
vn 0.9689 -0.1629 -0.1861
vn 0.7904 -0.3294 -0.5164
vn -0.1811 0.5463 -0.8178
vn 0.0303 0.7317 -0.6809
vn 0.0557 0.6896 -0.7220
vn 0.8607 -0.2991 -0.4121
vn -0.8742 0.1863 0.4484
vn 0.5976 0.3593 0.7168
vn 0.9807 0.0448 0.1905
vn 0.5836 -0.4693 -0.6627
vn 0.4002 -0.5157 -0.7576
vn 0.2979 -0.5119 -0.8057
vn 0.1883 -0.5488 -0.8145
vn -0.1686 -0.5428 -0.8228
vn -0.2966 -0.5217 -0.7999
vn -0.9398 0.1388 0.3123
vn -0.9897 0.0179 0.1422
vn -0.6353 0.3365 0.6951
vn -0.5379 0.3738 0.7556
vn 0.9455 0.1118 0.3058
vn 0.9805 -0.1464 -0.1310
vn 0.9525 -0.2062 -0.2241
vn 0.1654 0.8051 0.5697
vn -0.9980 -0.0526 0.0352
vn -0.3036 0.4080 0.8610
vn -0.3340 0.3208 0.8863
vn -0.4033 0.3877 0.8289
vn 0.0387 0.4658 0.8841
vn -0.6085 -0.4812 -0.6311
vn -0.4625 0.4475 0.7654
vn -0.3363 0.4716 0.8152
vn 0.3062 -0.5568 -0.7721
vn -0.7212 -0.4254 -0.5468
vn -0.8119 -0.3699 -0.4516
vn 0.9649 0.0833 0.2490
vn 0.9891 0.0158 0.1463
vn 0.6520 -0.4614 -0.6017
vn 0.8120 -0.4716 -0.3439
vn 0.7144 -0.4454 -0.5396
vn -0.3619 -0.5468 -0.7550
vn -0.2424 -0.5697 -0.7853
vn -0.3982 0.4477 -0.8006
vn -0.6107 0.3752 0.6974
vn -0.4955 0.4138 0.7637
vn -0.4853 -0.5172 -0.7050
vn -0.3453 -0.0604 -0.9365
vn -0.2365 -0.0374 -0.9709
vn -0.2554 0.4600 0.8504
vn 0.9450 0.0386 0.3249
vn 0.9274 -0.0192 0.3737
vn 0.2923 -0.5676 -0.7696
vn -0.7811 0.5452 0.3043
vn -0.9001 -0.1441 0.4112
vn -0.9305 -0.1600 0.3296
vn 0.3330 0.9427 0.0185
vn -0.7463 0.1409 0.6505
vn -0.4126 -0.5655 -0.7141
vn -0.5153 -0.5375 -0.6675
vn -0.5987 -0.5065 -0.6205
vn -0.6781 -0.4684 -0.5664
vn -0.7608 -0.4186 -0.4960
vn -0.8361 -0.3617 -0.4124
vn 0.0898 0.6484 -0.7560
vn 0.1295 0.6018 -0.7881
vn 0.0562 0.6085 -0.7915
vn -0.9717 -0.1777 -0.1555
vn -0.9980 -0.0599 0.0221
vn -0.5998 0.6717 0.4349
vn -0.9049 0.2001 0.3757
vn -0.8473 0.2501 0.4685
vn -0.5373 0.4282 0.7266
vn -0.2032 0.4963 0.8440
vn 0.8509 0.2495 0.4623
vn 0.9229 -0.2619 -0.2823
vn 0.8125 -0.3738 -0.4474
vn 0.7492 -0.4249 -0.5081
vn 0.3190 -0.5911 -0.7408
vn -0.4459 -0.5629 -0.6959
vn -0.5498 -0.5274 -0.6477
vn -0.6394 -0.4864 -0.5955
vn -0.7173 -0.4458 -0.5355
vn -0.7864 -0.3986 -0.4719
vn -0.7959 -0.0643 0.6020
vn -0.9912 -0.1123 -0.0707
vn -0.9501 0.1427 0.2773
vn -0.1138 0.5077 0.8540
vn -0.8584 0.2669 0.4380
vn -0.3872 0.5035 0.7724
vn 0.1267 0.5421 0.8307
vn 0.8174 0.3019 0.4907
vn 0.8869 0.2361 0.3971
vn 0.9133 -0.2515 -0.3204
vn -0.9986 -0.0509 -0.0108
vn -0.2708 0.5222 0.8087
vn 0.7417 0.1806 0.6459
vn 0.9987 -0.0463 -0.0192
vn -0.3418 -0.5819 -0.7380
vn -0.6787 -0.4511 -0.5795
vn 0.8765 0.4801 -0.0368
vn 0.7749 0.3563 0.5221
vn 0.9036 -0.2680 -0.3343
vn -0.5085 -0.5324 -0.6767
vn -0.9972 0.0268 0.0702
vn -0.0272 0.7359 -0.6766
vn 0.9189 -0.3549 -0.1723
vn -0.4268 -0.5431 -0.7231
vn -0.9893 -0.0852 -0.1183
vn 0.8471 -0.3259 -0.4198
vn -0.7217 -0.4041 -0.5620
vn 0.5217 0.8331 -0.1839
vn -0.2273 0.1941 0.9543
vn 0.1438 0.9275 -0.3452
vn 0.4757 -0.7419 -0.4726
vn -0.8066 0.4574 -0.3744
vn -0.9853 0.0299 0.1683
vn -0.9676 0.0462 0.2483
vn 0.9953 -0.0730 -0.0630
vn 0.8881 0.4049 -0.2176
vn 0.8873 0.4432 -0.1277
vn -0.8735 0.3992 -0.2787
vn 0.9681 -0.0901 -0.2336
vn 0.8832 -0.1915 -0.4280
vn 0.2211 -0.4769 -0.8507
vn 0.1493 -0.5411 -0.8276
vn 0.0278 -0.4329 -0.9010
vn -0.7669 -0.2906 -0.5722
vn 0.2587 0.5502 -0.7940
vn 0.5954 0.7192 0.3582
vn -0.6832 -0.3454 -0.6434
vn -0.7037 -0.2837 -0.6514
vn -0.9568 -0.1071 -0.2705
vn -0.4010 0.5314 -0.7462
vn -0.3259 0.5368 -0.7782
vn -0.6312 -0.0258 -0.7752
vn -0.0005 0.5480 0.8365
vn -0.3225 0.1182 0.9392
vn -0.2740 0.1790 0.9449
vn 0.9138 -0.1336 0.3837
vn 0.9264 -0.1120 0.3594
vn 0.9858 -0.0490 -0.1605
vn 0.2861 -0.4121 -0.8651
vn -0.2176 0.4590 0.8614
vn 0.9987 0.0073 -0.0495
vn -0.4396 -0.3611 -0.8224
vn -0.9122 -0.1551 -0.3792
vn 0.9561 -0.1029 -0.2745
vn 0.4017 0.8000 0.4457
vn 0.3746 0.8362 0.4007
vn -0.7256 -0.2596 -0.6372
vn 0.9981 0.0418 0.0444
vn 0.9863 -0.1579 0.0475
vn 0.9794 -0.1986 0.0365
vn 0.7850 0.4610 0.4139
vn 0.9975 -0.0219 -0.0676
vn 0.7864 -0.2366 -0.5706
vn 0.6433 -0.2930 -0.7074
vn 0.5454 -0.3143 -0.7770
vn -0.4274 -0.3360 -0.8393
vn 0.3627 0.3430 0.8665
vn 0.9770 -0.0913 -0.1926
vn 0.9359 -0.1405 -0.3229
vn 0.9897 0.0230 -0.1413
vn 0.9946 0.0800 -0.0667
vn -0.9999 0.0021 0.0152
vn 0.0752 0.3436 0.9361
vn -0.7609 0.2313 0.6063
vn -0.2244 0.3611 0.9051
vn 0.2450 0.3208 0.9149
vn 0.7430 0.1792 0.6449
vn 0.8289 -0.2143 -0.5167
vn 0.1290 -0.3627 -0.9229
vn -0.3342 -0.3443 -0.8774
vn 0.9872 -0.0848 -0.1348
vn 0.1155 -0.8246 -0.5538
vn 0.9489 -0.1597 -0.2721
vn 0.4284 0.7702 0.4725
vn -0.9948 -0.0115 0.1010
vn -0.8236 0.1425 0.5490
vn -0.2591 0.2642 0.9290
vn 0.3507 0.2348 0.9066
vn 0.2396 -0.3544 -0.9039
vn -0.9543 -0.1581 0.2536
vn -0.9701 -0.2340 0.0640
vn 0.4552 0.2547 0.8532
vn 0.8142 -0.4385 -0.3805
vn 0.9766 -0.1305 -0.1708
vn 0.0471 -0.3632 -0.9305
vn -0.8777 0.0523 0.4763
vn 0.1832 0.4646 -0.8664
vn 0.2440 0.4822 -0.8414
vn -0.9733 -0.2273 -0.0316
vn -0.9880 -0.1516 0.0292
vn -0.1872 0.1966 0.9625
vn -0.7942 -0.2711 -0.5438
vn -0.0879 0.2078 0.9742
vn -0.3970 -0.2964 -0.8686
vn 0.3211 0.4769 -0.8182
vn 0.3551 -0.3479 -0.8677
vn -0.3956 -0.3379 -0.8540
vn 0.5794 0.4164 -0.7007
vn -0.8099 0.0621 0.5832
vn 0.4402 0.1624 0.8831
vn 0.5275 0.1756 0.8312
vn 0.6739 0.1321 0.7269
vn 0.1353 -0.3672 -0.9202
vn -0.0040 0.8321 -0.5547
vn 0.0205 -0.3762 -0.9263
vn -0.1012 0.0226 0.9946
vn 0.6976 0.0001 -0.7165
vn 0.4477 0.8262 0.3420
vn 0.3484 0.8700 0.3489
vn -0.7950 0.5938 0.1238
vn -0.8315 -0.2870 -0.4757
vn 0.5954 0.1048 0.7965
vn 0.7510 0.0772 0.6558
vn 0.6836 0.6461 0.3393
vn 0.7348 0.5744 0.3608
vn 0.7575 0.5693 0.3195
vn -0.4223 0.1225 0.8981
vn 0.0002 0.6946 -0.7194
vn 0.5101 0.0954 0.8548
vn 0.6731 0.0348 0.7387
vn 0.9788 -0.1011 0.1783
vn -0.0830 -0.1202 -0.9893
vn -0.6301 -0.6482 -0.4276
vn -0.6303 -0.6650 -0.4005
vn -0.7032 -0.5976 -0.3852
vn -0.1281 0.1233 0.9841
vn -0.8549 -0.0032 0.5189
vn 0.4339 0.0909 0.8963
vn 0.7617 -0.0066 0.6479
vn -0.2729 0.6473 -0.7117
vn 0.4155 0.5118 -0.7520
vn 0.4384 0.5597 -0.7032
vn 0.4892 0.4931 -0.7194
vn -0.0213 -0.4034 -0.9148
vn -0.7430 -0.3287 -0.5830
vn 0.7404 -0.3267 -0.5874
vn -0.1438 -0.4021 -0.9042
vn -0.0525 0.0756 0.9958
vn 0.8043 -0.3132 -0.5050
vn -0.8535 -0.0645 0.5171
vn 0.8316 -0.0510 0.5531
vn -0.1774 0.5816 0.7939
vn -0.1143 0.6704 0.7332
vn -0.2328 0.6774 0.6978
vn 0.0247 0.6520 -0.7579
vn 0.0365 0.0457 0.9983
vn -0.1561 0.9841 -0.0847
vn 0.4811 0.0380 0.8758
vn 0.5734 0.0334 0.8186
vn 0.9626 -0.1463 0.2279
vn 0.9789 -0.1638 0.1221
vn 0.8575 -0.3075 -0.4125
vn 0.9610 -0.2077 -0.1825
vn 0.9601 -0.1662 -0.2248
vn -0.6920 -0.5080 -0.5129
vn 0.8817 -0.0955 0.4621
vn -0.8901 -0.3170 -0.3275
vn -0.7007 -0.3719 -0.6089
vn -0.1916 -0.4317 -0.8814
vn -0.9381 -0.2756 -0.2099
vn 0.7729 0.5027 0.3872
vn 0.6938 0.5701 0.4400
vn 0.4418 0.0058 0.8971
vn -0.0739 -0.4334 -0.8982
vn -0.0535 0.0280 0.9982
vn -0.1324 0.0148 0.9911
vn 0.1121 0.0234 0.9934
vn 0.2120 0.0243 0.9770
vn 0.7920 -0.3538 -0.4975
vn 0.0279 0.0216 0.9994
vn 0.1298 -0.7101 -0.6920
vn -0.0576 0.8478 -0.5272
vn 0.2623 -0.4496 -0.8539
vn -0.9179 -0.3117 -0.2456
vn -0.9476 -0.2837 -0.1472
vn -0.8525 -0.1050 0.5120
vn 0.3947 -0.0045 0.9188
vn 0.9729 -0.2035 0.1102
vn 0.0175 -0.0698 -0.9974
vn 0.7230 -0.3871 -0.5722
vn 0.7243 0.4602 0.5135
vn 0.9836 -0.1377 0.1168
vn 0.9800 -0.0646 0.1884
vn -0.2417 -0.4636 -0.8525
vn -0.0322 0.0190 0.9993
vn 0.2828 0.0068 0.9592
vn 0.2166 0.7790 0.5884
vn 0.8408 -0.3546 -0.4091
vn -0.7802 -0.3810 -0.4961
vn -0.9657 -0.2595 0.0069
vn -0.2936 -0.5874 -0.7542
vn 0.7588 -0.3932 -0.5193
vn 0.0191 0.8329 0.5531
vn 0.0701 0.0281 0.9971
vn 0.3495 0.0180 0.9367
vn -0.8845 -0.3423 -0.3168
vn -0.8387 -0.3644 -0.4047
vn -0.1150 -0.7762 -0.6199
vn -0.1798 -0.5051 -0.8442
vn -0.9206 -0.3204 -0.2234
vn -0.9492 -0.2922 -0.1165
vn -0.5234 -0.0101 0.8520
vn -0.2714 0.5801 0.7680
vn 0.8928 0.2399 0.3813
vn -0.2026 0.5948 -0.7779
vn 0.9397 -0.3053 -0.1542
vn -0.1220 -0.5461 -0.8288
vn -0.4826 0.0297 0.8754
vn 0.0649 0.0861 0.9942
vn -0.0224 0.0425 0.9988
vn -0.7184 -0.4233 -0.5520
vn -0.7827 -0.4062 -0.4715
vn -0.8407 -0.3824 -0.3833
vn -0.3873 0.0276 0.9215
vn 0.3309 0.0667 0.9413
vn 0.9465 -0.1653 0.2772
vn 0.9647 -0.1989 0.1725
vn 0.6887 -0.0060 0.7250
vn -0.9639 -0.2647 -0.0271
vn -0.9494 -0.2962 -0.1043
vn -0.5740 0.0305 0.8183
vn -0.5367 0.0957 0.8383
vn -0.3425 0.0796 0.9361
vn 0.4013 0.1133 0.9089
vn 0.7669 0.0075 0.6417
vn -0.4434 0.0850 0.8923
vn 0.1032 0.3644 -0.9255
vn 0.7397 -0.4518 -0.4987
vn 0.5600 -0.5293 -0.6374
vn -0.3099 0.1660 0.9361
vn 0.0141 0.1581 0.9873
vn 0.4953 0.1294 0.8590
vn 0.7573 -0.5008 -0.4192
vn -0.0342 -0.5691 -0.8215
vn 0.6979 0.0735 0.7124
vn -0.9564 -0.2799 -0.0835
vn -0.9753 -0.2025 0.0879
vn -0.9722 -0.1571 0.1739
vn -0.4978 0.1740 0.8496
vn 0.0879 0.1997 0.9759
vn 0.7893 0.0947 0.6067
vn -0.4075 0.1578 0.8994
vn -0.2988 0.3198 0.8991
vn 0.7660 -0.4621 -0.4468
vn 0.0026 0.2680 0.9634
vn -0.0884 -0.3125 -0.9458
vn -0.0121 -0.2509 -0.9679
vn 0.4983 0.2652 0.8255
vn -0.9802 -0.1064 0.1670
vn -0.4555 0.2658 0.8496
vn -0.3750 0.2539 0.8916
vn 0.2388 -0.6619 -0.7105
vn -0.0188 -0.6480 -0.7614
vn 0.6007 -0.6275 -0.4954
vn 0.1038 -0.6834 -0.7226
vn -0.9809 -0.1637 0.1055
vn -0.1164 -0.6969 -0.7077
vn -0.0260 0.4102 0.9116
vn 0.8107 0.1973 0.5512
vn 0.8540 0.1220 0.5057
vn -0.2885 -0.6746 -0.6795
vn -0.3630 -0.7054 -0.6088
vn -0.4799 0.3964 0.7827
vn -0.4024 0.3884 0.8290
vn 0.7659 0.2755 0.5810
vn 0.7171 0.5724 0.3977
vn -0.0169 -0.7363 -0.6764
vn -0.9504 -0.2897 -0.1133
vn 0.5051 -0.6683 -0.5461
vn -0.9857 -0.1552 0.0664
vn 0.0757 -0.7706 -0.6328
vn -0.2025 -0.7341 -0.6481
vn -0.2978 0.8373 0.4586
vn -0.2275 0.8742 0.4289
vn -0.3227 0.8587 0.3980
vn -0.9816 -0.0338 0.1882
vn 0.8309 0.2881 -0.4760
vn 0.9903 -0.0825 0.1121
vn -0.2838 -0.7456 -0.6029
vn 0.9748 -0.2028 -0.0930
vn 0.9919 -0.1206 -0.0394
vn -0.9903 -0.0790 0.1146
vn 0.8550 0.2341 0.4629
vn -0.0179 -0.8041 -0.5942
vn -0.9122 -0.3638 -0.1887
vn 0.3221 0.6621 -0.6766
vn 0.5345 -0.6939 -0.4825
vn -0.7603 -0.5308 -0.3744
vn -0.8985 0.2391 0.3680
vn 0.9842 -0.1769 -0.0058
vn 0.1513 -0.8061 -0.5721
vn -0.2688 -0.7703 -0.5782
vn 0.9924 -0.1104 0.0537
vn -0.3350 -0.7685 -0.5451
vn -0.4337 -0.7250 -0.5350
vn -0.1479 0.6344 -0.7587
vn 0.8724 -0.4281 -0.2358
vn 0.3764 -0.6958 -0.6117
vn 0.3062 -0.6828 -0.6634
vn 0.0588 -0.8191 -0.5706
vn -0.7547 -0.5574 -0.3461
vn 0.0936 0.9918 0.0867
vn 0.0072 0.9927 0.1200
vn -0.9896 -0.1435 0.0025
vn -0.8479 0.3340 0.4117
vn -0.7454 0.4423 0.4987
vn 0.8442 0.4395 0.3071
vn 0.5844 0.5253 0.6185
vn 0.9944 -0.1026 0.0242
vn -0.9087 -0.3735 -0.1864
vn -0.8649 -0.4407 -0.2401
vn -0.9949 -0.0582 0.0828
vn 0.9951 -0.0326 0.0929
vn -0.3171 -0.8035 -0.5039
vn -0.4059 -0.7703 -0.4918
vn -0.8143 -0.5044 -0.2873
vn -0.0541 0.7364 0.6744
vn 0.6837 -0.6285 -0.3710
vn -0.2441 -0.8257 -0.5085
vn -0.9976 -0.0476 0.0510
vn -0.7924 0.4188 0.4436
vn -0.6788 0.5375 0.5003
vn 0.6039 0.5759 0.5511
vn 0.6727 0.5442 0.5013
vn 0.8967 -0.3930 -0.2034
vn 0.5485 -0.6471 -0.5295
vn -0.9088 -0.3730 -0.1870
vn -0.9207 0.2447 0.3040
vn 0.9935 -0.1136 -0.0053
vn -0.4742 -0.7525 -0.4570
vn -0.5542 -0.7120 -0.4312
vn -0.8716 0.3397 0.3534
vn -0.8121 0.4283 0.3962
vn -0.7394 0.5063 0.4437
vn -0.2657 0.5967 -0.7572
vn -0.2090 0.6424 -0.7374
vn 0.7362 0.4984 0.4579
vn -0.9460 -0.2918 -0.1410
vn -0.9991 -0.0326 0.0258
vn -0.6003 0.6168 0.5091
vn 0.8724 -0.4282 -0.2357
vn 0.8128 -0.5083 -0.2845
vn -0.3178 -0.8109 -0.4914
vn -0.3935 -0.7862 -0.4765
vn 0.5421 0.6478 0.5353
vn 0.1277 0.4372 -0.8903
vn 0.1158 0.7913 0.6004
vn 0.4630 0.6979 0.5463
vn 0.1871 -0.8340 -0.5190
vn -0.5501 -0.7111 -0.4378
vn -0.8360 0.4207 0.3522
vn 0.1180 0.6875 -0.7166
vn 0.3109 0.7490 0.5852
vn 0.6118 0.6192 0.4922
vn 0.7964 -0.5202 -0.3084
vn 0.7369 -0.5779 -0.3507
vn 0.3433 -0.8027 -0.4876
vn -0.2785 -0.8153 -0.5077
vn 0.1850 0.3710 -0.9100
vn -0.6595 0.5915 0.4640
vn -0.5178 0.6787 0.5208
vn 0.8552 -0.4447 -0.2662
vn 0.6725 -0.6292 -0.3897
vn 0.4439 -0.7612 -0.4728
vn 0.2829 -0.8106 -0.5128
vn 0.1063 -0.8477 -0.5197
vn 0.0324 -0.8472 -0.5303
vn -0.3662 -0.7896 -0.4923
vn -0.7740 0.4958 0.3940
vn 0.3724 0.7459 0.5523
vn 0.5910 0.6549 0.4710
vn -0.2332 -0.8120 -0.5351
vn -0.8255 -0.4820 -0.2936
vn -0.9746 -0.2009 -0.0990
vn 0.0436 0.8493 0.5260
vn 0.0402 0.8740 0.4842
vn -0.0262 0.8607 0.5085
vn 0.3781 -0.7747 -0.5068
vn -0.7673 -0.5421 -0.3426
vn -0.7098 0.5614 0.4256
vn -0.4313 0.7257 0.5361
vn 0.6720 -0.6057 -0.4261
vn -0.3304 -0.7778 -0.5346
vn -0.7981 0.4837 0.3594
vn 0.8390 -0.4518 -0.3031
vn 0.7347 -0.5575 -0.3864
vn 0.5331 -0.7045 -0.4686
vn -0.4140 -0.7556 -0.5077
vn -0.9505 -0.2666 -0.1595
vn -0.7307 0.5558 0.3965
vn 0.2218 -0.8037 -0.5521
vn -0.1838 -0.7865 -0.5897
vn -0.9916 0.1196 0.0488
vn -0.6312 -0.6109 -0.4779
vn 0.7906 -0.5054 -0.3456
vn 0.4683 -0.7206 -0.5113
vn 0.3217 -0.7699 -0.5512
vn -0.7009 -0.5657 -0.4344
vn -0.8277 -0.4573 -0.3252
vn -0.9765 -0.1752 -0.1255
vn -0.8197 0.4695 0.3281
vn 0.7830 0.5119 0.3532
vn 0.9812 0.1600 0.1075
vn 0.6087 -0.6366 -0.4736
vn 0.1649 0.9728 0.1626
vn 0.4044 -0.7316 -0.5489
vn -0.5637 -0.6366 -0.5263
vn 0.4597 0.7427 0.4869
vn 0.5498 0.6949 0.4635
vn 0.7942 -0.4645 -0.3919
vn -0.6898 0.6035 0.4000
vn 0.8038 0.5030 0.3178
vn 0.9471 0.2827 0.1523
vn 0.4744 -0.6623 -0.5799
vn 0.9812 -0.1058 -0.1615
vn -0.6660 0.6370 0.3882
vn 0.9744 0.2096 0.0818
vn -0.1444 -0.7310 -0.6670
vn -0.6304 -0.5519 -0.5459
vn -0.9180 -0.2131 -0.3344
vn 0.9759 -0.0322 -0.2158
vn 0.9536 -0.0886 -0.2878
vn 0.4649 0.5984 -0.6526
vn -0.1930 0.8272 0.5278
vn -0.0389 0.8424 0.5375
vn 0.9338 0.3373 0.1189
vn 0.9611 0.2737 0.0367
vn 0.4601 -0.5837 -0.6691
vn -0.1870 -0.6144 -0.7666
vn 0.3113 0.4033 -0.8605
vn -0.6006 0.6901 0.4038
vn -0.5321 0.7294 0.4299
vn 0.3748 -0.5995 -0.7072
vn -0.4233 -0.5041 -0.7528
vn -0.7112 0.6172 0.3366
vn 0.7829 0.6203 0.0468
vn 0.9700 0.1188 -0.2122
vn 0.2600 0.9477 0.1852
vn 0.3114 0.9121 0.2666
vn 0.4245 -0.4469 -0.7874
vn -0.3575 0.8879 -0.2895
vn -0.4485 0.7705 0.4531
vn -0.2719 0.8219 0.5006
vn 0.8782 0.4583 0.1368
vn 0.2531 0.9639 0.0830
vn 0.5135 -0.4324 -0.7412
vn -0.4885 -0.3688 -0.7908
vn -0.6402 0.6801 0.3572
vn -0.5611 0.7384 0.3741
vn 0.3447 0.8039 0.4847
vn 0.9134 0.4038 0.0510
vn 0.9531 0.0689 -0.2947
vn 0.3473 -0.4791 -0.8062
vn -0.1340 -0.4609 -0.8773
vn -0.2030 0.8502 0.4857
vn 0.9339 0.3557 -0.0353
vn -0.8565 0.5077 0.0931
vn -0.6798 0.6676 0.3034
vn -0.6031 0.7320 0.3171
vn -0.4797 0.7818 0.3983
vn 0.3470 -0.2937 -0.8907
vn 0.3304 0.8303 0.4488
vn -0.1329 0.9012 -0.4125
vn -0.7595 0.6502 -0.0191
vn -0.7409 0.6686 0.0637
vn -0.7096 0.6653 0.2323
vn -0.5159 0.7954 0.3180
vn -0.3884 0.8139 0.4322
vn 0.8520 0.5209 0.0523
vn 0.7605 -0.0319 -0.6485
vn 0.6254 0.7221 0.2958
vn 0.7046 0.6836 0.1904
vn 0.5370 0.1052 -0.8370
vn 0.9043 0.1844 -0.3850
vn 0.4502 0.7240 -0.5227
vn -0.8055 0.5883 -0.0711
vn -0.6487 0.7153 0.2598
vn 0.5410 0.7790 0.3169
vn -0.8098 0.5855 0.0377
vn -0.5860 0.7727 0.2440
vn 0.5192 0.6762 -0.5227
vn -0.4192 0.8332 0.3608
vn 0.0649 -0.2471 -0.9668
vn -0.2505 0.8999 0.3570
vn 0.5698 0.7892 0.2291
vn 0.6406 0.7390 0.2084
vn -0.1559 0.9091 0.3863
vn 0.1621 -0.2120 -0.9637
vn -0.3430 0.8839 0.3178
vn -0.4342 0.8603 0.2671
vn 0.2598 0.9001 0.3498
vn 0.3978 0.8772 0.2687
vn 0.7220 0.1134 -0.6825
vn 0.4886 0.8329 0.2601
vn 0.7904 0.2551 -0.5570
vn -0.5122 0.8321 0.2128
vn -0.7675 0.6081 -0.2026
vn -0.2671 0.9268 0.2641
vn -0.4282 0.8927 0.1404
vn -0.1982 0.9562 0.2152
vn -0.0479 0.3062 -0.9508
vn -0.6483 0.5826 -0.4902
vn 0.6770 0.7219 -0.1433
vn 0.4716 0.3506 -0.8091
vn -0.6371 0.5303 -0.5594
vn 0.6016 0.7805 -0.1702
vn 0.4862 0.4301 -0.7607
vn 0.3994 0.4552 -0.7958
vn -0.3423 0.7027 -0.6237
vn -0.0587 0.3988 -0.9152
vn 0.5507 0.7924 -0.2623
vn 0.1660 0.9858 0.0263
vn 0.2362 0.9710 -0.0363
vn 0.5545 0.7553 -0.3493
vn -0.0223 0.5233 -0.8518
vn 0.0424 0.5155 -0.8558
vn -0.0749 0.4738 -0.8774
vn -0.1467 0.4946 -0.8567
vn 0.3035 0.9487 -0.0891
vn 0.4680 0.8393 -0.2765
vn 0.4912 0.8031 -0.3374
vn 0.4026 0.6557 -0.6387
vn -0.0820 0.5282 -0.8452
vn -0.4213 0.6505 -0.6319
vn 0.0175 0.5681 -0.8228
vn 0.4158 0.8309 -0.3698
vn 0.1496 0.9824 -0.1121
vn 0.2204 0.9626 -0.1576
vn -0.3355 0.7517 -0.5678
vn 0.1389 0.9609 -0.2395
vn 0.2120 0.9411 -0.2634
vn 0.2172 0.9098 -0.3536
vn -0.2478 0.8197 -0.5163
vn 0.1568 0.8915 -0.4250
vn -0.2586 0.7824 -0.5665
vn 0.1753 0.8533 -0.4910
vn -0.3245 0.7979 -0.5080
vn -0.0140 0.6128 -0.7901
vt 0.542413 0.205921
vt 0.548530 0.197897
vt 0.549266 0.195796
vt 0.488499 0.603371
vt 0.486498 0.615191
vt 0.490855 0.603892
vt 0.479776 0.397492
vt 0.471387 0.410797
vt 0.469179 0.394503
vt 0.577927 0.152544
vt 0.579955 0.152337
vt 0.573790 0.154798
vt 0.576032 0.154879
vt 0.582062 0.154645
vt 0.577379 0.157832
vt 0.318358 0.675907
vt 0.318977 0.677366
vt 0.315884 0.688100
vt 0.292821 0.929538
vt 0.292842 0.916256
vt 0.298322 0.924035
vt 0.448300 0.699280
vt 0.449471 0.686065
vt 0.443968 0.693196
vt 0.599178 0.168579
vt 0.603617 0.173160
vt 0.596962 0.163973
vt 0.303031 0.754566
vt 0.308373 0.741321
vt 0.307982 0.752533
vt 0.592970 0.161531
vt 0.596816 0.169585
vt 0.244449 0.866471
vt 0.248725 0.869571
vt 0.243542 0.881015
vt 0.310659 0.729619
vt 0.305748 0.745867
vt 0.312851 0.736762
vt 0.350365 0.631200
vt 0.353040 0.639055
vt 0.355741 0.626139
vt 0.414769 0.707800
vt 0.407085 0.720650
vt 0.414989 0.725668
vt 0.543651 0.283923
vt 0.551762 0.290971
vt 0.543456 0.300983
vt 0.487900 0.471279
vt 0.486653 0.487888
vt 0.480915 0.477832
vt 0.331011 0.631951
vt 0.328001 0.644470
vt 0.327104 0.640071
vt 0.583519 0.152835
vt 0.401117 0.803798
vt 0.407573 0.803054
vt 0.404882 0.816416
vt 0.521638 0.447763
vt 0.523721 0.437255
vt 0.518446 0.442624
vt 0.381192 0.549423
vt 0.384855 0.532756
vt 0.388315 0.547548
vt 0.433660 0.796878
vt 0.434210 0.791784
vt 0.430944 0.808508
vt 0.374428 0.548076
vt 0.380025 0.543502
vt 0.379021 0.533604
vt 0.384272 0.534009
vt 0.384533 0.546817
vt 0.570765 0.313341
vt 0.575905 0.302503
vt 0.567756 0.299047
vt 0.601149 0.169139
vt 0.604969 0.176007
vt 0.597845 0.166760
vt 0.588398 0.372925
vt 0.591760 0.374249
vt 0.581439 0.379731
vt 0.465624 0.696131
vt 0.461989 0.705984
vt 0.463234 0.708035
vt 0.422408 0.887332
vt 0.420482 0.896160
vt 0.421612 0.903408
vt 0.605314 0.178497
vt 0.480596 0.288519
vt 0.474485 0.287473
vt 0.475200 0.298591
vt 0.591475 0.168515
vt 0.588942 0.161859
vt 0.585360 0.165585
vt 0.582076 0.158741
vt 0.586106 0.156071
vt 0.579438 0.154194
vt 0.370030 0.525701
vt 0.371158 0.530581
vt 0.373840 0.517157
vt 0.248909 0.844811
vt 0.255144 0.834231
vt 0.254482 0.844608
vt 0.388859 0.831230
vt 0.396153 0.830750
vt 0.393487 0.844794
vt 0.256566 0.824786
vt 0.249884 0.834556
vt 0.582775 0.159344
vt 0.436997 0.784378
vt 0.244242 0.911116
vt 0.241940 0.894992
vt 0.246156 0.898107
vt 0.594393 0.167539
vt 0.588088 0.163912
vt 0.589655 0.159340
vt 0.447823 0.751836
vt 0.443242 0.758106
vt 0.447743 0.744730
vt 0.601418 0.174733
vt 0.597598 0.175395
vt 0.618902 0.199632
vt 0.615194 0.195161
vt 0.611965 0.187015
vt 0.615233 0.191975
vt 0.608010 0.179442
vt 0.322590 0.881029
vt 0.321879 0.866073
vt 0.330152 0.872951
vt 0.461670 0.566552
vt 0.467851 0.557779
vt 0.468613 0.570828
vt 0.444675 0.673275
vt 0.446364 0.654305
vt 0.451714 0.662374
vt 0.353349 0.788548
vt 0.360602 0.794747
vt 0.359912 0.783501
vt 0.535950 0.258601
vt 0.546457 0.254452
vt 0.539333 0.245509
vt 0.331648 0.625567
vt 0.334998 0.620406
vt 0.609364 0.182319
vt 0.610599 0.191090
vt 0.602992 0.180310
vt 0.604127 0.189268
vt 0.486187 0.261254
vt 0.492217 0.263253
vt 0.483407 0.270560
vt 0.596910 0.176655
vt 0.261830 0.878810
vt 0.266911 0.889544
vt 0.261234 0.892939
vt 0.366667 0.961495
vt 0.372051 0.959716
vt 0.364519 0.969486
vt 0.496087 0.401920
vt 0.502755 0.409082
vt 0.495336 0.416754
vt 0.525085 0.454271
vt 0.529834 0.443455
vt 0.527732 0.452089
vt 0.589199 0.180699
vt 0.590413 0.171891
vt 0.596831 0.182990
vt 0.608431 0.184296
vt 0.604454 0.184639
vt 0.611958 0.194034
vt 0.234097 0.897993
vt 0.236531 0.899997
vt 0.234052 0.887110
vt 0.620790 0.205541
vt 0.391271 0.858736
vt 0.385114 0.846170
vt 0.623691 0.208435
vt 0.619330 0.201019
vt 0.625094 0.212894
vt 0.574691 0.385769
vt 0.568681 0.391822
vt 0.577053 0.384917
vt 0.270472 0.957713
vt 0.268448 0.960509
vt 0.277281 0.970235
vt 0.589794 0.173800
vt 0.586927 0.182191
vt 0.595296 0.183819
vt 0.574606 0.159980
vt 0.578036 0.165634
vt 0.349416 0.655925
vt 0.345527 0.642599
vt 0.572942 0.156695
vt 0.461094 0.378401
vt 0.468359 0.368916
vt 0.460041 0.363776
vt 0.301755 0.745924
vt 0.306057 0.735795
vt 0.467243 0.299006
vt 0.266377 0.842937
vt 0.262753 0.854557
vt 0.270757 0.847667
vt 0.250335 0.953091
vt 0.256080 0.964895
vt 0.254111 0.962292
vt 0.609383 0.195448
vt 0.604321 0.193251
vt 0.618460 0.204721
vt 0.621294 0.215456
vt 0.615004 0.204331
vt 0.625227 0.217330
vt 0.625266 0.213077
vt 0.621435 0.208123
vt 0.616480 0.198486
vt 0.617318 0.204382
vt 0.607217 0.203179
vt 0.612273 0.201543
vt 0.454656 0.642689
vt 0.456421 0.653272
vt 0.460632 0.644126
vt 0.641854 0.298548
vt 0.638457 0.287617
vt 0.637651 0.304176
vt 0.574467 0.176102
vt 0.582089 0.173280
vt 0.494949 0.593154
vt 0.499018 0.581235
vt 0.497937 0.579205
vt 0.575971 0.163722
vt 0.443921 0.763270
vt 0.445522 0.755142
vt 0.439266 0.769080
vt 0.293985 0.763123
vt 0.295615 0.756192
vt 0.299148 0.750789
vt 0.395722 0.456265
vt 0.391529 0.458417
vt 0.391324 0.466561
vt 0.546026 0.218817
vt 0.542977 0.229517
vt 0.538186 0.225966
vt 0.306512 0.794353
vt 0.300612 0.805715
vt 0.308354 0.806768
vt 0.598780 0.195697
vt 0.591213 0.190180
vt 0.265316 0.799324
vt 0.266203 0.797289
vt 0.270644 0.793015
vt 0.411902 0.470029
vt 0.404659 0.476065
vt 0.406693 0.461752
vt 0.398456 0.482552
vt 0.403072 0.489977
vt 0.459107 0.717044
vt 0.458513 0.710175
vt 0.454710 0.723493
vt 0.610418 0.203751
vt 0.626420 0.225952
vt 0.333267 0.860582
vt 0.335170 0.846864
vt 0.326715 0.850903
vt 0.630272 0.223205
vt 0.630762 0.227084
vt 0.626352 0.218679
vt 0.629183 0.222646
vt 0.622963 0.215802
vt 0.468547 0.586144
vt 0.461745 0.596204
vt 0.461750 0.581056
vt 0.461410 0.531193
vt 0.466754 0.519417
vt 0.459145 0.515910
vt 0.252949 0.915497
vt 0.258128 0.913969
vt 0.253073 0.902347
vt 0.569449 0.160656
vt 0.572026 0.161467
vt 0.481684 0.418994
vt 0.473708 0.418662
vt 0.475009 0.430498
vt 0.422005 0.731687
vt 0.423159 0.716208
vt 0.258806 0.807289
vt 0.265333 0.801820
vt 0.635774 0.238460
vt 0.629573 0.221678
vt 0.634444 0.233486
vt 0.633253 0.232031
vt 0.630838 0.229419
vt 0.627494 0.225198
vt 0.624969 0.227099
vt 0.618549 0.213428
vt 0.613509 0.211479
vt 0.349985 0.946160
vt 0.340161 0.948205
vt 0.347172 0.959846
vt 0.599676 0.195136
vt 0.579064 0.183726
vt 0.464460 0.505811
vt 0.470225 0.508970
vt 0.377152 0.671978
vt 0.377197 0.655638
vt 0.370118 0.662932
vt 0.379115 0.555485
vt 0.616964 0.215750
vt 0.623636 0.227609
vt 0.630820 0.232866
vt 0.384740 0.648314
vt 0.384657 0.664242
vt 0.303501 0.989779
vt 0.298538 0.989603
vt 0.295672 0.984917
vt 0.379820 0.490690
vt 0.376360 0.499190
vt 0.376641 0.503996
vt 0.381411 0.984106
vt 0.371895 0.965659
vt 0.613807 0.332463
vt 0.615071 0.319001
vt 0.622945 0.322649
vt 0.560062 0.399688
vt 0.559847 0.399937
vt 0.629417 0.237781
vt 0.619697 0.254905
vt 0.612972 0.250892
vt 0.616514 0.266290
vt 0.638152 0.244326
vt 0.637601 0.243521
vt 0.635972 0.243538
vt 0.631097 0.236179
vt 0.618330 0.222906
vt 0.595565 0.200445
vt 0.591884 0.191812
vt 0.601744 0.206574
vt 0.633786 0.305135
vt 0.630658 0.318799
vt 0.627648 0.309862
vt 0.584178 0.192516
vt 0.366593 0.557366
vt 0.362317 0.569601
vt 0.363583 0.557214
vt 0.521713 0.369986
vt 0.520287 0.354989
vt 0.512441 0.366372
vt 0.359843 0.633149
vt 0.554746 0.257635
vt 0.555861 0.246218
vt 0.568248 0.161525
vt 0.469603 0.533882
vt 0.475152 0.518912
vt 0.583013 0.176181
vt 0.584021 0.187687
vt 0.575013 0.186480
vt 0.392034 0.560249
vt 0.395831 0.547798
vt 0.398815 0.558902
vt 0.592981 0.203908
vt 0.586206 0.197626
vt 0.380978 0.603671
vt 0.385203 0.612760
vt 0.379008 0.621197
vt 0.610085 0.215154
vt 0.601463 0.207609
vt 0.605118 0.202428
vt 0.618937 0.231677
vt 0.626460 0.241707
vt 0.631323 0.249507
vt 0.457623 0.699214
vt 0.462393 0.697616
vt 0.462595 0.686714
vt 0.298351 0.974676
vt 0.301824 0.983280
vt 0.293071 0.979368
vt 0.585254 0.368738
vt 0.578465 0.377735
vt 0.638563 0.251319
vt 0.640652 0.254170
vt 0.640914 0.254077
vt 0.640552 0.255894
vt 0.639609 0.260277
vt 0.635141 0.251412
vt 0.629671 0.243107
vt 0.568754 0.200184
vt 0.567487 0.191681
vt 0.623654 0.236821
vt 0.360093 0.890050
vt 0.354729 0.904246
vt 0.364064 0.902943
vt 0.609636 0.218846
vt 0.589359 0.201548
vt 0.570826 0.169493
vt 0.568506 0.164564
vt 0.643262 0.264270
vt 0.617226 0.233856
vt 0.470986 0.267219
vt 0.474331 0.262803
vt 0.467042 0.271438
vt 0.565896 0.168832
vt 0.561763 0.200461
vt 0.554241 0.210144
vt 0.556400 0.199488
vt 0.611087 0.231335
vt 0.410658 0.400233
vt 0.404973 0.415946
vt 0.406679 0.405971
vt 0.641680 0.262774
vt 0.428892 0.828835
vt 0.429735 0.820548
vt 0.428489 0.834685
vt 0.643503 0.266623
vt 0.642832 0.269324
vt 0.632782 0.258780
vt 0.627347 0.250679
vt 0.601133 0.216813
vt 0.577866 0.200737
vt 0.584911 0.209440
vt 0.595265 0.209787
vt 0.587244 0.214776
vt 0.337680 0.624558
vt 0.336184 0.636400
vt 0.341554 0.626143
vt 0.467586 0.545716
vt 0.471333 0.550951
vt 0.571591 0.188145
vt 0.563799 0.355029
vt 0.572506 0.353512
vt 0.564752 0.363644
vt 0.563456 0.170703
vt 0.564117 0.168590
vt 0.568963 0.171871
vt 0.434718 0.348623
vt 0.437939 0.337750
vt 0.440443 0.342425
vt 0.273342 0.789420
vt 0.635403 0.250766
vt 0.403633 0.553120
vt 0.409164 0.565074
vt 0.412396 0.550095
vt 0.573233 0.233350
vt 0.580846 0.239154
vt 0.580606 0.225067
vt 0.492047 0.600025
vt 0.496661 0.588244
vt 0.493783 0.599903
vt 0.591407 0.217556
vt 0.597470 0.214488
vt 0.476361 0.661489
vt 0.473072 0.675242
vt 0.473468 0.670649
vt 0.391433 0.614274
vt 0.388094 0.601082
vt 0.603872 0.220434
vt 0.610084 0.243935
vt 0.616899 0.245162
vt 0.623668 0.249633
vt 0.633980 0.261770
vt 0.629387 0.255830
vt 0.405984 0.525300
vt 0.398336 0.519547
vt 0.404723 0.512742
vt 0.640340 0.264655
vt 0.643360 0.275611
vt 0.643825 0.269903
vt 0.645616 0.278846
vt 0.282119 0.959195
vt 0.279305 0.956637
vt 0.287820 0.964646
vt 0.645173 0.279468
vt 0.641649 0.272811
vt 0.638291 0.269884
vt 0.621826 0.245942
vt 0.611028 0.236462
vt 0.616729 0.244247
vt 0.292782 0.966113
vt 0.292064 0.952670
vt 0.284646 0.957638
vt 0.567438 0.181379
vt 0.563751 0.176538
vt 0.560313 0.177327
vt 0.306749 0.993666
vt 0.313077 0.992959
vt 0.361712 0.677028
vt 0.354174 0.668254
vt 0.361676 0.660540
vt 0.494274 0.253681
vt 0.595293 0.222544
vt 0.473630 0.621198
vt 0.470382 0.637286
vt 0.466535 0.630522
vt 0.559155 0.177907
vt 0.562339 0.178896
vt 0.644002 0.281490
vt 0.464355 0.276416
vt 0.460043 0.281294
vt 0.629012 0.264113
vt 0.624662 0.256330
vt 0.402693 0.939773
vt 0.408093 0.938324
vt 0.407615 0.928044
vt 0.558883 0.180771
vt 0.434985 0.507922
vt 0.439163 0.517882
vt 0.442990 0.507179
vt 0.629937 0.296699
vt 0.634982 0.291439
vt 0.597870 0.225444
vt 0.604541 0.233444
vt 0.465941 0.377134
vt 0.460257 0.364138
vt 0.467838 0.359714
vt 0.333666 0.642293
vt 0.332071 0.636588
vt 0.337346 0.628446
vt 0.631488 0.267986
vt 0.400788 0.697314
vt 0.409483 0.700507
vt 0.402361 0.712379
vt 0.635142 0.276590
vt 0.638189 0.270087
vt 0.319323 0.762797
vt 0.314035 0.757572
vt 0.312738 0.771431
vt 0.422080 0.902375
vt 0.422916 0.888379
vt 0.423085 0.898099
vt 0.603217 0.228882
vt 0.581897 0.203942
vt 0.426012 0.750509
vt 0.430058 0.755697
vt 0.432279 0.743903
vt 0.239085 0.885178
vt 0.239679 0.900178
vt 0.264564 0.978483
vt 0.262144 0.976225
vt 0.267001 0.984091
vt 0.492339 0.499591
vt 0.498340 0.488270
vt 0.498228 0.504278
vt 0.454945 0.574600
vt 0.454551 0.589871
vt 0.446920 0.581334
vt 0.355302 0.720477
vt 0.347332 0.731054
vt 0.346150 0.716424
vt 0.276059 0.952824
vt 0.273881 0.949029
vt 0.269467 0.945000
vt 0.411635 0.428019
vt 0.417682 0.427385
vt 0.416979 0.414064
vt 0.347596 0.587420
vt 0.349649 0.581907
vt 0.344575 0.593362
vt 0.620755 0.260200
vt 0.626933 0.264787
vt 0.250464 0.822488
vt 0.249994 0.818882
vt 0.244919 0.828567
vt 0.641693 0.280633
vt 0.509571 0.246844
vt 0.501042 0.254182
vt 0.502693 0.246252
vt 0.646705 0.292154
vt 0.645748 0.290123
vt 0.320698 0.967548
vt 0.310966 0.970780
vt 0.312659 0.961458
vt 0.462450 0.520908
vt 0.468620 0.531292
vt 0.461775 0.537203
vt 0.560884 0.188532
vt 0.407683 0.828298
vt 0.410450 0.817453
vt 0.411931 0.833453
vt 0.409260 0.414374
vt 0.395035 0.723763
vt 0.396417 0.738443
vt 0.387532 0.734490
vt 0.351439 0.579196
vt 0.354611 0.569777
vt 0.499599 0.500601
vt 0.499208 0.515052
vt 0.502874 0.506513
vt 0.417998 0.798198
vt 0.422084 0.792000
vt 0.417827 0.786475
vt 0.638918 0.286281
vt 0.645498 0.285011
vt 0.483688 0.298298
vt 0.491924 0.292796
vt 0.487720 0.284488
vt 0.579681 0.214186
vt 0.576521 0.195815
vt 0.249419 0.891144
vt 0.248565 0.903392
vt 0.255323 0.960868
vt 0.257296 0.961250
vt 0.252158 0.951305
vt 0.398475 0.470606
vt 0.401140 0.457062
vt 0.394614 0.468212
vt 0.564343 0.182223
vt 0.568902 0.182142
vt 0.613978 0.256938
vt 0.630152 0.280527
vt 0.644198 0.290586
vt 0.368576 0.546396
vt 0.368774 0.560683
vt 0.623863 0.266285
vt 0.505414 0.296966
vt 0.501327 0.311618
vt 0.509826 0.310522
vt 0.401387 0.765544
vt 0.398131 0.752803
vt 0.405381 0.753741
vt 0.385265 0.703443
vt 0.393702 0.708613
vt 0.386224 0.719218
vt 0.310564 0.986164
vt 0.317198 0.979762
vt 0.319410 0.988366
vt 0.554097 0.187780
vt 0.554901 0.186477
vt 0.450565 0.622431
vt 0.456904 0.618918
vt 0.455271 0.631306
vt 0.562927 0.190735
vt 0.282055 0.978700
vt 0.289024 0.978198
vt 0.283128 0.960937
vt 0.504932 0.556345
vt 0.507214 0.544706
vt 0.505585 0.553015
vt 0.598545 0.238036
vt 0.263185 0.938346
vt 0.267855 0.952430
vt 0.259859 0.940981
vt 0.396997 0.437065
vt 0.396214 0.445879
vt 0.400972 0.433246
vt 0.306510 0.907778
vt 0.313033 0.916988
vt 0.305590 0.925060
vt 0.493647 0.510396
vt 0.495114 0.526248
vt 0.382132 0.478539
vt 0.384720 0.469334
vt 0.386829 0.462848
vt 0.641849 0.296075
vt 0.352342 0.828834
vt 0.358062 0.820663
vt 0.348401 0.818844
vt 0.646306 0.304003
vt 0.644536 0.294395
vt 0.628568 0.278008
vt 0.588241 0.230402
vt 0.564289 0.193769
vt 0.385225 0.680379
vt 0.556441 0.187292
vt 0.372962 0.512895
vt 0.591287 0.231108
vt 0.604339 0.243995
vt 0.646759 0.294915
vt 0.510740 0.427173
vt 0.514959 0.435539
vt 0.517969 0.423121
vt 0.641945 0.284076
vt 0.319163 0.961903
vt 0.310610 0.959130
vt 0.316084 0.948353
vt 0.633984 0.275233
vt 0.622213 0.278358
vt 0.497056 0.589124
vt 0.494868 0.596446
vt 0.272350 0.963813
vt 0.277785 0.961165
vt 0.270056 0.952085
vt 0.391785 0.656396
vt 0.645797 0.299541
vt 0.574638 0.208277
vt 0.562833 0.211993
vt 0.568258 0.202232
vt 0.560391 0.205474
vt 0.557189 0.199627
vt 0.558462 0.186103
vt 0.483623 0.620145
vt 0.479508 0.620716
vt 0.484161 0.608876
vt 0.559020 0.189282
vt 0.607024 0.254479
vt 0.368013 0.650142
vt 0.376092 0.653065
vt 0.369430 0.664601
vt 0.545149 0.357604
vt 0.551286 0.345926
vt 0.543874 0.344691
vt 0.426383 0.412484
vt 0.427408 0.399454
vt 0.422569 0.408113
vt 0.413373 0.440278
vt 0.643812 0.305003
vt 0.646473 0.306880
vt 0.646977 0.306186
vt 0.632951 0.293297
vt 0.256281 0.866810
vt 0.257641 0.879338
vt 0.262921 0.869590
vt 0.607488 0.260337
vt 0.604931 0.244518
vt 0.588562 0.245562
vt 0.550445 0.195919
vt 0.599955 0.250774
vt 0.609560 0.267739
vt 0.362929 0.547530
vt 0.358381 0.559699
vt 0.359923 0.558847
vt 0.644003 0.308321
vt 0.644541 0.318239
vt 0.421021 0.893367
vt 0.423932 0.877203
vt 0.426137 0.875939
vt 0.389718 0.507475
vt 0.383881 0.521027
vt 0.389526 0.523135
vt 0.335109 0.648613
vt 0.340433 0.638361
vt 0.553861 0.191263
vt 0.552534 0.197783
vt 0.576872 0.216515
vt 0.569084 0.212538
vt 0.592259 0.245236
vt 0.390168 0.787777
vt 0.386329 0.803509
vt 0.381706 0.791116
vt 0.638359 0.301138
vt 0.645397 0.319496
vt 0.645775 0.318164
vt 0.640377 0.313009
vt 0.320418 0.679811
vt 0.316827 0.690084
vt 0.626107 0.290865
vt 0.619434 0.289160
vt 0.388135 0.574270
vt 0.384543 0.561180
vt 0.567820 0.215090
vt 0.573763 0.220307
vt 0.418306 0.378306
vt 0.417434 0.385739
vt 0.421757 0.376243
vt 0.623486 0.275122
vt 0.625085 0.289822
vt 0.426926 0.386609
vt 0.435813 0.387510
vt 0.297987 0.981885
vt 0.288657 0.960366
vt 0.554793 0.195179
vt 0.332843 0.696056
vt 0.331055 0.710276
vt 0.338964 0.699656
vt 0.561066 0.211417
vt 0.568936 0.225436
vt 0.594004 0.260050
vt 0.640786 0.310088
vt 0.596355 0.237482
vt 0.597379 0.255291
vt 0.556630 0.215967
vt 0.550451 0.205275
vt 0.532124 0.370650
vt 0.525120 0.366372
vt 0.532285 0.357288
vt 0.233959 0.901604
vt 0.235469 0.902604
vt 0.237099 0.914066
vt 0.583270 0.239022
vt 0.584029 0.223549
vt 0.585854 0.254331
vt 0.602155 0.264266
vt 0.604242 0.278103
vt 0.618867 0.284882
vt 0.611406 0.281802
vt 0.616725 0.271074
vt 0.636533 0.314124
vt 0.642177 0.317651
vt 0.644986 0.312750
vt 0.582714 0.380291
vt 0.580033 0.379327
vt 0.643017 0.330117
vt 0.642568 0.330036
vt 0.306273 0.781073
vt 0.312367 0.784314
vt 0.355261 0.941643
vt 0.348594 0.951920
vt 0.346624 0.933888
vt 0.641375 0.321803
vt 0.635618 0.319245
vt 0.616421 0.279431
vt 0.610008 0.274579
vt 0.560854 0.221630
vt 0.637692 0.339727
vt 0.640283 0.331333
vt 0.548829 0.201202
vt 0.545180 0.202839
vt 0.544732 0.206996
vt 0.420152 0.388624
vt 0.414192 0.396062
vt 0.624881 0.301902
vt 0.533473 0.224433
vt 0.527655 0.225152
vt 0.536320 0.217156
vt 0.637934 0.324018
vt 0.454773 0.527545
vt 0.446004 0.536100
vt 0.447570 0.516969
vt 0.237750 0.919312
vt 0.234415 0.907313
vt 0.237969 0.921042
vt 0.581464 0.251821
vt 0.566486 0.227099
vt 0.575312 0.240835
vt 0.576221 0.230067
vt 0.439951 0.730985
vt 0.438529 0.719105
vt 0.444965 0.717145
vt 0.637796 0.323335
vt 0.601478 0.271476
vt 0.553329 0.210065
vt 0.539420 0.220908
vt 0.546408 0.215002
vt 0.543107 0.211634
vt 0.542894 0.207132
vt 0.599719 0.298369
vt 0.599663 0.286373
vt 0.606005 0.290773
vt 0.560936 0.223310
vt 0.436302 0.765632
vt 0.433379 0.760799
vt 0.430456 0.772614
vt 0.619877 0.298806
vt 0.557714 0.399436
vt 0.552335 0.407584
vt 0.550168 0.406329
vt 0.642679 0.325297
vt 0.642267 0.330586
vt 0.327036 0.989688
vt 0.322667 0.983431
vt 0.315607 0.990372
vt 0.321103 0.664996
vt 0.612340 0.288135
vt 0.553994 0.357865
vt 0.593496 0.269441
vt 0.587227 0.260569
vt 0.572666 0.249461
vt 0.552936 0.227060
vt 0.577907 0.250684
vt 0.613171 0.295064
vt 0.632602 0.326367
vt 0.562513 0.254050
vt 0.564767 0.240298
vt 0.636820 0.332454
vt 0.614805 0.300554
vt 0.318995 0.789115
vt 0.317257 0.775245
vt 0.323752 0.779125
vt 0.424594 0.822459
vt 0.425877 0.835494
vt 0.427907 0.816822
vt 0.549338 0.220382
vt 0.313285 0.707491
vt 0.317011 0.691597
vt 0.313374 0.699272
vt 0.548959 0.208298
vt 0.552094 0.222657
vt 0.596453 0.274989
vt 0.243587 0.927773
vt 0.239098 0.915560
vt 0.241324 0.914668
vt 0.621843 0.302181
vt 0.299521 0.912527
vt 0.299683 0.898079
vt 0.389102 0.978524
vt 0.387565 0.982942
vt 0.375567 0.961478
vt 0.414458 0.672462
vt 0.404976 0.669981
vt 0.410943 0.654730
vt 0.569042 0.237369
vt 0.580148 0.261846
vt 0.432671 0.721682
vt 0.434673 0.707712
vt 0.621119 0.310346
vt 0.453375 0.646484
vt 0.459975 0.638859
vt 0.457990 0.654354
vt 0.633229 0.331004
vt 0.420951 0.913730
vt 0.422013 0.910351
vt 0.632168 0.311758
vt 0.629136 0.325862
vt 0.510852 0.524090
vt 0.508618 0.530835
vt 0.508286 0.538623
vt 0.568438 0.333335
vt 0.559665 0.336838
vt 0.562788 0.324101
vt 0.558292 0.233419
vt 0.378722 0.815253
vt 0.377130 0.801040
vt 0.371114 0.810658
vt 0.543019 0.223364
vt 0.539186 0.210899
vt 0.553869 0.233255
vt 0.520053 0.324818
vt 0.518409 0.311242
vt 0.513144 0.320705
vt 0.570219 0.248789
vt 0.491652 0.248354
vt 0.498369 0.242628
vt 0.496389 0.246962
vt 0.541336 0.269270
vt 0.638641 0.330216
vt 0.473436 0.541609
vt 0.627950 0.304558
vt 0.623016 0.313428
vt 0.385212 0.862624
vt 0.390946 0.874220
vt 0.393029 0.858444
vt 0.604300 0.285043
vt 0.607057 0.297769
vt 0.595532 0.281775
vt 0.578273 0.263609
vt 0.561602 0.234689
vt 0.378228 0.893542
vt 0.382254 0.879034
vt 0.376069 0.890525
vt 0.572844 0.260792
vt 0.586860 0.271222
vt 0.633365 0.333989
vt 0.638897 0.335660
vt 0.248659 0.939373
vt 0.246129 0.927049
vt 0.599326 0.329581
vt 0.591203 0.337489
vt 0.590152 0.321913
vt 0.627438 0.316085
vt 0.616984 0.312165
vt 0.585550 0.276606
vt 0.344037 0.991134
vt 0.343045 0.991096
vt 0.351503 0.993084
vt 0.400653 0.536228
vt 0.399869 0.890400
vt 0.392220 0.886794
vt 0.401275 0.874005
vt 0.538217 0.214161
vt 0.534809 0.214953
vt 0.536878 0.213490
vt 0.541117 0.216812
vt 0.409671 0.484985
vt 0.614451 0.307214
vt 0.627285 0.328304
vt 0.627490 0.335849
vt 0.556227 0.382681
vt 0.559532 0.388656
vt 0.549340 0.395785
vt 0.543244 0.232054
vt 0.562565 0.246295
vt 0.520403 0.466482
vt 0.524829 0.451456
vt 0.518478 0.461208
vt 0.412337 0.923270
vt 0.416325 0.917135
vt 0.414798 0.908675
vt 0.607352 0.303652
vt 0.639175 0.338740
vt 0.618747 0.320796
vt 0.608569 0.311906
vt 0.408197 0.694355
vt 0.401710 0.680706
vt 0.397703 0.699102
vt 0.627606 0.348908
vt 0.627497 0.343322
vt 0.633825 0.340187
vt 0.500569 0.404927
vt 0.491014 0.411950
vt 0.497658 0.421328
vt 0.536348 0.229542
vt 0.531986 0.218744
vt 0.547265 0.233480
vt 0.301838 0.820177
vt 0.294336 0.815919
vt 0.292943 0.827972
vt 0.554908 0.244057
vt 0.427806 0.376488
vt 0.422889 0.383562
vt 0.424211 0.370843
vt 0.418005 0.903265
vt 0.419361 0.910649
vt 0.426825 0.829448
vt 0.427056 0.845395
vt 0.425006 0.840572
vt 0.238085 0.846489
vt 0.238881 0.838824
vt 0.235153 0.852890
vt 0.639142 0.338221
vt 0.623176 0.323917
vt 0.575436 0.173392
vt 0.549171 0.239538
vt 0.326205 0.724086
vt 0.323336 0.715008
vt 0.516595 0.300849
vt 0.525374 0.295680
vt 0.523282 0.311710
vt 0.535634 0.219728
vt 0.577245 0.273100
vt 0.609132 0.314131
vt 0.634793 0.345204
vt 0.634526 0.341212
vt 0.598751 0.294778
vt 0.574985 0.277904
vt 0.531943 0.227069
vt 0.532593 0.219434
vt 0.564424 0.258639
vt 0.398900 0.939636
vt 0.405703 0.938339
vt 0.398172 0.948350
vt 0.634116 0.344236
vt 0.616807 0.330303
vt 0.612773 0.323180
vt 0.453247 0.294482
vt 0.460354 0.283801
vt 0.456202 0.287384
vt 0.589713 0.292403
vt 0.568649 0.265516
vt 0.530242 0.219806
vt 0.442839 0.566504
vt 0.448059 0.554185
vt 0.449596 0.567334
vt 0.556365 0.255656
vt 0.567331 0.273650
vt 0.582308 0.285787
vt 0.591858 0.288705
vt 0.298990 0.858568
vt 0.303421 0.869145
vt 0.307556 0.856656
vt 0.630414 0.341467
vt 0.495589 0.435530
vt 0.500699 0.444909
vt 0.503130 0.431098
vt 0.626101 0.339171
vt 0.621587 0.334990
vt 0.559299 0.267685
vt 0.438346 0.615758
vt 0.437751 0.605489
vt 0.432500 0.608080
vt 0.287538 0.784348
vt 0.288777 0.789743
vt 0.294365 0.777640
vt 0.527986 0.221428
vt 0.506631 0.497277
vt 0.510395 0.496374
vt 0.507136 0.510866
vt 0.534668 0.236534
vt 0.547614 0.242329
vt 0.376186 0.592883
vt 0.370782 0.584077
vt 0.379156 0.575709
vt 0.548692 0.253125
vt 0.600903 0.314455
vt 0.621452 0.335242
vt 0.634518 0.345639
vt 0.274325 0.885714
vt 0.272132 0.900120
vt 0.594009 0.305901
vt 0.601710 0.305289
vt 0.449905 0.379019
vt 0.451726 0.390821
vt 0.443331 0.387839
vt 0.541138 0.239905
vt 0.573606 0.286101
vt 0.631710 0.347728
vt 0.314531 0.714617
vt 0.316709 0.721705
vt 0.528532 0.225513
vt 0.525710 0.224941
vt 0.525840 0.224003
vt 0.531852 0.230989
vt 0.585687 0.297743
vt 0.592063 0.305519
vt 0.321188 1.025867
vt 0.327803 1.026145
vt 0.323723 1.025521
vt 0.311418 0.869544
vt 0.306767 0.881457
vt 0.582349 0.167134
vt 0.532916 0.239681
vt 0.523331 0.225313
vt 0.566173 0.287621
vt 0.607487 0.324433
vt 0.628318 0.351481
vt 0.527307 0.262767
vt 0.521052 0.257282
vt 0.520608 0.266896
vt 0.627198 0.349671
vt 0.494245 0.463717
vt 0.494284 0.448425
vt 0.500895 0.455031
vt 0.571271 0.321950
vt 0.566079 0.311132
vt 0.574910 0.310234
vt 0.572712 0.290318
vt 0.580459 0.290639
vt 0.565329 0.282243
vt 0.435348 0.596359
vt 0.443934 0.602090
vt 0.524237 0.232032
vt 0.521326 0.226708
vt 0.520202 0.228867
vt 0.526360 0.231510
vt 0.527014 0.237857
vt 0.435587 0.749510
vt 0.559212 0.282507
vt 0.558089 0.268527
vt 0.377219 0.839370
vt 0.377476 0.857804
vt 0.569978 0.298494
vt 0.578375 0.298049
vt 0.605622 0.334512
vt 0.619817 0.351847
vt 0.621217 0.343917
vt 0.629499 0.351144
vt 0.375564 0.996608
vt 0.377235 0.994508
vt 0.378103 0.988554
vt 0.621064 0.350366
vt 0.609214 0.335155
vt 0.604552 0.326479
vt 0.334510 0.626791
vt 0.338503 0.617795
vt 0.527649 0.235363
vt 0.521301 0.230382
vt 0.528028 0.245676
vt 0.541447 0.250677
vt 0.550226 0.264648
vt 0.441939 0.323113
vt 0.438517 0.334942
vt 0.444935 0.327577
vt 0.415281 0.390316
vt 0.418981 0.386172
vt 0.414591 0.398856
vt 0.614779 0.343099
vt 0.624753 0.354396
vt 0.618138 0.345256
vt 0.614203 0.340611
vt 0.599323 0.316500
vt 0.407841 0.753256
vt 0.400559 0.748029
vt 0.401123 0.766486
vt 0.582638 0.333010
vt 0.579839 0.321315
vt 0.580366 0.349641
vt 0.589711 0.348639
vt 0.584278 0.341050
vt 0.480550 0.579891
vt 0.481589 0.564110
vt 0.486408 0.569474
vt 0.550375 0.268289
vt 0.555248 0.281696
vt 0.590100 0.156814
vt 0.512716 0.469177
vt 0.515620 0.455257
vt 0.509362 0.462276
vt 0.583311 0.380291
vt 0.574822 0.385991
vt 0.518832 0.239845
vt 0.534551 0.247820
vt 0.551288 0.277024
vt 0.583607 0.309263
vt 0.507994 0.444931
vt 0.514049 0.448457
vt 0.507012 0.462448
vt 0.621039 0.355882
vt 0.621549 0.357421
vt 0.589770 0.319899
vt 0.516303 0.230175
vt 0.518433 0.229921
vt 0.519457 0.232826
vt 0.599450 0.341495
vt 0.607300 0.342825
vt 0.469736 0.462690
vt 0.462965 0.462674
vt 0.468054 0.451669
vt 0.619205 0.356646
vt 0.399827 0.970362
vt 0.391925 0.980495
vt 0.392836 0.979346
vt 0.285011 0.978347
vt 0.293607 0.986509
vt 0.519084 0.239042
vt 0.514471 0.231605
vt 0.330493 0.886468
vt 0.324338 0.893309
vt 0.333186 0.899134
vt 0.535023 0.259461
vt 0.458113 0.709425
vt 0.455829 0.721679
vt 0.452769 0.719328
vt 0.618261 0.359146
vt 0.596901 0.328217
vt 0.362523 0.935833
vt 0.357108 0.927158
vt 0.365356 0.922724
vt 0.377102 0.690130
vt 0.302528 0.984306
vt 0.305148 0.988769
vt 0.298269 0.986603
vt 0.433571 0.678455
vt 0.427674 0.669962
vt 0.426331 0.684940
vt 0.359348 0.917370
vt 0.363131 0.929697
vt 0.369691 0.914424
vt 0.420388 0.613356
vt 0.416923 0.598047
vt 0.425002 0.599045
vt 0.529637 0.251071
vt 0.522136 0.245759
vt 0.418609 0.560871
vt 0.542647 0.262152
vt 0.469275 0.383798
vt 0.476830 0.392175
vt 0.478135 0.374834
vt 0.494887 0.300803
vt 0.500105 0.310170
vt 0.492711 0.314019
vt 0.560411 0.298197
vt 0.612996 0.359299
vt 0.611580 0.348403
vt 0.606472 0.346169
vt 0.586181 0.360972
vt 0.591068 0.351005
vt 0.593785 0.359724
vt 0.517807 0.235346
vt 0.285554 0.920728
vt 0.286055 0.934530
vt 0.277472 0.926516
vt 0.513855 0.235127
vt 0.511222 0.239562
vt 0.329210 0.631373
vt 0.329463 0.631719
vt 0.333401 0.619453
vt 0.448207 0.492322
vt 0.449531 0.474164
vt 0.441336 0.478480
vt 0.608676 0.350731
vt 0.615211 0.349622
vt 0.599559 0.340229
vt 0.385034 0.612847
vt 0.377878 0.622950
vt 0.386414 0.631140
vt 0.439020 0.753399
vt 0.512682 0.234568
vt 0.452582 0.367103
vt 0.456776 0.378501
vt 0.301768 0.763514
vt 0.300515 0.777725
vt 0.352230 0.682716
vt 0.544788 0.272199
vt 0.451250 0.742010
vt 0.600689 0.351182
vt 0.339395 0.649263
vt 0.443401 0.764106
vt 0.447631 0.755511
vt 0.611127 0.359521
vt 0.590685 0.335336
vt 0.559577 0.296124
vt 0.510678 0.234724
vt 0.262220 0.968303
vt 0.260763 0.969940
vt 0.266892 0.978757
vt 0.536409 0.273529
vt 0.427363 0.785655
vt 0.424104 0.776596
vt 0.610799 0.355927
vt 0.606232 0.364858
vt 0.613879 0.361533
vt 0.613228 0.362606
vt 0.390592 0.519414
vt 0.392766 0.533973
vt 0.612111 0.362239
vt 0.612433 0.353429
vt 0.454411 0.326431
vt 0.446791 0.335623
vt 0.448536 0.324781
vt 0.286844 0.984340
vt 0.288273 0.986783
vt 0.293620 0.991052
vt 0.257760 0.917040
vt 0.258779 0.903814
vt 0.263564 0.915910
vt 0.392302 0.693519
vt 0.426337 0.782228
vt 0.421149 0.794539
vt 0.422153 0.779706
vt 0.275446 0.912285
vt 0.274784 0.896975
vt 0.268858 0.904782
vt 0.513374 0.254868
vt 0.512413 0.246558
vt 0.506045 0.417416
vt 0.245745 0.879612
vt 0.251844 0.878439
vt 0.604433 0.362563
vt 0.415373 0.667982
vt 0.408471 0.666366
vt 0.412041 0.679736
vt 0.332033 0.774786
vt 0.338361 0.783982
vt 0.340898 0.768694
vt 0.551044 0.295429
vt 0.546255 0.282191
vt 0.532477 0.271771
vt 0.513650 0.265945
vt 0.511691 0.240444
vt 0.504451 0.241161
vt 0.441088 0.363293
vt 0.445334 0.371897
vt 0.438086 0.378036
vt 0.407370 0.539174
vt 0.397901 0.541320
vt 0.520779 0.262659
vt 0.527922 0.255821
vt 0.527727 0.267545
vt 0.391439 0.767438
vt 0.460371 0.696682
vt 0.465303 0.688244
vt 0.462392 0.700411
vt 0.602455 0.358169
vt 0.318628 0.751847
vt 0.319555 0.738720
vt 0.324404 0.746359
vt 0.420510 0.757141
vt 0.420912 0.745738
vt 0.537110 0.351204
vt 0.537842 0.335257
vt 0.528728 0.344926
vt 0.515774 0.249261
vt 0.521586 0.252593
vt 0.522347 0.244728
vt 0.445148 0.743052
vt 0.446886 0.747286
vt 0.450551 0.736590
vt 0.582579 0.345702
vt 0.606653 0.366149
vt 0.562827 0.310191
vt 0.555215 0.308381
vt 0.271927 0.989048
vt 0.349893 0.764272
vt 0.353237 0.749875
vt 0.344113 0.753457
vt 0.307805 0.996069
vt 0.308112 0.996408
vt 0.315034 0.998279
vt 0.502038 0.239616
vt 0.475220 0.501732
vt 0.575504 0.330124
vt 0.404479 0.644743
vt 0.397892 0.642854
vt 0.402091 0.632031
vt 0.605972 0.366517
vt 0.342367 0.599179
vt 0.345896 0.594433
vt 0.260170 0.843670
vt 0.254806 0.854633
vt 0.400726 0.794260
vt 0.398543 0.781270
vt 0.392610 0.790334
vt 0.440260 0.340740
vt 0.445267 0.339538
vt 0.589610 0.358122
vt 0.597823 0.354007
vt 0.584783 0.304782
vt 0.579528 0.316521
vt 0.522517 0.421277
vt 0.522482 0.408390
vt 0.530635 0.407259
vt 0.296487 0.752982
vt 0.299912 0.746017
vt 0.300983 0.740713
vt 0.542370 0.296054
vt 0.528703 0.285241
vt 0.537416 0.283431
vt 0.314725 0.997773
vt 0.309250 0.995962
vt 0.504484 0.240523
vt 0.514485 0.258632
vt 0.454461 0.461348
vt 0.459064 0.475349
vt 0.612986 0.189957
vt 0.605742 0.354240
vt 0.573646 0.327429
vt 0.565038 0.323929
vt 0.377232 0.607174
vt 0.524378 0.274530
vt 0.505258 0.254586
vt 0.350023 0.919105
vt 0.354293 0.931986
vt 0.506830 0.236711
vt 0.508066 0.255567
vt 0.405913 0.430496
vt 0.411846 0.422135
vt 0.409620 0.435170
vt 0.344701 0.918034
vt 0.351875 0.916030
vt 0.306968 0.831730
vt 0.311682 0.818200
vt 0.574915 0.340304
vt 0.465124 0.605729
vt 0.459564 0.616617
vt 0.465621 0.619734
vt 0.595480 0.365594
vt 0.597811 0.368597
vt 0.507673 0.391903
vt 0.515980 0.393780
vt 0.514475 0.380696
vt 0.600446 0.369065
vt 0.599391 0.370365
vt 0.604487 0.365864
vt 0.601865 0.364405
vt 0.606142 0.358963
vt 0.428503 0.580824
vt 0.434420 0.598189
vt 0.546345 0.388221
vt 0.537015 0.390281
vt 0.544617 0.379026
vt 0.425650 0.488063
vt 0.419579 0.494188
vt 0.417858 0.480784
vt 0.591895 0.363517
vt 0.599571 0.361094
vt 0.582568 0.330317
vt 0.576762 0.339940
vt 0.516124 0.406082
vt 0.515775 0.419463
vt 0.547166 0.308817
vt 0.423903 0.425602
vt 0.421399 0.417375
vt 0.424262 0.450630
vt 0.433793 0.448351
vt 0.427952 0.435886
vt 0.408554 0.955304
vt 0.403283 0.964216
vt 0.406040 0.960893
vt 0.516963 0.275805
vt 0.506363 0.263133
vt 0.509947 0.234304
vt 0.480001 0.594380
vt 0.484882 0.596703
vt 0.479603 0.608036
vt 0.507280 0.265436
vt 0.550687 0.396816
vt 0.543819 0.395977
vt 0.543815 0.406210
vt 0.519870 0.274017
vt 0.534695 0.289795
vt 0.557364 0.313113
vt 0.552333 0.303598
vt 0.442954 0.704604
vt 0.448218 0.637767
vt 0.463414 0.276826
vt 0.580878 0.357372
vt 0.455452 0.491163
vt 0.447926 0.500070
vt 0.447163 0.486329
vt 0.403480 0.526791
vt 0.395798 0.526272
vt 0.345601 0.933277
vt 0.567080 0.339453
vt 0.558472 0.319304
vt 0.487156 0.424086
vt 0.494351 0.432667
vt 0.484736 0.443366
vt 0.533350 0.297764
vt 0.320316 0.707012
vt 0.326801 0.700718
vt 0.323576 0.692066
vt 0.473923 0.266465
vt 0.480347 0.261441
vt 0.472996 0.272431
vt 0.302641 0.993393
vt 0.520357 0.327776
vt 0.530483 0.325294
vt 0.525008 0.338262
vt 0.468239 0.273732
vt 0.414719 0.942845
vt 0.416380 0.938457
vt 0.411108 0.951755
vt 0.427466 0.843162
vt 0.428455 0.826432
vt 0.405393 0.707345
vt 0.450784 0.328304
vt 0.452279 0.316120
vt 0.599584 0.369802
vt 0.455398 0.510088
vt 0.463335 0.504033
vt 0.538525 0.309928
vt 0.520321 0.286455
vt 0.421311 0.399579
vt 0.492885 0.544958
vt 0.492860 0.529251
vt 0.497787 0.534064
vt 0.504273 0.247446
vt 0.496083 0.249877
vt 0.548519 0.357886
vt 0.550563 0.369997
vt 0.544346 0.369376
vt 0.526982 0.280945
vt 0.532839 0.306605
vt 0.405584 0.953908
vt 0.409755 0.943663
vt 0.405449 0.949000
vt 0.315501 0.989612
vt 0.321425 0.991572
vt 0.548806 0.314823
vt 0.591681 0.374817
vt 0.596542 0.370104
vt 0.364304 0.572129
vt 0.363925 0.561843
vt 0.434625 0.565053
vt 0.426413 0.562231
vt 0.304403 0.733457
vt 0.345082 0.689659
vt 0.344940 0.702886
vt 0.338608 0.699240
vt 0.510793 0.276124
vt 0.494369 0.246590
vt 0.372259 0.538828
vt 0.371053 0.550020
vt 0.368125 0.546791
vt 0.447634 0.349315
vt 0.450628 0.338140
vt 0.507576 0.274047
vt 0.500434 0.274455
vt 0.501534 0.439333
vt 0.440874 0.741915
vt 0.415355 0.821973
vt 0.553989 0.326203
vt 0.417482 0.770455
vt 0.414879 0.756243
vt 0.593879 0.368142
vt 0.588371 0.374683
vt 0.582694 0.358008
vt 0.551635 0.320845
vt 0.524121 0.298783
vt 0.468405 0.600957
vt 0.474604 0.590637
vt 0.497129 0.255831
vt 0.491059 0.247465
vt 0.410741 0.873560
vt 0.407334 0.890946
vt 0.415771 0.879601
vt 0.347095 0.778913
vt 0.540204 0.317898
vt 0.405131 0.563706
vt 0.397566 0.573069
vt 0.372057 0.752683
vt 0.373038 0.767976
vt 0.364193 0.760010
vt 0.462989 0.682615
vt 0.513604 0.268722
vt 0.485518 0.583532
vt 0.490026 0.585345
vt 0.572060 0.350619
vt 0.575530 0.357844
vt 0.441707 0.751620
vt 0.445397 0.740445
vt 0.535448 0.321947
vt 0.528447 0.313525
vt 0.507094 0.271452
vt 0.281807 0.793325
vt 0.274813 0.796729
vt 0.275134 0.803714
vt 0.488713 0.253658
vt 0.500402 0.263325
vt 0.420221 0.921881
vt 0.418828 0.922734
vt 0.578636 0.366817
vt 0.585697 0.371738
vt 0.583790 0.365887
vt 0.428192 0.464315
vt 0.423190 0.477324
vt 0.431741 0.480426
vt 0.557284 0.333123
vt 0.489153 0.258254
vt 0.512313 0.279480
vt 0.566247 0.345148
vt 0.565341 0.352196
vt 0.567024 0.363404
vt 0.489571 0.613324
vt 0.300108 0.936859
vt 0.308051 0.943202
vt 0.301867 0.952832
vt 0.543223 0.321646
vt 0.428913 0.344820
vt 0.428751 0.344929
vt 0.434209 0.330468
vt 0.332775 0.634999
vt 0.399706 0.430554
vt 0.401597 0.420261
vt 0.485899 0.252634
vt 0.479950 0.537653
vt 0.475625 0.555961
vt 0.440645 0.490725
vt 0.316269 0.743452
vt 0.309469 0.752137
vt 0.546305 0.326611
vt 0.441514 0.475902
vt 0.444079 0.459094
vt 0.450153 0.474694
vt 0.572282 0.364742
vt 0.547645 0.333574
vt 0.515072 0.298452
vt 0.512158 0.285963
vt 0.500699 0.271869
vt 0.498583 0.263330
vt 0.490153 0.265130
vt 0.433450 0.341574
vt 0.434936 0.347850
vt 0.575747 0.366164
vt 0.407596 0.685458
vt 0.559374 0.347987
vt 0.494359 0.270754
vt 0.487599 0.274835
vt 0.504344 0.281759
vt 0.298368 0.990908
vt 0.300011 0.992709
vt 0.549435 0.340241
vt 0.489130 0.440009
vt 0.489618 0.427180
vt 0.353824 0.608033
vt 0.351710 0.620553
vt 0.357686 0.613954
vt 0.481894 0.267457
vt 0.481788 0.261393
vt 0.474428 0.270161
vt 0.484983 0.253653
vt 0.510372 0.291660
vt 0.504954 0.283458
vt 0.518459 0.286715
vt 0.240299 0.870319
vt 0.540033 0.400361
vt 0.535411 0.411698
vt 0.418385 0.379710
vt 0.414453 0.387712
vt 0.343420 0.625056
vt 0.339040 0.637685
vt 0.382352 0.873824
vt 0.374166 0.875849
vt 0.576160 0.375430
vt 0.507709 0.537311
vt 0.505155 0.551646
vt 0.560742 0.358199
vt 0.372086 0.968069
vt 0.364463 0.976417
vt 0.370253 0.973945
vt 0.442124 0.756172
vt 0.237509 0.902916
vt 0.488153 0.253831
vt 0.481941 0.257841
vt 0.330282 0.684742
vt 0.337341 0.684646
vt 0.539733 0.333522
vt 0.557547 0.349752
vt 0.566506 0.382195
vt 0.563024 0.390812
vt 0.571385 0.384757
vt 0.571269 0.372064
vt 0.272040 0.933276
vt 0.267223 0.939169
vt 0.276173 0.947381
vt 0.231909 0.890509
vt 0.231428 0.877245
vt 0.232905 0.889849
vt 0.492477 0.273177
vt 0.416874 0.784617
vt 0.302211 0.737312
vt 0.305808 0.725218
vt 0.306343 0.725526
vt 0.574753 0.374902
vt 0.325228 0.826825
vt 0.329575 0.837231
vt 0.332686 0.826370
vt 0.569127 0.373322
vt 0.477125 0.476395
vt 0.471927 0.486423
vt 0.481417 0.489456
vt 0.482833 0.276769
vt 0.280737 0.978649
vt 0.288204 0.985844
vt 0.283564 0.984067
vt 0.492184 0.280572
vt 0.497322 0.287536
vt 0.502519 0.296093
vt 0.363411 0.773428
vt 0.358940 0.761469
vt 0.355444 0.774907
vt 0.452964 0.357138
vt 0.460091 0.349645
vt 0.454500 0.343507
vt 0.466118 0.438020
vt 0.474431 0.440537
vt 0.528448 0.329901
vt 0.481895 0.255267
vt 0.477549 0.260479
vt 0.241738 0.837758
vt 0.508167 0.305560
vt 0.532011 0.342520
vt 0.431948 0.549450
vt 0.466842 0.332838
vt 0.459032 0.337297
vt 0.462943 0.321732
vt 0.557340 0.367521
vt 0.560384 0.377352
vt 0.415201 0.537502
vt 0.421299 0.544832
vt 0.535437 0.434769
vt 0.530793 0.445674
vt 0.535877 0.434718
vt 0.495913 0.281836
vt 0.265014 0.902813
vt 0.255790 0.889612
vt 0.368702 0.562988
vt 0.365813 0.577004
vt 0.557257 0.361770
vt 0.460635 0.720276
vt 0.457008 0.730985
vt 0.458350 0.726381
vt 0.367556 0.979233
vt 0.375257 0.970775
vt 0.498886 0.290468
vt 0.427901 0.431522
vt 0.428847 0.418519
vt 0.434869 0.423214
vt 0.475718 0.264286
vt 0.564610 0.372828
vt 0.450777 0.675984
vt 0.566316 0.392202
vt 0.389356 0.459146
vt 0.391522 0.448645
vt 0.394384 0.445345
vt 0.345845 0.974858
vt 0.338129 0.974961
vt 0.343065 0.963973
vt 0.350002 0.601592
vt 0.358154 0.593774
vt 0.355326 0.586740
vt 0.479708 0.429621
vt 0.472570 0.426245
vt 0.479853 0.415679
vt 0.396613 0.970823
vt 0.394899 0.968754
vt 0.478354 0.259360
vt 0.470686 0.267960
vt 0.479591 0.268108
vt 0.475773 0.277699
vt 0.480037 0.281515
vt 0.484821 0.286082
vt 0.489722 0.292734
vt 0.514264 0.316215
vt 0.268660 0.890022
vt 0.263191 0.896652
vt 0.565824 0.379380
vt 0.387091 0.846486
vt 0.379235 0.851282
vt 0.568898 0.383130
vt 0.572076 0.385367
vt 0.509655 0.517621
vt 0.511293 0.517490
vt 0.513132 0.504318
vt 0.452593 0.611729
vt 0.452701 0.595698
vt 0.268854 0.875101
vt 0.275032 0.881415
vt 0.275539 0.866632
vt 0.431627 0.807172
vt 0.434260 0.792859
vt 0.455054 0.730240
vt 0.434812 0.412701
vt 0.431292 0.405952
vt 0.465225 0.282188
vt 0.505650 0.320830
vt 0.511644 0.332459
vt 0.540284 0.349193
vt 0.557423 0.372078
vt 0.304189 0.742604
vt 0.329532 0.991952
vt 0.326910 0.988356
vt 0.333905 0.986043
vt 0.540658 0.424910
vt 0.534985 0.433882
vt 0.232543 0.874496
vt 0.234806 0.873627
vt 0.233927 0.864290
vt 0.352732 0.804640
vt 0.446043 0.641710
vt 0.442333 0.658614
vt 0.450267 0.657503
vt 0.394592 0.438513
vt 0.396497 0.434577
vt 0.566127 0.392596
vt 0.549362 0.368269
vt 0.411695 0.391916
vt 0.331364 0.971247
vt 0.338243 0.977547
vt 0.339277 0.964853
vt 0.519888 0.339710
vt 0.512054 0.332902
vt 0.474245 0.277837
vt 0.467995 0.273403
vt 0.506140 0.323213
vt 0.389186 0.749634
vt 0.489700 0.392942
vt 0.484148 0.380875
vt 0.482493 0.298175
vt 0.524610 0.351859
vt 0.539386 0.363504
vt 0.551032 0.378784
vt 0.357832 0.647347
vt 0.558172 0.388718
vt 0.395722 0.602269
vt 0.398990 0.617131
vt 0.437728 0.615230
vt 0.442711 0.627678
vt 0.433225 0.632880
vt 0.276150 0.975918
vt 0.273788 0.970607
vt 0.286342 0.970856
vt 0.285036 0.975733
vt 0.292132 0.979412
vt 0.278889 0.965893
vt 0.478990 0.650933
vt 0.479468 0.648460
vt 0.478732 0.291376
vt 0.487609 0.305795
vt 0.334397 0.995668
vt 0.335718 0.995414
vt 0.563119 0.391369
vt 0.335008 0.784573
vt 0.331549 0.801088
vt 0.327000 0.788188
vt 0.537112 0.365008
vt 0.489823 0.303297
vt 0.364634 0.846467
vt 0.370942 0.860015
vt 0.372567 0.840682
vt 0.466050 0.282093
vt 0.420267 0.573205
vt 0.414385 0.583156
vt 0.412750 0.568308
vt 0.468400 0.285280
vt 0.472461 0.291448
vt 0.433095 0.525432
vt 0.429153 0.535225
vt 0.426782 0.521117
vt 0.551823 0.387102
vt 0.542879 0.369404
vt 0.529192 0.359901
vt 0.493028 0.313487
vt 0.496690 0.300961
vt 0.410981 0.715159
vt 0.418104 0.703094
vt 0.332147 0.709992
vt 0.332845 0.695612
vt 0.494960 0.573420
vt 0.490983 0.572388
vt 0.510852 0.505120
vt 0.554534 0.397819
vt 0.327354 0.680631
vt 0.333692 0.678283
vt 0.327245 0.694568
vt 0.488976 0.597979
vt 0.544701 0.377925
vt 0.503241 0.551882
vt 0.502458 0.563897
vt 0.505902 0.546732
vt 0.497687 0.324498
vt 0.517662 0.343807
vt 0.546376 0.385520
vt 0.551701 0.377513
vt 0.439093 0.355387
vt 0.497992 0.325258
vt 0.376969 0.666966
vt 0.381170 0.678191
vt 0.371953 0.679126
vt 0.372372 0.968591
vt 0.386630 0.985959
vt 0.385691 0.988504
vt 0.468509 0.287685
vt 0.335009 0.963894
vt 0.340142 0.951143
vt 0.417296 0.931929
vt 0.413425 0.944515
vt 0.375119 0.522164
vt 0.475106 0.302650
vt 0.446774 0.710558
vt 0.447651 0.720965
vt 0.451552 0.706481
vt 0.503090 0.336406
vt 0.508875 0.349069
vt 0.515862 0.362696
vt 0.556212 0.396167
vt 0.270483 0.914146
vt 0.537717 0.377636
vt 0.530118 0.374459
vt 0.342370 0.920789
vt 0.343716 0.904919
vt 0.503601 0.336883
vt 0.484951 0.313022
vt 0.458123 0.286294
vt 0.479862 0.313644
vt 0.489983 0.327002
vt 0.461561 0.579789
vt 0.458057 0.570468
vt 0.454851 0.581586
vt 0.538176 0.376133
vt 0.422381 0.658759
vt 0.430607 0.668067
vt 0.423246 0.676643
vt 0.327059 0.975651
vt 0.325143 0.983369
vt 0.558285 0.398646
vt 0.508785 0.429812
vt 0.509398 0.415260
vt 0.422382 0.835311
vt 0.423368 0.849822
vt 0.475725 0.454894
vt 0.486457 0.317339
vt 0.482512 0.327694
vt 0.239497 0.834090
vt 0.239911 0.832297
vt 0.244595 0.824116
vt 0.550361 0.404910
vt 0.401767 0.949648
vt 0.400983 0.957423
vt 0.464608 0.475896
vt 0.471368 0.471660
vt 0.510075 0.349670
vt 0.467168 0.697988
vt 0.465973 0.696573
vt 0.470341 0.684609
vt 0.488651 0.329037
vt 0.349606 0.620224
vt 0.346345 0.635725
vt 0.462797 0.281386
vt 0.458432 0.290483
vt 0.309276 0.978833
vt 0.308037 0.966470
vt 0.301123 0.973478
vt 0.461024 0.293631
vt 0.323905 0.659220
vt 0.324445 0.669150
vt 0.327203 0.656650
vt 0.539882 0.388180
vt 0.457195 0.558042
vt 0.463567 0.546924
vt 0.455353 0.542791
vt 0.265115 0.937672
vt 0.263119 0.960269
vt 0.266770 0.981429
vt 0.457642 0.292819
vt 0.309062 0.896188
vt 0.317545 0.902061
vt 0.315760 0.884483
vt 0.464326 0.298460
vt 0.398340 0.452426
vt 0.401955 0.456082
vt 0.395806 0.463839
vt 0.393936 0.964065
vt 0.387911 0.974132
vt 0.375441 0.526373
vt 0.379288 0.509192
vt 0.380778 0.522016
vt 0.330931 0.992734
vt 0.330682 0.982854
vt 0.323657 0.988470
vt 0.552903 0.406788
vt 0.496022 0.337748
vt 0.477096 0.310941
vt 0.444075 0.349145
vt 0.437424 0.355471
vt 0.431051 0.362298
vt 0.469453 0.310302
vt 0.263130 0.883409
vt 0.461972 0.294772
vt 0.276672 0.786445
vt 0.279979 0.786207
vt 0.271645 0.793728
vt 0.276961 0.960523
vt 0.276003 0.977504
vt 0.419427 0.394957
vt 0.530998 0.383186
vt 0.393002 0.457754
vt 0.399258 0.441036
vt 0.553354 0.407710
vt 0.531132 0.390015
vt 0.458039 0.304181
vt 0.467353 0.306822
vt 0.248735 0.856321
vt 0.255583 0.856373
vt 0.439341 0.770231
vt 0.437875 0.764315
vt 0.526363 0.377281
vt 0.462067 0.610514
vt 0.454219 0.606922
vt 0.342845 0.671241
vt 0.349941 0.673452
vt 0.426060 0.795281
vt 0.422984 0.805793
vt 0.522938 0.384456
vt 0.488289 0.563000
vt 0.486710 0.550693
vt 0.482605 0.563480
vt 0.499463 0.349907
vt 0.478969 0.325343
vt 0.471345 0.322445
vt 0.283454 0.960272
vt 0.393353 0.756621
vt 0.393264 0.741153
vt 0.450761 0.303022
vt 0.454755 0.303979
vt 0.451748 0.298141
vt 0.452972 0.303960
vt 0.445303 0.312027
vt 0.453005 0.292628
vt 0.413988 0.937935
vt 0.413444 0.931192
vt 0.377569 0.713266
vt 0.370317 0.722898
vt 0.369007 0.708100
vt 0.405562 0.420725
vt 0.405881 0.430368
vt 0.410640 0.417080
vt 0.491396 0.353217
vt 0.494896 0.338960
vt 0.499964 0.351936
vt 0.435703 0.730144
vt 0.441745 0.731058
vt 0.442232 0.719198
vt 0.527861 0.396132
vt 0.547021 0.413092
vt 0.498380 0.459754
vt 0.505364 0.454105
vt 0.284298 0.970250
vt 0.290332 0.969005
vt 0.463251 0.311375
vt 0.532137 0.412393
vt 0.535582 0.400054
vt 0.527977 0.405400
vt 0.407540 0.736731
vt 0.471007 0.317515
vt 0.505291 0.365735
vt 0.404476 0.860391
vt 0.407560 0.844399
vt 0.410422 0.862827
vt 0.547695 0.404250
vt 0.495982 0.560990
vt 0.547328 0.415285
vt 0.320322 0.969405
vt 0.313312 0.964432
vt 0.313307 0.973081
vt 0.439058 0.531328
vt 0.445589 0.521951
vt 0.480195 0.343019
vt 0.490340 0.347070
vt 0.463538 0.322834
vt 0.459895 0.311727
vt 0.474781 0.329212
vt 0.486639 0.340381
vt 0.397880 0.430435
vt 0.394175 0.441248
vt 0.546852 0.416119
vt 0.545468 0.415355
vt 0.429687 0.681047
vt 0.459265 0.307048
vt 0.449387 0.298715
vt 0.519737 0.378288
vt 0.523945 0.387787
vt 0.541749 0.407693
vt 0.451279 0.342819
vt 0.538436 0.406319
vt 0.522776 0.398190
vt 0.404303 0.928057
vt 0.403397 0.917136
vt 0.398461 0.929086
vt 0.445453 0.306541
vt 0.376940 0.539057
vt 0.428569 0.349424
vt 0.433989 0.333651
vt 0.543236 0.413121
vt 0.380971 0.832363
vt 0.407384 0.876565
vt 0.402384 0.901559
vt 0.407273 0.906347
vt 0.392165 0.726330
vt 0.400033 0.731641
vt 0.450446 0.743101
vt 0.434268 0.784806
vt 0.432916 0.778711
vt 0.493629 0.361943
vt 0.360259 0.911836
vt 0.354369 0.900033
vt 0.362888 0.895731
vt 0.472568 0.335161
vt 0.446430 0.728842
vt 0.440503 0.742549
vt 0.244608 0.903984
vt 0.240512 0.904157
vt 0.245113 0.916355
vt 0.453131 0.314391
vt 0.478668 0.341584
vt 0.483109 0.354096
vt 0.509863 0.400213
vt 0.516970 0.392476
vt 0.515207 0.433579
vt 0.521651 0.436144
vt 0.535639 0.420681
vt 0.406774 0.441883
vt 0.400909 0.443664
vt 0.428170 0.555558
vt 0.430504 0.538357
vt 0.457324 0.319085
vt 0.447189 0.304789
vt 0.444882 0.312714
vt 0.446583 0.318351
vt 0.521551 0.398430
vt 0.332894 0.986287
vt 0.334866 0.987135
vt 0.395363 0.632992
vt 0.398031 0.646781
vt 0.403217 0.634876
vt 0.541428 0.424864
vt 0.516827 0.404343
vt 0.416952 0.758669
vt 0.424117 0.756367
vt 0.419986 0.769922
vt 0.488188 0.407984
vt 0.374229 0.517946
vt 0.451772 0.744090
vt 0.452753 0.742542
vt 0.470910 0.344270
vt 0.496271 0.366472
vt 0.327300 0.706633
vt 0.324802 0.721265
vt 0.321203 0.709892
vt 0.505539 0.378159
vt 0.502943 0.364075
vt 0.385098 0.861420
vt 0.472151 0.346865
vt 0.448057 0.313720
vt 0.443572 0.309820
vt 0.387194 0.696010
vt 0.536655 0.415902
vt 0.267481 0.796144
vt 0.273513 0.790152
vt 0.532515 0.433151
vt 0.538843 0.423663
vt 0.425961 0.809353
vt 0.466920 0.331650
vt 0.420936 0.586989
vt 0.456062 0.331200
vt 0.442614 0.313594
vt 0.447311 0.597790
vt 0.500651 0.379928
vt 0.510221 0.382265
vt 0.455458 0.664872
vt 0.450196 0.672544
vt 0.454737 0.678409
vt 0.541826 0.416545
vt 0.496924 0.375576
vt 0.461094 0.336628
vt 0.429846 0.753975
vt 0.428834 0.743607
vt 0.475233 0.355730
vt 0.487784 0.366986
vt 0.492548 0.379596
vt 0.534072 0.427176
vt 0.537107 0.427807
vt 0.520826 0.410958
vt 0.399858 0.662374
vt 0.300503 0.880825
vt 0.291184 0.873303
vt 0.299193 0.863925
vt 0.439663 0.321958
vt 0.524292 0.459420
vt 0.525408 0.459571
vt 0.528795 0.448491
vt 0.341282 0.657957
vt 0.335238 0.659921
vt 0.502806 0.394178
vt 0.362989 0.730232
vt 0.363538 0.717620
vt 0.290468 0.891272
vt 0.293840 0.904789
vt 0.541868 0.422164
vt 0.405464 0.580705
vt 0.410584 0.595351
vt 0.415912 0.579207
vt 0.525015 0.418537
vt 0.499171 0.388881
vt 0.488353 0.374117
vt 0.360462 0.706142
vt 0.463248 0.348423
vt 0.479631 0.367731
vt 0.345395 0.830658
vt 0.337566 0.833998
vt 0.343221 0.843211
vt 0.374752 0.555281
vt 0.531412 0.438331
vt 0.391215 0.643119
vt 0.528830 0.426093
vt 0.513832 0.414658
vt 0.510225 0.404529
vt 0.474941 0.358017
vt 0.466460 0.342375
vt 0.297276 0.767614
vt 0.302362 0.765338
vt 0.339641 0.885851
vt 0.439062 0.321107
vt 0.439859 0.317398
vt 0.491988 0.558985
vt 0.324807 0.813952
vt 0.332371 0.818653
vt 0.512740 0.506917
vt 0.514924 0.501431
vt 0.512263 0.516056
vt 0.357143 0.693538
vt 0.350741 0.687938
vt 0.351071 0.701739
vt 0.290019 0.925068
vt 0.283993 0.932648
vt 0.291260 0.939272
vt 0.467979 0.652433
vt 0.470891 0.658628
vt 0.465540 0.667679
vt 0.345977 0.629000
vt 0.438701 0.320677
vt 0.259463 0.804799
vt 0.363028 0.954736
vt 0.358399 0.965004
vt 0.356071 0.954227
vt 0.370688 0.817764
vt 0.365135 0.808293
vt 0.375723 0.804487
vt 0.496490 0.389785
vt 0.366456 0.534549
vt 0.367709 0.534051
vt 0.363825 0.544804
vt 0.444864 0.679831
vt 0.395476 0.903821
vt 0.401944 0.904800
vt 0.326328 0.908797
vt 0.319622 0.918506
vt 0.398787 0.715994
vt 0.439321 0.327573
vt 0.292591 0.834296
vt 0.288661 0.825406
vt 0.297316 0.825631
vt 0.324107 0.781622
vt 0.325559 0.767916
vt 0.329565 0.789493
vt 0.335438 0.798744
vt 0.348146 0.745835
vt 0.355349 0.737255
vt 0.355980 0.752163
vt 0.322804 0.897882
vt 0.313880 0.902190
vt 0.315066 0.887759
vt 0.405051 0.825213
vt 0.399124 0.820701
vt 0.400245 0.835411
vt 0.450046 0.401926
vt 0.459830 0.403577
vt 0.455051 0.389533
vt 0.634720 0.239843
vt 0.392480 0.449238
vt 0.405759 0.891794
vt 0.288223 0.878715
vt 0.295760 0.871793
vt 0.289813 0.862328
vt 0.442578 0.453905
vt 0.442227 0.439370
vt 0.290025 0.776074
vt 0.438371 0.402414
vt 0.527520 0.438179
vt 0.466884 0.354988
vt 0.375668 0.750257
vt 0.385789 0.746770
vt 0.379491 0.734425
vt 0.385908 0.659743
vt 0.455679 0.352750
vt 0.472653 0.368278
vt 0.512105 0.448392
vt 0.264564 0.924863
vt 0.341267 0.990043
vt 0.335533 0.994318
vt 0.460146 0.630887
vt 0.453317 0.627968
vt 0.263001 0.943421
vt 0.521616 0.430802
vt 0.350307 0.589576
vt 0.347840 0.598451
vt 0.345140 0.598648
vt 0.368293 0.863298
vt 0.432020 0.651902
vt 0.406246 0.650169
vt 0.433585 0.335205
vt 0.245228 0.940741
vt 0.245751 0.937921
vt 0.241219 0.928671
vt 0.366842 0.539176
vt 0.523692 0.443477
vt 0.528361 0.433142
vt 0.390011 0.711235
vt 0.448215 0.357520
vt 0.424185 0.546721
vt 0.418661 0.557912
vt 0.416494 0.543187
vt 0.492345 0.384710
vt 0.492119 0.396883
vt 0.426031 0.643416
vt 0.424509 0.356147
vt 0.264953 0.939645
vt 0.268166 0.943297
vt 0.252628 0.844247
vt 0.249326 0.855922
vt 0.475210 0.380998
vt 0.502182 0.424138
vt 0.267882 0.941633
vt 0.522147 0.453818
vt 0.517502 0.463659
vt 0.518819 0.451221
vt 0.523270 0.464509
vt 0.507956 0.440230
vt 0.483847 0.402328
vt 0.475540 0.406979
vt 0.297831 0.931568
vt 0.438965 0.371123
vt 0.443360 0.376907
vt 0.445279 0.363697
vt 0.306412 0.854877
vt 0.299005 0.849706
vt 0.305809 0.841181
vt 0.517773 0.487472
vt 0.519310 0.477782
vt 0.521058 0.473993
vt 0.468683 0.398153
vt 0.462723 0.390782
vt 0.446003 0.388659
vt 0.451760 0.373882
vt 0.266752 0.965270
vt 0.268053 0.986593
vt 0.277020 0.871674
vt 0.269732 0.875548
vt 0.273004 0.862796
vt 0.426307 0.366268
vt 0.429409 0.354941
vt 0.423803 0.364637
vt 0.419973 0.370530
vt 0.424045 0.358659
vt 0.502730 0.508528
vt 0.429502 0.354820
vt 0.425707 0.359473
vt 0.429129 0.348391
vt 0.460094 0.392429
vt 0.422429 0.864922
vt 0.425214 0.859600
vt 0.517677 0.480021
vt 0.521358 0.470512
vt 0.320906 0.851667
vt 0.328983 0.857911
vt 0.482625 0.435861
vt 0.286709 0.775541
vt 0.282121 0.785790
vt 0.467917 0.411843
vt 0.383687 0.888742
vt 0.389908 0.872760
vt 0.492297 0.576715
vt 0.486673 0.586502
vt 0.490513 0.590355
vt 0.245800 0.941169
vt 0.249370 0.948327
vt 0.421483 0.365245
vt 0.425046 0.356751
vt 0.434221 0.369716
vt 0.431024 0.384076
vt 0.456205 0.420058
vt 0.462565 0.407824
vt 0.464364 0.423253
vt 0.417859 0.690771
vt 0.420275 0.676083
vt 0.400479 0.963525
vt 0.403089 0.963055
vt 0.513338 0.474065
vt 0.513357 0.462465
vt 0.392502 0.940559
vt 0.516321 0.473945
vt 0.516609 0.481380
vt 0.520179 0.467090
vt 0.514924 0.477574
vt 0.506978 0.476854
vt 0.340139 0.646919
vt 0.335142 0.650957
vt 0.427714 0.731689
vt 0.433962 0.731701
vt 0.408779 0.398951
vt 0.403972 0.411953
vt 0.406658 0.406243
vt 0.420069 0.368416
vt 0.352180 0.705353
vt 0.239804 0.913855
vt 0.488876 0.457484
vt 0.509032 0.475149
vt 0.513477 0.484237
vt 0.421958 0.744435
vt 0.518439 0.483243
vt 0.414612 0.383588
vt 0.502967 0.469044
vt 0.468019 0.425025
vt 0.317151 0.810417
vt 0.322527 0.800420
vt 0.454227 0.405004
vt 0.243961 0.825037
vt 0.238777 0.835399
vt 0.461172 0.418699
vt 0.350425 0.962853
vt 0.353198 0.959356
vt 0.345339 0.965919
vt 0.483636 0.547859
vt 0.426237 0.375041
vt 0.432725 0.372613
vt 0.431131 0.361703
vt 0.281949 0.818399
vt 0.285795 0.807780
vt 0.276248 0.813044
vt 0.268431 0.968184
vt 0.499632 0.471471
vt 0.515921 0.491102
vt 0.493298 0.449542
vt 0.484656 0.452866
vt 0.453596 0.414257
vt 0.441197 0.402188
vt 0.527004 0.443548
vt 0.305944 0.986711
vt 0.295314 0.964929
vt 0.421716 0.367960
vt 0.436284 0.677869
vt 0.385118 0.689822
vt 0.389964 0.678411
vt 0.397385 0.917374
vt 0.391976 0.929475
vt 0.299946 0.960083
vt 0.513531 0.494268
vt 0.447538 0.583632
vt 0.411002 0.553799
vt 0.440778 0.413942
vt 0.446099 0.402550
vt 0.448206 0.416651
vt 0.274904 0.967587
vt 0.275262 0.959731
vt 0.280988 0.968742
vt 0.395317 0.829787
vt 0.392882 0.818601
vt 0.503786 0.479743
vt 0.516010 0.491540
vt 0.496343 0.475787
vt 0.491058 0.465315
vt 0.232604 0.896004
vt 0.232035 0.885297
vt 0.230975 0.882840
vt 0.326434 0.644392
vt 0.323117 0.654998
vt 0.417110 0.377442
vt 0.383481 0.507708
vt 0.383472 0.495030
vt 0.378478 0.508917
vt 0.482318 0.462131
vt 0.509939 0.485638
vt 0.515793 0.496312
vt 0.513844 0.491857
vt 0.476448 0.656739
vt 0.505470 0.492977
vt 0.510152 0.481937
vt 0.369876 0.846612
vt 0.459780 0.676576
vt 0.456123 0.669465
vt 0.462081 0.661418
vt 0.359492 0.556671
vt 0.363517 0.543232
vt 0.475603 0.446170
vt 0.455199 0.426185
vt 0.383706 0.963774
vt 0.377649 0.974004
vt 0.383998 0.972031
vt 0.342076 0.808317
vt 0.331701 0.814163
vt 0.434768 0.392602
vt 0.346141 0.827844
vt 0.351530 0.822572
vt 0.351355 0.835187
vt 0.454839 0.734464
vt 0.506390 0.486579
vt 0.339615 0.821608
vt 0.468141 0.438888
vt 0.461734 0.431686
vt 0.263316 0.910581
vt 0.475005 0.566727
vt 0.472063 0.549776
vt 0.465324 0.564507
vt 0.379369 0.889544
vt 0.380191 0.903745
vt 0.474244 0.605320
vt 0.510356 0.492665
vt 0.461777 0.443414
vt 0.449374 0.422264
vt 0.445732 0.413711
vt 0.415272 0.403564
vt 0.433029 0.406076
vt 0.493283 0.480173
vt 0.363217 0.670363
vt 0.363185 0.685281
vt 0.369787 0.678724
vt 0.466540 0.456925
vt 0.424814 0.390059
vt 0.427677 0.397968
vt 0.417108 0.933624
vt 0.415014 0.934194
vt 0.474941 0.469164
vt 0.502690 0.494395
vt 0.419866 0.464485
vt 0.415427 0.477703
vt 0.501076 0.484841
vt 0.405682 0.919788
vt 0.403180 0.930267
vt 0.476582 0.462553
vt 0.438069 0.416413
vt 0.314019 0.981143
vt 0.306590 0.983038
vt 0.264583 0.951350
vt 0.268712 0.954602
vt 0.267117 0.961179
vt 0.457948 0.435135
vt 0.326416 0.677106
vt 0.365117 0.775274
vt 0.356782 0.766777
vt 0.513313 0.509995
vt 0.302733 0.969148
vt 0.455704 0.438449
vt 0.449168 0.432763
vt 0.461471 0.552388
vt 0.427771 0.444616
vt 0.421008 0.441037
vt 0.261930 0.824758
vt 0.269296 0.814501
vt 0.267715 0.825654
vt 0.510281 0.505116
vt 0.509722 0.530675
vt 0.510193 0.522892
vt 0.392536 0.950297
vt 0.392996 0.957978
vt 0.325962 0.803154
vt 0.341360 0.989194
vt 0.342993 0.991020
vt 0.347377 0.986965
vt 0.480023 0.550598
vt 0.484836 0.537308
vt 0.441964 0.427122
vt 0.473482 0.643739
vt 0.319048 0.910768
vt 0.509360 0.517112
vt 0.506623 0.505565
vt 0.281186 0.887759
vt 0.489416 0.482445
vt 0.443262 0.425726
vt 0.435826 0.430987
vt 0.413907 0.390039
vt 0.449778 0.431351
vt 0.460067 0.449545
vt 0.373162 0.513568
vt 0.375734 0.502523
vt 0.376930 0.504230
vt 0.407437 0.904572
vt 0.409289 0.762307
vt 0.494853 0.492400
vt 0.337441 0.659904
vt 0.483542 0.471554
vt 0.456743 0.451588
vt 0.449350 0.445755
vt 0.430667 0.421041
vt 0.415760 0.885676
vt 0.419076 0.872252
vt 0.421286 0.403282
vt 0.442867 0.441688
vt 0.430846 0.583424
vt 0.439198 0.583616
vt 0.434282 0.568624
vt 0.449839 0.459512
vt 0.410572 0.395925
vt 0.424350 0.411513
vt 0.451463 0.446500
vt 0.361545 0.648745
vt 0.357478 0.641731
vt 0.365012 0.636330
vt 0.420446 0.731299
vt 0.281768 0.872373
vt 0.399803 0.953263
vt 0.488378 0.499416
vt 0.406181 0.948028
vt 0.411576 0.935603
vt 0.373537 0.637236
vt 0.390120 0.536977
vt 0.435024 0.436238
vt 0.328792 0.733354
vt 0.322668 0.736906
vt 0.473231 0.483585
vt 0.479340 0.493828
vt 0.506853 0.517522
vt 0.503297 0.517189
vt 0.269000 0.927681
vt 0.400863 0.852848
vt 0.394405 0.842542
vt 0.457313 0.466625
vt 0.395006 0.513443
vt 0.409959 0.401401
vt 0.379099 0.962451
vt 0.376447 0.973054
vt 0.374879 0.961708
vt 0.415410 0.408298
vt 0.320606 0.665062
vt 0.467358 0.473731
vt 0.484885 0.504936
vt 0.505707 0.527286
vt 0.507691 0.529712
vt 0.330415 0.966052
vt 0.332870 0.984993
vt 0.462681 0.712213
vt 0.409995 0.408288
vt 0.400618 0.966216
vt 0.405052 0.959011
vt 0.400732 0.962875
vt 0.417811 0.416557
vt 0.368566 0.889684
vt 0.506574 0.529491
vt 0.483666 0.614630
vt 0.485269 0.601710
vt 0.435039 0.450398
vt 0.494346 0.514098
vt 0.498256 0.519175
vt 0.502478 0.523176
vt 0.395754 0.959828
vt 0.395761 0.950377
vt 0.382562 0.925068
vt 0.385414 0.912188
vt 0.380129 0.916752
vt 0.503588 0.529152
vt 0.482036 0.507773
vt 0.456768 0.483253
vt 0.413432 0.850047
vt 0.394531 0.628863
vt 0.405750 0.412936
vt 0.421006 0.426446
vt 0.422391 0.527122
vt 0.329053 0.928208
vt 0.338203 0.924365
vt 0.335769 0.938904
vt 0.489401 0.524866
vt 0.240858 0.875300
vt 0.237669 0.870804
vt 0.237319 0.886043
vt 0.426931 0.767632
vt 0.309914 0.729347
vt 0.262642 0.971356
vt 0.266099 0.973107
vt 0.268061 0.979889
vt 0.354167 0.989295
vt 0.361945 0.982223
vt 0.356081 0.983798
vt 0.505733 0.540151
vt 0.499816 0.528184
vt 0.499556 0.575314
vt 0.501893 0.561850
vt 0.502717 0.565025
vt 0.324289 0.654227
vt 0.436830 0.465216
vt 0.414743 0.427825
vt 0.471495 0.499103
vt 0.403855 0.605564
vt 0.400709 0.589957
vt 0.252338 0.903719
vt 0.489196 0.517043
vt 0.504133 0.544674
vt 0.300336 0.984723
vt 0.464054 0.491614
vt 0.392162 0.978279
vt 0.443942 0.466120
vt 0.280267 0.896257
vt 0.286672 0.906708
vt 0.278435 0.910847
vt 0.402250 0.418211
vt 0.403519 0.426509
vt 0.464935 0.487872
vt 0.377846 0.980725
vt 0.370948 0.984072
vt 0.501531 0.538109
vt 0.419398 0.717169
vt 0.409809 0.949412
vt 0.503488 0.540865
vt 0.487458 0.513185
vt 0.420369 0.438701
vt 0.245634 0.942780
vt 0.399202 0.425257
vt 0.477601 0.510073
vt 0.486482 0.532559
vt 0.500297 0.540689
vt 0.531784 0.442309
vt 0.389025 0.506500
vt 0.394576 0.505711
vt 0.469225 0.498783
vt 0.401380 0.424995
vt 0.414567 0.438679
vt 0.434311 0.465593
vt 0.464265 0.645979
vt 0.442943 0.330596
vt 0.363418 0.552951
vt 0.449796 0.729247
vt 0.445232 0.733548
vt 0.365654 0.791841
vt 0.427158 0.457793
vt 0.469971 0.515251
vt 0.319604 0.976929
vt 0.327981 0.974434
vt 0.482580 0.521426
vt 0.496950 0.548294
vt 0.351493 0.993507
vt 0.490980 0.538439
vt 0.482991 0.523125
vt 0.400517 0.959120
vt 0.301884 0.776043
vt 0.308542 0.776037
vt 0.301588 0.786791
vt 0.389914 0.976032
vt 0.384055 0.979327
vt 0.384027 0.985281
vt 0.414546 0.453446
vt 0.499926 0.550630
vt 0.496129 0.539704
vt 0.289277 0.802369
vt 0.284795 0.799664
vt 0.290583 0.794322
vt 0.389498 0.831349
vt 0.385998 0.818126
vt 0.273950 0.986252
vt 0.270984 0.976046
vt 0.267708 0.975790
vt 0.440028 0.690873
vt 0.447322 0.688813
vt 0.395617 0.870108
vt 0.398017 0.858768
vt 0.500295 0.553000
vt 0.392770 0.772739
vt 0.416286 0.452304
vt 0.291757 0.984053
vt 0.274703 0.974279
vt 0.277748 0.984195
vt 0.475595 0.526210
vt 0.470332 0.636013
vt 0.465407 0.647158
vt 0.469859 0.650690
vt 0.298688 0.837081
vt 0.457294 0.499953
vt 0.403648 0.443740
vt 0.475283 0.664508
vt 0.470591 0.680861
vt 0.414471 0.802798
vt 0.426060 0.472421
vt 0.381241 0.759724
vt 0.369840 0.616342
vt 0.371065 0.631984
vt 0.499490 0.560856
vt 0.300394 0.796336
vt 0.308903 0.791922
vt 0.302011 0.804736
vt 0.321744 0.938259
vt 0.313806 0.932884
vt 0.350548 0.889854
vt 0.432932 0.512613
vt 0.433008 0.496929
vt 0.440415 0.506344
vt 0.364424 0.822998
vt 0.487108 0.616775
vt 0.487415 0.608962
vt 0.268248 0.939466
vt 0.274697 0.938592
vt 0.296793 0.755775
vt 0.488902 0.541960
vt 0.376015 0.990370
vt 0.378099 0.981783
vt 0.320389 0.749705
vt 0.321674 0.997476
vt 0.321605 0.998528
vt 0.499981 0.577797
vt 0.426293 0.870261
vt 0.424649 0.880518
vt 0.496702 0.552477
vt 0.433428 0.481113
vt 0.350572 0.646383
vt 0.355501 0.654211
vt 0.269441 0.860774
vt 0.282383 0.858251
vt 0.306660 0.978132
vt 0.502827 0.566382
vt 0.244991 0.864766
vt 0.240873 0.861555
vt 0.477640 0.535776
vt 0.393009 0.686234
vt 0.408812 0.453992
vt 0.438569 0.777309
vt 0.249372 0.817385
vt 0.254223 0.810573
vt 0.248653 0.817804
vt 0.251682 0.814415
vt 0.337007 0.614913
vt 0.340885 0.605674
vt 0.337469 0.610651
vt 0.499733 0.565509
vt 0.496613 0.565231
vt 0.492186 0.551437
vt 0.331224 0.647300
vt 0.329771 0.661392
vt 0.411843 0.466116
vt 0.418788 0.488604
vt 0.487694 0.554816
vt 0.322246 0.694352
vt 0.470054 0.687196
vt 0.467167 0.696835
vt 0.451205 0.510689
vt 0.438201 0.493636
vt 0.265773 0.961461
vt 0.408313 0.448014
vt 0.497953 0.573715
vt 0.425220 0.488531
vt 0.366926 0.978477
vt 0.372440 0.966247
vt 0.363621 0.971588
vt 0.442942 0.706388
vt 0.429907 0.496713
vt 0.320218 0.923507
vt 0.359043 0.630009
vt 0.406577 0.578578
vt 0.387012 0.626138
vt 0.492881 0.563924
vt 0.373604 0.564612
vt 0.368715 0.572272
vt 0.404281 0.467929
vt 0.593979 0.160489
vt 0.422849 0.850013
vt 0.455109 0.735976
vt 0.313143 0.985268
vt 0.320836 0.986985
vt 0.245127 0.835800
vt 0.246749 0.827120
vt 0.251677 0.825330
vt 0.453415 0.526832
vt 0.346370 0.904995
vt 0.436888 0.714907
vt 0.318075 0.699486
vt 0.419621 0.464138
vt 0.273787 0.825538
vt 0.496199 0.584900
vt 0.495502 0.578360
vt 0.331878 0.982188
vt 0.382014 0.639580
vt 0.294802 0.988435
vt 0.365587 0.830903
vt 0.358307 0.835910
vt 0.371270 0.900311
vt 0.493659 0.586087
vt 0.489319 0.573205
vt 0.250073 0.866254
vt 0.343161 0.613959
vt 0.347451 0.616300
vt 0.426706 0.510797
vt 0.422157 0.499453
vt 0.414304 0.499600
vt 0.412426 0.488760
vt 0.406967 0.481376
vt 0.399410 0.480782
vt 0.529099 0.421834
vt 0.234533 0.846273
vt 0.234378 0.849185
vt 0.387851 0.462750
vt 0.389914 0.452725
vt 0.340509 0.793911
vt 0.399979 0.468931
vt 0.414117 0.493061
vt 0.459432 0.722083
vt 0.424628 0.504852
vt 0.439552 0.522218
vt 0.454588 0.544630
vt 0.309128 0.716607
vt 0.310017 0.710551
vt 0.336016 0.849633
vt 0.327646 0.843230
vt 0.334044 0.834223
vt 0.350129 0.694482
vt 0.268082 0.797200
vt 0.268186 0.800621
vt 0.274341 0.792114
vt 0.421747 0.452025
vt 0.383628 0.916482
vt 0.387999 0.903057
vt 0.390636 0.916983
vt 0.493324 0.591687
vt 0.484756 0.574736
vt 0.378735 0.999314
vt 0.383597 0.989920
vt 0.446984 0.538018
vt 0.294360 0.979125
vt 0.285796 0.970517
vt 0.427644 0.596778
vt 0.424583 0.611177
vt 0.356581 0.876435
vt 0.365415 0.876122
vt 0.420080 0.843817
vt 0.419379 0.828409
vt 0.422516 0.834493
vt 0.299076 0.757568
vt 0.295806 0.768015
vt 0.321584 0.995150
vt 0.387495 0.470413
vt 0.408276 0.500397
vt 0.436709 0.536511
vt 0.384763 0.778565
vt 0.422473 0.627996
vt 0.430977 0.622600
vt 0.388531 0.479700
vt 0.393674 0.480663
vt 0.382479 0.831459
vt 0.432329 0.522017
vt 0.417739 0.512415
vt 0.390375 0.472703
vt 0.368282 0.762095
vt 0.363453 0.746006
vt 0.416429 0.838763
vt 0.417731 0.853835
vt 0.455059 0.560079
vt 0.475037 0.574957
vt 0.409552 0.768920
vt 0.370475 0.533039
vt 0.365654 0.545268
vt 0.350076 0.590818
vt 0.415262 0.625903
vt 0.406985 0.621349
vt 0.412070 0.609891
vt 0.387354 0.471293
vt 0.415941 0.504270
vt 0.236945 0.891059
vt 0.234754 0.890336
vt 0.337582 0.716021
vt 0.479780 0.574788
vt 0.480782 0.586216
vt 0.258320 0.929135
vt 0.359352 0.986943
vt 0.407846 0.511805
vt 0.406899 0.496569
vt 0.385546 0.470141
vt 0.317537 0.726461
vt 0.394009 0.477118
vt 0.412207 0.729722
vt 0.404896 0.741419
vt 0.403739 0.727058
vt 0.440106 0.551123
vt 0.491093 0.609040
vt 0.485273 0.387500
vt 0.385693 0.517752
vt 0.299321 0.981831
vt 0.492213 0.603688
vt 0.475218 0.583203
vt 0.311115 0.819228
vt 0.318707 0.823572
vt 0.368983 0.797368
vt 0.362760 0.807865
vt 0.400371 0.492997
vt 0.475423 0.631212
vt 0.478927 0.634201
vt 0.481004 0.599561
vt 0.475891 0.597335
vt 0.315402 0.799637
vt 0.473655 0.663682
vt 0.469601 0.672567
vt 0.394244 0.492760
vt 0.388507 0.493632
vt 0.383229 0.480790
vt 0.385596 0.482816
vt 0.388780 0.485938
vt 0.335005 0.750537
vt 0.332199 0.739380
vt 0.340435 0.741280
vt 0.400929 0.503577
vt 0.397771 0.494432
vt 0.470198 0.594495
vt 0.468705 0.580044
vt 0.325146 0.865312
vt 0.317289 0.856337
vt 0.451565 0.569364
vt 0.400760 0.505501
vt 0.383574 0.476930
vt 0.380362 0.484341
vt 0.392664 0.492244
vt 0.419952 0.918201
vt 0.417202 0.924882
vt 0.316314 0.983418
vt 0.316041 0.972059
vt 0.285923 0.967091
vt 0.412362 0.525773
vt 0.334819 0.623735
vt 0.339434 0.613958
vt 0.306009 0.937921
vt 0.312853 0.928646
vt 0.304379 0.922472
vt 0.411079 0.514937
vt 0.266797 0.866560
vt 0.339246 0.605285
vt 0.486447 0.624264
vt 0.488765 0.614114
vt 0.438999 0.686370
vt 0.419403 0.596832
vt 0.423747 0.585415
vt 0.453638 0.715257
vt 0.343757 0.725668
vt 0.351026 0.727866
vt 0.350820 0.715825
vt 0.418936 0.517574
vt 0.336612 0.612673
vt 0.288710 0.965739
vt 0.283978 0.954547
vt 0.281335 0.961307
vt 0.339884 0.609093
vt 0.342660 0.599202
vt 0.448924 0.554534
vt 0.284362 0.944980
vt 0.278696 0.937547
vt 0.347204 0.588368
vt 0.402786 0.830192
vt 0.400595 0.844812
vt 0.437971 0.700564
vt 0.463935 0.592121
vt 0.264062 0.964197
vt 0.257714 0.952373
vt 0.262044 0.953286
vt 0.400436 0.516670
vt 0.395694 0.502301
vt 0.377503 0.494137
vt 0.379209 0.491748
vt 0.381167 0.493515
vt 0.384233 0.495712
vt 0.387624 0.497297
vt 0.413817 0.528856
vt 0.470818 0.608591
vt 0.253958 0.918954
vt 0.254084 0.928945
vt 0.437382 0.739423
vt 0.241846 0.890030
vt 0.383453 0.484849
vt 0.433682 0.341659
vt 0.434726 0.743530
vt 0.415540 0.860409
vt 0.410740 0.848248
vt 0.410005 0.860657
vt 0.339140 0.910537
vt 0.331955 0.903514
vt 0.339248 0.896086
vt 0.443375 0.568325
vt 0.421672 0.532080
vt 0.481976 0.626670
vt 0.480121 0.613068
vt 0.475807 0.611097
vt 0.458326 0.590425
vt 0.484425 0.626611
vt 0.478908 0.625804
vt 0.261696 0.956208
vt 0.256836 0.947093
vt 0.256722 0.954357
vt 0.414614 0.741502
vt 0.419302 0.811800
vt 0.348199 0.588894
vt 0.384264 0.507784
vt 0.313129 0.740020
vt 0.485340 0.627073
vt 0.458855 0.602316
vt 0.331663 0.665372
vt 0.438879 0.550591
vt 0.398704 0.970912
vt 0.380145 0.496574
vt 0.391267 0.567648
vt 0.390532 0.551424
vt 0.384567 0.560591
vt 0.284287 0.865986
vt 0.291717 0.858117
vt 0.434688 0.757117
vt 0.355796 0.736111
vt 0.371023 0.737644
vt 0.363396 0.745097
vt 0.404888 0.782057
vt 0.236748 0.847880
vt 0.235430 0.860706
vt 0.232863 0.860961
vt 0.357933 0.959997
vt 0.363448 0.949938
vt 0.356814 0.953258
vt 0.438062 0.580639
vt 0.475176 0.624399
vt 0.293426 0.805227
vt 0.288755 0.813956
vt 0.352919 0.969167
vt 0.355032 0.973539
vt 0.359368 0.966561
vt 0.239578 0.847760
vt 0.241362 0.838147
vt 0.408612 0.539632
vt 0.308289 0.988276
vt 0.468021 0.615483
vt 0.483015 0.630073
vt 0.482477 0.638160
vt 0.481809 0.638719
vt 0.425225 0.571801
vt 0.376772 0.594078
vt 0.370785 0.599995
vt 0.372632 0.511522
vt 0.319537 0.729168
vt 0.480030 0.638851
vt 0.357118 0.781995
vt 0.365118 0.957435
vt 0.295664 0.814479
vt 0.288563 0.812518
vt 0.291298 0.993185
vt 0.286932 0.988811
vt 0.461666 0.624164
vt 0.477597 0.637802
vt 0.474368 0.637106
vt 0.470759 0.622393
vt 0.440128 0.672448
vt 0.434905 0.663668
vt 0.231837 0.893050
vt 0.230788 0.879993
vt 0.272672 0.947379
vt 0.312693 0.730962
vt 0.314910 0.719474
vt 0.479491 0.643173
vt 0.475617 0.650226
vt 0.482074 0.637690
vt 0.281411 0.903596
vt 0.378797 0.521085
vt 0.403411 0.550035
vt 0.441513 0.592301
vt 0.259395 0.968904
vt 0.261924 0.975704
vt 0.477719 0.651616
vt 0.427936 0.737635
vt 0.274035 0.969221
vt 0.280237 0.948696
vt 0.280745 0.939020
vt 0.441250 0.603331
vt 0.445641 0.612446
vt 0.374217 0.533542
vt 0.369908 0.522119
vt 0.345926 0.972611
vt 0.343261 0.984135
vt 0.475870 0.650079
vt 0.473949 0.647146
vt 0.586729 0.154478
vt 0.317073 0.705834
vt 0.312300 0.716246
vt 0.314639 0.703040
vt 0.369679 0.524023
vt 0.370947 0.524216
vt 0.309211 0.987029
vt 0.371588 0.929648
vt 0.365499 0.939608
vt 0.465670 0.633501
vt 0.347097 0.889348
vt 0.396435 0.556152
vt 0.346529 0.675359
vt 0.254819 0.873679
vt 0.261503 0.862847
vt 0.252116 0.939569
vt 0.352903 0.574706
vt 0.351100 0.582355
vt 0.323386 0.653041
vt 0.408543 0.916018
vt 0.386926 0.734460
vt 0.380743 0.978371
vt 0.414676 0.613414
vt 0.445611 0.622370
vt 0.400104 0.567416
vt 0.368031 0.527986
vt 0.322218 0.667287
vt 0.326114 0.657989
vt 0.449346 0.749796
vt 0.321100 0.816103
vt 0.332944 0.915924
vt 0.385146 0.762225
vt 0.306396 0.963600
vt 0.312234 0.982684
vt 0.428459 0.765865
vt 0.424315 0.762727
vt 0.339051 0.809279
vt 0.381954 0.776274
vt 0.373961 0.784298
vt 0.472726 0.664944
vt 0.363734 0.654936
vt 0.471882 0.658850
vt 0.263031 0.928360
vt 0.366684 0.533898
vt 0.406704 0.854033
vt 0.405822 0.841330
vt 0.249433 0.914804
vt 0.406675 0.607053
vt 0.401819 0.595845
vt 0.331718 0.952068
vt 0.323967 0.951444
vt 0.328418 0.942054
vt 0.231181 0.872767
vt 0.409021 0.594134
vt 0.392948 0.931057
vt 0.396991 0.914287
vt 0.389661 0.920385
vt 0.467662 0.666119
vt 0.460466 0.656808
vt 0.438003 0.631957
vt 0.378476 0.561867
vt 0.429122 0.615116
vt 0.294994 0.804019
vt 0.295240 0.794928
vt 0.468184 0.673668
vt 0.464547 0.661010
vt 0.268864 0.854855
vt 0.277541 0.848868
vt 0.396321 0.582457
vt 0.379018 0.569849
vt 0.427136 0.718964
vt 0.392220 0.587903
vt 0.469732 0.679784
vt 0.410406 0.832131
vt 0.415073 0.840656
vt 0.344618 0.709100
vt 0.430928 0.806434
vt 0.466032 0.677299
vt 0.366401 0.978732
vt 0.359437 0.986292
vt 0.357209 0.986882
vt 0.387960 0.583866
vt 0.384550 0.573070
vt 0.329820 0.647042
vt 0.305582 0.990062
vt 0.279256 0.860221
vt 0.413106 0.745905
vt 0.463345 0.674345
vt 0.356678 0.663035
vt 0.423799 0.629244
vt 0.440357 0.644552
vt 0.328816 0.995500
vt 0.328750 0.997224
vt 0.308020 0.764024
vt 0.313530 0.751581
vt 0.314435 0.763050
vt 0.384001 0.588837
vt 0.359566 0.603234
vt 0.459720 0.670003
vt 0.258446 0.970454
vt 0.372296 0.582453
vt 0.360310 0.581972
vt 0.303644 0.986810
vt 0.402815 0.913447
vt 0.400318 0.924693
vt 0.372800 0.569214
vt 0.376589 0.695080
vt 0.392392 0.600116
vt 0.361121 0.556508
vt 0.295604 0.786279
vt 0.296144 0.777322
vt 0.318838 0.692415
vt 0.466447 0.685598
vt 0.458810 0.683711
vt 0.436663 0.648375
vt 0.429827 0.638729
vt 0.412809 0.635403
vt 0.292965 0.969826
vt 0.286711 0.958508
vt 0.294424 0.957585
vt 0.379897 0.971390
vt 0.406274 0.620719
vt 0.420665 0.856095
vt 0.419309 0.866688
vt 0.445623 0.668150
vt 0.400004 0.610781
vt 0.380551 0.583462
vt 0.246509 0.939310
vt 0.262576 0.977887
vt 0.258036 0.969599
vt 0.383224 0.597092
vt 0.438598 0.661755
vt 0.453666 0.692342
vt 0.421652 0.645623
vt 0.364691 0.582641
vt 0.359636 0.574384
vt 0.359541 0.565786
vt 0.355992 0.569714
vt 0.356332 0.568010
vt 0.358581 0.568292
vt 0.371315 0.892362
vt 0.418131 0.641976
vt 0.453705 0.684522
vt 0.457209 0.691810
vt 0.428730 0.654688
vt 0.399693 0.623447
vt 0.393155 0.618493
vt 0.390540 0.979841
vt 0.409700 0.637102
vt 0.432573 0.786853
vt 0.429399 0.796256
vt 0.430273 0.784623
vt 0.463871 0.709623
vt 0.362584 0.592722
vt 0.373731 1.002484
vt 0.431889 0.772033
vt 0.434867 0.776512
vt 0.355169 0.578055
vt 0.368634 0.599068
vt 0.373711 0.608291
vt 0.421418 0.661631
vt 0.414387 0.654674
vt 0.364811 0.594523
vt 0.316822 0.805815
vt 0.364038 0.607555
vt 0.355840 0.580476
vt 0.353348 0.578910
vt 0.249707 0.927370
vt 0.450374 0.701749
vt 0.454976 0.706184
vt 0.358851 0.584832
vt 0.236076 0.875722
vt 0.233107 0.875238
vt 0.460903 0.710778
vt 0.373690 0.877023
vt 0.378296 0.866056
vt 0.437269 0.330729
vt 0.350800 0.964495
vt 0.383811 0.818261
vt 0.376905 0.823398
vt 0.323161 0.988513
vt 0.410236 0.788379
vt 0.352587 0.592497
vt 0.355239 0.597593
vt 0.357517 0.603472
vt 0.361944 0.606268
vt 0.366675 0.612764
vt 0.370507 0.623064
vt 0.253968 0.960854
vt 0.250047 0.950879
vt 0.249344 0.951658
vt 0.390337 0.641743
vt 0.401615 0.655749
vt 0.367783 0.976286
vt 0.424658 0.690969
vt 0.432311 0.692203
vt 0.449999 0.715182
vt 0.458004 0.723290
vt 0.432373 0.693273
vt 0.377903 0.639395
vt 0.365550 0.628038
vt 0.362077 0.620486
vt 0.344571 0.603040
vt 0.348520 0.604859
vt 0.352180 0.608783
vt 0.355851 0.613399
vt 0.360276 0.618365
vt 0.364395 0.623929
vt 0.398620 0.816887
vt 0.394381 0.653428
vt 0.416408 0.688316
vt 0.438735 0.777341
vt 0.426368 0.705059
vt 0.450377 0.731949
vt 0.454268 0.736801
vt 0.431088 0.708335
vt 0.424574 0.700357
vt 0.347795 0.739114
vt 0.395990 0.666719
vt 0.453225 0.733357
vt 0.395920 0.899278
vt 0.392707 0.672132
vt 0.343492 0.607332
vt 0.353920 0.625313
vt 0.315326 0.958848
vt 0.429729 0.723357
vt 0.370682 0.647269
vt 0.347146 0.614771
vt 0.398734 0.682168
vt 0.262884 0.978459
vt 0.320941 0.840233
vt 0.342806 0.616029
vt 0.307391 0.892792
vt 0.364763 0.640107
vt 0.353362 0.635585
vt 0.306570 0.975438
vt 0.420103 0.909985
vt 0.299230 0.986964
vt 0.301044 0.989956
vt 0.283029 0.800541
vt 0.286845 0.947080
vt 0.356032 0.881394
vt 0.365755 0.879485
vt 0.370089 0.732999
vt 0.299020 0.946138
vt 0.307098 0.952713
vt 0.293674 0.943585
vt 0.368984 0.691866
vt 0.356736 0.678615
vt 0.330490 0.633488
vt 0.333422 0.622002
vt 0.326033 0.642238
vt 0.348445 0.660386
vt 0.249288 0.940241
vt 0.351085 0.961774
vt 0.343740 0.652526
vt 0.341303 0.668120
vt 0.366022 0.693028
vt 0.255542 0.940895
vt 0.251697 0.939968
vt 0.249469 0.885551
vt 0.441743 0.770426
vt 0.424947 0.824995
vt 0.427068 0.817764
vt 0.383317 0.806388
vt 0.384027 0.794042
vt 0.371708 0.704388
vt 0.328247 0.646022
vt 0.435537 0.782855
vt 0.380673 0.707384
vt 0.330334 0.655158
vt 0.357021 0.692934
vt 0.363904 0.700073
vt 0.360124 0.972286
vt 0.354709 0.979101
vt 0.339450 0.684245
vt 0.383921 0.722332
vt 0.348757 0.852859
vt 0.350965 0.840036
vt 0.379156 0.933210
vt 0.375037 0.719724
vt 0.344179 0.685322
vt 0.336147 0.671487
vt 0.331305 0.670958
vt 0.326888 0.668550
vt 0.429492 0.792865
vt 0.365273 0.716921
vt 0.357490 0.708380
vt 0.302754 0.906529
vt 0.310959 0.912457
vt 0.378632 0.729026
vt 0.419719 0.925124
vt 0.413162 0.773345
vt 0.432056 0.795317
vt 0.430668 0.800209
vt 0.411733 0.783863
vt 0.345844 0.696571
vt 0.320401 0.668688
vt 0.323617 0.670963
vt 0.484240 0.359783
vt 0.256398 0.809220
vt 0.357087 0.722657
vt 0.366076 0.964361
vt 0.379821 0.744181
vt 0.405930 0.776690
vt 0.429047 0.807270
vt 0.426735 0.807755
vt 0.320443 0.675947
vt 0.370655 0.830913
vt 0.357671 0.815474
vt 0.424856 0.799633
vt 0.321281 0.794012
vt 0.362312 0.730881
vt 0.318408 0.675560
vt 0.398251 0.780148
vt 0.240662 0.922948
vt 0.243884 0.927151
vt 0.343341 0.839890
vt 0.344877 0.856820
vt 0.428610 0.818214
vt 0.338710 0.713079
vt 0.429695 0.818536
vt 0.239018 0.859358
vt 0.246875 0.928389
vt 0.321332 0.684253
vt 0.323084 0.681273
vt 0.259133 0.929073
vt 0.403399 0.790719
vt 0.422894 0.813218
vt 0.420478 0.805233
vt 0.413554 0.797873
vt 0.317382 0.682857
vt 0.272050 0.948555
vt 0.315872 0.686636
vt 0.427236 0.875707
vt 0.254465 0.890071
vt 0.348372 0.978771
vt 0.348430 0.986071
vt 0.330289 0.974524
vt 0.339343 0.727184
vt 0.416101 0.809601
vt 0.407502 0.796693
vt 0.353694 0.978668
vt 0.359452 0.964248
vt 0.352372 0.966909
vt 0.422504 0.819030
vt 0.258097 0.970257
vt 0.419104 0.818210
vt 0.410241 0.813454
vt 0.376923 0.768517
vt 0.231154 0.867255
vt 0.273599 0.828832
vt 0.281264 0.820843
vt 0.279709 0.833721
vt 0.428211 0.830088
vt 0.397420 0.793120
vt 0.421540 0.824486
vt 0.403414 0.809274
vt 0.260041 0.962411
vt 0.254737 0.937640
vt 0.259753 0.946279
vt 0.257801 0.936850
vt 0.312837 0.699456
vt 0.332069 0.723887
vt 0.331881 0.722545
vt 0.313259 0.700942
vt 0.293974 0.992234
vt 0.428172 0.840507
vt 0.335438 0.730428
vt 0.394283 0.803630
vt 0.396629 0.806372
vt 0.412617 0.944458
vt 0.409343 0.953724
vt 0.406479 0.954266
vt 0.253600 0.961392
vt 0.427941 0.849059
vt 0.314403 0.996228
vt 0.418786 0.831807
vt 0.414996 0.824360
vt 0.375763 0.785229
vt 0.370453 0.774610
vt 0.339347 0.741774
vt 0.300296 0.879577
vt 0.294578 0.885698
vt 0.263727 0.848954
vt 0.389502 0.805432
vt 0.341167 0.756427
vt 0.326393 0.733858
vt 0.310521 0.714003
vt 0.349291 0.759862
vt 0.371299 0.943695
vt 0.379485 0.949558
vt 0.419510 0.846598
vt 0.309671 0.712459
vt 0.427778 0.854812
vt 0.427078 0.863315
vt 0.427304 0.858984
vt 0.425961 0.853978
vt 0.331422 0.743647
vt 0.427763 0.861473
vt 0.243936 0.826662
vt 0.275735 0.952308
vt 0.309351 0.723073
vt 0.344290 0.767633
vt 0.349865 0.773569
vt 0.391485 0.817243
vt 0.420968 0.861633
vt 0.366650 0.784842
vt 0.230739 0.870533
vt 0.325684 0.743599
vt 0.386449 0.930822
vt 0.356599 0.850285
vt 0.361454 0.862286
vt 0.307642 0.727388
vt 0.427686 0.868955
vt 0.424212 0.865419
vt 0.395836 0.971223
vt 0.334080 0.757826
vt 0.328611 0.754380
vt 0.356040 0.799367
vt 0.298393 0.758352
vt 0.325879 0.754314
vt 0.372196 0.969694
vt 0.427472 0.875048
vt 0.422151 0.875617
vt 0.337866 0.770677
vt 0.333122 0.762295
vt 0.283794 0.777596
vt 0.303142 0.738055
vt 0.342789 0.779445
vt 0.348834 0.788084
vt 0.415389 0.865469
vt 0.410661 0.943805
vt 0.377562 0.902922
vt 0.251328 0.949541
vt 0.344694 0.793872
vt 0.299596 0.746212
vt 0.417206 0.878913
vt 0.423134 0.895474
vt 0.423639 0.883967
vt 0.321447 0.759766
vt 0.325694 0.767670
vt 0.330372 0.775282
vt 0.420874 0.878652
vt 0.418582 0.889983
vt 0.372666 0.824592
vt 0.366067 0.818846
vt 0.405533 0.866159
vt 0.351348 0.811083
vt 0.346666 0.802679
vt 0.412772 0.878028
vt 0.410635 0.892165
vt 0.418092 0.892162
vt 0.416246 0.896945
vt 0.398826 0.870448
vt 0.414717 0.892050
vt 0.235302 0.908365
vt 0.318500 0.775882
vt 0.307300 0.767048
vt 0.418234 0.905756
vt 0.422531 0.906835
vt 0.412467 0.897637
vt 0.274270 0.955656
vt 0.313670 0.795523
vt 0.297928 0.748974
vt 0.400664 0.884568
vt 0.345457 0.816245
vt 0.357739 0.829173
vt 0.363669 0.837182
vt 0.411874 0.904071
vt 0.421756 0.911485
vt 0.392414 0.886493
vt 0.415452 0.903847
vt 0.416704 0.920854
vt 0.317861 0.786579
vt 0.421207 0.918037
vt 0.232623 0.855744
vt 0.231675 0.859846
vt 0.410532 0.914215
vt 0.348817 0.994458
vt 0.340318 0.991971
vt 0.360968 0.852738
vt 0.412491 0.914561
vt 0.415375 0.914127
vt 0.293235 0.766295
vt 0.292997 0.760359
vt 0.298998 0.792286
vt 0.291033 0.765367
vt 0.357300 0.840915
vt 0.290030 0.767658
vt 0.418695 0.930661
vt 0.388915 0.899734
vt 0.384638 0.889557
vt 0.292710 0.770366
vt 0.291014 0.778716
vt 0.409090 0.924637
vt 0.412322 0.925082
vt 0.282213 0.980412
vt 0.280034 0.976616
vt 0.391707 0.909001
vt 0.368359 0.958022
vt 0.287120 0.771228
vt 0.339769 0.824385
vt 0.294721 0.786484
vt 0.351988 0.848593
vt 0.283943 0.776650
vt 0.288028 0.774230
vt 0.358678 0.978984
vt 0.354162 0.986551
vt 0.350850 0.984589
vt 0.361009 0.868195
vt 0.276940 0.926442
vt 0.353170 0.863663
vt 0.287133 0.779552
vt 0.318549 0.870869
vt 0.324174 0.879124
vt 0.353652 0.863665
vt 0.381435 0.902673
vt 0.280613 0.780708
vt 0.326235 0.828594
vt 0.264427 0.966576
vt 0.290866 0.796773
vt 0.309632 0.806703
vt 0.376276 0.905039
vt 0.341169 0.856164
vt 0.279805 0.783800
vt 0.253703 0.818434
vt 0.346297 0.863649
vt 0.284031 0.787456
vt 0.288897 0.788710
vt 0.253657 0.957729
vt 0.316108 0.829122
vt 0.250542 0.828845
vt 0.246195 0.830805
vt 0.278304 0.783935
vt 0.303398 0.816174
vt 0.331990 1.025183
vt 0.334172 1.025455
vt 0.337594 0.865005
vt 0.376531 0.917405
vt 0.385204 0.928541
vt 0.358431 0.943006
vt 0.397960 0.937377
vt 0.340032 0.869479
vt 0.319883 0.837539
vt 0.312364 0.832409
vt 0.346452 0.872839
vt 0.347805 0.875065
vt 0.276818 0.795312
vt 0.280874 0.796826
vt 0.304827 0.828327
vt 0.405217 0.962077
vt 0.287262 0.823009
vt 0.271722 0.797162
vt 0.338717 0.880544
vt 0.379555 0.926524
vt 0.385627 0.940538
vt 0.391065 0.945115
vt 0.385347 0.941390
vt 0.311809 0.842964
vt 0.259809 0.833583
vt 0.313244 0.846134
vt 0.368405 0.908135
vt 0.331983 0.874582
vt 0.277658 0.806687
vt 0.282623 0.809667
vt 0.373096 0.919357
vt 0.377280 0.929310
vt 0.378143 0.938905
vt 0.254164 0.950973
vt 0.256677 0.960407
vt 0.381148 0.936246
vt 0.314046 0.860048
vt 0.330988 0.888473
vt 0.385904 0.951480
vt 0.302974 0.845361
vt 0.298259 0.835466
vt 0.270902 0.801981
vt 0.273680 0.803823
vt 0.388994 0.955184
vt 0.238168 0.918113
vt 0.397279 0.972432
vt 0.389827 0.962085
vt 0.262328 0.804555
vt 0.275303 0.817247
vt 0.369903 0.932409
vt 0.258953 0.969580
vt 0.395546 0.966752
vt 0.383798 0.953624
vt 0.290380 0.840257
vt 0.285232 0.834121
vt 0.268163 0.806217
vt 0.265447 0.805641
vt 0.237040 0.910363
vt 0.378894 0.951423
vt 0.386238 0.960808
vt 0.294711 0.848510
vt 0.279705 0.829294
vt 0.267940 0.814076
vt 0.261977 0.809243
vt 0.263051 0.801614
vt 0.260889 0.803022
vt 0.266750 0.809395
vt 0.373976 0.941313
vt 0.389867 0.969773
vt 0.376824 0.964462
vt 0.259075 0.810325
vt 0.292174 0.844968
vt 0.314895 0.873899
vt 0.365494 0.948385
vt 0.358129 0.955682
vt 0.362379 0.951855
vt 0.261767 0.815508
vt 0.285925 0.839638
vt 0.376877 0.949337
vt 0.386947 0.968323
vt 0.272357 0.836390
vt 0.259288 0.815375
vt 0.366794 0.944113
vt 0.288080 0.850764
vt 0.277850 0.840738
vt 0.267192 0.823982
vt 0.262763 0.817390
vt 0.307247 0.868793
vt 0.370349 0.952955
vt 0.256004 0.813182
vt 0.252342 0.816452
vt 0.325954 0.913204
vt 0.266086 0.836781
vt 0.283331 0.845871
vt 0.260878 0.823781
vt 0.256107 0.818267
vt 0.271538 0.841419
vt 0.285077 0.852602
vt 0.308962 0.880578
vt 0.360636 0.946213
vt 0.363086 0.951147
vt 0.335179 0.914980
vt 0.266370 0.834146
vt 0.334145 0.993648
vt 0.256556 0.823483
vt 0.260764 0.834554
vt 0.375465 0.983479
vt 0.374394 0.975459
vt 0.276466 0.853003
vt 0.365992 0.964680
vt 0.355073 0.955923
vt 0.337090 0.930972
vt 0.254315 0.832164
vt 0.301299 0.891432
vt 0.360387 0.975011
vt 0.328353 0.924889
vt 0.245470 0.824600
vt 0.259944 0.843933
vt 0.282667 0.880594
vt 0.295040 0.900463
vt 0.316790 0.992971
vt 0.287935 0.894247
vt 0.265588 0.954945
vt 0.370549 0.971499
vt 0.371026 0.974679
vt 0.368973 0.976924
vt 0.372581 0.971727
vt 0.330314 0.941283
vt 0.321460 0.934726
vt 0.247765 0.840505
vt 0.240350 0.835602
vt 0.242892 0.918004
vt 0.360352 0.983464
vt 0.357065 0.960957
vt 0.372536 0.961831
vt 0.371987 0.954940
vt 0.370916 0.946920
vt 0.360292 0.981797
vt 0.244372 0.838465
vt 0.243873 0.845750
vt 0.353247 0.974913
vt 0.323834 0.977566
vt 0.296241 0.916255
vt 0.335624 0.989910
vt 0.341105 0.985314
vt 0.242052 0.849321
vt 0.298571 0.986798
vt 0.360006 0.966400
vt 0.365673 0.973597
vt 0.331308 0.957338
vt 0.328360 0.991906
vt 0.245633 0.852709
vt 0.243623 0.856826
vt 0.354411 0.984061
vt 0.349714 0.964486
vt 0.371648 0.975972
vt 0.366311 0.970423
vt 0.322769 0.950580
vt 0.288612 0.909613
vt 0.240147 0.845989
vt 0.235326 0.846349
vt 0.361942 0.979975
vt 0.362923 0.950193
vt 0.367548 0.946140
vt 0.314305 0.944235
vt 0.327128 0.963342
vt 0.364283 0.983269
vt 0.347751 0.984071
vt 0.342692 0.965080
vt 0.352136 0.971222
vt 0.237112 0.857900
vt 0.355959 0.957754
vt 0.360253 0.976925
vt 0.354563 0.990313
vt 0.291287 0.991140
vt 0.318982 0.980611
vt 0.324912 0.983526
vt 0.340676 0.984455
vt 0.342794 0.974989
vt 0.355546 0.975936
vt 0.323514 0.964917
vt 0.259054 0.889832
vt 0.346783 0.992174
vt 0.336445 0.986657
vt 0.245592 0.893544
vt 0.282553 0.918771
vt 0.277178 0.952543
vt 0.314714 0.972225
vt 0.337101 0.963607
vt 0.345706 0.971744
vt 0.322648 0.973221
vt 0.335640 0.971618
vt 0.279530 0.972674
vt 0.347141 0.980966
vt 0.343305 0.963635
vt 0.231799 0.860013
vt 0.346363 0.991776
vt 0.337554 0.973574
vt 0.338550 0.994012
vt 0.349264 0.992983
vt 0.353904 0.991391
vt 0.335072 0.965473
vt 0.232539 0.862144
vt 0.342719 0.989360
vt 0.338192 0.985634
vt 0.347865 0.983773
vt 0.341253 0.987066
vt 0.327453 0.964195
vt 0.332967 0.958118
vt 0.258092 0.900588
vt 0.340116 0.980586
vt 0.269884 0.919544
vt 0.332967 0.980829
vt 0.303961 0.971451
vt 0.338077 0.988565
vt 0.323800 0.997944
vt 0.328396 0.989672
vt 0.334761 0.992627
vt 0.233202 0.900766
vt 0.280266 0.958906
vt 0.280086 0.955528
vt 0.310807 0.988032
vt 0.330919 0.967129
vt 0.336840 0.963433
vt 0.327991 0.966061
vt 0.248635 0.915856
vt 0.274010 0.949829
vt 0.306531 0.967128
vt 0.310009 0.995667
vt 0.328018 0.997867
vt 0.253490 0.927216
vt 0.249815 0.927696
vt 0.270615 0.975472
vt 0.235587 0.911458
vt 0.322359 0.969057
vt 0.325837 0.997596
vt 0.303742 0.997025
vt 0.324465 0.995335
vt 0.319909 0.992641
vt 0.300264 0.968487
vt 0.296502 0.990255
vt 0.287457 0.983086
vt 0.241724 0.932595
vt 0.241264 0.931020
vt 0.239127 0.923679
vt 0.327758 1.026116
vt 0.328512 0.996644
vt 0.241640 0.928248
vt 0.315867 0.989201
vt 0.300212 0.975881
vt 0.295006 0.969464
vt 0.293024 0.961716
vt 0.268084 0.965715
vt 0.242588 0.933850
vt 0.268976 0.965634
vt 0.280656 0.981081
vt 0.245213 0.942138
vt 0.320245 0.996982
vt 0.293486 0.974257
vt 0.315726 0.994830
vt 0.312029 0.991360
vt 0.277342 0.986097
vt 0.306864 0.991909
vt 0.304363 0.988114
vt 0.298339 0.990560
vt 0.277993 0.972835
vt 0.292444 0.988039
vt 0.272322 0.965127
vt 0.272191 0.983141
vt 0.285400 0.980446
vt 0.270310 0.942068
vt 0.277951 0.968320
vt 0.314091 0.969394
vt 0.309572 0.967242
vt 0.304327 0.967530
vt 0.317569 0.997933
vt 0.310481 0.995118
vt 0.271225 0.945740
vt 0.249460 0.952465
s 1
usemtl Material.001
f 1/1/1 2/2/2 3/3/3
f 4/4/4 5/5/5 6/6/6
f 7/7/7 8/8/8 9/9/9
f 10/10/10 11/11/11 12/12/12
f 13/13/13 14/14/14 15/15/15
f 16/16/16 17/17/17 18/18/18
f 19/19/19 20/20/20 21/21/21
f 11/11/11 14/14/14 13/13/13
f 22/22/22 23/23/23 24/24/24
f 25/25/25 26/26/26 27/27/27
f 28/28/28 29/29/29 30/30/30
f 25/25/25 31/31/31 32/32/32
f 33/33/33 34/34/34 35/35/35
f 36/36/36 37/37/37 38/38/38
f 39/39/39 40/40/40 41/41/41
f 42/42/42 43/43/43 44/44/44
f 45/45/45 46/46/46 47/47/47
f 48/48/48 49/49/49 50/50/50
f 51/51/51 52/52/52 53/53/53
f 54/54/54 11/11/11 10/10/10
f 55/55/55 56/56/56 57/57/57
f 58/58/58 59/59/59 60/60/60
f 61/61/61 62/62/62 63/63/63
f 64/64/64 65/65/65 66/66/66
f 67/67/67 68/68/68 69/69/69
f 70/70/70 68/68/68 71/71/71
f 72/72/72 73/73/73 74/74/74
f 75/75/75 76/76/76 77/77/77
f 78/78/78 79/79/79 80/80/80
f 81/81/81 82/82/82 83/83/83
f 84/84/84 85/85/85 86/86/86
f 26/26/26 25/25/25 87/87/87
f 88/88/88 89/89/89 90/90/90
f 91/91/91 32/32/32 92/92/92
f 93/93/93 92/92/92 94/94/94
f 94/94/94 95/95/95 96/96/96
f 97/97/97 98/98/98 99/99/99
f 54/54/54 10/10/10 96/96/96
f 100/100/100 101/101/101 102/102/102
f 103/103/103 104/104/104 105/105/105
f 106/106/106 101/101/101 107/107/107
f 108/108/108 15/15/15 14/14/14
f 65/65/65 64/64/64 109/109/109
f 110/110/110 111/111/111 112/112/112
f 113/113/113 114/114/114 115/115/115
f 116/116/116 117/117/117 118/118/118
f 113/113/113 119/119/119 120/120/120
f 121/121/121 122/122/122 123/123/123
f 124/124/124 123/123/123 125/125/125
f 75/75/75 26/26/26 125/125/125
f 25/25/25 32/32/32 87/87/87
f 126/126/126 127/127/127 128/128/128
f 129/129/129 130/130/130 131/131/131
f 132/132/132 133/133/133 134/134/134
f 13/13/13 12/12/12 11/11/11
f 135/135/135 136/136/136 137/137/137
f 138/138/138 139/139/139 140/140/140
f 51/51/51 141/141/141 142/142/142
f 124/124/124 125/125/125 143/143/143
f 26/26/26 87/87/87 143/143/143
f 144/144/144 145/145/145 146/146/146
f 147/147/147 148/148/148 149/149/149
f 91/91/91 150/150/150 32/32/32
f 151/151/151 152/152/152 153/153/153
f 154/154/154 155/155/155 156/156/156
f 157/157/157 158/158/158 159/159/159
f 160/160/160 161/161/161 162/162/162
f 163/163/163 164/164/164 165/165/165
f 113/113/113 120/120/120 164/164/164
f 166/166/166 167/167/167 119/119/119
f 120/120/120 167/167/167 165/165/165
f 75/75/75 125/125/125 76/76/76
f 166/166/166 168/168/168 167/167/167
f 169/169/169 170/170/170 171/171/171
f 121/121/121 172/172/172 122/122/122
f 173/173/173 174/174/174 105/105/105
f 121/121/121 124/124/124 175/175/175
f 176/176/176 177/177/177 175/175/175
f 178/178/178 179/179/179 180/180/180
f 181/181/181 182/182/182 183/183/183
f 150/150/150 146/146/146 145/145/145
f 150/150/150 91/91/91 184/184/184
f 185/185/185 186/186/186 184/184/184
f 187/187/187 188/188/188 94/94/94
f 189/189/189 40/40/40 190/190/190
f 191/191/191 96/96/96 10/10/10
f 192/192/192 193/193/193 194/194/194
f 195/195/195 37/37/37 196/196/196
f 90/90/90 89/89/89 197/197/197
f 198/198/198 199/199/199 200/200/200
f 201/201/201 202/202/202 203/203/203
f 204/204/204 205/205/205 167/167/167
f 206/206/206 207/207/207 208/208/208
f 209/209/209 207/207/207 206/206/206
f 206/206/206 172/172/172 209/209/209
f 210/210/210 209/209/209 172/172/172
f 175/175/175 210/210/210 121/121/121
f 211/211/211 176/176/176 212/212/212
f 211/211/211 177/177/177 176/176/176
f 212/212/212 144/144/144 213/213/213
f 211/211/211 212/212/212 213/213/213
f 146/146/146 214/214/214 215/215/215
f 146/146/146 150/150/150 186/186/186
f 216/216/216 217/217/217 218/218/218
f 219/219/219 220/220/220 221/221/221
f 222/222/222 223/223/223 188/188/188
f 224/224/224 225/225/225 226/226/226
f 108/108/108 227/227/227 15/15/15
f 228/228/228 229/229/229 230/230/230
f 231/231/231 232/232/232 233/233/233
f 234/234/234 235/235/235 236/236/236
f 237/237/237 238/238/238 239/239/239
f 240/240/240 241/241/241 242/242/242
f 243/243/243 244/244/244 165/165/165
f 245/245/245 246/246/246 247/247/247
f 248/248/248 249/249/249 250/250/250
f 251/251/251 249/249/249 252/252/252
f 253/253/253 254/254/254 255/255/255
f 204/204/204 208/208/208 256/256/256
f 207/207/207 209/209/209 257/257/257
f 258/258/258 259/259/259 260/260/260
f 175/175/175 261/261/261 210/210/210
f 262/262/262 210/210/210 261/261/261
f 263/263/263 264/264/264 177/177/177
f 263/263/263 177/177/177 211/211/211
f 265/265/265 263/263/263 211/211/211
f 265/265/265 211/211/211 213/213/213
f 266/266/266 267/267/267 268/268/268
f 269/269/269 270/270/270 271/271/271
f 187/187/187 96/96/96 191/191/191
f 191/191/191 10/10/10 12/12/12
f 272/272/272 273/273/273 274/274/274
f 275/275/275 12/12/12 13/13/13
f 276/276/276 13/13/13 15/15/15
f 277/277/277 278/278/278 279/279/279
f 280/280/280 281/281/281 44/44/44
f 282/282/282 245/245/245 283/283/283
f 284/284/284 262/262/262 261/261/261
f 285/285/285 286/286/286 261/261/261
f 284/284/284 261/261/261 286/286/286
f 287/287/287 286/286/286 285/285/285
f 287/287/287 285/285/285 264/264/264
f 288/288/288 287/287/287 264/264/264
f 264/264/264 263/263/263 288/288/288
f 289/289/289 288/288/288 263/263/263
f 263/263/263 265/265/265 289/289/289
f 290/290/290 289/289/289 265/265/265
f 290/290/290 265/265/265 291/291/291
f 291/291/291 265/265/265 213/213/213
f 292/292/292 291/291/291 215/215/215
f 292/292/292 215/215/215 214/214/214
f 293/293/293 294/294/294 295/295/295
f 296/296/296 146/146/146 186/186/186
f 185/185/185 223/223/223 297/297/297
f 298/298/298 270/270/270 299/299/299
f 300/300/300 301/301/301 302/302/302
f 93/93/93 188/188/188 223/223/223
f 276/276/276 275/275/275 13/13/13
f 303/303/303 71/71/71 68/68/68
f 304/304/304 256/256/256 208/208/208
f 304/304/304 207/207/207 305/305/305
f 209/209/209 306/306/306 257/257/257
f 307/307/307 301/301/301 308/308/308
f 309/309/309 310/310/310 311/311/311
f 312/312/312 313/313/313 314/314/314
f 155/155/155 315/315/315 316/316/316
f 317/317/317 318/318/318 319/319/319
f 320/320/320 321/321/321 179/179/179
f 322/322/322 305/305/305 257/257/257
f 323/323/323 324/324/324 325/325/325
f 207/207/207 257/257/257 305/305/305
f 326/326/326 284/284/284 286/286/286
f 327/327/327 326/326/326 286/286/286
f 327/327/327 286/286/286 287/287/287
f 327/327/327 287/287/287 328/328/328
f 288/288/288 328/328/328 287/287/287
f 329/329/329 328/328/328 288/288/288
f 329/329/329 288/288/288 289/289/289
f 290/290/290 329/329/329 289/289/289
f 290/290/290 291/291/291 330/330/330
f 292/292/292 330/330/330 291/291/291
f 331/331/331 296/296/296 332/332/332
f 331/331/331 333/333/333 296/296/296
f 334/334/334 335/335/335 336/336/336
f 185/185/185 337/337/337 332/332/332
f 337/337/337 185/185/185 297/297/297
f 338/338/338 339/339/339 340/340/340
f 341/341/341 342/342/342 343/343/343
f 41/41/41 40/40/40 344/344/344
f 139/139/139 345/345/345 346/346/346
f 347/347/347 191/191/191 12/12/12
f 275/275/275 347/347/347 12/12/12
f 348/348/348 349/349/349 270/270/270
f 350/350/350 351/351/351 352/352/352
f 353/353/353 354/354/354 355/355/355
f 244/244/244 351/351/351 163/163/163
f 244/244/244 356/356/356 357/357/357
f 358/358/358 359/359/359 360/360/360
f 361/361/361 362/362/362 363/363/363
f 256/256/256 361/361/361 363/363/363
f 364/364/364 361/361/361 304/304/304
f 364/364/364 304/304/304 305/305/305
f 365/365/365 322/322/322 366/366/366
f 367/367/367 368/368/368 369/369/369
f 370/370/370 371/371/371 372/372/372
f 373/373/373 78/78/78 374/374/374
f 375/375/375 284/284/284 376/376/376
f 377/377/377 376/376/376 326/326/326
f 377/377/377 326/326/326 327/327/327
f 378/378/378 377/377/377 327/327/327
f 328/328/328 379/379/379 378/378/378
f 380/380/380 328/328/328 329/329/329
f 380/380/380 379/379/379 328/328/328
f 381/381/381 329/329/329 290/290/290
f 381/381/381 380/380/380 329/329/329
f 352/352/352 382/382/382 383/383/383
f 384/384/384 381/381/381 290/290/290
f 384/384/384 290/290/290 330/330/330
f 385/385/385 386/386/386 387/387/387
f 330/330/330 292/292/292 388/388/388
f 333/333/333 388/388/388 214/214/214
f 332/332/332 389/389/389 331/331/331
f 187/187/187 390/390/390 188/188/188
f 191/191/191 391/391/391 187/187/187
f 354/354/354 353/353/353 63/63/63
f 392/392/392 376/376/376 377/377/377
f 393/393/393 384/384/384 330/330/330
f 389/389/389 332/332/332 337/337/337
f 394/394/394 395/395/395 396/396/396
f 347/347/347 391/391/391 191/191/191
f 397/397/397 275/275/275 276/276/276
f 398/398/398 399/399/399 400/400/400
f 243/243/243 362/362/362 356/356/356
f 401/401/401 361/361/361 364/364/364
f 402/402/402 403/403/403 404/404/404
f 405/405/405 375/375/375 376/376/376
f 406/406/406 407/407/407 408/408/408
f 150/150/150 145/145/145 32/32/32
f 409/409/409 392/392/392 377/377/377
f 409/409/409 377/377/377 378/378/378
f 410/410/410 409/409/409 378/378/378
f 410/410/410 378/378/378 379/379/379
f 411/411/411 380/380/380 381/381/381
f 412/412/412 411/411/411 381/381/381
f 413/413/413 388/388/388 333/333/333
f 414/414/414 357/357/357 415/415/415
f 416/416/416 333/333/333 331/331/331
f 417/417/417 416/416/416 389/389/389
f 418/418/418 419/419/419 420/420/420
f 130/130/130 421/421/421 422/422/422
f 423/423/423 297/297/297 222/222/222
f 424/424/424 425/425/425 426/426/426
f 347/347/347 427/427/427 391/391/391
f 275/275/275 428/428/428 347/347/347
f 276/276/276 429/429/429 397/397/397
f 430/430/430 431/431/431 432/432/432
f 243/243/243 356/356/356 244/244/244
f 246/246/246 433/433/433 247/247/247
f 434/434/434 366/366/366 322/322/322
f 435/435/435 436/436/436 437/437/437
f 412/412/412 381/381/381 384/384/384
f 416/416/416 413/413/413 333/333/333
f 223/223/223 222/222/222 297/297/297
f 438/438/438 439/439/439 440/440/440
f 428/428/428 427/427/427 347/347/347
f 397/397/397 428/428/428 275/275/275
f 441/441/441 442/442/442 443/443/443
f 444/444/444 356/356/356 445/445/445
f 446/446/446 447/447/447 448/448/448
f 362/362/362 445/445/445 356/356/356
f 449/449/449 359/359/359 450/450/450
f 451/451/451 445/445/445 362/362/362
f 451/451/451 362/362/362 361/361/361
f 401/401/401 451/451/451 361/361/361
f 452/452/452 401/401/401 453/453/453
f 365/365/365 454/454/454 364/364/364
f 455/455/455 456/456/456 366/366/366
f 457/457/457 458/458/458 459/459/459
f 405/405/405 460/460/460 375/375/375
f 461/461/461 460/460/460 405/405/405
f 462/462/462 461/461/461 405/405/405
f 462/462/462 405/405/405 376/376/376
f 463/463/463 462/462/462 392/392/392
f 376/376/376 392/392/392 462/462/462
f 464/464/464 465/465/465 466/466/466
f 392/392/392 409/409/409 463/463/463
f 410/410/410 467/467/467 409/409/409
f 468/468/468 410/410/410 379/379/379
f 468/468/468 379/379/379 469/469/469
f 411/411/411 469/469/469 380/380/380
f 470/470/470 412/412/412 384/384/384
f 470/470/470 384/384/384 393/393/393
f 471/471/471 393/393/393 388/388/388
f 470/470/470 393/393/393 472/472/472
f 473/473/473 474/474/474 475/475/475
f 476/476/476 222/222/222 390/390/390
f 477/477/477 390/390/390 391/391/391
f 187/187/187 391/391/391 390/390/390
f 478/478/478 428/428/428 397/397/397
f 479/479/479 309/309/309 480/480/480
f 481/481/481 482/482/482 483/483/483
f 414/414/414 351/351/351 357/357/357
f 42/42/42 44/44/44 281/281/281
f 148/148/148 147/147/147 484/484/484
f 413/413/413 416/416/416 485/485/485
f 331/331/331 389/389/389 416/416/416
f 486/486/486 487/487/487 488/488/488
f 222/222/222 476/476/476 423/423/423
f 478/478/478 489/489/489 428/428/428
f 490/490/490 478/478/478 397/397/397
f 429/429/429 490/490/490 397/397/397
f 468/468/468 491/491/491 410/410/410
f 492/492/492 493/493/493 396/396/396
f 412/412/412 494/494/494 411/411/411
f 470/470/470 495/495/495 412/412/412
f 477/477/477 476/476/476 390/390/390
f 496/496/496 497/497/497 498/498/498
f 391/391/391 427/427/427 477/477/477
f 489/489/489 427/427/427 428/428/428
f 489/489/489 499/499/499 427/427/427
f 500/500/500 501/501/501 502/502/502
f 334/334/334 503/503/503 504/504/504
f 505/505/505 445/445/445 451/451/451
f 401/401/401 506/506/506 451/451/451
f 507/507/507 508/508/508 509/509/509
f 510/510/510 511/511/511 512/512/512
f 455/455/455 513/513/513 456/456/456
f 514/514/514 515/515/515 516/516/516
f 517/517/517 455/455/455 518/518/518
f 519/519/519 520/520/520 521/521/521
f 410/410/410 491/491/491 467/467/467
f 522/522/522 523/523/523 524/524/524
f 388/388/388 525/525/525 471/471/471
f 417/417/417 485/485/485 416/416/416
f 526/526/526 417/417/417 389/389/389
f 337/337/337 526/526/526 389/389/389
f 527/527/527 528/528/528 529/529/529
f 530/530/530 111/111/111 531/531/531
f 532/532/532 533/533/533 534/534/534
f 535/535/535 536/536/536 537/537/537
f 538/538/538 539/539/539 540/540/540
f 541/541/541 542/542/542 543/543/543
f 544/544/544 545/545/545 546/546/546
f 547/547/547 548/548/548 549/549/549
f 505/505/505 444/444/444 445/445/445
f 506/506/506 505/505/505 451/451/451
f 550/550/550 551/551/551 552/552/552
f 454/454/454 553/553/553 453/453/453
f 456/456/456 554/554/554 454/454/454
f 555/555/555 556/556/556 557/557/557
f 558/558/558 518/518/518 460/460/460
f 461/461/461 558/558/558 460/460/460
f 559/559/559 560/560/560 561/561/561
f 562/562/562 463/463/463 467/467/467
f 563/563/563 562/562/562 467/467/467
f 564/564/564 565/565/565 566/566/566
f 412/412/412 495/495/495 494/494/494
f 567/567/567 568/568/568 569/569/569
f 477/477/477 570/570/570 476/476/476
f 571/571/571 572/572/572 573/573/573
f 403/403/403 402/402/402 574/574/574
f 575/575/575 576/576/576 577/577/577
f 444/444/444 415/415/415 356/356/356
f 578/578/578 551/551/551 579/579/579
f 580/580/580 581/581/581 582/582/582
f 583/583/583 584/584/584 585/585/585
f 517/517/517 513/513/513 455/455/455
f 558/558/558 586/586/586 518/518/518
f 587/587/587 461/461/461 462/462/462
f 463/463/463 587/587/587 462/462/462
f 91/91/91 93/93/93 184/184/184
f 588/588/588 589/589/589 590/590/590
f 417/417/417 591/591/591 440/440/440
f 526/526/526 337/337/337 592/592/592
f 274/274/274 593/593/593 594/594/594
f 595/595/595 596/596/596 597/597/597
f 598/598/598 599/599/599 600/600/600
f 490/490/490 429/429/429 601/601/601
f 352/352/352 383/383/383 602/602/602
f 356/356/356 415/415/415 357/357/357
f 553/553/553 603/603/603 453/453/453
f 604/604/604 513/513/513 517/517/517
f 518/518/518 586/586/586 517/517/517
f 461/461/461 605/605/605 558/558/558
f 67/67/67 606/606/606 607/607/607
f 587/587/587 605/605/605 461/461/461
f 608/608/608 494/494/494 495/495/495
f 608/608/608 495/495/495 323/323/323
f 609/609/609 610/610/610 611/611/611
f 612/612/612 613/613/613 614/614/614
f 615/615/615 616/616/616 617/617/617
f 526/526/526 591/591/591 417/417/417
f 618/618/618 619/619/619 620/620/620
f 489/489/489 621/621/621 499/499/499
f 622/622/622 489/489/489 478/478/478
f 623/623/623 624/624/624 625/625/625
f 602/602/602 626/626/626 601/601/601
f 627/627/627 628/628/628 629/629/629
f 630/630/630 631/631/631 632/632/632
f 506/506/506 633/633/633 505/505/505
f 634/634/634 635/635/635 636/636/636
f 637/637/637 638/638/638 639/639/639
f 640/640/640 641/641/641 642/642/642
f 581/581/581 643/643/643 644/644/644
f 604/604/604 554/554/554 513/513/513
f 645/645/645 646/646/646 647/647/647
f 648/648/648 586/586/586 558/558/558
f 605/605/605 648/648/648 558/558/558
f 649/649/649 650/650/650 651/651/651
f 652/652/652 563/563/563 653/653/653
f 494/494/494 608/608/608 654/654/654
f 440/440/440 655/655/655 417/417/417
f 476/476/476 656/656/656 423/423/423
f 570/570/570 656/656/656 476/476/476
f 657/657/657 308/308/308 300/300/300
f 622/622/622 478/478/478 658/658/658
f 352/352/352 414/414/414 382/382/382
f 659/659/659 99/99/99 314/314/314
f 505/505/505 660/660/660 444/444/444
f 661/661/661 633/633/633 506/506/506
f 662/662/662 587/587/587 463/463/463
f 562/562/562 662/662/662 463/463/463
f 663/663/663 664/664/664 665/665/665
f 220/220/220 219/219/219 666/666/666
f 667/667/667 668/668/668 669/669/669
f 654/654/654 670/670/670 494/494/494
f 671/671/671 654/654/654 608/608/608
f 672/672/672 225/225/225 673/673/673
f 674/674/674 675/675/675 676/676/676
f 307/307/307 308/308/308 677/677/677
f 383/383/383 626/626/626 602/602/602
f 633/633/633 660/660/660 505/505/505
f 587/587/587 678/678/678 605/605/605
f 662/662/662 678/678/678 587/587/587
f 591/591/591 526/526/526 679/679/679
f 680/680/680 681/681/681 682/682/682
f 656/656/656 681/681/681 423/423/423
f 304/304/304 208/208/208 207/207/207
f 656/656/656 570/570/570 683/683/683
f 499/499/499 684/684/684 477/477/477
f 622/622/622 621/621/621 489/489/489
f 685/685/685 686/686/686 687/687/687
f 688/688/688 658/658/658 490/490/490
f 626/626/626 688/688/688 601/601/601
f 603/603/603 689/689/689 452/452/452
f 690/690/690 691/691/691 692/692/692
f 586/586/586 504/504/504 517/517/517
f 693/693/693 694/694/694 695/695/695
f 696/696/696 697/697/697 698/698/698
f 547/547/547 699/699/699 548/548/548
f 648/648/648 605/605/605 700/700/700
f 701/701/701 678/678/678 662/662/662
f 702/702/702 701/701/701 662/662/662
f 702/702/702 662/662/662 562/562/562
f 652/652/652 702/702/702 562/562/562
f 491/491/491 666/666/666 653/653/653
f 670/670/670 654/654/654 703/703/703
f 671/671/671 608/608/608 325/325/325
f 704/704/704 705/705/705 706/706/706
f 707/707/707 324/324/324 708/708/708
f 709/709/709 655/655/655 439/439/439
f 681/681/681 679/679/679 592/592/592
f 658/658/658 710/710/710 622/622/622
f 383/383/383 398/398/398 626/626/626
f 689/689/689 711/711/711 661/661/661
f 712/712/712 689/689/689 603/603/603
f 713/713/713 714/714/714 715/715/715
f 716/716/716 717/717/717 652/652/652
f 716/716/716 652/652/652 653/653/653
f 718/718/718 719/719/719 720/720/720
f 721/721/721 722/722/722 723/723/723
f 285/285/285 177/177/177 264/264/264
f 724/724/724 725/725/725 419/419/419
f 726/726/726 684/684/684 499/499/499
f 726/726/726 499/499/499 621/621/621
f 688/688/688 727/727/727 658/658/658
f 400/400/400 727/727/727 688/688/688
f 382/382/382 398/398/398 383/383/383
f 728/728/728 729/729/729 414/414/414
f 92/92/92 93/93/93 91/91/91
f 730/730/730 660/660/660 633/633/633
f 711/711/711 730/730/730 633/633/633
f 731/731/731 732/732/732 733/733/733
f 350/350/350 163/163/163 351/351/351
f 734/734/734 504/504/504 586/586/586
f 734/734/734 586/586/586 648/648/648
f 702/702/702 735/735/735 701/701/701
f 652/652/652 736/736/736 702/702/702
f 221/221/221 737/737/737 219/219/219
f 738/738/738 739/739/739 17/17/17
f 703/703/703 221/221/221 220/220/220
f 740/740/740 671/671/671 741/741/741
f 742/742/742 743/743/743 353/353/353
f 744/744/744 679/679/679 681/681/681
f 744/744/744 745/745/745 679/679/679
f 680/680/680 744/744/744 681/681/681
f 656/656/656 682/682/682 681/681/681
f 682/682/682 656/656/656 683/683/683
f 3/3/3 621/621/621 622/622/622
f 727/727/727 710/710/710 658/658/658
f 746/746/746 747/747/747 748/748/748
f 749/749/749 604/604/604 750/750/750
f 751/751/751 697/697/697 752/752/752
f 753/753/753 754/754/754 628/628/628
f 684/684/684 726/726/726 755/755/755
f 3/3/3 622/622/622 710/710/710
f 756/756/756 757/757/757 758/758/758
f 759/759/759 398/398/398 382/382/382
f 760/760/760 729/729/729 728/728/728
f 761/761/761 730/730/730 711/711/711
f 734/734/734 648/648/648 762/762/762
f 736/736/736 735/735/735 702/702/702
f 717/717/717 736/736/736 652/652/652
f 708/708/708 763/763/763 764/764/764
f 440/440/440 439/439/439 655/655/655
f 765/765/765 680/680/680 682/682/682
f 766/766/766 683/683/683 755/755/755
f 767/767/767 768/768/768 769/769/769
f 398/398/398 759/759/759 399/399/399
f 770/770/770 771/771/771 772/772/772
f 729/729/729 759/759/759 382/382/382
f 660/660/660 773/773/773 774/774/774
f 660/660/660 730/730/730 773/773/773
f 730/730/730 761/761/761 775/775/775
f 689/689/689 776/776/776 711/711/711
f 776/776/776 712/712/712 777/777/777
f 778/778/778 779/779/779 780/780/780
f 712/712/712 780/780/780 779/779/779
f 762/762/762 781/781/781 734/734/734
f 700/700/700 762/762/762 648/648/648
f 782/782/782 762/762/762 700/700/700
f 782/782/782 700/700/700 783/783/783
f 178/178/178 784/784/784 785/785/785
f 786/786/786 735/735/735 736/736/736
f 787/787/787 786/786/786 736/736/736
f 788/788/788 789/789/789 521/521/521
f 787/787/787 736/736/736 717/717/717
f 790/790/790 791/791/791 792/792/792
f 793/793/793 717/717/717 716/716/716
f 793/793/793 716/716/716 737/737/737
f 219/219/219 737/737/737 716/716/716
f 794/794/794 737/737/737 221/221/221
f 795/795/795 325/325/325 796/796/796
f 797/797/797 744/744/744 680/680/680
f 765/765/765 797/797/797 680/680/680
f 798/798/798 787/787/787 799/799/799
f 726/726/726 2/2/2 800/800/800
f 621/621/621 2/2/2 726/726/726
f 710/710/710 801/801/801 3/3/3
f 727/727/727 802/802/802 710/710/710
f 803/803/803 747/747/747 804/804/804
f 776/776/776 761/761/761 711/711/711
f 805/805/805 750/750/750 503/503/503
f 334/334/334 336/336/336 503/503/503
f 781/781/781 334/334/334 734/734/734
f 806/806/806 807/807/807 808/808/808
f 809/809/809 793/793/793 737/737/737
f 810/810/810 811/811/811 812/812/812
f 795/795/795 741/741/741 671/671/671
f 813/813/813 814/814/814 815/815/815
f 816/816/816 709/709/709 439/439/439
f 745/745/745 438/438/438 440/440/440
f 817/817/817 745/745/745 744/744/744
f 414/414/414 352/352/352 351/351/351
f 773/773/773 818/818/818 819/819/819
f 820/820/820 821/821/821 822/822/822
f 823/823/823 781/781/781 762/762/762
f 782/782/782 823/823/823 762/762/762
f 764/764/764 824/824/824 707/707/707
f 817/817/817 438/438/438 745/745/745
f 825/825/825 765/765/765 682/682/682
f 826/826/826 827/827/827 828/828/828
f 1/1/1 829/829/829 2/2/2
f 802/802/802 801/801/801 710/710/710
f 830/830/830 831/831/831 832/832/832
f 833/833/833 759/759/759 729/729/729
f 729/729/729 760/760/760 833/833/833
f 834/834/834 835/835/835 836/836/836
f 750/750/750 837/837/837 778/778/778
f 805/805/805 837/837/837 750/750/750
f 838/838/838 839/839/839 840/840/840
f 735/735/735 841/841/841 783/783/783
f 842/842/842 735/735/735 786/786/786
f 843/843/843 844/844/844 845/845/845
f 717/717/717 793/793/793 799/799/799
f 809/809/809 737/737/737 794/794/794
f 16/16/16 846/846/846 17/17/17
f 796/796/796 847/847/847 795/795/795
f 693/693/693 848/848/848 694/694/694
f 849/849/849 824/824/824 764/764/764
f 709/709/709 816/816/816 850/850/850
f 439/439/439 438/438/438 851/851/851
f 797/797/797 817/817/817 744/744/744
f 797/797/797 765/765/765 852/852/852
f 825/825/825 683/683/683 766/766/766
f 3/3/3 801/801/801 1/1/1
f 853/853/853 773/773/773 775/775/775
f 364/364/364 305/305/305 365/365/365
f 854/854/854 779/779/779 778/778/778
f 837/837/837 854/854/854 778/778/778
f 823/823/823 855/855/855 781/781/781
f 856/856/856 851/851/851 857/857/857
f 787/787/787 717/717/717 799/799/799
f 799/799/799 793/793/793 858/858/858
f 847/847/847 741/741/741 795/795/795
f 847/847/847 859/859/859 741/741/741
f 849/849/849 764/764/764 850/850/850
f 860/860/860 861/861/861 862/862/862
f 863/863/863 864/864/864 865/865/865
f 765/765/765 825/825/825 866/866/866
f 867/867/867 868/868/868 869/869/869
f 766/766/766 800/800/800 828/828/828
f 400/400/400 399/399/399 870/870/870
f 759/759/759 833/833/833 871/871/871
f 853/853/853 818/818/818 773/773/773
f 776/776/776 777/777/777 872/872/872
f 855/855/855 335/335/335 781/781/781
f 873/873/873 874/874/874 875/875/875
f 859/859/859 876/876/876 741/741/741
f 438/438/438 857/857/857 851/851/851
f 831/831/831 872/872/872 777/777/777
f 640/640/640 877/877/877 878/878/878
f 879/879/879 880/880/880 881/881/881
f 882/882/882 883/883/883 884/884/884
f 818/818/818 885/885/885 819/819/819
f 886/886/886 853/853/853 775/775/775
f 779/779/779 832/832/832 777/777/777
f 821/821/821 887/887/887 888/888/888
f 854/854/854 832/832/832 779/779/779
f 889/889/889 837/837/837 805/805/805
f 890/890/890 891/891/891 892/892/892
f 893/893/893 809/809/809 794/794/794
f 894/894/894 522/522/522 895/895/895
f 896/896/896 897/897/897 794/794/794
f 898/898/898 899/899/899 900/900/900
f 901/901/901 902/902/902 903/903/903
f 852/852/852 904/904/904 797/797/797
f 905/905/905 906/906/906 907/907/907
f 908/908/908 866/866/866 827/827/827
f 825/825/825 766/766/766 827/827/827
f 909/909/909 1/1/1 801/801/801
f 802/802/802 909/909/909 801/801/801
f 910/910/910 871/871/871 833/833/833
f 911/911/911 912/912/912 913/913/913
f 818/818/818 853/853/853 914/914/914
f 915/915/915 916/916/916 917/917/917
f 889/889/889 805/805/805 336/336/336
f 139/139/139 138/138/138 918/918/918
f 919/919/919 823/823/823 782/782/782
f 919/919/919 782/782/782 841/841/841
f 735/735/735 842/842/842 841/841/841
f 920/920/920 422/422/422 421/421/421
f 893/893/893 858/858/858 809/809/809
f 921/921/921 876/876/876 922/922/922
f 923/923/923 924/924/924 925/925/925
f 847/847/847 796/796/796 926/926/926
f 926/926/926 927/927/927 847/847/847
f 849/849/849 928/928/928 824/824/824
f 929/929/929 850/850/850 816/816/816
f 930/930/930 910/910/910 833/833/833
f 931/931/931 932/932/932 933/933/933
f 885/885/885 930/930/930 760/760/760
f 934/934/934 914/914/914 853/853/853
f 935/935/935 775/775/775 761/761/761
f 936/936/936 855/855/855 823/823/823
f 919/919/919 936/936/936 823/823/823
f 841/841/841 842/842/842 937/937/937
f 938/938/938 873/873/873 939/939/939
f 940/940/940 941/941/941 942/942/942
f 922/922/922 943/943/943 921/921/921
f 859/859/859 944/944/944 876/876/876
f 927/927/927 859/859/859 847/847/847
f 849/849/849 945/945/945 928/928/928
f 946/946/946 947/947/947 948/948/948
f 457/457/457 949/949/949 458/458/458
f 950/950/950 951/951/951 952/952/952
f 953/953/953 828/828/828 829/829/829
f 1/1/1 954/954/954 955/955/955
f 808/808/808 802/802/802 956/956/956
f 914/914/914 885/885/885 818/818/818
f 957/957/957 249/249/249 248/248/248
f 886/886/886 934/934/934 853/853/853
f 958/958/958 854/854/854 837/837/837
f 958/958/958 837/837/837 889/889/889
f 959/959/959 855/855/855 960/960/960
f 937/937/937 919/919/919 841/841/841
f 897/897/897 893/893/893 794/794/794
f 961/961/961 962/962/962 963/963/963
f 526/526/526 592/592/592 679/679/679
f 866/866/866 964/964/964 852/852/852
f 766/766/766 828/828/828 827/827/827
f 909/909/909 954/954/954 1/1/1
f 965/965/965 930/930/930 885/885/885
f 914/914/914 965/965/965 885/885/885
f 966/966/966 967/967/967 968/968/968
f 969/969/969 970/970/970 971/971/971
f 972/972/972 832/832/832 854/854/854
f 958/958/958 972/972/972 854/854/854
f 798/798/798 973/973/973 787/787/787
f 922/922/922 944/944/944 974/974/974
f 927/927/927 975/975/975 859/859/859
f 976/976/976 977/977/977 978/978/978
f 979/979/979 980/980/980 981/981/981
f 982/982/982 983/983/983 984/984/984
f 826/826/826 985/985/985 908/908/908
f 955/955/955 953/953/953 829/829/829
f 986/986/986 954/954/954 909/909/909
f 987/987/987 238/238/238 871/871/871
f 910/910/910 987/987/987 871/871/871
f 988/988/988 989/989/989 990/990/990
f 965/965/965 991/991/991 930/930/930
f 992/992/992 993/993/993 994/994/994
f 995/995/995 970/970/970 996/996/996
f 997/997/997 998/998/998 999/999/999
f 1000/1000/1000 1001/1001/1001 1002/1002/1002
f 786/786/786 973/973/973 1003/1003/1003
f 922/922/922 1004/1004/1004 943/943/943
f 975/975/975 944/944/944 859/859/859
f 429/429/429 1005/1005/1005 602/602/602
f 964/964/964 1006/1006/1006 852/852/852
f 1007/1007/1007 757/757/757 1008/1008/1008
f 1009/1009/1009 1010/1010/1010 1011/1011/1011
f 1012/1012/1012 826/826/826 828/828/828
f 986/986/986 909/909/909 808/808/808
f 802/802/802 808/808/808 909/909/909
f 930/930/930 991/991/991 910/910/910
f 935/935/935 1013/1013/1013 886/886/886
f 1014/1014/1014 972/972/972 958/958/958
f 798/798/798 1015/1015/1015 973/973/973
f 1016/1016/1016 798/798/798 799/799/799
f 858/858/858 1016/1016/1016 799/799/799
f 1017/1017/1017 926/926/926 928/928/928
f 1018/1018/1018 945/945/945 929/929/929
f 346/346/346 856/856/856 857/857/857
f 1019/1019/1019 985/985/985 826/826/826
f 1012/1012/1012 1019/1019/1019 826/826/826
f 955/955/955 1020/1020/1020 953/953/953
f 237/237/237 239/239/239 956/956/956
f 914/914/914 1021/1021/1021 965/965/965
f 1022/1022/1022 1023/1023/1023 1024/1024/1024
f 318/318/318 1014/1014/1014 958/958/958
f 1003/1003/1003 1025/1025/1025 937/937/937
f 1004/1004/1004 922/922/922 974/974/974
f 1026/1026/1026 974/974/974 1027/1027/1027
f 1028/1028/1028 1029/1029/1029 1030/1030/1030
f 1031/1031/1031 1017/1017/1017 928/928/928
f 856/856/856 1032/1032/1032 851/851/851
f 1020/1020/1020 1012/1012/1012 953/953/953
f 954/954/954 1033/1033/1033 955/955/955
f 1034/1034/1034 1035/1035/1035 1036/1036/1036
f 1037/1037/1037 991/991/991 965/965/965
f 1021/1021/1021 1037/1037/1037 965/965/965
f 914/914/914 934/934/934 1021/1021/1021
f 1038/1038/1038 934/934/934 1013/1013/1013
f 886/886/886 1013/1013/1013 934/934/934
f 1039/1039/1039 1013/1013/1013 935/935/935
f 830/830/830 1040/1040/1040 831/831/831
f 972/972/972 830/830/830 832/832/832
f 889/889/889 318/318/318 958/958/958
f 1041/1041/1041 1042/1042/1042 1043/1043/1043
f 1044/1044/1044 858/858/858 893/893/893
f 1045/1045/1045 1046/1046/1046 1047/1047/1047
f 897/897/897 1048/1048/1048 893/893/893
f 1004/1004/1004 1026/1026/1026 1049/1049/1049
f 1050/1050/1050 856/856/856 345/345/345
f 1051/1051/1051 1052/1052/1052 1053/1053/1053
f 1054/1054/1054 1055/1055/1055 1056/1056/1056
f 985/985/985 964/964/964 908/908/908
f 1033/1033/1033 1020/1020/1020 955/955/955
f 986/986/986 1057/1057/1057 954/954/954
f 986/986/986 808/808/808 807/807/807
f 1058/1058/1058 1059/1059/1059 1060/1060/1060
f 806/806/806 808/808/808 956/956/956
f 1061/1061/1061 239/239/239 238/238/238
f 987/987/987 910/910/910 1062/1062/1062
f 1063/1063/1063 1064/1064/1064 1065/1065/1065
f 991/991/991 1062/1062/1062 910/910/910
f 991/991/991 1037/1037/1037 1066/1066/1066
f 972/972/972 1014/1014/1014 1067/1067/1067
f 889/889/889 319/319/319 318/318/318
f 242/242/242 241/241/241 988/988/988
f 1068/1068/1068 317/317/317 319/319/319
f 1015/1015/1015 1069/1069/1069 973/973/973
f 1044/1044/1044 1016/1016/1016 858/858/858
f 1049/1049/1049 1048/1048/1048 897/897/897
f 152/152/152 1070/1070/1070 1071/1071/1071
f 1072/1072/1072 1073/1073/1073 1017/1017/1017
f 1031/1031/1031 928/928/928 945/945/945
f 1074/1074/1074 1075/1075/1075 1076/1076/1076
f 1057/1057/1057 1033/1033/1033 954/954/954
f 1061/1061/1061 238/238/238 1077/1077/1077
f 238/238/238 987/987/987 1077/1077/1077
f 1078/1078/1078 1038/1038/1038 1013/1013/1013
f 1078/1078/1078 1013/1013/1013 1039/1039/1039
f 936/936/936 960/960/960 855/855/855
f 1069/1069/1069 1025/1025/1025 1003/1003/1003
f 798/798/798 1079/1079/1079 1015/1015/1015
f 1016/1016/1016 1079/1079/1079 798/798/798
f 1048/1048/1048 1044/1044/1044 893/893/893
f 1032/1032/1032 1018/1018/1018 929/929/929
f 1050/1050/1050 1032/1032/1032 856/856/856
f 1006/1006/1006 139/139/139 346/346/346
f 1080/1080/1080 36/36/36 1081/1081/1081
f 1082/1082/1082 1019/1019/1019 1012/1012/1012
f 1082/1082/1082 1012/1012/1012 1020/1020/1020
f 1083/1083/1083 1020/1020/1020 1033/1033/1033
f 807/807/807 1084/1084/1084 986/986/986
f 1085/1085/1085 239/239/239 1061/1061/1061
f 1086/1086/1086 1040/1040/1040 1087/1087/1087
f 1088/1088/1088 1089/1089/1089 1090/1090/1090
f 979/979/979 981/981/981 1025/1025/1025
f 1091/1091/1091 1042/1042/1042 1092/1092/1092
f 1005/1005/1005 227/227/227 1093/1093/1093
f 975/975/975 1027/1027/1027 944/944/944
f 964/964/964 140/140/140 1006/1006/1006
f 1094/1094/1094 964/964/964 985/985/985
f 1095/1095/1095 1083/1083/1083 1033/1033/1033
f 1095/1095/1095 1033/1033/1033 1057/1057/1057
f 1096/1096/1096 1038/1038/1038 1078/1078/1078
f 830/830/830 1087/1087/1087 1040/1040/1040
f 1097/1097/1097 1067/1067/1067 1014/1014/1014
f 318/318/318 1097/1097/1097 1014/1014/1014
f 980/980/980 960/960/960 936/936/936
f 936/936/936 981/981/981 980/980/980
f 1098/1098/1098 979/979/979 1025/1025/1025
f 1099/1099/1099 1100/1100/1100 1101/1101/1101
f 1069/1069/1069 1098/1098/1098 1025/1025/1025
f 1102/1102/1102 1079/1079/1079 1016/1016/1016
f 1044/1044/1044 1102/1102/1102 1016/1016/1016
f 830/830/830 1067/1067/1067 1087/1087/1087
f 1103/1103/1103 1104/1104/1104 1105/1105/1105
f 1106/1106/1106 1107/1107/1107 1108/1108/1108
f 1018/1018/1018 1109/1109/1109 1110/1110/1110
f 1111/1111/1111 1109/1109/1109 1018/1018/1018
f 1112/1112/1112 1052/1052/1052 1113/1113/1113
f 1094/1094/1094 140/140/140 964/964/964
f 1082/1082/1082 1114/1114/1114 1019/1019/1019
f 1083/1083/1083 1082/1082/1082 1020/1020/1020
f 1084/1084/1084 1115/1115/1115 1057/1057/1057
f 807/807/807 1116/1116/1116 1084/1084/1084
f 1117/1117/1117 807/807/807 806/806/806
f 1117/1117/1117 806/806/806 1085/1085/1085
f 1085/1085/1085 1061/1061/1061 1118/1118/1118
f 528/528/528 835/835/835 1119/1119/1119
f 1120/1120/1120 1121/1121/1121 1038/1038/1038
f 1122/1122/1122 174/174/174 1123/1123/1123
f 1124/1124/1124 1078/1078/1078 1125/1125/1125
f 1126/1126/1126 1097/1097/1097 317/317/317
f 318/318/318 317/317/317 1097/1097/1097
f 980/980/980 1127/1127/1127 1128/1128/1128
f 1129/1129/1129 1098/1098/1098 1069/1069/1069
f 1015/1015/1015 1129/1129/1129 1069/1069/1069
f 1130/1130/1130 1131/1131/1131 1132/1132/1132
f 1044/1044/1044 1048/1048/1048 1133/1133/1133
f 561/561/561 484/484/484 917/917/917
f 1134/1134/1134 1027/1027/1027 1135/1135/1135
f 1032/1032/1032 1050/1050/1050 1111/1111/1111
f 1136/1136/1136 142/142/142 1137/1137/1137
f 1019/1019/1019 1138/1138/1138 985/985/985
f 1139/1139/1139 1114/1114/1114 1082/1082/1082
f 491/491/491 468/468/468 666/666/666
f 1115/1115/1115 1095/1095/1095 1057/1057/1057
f 1116/1116/1116 1115/1115/1115 1084/1084/1084
f 1118/1118/1118 1061/1061/1061 1140/1140/1140
f 1068/1068/1068 319/319/319 959/959/959
f 1141/1141/1141 1077/1077/1077 1062/1062/1062
f 1066/1066/1066 1141/1141/1141 1062/1062/1062
f 1142/1142/1142 1066/1066/1066 1037/1037/1037
f 1096/1096/1096 1120/1120/1120 1038/1038/1038
f 1143/1143/1143 1144/1144/1144 1145/1145/1145
f 1146/1146/1146 1147/1147/1147 1148/1148/1148
f 1149/1149/1149 317/317/317 1068/1068/1068
f 1149/1149/1149 1068/1068/1068 1128/1128/1128
f 979/979/979 1127/1127/1127 980/980/980
f 1102/1102/1102 1150/1150/1150 1079/1079/1079
f 1133/1133/1133 1102/1102/1102 1044/1044/1044
f 1048/1048/1048 1049/1049/1049 1151/1151/1151
f 1049/1049/1049 1026/1026/1026 1152/1152/1152
f 975/975/975 1135/1135/1135 1027/1027/1027
f 975/975/975 1153/1153/1153 1135/1135/1135
f 1154/1154/1154 1155/1155/1155 1156/1156/1156
f 1157/1157/1157 1158/1158/1158 942/942/942
f 1159/1159/1159 1160/1160/1160 1161/1161/1161
f 1162/1162/1162 1163/1163/1163 1164/1164/1164
f 1050/1050/1050 1165/1165/1165 1166/1166/1166
f 31/31/31 1167/1167/1167 95/95/95
f 1168/1168/1168 1169/1169/1169 1170/1170/1170
f 80/80/80 1171/1171/1171 1172/1172/1172
f 1006/1006/1006 140/140/140 139/139/139
f 1114/1114/1114 1138/1138/1138 1019/1019/1019
f 1083/1083/1083 1139/1139/1139 1082/1082/1082
f 1173/1173/1173 1117/1117/1117 1118/1118/1118
f 1085/1085/1085 1118/1118/1118 1117/1117/1117
f 1140/1140/1140 1061/1061/1061 1174/1174/1174
f 1142/1142/1142 1121/1121/1121 1175/1175/1175
f 1124/1124/1124 1096/1096/1096 1078/1078/1078
f 1125/1125/1125 1039/1039/1039 1086/1086/1086
f 1176/1176/1176 1125/1125/1125 1086/1086/1086
f 1177/1177/1177 1178/1178/1178 1179/1179/1179
f 1087/1087/1087 1176/1176/1176 1086/1086/1086
f 778/778/778 780/780/780 749/749/749
f 829/829/829 828/828/828 800/800/800
f 1180/1180/1180 1098/1098/1098 1181/1181/1181
f 1129/1129/1129 1181/1181/1181 1098/1098/1098
f 1150/1150/1150 1129/1129/1129 1079/1079/1079
f 1151/1151/1151 1049/1049/1049 1152/1152/1152
f 1026/1026/1026 1134/1134/1134 1152/1152/1152
f 1153/1153/1153 1072/1072/1072 1182/1182/1182
f 306/306/306 434/434/434 322/322/322
f 985/985/985 1138/1138/1138 1094/1094/1094
f 1183/1183/1183 1184/1184/1184 1095/1095/1095
f 1095/1095/1095 1115/1115/1115 1183/1183/1183
f 688/688/688 626/626/626 400/400/400
f 1117/1117/1117 1185/1185/1185 807/807/807
f 1141/1141/1141 1174/1174/1174 1077/1077/1077
f 1039/1039/1039 1125/1125/1125 1078/1078/1078
f 1087/1087/1087 1067/1067/1067 942/942/942
f 1097/1097/1097 940/940/940 1067/1067/1067
f 1186/1186/1186 940/940/940 1126/1126/1126
f 1187/1187/1187 1126/1126/1126 317/317/317
f 1149/1149/1149 1187/1187/1187 317/317/317
f 1180/1180/1180 1127/1127/1127 979/979/979
f 1188/1188/1188 1189/1189/1189 1190/1190/1190
f 1191/1191/1191 1150/1150/1150 1102/1102/1102
f 1133/1133/1133 1191/1191/1191 1102/1102/1102
f 1192/1192/1192 1193/1193/1193 1194/1194/1194
f 1195/1195/1195 372/372/372 1196/1196/1196
f 1114/1114/1114 1197/1197/1197 1138/1138/1138
f 1198/1198/1198 1183/1183/1183 1115/1115/1115
f 1185/1185/1185 1116/1116/1116 807/807/807
f 1185/1185/1185 1117/1117/1117 1173/1173/1173
f 1199/1199/1199 1200/1200/1200 1201/1201/1201
f 1202/1202/1202 1174/1174/1174 1141/1141/1141
f 1203/1203/1203 1204/1204/1204 1205/1205/1205
f 1150/1150/1150 1181/1181/1181 1129/1129/1129
f 1206/1206/1206 1150/1150/1150 1191/1191/1191
f 1135/1135/1135 1153/1153/1153 1207/1207/1207
f 1208/1208/1208 1209/1209/1209 1210/1210/1210
f 718/718/718 720/720/720 523/523/523
f 300/300/300 1211/1211/1211 657/657/657
f 1212/1212/1212 1213/1213/1213 1214/1214/1214
f 1215/1215/1215 1216/1216/1216 1217/1217/1217
f 1218/1218/1218 1219/1219/1219 1220/1220/1220
f 1221/1221/1221 1222/1222/1222 1223/1223/1223
f 140/140/140 1094/1094/1094 1224/1224/1224
f 1225/1225/1225 1224/1224/1224 1094/1094/1094
f 1197/1197/1197 1225/1225/1225 1138/1138/1138
f 436/436/436 1226/1226/1226 437/437/437
f 1227/1227/1227 1202/1202/1202 1141/1141/1141
f 1228/1228/1228 1229/1229/1229 1230/1230/1230
f 1231/1231/1231 1232/1232/1232 1233/1233/1233
f 1234/1234/1234 1120/1120/1120 1096/1096/1096
f 1124/1124/1124 1234/1234/1234 1096/1096/1096
f 1180/1180/1180 1235/1235/1235 1127/1127/1127
f 1151/1151/1151 1152/1152/1152 1236/1236/1236
f 1134/1134/1134 1237/1237/1237 1152/1152/1152
f 1109/1109/1109 74/74/74 73/73/73
f 1238/1238/1238 1239/1239/1239 1240/1240/1240
f 1241/1241/1241 1197/1197/1197 1114/1114/1114
f 1139/1139/1139 1241/1241/1241 1114/1114/1114
f 1242/1242/1242 1243/1243/1243 1244/1244/1244
f 1245/1245/1245 1139/1139/1139 1184/1184/1184
f 1173/1173/1173 1246/1246/1246 1185/1185/1185
f 1120/1120/1120 46/46/46 1175/1175/1175
f 1247/1247/1247 1248/1248/1248 1249/1249/1249
f 1250/1250/1250 1251/1251/1251 1252/1252/1252
f 1253/1253/1253 1149/1149/1149 1254/1254/1254
f 1206/1206/1206 1181/1181/1181 1150/1150/1150
f 1255/1255/1255 1237/1237/1237 1134/1134/1134
f 1256/1256/1256 1257/1257/1257 1258/1258/1258
f 1111/1111/1111 74/74/74 1109/1109/1109
f 775/775/775 935/935/935 886/886/886
f 835/835/835 834/834/834 1259/1259/1259
f 1245/1245/1245 1241/1241/1241 1139/1139/1139
f 1116/1116/1116 1185/1185/1185 1260/1260/1260
f 1260/1260/1260 1185/1185/1185 1246/1246/1246
f 1074/1074/1074 1261/1261/1261 1262/1262/1262
f 1263/1263/1263 1056/1056/1056 1264/1264/1264
f 482/482/482 481/481/481 1265/1265/1265
f 1175/1175/1175 1266/1266/1266 1142/1142/1142
f 1158/1158/1158 1108/1108/1108 1176/1176/1176
f 118/118/118 1267/1267/1267 116/116/116
f 842/842/842 786/786/786 1003/1003/1003
f 1186/1186/1186 1126/1126/1126 1187/1187/1187
f 1268/1268/1268 1187/1187/1187 1253/1253/1253
f 1269/1269/1269 725/725/725 724/724/724
f 1270/1270/1270 116/116/116 1271/1271/1271
f 1272/1272/1272 1191/1191/1191 1133/1133/1133
f 1273/1273/1273 1255/1255/1255 1207/1207/1207
f 1166/1166/1166 1274/1274/1274 1111/1111/1111
f 1097/1097/1097 1126/1126/1126 940/940/940
f 1275/1275/1275 1245/1245/1245 1184/1184/1184
f 1276/1276/1276 1277/1277/1277 1278/1278/1278
f 1266/1266/1266 1279/1279/1279 1227/1227/1227
f 46/46/46 1120/1120/1120 1234/1234/1234
f 1125/1125/1125 1108/1108/1108 1124/1124/1124
f 1280/1280/1280 1281/1281/1281 584/584/584
f 1268/1268/1268 1186/1186/1186 1187/1187/1187
f 1149/1149/1149 1253/1253/1253 1187/1187/1187
f 1282/1282/1282 1253/1253/1253 1254/1254/1254
f 1282/1282/1282 1254/1254/1254 1127/1127/1127
f 1235/1235/1235 1282/1282/1282 1127/1127/1127
f 1283/1283/1283 1235/1235/1235 1284/1284/1284
f 1180/1180/1180 1284/1284/1284 1235/1235/1235
f 1285/1285/1285 1284/1284/1284 1181/1181/1181
f 62/62/62 1286/1286/1286 1287/1287/1287
f 1285/1285/1285 1181/1181/1181 1206/1206/1206
f 1288/1288/1288 1285/1285/1285 1206/1206/1206
f 1272/1272/1272 1288/1288/1288 1191/1191/1191
f 1133/1133/1133 1151/1151/1151 1289/1289/1289
f 1290/1290/1290 1291/1291/1291 1292/1292/1292
f 1293/1293/1293 464/1294/464 1294/1295/1294
f 1295/1296/1295 1296/1297/1296 1297/1298/1297
f 615/615/615 1298/1299/1298 616/616/616
f 1299/1300/1299 1300/1301/1300 1301/1302/1301
f 1302/1303/1302 1303/1304/1303 1304/1305/1304
f 1305/1306/1305 1225/1225/1225 1306/1307/1306
f 982/982/982 984/984/984 1307/1308/1307
f 1246/1246/1246 1173/1173/1173 559/559/559
f 1308/1309/1308 593/593/593 1309/1310/1309
f 1239/1239/1239 1186/1186/1186 1268/1268/1268
f 1282/1282/1282 1235/1235/1235 1310/1311/1310
f 1311/1312/1311 1312/1313/1312 1313/1314/1313
f 1314/1315/1314 1315/1316/1315 1316/1317/1316
f 1274/1274/1274 74/74/74 1111/1111/1111
f 1317/1318/1317 1274/1274/1274 1166/1166/1166
f 1318/1319/1318 1317/1318/1317 1166/1166/1166
f 1319/1320/1319 918/918/918 138/138/138
f 1100/1100/1100 1099/1099/1099 1224/1224/1224
f 1320/1321/1320 1100/1100/1100 1305/1306/1305
f 1321/1322/1321 1306/1307/1306 1197/1197/1197
f 1241/1241/1241 1245/1245/1245 1321/1322/1321
f 1322/1323/1322 1321/1322/1321 1245/1245/1245
f 1275/1275/1275 1322/1323/1322 1245/1245/1245
f 1323/1324/1323 1324/1325/1324 1325/1326/1325
f 435/435/435 1326/1327/1326 1327/1328/1327
f 1328/1329/1328 1329/1330/1329 1330/1331/1330
f 1329/1330/1329 1174/1174/1174 1202/1202/1202
f 612/612/612 1331/1332/1331 613/613/613
f 1332/1333/1332 1333/1334/1333 1334/1335/1334
f 1239/1239/1239 941/941/941 1186/1186/1186
f 1282/1282/1282 1335/1336/1335 1253/1253/1253
f 1336/1337/1336 1337/1338/1337 1338/1339/1338
f 1339/1340/1339 527/527/527 1340/1341/1340
f 1099/1099/1099 1319/1320/1319 138/138/138
f 1341/1342/1341 1342/1343/1342 1343/1344/1343
f 140/140/140 1224/1224/1224 138/138/138
f 1344/1345/1344 559/559/559 1173/1173/1173
f 1345/1346/1345 1344/1345/1344 1346/1347/1346
f 1347/1348/1347 1348/1349/1348 1349/1350/1349
f 941/941/941 1239/1239/1239 1350/1351/1350
f 1335/1336/1335 1268/1268/1268 1253/1253/1253
f 1285/1285/1285 1351/1352/1351 1284/1284/1284
f 1352/1353/1352 72/72/72 74/74/74
f 1274/1274/1274 1352/1353/1352 74/74/74
f 1317/1318/1317 1353/1354/1353 1274/1274/1274
f 534/534/534 182/1355/182 532/532/532
f 1354/1356/1354 1355/1357/1355 1356/1358/1356
f 1357/1359/1357 1358/1360/1358 1088/1361/1088
f 1275/1275/1275 1359/1362/1359 1322/1323/1322
f 1140/1140/1140 1329/1330/1329 1345/1346/1345
f 1360/1363/1360 299/299/299 349/349/349
f 1107/1107/1107 1234/1234/1234 1124/1124/1124
f 1106/1106/1106 1108/1108/1108 1158/1158/1158
f 1361/1364/1361 1106/1106/1106 1158/1158/1158
f 1362/1365/1362 1363/1366/1363 1364/1367/1364
f 1350/1351/1350 1157/1157/1157 941/941/941
f 1310/1311/1310 1335/1336/1335 1282/1282/1282
f 1351/1352/1351 1283/1283/1283 1284/1284/1284
f 1365/1368/1365 1351/1352/1351 1285/1285/1285
f 1288/1288/1288 1365/1368/1365 1285/1285/1285
f 550/550/550 1366/1369/1366 1367/1370/1367
f 199/199/199 1368/1371/1368 1369/1372/1369
f 1370/1373/1370 1371/1374/1371 1372/1375/1372
f 1373/1376/1373 1374/1377/1374 1145/1145/1145
f 1375/1378/1375 1376/1379/1376 1160/1160/1160
f 1160/1160/1160 1255/1255/1255 1273/1273/1273
f 1377/1380/1377 1378/1381/1378 1182/1182/1182
f 1379/1382/1379 1380/1383/1380 1381/1384/1381
f 1353/1354/1353 1352/1353/1352 1274/1274/1274
f 1382/1385/1382 1383/1386/1383 1384/1387/1384
f 1318/1319/1318 1385/1388/1385 1317/1318/1317
f 1386/1389/1386 1387/1390/1387 1319/1320/1319
f 918/918/918 1319/1320/1319 1387/1390/1387
f 1388/1391/1388 1358/1360/1358 1389/1392/1389
f 1246/1246/1246 1390/1393/1390 1260/1260/1260
f 1345/1346/1345 1328/1329/1328 1391/1394/1391
f 1392/1395/1392 1189/1189/1189 1393/1396/1393
f 212/212/212 1394/1397/1394 144/144/144
f 1376/1379/1376 1395/1398/1395 1237/1237/1237
f 1396/1399/1396 72/72/72 1397/1400/1397
f 1118/1118/1118 1346/1347/1346 1173/1173/1173
f 1387/1390/1387 1318/1319/1318 918/918/918
f 1398/1401/1398 1257/1257/1257 1256/1256/1256
f 1399/1402/1399 1319/1320/1319 1099/1099/1099
f 1320/1321/1320 1101/1101/1101 1100/1100/1100
f 1305/1306/1305 1306/1307/1306 1400/1403/1400
f 1401/1404/1401 1402/1405/1402 1218/1218/1218
f 563/563/563 467/467/467 491/491/491
f 916/916/916 1403/1406/1403 1390/1393/1390
f 561/561/561 1390/1393/1390 1246/1246/1246
f 1404/1407/1404 559/559/559 1344/1345/1344
f 1405/1408/1405 1406/1409/1406 1407/1410/1407
f 45/45/45 1279/1279/1279 1266/1266/1266
f 792/792/792 1408/1411/1408 1409/1412/1409
f 988/988/988 1410/1413/1410 1411/1414/1411
f 903/903/903 1107/1107/1107 1106/1106/1106
f 1412/1415/1412 1361/1364/1361 1157/1157/1157
f 1412/1415/1412 1157/1157/1157 1350/1351/1350
f 1413/1416/1413 1414/1417/1414 1415/1418/1415
f 1335/1336/1335 1310/1311/1310 1416/1419/1416
f 1310/1311/1310 1283/1283/1283 1417/1420/1417
f 1418/1421/1418 1419/1422/1419 1420/1423/1420
f 1421/1424/1421 1283/1283/1283 1351/1352/1351
f 1422/1425/1422 1421/1424/1421 1351/1352/1351
f 1422/1425/1422 1351/1352/1351 1365/1368/1365
f 1423/1426/1423 1365/1368/1365 1288/1288/1288
f 1424/1427/1424 1423/1426/1423 1272/1272/1272
f 1288/1288/1288 1272/1272/1272 1423/1426/1423
f 1424/1427/1424 1272/1272/1272 1425/1428/1425
f 1426/1429/1426 1427/1430/1427 1223/1223/1223
f 1428/1431/1428 1429/1432/1429 1430/1433/1430
f 1431/1434/1431 1432/1435/1432 1433/1436/1433
f 1434/1437/1434 1435/1438/1435 1376/1379/1376
f 783/783/783 678/678/678 701/701/701
f 1436/1439/1436 1437/1440/1437 1161/1161/1161
f 1396/1399/1396 1437/1440/1437 1436/1439/1436
f 1438/1441/1438 1380/1383/1380 1439/1442/1439
f 1385/1388/1385 1440/1443/1440 1317/1318/1317
f 1441/1444/1441 1442/1445/1442 548/548/548
f 1443/1446/1443 1444/1447/1444 1445/1448/1445
f 1446/1449/1446 1447/1450/1447 1448/1451/1448
f 1399/1402/1399 1386/1389/1386 1319/1320/1319
f 1399/1402/1399 1101/1101/1101 1449/1452/1449
f 1305/1306/1305 1450/1453/1450 1320/1321/1320
f 1403/1406/1403 1359/1362/1359 1451/1454/1451
f 1452/1455/1452 1453/1456/1453 1454/1457/1454
f 916/916/916 1390/1393/1390 917/917/917
f 559/559/559 561/561/561 1246/1246/1246
f 1455/1458/1455 1404/1407/1404 1391/1394/1391
f 1456/1459/1456 1457/1460/1457 1458/1461/1458
f 1330/1331/1330 1459/1462/1459 1328/1329/1328
f 975/975/975 1073/1073/1073 1153/1153/1153
f 1460/1463/1460 1279/1279/1279 45/45/45
f 1461/1464/1461 1462/1465/1462 1234/1234/1234
f 1107/1107/1107 1461/1464/1461 1234/1234/1234
f 1461/1464/1461 1107/1107/1107 903/903/903
f 469/469/469 411/411/411 670/670/670
f 1440/1443/1440 1353/1354/1353 1317/1318/1317
f 784/784/784 180/180/180 1171/1171/1171
f 821/821/821 1463/1466/1463 822/822/822
f 560/560/560 559/559/559 1404/1407/1404
f 1106/1106/1106 1361/1364/1361 901/901/901
f 890/890/890 133/133/133 1464/1467/1464
f 394/394/394 396/396/396 1465/1468/1465
f 1238/1238/1238 1466/1469/1466 1239/1239/1239
f 1467/1470/1467 1468/1471/1468 1469/1472/1469
f 1470/1473/1470 1471/1474/1471 1327/1328/1327
f 293/293/293 1402/1405/1402 1472/1475/1472
f 1473/1476/1473 1396/1399/1396 1397/1400/1397
f 1353/1354/1353 1474/1477/1474 1352/1353/1352
f 1475/1478/1475 1476/1479/1476 1477/1480/1477
f 1478/1481/1478 1385/1388/1385 1387/1390/1387
f 1479/1482/1479 1480/1483/1480 1481/1484/1481
f 1386/1389/1386 1478/1481/1478 1387/1390/1387
f 1482/1485/1482 1483/1486/1483 1484/1487/1484
f 917/917/917 1390/1393/1390 561/561/561
f 1389/1392/1389 1358/1360/1358 1485/1488/1485
f 1486/1489/1486 1487/1490/1487 1488/1491/1488
f 1484/1487/1484 1489/1492/1489 1482/1485/1482
f 1490/1493/1490 1491/1494/1491 1492/1495/1492
f 1493/1496/1493 1494/1497/1494 864/864/864
f 1495/1498/1495 43/43/43 42/42/42
f 1145/1145/1145 1496/1499/1496 1497/1500/1497
f 1180/1180/1180 979/979/979 1098/1098/1098
f 1498/1501/1498 1422/1425/1422 1365/1368/1365
f 1423/1426/1423 1498/1501/1498 1365/1368/1365
f 1499/1502/1499 1467/1470/1467 1500/1503/1500
f 1376/1379/1376 1375/1378/1375 1434/1437/1434
f 1352/1353/1352 1474/1477/1474 1397/1400/1397
f 1501/1504/1501 1440/1443/1440 1385/1388/1385
f 1478/1481/1478 1501/1504/1501 1385/1388/1385
f 1399/1402/1399 1449/1452/1449 1502/1505/1502
f 751/751/751 1503/1506/1503 697/697/697
f 1504/1507/1504 1505/1508/1505 1506/1509/1506
f 1507/1510/1507 1400/1403/1400 1306/1307/1306
f 1508/1511/1508 1507/1510/1507 1322/1323/1322
f 1509/1512/1509 1510/1513/1510 1511/1514/1511
f 561/561/561 560/560/560 484/484/484
f 749/749/749 553/553/553 554/554/554
f 1279/1279/1279 1460/1463/1460 1512/1515/1512
f 1513/1516/1513 1460/1463/1460 47/47/47
f 1514/1517/1514 1515/1518/1515 1516/1519/1516
f 480/480/480 1517/1520/1517 1518/1521/1518
f 1519/1522/1519 47/47/47 1462/1465/1462
f 1461/1464/1461 1519/1522/1519 1462/1465/1462
f 1350/1351/1350 1466/1469/1466 425/425/425
f 79/79/79 1421/1424/1421 1422/1425/1422
f 79/79/79 1422/1425/1422 1520/1523/1520
f 1521/1524/1521 1498/1501/1498 1423/1426/1423
f 1522/1525/1522 607/607/607 1523/1526/1523
f 1521/1524/1521 1423/1426/1423 1424/1427/1424
f 1524/1527/1524 1426/1429/1426 1525/1528/1525
f 1383/1386/1383 195/195/195 1526/1529/1526
f 1527/1530/1527 1528/1531/1528 1529/1532/1529
f 175/175/175 177/177/177 285/285/285
f 1530/1533/1530 1449/1452/1449 1320/1321/1320
f 1359/1362/1359 1531/1534/1531 1322/1323/1322
f 1532/1535/1532 1533/1536/1533 1534/1537/1534
f 1535/1538/1535 1536/1539/1536 1374/1377/1374
f 1537/1540/1537 1538/1541/1538 1455/1458/1455
f 1104/1104/1104 1476/1479/1476 1539/1542/1539
f 1540/1543/1540 1259/1259/1259 1347/1348/1347
f 572/572/572 1541/1544/1541 573/573/573
f 1542/1545/1542 1519/1522/1519 1461/1464/1461
f 1542/1545/1542 1461/1464/1461 903/903/903
f 1412/1415/1412 901/901/901 1361/1364/1361
f 1543/1546/1543 1339/1340/1339 1544/1547/1544
f 1521/1524/1521 1545/1548/1545 1546/1549/1546
f 1435/1438/1435 1434/1437/1434 1545/1548/1545
f 1424/1427/1424 1545/1548/1545 1521/1524/1521
f 1159/1159/1159 1547/1550/1547 1160/1160/1160
f 1353/1354/1353 1548/1551/1548 1474/1477/1474
f 1478/1481/1478 1386/1389/1386 1549/1552/1549
f 1550/1553/1550 266/266/266 1551/1554/1551
f 1552/1555/1552 1400/1403/1400 1507/1510/1507
f 1359/1362/1359 916/916/916 1553/1556/1553
f 1554/1557/1554 1555/1558/1555 1556/1559/1556
f 1557/1560/1557 1354/1356/1354 1316/1317/1316
f 1513/1516/1513 1010/1010/1010 1460/1463/1460
f 47/47/47 1558/1561/1558 1513/1516/1513
f 355/355/355 1559/1562/1559 1560/1563/1560
f 1561/1564/1561 1562/1565/1562 1563/1566/1563
f 1332/1333/1332 1564/1567/1564 1333/1334/1333
f 1412/1415/1412 1350/1351/1350 425/425/425
f 1455/1458/1455 1391/1394/1391 1565/1568/1565
f 1453/1456/1453 1566/1569/1566 1567/1570/1567
f 1568/1571/1568 1569/1572/1569 1159/1159/1159
f 1568/1571/1568 1159/1159/1159 1437/1440/1437
f 1473/1476/1473 1568/1571/1568 1437/1440/1437
f 1570/1573/1570 1571/1574/1571 118/118/118
f 1440/1443/1440 1548/1551/1548 1353/1354/1353
f 1572/1575/1572 1501/1504/1501 1573/1576/1573
f 209/209/209 262/262/262 306/306/306
f 1101/1101/1101 1320/1321/1320 1449/1452/1449
f 1450/1453/1450 1574/1577/1574 1320/1321/1320
f 1575/1578/1575 1576/1579/1576 1577/1580/1577
f 114/114/114 113/113/113 164/164/164
f 915/915/915 917/917/917 1578/1581/1578
f 1538/1541/1538 1579/1582/1579 1455/1458/1455
f 894/894/894 1580/1583/1580 1581/1584/1581
f 1582/1585/1582 1466/1469/1466 1238/1238/1238
f 373/373/373 1582/1585/1582 1238/1238/1238
f 79/79/79 78/78/78 1417/1420/1417
f 434/434/434 375/375/375 460/460/460
f 1421/1424/1421 79/79/79 1417/1420/1417
f 1498/1501/1498 1520/1523/1520 1422/1425/1422
f 1546/1549/1546 1520/1523/1520 1521/1524/1521
f 1498/1501/1498 1521/1524/1521 1520/1523/1520
f 1545/1548/1545 1434/1437/1434 1583/1586/1583
f 1151/1151/1151 1133/1133/1133 1048/1048/1048
f 1584/1587/1584 1434/1437/1434 1375/1378/1375
f 1585/1588/1585 1586/1589/1586 1587/1590/1587
f 1547/1550/1547 1375/1378/1375 1160/1160/1160
f 1569/1572/1569 1547/1550/1547 1159/1159/1159
f 1474/1477/1474 1588/1591/1588 1397/1400/1397
f 1502/1505/1502 1549/1552/1549 1386/1389/1386
f 1589/1592/1589 1552/1555/1552 1508/1511/1508
f 1537/1540/1537 1565/1568/1565 1590/1593/1590
f 942/942/942 1067/1067/1067 940/940/940
f 1542/1545/1542 903/903/903 902/902/902
f 1591/1594/1591 901/901/901 1412/1415/1412
f 425/425/425 1591/1594/1591 1412/1415/1412
f 1583/1586/1583 1546/1549/1546 1545/1548/1545
f 1592/1595/1592 1593/1596/1593 1568/1571/1568
f 1473/1476/1473 1592/1595/1592 1568/1571/1568
f 443/443/443 1594/1597/1594 441/441/441
f 1595/1598/1595 1596/1599/1596 1597/1600/1597
f 1548/1551/1548 1588/1591/1588 1474/1477/1474
f 1598/1601/1598 1548/1551/1548 1440/1443/1440
f 1501/1504/1501 1598/1601/1598 1440/1443/1440
f 1599/1602/1599 1600/1603/1600 1601/1604/1601
f 1602/1605/1602 419/419/419 418/418/418
f 1603/1606/1603 1604/1607/1604 403/403/403
f 1574/1577/1574 1530/1533/1530 1320/1321/1320
f 1553/1556/1553 1605/1608/1605 1531/1534/1531
f 920/920/920 1606/1609/1606 1607/1610/1607
f 1054/1054/1054 1575/1578/1575 1055/1055/1055
f 1608/1611/1608 1469/1472/1469 1468/1471/1468
f 1609/1612/1609 38/38/38 1610/1613/1610
f 1519/1522/1519 1558/1561/1558 47/47/47
f 1611/1614/1611 1519/1522/1519 1542/1545/1542
f 1612/1615/1612 1613/1616/1613 1614/1617/1614
f 1615/1618/1615 425/425/425 1466/1469/1466
f 373/373/373 1416/1419/1416 78/78/78
f 1375/1378/1375 1547/1550/1547 1584/1587/1584
f 1598/1601/1598 1616/1619/1616 1548/1551/1548
f 1572/1575/1572 1598/1601/1598 1501/1504/1501
f 1617/1620/1617 1502/1505/1502 1618/1621/1618
f 1618/1621/1618 1502/1505/1502 1449/1452/1449
f 1619/1622/1619 1450/1453/1450 1620/1623/1620
f 1552/1555/1552 1621/1624/1621 1620/1623/1620
f 1622/1625/1622 1623/1626/1623 1144/1144/1144
f 1011/1011/1011 1010/1010/1010 1513/1516/1513
f 1611/1614/1611 1558/1561/1558 1519/1522/1519
f 1591/1594/1591 902/902/902 901/901/901
f 1582/1585/1582 1615/1618/1615 1466/1469/1466
f 79/79/79 1520/1523/1520 1171/1171/1171
f 785/785/785 1546/1549/1546 1583/1586/1583
f 1624/1627/1624 1584/1587/1584 1547/1550/1547
f 514/514/514 1625/1628/1625 515/515/515
f 1593/1596/1593 1624/1627/1624 1569/1572/1569
f 1569/1572/1569 1568/1571/1568 1593/1596/1593
f 1588/1591/1588 694/694/694 1626/1629/1626
f 1627/1630/1627 1628/1631/1628 148/148/148
f 1616/1619/1616 1588/1591/1588 1548/1551/1548
f 1530/1533/1530 1574/1577/1574 1629/1632/1629
f 1619/1622/1619 1574/1577/1574 1450/1453/1450
f 1400/1403/1400 1620/1623/1620 1450/1453/1450
f 1627/1630/1627 148/148/148 1579/1582/1579
f 1357/1359/1357 1630/1633/1630 1631/1634/1631
f 1611/1614/1611 1542/1545/1542 1632/1635/1632
f 1633/1636/1633 1045/1045/1045 1634/1637/1634
f 1629/1632/1629 1618/1621/1618 1530/1533/1530
f 1635/1638/1635 1636/1639/1636 1637/1640/1637
f 1589/1592/1589 1638/1641/1638 1621/1624/1621
f 1638/1641/1638 1639/1642/1639 1640/1643/1640
f 915/915/915 1641/1644/1641 1553/1556/1553
f 147/147/147 1483/1486/1483 1578/1581/1578
f 1459/1462/1459 1590/1593/1590 1565/1568/1565
f 1642/1645/1642 1643/1646/1643 1590/1593/1590
f 1009/1009/1009 1642/1645/1642 1644/1647/1644
f 35/35/35 530/530/530 1645/1648/1645
f 424/424/424 1591/1594/1591 425/425/425
f 1381/1384/1381 1646/1649/1646 1647/1650/1647
f 426/426/426 425/425/425 1615/1618/1615
f 1648/1651/1648 1146/1146/1146 1649/1652/1649
f 512/512/512 1650/1653/1650 1651/1654/1651
f 80/80/80 79/79/79 1171/1171/1171
f 1652/1655/1652 1653/1656/1653 1123/1123/1123
f 1654/1657/1654 1583/1586/1583 1584/1587/1584
f 1624/1627/1624 1654/1657/1654 1584/1587/1584
f 1655/1658/1655 631/631/631 1656/1659/1656
f 1593/1596/1593 1592/1595/1592 1657/1660/1657
f 1592/1595/1592 1473/1476/1473 1626/1629/1626
f 1130/1661/1130 1658/1662/1658 1659/1663/1659
f 229/229/229 1348/1349/1348 1660/1664/1660
f 1598/1601/1598 1342/1343/1342 1616/1619/1616
f 1661/1665/1661 874/874/874 771/771/771
f 54/54/54 95/95/95 1167/1167/1167
f 1619/1622/1619 1629/1632/1629 1574/1577/1574
f 1662/1666/1662 1605/1608/1605 1663/1667/1663
f 1664/1668/1664 756/756/756 1665/1669/1665
f 1643/1646/1643 1538/1541/1538 1537/1540/1537
f 1487/1490/1487 1011/1011/1011 1513/1516/1513
f 628/628/628 754/754/754 629/629/629
f 1558/1561/1558 1611/1614/1611 1666/1670/1666
f 902/902/902 1591/1594/1591 1667/1671/1667
f 1668/1672/1668 1669/1673/1669 1670/1674/1670
f 1582/1585/1582 1671/1675/1671 1615/1618/1615
f 1672/1676/1672 1673/1677/1673 1674/1678/1674
f 1572/1575/1572 1342/1343/1342 1598/1601/1598
f 1675/1679/1675 1676/1680/1676 1677/1681/1677
f 1678/1682/1678 1619/1622/1619 1620/1623/1620
f 1621/1624/1621 1678/1682/1678 1620/1623/1620
f 1679/1683/1679 1301/1302/1301 1300/1301/1300
f 902/902/902 1667/1671/1667 1632/1635/1632
f 1680/1684/1680 1681/1685/1681 1682/1686/1682
f 374/374/374 1683/1687/1683 373/373/373
f 1684/1688/1684 1685/1689/1685 1686/1690/1686
f 1593/1596/1593 1687/1691/1687 1624/1627/1624
f 695/695/695 694/694/694 1616/1619/1616
f 1342/1343/1342 695/695/695 1616/1619/1616
f 1618/1621/1618 609/609/609 1617/1620/1617
f 1688/1692/1688 1689/1693/1689 1690/1694/1690
f 144/144/144 1394/1397/1394 87/87/87
f 1638/1641/1638 1691/1695/1691 1621/1624/1621
f 1692/1696/1692 1693/1697/1693 1694/1698/1694
f 494/494/494 670/670/670 411/411/411
f 149/149/149 148/148/148 1628/1631/1628
f 1236/1236/1236 1289/1289/1289 1151/1151/1151
f 1628/1631/1628 1627/1630/1627 1695/1699/1695
f 1696/1700/1696 1538/1541/1538 1643/1646/1643
f 1697/1701/1697 1696/1700/1696 1643/1646/1643
f 1642/1645/1642 1697/1701/1697 1643/1646/1643
f 1558/1561/1558 1487/1490/1487 1513/1516/1513
f 1666/1670/1666 1611/1614/1611 1632/1635/1632
f 424/424/424 1667/1671/1667 1591/1594/1591
f 1076/1076/1076 1324/1325/1324 1074/1074/1074
f 1683/1687/1683 1671/1675/1671 1582/1585/1582
f 1045/1045/1045 1047/1047/1047 984/984/984
f 1654/1657/1654 1670/1674/1670 785/785/785
f 1687/1691/1687 1654/1657/1654 1624/1627/1624
f 1698/1702/1698 1699/1703/1699 1700/1704/1700
f 1701/1705/1701 1702/1706/1702 1703/1707/1703
f 1190/1190/1190 1704/1708/1704 1705/1709/1705
f 1342/1343/1342 1572/1575/1572 1706/1710/1706
f 912/912/912 1573/1576/1573 1549/1552/1549
f 1617/1620/1617 912/912/912 1549/1552/1549
f 1691/1695/1691 1678/1682/1678 1621/1624/1621
f 1707/1711/1707 1641/1644/1641 1708/1712/1708
f 1709/1713/1709 557/557/557 1001/1001/1001
f 1538/1541/1538 1695/1699/1695 1627/1630/1627
f 1710/1714/1710 1697/1701/1697 1642/1645/1642
f 1596/1599/1596 669/669/669 668/668/668
f 1009/1009/1009 1710/1714/1710 1642/1645/1642
f 214/214/214 388/388/388 292/292/292
f 1711/1715/1711 1487/1490/1487 1666/1670/1666
f 1525/1528/1525 1712/1716/1712 1524/1527/1524
f 1713/1717/1713 1714/1718/1714 1715/1719/1715
f 1716/1720/1716 1717/1721/1717 1593/1596/1593
f 848/848/848 1626/1629/1626 694/694/694
f 1718/1722/1718 437/437/437 1719/1723/1719
f 911/911/911 1706/1710/1706 1573/1576/1573
f 912/912/912 911/911/911 1573/1576/1573
f 1720/1724/1720 1721/1725/1721 1722/1726/1722
f 1619/1622/1619 1678/1682/1678 1723/1727/1723
f 1724/1728/1724 153/153/153 152/152/152
f 1725/1729/1725 153/153/153 1296/1297/1296
f 1641/1644/1641 1483/1486/1483 1708/1712/1708
f 1696/1700/1696 1695/1699/1695 1538/1541/1538
f 339/339/339 1726/1730/1726 1727/1731/1727
f 1728/1732/1728 1509/1512/1509 1667/1671/1667
f 426/426/426 1728/1732/1728 424/424/424
f 1729/1733/1729 1730/1734/1730 1731/1735/1731
f 850/850/850 929/929/929 945/945/945
f 180/180/180 1172/1172/1172 1171/1171/1171
f 1626/1629/1626 848/848/848 1657/1660/1657
f 1732/1736/1732 1733/1737/1733 1659/1663/1659
f 1573/1576/1573 1706/1710/1706 1572/1575/1572
f 1734/1738/1734 1723/1727/1723 589/589/589
f 1735/1739/1735 1736/1740/1736 1737/1741/1737
f 1663/1667/1663 1738/1742/1738 1639/1642/1639
f 1588/1591/1588 1616/1619/1616 694/694/694
f 426/426/426 1615/1618/1615 1739/1743/1739
f 132/132/132 134/134/134 1740/1744/1740
f 1741/1745/1741 178/178/178 1670/1674/1670
f 1670/1674/1670 178/178/178 785/785/785
f 1670/1674/1670 1654/1657/1654 1668/1672/1668
f 1668/1672/1668 1654/1657/1654 1687/1691/1687
f 1742/1746/1742 1743/1747/1743 1744/1748/1744
f 1745/1749/1745 1746/1750/1746 1747/1751/1747
f 1748/1752/1748 1749/1753/1749 1750/1754/1750
f 1751/1755/1751 1752/1756/1752 1753/1757/1753
f 1754/1758/1754 879/879/879 1755/1759/1755
f 1707/1711/1707 395/395/395 1756/1760/1756
f 395/395/395 1708/1712/1708 1757/1761/1757
f 1758/1762/1758 149/149/149 1759/1763/1759
f 1760/1764/1760 1628/1631/1628 1761/1765/1761
f 1628/1631/1628 1695/1699/1695 1761/1765/1761
f 1696/1700/1696 1762/1766/1762 1695/1699/1695
f 1232/1232/1232 1697/1701/1697 1710/1714/1710
f 1009/1009/1009 1011/1011/1011 1763/1767/1763
f 1764/1768/1764 1765/1769/1765 1304/1305/1304
f 1739/1743/1739 1671/1675/1671 1766/1770/1766
f 1683/1687/1683 1766/1770/1766 1671/1675/1671
f 923/923/923 1767/1771/1767 1768/1772/1768
f 374/374/374 1769/1773/1769 1683/1687/1683
f 1770/1774/1770 374/374/374 80/80/80
f 1172/1172/1172 1770/1774/1770 80/80/80
f 1771/1775/1771 1772/1776/1772 1773/1777/1773
f 1774/1778/1774 1775/1779/1775 1113/1113/1113
f 1776/1780/1776 1777/1781/1777 1778/1782/1778
f 1779/1783/1779 1780/1784/1780 64/64/64
f 1706/1710/1706 1343/1344/1343 1342/1343/1342
f 255/255/255 1781/1785/1781 253/253/253
f 590/590/590 1678/1682/1678 1691/1695/1691
f 1782/1786/1782 1736/1740/1736 1783/1787/1783
f 1482/1485/1482 1757/1761/1757 1708/1712/1708
f 1484/1487/1484 1784/1788/1784 1489/1492/1489
f 1231/1231/1231 1696/1700/1696 1697/1701/1697
f 1231/1231/1231 1762/1766/1762 1696/1700/1696
f 1785/1789/1785 1763/1767/1763 1786/1790/1786
f 1487/1490/1487 1486/1489/1486 1011/1011/1011
f 1632/1635/1632 1787/1791/1787 1666/1670/1666
f 1728/1732/1728 1788/1792/1788 1510/1513/1510
f 1789/1793/1789 29/29/29 28/28/28
f 1770/1774/1770 1769/1773/1769 374/374/374
f 180/180/180 179/179/179 1172/1172/1172
f 1790/1794/1790 1791/1795/1791 1792/1796/1792
f 178/178/178 1741/1745/1741 179/179/179
f 1687/1691/1687 1593/1596/1593 1717/1721/1717
f 1793/1797/1793 1722/1726/1722 1794/1798/1794
f 695/695/695 1341/1342/1341 693/693/693
f 1341/1342/1341 695/695/695 1342/1343/1342
f 1795/1799/1795 1796/1800/1796 1797/1801/1797
f 1798/1802/1798 136/136/136 135/135/135
f 1799/1803/1799 1800/1804/1800 1801/1805/1801
f 1762/1766/1762 1761/1765/1761 1695/1699/1695
f 1232/1232/1232 1231/1231/1231 1697/1701/1697
f 77/77/77 76/76/76 119/119/119
f 1802/1806/1802 1803/1807/1803 1743/1747/1743
f 426/426/426 1788/1792/1788 1728/1732/1728
f 1172/1172/1172 1804/1808/1804 1770/1774/1770
f 1717/1721/1717 1668/1672/1668 1687/1691/1687
f 848/848/848 1805/1809/1805 1716/1720/1716
f 693/693/693 1805/1809/1805 848/848/848
f 404/404/404 1806/1810/1806 402/402/402
f 1807/1811/1807 1808/1812/1808 1809/1813/1809
f 1706/1710/1706 1810/1814/1810 1343/1344/1343
f 911/911/911 1810/1814/1810 1706/1710/1706
f 913/913/913 1811/1815/1811 911/911/911
f 611/611/611 913/913/913 912/912/912
f 1640/1643/1640 1812/1816/1812 1638/1641/1638
f 394/394/394 1813/1817/1813 1738/1742/1738
f 961/961/961 1739/1743/1739 1766/1770/1766
f 1766/1770/1766 1769/1773/1769 962/962/962
f 179/179/179 1804/1808/1804 1172/1172/1172
f 1814/1818/1814 611/611/611 610/610/610
f 590/590/590 88/88/88 588/588/588
f 613/613/613 1331/1332/1331 1815/1819/1815
f 1757/1761/1757 396/396/396 395/395/395
f 1816/1820/1816 7/7/7 1817/1821/1817
f 1818/1822/1818 1761/1765/1761 1762/1766/1762
f 1321/1322/1321 1197/1197/1197 1241/1241/1241
f 1486/1489/1486 1786/1790/1786 1763/1767/1763
f 1711/1715/1711 1488/1491/1488 1487/1490/1487
f 165/165/165 205/205/205 243/243/243
f 429/429/429 602/602/602 601/601/601
f 769/769/769 1819/1823/1819 1711/1715/1711
f 1787/1791/1787 769/769/769 1711/1715/1711
f 1820/1824/1820 1787/1791/1787 1509/1512/1509
f 1511/1514/1511 1820/1824/1820 1509/1512/1509
f 961/961/961 1428/1431/1428 1821/1825/1821
f 1739/1743/1739 961/961/961 1788/1792/1788
f 1822/1826/1822 40/40/40 189/189/189
f 1467/1470/1467 1469/1472/1469 1614/1617/1614
f 1717/1721/1717 1823/1827/1823 1668/1672/1668
f 1824/1828/1824 1825/1829/1825 449/449/449
f 1826/1830/1826 1827/1831/1827 1828/1832/1828
f 1421/1424/1421 1417/1420/1417 1283/1283/1283
f 1692/1696/1692 1829/1833/1829 1830/1834/1830
f 1811/1815/1811 1810/1814/1810 911/911/911
f 1814/1818/1814 913/913/913 611/611/611
f 1691/1695/1691 88/88/88 590/590/590
f 1831/1835/1831 1832/1836/1832 1833/1837/1833
f 89/89/89 1691/1695/1691 1812/1816/1812
f 183/183/183 1832/1836/1832 1834/1838/1834
f 1835/1839/1835 446/446/446 1836/1840/1836
f 492/492/492 1757/1761/1757 1489/1492/1489
f 1482/1485/1482 1489/1492/1489 1757/1761/1757
f 1818/1822/1818 1837/1841/1837 1761/1765/1761
f 1838/1842/1838 1818/1822/1818 1762/1766/1762
f 1231/1231/1231 1838/1842/1838 1762/1766/1762
f 1040/1040/1040 872/872/872 831/831/831
f 1839/1843/1839 1840/1844/1840 946/946/946
f 1804/1808/1804 1841/1845/1841 1770/1774/1770
f 1842/1846/1842 1843/1847/1843 1844/1848/1844
f 1341/1342/1341 1845/1849/1845 693/693/693
f 350/350/350 1005/1005/1005 1093/1093/1093
f 588/588/588 1846/1850/1846 589/589/589
f 1847/1851/1847 1848/1852/1848 1849/1853/1849
f 1850/1854/1850 1812/1816/1812 1640/1643/1640
f 1851/1855/1851 1852/1856/1852 1853/1857/1853
f 492/492/492 396/396/396 1757/1761/1757
f 1784/1788/1784 1484/1487/1484 1854/1858/1854
f 1855/1859/1855 1854/1858/1854 1759/1763/1759
f 1820/1824/1820 769/769/769 1787/1791/1787
f 1142/1142/1142 1227/1227/1227 1066/1066/1066
f 1202/1202/1202 1227/1227/1227 1279/1279/1279
f 961/961/961 1821/1825/1821 1788/1792/1788
f 1841/1845/1841 1769/1773/1769 1770/1774/1770
f 1741/1745/1741 1670/1674/1670 1669/1673/1669
f 1856/1860/1856 1857/1861/1857 1858/1862/1858
f 1823/1827/1823 1717/1721/1717 1859/1863/1859
f 1860/1864/1860 1805/1809/1805 693/693/693
f 333/333/333 214/214/214 296/296/296
f 1861/1865/1861 1341/1342/1341 1343/1344/1343
f 1862/1866/1862 610/610/610 1863/1867/1863
f 1850/1854/1850 1813/1817/1813 1029/1029/1029
f 1864/1868/1864 515/515/515 1865/1869/1865
f 1761/1765/1761 1837/1841/1837 1760/1764/1760
f 1233/1233/1233 1838/1842/1838 1231/1231/1231
f 1866/1870/1866 1867/1871/1867 1529/1532/1529
f 1868/1872/1868 1567/1570/1567 1869/1873/1869
f 1870/1874/1870 1060/1060/1060 1059/1059/1059
f 1841/1845/1841 1871/1875/1871 962/962/962
f 321/321/321 838/838/838 1804/1808/1804
f 1872/1876/1872 1873/1877/1873 1874/1878/1874
f 687/687/687 1453/1456/1453 1875/1879/1875
f 1860/1864/1860 1876/1880/1876 1805/1809/1805
f 1845/1849/1845 1860/1864/1860 693/693/693
f 1861/1865/1861 1845/1849/1845 1341/1342/1341
f 1846/1850/1846 1862/1866/1862 1863/1867/1863
f 1031/1031/1031 1110/1110/1110 1377/1380/1377
f 1877/1881/1877 1878/1882/1878 1879/1883/1879
f 1233/1233/1233 1232/1232/1232 1880/1884/1880
f 1486/1489/1486 1488/1491/1488 1881/1885/1881
f 838/838/838 1841/1845/1841 1804/1808/1804
f 1876/1880/1876 1882/1886/1882 1883/1887/1883
f 1814/1818/1814 1811/1815/1811 913/913/913
f 1884/1888/1884 1373/1376/1373 1623/1626/1623
f 1716/1720/1716 1593/1596/1593 1657/1660/1657
f 1885/1889/1885 1814/1818/1814 610/610/610
f 1886/1890/1886 1887/1891/1887 1888/1892/1888
f 1889/1893/1889 1890/1894/1890 1891/1895/1891
f 90/90/90 588/588/588 88/88/88
f 1892/1896/1892 197/197/197 89/89/89
f 1893/1897/1893 1894/1898/1894 1747/1751/1747
f 825/825/825 827/827/827 866/866/866
f 1491/1494/1491 1895/1899/1895 1896/1900/1896
f 1194/1194/1194 1891/1895/1891 1890/1894/1890
f 99/99/99 98/98/98 1897/1901/1897
f 1818/1822/1818 1898/1902/1898 1837/1841/1837
f 1899/1903/1899 1900/1904/1900 1901/1905/1901
f 1902/1906/1902 1786/1790/1786 1903/1907/1903
f 1904/1908/1904 1881/1885/1881 1819/1823/1819
f 768/768/768 1819/1823/1819 769/769/769
f 769/769/769 1820/1824/1820 767/767/767
f 1821/1825/1821 1428/1431/1428 1430/1433/1430
f 1905/1909/1905 1669/1673/1669 1823/1827/1823
f 1823/1827/1823 1456/1459/1456 1905/1909/1905
f 1859/1863/1859 1456/1459/1456 1823/1827/1823
f 1906/1910/1906 1297/1298/1297 1724/1728/1724
f 1907/1911/1907 1876/1880/1876 1860/1864/1860
f 1908/1912/1908 1907/1911/1907 1845/1849/1845
f 1909/1913/1909 1401/1404/1401 1910/1914/1910
f 1814/1818/1814 1911/1915/1911 1811/1815/1811
f 1862/1866/1862 1885/1889/1885 610/610/610
f 1912/1916/1912 1862/1866/1862 1846/1850/1846
f 1812/1816/1812 1850/1854/1850 1892/1896/1892
f 1595/1598/1595 19/19/19 21/21/21
f 492/492/492 1913/1917/1913 493/493/493
f 1914/1918/1914 1898/1902/1898 1818/1822/1818
f 1838/1842/1838 1914/1918/1914 1818/1822/1818
f 1915/1919/1915 1233/1233/1233 1880/1884/1880
f 1916/1920/1916 1917/1921/1917 1918/1922/1918
f 1266/1266/1266 1227/1227/1227 1142/1142/1142
f 1919/1923/1919 767/767/767 1820/1824/1820
f 1430/1433/1430 1919/1923/1919 1511/1514/1511
f 1920/1924/1920 1921/1925/1921 1922/1926/1922
f 838/838/838 1871/1875/1871 1841/1845/1841
f 1923/1927/1923 1924/1928/1924 619/619/619
f 1925/1929/1925 320/320/320 1741/1745/1741
f 1669/1673/1669 1925/1929/1925 1741/1745/1741
f 1860/1864/1860 1845/1849/1845 1907/1911/1907
f 1861/1865/1861 1908/1912/1908 1845/1849/1845
f 588/588/588 1912/1916/1912 1846/1850/1846
f 1439/1442/1439 1926/1930/1926 1927/1931/1927
f 1928/1932/1928 1929/1933/1929 864/864/864
f 1705/1709/1705 1930/1934/1930 1190/1190/1190
f 1931/1935/1931 1838/1842/1838 1233/1233/1233
f 1932/1936/1932 1931/1935/1931 1915/1919/1915
f 89/89/89 1812/1816/1812 1892/1896/1892
f 1307/1308/1307 984/984/984 1047/1047/1047
f 1933/1937/1933 1934/1938/1934 1935/1939/1935
f 1919/1923/1919 1430/1433/1430 1429/1432/1429
f 1134/1134/1134 1135/1135/1135 1255/1255/1255
f 1905/1909/1905 1456/1459/1456 1936/1940/1936
f 1937/1941/1937 1938/1942/1938 1516/1519/1516
f 1939/1943/1939 1689/1693/1689 1940/1944/1940
f 1811/1815/1811 1911/1915/1911 1941/1945/1941
f 1942/1946/1942 1943/1947/1943 1944/1948/1944
f 1912/1916/1912 1945/1949/1945 1862/1866/1862
f 1650/1653/1650 1946/1950/1946 1947/1951/1947
f 1084/1084/1084 1057/1057/1057 986/986/986
f 1553/1556/1553 1641/1644/1641 1707/1711/1707
f 1948/1952/1948 1784/1788/1784 1949/1953/1949
f 1950/1954/1950 1951/1955/1951 1952/1956/1952
f 1854/1858/1854 1953/1957/1953 1784/1788/1784
f 1931/1935/1931 1914/1918/1914 1838/1842/1838
f 1954/1958/1954 1955/1959/1955 1956/1960/1956
f 1565/1568/1565 1391/1394/1391 1328/1329/1328
f 1859/1863/1859 1882/1886/1882 1457/1460/1457
f 1907/1911/1907 1957/1961/1957 1876/1880/1876
f 342/342/342 1861/1865/1861 1343/1344/1343
f 1958/1962/1958 1959/1963/1959 1960/1964/1960
f 1961/1965/1961 1962/1966/1962 1963/1967/1963
f 1814/1818/1814 1885/1889/1885 1911/1915/1911
f 1945/1949/1945 1885/1889/1885 1862/1866/1862
f 621/621/621 3/3/3 2/2/2
f 1029/1029/1029 1964/1968/1964 1850/1854/1850
f 1465/1468/1465 1030/1030/1030 1029/1029/1029
f 1965/1969/1965 1966/1970/1966 1967/1971/1967
f 1968/1972/1968 1854/1858/1854 1855/1859/1855
f 1898/1902/1898 1855/1859/1855 1837/1841/1837
f 454/454/454 365/365/365 456/456/456
f 1969/1973/1969 1970/1974/1970 1971/1975/1971
f 1972/1976/1972 1755/1759/1755 1973/1977/1973
f 961/961/961 963/963/963 1428/1431/1428
f 1974/1978/1974 1975/1979/1975 1976/1980/1976
f 840/840/840 1871/1875/1871 838/838/838
f 1977/1981/1977 1978/1982/1978 1979/1983/1979
f 1925/1929/1925 1980/1984/1980 320/320/320
f 1936/1940/1936 1925/1929/1925 1905/1909/1905
f 1957/1961/1957 1882/1886/1882 1876/1880/1876
f 343/343/343 342/342/342 1941/1945/1941
f 1981/1985/1981 1911/1915/1911 1885/1889/1885
f 90/90/90 1982/1986/1982 588/588/588
f 1983/1987/1983 1984/1988/1984 432/432/432
f 430/430/430 1984/1988/1984 1985/1989/1985
f 90/90/90 197/197/197 1986/1990/1986
f 1987/1991/1987 706/706/706 705/705/705
f 1892/1896/1892 1850/1854/1850 1988/1992/1988
f 493/493/493 1030/1030/1030 1465/1468/1465
f 1989/1993/1989 1990/1994/1990 1991/1995/1991
f 627/627/627 1992/1996/1992 1993/1997/1993
f 1994/1998/1994 1148/1148/1148 1147/1147/1147
f 568/568/568 421/421/421 569/569/569
f 1995/1999/1995 767/767/767 1919/1923/1919
f 1996/2000/1996 1997/2001/1997 1969/1973/1969
f 1980/1984/1980 1998/2002/1998 320/320/320
f 1936/1940/1936 1980/1984/1980 1925/1929/1925
f 1999/2003/1999 1957/1961/1957 1907/1911/1907
f 341/341/341 1908/1912/1908 1861/1865/1861
f 1885/1889/1885 1945/1949/1945 1981/1985/1981
f 185/185/185 332/332/332 186/186/186
f 2000/2004/2000 1953/1957/1953 1968/1972/1968
f 2001/2005/2001 1855/1859/1855 1898/1902/1898
f 2002/2006/2002 2003/2007/2003 34/34/34
f 1903/1907/1903 1881/1885/1881 1904/1908/1904
f 117/117/117 2004/2008/2004 2005/2009/2005
f 2006/2010/2006 768/768/768 767/767/767
f 1919/1923/1919 1429/1432/1429 1995/1999/1995
f 1318/1319/1318 1387/1390/1387 1385/1388/1385
f 1381/1384/1381 1429/1432/1429 1646/1649/1646
f 2007/2011/2007 624/624/624 2008/2012/2008
f 189/189/189 2009/2013/2009 2010/2014/2010
f 1456/1459/1456 1458/1461/1458 1936/1940/1936
f 1300/1301/1300 2011/2015/2011 2012/2016/2012
f 1908/1912/1908 1999/2003/1999 1907/1911/1907
f 341/341/341 2013/2017/2013 1908/1912/1908
f 2014/2018/2014 2015/2019/2015 2016/2020/2016
f 1981/1985/1981 2017/2021/2017 1911/1915/1911
f 1982/1986/1982 2018/2022/2018 1912/1916/1912
f 1982/1986/1982 1912/1916/1912 588/588/588
f 1982/1986/1982 1986/1990/1986 2019/2023/2019
f 465/465/465 2020/2024/2020 466/466/466
f 2021/2025/2021 1155/1155/1155 2022/2026/2022
f 197/197/197 1892/1896/1892 1988/1992/1988
f 2023/2027/2023 2024/2028/2024 1964/1968/1964
f 2025/2029/2025 2026/2030/2026 2027/2031/2027
f 2028/2032/2028 1030/1030/1030 493/493/493
f 1913/1917/1913 2028/2032/2028 493/493/493
f 2029/2033/2029 2030/2034/2030 1515/1518/1515
f 2001/2005/2001 1968/1972/1968 1855/1859/1855
f 1589/1592/1589 1621/1624/1621 1552/1555/1552
f 2031/2035/2031 2032/2036/2032 2033/2037/2033
f 2034/2038/2034 2035/2039/2035 2036/2040/2036
f 2037/2041/2037 2038/2042/2038 2039/2043/2039
f 1880/1884/1880 1902/1906/1902 2038/2042/2038
f 2040/2044/2040 2041/2045/2041 2042/2046/2042
f 919/919/919 981/981/981 936/936/936
f 2006/2010/2006 767/767/767 1995/1999/1995
f 2043/2047/2043 1995/1999/1995 1429/1432/1429
f 1936/1940/1936 2044/2048/2044 1980/1984/1980
f 1039/1039/1039 1040/1040/1040 1086/1086/1086
f 1046/1046/1046 2045/2049/2045 2046/2050/2046
f 2047/2051/2047 629/629/629 2048/2052/2048
f 2018/2022/2018 1945/1949/1945 1912/1916/1912
f 197/197/197 2049/2053/2049 1986/1990/1986
f 2050/2054/2050 2051/2055/2051 2052/2056/2052
f 2023/2027/2023 1964/1968/1964 1028/1028/1028
f 2025/2029/2025 2028/2032/2028 1913/1917/1913
f 2053/2057/2053 1155/1155/1155 1154/1154/1154
f 1898/1902/1898 2054/2058/2054 2001/2005/2001
f 1914/1918/1914 2054/2058/2054 1898/1902/1898
f 2039/2043/2039 1903/1907/1903 2055/2059/2055
f 2056/2060/2056 2057/2061/2057 2058/2062/2058
f 2059/2063/2059 963/963/963 1871/1875/1871
f 840/840/840 2059/2063/2059 1871/1875/1871
f 1868/1872/1868 1869/1873/1869 2060/2064/2060
f 2061/2065/2061 1998/2002/1998 1980/1984/1980
f 915/915/915 1578/1581/1578 1641/1644/1641
f 1957/1961/1957 1457/1460/1457 1882/1886/1882
f 2062/2066/2062 2063/2067/2063 2064/2068/2064
f 2065/2069/2065 2066/2070/2066 501/501/501
f 2017/2021/2017 1941/1945/1941 1911/1915/1911
f 1945/1949/1945 2067/2071/2067 2068/2072/2068
f 2018/2022/2018 2067/2071/2067 1945/1949/1945
f 2069/2073/2069 2019/2023/2019 1986/1990/1986
f 2070/2074/2070 2000/2004/2000 1968/1972/1968
f 2001/2005/2001 2070/2074/2070 1968/1972/1968
f 1932/1936/1932 1914/1918/1914 1931/1935/1931
f 1932/1936/1932 2071/2075/2071 1914/1918/1914
f 2072/2076/2072 1915/1919/1915 2038/2042/2038
f 2073/2077/2073 2074/2078/2074 637/637/637
f 2075/2079/2075 2076/2080/2076 839/839/839
f 2044/2048/2044 2061/2065/2061 1980/1984/1980
f 1356/1358/1356 1316/1317/1316 1354/1356/1354
f 323/323/323 472/472/472 324/324/324
f 1999/2003/1999 2051/2055/2051 1957/1961/1957
f 1921/1925/1921 2077/2081/2077 1922/1926/1922
f 2068/2072/2068 2017/2021/2017 1981/1985/1981
f 2018/2022/2018 1982/1986/1982 2019/2023/2019
f 2078/2082/2078 2049/2053/2049 197/197/197
f 1753/1757/1753 8/8/8 7/7/7
f 2024/2028/2024 2078/2082/2078 1988/1992/1988
f 2079/2083/2079 1028/1028/1028 1030/1030/1030
f 2028/2032/2028 2079/2083/2079 1030/1030/1030
f 2071/2075/2071 2054/2058/2054 1914/1918/1914
f 467/467/467 463/463/463 409/409/409
f 2080/2084/2080 1904/1908/1904 768/768/768
f 1995/1999/1995 2081/2085/2081 2006/2010/2006
f 1381/1384/1381 2043/2047/2043 1429/1432/1429
f 1428/1431/1428 1646/1649/1646 1429/1432/1429
f 2082/2086/2082 1646/1649/1646 963/963/963
f 963/963/963 2059/2063/2059 2082/2086/2082
f 2075/2079/2075 1998/2002/1998 2061/2065/2061
f 1900/1904/1900 1899/1903/1899 2042/2046/2042
f 2083/2087/2083 1290/1290/1290 1714/1718/1714
f 2051/2055/2051 2084/2088/2084 1457/1460/1457
f 1908/1912/1908 2013/2017/2013 1999/2003/1999
f 1999/2003/1999 2013/2017/2013 2085/2089/2085
f 1420/1423/1420 1419/1422/1419 2013/2017/2013
f 341/341/341 1420/1423/1420 2013/2017/2013
f 343/343/343 1420/1423/1420 341/341/341
f 1022/1022/1022 2086/2090/2086 1023/1023/1023
f 2087/2091/2087 2086/2090/2086 2088/2092/2088
f 2089/2093/2089 2028/2032/2028 2025/2029/2025
f 1532/1535/1532 1974/1978/1974 2090/2094/2090
f 2091/2095/2091 2092/2096/2092 1600/1603/1600
f 1539/1542/1539 1926/1930/1926 1177/1177/1177
f 2006/2010/2006 2080/2084/2080 768/768/768
f 2081/2085/2081 2080/2084/2080 2006/2010/2006
f 2081/2085/2081 1995/1999/1995 2043/2047/2043
f 2059/2063/2059 840/840/840 2093/2097/2093
f 1793/1797/1793 2076/2080/2076 2075/2079/2075
f 1289/1289/1289 1425/1428/1425 1272/1272/1272
f 394/394/394 1738/1742/1738 1756/1760/1756
f 1879/1883/1879 632/632/632 900/900/900
f 1811/1815/1811 1941/1945/1941 1810/1814/1810
f 2025/2029/2025 1949/1953/1949 2026/2030/2026
f 2094/2098/2094 1768/1772/1768 1767/1771/1767
f 806/806/806 956/956/956 239/239/239
f 1715/1719/1715 2070/2074/2070 2001/2005/2001
f 2001/2005/2001 2054/2058/2054 1715/1719/1715
f 2071/2075/2071 1713/1717/1713 2054/2058/2054
f 2095/2099/2095 952/952/952 2056/2060/2056
f 1555/1558/1555 2096/2100/2096 2097/2101/2097
f 2098/2102/2098 2022/2026/2022 2099/2103/2099
f 2100/2104/2100 1781/1785/1781 1349/1350/1349
f 2101/2105/2101 230/230/230 2102/2106/2102
f 439/439/439 851/851/851 816/816/816
f 2017/2021/2017 2068/2072/2068 2103/2107/2103
f 2104/2108/2104 2105/2109/2105 2106/2110/2106
f 2107/2111/2107 2067/2071/2067 2018/2022/2018
f 205/205/205 204/204/204 256/256/256
f 820/820/820 2108/2112/2108 2109/2113/2109
f 26/26/26 143/143/143 125/125/125
f 2110/2114/2110 2111/2115/2111 2112/2116/2112
f 2079/2083/2079 2028/2032/2028 2089/2093/2089
f 2000/2004/2000 2070/2074/2070 2113/2117/2113
f 1713/1717/1713 1715/1719/1715 2054/2058/2054
f 1766/1770/1766 1683/1687/1683 1769/1773/1769
f 2114/2118/2114 1932/1936/1932 2072/2076/2072
f 2114/2118/2114 2072/2076/2072 2115/2119/2115
f 1904/1908/1904 2055/2059/2055 1903/1907/1903
f 2116/2120/2116 2117/2121/2117 1438/1441/1438
f 2118/2122/2118 2119/2123/2119 1178/1178/1178
f 2120/2124/2120 2082/2086/2082 2093/2097/2093
f 2076/2080/2076 2093/2097/2093 840/840/840
f 2121/2125/2121 2035/2039/2035 2122/2126/2122
f 1719/1723/1719 2123/2127/2123 2124/2128/2124
f 1999/2003/1999 2052/2056/2052 2051/2055/2051
f 805/805/805 503/503/503 336/336/336
f 2125/2129/2125 2069/2073/2069 2049/2053/2049
f 2078/2082/2078 2125/2129/2125 2049/2053/2049
f 2126/2130/2126 2127/2131/2127 2023/2027/2023
f 2079/2083/2079 2126/2130/2126 1028/1028/1028
f 2128/2132/2128 2026/2030/2026 2113/2117/2113
f 1558/1561/1558 1666/1670/1666 1487/1490/1487
f 1290/1290/1290 2113/2117/2113 2070/2074/2070
f 870/870/870 956/956/956 802/802/802
f 485/485/485 525/525/525 413/413/413
f 2129/2133/2129 2081/2085/2081 2043/2047/2043
f 2129/2133/2129 2043/2047/2043 1380/1383/1380
f 843/843/843 2130/2134/2130 2131/2135/2131
f 2132/2136/2132 2133/2137/2133 2134/2138/2134
f 1793/1797/1793 2075/2079/2075 2135/2139/2135
f 2050/2054/2050 2084/2088/2084 2051/2055/2051
f 2136/2140/2136 2085/2089/2085 1419/1422/1419
f 1419/1422/1419 2085/2089/2085 2013/2017/2013
f 2137/2141/2137 2138/2142/2138 2139/2143/2139
f 1475/1478/1475 1753/1757/1753 2140/2144/2140
f 1589/1592/1589 1639/1642/1639 1638/1641/1638
f 1975/1979/1975 1974/1978/1974 2141/2145/2141
f 1271/1271/1271 2142/2146/2142 2143/2147/2143
f 2144/2148/2144 1713/1717/1713 2071/2075/2071
f 2039/2043/2039 2055/2059/2055 2145/2149/2145
f 1837/1841/1837 1855/1859/1855 1760/1764/1760
f 2085/2089/2085 2052/2056/2052 1999/2003/1999
f 2146/2150/2146 2147/2151/2147 2148/2152/2148
f 343/343/343 2149/2153/2149 1420/1423/1420
f 2149/2153/2149 343/343/343 2150/2154/2150
f 503/503/503 750/750/750 604/604/604
f 2151/2155/2151 174/174/174 173/173/173
f 2107/2111/2107 2152/2156/2152 2067/2071/2067
f 2153/2157/2153 2024/2028/2024 2023/2027/2023
f 2154/2158/2154 2079/2083/2079 2089/2093/2089
f 1335/1336/1335 1416/1419/1416 1240/1240/1240
f 220/220/220 666/666/666 469/469/469
f 930/930/930 833/833/833 760/760/760
f 2080/2084/2080 2081/2085/2081 2117/2121/2117
f 2129/2133/2129 1438/1441/1438 2117/2121/2117
f 2155/2159/2155 657/657/657 1211/1211/1211
f 2084/2088/2084 2156/2160/2156 1458/1461/1458
f 2157/2161/2157 2158/2162/2158 433/433/433
f 2159/2163/2159 2160/2164/2160 1794/1798/1794
f 2012/2016/2012 2011/2015/2011 2161/2165/2161
f 2107/2111/2107 2019/2023/2019 2162/2166/2162
f 1426/1429/1426 1223/1223/1223 2163/2167/2163
f 2162/2166/2162 2019/2023/2019 2069/2073/2069
f 2069/2073/2069 2125/2129/2125 2164/2168/2164
f 2126/2130/2126 2165/2169/2165 2127/2131/2127
f 2154/2158/2154 2126/2130/2126 2079/2083/2079
f 1005/1005/1005 429/429/429 227/227/227
f 2027/2031/2027 2089/2093/2089 2025/2029/2025
f 2128/2132/2128 2027/2031/2027 2026/2030/2026
f 539/539/539 2008/2012/2008 2166/2170/2166
f 2144/2148/2144 2071/2075/2071 2114/2118/2114
f 2037/2041/2037 2115/2119/2115 2072/2076/2072
f 2167/2171/2167 2145/2149/2145 2055/2059/2055
f 2168/2172/2168 2167/2171/2167 2055/2059/2055
f 2082/2086/2082 1647/1650/1647 1646/1649/1646
f 2076/2080/2076 2160/2164/2160 2093/2097/2093
f 2169/2173/2169 2170/2174/2170 2171/2175/2171
f 1458/1461/1458 2156/2160/2156 2172/2176/2172
f 2103/2107/2103 2173/2177/2173 2150/2154/2150
f 1222/1222/1222 2163/2167/2163 1223/1223/1223
f 2174/2178/2174 2162/2166/2162 2069/2073/2069
f 2175/2179/2175 2138/2142/2138 2176/2180/2176
f 1164/1164/1164 1566/1569/1566 1162/1162/1162
f 2115/2119/2115 2177/2181/2177 2114/2118/2114
f 2178/2182/2178 2115/2119/2115 2037/2041/2037
f 2179/2183/2179 2178/2182/2178 2145/2149/2145
f 2037/2041/2037 2145/2149/2145 2178/2182/2178
f 2116/2120/2116 2168/2172/2168 2117/2121/2117
f 2080/2084/2080 2117/2121/2117 2168/2172/2168
f 1381/1384/1381 1380/1383/1380 2043/2047/2043
f 1220/1220/1220 387/387/387 1218/1218/1218
f 2180/2184/2180 2181/2185/2181 2172/2176/2172
f 2050/2054/2050 2156/2160/2156 2084/2088/2084
f 2085/2089/2085 2182/2186/2182 2052/2056/2052
f 2149/2153/2149 1418/1421/1418 1420/1423/1420
f 677/677/677 2183/2187/2183 2133/2137/2133
f 2184/2188/2184 2185/2189/2185 2186/2190/2186
f 2024/2028/2024 1497/1500/1497 2078/2082/2078
f 2024/2028/2024 2153/2157/2153 1497/1500/1497
f 1143/1143/1143 2153/2157/2153 2127/2131/2127
f 1143/1143/1143 2127/2131/2127 2187/2191/2187
f 2154/2158/2154 2165/2169/2165 2126/2130/2126
f 2188/2192/2188 2189/2193/2189 2190/2194/2190
f 2113/2117/2113 1290/1290/1290 1292/1292/1292
f 2191/2195/2191 1269/1269/1269 2192/2196/2192
f 2177/2181/2177 2144/2148/2144 2114/2118/2114
f 2193/2197/2193 2167/2171/2167 2168/2172/2168
f 2032/2036/2032 2194/2198/2194 2195/2199/2195
f 2196/2200/2196 878/878/878 2197/2201/2197
f 1720/1724/1720 2135/2139/2135 2198/2202/2198
f 2172/2176/2172 2181/2185/2181 2198/2202/2198
f 2199/2203/2199 2200/2204/2200 2201/2205/2201
f 2052/2056/2052 2202/2206/2202 2050/2054/2050
f 2173/2177/2173 2203/2207/2203 2149/2153/2149
f 2204/2208/2204 2173/2177/2173 2103/2107/2103
f 66/66/66 407/407/407 1779/1783/1779
f 1496/1499/1496 2164/2168/2164 2125/2129/2125
f 2017/2021/2017 2150/2154/2150 1941/1945/1941
f 1882/1886/1882 1859/1863/1859 1883/1887/1883
f 2205/2209/2205 2195/2199/2195 541/541/541
f 2206/2210/2206 1713/1717/1713 2144/2148/2144
f 703/703/703 921/921/921 896/896/896
f 2207/2211/2207 2177/2181/2177 2115/2119/2115
f 2208/2212/2208 2209/2213/2209 2210/2214/2210
f 2193/2197/2193 2168/2172/2168 2116/2120/2116
f 2211/2215/2211 1726/1730/1726 1533/1536/1533
f 2212/2216/2212 2181/2185/2181 2180/2184/2180
f 307/307/307 677/677/677 2213/2217/2213
f 2214/2218/2214 2156/2160/2156 2050/2054/2050
f 2202/2206/2202 2214/2218/2214 2050/2054/2050
f 2215/2219/2215 2182/2186/2182 2136/2140/2136
f 1418/1421/1418 2216/2220/2216 1419/1422/1419
f 2203/2207/2203 1418/1421/1418 2149/2153/2149
f 2067/2071/2067 2152/2156/2152 2217/2221/2217
f 1883/1887/1883 1805/1809/1805 1876/1880/1876
f 1424/1427/1424 1425/1428/1425 1435/1438/1435
f 1703/1707/1703 1702/1706/1702 2174/2178/2174
f 2218/2222/2218 2174/2178/2174 1702/1706/1702
f 2219/2223/2219 28/28/28 2220/2224/2220
f 1910/1914/1910 2221/2225/2221 1201/1201/1201
f 2222/2226/2222 2223/2227/2223 2089/2093/2089
f 2027/2031/2027 2222/2226/2222 2089/2093/2089
f 725/725/725 1269/1269/1269 190/190/190
f 2206/2210/2206 1714/1718/1714 1713/1717/1713
f 509/509/509 2206/2210/2206 2144/2148/2144
f 2178/2182/2178 2207/2211/2207 2115/2119/2115
f 2178/2182/2178 2179/2183/2179 1817/1821/1817
f 2167/2171/2167 2179/2183/2179 2145/2149/2145
f 2224/2228/2224 2060/2064/2060 1869/1873/1869
f 2135/2139/2135 1722/1726/1722 1793/1797/1793
f 2225/2229/2225 1843/1847/1843 2226/2230/2226
f 2227/2231/2227 2228/2232/2228 2229/2233/2229
f 2214/2218/2214 2180/2184/2180 2156/2160/2156
f 2182/2186/2182 2202/2206/2202 2052/2056/2052
f 2230/2234/2230 2231/2235/2231 2232/2236/2232
f 2233/2237/2233 2234/2238/2234 2235/2239/2235
f 2236/2240/2236 2237/2241/2237 2238/2242/2238
f 2239/2243/2239 420/420/420 725/725/725
f 382/382/382 414/414/414 729/729/729
f 2164/2168/2164 1703/1707/1703 2174/2178/2174
f 2165/2169/2165 2187/2191/2187 2127/2131/2127
f 2154/2158/2154 2240/2244/2240 2165/2169/2165
f 2241/2245/2241 245/245/245 282/282/282
f 2242/2246/2242 2243/2247/2243 2244/2248/2244
f 2245/2249/2245 2246/2250/2246 2247/2251/2247
f 2177/2181/2177 509/509/509 2144/2148/2144
f 2178/2182/2178 1817/1821/1817 2207/2211/2207
f 2248/2252/2248 2179/2183/2179 2167/2171/2167
f 2249/2253/2249 2250/2254/2250 2251/2255/2251
f 1438/1441/1438 2129/2133/2129 1380/1383/1380
f 23/23/23 2170/2174/2170 2252/2256/2252
f 2253/2257/2253 950/950/950 2254/2258/2254
f 2255/2259/2255 1966/1970/1966 2256/2260/2256
f 2136/2140/2136 1419/1422/1419 2216/2220/2216
f 1496/1499/1496 1374/1377/1374 1536/1539/1536
f 2099/2103/2099 2257/2261/2257 2098/2102/2098
f 2240/2244/2240 2154/2158/2154 2223/2227/2223
f 2128/2132/2128 2258/2262/2258 2027/2031/2027
f 2259/2263/2259 2260/2264/2260 2261/2265/2261
f 2262/2266/2262 1314/1315/1314 2263/2267/2263
f 1315/1316/1315 2264/2268/2264 2265/2269/2265
f 1290/1290/1290 2083/2087/2083 1291/1291/1291
f 2248/2252/2248 1816/1820/1816 2179/2183/2179
f 2193/2197/2193 2248/2252/2248 2167/2171/2167
f 2266/2270/2266 2267/2271/2267 2268/2272/2268
f 1379/1382/1379 1439/1442/1439 1380/1383/1380
f 2269/2273/2269 2270/2274/2270 2271/2275/2271
f 2272/2276/2272 2273/2277/2273 2274/2278/2274
f 2275/2279/2275 2276/2280/2276 2277/2281/2277
f 375/375/375 2278/2282/2278 284/284/284
f 1720/1724/1720 2181/2185/2181 2212/2216/2212
f 2279/2283/2279 637/637/637 2074/2078/2074
f 2085/2089/2085 2136/2140/2136 2182/2186/2182
f 2215/2219/2215 2136/2140/2136 2216/2220/2216
f 1318/1319/1318 1165/1165/1165 918/918/918
f 1536/1539/1536 1535/1538/1535 1703/1707/1703
f 2254/2258/2254 950/950/950 2280/2284/2280
f 2281/2285/2281 2282/2286/2282 2283/2287/2283
f 2284/2288/2284 2285/2289/2285 1444/1447/1444
f 1015/1015/1015 1079/1079/1079 1129/1129/1129
f 1054/1054/1054 1056/1056/1056 2286/2290/2286
f 1816/1820/1816 1817/1821/1817 2179/2183/2179
f 1439/1442/1439 1927/1931/1927 1438/1441/1438
f 1782/1786/1782 1783/1787/1783 2287/2291/2287
f 2180/2184/2180 2214/2218/2214 2288/2292/2288
f 2182/2186/2182 665/665/665 2202/2206/2202
f 1418/1421/1418 2203/2207/2203 982/982/982
f 2180/2184/2180 2288/2292/2288 2212/2216/2212
f 514/514/514 616/616/616 1298/1299/1298
f 1230/1230/1230 2217/2221/2217 193/193/193
f 193/193/193 2217/2221/2217 2289/2293/2289
f 204/204/204 168/168/168 208/208/208
f 2290/2294/2290 2291/2295/2291 2292/2296/2292
f 2089/2093/2089 2223/2227/2223 2154/2158/2154
f 237/237/237 871/871/871 238/238/238
f 1595/1598/1595 642/642/642 1596/1599/1596
f 2293/2297/2293 1887/1891/1887 1886/1890/1886
f 1714/1718/1714 2206/2210/2206 2294/2298/2294
f 113/113/113 115/115/115 77/77/77
f 2295/2299/2295 509/509/509 2177/2181/2177
f 2207/2211/2207 2295/2299/2295 2177/2181/2177
f 157/157/157 2248/2252/2248 2193/2197/2193
f 158/158/158 157/157/157 2193/2197/2193
f 60/60/60 664/664/664 2296/2300/2296
f 1927/1931/1927 158/158/158 2116/2120/2116
f 1673/1677/1673 1672/1676/1672 2297/2301/2297
f 1439/1442/1439 1379/1382/1379 2118/2122/2118
f 2298/2302/2298 947/947/947 2299/2303/2299
f 2300/2304/2300 2301/2305/2301 216/216/216
f 266/266/266 268/268/268 131/131/131
f 2302/2306/2302 676/676/676 1673/1677/1673
f 59/59/59 2288/2292/2288 2214/2218/2214
f 2202/2206/2202 2303/2307/2303 2214/2218/2214
f 665/665/665 2303/2307/2303 2202/2206/2202
f 2215/2219/2215 665/665/665 2182/2186/2182
f 2304/2308/2304 2305/2309/2305 2306/2310/2306
f 2307/2311/2307 1123/1123/1123 1653/1656/1653
f 1920/1924/1920 2308/2312/2308 1921/1925/1921
f 1760/1764/1760 1759/1763/1759 149/149/149
f 2165/2169/2165 2240/2244/2240 2187/2191/2187
f 2133/2137/2133 2183/2187/2183 2309/2313/2309
f 2310/2314/2310 1601/1604/1601 2222/2226/2222
f 2311/2315/2311 2312/2316/2312 2313/2317/2313
f 98/98/98 2314/2318/2314 606/606/606
f 2315/2319/2315 2119/2123/2119 2316/2320/2316
f 2303/2307/2303 59/59/59 2214/2218/2214
f 2317/2321/2317 2257/2261/2257 978/978/978
f 58/58/58 1169/1169/1169 968/968/968
f 1261/1261/1261 1324/1325/1324 2318/2322/2318
f 2072/2076/2072 2038/2042/2038 2037/2041/2037
f 2140/2144/2140 1816/1820/1816 157/157/157
f 1780/1784/1780 109/109/109 64/64/64
f 2119/2123/2119 2118/2122/2118 1379/1382/1379
f 530/530/530 35/35/35 111/111/111
f 2319/2323/2319 2320/2324/2320 2321/2325/2321
f 2322/2326/2322 2323/2327/2323 2203/2207/2203
f 2308/2312/2308 1920/1924/1920 2324/2328/2324
f 2289/2293/2289 1702/1706/1702 194/194/194
f 829/829/829 800/800/800 2/2/2
f 1599/1602/1599 2325/2329/2325 1600/1603/1600
f 2326/2330/2326 1962/1966/1962 2327/2331/2327
f 1369/1372/1369 2328/2332/2328 2329/2333/2329
f 2083/2087/2083 1714/1718/1714 2294/2298/2294
f 507/507/507 509/509/509 2295/2299/2295
f 2295/2299/2295 2207/2211/2207 2330/2334/2330
f 2331/2335/2331 159/159/159 158/158/158
f 545/545/545 2332/2336/2332 546/546/546
f 1685/1689/1685 260/260/260 259/259/259
f 2333/2337/2333 2334/2338/2334 2335/2339/2335
f 2336/2340/2336 162/162/162 2189/2193/2189
f 162/162/162 1721/1725/1721 2189/2193/2189
f 58/58/58 2288/2292/2288 59/59/59
f 2048/2052/2048 629/629/629 754/754/754
f 1047/1047/1047 2337/2341/2337 663/663/663
f 2338/2342/2338 1229/1229/1229 2339/2343/2339
f 2235/2239/2235 2340/2344/2340 2233/2237/2233
f 2341/2345/2341 2342/2346/2342 2343/2347/2343
f 2344/2348/2344 2345/2349/2345 2346/2350/2346
f 2347/2351/2347 2348/2352/2348 2349/2353/2349
f 2276/2280/2276 2350/2354/2350 2351/2355/2351
f 2342/2346/2342 2352/2356/2352 2353/2357/2353
f 2354/2358/2354 534/534/534 2355/2359/2355
f 2356/2360/2356 2357/2361/2357 2358/2362/2358
f 2359/2363/2359 2360/2364/2360 2361/2365/2361
f 2362/2366/2362 2361/2365/2361 2363/2367/2363
f 1058/1058/1058 1060/1060/1060 2364/2368/2364
f 2365/2369/2365 2366/2370/2366 2367/2371/2367
f 2366/2370/2366 2365/2369/2365 994/994/994
f 774/774/774 728/728/728 415/415/415
f 2368/2372/2368 1075/1075/1075 1262/1262/1262
f 2336/2340/2336 2349/2353/2349 2348/2352/2348
f 2369/2373/2369 2370/2374/2370 719/719/719
f 2371/2375/2371 2372/2376/2372 966/966/966
f 127/127/127 2373/2377/2373 2374/2378/2374
f 2375/2379/2375 1634/1637/1634 277/277/277
f 1143/1143/1143 1145/1145/1145 2153/2157/2153
f 2286/2290/2286 2376/2380/2376 2377/2381/2377
f 2276/2280/2276 2378/2382/2378 2350/2354/2350
f 2379/2383/2379 2380/2384/2380 951/951/951
f 2381/2385/2381 2382/2386/2382 2383/2387/2383
f 2277/2281/2277 2352/2356/2352 2275/2279/2275
f 201/201/201 2384/2388/2384 2385/2389/2385
f 2386/2390/2386 2325/2329/2325 2387/2391/2387
f 2367/2371/2367 2366/2370/2366 2387/2391/2387
f 992/992/992 1985/1989/1985 2388/2392/2388
f 1325/1326/1325 2389/2393/2389 2388/2392/2388
f 1177/1177/1177 2118/2122/2118 1178/1178/1178
f 2390/2394/2390 2391/2395/2391 2392/2396/2392
f 2393/2397/2393 2394/2398/2394 1313/1314/1313
f 1754/1758/1754 2395/2399/2395 2396/2400/2396
f 1179/1179/1179 1105/1105/1105 1177/1177/1177
f 470/470/470 323/323/323 495/495/495
f 2397/2401/2397 2398/2402/2398 2334/2338/2334
f 2399/2403/2399 2088/2092/2088 1022/1022/1022
f 2397/2401/2397 2334/2338/2334 2400/2404/2400
f 2401/2405/2401 2400/2404/2400 2402/2406/2402
f 2125/2129/2125 2078/2082/2078 1497/1500/1497
f 1168/1168/1168 2403/2407/2403 968/968/968
f 1168/1168/1168 1170/1170/1170 2404/2408/2404
f 984/984/984 1634/1637/1634 1045/1045/1045
f 2339/2343/2339 278/278/278 277/277/277
f 1651/1654/1651 2405/2409/2405 2406/2410/2406
f 2407/2411/2407 887/887/887 2408/2412/2408
f 2409/2413/2409 2410/2414/2410 2411/2415/2411
f 2412/2416/2412 2363/2367/2363 2325/2329/2325
f 2389/2393/2389 992/992/992 2388/2392/2388
f 2413/2417/2413 541/541/541 543/543/543
f 1475/1478/1475 1477/1480/1477 1751/1755/1751
f 1104/1104/1104 1477/1480/1477 1476/1479/1476
f 2111/2115/2111 170/170/170 2414/2418/2414
f 2415/2419/2415 1104/1104/1104 1103/1103/1103
f 2398/2402/2398 2416/2420/2416 1179/1179/1179
f 2401/2405/2401 2417/2421/2417 2400/2404/2400
f 2348/2352/2348 2401/2405/2401 2402/2406/2402
f 2137/2141/2137 2418/2422/2418 2138/2142/2138
f 509/509/509 508/508/508 2206/2210/2206
f 2419/2423/2419 2349/2353/2349 2372/2376/2372
f 2371/2375/2371 2419/2423/2419 2372/2376/2372
f 746/746/746 2362/2366/2362 2420/2424/2420
f 262/262/262 284/284/284 2278/2282/2278
f 2404/2408/2404 1170/1170/1170 2421/2425/2421
f 2421/2425/2421 2046/2050/2046 2045/2049/2045
f 279/279/279 2375/2379/2375 277/277/277
f 2378/2382/2378 2422/2426/2422 278/278/278
f 752/752/752 2342/2346/2342 2341/2345/2341
f 2412/2416/2412 2362/2366/2362 2363/2367/2363
f 2388/2392/2388 1985/1989/1985 1984/1988/1984
f 2225/2229/2225 2423/2427/2423 2424/2428/2424
f 1075/1075/1075 2368/2372/2368 2425/2429/2425
f 1751/1755/1751 1705/1709/1705 1752/1756/1752
f 1477/1480/1477 1705/1709/1705 1751/1755/1751
f 2426/2430/2426 1934/1938/1934 2427/2431/2427
f 1539/1542/1539 1105/1105/1105 1104/1104/1104
f 2397/2401/2397 2416/2420/2416 2398/2402/2398
f 1605/1608/1605 1662/1666/1662 1531/1534/1531
f 2428/2432/2428 2378/2382/2378 2276/2280/2276
f 2428/2432/2428 2422/2426/2422 2378/2382/2378
f 189/189/189 190/190/190 2191/2195/2191
f 2429/2433/2429 2430/2434/2430 2431/2435/2431
f 752/752/752 2352/2356/2352 2342/2346/2342
f 2432/2436/2432 1163/1163/1163 1607/1610/1607
f 1784/1788/1784 1948/1952/1948 1489/1492/1489
f 2433/2437/2433 2434/2438/2434 2435/2439/2435
f 2436/2440/2436 2437/2441/2437 2438/2442/2438
f 1985/1989/1985 994/994/994 2365/2369/2365
f 992/992/992 994/994/994 1985/1989/1985
f 1076/1076/1076 1325/1326/1325 1324/1325/1324
f 1279/1279/1279 1330/1331/1330 1202/1202/1202
f 2326/2443/2326 2355/2359/2355 1962/1966/1962
f 2415/2419/2415 1477/1480/1477 1104/1104/1104
f 1179/1179/1179 2439/2444/2439 1105/1105/1105
f 2419/2423/2419 2347/2351/2347 2349/2353/2349
f 2440/2445/2440 2419/2423/2419 2371/2375/2371
f 2046/2050/2046 2421/2425/2421 1170/1170/1170
f 2441/2446/2441 2045/2049/2045 1046/1046/1046
f 2442/2447/2442 2441/2446/2441 1633/1636/1633
f 2442/2447/2442 1633/1636/1633 2375/2379/2375
f 350/350/350 164/164/164 163/163/163
f 1634/1637/1634 2375/2379/2375 1633/1636/1633
f 2443/2448/2443 2428/2432/2428 2276/2280/2276
f 2352/2356/2352 2444/2449/2444 2275/2279/2275
f 2445/2450/2445 2316/2320/2316 2159/2163/2159
f 753/753/753 2446/2451/2446 2447/2452/2447
f 994/994/994 2448/2453/2448 2366/2370/2366
f 1989/1993/1989 247/247/247 433/433/433
f 2449/2454/2449 2077/2081/2077 1921/1925/1921
f 8/8/8 1752/1756/1752 2392/2396/2392
f 1218/1218/1218 387/387/387 386/386/386
f 2450/2455/2450 2451/2456/2451 1298/1299/1298
f 1105/1105/1105 2439/2444/2439 1103/1103/1103
f 2452/2457/2452 2088/2092/2088 2453/2458/2453
f 2454/2459/2454 1952/1956/1952 1951/1955/1951
f 2455/2460/2455 2417/2421/2417 2401/2405/2401
f 1589/1592/1589 1662/1666/1662 1639/1642/1639
f 1436/1439/1436 1273/1273/1273 1182/1182/1182
f 752/752/752 2444/2449/2444 2352/2356/2352
f 2456/2461/2456 1775/1779/1775 1918/1922/1918
f 2433/2437/2433 751/751/751 2434/2438/2434
f 2361/2365/2361 2362/2366/2362 746/746/746
f 1724/1728/1724 1297/1298/1297 1296/1297/1296
f 2457/2462/2457 2320/2324/2320 1853/1857/1853
f 2458/2463/2458 2287/2291/2287 2459/2464/2459
f 2458/2463/2458 2459/2464/2459 2460/2465/2460
f 2461/2466/2461 2462/2467/2462 2463/2468/2463
f 77/77/77 119/119/119 113/113/113
f 2464/2469/2464 2273/2277/2273 2465/2470/2465
f 2466/2471/2466 2439/2444/2439 1179/1179/1179
f 2467/2472/2467 2455/2460/2455 2401/2405/2401
f 2467/2472/2467 2401/2405/2401 2348/2352/2348
f 2347/2351/2347 2467/2472/2467 2348/2352/2348
f 2045/2049/2045 2468/2473/2468 2421/2425/2421
f 2441/2446/2441 2442/2447/2442 2469/2474/2469
f 2470/2475/2470 2471/2476/2471 2472/2477/2472
f 2275/2279/2275 2443/2448/2443 2276/2280/2276
f 2473/2478/2473 2474/2479/2474 1954/1958/1954
f 1178/1178/1178 2335/2339/2335 2398/2402/2398
f 2448/2453/2448 2475/2480/2475 2386/2390/2386
f 2476/2481/2476 2477/2482/2477 2478/2483/2478
f 1705/1709/1705 1477/1480/1477 1930/1934/1930
f 1930/1934/1930 1477/1480/1477 2479/2484/2479
f 2480/2485/2480 2416/2420/2416 2397/2401/2397
f 2481/2486/2481 2347/2351/2347 2419/2423/2419
f 2440/2445/2440 2481/2486/2481 2419/2423/2419
f 2403/2407/2403 2482/2487/2482 2371/2375/2371
f 1836/1840/1836 446/446/446 2483/2488/2483
f 2484/2489/2484 2485/2490/2485 2404/2408/2404
f 2486/2491/2486 1123/1123/1123 2307/2311/2307
f 2487/2492/2487 2488/2493/2488 2489/2494/2489
f 2490/2495/2490 2491/2496/2491 2251/2255/2251
f 2045/2049/2045 2441/2446/2441 2469/2474/2469
f 279/279/279 2492/2497/2492 2375/2379/2375
f 2493/2498/2493 2428/2432/2428 2443/2448/2443
f 2220/2224/2220 28/28/28 30/30/30
f 206/206/206 168/168/168 122/122/122
f 2361/2365/2361 748/748/748 2359/2363/2359
f 2494/2499/2494 2495/2500/2495 2496/2501/2496
f 2412/2416/2412 2386/2390/2386 2475/2480/2475
f 2497/2502/2497 2265/2269/2265 2498/2503/2498
f 994/994/994 1648/1651/1648 2448/2453/2448
f 2389/2393/2389 1325/1326/1325 2499/2504/2499
f 2287/2291/2287 2499/2504/2499 1076/1076/1076
f 2425/2429/2425 2460/2465/2460 2459/2464/2459
f 2500/2505/2500 2501/2506/2501 2502/2507/2502
f 2392/2396/2392 1752/1756/1752 1704/1708/1704
f 1267/1267/1267 2503/2508/2503 2142/2146/2142
f 48/48/48 2415/2419/2415 1103/1103/1103
f 2416/2420/2416 2504/2509/2504 2466/2471/2466
f 2480/2485/2480 2504/2509/2504 2416/2420/2416
f 2417/2421/2417 1059/1059/1059 2480/2485/2480
f 2481/2486/2481 2228/2232/2228 2347/2351/2347
f 2498/2503/2498 1686/1690/1686 2505/2510/2505
f 1259/1259/1259 1660/1664/1660 1347/1348/1347
f 2492/2497/2492 2442/2447/2442 2375/2379/2375
f 2422/2426/2422 2506/2511/2506 279/279/279
f 2507/2512/2507 2422/2426/2422 2428/2432/2428
f 2493/2498/2493 2507/2512/2507 2428/2432/2428
f 1484/1487/1484 1758/1762/1758 1759/1763/1759
f 803/803/803 751/751/751 2433/2437/2433
f 748/748/748 803/803/803 2433/2437/2433
f 366/366/366 434/434/434 455/455/455
f 1648/1651/1648 2475/2480/2475 2448/2453/2448
f 1147/1147/1147 1648/1651/1648 994/994/994
f 994/994/994 993/993/993 1147/1147/1147
f 2508/2513/2508 1304/1305/1304 1765/1769/1765
f 507/507/507 1262/1262/1262 508/508/508
f 2509/2514/2509 2510/2515/2510 2511/2516/2511
f 1059/1059/1059 2417/2421/2417 2455/2460/2455
f 2347/2351/2347 2228/2232/2228 2467/2472/2467
f 2512/2517/2512 2379/2383/2379 2513/2518/2513
f 2514/2519/2514 1452/1455/1452 1454/1457/1454
f 2485/2490/2485 2515/2520/2515 2403/2407/2403
f 2506/2511/2506 2492/2497/2492 279/279/279
f 2516/2521/2516 2506/2511/2506 2507/2512/2507
f 2422/2426/2422 2507/2512/2507 2506/2511/2506
f 2517/2522/2517 2443/2448/2443 2518/2523/2518
f 2517/2522/2517 2493/2498/2493 2443/2448/2443
f 549/549/549 1503/1506/1503 2519/2524/2519
f 2444/2449/2444 752/752/752 2520/2525/2520
f 803/803/803 1503/1506/1503 751/751/751
f 363/363/363 362/362/362 243/243/243
f 1283/1283/1283 1310/1311/1310 1235/1235/1235
f 2390/2394/2390 2460/2465/2460 2425/2429/2425
f 2439/2444/2439 2521/2526/2521 1103/1103/1103
f 2439/2444/2439 2466/2471/2466 536/536/536
f 2227/2231/2227 1870/1874/1870 2455/2460/2455
f 2227/2231/2227 2455/2460/2455 2467/2472/2467
f 2227/2231/2227 2467/2472/2467 2228/2232/2228
f 2522/2527/2522 2523/2528/2523 2524/2529/2524
f 2481/2486/2481 2440/2445/2440 1773/1777/1773
f 2440/2445/2440 2482/2487/2482 1773/1777/1773
f 2515/2520/2515 2485/2490/2485 2484/2489/2484
f 2506/2511/2506 2525/2530/2525 2492/2497/2492
f 2275/2279/2275 2518/2523/2518 2443/2448/2443
f 746/746/746 748/748/748 2361/2365/2361
f 2412/2416/2412 2420/2424/2420 2362/2366/2362
f 993/993/993 992/992/992 2526/2531/2526
f 2499/2504/2499 1783/1787/1783 2527/2532/2527
f 1581/1584/1581 2528/2533/2528 2529/2534/2529
f 903/903/903 1106/1106/1106 901/901/901
f 2479/2484/2479 2530/2535/2530 1930/1934/1930
f 2531/2536/2531 2466/2471/2466 2504/2509/2504
f 1720/1724/1720 2198/2202/2198 2181/2185/2181
f 2482/2487/2482 2403/2407/2403 2515/2520/2515
f 2532/2537/2532 2533/2538/2533 1586/1589/1586
f 437/437/437 1718/1722/1718 1326/1327/1326
f 2468/2473/2468 2534/2539/2534 2421/2425/2421
f 2535/2540/2535 2536/2541/2536 498/498/498
f 1705/1709/1705 1704/1708/1704 1752/1756/1752
f 2492/2497/2492 2537/2542/2537 2442/2447/2442
f 2538/2543/2538 2518/2523/2518 2444/2449/2444
f 845/845/845 2539/2544/2539 2540/2545/2540
f 803/803/803 748/748/748 747/747/747
f 2541/2546/2541 2542/2547/2542 2543/2548/2543
f 2412/2416/2412 2475/2480/2475 2420/2424/2420
f 1648/1651/1648 1649/1652/1649 2475/2480/2475
f 2162/2166/2162 2218/2222/2218 2107/2111/2107
f 1996/2000/1996 1969/1973/1969 1971/1975/1971
f 2287/2291/2287 2458/2463/2458 1782/1786/1782
f 2544/2549/2544 2390/2394/2390 2392/2396/2392
f 1481/1484/1481 1664/1668/1664 2545/2550/2545
f 2531/2536/2531 536/536/536 2466/2471/2466
f 1563/1566/1563 2546/2551/2546 2547/2552/2547
f 2481/2486/2481 2548/2553/2548 2228/2232/2228
f 370/370/370 2447/2452/2447 2549/2554/2549
f 2421/2425/2421 2534/2539/2534 2404/2408/2404
f 2525/2530/2525 2537/2542/2537 2492/2497/2492
f 2516/2521/2516 2525/2530/2525 2506/2511/2506
f 2550/2555/2550 2516/2521/2516 2507/2512/2507
f 2550/2555/2550 2507/2512/2507 2493/2498/2493
f 2551/2556/2551 2550/2555/2550 2493/2498/2493
f 2517/2522/2517 2551/2556/2551 2493/2498/2493
f 2004/2008/2004 117/117/117 1270/1270/1270
f 2552/2557/2552 569/569/569 421/421/421
f 2553/2558/2553 2554/2559/2554 1735/1739/1735
f 2555/2560/2555 2556/2561/2556 2557/2562/2557
f 1058/1058/1058 2480/2485/2480 1059/1059/1059
f 2558/2563/2558 1773/1777/1773 2482/2487/2482
f 2039/2043/2039 2145/2149/2145 2037/2041/2037
f 1909/1913/1909 1472/1475/1472 1401/1404/1401
f 2559/2564/2559 1655/1658/1655 2560/2565/2560
f 2561/2566/2561 1024/1024/1024 2562/2567/2562
f 2520/2525/2520 2538/2543/2538 2444/2449/2444
f 696/696/696 2520/2525/2520 697/697/697
f 752/752/752 697/697/697 2520/2525/2520
f 567/567/567 569/569/569 810/810/810
f 1649/1652/1649 1146/1146/1146 402/402/402
f 1648/1651/1648 1147/1147/1147 1146/1146/1146
f 189/189/189 2191/2195/2191 2009/2013/2009
f 2498/2503/2498 2265/2269/2265 2563/2568/2563
f 2564/2569/2564 2565/2570/2565 2566/2571/2566
f 2567/2572/2567 2015/2019/2015 2568/2573/2568
f 968/968/968 2403/2407/2403 966/966/966
f 2460/2465/2460 2569/2574/2569 2458/2463/2458
f 487/487/487 2570/2575/2570 2236/2240/2236
f 2571/2576/2571 2270/2274/2270 2269/2273/2269
f 2531/2536/2531 2504/2509/2504 1058/1058/1058
f 2572/2577/2572 1870/1874/1870 2227/2231/2227
f 2573/2578/2573 2558/2563/2558 2515/2520/2515
f 2484/2489/2484 2573/2578/2573 2515/2520/2515
f 2574/2579/2574 1777/1781/1777 1303/1304/1303
f 2468/2473/2468 2469/2474/2469 2575/2580/2575
f 2576/2581/2576 2551/2556/2551 2517/2522/2517
f 2577/2582/2577 2576/2581/2576 2538/2543/2538
f 2518/2523/2518 2538/2543/2538 2576/2581/2576
f 804/804/804 747/747/747 2578/2583/2578
f 746/746/746 2420/2424/2420 2578/2583/2578
f 2300/2304/2300 1414/1417/1414 2301/2305/2301
f 1046/1046/1046 1045/1045/1045 2441/2446/2441
f 2579/2584/2579 2569/2574/2569 2460/2465/2460
f 2390/2394/2390 2579/2584/2579 2460/2465/2460
f 2544/2549/2544 2579/2584/2579 2390/2394/2390
f 1190/1190/1190 2580/2585/2580 1704/1708/1704
f 2581/2586/2581 2582/2587/2582 2583/2588/2583
f 50/50/50 2530/2535/2530 2479/2484/2479
f 50/50/50 2479/2484/2479 48/48/48
f 536/536/536 535/535/535 2521/2526/2521
f 2087/2091/2087 2254/2258/2254 2584/2589/2584
f 614/614/614 2585/2590/2585 612/612/612
f 1642/1645/1642 1590/1593/1590 1644/1647/1644
f 2586/2591/2586 2534/2539/2534 2468/2473/2468
f 2406/2410/2406 2405/2409/2405 2587/2592/2587
f 2575/2580/2575 2588/2593/2588 1690/1694/1690
f 2537/2542/2537 2525/2530/2525 1940/1944/1940
f 2589/2594/2589 2525/2530/2525 2516/2521/2516
f 2550/2555/2550 2589/2594/2589 2516/2521/2516
f 2590/2595/2590 2550/2555/2550 2551/2556/2551
f 2591/2596/2591 2538/2543/2538 2520/2525/2520
f 1556/1559/1556 2592/2597/2592 2593/2598/2593
f 1649/1652/1649 1806/1810/1806 2475/2480/2475
f 2594/2599/2594 1994/1998/1994 2526/2531/2526
f 1099/1099/1099 1101/1101/1101 1399/1402/1399
f 2296/2300/2296 1169/1169/1169 60/60/60
f 2569/2574/2569 1737/1741/1737 2458/2463/2458
f 2595/2600/2595 2569/2574/2569 2579/2584/2579
f 2521/2526/2521 49/49/49 48/48/48
f 2596/2601/2596 2597/2602/2597 2598/2603/2598
f 1916/1920/1916 2511/2516/2511 1917/1921/1917
f 1688/1692/1688 1690/1694/1690 2588/2593/2588
f 2599/2604/2599 2589/2594/2589 2590/2595/2590
f 123/123/123 166/166/166 76/76/76
f 696/696/696 2591/2596/2591 2520/2525/2520
f 2600/2605/2600 2578/2583/2578 2420/2424/2420
f 2594/2599/2594 2526/2531/2526 2527/2532/2527
f 2527/2532/2527 1783/1787/1783 2601/2606/2601
f 2602/2607/2602 2579/2584/2579 2544/2549/2544
f 2580/2585/2580 2602/2607/2602 2544/2549/2544
f 2017/2021/2017 2103/2107/2103 2150/2154/2150
f 535/535/535 49/49/49 2521/2526/2521
f 2603/2608/2603 2604/2609/2604 2605/2610/2605
f 2364/2368/2364 2531/2536/2531 1058/1058/1058
f 2407/2411/2407 2418/2422/2418 2606/2611/2606
f 2574/2579/2574 2607/2612/2607 1777/1781/1777
f 2548/2553/2548 2229/2233/2229 2228/2232/2228
f 2558/2563/2558 1771/1775/1771 1773/1777/1773
f 1024/1024/1024 1023/1023/1023 2608/2613/2608
f 580/580/580 2484/2489/2484 2534/2539/2534
f 2586/2591/2586 580/580/580 2534/2539/2534
f 2575/2580/2575 2609/2614/2609 2586/2591/2586
f 2575/2580/2575 2586/2591/2586 2468/2473/2468
f 2610/2615/2610 1023/1023/1023 2611/2616/2611
f 2590/2595/2590 2551/2556/2551 2285/2289/2285
f 168/168/168 166/166/166 122/122/122
f 1442/1445/1442 696/696/696 698/698/698
f 2519/2524/2519 1503/1506/1503 803/803/803
f 47/47/47 46/46/46 1462/1465/1462
f 690/690/690 2605/2610/2605 2612/2617/2612
f 1148/1148/1148 402/402/402 1146/1146/1146
f 2613/2618/2613 70/70/70 71/71/71
f 2614/2619/2614 1737/1741/1737 2569/2574/2569
f 1613/1616/1613 2595/2600/2595 2602/2607/2602
f 2579/2584/2579 2602/2607/2602 2595/2600/2595
f 323/323/323 325/325/325 608/608/608
f 1188/1188/1188 1190/1190/1190 1930/1934/1930
f 1188/1188/1188 1930/1934/1930 2530/2535/2530
f 2615/2620/2615 1007/1007/1007 2616/2621/2616
f 50/50/50 2617/2622/2617 2530/2535/2530
f 2618/2623/2618 50/50/50 49/49/49
f 2364/2368/2364 537/537/537 2531/2536/2531
f 2572/2577/2572 1060/1060/1060 1870/1874/1870
f 2560/2565/2560 2572/2577/2572 2227/2231/2227
f 2229/2233/2229 2560/2565/2560 2227/2231/2227
f 898/898/898 2229/2233/2229 2548/2553/2548
f 1772/1776/1772 898/898/898 2548/2553/2548
f 2558/2563/2558 2573/2578/2573 2619/2624/2619
f 2620/2625/2620 2619/2624/2619 2573/2578/2573
f 582/582/582 2573/2578/2573 2484/2489/2484
f 580/580/580 582/582/582 2484/2489/2484
f 472/472/472 323/323/323 470/470/470
f 1244/1244/1244 2621/2626/2621 1906/1910/1906
f 2622/2627/2622 2274/2278/2274 2623/2628/2623
f 1939/1943/1939 1940/1944/1940 2525/2530/2525
f 2589/2594/2589 2624/2629/2624 2525/2530/2525
f 2591/2596/2591 696/696/696 1441/1444/1441
f 2113/2117/2113 1292/1292/1292 2128/2132/2128
f 2625/2630/2625 723/723/723 1471/1474/1471
f 2626/2631/2626 804/804/804 2578/2583/2578
f 2030/2034/2030 497/497/497 1515/1518/1515
f 1782/1786/1782 1737/1741/1737 1736/1740/1736
f 661/661/661 452/452/452 689/689/689
f 430/430/430 1985/1989/1985 2365/2369/2365
f 2619/2624/2619 1771/1775/1771 2558/2563/2558
f 582/582/582 2620/2625/2620 2573/2578/2573
f 643/643/643 580/580/580 2586/2591/2586
f 2624/2629/2624 1939/1943/1939 2525/2530/2525
f 2627/2632/2627 2628/2633/2628 2629/2634/2629
f 2577/2582/2577 2538/2543/2538 2591/2596/2591
f 1361/1364/1361 1158/1158/1158 1157/1157/1157
f 1503/1506/1503 549/549/549 698/698/698
f 1994/1998/1994 2630/2635/2630 1148/1148/1148
f 2594/2599/2594 2630/2635/2630 1994/1998/1994
f 2631/2636/2631 846/846/846 16/16/16
f 2595/2600/2595 2614/2619/2614 2569/2574/2569
f 1392/1395/1392 2602/2607/2602 2580/2585/2580
f 1392/1395/1392 2580/2585/2580 1189/1189/1189
f 1188/1188/1188 2632/2637/2632 1189/1189/1189
f 764/764/764 707/707/707 708/708/708
f 2633/2638/2633 49/49/49 535/535/535
f 2188/2192/2188 967/967/967 966/966/966
f 1863/1867/1863 610/610/610 609/609/609
f 1060/1060/1060 2572/2577/2572 2634/2639/2634
f 2560/2565/2560 2635/2640/2635 2572/2577/2572
f 898/898/898 2559/2564/2559 2229/2233/2229
f 1771/1775/1771 899/899/899 1772/1776/1772
f 2636/2641/2636 564/564/564 2637/2642/2637
f 2609/2614/2609 643/643/643 2586/2591/2586
f 1690/1694/1690 2609/2614/2609 2575/2580/2575
f 1919/1923/1919 1820/1824/1820 1511/1514/1511
f 2638/2643/2638 1729/1733/1729 1731/1735/1731
f 1344/1345/1344 1173/1173/1173 1346/1347/1346
f 2599/2604/2599 2624/2629/2624 2589/2594/2589
f 2284/2288/2284 2599/2604/2599 2590/2595/2590
f 2577/2582/2577 1444/1447/1444 2285/2289/2285
f 2284/2288/2284 2590/2595/2590 2285/2289/2285
f 2036/2040/2036 2519/2524/2519 2639/2644/2639
f 2626/2631/2626 2639/2644/2639 804/804/804
f 2626/2631/2626 2600/2605/2600 2411/2415/2411
f 2640/2645/2640 2641/2646/2641 2642/2647/2642
f 2601/2606/2601 1783/1787/1783 1736/1740/1736
f 2643/2648/2643 2594/2599/2594 2601/2606/2601
f 205/205/205 165/165/165 167/167/167
f 1190/1190/1190 1189/1189/1189 2580/2585/2580
f 385/385/385 387/387/387 2644/2649/2644
f 2618/2623/2618 2617/2622/2617 50/50/50
f 326/326/326 376/376/376 284/284/284
f 898/898/898 1772/1776/1772 899/899/899
f 1804/1808/1804 179/179/179 321/321/321
f 2146/2150/2146 1867/1871/1867 1866/1870/1866
f 2619/2624/2619 2645/2650/2645 1771/1775/1771
f 1565/1568/1565 1328/1329/1328 1459/1462/1459
f 2576/2581/2576 2577/2582/2577 2285/2289/2285
f 2036/2040/2036 549/549/549 2519/2524/2519
f 804/804/804 2639/2644/2639 2519/2524/2519
f 604/604/604 517/517/517 504/504/504
f 2646/2651/2646 4/4/4 2647/2652/2647
f 186/186/186 332/332/332 296/296/296
f 2614/2619/2614 1735/1739/1735 1737/1741/1737
f 2595/2600/2595 2648/2653/2648 2614/2619/2614
f 2617/2622/2617 2632/2637/2632 2530/2535/2530
f 537/537/537 2649/2654/2649 535/535/535
f 2650/2655/2650 537/537/537 2364/2368/2364
f 2651/2656/2651 2650/2655/2650 2364/2368/2364
f 1060/1060/1060 2651/2656/2651 2364/2368/2364
f 2635/2640/2635 2634/2639/2634 2572/2577/2572
f 2652/2657/2652 1937/1941/1937 2653/2658/2653
f 2654/2659/2654 2655/2660/2655 2656/2661/2656
f 2559/2564/2559 2560/2565/2560 2229/2233/2229
f 2657/2662/2657 2619/2624/2619 2620/2625/2620
f 2658/2663/2658 2609/2614/2609 1690/1694/1690
f 1360/1363/1360 1690/1694/1690 1689/1693/1689
f 2624/2629/2624 2659/2664/2659 1939/1943/1939
f 2660/2665/2660 2058/2062/2058 2057/2061/2057
f 1442/1445/1442 1441/1444/1441 696/696/696
f 2661/2666/2661 449/449/449 1825/1829/1825
f 2662/2667/2662 2639/2644/2639 2626/2631/2626
f 2409/2413/2409 2411/2415/2411 2600/2605/2600
f 402/402/402 1148/1148/1148 574/574/574
f 2630/2635/2630 2594/2599/2594 2643/2648/2643
f 1736/1740/1736 2663/2668/2663 2601/2606/2601
f 2554/2559/2554 2663/2668/2663 1735/1739/1735
f 1613/1616/1613 2648/2653/2648 2595/2600/2595
f 1392/1395/1392 1613/1616/1613 2602/2607/2602
f 2664/2669/2664 1718/1722/1718 1719/1723/1719
f 2634/2639/2634 2651/2656/2651 1060/1060/1060
f 2559/2564/2559 898/898/898 900/900/900
f 2657/2662/2657 2645/2650/2645 2619/2624/2619
f 2665/2670/2665 2666/2671/2666 2667/2672/2667
f 2668/2673/2668 644/644/644 643/643/643
f 580/580/580 643/643/643 581/581/581
f 2669/2674/2669 2670/2675/2670 2671/2676/2671
f 2175/2179/2175 2672/2677/2672 2138/2142/2138
f 2599/2604/2599 1251/1251/1251 2624/2629/2624
f 29/29/29 1789/1793/1789 2673/2678/2673
f 350/350/350 1093/1093/1093 164/164/164
f 1441/1444/1441 1445/1448/1445 2591/2596/2591
f 1442/1445/1442 549/549/549 548/548/548
f 2411/2415/2411 2662/2667/2662 2626/2631/2626
f 2643/2648/2643 2601/2606/2601 2663/2668/2663
f 1465/1468/1465 396/396/396 493/493/493
f 2632/2637/2632 1393/1396/1393 1189/1189/1189
f 2674/2679/2674 2675/2680/2675 2541/2681/2541
f 2650/2655/2650 2649/2654/2649 537/537/537
f 2635/2640/2635 2560/2565/2560 1655/1658/1655
f 2676/2682/2676 2677/2683/2677 2678/2684/2678
f 2679/2685/2679 899/899/899 2645/2650/2645
f 2680/2686/2680 2657/2662/2657 2620/2625/2620
f 2681/2687/2681 2682/2688/2682 2683/2689/2683
f 2684/2690/2684 53/53/53 52/52/52
f 2685/2691/2685 2284/2288/2284 1444/1447/1444
f 1445/1448/1445 1444/1447/1444 2577/2582/2577
f 549/549/549 2036/2040/2036 547/547/547
f 2410/2414/2410 2409/2413/2409 404/404/404
f 1604/1607/1604 2410/2414/2410 404/404/404
f 2686/2692/2686 1406/1409/1406 2643/2648/2643
f 1736/1740/1736 1735/1739/1735 2663/2668/2663
f 703/703/703 740/740/740 921/921/921
f 2553/2558/2553 1735/1739/1735 2614/2619/2614
f 1195/1195/1195 2047/2051/2047 372/372/372
f 1614/1617/1614 1613/1616/1613 1392/1395/1392
f 1486/1489/1486 1881/1885/1881 1786/1790/1786
f 2618/2623/2618 2687/2693/2687 2617/2622/2617
f 2688/2694/2688 1824/1828/1824 2689/2695/2689
f 1295/1296/1295 2690/2696/2690 1296/1297/1296
f 1573/1576/1573 1478/1481/1478 1549/1552/1549
f 2649/2654/2649 2691/2697/2691 535/535/535
f 2692/2698/2692 2634/2639/2634 2635/2640/2635
f 2693/2699/2693 311/311/311 1196/1196/1196
f 1689/1693/1689 1939/1943/1939 2694/2700/2694
f 880/880/880 879/879/879 2695/2701/2695
f 2659/2664/2659 1251/1251/1251 1250/1250/1250
f 2685/2691/2685 2696/2702/2696 2284/2288/2284
f 1884/1888/1884 2341/2345/2341 2343/2347/2343
f 2697/2703/2697 2698/2704/2698 2699/2705/2699
f 2662/2667/2662 2034/2038/2034 2639/2644/2639
f 2411/2415/2411 2410/2414/2410 2700/2706/2700
f 574/574/574 2701/2707/2701 403/403/403
f 1406/1409/1406 574/574/574 2630/2635/2630
f 2648/2653/2648 2553/2558/2553 2614/2619/2614
f 2687/2693/2687 2702/2708/2702 2617/2622/2617
f 2649/2654/2649 2650/2655/2650 1505/1508/1505
f 2628/2633/2628 2703/2709/2703 2704/2710/2704
f 2651/2656/2651 1506/1509/1506 2650/2655/2650
f 2705/2711/2705 2651/2656/2651 2634/2639/2634
f 2692/2698/2692 2705/2711/2705 2634/2639/2634
f 2635/2640/2635 1655/1658/1655 2692/2698/2692
f 631/631/631 1655/1658/1655 2559/2564/2559
f 1864/1868/1864 1865/1869/1865 2706/2712/2706
f 1879/1883/1879 899/899/899 2679/2685/2679
f 2029/2033/2029 1515/1518/1515 2707/2713/2707
f 2708/2714/2708 2679/2685/2679 2645/2650/2645
f 2708/2714/2708 2645/2650/2645 2657/2662/2657
f 2680/2686/2680 2620/2625/2620 581/581/581
f 2668/2673/2668 643/643/643 2709/2715/2709
f 1690/1694/1690 1360/1363/1360 2658/2663/2658
f 2624/2629/2624 1251/1251/1251 2659/2664/2659
f 2696/2702/2696 1251/1251/1251 2599/2604/2599
f 1841/1845/1841 962/962/962 1769/1773/1769
f 1443/1446/1443 1585/1588/1585 1444/1447/1444
f 1443/1446/1443 1445/1448/1445 2710/2716/2710
f 2700/2706/2700 2662/2667/2662 2411/2415/2411
f 201/201/201 2711/2717/2711 2384/2388/2384
f 2712/2718/2712 2410/2414/2410 1604/1607/1604
f 508/508/508 1262/1262/1262 1261/1261/1261
f 2633/2638/2633 2713/2719/2713 2618/2623/2618
f 1753/1757/1753 1475/1478/1475 1751/1755/1751
f 592/592/592 423/423/423 681/681/681
f 2714/2720/2714 2691/2697/2691 1505/1508/1505
f 2705/2711/2705 1506/1509/1506 2651/2656/2651
f 2715/2721/2715 2708/2714/2708 2657/2662/2657
f 2680/2686/2680 2715/2721/2715 2657/2662/2657
f 1722/1726/1722 1721/1725/1721 2716/2722/2716
f 2717/2723/2717 2718/2724/2718 1286/1286/1286
f 677/677/677 2133/2137/2133 2213/2217/2213
f 2719/2725/2719 1360/1363/1360 1689/1693/1689
f 548/548/548 2710/2716/2710 1441/1444/1441
f 1441/1444/1441 2710/2716/2710 1445/1448/1445
f 2420/2424/2420 2409/2413/2409 2600/2605/2600
f 547/547/547 2036/2040/2036 2035/2039/2035
f 2034/2038/2034 2662/2667/2662 2720/2726/2720
f 2721/2727/2721 2686/2692/2686 2663/2668/2663
f 2554/2559/2554 2721/2727/2721 2663/2668/2663
f 160/160/160 2336/2340/2336 2402/2406/2402
f 105/105/105 174/174/174 103/103/103
f 1612/1615/1612 2722/2728/2722 1613/1616/1613
f 1618/1621/1618 1449/1452/1449 1530/1533/1530
f 1467/1470/1467 1614/1617/1614 1393/1396/1393
f 1467/1470/1467 1393/1396/1393 2702/2708/2702
f 2687/2693/2687 1500/1503/1500 2702/2708/2702
f 2650/2655/2650 1506/1509/1506 1505/1508/1505
f 1879/1883/1879 900/900/900 899/899/899
f 1551/1554/1551 1162/1162/1162 1452/1455/1452
f 2723/2729/2723 892/892/892 891/891/891
f 2724/2730/2724 2128/2132/2128 1292/1292/1292
f 1395/1398/1395 1376/1379/1376 1435/1438/1435
f 1345/1346/1345 1346/1347/1346 1140/1140/1140
f 2659/2664/2659 2694/2700/2694 1939/1943/1939
f 690/690/690 2603/2608/2603 2605/2610/2605
f 606/606/606 2725/2731/2725 1523/1526/1523
f 1585/1588/1585 2685/2691/2685 1444/1447/1444
f 1347/1348/1347 2726/2732/2726 2727/2733/2727
f 1604/1607/1604 404/404/404 403/403/403
f 2247/2251/2247 2246/2250/2246 2728/2734/2728
f 235/235/235 638/638/638 2279/2283/2279
f 2686/2692/2686 1407/1410/1407 1406/1409/1406
f 2280/2284/2280 950/950/950 2095/2099/2095
f 2553/2558/2553 2648/2653/2648 2729/2735/2729
f 2722/2728/2722 2729/2735/2729 2648/2653/2648
f 2424/2428/2424 1843/1847/1843 2225/2229/2225
f 873/873/873 875/875/875 939/939/939
f 2730/2736/2730 1500/1503/1500 2687/2693/2687
f 276/276/276 227/227/227 429/429/429
f 2730/2736/2730 2687/2693/2687 2713/2719/2713
f 1186/1186/1186 941/941/941 940/940/940
f 2062/2066/2062 2731/2737/2731 2732/2738/2732
f 2733/2739/2733 2713/2719/2713 2633/2638/2633
f 2733/2739/2733 2633/2638/2633 2691/2697/2691
f 2734/2740/2734 1504/1507/1504 1506/1509/1506
f 2431/2741/2431 2566/2571/2566 2565/2570/2565
f 2668/2673/2668 2735/2742/2735 644/644/644
f 2736/2743/2736 2709/2715/2709 2658/2663/2658
f 2395/2399/2395 1755/1759/1755 2737/2744/2737
f 2696/2702/2696 1252/1252/1252 1251/1251/1251
f 2738/2745/2738 2739/2746/2739 2740/2747/2740
f 2741/2748/2741 2742/2749/2742 2743/2750/2743
f 2701/2707/2701 1603/1606/1603 403/403/403
f 1405/1408/1405 2701/2707/2701 574/574/574
f 1405/1408/1405 574/574/574 1406/1409/1406
f 2721/2727/2721 2554/2559/2554 2744/2751/2744
f 752/752/752 2434/2438/2434 751/751/751
f 2692/2698/2692 2745/2752/2745 2705/2711/2705
f 900/900/900 632/632/632 631/631/631
f 1877/1881/1877 1879/1883/1879 2679/2685/2679
f 2708/2714/2708 1877/1881/1877 2679/2685/2679
f 2746/2753/2746 2715/2721/2715 2680/2686/2680
f 2747/2754/2747 2748/2755/2748 2749/2756/2749
f 299/299/299 1360/1363/1360 2719/2725/2719
f 2750/2757/2750 2751/2758/2751 2094/2098/2094
f 699/699/699 2710/2716/2710 548/548/548
f 2700/2706/2700 2720/2726/2720 2662/2667/2662
f 334/334/334 781/781/781 335/335/335
f 181/2759/181 2752/2760/2752 2753/2761/2753
f 2754/2762/2754 132/132/132 2755/2763/2755
f 1407/1410/1407 2686/2692/2686 2721/2727/2721
f 1608/1611/1608 1612/1615/1612 1469/1472/1469
f 2714/2720/2714 2733/2739/2733 2691/2697/2691
f 2705/2711/2705 2745/2752/2745 2734/2740/2734
f 2756/2764/2756 2757/2765/2757 952/952/952
f 2692/2698/2692 1655/1658/1655 1656/1659/1656
f 2715/2721/2715 2758/2766/2758 2708/2714/2708
f 2149/2153/2149 2150/2154/2150 2173/2177/2173
f 2668/2673/2668 2709/2715/2709 2736/2743/2736
f 1360/1363/1360 349/349/349 2658/2663/2658
f 1156/1156/1156 2021/2025/2021 2759/2767/2759
f 298/298/298 299/299/299 2719/2725/2719
f 298/298/298 2719/2725/2719 2694/2700/2694
f 2212/2216/2212 2190/2194/2190 1720/1724/1720
f 2760/2768/2760 1443/1446/1443 2710/2716/2710
f 1734/1738/1734 609/609/609 1629/1632/1629
f 2761/2769/2761 1833/1837/1833 1832/1836/1832
f 547/547/547 2121/2125/2121 699/699/699
f 2511/2516/2511 2510/2515/2510 1959/1963/1959
f 2762/2770/2762 2752/2760/2752 2763/2771/2763
f 977/977/977 1312/1313/1312 2183/2187/2183
f 1500/1503/1500 2730/2736/2730 567/567/567
f 2713/2719/2713 2764/2772/2764 2730/2736/2730
f 172/172/172 121/121/121 210/210/210
f 346/346/346 345/345/345 856/856/856
f 630/630/630 2683/2689/2683 1656/1659/1656
f 2330/2334/2330 1817/1821/1817 7/7/7
f 1879/1883/1879 1878/1882/1878 632/632/632
f 2765/2773/2765 2766/2774/2766 2767/2775/2767
f 2758/2766/2758 1877/1881/1877 2708/2714/2708
f 432/432/432 1291/1291/1291 1983/1987/1983
f 2015/2019/2015 2735/2742/2735 2568/2573/2568
f 2768/2776/2768 2259/2263/2259 2261/2265/2261
f 349/349/349 299/299/299 270/270/270
f 2769/2777/2769 2694/2700/2694 2659/2664/2659
f 1668/1672/1668 1823/1827/1823 1669/1673/1669
f 792/792/792 1894/1898/1894 2667/2672/2667
f 1585/1588/1585 1443/1446/1443 2532/2537/2532
f 2121/2125/2121 547/547/547 2035/2039/2035
f 2034/2038/2034 639/639/639 2035/2039/2035
f 2073/2077/2073 2720/2726/2720 2700/2706/2700
f 863/863/863 1928/1932/1928 864/864/864
f 2770/2778/2770 1405/1408/1405 1407/1410/1407
f 2771/2779/2771 2772/2780/2772 447/447/447
f 95/95/95 94/94/94 92/92/92
f 56/56/56 2773/2781/2773 572/572/572
f 2774/2782/2774 2729/2735/2729 2722/2728/2722
f 1561/1564/1561 2775/2783/2775 1562/1565/1562
f 2776/2784/2776 2777/2785/2777 1257/1257/1257
f 1614/1617/1614 1469/1472/1469 1612/1615/1612
f 2764/2772/2764 2713/2719/2713 2733/2739/2733
f 1494/1497/1494 66/66/66 865/865/865
f 2778/2786/2778 2745/2752/2745 2692/2698/2692
f 1656/1659/1656 2683/2689/2683 2682/2688/2682
f 2537/2542/2537 1940/1944/1940 1688/1692/1688
f 2769/2777/2769 298/298/298 2694/2700/2694
f 2779/2787/2779 2780/2788/2780 2781/2789/2781
f 2782/2790/2782 669/669/669 2783/2791/2783
f 386/386/386 385/385/385 2784/2792/2784
f 139/139/139 918/918/918 1165/1165/1165
f 2710/2716/2710 699/699/699 2760/2768/2760
f 637/637/637 639/639/639 2720/2726/2720
f 2034/2038/2034 2720/2726/2720 639/639/639
f 1758/1762/1758 1484/1487/1484 1483/1486/1483
f 1997/2001/1997 1603/1606/1603 2701/2707/2701
f 2785/2793/2785 2786/2794/2786 2787/2795/2787
f 2788/2796/2788 2246/2250/2246 2245/2249/2245
f 2789/2797/2789 2790/2798/2790 441/441/441
f 916/916/916 1359/1362/1359 1403/1406/1403
f 2791/2799/2791 2621/2626/2621 2792/2800/2792
f 1383/1386/1383 1382/1385/1382 2793/2801/2793
f 1499/1502/1499 1468/1471/1468 1467/1470/1467
f 1500/1503/1500 1467/1470/1467 2702/2708/2702
f 2770/2778/2770 1970/1974/1970 1969/1973/1969
f 2733/2739/2733 2714/2720/2714 1606/1609/1606
f 2794/2802/2794 2432/2436/2432 2714/2720/2714
f 2795/2803/2795 1132/1132/1132 2796/2804/2796
f 2616/2621/2616 1609/1612/1609 2797/2805/2797
f 741/741/741 876/876/876 740/740/740
f 2798/2806/2798 2799/2807/2799 1388/1391/1388
f 442/442/442 2681/2687/2681 2800/2808/2800
f 84/84/84 2801/2809/2801 2802/2810/2802
f 2803/2811/2803 2758/2766/2758 2715/2721/2715
f 2746/2753/2746 2803/2811/2803 2715/2721/2715
f 2668/2673/2668 2568/2573/2568 2735/2742/2735
f 2714/2720/2714 1505/1508/1505 2794/2802/2794
f 1459/1462/1459 1512/1515/1512 1644/1647/1644
f 2760/2768/2760 2532/2537/2532 1443/1446/1443
f 2720/2726/2720 2073/2077/2073 637/637/637
f 1603/1606/1603 1803/1807/1803 1604/1607/1604
f 2338/2342/2338 983/983/983 2323/2327/2323
f 2804/2812/2804 2722/2728/2722 1612/1615/1612
f 2805/2813/2805 2604/2609/2604 2806/2814/2806
f 819/819/819 728/728/728 774/774/774
f 1776/1780/1776 1778/1782/1778 2807/2815/2807
f 2808/2816/2808 1778/1782/1778 2607/2612/2607
f 1606/1609/1606 2764/2772/2764 2733/2739/2733
f 2432/2436/2432 1606/1609/1606 2714/2720/2714
f 371/371/371 370/370/370 2809/2817/2809
f 1504/1507/1504 2794/2802/2794 1505/1508/1505
f 2778/2786/2778 2060/2064/2060 2745/2752/2745
f 2778/2786/2778 2692/2698/2692 2682/2688/2682
f 1998/2002/1998 839/839/839 321/321/321
f 630/630/630 2810/2818/2810 2683/2689/2683
f 2811/2819/2811 2812/2820/2812 2669/2674/2669
f 2813/2821/2813 2568/2573/2568 2736/2743/2736
f 2813/2821/2813 2736/2743/2736 349/349/349
f 1250/1250/1250 2769/2777/2769 2659/2664/2659
f 2814/2822/2814 978/978/978 977/977/977
f 1587/1590/1587 1252/1252/1252 2685/2691/2685
f 1296/1297/1296 153/153/153 1724/1728/1724
f 2815/2823/2815 699/699/699 2121/2125/2121
f 2035/2039/2035 639/639/639 2122/2126/2122
f 638/638/638 2122/2126/2122 639/639/639
f 2633/2638/2633 535/535/535 2691/2697/2691
f 1803/1807/1803 2712/2718/2712 1604/1607/1604
f 109/109/109 2816/2824/2816 65/65/65
f 567/567/567 1499/1502/1499 1500/1503/1500
f 567/567/567 2730/2736/2730 568/568/568
f 2817/2825/2817 2818/2826/2818 2819/2827/2819
f 2820/2828/2820 2818/2826/2818 2241/2245/2241
f 632/632/632 1878/1882/1878 2810/2818/2810
f 2821/2829/2821 2822/2830/2822 2823/2831/2823
f 469/469/469 666/666/666 468/468/468
f 1877/1881/1877 2758/2766/2758 2824/2832/2824
f 2825/2833/2825 2824/2832/2824 2758/2766/2758
f 2803/2811/2803 2746/2753/2746 2826/2834/2826
f 2827/2835/2827 2828/2836/2828 724/724/724
f 373/373/373 1238/1238/1238 1240/1240/1240
f 271/271/271 298/298/298 2769/2777/2769
f 206/206/206 122/122/122 172/172/172
f 2829/2837/2829 2532/2537/2532 2760/2768/2760
f 2533/2538/2533 2830/2838/2830 1586/1589/1586
f 1744/1748/1744 1803/1807/1803 1603/1606/1603
f 1744/1748/1744 1603/1606/1603 1997/2001/1997
f 1405/1408/1405 1997/2001/1997 2701/2707/2701
f 2770/2778/2770 1997/2001/1997 1405/1408/1405
f 2432/2436/2432 1607/1610/1607 1606/1609/1606
f 2831/2839/2831 2432/2436/2432 2794/2802/2794
f 713/713/713 2491/2496/2491 714/714/714
f 2148/2152/2148 2832/2840/2832 1874/1878/1874
f 2833/2841/2833 2772/2780/2772 2834/2842/2834
f 2831/2839/2831 2794/2802/2794 1504/1507/1504
f 2060/2064/2060 2224/2228/2224 2734/2740/2734
f 2060/2064/2060 2778/2786/2778 1868/1872/1868
f 199/199/199 1369/1372/1369 704/704/704
f 2803/2811/2803 2825/2833/2825 2758/2766/2758
f 1250/1250/1250 2835/2843/2835 2769/2777/2769
f 1252/1252/1252 2836/2844/2836 1250/1250/1250
f 1587/1590/1587 2836/2844/2836 1252/1252/1252
f 2815/2823/2815 2829/2837/2829 2760/2768/2760
f 2743/2750/2743 1132/1132/1132 1131/1131/1131
f 2354/2358/2354 2332/2336/2332 182/2845/182
f 897/897/897 943/943/943 1004/1004/1004
f 2712/2718/2712 1802/1806/1802 2073/2077/2073
f 1802/1806/1802 2712/2718/2712 1803/1807/1803
f 2134/2138/2134 2133/2137/2133 2309/2313/2309
f 2744/2751/2744 2837/2846/2837 2721/2727/2721
f 128/128/128 127/127/127 2374/2378/2374
f 1612/1615/1612 1608/1611/1608 2804/2812/2804
f 2764/2772/2764 568/568/568 2730/2736/2730
f 162/162/162 2716/2722/2716 1721/1725/1721
f 920/920/920 2764/2772/2764 1606/1609/1606
f 2240/2244/2240 2223/2227/2223 1601/1604/1601
f 2838/2847/2838 1868/1872/1868 2778/2786/2778
f 1155/1155/1155 2053/2057/2053 2099/2103/2099
f 298/298/298 271/271/271 270/270/270
f 2835/2843/2835 271/271/271 2769/2777/2769
f 502/502/502 2835/2843/2835 1250/1250/1250
f 2839/2848/2839 1587/1590/1587 1586/1589/1586
f 2532/2537/2532 1586/1589/1586 1585/1588/1585
f 1756/1760/1756 1605/1608/1605 1707/1711/1707
f 1640/1643/1640 1639/1642/1639 1738/1742/1738
f 1969/1973/1969 1997/2001/1997 2770/2778/2770
f 756/756/756 1480/1483/1480 757/757/757
f 2451/2456/2451 1887/1891/1887 2293/2297/2293
f 2774/2782/2774 2804/2812/2804 1431/1434/1431
f 812/812/812 1499/1502/1499 810/810/810
f 2840/2849/2840 2841/2850/2841 2842/2851/2842
f 2681/2687/2681 2838/2847/2838 2682/2688/2682
f 2843/2852/2843 1899/1903/1899 22/22/22
f 2567/2572/2567 2016/2020/2016 2015/2019/2015
f 2813/2821/2813 2567/2572/2567 2568/2573/2568
f 348/348/348 2813/2821/2813 349/349/349
f 269/269/269 348/348/348 270/270/270
f 1587/1590/1587 2844/2853/2844 2836/2844/2836
f 2532/2537/2532 2829/2837/2829 2533/2538/2533
f 637/637/637 2279/2283/2279 638/638/638
f 2845/2854/2845 2782/2790/2782 2783/2791/2783
f 2605/2610/2605 2604/2609/2604 2846/2855/2846
f 2786/2794/2786 2804/2812/2804 1608/1611/1608
f 2432/2436/2432 2831/2839/2831 1163/1163/1163
f 1164/1164/1164 2831/2839/2831 2224/2228/2224
f 1504/1507/1504 2224/2228/2224 2831/2839/2831
f 1559/1562/1559 1853/1857/1853 2847/2856/2847
f 360/360/360 359/359/359 2848/2857/2848
f 2849/2858/2849 2825/2833/2825 2803/2811/2803
f 2850/2859/2850 607/607/607 2851/2860/2851
f 2849/2858/2849 2826/2834/2826 2014/2018/2014
f 374/374/374 78/78/78 80/80/80
f 502/502/502 2066/2070/2066 2835/2843/2835
f 2836/2844/2836 502/502/502 1250/1250/1250
f 2829/2837/2829 2815/2823/2815 2852/2861/2852
f 891/891/891 890/890/890 625/625/625
f 1744/1748/1744 1743/1747/1743 1803/1807/1803
f 75/75/75 77/77/77 2853/2862/2853
f 2770/2778/2770 2837/2846/2837 1970/1974/1970
f 2370/2374/2370 2854/2863/2854 999/999/999
f 250/250/250 1970/1974/1970 2837/2846/2837
f 797/797/797 904/904/904 817/817/817
f 2855/2864/2855 2143/2147/2143 2142/2146/2142
f 1431/1434/1431 1433/1436/1433 2774/2782/2774
f 2845/2854/2845 641/641/641 2571/2576/2571
f 2787/2795/2787 1608/1611/1608 1468/1471/1468
f 920/920/920 1607/1610/1607 422/422/422
f 1468/1471/1468 1499/1502/1499 812/812/812
f 2488/2493/2488 892/892/892 2489/2494/2489
f 1517/1520/1517 2856/2865/2856 2857/2866/2857
f 2831/2839/2831 1164/1164/1164 1163/1163/1163
f 1878/1882/1878 226/226/226 225/225/225
f 2858/2867/2858 2859/2868/2859 2860/2869/2860
f 2813/2821/2813 348/348/348 2510/2515/2510
f 271/271/271 2835/2843/2835 2861/2870/2861
f 2862/2871/2862 2105/2109/2105 1409/1412/1409
f 2021/2025/2021 2022/2026/2022 2291/2295/2291
f 502/502/502 2836/2844/2836 500/500/500
f 2040/2044/2040 2042/2046/2042 2863/2872/2863
f 868/868/868 867/867/867 2864/2873/2864
f 2122/2126/2122 599/599/599 2121/2125/2121
f 638/638/638 234/234/234 2122/2126/2122
f 248/248/248 250/250/250 2744/2751/2744
f 1433/1436/1433 248/248/248 2865/2874/2865
f 812/812/812 2787/2795/2787 1468/1471/1468
f 2436/2440/2436 2438/2442/2438 2866/2875/2866
f 1451/1454/1451 1183/1183/1183 1198/1198/1198
f 2867/2876/2867 2838/2847/2838 2681/2687/2681
f 2351/2355/2351 2277/2281/2277 2276/2280/2276
f 2825/2833/2825 2868/2877/2868 2824/2832/2824
f 2849/2858/2849 2381/2385/2381 2825/2833/2825
f 2330/2334/2330 9/9/9 507/507/507
f 2828/2836/2828 2827/2835/2827 1956/1960/1956
f 1/1/1 955/955/955 829/829/829
f 152/152/152 2357/2361/2357 1070/1070/1070
f 2439/2444/2439 536/536/536 2521/2526/2521
f 2869/2878/2869 844/844/844 843/843/843
f 2820/2828/2820 2819/2827/2819 2818/2826/2818
f 2415/2419/2415 2479/2484/2479 1477/1480/1477
f 1416/1419/1416 1310/1311/1310 1417/1420/1417
f 1435/1438/1435 1545/1548/1545 1424/1427/1424
f 360/360/360 2848/2857/2848 2870/2879/2870
f 2825/2833/2825 2381/2385/2381 2868/2877/2868
f 2016/2020/2016 2567/2572/2567 2509/2514/2509
f 2039/2043/2039 1902/1906/1902 1903/1907/1903
f 269/269/269 271/271/271 2861/2870/2861
f 2844/2853/2844 500/500/500 2836/2844/2836
f 2871/2880/2871 1485/1488/1485 1631/1634/1631
f 2872/2881/2872 650/650/650 2873/2882/2873
f 2644/2649/2644 2874/2883/2874 933/933/933
f 88/88/88 1691/1695/1691 89/89/89
f 567/567/567 810/810/810 1499/1502/1499
f 1869/1873/1869 1164/1164/1164 2224/2228/2224
f 1197/1197/1197 1306/1307/1306 1225/1225/1225
f 1868/1872/1868 2838/2847/2838 2875/2884/2875
f 1535/1538/1535 2343/2347/2343 1701/1705/1701
f 1458/1461/1458 2172/2176/2172 1936/1940/1936
f 2876/2885/2876 2381/2385/2381 2849/2858/2849
f 2014/2018/2014 2876/2885/2876 2849/2858/2849
f 1407/1410/1407 2721/2727/2721 2837/2846/2837
f 2877/2886/2877 1309/1310/1309 704/704/704
f 2878/2887/2878 420/420/420 2879/2888/2879
f 1959/1963/1959 2510/2515/2510 348/348/348
f 269/269/269 1959/1963/1959 348/348/348
f 1120/1120/1120 1175/1175/1175 1121/1121/1121
f 2066/2070/2066 502/502/502 501/501/501
f 2880/2889/2880 500/500/500 2844/2853/2844
f 2839/2848/2839 2881/2890/2881 2844/2853/2844
f 2881/2890/2881 2880/2889/2880 2844/2853/2844
f 2830/2838/2830 2882/2891/2882 2881/2890/2881
f 2533/2538/2533 2883/2892/2883 2830/2838/2830
f 2829/2837/2829 2884/2893/2884 2533/2538/2533
f 2499/2504/2499 1325/1326/1325 1076/1076/1076
f 2884/2893/2884 2829/2837/2829 2852/2861/2852
f 2884/2893/2884 2852/2861/2852 2885/2894/2885
f 598/598/598 2852/2861/2852 599/599/599
f 234/234/234 600/600/600 599/599/599
f 1732/1736/1732 1659/1663/1659 2677/2683/2677
f 234/234/234 638/638/638 235/235/235
f 236/236/236 600/600/600 234/234/234
f 2746/2753/2746 2680/2686/2680 644/644/644
f 2354/2358/2354 2326/2330/2326 546/546/546
f 2038/2042/2038 1915/1919/1915 1880/1884/1880
f 2886/2895/2886 2120/2124/2120 2316/2320/2316
f 2887/2896/2887 2888/2897/2888 2427/2431/2427
f 235/235/235 2279/2283/2279 2889/2898/2889
f 2890/2899/2890 2279/2283/2279 2074/2078/2074
f 1743/1747/1743 2890/2899/2890 1802/1806/1802
f 1996/2000/1996 1744/1748/1744 1997/2001/1997
f 182/1355/182 181/2759/181 1278/1278/1278
f 1842/1846/1842 2891/2900/2891 1843/1847/1843
f 249/249/249 251/251/251 2892/2901/2892
f 492/492/492 1948/1952/1948 1913/1917/1913
f 2356/2360/2356 1070/1070/1070 2357/2361/2357
f 957/957/957 252/252/252 249/249/249
f 957/957/957 248/248/248 1433/1436/1433
f 2893/2902/2893 1433/1436/1433 1432/1435/1432
f 253/253/253 1781/1785/1781 2894/2903/2894
f 2786/2794/2786 2895/2904/2895 1431/1434/1431
f 2787/2795/2787 2896/2905/2896 2785/2793/2785
f 935/935/935 761/761/761 872/872/872
f 2896/2905/2896 2787/2795/2787 812/812/812
f 1305/1306/1305 1400/1403/1400 1450/1453/1450
f 2897/2906/2897 811/811/811 810/810/810
f 2897/2906/2897 810/810/810 569/569/569
f 2552/2557/2552 2897/2906/2897 569/569/569
f 2898/2907/2898 869/869/869 2899/2908/2899
f 568/568/568 920/920/920 421/421/421
f 1315/1316/1315 1314/1315/1314 2264/2268/2264
f 452/452/452 453/453/453 603/603/603
f 2900/2909/2900 2901/2910/2901 2902/2911/2902
f 2903/2912/2903 1527/1530/1527 1265/1265/1265
f 2904/2913/2904 2905/2914/2905 2906/2915/2906
f 2729/2735/2729 2865/2874/2865 2907/2916/2907
f 1029/1029/1029 1028/1028/1028 1964/1968/1964
f 2875/2884/2875 1567/1570/1567 1868/1872/1868
f 2867/2876/2867 2875/2884/2875 2838/2847/2838
f 441/441/441 2875/2884/2875 2867/2876/2867
f 2908/2917/2908 2909/2918/2909 2910/2919/2910
f 442/442/442 2867/2876/2867 2681/2687/2681
f 443/443/443 442/442/442 672/672/672
f 2800/2808/2800 225/225/225 672/672/672
f 673/673/673 443/443/443 672/672/672
f 2868/2877/2868 2911/2920/2911 226/226/226
f 2661/2666/2661 2848/2857/2848 449/449/449
f 2911/2920/2911 2868/2877/2868 2383/2387/2383
f 2381/2385/2381 2876/2885/2876 2382/2386/2382
f 1760/1764/1760 149/149/149 1628/1631/1628
f 2912/2921/2912 2876/2885/2876 2014/2018/2014
f 2912/2921/2912 2014/2018/2014 2016/2020/2016
f 1733/2922/1733 2913/2923/2913 1131/1131/1131
f 2510/2515/2510 2509/2514/2509 2567/2572/2567
f 1592/1595/1592 1626/1629/1626 1657/1660/1657
f 1960/1964/1960 269/269/269 2861/2870/2861
f 2066/2070/2066 2914/2924/2914 2861/2870/2861
f 2065/2069/2065 2914/2924/2914 2066/2070/2066
f 2915/2925/2915 473/473/473 2916/2926/2916
f 647/647/647 2890/2899/2890 1743/1747/1743
f 1053/1053/1053 2917/2927/2917 2918/2928/2918
f 2919/2929/2919 385/385/385 2920/2930/2920
f 2542/2547/2542 2541/2546/2541 2675/2680/2675
f 811/811/811 2896/2905/2896 812/812/812
f 2921/2931/2921 2922/2932/2922 2923/2933/2923
f 1263/1263/1263 2924/2934/2924 2925/2935/2925
f 2381/2385/2381 2383/2387/2383 2868/2877/2868
f 2912/2921/2912 2382/2386/2382 2876/2885/2876
f 480/480/480 1518/1521/1518 2926/2936/2926
f 1087/1087/1087 942/942/942 1176/1176/1176
f 598/598/598 2885/2894/2885 2852/2861/2852
f 2927/2937/2927 1742/1746/1742 1996/2000/1996
f 2928/2938/2928 252/252/252 957/957/957
f 1856/1860/1856 2785/2793/2785 2896/2905/2896
f 811/811/811 2929/2939/2929 2896/2905/2896
f 2759/2767/2759 2930/2940/2930 1372/1375/1372
f 2875/2884/2875 1875/1879/1875 1567/1570/1567
f 1112/1112/1112 1053/1053/1053 1052/1052/1052
f 2155/2159/2155 2317/2321/2317 978/978/978
f 2931/2941/2931 2932/2942/2932 2918/2928/2918
f 2933/2943/2933 2934/2944/2934 600/600/600
f 2935/2945/2935 103/103/103 174/174/174
f 2892/2901/2892 1971/1975/1971 1970/1974/1970
f 500/500/500 2936/2946/2936 501/501/501
f 2880/2889/2880 2936/2946/2936 500/500/500
f 2937/2947/2937 2880/2889/2880 2881/2890/2881
f 2882/2891/2882 2937/2947/2937 2881/2890/2881
f 2808/2816/2808 2607/2612/2607 2283/2287/2283
f 1075/1075/1075 2425/2429/2425 2459/2464/2459
f 2938/2948/2938 1996/2000/1996 1971/1975/1971
f 222/222/222 188/188/188 390/390/390
f 2939/2949/2939 2940/2950/2940 1699/1703/1699
f 2660/2665/2660 2941/2951/2941 2942/2952/2942
f 2929/2939/2929 1856/1860/1856 2896/2905/2896
f 2897/2906/2897 1035/1035/1035 811/811/811
f 2943/2953/2943 2897/2906/2897 2552/2557/2552
f 2445/2450/2445 161/161/161 160/160/160
f 2944/2954/2944 1607/1610/1607 1163/1163/1163
f 1040/1040/1040 935/935/935 872/872/872
f 2283/2287/2283 2282/2286/2282 1041/1041/1041
f 1544/1547/1544 2945/2955/2945 1543/1546/1543
f 1307/1308/1307 663/663/663 2215/2219/2215
f 2946/2956/2946 2947/2957/2947 2250/2254/2250
f 1959/1963/1959 1958/1962/1958 2511/2516/2511
f 120/120/120 119/119/119 167/167/167
f 611/611/611 1617/1620/1617 609/609/609
f 1748/1752/1748 1750/1754/1750 2948/2958/2948
f 1742/1746/1742 1744/1748/1744 1996/2000/1996
f 2949/2959/2949 2950/2960/2950 2951/2961/2951
f 2933/2943/2933 600/600/600 236/236/236
f 2952/2962/2952 235/235/235 2889/2898/2889
f 2893/2902/2893 2928/2938/2928 957/957/957
f 1432/1435/1432 2953/2963/2953 2893/2902/2893
f 129/129/129 2552/2557/2552 130/130/130
f 1607/1610/1607 2944/2954/2944 131/131/131
f 2954/2964/2954 1661/1665/1661 2955/2965/2955
f 2956/2966/2956 758/758/758 757/757/757
f 2957/2967/2957 2958/2968/2958 2912/2921/2912
f 830/830/830 972/972/972 1067/1067/1067
f 2415/2419/2415 48/48/48 2479/2484/2479
f 634/634/634 636/636/636 2959/2969/2959
f 2677/2683/2677 2430/2970/2430 1732/1736/1732
f 929/929/929 816/816/816 851/851/851
f 2960/2971/2960 2882/2891/2882 2961/2972/2961
f 2934/2944/2934 2885/2894/2885 598/598/598
f 46/46/46 1234/1234/1234 1462/1465/1462
f 2962/2973/2962 647/647/647 1742/1746/1742
f 1546/1549/1546 784/784/784 1520/1523/1520
f 2963/2974/2963 2148/2152/2148 2147/2151/2147
f 2938/2948/2938 2927/2937/2927 1996/2000/1996
f 2892/2901/2892 2964/2975/2964 1971/1975/1971
f 2965/2976/2965 2966/2977/2966 2967/2978/2967
f 1877/1881/1877 2824/2832/2824 1878/1882/1878
f 2517/2522/2517 2518/2523/2518 2576/2581/2576
f 2968/2979/2968 2929/2939/2929 811/811/811
f 1035/1035/1035 2968/2979/2968 811/811/811
f 443/443/443 2969/2980/2969 1594/1597/1594
f 2943/2953/2943 1035/1035/1035 2897/2906/2897
f 2970/2981/2970 2322/2326/2322 2204/2208/2204
f 129/129/129 2943/2953/2943 2552/2557/2552
f 2971/2982/2971 62/62/62 1976/1980/1976
f 1875/1879/1875 1453/1456/1453 1567/1570/1567
f 2972/2983/2972 1833/1837/1833 1214/1214/1214
f 2668/2673/2668 2736/2743/2736 2568/2573/2568
f 443/443/443 673/673/673 2969/2980/2969
f 673/673/673 224/224/224 2973/2984/2973
f 6/6/6 224/224/224 2911/2920/2911
f 4/4/4 6/6/6 2911/2920/2911
f 692/692/692 481/481/481 483/483/483
f 2383/2387/2383 4/4/4 2911/2920/2911
f 401/401/401 364/364/364 453/453/453
f 2974/2985/2974 2957/2967/2957 2509/2514/2509
f 2975/2986/2975 2423/2427/2423 2976/2987/2976
f 2880/2889/2880 2664/2669/2664 2936/2946/2936
f 2937/2947/2937 2664/2669/2664 2880/2889/2880
f 2977/2988/2977 136/136/136 2978/2989/2978
f 2979/2990/2979 2961/2972/2961 2884/2893/2884
f 1742/1746/1742 2927/2937/2927 2962/2973/2962
f 2892/2901/2892 251/251/251 2964/2975/2964
f 2570/2575/2570 2980/2991/2980 2981/2992/2981
f 1579/1582/1579 1404/1407/1404 1455/1458/1455
f 206/206/206 208/208/208 168/168/168
f 1411/1414/1411 242/242/242 988/988/988
f 1453/1456/1453 1452/1455/1452 1566/1569/1566
f 2973/2984/2973 2969/2980/2969 673/673/673
f 6/6/6 2973/2984/2973 224/224/224
f 117/117/117 2005/2009/2005 1570/1573/1570
f 2382/2386/2382 2958/2968/2958 2982/2993/2982
f 2983/2994/2983 2958/2968/2958 2974/2985/2974
f 2957/2967/2957 2974/2985/2974 2958/2968/2958
f 2424/2428/2424 2423/2427/2423 2984/2995/2984
f 2985/2996/2985 2986/2997/2986 2772/2780/2772
f 2960/2971/2960 2937/2947/2937 2882/2891/2882
f 2884/2893/2884 2961/2972/2961 2883/2892/2883
f 2884/2893/2884 2885/2894/2885 2979/2990/2979
f 2987/2998/2987 2979/2990/2979 2885/2894/2885
f 2933/2943/2933 2988/2999/2988 2934/2944/2934
f 2890/2899/2890 646/646/646 2889/2898/2889
f 2989/3000/2989 2962/2973/2962 2927/2937/2927
f 1759/1763/1759 1760/1764/1760 1855/1859/1855
f 2938/2948/2938 2990/3001/2990 2927/2937/2927
f 2964/2975/2964 2991/3002/2991 2938/2948/2938
f 1884/1888/1884 2434/2438/2434 2341/2345/2341
f 2992/3003/2992 2993/3004/2993 2994/3005/2994
f 2995/3006/2995 2996/3007/2996 252/252/252
f 251/251/251 252/252/252 2996/3007/2996
f 2995/3006/2995 252/252/252 2928/2938/2928
f 486/486/486 2980/2991/2980 487/487/487
f 2953/2963/2953 2928/2938/2928 2893/2902/2893
f 1512/1515/1512 1010/1010/1010 1644/1647/1644
f 2060/2064/2060 2734/2740/2734 2745/2752/2745
f 2278/2282/2278 306/306/306 262/262/262
f 441/441/441 1875/1879/1875 2875/2884/2875
f 1728/1732/1728 1667/1671/1667 424/424/424
f 2382/2386/2382 2647/2652/2647 2383/2387/2383
f 2912/2921/2912 2958/2968/2958 2382/2386/2382
f 2997/3008/2997 2974/2985/2974 2998/3009/2998
f 2509/2514/2509 2998/3009/2998 2974/2985/2974
f 2999/3010/2999 260/260/260 3000/3011/3000
f 1917/1921/1917 1958/1962/1958 3001/3012/3001
f 1553/1556/1553 1531/1534/1531 1359/1362/1359
f 2277/2281/2277 2353/2357/2353 2352/2356/2352
f 1719/1723/1719 2124/2128/2124 2664/2669/2664
f 2960/2971/2960 2961/2972/2961 3002/3013/3002
f 2934/2944/2934 2987/2998/2987 2885/2894/2885
f 2933/2943/2933 236/236/236 2952/2962/2952
f 3003/3014/3003 2952/2962/2952 2889/2898/2889
f 645/645/645 3004/3015/3004 646/646/646
f 645/645/645 647/647/647 2962/2973/2962
f 2991/3002/2991 2990/3001/2990 2938/2948/2938
f 982/982/982 2216/2220/2216 1418/1421/1418
f 2991/3002/2991 2964/2975/2964 3005/3016/3005
f 2870/2879/2870 691/691/691 2612/2617/2612
f 2929/2939/2929 1857/1861/1857 1856/1860/1856
f 1895/1899/1895 3006/3017/3006 3007/3018/3007
f 266/266/266 131/131/131 2944/2954/2944
f 1551/1554/1551 266/266/266 2944/2954/2944
f 1551/1554/1551 2944/2954/2944 1162/1162/1162
f 724/724/724 2192/2196/2192 1269/1269/1269
f 2789/2797/2789 441/441/441 1594/1597/1594
f 3008/3019/3008 3009/3020/3009 1950/1954/1950
f 2647/2652/2647 4/4/4 2383/2387/2383
f 147/147/147 149/149/149 1758/1762/1758
f 3010/3021/3010 628/628/628 2463/2468/2463
f 617/617/617 2031/2035/2031 615/615/615
f 1432/1435/1432 2895/2904/2895 2953/2963/2953
f 2936/2946/2936 2664/2669/2664 2124/2128/2124
f 3011/3022/3011 2664/2669/2664 2937/2947/2937
f 3012/3023/3012 418/418/418 3013/3024/3013
f 2988/2999/2988 2933/2943/2933 2477/2482/2477
f 2989/3000/2989 645/645/645 2962/2973/2962
f 3014/3025/3014 3015/3026/3015 3016/3027/3016
f 459/459/459 2995/3006/2995 2928/2938/2928
f 2953/2963/2953 3017/3028/3017 2928/2938/2928
f 1857/1861/1857 2929/2939/2929 1712/1716/1712
f 1036/1036/1036 1035/1035/1035 2943/2953/2943
f 2731/2737/2731 2062/2066/2062 2064/2068/2064
f 538/538/538 2943/2953/2943 129/129/129
f 1503/1506/1503 698/698/698 697/697/697
f 151/151/151 3018/3029/3018 2357/2361/2357
f 1875/1879/1875 441/441/441 2790/2798/2790
f 1366/1369/1366 552/552/552 3019/3030/3019
f 3020/3031/3020 2969/2980/2969 3021/3032/3021
f 1599/1602/1599 2367/2371/2367 2387/2391/2387
f 3022/3033/3022 24/24/24 2252/2256/2252
f 2997/3008/2997 2983/2994/2983 2974/2985/2974
f 1916/1920/1916 2998/3009/2998 2511/2516/2511
f 1379/1382/1379 2886/2895/2886 2119/2123/2119
f 2201/2205/2201 3023/3034/3023 3024/3035/3024
f 255/255/255 3025/3036/3025 2726/2732/2726
f 3011/3022/3011 2937/2947/2937 2960/2971/2960
f 2626/2631/2626 2578/2583/2578 2600/2605/2600
f 244/244/244 357/357/357 351/351/351
f 3026/3037/3026 3027/3038/3027 3028/3039/3028
f 2979/2990/2979 3002/3013/3002 2961/2972/2961
f 2622/2627/2622 2623/2628/2623 925/925/925
f 2417/2421/2417 2480/2485/2480 2397/2401/2397
f 2990/3001/2990 2989/3000/2989 2927/2937/2927
f 1942/1946/1942 2638/2643/2638 1943/1947/1943
f 3029/3040/3029 3017/3028/3017 2953/2963/2953
f 503/503/503 604/604/604 504/504/504
f 538/538/538 1036/1036/1036 2943/2953/2943
f 141/141/141 3030/3041/3030 142/142/142
f 129/129/129 131/131/131 268/268/268
f 2731/2737/2731 2539/2544/2539 844/844/844
f 685/685/685 687/687/687 2790/2798/2790
f 704/704/704 1369/1372/1369 2877/2886/2877
f 2982/2993/2982 2647/2652/2647 2382/2386/2382
f 3031/3042/3031 3032/3043/3032 3033/3044/3033
f 3034/3045/3034 3030/3041/3030 3035/3046/3035
f 3036/3047/3036 3001/3012/3001 1958/1962/1958
f 276/276/276 15/15/15 227/227/227
f 2334/2338/2334 2402/2406/2402 2400/2404/2400
f 2238/2242/2238 2489/2494/2489 2236/2240/2236
f 1035/1035/1035 1034/1034/1034 2968/2979/2968
f 538/538/538 129/129/129 268/268/268
f 1674/1678/1674 3037/3048/3037 3038/3049/3038
f 3039/3050/3039 552/552/552 551/551/551
f 3021/3032/3021 6/6/6 5/5/5
f 104/104/104 3040/3051/3040 3041/3052/3041
f 2843/2852/2843 24/24/24 3042/3053/3042
f 2997/3008/2997 2998/3009/2998 3043/3054/3043
f 3044/3055/3044 3045/3056/3045 3046/3057/3046
f 2099/2103/2099 2053/2057/2053 43/43/43
f 2664/2669/2664 3011/3022/3011 1718/1722/1718
f 3011/3022/3011 2960/2971/2960 1470/1473/1470
f 1952/1956/1952 2454/2459/2454 473/473/473
f 3002/3013/3002 3047/3058/3047 2960/2971/2960
f 3048/3059/3048 3002/3013/3002 2979/2990/2979
f 2987/2998/2987 3048/3059/3048 2979/2990/2979
f 721/721/721 3048/3059/3048 2987/2998/2987
f 3049/3060/3049 645/645/645 3050/3061/3050
f 3051/3062/3051 2989/3000/2989 2990/3001/2990
f 3051/3062/3051 2990/3001/2990 3052/3063/3052
f 3053/3064/3053 2991/3002/2991 3005/3016/3005
f 2718/2724/2718 3005/3016/3005 2996/3007/2996
f 3017/3028/3017 459/459/459 2928/2938/2928
f 3029/3040/3029 3054/3065/3054 3017/3028/3017
f 2973/2984/2973 3021/3032/3021 2969/2980/2969
f 3021/3032/3021 2973/2984/2973 6/6/6
f 2646/2651/2646 5/5/5 4/4/4
f 2983/2994/2983 2997/3008/2997 3055/3066/3055
f 1916/1920/1916 3043/3054/3043 2998/3009/2998
f 3056/3067/3056 2959/2969/2959 3057/3068/3057
f 1329/1330/1329 1140/1140/1140 1174/1174/1174
f 746/746/746 2578/2583/2578 747/747/747
f 1119/1119/1119 3058/3069/3058 529/529/529
f 721/721/721 2987/2998/2987 2988/2999/2988
f 2040/2044/2040 3058/3069/3058 2041/2045/2041
f 2671/2676/2671 2111/2115/2111 3059/3070/3059
f 2933/2943/2933 3060/3071/3060 2477/2482/2477
f 2047/2051/2047 2048/2052/2048 372/372/372
f 2952/2962/2952 3003/3014/3003 3060/3071/3060
f 3004/3015/3004 312/312/312 3003/3014/3003
f 3004/3015/3004 645/645/645 3049/3060/3049
f 2991/3002/2991 3052/3063/3052 2990/3001/2990
f 2310/2314/2310 3061/3072/3061 2367/2371/2367
f 2995/3006/2995 2718/2724/2718 2996/3007/2996
f 2947/2957/2947 2251/2255/2251 2250/2254/2250
f 2408/2412/2408 820/820/820 3062/3073/3062
f 540/540/540 1034/1034/1034 1036/1036/1036
f 687/687/687 1454/1457/1454 1453/1456/1453
f 686/686/686 1454/1457/1454 687/687/687
f 2789/2797/2789 685/685/685 2790/2798/2790
f 3063/3074/3063 3064/3075/3064 3065/3076/3065
f 1549/1552/1549 1502/1505/1502 1617/1620/1617
f 3043/3054/3043 1413/1416/1413 2997/3008/2997
f 3066/3077/3066 3067/3078/3067 3068/3079/3068
f 3069/3080/3069 3001/3012/3001 3036/3047/3036
f 2989/3000/2989 3050/3061/3050 645/645/645
f 2360/2364/2360 2435/2439/2435 1623/1626/1623
f 3051/3062/3051 3050/3061/3050 2989/3000/2989
f 3053/3064/3053 3052/3063/3052 2991/3002/2991
f 2717/2723/2717 3053/3064/3053 3005/3016/3005
f 2718/2724/2718 2717/2723/2717 3005/3016/3005
f 2718/2724/2718 2995/3006/2995 458/458/458
f 457/457/457 459/459/459 3017/3028/3017
f 3054/3065/3054 457/457/457 3017/3028/3017
f 3029/3040/3029 3070/3081/3070 3054/3065/3054
f 538/538/538 268/268/268 539/539/539
f 974/974/974 944/944/944 1027/1027/1027
f 2968/2979/2968 1712/1716/1712 2929/2939/2929
f 2330/2334/2330 2207/2211/2207 1817/1821/1817
f 3071/3082/3071 5/5/5 2646/2651/2646
f 2646/2651/2646 2647/2652/2647 3072/3083/3072
f 2982/2993/2982 3072/3083/3072 2647/2652/2647
f 2982/2993/2982 2983/2994/2983 3073/3084/3073
f 3074/3085/3074 3043/3054/3043 1916/1920/1916
f 1918/1922/1918 3074/3085/3074 1916/1920/1916
f 2174/2178/2174 2218/2222/2218 2162/2166/2162
f 144/144/144 146/146/146 215/215/215
f 1857/1861/1857 2319/2323/2319 3070/3081/3070
f 1712/1716/1712 2319/2323/2319 1857/1861/1857
f 1524/1527/1524 1712/1716/1712 2968/2979/2968
f 2498/2503/2498 1684/1688/1684 1686/1690/1686
f 2514/2519/2514 1550/1553/1550 1551/1554/1551
f 1722/1726/1722 2135/2139/2135 1720/1724/1720
f 3075/3086/3075 3021/3032/3021 5/5/5
f 3071/3082/3071 3075/3086/3075 5/5/5
f 3071/3082/3071 2646/2651/2646 3076/3087/3076
f 1255/1255/1255 1160/1160/1160 1376/1379/1376
f 3077/3088/3077 3078/3089/3078 3079/3090/3079
f 3069/3080/3069 2456/2461/2456 3001/3012/3001
f 3080/3091/3080 1340/1341/1340 280/280/280
f 2212/2216/2212 967/967/967 2190/2194/2190
f 1300/1301/1300 3081/3092/3081 2773/2781/2773
f 2618/2623/2618 2713/2719/2713 2687/2693/2687
f 2625/2630/2625 3047/3058/3047 3002/3013/3002
f 2625/2630/2625 3002/3013/3002 3048/3059/3048
f 721/721/721 2625/2630/2625 3048/3059/3048
f 3082/3093/3082 3035/3046/3035 3039/3050/3039
f 3050/3061/3050 2582/2587/2582 3049/3060/3049
f 1975/1979/1975 3051/3062/3051 3052/3063/3052
f 3083/3094/3083 1975/1979/1975 3052/3063/3052
f 3083/3094/3083 3052/3063/3052 3053/3064/3053
f 2717/2723/2717 3083/3094/3083 3053/3064/3053
f 3084/3095/3084 30/30/30 29/29/29
f 1509/1512/1509 1632/1635/1632 1667/1671/1667
f 821/821/821 888/888/888 1463/1466/1463
f 1034/1034/1034 1524/1527/1524 2968/2979/2968
f 266/266/266 1550/1553/1550 267/267/267
f 686/686/686 486/486/486 1454/1457/1454
f 3085/3096/3085 2789/2797/2789 1594/1597/1594
f 3075/3086/3075 3020/3031/3020 3021/3032/3021
f 642/642/642 641/641/641 2783/2791/2783
f 1413/1416/1413 3043/3054/3043 3086/3097/3086
f 640/640/640 2270/2274/2270 641/641/641
f 1873/1877/1873 1872/1876/1872 3087/3098/3087
f 3069/3080/3069 2598/2603/2598 2597/2602/2597
f 2123/2127/2123 2598/2603/2598 3088/3099/3088
f 1470/1473/1470 1326/1327/1326 3011/3022/3011
f 1347/1348/1347 2727/2733/2727 1540/1543/1540
f 1483/1486/1483 147/147/147 1758/1762/1758
f 616/616/616 516/516/516 575/575/575
f 2695/2701/2695 1754/1758/1754 3089/3100/3089
f 2478/2483/2478 3090/3101/3090 314/314/314
f 312/312/312 3004/3015/3004 313/313/313
f 2750/2757/2750 2623/2628/2623 2464/2469/2464
f 3049/3060/3049 313/313/313 3004/3015/3004
f 3091/3102/3091 3092/3103/3092 3093/3104/3093
f 1884/1888/1884 1535/1538/1535 1374/1377/1374
f 3050/3061/3050 2583/2588/2583 2582/2587/2582
f 3094/3105/3094 3095/3106/3095 2185/2189/2185
f 2457/2462/2457 2321/2325/2321 2320/2324/2320
f 1570/1573/1570 2005/2009/2005 3096/3107/3096
f 3097/3108/3097 1355/1357/1355 2940/2950/2940
f 1003/1003/1003 973/973/973 1069/1069/1069
f 3098/3109/3098 3099/3110/3099 2194/2198/2194
f 2253/2257/2253 2909/2918/2909 951/951/951
f 205/205/205 256/256/256 363/363/363
f 2215/2219/2215 2216/2220/2216 1307/1308/1307
f 1371/1374/1371 3100/3111/3100 1156/1156/1156
f 3101/3112/3101 3102/3113/3102 3103/3114/3103
f 3104/3115/3104 2840/3116/2840 3105/3117/3105
f 2625/2630/2625 1471/1474/1471 3047/3058/3047
f 1976/1980/1976 3083/3094/3083 2971/2982/2971
f 1524/1527/1524 1034/1034/1034 3106/3118/3106
f 539/539/539 267/267/267 2008/2012/2008
f 268/268/268 267/267/267 539/539/539
f 685/685/685 2981/2992/2981 686/686/686
f 1416/1419/1416 1417/1420/1417 78/78/78
f 802/802/802 727/727/727 870/870/870
f 2378/2382/2378 278/278/278 2339/2343/2339
f 279/279/279 278/278/278 2422/2426/2422
f 3073/3084/3073 3107/3119/3107 3072/3083/3072
f 3055/3066/3055 3073/3084/3073 2983/2994/2983
f 989/989/989 3108/3120/3108 3109/3121/3109
f 1654/1657/1654 785/785/785 1583/1586/1583
f 3074/3085/3074 3086/3097/3086 3043/3054/3043
f 72/72/72 1378/1381/1378 73/73/73
f 3110/3122/3110 3111/3123/3111 3112/3124/3112
f 1327/1328/1327 1326/1327/1326 1470/1473/1470
f 3113/3125/3113 3101/3112/3101 3114/3126/3114
f 215/215/215 213/213/213 144/144/144
f 1470/1473/1470 3047/3058/3047 1471/1474/1471
f 2625/2630/2625 721/721/721 723/723/723
f 312/312/312 314/314/314 3090/3101/3090
f 245/245/245 247/247/247 1991/1995/1991
f 2583/2588/2583 3051/3062/3051 1975/1979/1975
f 3083/3094/3083 1976/1980/1976 1975/1979/1975
f 2321/2325/2321 3115/3127/3115 3054/3065/3054
f 2319/2323/2319 1525/1528/1525 2320/2324/2320
f 1525/1528/1525 2319/2323/2319 1712/1716/1712
f 492/492/492 1489/1492/1489 1948/1952/1948
f 2030/2034/2030 969/969/969 497/497/497
f 3116/3128/3116 480/480/480 309/309/309
f 538/538/538 540/540/540 1036/1036/1036
f 3117/3129/3117 486/486/486 488/488/488
f 2890/2899/2890 2074/2078/2074 1802/1806/1802
f 540/540/540 3106/3118/3106 1034/1034/1034
f 775/775/775 773/773/773 730/730/730
f 2789/2797/2789 3085/3096/3085 3118/3130/3118
f 3020/3031/3020 3119/3131/3119 3085/3096/3085
f 3075/3086/3075 3120/3132/3120 3020/3031/3020
f 3107/3119/3107 3076/3087/3076 3072/3083/3072
f 1413/1416/1413 3086/3097/3086 1414/1417/1414
f 3069/3080/3069 3036/3047/3036 3088/3099/3088
f 2456/2461/2456 1113/1113/1113 1775/1779/1775
f 3121/3133/3121 2598/2603/2598 2123/2127/2123
f 1226/1226/1226 2123/2127/2123 1719/1723/1719
f 1226/1226/1226 3121/3133/3121 2123/2127/2123
f 415/415/415 444/444/444 774/774/774
f 1226/1226/1226 1719/1723/1719 437/437/437
f 2988/2999/2988 2476/2481/2476 721/721/721
f 2476/2481/2476 2988/2999/2988 2477/2482/2477
f 3122/3134/3122 3123/3135/3123 1398/1401/1398
f 3049/3060/3049 2582/2587/2582 3124/3136/3124
f 2717/2723/2717 2971/2982/2971 3083/3094/3083
f 1286/1286/1286 2971/2982/2971 2717/2723/2717
f 2616/2621/2616 1007/1007/1007 3125/3137/3125
f 870/870/870 727/727/727 400/400/400
f 2321/2325/2321 2457/2462/2457 3115/3127/3115
f 2783/2791/2783 1596/1599/1596 642/642/642
f 3061/3072/3061 431/431/431 430/430/430
f 2007/2011/2007 2008/2012/2008 267/267/267
f 2007/2011/2007 267/267/267 1550/1553/1550
f 3117/3129/3117 2007/2011/2007 1550/1553/1550
f 486/486/486 686/686/686 2980/2991/2980
f 3126/3138/3126 3120/3132/3120 3075/3086/3075
f 1566/1569/1566 1452/1455/1452 1162/1162/1162
f 3126/3138/3126 3075/3086/3075 3071/3082/3071
f 2785/2793/2785 2895/2904/2895 2786/2794/2786
f 2456/2461/2456 3069/3080/3069 2597/2602/2597
f 2598/2603/2598 3121/3133/3121 2596/2601/2596
f 3127/3139/3127 2547/2552/2547 2546/2551/2546
f 3128/3140/3128 2840/3116/2840 3104/3115/3104
f 659/659/659 314/314/314 313/313/313
f 2581/2586/2581 3124/3136/3124 2582/2587/2582
f 3129/3141/3129 2260/2264/2260 3130/3142/3130
f 3115/3127/3115 949/949/949 457/457/457
f 466/3143/466 2020/3144/2020 2871/2880/2871
f 1426/1429/1426 1524/1527/1524 3106/3118/3106
f 2007/2011/2007 3117/3129/3117 3131/3145/3131
f 3020/3031/3020 3085/3096/3085 1594/1597/1594
f 3020/3031/3020 3120/3132/3120 3119/3131/3119
f 3132/3146/3132 3071/3082/3071 3076/3087/3076
f 3133/3147/3133 3132/3146/3132 3076/3087/3076
f 3107/3119/3107 3133/3147/3133 3076/3087/3076
f 3134/3148/3134 3107/3119/3107 3073/3084/3073
f 3055/3066/3055 3134/3148/3134 3073/3084/3073
f 1415/1418/1415 3055/3066/3055 1413/1416/1413
f 3135/3149/3135 1800/1804/1800 3136/3150/3136
f 204/204/204 167/167/167 168/168/168
f 3137/3151/3137 2472/2477/2472 3138/3152/3138
f 3049/3060/3049 3124/3136/3124 313/313/313
f 2189/2193/2189 2349/2353/2349 2336/2340/2336
f 63/63/63 1287/1287/1287 354/354/354
f 1961/1965/1961 1829/3153/1829 2327/2331/2327
f 3139/3154/3139 3140/3155/3140 2963/2974/2963
f 625/625/625 624/624/624 3131/3145/3131
f 2981/2992/2981 3141/3156/3141 3142/3157/3142
f 3119/3131/3119 3143/3158/3143 3085/3096/3085
f 3132/3146/3132 3126/3138/3126 3071/3082/3071
f 1415/1418/1415 3134/3148/3134 3055/3066/3055
f 2574/2579/2574 1303/1304/1303 3144/3159/3144
f 675/675/675 1674/1678/1674 676/676/676
f 723/723/723 2613/2618/2613 1471/1474/1471
f 721/721/721 2476/2481/2476 722/722/722
f 3145/3160/3145 2476/2481/2476 2478/2483/2478
f 314/314/314 99/99/99 2478/2483/2478
f 3124/3136/3124 659/659/659 313/313/313
f 2141/2145/2141 2581/2586/2581 2583/2588/2583
f 2141/2145/2141 2583/2588/2583 1975/1979/1975
f 458/458/458 1287/1287/1287 1286/1286/1286
f 3146/3161/3146 949/949/949 3115/3127/3115
f 2531/2536/2531 537/537/537 536/536/536
f 3147/3162/3147 1427/1430/1427 3106/3118/3106
f 2166/2170/2166 3147/3162/3147 540/540/540
f 539/539/539 2166/2170/2166 540/540/540
f 488/488/488 3131/3145/3131 3117/3129/3117
f 2074/2078/2074 2073/2077/2073 1802/1806/1802
f 1871/1875/1871 963/963/963 962/962/962
f 2981/2992/2981 3118/3130/3118 3141/3156/3141
f 3148/3163/3148 3149/3164/3149 202/202/202
f 3120/3132/3120 3150/3165/3150 1835/1839/1835
f 2765/2773/2765 3133/3147/3133 3107/3119/3107
f 1112/1112/1112 2597/2602/2597 2596/2601/2596
f 3024/3035/3024 2596/2601/2596 3121/3133/3121
f 2201/2205/2201 3121/3133/3121 1226/1226/1226
f 2201/2205/2201 3024/3035/3024 3121/3133/3121
f 3151/3166/3151 1340/1341/1340 527/527/527
f 2332/3167/2332 183/183/183 182/182/182
f 3145/3160/3145 722/722/722 2476/2481/2476
f 1230/1230/1230 2970/2981/2970 2204/2208/2204
f 2090/2094/2090 1976/1980/1976 62/62/62
f 2316/2320/2316 2119/2123/2119 2886/2895/2886
f 2971/2982/2971 1286/1286/1286 62/62/62
f 1559/1562/1559 3146/3161/3146 2457/2462/2457
f 3152/3168/3152 2792/2800/2792 3153/3169/3153
f 1427/1430/1427 3147/3162/3147 3154/3170/3154
f 3154/3170/3154 2166/2170/2166 3155/3171/3155
f 2007/2011/2007 3131/3145/3131 624/624/624
f 1563/1566/1563 2268/2272/2268 3099/3110/3099
f 3143/3158/3143 3119/3131/3119 1836/1840/1836
f 2765/2773/2765 3107/3119/3107 3134/3148/3134
f 2300/2304/2300 1415/1418/1415 1414/1417/1414
f 2834/2842/2834 2772/2780/2772 81/81/81
f 3156/3172/3156 3145/3160/3145 1897/1901/1897
f 3124/3136/3124 3157/3173/3157 659/659/659
f 949/949/949 3146/3161/3146 354/354/354
f 1559/1562/1559 355/355/355 3146/3161/3146
f 1851/1855/1851 1853/1857/1853 2320/2324/2320
f 2338/2342/2338 2323/2327/2323 2970/2981/2970
f 3158/3174/3158 1808/1812/1808 3159/3175/3159
f 623/623/623 2008/2012/2008 624/624/624
f 784/784/784 1171/1171/1171 1520/1523/1520
f 2819/2827/2819 2820/2828/2820 1935/1939/1935
f 3132/3146/3132 3160/3176/3160 3126/3138/3126
f 3161/3177/3161 3160/3176/3160 3132/3146/3132
f 3133/3147/3133 3161/3177/3161 3132/3146/3132
f 3162/3178/3162 14/14/14 11/11/11
f 3163/3179/3163 3164/3180/3164 3165/3181/3165
f 1774/1778/1774 3086/3097/3086 1775/1779/1775
f 1546/1549/1546 785/785/785 784/784/784
f 1112/1112/1112 1113/1113/1113 2597/2602/2597
f 2917/2927/2917 1112/1112/1112 2596/2601/2596
f 2613/2618/2613 1327/1328/1327 1471/1474/1471
f 2111/2115/2111 2671/2676/2671 170/170/170
f 70/70/70 723/723/723 722/722/722
f 99/99/99 1897/1901/1897 2478/2483/2478
f 99/99/99 659/659/659 97/97/97
f 1323/1324/1323 1983/1987/1983 2318/2322/2318
f 3166/3182/3166 3124/3136/3124 2581/2586/2581
f 3166/3182/3166 2581/2586/2581 3167/3183/3167
f 3168/3184/3168 1213/1213/1213 1212/1212/1212
f 2771/2779/2771 2985/2996/2985 2772/2780/2772
f 1227/1227/1227 1141/1141/1141 1066/1066/1066
f 623/623/623 3155/3171/3155 2008/2012/2008
f 3169/3185/3169 1219/1219/1219 3170/3186/3170
f 2483/2488/2483 3141/3156/3141 1836/1840/1836
f 3143/3158/3143 1836/1840/1836 3141/3156/3141
f 1835/1839/1835 1836/1840/1836 3119/3131/3119
f 2057/2061/2057 3041/3052/3041 3040/3051/3040
f 3161/3177/3161 3133/3147/3133 2767/2775/2767
f 3171/3187/3171 2765/2773/2765 3134/3148/3134
f 1415/1418/1415 3171/3187/3171 3134/3148/3134
f 3172/3188/3172 2105/2109/2105 2862/2871/2862
f 2280/2284/2280 2584/2589/2584 2254/2258/2254
f 435/435/435 437/437/437 1326/1327/1326
f 3173/3189/3173 435/435/435 1327/1328/1327
f 69/69/69 70/70/70 722/722/722
f 3145/3160/3145 69/69/69 722/722/722
f 2946/2956/2946 2141/2145/2141 1974/1978/1974
f 3174/3190/3174 1265/1265/1265 1527/1530/1527
f 458/458/458 949/949/949 1287/1287/1287
f 355/355/355 354/354/354 3146/3161/3146
f 1345/1346/1345 1329/1330/1329 1328/1329/1328
f 2008/2012/2008 3155/3171/3155 2166/2170/2166
f 625/625/625 3131/3145/3131 891/891/891
f 2944/2954/2944 1163/1163/1163 1162/1162/1162
f 1335/1336/1335 1240/1240/1240 1268/1268/1268
f 3142/3157/3142 2570/2575/2570 2981/2992/2981
f 151/151/151 3175/3191/3175 3176/3192/3176
f 23/23/23 2171/2175/2171 2170/2174/2170
f 2765/2773/2765 2767/2775/2767 3133/3147/3133
f 1395/1398/1395 1236/1236/1236 1237/1237/1237
f 2300/2304/2300 3171/3187/3171 1415/1418/1415
f 1890/1894/1890 1889/1893/1889 881/881/881
f 3024/3035/3024 2917/2927/2917 2596/2601/2596
f 436/436/436 2201/2205/2201 1226/1226/1226
f 2613/2618/2613 723/723/723 70/70/70
f 3079/3090/3079 3078/3089/3078 3177/3193/3177
f 3157/3173/3157 97/97/97 659/659/659
f 857/857/857 817/817/817 904/904/904
f 2166/2170/2166 3154/3170/3154 3147/3162/3147
f 2483/2488/2483 3142/3157/3142 3141/3156/3141
f 2765/2773/2765 3171/3187/3171 2766/2774/2766
f 3178/3194/3178 550/550/550 3179/3195/3179
f 1774/1778/1774 2301/2305/2301 1414/1417/1414
f 3091/3102/3091 3173/3189/3173 3092/3103/3092
f 3092/3103/3092 3173/3189/3173 1327/1328/1327
f 3092/3103/3092 1327/1328/1327 2613/2618/2613
f 71/71/71 3092/3103/3092 2613/2618/2613
f 692/692/692 1888/1892/1888 481/481/481
f 3180/3196/3180 2631/2636/2631 2474/2479/2474
f 2323/2327/2323 982/982/982 2203/2207/2203
f 1532/1535/1532 2946/2956/2946 1974/1978/1974
f 809/809/809 858/858/858 793/793/793
f 1552/1555/1552 1620/1623/1620 1400/1403/1400
f 2087/2091/2087 2584/2589/2584 3181/3197/3181
f 2022/2026/2022 2098/2102/2098 3182/3198/3182
f 1852/1856/1852 1851/1855/1851 2163/2167/2163
f 1851/1855/1851 1525/1528/1525 1426/1429/1426
f 1579/1582/1579 1538/1541/1538 1627/1630/1627
f 3183/3199/3183 1973/1977/1973 315/315/315
f 891/891/891 488/488/488 2723/2729/2723
f 1093/1093/1093 108/108/108 114/114/114
f 485/485/485 763/763/763 525/525/525
f 3023/3034/3023 2200/2204/2200 3184/3200/3184
f 3185/3201/3185 2301/2305/2301 1774/1778/1774
f 1113/1113/1113 3185/3201/3185 1774/1778/1774
f 1305/1306/1305 1100/1100/1100 1225/1225/1225
f 2917/2927/2917 3024/3035/3024 3023/3034/3023
f 435/435/435 3173/3189/3173 3186/3202/3186
f 3156/3172/3156 69/69/69 3145/3160/3145
f 98/98/98 3156/3172/3156 1897/1901/1897
f 766/766/766 755/755/755 800/800/800
f 2000/2004/2000 2113/2117/2113 2026/2030/2026
f 3157/3173/3157 3124/3136/3124 3187/3203/3187
f 2800/2808/2800 672/672/672 442/442/442
f 1976/1980/1976 2090/2094/2090 1974/1978/1974
f 1175/1175/1175 45/45/45 1266/1266/1266
f 3154/3170/3154 3155/3171/3155 1826/1830/1826
f 3118/3130/3118 685/685/685 2789/2797/2789
f 2151/2155/2151 2380/2384/2380 1652/1655/1652
f 487/487/487 2723/2729/2723 488/488/488
f 2237/2241/2237 2570/2575/2570 3142/3157/3142
f 448/448/448 2483/2488/2483 446/446/446
f 3188/3204/3188 2684/2690/2684 3189/3205/3189
f 2044/2048/2044 2198/2202/2198 2061/2065/2061
f 3190/3206/3190 2100/2104/2100 229/229/229
f 3023/3034/3023 2201/2205/2201 2200/2204/2200
f 2201/2205/2201 436/436/436 2199/2203/2199
f 435/435/435 3186/3202/3186 436/436/436
f 239/239/239 1085/1085/1085 806/806/806
f 1812/1816/1812 1691/1695/1691 1638/1641/1638
f 3013/3024/3013 2821/2829/2821 3012/3023/3012
f 3187/3203/3187 3124/3136/3124 3166/3182/3166
f 1684/1688/1684 2498/2503/2498 3191/3207/3191
f 1535/1538/1535 1884/1888/1884 2343/2347/2343
f 3192/3208/3192 2666/2671/2666 2665/2670/2665
f 2759/2767/2759 3193/3209/3193 2930/2940/2930
f 623/623/623 1827/1831/1827 3155/3171/3155
f 890/890/890 1464/1467/1464 625/625/625
f 2985/2996/2985 3150/3165/3150 3160/3176/3160
f 2258/2262/2258 2128/2132/2128 2724/2730/2724
f 3194/3210/3194 2446/2451/2446 3195/3211/3195
f 67/67/67 69/69/69 3156/3172/3156
f 67/67/67 3156/3172/3156 606/606/606
f 3196/3212/3196 528/528/528 3197/3213/3197
f 1852/1856/1852 2847/2856/2847 1853/1857/1853
f 3198/3214/3198 2226/2230/2226 1843/1847/1843
f 3199/3215/3199 3200/3216/3200 1562/1565/1562
f 2236/2240/2236 2723/2729/2723 487/487/487
f 2294/2298/2294 508/508/508 1261/1261/1261
f 3201/3217/3201 2237/2241/2237 3142/3157/3142
f 2483/2488/2483 3201/3217/3201 3142/3157/3142
f 448/448/448 3201/3217/3201 2483/2488/2483
f 302/302/302 3202/3218/3202 2522/2527/2522
f 3203/3219/3203 3160/3176/3160 3161/3177/3161
f 2767/2775/2767 3203/3219/3203 3161/3177/3161
f 3171/3187/3171 218/218/218 2766/2774/2766
f 1053/1053/1053 1112/1112/1112 2917/2927/2917
f 216/216/216 218/218/218 2300/2304/2300
f 1679/1683/1679 2139/2143/2139 1301/1302/1301
f 1051/1051/1051 1113/1113/1113 1052/1052/1052
f 1159/1159/1159 1161/1161/1161 1437/1440/1437
f 3186/3202/3186 2199/2203/2199 436/436/436
f 3091/3102/3091 3186/3202/3186 3173/3189/3173
f 3092/3103/3092 71/71/71 3093/3104/3093
f 3204/3220/3204 1295/1296/1295 1297/1298/1297
f 303/303/303 3093/3104/3093 71/71/71
f 70/70/70 69/69/69 68/68/68
f 2314/2318/2314 97/97/97 3205/3221/3205
f 1142/1142/1142 1037/1037/1037 1121/1121/1121
f 1077/1077/1077 1174/1174/1174 1061/1061/1061
f 2847/2856/2847 1560/1563/1560 1559/1562/1559
f 2287/2291/2287 1076/1076/1076 2459/2464/2459
f 1688/1692/1688 2588/2593/2588 2537/2542/2537
f 1826/1830/1826 1427/1430/1427 3154/3170/3154
f 1835/1839/1835 2771/2779/2771 446/446/446
f 3150/3165/3150 2771/2779/2771 1835/1839/1835
f 553/553/553 454/454/454 554/554/554
f 3206/3222/3206 3064/3075/3064 3207/3223/3207
f 496/496/496 498/498/498 2536/2541/2536
f 2301/2305/2301 3185/3201/3185 1799/1803/1799
f 2690/2696/2690 3056/3067/3056 3208/3224/3208
f 1644/1647/1644 1010/1010/1010 1009/1009/1009
f 3209/3225/3209 2200/2204/2200 3210/3226/3210
f 1436/1439/1436 1161/1161/1161 1273/1273/1273
f 303/303/303 68/68/68 67/67/67
f 2389/2393/2389 2499/2504/2499 2527/2532/2527
f 97/97/97 2314/2318/2314 98/98/98
f 3211/3227/3211 3212/3228/3212 3213/3229/3213
f 3214/3230/3214 2471/2476/2471 1795/1799/1795
f 726/726/726 800/800/800 755/755/755
f 529/529/529 528/528/528 1119/1119/1119
f 63/63/63 743/743/743 61/61/61
f 120/120/120 165/165/165 164/164/164
f 951/951/951 2380/2384/2380 2756/2764/2756
f 2847/2856/2847 1852/1856/1852 3215/3231/3215
f 1271/1271/1271 116/116/116 2142/2146/2142
f 1827/1831/1827 1826/1830/1826 3155/3171/3155
f 1741/1745/1741 320/320/320 179/179/179
f 2434/2438/2434 752/752/752 2341/2345/2341
f 130/130/130 422/422/422 1607/1610/1607
f 110/110/110 875/875/875 531/531/531
f 2258/2262/2258 2724/2730/2724 431/431/431
f 3216/3232/3216 3217/3233/3217 3218/3234/3218
f 1206/1206/1206 1191/1191/1191 1288/1288/1288
f 3219/3235/3219 3203/3219/3203 2767/2775/2767
f 3220/3236/3220 2766/2774/2766 218/218/218
f 1109/1109/1109 73/73/73 1110/1110/1110
f 3221/3237/3221 3185/3201/3185 1051/1051/1051
f 3221/3237/3221 1051/1051/1051 2932/2942/2932
f 713/713/713 3205/3221/3205 2491/2496/2491
f 3023/3034/3023 2918/2928/2918 2917/2927/2917
f 3213/3229/3213 2667/2672/2667 3211/3227/3211
f 792/792/792 2667/2672/2667 2666/2671/2666
f 1900/1904/1900 2726/2732/2726 3025/3036/3025
f 2258/2262/2258 2310/2314/2310 2222/2226/2222
f 2878/2887/2878 418/418/418 420/420/420
f 2175/2179/2175 3096/3107/3096 2672/2677/2672
f 743/743/743 3222/3238/3222 61/61/61
f 3011/3022/3011 1326/1327/1326 1718/1722/1718
f 1826/1830/1826 3223/3239/3223 1427/1430/1427
f 3224/3240/3224 2747/2754/2747 3225/3241/3225
f 2448/2453/2448 2387/2391/2387 2366/2370/2366
f 466/3143/466 1631/1634/1631 1630/1633/1630
f 890/890/890 134/134/134 133/133/133
f 2723/2729/2723 2489/2494/2489 892/892/892
f 2236/2240/2236 2489/2494/2489 2723/2729/2723
f 3226/3242/3226 2238/2242/2238 2237/2241/2237
f 3201/3217/3201 3226/3242/3226 2237/2241/2237
f 2766/2774/2766 3227/3243/3227 2767/2775/2767
f 216/216/216 1801/1805/1801 217/217/217
f 1799/1803/1799 216/216/216 2301/2305/2301
f 2563/2568/2563 3191/3207/3191 2498/2503/2498
f 3228/3244/3228 3229/3245/3229 2358/2362/2358
f 3221/3237/3221 1799/1803/1799 3185/3201/3185
f 2918/2928/2918 3023/3034/3023 3184/3200/3184
f 1047/1047/1047 1046/1046/1046 2337/2341/2337
f 3230/3246/3230 2199/2203/2199 3186/3202/3186
f 303/303/303 3231/3247/3231 3093/3104/3093
f 1582/1585/1582 373/373/373 1683/1687/1683
f 98/98/98 606/606/606 3156/3172/3156
f 2706/2712/2706 3232/3248/3232 2606/2611/2606
f 512/512/512 511/511/511 1136/1136/1136
f 3205/3221/3205 3157/3173/3157 3187/3203/3187
f 1053/1053/1053 2932/2942/2932 1051/1051/1051
f 2946/2956/2946 1534/1537/1534 2947/2957/2947
f 2946/2956/2946 1532/1535/1532 1534/1537/1534
f 2211/2215/2211 1533/1536/1533 2090/2094/2090
f 1188/1188/1188 2530/2535/2530 2632/2637/2632
f 2689/2695/2689 3233/3249/3233 1560/1563/1560
f 2689/2695/2689 1560/1563/1560 2847/2856/2847
f 450/450/450 1824/1828/1824 449/449/449
f 3234/3250/3234 3201/3217/3201 448/448/448
f 65/65/65 2816/2824/2816 2101/2105/2101
f 3203/3219/3203 2986/2997/2986 2985/2996/2985
f 3235/3251/3235 3064/3075/3064 3236/3252/3236
f 3227/3243/3227 3219/3235/3219 2767/2775/2767
f 1799/1803/1799 1801/1805/1801 216/216/216
f 1725/1729/1725 151/151/151 153/153/153
f 2491/2496/2491 3187/3203/3187 2249/2253/2249
f 1221/1221/1221 1223/1223/1223 3223/3239/3223
f 1427/1430/1427 3223/3239/3223 1223/1223/1223
f 1828/1832/1828 3223/3239/3223 1826/1830/1826
f 3026/3037/3026 3237/3253/3237 2956/2966/2956
f 2660/2665/2660 2057/2061/2057 573/573/573
f 2279/2283/2279 2890/2899/2890 2889/2898/2889
f 1779/1783/1779 3238/3254/3238 1780/1784/1780
f 3234/3250/3234 3226/3242/3226 3201/3217/3201
f 3239/3255/3239 2986/2997/2986 3219/3235/3219
f 3203/3219/3203 3219/3235/3219 2986/2997/2986
f 217/217/217 3220/3236/3220 218/218/218
f 3240/3256/3240 3241/3257/3241 3242/3258/3242
f 3091/3102/3091 3243/3259/3243 3230/3246/3230
f 3091/3102/3091 3093/3104/3093 3244/3260/3244
f 2850/2859/2850 3231/3247/3231 303/303/303
f 67/67/67 2850/2859/2850 303/303/303
f 2782/2790/2782 3212/3228/3212 669/669/669
f 52/52/52 511/511/511 3245/3261/3245
f 2856/2865/2856 3116/3128/3116 3246/3262/3246
f 87/87/87 145/145/145 144/144/144
f 3247/3263/3247 2358/2362/2358 3229/3245/3229
f 2418/2422/2418 3248/3264/3248 2606/2611/2606
f 353/353/353 1560/1563/1560 742/742/742
f 2688/2694/2688 2689/2695/2689 3215/3231/3215
f 1564/1567/1564 2238/2242/2238 3226/3242/3226
f 3226/3242/3226 3234/3250/3234 1333/1334/1333
f 3234/3250/3234 448/448/448 1944/1948/1944
f 448/448/448 447/447/447 1944/1948/1944
f 2833/2841/2833 447/447/447 2772/2780/2772
f 2869/2878/2869 843/843/843 2131/2135/2131
f 3249/3265/3249 3219/3235/3219 3227/3243/3227
f 2867/2876/2867 442/442/442 441/441/441
f 2445/2450/2445 2159/2163/2159 161/161/161
f 3230/3246/3230 3210/3226/3210 2199/2203/2199
f 3231/3247/3231 3244/3260/3244 3093/3104/3093
f 2725/2731/2725 606/606/606 2314/2318/2314
f 2759/2767/2759 2021/2025/2021 3193/3209/3193
f 3202/3218/3202 1822/1826/1822 3250/3266/3250
f 1222/1222/1222 2951/2961/2951 3215/3231/3215
f 1828/1832/1828 3251/3267/3251 3223/3239/3223
f 3252/3268/3252 1828/1832/1828 1827/1831/1827
f 3253/3269/3253 3254/3270/3254 2798/2806/2798
f 3255/3271/3255 3256/3272/3256 3257/3273/3257
f 3249/3265/3249 3239/3255/3239 3219/3235/3219
f 217/217/217 2169/2173/2169 3220/3236/3220
f 2407/2411/2407 2408/2412/2408 2176/2180/2176
f 1053/1053/1053 2918/2928/2918 2932/2942/2932
f 3149/3164/3149 1963/1967/1963 1962/1966/1962
f 709/709/709 763/763/763 655/655/655
f 358/358/358 3258/3274/3258 450/450/450
f 340/340/340 2947/2957/2947 1534/1537/1534
f 743/743/743 1065/1065/1065 3222/3238/3222
f 3259/3275/3259 1749/1753/1749 1635/1638/1635
f 3233/3249/3233 742/742/742 1560/1563/1560
f 1891/1895/1891 1194/1194/1194 1193/1193/1193
f 1221/1221/1221 2951/2961/2951 1222/1222/1222
f 3251/3267/3251 1221/1221/1221 3223/3239/3223
f 1740/1744/1740 134/134/134 2488/2493/2488
f 1570/1573/1570 118/118/118 117/117/117
f 3260/3276/3260 3249/3265/3249 3227/3243/3227
f 3260/3276/3260 3227/3243/3227 3220/3236/3220
f 2169/2173/2169 3260/3276/3260 3220/3236/3220
f 2199/2203/2199 3210/3226/3210 2200/2204/2200
f 3244/3260/3244 3243/3259/3243 3091/3102/3091
f 3261/3277/3261 203/203/203 202/202/202
f 3231/3247/3231 2850/2859/2850 3262/3278/3262
f 3258/3274/3258 742/742/742 3233/3249/3233
f 3257/3273/3257 2739/2746/2739 3255/3271/3255
f 1750/1754/1750 1749/1753/1749 3263/3279/3263
f 713/713/713 2725/2731/2725 2314/2318/2314
f 338/338/338 340/340/340 1534/1537/1534
f 1533/1536/1533 338/338/338 1534/1537/1534
f 1950/1954/1950 1952/1956/1952 3264/3280/3264
f 3265/3281/3265 3217/3233/3217 3266/3282/3266
f 3267/3283/3267 2211/2215/2211 3222/3238/3222
f 615/615/615 3268/3284/3268 2450/2455/2450
f 3251/3267/3251 1828/1832/1828 2324/2328/2324
f 2324/2328/2324 1828/1832/1828 2308/2312/2308
f 1464/1467/1464 133/133/133 3252/3268/3252
f 1413/1416/1413 3055/3066/3055 2997/3008/2997
f 1944/1948/1944 1943/1947/1943 3234/3250/3234
f 1428/1431/1428 963/963/963 1646/1649/1646
f 3209/3225/3209 3184/3200/3184 2200/2204/2200
f 3269/3285/3269 3210/3226/3210 3230/3246/3230
f 3230/3246/3230 3243/3259/3243 3269/3285/3269
f 2490/2495/2490 2251/2255/2251 3270/3286/3270
f 1727/1731/1727 1726/1730/1726 3267/3283/3267
f 2211/2215/2211 3267/3283/3267 1726/1730/1726
f 1064/1064/1064 3267/3283/3267 1065/1065/1065
f 3233/3249/3233 2689/2695/2689 1824/1828/1824
f 2950/2960/2950 2688/2694/2688 2951/2961/2951
f 1464/1467/1464 3252/3268/3252 1827/1831/1827
f 2738/2745/2738 3271/3287/3271 3272/3288/3272
f 1354/1356/1354 1557/1560/1557 1700/1704/1700
f 3070/3081/3070 1858/1862/1858 1857/1861/1857
f 3273/3289/3273 3165/3181/3165 739/739/739
f 2456/2461/2456 2597/2602/2597 1113/1113/1113
f 2833/2841/2833 1944/1948/1944 447/447/447
f 1539/1542/1539 1177/1177/1177 1105/1105/1105
f 2986/2997/2986 3239/3255/3239 3274/3290/3274
f 3260/3276/3260 3275/3291/3275 3249/3265/3249
f 1801/1805/1801 2169/2173/2169 217/217/217
f 3276/3292/3276 1799/1803/1799 3221/3237/3221
f 1168/1168/1168 968/968/968 1169/1169/1169
f 3277/3293/3277 3276/3292/3276 3221/3237/3221
f 2931/2941/2931 3277/3293/3277 2932/2942/2932
f 3278/3294/3278 2931/2941/2931 3184/3200/3184
f 2918/2928/2918 3184/3200/3184 2931/2941/2931
f 3059/3070/3059 1308/1309/1308 2669/2674/2669
f 1773/1777/1773 1772/1776/1772 2548/2553/2548
f 2850/2859/2850 67/67/67 607/607/607
f 3279/3295/3279 3280/3296/3280 3281/3297/3281
f 2725/2731/2725 713/713/713 715/715/715
f 1439/1442/1439 2118/2122/2118 1926/1930/1926
f 340/340/340 3270/3286/3270 2947/2957/2947
f 2815/2823/2815 2121/2125/2121 599/599/599
f 184/184/184 223/223/223 185/185/185
f 786/786/786 787/787/787 973/973/973
f 2949/2959/2949 2951/2961/2951 1221/1221/1221
f 3251/3267/3251 2949/2959/2949 1221/1221/1221
f 2649/2654/2649 1505/1508/1505 2691/2697/2691
f 363/363/363 243/243/243 205/205/205
f 3282/3298/3282 2703/2709/2703 2628/2633/2628
f 1470/1473/1470 2960/2971/2960 3047/3058/3047
f 2833/2841/2833 1942/1946/1942 1944/1948/1944
f 81/81/81 2772/2780/2772 3274/3290/3274
f 369/369/369 3239/3255/3239 3249/3265/3249
f 1039/1039/1039 935/935/935 1040/1040/1040
f 2171/2175/2171 3260/3276/3260 2169/2173/2169
f 3283/3299/3283 3278/3294/3278 3184/3200/3184
f 1523/1526/1523 607/607/607 606/606/606
f 1819/1823/1819 1488/1491/1488 1711/1715/1711
f 2947/2957/2947 3270/3286/3270 2251/2255/2251
f 2942/2952/2942 3284/3300/3284 3285/3301/3285
f 339/339/339 338/338/338 1726/1730/1726
f 1824/1828/1824 2688/2694/2688 1825/1829/1825
f 1584/1587/1584 1583/1586/1583 1434/1437/1434
f 2834/2842/2834 1942/1946/1942 2833/2841/2833
f 2744/2751/2744 2907/2916/2907 2865/2874/2865
f 3275/3291/3275 369/369/369 3249/3265/3249
f 2169/2173/2169 1801/1805/1801 2170/2174/2170
f 3286/3302/3286 2170/2174/2170 1801/1805/1801
f 599/599/599 2852/2861/2852 2815/2823/2815
f 3209/3225/3209 3283/3299/3283 3184/3200/3184
f 3287/3303/3287 3209/3225/3209 3210/3226/3210
f 3269/3285/3269 3287/3303/3287 3210/3226/3210
f 3244/3260/3244 3231/3247/3231 3288/3304/3288
f 2850/2859/2850 2851/2860/2851 3262/3278/3262
f 1522/1525/1522 2851/2860/2851 607/607/607
f 938/938/938 3289/3305/3289 873/873/873
f 124/124/124 143/143/143 1394/1397/1394
f 2289/2293/2289 194/194/194 193/193/193
f 3258/3274/3258 1063/1063/1063 1065/1065/1065
f 450/450/450 3258/3274/3258 3233/3249/3233
f 3290/3306/3290 533/533/533 3291/3307/3291
f 1256/1256/1256 3269/3285/3269 3292/3308/3292
f 1710/1714/1710 1785/1789/1785 1232/1232/1232
f 3252/3268/3252 2308/2312/2308 1828/1832/1828
f 3293/3309/3293 2308/2312/2308 3252/3268/3252
f 541/541/541 2194/2198/2194 2267/2271/2267
f 3239/3255/3239 369/369/369 3274/3290/3274
f 3294/3310/3294 3275/3291/3275 2171/2175/2171
f 3260/3276/3260 2171/2175/2171 3275/3291/3275
f 2630/2635/2630 574/574/574 1148/1148/1148
f 2274/2278/2274 2273/2277/2273 2464/2469/2464
f 1869/1873/1869 1567/1570/1567 1566/1569/1566
f 3295/3311/3295 3277/3293/3277 2931/2941/2931
f 3209/3225/3209 3287/3303/3287 3283/3299/3283
f 3243/3259/3243 3292/3308/3292 3269/3285/3269
f 3288/3304/3288 3292/3308/3292 3243/3259/3243
f 3288/3304/3288 3231/3247/3231 3262/3278/3262
f 3074/3085/3074 1775/1779/1775 3086/3097/3086
f 3296/3312/3296 2851/2860/2851 1522/1525/1522
f 3297/3313/3297 1522/1525/1522 1523/1526/1523
f 1523/1526/1523 2725/2731/2725 3298/3314/3298
f 3299/3315/3299 3298/3314/3298 715/715/715
f 2490/2495/2490 579/579/579 714/714/714
f 64/64/64 66/66/66 1779/1783/1779
f 3300/3316/3300 579/579/579 2490/2495/2490
f 3300/3316/3300 2490/2495/2490 3270/3286/3270
f 3301/3317/3301 3300/3316/3300 3270/3286/3270
f 340/340/340 3301/3317/3301 3270/3286/3270
f 3302/3318/3302 1653/1656/1653 2512/2517/2512
f 2950/2960/2950 1825/1829/1825 2688/2694/2688
f 3303/3319/3303 2949/2959/2949 3251/3267/3251
f 335/335/335 319/319/319 336/336/336
f 1123/1123/1123 2151/2155/2151 1652/1655/1652
f 2488/2493/2488 3304/3320/3304 1740/1744/1740
f 652/652/652 562/562/562 563/563/563
f 3304/3320/3304 2488/2493/2488 2487/2492/2487
f 3305/3321/3305 2487/2492/2487 1564/1567/1564
f 2648/2653/2648 1613/1616/1613 2722/2728/2722
f 1949/1953/1949 1784/1788/1784 1953/1957/1953
f 2729/2735/2729 2907/2916/2907 2553/2558/2553
f 81/81/81 3274/3290/3274 368/368/368
f 3294/3310/3294 367/367/367 3275/3291/3275
f 623/623/623 625/625/625 1464/1467/1464
f 1254/1254/1254 1128/1128/1128 1127/1127/1127
f 3306/3322/3306 3276/3292/3276 3277/3293/3277
f 3295/3311/3295 3306/3322/3306 3277/3293/3277
f 3278/3294/3278 3295/3311/3295 2931/2941/2931
f 3307/3323/3307 3283/3299/3283 3287/3303/3287
f 3308/3324/3308 3287/3303/3287 3269/3285/3269
f 2735/2742/2735 2015/2019/2015 2826/2834/2826
f 3122/3134/3122 3292/3308/3292 3288/3304/3288
f 3297/3313/3297 3263/3279/3263 1522/1525/1522
f 3297/3313/3297 1523/1526/1523 3298/3314/3298
f 3301/3317/3301 340/340/340 339/339/339
f 570/570/570 755/755/755 683/683/683
f 2913/2923/2913 1193/1193/1193 3309/3325/3309
f 980/980/980 1128/1128/1128 960/960/960
f 2949/2959/2949 3310/3326/3310 2950/2960/2950
f 1921/1925/1921 2308/2312/2308 3293/3309/3293
f 1332/1333/1332 3305/3321/3305 1564/1567/1564
f 3311/3327/3311 3312/3328/3312 3313/3329/3313
f 1588/1591/1588 1626/1629/1626 1473/1476/1473
f 1948/1952/1948 1949/1953/1949 1913/1917/1913
f 1943/1947/1943 1334/1335/1334 1333/1334/1333
f 3314/3330/3314 2638/2643/2638 1942/1946/1942
f 2834/2842/2834 3314/3330/3314 1942/1946/1942
f 83/83/83 3314/3330/3314 2834/2842/2834
f 3279/3295/3279 3010/3021/3010 3280/3296/3280
f 2983/2994/2983 2982/2993/2982 2958/2968/2958
f 369/369/369 3275/3291/3275 367/367/367
f 3135/3149/3135 2252/2256/2252 3286/3302/3286
f 3276/3292/3276 3136/3150/3136 1800/1804/1800
f 3306/3322/3306 3136/3150/3136 3276/3292/3276
f 1012/1012/1012 828/828/828 953/953/953
f 3308/3324/3308 3307/3323/3307 3287/3303/3287
f 1256/1256/1256 3308/3324/3308 3269/3285/3269
f 3296/3312/3296 3262/3278/3262 2851/2860/2851
f 1116/1116/1116 1260/1260/1260 1198/1198/1198
f 1064/1064/1064 3315/3331/3315 1727/1731/1727
f 358/358/358 450/450/450 359/359/359
f 449/449/449 2848/2857/2848 359/359/359
f 3088/3099/3088 2598/2603/2598 3069/3080/3069
f 3310/3326/3310 2949/2959/2949 3303/3319/3303
f 1124/1124/1124 1108/1108/1108 1107/1107/1107
f 3303/3319/3303 2324/2328/2324 1920/1924/1920
f 1050/1050/1050 1166/1166/1166 1111/1111/1111
f 1964/1968/1964 2024/2028/2024 1988/1992/1988
f 24/24/24 23/23/23 2252/2256/2252
f 3286/3302/3286 2252/2256/2252 2170/2174/2170
f 2484/2489/2484 2404/2408/2404 2534/2539/2534
f 108/108/108 115/115/115 114/114/114
f 3263/3279/3263 3296/3312/3296 1522/1525/1522
f 3178/3194/3178 714/714/714 579/579/579
f 132/132/132 2449/2454/2449 3293/3309/3293
f 1130/1130/1130 1659/3332/1659 1131/1131/1131
f 3316/3333/3316 2005/2009/2005 3317/3334/3317
f 749/749/749 554/554/554 604/604/604
f 3294/3310/3294 1901/1905/1901 367/367/367
f 3294/3310/3294 2171/2175/2171 23/23/23
f 1216/1216/1216 3136/3150/3136 3306/3322/3306
f 2134/2138/2134 3278/3294/3278 3283/3299/3283
f 3307/3323/3307 2134/2138/2134 3283/3299/3283
f 3308/3324/3308 2132/2136/2132 3307/3323/3307
f 3318/3335/3318 3297/3313/3297 3298/3314/3298
f 578/578/578 579/579/579 3300/3316/3300
f 2094/2098/2094 1849/1853/1849 1768/1772/1768
f 1064/1064/1064 1063/1063/1063 3319/3336/3319
f 358/358/358 3320/3337/3320 1063/1063/1063
f 3310/3326/3310 1364/1367/1364 2950/2960/2950
f 7/7/7 9/9/9 2330/2334/2330
f 533/533/533 3290/3306/3290 534/534/534
f 81/81/81 368/368/368 82/82/82
f 3136/3150/3136 1215/1215/1215 3135/3149/3135
f 3321/3338/3321 1216/1216/1216 3306/3322/3306
f 3295/3311/3295 3321/3338/3321 3306/3322/3306
f 3278/3294/3278 3322/3339/3322 3295/3311/3295
f 2132/2136/2132 2134/2138/2134 3307/3323/3307
f 1258/1258/1258 2132/2136/2132 3308/3324/3308
f 1964/1968/1964 1988/1992/1988 1850/1854/1850
f 1258/1258/1258 3308/3324/3308 1256/1256/1256
f 1398/1401/1398 1256/1256/1256 3292/3308/3292
f 3323/3340/3323 3123/3135/3123 3262/3278/3262
f 743/743/743 63/63/63 353/353/353
f 3296/3312/3296 3323/3340/3323 3262/3278/3262
f 1749/1753/1749 3296/3312/3296 3263/3279/3263
f 3324/3341/3324 242/242/242 1411/1414/1411
f 3325/3342/3325 3323/3340/3323 3259/3275/3259
f 1750/1754/1750 3263/3279/3263 3297/3313/3297
f 36/36/36 38/38/38 1081/1081/1081
f 3318/3335/3318 1750/1754/1750 3297/3313/3297
f 3178/3194/3178 3299/3315/3299 714/714/714
f 3326/3343/3326 3327/3344/3327 3301/3317/3301
f 3326/3343/3326 3301/3317/3301 339/339/339
f 3320/3337/3320 3319/3336/3319 1063/1063/1063
f 360/360/360 3320/3337/3320 358/358/358
f 2950/2960/2950 1364/1367/1364 1825/1829/1825
f 1362/1365/1362 3310/3326/3310 884/884/884
f 3328/3345/3328 3208/3224/3208 3057/3068/3057
f 132/132/132 1740/1744/1740 2755/2763/2755
f 3329/3346/3329 3304/3320/3304 3305/3321/3305
f 3330/3347/3330 3329/3346/3329 3305/3321/3305
f 3330/3347/3330 3305/3321/3305 1332/1333/1332
f 367/367/367 254/254/254 368/368/368
f 22/22/22 1901/1905/1901 3294/3310/3294
f 22/22/22 3294/3310/3294 23/23/23
f 3022/3033/3022 2252/2256/2252 3135/3149/3135
f 1215/1215/1215 3022/3033/3022 3135/3149/3135
f 3205/3221/3205 3187/3203/3187 2491/2496/2491
f 2134/2138/2134 2309/2313/2309 3278/3294/3278
f 3327/3344/3327 3300/3316/3300 3301/3317/3301
f 3327/3344/3327 578/578/578 3300/3316/3300
f 3326/3343/3326 339/339/339 3331/3348/3331
f 1517/1520/1517 3116/3128/3116 2856/2865/2856
f 3332/3349/3332 3333/3350/3333 3102/3113/3102
f 1334/1335/1334 1203/1203/1203 1332/1333/1332
f 3334/3351/3334 1334/1335/1334 1943/1947/1943
f 1194/1194/1194 1890/1894/1890 2695/2701/2695
f 1729/1733/1729 3314/3330/3314 2894/2903/2894
f 2894/2903/2894 3314/3330/3314 83/83/83
f 679/679/679 745/745/745 591/591/591
f 1507/1510/1507 1306/1307/1306 1321/1322/1321
f 3335/3352/3335 932/932/932 3336/3353/3336
f 1216/1216/1216 1215/1215/1215 3136/3150/3136
f 3322/3339/3322 3321/3338/3321 3295/3311/3295
f 3322/3339/3322 3278/3294/3278 2309/2313/2309
f 3122/3134/3122 1398/1401/1398 3292/3308/3292
f 3179/3195/3179 3318/3335/3318 3299/3315/3299
f 3298/3314/3298 3299/3315/3299 3318/3335/3318
f 3319/3336/3319 3315/3331/3315 1064/1064/1064
f 2370/2374/2370 999/999/999 998/998/998
f 1920/1924/1920 884/884/884 3303/3319/3303
f 1203/1203/1203 3330/3347/3330 1332/1333/1332
f 2894/2903/2894 83/83/83 253/253/253
f 1143/1143/1143 3337/3354/3337 1144/1144/1144
f 2244/2248/2244 2243/2247/2243 3338/3355/3338
f 1749/1753/1749 3323/3340/3323 3296/3312/3296
f 1362/1365/1362 1364/1367/1364 3310/3326/3310
f 1573/1576/1573 1501/1504/1501 1478/1481/1478
f 1299/1300/1299 1301/1302/1301 2672/2677/2672
f 2061/2065/2061 2135/2139/2135 2075/2079/2075
f 132/132/132 2754/2762/2754 2449/2454/2449
f 3339/3356/3339 2935/2945/2935 3340/3357/3340
f 3334/3351/3334 1203/1203/1203 1334/1335/1334
f 825/825/825 682/682/682 683/683/683
f 2594/2599/2594 2527/2532/2527 2601/2606/2601
f 315/315/315 1973/1977/1973 879/879/879
f 1729/1733/1729 2638/2643/2638 3314/3330/3314
f 1312/1313/1312 2309/2313/2309 2183/2187/2183
f 2132/2136/2132 2213/2217/2213 2133/2137/2133
f 1258/1258/1258 2213/2217/2213 2132/2136/2132
f 1945/1949/1945 2068/2072/2068 1981/1985/1981
f 554/554/554 456/456/456 513/513/513
f 845/845/845 3341/3358/3341 843/843/843
f 1398/1401/1398 2776/2784/2776 1257/1257/1257
f 2776/2784/2776 1398/1401/1398 3123/3135/3123
f 3123/3135/3123 3325/3342/3325 2776/2784/2776
f 3325/3342/3325 3123/3135/3123 3323/3340/3323
f 3259/3275/3259 3323/3340/3323 1749/1753/1749
f 1635/1638/1635 1749/1753/1749 1748/1752/1748
f 1679/1683/1679 2773/2781/2773 3342/3359/3342
f 3318/3335/3318 2948/2958/2948 1750/1754/1750
f 2948/2958/2948 3318/3335/3318 3179/3195/3179
f 1367/1370/1367 3179/3195/3179 550/550/550
f 3299/3315/3299 3178/3194/3178 3179/3195/3179
f 3178/3194/3178 579/579/579 551/551/551
f 578/578/578 3039/3050/3039 551/551/551
f 3082/3093/3082 3039/3050/3039 578/578/578
f 3082/3093/3082 578/578/578 3327/3344/3327
f 2304/2308/2304 3082/3093/3082 3327/3344/3327
f 2304/2308/2304 3327/3344/3327 3326/3343/3326
f 3343/3360/3343 2304/2308/2304 3326/3343/3326
f 3343/3360/3343 3326/3343/3326 3331/3348/3331
f 3344/3361/3344 3343/3360/3343 3331/3348/3331
f 2424/2428/2424 1844/1848/1844 1843/1847/1843
f 3345/3362/3345 3344/3361/3344 3315/3331/3315
f 3346/3363/3346 3345/3362/3345 3315/3331/3315
f 3346/3363/3346 3315/3331/3315 3319/3336/3319
f 3347/3364/3347 3346/3363/3346 3319/3336/3319
f 3347/3364/3347 3319/3336/3319 3320/3337/3320
f 3348/3365/3348 3320/3337/3320 360/360/360
f 3349/3366/3349 3350/3367/3350 3351/3368/3351
f 2870/2879/2870 2848/2857/2848 3352/3369/3352
f 1363/1366/1363 3352/3369/3352 2661/2666/2661
f 2238/2242/2238 2487/2492/2487 2489/2494/2489
f 1362/1365/1362 3353/3370/3353 1363/1366/1363
f 884/884/884 3353/3370/3353 1362/1365/1362
f 3354/3371/3354 2628/2633/2628 2704/2710/2704
f 1922/1926/1922 882/882/882 1920/1924/1920
f 3355/3372/3355 1922/1926/1922 2077/2081/2077
f 2449/2454/2449 3356/3373/3356 2077/2081/2077
f 753/753/753 2447/2452/2447 754/754/754
f 2449/2454/2449 2754/2762/2754 3356/3373/3356
f 2754/2762/2754 1463/1466/1463 888/888/888
f 1463/1466/1463 2754/2762/2754 2755/2763/2755
f 197/197/197 1988/1992/1988 2078/2082/2078
f 3357/3374/3357 3329/3346/3329 3330/3347/3330
f 1205/1205/1205 3357/3374/3357 3330/3347/3330
f 1205/1205/1205 3330/3347/3330 1203/1203/1203
f 1203/1203/1203 3334/3351/3334 1204/1204/1204
f 2096/2100/2096 3217/3233/3217 3265/3281/3265
f 3334/3351/3334 2638/2643/2638 3358/3375/3358
f 2638/2643/2638 1731/1735/1731 3358/3375/3358
f 982/982/982 1307/1308/1307 2216/2220/2216
f 1730/1734/1730 1729/1733/1729 2894/2903/2894
f 82/82/82 253/253/253 83/83/83
f 2002/2006/2002 34/34/34 33/33/33
f 255/255/255 254/254/254 3025/3036/3025
f 1900/1904/1900 3025/3036/3025 1901/1905/1901
f 684/684/684 755/755/755 570/570/570
f 254/254/254 367/367/367 3025/3036/3025
f 1901/1905/1901 22/22/22 1899/1903/1899
f 3228/3244/3228 2358/2362/2358 3018/3029/3018
f 3310/3326/3310 3303/3319/3303 884/884/884
f 22/22/22 24/24/24 2843/2852/2843
f 3022/3033/3022 3042/3053/3042 24/24/24
f 3359/3376/3359 3042/3053/3042 3022/3033/3022
f 1217/1217/1217 3359/3376/3359 1215/1215/1215
f 3022/3033/3022 1215/1215/1215 3359/3376/3359
f 2394/2398/2394 1217/1217/1217 1216/1216/1216
f 1216/1216/1216 3321/3338/3321 2394/2398/2394
f 1311/1312/1311 2394/2398/2394 3321/3338/3321
f 1311/1312/1311 3321/3338/3321 3322/3339/3322
f 1311/1312/1311 3322/3339/3322 1312/1313/1312
f 1176/1176/1176 942/942/942 1158/1158/1158
f 1155/1155/1155 2099/2103/2099 2022/2026/2022
f 147/147/147 1578/1581/1578 484/484/484
f 1125/1125/1125 1176/1176/1176 1108/1108/1108
f 307/307/307 2213/2217/2213 1258/1258/1258
f 1258/1258/1258 3360/3377/3360 307/307/307
f 3360/3377/3360 1258/1258/1258 1257/1257/1257
f 1475/1478/1475 2140/2144/2140 159/159/159
f 2914/2924/2914 3036/3047/3036 1960/1964/1960
f 3361/3378/3361 2777/2785/2777 2776/2784/2776
f 3362/3379/3362 3361/3378/3361 2776/2784/2776
f 3362/3379/3362 2776/2784/2776 3325/3342/3325
f 1637/1640/1637 3362/3379/3362 3325/3342/3325
f 3259/3275/3259 1635/1638/1635 1637/1640/1637
f 2910/2919/2910 2253/2257/2253 2452/2457/2452
f 2690/2696/2690 3208/3224/3208 112/112/112
f 2965/2976/2965 2967/2978/2967 1864/1868/1864
f 1064/1064/1064 1727/1731/1727 3267/3283/3267
f 3363/3380/3363 1748/1752/1748 2948/2958/2948
f 1367/1370/1367 2822/2830/2822 3363/3380/3363
f 1366/1369/1366 2822/2830/2822 1367/1370/1367
f 490/490/490 601/601/601 688/688/688
f 2922/2932/2922 1541/1544/1541 3081/3092/3081
f 3039/3050/3039 3035/3046/3035 552/552/552
f 1366/1369/1366 550/550/550 552/552/552
f 3082/3093/3082 2306/2310/2306 3035/3046/3035
f 2306/2310/2306 3082/3093/3082 2304/2308/2304
f 3343/3360/3343 3364/3381/3364 2305/2309/2305
f 3344/3361/3344 3364/3381/3364 3343/3360/3343
f 3344/3361/3344 3345/3362/3345 3365/3382/3365
f 3366/3383/3366 3345/3362/3345 3346/3363/3346
f 3367/3384/3367 3366/3383/3366 3346/3363/3346
f 3367/3384/3367 3346/3363/3346 3347/3364/3347
f 3368/3385/3368 3367/3384/3367 3347/3364/3347
f 3348/3365/3348 2605/2610/2605 3368/3385/3368
f 2612/2617/2612 3348/3365/3348 360/360/360
f 2612/2617/2612 2605/2610/2605 3348/3365/3348
f 2870/2879/2870 2612/2617/2612 360/360/360
f 3040/3051/3040 3369/3386/3369 57/57/57
f 3149/3164/3149 3148/3163/3148 1963/1967/1963
f 3370/3387/3370 3352/3369/3352 1363/1366/1363
f 3370/3387/3370 2293/2297/2293 3352/3369/3352
f 3370/3387/3370 1363/1366/1363 3353/3370/3353
f 883/883/883 3353/3370/3353 884/884/884
f 1922/1926/1922 3355/3372/3355 3371/3388/3371
f 1270/1270/1270 3372/3389/3372 2004/2008/2004
f 3373/3390/3373 3355/3372/3355 3356/3373/3356
f 3373/3390/3373 3356/3373/3356 888/888/888
f 2828/2836/2828 1956/1960/1956 1955/1959/1955
f 1663/1667/1663 1639/1642/1639 1662/1666/1662
f 1032/1032/1032 929/929/929 851/851/851
f 820/820/820 2408/2412/2408 821/821/821
f 3329/3346/3329 822/822/822 1463/1466/1463
f 3357/3374/3357 822/822/822 3329/3346/3329
f 822/822/822 3357/3374/3357 2108/2112/2108
f 1570/1573/1570 2109/2113/2109 1571/1574/1571
f 1205/1205/1205 1204/1204/1204 3374/3391/3374
f 707/707/707 325/325/325 324/324/324
f 2281/2285/2281 2283/2287/2283 2607/2612/2607
f 2503/2508/2503 1731/1735/1731 2855/2864/2855
f 3375/3392/3375 1730/1734/1730 2894/2903/2894
f 255/255/255 1349/1350/1349 1781/1785/1781
f 740/740/740 703/703/703 654/654/654
f 921/921/921 740/740/740 876/876/876
f 2129/2133/2129 2117/2121/2117 2081/2085/2081
f 932/932/932 924/924/924 923/923/923
f 2843/2852/2843 2863/2872/2863 2042/2046/2042
f 1900/1904/1900 2042/2046/2042 2041/2045/2041
f 2863/2872/2863 2843/2852/2843 3042/3053/3042
f 3376/3393/3376 2863/2872/2863 3042/3053/3042
f 3376/3393/3376 3042/3053/3042 3359/3376/3359
f 3377/3394/3377 3376/3393/3376 3359/3376/3359
f 3377/3394/3377 3359/3376/3359 1217/1217/1217
f 2393/2397/2393 1217/1217/1217 2394/2398/2394
f 2393/2397/2393 3377/3394/3377 1217/1217/1217
f 1313/1314/1313 2394/2398/2394 1311/1312/1311
f 977/977/977 1313/1314/1313 1312/1313/1312
f 3378/3395/3378 1355/1357/1355 3097/3108/3097
f 3006/3017/3006 996/996/996 3007/3018/3007
f 3365/3382/3365 3364/3381/3364 3344/3361/3344
f 3366/3383/3366 3365/3382/3365 3345/3362/3345
f 3379/3396/3379 3353/3370/3353 883/883/883
f 883/883/883 882/882/882 1625/1628/1625
f 3380/3397/3380 1204/1204/1204 3358/3375/3358
f 1267/1267/1267 118/118/118 3380/3397/3380
f 3358/3375/3358 2503/2508/2503 3380/3397/3380
f 3375/3392/3375 2143/2147/2143 1730/1734/1730
f 3375/3392/3375 2894/2903/2894 1781/1785/1781
f 2727/2733/2727 2726/2732/2726 1900/1904/1900
f 3360/3377/3360 301/301/301 307/307/307
f 3381/3398/3381 3217/3233/3217 2096/2100/2096
f 483/483/483 690/690/690 692/692/692
f 373/373/373 1240/1240/1240 1416/1419/1416
f 41/41/41 3362/3379/3362 1637/1640/1637
f 41/41/41 1637/1640/1637 1636/1639/1636
f 1755/1759/1755 879/879/879 1973/1977/1973
f 3368/3385/3368 2846/2855/2846 3367/3384/3367
f 792/792/792 2666/2671/2666 1408/1411/1408
f 2293/2297/2293 691/691/691 2870/2879/2870
f 3379/3396/3379 3370/3387/3370 3353/3370/3353
f 888/888/888 3232/3248/3232 3373/3390/3373
f 2108/2112/2108 820/820/820 822/822/822
f 1205/1205/1205 2108/2112/2108 3357/3374/3357
f 2204/2208/2204 2322/2326/2322 2173/2177/2173
f 1495/1498/1495 42/42/42 976/976/976
f 677/677/677 3382/3399/3382 2183/2187/2183
f 1635/1638/1635 1748/1752/1748 2879/2888/2879
f 3363/3380/3363 2878/2887/2878 1748/1752/1748
f 3383/3400/3383 2306/2310/2306 2305/2309/2305
f 3364/3381/3364 3383/3400/3383 2305/2309/2305
f 3367/3384/3367 3384/3401/3384 3366/3383/3366
f 989/989/989 241/241/241 3108/3120/3108
f 1864/1868/1864 2706/2712/2706 2965/2976/2965
f 1587/1590/1587 2685/2691/2685 1585/1588/1585
f 3355/3372/3355 1865/1869/1865 3371/3388/3371
f 2004/2008/2004 3317/3334/3317 2005/2009/2005
f 2855/2864/2855 1730/1734/1730 2143/2147/2143
f 3373/3390/3373 1865/1869/1865 3355/3372/3355
f 2408/2412/2408 887/887/887 821/821/821
f 1571/1574/1571 2108/2112/2108 3374/3391/3374
f 1205/1205/1205 3374/3391/3374 2108/2112/2108
f 1595/1598/1595 21/21/21 642/642/642
f 1564/1567/1564 2487/2492/2487 2238/2242/2238
f 2100/2104/2100 3375/3392/3375 1781/1785/1781
f 3385/3402/3385 1951/1955/1951 3009/3020/3009
f 3276/3292/3276 1800/1804/1800 1799/1803/1799
f 3386/3403/3386 2863/2872/2863 3376/3393/3376
f 2393/2397/2393 42/42/42 3377/3394/3377
f 3387/3404/3387 301/301/301 3360/3377/3360
f 344/344/344 3361/3378/3361 3362/3379/3362
f 41/41/41 344/344/344 3362/3379/3362
f 3364/3381/3364 3365/3382/3365 3388/3405/3388
f 2846/2855/2846 3384/3401/3384 3367/3384/3367
f 1875/1879/1875 2790/2798/2790 687/687/687
f 3389/3406/3389 3379/3396/3379 883/883/883
f 1625/1628/1625 3389/3406/3389 883/883/883
f 887/887/887 3232/3248/3232 888/888/888
f 3304/3320/3304 2487/2492/2487 3305/3321/3305
f 877/877/877 21/21/21 20/20/20
f 2967/2978/2967 575/575/575 516/516/516
f 3190/3206/3190 2143/2147/2143 3375/3392/3375
f 2100/2104/2100 3190/3206/3190 3375/3392/3375
f 1710/1714/1710 1763/1767/1763 1785/1789/1785
f 3261/3277/3261 3149/3164/3149 3390/3407/3390
f 2879/2888/2879 1636/1639/1636 1635/1638/1635
f 3391/3408/3391 260/260/260 1685/1689/1685
f 2878/2887/2878 2879/2888/2879 1748/1752/1748
f 176/176/176 1394/1397/1394 212/212/212
f 2822/2830/2822 3013/3024/3013 3363/3380/3363
f 552/552/552 3035/3046/3035 3019/3030/3019
f 740/740/740 654/654/654 671/671/671
f 3034/3045/3034 3035/3046/3035 2306/2310/2306
f 1547/1550/1547 1569/1572/1569 1624/1627/1624
f 3392/3409/3392 3388/3405/3388 1650/1653/1650
f 3366/3383/3366 1946/1950/1946 3365/3382/3365
f 3384/3401/3384 1946/1950/1946 3366/3383/3366
f 1337/1338/1337 1336/1337/1336 3256/3272/3256
f 365/365/365 366/366/366 456/456/456
f 2605/2610/2605 2846/2855/2846 3368/3385/3368
f 2550/2555/2550 2590/2595/2590 2589/2594/2589
f 3379/3396/3379 2293/2297/2293 3370/3387/3370
f 515/515/515 1625/1628/1625 3371/3388/3371
f 1865/1869/1865 515/515/515 3371/3388/3371
f 1865/1869/1865 3373/3390/3373 2706/2712/2706
f 2270/2274/2270 640/640/640 3393/3410/3393
f 1900/1904/1900 2041/2045/2041 2727/2733/2727
f 3122/3134/3122 3262/3278/3262 3123/3135/3123
f 3386/3403/3386 2040/2044/2040 2863/2872/2863
f 281/281/281 3386/3403/3386 3376/3393/3376
f 281/281/281 3376/3393/3376 3377/3394/3377
f 42/42/42 281/281/281 3377/3394/3377
f 244/244/244 163/163/163 165/165/165
f 2255/2259/2255 1200/1200/1200 1966/1970/1966
f 108/108/108 14/14/14 115/115/115
f 3394/3411/3394 2777/2785/2777 3361/3378/3361
f 344/344/344 3394/3411/3394 3361/3378/3361
f 2218/2222/2218 1702/1706/1702 2289/2293/2289
f 3034/3045/3034 2306/2310/2306 3383/3400/3383
f 3089/3100/3089 1194/1194/1194 2695/2701/2695
f 2142/2146/2142 2503/2508/2503 2855/2864/2855
f 3215/3231/3215 1852/1856/1852 1222/1222/1222
f 1347/1348/1347 1349/1350/1349 2726/2732/2726
f 304/304/304 361/361/361 256/256/256
f 3382/3399/3382 977/977/977 2183/2187/2183
f 1785/1789/1785 1786/1790/1786 1902/1906/1902
f 3383/3400/3383 3364/3381/3364 3392/3409/3392
f 3355/3372/3355 2077/2081/2077 3356/3373/3356
f 181/2759/181 2753/2761/2753 1278/1278/1278
f 1059/1059/1059 2455/2460/2455 1870/1874/1870
f 2855/2864/2855 1731/1735/1731 1730/1734/1730
f 978/978/978 2814/2822/2814 2155/2159/2155
f 301/301/301 300/300/300 308/308/308
f 3387/3404/3387 302/302/302 301/301/301
f 330/330/330 388/388/388 393/393/393
f 302/302/302 3387/3404/3387 3202/3218/3202
f 3202/3218/3202 3394/3411/3394 1822/1826/1822
f 1822/1826/1822 344/344/344 40/40/40
f 39/39/39 1636/1639/1636 2239/2243/2239
f 39/39/39 190/190/190 40/40/40
f 2239/2243/2239 2879/2888/2879 420/420/420
f 3244/3260/3244 3288/3304/3288 3243/3259/3243
f 2878/2887/2878 3013/3024/3013 418/418/418
f 3013/3024/3013 2822/2830/2822 2821/2829/2821
f 3019/3030/3019 1249/1249/1249 2823/2831/2823
f 3030/3041/3030 141/141/141 1249/1249/1249
f 2744/2751/2744 2554/2559/2554 2907/2916/2907
f 512/512/512 1136/1136/1136 1137/1137/1137
f 1793/1797/1793 1794/1798/1794 2160/2164/2160
f 3384/3401/3384 1947/1951/1947 1946/1950/1946
f 2390/2394/2390 2425/2429/2425 2391/2395/2391
f 3226/3242/3226 1333/1334/1333 1564/1567/1564
f 2604/2609/2604 2805/2813/2805 3395/3412/3395
f 2603/2608/2603 2806/2814/2806 2604/2609/2604
f 3396/3413/3396 2539/2544/2539 2064/2068/2064
f 2293/2297/2293 1886/1890/1886 691/691/691
f 894/894/894 1581/1584/1581 3397/3414/3397
f 2293/2297/2293 3379/3396/3379 2451/2456/2451
f 3398/3415/3398 1294/1295/1294 1630/3416/1630
f 2180/2184/2180 2172/2176/2172 2156/2160/2156
f 3389/3406/3389 1625/1628/1625 514/514/514
f 516/516/516 616/616/616 514/514/514
f 516/516/516 515/515/515 1864/1868/1864
f 2407/2411/2407 2606/2611/2606 3232/3248/3232
f 3232/3248/3232 887/887/887 2407/2411/2407
f 2407/2411/2407 2176/2180/2176 2418/2422/2418
f 3062/3073/3062 2176/2180/2176 2408/2412/2408
f 118/118/118 1571/1574/1571 3374/3391/3374
f 2924/2934/2924 37/37/37 195/195/195
f 879/879/879 881/881/881 315/315/315
f 116/116/116 1270/1270/1270 117/117/117
f 518/518/518 455/455/455 434/434/434
f 3157/3173/3157 3205/3221/3205 97/97/97
f 229/229/229 2100/2104/2100 1348/1349/1348
f 2100/2104/2100 1349/1350/1349 1348/1349/1348
f 1660/1664/1660 1348/1349/1348 1347/1348/1347
f 1540/1543/1540 2041/2045/2041 3058/3069/3058
f 2040/2044/2040 529/529/529 3058/3069/3058
f 3386/3403/3386 3151/3166/3151 2040/2044/2040
f 281/281/281 280/280/280 3386/3403/3386
f 297/297/297 592/592/592 337/337/337
f 2393/2397/2393 976/976/976 42/42/42
f 977/977/977 3382/3399/3382 2814/2822/2814
f 310/310/310 1485/1488/1485 2871/2880/2871
f 615/615/615 2450/2455/2450 1298/1299/1298
f 1785/1789/1785 1902/1906/1902 1880/1884/1880
f 2034/2038/2034 2036/2040/2036 2639/2644/2639
f 1570/1573/1570 3096/3107/3096 2109/2113/2109
f 269/269/269 1960/1964/1960 1959/1963/1959
f 1121/1121/1121 1037/1037/1037 1021/1021/1021
f 1575/1578/1575 3399/3417/3399 1055/1055/1055
f 3280/3296/3280 3400/3418/3400 3281/3297/3281
f 3338/3355/3338 791/791/791 2244/2248/2244
f 3401/3419/3401 3402/3420/3402 2106/2110/2106
f 2940/2950/2940 2290/2294/2290 3403/3421/3403
f 819/819/819 760/760/760 728/728/728
f 1313/1314/1313 976/976/976 2393/2397/2393
f 3146/3161/3146 3115/3127/3115 2457/2462/2457
f 2643/2648/2643 2663/2668/2663 2686/2692/2686
f 58/58/58 967/967/967 2288/2292/2288
f 512/512/512 3392/3409/3392 1650/1653/1650
f 3404/3422/3404 2454/2459/2454 3405/3423/3405
f 25/25/25 27/27/27 31/31/31
f 1597/1600/1597 3406/3424/3406 1595/1598/1595
f 2658/2663/2658 2709/2715/2709 2609/2614/2609
f 300/300/300 302/302/302 2524/2529/2524
f 2524/2529/2524 3407/3425/3407 1211/1211/1211
f 3408/3426/3408 2523/2528/2523 2522/2527/2522
f 2010/2014/2010 3408/3426/3408 3250/3266/3250
f 2786/2794/2786 1608/1611/1608 2787/2795/2787
f 2191/2195/2191 190/190/190 1269/1269/1269
f 566/566/566 565/565/565 3194/3210/3194
f 2459/2464/2459 1076/1076/1076 1075/1075/1075
f 1602/1605/1602 3012/3023/3012 3409/3427/3409
f 804/804/804 2519/2524/2519 803/803/803
f 3409/3427/3409 3410/3428/3410 1248/1248/1248
f 3409/3427/3409 1248/1248/1248 2473/2478/2473
f 1247/1247/1247 3411/3429/3411 1248/1248/1248
f 176/176/176 124/124/124 1394/1397/1394
f 141/141/141 53/53/53 1247/1247/1247
f 1486/1489/1486 1763/1767/1763 1011/1011/1011
f 482/482/482 3174/3190/3174 3412/3430/3412
f 51/51/51 53/53/53 141/141/141
f 511/511/511 52/52/52 51/51/51
f 597/597/597 3079/3090/3079 3413/3431/3413
f 3104/3115/3104 3105/3117/3105 3414/3432/3414
f 512/512/512 1651/1654/1651 510/510/510
f 1651/1654/1651 1947/1951/1947 2405/2409/2405
f 2405/2409/2405 1947/1951/1947 3415/3433/3415
f 623/623/623 1464/1467/1464 1827/1831/1827
f 3415/3433/3415 2805/2813/2805 3412/3430/3412
f 3174/3190/3174 3416/3434/3416 3412/3430/3412
f 2806/2814/2806 482/482/482 3412/3430/3412
f 2806/2814/2806 483/483/483 482/482/482
f 3005/3016/3005 2964/2975/2964 251/251/251
f 3417/3435/3417 1888/1892/1888 3268/3284/3268
f 2870/2879/2870 3352/3369/3352 2293/2297/2293
f 1018/1018/1018 1110/1110/1110 945/945/945
f 3037/3048/3037 474/474/474 2235/2239/2235
f 2069/2073/2069 2164/2168/2164 2174/2178/2174
f 575/575/575 617/617/617 616/616/616
f 516/516/516 1864/1868/1864 2967/2978/2967
f 899/899/899 1771/1775/1771 2645/2650/2645
f 3057/3068/3057 3418/3436/3418 3328/3345/3328
f 2450/2455/2450 3268/3284/3268 1887/1891/1887
f 2806/2814/2806 2603/2608/2603 483/483/483
f 315/315/315 155/155/155 3183/3199/3183
f 3419/3437/3419 938/938/938 939/939/939
f 2120/2124/2120 2093/2097/2093 2160/2164/2160
f 2176/2180/2176 2138/2142/2138 2418/2422/2418
f 2045/2049/2045 2469/2474/2469 2468/2473/2468
f 2176/2180/2176 3062/3073/3062 2175/2179/2175
f 3420/3438/3420 35/35/35 34/34/34
f 3316/3333/3316 2672/2677/2672 3096/3107/3096
f 3372/3389/3372 1270/1270/1270 3421/3439/3421
f 109/109/109 3421/3439/3421 2816/2824/2816
f 2321/2325/2321 3070/3081/3070 2319/2323/2319
f 230/230/230 2816/2824/2816 228/228/228
f 1917/1921/1917 3001/3012/3001 1918/1922/1918
f 230/230/230 229/229/229 1660/1664/1660
f 1660/1664/1660 834/834/834 230/230/230
f 1660/1664/1660 1259/1259/1259 834/834/834
f 3196/3212/3196 836/836/836 835/835/835
f 528/528/528 3196/3212/3196 835/835/835
f 527/527/527 3197/3213/3197 528/528/528
f 1495/1498/1495 976/976/976 978/978/978
f 280/280/280 44/44/44 3080/3091/3080
f 43/43/43 2053/2057/2053 44/44/44
f 2099/2103/2099 43/43/43 2257/2261/2257
f 2638/2643/2638 3334/3351/3334 1943/1947/1943
f 2368/2372/2368 9/9/9 2391/2395/2391
f 1495/1498/1495 978/978/978 2257/2261/2257
f 997/997/997 3422/3440/3422 3423/3441/3423
f 906/906/906 3424/3442/3424 3425/3443/3425
f 1662/1666/1662 1508/1511/1508 1531/1534/1531
f 1543/1546/1543 3197/3213/3197 1339/1340/1339
f 3407/3425/3407 3426/3444/3426 1211/1211/1211
f 2473/2478/2473 1954/1958/1954 3427/3445/3427
f 3411/3429/3411 2473/2478/2473 1248/1248/1248
f 53/53/53 3180/3196/3180 3411/3429/3411
f 3317/3334/3317 3313/3329/3313 3316/3333/3316
f 3428/3446/3428 2004/2008/2004 3372/3389/3372
f 834/834/834 2102/2106/2102 230/230/230
f 836/836/836 2102/2106/2102 834/834/834
f 3426/3444/3426 3429/3447/3429 1211/1211/1211
f 3408/3426/3408 2230/2234/2230 2523/2528/2523
f 2120/2124/2120 2160/2164/2160 2159/2163/2159
f 453/453/453 364/364/364 454/454/454
f 2192/2196/2192 724/724/724 2828/2836/2828
f 419/419/419 2827/2835/2827 724/724/724
f 2406/2410/2406 3430/3448/3430 510/510/510
f 3087/3098/3087 3430/3448/3430 2406/2410/2406
f 259/259/259 2209/2213/2209 1685/1689/1685
f 2587/2592/2587 3087/3098/3087 2406/2410/2406
f 3180/3196/3180 2474/2479/2474 3411/3429/3411
f 3431/3449/3431 1265/1265/1265 481/481/481
f 575/575/575 2967/2978/2967 576/576/576
f 2967/2978/2967 2966/2977/2966 576/576/576
f 3316/3333/3316 1299/1300/1299 2672/2677/2672
f 3313/3329/3313 1299/1300/1299 3316/3333/3316
f 3311/3327/3311 3317/3334/3317 3428/3446/3428
f 1281/1281/1281 3196/3212/3196 3197/3213/3197
f 1543/1546/1543 1281/1281/1281 3197/3213/3197
f 2249/2253/2249 2251/2255/2251 2491/2496/2491
f 2523/2528/2523 3432/3450/3432 3407/3425/3407
f 2473/2478/2473 3427/3445/3427 3409/3427/3409
f 2104/2108/2104 1209/1209/1209 1409/1412/1409
f 1265/1265/1265 3174/3190/3174 482/482/482
f 2474/2479/2474 2473/2478/2473 3411/3429/3411
f 219/219/219 653/653/653 666/666/666
f 2137/2141/2137 3248/3264/3248 2418/2422/2418
f 2672/2677/2672 2139/2143/2139 2138/2142/2138
f 3311/3327/3311 3313/3329/3313 3317/3334/3317
f 2004/2008/2004 3428/3446/3428 3317/3334/3317
f 1780/1784/1780 3428/3446/3428 3372/3389/3372
f 2405/2409/2405 3415/3433/3415 2587/2592/2587
f 2230/2234/2230 3432/3450/3432 2523/2528/2523
f 934/934/934 1038/1038/1038 1021/1021/1021
f 1300/1301/1300 1299/1300/1299 2011/2015/2011
f 3427/3445/3427 1956/1960/1956 2827/2835/2827
f 3189/3205/3189 52/52/52 3245/3261/3245
f 3430/3448/3430 3189/3205/3189 3245/3261/3245
f 716/716/716 653/653/653 219/219/219
f 677/677/677 308/308/308 3382/3399/3382
f 3417/3435/3417 3431/3449/3431 481/481/481
f 2205/2209/2205 3417/3435/3417 2033/2037/2033
f 690/690/690 483/483/483 2603/2608/2603
f 3102/3113/3102 3333/3350/3333 3103/3114/3103
f 2490/2495/2490 714/714/714 2491/2496/2491
f 3433/3451/3433 3111/3123/3111 3434/3452/3434
f 846/846/846 3188/3204/3188 17/17/17
f 1281/1281/1281 836/836/836 3196/3212/3196
f 2065/2069/2065 3088/3099/3088 2914/2924/2914
f 3435/3453/3435 1867/1871/1867 1873/1877/1873
f 2317/2321/2317 3436/3454/3436 2098/2102/2098
f 790/790/790 792/792/792 1209/1209/1209
f 2803/2811/2803 2826/2834/2826 2849/2858/2849
f 1322/1323/1322 1507/1510/1507 1321/1322/1321
f 3087/3098/3087 2587/2592/2587 1873/1877/1873
f 3437/3455/3437 3438/3456/3438 2210/2214/2210
f 3431/3449/3431 2903/2912/2903 1265/1265/1265
f 2031/2035/2031 2033/2037/2033 3268/3284/3268
f 3389/3406/3389 1298/1299/1298 2451/2456/2451
f 1780/1784/1780 3372/3389/3372 109/109/109
f 1617/1620/1617 611/611/611 912/912/912
f 1280/1280/1280 2102/2106/2102 836/836/836
f 2656/2661/2656 3169/3185/3169 3439/3457/3439
f 3429/3447/3429 3436/3454/3436 2317/2321/2317
f 3440/3458/3440 3429/3447/3429 3426/3444/3426
f 3432/3450/3432 3426/3444/3426 3407/3425/3407
f 2230/2234/2230 3408/3426/3408 2231/2235/2231
f 3441/3459/3441 2231/2235/2231 2010/2014/2010
f 1409/1412/1409 1209/1209/1209 792/792/792
f 2009/2013/2009 3441/3459/3441 2010/2014/2010
f 2191/2195/2191 2192/2196/2192 3442/3460/3442
f 2828/2836/2828 3443/3461/3443 2192/2196/2192
f 1956/1960/1956 3427/3445/3427 1954/1958/1954
f 846/846/846 3180/3196/3180 2684/2690/2684
f 316/316/316 315/315/315 881/881/881
f 3087/3098/3087 3444/3462/3444 3430/3448/3430
f 3435/3453/3435 1873/1877/1873 3416/3434/3416
f 2205/2209/2205 3431/3449/3431 3417/3435/3417
f 3080/3091/3080 1544/1547/1544 1340/1341/1340
f 577/577/577 576/576/576 1815/1819/1815
f 2966/2977/2966 614/614/614 613/613/613
f 2454/2459/2454 3404/3422/3404 474/474/474
f 108/108/108 1093/1093/1093 227/227/227
f 2139/2143/2139 2672/2677/2672 1301/1302/1301
f 2102/2106/2102 3445/3463/3445 2101/2105/2101
f 3436/3454/3436 3182/3198/3182 2098/2102/2098
f 3429/3447/3429 3440/3458/3440 3436/3454/3436
f 3446/3464/3446 3426/3444/3426 3432/3450/3432
f 3447/3465/3447 3432/3450/3432 2230/2234/2230
f 1665/1669/1665 2009/2013/2009 3442/3460/3442
f 3443/3461/3443 3442/3460/3442 2192/2196/2192
f 83/83/83 2834/2842/2834 81/81/81
f 53/53/53 2684/2690/2684 3180/3196/3180
f 3448/3466/3448 3449/3467/3449 1965/1969/1965
f 491/491/491 653/653/653 563/563/563
f 577/577/577 3450/3468/3450 617/617/617
f 1895/1899/1895 3451/3469/3451 3006/3017/3006
f 2585/2590/2585 614/614/614 3248/3264/3248
f 2137/2141/2137 2585/2590/2585 3248/3264/3248
f 3452/3470/3452 2137/2141/2137 2139/2143/2139
f 367/367/367 1901/1905/1901 3025/3036/3025
f 3311/3327/3311 3453/3471/3453 3312/3328/3312
f 90/90/90 1986/1990/1986 1982/1986/1982
f 3454/3472/3454 65/65/65 2101/2105/2101
f 3445/3463/3445 3454/3472/3454 2101/2105/2101
f 1459/1462/1459 1644/1647/1644 1590/1593/1590
f 1280/1280/1280 836/836/836 1281/1281/1281
f 2292/2296/2292 3436/3454/3436 3440/3458/3440
f 3446/3464/3446 3440/3458/3440 3426/3444/3426
f 3387/3404/3387 3360/3377/3360 2777/2785/2777
f 2003/2007/2003 3176/3192/3176 3175/3191/3175
f 3444/3462/3444 3189/3205/3189 3430/3448/3430
f 2205/2209/2205 2033/2037/2033 2195/2199/2195
f 2031/2035/2031 617/617/617 3450/3468/3450
f 2499/2504/2499 2287/2291/2287 1783/1787/1783
f 3452/3470/3452 2585/2590/2585 2137/2141/2137
f 2011/2015/2011 3313/3329/3313 3312/3328/3312
f 3428/3446/3428 1780/1784/1780 3453/3471/3453
f 1280/1280/1280 3445/3463/3445 2102/2106/2102
f 1739/1743/1739 1788/1792/1788 426/426/426
f 3455/3473/3455 1543/1546/1543 2945/2955/2945
f 2945/2955/2945 1544/1547/1544 1154/1154/1154
f 2292/2296/2292 3182/3198/3182 3436/3454/3436
f 3446/3464/3446 3403/3421/3403 3440/3458/3440
f 3447/3465/3447 3446/3464/3446 3432/3450/3432
f 2232/2236/2232 3447/3465/3447 2230/2234/2230
f 282/282/282 2820/2828/2820 2241/2245/2241
f 758/758/758 3441/3459/3441 1665/1669/1665
f 2813/2821/2813 2510/2515/2510 2567/2572/2567
f 254/254/254 82/82/82 368/368/368
f 3180/3196/3180 846/846/846 2631/2636/2631
f 52/52/52 3189/3205/3189 2684/2690/2684
f 3444/3462/3444 3087/3098/3087 1872/1876/1872
f 2205/2209/2205 2413/2417/2413 3431/3449/3431
f 130/130/130 2552/2557/2552 421/421/421
f 507/507/507 9/9/9 2368/2372/2368
f 3251/3267/3251 2324/2328/2324 3303/3319/3303
f 749/749/749 780/780/780 553/553/553
f 896/896/896 221/221/221 703/703/703
f 3403/3421/3403 2292/2296/2292 3440/3458/3440
f 3441/3459/3441 3456/3474/3456 2231/2235/2231
f 2828/2836/2828 2545/2550/2545 3443/3461/3443
f 3457/3475/3457 1954/1958/1954 2474/2479/2474
f 846/846/846 2684/2690/2684 3188/3204/3188
f 3458/3476/3458 3188/3204/3188 3189/3205/3189
f 3444/3462/3444 3458/3476/3458 3189/3205/3189
f 1430/1433/1430 1511/1514/1511 1510/1513/1510
f 2067/2071/2067 3459/3477/3459 2068/2072/2068
f 3431/3449/3431 2413/2417/2413 2903/2912/2903
f 2354/2358/2354 182/2845/182 534/534/534
f 3460/3478/3460 2817/2825/2817 556/556/556
f 2065/2069/2065 501/501/501 2936/2946/2936
f 1537/1540/1537 1590/1593/1590 1643/1646/1643
f 255/255/255 2726/2732/2726 1349/1350/1349
f 1918/1922/1918 3001/3012/3001 2456/2461/2456
f 2696/2702/2696 2599/2604/2599 2284/2288/2284
f 1607/1610/1607 131/131/131 130/130/130
f 2022/2026/2022 3182/3198/3182 2291/2295/2291
f 3461/3479/3461 3446/3464/3446 3447/3465/3447
f 490/490/490 658/658/658 478/478/478
f 3462/3480/3462 3112/3124/3112 3433/3451/3433
f 3456/3474/3456 3237/3253/3237 2232/2236/2232
f 1664/1668/1664 3442/3460/3442 3443/3461/3443
f 2631/2636/2631 3457/3475/3457 2474/2479/2474
f 2514/2519/2514 1551/1554/1551 1452/1455/1452
f 1881/1885/1881 1903/1907/1903 1786/1790/1786
f 420/420/420 419/419/419 725/725/725
f 1230/1230/1230 193/193/193 1228/1228/1228
f 3174/3190/3174 1527/1530/1527 3435/3453/3435
f 166/166/166 119/119/119 76/76/76
f 541/541/541 2195/2199/2195 2194/2198/2194
f 1268/1268/1268 1240/1240/1240 1239/1239/1239
f 3450/3468/3450 577/577/577 3463/3481/3463
f 1337/1338/1337 3084/3095/3084 2963/2974/2963
f 3452/3470/3452 3464/3482/3464 2585/2590/2585
f 1004/1004/1004 974/974/974 1026/1026/1026
f 148/148/148 484/484/484 560/560/560
f 3312/3328/3312 3453/3471/3453 3465/3483/3465
f 3238/3254/3238 3465/3483/3465 3453/3471/3453
f 1780/1784/1780 3238/3254/3238 3453/3471/3453
f 2680/2686/2680 581/581/581 644/644/644
f 472/472/472 471/471/471 324/324/324
f 3466/3484/3466 3454/3472/3454 3445/3463/3445
f 2337/2341/2337 2296/2300/2296 664/664/664
f 2920/2930/2920 2644/2649/2644 3335/3352/3335
f 1156/1156/1156 2945/2955/2945 1154/1154/1154
f 2244/2248/2244 791/791/791 790/790/790
f 3182/3198/3182 2292/2296/2292 2291/2295/2291
f 2292/2296/2292 3403/3421/3403 2290/2294/2290
f 3028/3039/3028 3447/3465/3447 2232/2236/2232
f 1664/1668/1664 1665/1669/1665 3442/3460/3442
f 2545/2550/2545 1664/1668/1664 3443/3461/3443
f 1954/1958/1954 3467/3485/3467 1955/1959/1955
f 3427/3445/3427 1602/1605/1602 3409/3427/3409
f 1528/1531/1528 1527/1530/1527 2903/2912/2903
f 2413/2417/2413 2205/2209/2205 541/541/541
f 603/603/603 553/553/553 780/780/780
f 3450/3468/3450 2032/2036/2032 2031/2035/2031
f 1122/1122/1122 3468/3486/3468 3340/3357/3340
f 577/577/577 1815/1819/1815 3463/3481/3463
f 248/248/248 2744/2751/2744 2865/2874/2865
f 3464/3482/3464 612/612/612 2585/2590/2585
f 1403/1406/1403 1451/1454/1451 1198/1198/1198
f 1426/1429/1426 3106/3118/3106 1427/1430/1427
f 923/923/923 3336/3353/3336 932/932/932
f 3469/3487/3469 2246/2250/2246 2788/2796/2788
f 2161/2165/2161 2011/2015/2011 3312/3328/3312
f 3454/3472/3454 66/66/66 65/65/65
f 1280/1280/1280 3470/3488/3470 3445/3463/3445
f 1364/1367/1364 1363/1366/1363 2661/2666/2661
f 2291/2295/2291 3193/3209/3193 2021/2025/2021
f 2563/2568/2563 3471/3489/3471 3324/3341/3324
f 3472/3490/3472 3403/3421/3403 3446/3464/3446
f 3472/3490/3472 2940/2950/2940 3403/3421/3403
f 3028/3039/3028 3461/3479/3461 3447/3465/3447
f 3441/3459/3441 758/758/758 3456/3474/3456
f 2545/2550/2545 2828/2836/2828 1955/1959/1955
f 3457/3475/3457 2631/2636/2631 3473/3491/3473
f 3450/3468/3450 3098/3109/3098 2032/2036/2032
f 612/612/612 3474/3492/3474 1331/1332/1331
f 612/612/612 3464/3482/3464 3474/3492/3474
f 3342/3359/3342 3464/3482/3464 3452/3470/3452
f 1679/1683/1679 3342/3359/3342 3452/3470/3452
f 904/904/904 852/852/852 1006/1006/1006
f 584/584/584 3470/3488/3470 1280/1280/1280
f 3475/3493/3475 3476/3494/3476 2414/2418/2414
f 3461/3479/3461 3472/3490/3472 3446/3464/3446
f 2879/2888/2879 2239/2243/2239 1636/1639/1636
f 3237/3253/3237 3028/3039/3028 2232/2236/2232
f 758/758/758 3237/3253/3237 3456/3474/3456
f 3457/3475/3457 3467/3485/3467 1954/1958/1954
f 1466/1469/1466 1350/1351/1350 1239/1239/1239
f 738/738/738 17/17/17 3188/3204/3188
f 738/738/738 3188/3204/3188 3458/3476/3458
f 1527/1530/1527 1529/1532/1529 3435/3453/3435
f 3162/3178/3162 11/11/11 54/54/54
f 3477/3495/3477 3478/3496/3478 2900/2909/2900
f 3238/3254/3238 3479/3497/3479 3465/3483/3465
f 66/66/66 1494/1497/1494 407/407/407
f 1632/1635/1632 1509/1512/1509 1787/1791/1787
f 3470/3488/3470 3466/3484/3466 3445/3463/3445
f 2945/2955/2945 3100/3111/3100 3455/3473/3455
f 1156/1156/1156 3100/3111/3100 2945/2955/2945
f 826/826/826 908/908/908 827/827/827
f 3193/3209/3193 2291/2295/2291 2290/2294/2290
f 190/190/190 2239/2243/2239 725/725/725
f 118/118/118 3374/3391/3374 3380/3397/3380
f 3435/3453/3435 1529/1532/1529 1867/1871/1867
f 3480/3498/3480 1529/1532/1529 1528/1531/1528
f 543/543/543 1528/1531/1528 2413/2417/2413
f 2026/2030/2026 1953/1957/1953 2000/2004/2000
f 342/342/342 1810/1814/1810 1941/1945/1941
f 3463/3481/3463 3098/3109/3098 3450/3468/3450
f 447/447/447 446/446/446 2771/2779/2771
f 1728/1732/1728 1510/1513/1510 1509/1512/1509
f 3479/3497/3479 3238/3254/3238 3481/3499/3481
f 3482/3500/3482 1645/1648/1645 3332/3349/3332
f 1281/1281/1281 585/585/585 584/584/584
f 3274/3290/3274 2772/2780/2772 2986/2997/2986
f 3177/3193/3177 3483/3501/3483 3413/3431/3413
f 3026/3037/3026 3028/3039/3028 3237/3253/3237
f 2544/2549/2544 2392/2396/2392 1704/1708/1704
f 758/758/758 1665/1669/1665 756/756/756
f 1481/1484/1481 2545/2550/2545 3484/3502/3484
f 1955/1959/1955 3484/3502/3484 2545/2550/2545
f 3484/3502/3484 1955/1959/1955 3467/3485/3467
f 2331/2335/2331 1927/1931/1927 1926/1930/1926
f 3485/3503/3485 738/738/738 3458/3476/3458
f 498/498/498 497/497/497 969/969/969
f 3485/3503/3485 3458/3476/3458 3444/3462/3444
f 2996/3007/2996 3005/3016/3005 251/251/251
f 3486/3504/3486 2297/2301/2297 273/273/273
f 3464/3482/3464 3487/3505/3487 3474/3492/3474
f 1275/1275/1275 1451/1454/1451 1359/1362/1359
f 3342/3359/3342 3487/3505/3487 3464/3482/3464
f 386/386/386 1401/1404/1401 1218/1218/1218
f 2012/2016/2012 3081/3092/3081 1300/1301/1300
f 3117/3129/3117 2514/2519/2514 486/486/486
f 2368/2372/2368 2391/2395/2391 2425/2429/2425
f 3479/3497/3479 3423/3441/3423 3465/3483/3465
f 2161/2165/2161 3465/3483/3465 3423/3441/3423
f 2604/2609/2604 3395/3412/3395 2846/2855/2846
f 3454/3472/3454 865/865/865 66/66/66
f 3466/3484/3466 865/865/865 3454/3472/3454
f 3488/3506/3488 3470/3488/3470 3489/3507/3489
f 3489/3507/3489 584/584/584 583/583/583
f 3490/3508/3490 583/583/583 585/585/585
f 3490/3508/3490 585/585/585 3455/3473/3455
f 570/570/570 477/477/477 684/684/684
f 3027/3038/3027 3461/3479/3461 3028/3039/3028
f 1664/1668/1664 1480/1483/1480 756/756/756
f 2800/2808/2800 2810/2818/2810 225/225/225
f 1664/1668/1664 1481/1484/1481 1480/1483/1480
f 3467/3485/3467 3457/3475/3457 3491/3509/3491
f 546/546/546 2326/2330/2326 3492/3510/3492
f 3493/3511/3493 3491/3509/3491 3473/3491/3473
f 720/720/720 3494/3512/3494 523/523/523
f 3347/3364/3347 3320/3337/3320 3348/3365/3348
f 1872/1876/1872 3485/3503/3485 3444/3462/3444
f 543/543/543 3480/3498/3480 1528/1531/1528
f 3290/3306/3290 2355/2359/2355 534/534/534
f 1331/1332/1331 2775/2783/2775 1815/1819/1815
f 3495/3513/3495 705/705/705 1309/1310/1309
f 1779/1783/1779 3481/3499/3481 3238/3254/3238
f 3496/3514/3496 3497/3515/3497 3434/3452/3434
f 3488/3506/3488 3466/3484/3466 3470/3488/3470
f 584/584/584 3489/3507/3489 3470/3488/3470
f 1426/1429/1426 2163/2167/2163 1851/1855/1851
f 2939/2949/2939 2290/2294/2290 2940/2950/2940
f 3097/3108/3097 3472/3490/3472 3461/3479/3461
f 2031/2035/2031 3268/3284/3268 615/615/615
f 1219/1219/1219 1218/1218/1218 1402/1405/1402
f 16/16/16 18/18/18 3493/3511/3493
f 1071/1071/1071 1724/1728/1724 152/152/152
f 712/712/712 603/603/603 780/780/780
f 1893/1897/1893 1746/1750/1746 3498/3516/3498
f 3480/3498/3480 543/543/543 3499/3517/3499
f 541/541/541 2267/2271/2267 542/542/542
f 3422/3440/3422 2161/2165/2161 3423/3441/3423
f 1518/1521/1518 1517/1520/1517 2857/2866/2857
f 406/406/406 3481/3499/3481 407/407/407
f 863/863/863 865/865/865 3466/3484/3466
f 3500/3518/3500 3489/3507/3489 583/583/583
f 3500/3518/3500 583/583/583 3490/3508/3490
f 3100/3111/3100 3501/3519/3501 3455/3473/3455
f 2759/2767/2759 1372/1375/1372 1371/1374/1371
f 1514/1517/1514 1516/1519/1516 1938/1942/1938
f 1937/1941/1937 1516/1519/1516 497/497/497
f 3097/3108/3097 2940/2950/2940 3472/3490/3472
f 3027/3038/3027 3097/3108/3097 3461/3479/3461
f 2786/2794/2786 1431/1434/1431 2804/2812/2804
f 739/739/739 18/18/18 17/17/17
f 3197/3213/3197 527/527/527 1339/1340/1339
f 1561/1564/1561 3098/3109/3098 3463/3481/3463
f 2775/2783/2775 1561/1564/1561 3463/3481/3463
f 3502/3520/3502 3503/3521/3503 3504/3522/3504
f 1331/1332/1331 3199/3215/3199 2775/2783/2775
f 731/731/731 1331/1332/1331 3474/3492/3474
f 56/56/56 3487/3505/3487 3342/3359/3342
f 56/56/56 3342/3359/3342 2773/2781/2773
f 3435/3453/3435 3416/3434/3416 3174/3190/3174
f 3505/3523/3505 2012/2016/2012 2161/2165/2161
f 3422/3440/3422 3505/3523/3505 2161/2165/2161
f 3506/3524/3506 3261/3277/3261 3390/3407/3390
f 3479/3497/3479 997/997/997 3423/3441/3423
f 3507/3525/3507 3488/3506/3488 3489/3507/3489
f 3508/3526/3508 3500/3518/3500 3490/3508/3490
f 3501/3519/3501 3508/3526/3508 3490/3508/3490
f 2290/2294/2290 3509/3527/3509 3193/3209/3193
f 2322/2326/2322 2970/2981/2970 2323/2327/2323
f 758/758/758 2956/2966/2956 3237/3253/3237
f 1676/1680/1676 3510/3528/3510 3103/3114/3103
f 3511/3529/3511 3512/3530/3512 3513/3531/3513
f 2103/2107/2103 2068/2072/2068 3459/3477/3459
f 3099/3110/3099 2267/2271/2267 2194/2198/2194
f 2336/2340/2336 2348/2352/2348 2402/2406/2402
f 1465/1468/1465 1029/1029/1029 1813/1817/1813
f 857/857/857 438/438/438 817/817/817
f 3080/3091/3080 44/44/44 2053/2057/2053
f 3481/3499/3481 3514/3532/3514 3479/3497/3479
f 3515/3533/3515 3474/3492/3474 3487/3505/3487
f 3488/3506/3488 863/863/863 3466/3484/3466
f 3507/3525/3507 3516/3534/3516 3488/3506/3488
f 3500/3518/3500 3507/3525/3507 3489/3507/3489
f 3517/3535/3517 3508/3526/3508 3501/3519/3501
f 3517/3535/3517 3501/3519/3501 1370/1373/1370
f 3100/3111/3100 1370/1373/1370 3501/3519/3501
f 1371/1374/1371 1370/1373/1370 3100/3111/3100
f 2674/2679/2674 3518/3536/3518 2675/2680/2675
f 3519/3537/3519 3520/3538/3520 3521/3539/3521
f 3378/3395/3378 3097/3108/3097 3027/3038/3027
f 2864/2873/2864 1481/1484/1481 3484/3502/3484
f 868/868/868 3491/3509/3491 869/869/869
f 3273/3289/3273 738/738/738 3485/3503/3485
f 2832/2840/2832 3485/3503/3485 1872/1876/1872
f 1872/1876/1872 1874/1878/1874 2832/2840/2832
f 61/61/61 2211/2215/2211 2090/2094/2090
f 1701/1705/1701 1703/1707/1703 1535/1538/1535
f 3061/3072/3061 430/430/430 2365/2369/2365
f 1561/1564/1561 3099/3110/3099 3098/3109/3098
f 731/731/731 3199/3215/3199 1331/1332/1331
f 368/368/368 3274/3290/3274 369/369/369
f 572/572/572 2773/2781/2773 1541/1544/1541
f 2922/2932/2922 3081/3092/3081 3505/3523/3505
f 2012/2016/2012 3505/3523/3505 3081/3092/3081
f 406/406/406 3514/3532/3514 3481/3499/3481
f 1494/1497/1494 408/408/408 407/407/407
f 1779/1783/1779 407/407/407 3481/3499/3481
f 2294/2298/2294 2206/2210/2206 508/508/508
f 3516/3534/3516 863/863/863 3488/3506/3488
f 3026/3037/3026 3378/3395/3378 3027/3038/3027
f 2084/2088/2084 1458/1461/1458 1457/1460/1457
f 1481/1484/1481 2864/2873/2864 1479/1482/1479
f 2864/2873/2864 3484/3502/3484 868/868/868
f 18/18/18 3522/3540/3522 3493/3511/3493
f 2152/2156/2152 2289/2293/2289 2217/2221/2217
f 3273/3289/3273 739/739/739 738/738/738
f 2832/2840/2832 3273/3289/3273 3485/3503/3485
f 720/720/720 719/719/719 2370/2374/2370
f 2147/2151/2147 1866/1870/1866 3523/3541/3523
f 1866/1870/1866 1529/1532/1529 3480/3498/3480
f 3190/3206/3190 228/228/228 1271/1271/1271
f 3151/3166/3151 527/527/527 529/529/529
f 1168/1168/1168 2404/2408/2404 2485/2490/2485
f 3199/3215/3199 1562/1565/1562 2775/2783/2775
f 55/55/55 3515/3533/3515 3487/3505/3487
f 56/56/56 55/55/55 3487/3505/3487
f 2331/2335/2331 1539/1542/1539 1476/1479/1476
f 2923/2933/2923 2922/2932/2922 3505/3523/3505
f 3514/3532/3514 997/997/997 3479/3497/3479
f 72/72/72 1396/1399/1396 1378/1381/1378
f 3193/3209/3193 3509/3527/3509 2930/2940/2930
f 1721/1725/1721 1720/1724/1720 2190/2194/2190
f 2190/2194/2190 2189/2193/2189 1721/1725/1721
f 2939/2949/2939 3509/3527/3509 2290/2294/2290
f 1699/1703/1699 2940/2950/2940 1355/1357/1355
f 2481/2486/2481 1773/1777/1773 2548/2553/2548
f 3524/3542/3524 2956/2966/2956 757/757/757
f 1073/1073/1073 927/927/927 1017/1017/1017
f 1480/1483/1480 1008/1008/1008 757/757/757
f 3498/3516/3498 1746/1750/1746 2637/2642/2637
f 1479/1482/1479 1008/1008/1008 1480/1483/1480
f 3522/3540/3522 869/869/869 3493/3511/3493
f 3525/3543/3525 3522/3540/3522 18/18/18
f 3525/3543/3525 18/18/18 739/739/739
f 466/3544/466 1294/1295/1294 464/1294/464
f 1866/1870/1866 2147/2151/2147 2146/2150/2146
f 1563/1566/1563 3099/3110/3099 1561/1564/1561
f 250/250/250 2837/2846/2837 2744/2751/2744
f 2275/2279/2275 2444/2449/2444 2518/2523/2518
f 1544/1547/1544 3080/3091/3080 1154/1154/1154
f 3422/3440/3422 2923/2933/2923 3505/3523/3505
f 3415/3433/3415 3412/3430/3412 3416/3434/3416
f 3526/3545/3526 3514/3532/3514 406/406/406
f 408/408/408 3526/3545/3526 406/406/406
f 2705/2711/2705 2734/2740/2734 1506/1509/1506
f 2815/2823/2815 2760/2768/2760 699/699/699
f 3026/3037/3026 2956/2966/2956 3527/3546/3527
f 1233/1233/1233 1915/1919/1915 1931/1935/1931
f 3499/3517/3499 3523/3541/3523 3480/3498/3480
f 542/542/542 3499/3517/3499 543/543/543
f 3099/3110/3099 2268/2272/2268 2267/2271/2267
f 2712/2718/2712 2700/2706/2700 2410/2414/2410
f 2546/2551/2546 1563/1566/1563 1562/1565/1562
f 731/731/731 733/733/733 3199/3215/3199
f 2919/2929/2919 2784/2792/2784 385/385/385
f 3528/3547/3528 3515/3533/3515 55/55/55
f 925/925/925 1767/1771/1767 923/923/923
f 627/627/627 2463/2468/2463 628/628/628
f 3529/3548/3529 3517/3535/3517 1370/1373/1370
f 3529/3548/3529 1370/1373/1370 1372/1375/1372
f 1372/1375/1372 2930/2940/2930 3425/3443/3425
f 1007/1007/1007 3524/3542/3524 757/757/757
f 1080/1080/1080 1479/1482/1479 2864/2873/2864
f 1006/1006/1006 346/346/346 904/904/904
f 3530/3549/3530 3531/3550/3531 3532/3551/3532
f 2832/2840/2832 3163/3179/3163 3273/3289/3273
f 3349/3366/3349 3533/3552/3533 3291/3307/3291
f 2148/2152/2148 1874/1878/1874 2146/2150/2146
f 507/507/507 2368/2372/2368 1262/1262/1262
f 2266/2270/2266 542/542/542 2267/2271/2267
f 3199/3215/3199 733/733/733 3200/3216/3200
f 3528/3547/3528 731/731/731 3515/3533/3515
f 572/572/572 57/57/57 56/56/56
f 572/572/572 571/571/571 57/57/57
f 1717/1721/1717 1716/1720/1716 1883/1887/1883
f 1673/1677/1673 2297/2301/2297 3486/3504/3486
f 573/573/573 1541/1544/1541 2941/2951/2941
f 997/997/997 999/999/999 3422/3440/3422
f 3526/3545/3526 998/998/998 3514/3532/3514
f 3534/3553/3534 3526/3545/3526 408/408/408
f 1493/1496/1493 408/408/408 1494/1497/1494
f 1388/1391/1388 1389/1392/1389 3535/3554/3535
f 1928/1932/1928 3516/3534/3516 3536/3555/3536
f 3537/3556/3537 3507/3525/3507 3500/3518/3500
f 3508/3526/3508 3537/3556/3537 3500/3518/3500
f 3538/3557/3538 3425/3443/3425 2930/2940/2930
f 2189/2193/2189 2372/2376/2372 2349/2353/2349
f 2939/2949/2939 3539/3558/3539 3509/3527/3509
f 525/525/525 388/388/388 413/413/413
f 1699/1703/1699 1698/1702/1698 2939/2949/2939
f 3540/3559/3540 3378/3395/3378 3026/3037/3026
f 3524/3542/3524 3527/3546/3527 2956/2966/2956
f 2615/2620/2615 3524/3542/3524 1007/1007/1007
f 1536/1539/1536 1703/1707/1703 2164/2168/2164
f 1236/1236/1236 1395/1398/1395 1289/1289/1289
f 355/355/355 1560/1563/1560 353/353/353
f 3525/3543/3525 739/739/739 3165/3181/3165
f 3163/3179/3163 3165/3181/3165 3273/3289/3273
f 3163/3179/3163 2832/2840/2832 2148/2152/2148
f 2451/2456/2451 2450/2455/2450 1887/1891/1887
f 2994/3005/2994 3499/3517/3499 542/542/542
f 2577/2582/2577 2591/2596/2591 1445/1448/1445
f 1121/1121/1121 1021/1021/1021 1038/1038/1038
f 3200/3216/3200 2546/2551/2546 1562/1565/1562
f 2889/2898/2889 646/646/646 3003/3014/3003
f 3081/3092/3081 1541/1544/1541 2773/2781/2773
f 3541/3560/3541 2282/2286/2282 3542/3561/3542
f 2736/2743/2736 2658/2663/2658 349/349/349
f 2921/2931/2921 2923/2933/2923 2854/2863/2854
f 997/997/997 3514/3532/3514 998/998/998
f 8/8/8 2391/2395/2391 9/9/9
f 2359/2363/2359 2435/2439/2435 2360/2364/2360
f 1493/1496/1493 3534/3553/3534 408/408/408
f 3228/3244/3228 3176/3192/3176 3543/3562/3543
f 1928/1932/1928 863/863/863 3516/3534/3516
f 3507/3525/3507 3536/3555/3536 3516/3534/3516
f 3537/3556/3537 3536/3555/3536 3507/3525/3507
f 3508/3526/3508 3517/3535/3517 2272/2276/2272
f 3529/3548/3529 2273/2277/2273 3517/3535/3517
f 3544/3563/3544 3529/3548/3529 1372/1375/1372
f 3509/3527/3509 3539/3558/3539 3538/3557/3538
f 1698/1702/1698 3539/3558/3539 2939/2949/2939
f 3378/3395/3378 1356/1358/1356 1355/1357/1355
f 2992/3003/2992 2994/3005/2994 3545/3564/3545
f 540/540/540 3147/3162/3147 3106/3118/3106
f 3546/3565/3546 2147/2151/2147 3523/3541/3523
f 2993/3004/2993 3523/3541/3523 3499/3517/3499
f 2994/3005/2994 2993/3004/2993 3499/3517/3499
f 542/542/542 2266/2270/2266 2994/3005/2994
f 1595/1598/1595 3406/3424/3406 19/19/19
f 3422/3440/3422 999/999/999 2923/2933/2923
f 3424/3442/3424 3544/3563/3544 3425/3443/3425
f 1002/1002/1002 1001/1001/1001 2888/2897/2888
f 3540/3559/3540 1356/1358/1356 3378/3395/3378
f 3527/3546/3527 3540/3559/3540 3026/3037/3026
f 2615/2620/2615 3527/3546/3527 3524/3542/3524
f 3165/3181/3165 3547/3566/3547 3525/3543/3525
f 380/380/380 469/469/469 379/379/379
f 2993/3004/2993 3546/3565/3546 3523/3541/3523
f 3548/3567/3548 3545/3564/3545 2266/2270/2266
f 2268/2272/2268 3548/3567/3548 2266/2270/2266
f 1563/1566/1563 2547/2552/2547 2268/2272/2268
f 3175/3191/3175 3420/3438/3420 34/34/34
f 1715/1719/1715 1290/1290/1290 2070/2074/2070
f 647/647/647 646/646/646 2890/2899/2890
f 731/731/731 3528/3547/3528 732/732/732
f 3369/3386/3369 3528/3547/3528 55/55/55
f 57/57/57 3369/3386/3369 55/55/55
f 3439/3457/3439 3549/3568/3549 3550/3569/3550
f 1928/1932/1928 3536/3555/3536 3551/3570/3551
f 3537/3556/3537 3236/3252/3236 3536/3555/3536
f 3235/3251/3235 3508/3526/3508 2272/2276/2272
f 2273/2277/2273 2272/2276/2272 3517/3535/3517
f 2877/2886/2877 1369/1372/1369 2329/2333/2329
f 1384/1387/1384 1383/1386/1383 1526/1529/1526
f 2002/2006/2002 102/102/102 2003/2007/2003
f 1081/1081/1081 3125/3137/3125 1008/1008/1008
f 522/522/522 718/718/718 523/523/523
f 1080/1080/1080 1081/1081/1081 1479/1482/1479
f 1080/1080/1080 2864/2873/2864 867/867/867
f 2899/2908/2899 869/869/869 3522/3540/3522
f 3525/3543/3525 3552/3571/3552 3522/3540/3522
f 3547/3566/3547 3552/3571/3552 3525/3543/3525
f 3547/3566/3547 3165/3181/3165 3164/3180/3164
f 3163/3179/3163 3140/3155/3140 3164/3180/3164
f 1540/1543/1540 1119/1119/1119 1259/1259/1259
f 2281/2285/2281 3542/3561/3542 2282/2286/2282
f 733/733/733 2247/2251/2247 3200/3216/3200
f 1633/1636/1633 2441/2446/2441 1045/1045/1045
f 571/571/571 3040/3051/3040 57/57/57
f 2922/2932/2922 2941/2951/2941 1541/1544/1541
f 998/998/998 3553/3572/3553 3554/3573/3554
f 3553/3572/3553 998/998/998 3526/3545/3526
f 3553/3572/3553 3526/3545/3526 3534/3553/3534
f 3555/3574/3555 3534/3553/3534 1493/1496/1493
f 3555/3574/3555 1493/1496/1493 3556/3575/3556
f 3551/3570/3551 1929/1933/1929 1928/1932/1928
f 3236/3252/3236 3551/3570/3551 3536/3555/3536
f 3235/3251/3235 3537/3556/3537 3508/3526/3508
f 3235/3251/3235 3236/3252/3236 3537/3556/3537
f 3529/3548/3529 2465/2470/2465 2273/2277/2273
f 3544/3563/3544 2465/2470/2465 3529/3548/3529
f 630/630/630 1656/1659/1656 631/631/631
f 2965/2976/2965 2606/2611/2606 3248/3264/3248
f 3557/3576/3557 3527/3546/3527 2615/2620/2615
f 1008/1008/1008 3125/3137/3125 1007/1007/1007
f 1960/1964/1960 2861/2870/2861 2914/2924/2914
f 3545/3564/3545 2994/3005/2994 2266/2270/2266
f 1821/1825/1821 1430/1433/1430 1510/1513/1510
f 2728/2734/2728 2546/2551/2546 3200/3216/3200
f 2247/2251/2247 2728/2734/2728 3200/3216/3200
f 2057/2061/2057 3040/3051/3040 571/571/571
f 2942/2952/2942 2941/2951/2941 2921/2931/2921
f 2922/2932/2922 2921/2931/2921 2941/2951/2941
f 3284/3300/3284 2942/2952/2942 2921/2931/2921
f 2854/2863/2854 3284/3300/3284 2921/2931/2921
f 999/999/999 2854/2863/2854 2923/2933/2923
f 1553/1556/1553 1707/1711/1707 1605/1608/1605
f 2370/2374/2370 2369/2373/2369 2854/2863/2854
f 3553/3572/3553 3534/3553/3534 3558/3577/3558
f 145/145/145 87/87/87 32/32/32
f 94/94/94 188/188/188 93/93/93
f 1157/1157/1157 942/942/942 941/941/941
f 3538/3557/3538 2930/2940/2930 3509/3527/3509
f 2059/2063/2059 2093/2097/2093 2082/2086/2082
f 2427/2431/2427 3559/3578/3559 2426/2430/2426
f 1829/3153/1829 3560/3579/3560 2327/2331/2327
f 3557/3576/3557 3540/3559/3540 3527/3546/3527
f 3561/3580/3561 1080/1080/1080 867/867/867
f 2433/2437/2433 2435/2439/2435 2359/2363/2359
f 3552/3571/3552 2899/2908/2899 3522/3540/3522
f 916/916/916 915/915/915 1553/1556/1553
f 3562/3581/3562 3548/3567/3548 3563/3582/3563
f 2268/2272/2268 2547/2552/2547 3548/3567/3548
f 2857/2866/2857 1791/1795/1791 1518/1521/1518
f 2728/2734/2728 3127/3139/3127 2546/2551/2546
f 2247/2251/2247 733/733/733 732/732/732
f 3564/3583/3564 3528/3547/3528 3369/3386/3369
f 3257/3273/3257 3256/3272/3256 1336/1337/1336
f 1692/1696/1692 1694/1698/1694 1829/1833/1829
f 1929/1933/1929 3551/3570/3551 3565/3584/3565
f 3063/3074/3063 3236/3252/3236 3064/3075/3064
f 3207/3223/3207 3235/3251/3235 2272/2276/2272
f 2354/2358/2354 546/546/546 2332/2336/2332
f 906/906/906 905/905/905 3424/3442/3424
f 2977/2988/2977 906/906/906 3538/3557/3538
f 1669/1673/1669 1905/1909/1905 1925/1929/1925
f 3566/3585/3566 2977/2988/2977 3538/3557/3538
f 1698/1702/1698 3566/3585/3566 3539/3558/3539
f 137/137/137 1698/1702/1698 1700/1704/1700
f 3567/3586/3567 3138/3152/3138 2472/2477/2472
f 3416/3434/3416 1873/1877/1873 2587/2592/2587
f 3568/3587/3568 3557/3576/3557 2615/2620/2615
f 2827/2835/2827 1602/1605/1602 3427/3445/3427
f 2147/2151/2147 3546/3565/3546 1337/1338/1337
f 2326/2443/2326 2354/2358/2354 2355/2359/2355
f 3562/3581/3562 3545/3564/3545 3548/3567/3548
f 1164/1164/1164 1869/1873/1869 1566/1569/1566
f 3528/3547/3528 3564/3583/3564 732/732/732
f 2654/2659/2654 3569/3588/3569 3218/3234/3218
f 3555/3574/3555 3558/3577/3558 3534/3553/3534
f 3063/3074/3063 3551/3570/3551 3236/3252/3236
f 1886/1890/1886 692/692/692 691/691/691
f 3235/3251/3235 3207/3223/3207 3064/3075/3064
f 2274/2278/2274 3207/3223/3207 2272/2276/2272
f 2751/2758/2751 2465/2470/2465 3544/3563/3544
f 3424/3442/3424 2751/2758/2751 3544/3563/3544
f 137/137/137 3566/3585/3566 1698/1702/1698
f 3570/3589/3570 3571/3590/3571 1847/1851/1847
f 3232/3248/3232 2706/2712/2706 3373/3390/3373
f 2616/2621/2616 3568/3587/3568 2615/2620/2615
f 3020/3031/3020 1594/1597/1594 2969/2980/2969
f 1230/1230/1230 2204/2208/2204 3459/3477/3459
f 3547/3566/3547 1682/1686/1682 3552/3571/3552
f 3164/3180/3164 3572/3591/3572 3547/3566/3547
f 2673/2678/2673 3164/3180/3164 3140/3155/3140
f 2066/2070/2066 2861/2870/2861 2835/2843/2835
f 2041/2045/2041 1540/1543/1540 2727/2733/2727
f 2148/2152/2148 2963/2974/2963 3140/3155/3140
f 26/26/26 75/75/75 27/27/27
f 2547/2552/2547 3563/3582/3563 3548/3567/3548
f 3127/3139/3127 3563/3582/3563 2547/2552/2547
f 104/104/104 3564/3583/3564 3369/3386/3369
f 3040/3051/3040 104/104/104 3369/3386/3369
f 3284/3300/3284 2854/2863/2854 2369/2373/2369
f 3554/3573/3554 3553/3572/3553 3573/3592/3573
f 3574/3593/3574 2801/2809/2801 3556/3575/3556
f 3574/3593/3574 3556/3575/3556 1929/1933/1929
f 3063/3074/3063 3565/3584/3565 3551/3570/3551
f 1062/1062/1062 1077/1077/1077 987/987/987
f 905/905/905 2751/2758/2751 3424/3442/3424
f 2642/2647/2642 3575/3594/3575 2640/2645/2640
f 3576/3595/3576 1316/1317/1316 1356/1358/1356
f 3576/3595/3576 1356/1358/1356 3540/3559/3540
f 1884/1888/1884 2435/2439/2435 2434/2438/2434
f 2899/2908/2899 3552/3571/3552 1681/1685/1681
f 3552/3571/3552 1682/1686/1682 1681/1685/1681
f 3572/3591/3572 1682/1686/1682 3547/3566/3547
f 3139/3154/3139 2673/2678/2673 3140/3155/3140
f 2963/2974/2963 2147/2151/2147 1337/1338/1337
f 3546/3565/3546 1338/1339/1338 1337/1338/1337
f 1338/1339/1338 2993/3004/2993 3577/3596/3577
f 2728/2734/2728 3578/3597/3578 3127/3139/3127
f 3339/3356/3339 2247/2251/2247 732/732/732
f 1182/1182/1182 1273/1273/1273 1207/1207/1207
f 3565/3584/3565 3574/3593/3574 1929/1933/1929
f 1789/1793/1789 28/28/28 3579/3598/3579
f 1504/1507/1504 2734/2740/2734 2224/2228/2224
f 137/137/137 136/136/136 3566/3585/3566
f 2977/2988/2977 3566/3585/3566 136/136/136
f 1700/1704/1700 135/135/135 137/137/137
f 3580/3599/3580 3576/3595/3576 3557/3576/3557
f 3540/3559/3540 3557/3576/3557 3576/3595/3576
f 38/38/38 3125/3137/3125 1081/1081/1081
f 2774/2782/2774 2722/2728/2722 2804/2812/2804
f 1080/1080/1080 3561/3580/3561 36/36/36
f 1793/1797/1793 2160/2164/2160 2076/2080/2076
f 2899/2908/2899 1681/1685/1681 2898/2907/2898
f 2673/2678/2673 3572/3591/3572 3164/3180/3164
f 3339/3356/3339 3340/3357/3340 2247/2251/2247
f 1889/1893/1889 1891/1895/1891 3581/3600/3581
f 2806/2814/2806 3412/3430/3412 2805/2813/2805
f 3558/3577/3558 3582/3601/3582 3573/3592/3573
f 3555/3574/3555 3582/3601/3582 3558/3577/3558
f 2801/2809/2801 3582/3601/3582 3555/3574/3555
f 3583/3602/3583 3565/3584/3565 2593/2598/2593
f 2622/2627/2622 3206/3222/3206 3207/3223/3207
f 2622/2627/2622 3207/3223/3207 2274/2278/2274
f 1861/1865/1861 342/342/342 341/341/341
f 2750/2757/2750 2465/2470/2465 2751/2758/2751
f 434/434/434 2278/2282/2278 375/375/375
f 249/249/249 2892/2901/2892 250/250/250
f 2670/2675/2670 1796/1800/1796 2671/2676/2671
f 1854/1858/1854 1968/1972/1968 1953/1957/1953
f 3568/3587/3568 3580/3599/3580 3557/3576/3557
f 2797/2805/2797 3568/3587/3568 2616/2621/2616
f 2965/2976/2965 2706/2712/2706 2606/2611/2606
f 2898/2907/2898 3561/3580/3561 867/867/867
f 2673/2678/2673 3139/3154/3139 29/29/29
f 3584/3603/3584 3585/3604/3585 3545/3564/3545
f 3584/3603/3584 3545/3564/3545 3562/3581/3562
f 2369/2373/2369 3285/3301/3285 3284/3300/3284
f 3565/3584/3565 3583/3602/3583 3574/3593/3574
f 3063/3074/3063 2593/2598/2593 3565/3584/3565
f 1399/1402/1399 1502/1505/1502 1386/1389/1386
f 2398/2402/2398 2335/2339/2335 2334/2338/2334
f 3140/3155/3140 3163/3179/3163 2148/2152/2148
f 2750/2757/2750 2464/2469/2464 2465/2470/2465
f 2155/2159/2155 3429/3447/3429 2317/2321/2317
f 1557/1560/1557 135/135/135 1700/1704/1700
f 328/328/328 378/378/378 327/327/327
f 2616/2621/2616 3125/3137/3125 1609/1612/1609
f 1990/1994/1990 1989/1993/1989 3586/3605/3586
f 3587/3606/3587 1682/1686/1682 3572/3591/3572
f 1532/1535/1532 2090/2094/2090 1533/1536/1533
f 3572/3591/3572 2673/2678/2673 1789/1793/1789
f 2257/2261/2257 2317/2321/2317 2098/2102/2098
f 3535/3554/3535 480/480/480 2926/2936/2926
f 3585/3604/3585 3577/3596/3577 2992/3003/2992
f 3562/3581/3562 3563/3582/3563 3588/3607/3588
f 3127/3139/3127 3589/3608/3589 3563/3582/3563
f 3564/3583/3564 103/103/103 3339/3356/3339
f 3041/3052/3041 105/105/105 104/104/104
f 2942/2952/2942 3590/3609/3590 2660/2665/2660
f 3285/3301/3285 3590/3609/3590 2942/2952/2942
f 3591/3610/3591 2529/2534/2529 3530/3549/3530
f 3554/3573/3554 3573/3592/3573 3494/3512/3494
f 84/84/84 3582/3601/3582 2801/2809/2801
f 3419/3437/3419 3328/3345/3328 3418/3436/3418
f 3206/3222/3206 3065/3076/3065 3064/3075/3064
f 2464/2469/2464 2623/2628/2623 2274/2278/2274
f 2048/2052/2048 754/754/754 2447/2452/2447
f 3380/3397/3380 3374/3391/3374 1204/1204/1204
f 1526/1529/1526 3561/3580/3561 2898/2907/2898
f 3587/3606/3587 1680/1684/1680 1682/1686/1682
f 3084/3095/3084 29/29/29 3139/3154/3139
f 3084/3095/3084 3139/3154/3139 2963/2974/2963
f 3592/3611/3592 1220/1220/1220 2656/2661/2656
f 3593/3612/3593 3289/3305/3289 938/938/938
f 2993/3004/2993 1338/1339/1338 3546/3565/3546
f 3588/3607/3588 3584/3603/3584 3562/3581/3562
f 3589/3608/3589 3588/3607/3588 3563/3582/3563
f 3578/3597/3578 3589/3608/3589 3127/3139/3127
f 2246/2250/2246 3578/3597/3578 2728/2734/2728
f 3339/3356/3339 103/103/103 2935/2945/2935
f 1165/1165/1165 345/345/345 139/139/139
f 2057/2061/2057 2056/2060/2056 3041/3052/3041
f 1884/1888/1884 1374/1377/1374 1373/1376/1373
f 3590/3609/3590 2058/2062/2058 2660/2665/2660
f 1867/1871/1867 1874/1878/1874 1873/1877/1873
f 3583/3602/3583 2802/2810/2802 3574/3593/3574
f 2977/2988/2977 907/907/907 906/906/906
f 3492/3510/3492 2326/2330/2326 2327/2331/2327
f 2978/2989/2978 907/907/907 2977/2988/2977
f 3594/3613/3594 135/135/135 1557/1560/1557
f 3216/3232/3216 3218/3234/3218 3569/3588/3569
f 1557/1560/1557 1316/1317/1316 1315/1316/1315
f 519/519/519 3580/3599/3580 2797/2805/2797
f 3568/3587/3568 2797/2805/2797 3580/3599/3580
f 565/565/565 2549/2554/2549 3194/3210/3194
f 1681/1685/1681 1526/1529/1526 2898/2907/2898
f 3587/3606/3587 3595/3614/3595 1680/1684/1680
f 3340/3357/3340 2245/2249/2245 2247/2251/2247
f 3340/3357/3340 2935/2945/2935 1122/1122/1122
f 1946/1950/1946 3388/3405/3388 3365/3382/3365
f 3596/3615/3596 3590/3609/3590 3285/3301/3285
f 3597/3616/3597 524/524/524 3598/3617/3598
f 3597/3616/3597 3598/3617/3598 3582/3601/3582
f 870/870/870 399/399/399 237/237/237
f 2593/2598/2593 3063/3074/3063 1556/1559/1556
f 1333/1334/1333 3234/3250/3234 1943/1947/1943
f 1878/1882/1878 225/225/225 2810/2818/2810
f 3576/3595/3576 1314/1315/1314 1316/1317/1316
f 3580/3599/3580 2263/2267/2263 3576/3595/3576
f 519/519/519 2263/2267/2263 3580/3599/3580
f 196/196/196 36/36/36 3561/3580/3561
f 1526/1529/1526 196/196/196 3561/3580/3561
f 3257/3273/3257 1336/1337/1336 3599/3618/3599
f 250/250/250 2892/2901/2892 1970/1974/1970
f 3585/3604/3585 3600/3619/3600 3577/3596/3577
f 3584/3603/3584 3601/3620/3601 3585/3604/3585
f 3588/3607/3588 1842/1846/1842 3584/3603/3584
f 857/857/857 904/904/904 346/346/346
f 2757/2765/2757 105/105/105 3041/3052/3041
f 2056/2060/2056 2757/2765/2757 3041/3052/3041
f 3151/3166/3151 280/280/280 1340/1341/1340
f 3602/3621/3602 3596/3615/3596 3285/3301/3285
f 3602/3621/3602 3285/3301/3285 2369/2373/2369
f 719/719/719 3602/3621/3602 2369/2373/2369
f 3598/3617/3598 523/523/523 3494/3512/3494
f 3603/3622/3603 2802/2810/2802 3583/3602/3583
f 3491/3509/3491 3457/3475/3457 3473/3491/3473
f 871/871/871 237/237/237 399/399/399
f 2843/2852/2843 2042/2046/2042 1899/1903/1899
f 905/905/905 2094/2098/2094 2751/2758/2751
f 3604/3623/3604 2094/2098/2094 905/905/905
f 3604/3623/3604 905/905/905 907/907/907
f 3605/3624/3605 3604/3623/3604 907/907/907
f 2978/2989/2978 3605/3624/3605 907/907/907
f 2263/2267/2263 1314/1315/1314 3576/3595/3576
f 1609/1612/1609 520/520/520 2797/2805/2797
f 686/686/686 2981/2992/2981 2980/2991/2980
f 3601/3620/3601 3600/3619/3600 3585/3604/3585
f 2805/2813/2805 3415/3433/3415 1947/1951/1947
f 2587/2592/2587 3415/3433/3415 3416/3434/3416
f 2125/2129/2125 1497/1500/1497 1496/1499/1496
f 3592/3611/3592 931/931/931 933/933/933
f 3606/3625/3606 3065/3076/3065 3206/3222/3206
f 2622/2627/2622 3606/3625/3606 3206/3222/3206
f 1798/1802/1798 2978/2989/2978 136/136/136
f 3594/3613/3594 1798/1802/1798 135/135/135
f 1610/1613/1610 520/520/520 1609/1612/1609
f 3171/3187/3171 2300/2304/2300 218/218/218
f 1322/1323/1322 1531/1534/1531 1508/1511/1508
f 3578/3597/3578 3469/3487/3469 3607/3626/3607
f 1338/1339/1338 3599/3618/3599 1336/1337/1336
f 3599/3618/3599 1338/1339/1338 3577/3596/3577
f 3600/3619/3600 3599/3618/3599 3577/3596/3577
f 1842/1846/1842 3601/3620/3601 3584/3603/3584
f 2891/2900/2891 1842/1846/1842 3588/3607/3588
f 3589/3608/3589 2891/2900/2891 3588/3607/3588
f 3589/3608/3589 3578/3597/3578 3608/3627/3608
f 2501/2506/2501 3607/3626/3607 3469/3487/3469
f 3469/3487/3469 3578/3597/3578 2246/2250/2246
f 1083/1083/1083 1095/1095/1095 1184/1184/1184
f 1614/1617/1614 1392/1395/1392 1393/1396/1393
f 3609/3628/3609 2058/2062/2058 3590/3609/3590
f 3610/3629/3610 3609/3628/3609 3596/3615/3596
f 3590/3609/3590 3596/3615/3596 3609/3628/3609
f 85/85/85 84/84/84 2802/2810/2802
f 3603/3622/3603 85/85/85 2802/2810/2802
f 3583/3602/3583 2593/2598/2593 2592/2597/2592
f 3491/3509/3491 868/868/868 3467/3485/3467
f 1554/1557/1554 3063/3074/3063 3065/3076/3065
f 2316/2320/2316 2120/2124/2120 2159/2163/2159
f 3594/3613/3594 1557/1560/1557 1315/1316/1315
f 1091/1091/1091 1043/1043/1043 1042/1042/1042
f 1372/1375/1372 3425/3443/3425 3544/3563/3544
f 1198/1198/1198 1260/1260/1260 1403/1406/1403
f 401/401/401 452/452/452 506/506/506
f 1263/1263/1263 1610/1613/1610 37/37/37
f 196/196/196 37/37/37 36/36/36
f 1680/1684/1680 1384/1387/1384 1681/1685/1681
f 1403/1406/1403 1260/1260/1260 1390/1393/1390
f 3506/3524/3506 3390/3407/3390 3290/3306/3290
f 30/30/30 3084/3095/3084 3256/3272/3256
f 2303/2307/2303 664/664/664 60/60/60
f 3607/3626/3607 3608/3627/3608 3578/3597/3578
f 525/525/525 708/708/708 471/471/471
f 2245/2249/2245 3468/3486/3468 2788/2796/2788
f 3030/3041/3030 3034/3045/3034 142/142/142
f 2058/2062/2058 2095/2099/2095 2056/2060/2056
f 3611/3630/3611 3602/3621/3602 719/719/719
f 718/718/718 3611/3630/3611 719/719/719
f 2218/2222/2218 2289/2293/2289 2152/2156/2152
f 3598/3617/3598 524/524/524 523/523/523
f 1145/1145/1145 1497/1500/1497 2153/2157/2153
f 3325/3342/3325 3259/3275/3259 1637/1640/1637
f 571/571/571 573/573/573 2057/2061/2057
f 3612/3631/3612 3603/3622/3603 2592/2597/2592
f 3613/3632/3613 2622/2627/2622 925/925/925
f 2872/2881/2872 3604/3623/3604 3605/3624/3605
f 1759/1763/1759 1854/1858/1854 1484/1487/1484
f 1384/1387/1384 1526/1529/1526 1681/1685/1681
f 3392/3409/3392 1137/1137/1137 3383/3400/3383
f 3608/3627/3608 2891/2900/2891 3589/3608/3589
f 105/105/105 2757/2765/2757 173/173/173
f 1851/1855/1851 2320/2324/2320 1525/1528/1525
f 3609/3628/3609 2095/2099/2095 2058/2062/2058
f 3614/3633/3614 3596/3615/3596 3602/3621/3602
f 3614/3633/3614 3610/3629/3610 3596/3615/3596
f 3583/3602/3583 2592/2597/2592 3603/3622/3603
f 148/148/148 560/560/560 1579/1582/1579
f 3063/3074/3063 1554/1557/1554 1556/1559/1556
f 1554/1557/1554 3065/3076/3065 3606/3625/3606
f 1915/1919/1915 2072/2076/2072 1932/1936/1932
f 3613/3632/3613 3606/3625/3606 2622/2627/2622
f 2331/2335/2331 1926/1930/1926 1539/1542/1539
f 1475/1478/1475 159/159/159 1476/1479/1476
f 3019/3030/3019 3035/3046/3035 3030/3041/3030
f 813/813/813 3615/3634/3615 814/814/814
f 2262/2266/2262 2264/2268/2264 1314/1315/1314
f 2522/2527/2522 3250/3266/3250 3408/3426/3408
f 519/519/519 3616/3635/3616 2263/2267/2263
f 1640/1643/1640 1738/1742/1738 1813/1817/1813
f 3617/3636/3617 520/520/520 1610/1613/1610
f 2570/2575/2570 487/487/487 2980/2991/2980
f 1263/1263/1263 3617/3636/3617 1610/1613/1610
f 3572/3591/3572 1789/1793/1789 3587/3606/3587
f 1662/1666/1662 1589/1592/1589 1508/1511/1508
f 3599/3618/3599 3600/3619/3600 861/861/861
f 862/862/862 3600/3619/3600 3601/3620/3601
f 1842/1846/1842 1844/1848/1844 3601/3620/3601
f 3611/3630/3611 3614/3633/3614 3602/3621/3602
f 3618/3637/3618 3611/3630/3611 718/718/718
f 3397/3414/3397 3618/3637/3618 718/718/718
f 522/522/522 3397/3414/3397 718/718/718
f 3150/3165/3150 2985/2996/2985 2771/2779/2771
f 3619/3638/3619 895/895/895 524/524/524
f 3612/3631/3612 995/995/995 3603/3622/3603
f 2592/2597/2592 1556/1559/1556 3620/3639/3620
f 2094/2098/2094 1767/1771/1767 2750/2757/2750
f 1849/1853/1849 2094/2098/2094 3604/3623/3604
f 2872/2881/2872 3605/3624/3605 650/650/650
f 2763/3640/2763 181/181/181 1834/1838/1834
f 3616/3635/3616 2262/2266/2262 2263/2267/2263
f 520/520/520 519/519/519 2797/2805/2797
f 2294/2298/2294 1261/1261/1261 2318/2322/2318
f 3324/3341/3324 3621/3641/3621 242/242/242
f 861/861/861 2780/2788/2780 2739/2746/2739
f 196/196/196 1526/1529/1526 195/195/195
f 3622/3642/3622 1384/1387/1384 1680/1684/1680
f 3595/3614/3595 3622/3642/3622 1680/1684/1680
f 1789/1793/1789 233/233/233 3587/3606/3587
f 3044/3055/3044 3518/3536/3518 3045/3056/3045
f 3255/3271/3255 30/30/30 3256/3272/3256
f 1323/1324/1323 2318/2322/2318 1324/1325/1324
f 3091/3102/3091 3230/3246/3230 3186/3202/3186
f 861/861/861 3257/3273/3257 3599/3618/3599
f 2646/2651/2646 3072/3083/3072 3076/3087/3076
f 2380/2384/2380 173/173/173 2756/2764/2756
f 2757/2765/2757 2756/2764/2756 173/173/173
f 2056/2060/2056 952/952/952 2757/2765/2757
f 3610/3629/3610 2280/2284/2280 3609/3628/3609
f 86/86/86 3597/3616/3597 84/84/84
f 996/996/996 86/86/86 85/85/85
f 995/995/995 85/85/85 3603/3622/3603
f 1555/1558/1555 3620/3639/3620 1556/1559/1556
f 1555/1558/1555 1554/1557/1554 3623/3643/3623
f 3606/3625/3606 3613/3632/3613 3623/3643/3623
f 614/614/614 2966/2977/2966 3248/3264/3248
f 2497/2502/2497 1798/1802/1798 3594/3613/3594
f 3438/3456/3438 3437/3455/3437 3570/3589/3570
f 862/862/862 861/861/861 3600/3619/3600
f 1904/1908/1904 2168/2172/2168 2055/2059/2055
f 3198/3214/3198 1843/1847/1843 2891/2900/2891
f 3608/3627/3608 3198/3214/3198 2891/2900/2891
f 3607/3626/3607 3624/3644/3624 3608/3627/3608
f 3625/3645/3625 2501/2506/2501 3469/3487/3469
f 3625/3645/3625 3469/3487/3469 2788/2796/2788
f 1192/1192/1192 1194/1194/1194 3089/3100/3089
f 2788/2796/2788 3468/3486/3468 3626/3646/3626
f 2486/2491/2486 3468/3486/3468 1122/1122/1122
f 3609/3628/3609 2280/2284/2280 2095/2099/2095
f 3614/3633/3614 3627/3647/3627 3610/3629/3610
f 2697/2703/2697 2196/2200/2196 2698/2704/2698
f 3597/3616/3597 3628/3648/3628 3619/3638/3619
f 971/971/971 995/995/995 3612/3631/3612
f 3620/3639/3620 3612/3631/3612 2592/2597/2592
f 3620/3639/3620 971/971/971 3612/3631/3612
f 3629/3649/3629 3613/3632/3613 924/924/924
f 925/925/925 2623/2628/2623 1767/1771/1767
f 2497/2502/2497 651/651/651 1798/1802/1798
f 3617/3636/3617 521/521/521 520/520/520
f 1383/1386/1383 2793/2801/2793 195/195/195
f 3428/3446/3428 3453/3471/3453 3311/3327/3311
f 3288/3304/3288 3262/3278/3262 3122/3134/3122
f 952/952/952 2095/2099/2095 950/950/950
f 1887/1891/1887 3268/3284/3268 1888/1892/1888
f 3630/3650/3630 3614/3633/3614 3611/3630/3611
f 3630/3650/3630 3627/3647/3627 3614/3633/3614
f 3618/3637/3618 3397/3414/3397 3631/3651/3631
f 230/230/230 2101/2105/2101 2816/2824/2816
f 86/86/86 3628/3648/3628 3597/3616/3597
f 3606/3625/3606 3623/3643/3623 1554/1557/1554
f 3629/3649/3629 3623/3643/3623 3613/3632/3613
f 2872/2881/2872 1849/1853/1849 3604/3623/3604
f 1315/1316/1315 2265/2269/2265 3594/3613/3594
f 627/627/627 629/629/629 1992/1996/1992
f 1026/1026/1026 1027/1027/1027 1134/1134/1134
f 2264/2268/2264 2262/2266/2262 3471/3489/3471
f 1003/1003/1003 937/937/937 842/842/842
f 3616/3635/3616 3632/3652/3632 2262/2266/2262
f 2924/2934/2924 1263/1263/1263 37/37/37
f 2793/2801/2793 2924/2934/2924 195/195/195
f 3622/3642/3622 1382/1385/1382 1384/1387/1384
f 3255/3271/3255 2220/2224/2220 30/30/30
f 3624/3644/3624 3198/3214/3198 3608/3627/3608
f 2486/2491/2486 3626/3646/3626 3468/3486/3468
f 2151/2155/2151 1123/1123/1123 174/174/174
f 2380/2384/2380 2151/2155/2151 173/173/173
f 2584/2589/2584 2280/2284/2280 3610/3629/3610
f 3627/3647/3627 2584/2589/2584 3610/3629/3610
f 3618/3637/3618 3630/3650/3630 3611/3630/3611
f 522/522/522 894/894/894 3397/3414/3397
f 3633/3653/3633 895/895/895 3619/3638/3619
f 3628/3648/3628 3633/3653/3633 3619/3638/3619
f 85/85/85 995/995/995 996/996/996
f 1555/1558/1555 2097/2101/2097 3620/3639/3620
f 2953/2963/2953 2895/2904/2895 3029/3040/3029
f 1847/1851/1847 1849/1853/1849 2872/2881/2872
f 2978/2989/2978 650/650/650 3605/3624/3605
f 649/649/649 2873/2882/2873 650/650/650
f 1798/1802/1798 651/651/651 650/650/650
f 1622/1625/1622 1144/1144/1144 3337/3354/3337
f 789/789/789 3632/3652/3632 3616/3635/3616
f 519/519/519 521/521/521 3616/3635/3616
f 976/976/976 1313/1314/1313 977/977/977
f 232/232/232 3622/3642/3622 3595/3614/3595
f 233/233/233 232/232/232 3595/3614/3595
f 3257/3273/3257 861/861/861 2739/2746/2739
f 860/860/860 2780/2788/2780 861/861/861
f 2501/2506/2501 3624/3644/3624 3607/3626/3607
f 3626/3646/3626 3625/3645/3625 2788/2796/2788
f 2948/2958/2948 3179/3195/3179 1367/1370/1367
f 2486/2491/2486 1122/1122/1122 1123/1123/1123
f 2887/2896/2887 3634/3654/3634 3635/3655/3635
f 48/48/48 1103/1103/1103 2521/2526/2521
f 952/952/952 951/951/951 2756/2764/2756
f 3006/3017/3006 3628/3648/3628 86/86/86
f 995/995/995 971/971/971 970/970/970
f 3636/3656/3636 971/971/971 3620/3639/3620
f 3088/3099/3088 3036/3047/3036 2914/2924/2914
f 2097/2101/2097 3636/3656/3636 3620/3639/3620
f 3623/3643/3623 2096/2100/2096 1555/1558/1555
f 2208/2212/2208 649/649/649 651/651/651
f 2497/2502/2497 2505/2510/2505 651/651/651
f 3364/3381/3364 3388/3405/3388 3392/3409/3392
f 3255/3271/3255 2738/2745/2738 2220/2224/2220
f 2431/3657/2431 2565/3658/2565 946/946/946
f 2294/2298/2294 2318/2322/2318 2083/2087/2083
f 2030/2034/2030 970/970/970 969/969/969
f 3637/3659/3637 3626/3646/3626 2486/2491/2486
f 2307/2311/2307 3637/3659/3637 2486/2491/2486
f 3627/3647/3627 3181/3197/3181 2584/2589/2584
f 3638/3660/3638 3627/3647/3627 3630/3650/3630
f 3639/3661/3639 3638/3660/3638 3630/3650/3630
f 3639/3661/3639 3630/3650/3630 3618/3637/3618
f 3639/3661/3639 3618/3637/3618 3631/3651/3631
f 708/708/708 324/324/324 471/471/471
f 1580/1583/1580 894/894/894 895/895/895
f 3633/3653/3633 1580/1583/1580 895/895/895
f 1354/1356/1354 1699/1703/1699 1355/1357/1355
f 1768/1772/1768 3336/3353/3336 923/923/923
f 1768/1772/1768 1849/1853/1849 1848/1852/1848
f 2873/2882/2873 1847/1851/1847 2872/2881/2872
f 1650/1653/1650 3388/3405/3388 1946/1950/1946
f 2505/2510/2505 2208/2212/2208 651/651/651
f 2498/2503/2498 2505/2510/2505 2497/2502/2497
f 3640/3662/3640 2924/2934/2924 2793/2801/2793
f 3641/3663/3641 1382/1385/1382 3622/3642/3622
f 232/232/232 3641/3663/3641 3622/3642/3622
f 2738/2745/2738 3255/3271/3255 2739/2746/2739
f 2424/2428/2424 860/860/860 1844/1848/1844
f 2015/2019/2015 2014/2018/2014 2826/2834/2826
f 3638/3660/3638 3181/3197/3181 3627/3647/3627
f 3631/3651/3631 3397/3414/3397 1581/1584/1581
f 3628/3648/3628 3006/3017/3006 3451/3469/3451
f 3381/3398/3381 2096/2100/2096 3623/3643/3623
f 3629/3649/3629 3381/3398/3381 3623/3643/3623
f 966/966/966 2403/2407/2403 2371/2375/2371
f 3108/3120/3108 241/241/241 3642/3664/3642
f 3438/3456/3438 2873/2882/2873 649/649/649
f 1651/1654/1651 1650/1653/1650 1947/1951/1947
f 2563/2568/2563 2264/2268/2264 3471/3489/3471
f 3632/3652/3632 3471/3489/3471 2262/2266/2262
f 1482/1485/1482 1708/1712/1708 1483/1486/1483
f 1264/1264/1264 3617/3636/3617 1263/1263/1263
f 3643/3665/3643 3640/3662/3640 2793/2801/2793
f 3643/3665/3643 2793/2801/2793 1382/1385/1382
f 3641/3663/3641 3643/3665/3643 1382/1385/1382
f 3579/3598/3579 231/231/231 233/233/233
f 2219/2223/2219 3579/3598/3579 28/28/28
f 2219/2223/2219 2220/2224/2220 3272/3288/3272
f 3272/3288/3272 2220/2224/2220 2738/2745/2738
f 2067/2071/2067 2217/2221/2217 3459/3477/3459
f 3625/3645/3625 2502/2507/2502 2501/2506/2501
f 3644/3666/3644 2502/2507/2502 3625/3645/3625
f 3644/3666/3644 3625/3645/3625 3626/3646/3626
f 3637/3659/3637 3644/3666/3644 3626/3646/3626
f 2379/2383/2379 1652/1655/1652 2380/2384/2380
f 3451/3469/3451 3633/3653/3633 3628/3648/3628
f 499/499/499 477/477/477 427/427/427
f 970/970/970 3007/3018/3007 996/996/996
f 3166/3182/3166 3167/3183/3167 2250/2254/2250
f 3636/3656/3636 969/969/969 971/971/971
f 352/352/352 602/602/602 1005/1005/1005
f 1768/1772/1768 1848/1852/1848 3336/3353/3336
f 1848/1852/1848 1847/1851/1847 3571/3590/3571
f 1847/1851/1847 2873/2882/2873 3570/3589/3570
f 2264/2268/2264 2563/2568/2563 2265/2269/2265
f 776/776/776 872/872/872 761/761/761
f 3632/3652/3632 789/789/789 3621/3641/3621
f 788/788/788 521/521/521 3617/3636/3617
f 967/967/967 2212/2216/2212 2288/2292/2288
f 2091/2095/2091 1600/1603/1600 2363/2367/2363
f 784/784/784 178/178/178 180/180/180
f 231/231/231 3645/3667/3645 232/232/232
f 2092/2096/2092 2091/2095/2091 1622/1625/1622
f 2360/2364/2360 2091/2095/2091 2361/2365/2361
f 2153/2157/2153 2023/2027/2023 2127/2131/2127
f 2351/2355/2351 1228/1228/1228 192/192/192
f 3315/3331/3315 3331/3348/3331 1727/1731/1727
f 2886/2895/2886 1647/1650/1647 2120/2124/2120
f 62/62/62 1287/1287/1287 63/63/63
f 2513/2518/2513 2379/2383/2379 2909/2918/2909
f 2253/2257/2253 951/951/951 950/950/950
f 3646/3668/3646 1580/1583/1580 3633/3653/3633
f 3451/3469/3451 3646/3668/3646 3633/3653/3633
f 498/498/498 969/969/969 3636/3656/3636
f 2535/2540/2535 498/498/498 3636/3656/3636
f 2097/2101/2097 2535/2540/2535 3636/3656/3636
f 3647/3669/3647 3381/3398/3381 3629/3649/3629
f 924/924/924 3648/3670/3648 3629/3649/3629
f 932/932/932 3648/3670/3648 924/924/924
f 2208/2212/2208 3438/3456/3438 649/649/649
f 2208/2212/2208 2505/2510/2505 2209/2213/2209
f 1264/1264/1264 788/788/788 3617/3636/3617
f 1263/1263/1263 2925/2935/2925 1056/1056/1056
f 3640/3662/3640 2925/2935/2925 2924/2934/2924
f 3645/3667/3645 3641/3663/3641 232/232/232
f 3649/3671/3649 2219/2223/2219 3650/3672/3650
f 2780/2788/2780 2740/2747/2740 2739/2746/2739
f 2002/2006/2002 100/100/100 102/102/102
f 764/764/764 709/709/709 850/850/850
f 3638/3660/3638 3651/3673/3651 3181/3197/3181
f 3652/3674/3652 3638/3660/3638 3639/3661/3639
f 3631/3651/3631 3652/3674/3652 3639/3661/3639
f 2576/2581/2576 2285/2289/2285 2551/2556/2551
f 2030/2034/2030 3007/3018/3007 970/970/970
f 544/3675/544 1293/1293/1293 545/3676/545
f 2873/2882/2873 3438/3456/3438 3570/3589/3570
f 3220/3236/3220 3227/3243/3227 2766/2774/2766
f 3649/3671/3649 231/231/231 3579/3598/3579
f 928/928/928 926/926/926 824/824/824
f 2424/2428/2424 2984/2995/2984 860/860/860
f 2502/2507/2502 3477/3495/3477 2500/2505/2500
f 3651/3673/3651 2086/2090/2086 3181/3197/3181
f 3652/3674/3652 3651/3673/3651 3638/3660/3638
f 3360/3377/3360 1257/1257/1257 2777/2785/2777
f 1491/1494/1491 3646/3668/3646 3451/3469/3451
f 3467/3485/3467 868/868/868 3484/3502/3484
f 959/959/959 335/335/335 855/855/855
f 2044/2048/2044 2172/2176/2172 2198/2202/2198
f 3381/3398/3381 3653/3677/3653 3217/3233/3217
f 3647/3669/3647 3653/3677/3653 3381/3398/3381
f 745/745/745 440/440/440 591/591/591
f 1329/1330/1329 1202/1202/1202 1330/1331/1330
f 2513/2518/2513 2909/2918/2909 2908/2917/2908
f 3324/3341/3324 3471/3489/3471 3621/3641/3621
f 3654/3678/3654 2842/2851/2842 2841/2850/2841
f 240/240/240 3621/3641/3621 789/789/789
f 788/788/788 240/240/240 789/789/789
f 2376/2380/2376 3640/3662/3640 3643/3665/3643
f 628/628/628 3010/3021/3010 3279/3295/3279
f 3641/3663/3641 3655/3679/3655 3643/3665/3643
f 2738/2745/2738 2740/2747/2740 3271/3287/3271
f 2984/2995/2984 2780/2788/2780 860/860/860
f 3656/3680/3656 3198/3214/3198 3624/3644/3624
f 2500/2505/2500 3656/3680/3656 3624/3644/3624
f 2837/2846/2837 2770/2778/2770 1407/1410/1407
f 3034/3045/3034 3383/3400/3383 1137/1137/1137
f 3007/3018/3007 2030/2034/2030 2029/2033/2029
f 2442/2447/2442 2588/2593/2588 2469/2474/2469
f 3648/3670/3648 932/932/932 931/931/931
f 1068/1068/1068 959/959/959 960/960/960
f 365/365/365 305/305/305 322/322/322
f 2018/2022/2018 2019/2023/2019 2107/2111/2107
f 3324/3341/3324 3191/3207/3191 2563/2568/2563
f 788/788/788 1264/1264/1264 3642/3664/3642
f 1056/1056/1056 3657/3681/3657 1264/1264/1264
f 2286/2290/2286 2925/2935/2925 3640/3662/3640
f 3645/3667/3645 3655/3679/3655 3641/3663/3641
f 3656/3680/3656 2226/2230/2226 3198/3214/3198
f 3477/3495/3477 3656/3680/3656 2500/2505/2500
f 3658/3682/3658 3477/3495/3477 2502/2507/2502
f 3658/3682/3658 2502/2507/2502 3644/3666/3644
f 3637/3659/3637 3658/3682/3658 3644/3666/3644
f 3160/3176/3160 3150/3165/3150 3126/3138/3126
f 1710/1714/1710 1009/1009/1009 1763/1767/1763
f 2087/2091/2087 2452/2457/2452 2254/2258/2254
f 2086/2090/2086 2087/2091/2087 3181/3197/3181
f 1580/1583/1580 2528/2533/2528 1581/1584/1581
f 2029/2033/2029 1896/1900/1896 1895/1899/1895
f 3421/3439/3421 1271/1271/1271 228/228/228
f 1354/1356/1354 1700/1704/1700 1699/1703/1699
f 1859/1863/1859 1457/1460/1457 1456/1459/1456
f 3438/3456/3438 2208/2212/2208 2210/2214/2210
f 3632/3652/3632 3621/3641/3621 3471/3489/3471
f 3659/3683/3659 2376/2380/2376 3643/3665/3643
f 3586/3605/3586 3655/3679/3655 3645/3667/3645
f 3660/3684/3660 3645/3667/3645 231/231/231
f 3660/3684/3660 3586/3605/3586 3645/3667/3645
f 3649/3671/3649 3660/3684/3660 231/231/231
f 2225/2229/2225 2976/2987/2976 2423/2427/2423
f 3661/3685/3661 3662/3686/3662 3663/3687/3663
f 2307/2311/2307 3664/3688/3664 3637/3659/3637
f 1725/1729/1725 1296/1297/1296 2690/2696/2690
f 1023/1023/1023 2086/2090/2086 3651/3673/3651
f 1023/1023/1023 3651/3673/3651 3652/3674/3652
f 2611/2616/2611 1023/1023/1023 3652/3674/3652
f 1895/1899/1895 3007/3018/3007 2029/2033/2029
f 3631/3651/3631 2611/2616/2611 3652/3674/3652
f 1581/1584/1581 2529/2534/2529 3631/3651/3631
f 3646/3668/3646 2528/2533/2528 1580/1583/1580
f 2992/3003/2992 3577/3596/3577 2993/3004/2993
f 2536/2541/2536 2535/2540/2535 3266/3282/3266
f 1122/1122/1122 2935/2945/2935 174/174/174
f 3665/3689/3665 3038/3049/3038 2234/2238/2234
f 2655/2660/2655 3653/3677/3653 3647/3669/3647
f 728/728/728 414/414/414 415/415/415
f 3437/3455/3437 3666/3690/3666 3570/3589/3570
f 1286/1286/1286 2718/2724/2718 458/458/458
f 3657/3681/3657 3642/3664/3642 1264/1264/1264
f 2286/2290/2286 1056/1056/1056 2925/2935/2925
f 2478/2483/2478 1897/1901/1897 3145/3160/3145
f 3667/3691/3667 3660/3684/3660 3649/3671/3649
f 3272/3288/3272 3650/3672/3650 2219/2223/2219
f 908/908/908 964/964/964 866/866/866
f 2999/3010/2999 3668/3692/3668 3669/3693/3669
f 3293/3309/3293 3252/3268/3252 133/133/133
f 2203/2207/2203 2173/2177/2173 2322/2326/2322
f 2331/2335/2331 1476/1479/1476 159/159/159
f 3658/3682/3658 3637/3659/3637 3670/3694/3670
f 1653/1656/1653 3402/3420/3402 2307/2311/2307
f 2512/2517/2512 1652/1655/1652 2379/2383/2379
f 1493/1496/1493 864/864/864 3556/3575/3556
f 3671/3695/3671 2655/2660/2655 3647/3669/3647
f 3671/3695/3671 3647/3669/3647 3648/3670/3648
f 1848/1852/1848 2920/2930/2920 3335/3352/3335
f 3571/3590/3571 2920/2930/2920 1848/1852/1848
f 3088/3099/3088 2124/2128/2124 2123/2127/2123
f 1411/1414/1411 3191/3207/3191 3324/3341/3324
f 3332/3349/3332 3102/3113/3102 3482/3500/3482
f 240/240/240 242/242/242 3621/3641/3621
f 3642/3664/3642 240/240/240 788/788/788
f 1054/1054/1054 2286/2290/2286 2377/2381/2377
f 2286/2290/2286 3640/3662/3640 2376/2380/2376
f 1161/1161/1161 1160/1160/1160 1273/1273/1273
f 3672/3696/3672 3659/3683/3659 3655/3679/3655
f 1990/1994/1990 3586/3605/3586 3660/3684/3660
f 3667/3691/3667 1990/1994/1990 3660/3684/3660
f 2740/2747/2740 3225/3241/3225 3271/3287/3271
f 3225/3241/3225 2740/2747/2740 2779/2787/2779
f 1656/1659/1656 2682/2688/2682 2692/2698/2692
f 2976/2987/2976 2225/2229/2225 3673/3697/3673
f 450/450/450 3233/3249/3233 1824/1828/1824
f 1846/1850/1846 1863/1867/1863 589/589/589
f 2253/2257/2253 2910/2919/2910 2909/2918/2909
f 2452/2457/2452 2087/2091/2087 2088/2092/2088
f 1490/1493/1490 2528/2533/2528 3646/3668/3646
f 1267/1267/1267 3380/3397/3380 2503/2508/2503
f 3218/3234/3218 3217/3233/3217 3653/3677/3653
f 2655/2660/2655 3218/3234/3218 3653/3677/3653
f 3674/3698/3674 1276/1276/1276 2753/2761/2753
f 259/259/259 2210/2214/2210 2209/2213/2209
f 240/240/240 3642/3664/3642 241/241/241
f 3642/3664/3642 3657/3681/3657 3675/3699/3675
f 2966/2977/2966 613/613/613 576/576/576
f 1367/1370/1367 3363/3380/3363 2948/2958/2948
f 3650/3672/3650 3667/3691/3667 3649/3671/3649
f 2984/2995/2984 3676/3700/3676 2780/2788/2780
f 2902/2911/2902 2226/2230/2226 3656/3680/3656
f 2902/2911/2902 3656/3680/3656 3477/3495/3477
f 2902/2911/2902 3477/3495/3477 2900/2909/2900
f 3658/3682/3658 3478/3496/3478 3477/3495/3477
f 3664/3688/3664 2307/2311/2307 3402/3420/3402
f 3302/3318/3302 3402/3420/3402 1653/1656/1653
f 1652/1655/1652 2512/2517/2512 1653/1656/1653
f 2512/2517/2512 2513/2518/2513 3677/3701/3677
f 2088/2092/2088 2086/2090/2086 1022/1022/1022
f 715/715/715 714/714/714 3299/3315/3299
f 2610/2615/2610 2611/2616/2611 3591/3610/3591
f 1483/1486/1483 1641/1644/1641 1578/1581/1578
f 1490/1493/1490 3530/3549/3530 2528/2533/2528
f 3216/3232/3216 3266/3282/3266 3217/3233/3217
f 3592/3611/3592 3671/3695/3671 931/931/931
f 2210/2214/2210 3678/3702/3678 3437/3455/3437
f 1276/1276/1276 3079/3090/3079 596/596/596
f 1055/1055/1055 3675/3699/3675 3657/3681/3657
f 3657/3681/3657 1056/1056/1056 1055/1055/1055
f 3659/3683/3659 3679/3703/3679 2376/2380/2376
f 1081/1081/1081 1008/1008/1008 1479/1482/1479
f 3586/3605/3586 3672/3696/3672 3655/3679/3655
f 1473/1476/1473 1437/1440/1437 1396/1399/1396
f 3676/3700/3676 2781/2789/2781 2780/2788/2780
f 2984/2995/2984 2423/2427/2423 3676/3700/3676
f 2226/2230/2226 3673/3697/3673 2225/2229/2225
f 2902/2911/2902 3673/3697/3673 2226/2230/2226
f 3664/3688/3664 3670/3694/3670 3637/3659/3637
f 3677/3701/3677 3302/3318/3302 2512/2517/2512
f 3530/3549/3530 2529/2534/2529 2528/2533/2528
f 2707/2713/2707 1896/1900/1896 2029/2033/2029
f 3680/3704/3680 2860/2869/2860 2859/2868/2859
f 3491/3509/3491 3493/3511/3493 869/869/869
f 2920/2930/2920 385/385/385 2644/2649/2644
f 3681/3705/3681 3666/3690/3666 3437/3455/3437
f 3678/3702/3678 3681/3705/3681 3437/3455/3437
f 1947/1951/1947 3395/3412/3395 2805/2813/2805
f 3682/3706/3682 3667/3691/3667 3650/3672/3650
f 3271/3287/3271 3683/3707/3683 3272/3288/3272
f 2975/2986/2975 3676/3700/3676 2423/2427/2423
f 951/951/951 2909/2918/2909 2379/2383/2379
f 2452/2457/2452 2453/2458/2453 2910/2919/2910
f 1490/1493/1490 3646/3668/3646 1491/1494/1491
f 1446/1449/1446 1492/1495/1492 1896/1900/1896
f 1491/1494/1491 1896/1900/1896 1492/1495/1492
f 2707/2713/2707 1446/1449/1446 1896/1900/1896
f 1254/1254/1254 1149/1149/1149 1128/1128/1128
f 1678/1682/1678 590/590/590 1723/1727/1723
f 201/201/201 3684/3708/3684 202/202/202
f 3571/3590/3571 2919/2929/2919 2920/2930/2920
f 258/258/258 3678/3702/3678 259/259/259
f 2210/2214/2210 259/259/259 3678/3702/3678
f 3685/3709/3685 1684/1688/1684 3191/3207/3191
f 1411/1414/1411 3685/3709/3685 3191/3207/3191
f 3686/3710/3686 555/555/555 3687/3711/3687
f 2846/2855/2846 3395/3412/3395 3384/3401/3384
f 3679/3703/3679 2377/2381/2377 2376/2380/2376
f 3688/3712/3688 3679/3703/3679 3659/3683/3659
f 3688/3712/3688 3659/3683/3659 3672/3696/3672
f 1989/1993/1989 3672/3696/3672 3586/3605/3586
f 3683/3707/3683 3682/3706/3682 3650/3672/3650
f 2749/2756/2749 3683/3707/3683 3271/3287/3271
f 3225/3241/3225 2749/2756/2749 3271/3287/3271
f 3224/3240/3224 3225/3241/3225 2779/2787/2779
f 3689/3713/3689 3676/3700/3676 2975/2986/2975
f 895/895/895 522/522/522 524/524/524
f 3673/3697/3673 2902/2911/2902 2901/2910/2901
f 2900/2909/2900 2374/2378/2374 2901/2910/2901
f 3670/3694/3670 3478/3496/3478 3658/3682/3658
f 3401/3419/3401 3670/3694/3670 3664/3688/3664
f 2106/2110/2106 3402/3420/3402 3302/3318/3302
f 2399/2403/2399 2453/2458/2453 2088/2092/2088
f 352/352/352 1005/1005/1005 350/350/350
f 2232/2236/2232 2231/2235/2231 3456/3474/3456
f 3218/3234/3218 2655/2660/2655 2654/2659/2654
f 3671/3695/3671 2656/2661/2656 2655/2660/2655
f 3666/3690/3666 2919/2929/2919 3571/3590/3571
f 3690/3714/3690 1089/1089/1089 3691/3715/3691
f 3675/3699/3675 3108/3120/3108 3642/3664/3642
f 3399/3417/3399 3675/3699/3675 1055/1055/1055
f 433/433/433 3688/3712/3688 3672/3696/3672
f 433/433/433 3672/3696/3672 1989/1993/1989
f 3679/3703/3679 2906/2915/2906 2377/2381/2377
f 3566/3585/3566 3538/3557/3538 3539/3558/3539
f 3682/3706/3682 1990/1994/1990 3667/3691/3667
f 3689/3713/3689 2781/2789/2781 3676/3700/3676
f 3692/3716/3692 2900/2909/2900 3478/3496/3478
f 2699/2705/2699 1071/1071/1071 2697/2703/2697
f 3693/3717/3693 3677/3701/3677 2513/2518/2513
f 2908/2917/2908 3693/3717/3693 2513/2518/2513
f 3694/3718/3694 2908/2917/2908 2910/2919/2910
f 2453/2458/2453 3694/3718/3694 2910/2919/2910
f 3530/3549/3530 3532/3551/3532 3591/3610/3591
f 3170/3186/3170 1219/1219/1219 3695/3719/3695
f 3696/3720/3696 496/496/496 2536/2541/2536
f 3266/3282/3266 3216/3232/3216 3696/3720/3696
f 2420/2424/2420 1806/1810/1806 2409/2413/2409
f 2735/2742/2735 2826/2834/2826 2746/2753/2746
f 3681/3705/3681 3678/3702/3678 3697/3721/3697
f 1686/1690/1686 1685/1689/1685 2209/2213/2209
f 3391/3408/3391 1685/1689/1685 1684/1688/1684
f 3685/3709/3685 3391/3408/3391 1684/1688/1684
f 1410/1413/1410 3685/3709/3685 1411/1414/1411
f 2749/2756/2749 3225/3241/3225 2747/2754/2747
f 3129/3141/3129 3224/3240/3224 2781/2789/2781
f 2779/2787/2779 2781/2789/2781 3224/3240/3224
f 3698/3722/3698 3699/3723/3699 2976/2987/2976
f 3698/3722/3698 2976/2987/2976 3673/3697/3673
f 3698/3722/3698 2901/2910/2901 2373/2377/2373
f 3700/3724/3700 3478/3496/3478 3670/3694/3670
f 3401/3419/3401 3700/3724/3700 3670/3694/3670
f 183/183/183 2332/3167/2332 545/3676/545
f 1279/1279/1279 1512/1515/1512 1330/1331/1330
f 1490/1493/1490 1492/1495/1492 3531/3550/3531
f 2641/2646/2641 1446/1449/1446 2707/2713/2707
f 1514/1517/1514 2707/2713/2707 1515/1518/1515
f 3631/3651/3631 2529/2534/2529 2611/2616/2611
f 2874/2883/2874 3592/3611/3592 933/933/933
f 673/673/673 225/225/225 224/224/224
f 2712/2718/2712 2073/2077/2073 2700/2706/2700
f 3701/3725/3701 2919/2929/2919 3666/3690/3666
f 3681/3705/3681 3701/3725/3701 3666/3690/3666
f 3108/3120/3108 3675/3699/3675 2437/2441/2437
f 3702/3726/3702 1990/1994/1990 3682/3706/3682
f 3703/3727/3703 3702/3726/3702 3682/3706/3682
f 3703/3727/3703 3682/3706/3682 3683/3707/3683
f 3129/3141/3129 2781/2789/2781 3689/3713/3689
f 3704/3728/3704 3689/3713/3689 2975/2986/2975
f 783/783/783 701/701/701 735/735/735
f 2900/2909/2900 3692/3716/3692 2374/2378/2374
f 3172/3188/3172 3700/3724/3700 3401/3419/3401
f 1579/1582/1579 560/560/560 1404/1407/1404
f 3401/3419/3401 3664/3688/3664 3402/3420/3402
f 949/949/949 354/354/354 1287/1287/1287
f 1431/1434/1431 2895/2904/2895 1432/1435/1432
f 2610/2615/2610 2737/2744/2737 2608/2613/2608
f 3532/3551/3532 2737/2744/2737 2610/2615/2610
f 1922/1926/1922 3371/3388/3371 882/882/882
f 1490/1493/1490 3531/3550/3531 3530/3549/3530
f 3705/3729/3705 3531/3550/3531 1492/1495/1492
f 2397/2401/2397 2400/2404/2400 2417/2421/2417
f 1448/1451/1448 1492/1495/1492 1446/1449/1446
f 3592/3611/3592 2656/2661/2656 3671/3695/3671
f 2370/2374/2370 998/998/998 3554/3573/3554
f 2764/2772/2764 920/920/920 568/568/568
f 3582/3601/3582 84/84/84 3597/3616/3597
f 3706/3730/3706 989/989/989 3109/3121/3109
f 1379/1382/1379 1381/1384/1381 2886/2895/2886
f 1054/1054/1054 2377/2381/2377 1575/1578/1575
f 3679/3703/3679 2158/2162/2158 2906/2915/2906
f 2158/2162/2158 3679/3703/3679 3688/3712/3688
f 2193/2197/2193 2116/2120/2116 158/158/158
f 890/890/890 892/892/892 134/134/134
f 1991/1995/1991 1990/1994/1990 3707/3731/3707
f 3703/3727/3703 3683/3707/3683 2748/2755/2748
f 2261/2265/2261 3129/3141/3129 3689/3713/3689
f 3704/3728/3704 2261/2265/2261 3689/3713/3689
f 3704/3728/3704 2975/2986/2975 3699/3723/3699
f 2374/2378/2374 2373/2377/2373 2901/2910/2901
f 3700/3724/3700 3708/3732/3708 3692/3716/3692
f 3478/3496/3478 3700/3724/3700 3692/3716/3692
f 3709/3733/3709 3693/3717/3693 2908/2917/2908
f 3694/3718/3694 3709/3733/3709 2908/2917/2908
f 3710/3734/3710 3694/3718/3694 2453/2458/2453
f 2399/2403/2399 3710/3734/3710 2453/2458/2453
f 61/61/61 3222/3238/3222 2211/2215/2211
f 1711/1715/1711 1666/1670/1666 1787/1791/1787
f 2610/2615/2610 3591/3610/3591 3532/3551/3532
f 1448/1451/1448 3705/3729/3705 1492/1495/1492
f 1514/1517/1514 2641/2646/2641 2707/2713/2707
f 2653/2658/2653 3696/3720/3696 3711/3735/3711
f 3712/3736/3712 3216/3232/3216 3569/3588/3569
f 1050/1050/1050 345/345/345 1165/1165/1165
f 3592/3611/3592 2874/2883/2874 1220/1220/1220
f 3701/3725/3701 2784/2792/2784 2919/2929/2919
f 258/258/258 3697/3721/3697 3678/3702/3678
f 3391/3408/3391 3000/3011/3000 260/260/260
f 1043/1043/1043 3000/3011/3000 3713/3737/3713
f 3713/3737/3713 3391/3408/3391 3685/3709/3685
f 2235/2239/2235 474/474/474 3404/3422/3404
f 1410/1413/1410 3713/3737/3713 3685/3709/3685
f 989/989/989 988/988/988 241/241/241
f 3399/3417/3399 2437/2441/2437 3675/3699/3675
f 3714/3738/3714 2328/2332/2328 1368/1371/1368
f 3004/3015/3004 3003/3014/3003 646/646/646
f 3702/3726/3702 3707/3731/3707 1990/1994/1990
f 3715/3739/3715 3699/3723/3699 3698/3722/3698
f 2373/2377/2373 3715/3739/3715 3698/3722/3698
f 3394/3411/3394 3202/3218/3202 3387/3404/3387
f 2522/2527/2522 3202/3218/3202 3250/3266/3250
f 3716/3740/3716 3302/3318/3302 3677/3701/3677
f 2561/2566/2561 2399/2403/2399 1022/1022/1022
f 2396/2400/2396 3532/3551/3532 3531/3550/3531
f 497/497/497 1516/1519/1516 1515/1518/1515
f 2653/2658/2653 496/496/496 3696/3720/3696
f 3697/3721/3697 3701/3725/3701 3681/3705/3681
f 3697/3721/3697 258/258/258 3717/3741/3717
f 3391/3408/3391 3713/3737/3713 3000/3011/3000
f 2437/2441/2437 3109/3121/3109 3108/3120/3108
f 1575/1578/1575 1577/1580/1577 3399/3417/3399
f 1989/1993/1989 1991/1995/1991 247/247/247
f 2749/2756/2749 2748/2755/2748 3683/3707/3683
f 3718/3742/3718 2748/2755/2748 3719/3743/3719
f 3130/3142/3130 2747/2754/2747 3224/3240/3224
f 3129/3141/3129 3130/3142/3130 3224/3240/3224
f 2725/2731/2725 715/715/715 3298/3314/3298
f 2448/2453/2448 2386/2390/2386 2387/2391/2387
f 3172/3188/3172 3708/3732/3708 3700/3724/3700
f 2416/2420/2416 2466/2471/2466 1179/1179/1179
f 3172/3188/3172 3401/3419/3401 2105/2109/2105
f 3716/3740/3716 2106/2110/2106 3302/3318/3302
f 3720/3744/3720 3716/3740/3716 3677/3701/3677
f 3720/3744/3720 3677/3701/3677 3693/3717/3693
f 3709/3733/3709 3721/3745/3721 3693/3717/3693
f 3722/3746/3722 3709/3733/3709 3694/3718/3694
f 3710/3734/3710 3722/3746/3722 3694/3718/3694
f 3531/3550/3531 3705/3729/3705 2396/2400/2396
f 3705/3729/3705 1448/1451/1448 1192/1192/1192
f 1921/1925/1921 3293/3309/3293 2449/2454/2449
f 1446/1449/1446 2641/2646/2641 1447/1450/1447
f 497/497/497 496/496/496 1937/1941/1937
f 3711/3735/3711 3216/3232/3216 3712/3736/3712
f 1220/1220/1220 2874/2883/2874 387/387/387
f 2221/2225/2221 2784/2792/2784 3701/3725/3701
f 3697/3721/3697 2221/2225/2221 3701/3725/3701
f 1339/1340/1339 1340/1341/1340 1544/1547/1544
f 2157/2161/2157 433/433/433 246/246/246
f 2355/2359/2355 3290/3306/3290 3390/3407/3390
f 2046/2050/2046 1170/1170/1170 2296/2300/2296
f 3129/3141/3129 2261/2265/2261 2260/2264/2260
f 2346/2350/2346 3704/3728/3704 3699/3723/3699
f 3715/3739/3715 2346/2350/2346 3699/3723/3699
f 3692/3716/3692 3708/3732/3708 128/128/128
f 3721/3745/3721 3720/3744/3720 3693/3717/3693
f 1983/1987/1983 2083/2087/2083 2318/2322/2318
f 1024/1024/1024 2561/2566/2561 1022/1022/1022
f 3723/3747/3723 3045/3056/3045 3518/3536/3518
f 3335/3352/3335 933/933/933 932/932/932
f 3724/3748/3724 2674/2679/2674 3148/3163/3148
f 1514/1517/1514 2642/2647/2642 2641/2646/2641
f 1937/1941/1937 2652/2657/2652 1938/1942/1938
f 496/496/496 2653/2658/2653 1937/1941/1937
f 3216/3232/3216 3711/3735/3711 3696/3720/3696
f 632/632/632 2810/2818/2810 630/630/630
f 3439/3457/3439 3725/3749/3725 2654/2659/2654
f 3569/3588/3569 2654/2659/2654 3725/3749/3725
f 1743/1747/1743 1742/1746/1742 647/647/647
f 1940/1944/1940 1689/1693/1689 1688/1692/1688
f 2905/2914/2905 1576/1579/1576 2906/2915/2906
f 237/237/237 956/956/956 870/870/870
f 2747/2754/2747 3719/3743/3719 2748/2755/2748
f 3130/3142/3130 3719/3743/3719 2747/2754/2747
f 2445/2450/2445 2315/2319/2315 2316/2320/2316
f 2768/2776/2768 2261/2265/2261 3704/3728/3704
f 1507/1510/1507 1508/1511/1508 1552/1555/1552
f 3726/3750/3726 3715/3739/3715 2373/2377/2373
f 128/128/128 2374/2378/2374 3692/3716/3692
f 3727/3751/3727 128/128/128 3708/3732/3708
f 3068/3079/3068 3708/3732/3708 3172/3188/3172
f 2104/2108/2104 2106/2110/2106 3716/3740/3716
f 1292/1292/1292 1291/1291/1291 2724/2730/2724
f 3728/3752/3728 3710/3734/3710 2399/2403/2399
f 2561/2566/2561 3728/3752/3728 2399/2403/2399
f 2395/2399/2395 2737/2744/2737 3532/3551/3532
f 2396/2400/2396 2395/2399/2395 3532/3551/3532
f 1938/1942/1938 2642/2647/2642 1514/1517/1514
f 3712/3736/3712 3725/3749/3725 3550/3569/3550
f 2656/2661/2656 3439/3457/3439 2654/2659/2654
f 2299/2303/2299 1840/1844/1840 3254/3270/3254
f 3166/3182/3166 2250/2254/2250 2249/2253/2249
f 234/234/234 599/599/599 2122/2126/2122
f 3717/3741/3717 2221/2225/2221 3697/3721/3697
f 2999/3010/2999 3717/3741/3717 258/258/258
f 2999/3010/2999 258/258/258 260/260/260
f 3729/3753/3729 3713/3737/3713 1410/1413/1410
f 3730/3754/3730 3729/3753/3729 1410/1413/1410
f 988/988/988 3730/3754/3730 1410/1413/1410
f 1517/1520/1517 480/480/480 3116/3128/3116
f 990/990/990 3730/3754/3730 988/988/988
f 1295/1296/1295 3056/3067/3056 2690/2696/2690
f 2158/2162/2158 2904/2913/2904 2906/2915/2906
f 882/882/882 884/884/884 1920/1924/1920
f 3731/3755/3731 3707/3731/3707 3702/3726/3702
f 3732/3756/3732 3731/3755/3731 3702/3726/3702
f 3732/3756/3732 3702/3726/3702 3703/3727/3703
f 3718/3742/3718 3732/3756/3732 3703/3727/3703
f 3335/3352/3335 3336/3353/3336 1848/1852/1848
f 2346/2350/2346 2768/2776/2768 3704/3728/3704
f 342/342/342 1343/1344/1343 1810/1814/1810
f 2621/2626/2621 3204/3220/3204 1297/1298/1297
f 2862/2871/2862 3068/3079/3068 3172/3188/3172
f 2106/2110/2106 2105/2109/2105 3401/3419/3401
f 1210/1210/1210 2104/2108/2104 3716/3740/3716
f 3720/3744/3720 1210/1210/1210 3716/3740/3716
f 1024/1024/1024 2608/2613/2608 2562/2567/2562
f 3036/3047/3036 1958/1962/1958 1960/1964/1960
f 1904/1908/1904 2080/2084/2080 2168/2172/2168
f 1447/1450/1447 1192/1192/1192 1448/1451/1448
f 2640/2645/2640 1447/1450/1447 2641/2646/2641
f 1377/1380/1377 1110/1110/1110 73/73/73
f 3711/3735/3711 3733/3757/3733 2653/2658/2653
f 187/187/187 94/94/94 96/96/96
f 2442/2447/2442 2537/2542/2537 2588/2593/2588
f 398/398/398 400/400/400 626/626/626
f 573/573/573 2941/2951/2941 2660/2665/2660
f 2436/2440/2436 3109/3121/3109 2437/2441/2437
f 2157/2161/2157 2904/2913/2904 2158/2162/2158
f 3512/3530/3512 3130/3142/3130 2260/2264/2260
f 127/127/127 3726/3750/3726 2373/2377/2373
f 2313/2317/2313 3475/3493/3475 3734/3758/3734
f 1192/1192/1192 3089/3100/3089 3705/3729/3705
f 3735/3759/3735 1192/1192/1192 1447/1450/1447
f 2640/2645/2640 3735/3759/3735 1447/1450/1447
f 2653/2658/2653 3736/3760/3736 2652/2657/2652
f 1910/1914/1910 386/386/386 2784/2792/2784
f 1910/1914/1910 2784/2792/2784 2221/2225/2221
f 3668/3692/3668 2999/3010/2999 3000/3011/3000
f 3729/3753/3729 1043/1043/1043 3713/3737/3713
f 2436/2440/2436 3706/3730/3706 3109/3121/3109
f 3399/3417/3399 1577/1580/1577 2438/2442/2438
f 3737/3761/3737 2905/2914/2905 2904/2913/2904
f 2191/2195/2191 3442/3460/3442 2009/2013/2009
f 3707/3731/3707 283/283/283 1991/1995/1991
f 2674/2679/2674 3724/3748/3724 3518/3536/3518
f 2556/2561/2556 3732/3756/3732 3718/3742/3718
f 2556/2561/2556 3718/3742/3718 3738/3762/3738
f 1723/1727/1723 590/590/590 589/589/589
f 2344/2348/2344 2346/2350/2346 3715/3739/3715
f 3726/3750/3726 2344/2348/2344 3715/3739/3715
f 3727/3751/3727 3708/3732/3708 3068/3079/3068
f 3739/3763/3739 1210/1210/1210 3720/3744/3720
f 3721/3745/3721 3739/3763/3739 3720/3744/3720
f 3722/3746/3722 3721/3745/3721 3709/3733/3709
f 3349/3366/3349 3291/3307/3291 3740/3764/3740
f 2652/2657/2652 3741/3765/3741 1938/1942/1938
f 3742/3766/3742 3733/3757/3733 3711/3735/3711
f 3712/3736/3712 3742/3766/3742 3711/3735/3711
f 3439/3457/3439 3550/3569/3550 3725/3749/3725
f 1004/1004/1004 1049/1049/1049 897/897/897
f 3169/3185/3169 1220/1220/1220 1219/1219/1219
f 3717/3741/3717 3669/3693/3669 1199/1199/1199
f 2999/3010/2999 3669/3693/3669 3717/3741/3717
f 3743/3767/3743 3730/3754/3730 990/990/990
f 3743/3767/3743 990/990/990 3744/3768/3744
f 1576/1579/1576 2905/2914/2905 3745/3769/3745
f 3731/3755/3731 3746/3770/3746 3707/3731/3707
f 3719/3743/3719 3738/3762/3738 3718/3742/3718
f 3738/3762/3738 3719/3743/3719 3512/3530/3512
f 3130/3142/3130 3512/3530/3512 3719/3743/3719
f 3747/3771/3747 2414/2418/2414 170/170/170
f 464/464/464 544/544/544 465/465/465
f 312/312/312 3090/3101/3090 3060/3071/3060
f 3585/3604/3585 2992/3003/2992 3545/3564/3545
f 2477/2482/2477 3090/3101/3090 2478/2483/2478
f 3722/3746/3722 3710/3734/3710 3748/3772/3748
f 3728/3752/3728 2561/2566/2561 3749/3773/3749
f 2395/2399/2395 1754/1758/1754 1755/1759/1755
f 3733/3757/3733 3736/3760/3736 2653/2658/2653
f 3439/3457/3439 3169/3185/3169 3549/3568/3549
f 3648/3670/3648 931/931/931 3671/3695/3671
f 3668/3692/3668 3000/3011/3000 1091/1091/1091
f 1041/1041/1041 1043/1043/1043 3729/3753/3729
f 3750/3774/3750 1041/1041/1041 3729/3753/3729
f 3730/3754/3730 3750/3774/3750 3729/3753/3729
f 3743/3767/3743 3750/3774/3750 3730/3754/3730
f 1734/1738/1734 1629/1632/1629 1723/1727/1723
f 3751/3775/3751 3744/3768/3744 3706/3730/3706
f 2436/2440/2436 3751/3775/3751 3706/3730/3706
f 3399/3417/3399 2438/2442/2438 2437/2441/2437
f 3745/3769/3745 3752/3776/3752 1577/1580/1577
f 3737/3761/3737 3753/3777/3753 2905/2914/2905
f 3460/3478/3460 3754/3778/3754 3755/3779/3755
f 3737/3761/3737 2904/2913/2904 3754/3778/3754
f 246/246/246 2241/2245/2241 3755/3779/3755
f 1991/1995/1991 283/283/283 245/245/245
f 3746/3770/3746 283/283/283 3707/3731/3707
f 3756/3780/3756 3746/3770/3746 3731/3755/3731
f 3756/3780/3756 3731/3755/3731 3732/3756/3732
f 2556/2561/2556 3756/3780/3756 3732/3756/3732
f 1906/1910/1906 1724/1728/1724 1071/1071/1071
f 2768/2776/2768 2346/2350/2346 2345/2349/2345
f 3727/3751/3727 126/126/126 128/128/128
f 58/58/58 60/60/60 1169/1169/1169
f 3555/3574/3555 3556/3575/3556 2801/2809/2801
f 2104/2108/2104 1210/1210/1210 1209/1209/1209
f 3739/3763/3739 1208/1208/1208 1210/1210/1210
f 3757/3781/3757 3739/3763/3739 3721/3745/3721
f 3722/3746/3722 3757/3781/3757 3721/3745/3721
f 1972/1976/1972 2562/2567/2562 2608/2613/2608
f 123/123/123 124/124/124 121/121/121
f 3735/3759/3735 2640/2645/2640 3575/3594/3575
f 2642/2647/2642 3741/3765/3741 3575/3594/3575
f 1938/1942/1938 3741/3765/3741 2642/2647/2642
f 3758/3782/3758 3741/3765/3741 2652/2657/2652
f 3736/3760/3736 3758/3782/3758 2652/2657/2652
f 3550/3569/3550 3742/3766/3742 3712/3736/3712
f 3550/3569/3550 3759/3783/3759 3742/3766/3742
f 3170/3186/3170 3549/3568/3549 3169/3185/3169
f 1910/1914/1910 1401/1404/1401 386/386/386
f 575/575/575 577/577/577 617/617/617
f 1785/1789/1785 1880/1884/1880 1232/1232/1232
f 3541/3560/3541 1042/1042/1042 2282/2286/2282
f 3753/3777/3753 3745/3769/3745 2905/2914/2905
f 2157/2161/2157 3755/3779/3755 3754/3778/3754
f 2241/2245/2241 246/246/246 245/245/245
f 3746/3770/3746 3760/3784/3760 283/283/283
f 3761/3785/3761 2259/2263/2259 2768/2776/2768
f 2345/2349/2345 3761/3785/3761 2768/2776/2768
f 3762/3786/3762 3726/3750/3726 127/127/127
f 126/126/126 3762/3786/3762 127/127/127
f 3727/3751/3727 3068/3079/3068 3067/3078/3067
f 2862/2871/2862 3066/3077/3066 3068/3079/3068
f 3728/3752/3728 3748/3772/3748 3710/3734/3710
f 2396/2400/2396 3089/3100/3089 1754/1758/1754
f 1193/1193/1193 3735/3759/3735 3309/3325/3309
f 3763/3787/3763 3764/3788/3764 3765/3789/3765
f 1967/1971/1967 3669/3693/3669 3668/3692/3668
f 1091/1091/1091 1967/1971/1967 3668/3692/3668
f 1043/1043/1043 1091/1091/1091 3000/3011/3000
f 1373/1376/1373 1145/1145/1145 1144/1144/1144
f 2866/2875/2866 3751/3775/3751 2436/2440/2436
f 3766/3790/3766 3752/3776/3752 3745/3769/3745
f 3760/3784/3760 282/282/282 283/283/283
f 2557/2562/2557 2556/2561/2556 3738/3762/3738
f 2388/2392/2388 1323/1324/1323 1325/1326/1325
f 1323/1324/1323 1984/1988/1984 1983/1987/1983
f 3512/3530/3512 2260/2264/2260 3513/3531/3513
f 3767/3791/3767 3513/3531/3513 2260/2264/2260
f 2259/2263/2259 3767/3791/3767 2260/2264/2260
f 1459/1462/1459 1330/1331/1330 1512/1515/1512
f 670/670/670 220/220/220 469/469/469
f 3768/3792/3768 3757/3781/3757 3722/3746/3722
f 3098/3109/3098 2194/2198/2194 2032/2036/2032
f 3748/3772/3748 3768/3792/3768 3722/3746/3722
f 2627/2632/2627 3748/3772/3748 3728/3752/3728
f 2562/2567/2562 3749/3773/3749 2561/2566/2561
f 3769/3793/3769 3749/3773/3749 2562/2567/2562
f 1972/1976/1972 3769/3793/3769 2562/2567/2562
f 1755/1759/1755 1972/1976/1972 2737/2744/2737
f 3733/3757/3733 2494/2499/2494 3736/3760/3736
f 3742/3766/3742 2494/2499/2494 3733/3757/3733
f 3759/3783/3759 2494/2499/2494 3742/3766/3742
f 1352/1353/1352 1397/1400/1397 72/72/72
f 2033/2037/2033 3417/3435/3417 3268/3284/3268
f 2221/2225/2221 1199/1199/1199 1201/1201/1201
f 2866/2875/2866 3770/3794/3770 3751/3775/3751
f 2497/2502/2497 3594/3613/3594 2265/2269/2265
f 3753/3777/3753 3766/3790/3766 3745/3769/3745
f 2965/2976/2965 3248/3264/3248 2966/2977/2966
f 3771/3795/3771 3746/3770/3746 3756/3780/3756
f 892/892/892 2488/2493/2488 134/134/134
f 3511/3529/3511 3738/3762/3738 3512/3530/3512
f 2186/2190/2186 2345/2349/2345 2344/2348/2344
f 3762/3786/3762 126/126/126 2271/2275/2271
f 1408/1411/1408 3066/3077/3066 2862/2871/2862
f 2862/2871/2862 1409/1412/1409 1408/1411/1408
f 3772/3796/3772 1208/1208/1208 3739/3763/3739
f 3757/3781/3757 3772/3796/3772 3739/3763/3739
f 1192/1192/1192 3735/3759/3735 1193/1193/1193
f 2741/2748/2741 3575/3594/3575 3741/3765/3741
f 3758/3782/3758 2741/2748/2741 3741/3765/3741
f 2496/2501/2496 3758/3782/3758 3736/3760/3736
f 957/957/957 1433/1436/1433 2893/2902/2893
f 3669/3693/3669 1200/1200/1200 1199/1199/1199
f 1116/1116/1116 1198/1198/1198 1115/1115/1115
f 3773/3797/3773 3750/3774/3750 3743/3767/3743
f 3751/3775/3751 3774/3798/3774 3744/3768/3744
f 3770/3794/3770 3774/3798/3774 3751/3775/3751
f 764/764/764 763/763/763 709/709/709
f 3775/3799/3775 2866/2875/2866 2438/2442/2438
f 3752/3776/3752 3775/3799/3775 2438/2442/2438
f 3771/3795/3771 3760/3784/3760 3746/3770/3746
f 3776/3800/3776 3771/3795/3771 3756/3780/3756
f 3776/3800/3776 3756/3780/3756 2556/2561/2556
f 3761/3785/3761 3767/3791/3767 2259/2263/2259
f 3777/3801/3777 2344/2348/2344 3726/3750/3726
f 3762/3786/3762 3777/3801/3777 3726/3750/3726
f 2269/2273/2269 126/126/126 3727/3751/3727
f 3778/3802/3778 3772/3796/3772 3757/3781/3757
f 3778/3802/3778 3757/3781/3757 3768/3792/3768
f 8/8/8 2392/2396/2392 2391/2395/2391
f 3749/3773/3749 2627/2632/2627 3728/3752/3728
f 1754/1758/1754 2695/2701/2695 879/879/879
f 1866/1870/1866 3480/3498/3480 3523/3541/3523
f 1473/1476/1473 1397/1400/1397 1588/1591/1588
f 3673/3697/3673 2901/2910/2901 3698/3722/3698
f 1967/1971/1967 1200/1200/1200 3669/3693/3669
f 3779/3803/3779 3753/3777/3753 3737/3761/3737
f 3460/3478/3460 3779/3803/3779 3737/3761/3737
f 3074/3085/3074 1918/1922/1918 1775/1779/1775
f 3460/3478/3460 3737/3761/3737 3754/3778/3754
f 3780/3804/3780 282/282/282 3760/3784/3760
f 3777/3801/3777 2186/2190/2186 2344/2348/2344
f 3727/3751/3727 3067/3078/3067 2269/2273/2269
f 2269/2273/2269 3067/3078/3067 3781/3805/3781
f 790/790/790 1209/1209/1209 1208/1208/1208
f 2629/2634/2629 3768/3792/3768 3748/3772/3748
f 2627/2632/2627 2629/2634/2629 3748/3772/3748
f 3749/3773/3749 3769/3793/3769 3282/3298/3282
f 3183/3199/3183 3769/3793/3769 1973/1977/1973
f 1972/1976/1972 1973/1977/1973 3769/3793/3769
f 3782/3806/3782 2557/2562/2557 3511/3529/3511
f 3575/3594/3575 3309/3325/3309 3735/3759/3735
f 3343/3360/3343 2305/2309/2305 2304/2308/2304
f 2841/2850/2841 3759/3783/3759 3550/3569/3550
f 3550/3569/3550 3654/3678/3654 2841/2850/2841
f 3549/3568/3549 3654/3678/3654 3550/3569/3550
f 2255/2259/2255 1201/1201/1201 1200/1200/1200
f 1041/1041/1041 3750/3774/3750 2283/2287/2283
f 3773/3797/3773 2283/2287/2283 3750/3774/3750
f 3783/3807/3783 3773/3797/3773 3743/3767/3743
f 3774/3798/3774 3783/3807/3783 3744/3768/3744
f 3743/3767/3743 3744/3768/3744 3783/3807/3783
f 3752/3776/3752 3766/3790/3766 3784/3808/3784
f 902/902/902 1632/1635/1632 1542/1545/1542
f 3785/3809/3785 3766/3790/3766 3753/3777/3753
f 3779/3803/3779 3785/3809/3785 3753/3777/3753
f 3266/3282/3266 3696/3720/3696 2536/2541/2536
f 2241/2245/2241 2818/2826/2818 3755/3779/3755
f 282/282/282 3780/3804/3780 2820/2828/2820
f 3680/3704/3680 3780/3804/3780 3760/3784/3760
f 3771/3795/3771 3680/3704/3680 3760/3784/3760
f 3511/3529/3511 3786/3810/3786 3782/3806/3782
f 3229/3245/3229 3767/3791/3767 3787/3811/3787
f 3761/3785/3761 3787/3811/3787 3767/3791/3767
f 3095/3106/3095 3787/3811/3787 3761/3785/3761
f 2345/2349/2345 3095/3106/3095 3761/3785/3761
f 3788/3812/3788 3777/3801/3777 3762/3786/3762
f 3066/3077/3066 3192/3208/3192 3067/3078/3067
f 3789/3813/3789 790/790/790 1208/1208/1208
f 3789/3813/3789 1208/1208/1208 3772/3796/3772
f 2629/2634/2629 3778/3802/3778 3768/3792/3768
f 880/880/880 2695/2701/2695 1890/1894/1890
f 2741/2748/2741 3309/3325/3309 3575/3594/3575
f 2314/2318/2314 3205/3221/3205 713/713/713
f 2742/2749/2742 2741/2748/2741 3758/3782/3758
f 2496/2501/2496 2742/2749/2742 3758/3782/3758
f 3790/3814/3790 3654/3678/3654 3549/3568/3549
f 3170/3186/3170 3790/3814/3790 3549/3568/3549
f 3791/3815/3791 1909/1913/1909 1910/1914/1910
f 1092/1092/1092 1967/1971/1967 1091/1091/1091
f 3792/3816/3792 3770/3794/3770 2866/2875/2866
f 3775/3799/3775 3792/3816/3792 2866/2875/2866
f 3784/3808/3784 3775/3799/3775 3752/3776/3752
f 2817/2825/2817 3460/3478/3460 2818/2826/2818
f 2511/2516/2511 1958/1962/1958 1917/1921/1917
f 1902/1906/1902 2039/2043/2039 2038/2042/2038
f 2555/2560/2555 3776/3800/3776 2556/2561/2556
f 3786/3810/3786 3511/3529/3511 3513/3531/3513
f 3229/3245/3229 3513/3531/3513 3767/3791/3767
f 2186/2190/2186 3095/3106/3095 2345/2349/2345
f 2186/2190/2186 3777/3801/3777 2184/2188/2184
f 3788/3812/3788 2184/2188/2184 3777/3801/3777
f 3788/3812/3788 2271/2275/2271 3393/3410/3393
f 3762/3786/3762 2271/2275/2271 3788/3812/3788
f 2269/2273/2269 2271/2275/2271 126/126/126
f 2564/2569/2564 3793/3817/3793 2565/2570/2565
f 3183/3199/3183 3282/3298/3282 3769/3793/3769
f 2742/2749/2742 2496/2501/2496 2796/2804/2796
f 1201/1201/1201 3791/3815/3791 1910/1914/1910
f 3706/3730/3706 3744/3768/3744 990/990/990
f 3541/3560/3541 1092/1092/1092 1042/1042/1042
f 3770/3794/3770 200/200/200 3774/3798/3774
f 2610/2615/2610 2608/2613/2608 1023/1023/1023
f 3794/3818/3794 3784/3808/3784 3766/3790/3766
f 2075/2079/2075 839/839/839 1998/2002/1998
f 3785/3809/3785 3794/3818/3794 3766/3790/3766
f 3795/3819/3795 2555/2560/2555 2557/2562/2557
f 3782/3806/3782 3795/3819/3795 2557/2562/2557
f 3066/3077/3066 1408/1411/1408 2666/2671/2666
f 2242/2246/2242 3789/3813/3789 3772/3796/3772
f 2242/2246/2242 3772/3796/3772 3778/3802/3778
f 3749/3773/3749 3282/3298/3282 2627/2632/2627
f 3418/3436/3418 636/636/636 3046/3057/3046
f 2743/2750/2743 2742/2749/2742 1132/1132/1132
f 3796/3820/3796 2495/2500/2495 3797/3821/3797
f 2494/2499/2494 3759/3783/3759 2495/2500/2495
f 3759/3783/3759 3797/3821/3797 2495/2500/2495
f 1402/1405/1402 3695/3719/3695 1219/1219/1219
f 1402/1405/1402 1401/1404/1401 1472/1475/1472
f 1041/1041/1041 2282/2286/2282 1042/1042/1042
f 3783/3807/3783 2808/2816/2808 3773/3797/3773
f 3779/3803/3779 3460/3478/3460 556/556/556
f 106/106/106 3771/3795/3771 3776/3800/3776
f 2555/2560/2555 106/106/106 3776/3800/3776
f 3229/3245/3229 3786/3810/3786 3513/3531/3513
f 878/878/878 2184/2188/2184 3393/3410/3393
f 2103/2107/2103 3459/3477/3459 2204/2208/2204
f 2743/2750/2743 3309/3325/3309 2741/2748/2741
f 2795/2803/2795 1130/1130/1130 1132/1132/1132
f 2495/2500/2495 2796/2804/2796 2496/2501/2496
f 2841/2850/2841 3797/3821/3797 3759/3783/3759
f 2822/2830/2822 1366/1369/1366 2823/2831/2823
f 1201/1201/1201 2255/2259/2255 3791/3815/3791
f 1092/1092/1092 1965/1969/1965 1967/1971/1967
f 3313/3329/3313 2011/2015/2011 1299/1300/1299
f 3798/3822/3798 3783/3807/3783 3774/3798/3774
f 200/200/200 3798/3822/3798 3774/3798/3774
f 198/198/198 200/200/200 3770/3794/3770
f 3792/3816/3792 198/198/198 3770/3794/3770
f 3714/3738/3714 3792/3816/3792 3775/3799/3775
f 3714/3738/3714 3775/3799/3775 3784/3808/3784
f 3686/3710/3686 3794/3818/3794 3785/3809/3785
f 555/555/555 3785/3809/3785 3779/3803/3779
f 555/555/555 3779/3803/3779 556/556/556
f 3787/3811/3787 3247/3263/3247 3229/3245/3229
f 3095/3106/3095 2186/2190/2186 2185/2189/2185
f 878/878/878 3393/3410/3393 640/640/640
f 3393/3410/3393 2271/2275/2271 2270/2274/2270
f 3192/3208/3192 3781/3805/3781 3067/3078/3067
f 1571/1574/1571 2109/2113/2109 2108/2112/2108
f 3799/3823/3799 2242/2246/2242 3778/3802/3778
f 3799/3823/3799 3778/3802/3778 2629/2634/2629
f 981/981/981 937/937/937 1025/1025/1025
f 2141/2145/2141 3167/3183/3167 2581/2586/2581
f 3695/3719/3695 3800/3824/3800 3790/3814/3790
f 3695/3719/3695 3790/3814/3790 3170/3186/3170
f 2696/2702/2696 2685/2691/2685 1252/1252/1252
f 3791/3815/3791 3801/3825/3801 1909/1913/1909
f 1200/1200/1200 1967/1971/1967 1966/1970/1966
f 2283/2287/2283 3773/3797/3773 2808/2816/2808
f 3798/3822/3798 2808/2816/2808 3783/3807/3783
f 3802/3826/3802 3714/3738/3714 3784/3808/3784
f 3802/3826/3802 3784/3808/3784 3794/3818/3794
f 840/840/840 839/839/839 2076/2080/2076
f 3686/3710/3686 3785/3809/3785 555/555/555
f 2819/2827/2819 2426/2430/2426 2817/2825/2817
f 2859/2868/2859 3780/3804/3780 3680/3704/3680
f 3680/3704/3680 3771/3795/3771 2860/2869/2860
f 106/106/106 2860/2869/2860 3771/3795/3771
f 2827/2835/2827 419/419/419 1602/1605/1602
f 3781/3805/3781 2571/2576/2571 2269/2273/2269
f 3282/3298/3282 3183/3199/3183 2703/2709/2703
f 1891/1895/1891 1193/1193/1193 2913/2923/2913
f 2743/2750/2743 2913/2923/2913 3309/3325/3309
f 831/831/831 777/777/777 832/832/832
f 3571/3590/3571 3570/3589/3570 3666/3690/3666
f 3790/3814/3790 3503/3521/3503 3654/3678/3654
f 3801/3825/3801 1472/1475/1472 1909/1913/1909
f 3803/3827/3803 1965/1969/1965 1092/1092/1092
f 3541/3560/3541 3803/3827/3803 1092/1092/1092
f 3798/3822/3798 200/200/200 2807/2815/2807
f 3686/3710/3686 3802/3826/3802 3794/3818/3794
f 3559/3578/3559 556/556/556 2817/2825/2817
f 2426/2430/2426 3559/3578/3559 2817/2825/2817
f 926/926/926 1017/1017/1017 927/927/927
f 778/778/778 749/749/749 750/750/750
f 19/19/19 1243/1243/1243 1242/1242/1242
f 101/101/101 106/106/106 2555/2560/2555
f 3795/3819/3795 101/101/101 2555/2560/2555
f 3094/3105/3094 3247/3263/3247 3787/3811/3787
f 3094/3105/3094 3787/3811/3787 3095/3106/3095
f 2135/2139/2135 2061/2065/2061 2198/2202/2198
f 3789/3813/3789 2242/2246/2242 2244/2248/2244
f 3804/3828/3804 3799/3823/3799 3354/3371/3354
f 921/921/921 943/943/943 896/896/896
f 2495/2500/2495 3796/3820/3796 2796/2804/2796
f 2840/2849/2840 3797/3821/3797 2841/2850/2841
f 3800/3824/3800 3503/3521/3503 3790/3814/3790
f 3805/3829/3805 3801/3825/3801 3791/3815/3791
f 2255/2259/2255 3805/3829/3805 3791/3815/3791
f 2808/2816/2808 3798/3822/3798 1778/1782/1778
f 2807/2815/2807 200/200/200 199/199/199
f 1368/1371/1368 198/198/198 3792/3816/3792
f 3714/3738/3714 1368/1371/1368 3792/3816/3792
f 3806/3830/3806 2820/2828/2820 3780/3804/3780
f 2859/2868/2859 3806/3830/3806 3780/3804/3780
f 101/101/101 3795/3819/3795 102/102/102
f 2554/2559/2554 2553/2558/2553 2907/2916/2907
f 2778/2786/2778 2682/2688/2682 2838/2847/2838
f 820/820/820 2109/2113/2109 3062/3073/3062
f 3183/3199/3183 155/155/155 2703/2709/2703
f 881/881/881 880/880/880 1890/1894/1890
f 2743/2750/2743 1131/1131/1131 2913/2923/2913
f 2217/2221/2217 1230/1230/1230 3459/3477/3459
f 3503/3521/3503 2842/2851/2842 3654/3678/3654
f 3801/3825/3801 294/294/294 1472/1475/1472
f 3542/3561/3542 3803/3827/3803 3541/3560/3541
f 1935/1939/1935 2426/2430/2426 2819/2827/2819
f 106/106/106 107/107/107 2860/2869/2860
f 3782/3806/3782 3807/3831/3807 3795/3819/3795
f 3782/3806/3782 3786/3810/3786 3543/3562/3543
f 3228/3244/3228 3786/3810/3786 3229/3245/3229
f 2389/2393/2389 2527/2532/2527 2526/2531/2526
f 3808/3832/3808 3094/3105/3094 2185/2189/2185
f 3788/3812/3788 3393/3410/3393 2184/2188/2184
f 2571/2576/2571 641/641/641 2270/2274/2270
f 3781/3805/3781 2845/2854/2845 2571/2576/2571
f 3120/3132/3120 1835/1839/1835 3119/3131/3119
f 2629/2634/2629 3354/3371/3354 3799/3823/3799
f 3354/3371/3354 2629/2634/2629 2628/2633/2628
f 3695/3719/3695 293/293/293 3800/3824/3800
f 2256/2260/2256 3805/3829/3805 2255/2259/2255
f 1965/1969/1965 3449/3467/3449 1966/1970/1966
f 3803/3827/3803 3448/3466/3448 1965/1969/1965
f 3809/3833/3809 3803/3827/3803 3542/3561/3542
f 2807/2815/2807 1778/1782/1778 3798/3822/3798
f 1454/1457/1454 486/486/486 2514/2519/2514
f 1001/1001/1001 557/557/557 3559/3578/3559
f 556/556/556 3559/3578/3559 557/557/557
f 3806/3830/3806 1935/1939/1935 2820/2828/2820
f 1979/1983/1979 3008/3019/3008 2063/3834/2063
f 3543/3562/3543 3807/3831/3807 3782/3806/3782
f 3094/3105/3094 2356/2360/2356 3247/3263/3247
f 2196/2200/2196 2185/2189/2185 2184/2188/2184
f 2196/2200/2196 3808/3832/3808 2185/2189/2185
f 3141/3156/3141 3118/3130/3118 3143/3158/3143
f 2661/2666/2661 1825/1829/1825 1364/1367/1364
f 3804/3828/3804 2243/2247/2243 3799/3823/3799
f 2242/2246/2242 3799/3823/3799 2243/2247/2243
f 3213/3229/3213 2665/2670/2665 2667/2672/2667
f 2420/2424/2420 2475/2480/2475 1806/1810/1806
f 2795/2803/2795 2796/2804/2796 3796/3820/3796
f 2742/2749/2742 2796/2804/2796 1132/1132/1132
f 3502/3520/3502 2842/2851/2842 3503/3521/3503
f 2433/2437/2433 2359/2363/2359 748/748/748
f 293/293/293 3695/3719/3695 1402/1405/1402
f 2256/2260/2256 1966/1970/1966 3449/3467/3449
f 3810/3835/3810 3542/3561/3542 2281/2285/2281
f 199/199/199 198/198/198 1368/1371/1368
f 1709/1713/1709 3687/3711/3687 557/557/557
f 555/555/555 557/557/557 3687/3711/3687
f 663/663/663 2337/2341/2337 664/664/664
f 2883/2892/2883 2533/2538/2533 2884/2893/2884
f 100/100/100 107/107/107 101/101/101
f 878/878/878 2196/2200/2196 2184/2188/2184
f 792/792/792 791/791/791 1894/1898/1894
f 674/674/674 676/676/676 3811/3836/3811
f 1756/1760/1756 1663/1667/1663 1605/1608/1605
f 154/154/154 2704/2710/2704 2703/2709/2703
f 3812/3837/3812 316/316/316 881/881/881
f 2632/2637/2632 2617/2622/2617 2702/2708/2702
f 3812/3837/3812 1889/1893/1889 3240/3256/3240
f 3813/3838/3813 1889/1893/1889 3581/3600/3581
f 3763/3839/3763 3581/3600/3581 1733/3840/1733
f 294/294/294 293/293/293 1472/1475/1472
f 3814/3841/3814 294/294/294 3801/3825/3801
f 3805/3829/3805 3814/3841/3814 3801/3825/3801
f 2256/2260/2256 3815/3842/3815 3805/3829/3805
f 3809/3833/3809 3448/3466/3448 3803/3827/3803
f 3542/3561/3542 3810/3835/3810 3809/3833/3809
f 2607/2612/2607 1778/1782/1778 1777/1781/1777
f 2005/2009/2005 3316/3333/3316 3096/3107/3096
f 3802/3826/3802 2328/2332/2328 3714/3738/3714
f 3686/3710/3686 3816/3843/3816 3802/3826/3802
f 1001/1001/1001 3559/3578/3559 2427/2431/2427
f 2426/2430/2426 1935/1939/1935 1934/1938/1934
f 3806/3830/3806 1933/1937/1933 1935/1939/1935
f 3806/3830/3806 2859/2868/2859 3817/3844/3817
f 849/849/849 850/850/850 945/945/945
f 107/107/107 2858/2867/2858 2860/2869/2860
f 3807/3831/3807 102/102/102 3795/3819/3795
f 2003/2007/2003 102/102/102 3807/3831/3807
f 3543/3562/3543 2003/2007/2003 3807/3831/3807
f 2009/2013/2009 1665/1669/1665 3441/3459/3441
f 3786/3810/3786 3228/3244/3228 3543/3562/3543
f 3247/3263/3247 2356/2360/2356 2358/2362/2358
f 3476/3494/3476 3483/3501/3483 3818/3845/3818
f 2845/2854/2845 3781/3805/3781 2665/2670/2665
f 2845/2854/2845 2665/2670/2665 2782/2790/2782
f 2244/2248/2244 790/790/790 3789/3813/3789
f 3819/3846/3819 3354/3371/3354 3820/3847/3820
f 1733/3840/1733 3581/3600/3581 2913/2923/2913
f 3462/3480/3462 2795/3848/2795 3796/3849/3796
f 3128/3140/3128 3462/3480/3462 3796/3849/3796
f 3797/3850/3797 3128/3140/3128 3796/3849/3796
f 595/595/595 597/597/597 3350/3367/3350
f 2840/2849/2840 2842/2851/2842 3105/3851/3105
f 3800/3824/3800 293/293/293 295/295/295
f 3815/3842/3815 3814/3841/3814 3805/3829/3805
f 3723/3747/3723 3724/3748/3724 3593/3612/3593
f 2688/2694/2688 3215/3231/3215 2951/2961/2951
f 706/706/706 2807/2815/2807 199/199/199
f 1369/1372/1369 1368/1371/1368 2328/2332/2328
f 3816/3843/3816 2328/2332/2328 3802/3826/3802
f 3821/3852/3821 3686/3710/3686 3687/3711/3687
f 3821/3852/3821 3816/3843/3816 3686/3710/3686
f 789/789/789 3616/3635/3616 521/521/521
f 2427/2431/2427 1934/1938/1934 2887/2896/2887
f 3822/3853/3822 2858/2867/2858 107/107/107
f 3018/3029/3018 2358/2362/2358 2357/2361/2357
f 3094/3105/3094 3808/3832/3808 2356/2360/2356
f 3819/3846/3819 3804/3828/3804 3354/3371/3354
f 1889/1893/1889 3812/3837/3812 881/881/881
f 3421/3439/3421 1270/1270/1270 1271/1271/1271
f 3128/3140/3128 3797/3850/3797 2840/3116/2840
f 3502/3520/3502 3105/3851/3105 2842/2851/2842
f 3800/3824/3800 3504/3522/3504 3503/3521/3503
f 3448/3466/3448 3016/3027/3016 3449/3467/3449
f 706/706/706 1776/1780/1776 2807/2815/2807
f 2847/2856/2847 3215/3231/3215 2689/2695/2689
f 1709/1713/1709 3821/3852/3821 3687/3711/3687
f 3817/3844/3817 1933/1937/1933 3806/3830/3806
f 2858/2867/2858 3114/3126/3114 2859/2868/2859
f 100/100/100 3822/3853/3822 107/107/107
f 2810/2818/2810 2800/2808/2800 2683/2689/2683
f 720/720/720 3554/3573/3554 3494/3512/3494
f 2774/2782/2774 1433/1436/1433 2865/2874/2865
f 335/335/335 959/959/959 319/319/319
f 3213/3229/3213 2782/2790/2782 2665/2670/2665
f 3823/3854/3823 3338/3355/3338 2243/2247/2243
f 3823/3854/3823 2243/2247/2243 3804/3828/3804
f 2704/2710/2704 3820/3847/3820 3354/3371/3354
f 316/316/316 156/156/156 155/155/155
f 1805/1809/1805 1883/1887/1883 1716/1720/1716
f 3824/3855/3824 1978/1982/1978 1807/1811/1807
f 1809/1813/1809 295/295/295 294/294/294
f 2256/2260/2256 3015/3026/3015 3815/3842/3815
f 2623/2628/2623 2750/2757/2750 1767/1771/1767
f 1599/1602/1599 2387/2391/2387 2325/2329/2325
f 3825/3856/3825 3448/3466/3448 3809/3833/3809
f 2130/2134/2130 3826/3857/3826 3827/3858/3827
f 3821/3852/3821 3828/3859/3828 3816/3843/3816
f 3101/3112/3101 3817/3844/3817 3114/3126/3114
f 3114/3126/3114 3817/3844/3817 2859/2868/2859
f 2693/2699/2693 1196/1196/1196 3829/3860/3829
f 678/678/678 700/700/700 605/605/605
f 3591/3610/3591 2611/2616/2611 2529/2534/2529
f 3830/3861/3830 2704/2710/2704 154/154/154
f 3831/3862/3831 316/316/316 3812/3837/3812
f 3813/3838/3813 3240/3256/3240 1889/1893/1889
f 3372/3389/3372 3421/3439/3421 109/109/109
f 3814/3841/3814 3832/3863/3832 294/294/294
f 3016/3027/3016 3015/3026/3015 3449/3467/3449
f 3825/3856/3825 3016/3027/3016 3448/3466/3448
f 1272/1272/1272 1133/1133/1133 1289/1289/1289
f 2607/2612/2607 2574/2579/2574 2281/2285/2281
f 3222/3238/3222 1065/1065/1065 3267/3283/3267
f 3833/3864/3833 3826/3857/3826 2130/2134/2130
f 199/199/199 704/704/704 706/706/706
f 944/944/944 922/922/922 876/876/876
f 3816/3843/3816 3834/3865/3834 2328/2332/2328
f 3828/3859/3828 3834/3865/3834 3816/3843/3816
f 1373/1376/1373 1144/1144/1144 1623/1626/1623
f 3113/3125/3113 3114/3126/3114 2858/2867/2858
f 3822/3853/3822 3113/3125/3113 2858/2867/2858
f 3835/3866/3835 3822/3853/3822 100/100/100
f 1031/1031/1031 945/945/945 1110/1110/1110
f 2697/2703/2697 3808/3832/3808 2196/2200/2196
f 2197/2201/2197 878/878/878 877/877/877
f 642/642/642 877/877/877 640/640/640
f 1894/1898/1894 3211/3227/3211 2667/2672/2667
f 1893/1897/1893 3211/3227/3211 1894/1898/1894
f 3836/3867/3836 3823/3854/3823 3804/3828/3804
f 3819/3846/3819 3836/3867/3836 3804/3828/3804
f 3820/3847/3820 3837/3868/3837 3819/3846/3819
f 3830/3861/3830 3820/3847/3820 2704/2710/2704
f 156/156/156 3830/3861/3830 154/154/154
f 3831/3862/3831 156/156/156 316/316/316
f 1732/1736/1732 3763/3869/3763 1733/1737/1733
f 939/939/939 3328/3345/3328 3419/3437/3419
f 3462/3480/3462 3838/3870/3838 2795/3848/2795
f 3462/3480/3462 3128/3140/3128 3112/3124/3112
f 3104/3115/3104 3112/3124/3112 3128/3140/3128
f 3832/3863/3832 1809/1813/1809 294/294/294
f 3839/3871/3839 3832/3863/3832 3814/3841/3814
f 3815/3842/3815 3839/3871/3839 3814/3841/3814
f 3809/3833/3809 3810/3835/3810 3840/3872/3840
f 3419/3437/3419 3723/3747/3723 938/938/938
f 3841/3873/3841 3828/3859/3828 3821/3852/3821
f 1709/1713/1709 3841/3873/3841 3821/3852/3821
f 1182/1182/1182 1207/1207/1207 1153/1153/1153
f 1933/1937/1933 3817/3844/3817 3842/3874/3842
f 3101/3112/3101 3842/3874/3842 3817/3844/3817
f 2002/2006/2002 3835/3866/3835 100/100/100
f 2003/2007/2003 3543/3562/3543 3176/3192/3176
f 1224/1224/1224 1225/1225/1225 1100/1100/1100
f 123/123/123 76/76/76 125/125/125
f 3808/3832/3808 2697/2703/2697 1070/1070/1070
f 2327/2331/2327 1962/1966/1962 1961/1965/1961
f 3823/3854/3823 1745/1749/1745 3338/3355/3338
f 3837/3868/3837 3836/3867/3836 3819/3846/3819
f 3843/3875/3843 3831/3862/3831 3812/3837/3812
f 3240/3256/3240 3843/3875/3843 3812/3837/3812
f 3765/3789/3765 3240/3876/3240 3813/3877/3813
f 3813/3877/3813 3763/3787/3763 3765/3789/3765
f 2331/2335/2331 158/158/158 1927/1931/1927
f 3838/3870/3838 1130/1661/1130 2795/3848/2795
f 3650/3672/3650 3272/3288/3272 3683/3707/3683
f 3844/3878/3844 3839/3871/3839 3815/3842/3815
f 3015/3026/3015 3844/3878/3844 3815/3842/3815
f 3144/3159/3144 3810/3835/3810 2574/2579/2574
f 1776/1780/1776 1764/1768/1764 1777/1781/1777
f 1987/1991/1987 1776/1780/1776 706/706/706
f 1559/1562/1559 2457/2462/2457 1853/1857/1853
f 862/862/862 3601/3620/3601 1844/1848/1844
f 3834/3865/3834 2329/2333/2329 2328/2332/2328
f 1135/1135/1135 1207/1207/1207 1255/1255/1255
f 1001/1001/1001 1000/1000/1000 1709/1713/1709
f 1933/1937/1933 2887/2896/2887 1934/1938/1934
f 39/39/39 2239/2243/2239 190/190/190
f 3113/3125/3113 3102/3113/3102 3101/3112/3101
f 2356/2360/2356 3808/3832/3808 1070/1070/1070
f 877/877/877 642/642/642 21/21/21
f 2845/2854/2845 2783/2791/2783 641/641/641
f 3213/3229/3213 3212/3228/3212 2782/2790/2782
f 667/667/667 3212/3228/3212 3845/3879/3845
f 3763/3869/3763 1732/1736/1732 3764/3880/3764
f 3838/3870/3838 1658/1662/1658 1130/1661/1130
f 3433/3451/3433 3838/3870/3838 3462/3480/3462
f 306/306/306 2278/2282/2278 434/434/434
f 3825/3856/3825 2340/2344/2340 3016/3027/3016
f 1776/1780/1776 1987/1991/1987 1764/1768/1764
f 3828/3859/3828 2812/2820/2812 3834/3865/3834
f 1000/1000/1000 3841/3873/3841 1709/1713/1709
f 61/61/61 2090/2094/2090 62/62/62
f 151/151/151 3176/3192/3176 3018/3029/3018
f 2197/2201/2197 877/877/877 20/20/20
f 1745/1749/1745 1747/1751/1747 3338/3355/3338
f 3846/3881/3846 1745/1749/1745 3823/3854/3823
f 3836/3867/3836 3846/3881/3846 3823/3854/3823
f 3847/3882/3847 3836/3867/3836 3837/3868/3837
f 3848/3883/3848 3837/3868/3837 3820/3847/3820
f 3848/3883/3848 3820/3847/3820 3830/3861/3830
f 3843/3875/3843 3661/3685/3661 3831/3862/3831
f 1658/1662/1658 2677/2683/2677 1659/1663/1659
f 3158/3174/3158 3502/3520/3502 3504/3522/3504
f 295/295/295 3158/3174/3158 3504/3522/3504
f 1809/1813/1809 3158/3174/3158 295/295/295
f 2258/2262/2258 2222/2226/2222 2027/2031/2027
f 1289/1289/1289 1395/1398/1395 1425/1428/1425
f 3371/3388/3371 1625/1628/1625 882/882/882
f 3144/3159/3144 3840/3872/3840 3810/3835/3810
f 3841/3873/3841 3849/3884/3849 3828/3859/3828
f 1933/1937/1933 3842/3874/3842 2887/2896/2887
f 3103/3114/3103 3842/3874/3842 3101/3112/3101
f 3595/3614/3595 3587/3606/3587 233/233/233
f 3113/3125/3113 3822/3853/3822 3482/3500/3482
f 3822/3853/3822 3835/3866/3835 3482/3500/3482
f 34/34/34 2003/2007/2003 3175/3191/3175
f 152/152/152 151/151/151 2357/2361/2357
f 2196/2200/2196 2197/2201/2197 2698/2704/2698
f 1242/1242/1242 2698/2704/2698 20/20/20
f 3211/3227/3211 3845/3879/3845 3212/3228/3212
f 3845/3879/3845 3211/3227/3211 1893/1897/1893
f 3847/3882/3847 3846/3881/3846 3836/3867/3836
f 3240/3876/3240 3765/3789/3765 3241/3885/3241
f 3764/3788/3764 3241/3885/3241 3765/3789/3765
f 3764/3880/3764 1732/1736/1732 2430/2970/2430
f 1131/1131/1131 1659/3332/1659 1733/2922/1733
f 1658/1662/1658 3838/3870/3838 3850/3886/3850
f 3433/3451/3433 3850/3886/3850 3838/3870/3838
f 3110/3122/3110 3112/3124/3112 3104/3115/3104
f 657/657/657 2814/2822/2814 3382/3399/3382
f 3414/3432/3414 3110/3122/3110 3104/3115/3104
f 3502/3520/3502 3414/3887/3414 3105/3851/3105
f 3158/3174/3158 3159/3175/3159 3502/3520/3502
f 3840/3872/3840 3825/3856/3825 3809/3833/3809
f 1878/1882/1878 2824/2832/2824 226/226/226
f 3849/3884/3849 2812/2820/2812 3828/3859/3828
f 1000/1000/1000 3849/3884/3849 3841/3873/3841
f 3103/3114/3103 3634/3654/3634 3842/3874/3842
f 3851/3888/3851 2020/3144/2020 1694/1698/1694
f 3482/3500/3482 3835/3866/3835 1645/1648/1645
f 2360/2364/2360 1623/1626/1623 1622/1625/1622
f 33/33/33 3835/3866/3835 2002/2006/2002
f 2026/2030/2026 1949/1953/1949 1953/1957/1953
f 19/19/19 1242/1242/1242 20/20/20
f 3852/3889/3852 3853/3890/3853 566/566/566
f 1893/1897/1893 1747/1751/1747 1746/1750/1746
f 1745/1749/1745 3854/3891/3854 1746/1750/1746
f 3855/3892/3855 3847/3882/3847 3837/3868/3837
f 1863/1867/1863 609/609/609 1734/1738/1734
f 3848/3883/3848 3855/3892/3855 3837/3868/3837
f 3856/3893/3856 3830/3861/3830 156/156/156
f 3831/3862/3831 3661/3685/3661 156/156/156
f 3662/3686/3662 3661/3685/3661 3843/3875/3843
f 3662/3686/3662 3843/3875/3843 3242/3258/3242
f 2952/2962/2952 3060/3071/3060 2933/2943/2933
f 3158/3174/3158 1809/1813/1809 1808/1812/1808
f 1809/1813/1809 3832/3863/3832 1807/1811/1807
f 3857/3894/3857 1807/1811/1807 3832/3863/3832
f 3839/3871/3839 3857/3894/3857 3832/3863/3832
f 1764/1768/1764 1303/1304/1303 1777/1781/1777
f 1686/1690/1686 2209/2213/2209 2505/2510/2505
f 1707/1711/1707 1708/1712/1708 395/395/395
f 3858/3895/3858 1987/1991/1987 705/705/705
f 704/704/704 1309/1310/1309 705/705/705
f 1152/1152/1152 1237/1237/1237 1236/1236/1236
f 2811/2819/2811 2329/2333/2329 3834/3865/3834
f 2812/2820/2812 2811/2819/2811 3834/3865/3834
f 1001/1001/1001 2427/2431/2427 2888/2897/2888
f 1725/1729/1725 3175/3191/3175 151/151/151
f 2044/2048/2044 1936/1940/1936 2172/2176/2172
f 3498/3516/3498 3845/3879/3845 1893/1897/1893
f 3810/3835/3810 2281/2285/2281 2574/2579/2574
f 3854/3891/3854 2637/2642/2637 1746/1750/1746
f 3846/3881/3846 3854/3891/3854 1745/1749/1745
f 3856/3893/3856 3848/3883/3848 3830/3861/3830
f 2678/2684/2678 2677/2683/2677 1658/1662/1658
f 2440/2445/2440 2371/2375/2371 2482/2487/2482
f 3859/3896/3859 3414/3887/3414 3502/3520/3502
f 1747/1751/1747 791/791/791 3338/3355/3338
f 3159/3175/3159 3859/3896/3859 3502/3520/3502
f 3860/3897/3860 1808/1812/1808 1978/1982/1978
f 3861/3898/3861 593/593/593 1308/1309/1308
f 3857/3894/3857 3839/3871/3839 3385/3402/3385
f 3014/3025/3014 3844/3878/3844 3015/3026/3015
f 3014/3025/3014 3016/3027/3016 2340/2344/2340
f 1309/1310/1309 2877/2886/2877 1308/1309/1308
f 1002/1002/1002 3849/3884/3849 1000/1000/1000
f 819/819/819 774/774/774 773/773/773
f 3634/3654/3634 2887/2896/2887 3842/3874/3842
f 759/759/759 871/871/871 399/399/399
f 1242/1242/1242 2699/2705/2699 2698/2704/2698
f 1596/1599/1596 2783/2791/2783 669/669/669
f 2350/2354/2350 2339/2343/2339 1229/1229/1229
f 3661/3685/3661 3663/3687/3663 3856/3893/3856
f 3661/3685/3661 3856/3893/3856 156/156/156
f 3240/3256/3240 3242/3258/3242 3843/3875/3843
f 3433/3451/3433 3112/3124/3112 3111/3123/3111
f 3860/3897/3860 3159/3175/3159 1808/1812/1808
f 2248/2252/2248 157/157/157 1816/1820/1816
f 3014/3025/3014 3405/3423/3405 3844/3878/3844
f 1118/1118/1118 1140/1140/1140 1346/1347/1346
f 3825/3856/3825 3840/3872/3840 2233/2237/2233
f 3862/3899/3862 2233/2237/2233 3840/3872/3840
f 3144/3159/3144 3862/3899/3862 3840/3872/3840
f 3863/3900/3863 2763/3640/2763 3033/3044/3033
f 3864/3901/3864 668/668/668 667/667/667
f 2670/2675/2670 2812/2820/2812 3849/3884/3849
f 1821/1825/1821 1510/1513/1510 1788/1792/1788
f 3579/3598/3579 233/233/233 1789/1793/1789
f 3847/3882/3847 3865/3902/3865 3846/3881/3846
f 3242/3258/3242 3241/3257/3241 948/948/948
f 2678/2684/2678 1658/1662/1658 3850/3886/3850
f 3496/3514/3496 3434/3452/3434 3111/3123/3111
f 3414/3432/3414 3866/3903/3866 3110/3122/3110
f 1978/1982/1978 1808/1812/1808 1807/1811/1807
f 1807/1811/1807 3857/3894/3857 3824/3855/3824
f 3825/3856/3825 2233/2237/2233 2340/2344/2340
f 3312/3328/3312 3465/3483/3465 2161/2165/2161
f 2811/2819/2811 2877/2886/2877 2329/2333/2329
f 1002/1002/1002 1797/1801/1797 3849/3884/3849
f 2188/2192/2188 2372/2376/2372 2189/2193/2189
f 896/896/896 794/794/794 221/221/221
f 3113/3125/3113 3482/3500/3482 3102/3113/3102
f 33/33/33 1645/1648/1645 3835/3866/3835
f 1661/1665/1661 2954/2964/2954 531/531/531
f 3498/3516/3498 3867/3904/3867 3845/3879/3845
f 2978/2989/2978 1798/1802/1798 650/650/650
f 3865/3902/3865 3854/3891/3854 3846/3881/3846
f 3855/3892/3855 3868/3905/3868 3847/3882/3847
f 3865/3902/3865 3847/3882/3847 3868/3905/3868
f 3869/3906/3869 2916/2926/2916 675/675/675
f 3856/3893/3856 3870/3907/3870 3848/3883/3848
f 3663/3687/3663 3870/3907/3870 3856/3893/3856
f 3764/3788/3764 2429/2433/2429 3241/3885/3241
f 2430/2434/2430 2429/2433/2429 3764/3788/3764
f 2431/2741/2431 2430/2970/2430 2676/2682/2676
f 3110/3122/3110 3496/3514/3496 3111/3123/3111
f 3859/3908/3859 3866/3903/3866 3414/3432/3414
f 3844/3878/3844 3385/3402/3385 3839/3871/3839
f 3385/3402/3385 3009/3020/3009 3857/3894/3857
f 3405/3423/3405 3385/3402/3385 3844/3878/3844
f 3404/3422/3404 3405/3423/3405 3014/3025/3014
f 3014/3025/3014 2340/2344/2340 3404/3422/3404
f 1302/1303/1302 3862/3899/3862 3144/3159/3144
f 1302/1303/1302 3144/3159/3144 1303/1304/1303
f 1987/1991/1987 1765/1769/1765 1764/1768/1764
f 3858/3895/3858 1765/1769/1765 1987/1991/1987
f 2811/2819/2811 1308/1309/1308 2877/2886/2877
f 3061/3072/3061 2310/2314/2310 2258/2262/2258
f 1701/1705/1701 2353/2357/2353 194/194/194
f 2887/2896/2887 3871/3909/3871 2888/2897/2888
f 3554/3573/3554 720/720/720 2370/2374/2370
f 2699/2705/2699 1906/1910/1906 1071/1071/1071
f 3867/3904/3867 667/667/667 3845/3879/3845
f 3872/3910/3872 3663/3687/3663 3662/3686/3662
f 2677/2683/2677 2676/2682/2676 2430/2970/2430
f 3497/3515/3497 2678/2684/2678 3434/3452/3434
f 3850/3886/3850 3434/3452/3434 2678/2684/2678
f 3873/3911/3873 3866/3903/3866 3859/3908/3859
f 3874/3912/3874 3859/3896/3859 3159/3175/3159
f 3860/3897/3860 3874/3912/3874 3159/3175/3159
f 768/768/768 1904/1908/1904 1819/1823/1819
f 2235/2239/2235 3404/3422/3404 2340/2344/2340
f 1764/1768/1764 1304/1305/1304 1303/1304/1303
f 824/824/824 926/926/926 796/796/796
f 3135/3149/3135 3286/3302/3286 1800/1804/1800
f 3495/3513/3495 3858/3895/3858 705/705/705
f 3495/3513/3495 1309/1310/1309 593/593/593
f 1284/1284/1284 1180/1180/1180 1181/1181/1181
f 2223/2227/2223 2222/2226/2222 1601/1604/1601
f 3635/3655/3635 3871/3909/3871 2887/2896/2887
f 1156/1156/1156 2759/2767/2759 1371/1374/1371
f 1725/1729/1725 3420/3438/3420 3175/3191/3175
f 2746/2753/2746 644/644/644 2735/2742/2735
f 3433/3451/3433 3434/3452/3434 3850/3886/3850
f 3853/3890/3853 3867/3904/3867 3498/3516/3498
f 2636/2641/2636 2637/2642/2637 3854/3891/3854
f 3865/3902/3865 2636/2641/2636 3854/3891/3854
f 3647/3669/3647 3629/3649/3629 3648/3670/3648
f 3875/3913/3875 3662/3686/3662 3242/3258/3242
f 465/465/465 544/544/544 3492/3510/3492
f 948/948/948 3241/3257/3241 2429/3914/2429
f 2142/2146/2142 116/116/116 1267/1267/1267
f 3874/3915/3874 3873/3911/3873 3859/3908/3859
f 3009/3020/3009 3824/3855/3824 3857/3894/3857
f 3115/3127/3115 457/457/457 3054/3065/3054
f 1895/1899/1895 1491/1494/1491 3451/3469/3451
f 2670/2675/2670 2669/2674/2669 2812/2820/2812
f 3876/3916/3876 1797/1801/1797 1002/1002/1002
f 2888/2897/2888 3876/3916/3876 1002/1002/1002
f 432/432/432 2724/2730/2724 1291/1291/1291
f 3703/3727/3703 2748/2755/2748 3718/3742/3718
f 2732/2738/2732 844/844/844 2869/2878/2869
f 2414/2418/2414 3747/3771/3747 3475/3493/3475
f 564/564/564 3853/3890/3853 2637/2642/2637
f 3498/3516/3498 2637/2642/2637 3853/3890/3853
f 779/779/779 777/777/777 712/712/712
f 3870/3907/3870 3855/3892/3855 3848/3883/3848
f 3877/3917/3877 3878/3918/3878 3870/3907/3870
f 3663/3687/3663 3877/3917/3877 3870/3907/3870
f 394/394/394 1756/1760/1756 395/395/395
f 948/948/948 3875/3913/3875 3242/3258/3242
f 2485/2490/2485 2403/2407/2403 1168/1168/1168
f 3497/3515/3497 3879/3919/3879 2678/2684/2678
f 3496/3514/3496 3880/3920/3880 3497/3515/3497
f 3418/3436/3418 3045/3056/3045 3419/3437/3419
f 1977/3921/1977 3874/3915/3874 3860/3922/3860
f 1977/1981/1977 3860/3897/3860 1978/1982/1978
f 3008/3019/3008 3824/3855/3824 3009/3020/3009
f 1414/1417/1414 3086/3097/3086 1774/1778/1774
f 1951/1955/1951 3385/3402/3385 3405/3423/3405
f 1951/1955/1951 3405/3423/3405 2454/2459/2454
f 2234/2238/2234 2233/2237/2233 3862/3899/3862
f 1302/1303/1302 3665/3689/3665 3862/3899/3862
f 3881/3923/3881 1765/1769/1765 3858/3895/3858
f 3495/3513/3495 3881/3923/3881 3858/3895/3858
f 3871/3909/3871 3876/3916/3876 2888/2897/2888
f 3510/3528/3510 3635/3655/3635 3634/3654/3634
f 1344/1345/1344 1391/1394/1391 1404/1407/1404
f 1994/1998/1994 1147/1147/1147 993/993/993
f 3420/3438/3420 1725/1729/1725 2690/2696/2690
f 473/473/473 475/475/475 2916/2926/2916
f 906/906/906 3425/3443/3425 3538/3557/3538
f 668/668/668 1597/1600/1597 1596/1599/1596
f 3864/3901/3864 667/667/667 3867/3904/3867
f 3868/3905/3868 2636/2641/2636 3865/3902/3865
f 3878/3918/3878 3855/3892/3855 3870/3907/3870
f 3877/3917/3877 3663/3687/3663 3872/3910/3872
f 3875/3913/3875 3872/3910/3872 3662/3686/3662
f 946/946/946 948/948/948 2429/3914/2429
f 564/564/564 619/619/619 565/565/565
f 3029/3040/3029 1858/1862/1858 3070/3081/3070
f 3866/3903/3866 3882/3924/3882 3496/3514/3496
f 3873/3911/3873 3882/3924/3882 3866/3903/3866
f 3824/3855/3824 1979/1983/1979 1978/1982/1978
f 3417/3435/3417 481/481/481 1888/1892/1888
f 1304/1305/1304 3883/3925/3883 1302/1303/1302
f 3881/3923/3881 2508/2513/2508 1765/1769/1765
f 2338/2342/2338 2970/2981/2970 1229/1229/1229
f 2811/2819/2811 2669/2674/2669 1308/1309/1308
f 2670/2675/2670 3849/3884/3849 1796/1800/1796
f 3567/3586/3567 3871/3909/3871 3635/3655/3635
f 3510/3528/3510 3567/3586/3567 3635/3655/3635
f 530/530/530 3332/3349/3332 1645/1648/1645
f 1293/1293/1293 544/3675/544 464/1294/464
f 3490/3508/3490 3455/3473/3455 3501/3519/3501
f 1243/1243/1243 3153/3169/3153 1244/1244/1244
f 3406/3424/3406 1243/1243/1243 19/19/19
f 3852/3889/3852 3864/3901/3864 3867/3904/3867
f 3852/3889/3852 3867/3904/3867 3853/3890/3853
f 3884/3926/3884 3868/3905/3868 3855/3892/3855
f 3875/3913/3875 948/948/948 947/947/947
f 3879/3919/3879 2676/2682/2676 2678/2684/2678
f 3827/3858/3827 3879/3919/3879 3497/3515/3497
f 3880/3920/3880 3827/3858/3827 3497/3515/3497
f 2732/2738/2732 3873/3911/3873 3874/3915/3874
f 2559/2564/2559 900/900/900 631/631/631
f 1977/3921/1977 2732/2738/2732 3874/3915/3874
f 3250/3266/3250 189/189/189 2010/2014/2010
f 3883/3925/3883 3665/3689/3665 1302/1303/1302
f 274/274/274 3881/3923/3881 3495/3513/3495
f 3258/3274/3258 1065/1065/1065 742/742/742
f 2671/2676/2671 3059/3070/3059 2669/2674/2669
f 1797/1801/1797 1796/1800/1796 3849/3884/3849
f 1795/1799/1795 171/171/171 1796/1800/1796
f 3876/3916/3876 1795/1799/1795 1797/1801/1797
f 3214/3230/3214 3876/3916/3876 3871/3909/3871
f 3567/3586/3567 3214/3230/3214 3871/3909/3871
f 2608/2613/2608 2737/2744/2737 1972/1976/1972
f 3885/3927/3885 1597/1600/1597 668/668/668
f 3864/3901/3864 3885/3927/3885 668/668/668
f 1923/1927/1923 564/564/564 2636/2641/2636
f 1923/1927/1923 2636/2641/2636 3868/3905/3868
f 3884/3926/3884 1923/1927/1923 3868/3905/3868
f 3878/3918/3878 3884/3926/3884 3855/3892/3855
f 3877/3917/3877 1792/1796/1792 3878/3918/3878
f 3875/3913/3875 2298/2302/2298 3872/3910/3872
f 1840/1844/1840 947/947/947 946/946/946
f 2566/2571/2566 2431/2741/2431 2676/2682/2676
f 3879/3919/3879 2566/2571/2566 2676/2682/2676
f 2131/2135/2131 3880/3920/3880 3882/3924/3882
f 3496/3514/3496 3882/3924/3882 3880/3920/3880
f 2630/2635/2630 2643/2648/2643 1406/1409/1406
f 2508/2513/2508 3883/3925/3883 1304/1305/1304
f 274/274/274 3495/3513/3495 593/593/593
f 311/311/311 1693/1697/1693 1196/1196/1196
f 3214/3230/3214 1795/1799/1795 3876/3916/3876
f 3634/3654/3634 3103/3114/3103 3510/3528/3510
f 3333/3350/3333 1676/1680/1676 3103/3114/3103
f 33/33/33 35/35/35 1645/1648/1645
f 3420/3438/3420 112/112/112 35/35/35
f 1941/1945/1941 2150/2154/2150 343/343/343
f 1275/1275/1275 1184/1184/1184 1183/1183/1183
f 3195/3211/3195 3885/3927/3885 3864/3901/3864
f 3852/3889/3852 3195/3211/3195 3864/3901/3864
f 2131/2135/2131 3882/3924/3882 2869/2878/2869
f 2732/2738/2732 2869/2878/2869 3873/3911/3873
f 2062/2066/2062 2732/2738/2732 1977/3921/1977
f 925/925/925 924/924/924 3613/3632/3613
f 488/488/488 891/891/891 3131/3145/3131
f 3038/3049/3038 3037/3048/3037 2234/2238/2234
f 273/273/273 2508/2513/2508 3881/3923/3881
f 274/274/274 273/273/273 3881/3923/3881
f 3861/3898/3861 1308/1309/1308 3059/3070/3059
f 2564/2569/2564 3826/3857/3826 3793/3817/3793
f 530/530/530 2954/2964/2954 3332/3349/3332
f 2690/2696/2690 112/112/112 3420/3438/3420
f 3745/3769/3745 1577/1580/1577 1576/1579/1576
f 1906/1910/1906 2621/2626/2621 1297/1298/1297
f 3400/3418/3400 3153/3169/3153 1243/1243/1243
f 3400/3418/3400 1243/1243/1243 3406/3424/3406
f 3872/3910/3872 3886/3928/3886 3877/3917/3877
f 2298/2302/2298 3886/3928/3886 3872/3910/3872
f 2564/2569/2564 2566/2571/2566 3879/3919/3879
f 3827/3858/3827 2564/2569/2564 3879/3919/3879
f 2130/2134/2130 3827/3858/3827 3880/3920/3880
f 209/209/209 210/210/210 262/262/262
f 3873/3911/3873 2869/2878/2869 3882/3924/3882
f 2785/2793/2785 1858/1862/1858 2895/2904/2895
f 2062/3929/2062 1977/1981/1977 1979/1983/1979
f 3331/3348/3331 339/339/339 1727/1731/1727
f 1951/1955/1951 1950/1954/1950 3009/3020/3009
f 991/991/991 1066/1066/1066 1062/1062/1062
f 3883/3925/3883 1672/1676/1672 3665/3689/3665
f 3861/3898/3861 594/594/594 593/593/593
f 171/171/171 2671/2676/2671 1796/1800/1796
f 3567/3586/3567 2472/2477/2472 3214/3230/3214
f 3510/3528/3510 1676/1680/1676 3138/3152/3138
f 3332/3349/3332 2955/2965/2955 3333/3350/3333
f 2954/2964/2954 2955/2965/2955 3332/3349/3332
f 765/765/765 866/866/866 852/852/852
f 2632/2637/2632 2702/2708/2702 1393/1396/1393
f 2482/2487/2482 2515/2520/2515 2558/2563/2558
f 2438/2442/2438 1577/1580/1577 3752/3776/3752
f 1543/1546/1543 3455/3473/3455 585/585/585
f 3492/3510/3492 2327/2331/2327 3560/3579/3560
f 3406/3424/3406 3281/3297/3281 3400/3418/3400
f 1597/1600/1597 3281/3297/3281 3406/3424/3406
f 484/484/484 1578/1581/1578 917/917/917
f 564/564/564 566/566/566 3853/3890/3853
f 1923/1927/1923 619/619/619 564/564/564
f 1923/1927/1923 3884/3926/3884 1924/1928/1924
f 2298/2302/2298 3875/3913/3875 947/947/947
f 2130/2134/2130 3880/3920/3880 2131/2135/2131
f 844/844/844 2732/2738/2732 2731/2737/2731
f 1275/1275/1275 1183/1183/1183 1451/1454/1451
f 2297/2301/2297 3883/3925/3883 2508/2513/2508
f 1859/1863/1859 1717/1721/1717 1883/1887/1883
f 3885/3927/3885 3281/3297/3281 1597/1600/1597
f 2912/2921/2912 2016/2020/2016 2957/2967/2957
f 1801/1805/1801 1800/1804/1800 3286/3302/3286
f 3194/3210/3194 3195/3211/3195 566/566/566
f 3852/3889/3852 566/566/566 3195/3211/3195
f 1924/1928/1924 620/620/620 619/619/619
f 1792/1796/1792 3887/3930/3887 3878/3918/3878
f 1790/1794/1790 1792/1796/1792 3886/3928/3886
f 3888/3931/3888 1790/1794/1790 3886/3928/3886
f 2298/2302/2298 3888/3931/3888 3886/3928/3886
f 657/657/657 3382/3399/3382 308/308/308
f 2564/2569/2564 3827/3858/3827 3826/3857/3826
f 475/475/475 474/474/474 3037/3048/3037
f 2297/2301/2297 1672/1676/1672 3883/3925/3883
f 2236/2240/2236 2570/2575/2570 2237/2241/2237
f 2508/2513/2508 273/273/273 2297/2301/2297
f 594/594/594 272/272/272 274/274/274
f 3861/3898/3861 3059/3070/3059 2110/2114/2110
f 2110/2114/2110 3059/3070/3059 2111/2115/2111
f 3738/3762/3738 3511/3529/3511 2557/2562/2557
f 3889/3932/3889 3137/3151/3137 1675/1679/1675
f 3010/3021/3010 3890/3933/3890 3280/3296/3280
f 2158/2162/2158 3688/3712/3688 433/433/433
f 1249/1249/1249 1248/1248/1248 3410/3428/3410
f 1244/1244/1244 3153/3169/3153 2792/2800/2792
f 3560/3579/3560 1694/3934/1694 2020/2024/2020
f 3885/3927/3885 3195/3211/3195 2446/2451/2446
f 3887/3930/3887 3884/3926/3884 3878/3918/3878
f 1394/1397/1394 143/143/143 87/87/87
f 2299/2303/2299 3888/3931/3888 2298/2302/2298
f 1840/1844/1840 2299/2303/2299 947/947/947
f 1345/1346/1345 1391/1394/1391 1344/1345/1344
f 3891/3935/3891 2063/3834/2063 3008/3019/3008
f 1950/1954/1950 3891/3935/3891 3008/3019/3008
f 2025/2029/2025 1913/1917/1913 1949/1953/1949
f 1674/1678/1674 475/475/475 3037/3048/3037
f 1674/1678/1674 3038/3049/3038 1672/1676/1672
f 45/45/45 1175/1175/1175 46/46/46
f 169/169/169 171/171/171 2471/2476/2471
f 1795/1799/1795 2471/2476/2471 171/171/171
f 3214/3230/3214 2472/2477/2472 2471/2476/2471
f 3138/3152/3138 1676/1680/1676 1675/1679/1675
f 2104/2108/2104 1409/1412/1409 2105/2109/2105
f 771/771/771 2955/2965/2955 1661/1665/1661
f 2526/2531/2526 1994/1998/1994 993/993/993
f 530/530/530 531/531/531 2954/2964/2954
f 2119/2123/2119 2315/2319/2315 2335/2339/2335
f 2792/2800/2792 2621/2626/2621 1244/1244/1244
f 1856/1860/1856 1858/1862/1858 2785/2793/2785
f 3152/3168/3152 3153/3169/3153 3400/3418/3400
f 3137/3151/3137 814/814/814 2470/2475/2470
f 2447/2452/2447 2446/2451/2446 2549/2554/2549
f 1734/1738/1734 589/589/589 1863/1867/1863
f 660/660/660 774/774/774 444/444/444
f 3887/3930/3887 1924/1928/1924 3884/3926/3884
f 1839/1843/1839 946/946/946 2565/3658/2565
f 1839/3936/1839 2565/3937/2565 3793/3938/3793
f 3833/3864/3833 3793/3817/3793 3826/3857/3826
f 1618/1621/1618 1629/1632/1629 609/609/609
f 2062/3929/2062 1979/1983/1979 2063/3834/2063
f 474/474/474 473/473/473 2454/2459/2454
f 3892/3939/3892 272/272/272 594/594/594
f 2110/2114/2110 3892/3939/3892 594/594/594
f 1455/1458/1455 1565/1568/1565 1537/1540/1537
f 3137/3151/3137 2470/2475/2470 2472/2477/2472
f 3138/3152/3138 1675/1679/1675 3137/3151/3137
f 771/771/771 1677/1681/1677 2955/2965/2955
f 3333/3350/3333 2955/2965/2955 1677/1681/1677
f 2830/2838/2830 2881/2890/2881 2839/2848/2839
f 1661/1665/1661 531/531/531 875/875/875
f 110/110/110 531/531/531 111/111/111
f 3208/3224/3208 110/110/110 112/112/112
f 35/35/35 112/112/112 111/111/111
f 1389/1392/1389 1485/1488/1485 479/479/479
f 3037/3048/3037 2235/2239/2235 2234/2238/2234
f 3056/3067/3056 1295/1296/1295 2959/2969/2959
f 3204/3220/3204 2959/2969/2959 1295/1296/1295
f 2791/2799/2791 3204/3220/3204 2621/2626/2621
f 3152/3168/3152 3893/3940/3893 2792/2800/2792
f 3152/3168/3152 3280/3296/3280 3890/3933/3890
f 3400/3418/3400 3280/3296/3280 3152/3168/3152
f 3492/3510/3492 3560/3579/3560 465/465/465
f 753/753/753 3885/3927/3885 2446/2451/2446
f 3194/3210/3194 2549/2554/2549 2446/2451/2446
f 2245/2249/2245 3340/3357/3340 3468/3486/3468
f 1647/1650/1647 2886/2895/2886 1381/1384/1381
f 620/620/620 1924/1928/1924 3887/3930/3887
f 2857/2866/2857 620/620/620 3887/3930/3887
f 2857/2866/2857 3887/3930/3887 1791/1795/1791
f 1792/1796/1792 1791/1795/1791 3887/3930/3887
f 1790/1794/1790 1518/1521/1518 1791/1795/1791
f 2526/2531/2526 992/992/992 2389/2393/2389
f 3888/3931/3888 2299/2303/2299 3253/3269/3253
f 1225/1225/1225 1094/1094/1094 1138/1138/1138
f 3304/3320/3304 3329/3346/3329 2755/2763/2755
f 3894/3941/3894 2064/2068/2064 2063/2067/2063
f 3891/3935/3891 3894/3942/3894 2063/3834/2063
f 3264/3280/3264 3891/3935/3891 1950/1954/1950
f 2774/2782/2774 2865/2874/2865 2729/2735/2729
f 2915/2925/2915 3264/3280/3264 1952/1956/1952
f 2069/2073/2069 1986/1990/1986 2049/2053/2049
f 2916/2926/2916 475/475/475 675/675/675
f 3712/3736/3712 3569/3588/3569 3725/3749/3725
f 272/272/272 3486/3504/3486 273/273/273
f 1278/1278/1278 532/532/532 182/1355/182
f 2065/2069/2065 2124/2128/2124 3088/3099/3088
f 2470/2475/2470 169/169/169 2471/2476/2471
f 770/770/770 3889/3932/3889 1675/1679/1675
f 770/770/770 1675/1679/1675 1677/1681/1677
f 2821/2829/2821 2823/2831/2823 3410/3428/3410
f 3893/3940/3893 2791/2799/2791 2792/2800/2792
f 2898/2907/2898 867/867/867 869/869/869
f 2256/2260/2256 3449/3467/3449 3015/3026/3015
f 753/753/753 3279/3295/3279 3885/3927/3885
f 3421/3439/3421 228/228/228 2816/2824/2816
f 319/319/319 889/889/889 336/336/336
f 434/434/434 460/460/460 518/518/518
f 1839/1843/1839 3691/3943/3691 1840/1844/1840
f 115/115/115 2853/2862/2853 77/77/77
f 3264/3280/3264 3894/3942/3894 3891/3935/3891
f 75/75/75 2853/2862/2853 27/27/27
f 3895/3944/3895 3486/3504/3486 272/272/272
f 3892/3939/3892 3895/3944/3895 272/272/272
f 3896/3945/3896 3892/3939/3892 2112/2116/2112
f 235/235/235 2952/2962/2952 236/236/236
f 2936/2946/2936 2124/2128/2124 2065/2069/2065
f 169/169/169 3747/3771/3747 170/170/170
f 73/73/73 1378/1381/1378 1377/1380/1377
f 3615/3634/3615 2470/2475/2470 814/814/814
f 770/770/770 1677/1681/1677 771/771/771
f 3624/3644/3624 2501/2506/2501 2500/2505/2500
f 3208/3224/3208 3328/3345/3328 110/110/110
f 634/634/634 2959/2969/2959 3204/3220/3204
f 2791/2799/2791 634/634/634 3204/3220/3204
f 3890/3933/3890 3893/3940/3893 3152/3168/3152
f 2716/2722/2716 162/162/162 161/161/161
f 3348/3365/3348 3368/3385/3368 3347/3364/3347
f 1528/1531/1528 2903/2912/2903 2413/2417/2413
f 1063/1063/1063 3258/3274/3258 358/358/358
f 3253/3269/3253 1790/1794/1790 3888/3931/3888
f 3396/3413/3396 2540/2545/2540 2539/2544/2539
f 3897/3946/3897 2675/2680/2675 3044/3055/3044
f 1674/1678/1674 675/675/675 475/475/475
f 1673/1677/1673 3486/3504/3486 2302/2306/2302
f 2982/2993/2982 3073/3084/3073 3072/3083/3072
f 96/96/96 95/95/95 54/54/54
f 3895/3944/3895 3521/3539/3521 3486/3504/3486
f 3896/3945/3896 3895/3944/3895 3892/3939/3892
f 2110/2114/2110 2112/2116/2112 3892/3939/3892
f 171/171/171 170/170/170 2671/2676/2671
f 3747/3771/3747 169/169/169 3615/3634/3615
f 169/169/169 2470/2475/2470 3615/3634/3615
f 3889/3932/3889 814/814/814 3137/3151/3137
f 3898/3947/3898 814/814/814 3889/3932/3889
f 3898/3947/3898 3889/3932/3889 770/770/770
f 3056/3067/3056 3057/3068/3057 3208/3224/3208
f 3057/3068/3057 2959/2969/2959 636/636/636
f 635/635/635 634/634/634 2791/2799/2791
f 3893/3940/3893 635/635/635 2791/2799/2791
f 3253/3269/3253 2926/2936/2926 1790/1794/1790
f 3253/3269/3253 2299/2303/2299 3254/3270/3254
f 3691/3943/3691 3254/3270/3254 1840/1844/1840
f 3793/3938/3793 3690/3948/3690 1839/3936/1839
f 3691/3943/3691 1839/1843/1839 3690/3949/3690
f 3166/3182/3166 2249/2253/2249 3187/3203/3187
f 334/334/334 504/504/504 734/734/734
f 3899/3950/3899 3894/3942/3894 3264/3280/3264
f 3519/3537/3519 3521/3539/3521 3895/3944/3895
f 2588/2593/2588 2575/2580/2575 2469/2474/2469
f 2097/2101/2097 3265/3281/3265 2535/2540/2535
f 3896/3945/3896 2112/2116/2112 3483/3501/3483
f 2112/2116/2112 2111/2115/2111 3818/3845/3818
f 2414/2418/2414 3818/3845/3818 2111/2115/2111
f 344/344/344 1822/1826/1822 3394/3411/3394
f 3250/3266/3250 1822/1826/1822 189/189/189
f 325/325/325 795/795/795 671/671/671
f 3898/3947/3898 815/815/815 814/814/814
f 772/772/772 3898/3947/3898 770/770/770
f 874/874/874 772/772/772 771/771/771
f 2699/2705/2699 1244/1244/1244 1906/1910/1906
f 2462/2467/2462 635/635/635 3893/3940/3893
f 2462/2467/2462 3893/3940/3893 3890/3933/3890
f 2463/2468/2463 2462/2467/2462 3890/3933/3890
f 2463/2468/2463 3890/3933/3890 3010/3021/3010
f 3717/3741/3717 1199/1199/1199 2221/2225/2221
f 3281/3297/3281 3885/3927/3885 3279/3295/3279
f 2809/2817/2809 370/370/370 2549/2554/2549
f 618/618/618 2809/2817/2809 619/619/619
f 565/565/565 619/619/619 2809/2817/2809
f 620/620/620 2857/2866/2857 2856/2865/2856
f 3265/3281/3265 2097/2101/2097 2096/2100/2096
f 3900/3951/3900 3793/3817/3793 3833/3864/3833
f 3901/3952/3901 3900/3951/3900 3833/3864/3833
f 3901/3952/3901 3833/3864/3833 3341/3358/3341
f 2130/2134/2130 3341/3358/3341 3833/3864/3833
f 845/845/845 844/844/844 2539/2544/2539
f 2731/2737/2731 2064/2068/2064 2539/2544/2539
f 3396/3413/3396 2064/2068/2064 3894/3941/3894
f 3899/3953/3899 3396/3413/3396 3894/3941/3894
f 2798/2806/2798 3535/3554/3535 2926/2936/2926
f 3902/3954/3902 3899/3950/3899 3264/3280/3264
f 3902/3954/3902 3264/3280/3264 2915/2925/2915
f 3032/3955/3032 2915/2925/2915 2916/2926/2916
f 676/676/676 1674/1678/1674 1673/1677/1673
f 613/613/613 1815/1819/1815 576/576/576
f 3521/3539/3521 2302/2306/2302 3486/3504/3486
f 3896/3945/3896 3519/3537/3519 3895/3944/3895
f 2112/2116/2112 3818/3845/3818 3483/3501/3483
f 2414/2418/2414 3476/3494/3476 3818/3845/3818
f 3734/3758/3734 3747/3771/3747 3615/3634/3615
f 813/813/813 3734/3758/3734 3615/3634/3615
f 3413/3431/3413 2312/2316/2312 597/597/597
f 3903/3956/3903 3904/3957/3904 815/815/815
f 3905/3958/3905 815/815/815 3898/3947/3898
f 772/772/772 3905/3958/3905 3898/3947/3898
f 110/110/110 939/939/939 875/875/875
f 939/939/939 110/110/110 3328/3345/3328
f 3029/3040/3029 2895/2904/2895 1858/1862/1858
f 176/176/176 175/175/175 124/124/124
f 3046/3057/3046 636/636/636 635/635/635
f 3418/3436/3418 3057/3068/3057 636/636/636
f 2926/2936/2926 3253/3269/3253 2798/2806/2798
f 3691/3943/3691 2799/2807/2799 3254/3270/3254
f 2799/3959/2799 3691/3715/3691 1089/1089/1089
f 3793/3817/3793 3900/3951/3900 3690/3960/3690
f 2234/2238/2234 3862/3899/3862 3665/3689/3665
f 1850/1854/1850 1640/1643/1640 1813/1817/1813
f 3869/3906/3869 3032/3955/3032 2916/2926/2916
f 674/674/674 3869/3906/3869 675/675/675
f 2302/2306/2302 3811/3836/3811 676/676/676
f 3520/3538/3520 2302/2306/2302 3521/3539/3521
f 3177/3193/3177 3519/3537/3519 3896/3945/3896
f 3734/3758/3734 3475/3493/3475 3747/3771/3747
f 3906/3961/3906 3905/3958/3905 772/772/772
f 3906/3961/3906 772/772/772 874/874/874
f 3906/3961/3906 874/874/874 873/873/873
f 2048/2052/2048 2447/2452/2447 370/370/370
f 1093/1093/1093 114/114/114 164/164/164
f 3246/3262/3246 371/371/371 618/618/618
f 2809/2817/2809 618/618/618 371/371/371
f 2856/2865/2856 3246/3262/3246 618/618/618
f 2856/2865/2856 618/618/618 620/620/620
f 1738/1742/1738 1663/1667/1663 1756/1760/1756
f 600/600/600 2934/2944/2934 598/598/598
f 2798/2806/2798 3254/3270/3254 2799/2807/2799
f 1932/1936/1932 2114/2118/2114 2071/2075/2071
f 1089/1089/1089 3690/3714/3690 1090/1090/1090
f 2092/2096/2092 3337/3354/3337 2187/2191/2187
f 1622/1625/1622 3337/3354/3337 2092/2096/2092
f 3907/3962/3907 3901/3952/3901 3341/3358/3341
f 845/845/845 3907/3962/3907 3341/3358/3341
f 2051/2055/2051 1457/1460/1457 1957/1961/1957
f 3013/3024/3013 2878/2887/2878 3363/3380/3363
f 3908/3963/3908 2540/2545/2540 3396/3413/3396
f 3908/3963/3908 3396/3413/3396 3899/3953/3899
f 1031/1031/1031 1072/1072/1072 1017/1017/1017
f 3909/3964/3909 3899/3953/3899 3902/3965/3902
f 3031/3042/3031 3902/3965/3902 3032/3043/3032
f 3031/3042/3031 3909/3964/3909 3902/3965/3902
f 2915/2925/2915 3032/3955/3032 3902/3954/3902
f 2110/2114/2110 594/594/594 3861/3898/3861
f 3520/3538/3520 3811/3836/3811 2302/2306/2302
f 3519/3537/3519 3078/3089/3078 3520/3538/3520
f 3519/3537/3519 3177/3193/3177 3078/3089/3078
f 3177/3193/3177 3896/3945/3896 3483/3501/3483
f 3476/3494/3476 3413/3431/3413 3483/3501/3483
f 3475/3493/3475 2312/2316/2312 3476/3494/3476
f 813/813/813 2313/2317/2313 3734/3758/3734
f 813/813/813 815/815/815 3904/3957/3904
f 3905/3958/3905 3903/3956/3903 815/815/815
f 3289/3305/3289 3906/3961/3906 873/873/873
f 3390/3407/3390 1962/1966/1962 2355/2359/2355
f 1661/1665/1661 875/875/875 874/874/874
f 1357/1359/1357 1631/1634/1631 1358/1360/1358
f 2882/2891/2882 2830/2838/2830 2883/2892/2883
f 2461/2466/2461 635/635/635 2462/2467/2462
f 2312/2316/2312 3350/3367/3350 597/597/597
f 627/627/627 2461/2466/2461 2463/2468/2463
f 1213/1213/1213 845/845/845 2540/2545/2540
f 3909/3964/3909 3908/3963/3908 3899/3953/3899
f 674/674/674 3811/3836/3811 3910/3966/3910
f 3520/3538/3520 3077/3088/3077 3811/3836/3811
f 2312/2316/2312 3413/3431/3413 3476/3494/3476
f 2313/2317/2313 2312/2316/2312 3475/3493/3475
f 2163/2167/2163 1222/1222/1222 1852/1856/1852
f 3904/3957/3904 2313/2317/2313 813/813/813
f 2509/2514/2509 2511/2516/2511 2998/3009/2998
f 16/16/16 3473/3491/3473 2631/2636/2631
f 3911/3967/3911 3903/3956/3903 3905/3958/3905
f 3906/3961/3906 3911/3967/3911 3905/3958/3905
f 960/960/960 1128/1128/1128 1068/1068/1068
f 1586/1589/1586 2830/2838/2830 2839/2848/2839
f 3912/3968/3912 3046/3057/3046 635/635/635
f 2461/2466/2461 3912/3968/3912 635/635/635
f 3598/3617/3598 3573/3592/3573 3582/3601/3582
f 3800/3824/3800 295/295/295 3504/3522/3504
f 3030/3041/3030 1249/1249/1249 3019/3030/3019
f 3829/3860/3829 371/371/371 3246/3262/3246
f 1088/1088/1088 2799/3959/2799 1089/1089/1089
f 193/193/193 192/192/192 1228/1228/1228
f 2351/2355/2351 192/192/192 2277/2281/2277
f 1602/1605/1602 418/418/418 3012/3023/3012
f 3863/3969/3863 3032/3955/3032 3869/3906/3869
f 2762/2770/2762 3863/3969/3863 3869/3906/3869
f 2762/2770/2762 3869/3906/3869 674/674/674
f 3910/3966/3910 2762/2770/2762 674/674/674
f 3077/3088/3077 3910/3966/3910 3811/3836/3811
f 3077/3088/3077 3520/3538/3520 3078/3089/3078
f 2309/2313/2309 1312/1313/1312 3322/3339/3322
f 3177/3193/3177 3413/3431/3413 3079/3090/3079
f 946/946/946 2429/3914/2429 2431/3657/2431
f 3913/3970/3913 3904/3957/3904 3903/3956/3903
f 2699/2705/2699 1242/1242/1242 1244/1244/1244
f 3293/3309/3293 133/133/133 132/132/132
f 3593/3612/3593 938/938/938 3723/3747/3723
f 763/763/763 708/708/708 525/525/525
f 2754/2762/2754 888/888/888 3356/3373/3356
f 3723/3747/3723 3419/3437/3419 3045/3056/3045
f 3418/3436/3418 3046/3057/3046 3045/3056/3045
f 3912/3968/3912 3044/3055/3044 3046/3057/3046
f 3897/3946/3897 3912/3968/3912 1993/1997/1993
f 2461/2466/2461 1993/1997/1993 3912/3968/3912
f 627/627/627 1993/1997/1993 2461/2466/2461
f 2047/2051/2047 1992/1996/1992 629/629/629
f 3829/3860/3829 372/372/372 371/371/371
f 2693/2699/2693 3829/3860/3829 3246/3262/3246
f 2693/2699/2693 3246/3262/3246 3116/3128/3116
f 3900/3951/3900 1090/3971/1090 3690/3960/3690
f 2972/2983/2972 2540/2545/2540 3908/3963/3908
f 3914/3972/3914 2972/2983/2972 3908/3963/3908
f 3914/3972/3914 3908/3963/3908 3909/3964/3909
f 3914/3972/3914 3909/3964/3909 3031/3042/3031
f 1442/1445/1442 698/698/698 549/549/549
f 485/485/485 655/655/655 763/763/763
f 3674/3698/3674 3910/3966/3910 3077/3088/3077
f 3674/3698/3674 3077/3088/3077 3079/3090/3079
f 2107/2111/2107 2218/2222/2218 2152/2156/2152
f 711/711/711 633/633/633 661/661/661
f 2311/2315/2311 3350/3367/3350 2312/2316/2312
f 2311/2315/2311 2313/2317/2313 3904/3957/3904
f 2883/2892/2883 2961/2972/2961 2882/2891/2882
f 3913/3970/3913 2311/2315/2311 3904/3957/3904
f 2711/2717/2711 3913/3970/3913 3903/3956/3903
f 3911/3967/3911 2711/2717/2711 3903/3956/3903
f 2384/2388/2384 2711/2717/2711 3911/3967/3911
f 2384/2388/2384 3911/3967/3911 3906/3961/3906
f 3906/3961/3906 3289/3305/3289 2384/2388/2384
f 3593/3612/3593 2385/2389/2385 3289/3305/3289
f 3897/3946/3897 3044/3055/3044 3912/3968/3912
f 1619/1622/1619 1723/1727/1723 1629/1632/1629
f 2120/2124/2120 1647/1650/1647 2082/2086/2082
f 3333/3350/3333 1677/1681/1677 1676/1680/1676
f 370/370/370 372/372/372 2048/2052/2048
f 1388/1391/1388 3535/3554/3535 2798/2806/2798
f 1088/1361/1088 1388/1391/1388 2799/2807/2799
f 1671/1675/1671 1739/1743/1739 1615/1618/1615
f 753/753/753 628/628/628 3279/3295/3279
f 3915/3973/3915 1090/3971/1090 3900/3951/3900
f 3915/3973/3915 3900/3951/3900 3901/3952/3901
f 3916/3974/3916 3915/3973/3915 3901/3952/3901
f 3916/3974/3916 3901/3952/3901 3907/3962/3907
f 2661/2666/2661 3352/3369/3352 2848/2857/2848
f 3168/3184/3168 3916/3974/3916 3907/3962/3907
f 3168/3184/3168 3907/3962/3907 845/845/845
f 3168/3184/3168 845/845/845 1213/1213/1213
f 2540/2545/2540 2972/2983/2972 1213/1213/1213
f 466/3544/466 1630/3416/1630 1294/1295/1294
f 3863/3900/3863 3033/3044/3033 3032/3043/3032
f 1277/1277/1277 596/596/596 595/595/595
f 2385/2389/2385 2384/2388/2384 3289/3305/3289
f 1993/1997/1993 1992/1996/1992 3917/3975/3917
f 3851/3888/3851 2871/2880/2871 2020/3144/2020
f 2693/2699/2693 3116/3128/3116 309/309/309
f 2644/2649/2644 933/933/933 3335/3352/3335
f 3918/3976/3918 3398/3415/3398 1630/3416/1630
f 3919/3977/3919 3398/3415/3398 3918/3976/3918
f 1212/1212/1212 3920/3978/3920 3919/3977/3919
f 3659/3683/3659 3643/3665/3643 3655/3679/3655
f 3558/3577/3558 3573/3592/3573 3553/3572/3553
f 532/532/532 1277/1277/1277 3740/3764/3740
f 533/533/533 532/532/532 3740/3764/3740
f 3506/3524/3506 3533/3552/3533 203/203/203
f 3506/3524/3506 203/203/203 3261/3277/3261
f 1963/1967/1963 3148/3163/3148 2674/2679/2674
f 3665/3689/3665 1672/1676/1672 3038/3049/3038
f 2541/2681/2541 1963/1967/1963 2674/2679/2674
f 2926/2936/2926 1518/1521/1518 1790/1794/1790
f 2874/2883/2874 2644/2649/2644 387/387/387
f 1195/1195/1195 1692/1696/1692 3921/3979/3921
f 1692/1696/1692 1195/1195/1195 1693/1697/1693
f 3339/3356/3339 732/732/732 3564/3583/3564
f 3066/3077/3066 2666/2671/2666 3192/3208/3192
f 2913/2923/2913 3581/3600/3581 1891/1895/1891
f 3813/3838/3813 3581/3600/3581 3763/3839/3763
f 690/690/690 2612/2617/2612 691/691/691
f 3922/3980/3922 3920/3978/3920 2761/2769/2761
f 3922/3980/3922 3398/3415/3398 3920/3978/3920
f 1576/1579/1576 1575/1578/1575 2377/2381/2377
f 459/459/459 458/458/458 2995/3006/2995
f 2335/2339/2335 2315/2319/2315 2333/2337/2333
f 1679/1683/1679 3452/3470/3452 2139/2143/2139
f 154/154/154 2703/2709/2703 155/155/155
f 791/791/791 1747/1751/1747 1894/1898/1894
f 582/582/582 581/581/581 2620/2625/2620
f 533/533/533 3740/3764/3740 3291/3307/3291
f 595/595/595 3740/3764/3740 1277/1277/1277
f 320/320/320 1998/2002/1998 321/321/321
f 3506/3524/3506 3291/3307/3291 3533/3552/3533
f 404/404/404 2409/2413/2409 1806/1810/1806
f 3051/3062/3051 2583/2588/2583 3050/3061/3050
f 2627/2632/2627 3282/3298/3282 2628/2633/2628
f 3149/3164/3149 3261/3277/3261 202/202/202
f 592/592/592 297/297/297 423/423/423
f 45/45/45 47/47/47 1460/1463/1460
f 3781/3805/3781 3192/3208/3192 2665/2670/2665
f 2541/2546/2541 2543/2548/2543 1963/1967/1963
f 3923/3981/3923 2543/2548/2543 2542/3982/2542
f 1830/1834/1830 3923/3981/3923 3921/3979/3921
f 1830/1834/1830 3921/3979/3921 1692/1696/1692
f 311/311/311 3851/3888/3851 1693/1697/1693
f 3851/3888/3851 311/311/311 310/310/310
f 1436/1439/1436 1182/1182/1182 1378/1381/1378
f 3006/3017/3006 86/86/86 996/996/996
f 3851/3888/3851 310/310/310 2871/2880/2871
f 2871/2880/2871 1631/1634/1631 466/3143/466
f 3389/3406/3389 514/514/514 1298/1299/1298
f 2946/2956/2946 3167/3183/3167 2141/2145/2141
f 529/529/529 2040/2044/2040 3151/3166/3151
f 2250/2254/2250 3167/3183/3167 2946/2956/2946
f 1293/1293/1293 1294/1295/1294 3922/3980/3922
f 1634/1637/1634 983/983/983 277/277/277
f 3398/3415/3398 3922/3980/3922 1294/1295/1294
f 3924/3983/3924 1293/1293/1293 3922/3980/3922
f 1832/1836/1832 3924/3983/3924 2761/2769/2761
f 3924/3983/3924 3922/3980/3922 2761/2769/2761
f 796/796/796 707/707/707 824/824/824
f 1832/1836/1832 183/183/183 3924/3983/3924
f 3598/3617/3598 3494/3512/3494 3573/3592/3573
f 1701/1705/1701 2343/2347/2343 2353/2357/2353
f 1337/1338/1337 3256/3272/3256 3084/3095/3084
f 1961/1965/1961 2543/2548/2543 1830/3984/1830
f 16/16/16 3493/3511/3493 3473/3491/3473
f 1318/1319/1318 1166/1166/1166 1165/1165/1165
f 731/731/731 3474/3492/3474 3515/3533/3515
f 1701/1705/1701 194/194/194 1702/1706/1702
f 3117/3129/3117 1550/1553/1550 2514/2519/2514
f 3162/3178/3162 54/54/54 1167/1167/1167
f 546/546/546 3492/3510/3492 544/544/544
f 1829/3153/1829 1694/3934/1694 3560/3579/3560
f 511/511/511 51/51/51 1136/1136/1136
f 465/465/465 3560/3579/3560 2020/2024/2020
f 1927/1931/1927 2116/2120/2116 1438/1441/1438
f 2188/2192/2188 2190/2194/2190 967/967/967
f 3567/3586/3567 3510/3528/3510 3138/3152/3138
f 3203/3219/3203 2985/2996/2985 3160/3176/3160
f 3924/3983/3924 545/3676/545 1293/1293/1293
f 3291/3307/3291 3506/3524/3506 3290/3306/3290
f 2543/2548/2543 1961/1965/1961 1963/1967/1963
f 1961/1965/1961 1830/3984/1830 1829/3153/1829
f 2363/2367/2363 2361/2365/2361 2091/2095/2091
f 1599/1602/1599 2310/2314/2310 2367/2371/2367
f 2724/2730/2724 432/432/432 431/431/431
f 103/103/103 3564/3583/3564 104/104/104
f 2775/2783/2775 3463/3481/3463 1815/1819/1815
f 1074/1074/1074 1324/1325/1324 1261/1261/1261
f 1099/1099/1099 138/138/138 1224/1224/1224
f 160/160/160 162/162/162 2336/2340/2336
f 2323/2327/2323 983/983/983 982/982/982
f 2188/2192/2188 966/966/966 2372/2376/2372
f 1230/1230/1230 1229/1229/1229 2970/2981/2970
f 2350/2354/2350 2378/2382/2378 2339/2343/2339
f 2398/2402/2398 1179/1179/1179 1178/1178/1178
f 3304/3320/3304 2755/2763/2755 1740/1744/1740
f 2365/2369/2365 2367/2371/2367 3061/3072/3061
f 1255/1255/1255 1376/1379/1376 1237/1237/1237
f 1884/1888/1884 1623/1626/1623 2435/2439/2435
f 201/201/201 2385/2389/2385 3684/3708/3684
f 585/585/585 1281/1281/1281 1543/1546/1543
f 1792/1796/1792 3877/3917/3877 3886/3928/3886
f 2303/2307/2303 60/60/60 59/59/59
f 2296/2300/2296 1170/1170/1170 1169/1169/1169
f 2335/2339/2335 1178/1178/1178 2119/2123/2119
f 2092/2096/2092 2240/2244/2240 1601/1604/1601
f 194/194/194 2353/2357/2353 192/192/192
f 2046/2050/2046 2337/2341/2337 1046/1046/1046
f 2118/2122/2118 1177/1177/1177 1926/1930/1926
f 432/432/432 1984/1988/1984 430/430/430
f 2656/2661/2656 1220/1220/1220 3169/3185/3169
f 838/838/838 321/321/321 839/839/839
f 3096/3107/3096 2175/2179/2175 3062/3073/3062
f 123/123/123 122/122/122 166/166/166
f 2334/2338/2334 2333/2337/2333 2402/2406/2402
f 8/8/8 1753/1757/1753 1752/1756/1752
f 2303/2307/2303 665/665/665 664/664/664
f 1113/1113/1113 1051/1051/1051 3185/3201/3185
f 3125/3137/3125 38/38/38 1609/1612/1609
f 2360/2364/2360 1622/1625/1622 2091/2095/2091
f 3395/3412/3395 1947/1951/1947 3384/3401/3384
f 665/665/665 2215/2219/2215 663/663/663
f 223/223/223 184/184/184 93/93/93
f 1731/1735/1731 2503/2508/2503 3358/3375/3358
f 2321/2325/2321 3054/3065/3054 3070/3081/3070
f 3143/3158/3143 3118/3130/3118 3085/3096/3085
f 1463/1466/1463 2755/2763/2755 3329/3346/3329
f 2609/2614/2609 2709/2715/2709 643/643/643
f 1716/1720/1716 1657/1660/1657 848/848/848
f 2343/2347/2343 2342/2346/2342 2353/2357/2353
f 3619/3638/3619 524/524/524 3597/3616/3597
f 2445/2450/2445 2333/2337/2333 2315/2319/2315
f 2338/2342/2338 277/277/277 983/983/983
f 2254/2258/2254 2452/2457/2452 2253/2257/2253
f 3460/3478/3460 3755/3779/3755 2818/2826/2818
f 2906/2915/2906 1576/1579/1576 2377/2381/2377
f 161/161/161 1794/1798/1794 2716/2722/2716
f 3866/3903/3866 3496/3514/3496 3110/3122/3110
f 261/261/261 175/175/175 285/285/285
f 1300/1301/1300 2773/2781/2773 1679/1683/1679
f 3921/3979/3921 3923/3981/3923 3925/3985/3925
f 2350/2354/2350 1228/1228/1228 2351/2355/2351
f 306/306/306 322/322/322 257/257/257
f 1952/1956/1952 473/473/473 2915/2925/2915
f 707/707/707 796/796/796 325/325/325
f 2333/2337/2333 160/160/160 2402/2406/2402
f 712/712/712 776/776/776 689/689/689
f 1262/1262/1262 1075/1075/1075 1074/1074/1074
f 1323/1324/1323 2388/2392/2388 1984/1988/1984
f 2083/2087/2083 1983/1987/1983 1291/1291/1291
f 2092/2096/2092 2187/2191/2187 2240/2244/2240
f 670/670/670 703/703/703 220/220/220
f 2681/2687/2681 2683/2689/2683 2800/2808/2800
f 2363/2367/2363 1600/1603/1600 2325/2329/2325
f 2868/2877/2868 226/226/226 2824/2832/2824
f 1794/1798/1794 161/161/161 2159/2163/2159
f 742/742/742 1065/1065/1065 743/743/743
f 507/507/507 2295/2299/2295 2330/2334/2330
f 1816/1820/1816 2140/2144/2140 7/7/7
f 678/678/678 783/783/783 700/700/700
f 3061/3072/3061 2258/2262/2258 431/431/431
f 1143/1143/1143 2187/2191/2187 3337/3354/3337
f 2337/2341/2337 2046/2050/2046 2296/2300/2296
f 485/485/485 417/417/417 655/655/655
f 3925/3985/3925 1992/1996/1992 2047/2051/2047
f 1228/1228/1228 2350/2354/2350 1229/1229/1229
f 224/224/224 226/226/226 2911/2920/2911
f 246/246/246 3755/3779/3755 2157/2161/2157
f 983/983/983 1634/1637/1634 984/984/984
f 3178/3194/3178 551/551/551 550/550/550
f 2195/2199/2195 2033/2037/2033 2032/2036/2032
f 2934/2944/2934 2988/2999/2988 2987/2998/2987
f 228/228/228 3190/3206/3190 229/229/229
f 1307/1308/1307 1047/1047/1047 663/663/663
f 3118/3130/3118 2981/2992/2981 685/685/685
f 1636/1639/1636 39/39/39 41/41/41
f 1601/1604/1601 2310/2314/2310 1599/1602/1599
f 1600/1603/1600 2092/2096/2092 1601/1604/1601
f 782/782/782 783/783/783 841/841/841
f 3344/3361/3344 3331/3348/3331 3315/3331/3315
f 277/277/277 2338/2342/2338 2339/2343/2339
f 150/150/150 184/184/184 186/186/186
f 1540/1543/1540 3058/3069/3058 1119/1119/1119
f 157/157/157 159/159/159 2140/2144/2140
f 58/58/58 968/968/968 967/967/967
f 160/160/160 2333/2337/2333 2445/2450/2445
f 2197/2201/2197 20/20/20 2698/2704/2698
f 2618/2623/2618 49/49/49 2633/2638/2633
f 897/897/897 896/896/896 943/943/943
f 2904/2913/2904 2157/2161/2157 3754/3778/3754
f 2719/2725/2719 1689/1693/1689 2694/2700/2694
f 3389/3406/3389 2451/2456/2451 3379/3396/3379
f 291/291/291 213/213/213 215/215/215
f 27/27/27 2853/2862/2853 1167/1167/1167
f 2053/2057/2053 1154/1154/1154 3080/3091/3080
f 3034/3045/3034 1137/1137/1137 142/142/142
f 1888/1892/1888 692/692/692 1886/1890/1886
f 2130/2134/2130 843/843/843 3341/3358/3341
f 1495/1498/1495 2257/2261/2257 43/43/43
f 1167/1167/1167 2853/2862/2853 3162/3178/3162
f 253/253/253 82/82/82 254/254/254
f 38/38/38 37/37/37 1610/1613/1610
f 1290/1290/1290 1715/1719/1715 1714/1718/1714
f 2496/2501/2496 3736/3760/3736 2494/2499/2494
f 2480/2485/2480 1058/1058/1058 2504/2509/2504
f 927/927/927 1073/1073/1073 975/975/975
f 1488/1491/1488 1819/1823/1819 1881/1885/1881
f 1136/1136/1136 51/51/51 142/142/142
f 667/667/667 669/669/669 3212/3228/3212
f 1090/3986/1090 3915/3987/3915 1357/3988/1357
f 1090/3989/1090 1357/1359/1357 1088/1361/1088
f 1649/1652/1649 402/402/402 1806/1810/1806
f 3221/3237/3221 2932/2942/2932 3277/3293/3277
f 1388/1391/1388 1088/1361/1088 1358/1360/1358
f 1358/1360/1358 1631/1634/1631 1485/1488/1485
f 1153/1153/1153 1073/1073/1073 1072/1072/1072
f 3916/3974/3916 3918/3976/3918 3915/3973/3915
f 3228/3244/3228 3018/3029/3018 3176/3192/3176
f 3168/3184/3168 3919/3977/3919 3916/3974/3916
f 3398/3415/3398 3919/3977/3919 3920/3978/3920
f 1377/1380/1377 1072/1072/1072 1031/1031/1031
f 310/310/310 479/479/479 1485/1488/1485
f 3334/3351/3334 3358/3375/3358 1204/1204/1204
f 2693/2699/2693 309/309/309 311/311/311
f 3824/3855/3824 3008/3019/3008 1979/1983/1979
f 3535/3554/3535 479/479/479 480/480/480
f 3410/3428/3410 3409/3427/3409 3012/3023/3012
f 3851/3888/3851 1694/1698/1694 1693/1697/1693
f 27/27/27 1167/1167/1167 31/31/31
f 1156/1156/1156 1155/1155/1155 2021/2025/2021
f 2761/2769/2761 3920/3978/3920 1214/1214/1214
f 3574/3593/3574 2802/2810/2802 2801/2809/2801
f 3915/3973/3915 3918/3976/3918 1357/3990/1357
f 479/479/479 3535/3554/3535 1389/1392/1389
f 1833/1837/1833 2761/2769/2761 1214/1214/1214
f 2972/2983/2972 1214/1214/1214 1213/1213/1213
f 1119/1119/1119 835/835/835 1259/1259/1259
f 1962/1966/1962 3390/3407/3390 3149/3164/3149
f 1395/1398/1395 1435/1438/1435 1425/1428/1425
f 2010/2014/2010 2231/2235/2231 3408/3426/3408
f 3919/3977/3919 3918/3976/3918 3916/3974/3916
f 309/309/309 479/479/479 310/310/310
f 3914/3972/3914 1833/1837/1833 2972/2983/2972
f 394/394/394 1465/1468/1465 1813/1817/1813
f 1212/1212/1212 3919/3977/3919 3168/3184/3168
f 1182/1182/1182 1072/1072/1072 1377/1380/1377
f 919/919/919 937/937/937 981/981/981
f 3579/3598/3579 2219/2223/2219 3649/3671/3649
f 1212/1212/1212 1214/1214/1214 3920/3978/3920
f 3019/3030/3019 2823/2831/2823 1366/1369/1366
f 3407/3425/3407 2524/2529/2524 2523/2528/2523
f 1722/1726/1722 2716/2722/2716 1794/1798/1794
f 3829/3860/3829 1196/1196/1196 372/372/372
f 3031/3042/3031 1831/1835/1831 3914/3972/3914
f 2047/2051/2047 1195/1195/1195 3925/3985/3925
f 1782/1786/1782 2458/2463/2458 1737/1741/1737
f 3033/3044/3033 1831/1835/1831 3031/3042/3031
f 1693/1697/1693 1195/1195/1195 1196/1196/1196
f 1766/1770/1766 962/962/962 961/961/961
f 3387/3404/3387 2777/2785/2777 3394/3411/3394
f 3925/3985/3925 3917/3975/3917 1992/1996/1992
f 2697/2703/2697 1071/1071/1071 1070/1070/1070
f 3411/3429/3411 1247/1247/1247 53/53/53
f 1831/1835/1831 1833/1837/1833 3914/3972/3914
f 2522/2527/2522 2524/2529/2524 302/302/302
f 2762/3991/2762 2763/3640/2763 3863/3900/3863
f 141/141/141 1247/1247/1247 1249/1249/1249
f 510/510/510 3245/3261/3245 511/511/511
f 3921/3979/3921 3925/3985/3925 1195/1195/1195
f 3897/3946/3897 1993/1997/1993 3917/3975/3917
f 3096/3107/3096 3062/3073/3062 2109/2113/2109
f 3012/3023/3012 2821/2829/2821 3410/3428/3410
f 1831/1835/1831 1834/1838/1834 1832/1836/1832
f 2023/2027/2023 1028/1028/1028 2126/2130/2126
f 2762/2770/2762 3910/3966/3910 2752/2760/2752
f 1834/1838/1834 1831/1835/1831 3033/3044/3033
f 1834/1838/1834 3033/3044/3033 2763/3640/2763
f 3924/3983/3924 183/183/183 545/3676/545
f 3917/3975/3917 3925/3985/3925 3923/3981/3923
f 183/183/183 1834/1838/1834 181/181/181
f 512/512/512 1137/1137/1137 3392/3409/3392
f 3910/3966/3910 3674/3698/3674 2752/2760/2752
f 3190/3206/3190 1271/1271/1271 2143/2147/2143
f 2976/2987/2976 3699/3723/3699 2975/2986/2975
f 3897/3946/3897 2542/3982/2542 2675/2680/2675
f 1436/1439/1436 1378/1381/1378 1396/1399/1396
f 3897/3946/3897 3917/3975/3917 2542/3982/2542
f 989/989/989 3706/3730/3706 990/990/990
f 865/865/865 864/864/864 1494/1497/1494
f 3674/3698/3674 3079/3090/3079 1276/1276/1276
f 338/338/338 1533/1536/1533 1726/1730/1726
f 2853/2862/2853 115/115/115 3162/3178/3162
f 181/2759/181 2763/2771/2763 2752/2760/2752
f 1249/1249/1249 3410/3428/3410 2823/2831/2823
f 471/471/471 472/472/472 393/393/393
f 3923/3981/3923 2542/3982/2542 3917/3975/3917
f 92/92/92 32/32/32 31/31/31
f 597/597/597 596/596/596 3079/3090/3079
f 1630/3416/1630 1357/3990/1357 3918/3976/3918
f 3518/3536/3518 3044/3055/3044 2675/2680/2675
f 1276/1276/1276 1278/1278/1278 2753/2761/2753
f 1083/1083/1083 1184/1184/1184 1139/1139/1139
f 3684/3708/3684 3593/3612/3593 3724/3748/3724
f 3674/3698/3674 2753/2761/2753 2752/2760/2752
f 2779/2787/2779 2740/2747/2740 2780/2788/2780
f 3740/3764/3740 595/595/595 3349/3366/3349
f 1276/1276/1276 596/596/596 1277/1277/1277
f 3723/3747/3723 3518/3536/3518 3724/3748/3724
f 202/202/202 3684/3708/3684 3148/3163/3148
f 2938/2948/2938 1971/1975/1971 2964/2975/2964
f 1277/1277/1277 532/532/532 1278/1278/1278
f 201/201/201 203/203/203 3926/3992/3926
f 2412/2416/2412 2325/2329/2325 2386/2390/2386
f 146/146/146 296/296/296 214/214/214
f 3593/3612/3593 3684/3708/3684 2385/2389/2385
f 3913/3970/3913 3351/3368/3351 2311/2315/2311
f 3349/3366/3349 3351/3368/3351 3533/3552/3533
f 1496/1499/1496 1536/1539/1536 2164/2168/2164
f 2524/2529/2524 1211/1211/1211 300/300/300
f 2311/2315/2311 3351/3368/3351 3350/3367/3350
f 2711/2717/2711 3926/3992/3926 3913/3970/3913
f 3533/3552/3533 3926/3992/3926 203/203/203
f 3148/3163/3148 3684/3708/3684 3724/3748/3724
f 3926/3992/3926 3533/3552/3533 3351/3368/3351
f 862/862/862 1844/1848/1844 860/860/860
f 3265/3281/3265 3266/3282/3266 2535/2540/2535
f 2353/2357/2353 2277/2281/2277 192/192/192
f 595/595/595 3350/3367/3350 3349/3366/3349
f 2396/2400/2396 3705/3729/3705 3089/3100/3089
f 3556/3575/3556 864/864/864 1929/1933/1929
f 201/201/201 3926/3992/3926 2711/2717/2711
f 3926/3992/3926 3351/3368/3351 3913/3970/3913
f 2406/2410/2406 510/510/510 1651/1654/1651
f 1374/1377/1374 1496/1499/1496 1145/1145/1145
f 661/661/661 506/506/506 452/452/452
f 3245/3261/3245 510/510/510 3430/3448/3430
f 2544/2549/2544 1704/1708/1704 2580/2585/2580
f 3126/3138/3126 3150/3165/3150 3120/3132/3120
f 1867/1871/1867 2146/2150/2146 1874/1878/1874
f 7/7/7 2140/2144/2140 1753/1757/1753
f 2155/2159/2155 1211/1211/1211 3429/3447/3429
f 2839/2848/2839 2844/2853/2844 1587/1590/1587
f 657/657/657 2155/2159/2155 2814/2822/2814
f 2509/2514/2509 2957/2967/2957 2016/2020/2016
f 3162/3178/3162 115/115/115 14/14/14
f 312/312/312 3060/3071/3060 3003/3014/3003
f 760/760/760 819/819/819 885/885/885
f 3090/3101/3090 2477/2482/2477 3060/3071/3060
f 1111/1111/1111 1018/1018/1018 1032/1032/1032
f 31/31/31 95/95/95 92/92/92
f 2809/2817/2809 2549/2554/2549 565/565/565
f 1010/1010/1010 1512/1515/1512 1460/1463/1460
f 3923/3981/3923 1830/1834/1830 2543/2548/2543
f 3151/3166/3151 3386/3403/3386 280/280/280
