$MeshFormat
4.1 0 8
$EndMeshFormat
$Entities
0 0 1 1
1 -0.01806980744 0.0241673365235 -8.782222721490096e-05 0.0303766615689 0.0786925032735 0.0997877568007 0 0 
1 -0.01806980744 0.0241673365235 -8.782222721490096e-05 0.0303766615689 0.0786925032735 0.0997877568007 0 1 1 
$EndEntities
$Nodes
2 3196 1 3196
2 1 0 1637
1
2
3
4
5
6
7
8
9
10
11
12
13
14
15
16
17
18
19
20
21
22
23
24
25
26
27
28
29
30
31
32
33
34
35
36
37
38
39
40
41
42
43
44
45
46
47
48
49
50
51
52
53
54
55
56
57
58
59
60
61
62
63
64
65
66
67
68
69
70
71
72
73
74
75
76
77
78
79
80
81
82
83
84
85
86
87
88
89
90
91
92
93
94
95
96
97
98
99
100
101
102
103
104
105
106
107
108
109
110
111
112
113
114
115
116
117
118
119
120
121
122
123
124
125
126
127
128
129
130
131
132
133
134
135
136
137
138
139
140
141
142
143
144
145
146
147
148
149
150
151
152
153
154
155
156
157
158
159
160
161
162
163
164
165
166
167
168
169
170
171
172
173
174
175
176
177
178
179
180
181
182
183
184
185
186
187
188
189
190
191
192
193
194
195
196
197
198
199
200
201
202
203
204
205
206
207
208
209
210
211
212
213
214
215
216
217
218
219
220
221
222
223
224
225
226
227
228
229
230
231
232
233
234
235
236
237
238
239
240
241
242
243
244
245
246
247
248
249
250
251
252
253
254
255
256
257
258
259
260
261
262
263
264
265
266
267
268
269
270
271
272
273
274
275
276
277
278
279
280
281
282
283
284
285
286
287
288
289
290
291
292
293
294
295
296
297
298
299
300
301
302
303
304
305
306
307
308
309
310
311
312
313
314
315
316
317
318
319
320
321
322
323
324
325
326
327
328
329
330
331
332
333
334
335
336
337
338
339
340
341
342
343
344
345
346
347
348
349
350
351
352
353
354
355
356
357
358
359
360
361
362
363
364
365
366
367
368
369
370
371
372
373
374
375
376
377
378
379
380
381
382
383
384
385
386
387
388
389
390
391
392
393
394
395
396
397
398
399
400
401
402
403
404
405
406
407
408
409
410
411
412
413
414
415
416
417
418
419
420
421
422
423
424
425
426
427
428
429
430
431
432
433
434
435
436
437
438
439
440
441
442
443
444
445
446
447
448
449
450
451
452
453
454
455
456
457
458
459
460
461
462
463
464
465
466
467
468
469
470
471
472
473
474
475
476
477
478
479
480
481
482
483
484
485
486
487
488
489
490
491
492
493
494
495
496
497
498
499
500
501
502
503
504
505
506
507
508
509
510
511
512
513
514
515
516
517
518
519
520
521
522
523
524
525
526
527
528
529
530
531
532
533
534
535
536
537
538
539
540
541
542
543
544
545
546
547
548
549
550
551
552
553
554
555
556
557
558
559
560
561
562
563
564
565
566
567
568
569
570
571
572
573
574
575
576
577
578
579
580
581
582
583
584
585
586
587
588
589
590
591
592
593
594
595
596
597
598
599
600
601
602
603
604
605
606
607
608
609
610
611
612
613
614
615
616
617
618
619
620
621
622
623
624
625
626
627
628
629
630
631
632
633
634
635
636
637
638
639
640
641
642
643
644
645
646
647
648
649
650
651
652
653
654
655
656
657
658
659
660
661
662
663
664
665
666
667
668
669
670
671
672
673
674
675
676
677
678
679
680
681
682
683
684
685
686
687
688
689
690
691
692
693
694
695
696
697
698
699
700
701
702
703
704
705
706
707
708
709
710
711
712
713
714
715
716
717
718
719
720
721
722
723
724
725
726
727
728
729
730
731
732
733
734
735
736
737
738
739
740
741
742
743
744
745
746
747
748
749
750
751
752
753
754
755
756
757
758
759
760
761
762
763
764
765
766
767
768
769
770
771
772
773
774
775
776
777
778
779
780
781
782
783
784
785
786
787
788
789
790
791
792
793
794
795
796
797
798
799
800
801
802
803
804
805
806
807
808
809
810
811
812
813
814
815
816
817
818
819
820
821
822
823
824
825
826
827
828
829
830
831
832
833
834
835
836
837
838
839
840
841
842
843
844
845
846
847
848
849
850
851
852
853
854
855
856
857
858
859
860
861
862
863
864
865
866
867
868
869
870
871
872
873
874
875
876
877
878
879
880
881
882
883
884
885
886
887
888
889
890
891
892
893
894
895
896
897
898
899
900
901
902
903
904
905
906
907
908
909
910
911
912
913
914
915
916
917
918
919
920
921
922
923
924
925
926
927
928
929
930
931
932
933
934
935
936
937
938
939
940
941
942
943
944
945
946
947
948
949
950
951
952
953
954
955
956
957
958
959
960
961
962
963
964
965
966
967
968
969
970
971
972
973
974
975
976
977
978
979
980
981
982
983
984
985
986
987
988
989
990
991
992
993
994
995
996
997
998
999
1000
1001
1002
1003
1004
1005
1006
1007
1008
1009
1010
1011
1012
1013
1014
1015
1016
1017
1018
1019
1020
1021
1022
1023
1024
1025
1026
1027
1028
1029
1030
1031
1032
1033
1034
1035
1036
1037
1038
1039
1040
1041
1042
1043
1044
1045
1046
1047
1048
1049
1050
1051
1052
1053
1054
1055
1056
1057
1058
1059
1060
1061
1062
1063
1064
1065
1066
1067
1068
1069
1070
1071
1072
1073
1074
1075
1076
1077
1078
1079
1080
1081
1082
1083
1084
1085
1086
1087
1088
1089
1090
1091
1092
1093
1094
1095
1096
1097
1098
1099
1100
1101
1102
1103
1104
1105
1106
1107
1108
1109
1110
1111
1112
1113
1114
1115
1116
1117
1118
1119
1120
1121
1122
1123
1124
1125
1126
1127
1128
1129
1130
1131
1132
1133
1134
1135
1136
1137
1138
1139
1140
1141
1142
1143
1144
1145
1146
1147
1148
1149
1150
1151
1152
1153
1154
1155
1156
1157
1158
1159
1160
1161
1162
1163
1164
1165
1166
1167
1168
1169
1170
1171
1172
1173
1174
1175
1176
1177
1178
1179
1180
1181
1182
1183
1184
1185
1186
1187
1188
1189
1190
1191
1192
1193
1194
1195
1196
1197
1198
1199
1200
1201
1202
1203
1204
1205
1206
1207
1208
1209
1210
1211
1212
1213
1214
1215
1216
1217
1218
1219
1220
1221
1222
1223
1224
1225
1226
1227
1228
1229
1230
1231
1232
1233
1234
1235
1236
1237
1238
1239
1240
1241
1242
1243
1244
1245
1246
1247
1248
1249
1250
1251
1252
1253
1254
1255
1256
1257
1258
1259
1260
1261
1262
1263
1264
1265
1266
1267
1268
1269
1270
1271
1272
1273
1274
1275
1276
1277
1278
1279
1280
1281
1282
1283
1284
1285
1286
1287
1288
1289
1290
1291
1292
1293
1294
1295
1296
1297
1298
1299
1300
1301
1302
1303
1304
1305
1306
1307
1308
1309
1310
1311
1312
1313
1314
1315
1316
1317
1318
1319
1320
1321
1322
1323
1324
1325
1326
1327
1328
1329
1330
1331
1332
1333
1334
1335
1336
1337
1338
1339
1340
1341
1342
1343
1344
1345
1346
1347
1348
1349
1350
1351
1352
1353
1354
1355
1356
1357
1358
1359
1360
1361
1362
1363
1364
1365
1366
1367
1368
1369
1370
1371
1372
1373
1374
1375
1376
1377
1378
1379
1380
1381
1382
1383
1384
1385
1386
1387
1388
1389
1390
1391
1392
1393
1394
1395
1396
1397
1398
1399
1400
1401
1402
1403
1404
1405
1406
1407
1408
1409
1410
1411
1412
1413
1414
1415
1416
1417
1418
1419
1420
1421
1422
1423
1424
1425
1426
1427
1428
1429
1430
1431
1432
1433
1434
1435
1436
1437
1438
1439
1440
1441
1442
1443
1444
1445
1446
1447
1448
1449
1450
1451
1452
1453
1454
1455
1456
1457
1458
1459
1460
1461
1462
1463
1464
1465
1466
1467
1468
1469
1470
1471
1472
1473
1474
1475
1476
1477
1478
1479
1480
1481
1482
1483
1484
1485
1486
1487
1488
1489
1490
1491
1492
1493
1494
1495
1496
1497
1498
1499
1500
1501
1502
1503
1504
1505
1506
1507
1508
1509
1510
1511
1512
1513
1514
1515
1516
1517
1518
1519
1520
1521
1522
1523
1524
1525
1526
1527
1528
1529
1530
1531
1532
1533
1534
1535
1536
1537
1538
1539
1540
1541
1542
1543
1544
1545
1546
1547
1548
1549
1550
1551
1552
1553
1554
1555
1556
1557
1558
1559
1560
1561
1562
1563
1564
1565
1566
1567
1568
1569
1570
1571
1572
1573
1574
1575
1576
1577
1578
1579
1580
1581
1582
1583
1584
1585
1586
1587
1588
1589
1590
1591
1592
1593
1594
1595
1596
1597
1598
1599
1600
1601
1602
1603
1604
1605
1606
1607
1608
1609
1610
1611
1612
1613
1614
1615
1616
1617
1618
1619
1620
1621
1622
1623
1624
1625
1626
1627
1628
1629
1630
1631
1632
1633
1634
1635
1636
1637
0.0129089206457 0.0619545355439 0.023815697059
0.015030243434 0.0602594204247 0.0235246103257
0.0127970380709 0.0597406886518 0.0218639783561
0.027295185253 0.0441209413111 0.0830378681421
0.0283160470426 0.0440965741873 0.08591291308399999
0.0267287604511 0.0419241040945 0.0844912827015
0.0122546534985 0.07803986966610001 0.0716931670904
0.0125137688592 0.07777855545280001 0.0689643844962
0.0101451426744 0.0783933326602 0.0693495050073
-0.00712944474071 0.0712062269449 0.0620035156608
-0.00891390815377 0.0702170804143 0.06422882527110001
-0.00749010499567 0.0721572041512 0.06518757343290001
0.0292692538351 0.0523382201791 0.0914664119482
0.0276699829847 0.0527615919709 0.0934565812349
0.028698252514 0.0502745471895 0.0928204357624
-0.00495094945654 0.07551807910199999 0.0775522738695
-0.00599516462535 0.0747577399015 0.0751126110554
-0.00762269133702 0.0736939832568 0.07672999799249999
-0.00651665078476 0.0742876380682 0.07079205662010001
-0.0077436636202 0.07337114214899999 0.0735167935491
-0.00522026792169 0.0751804113388 0.0729901045561
0.00779155269265 0.0334830991924 0.00157246738672
0.009824647568169999 0.0320970714092 0.00237249117345
0.00699145300314 0.0314877107739 0.00288593140431
0.018306190148 0.0664230957627 0.0487673543394
0.0193489417434 0.0662752389908 0.0505746304989
0.020131630823 0.064501285553 0.0491570681334
-0.00778904976323 0.034721519798 0.08395602554080001
-0.009936442598699999 0.0347331613302 0.0858344584703
-0.00994926318526 0.0365805774927 0.0837188437581
0.0182516891509 0.0399277806282 0.06447067856789999
0.0202129259706 0.0418114699423 0.0630334168673
0.0205178502947 0.0413133352995 0.06581048667430001
0.0165133718401 0.0760865584016 0.0679490566254
0.0155622819439 0.0759230479598 0.0654720589519
0.0139524135739 0.0770427808166 0.0672698616982
0.0204340144992 0.0446226969361 0.0545602329075
0.021470926702 0.0452451556921 0.0563631877303
0.0194995775819 0.0432444252074 0.0558081753552
0.0294708739966 0.0471110865474 0.0862033590674
0.0294270552695 0.0453010834754 0.0881472080946
0.0188291333616 0.0395420230925 0.0673369839787
0.008622939698400001 0.0391919463873 0.0521896369755
0.00929705426097 0.0386106558144 0.0549543201923
0.00653063738719 0.0387227796018 0.0540606528521
0.000157791466336 0.0343362390995 0.0755725577474
0.00276125152595 0.0343372635543 0.0738124102354
0.00270519685 0.0334055460989 0.07707762718199999
0.0226599611342 0.0717003494501 0.06988816708330001
0.0208074599504 0.0734917521477 0.07036311924459999
0.022189354524 0.0723825246096 0.07239366322760001
-0.0011160292197 0.0714671015739 0.0898490399122
-0.00161213881802 0.0738788917661 0.08734844625
-0.00385195482522 0.072185434401 0.08825617283580001
0.0191290620714 0.0646363049746 0.046787623316
0.0274735223502 0.053994435817 0.06574270874260001
0.0268903095275 0.0553354211152 0.06256391108040001
0.0273656509817 0.0573526583612 0.06451032310719999
0.0184927582741 0.057875610888 0.0257870182395
0.0166712589562 0.0581239275634 0.0234356541187
0.0170569904149 0.0602097399533 0.0255360864103
0.0227993316948 0.0380553379655 0.08287833631039999
0.0243586841971 0.0381089188159 0.0852881297469
0.0222866758704 0.0362610630691 0.08490156382319999
-0.00574123347178 0.07114867120979999 0.0589715316892
-0.00466520618647 0.0708926767111 0.0569527596235
-0.00618213694543 0.0697254985571 0.0572688318789
-0.0005334877641870001 0.0301332175732 0.0107719190419
-0.000138735718792 0.0293943881989 0.00789046566933
0.000814605329651 0.0275913402438 0.009716916829349999
-0.009044027887280001 0.0325236395001 0.0950543656945
-0.008326446637509999 0.0303674526513 0.0927000567317
-0.0062914127484 0.0304592270404 0.0954899638891
0.0286167152226 0.0480077713728 0.08157549798490001
0.0284783020616 0.0464073270559 0.08375526219609999
0.0278568994254 0.0459037721157 0.08173503726719999
0.0208935551345 0.0389374420047 0.07467081397770001
0.01894797571 0.0375609919429 0.07460588961840001
0.020119426772 0.0389731712639 0.0726052746177
-0.0152975935489 0.0602661073208 0.07297114282849999
-0.0158446449786 0.0582057833672 0.0744923129678
-0.0156482998282 0.0603889264166 0.07524279505009999
0.0196407977492 0.0313638038933 0.0124569041654
0.0180105175823 0.0300250276923 0.0140620963648
0.0189332924783 0.0294581018388 0.0121599007398
0.0184838287532 0.0330694913864 0.01465628203
0.0202614981681 0.0343804731965 0.0126248020679
-0.000315940647852 0.0316215865314 0.00649395165965
0.00114093010779 0.0296314246953 0.00619244389236
0.000204302283237 0.033751450479 0.00494129396975
-0.00171059300192 0.0341972261667 0.00693672383204
-0.0140184145421 0.0455713756382 0.0947073027492
-0.01359581016 0.0490313097835 0.0948680713773
-0.0154653675854 0.0477557219565 0.0930919721723
0.00166178075597 0.0390822552145 0.0566629320383
-0.0010055154562 0.0396318733692 0.0585190020502
-0.000494765874464 0.0402709506452 0.0550585798919
0.024451257661 0.0687737166882 0.0856007412076
0.0243862271309 0.0675175487995 0.08787881582980001
0.0260529667139 0.06661894917489999 0.085979744792
0.0148205626756 0.0584470406175 0.0218144804239
0.0158967804164 0.0450938232243 0.0250052846968
0.0135380160064 0.0432566218078 0.0248430520296
0.0149441221729 0.0435185842216 0.0230323318392
0.00849854201078 0.0688859820366 0.0398088097572
0.00827280990779 0.06855589896439999 0.0374295301735
0.00619046390057 0.06879687309269999 0.0393750183284
0.0190169755369 0.0364452712238 0.0148141887039
0.0178441051394 0.0530783608556 0.0214540883899
0.0175055190921 0.0505072847009 0.0196085292846
0.0161768589169 0.0531460866332 0.0189379360527
-0.00445169117302 0.0323811843991 0.09768953174349999
-0.00466584507376 0.0355756320059 0.09849350899459999
-0.00709660258144 0.0337056480348 0.0971273109317
-0.0126849887893 0.0653414726257 0.0667149871588
-0.0117036672309 0.06649130582810001 0.0652346014977
-0.01241368521 0.0645101591945 0.0645244792104
0.000746908597648 0.0264927148819 0.0952420979738
0.00356906536035 0.0258022900671 0.0946169048548
0.00277201505378 0.0271471496671 0.09686277061699999
0.00662237964571 0.0253471862525 0.0943192690611
0.00441162614152 0.0251456331462 0.0918335989118
-0.00256223860197 0.0527839623392 0.098699092865
-0.00548472860828 0.05226502195 0.0981622636318
-0.0036240152549 0.0501777343452 0.09885410219430001
0.0281660761684 0.052210226655 0.07114125043150001
0.0286503005773 0.054965402931 0.07162299752240001
0.0287212040275 0.0530871525407 0.0737640485168
-0.000187669909792 0.0528700500727 0.0989876240492
-0.0009857586119320001 0.0509020611644 0.0990574061871
0.0101841790602 0.0393983349204 0.0199951771647
0.0104650082067 0.0410146377981 0.0226918105036
0.00744090089574 0.0401492789388 0.0215081553906
0.022912627086 0.0695020779967 0.0872986987233
0.0241835340858 0.06999285519120001 0.0832503959537
0.0259169861674 0.0676773115993 0.0836479887366
0.0276900213212 0.0625553652644 0.0883107632399
0.0274121519178 0.0642497241497 0.0860376134515
0.0260611437261 0.0651593804359 0.08827760070560001
0.0281420759857 0.06352771073580001 0.0836698487401
0.0270584914833 0.06561293452979999 0.0842048898339
0.0160059556365 0.0560165792704 0.0209114681929
0.0181706156582 0.0555558539927 0.0235810466111
0.00570912333205 0.0393903777003 0.0195934232324
0.00770688941702 0.0386039838195 0.0189591590315
0.0219480544329 0.0632217153907 0.0928746312857
0.0238434765488 0.0623058900237 0.0922435894608
0.0234414823353 0.06407060474160001 0.0914458781481
-0.0117539912462 0.0471919849515 0.09641558676960001
-0.0150537677109 0.0427876263857 0.0932693481445
-0.0159835796803 0.045143764466 0.092294536531
-0.0157730001956 0.0400969013572 0.0888291373849
-0.0164238866419 0.0426813624799 0.09074212610720001
-0.0169474091381 0.0432067587972 0.0881053283811
-0.00915719009936 0.0722140595317 0.0819885283709
-0.00855559017509 0.0717310607433 0.0850471258163
-0.00631148600951 0.0739487633109 0.0834505036473
0.0125865796581 0.0442886129022 0.0311259943992
0.0118591785431 0.0436449684203 0.028745515272
0.0139190629125 0.044564910233 0.029258005321
0.00281338160858 0.0441875271499 0.0274673420936
0.0045244214125 0.043048735708 0.0262003056705
0.00498384702951 0.0435087457299 0.0285996459424
-0.00380092463456 0.0361586846411 0.0748066455126
-0.00246029370464 0.0349101051688 0.0769224241376
-0.00489566475153 0.0361289717257 0.0766667723656
-0.0150368399918 0.0532023832202 0.0709462761879
-0.0156698487699 0.0557780601084 0.0730862244964
-0.0151826655492 0.056567478925 0.0702195167542
0.000998743926175 0.0456785224378 0.0289878342301
-0.000704259902705 0.0471630617976 0.0275400150567
0.000948273576796 0.0453942269087 0.0260093584657
-0.00419539865106 0.057848777622 0.0368937589228
-0.00407844316214 0.0567790158093 0.0350483395159
-0.00419952673838 0.0548831708729 0.0370009429753
-0.00290308846161 0.0714539960027 0.0556573756039
-0.00347857782617 0.07236324250700001 0.0580045953393
0.019573180005 0.0548783354461 0.0266502611339
0.0200694259256 0.0549872070551 0.0300510004163
0.0197374299169 0.0523385852575 0.0285753123462
0.0272496007383 0.049396853894 0.070683658123
0.0280493702739 0.0502459779382 0.07345660775899999
0.0269467886537 0.047537073493 0.07301543653009999
0.010772540234 0.0506105422974 0.0995558351278
0.00776445679367 0.049113098532 0.099486745894
0.0109276901931 0.0476158447564 0.0996250659227
0.00465195300058 0.039802160114 0.00100301566999
0.00512545462698 0.0374838784337 0.000683296704665
0.00259708194062 0.0384050868452 0.0024330697488
0.0119779352099 0.030928760767 0.00354486936703
0.0124402455986 0.0331725887954 0.0023179713171
0.0143583258614 0.0323196537793 0.00375770381652
-0.0139219528064 0.0553895942867 0.06528761982920001
-0.0136202722788 0.0526850819588 0.0657181814313
-0.0145739214495 0.0545351468027 0.0679288730025
0.0061974292621 0.0352549254894 0.000966840656474
0.00509004993364 0.0333038792014 0.00232753669843
0.00362880318426 0.0355611145496 0.00211230874993
0.0138294314966 0.0435672402382 0.00436724862084
0.0152750425041 0.041386730969 0.00377480732277
0.0130985639989 0.0420236997306 0.00236123776995
0.00505499728024 0.0759426131845 0.0591547191143
0.00310863018967 0.07486375421289999 0.0571842119098
0.0016571424203 0.0753790065646 0.0593168511987
0.00203447462991 0.0396069101989 0.0534237138927
0.00442052539438 0.0391419902444 0.0530839413404
0.00414619268849 0.0386748425663 0.0554394833744
-0.00618324661627 0.0672079846263 0.0537867993116
-0.00425128266215 0.06842966377739999 0.0526731163263
-0.00516600999981 0.0666656270623 0.0514181442559
0.0162453893572 0.0341199822724 0.00418337853625
0.0164655800909 0.0317183658481 0.00533181475475
0.0141688222066 0.0299989432096 0.00502775842324
0.0114873731509 0.0285460669547 0.00496372673661
0.0177533272654 0.0453152470291 0.0154822189361
0.0171114560217 0.0445485822856 0.0187315288931
0.0177202522755 0.0421879217029 0.0162708517164
0.00229872530326 0.0431425869465 0.00483740447089
0.00502187013626 0.0437168627977 0.00356145505793
0.00343527062796 0.0413667522371 0.00268643745221
0.00122983811889 0.0359026305377 0.00361674907617
0.000470258906716 0.0381516255438 0.00421631429344
0.0243756398559 0.0441811420023 0.07021043449640001
0.0241129081696 0.0428421385586 0.0729234367609
0.0226472485811 0.0419653281569 0.0705392211676
0.009462758898740001 0.07656683772800001 0.08578005433080001
0.0126132098958 0.07602915912869999 0.0857080519199
0.0113045480102 0.07740636169909999 0.0831120684743
0.0201222132891 0.0425492227077 0.0603216327727
0.0178839452565 0.0405171997845 0.0615019872785
0.00388579978608 0.0451869368553 0.00593147519976
-0.00290413480252 0.029645672068 0.0970291346312
-0.00234956573695 0.0318201296031 0.0982657894492
0.0141812013462 0.0273222662508 0.00668796198443
0.0108091700822 0.0261554569006 0.00663840165362
0.0265712328255 0.0505246296525 0.0655265972018
0.0273997019976 0.0514733120799 0.06835020333529999
0.0144446287304 0.0432339161634 0.0463023036718
0.0125342914835 0.0431211069226 0.0444159731269
0.0151979895309 0.0446294508874 0.0441481620073
0.00105669850018 0.0405797660351 0.0042010564357
-0.000201073649805 0.0422090515494 0.00636378582567
-0.0172664169222 0.0553065761924 0.0824438035488
-0.0171694811434 0.0521402209997 0.08233126997949999
-0.0177994929254 0.0534522980452 0.0849244222045
0.0127633148804 0.0467111058533 0.00784507300705
0.0105941295624 0.0466313660145 0.00693504186347
0.0102233160287 0.0483538508415 0.00920917186886
0.0067148716189 0.0455381907523 0.00519612338394
0.00298936455511 0.0464184358716 0.00793115049601
0.00131975580007 0.044671613723 0.0072181574069
-0.00103115371894 0.0393624454737 0.00576064828783
0.0227342136204 0.0431073084474 0.067377127707
0.0218757782131 0.0430502332747 0.0645415708423
0.0236217863858 0.0450188666582 0.06482184678319999
0.025432433933 0.0572953112423 0.0569350644946
0.0243407245725 0.058115079999 0.0539346188307
0.0248150546104 0.0603344812989 0.0562625005841
0.0193003397435 0.0392321534455 0.0701017901301
0.0210829265416 0.0403638891876 0.0710281729698
0.0084443250671 0.0276698768139 0.00523625221103
0.00539460312575 0.027287825942 0.00593958189711
0.00620793132111 0.029374813661 0.00431154062971
0.00489401165396 0.0254880227149 0.007834822870790001
0.00773863261566 0.025636587292 0.00707243615761
0.0162778459489 0.0294932536781 0.00633774232119
0.0267544202507 0.0443771518767 0.08015141636130001
0.0147178564221 0.0771799460053 0.0697343796492
0.0154019631445 0.046335298568 0.00884039886296
0.014601804316 0.0449306219816 0.00652171019465
0.0191202312708 0.0412890128791 0.00820866040885
0.017173551023 0.0439170636237 0.00770356785506
0.0186960306019 0.0435814782977 0.0104630850255
0.008209207095209999 0.0470008179545 0.00715108867735
0.00536077702418 0.0469144508243 0.00743998819962
0.00674467952922 0.0485685169697 0.00929794367403
0.00381552358158 0.0480105951428 0.009650515392419999
-0.00228371028788 0.0373353138566 0.00774176418781
-0.000810350349639 0.0364313945174 0.0053716157563
-0.00379523332231 0.0570800937712 0.0326816178858
-0.00362870795652 0.0590923987329 0.0344903320074
0.0127730974928 0.0247862413526 0.00875798054039
0.0199287291616 0.0361347794533 0.00705571938306
0.0208300426602 0.0353465564549 0.009822247549890001
0.0200025383383 0.033650752157 0.00780020235106
0.0229878462851 0.0494394041598 0.0531026422977
0.0214515067637 0.0463843047619 0.053308326751
0.0218194201589 0.0486789606512 0.0508170798421
0.00396686419845 0.0495415441692 0.0993488579988
0.00218365294859 0.0464439541101 0.099350720644
0.00547670107335 0.046283852309 0.09946624934669999
0.00511015579104 0.02988788113 0.084796063602
0.008449728600680001 0.0297914780676 0.0851384699345
0.00692322850227 0.0280431266874 0.0871190279722
-0.00145767314825 0.07417446374889999 0.059325620532
-0.00147502461914 0.07295035570860001 0.0567988865077
-0.000974713475443 0.0433475412428 0.00944396853447
0.00221327831969 0.0273857209831 0.00731651531532
0.00276355072856 0.0259835068136 0.009575087577099999
0.0188179221004 0.0309987869114 0.00734423520043
0.0202748533338 0.0324841067195 0.0100387260318
0.0172911398113 0.0455381609499 0.0101415021345
0.0134682245553 0.0482167676091 0.0103072086349
0.000951699912548 0.0463397316635 0.0101922387257
0.0127047393471 0.0336110070348 0.0786647573113
0.0142818884924 0.0333157256246 0.08116184175009999
0.01123975683 0.0324595570564 0.0809816941619
0.0172706004232 0.0280703119934 0.00813207961619
-0.00312334462069 0.051611289382 0.0322190783918
-0.00345844426192 0.0523384399712 0.0351701006293
-0.00382157042623 0.0542136058211 0.0325364470482
-0.0008595561957920001 0.0772579163313 0.06888972967860001
-0.000880874635186 0.0772861540318 0.0718031749129
0.00142929411959 0.0780540928245 0.0706019848585
0.0114460606128 0.0241673365235 0.0109594538808
0.013478288427 0.0248739682138 0.0117148691788
0.0196752231568 0.0522051267326 0.0313618369401
0.0205327793956 0.0376500971615 0.0120536647737
0.0204678382725 0.0384518355131 0.00914544984698
0.0155419055372 0.0258629284799 0.00945514533669
0.0155912553892 0.0262171477079 0.0127300433815
0.0177689846605 0.0276583246887 0.0115301562473
0.0190238207579 0.07468345016239999 0.0686617717147
0.0190851017833 0.07484918832780001 0.0710022225976
0.0275722984225 0.0416853688657 0.0867357030511
0.0275693461299 0.0400817207992 0.0884852036834
0.0261823777109 0.0399831831455 0.0859777182341
-0.00240971310996 0.0350073836744 0.009824643842879999
-0.00164503755514 0.0320079289377 0.009020669385789999
-0.00145740818698 0.0329238325357 0.0118187256157
-0.00171541364398 0.0412063077092 0.0123112667352
-0.00101383950096 0.0443736463785 0.0125578818843
-0.00190233811736 0.0404447615147 0.00858301203698
0.00583967613056 0.0326867476106 0.0785926431417
0.00816926453263 0.0319593138993 0.0810629427433
0.0052335257642 0.0316301994026 0.0818800479174
0.0111735882238 0.0250196680427 0.0131329782307
0.009121171198789999 0.0243728011847 0.0116842817515
0.0192826353014 0.0296414140612 0.0100511284545
-0.00457910168916 0.0657342597842 0.0490912944078
-0.00610062107444 0.0647161304951 0.0506422296166
0.0063567510806 0.0249749571085 0.0122419381514
0.0056722923182 0.0269964616746 0.0137709816918
0.0037834898103 0.0255889967084 0.0118038933724
0.0161904525012 0.0474328510463 0.0114494077861
0.0133438631892 0.0490656755865 0.0996534451842
0.013301378116 0.0518481172621 0.0994923710823
0.00224137934856 0.0487104393542 0.0124939456582
9.566118387740001e-05 0.0467174053192 0.0135724432766
-0.0022685455624 0.0381401367486 0.010887705721
0.00507618812844 0.0496698655188 0.0115609159693
-0.00156633730512 0.0358053483069 0.0127895465121
0.0199318081141 0.0408249720931 0.0112517569214
0.0193000752479 0.0398882813752 0.0143431033939
0.006855847314 0.0380886793137 0.0571890734136
0.0100780073553 0.0382431484759 0.0577084571123
0.02845662646 0.0489148907363 0.07885149866339999
0.0292648077011 0.0509042665362 0.08114279061559999
0.01663739793 0.0449652373791 0.0218959171325
0.0193831026554 0.0520424991846 0.0263131558895
0.0189955439419 0.0527282133698 0.0241141729057
5.15357896802e-05 0.0364212878048 0.0152494767681
0.00233232113533 0.0374344401062 0.0170331206173
5.57260864298e-05 0.0385265052319 0.0158959552646
0.00347101734951 0.0393845178187 0.0187247823924
0.00110028055497 0.0398722179234 0.0173708535731
0.007890519686039999 0.0271117761731 0.0970928221941
0.009638268500570001 0.0257811676711 0.0946111232042
0.0128164608032 0.0514339730144 0.0146207772195
0.0153956366703 0.0501831546426 0.0155191682279
0.0143942963332 0.0493454895914 0.0129816457629
0.0171381179243 0.0481822155416 0.0172816924751
0.00114241125993 0.0620279610157 0.09685021638870001
-0.00154512305744 0.0604115836322 0.0970228537917
0.00119578803424 0.0592017024755 0.097841732204
-0.00176724826451 0.0356981903315 0.09904057532549999
-0.00309187360108 0.0383500494063 0.0990736708045
0.0104142045602 0.0309405662119 0.0155861917883
0.0132819255814 0.0295710116625 0.0154823195189
0.0130353868008 0.0328225977719 0.0163926817477
0.00202810927294 0.0260807219893 0.0897001028061
-0.000781651644502 0.0262154005468 0.0910386219621
-0.000618613325059 0.0268871299922 0.0890605896711
0.000853202247526 0.0437149740756 0.020221548155
0.0001381287002 0.0425139926374 0.0174744296819
0.00212939106859 0.0413937531412 0.0193967521191
-0.00940774194896 0.0554870925844 0.0518235713243
-0.00827954243869 0.0564477555454 0.0493338443339
-0.008129512891170001 0.054180316627 0.0490727908909
0.0128343394026 0.0319526717067 0.08342248201370001
0.0162532683462 0.0509948283434 0.0175702013075
0.0178170353174 0.0475088097155 0.0205594599247
-0.000503698713146 0.0483979694545 0.0185082834214
0.000814472092316 0.0485467351973 0.0154868392274
-0.000111089429993 0.0463502667844 0.0162870362401
0.0100101241842 0.0373971946537 0.0179209336638
0.0124893179163 0.0386023968458 0.0184541288763
0.0110443020239 0.0562965981662 0.0181419011205
0.0132253998891 0.0575398541987 0.0200427714735
0.0138965835795 0.0550481788814 0.0183595791459
0.000172565050889 0.0350866913795 0.0731621012092
-0.015592943877 0.0478947050869 0.07971438020469999
-0.0157223045826 0.0497151054442 0.0778479650617
-0.0147911934182 0.0475472211838 0.07675033807749999
-0.0149155072868 0.0526764020324 0.09272281825540001
-0.0157532673329 0.0539173930883 0.0913840010762
-0.0163125563413 0.0516376532614 0.09141294658180001
0.009008665569130001 0.06983779370779999 0.0448330752552
0.00573852052912 0.0697572156787 0.0445640273392
0.00690045207739 0.0705363750458 0.0472512543201
-0.00165692064911 0.0578766167164 0.0248779114336
-0.0003245586704 0.0573968216777 0.0226995516568
-0.00194903579541 0.0552004873753 0.0236262455583
-0.000505254254676 0.046324569732 0.0210238993168
-0.000107573454443 0.0452510565519 0.0183911807835
0.00114657147788 0.0541732273996 0.0189251154661
0.00341775477864 0.0561867803335 0.0188242103904
0.00340991676785 0.0537415221334 0.0169395040721
0.0180570855737 0.0723814293742 0.0588234812021
0.0156120909378 0.0738430693746 0.0587906241417
0.0164673067629 0.07414598017930001 0.061062362045
-0.0049131824635 0.0277763567865 0.0913624763489
-0.00631451467052 0.0289401188493 0.0928769931197
-0.00702659133822 0.0291472617537 0.09016785025600001
-0.000577953353059 0.0546776689589 0.021293900907
0.00145345670171 0.0567819997668 0.0207189675421
0.01850678958 0.0501509457827 0.0223270449787
0.010424441658 0.0611770525575 0.0222429800779
0.0103099336848 0.0588201992214 0.020091990009
0.00429449044168 0.0610624402761 0.0225447583944
0.00747706461698 0.0621963739395 0.0229255650192
0.00625450862572 0.0598072968423 0.0210156645626
-0.0131385633722 0.0556227527559 0.0624057948589
-0.0125335874036 0.056701362133 0.0601991973817
-0.0121943447739 0.0543593354523 0.0597056783736
0.00268353614956 0.0425188019872 0.0220099277794
0.00376390037127 0.0585631616414 0.0206803809851
0.00179945142008 0.0593982972205 0.0224044434726
-0.00406414410099 0.0470111891627 0.0990061014891
-0.00182690308429 0.0487382933497 0.099129922688
0.0116729792207 0.0404906868935 0.000630824943073
0.0109211225063 0.0426335930824 0.00155371159781
-0.000703736674041 0.051769617945 0.0198738947511
-0.00186565704644 0.0523524284363 0.0226361863315
0.000868694391102 0.0446624606848 0.0230607502162
0.0104420734569 0.0635204687715 0.0243574287742
-0.0117675932124 0.0562601611018 0.0579029880464
-0.0120774898678 0.0587360374629 0.0590826794505
0.00442643417045 0.0406761541963 0.0208513848484
0.00526541378349 0.0419100821018 0.0236897170544
0.0131737198681 0.0421201512218 0.0227119568735
0.0117319254205 0.0421553812921 0.0244577918202
0.0187801327556 0.049963273108 0.0249593555927
0.0189663488418 0.0499264672399 0.0273682251573
0.0152613101527 0.0623132511973 0.0256397444755
0.00210477598011 0.0619755126536 0.0242558866739
0.0047295843251 0.06366419047120001 0.0245930738747
0.0178379174322 0.0468493513763 0.044336322695
0.0159206800163 0.0461202897131 0.0414808392525
-0.00570091931149 0.0458383858204 0.0509912371635
-0.00504060741514 0.0469234324992 0.0483944267035
-0.00362668209709 0.0446317307651 0.0492410250008
0.00279121962376 0.0435104928911 0.0247341245413
0.009652823209760001 0.0421843267977 0.0252848677337
0.00798282399774 0.0413920544088 0.023970823735
-0.000389811204514 0.0306315813214 0.09834899753329999
0.0130093051121 0.0640849471092 0.0260357782245
0.0144447265193 0.0647752359509 0.09510819613929999
0.0168739277869 0.0660644844174 0.0933635309339
0.0138376336545 0.06766621768470001 0.0931297838688
0.00771959032863 0.0648745894432 0.0255695302039
0.00516524491832 0.0657326951623 0.0273482073098
0.00801940541714 0.0665385946631 0.0284347906709
0.0173856914043 0.0633753240108 0.0950705260038
0.0195801090449 0.06462377309800001 0.0932431071997
0.00987043045461 0.0242545567453 0.008849443867800001
0.0195002779365 0.0578334778547 0.0287510287017
0.0151310544461 0.06399202346799999 0.0280164293945
-0.00339787243865 0.0581703111529 0.0298981461674
-0.00202595046721 0.0610962510109 0.0287252422422
-0.00265274150297 0.0582830533385 0.0272467285395
0.00242013647221 0.064239166677 0.0266119558364
0.008333053439860001 0.076424472034 0.0604177340865
0.0110164284706 0.075505591929 0.0588476248085
0.008135742507869999 0.07531270384789999 0.0573891066015
-0.00285493722185 0.0528769232333 0.0251368582249
0.00708705512807 0.0710536018014 0.09132037311790001
0.0055063618347 0.0692467018962 0.092686727643
0.00820614770055 0.0688685998321 0.0929972231388
-0.0069241351448 0.0405706502497 0.06797930598260001
-0.00460681412369 0.0390511527658 0.0674037486315
-0.00550578255206 0.038863081485 0.06997632235289999
0.0218031406403 0.06823102384809999 0.08953402191400001
0.0240146499127 0.0658109411597 0.0899939015508
-0.00294274813496 0.0556849502027 0.0259884446859
0.0200247168541 0.0570249818265 0.0356157124043
0.0198128819466 0.0537455715239 0.0358590520918
0.0199898816645 0.0546636879444 0.0330835953355
0.0183537490666 0.0598461665213 0.0276787988842
0.00557849928737 0.06705012917519999 0.0302599854767
0.00287433410995 0.065911270678 0.029370713979
-0.00214228359982 0.0501652471721 0.0245312582701
-0.000812637503259 0.0473123043776 0.0243501923978
-0.00188328535296 0.048796005547 0.0264628082514
0.0210514962673 0.0617757365108 0.0474906861782
0.0220314543694 0.0609475336969 0.0495893023908
0.0224173590541 0.0592658221722 0.0491597130895
0.0171088259667 0.0619952119887 0.0278979465365
0.0129839424044 0.06561951339240001 0.0285379979759
0.0160143766552 0.0459492430091 0.02822387591
0.0150879472494 0.0456212349236 0.0310106538236
0.0176965314895 0.0476112551987 0.0262458324432
0.00977278221399 0.0343488790095 0.0164621882141
0.012671305798 0.0359231382608 0.0172772947699
0.00810832809657 0.0500637106597 0.0116391908377
0.009257700294260001 0.0520791038871 0.0143015375361
0.0113943535835 0.0499540194869 0.0121768703684
-3.21146035276e-05 0.059977017343 0.0242820046842
-0.00141064438503 0.060088634491 0.026158163324
-0.00348878325894 0.0558935962617 0.0285313632339
-0.0119258752093 0.0684775933623 0.0713416934013
-0.0126648647711 0.0666549950838 0.06890854239459999
-0.0135372830555 0.06543833762409999 0.0712828487158
-0.0053240545094 0.0345654822886 0.0816380307078
-0.00252129207365 0.0338633432984 0.08014877140520001
-0.00293177133426 0.0326070189476 0.0831711441278
-0.00702454289421 0.0650017186999 0.0526042282581
0.0173077750951 0.0475481934845 0.0306077152491
0.0178961418569 0.0480753257871 0.0284120757133
-0.00381947588176 0.0558207221329 0.0307344589382
0.0166233386844 0.0735068246722 0.0875065848231
0.0180977024138 0.0740045383573 0.08530458062890001
0.0155440159142 0.0751519203186 0.0855200439692
-0.0112151913345 0.0582430027425 0.09391266107560001
-0.00915505271405 0.0570473223925 0.0956585854292
-0.009372858330610001 0.0602295212448 0.0941300168633
0.0156709738076 0.0430655479431 0.00554262148216
-0.0140769621357 0.0515998564661 0.0681892186403
-0.0128642246127 0.0499339327216 0.06595470011229999
-0.0132224336267 0.0488754101098 0.06857267022129999
0.0300442241132 0.0554111562669 0.0845659971237
0.0296428333968 0.0576127879322 0.0819969326258
0.0296512395144 0.0586622804403 0.08513981103899999
0.0095196980983 0.0429105572402 0.0278905909508
0.009978088550269999 0.0435089357197 0.0305864494294
0.00304461899213 0.0445697419345 0.0303255934268
0.00584040069953 0.0576930604875 0.0192928295583
0.00780414883047 0.0587716549635 0.0199122093618
0.0166907589883 0.0636882483959 0.030409457162
0.00823675747961 0.0674792826176 0.031452126801
0.0202551987022 0.0433317534626 0.0580127425492
0.0218027345836 0.0447403863072 0.0592182278633
-0.00677728839219 0.0595099925995 0.09573652595279999
-0.00414001941681 0.058595508337 0.0970696657896
-0.00425139302388 0.0615017339587 0.0957990437746
0.0147772859782 0.06518772989509999 0.0301447547972
-0.00363075034693 0.0536401048303 0.0301725622267
-0.00343314534985 0.0533728227019 0.0276424475014
-0.00304580270313 0.0511854253709 0.0295491311699
0.000273419485893 0.06398674100640001 0.0289110317826
-0.00296576274559 0.0601763539016 0.0318879075348
0.0184601638466 0.0496337413788 0.0329590141773
0.0189210567623 0.0498666502535 0.02986202389
-0.0073554739356 0.0559030026197 0.0470753051341
-0.00649823574349 0.0578761547804 0.0452726595104
-0.00631462410092 0.0551951490343 0.0444466024637
0.0106565691531 0.0668915659189 0.0297363121063
0.010737051256 0.0674508363008 0.0328741334379
-0.00134558312129 0.0629965960979 0.0315928086638
0.0222917720675 0.0441983863711 0.0620475374162
0.0242407545447 0.0468132607639 0.0625456124544
-0.00398369319737 0.0550405308604 0.0344484262168
0.00118100293912 0.0458922609687 0.031981125474
-0.0006315251230259999 0.0473368428648 0.0304325483739
-0.000677770993207 0.06435611099000001 0.0341716334224
0.000923575425986 0.065274477005 0.0317731425166
0.00133438047487 0.0459974743426 0.035108037293
-0.0005679494352079999 0.0475155040622 0.0333603322506
0.00341378687881 0.0448096953332 0.0333789810538
0.0196215417236 0.0598109252751 0.0374637357891
0.0192223154008 0.0603067055345 0.034318767488
0.0163105931133 0.0470159761608 0.033350776881
0.0173738133162 0.0485013984144 0.0359602458775
0.0265689492226 0.0382453538477 0.0933409184217
0.0249882489443 0.0359906591475 0.0939865484834
0.0260292440653 0.0365154854953 0.09185628592969999
-0.00249051302671 0.0618631690741 0.0341732539237
0.0151381827891 0.0464185588062 0.0361130423844
0.0137854637578 0.0452585332096 0.0335657931864
0.0183478761464 0.06261615455150001 0.0366250649095
0.0175798051059 0.06316543370490001 0.0334892310202
0.0160364881158 0.06533047556880001 0.0361321941018
0.0123128360137 0.0601198226213 0.0977643877268
0.0154520459473 0.0587699972093 0.09772083908320001
0.0149337174371 0.0618368536234 0.0965635627508
0.0209085587412 0.0408876053989 0.0686359256506
0.0107581522316 0.068023443222 0.0359167978168
0.0132707813755 0.06688162684439999 0.0344115644693
-0.00214667711407 0.0495517887175 0.0343614146113
-0.00234046694823 0.0497418642044 0.0374010317028
0.00395341170952 0.0447963178158 0.0369018986821
-0.0134202754125 0.0575790628791 0.0922930985689
-0.0151163972914 0.0559211671352 0.0914295464754
-0.0140758501366 0.0547432489693 0.09288589656350001
0.0124774575233 0.0449140071869 0.0362899713218
0.0106588685885 0.0440701618791 0.0336078815162
0.00118419399951 0.0459977351129 0.0383466593921
-0.0006413793889810001 0.0476470962167 0.0363836921751
0.0034565126989 0.0667309686542 0.0322531238198
0.00156620249618 0.0662460178137 0.0343834161758
0.00375587888993 0.06730020791290001 0.0345991887152
0.0174625366926 0.0642752870917 0.0386411398649
-0.00349968764931 0.0606310516596 0.0365978032351
-0.0111787235364 0.0536251887679 0.0570325553417
-0.0106779746711 0.0558351576328 0.0551063008606
0.0200340263546 0.0551278889179 0.0383410975337
0.0200712308288 0.0574932843447 0.0384315624833
0.0103163449094 0.036489430815 0.000232179561863
0.0103938467801 0.0342326760292 0.00120243814308
0.00851957406849 0.0352053642273 0.000620610429905
0.009683336131270001 0.044152636081 0.0366332344711
0.00853153411299 0.0439163073897 0.0392952002585
0.00698289508 0.0441333577037 0.0369233004749
0.0190114062279 0.0619841478765 0.0397680997849
-0.00213839043863 0.0633389651775 0.0365570560098
-0.000103791760921 0.0656154751778 0.0366543568671
0.0195107124746 0.0522146783769 0.0338024646044
0.0189295168966 0.0510300062597 0.035940464586
0.00988628063351 0.0312836207449 0.0832385569811
0.000989117426798 0.0678554326296 0.0931911021471
0.00283830962144 0.0695845633745 0.092151157558
0.000606266781688 0.0698789954185 0.0915091857314
-0.009804802946749999 0.045211955905 0.0976227298379
-0.0119559261948 0.0444836504757 0.0964488908648
-0.0105634303764 0.0419235378504 0.097311027348
0.0189889110625 0.0749565958977 0.075129956007
0.0179133340716 0.07566082477570001 0.0727893039584
0.0163755882531 0.0764306262136 0.0750337690115
0.013383791782 0.0674064531922 0.0376266054809
0.00307440105826 0.0443031080067 0.0404606238008
-0.0113273160532 0.0688661709428 0.068696975708
-0.0100854877383 0.0708069205284 0.06976934522390001
0.0164657123387 0.0475359931588 0.0387288928032
0.0278108362108 0.0482930913568 0.07580937445160001
0.0287725608796 0.0512555390596 0.0765186697245
0.00606841640547 0.0418983660638 0.00120925274678
0.0107054477558 0.0684501752257 0.0388920009136
-0.00199193903245 0.0490026883781 0.0287976674736
-0.00198900373653 0.049291420728 0.0315018706024
0.00170136603992 0.0313829816878 0.00484200986102
0.0194914657623 0.0524000860751 0.038493283093
0.018304746598 0.049823064357 0.0386057160795
0.014098662883 0.0456567890942 0.0388860814273
-0.00453598191962 0.0539595559239 0.039591614157
-0.00480585265905 0.0565717443824 0.0396336615086
0.0191585831344 0.043827842921 0.0528319403529
0.0113270087168 0.0444316864014 0.039114870131
-0.0032739022281 0.0621333047748 0.0389234870672
0.0301434881985 0.0501444861293 0.0865468084812
0.0303766615689 0.0533467642963 0.08689645677799999
0.0303704161197 0.051329549402 0.089155703783
0.0200795046985 0.0590237043798 0.0401784144342
0.00543311284855 0.06816706061360001 0.0363757535815
0.0192831661552 0.06269556283949999 0.0426581948996
0.0176126565784 0.06456603109840001 0.0411840230227
0.0156509019434 0.0661635547876 0.0395291261375
0.0278655588627 0.0466841422021 0.0800610035658
0.000715894042514 0.066642805934 0.0392126776278
-0.00157545926049 0.06464909017089999 0.0390822999179
0.022889373824 0.0398284234107 0.0781559869647
0.0238127112389 0.0399074852467 0.0809347853065
0.0215380284935 0.0379268079996 0.0801535323262
0.0292096026242 0.0547563582659 0.0762679874897
0.0194572359324 0.0508508533239 0.0411133691669
0.0248506590724 0.0549637153745 0.0551197342575
0.0240948777646 0.0554929003119 0.0527672767639
0.0180085729808 0.0483558550477 0.0412674769759
0.000269368727459 0.045420113951 0.0415636412799
-0.00125103199389 0.0475111603737 0.0395167842507
0.0200784076005 0.0604973845184 0.0419252030551
0.0240678880364 0.0417531765997 0.0759111940861
0.0248941425234 0.0419309400022 0.07906173914670001
0.00239400658756 0.067182533443 0.036733739078
0.00341530353762 0.0680385902524 0.0392029099166
-0.0132409855723 0.0666294321418 0.0737573131919
0.0156928133219 0.0502604618669 0.0994442179799
0.0178516805172 0.0486879982054 0.09925217181440001
0.0178768783808 0.0512679181993 0.09894554317
0.0132756959647 0.0443797260523 0.0416211485863
0.0209269821644 0.0579618886113 0.0430908612907
0.0205443482846 0.0563324019313 0.0406814105809
0.0134858600795 0.0775805711746 0.0747978761792
0.0153629351407 0.07694251835349999 0.0724016204476
0.00163488322869 0.06782449036840001 0.0418675355613
0.00446830317378 0.0689377784729 0.0418617539108
0.00542112020776 0.0439304634929 0.0314537659287
0.00594138540328 0.0441583544016 0.034314814955
0.0257767923176 0.0511188395321 0.0610851272941
0.0265410728753 0.0523060522974 0.06306659430269999
0.0256248246878 0.0494827851653 0.0629154369235
0.0131841367111 0.0679219290614 0.0411196276546
0.0178946200758 0.06512280553579999 0.0441447906196
0.0158323310316 0.0665915757418 0.0424106307328
-0.00440398650244 0.0610377117991 0.041207678616
-0.00428765360266 0.0594342909753 0.0389728546143
-0.00498603330925 0.0587173514068 0.041068546474
0.0114046754315 0.0441426932812 0.00335698924027
0.0261976271868 0.0535172335804 0.0605107173324
0.00750905275345 0.0432683154941 0.0414056219161
0.00585299078375 0.0439341701567 0.0396593809128
0.00731896981597 0.06931962817910001 0.0419541969895
0.0101419426501 0.0690511465073 0.0417226217687
0.0042090988718 0.0350622311234 0.0708869323134
0.00600438611582 0.034175939858 0.0732911899686
0.0203285515308 0.0535416938365 0.0409735627472
-0.0111764566973 0.0610836781561 0.0577159114182
-0.00987447239459 0.06339757144450001 0.0563400872052
-0.0100066075101 0.0607876256108 0.054973565042
0.0166530422866 0.0685543119907 0.0916783362627
0.0166327096522 0.0705149024725 0.09037972986700001
0.0144265014678 0.07012909650800001 0.09119042754169999
-0.000958900491241 0.0660109817982 0.0417671576142
-0.0151066193357 0.050485599786 0.0931038632989
0.0228469762951 0.0513686835766 0.0508436784148
0.0218269601464 0.0505052022636 0.0490956045687
-0.0171875692904 0.0452102012932 0.0900036990643
-0.009265567176039999 0.0660543218255 0.0577404722571
-0.0109093701467 0.0637462362647 0.0591617189348
-0.011844069697 0.0348104387522 0.0878194719553
-0.0120171774179 0.0367525853217 0.085827305913
0.0290476940572 0.0576094463468 0.074755191803
0.0288465134799 0.0601701512933 0.07587948441509999
0.0292567815632 0.0577340237796 0.0772827118635
0.0258970279247 0.0439469665289 0.0771911740303
-0.000227634780458 0.06759266555310001 0.0448736250401
0.021408284083 0.0323049686849 0.0885724723339
0.0202987454832 0.0302690602839 0.09104360640049999
0.0189754795283 0.0311291459948 0.0880173072219
0.0011149297934 0.0768415257335 0.0643788948655
0.00291969999671 0.0765499547124 0.0618953257799
-4.78051479149e-05 0.07572389394039999 0.0618752352893
0.0178339723498 0.0346499532461 0.09872609376910001
0.0192262101918 0.0327672958374 0.09739747643469999
0.0206444878131 0.0351257547736 0.0978576466441
0.00281160394661 0.0690574422479 0.0445461831987
-0.00245890719816 0.0472535863519 0.0430691353977
-0.00325905089267 0.0496395118535 0.0404550358653
0.0258857682347 0.059457372874 0.0589803978801
-0.00545530254021 0.05969998613 0.0433526039124
-0.00564102875069 0.0570645295084 0.0425251126289
0.0213952045888 0.0731283351779 0.07505524158479999
0.0201462171972 0.0741406977177 0.0727715194225
0.0105649316683 0.0655197501183 0.0268923714757
-0.00451377639547 0.0625103637576 0.0438665486872
0.0170584004372 0.066736638546 0.046544060111
0.0159563571215 0.0671011283994 0.0446263365448
0.012120578438 0.068969771266 0.044081479311
-0.00274569774047 0.0652048438787 0.0442634932697
-0.00303783803247 0.0636630281806 0.0414844974875
0.0197075642645 0.063000574708 0.0450058951974
0.007915469817820001 0.0436665378511 0.032411955297
-0.000609527924098 0.0446111559868 0.0447264201939
0.0192753002048 0.0493347086012 0.0433009341359
0.0217861626297 0.0582940652966 0.0464898347855
0.0205803383142 0.0607066191733 0.0443405658007
0.0142734386027 0.06784655153749999 0.0437285937369
0.0144436964765 0.0525330193341 0.0168192312121
-0.00569102261215 0.0526098906994 0.0438467636704
-0.00691327312961 0.0533650144935 0.0464761070907
0.0026528199669 0.0324846021831 0.08017943799500001
4.08661617257e-05 0.0335326343775 0.0786008238792
-0.00259072519839 0.0666308104992 0.047109246254
-0.00301575893536 0.0457832105458 0.0463837608695
0.00687686586753 0.0417521782219 0.0455188453197
0.00395018374547 0.0420196913183 0.0458967611194
0.00530283385888 0.0430260524154 0.0428351275623
0.00617745704949 0.0784373879433 0.08026926964519999
0.00809487886727 0.0777999460697 0.0831504836679
0.00985761359334 0.0782268717885 0.08030005544420001
0.0107245026156 0.0726690068841 0.0531207025051
0.0133475912735 0.0727814733982 0.0548272877932
0.0133603382856 0.0713501870632 0.0520241707563
0.0115612205118 0.0699110105634 0.0469770543277
-0.00465426035225 0.0482509173453 0.045820042491
0.00213564839214 0.0435680933297 0.0436139367521
-0.0111630400643 0.0344288721681 0.0940609872341
-0.0128941135481 0.0361280590296 0.0927408114076
-0.0121279051527 0.0340485237539 0.0919115245342
0.0273000188172 0.0463025420904 0.07789673656230001
-0.00132724246942 0.0435910597444 0.0476968958974
0.0144541589543 0.06849727779629999 0.0462716147304
0.0162019412965 0.06824109703300001 0.0488314814866
-0.0055563794449 0.0415708832443 0.061492010951
-0.00661581102759 0.0417007096112 0.06378965824839999
-0.00781295634806 0.0432345531881 0.0626599490643
0.0222754534334 0.0553758442402 0.0476203225553
0.0222692061216 0.0527610369027 0.0484670624137
0.0215921420604 0.0536451712251 0.0459131971002
0.008812537416819999 0.0409119725227 0.0477232672274
0.009739553555849999 0.0421286001801 0.0450606904924
-0.00536877987906 0.0545149967074 0.0418057329953
-0.00402203388512 0.0279717352241 0.0941880345345
0.021579829976 0.0560254715383 0.0452712289989
-0.006405048538 0.0492293685675 0.09833673387770001
-0.00452094804496 0.0500241629779 0.0433599948883
-0.00599414808676 0.0508098900318 0.0460199788213
0.0056997127831 0.0406042635441 0.0485371276736
0.0152498940006 0.0426426008344 0.0487540401518
0.0167151410133 0.0445701368153 0.0467800684273
0.0216857120395 0.0626373514533 0.0502731315792
0.0179351624101 0.0309027340263 0.0969079211354
0.0156918559223 0.0300678070635 0.09741497039789999
0.0174107775092 0.0291485823691 0.09519102424379999
-0.00455099856481 0.0641404390335 0.0466042160988
0.00271444860846 0.0411740839481 0.0486258864403
0.0011628450593 0.0427048914135 0.0465737544
0.0134335011244 0.0407944209874 0.0506968386471
0.012142601423 0.0417074002326 0.0475316084921
0.0207402333617 0.0486358962953 0.0484350025654
0.0189955458045 0.0464999228716 0.0475682616234
0.0198735035956 0.049001775682 0.0457644574344
0.0179152525961 0.0441372618079 0.0496378056705
0.00336070684716 0.0292716119438 0.00523462379351
0.00223231129348 0.07054694741960001 0.0495052672923
0.00406673364341 0.070139721036 0.0471710003912
0.00137994496617 0.069248907268 0.0471543595195
0.0288746971637 0.0427197813988 0.0889882966876
0.0289656892419 0.0433585569263 0.0917958319187
0.0281508825719 0.0406758338213 0.0918494835496
0.00366560928524 0.0398409254849 0.0509185753763
0.008078777231279999 0.0737906992435 0.0544964037836
0.0108253471553 0.0741992145777 0.0559542700648
-0.00616783183068 0.06324913352729999 0.0489255711436
-0.00616317708045 0.0609950423241 0.0464944429696
-0.00759993540123 0.0607644468546 0.049598172307
0.000308657065034 0.041823245585 0.0493027232587
0.023081600666 0.0603457540274 0.051499877125
0.0234951619059 0.0574559830129 0.0511104427278
0.00610306859016 0.0394096784294 0.0514329820871
0.00792134460062 0.0399204492569 0.0499325692654
-0.0074818553403 0.06288869678969999 0.051274381578
-0.008849240839480001 0.0606555491686 0.0522684045136
0.0266613233835 0.0584398768842 0.0617752484977
0.02697879076 0.0603473074734 0.06380756199360001
0.0106628127396 0.0712054818869 0.0499608106911
0.00922945607454 0.07051612436769999 0.0476709492505
0.0136832818389 0.069863460958 0.0492200218141
0.0134972101077 0.0266330409795 0.0141058480367
0.0158391650766 0.0697646290064 0.0513502508402
0.0237601604313 0.0706840828061 0.0717979371548
-0.00740378210321 0.0516243539751 0.0486156791449
-0.00658462103456 0.0478823967278 0.0501811765134
-0.00632273498923 0.0492163300514 0.0482391379774
0.008037316612900001 0.0713150277734 0.0492735132575
0.0114438366145 0.0394252315164 0.052871171385
0.0104230400175 0.0401402674615 0.0500844269991
0.0211880579591 0.0510730668902 0.0469426177442
0.0211095809937 0.0727770552039 0.0677292048931
0.0208684690297 0.06498018652199999 0.0515353605151
0.022556271404 0.06308124214410001 0.05279058218
0.003517373465 0.0630997940898 0.0966242402792
0.00162401003763 0.0650609433651 0.0953053683043
-0.00874414760619 0.0583331137896 0.0507117211819
-0.0075091808103 0.0583892539144 0.0480576194823
-0.000700380711351 0.0682341456413 0.0477307550609
6.84782135068e-05 0.0694889947772 0.0491604283452
0.0201758462936 0.0462132655084 0.0503993630409
0.0237720813602 0.0610584057868 0.0539925135672
0.0178982894868 0.0679719746113 0.0509008094668
0.000296792859444 0.038365457207 0.0613337382674
-0.00175990001298 0.0392470322549 0.0612648651004
-0.0025035222061 0.06835529953239999 0.0501696169376
-4.4413463911e-05 0.0705525353551 0.0513950623572
-0.0013944033999 0.0493387170136 0.0218101032078
0.0280000679195 0.048204600811 0.0939417332411
0.0287191905081 0.0455674119294 0.0930495709181
0.0295249968767 0.0477991364896 0.0920159444213
-0.00423311116174 0.0436455570161 0.0520772114396
-0.00201311078854 0.0425409637392 0.0505329184234
-0.00961750932038 0.0353669263422 0.0964705348015
-0.00753327459097 0.0368512161076 0.0979296118021
-0.0100770769641 0.0383868068457 0.09715955704449999
-0.00276321498677 0.0273115839809 0.0898513421416
-0.0029351094272 0.0269251596183 0.0920356884599
0.023920815438 0.0525595024228 0.0533445589244
0.00257540517487 0.0719807967544 0.052204336971
0.00536288646981 0.07300999015570001 0.0531897693872
0.00531057920307 0.0714798048139 0.0500182211399
0.015347333625 0.0652860030532 0.0326614864171
-0.0098964581266 0.0582423210144 0.0535142049193
-0.00756517611444 0.0475593991578 0.0528743937612
-0.00779869128019 0.0498103052378 0.0507061593235
0.00696199806407 0.0394490174949 8.81613377715e-05
0.0234394762665 0.0690355822444 0.06394051015380001
0.0222520083189 0.0711255371571 0.0656569302082
0.0241015143692 0.06914398819210001 0.0666715875268
0.00282607250847 0.0735428258777 0.0549221038818
-0.000131490902277 0.07219574600460001 0.054381929338
-0.00548712862656 0.07416949421169999 0.0662495866418
-0.00778272608295 0.0729002207518 0.06832841783760001
-0.00535049056634 0.0747969895601 0.0685787573457
-0.000782841001637 0.0332241430879 0.0988880172372
-0.00283477758057 0.0337303169072 0.0985594913363
0.00541494041681 0.0746018067002 0.0559654794633
-0.00446616671979 0.075607560575 0.08094712346790001
-0.00191419746261 0.0764948353171 0.0821213796735
-0.00224397168495 0.0767998993397 0.0791168510914
-0.00905366800725 0.0502811446786 0.0534950941801
-0.00882239453495 0.0523708984256 0.0512546226382
0.012187441811 0.0390847846866 0.0557702146471
0.00218044314533 0.040616992861 0.0994669571519
0.00507337646559 0.0414025634527 0.09955085068940001
0.00363416806795 0.0436174012721 0.0994571745396
0.00249607022852 0.0782500803471 0.07539512217039999
0.000114630653115 0.0777122154832 0.07742073386910001
0.00292256916873 0.0783146470785 0.0787495821714
0.0235990118235 0.0634546801448 0.0557183921337
-0.0100059565157 0.0530497431755 0.0541634000838
0.0166432354599 0.0478831492364 0.0141739174724
0.0143776983023 0.0402622409165 0.0537341348827
-0.008972212672229999 0.06628127396110001 0.090409129858
-0.0108784791082 0.06719503551720001 0.0883884578943
-0.0111681446433 0.0649162083864 0.0898711159825
0.00379074690863 0.06740225851539999 0.0940498262644
0.00673568388447 0.0670935213566 0.0944235101342
0.0231713987887 0.0470446497202 0.0581511370838
0.0230069197714 0.0479123219848 0.0555176772177
0.0242101401091 0.0495974458754 0.0573100969195
0.0171861983836 0.0415889695287 0.0548270307481
0.0179640576243 0.0413857363164 0.058181155473
0.0150184705853 0.0399712622166 0.0568356327713
-0.00436019152403 0.0729705318809 0.0606444031
-0.0121699422598 0.0613144263625 0.0605733394623
0.0233611594886 0.0336111858487 0.0940403267741
0.0214376635849 0.0314251035452 0.0937210693955
0.0228980537504 0.0322483740747 0.09148374199870001
0.00579641479999 0.0375778153539 0.0601285807788
0.00392112508416 0.0381698720157 0.0581603311002
0.0145893646404 0.0376289114356 0.0175754893571
0.0159914977849 0.0350705869496 0.0165084972978
0.0169529616833 0.0388999991119 0.016855975613
0.0247521344572 0.052171882242 0.0562152974308
0.0138077670708 0.0751467123628 0.0601540654898
0.0256049055606 0.054327417165 0.057850278914
0.0143859302625 0.0343386717141 0.00284806545824
0.0155497808009 0.0364101715386 0.00298217870295
0.0152729833499 0.0423523969948 0.0206148792058
0.029535215348 0.0558323599398 0.0792458131909
-0.00192112382501 0.0284464471042 0.0877849534154
-0.00334129156545 0.0306271631271 0.0860868543386
-0.000638458819594 0.0295083951205 0.0862931609154
-0.00131807150319 0.0265228170902 0.0934958681464
-0.0171254016459 0.0473657436669 0.0849286317825
-0.0176089238375 0.0460577793419 0.0876295641065
-0.0180335752666 0.0489131174982 0.087370224297
0.00404275907204 0.0775271728635 0.06462220847609999
0.00595805887133 0.0770057067275 0.0622941926122
0.0177687760442 0.047434527427 0.0234758406878
0.00727031892166 0.0350398011506 0.0705722123384
0.00543345790356 0.0356752686203 0.0681019052863
0.008495726622640001 0.0358147360384 0.0677265897393
0.013297743164 0.0361540429294 0.0702679753304
0.0118749747053 0.0364388972521 0.06729599088429999
0.014772192575 0.0371824353933 0.0681836232543
0.00204067002051 0.0778551027179 0.0673679932952
-0.000508267141413 0.0768799036741 0.0663662105799
0.0103862052783 0.0354274250567 0.070300988853
-0.0139233665541 0.0634586289525 0.06872548907999999
0.0073573756963 0.0309270992875 0.0832320153713
0.0196360833943 0.0671826526523 0.0526678301394
-0.012470045127 0.045223351568 0.07223811745640001
-0.0136932618916 0.0480137690902 0.07160036265850001
-0.0121703920886 0.0462466999888 0.06936484575269999
0.0205546412617 0.0517392419279 0.0439020432532
-0.00675079226494 0.0652436837554 0.092302300036
-0.00404997868463 0.06706862151619999 0.09222149848940001
-0.00643008761108 0.0680002197623 0.0905626490712
1.06874604171e-05 0.0338150113821 0.0143725443631
0.00220687827095 0.0348538011312 0.0160143338144
0.009166983887550001 0.0344087295234 0.0730821937323
0.0113791376352 0.0339869447052 0.0757808089256
0.00779800210148 0.033464550972 0.07580066472289999
-0.0162909757346 0.0555998422205 0.07650745660070001
-0.00400352617726 0.0371255204082 0.0722959116101
-0.00191782286856 0.0355460867286 0.07399268448350001
-0.0154178366065 0.0502259768546 0.0755018815398
-0.0145400166512 0.0485529191792 0.0741517096758
0.0188626237214 0.0430221445858 0.0134831294417
-0.00955136213452 0.07203065603970001 0.07877160608769999
-0.009816323406990001 0.0716355964541 0.07561635226009999
-0.000203238014365 0.040922369808 0.0520363077521
0.00607612496242 0.0532496832311 0.0154476249591
0.00368912075646 0.051641497761 0.0150606967509
-0.00711753312498 0.0740374401212 0.0799137204885
-0.000495740852784 0.0310230329633 0.0843769386411
-0.000156086374773 0.032511908561 0.0816583484411
0.00235187145881 0.0312868691981 0.08315698802469999
0.0202363897115 0.0359342880547 0.08255911618469999
0.0205051843077 0.0347374379635 0.0849517956376
0.018449280411 0.0339120663702 0.08418631553649999
-0.012054589577 0.0405042022467 0.08132019639019999
-0.0137071292847 0.0409658029675 0.0836797729135
-0.0138472020626 0.0428421162069 0.08150927722450001
-0.0119737489149 0.0386736765504 0.0836544111371
-0.0100997015834 0.0383430607617 0.0813001841307
-0.0176407769322 0.0504112131894 0.0848104134202
0.00386384641752 0.0345292799175 0.0994703769684
0.00287289358675 0.0373709537089 0.0995367094874
0.0009770002216100001 0.0352190211415 0.0993331968784
-0.00762498192489 0.0431500189006 0.09835144877429999
9.784825670070001e-05 0.031139286235 0.013393048197
0.0129804154858 0.035795878619 0.0013063455699
0.008530605584379999 0.0376313924789 0.0599146485329
0.0116565069184 0.026955563575 0.0890874788165
0.008727097883819999 0.0262989085168 0.08910553157330001
0.0100167300552 0.0283649265766 0.0871670395136
0.0254972409457 0.068624548614 0.0810219272971
0.0271701198071 0.06572834402320001 0.0816717818379
0.0265194047242 0.0670039206743 0.0786730721593
0.0289315823466 0.0555274710059 0.0737232416868
0.00550368754193 0.025995247066 0.0892717316747
0.0036911831703 0.0278946831822 0.08732323348520001
-0.00148774357513 0.063308134675 0.095629259944
0.0262824874371 0.0485465489328 0.06793572753670001
-0.00148210569751 0.0759092792869 0.0644040852785
-0.00270185223781 0.0746250897646 0.062367297709
0.0234759766608 0.0710122659802 0.0806168615818
0.0247426703572 0.06967511773109999 0.0781008452177
0.0226026549935 0.0720849558711 0.07777228951450001
0.0239762030542 0.0362121425569 0.0871522277594
0.025919334963 0.0380934476852 0.0877226963639
0.0255207139999 0.0361524932086 0.0895121023059
0.0188142582774 0.0387820787728 0.00622721668333
0.017790839076 0.0363559089601 0.00483741005883
0.0260541588068 0.0615242160857 0.0611140429974
0.0253159664571 0.0476301759481 0.0651933699846
-0.0137627124786 0.0582570433617 0.0645769461989
-0.0145800048485 0.0576023645699 0.06743054836990001
-0.0140997422859 0.0606651976705 0.0667426139116
-0.008485644124449999 0.06881653517480001 0.0888000875711
0.00179567420855 0.029598666355 0.08562624454499999
-0.016053725034 0.0597409531474 0.088326394558
-0.0170727856457 0.0573187805712 0.08806917816400001
-0.0155386673287 0.0577727742493 0.0902128592134
-0.00775670772418 0.0399956516922 0.09820449352259999
-0.0141213377938 0.0601132065058 0.09039108455180001
0.00823125429451 0.0680840536952 0.0344815291464
-0.01806980744 0.0517738386989 0.08727519214149999
-0.0175215583295 0.0503860488534 0.0895765423775
0.0163945667446 0.0419389009476 0.0516490750015
-0.0145777212456 0.0626612007618 0.0717588141561
-0.0149788800627 0.0623942762613 0.0743678286672
-0.0142088858411 0.06437601149079999 0.07333876192570001
0.0128695294261 0.0288285650313 0.08738739043469999
-0.0145056797192 0.06542497873310001 0.0814402103424
-0.0155671853572 0.0628724172711 0.080347597599
-0.015476915054 0.06324102729559999 0.08310080319639999
-0.00969743635505 0.0631914883852 0.0919823497534
-0.0141365034506 0.044963799417 0.079026453197
-0.0155143272132 0.0456453412771 0.0823924764991
0.0141736529768 0.0374913290143 0.0658034011722
0.016451600939 0.0383781157434 0.066315330565
-0.0129491081461 0.0586859546602 0.0617742426693
0.00420001382008 0.0312911495566 0.00374488439411
-0.0117596024647 0.0603612661362 0.0922224670649
0.00251974607818 0.0300440881401 0.0141970347613
0.0010224590078 0.0285742376 0.0124670621008
0.00319731561467 0.027791319415 0.0133152082562
0.0186947621405 0.0569449327886 0.0975686982274
0.0217096153647 0.0561869181693 0.0966576635838
0.0207699090242 0.0590651929379 0.09592954814430001
0.02523740381 0.06876693665979999 0.0725774914026
0.0245128385723 0.0695262253284 0.0695709660649
0.0299486797303 0.0521687194705 0.0841342136264
0.0225808341056 0.0664118155837 0.0568299479783
0.0240634158254 0.06476429104799999 0.0581122860312
0.014587584883 0.0756376832724 0.0628817304969
0.0173319261521 0.0745403021574 0.0637556090951
-0.00246906583197 0.0701609924436 0.053179576993
0.00132894609123 0.0354639180005 0.07109349220989999
0.0253298711032 0.0515629574656 0.058825712651
0.0279518142343 0.0569223500788 0.0672092586756
-0.00772140501067 0.040313038975 0.0706431865692
-0.00650283368304 0.0386274531484 0.0724335163832
-0.008389516733589999 0.0398940965533 0.07318237423899999
0.0270519368351 0.0460611060262 0.09517148882150001
0.0262298900634 0.0490665100515 0.09571012854579999
0.0248368121684 0.0468057319522 0.09699427336450001
-0.0135088814422 0.0384181626141 0.0936426892877
-0.0117772631347 0.037015017122 0.09517670422790001
-0.0169341284782 0.0586888939142 0.08279025554659999
-0.0162035785615 0.0612119324505 0.08207826316359999
-0.0162942446768 0.0601642169058 0.0798833891749
0.0127803497016 0.0405509211123 0.0204993393272
-0.0144638167694 0.0393493212759 0.0926472768188
-0.0145470798016 0.0379756093025 0.0911206975579
0.017237605527 0.0345021858811 0.0816133990884
0.0158191360533 0.0347220636904 0.0786914825439
0.00166271149646 0.0405336394906 0.0508061945438
0.0241248551756 0.0556039996445 0.0955659151077
0.0230040848255 0.0532917007804 0.0969566255808
0.0256050396711 0.05246983096 0.09551714360709999
0.0179505161941 0.0604084208608 0.0964140146971
0.0257531199604 0.0436414368451 0.0962618142366
0.0241612717509 0.0410916171968 0.097249545157
0.026458164677 0.0407457053661 0.09494440257550001
0.0298610460013 0.049926083535 0.0911109521985
0.0220297705382 0.0477629229426 0.0983481779695
0.0232454389334 0.0442805290222 0.0980173125863
-0.00615699356422 0.0449933148921 0.0538148470223
0.0219372324646 0.0383706316352 0.0980564430356
0.0213451515883 0.0418055281043 0.0986812859774
0.0204442068934 0.0449356995523 0.0989424139261
0.0041552009061 0.07857553660869999 0.0699072778225
0.00332808028907 0.0783670172095 0.0726182833314
0.00592833431438 0.07866571098569999 0.07218763977290001
0.0235420223325 0.06675494462250001 0.059476133436
0.0244448389858 0.0666895955801 0.0622464120388
0.0250174663961 0.0643975809216 0.0604289770126
0.008528576232490001 0.0646389573812 0.09591498225929999
0.00918385572731 0.0669926032424 0.0943808481097
0.01272716932 0.0387490354478 0.0585669949651
0.012838578783 0.0380618087947 0.0612663067877
0.0108703142032 0.0379414111376 0.0598964169621
-3.9469487092e-06 0.0280876904726 0.09713961929080001
0.0107654575258 0.0277876462787 0.0147556522861
0.00773609289899 0.0291112624109 0.0148682296276
0.00845141988248 0.0261490531266 0.0138551685959
0.0112977176905 0.0272803045809 0.0966505482793
0.00984270591289 0.0291908737272 0.0984093025327
0.0121623938903 0.0453191772103 0.00559945777059
0.008448425680399999 0.0601988099515 0.0211781170219
0.0127939516678 0.0768193006516 0.0648658871651
-0.0123521927744 0.0397426709533 0.09565129876139999
0.009154756553470001 0.0614268817008 0.09754952788350001
0.009556626901029999 0.0579939894378 0.098498813808
-0.0100324489176 0.07106509059670001 0.0726164355874
-0.00854149647057 0.0725474059582 0.0709948688745
0.0036421304103 0.0377587899566 0.0603376477957
0.00177072593942 0.0383809246123 0.059378027916
0.017780566588 0.0362079516053 0.07678276300429999
0.0156669672579 0.0352817252278 0.0763698220253
0.016526946798 0.0362145453691 0.07453534007070001
0.0147158214822 0.040012460202 0.0185967870057
0.0168592240661 0.0304592326283 0.0874263867736
0.0178042836487 0.0292358994484 0.0894240885973
0.015714187175 0.0529556199908 0.09904301911589999
0.0132707776502 0.054511141032 0.09906142205
0.00401594070718 0.0553216934204 0.0990594923496
0.006505203899 0.0566846132278 0.0988515466452
0.00390458782203 0.057996828109 0.098395742476
0.00144479738083 0.0564788579941 0.098568379879
-0.00714703975245 0.046194024384 0.0983926355839
-0.00533802760765 0.0443166717887 0.0988891422749
-0.00561465974897 0.0384099893272 0.09864896535870001
-0.0048486511223 0.0413059294224 0.09896666556600001
0.0113126188517 0.0764672681689 0.0620968788862
5.12224469276e-05 0.0621610656381 0.0263307150453
0.0143962670118 0.0765894055367 0.083055190742
0.0202866774052 0.0684809237719 0.055524520576
0.017908545211 0.0692871436477 0.0534016601741
0.0135397724807 0.0392759218812 0.099772401154
0.0104831270874 0.0381040871143 0.0997856631875
0.0128544885665 0.0361235588789 0.0996590927243
-0.000929309404455 0.046486929059 0.0992403179407
-0.00273607787676 0.0439685359597 0.0992014408112
-0.00126643187832 0.0384340882301 0.0138020599261
-0.00298475823365 0.0375661551952 0.069428563118
-0.00129891443066 0.036198373884 0.0714535489678
0.00514301238582 0.0389956235886 0.09959719330069999
0.0037770869676 0.050291929394 0.0134021099657
0.00238384795375 0.0499439500272 0.014738640748
0.0043636248447 0.0335993096232 0.0158745441586
0.00473105860874 0.0358278676867 0.0167227908969
-7.09198866389e-05 0.0380582883954 0.09936814010139999
-0.00140105572063 0.0410046726465 0.099329970777
0.00044081962551 0.0436897687614 0.0993440151215
-0.00656728679314 0.0442370064557 0.0567479208112
-0.00765055976808 0.0461837239563 0.0554971918464
0.0181033164263 0.0538634508848 0.0984871760011
0.0157325752079 0.0557538866997 0.0985029190779
0.00398693885654 0.0526680089533 0.099273622036
0.00632072100416 0.0539595298469 0.09928487986329999
0.000712166307494 0.07403855025769999 0.0569007955492
-0.00305752572604 0.07589753717180001 0.06705702841279999
-0.00358499633148 0.074913866818 0.06471100449559999
0.0130400834605 0.0664294138551 0.0313565991819
-0.0169302858412 0.0591544695199 0.08591187000269999
-0.01752705127 0.0564804635942 0.0852925553918
0.00712875137106 0.034235034138 0.0995583385229
0.00512779038399 0.0313518159091 0.0990979671478
0.0061075151898 0.0515505187213 0.09937886148690001
-0.00900010485202 0.0482419766486 0.0558335185051
0.016080070287 0.0764159485698 0.08034271001819999
0.0147737311199 0.077123478055 0.0775993987918
0.0130671570078 0.077474154532 0.08033207803960001
0.00998514611274 0.0353714637458 0.09966167807579999
0.009037170559170001 0.0413914062083 0.000483237177832
0.0171927902848 0.0760258808732 0.0704086199403
0.0091612841934 0.0299276299775 0.00373996328562
0.00184740871191 0.0323774628341 0.0990692824125
0.0182104669511 0.0426813922822 0.09947553277020001
0.00237009930424 0.0295034069568 0.0983612537384
0.0050659161061 0.0283246710896 0.09809117764230001
0.0128270899877 0.0293332133442 0.09807272255420001
0.0111655686051 0.0313233062625 0.0989897102118
0.0256262440234 0.0450732372701 0.0727298930287
0.0253234319389 0.043821182102 0.0748020932078
0.015740538016 0.0447524823248 0.0997104197741
0.0135080823675 0.0463096424937 0.0997125580907
0.0136825954542 0.0440131537616 0.09975634515289999
-0.008032569661739999 0.0688577964902 0.0592851117253
-0.00726941274479 0.067896746099 0.0562848448753
0.0157237946987 0.0475174114108 0.099549934268
0.0179788060486 0.045974586159 0.0993971526623
0.00849356688559 0.0786012709141 0.07733597606419999
0.0219142753631 0.0344525575638 0.0868125334382
-0.00902059674263 0.0393705479801 0.0759433358908
-0.00731589598581 0.0385072417557 0.0744664147496
-0.00692903110757 0.037513140589 0.0764989256859
0.0119593702257 0.0380978174508 0.00036766831181
-0.0100409202278 0.0696122273803 0.0867269560695
-0.00793979875743 0.0707297474146 0.08725918829440001
0.00851872656494 0.0782160386443 0.0670483410358
0.0113336043432 0.0777427107096 0.066977404058
0.0195841994137 0.0738974362612 0.06690899282689999
-0.000675844028592 0.0449867397547 0.0148079302162
-0.00790917687118 0.0364337339997 0.0814398825169
-0.00816669408232 0.0654712915421 0.0550299137831
-0.00388102931902 0.0697610676289 0.0903844833374
0.0300507452339 0.0565627813339 0.08737456053500001
0.029188644141 0.0596767738461 0.0878663435578
0.0290872510523 0.0574942491949 0.0900494158268
-0.00560139864683 0.0373131707311 0.0744557008147
0.0290794689208 0.0607901588082 0.0830838009715
0.0287247728556 0.0616561770439 0.08572086691859999
0.00168701040093 0.0373492985964 0.0635344237089
0.00236020586453 0.0377249866724 0.0614419281483
0.00445093680173 0.0370963104069 0.0627021566033
-0.0139498747885 0.0370592176914 0.08800849318499999
-0.0139677003026 0.0391023717821 0.0859066843987
-0.00148229615297 0.0687315240502 0.0918647274375
-0.012355000712 0.0677802041173 0.0857817530632
-0.00618659192696 0.07045525312420001 0.0887701064348
-0.00623273383826 0.0724578499794 0.08662066608669999
0.0141453240067 0.035059761256 0.0748202204704
0.0272571314126 0.0616374239326 0.0661625862122
0.0275478903204 0.0591482892632 0.0659559294581
-0.00572178093717 0.0328103788197 0.0847643762827
-0.00458369916305 0.042898632586 0.0550590790808
-0.0024247453548 0.0418031588197 0.053468503058
0.0184347834438 0.0337468199432 0.00583045557141
-0.0118119306862 0.0640298947692 0.0619958862662
-0.0102499984205 0.0663780719042 0.0606365092099
-0.0112654184923 0.0417559072375 0.0761241689324
-0.0125864641741 0.0441608056426 0.0749111324549
-0.0111973527819 0.0428646616638 0.0732098445296
0.0117654316127 0.0538347251713 0.0163276586682
0.00647782441229 0.0595830380917 0.09810960292819999
0.0238422527909 0.0502878017724 0.055082205683
-0.0119788711891 0.0556900165975 0.0944254249334
0.0217006001621 0.06559167057280001 0.0914708003402
0.00357848312706 0.0364750698209 0.06571525335309999
0.00250873877667 0.0359731987119 0.068476356566
0.00070155254798 0.0369540154934 0.06619564443830001
0.00763085251674 0.0751116201282 0.0879539176822
0.008856934495270001 0.0729104205966 0.0899315476418
0.0107515165582 0.0746848285198 0.088062889874
0.0279553867877 0.0595396384597 0.0681236237288
-0.00695554818958 0.0624550431967 0.0942077115178
-0.0042247409001 0.0643960237503 0.0941966772079
0.0250774547458 0.0624039024115 0.0583693273365
0.000397558731493 0.07755788415669999 0.0805183202028
0.00306390295736 0.0778815373778 0.0820011422038
0.00435532722622 0.0714124217629 0.0909310951829
0.0059190611355 0.0733441635966 0.0896323472261
0.00324250175618 0.0734860450029 0.08919497579339999
0.0146472910419 0.0307944770902 0.085882730782
0.0157946553081 0.0327951572835 0.08368524163960001
0.000719861825928 0.0279920455068 0.0875720456243
-0.0111976731569 0.0503936000168 0.096326969564
-0.009231369011100001 0.0482932701707 0.0976205691695
-0.008428665809330001 0.051418479532 0.0974360927939
0.00370841682889 0.0607622489333 0.0976260006428
-0.0128682572395 0.0436169952154 0.0771208256483
-0.0136702889577 0.0453400686383 0.07647410035130001
0.0171169620007 0.038094650954 0.0690544322133
0.0175427384675 0.0375326983631 0.0719917491078
0.0155536159873 0.0369837544858 0.0704244077206
-0.00277518690564 0.0507909283042 0.0270035415888
0.0187022536993 0.0608726143837 0.0306014232337
0.0198583994061 0.0577054657042 0.0320656597614
0.00175484851934 0.0716275721788 0.0904154628515
-0.0124668013304 0.042196970433 0.0789619013667
-0.0105382166803 0.0399483926594 0.07871510833500001
-0.0155380489305 0.0621007159352 0.0772740468383
-0.0143923554569 0.0646687522531 0.07559921592469999
-0.0148690519854 0.0505400672555 0.0727641806006
-0.0156784616411 0.0529169216752 0.0743204727769
-0.014181449078 0.0404819473624 0.0939004346728
0.0060787354596 0.0624855607748 0.0970975011587
0.0142382616177 0.039140291512 0.00184642209206
0.00120933249127 0.0512265488505 0.016974164173
0.0276281218976 0.0603806897998 0.09039139747619999
0.00524552352726 0.037893563509 0.0180497523397
0.0122353993356 0.0350729711354 0.0727978497744
-0.0126075837761 0.0626998469234 0.0902658328414
-0.0133045734838 0.0649512335658 0.0878202617168
-0.0147674623877 0.0620972514153 0.08833032846449999
0.00208168569952 0.0269311703742 0.0115390429273
0.0233049783856 0.0462585911155 0.0603954419494
0.0299904644489 0.0544446147978 0.0895905122161
0.0272777564824 0.0505968295038 0.0943615660071
0.0095005184412 0.0365693606436 0.0648111924529
0.00650181388482 0.0362752974033 0.06525202095510001
0.00750450883061 0.0369676910341 0.0624798946083
0.022870214656 0.0604892000556 0.0940139517188
0.0201325956732 0.0619499199092 0.09471812099220001
-0.0049220956862 0.0694961324334 0.0550384968519
-0.00994137395173 0.0410174950957 0.0740421935916
-0.00363188539632 0.0760881453753 0.0704630240798
-0.00282034161501 0.076459646225 0.0734420642257
-0.0165630839765 0.0491772666574 0.09144091606139999
-0.016640484333 0.0469959303737 0.09135231375690001
-0.0111384876072 0.06648071110250001 0.0632625296712
0.00471244752407 0.0752710923553 0.08768094331030001
0.00320477411151 0.0766730308533 0.0852301940322
0.00239463336766 0.07503774762150001 0.08747058361770001
0.0139718875289 0.0276004560292 0.08906427770850001
0.0135310152546 0.0264046322554 0.0911933034658
0.0114489905536 0.0301668066531 0.0853350088
-0.0117302052677 0.0692249536514 0.07456061989069999
0.0154081070796 0.0290288496763 0.0881446748972
0.0159297417849 0.0276413392276 0.0904529839754
0.0178193803877 0.0716840475798 0.0888352021575
0.0187143310905 0.0726448893547 0.087025821209
0.0199087131768 0.0731237456203 0.0650062188506
0.0255704708397 0.06311819702389999 0.0906064659357
0.0253412220627 0.0604330562055 0.0923204347491
0.0228664241731 0.0579057894647 0.0953173711896
0.0058425469324 0.0555567666888 0.0174003187567
-0.00638790940866 0.0570391193032 0.096862629056
0.0138597115874 0.07416411489249999 0.0879205316305
0.0121579002589 0.0721443295479 0.0901961922646
0.0152607141063 0.0721163824201 0.0894777104259
0.00731744850054 0.07861920446160001 0.07455541193490001
0.0103632295504 0.0783346369863 0.0746429786086
0.0237008519471 0.0340429842472 0.0889272689819
-0.0142416572198 0.0504322834313 0.0703714564443
0.0257673803717 0.0419942103326 0.0818805024028
0.0249239616096 0.0399808846414 0.0835388675332
0.00487323757261 0.0785517320037 0.07433602958920001
0.00673394557089 0.0433260835707 0.09956885874269999
0.008700508624319999 0.0547971874475 0.0164865534753
0.0166415404528 0.0389081984758 0.00403683865443
0.00673015834764 0.0342319868505 0.0161992553622
0.00739535642788 0.0364933013916 0.0173216983676
0.0188789367676 0.0696824416518 0.0901050269604
0.0239941906184 0.0501222126186 0.0971474274993
0.0198297444731 0.0497000552714 0.09869511425499999
0.0196535345167 0.0520081035793 0.0984430238605
0.0203629862517 0.07254425436259999 0.0853110924363
-0.015307768248 0.04049924016 0.0918274521828
0.0157714951783 0.0283851381391 0.0145811904222
0.010400313884 0.0254941228777 0.09175896644589999
0.00636463332921 0.07674215734000001 0.08561646193270001
0.00536424247548 0.0777794197202 0.0833251774311
0.0216338764876 0.0656862780452 0.0541337057948
0.0229701548815 0.0708983764052 0.0678613334894
0.0134621355683 0.0741850435734 0.0574677474797
0.0246400870383 0.0487876571715 0.0601523183286
-0.0161924306303 0.0589626915753 0.07716487348080001
-0.0167403481901 0.0571191422641 0.07972609996799999
0.0163481477648 0.0416165180504 0.0182345230132
0.020216031 0.0741521790624 0.077698148787
0.00958630349487 0.0454847514629 0.00509689608589
-0.012976448983 0.06789086014030001 0.082686945796
-0.0109150782228 0.0700411871076 0.0838643014431
0.015358204022 0.0385939180851 0.0632889643312
0.0153284771368 0.0394299179316 0.0599229112267
0.0206183157861 0.0710330978036 0.0877734571695
0.0225620660931 0.0708169937134 0.085427314043
0.0272118989378 0.0380464196205 0.0905576571822
0.0158141274005 0.0726826563478 0.056585624814
0.00218214909546 0.0324591547251 0.0150355733931
-0.0164146143943 0.0444374866784 0.0853804349899
-0.014970141463 0.0431027673185 0.0837679281831
-0.0154575677589 0.0417095199227 0.0858563259244
-0.013690658845 0.0464669466019 0.0743340775371
-0.0163031797856 0.0611395612359 0.0843813344836
-0.0164016112685 0.0508023090661 0.0798662826419
0.0118336919695 0.06317111849779999 0.0964319780469
-0.00943700317293 0.0686894580722 0.0623576976359
0.0128879137337 0.057169534266 0.0984920114279
-0.0131010636687 0.0615276172757 0.0637580752373
-0.00394136365503 0.07414814084769999 0.0858181566
-0.00368575705215 0.07528514415030001 0.0834642350674
0.0195162221789 0.0399114564061 0.09906893968579999
0.0188879668713 0.0373457223177 0.0989806801081
0.00519947288558 0.0265313796699 0.096409574151
-0.008015882223840001 0.0331980325282 0.08597283065319999
0.027011230588 0.0578843615949 0.09223380684849999
0.0226968899369 0.0569716840982 0.0489854812622
-0.009375094436109999 0.0309288892895 0.0900605171919
0.00780018325895 0.0371243134141 -2.15306754399e-05
-0.00624891510233 0.0362861976027 0.078957259655
-0.00695847766474 0.0310020819306 0.0874301046133
-0.00467201229185 0.0288147963583 0.088585935533
0.00887340307236 0.07857927680019999 0.0719984248281
0.0071725435555 0.0786925032735 0.0696049109101
-0.0104944966733 0.0322952270508 0.09237562865020001
0.009927875362339999 0.0774731263518 0.06474114209409999
0.00704854587093 0.0777517184615 0.06477782130239999
0.0276962351054 0.0432537905872 0.0939642861485
0.00802943203598 0.0723190531135 0.051646143198
0.009855149313809999 0.0705077648163 0.09164249897
0.0121802594513 0.06972467899320001 0.0919053554535
0.000451053871075 0.0755568370223 0.0863432884216
0.000789098092355 0.07360433042050001 0.0885102078319
0.008544520474970001 0.0252542998642 0.0930603966117
0.00738881388679 0.0250522885472 0.09157371521
0.00598986353725 0.0511079318821 0.0135819818825
0.0263073947281 0.0553705878556 0.0938986837864
0.0248054377735 0.0580038204789 0.0940062627196
0.0198377985507 0.0703708454967 0.0577133111656
0.0217076577246 0.068750217557 0.0584034956992
0.0124180903658 0.0421985834837 0.0997721254826
0.0108435312286 0.0404950045049 0.0997605845332
-0.0142312506214 0.065528459847 0.0845020711422
0.0297567751259 0.0452596656978 0.0906569212675
0.008428937755530001 0.0523314587772 0.0994213372469
0.00874415133148 0.0550742782652 0.09919334203000001
-0.0153224598616 0.0631966739893 0.085884526372
0.0301972199231 0.0480140596628 0.0891567245126
0.0197536870837 0.0738726332784 0.0829687193036
-0.00380375818349 0.0392667762935 0.06495158374310001
-0.00595597969368 0.0405948609114 0.0655534341931
0.0117062265053 0.07804796844719999 0.07749973237509999
0.0101153599098 0.0432174950838 0.0419813543558
0.00789549294859 0.0426464043558 0.0433570109308
0.00489081628621 0.0293203201145 0.0145667633042
0.00251052482054 0.0334438271821 0.00346996518783
-0.0175859183073 0.0477679222822 0.0897395908833
-0.0178366489708 0.0546570010483 0.08767928928139999
-0.00123656541109 0.0382686220109 0.06381590664389999
-0.00350732915103 0.0398253910244 0.06254303455349999
0.021555012092 0.0511394478381 0.0979693382978
0.017973555252 0.0286048948765 0.09224905818699999
-0.00477174902335 0.0420448705554 0.0582150667906
-0.00425572972745 0.0351677983999 0.078836672008
0.0284149982035 0.0551388189197 0.0919672697783
0.007827687077219999 0.0320376344025 0.0156091628596
0.00615583499894 0.0309062395245 0.0151370186359
-0.00372557761148 0.052029427141 0.0384598448873
-0.009818610735239999 0.0702630281448 0.0667899921536
-0.0110548362136 0.0584758743644 0.0563586726785
0.0196655523032 0.0473850183189 0.0989925265312
-0.0102603845298 0.050896409899 0.0563447549939
-0.0145564144477 0.0650369152427 0.0784406810999
-0.00707321427763 0.043667383492 0.0597808510065
0.0158996041864 0.03677482903 0.0994519963861
0.0149528263137 0.0341120623052 0.09909479320050001
-0.0149576319382 0.0599348805845 0.0699573755264
0.0210791714489 0.0548696778715 0.0432741604745
0.0157484132797 0.0711855888367 0.0539968721569
0.0180315990001 0.0708565935493 0.0559581853449
0.0149075081572 0.0361021868885 0.072501309216
-0.017253100872 0.0529848337173 0.08964276313779999
-0.0115396101028 0.0677184164524 0.0668261125684
0.019276579842 0.0671851336956 0.0916158556938
-0.0114936325699 0.0498276948929 0.0612551569939
-0.0125875249505 0.0510994121432 0.0635821074247
-0.012436285615 0.0526149347425 0.061584521085
0.0293441005051 0.058263219893 0.0794808864594
0.0291010290384 0.0602801516652 0.0805871933699
0.0232616402209 0.0545473434031 0.0504361726344
-0.0115789500996 0.0483017601073 0.0636905133724
-0.00146459194366 0.0661492273211 0.0938624069095
0.0151201076806 0.0420575961471 0.0997877568007
0.0086762662977 0.0456463955343 0.09958840161559999
0.0159247051924 0.031428925693 0.0156941656023
-0.0114003494382 0.07006236165760001 0.0807534754276
0.0102514186874 0.0373115465045 0.0620608404279
0.0138461738825 0.0440393984318 0.0271332580596
-0.009594628587370001 0.0416716001928 0.0716977342963
-0.0108992327005 0.043784674257 0.07041348516940001
0.00584469502792 0.06759535521270001 0.0331987068057
0.0074207209982 0.0432422272861 0.0296013336629
0.0172225814313 0.07540877163409999 0.0829800069332
-0.0160401016474 0.061126139015 0.0865944772959
-0.0102251740173 0.0488685704768 0.0586584918201
-0.008587112650279999 0.046079095453 0.0583941563964
-0.0101598631591 0.0471171736717 0.0612226687372
0.0230949316174 0.0356068499386 0.09622838348149999
-0.0116116786376 0.0697496682405 0.07762056589129999
0.0248054992408 0.0382354035974 0.0959431305528
0.00822762679309 0.0570330843329 0.0184662137181
-0.008666019886730001 0.0630176141858 0.0537226758897
0.00546201039106 0.0783097818494 0.06718556582930001
-0.0154307140037 0.0581407770514 0.07213699817660001
0.000528508855496 0.0768933743238 0.0835981816053
0.017404044047 0.0320443809032 0.08590506017210001
0.0287659391761 0.0575785860419 0.0723196864128
-0.00844211410731 0.0379262417555 0.0787944197655
-0.0167725943029 0.0538755767047 0.0796809345484
0.009509535506369999 0.032980684191 0.078484967351
-0.0104350792244 0.0445269197226 0.0674289315939
-0.009058217518029999 0.0422231554985 0.0689175501466
0.00143405934796 0.0256745871156 0.0927229523659
0.0280577987432 0.062822163105 0.0745992586017
0.028371931985 0.0624928548932 0.07725564390420001
0.00727450475097 0.0294203106314 0.0985580682755
-0.000522291578818 0.0443648733199 0.0164938587695
-0.0009952496038750001 0.0429646410048 0.0149362562224
-0.00459421658888 0.0520516857505 0.0412104204297
0.00483186263591 0.0249727014452 0.0102176982909
0.0297165028751 0.0541242063046 0.08168043196200001
0.0293209459633 0.0529311597347 0.07890334725379999
0.027327414602 0.06514390557999999 0.0763966366649
-0.010315971449 0.0536401830614 0.09609387069939999
-0.00740120979026 0.0545099116862 0.0972204431891
0.028950728476 0.0509956777096 0.0788522362709
-0.000663656450342 0.0405046306551 0.0153768286109
0.00837452430278 0.0439750887454 0.00254310411401
0.0278428681195 0.0627534389496 0.07174097001550001
0.0268703326583 0.0657875612378 0.07307527214289999
0.0281751509756 0.0544232465327 0.0689952969551
0.0259570199996 0.0466983318329 0.07033414393659999
0.018780792132 0.0749328434467 0.0803401619196
0.0212635006756 0.07314545661209999 0.0804076343775
0.00537617132068 0.07864403724669999 0.0767889171839
0.02608233504 0.063764244318 0.06362305581570001
0.0176163986325 0.07582671940330001 0.07766499370340001
0.018877858296 0.0361680537462 0.0794556438923
0.0178158283234 0.0456383377314 0.012526884675
0.0116366920993 0.0428616479039 0.0264527238905
0.0169182494283 0.0396160967648 0.0995673090219
0.019759921357 0.0330872796476 0.08639220893379999
0.0284314732999 0.0628237053752 0.08125618845220001
0.00710343150422 0.0245222616941 0.00958653725684
0.00820418447256 0.0439481250942 0.0347730517387
0.0108952606097 0.0533918440342 0.0993423610926
0.000660409859847 0.0489857755601 0.0992477908731
-0.0115400087088 0.0330135114491 0.0899174958467
0.0220133904368 0.07200035452840001 0.08302235603329999
-0.00407881569117 0.055384144187 0.0978955700994
-0.008774664252999999 0.0450208187103 0.0612464174628
-0.0161451920867 0.0521969869733 0.0772815421224
0.020511245355 0.0379687324166 0.0770688951015
0.0167022515088 0.0322991386056 0.09814700484280001
0.0247777495533 0.0458066239953 0.0676112174988
0.0205927491188 0.0708512142301 0.0601248405874
0.00699687609449 0.0425172001123 0.0264872629195
-0.00173944793642 0.0755881816149 0.08486136049030001
0.0294093303382 0.0491269752383 0.0838916525245
-0.00162227218971 0.0275663137436 0.095517359674
-0.000292233075015 0.0366093143821 0.06889354437590001
0.00968755967915 0.0388611555099 -8.78222272149e-05
0.00531220110133 0.0365348681808 0.0996080115438
0.0123317660764 0.0373113937676 0.064065515995
0.00795272924006 0.0403397418559 0.09966950118539999
-0.0166352782398 0.0490154623985 0.0823299661279
-0.00299885636196 0.0407982207835 0.0582719519734
-0.00276501686312 0.0411736704409 0.0563918091357
-0.00244852155447 0.076761238277 0.0761628597975
0.0276081878692 0.0622767545283 0.06889149546620001
0.0269105285406 0.0650383159518 0.0698786303401
0.0172584690154 0.0413003340364 0.00572933163494
0.0126042338088 0.0262431874871 0.0940289273858
0.0214480217546 0.0330915823579 0.0959489122033
0.0196144748479 0.0311208087951 0.0955650061369
-0.00429533049464 0.0757804736495 0.07500431686639999
0.00838196929544 0.031399384141 0.09916509687900001
0.0237825009972 0.0707444921136 0.0747620463371
0.0258300174028 0.0679416507483 0.07562446594239999
0.0155444145203 0.0271700583398 0.09332113713030001
0.0139653896913 0.0344530306756 0.076884098351
0.0085160555318 0.0771469920874 0.0628753602505
-0.0133030796424 0.06308942288159999 0.06611216813329999
0.00432768138126 0.0314773693681 0.0151605615392
0.0278359949589 0.0642868354917 0.0791006162763
-0.0132399713621 0.0672383606434 0.076561793685
0.00974147859961 0.0331544242799 0.0994044020772
0.0290063787252 0.0601607263088 0.0782895162702
0.00171235681046 0.0539798922837 0.0989897847176
0.0180453378707 0.0748069956899 0.0662842690945
0.0284354388714 0.057228770107 0.0698413997889
0.0226472765207 0.0689541995525 0.0611528344452
0.028607616201 0.0601825714111 0.07331328094010001
-0.0131008541211 0.0353431105614 0.0902126654983
0.00591882225126 0.0324997082353 0.015612157993
0.0205154847354 0.0539525598288 0.09778320044280001
-0.0131756104529 0.0424821190536 0.0954258516431
-0.00821585580707 0.042554680258 0.0657258033752
-0.00995324645191 0.0453043319285 0.0640381425619
0.0222461000085 0.0397625118494 0.0758092775941
0.00505683105439 0.065004684031 0.0956796482205
-0.00136389606632 0.0574946068227 0.0979256778955
-0.000843998510391 0.0548619031906 0.0986007377505
0.00156447768677 0.0515448823571 0.0992098301649
0.019035872072 0.07278567552570001 0.0619510710239
0.0213932618499 0.0710760504007 0.0629522055387
-0.000382347556297 0.07748408615589999 0.07454288750889999
0.00119488372002 0.0779726579785 0.0730273872614
0.0114932591096 0.0447636954486 0.0997024700046
0.009697269648310001 0.0427724123001 0.0996807143092
-0.013188126497 0.067641235888 0.0795715525746
0.00498731760308 0.0335444249213 0.07571728527549999
-0.0114207034931 0.0516162440181 0.0590629465878
0.026245329529 0.0564258135855 0.0597462579608
-0.0104975029826 0.0683756321669 0.0647750198841
0.0248518530279 0.0344932973385 0.09174677729609999
-0.00205081747845 0.0378657616675 0.0667782276869
0.0265884846449 0.0457662008703 0.075226418674
0.0121227810159 0.0335675701499 0.0993850827217
0.0139711908996 0.0316982120275 0.0986695289612
0.0110223069787 0.0556737035513 0.0989991798997
0.026599990204 0.0644869208336 0.06691562384370001
0.0144014209509 0.0278517976403 0.0960468798876
0.0114727048203 0.0659658387303 0.094848766923
0.010797560215 0.068291708827 0.0932229086757
0.0251824744046 0.0667715221643 0.0651900246739
0.0222699772567 0.0406291820109 0.0733482241631
0.0285800658166 0.0620350018144 0.0793106257915
-0.00518431374803 0.0734654739499 0.0635216683149
0.00765401870012 0.0372835695744 0.0997061654925
0.028319472447 0.0599634982646 0.0707060843706
0.0259539447725 0.06732990592720001 0.07063567638400001
-0.0166061017662 0.0554785393178 0.08985576778649999
-0.0131982816383 0.0534843578935 0.0636885613203
0.0194727163762 0.0298857055604 0.093634031713
-0.00329174101353 0.0404999256134 0.0600493885577
-0.0131464768201 0.0524399243295 0.0945211797953
-0.0117556080222 0.0471740588546 0.0664474666119
0.0256746411324 0.06712031364440001 0.0681005194783
-0.0051297112368 0.0405900068581 0.06366041302680001
-0.009692599996919999 0.0328167378902 0.0877429544926
3 1 0 1559
1638
1639
1640
1641
1642
1643
1644
1645
1646
1647
1648
1649
1650
1651
1652
1653
1654
1655
1656
1657
1658
1659
1660
1661
1662
1663
1664
1665
1666
1667
1668
1669
1670
1671
1672
1673
1674
1675
1676
1677
1678
1679
1680
1681
1682
1683
1684
1685
1686
1687
1688
1689
1690
1691
1692
1693
1694
1695
1696
1697
1698
1699
1700
1701
1702
1703
1704
1705
1706
1707
1708
1709
1710
1711
1712
1713
1714
1715
1716
1717
1718
1719
1720
1721
1722
1723
1724
1725
1726
1727
1728
1729
1730
1731
1732
1733
1734
1735
1736
1737
1738
1739
1740
1741
1742
1743
1744
1745
1746
1747
1748
1749
1750
1751
1752
1753
1754
1755
1756
1757
1758
1759
1760
1761
1762
1763
1764
1765
1766
1767
1768
1769
1770
1771
1772
1773
1774
1775
1776
1777
1778
1779
1780
1781
1782
1783
1784
1785
1786
1787
1788
1789
1790
1791
1792
1793
1794
1795
1796
1797
1798
1799
1800
1801
1802
1803
1804
1805
1806
1807
1808
1809
1810
1811
1812
1813
1814
1815
1816
1817
1818
1819
1820
1821
1822
1823
1824
1825
1826
1827
1828
1829
1830
1831
1832
1833
1834
1835
1836
1837
1838
1839
1840
1841
1842
1843
1844
1845
1846
1847
1848
1849
1850
1851
1852
1853
1854
1855
1856
1857
1858
1859
1860
1861
1862
1863
1864
1865
1866
1867
1868
1869
1870
1871
1872
1873
1874
1875
1876
1877
1878
1879
1880
1881
1882
1883
1884
1885
1886
1887
1888
1889
1890
1891
1892
1893
1894
1895
1896
1897
1898
1899
1900
1901
1902
1903
1904
1905
1906
1907
1908
1909
1910
1911
1912
1913
1914
1915
1916
1917
1918
1919
1920
1921
1922
1923
1924
1925
1926
1927
1928
1929
1930
1931
1932
1933
1934
1935
1936
1937
1938
1939
1940
1941
1942
1943
1944
1945
1946
1947
1948
1949
1950
1951
1952
1953
1954
1955
1956
1957
1958
1959
1960
1961
1962
1963
1964
1965
1966
1967
1968
1969
1970
1971
1972
1973
1974
1975
1976
1977
1978
1979
1980
1981
1982
1983
1984
1985
1986
1987
1988
1989
1990
1991
1992
1993
1994
1995
1996
1997
1998
1999
2000
2001
2002
2003
2004
2005
2006
2007
2008
2009
2010
2011
2012
2013
2014
2015
2016
2017
2018
2019
2020
2021
2022
2023
2024
2025
2026
2027
2028
2029
2030
2031
2032
2033
2034
2035
2036
2037
2038
2039
2040
2041
2042
2043
2044
2045
2046
2047
2048
2049
2050
2051
2052
2053
2054
2055
2056
2057
2058
2059
2060
2061
2062
2063
2064
2065
2066
2067
2068
2069
2070
2071
2072
2073
2074
2075
2076
2077
2078
2079
2080
2081
2082
2083
2084
2085
2086
2087
2088
2089
2090
2091
2092
2093
2094
2095
2096
2097
2098
2099
2100
2101
2102
2103
2104
2105
2106
2107
2108
2109
2110
2111
2112
2113
2114
2115
2116
2117
2118
2119
2120
2121
2122
2123
2124
2125
2126
2127
2128
2129
2130
2131
2132
2133
2134
2135
2136
2137
2138
2139
2140
2141
2142
2143
2144
2145
2146
2147
2148
2149
2150
2151
2152
2153
2154
2155
2156
2157
2158
2159
2160
2161
2162
2163
2164
2165
2166
2167
2168
2169
2170
2171
2172
2173
2174
2175
2176
2177
2178
2179
2180
2181
2182
2183
2184
2185
2186
2187
2188
2189
2190
2191
2192
2193
2194
2195
2196
2197
2198
2199
2200
2201
2202
2203
2204
2205
2206
2207
2208
2209
2210
2211
2212
2213
2214
2215
2216
2217
2218
2219
2220
2221
2222
2223
2224
2225
2226
2227
2228
2229
2230
2231
2232
2233
2234
2235
2236
2237
2238
2239
2240
2241
2242
2243
2244
2245
2246
2247
2248
2249
2250
2251
2252
2253
2254
2255
2256
2257
2258
2259
2260
2261
2262
2263
2264
2265
2266
2267
2268
2269
2270
2271
2272
2273
2274
2275
2276
2277
2278
2279
2280
2281
2282
2283
2284
2285
2286
2287
2288
2289
2290
2291
2292
2293
2294
2295
2296
2297
2298
2299
2300
2301
2302
2303
2304
2305
2306
2307
2308
2309
2310
2311
2312
2313
2314
2315
2316
2317
2318
2319
2320
2321
2322
2323
2324
2325
2326
2327
2328
2329
2330
2331
2332
2333
2334
2335
2336
2337
2338
2339
2340
2341
2342
2343
2344
2345
2346
2347
2348
2349
2350
2351
2352
2353
2354
2355
2356
2357
2358
2359
2360
2361
2362
2363
2364
2365
2366
2367
2368
2369
2370
2371
2372
2373
2374
2375
2376
2377
2378
2379
2380
2381
2382
2383
2384
2385
2386
2387
2388
2389
2390
2391
2392
2393
2394
2395
2396
2397
2398
2399
2400
2401
2402
2403
2404
2405
2406
2407
2408
2409
2410
2411
2412
2413
2414
2415
2416
2417
2418
2419
2420
2421
2422
2423
2424
2425
2426
2427
2428
2429
2430
2431
2432
2433
2434
2435
2436
2437
2438
2439
2440
2441
2442
2443
2444
2445
2446
2447
2448
2449
2450
2451
2452
2453
2454
2455
2456
2457
2458
2459
2460
2461
2462
2463
2464
2465
2466
2467
2468
2469
2470
2471
2472
2473
2474
2475
2476
2477
2478
2479
2480
2481
2482
2483
2484
2485
2486
2487
2488
2489
2490
2491
2492
2493
2494
2495
2496
2497
2498
2499
2500
2501
2502
2503
2504
2505
2506
2507
2508
2509
2510
2511
2512
2513
2514
2515
2516
2517
2518
2519
2520
2521
2522
2523
2524
2525
2526
2527
2528
2529
2530
2531
2532
2533
2534
2535
2536
2537
2538
2539
2540
2541
2542
2543
2544
2545
2546
2547
2548
2549
2550
2551
2552
2553
2554
2555
2556
2557
2558
2559
2560
2561
2562
2563
2564
2565
2566
2567
2568
2569
2570
2571
2572
2573
2574
2575
2576
2577
2578
2579
2580
2581
2582
2583
2584
2585
2586
2587
2588
2589
2590
2591
2592
2593
2594
2595
2596
2597
2598
2599
2600
2601
2602
2603
2604
2605
2606
2607
2608
2609
2610
2611
2612
2613
2614
2615
2616
2617
2618
2619
2620
2621
2622
2623
2624
2625
2626
2627
2628
2629
2630
2631
2632
2633
2634
2635
2636
2637
2638
2639
2640
2641
2642
2643
2644
2645
2646
2647
2648
2649
2650
2651
2652
2653
2654
2655
2656
2657
2658
2659
2660
2661
2662
2663
2664
2665
2666
2667
2668
2669
2670
2671
2672
2673
2674
2675
2676
2677
2678
2679
2680
2681
2682
2683
2684
2685
2686
2687
2688
2689
2690
2691
2692
2693
2694
2695
2696
2697
2698
2699
2700
2701
2702
2703
2704
2705
2706
2707
2708
2709
2710
2711
2712
2713
2714
2715
2716
2717
2718
2719
2720
2721
2722
2723
2724
2725
2726
2727
2728
2729
2730
2731
2732
2733
2734
2735
2736
2737
2738
2739
2740
2741
2742
2743
2744
2745
2746
2747
2748
2749
2750
2751
2752
2753
2754
2755
2756
2757
2758
2759
2760
2761
2762
2763
2764
2765
2766
2767
2768
2769
2770
2771
2772
2773
2774
2775
2776
2777
2778
2779
2780
2781
2782
2783
2784
2785
2786
2787
2788
2789
2790
2791
2792
2793
2794
2795
2796
2797
2798
2799
2800
2801
2802
2803
2804
2805
2806
2807
2808
2809
2810
2811
2812
2813
2814
2815
2816
2817
2818
2819
2820
2821
2822
2823
2824
2825
2826
2827
2828
2829
2830
2831
2832
2833
2834
2835
2836
2837
2838
2839
2840
2841
2842
2843
2844
2845
2846
2847
2848
2849
2850
2851
2852
2853
2854
2855
2856
2857
2858
2859
2860
2861
2862
2863
2864
2865
2866
2867
2868
2869
2870
2871
2872
2873
2874
2875
2876
2877
2878
2879
2880
2881
2882
2883
2884
2885
2886
2887
2888
2889
2890
2891
2892
2893
2894
2895
2896
2897
2898
2899
2900
2901
2902
2903
2904
2905
2906
2907
2908
2909
2910
2911
2912
2913
2914
2915
2916
2917
2918
2919
2920
2921
2922
2923
2924
2925
2926
2927
2928
2929
2930
2931
2932
2933
2934
2935
2936
2937
2938
2939
2940
2941
2942
2943
2944
2945
2946
2947
2948
2949
2950
2951
2952
2953
2954
2955
2956
2957
2958
2959
2960
2961
2962
2963
2964
2965
2966
2967
2968
2969
2970
2971
2972
2973
2974
2975
2976
2977
2978
2979
2980
2981
2982
2983
2984
2985
2986
2987
2988
2989
2990
2991
2992
2993
2994
2995
2996
2997
2998
2999
3000
3001
3002
3003
3004
3005
3006
3007
3008
3009
3010
3011
3012
3013
3014
3015
3016
3017
3018
3019
3020
3021
3022
3023
3024
3025
3026
3027
3028
3029
3030
3031
3032
3033
3034
3035
3036
3037
3038
3039
3040
3041
3042
3043
3044
3045
3046
3047
3048
3049
3050
3051
3052
3053
3054
3055
3056
3057
3058
3059
3060
3061
3062
3063
3064
3065
3066
3067
3068
3069
3070
3071
3072
3073
3074
3075
3076
3077
3078
3079
3080
3081
3082
3083
3084
3085
3086
3087
3088
3089
3090
3091
3092
3093
3094
3095
3096
3097
3098
3099
3100
3101
3102
3103
3104
3105
3106
3107
3108
3109
3110
3111
3112
3113
3114
3115
3116
3117
3118
3119
3120
3121
3122
3123
3124
3125
3126
3127
3128
3129
3130
3131
3132
3133
3134
3135
3136
3137
3138
3139
3140
3141
3142
3143
3144
3145
3146
3147
3148
3149
3150
3151
3152
3153
3154
3155
3156
3157
3158
3159
3160
3161
3162
3163
3164
3165
3166
3167
3168
3169
3170
3171
3172
3173
3174
3175
3176
3177
3178
3179
3180
3181
3182
3183
3184
3185
3186
3187
3188
3189
3190
3191
3192
3193
3194
3195
3196
0.006755079331906373 0.05711394378176622 0.0710153428576661
0.007882187695856425 0.0562237732923014 0.05515781439520166
0.01402382089019858 0.05223567540792428 0.08359624268670239
-0.0003118759379692488 0.04890447372560184 0.0844656126413568
0.007651468024876484 0.05643183200627822 0.0424104467343413
0.01207693465313232 0.06421261570414333 0.0800291344523841
-0.0007670873710368085 0.06239791650558477 0.08016837865091467
0.004831896238378064 0.04877724779898015 0.06335282797425544
0.001513160552778731 0.06270828175051439 0.06233491587663097
0.01271796773628015 0.06597015070713948 0.06941090847474897
0.01502828664770809 0.05393674387450923 0.06378792766723988
0.01192268796369131 0.04730127794598227 0.07356084792844149
0.01802957634852041 0.05636418145894299 0.07402233446790901
0.009003460351755994 0.04231679899106094 0.0878180491619418
-0.0008890640299055392 0.04901202925595196 0.07314097028892576
0.006663100498052685 0.05544538689957935 0.03116794395706711
-0.003608634120508457 0.05886777318316217 0.07067839945475995
0.005455179189616174 0.05750201888886732 0.08749361543839676
0.002590876949985684 0.06741506191130732 0.07161984329094925
0.01094031112933438 0.06449011384489071 0.05974687965957143
0.01911456715486463 0.04596210317988638 0.08907592325981291
-0.008516272731770864 0.05284766352556355 0.08580419303152335
0.01932768706542228 0.05993287570104247 0.08412384688539704
-0.001204597221708686 0.05435530637644141 0.05812616881737947
0.004652418971451086 0.04294171668777143 0.0784784232326243
0.005125415522618601 0.04786576957833313 0.05432697122916147
0.01345931510775902 0.04958994457316692 0.05635844506196621
0.001392324208071457 0.05559288883602589 0.04900683130457212
0.006155285442666711 0.05222040851983541 0.07880042525510135
-0.006889827867971532 0.04426270577265075 0.0888257577756178
0.00879271023807322 0.05069163091292712 0.02427735372278951
0.01060031568843126 0.05075300075438471 0.04825818215650548
0.01604484465939453 0.05840222453496914 0.05655282182605495
0.0005837971012354111 0.03858265364356007 0.08995109051578441
0.01769804130135375 0.06189794690455742 0.06400965580165596
0.008877078488666078 0.03800556290348808 0.008273101593250322
0.01273725714989598 0.05897191638931112 0.04873732522253726
0.01915528655710935 0.04872002421812031 0.07729179382967295
0.0001995871195023301 0.06141894910764426 0.05447123586135736
-0.006534068799465574 0.04847818837176762 0.07910115245097271
0.01144174406085923 0.05331170637505736 0.09123051614594625
0.004688658781824204 0.06861037766431836 0.08232772606409119
0.005085819163912023 0.04382112451677377 0.07013329470737449
0.01398400155710169 0.03695785960759453 0.09148391749725027
-0.007395943520278303 0.05709210948143612 0.07829993002437872
0.001558379575812338 0.0520768315855536 0.09145969972198942
0.01379440438211613 0.04296512952880299 0.08072690231062267
0.007875680189109261 0.05781078405237979 0.06306206935759744
0.01249043279070781 0.04614906545204534 0.06532642690987542
0.007582017926751785 0.06392578277241608 0.05244726682705854
-0.004111957337700477 0.05189228412444551 0.06577222233290844
0.006798022583021751 0.06930503163534824 0.06488027943161567
0.01813109764665376 0.04991633800375096 0.06967673867725041
0.01848252049995928 0.0644536316178 0.07498182225824938
0.01926992689920235 0.05393790130494013 0.08939613012630872
0.009230751932053879 0.07028971695934788 0.07538927587128241
-0.0027914561479828 0.05839125132543244 0.08821536804033277
0.01232662703736924 0.06178969144888476 0.08775817146645196
-0.003497826229375417 0.06573552777359448 0.06727996322608451
-0.002885143887130938 0.04301728901679776 0.0771251172989275
0.01607729451664372 0.05352240446453157 0.05136088528554654
0.005432190898457666 0.06054431277014125 0.03680122196159921
-0.0008076344967892146 0.04559203599074636 0.06635260017296854
0.007183579335088841 0.0496674187130149 0.0859743395584396
0.006125161625461903 0.05982557491156398 0.07812491639028439
-0.00519733885430813 0.05894816608451018 0.06285993843091781
0.01320790249688886 0.04499965307636044 0.09279557634692306
0.02204507047193192 0.04934400454238491 0.08366267643555428
0.01347343794903194 0.0588025461109491 0.06897980300826813
-0.005285360334410931 0.06514654325713884 0.07467182655978588
-5.559761358734153e-05 0.0558304592296499 0.07657135617816564
0.02245746587365009 0.0598939697244965 0.07836467692154525
0.0123032800679239 0.05701015385242032 0.03624277298766995
-0.007523962718886871 0.05218206838201211 0.07281810765969884
0.001492724864811464 0.05661162763992963 0.06614376651265395
0.006558959373999275 0.04474176389844009 0.01575611493500458
0.004237131261572444 0.06182345617043604 0.04617750114791742
0.0208122624928385 0.05617860846147644 0.06740516362998081
0.01273751334398385 0.05724746301574068 0.0787041321993022
0.004669852100737474 0.06736863211183534 0.05796502179730105
0.0002929045847610483 0.04664502687120835 0.05885681969049048
0.0203760465396875 0.03987882757839374 0.09130648775772734
0.009099830896171631 0.04498283501496018 0.05931107622242802
0.004277303851128138 0.05049911452167601 0.04477536442137649
0.007161596771719967 0.05037374978798888 0.06963883747184962
0.003614107920196607 0.04498294085953857 0.0921646347065504
0.006728993222375765 0.03422301212544242 0.09180850357602002
0.005837635449190017 0.03331711799182829 0.009861641583657803
0.01752379411161568 0.06654169192880788 0.08352196552140555
-0.007425648162543061 0.06233682760452869 0.08373848292139681
0.006206290891187084 0.06291581181476233 0.06736025121369479
0.008370536285192973 0.05115088775536989 0.03759240322240041
-0.0001733219279520699 0.04181159682195248 0.08362354113810616
0.001853804883491351 0.06368733535858245 0.08674533010812722
0.001087516851717206 0.05668616681849282 0.04253553893082559
0.01868230090686309 0.05279717768035753 0.0585309865397946
-0.0008744577233984044 0.05042547095063335 0.05267345770225415
-0.0006216274288897553 0.06977064291440878 0.07761239873099603
0.00967036346495994 0.05210037876095412 0.06084182288390282
0.01387382993809301 0.06394559146440032 0.05399523207377607
0.01410932173626273 0.05450705431272252 0.04370953144885825
0.01203528550578516 0.05384772235130601 0.073136617153354
0.01576413426875307 0.07010791033232046 0.07244005196782356
0.0190240338528732 0.06604394596039534 0.06884087050895402
0.01932206914662418 0.05449608613625014 0.08042737790852782
0.01098622967278983 0.07182526570014938 0.06863476851380586
-0.006211123950369903 0.03783019039233596 0.09040039685163762
-0.01189684412220866 0.04806513300750789 0.087814986349031
0.009567241680661837 0.04105268883965604 0.07430445243695617
0.01386500183748928 0.06878222340685786 0.0636604065257852
0.01192463005611323 0.04205636693441615 0.01270318079496551
0.01082007053891359 0.06185218200927558 0.07408863890648391
-0.00518022277653891 0.0504676419171555 0.09139071960429977
0.01291162403840774 0.05322212436342453 0.02921875396593614
0.01117221258027477 0.06014255749621263 0.03095048979623599
0.01471048292195907 0.07000608780295613 0.07882906668802361
0.002020560614953624 0.06108286646663038 0.07318189704158934
0.008770219971083921 0.06280232991366949 0.04177017697410989
0.00568893182887579 0.03828937173476081 0.0833884812136428
0.003290598093575465 0.05229337209142245 0.02677981743555327
0.01660348493472426 0.0434360018860785 0.07517832943658787
0.01595930590590708 0.04079439626241085 0.08653405851568562
-0.001782250147913781 0.06599475516514167 0.05865534621443511
0.02365765390307688 0.05535240788530893 0.0850077760150338
7.730903403035819e-05 0.03322921789158347 0.09284317748035631
0.002712366912454732 0.05447590660302781 0.03646855663276684
0.0006593006207875467 0.05544790698003603 0.08324846139716285
0.005920408834847934 0.06119468112491667 0.05826959350854335
0.0006687102236094226 0.06875950842051737 0.06371281347013628
0.01673500737224168 0.04760412815748635 0.06114685197935103
-0.006216943618584176 0.04316414480220235 0.08246962907738077
0.01151964767079695 0.06900583327379177 0.08447196776776757
-0.002971636476477824 0.06722777027928195 0.08403706540603251
0.003785664841831976 0.04328258886330261 0.06197009285470238
0.01330709696087777 0.0468114148083986 0.08674776244925519
0.01629825797508679 0.0502182145426646 0.09317219068087607
0.02362106765992433 0.04984553577711765 0.08968930553239515
0.01105556104303641 0.0484559917178753 0.07962540508896108
0.007403885327325667 0.06226393892631417 0.08381754809861322
0.007476175412016474 0.05591825725992898 0.04908597872739165
0.00452113183681677 0.0402782552619045 0.0120103485249607
0.001557093046325266 0.04082108927328845 0.07385122556747822
-0.003265977608820898 0.05662847284952793 0.05283423002859727
0.01118197846085475 0.04724852738329374 0.01943699051598073
-0.006305858105697739 0.04635051632488318 0.07349969933617512
-0.01122423856133479 0.05800610247893978 0.08555690422747141
0.005556954517062268 0.0726910268647158 0.07120045342650236
0.01060951091829484 0.04604415709033548 0.05221700173267812
0.006039465976051256 0.04749493554018266 0.07480012167715479
-0.009369637526800555 0.05875213686532958 0.07274729853460435
0.007907349310984834 0.04946083348384307 0.03026701058685095
0.01449064207143838 0.03598326787823101 0.01013118972115607
0.02295438445913111 0.05320861954756037 0.07571354550501011
0.001502036617320899 0.05088972265894239 0.06782786491464494
0.004248701792620645 0.05204678369381177 0.05843996386857331
0.01350441176876468 0.0426876351510408 0.07015833720663797
0.008959908200182606 0.05545308784209218 0.08304148483551042
0.02202589659250916 0.06053139626510386 0.07168973906478933
0.01951280345831881 0.04388390894304846 0.08265136001873237
0.01674407817450586 0.06565773333629382 0.05953226047325304
0.02017349541002957 0.05115719988132048 0.06431351627130655
0.003675978855678074 0.06531413846437453 0.07721912523234484
-0.007741049570250304 0.06162508811084533 0.06747539918972098
-0.008407688865203138 0.05564823016866429 0.0676826552238548
0.009284033321309084 0.04031686059502768 0.09364650520768872
0.001405859716758191 0.04807742196812604 0.07869266830732231
0.01752775115675141 0.05965518474339938 0.0898331944784119
0.0203889251565346 0.05806055205393579 0.06048096699081826
0.0103004595824103 0.05442237523479811 0.06702578194823178
0.01332906808652255 0.05899866256500125 0.06160637197229395
0.009422606990775221 0.05642705051205213 0.0256504888034305
-0.002336212655617699 0.04321222641038115 0.09299646037393342
-0.004756536558429543 0.06086990661181207 0.05741526171852147
0.006193544759308132 0.05546119420914884 0.09303539657058776
0.007050762779872807 0.06637886456821411 0.08788865197448567
0.008467431712069947 0.04824621327354275 0.09153589593200259
0.0101191390666315 0.0361066969180246 0.08689705821314678
-0.01084460111943135 0.05227145597383459 0.0795289297546448
0.01744305213418259 0.05873752176183639 0.05135711704987536
0.0006335150665932763 0.07175846474567957 0.06853273689899919
0.008240976026996753 0.04219383219995344 0.06553522402653712
-0.00995397031276965 0.04102891860294931 0.09128328130259385
0.00500960690700259 0.04453293360751048 0.08412271652482425
0.003231659310834848 0.05300435472228518 0.07284750170378211
0.01126247886424482 0.0628453190312223 0.06504836073600412
0.01036939038766057 0.06415555067342266 0.04726951880899164
0.01392296158490925 0.06034972107781927 0.0431537674012451
0.0005704625920343945 0.06189666248785495 0.06781453465501121
0.01697437167754624 0.06093285114404075 0.07910805542578006
0.01184340537807264 0.03173441356919914 0.09239145807868547
0.002593087033620732 0.057476467832997 0.0607501819771503
-0.006304939220824319 0.05369277504063291 0.06074586243324825
0.01409308255993678 0.05784458949510921 0.08414179878948574
0.01476955575537429 0.05214811933824749 0.07769563868010294
0.01105487419683904 0.04968431171774192 0.04254989602818179
0.009225138024011403 0.05127498551959408 0.05345667367365412
0.002422512790018812 0.06470497596632573 0.05062119798417423
0.005392146961608476 0.04752887674504558 0.02074652230973023
0.00942666161579441 0.07005014436044915 0.05980645569112242
0.002393963206826386 0.05633187729625028 0.05440576525481161
-0.00449718012434581 0.05330421248841102 0.08162634014087095
0.007789537862958967 0.06574833118446211 0.07175249742371968
0.02215814003951616 0.06418823294911032 0.08369356564308955
0.002583083383569977 0.04748673687708912 0.04927175496417332
0.004236550622085635 0.07289244724354718 0.07686773213569635
0.01244135038268044 0.05465749886149675 0.05720619312784888
0.001805128479611675 0.05914792990349931 0.09178191745299909
0.01004754664659197 0.03868661499232843 0.07957996995211664
0.005495828242929202 0.0610793963637602 0.03107204935368748
-0.00307346327063731 0.06991988715482392 0.07246195679680731
0.01106140343239566 0.06024118956747156 0.05656120418073088
-0.002460195820242876 0.04329708778069059 0.07105351609619237
-0.004372565602038497 0.04847508375177417 0.0613477989069313
-0.009229406647444975 0.06264210364268107 0.0781859818375161
0.01283333429355289 0.05029401173949399 0.06924718111228235
0.01614217174349301 0.07052016426934925 0.06760071931878214
0.00756763149179724 0.06155309446731762 0.09108517706166512
0.0009706535924625306 0.0524891215705024 0.0627024644880283
-0.00103483612594484 0.06060848399184277 0.04909769843827819
-0.0078484524136195 0.05668438265960663 0.08977196373157065
0.001446318443322363 0.05567208305889346 0.03039238479642245
0.02444155160340131 0.05275148375359866 0.08062742102000373
0.002432499623912622 0.06169478231904744 0.04111349414094703
0.0004645956889462849 0.03908060282686388 0.07892374775715298
0.008719867360150749 0.07251997501946793 0.08075377579779841
0.006447544688574471 0.06435711261047991 0.06236702882058563
0.004609574604081167 0.05198769660874145 0.05105908026852139
0.01774311818364756 0.04599793635359899 0.06610982687657511
0.01264844245731526 0.05865174883301029 0.09237739939194661
-0.00577577348660154 0.04824205679110957 0.0845480784950066
0.01600415419916525 0.04775823694801558 0.08148411752650293
0.01835878127512352 0.04404970838701581 0.09405505695616168
-0.002302028625440683 0.05359782383831636 0.07059934629648777
0.01118959761695585 0.03132756437455927 0.009941967053937113
0.004528107625722128 0.05983491023566202 0.05106863973822286
0.01351075459405929 0.06625344746925942 0.07528920510826317
-0.01253105426690396 0.05407498881141793 0.0879473629171553
-0.006549200310744116 0.0673581184488245 0.07969226957839773
0.005577220058001742 0.05361508483292701 0.06505324753004257
0.02403658180682559 0.04464135102739194 0.09043055504468489
0.01533776696589902 0.04830326429187418 0.0515983417857716
0.01017190937943676 0.06731346663167623 0.05543798503686728
-0.0008761055502489829 0.04742934323264822 0.08975213209927391
-0.003440705775949507 0.06008213421258031 0.07600338033297972
-0.005722255995700182 0.0472213237427726 0.06812757487212391
0.02240418577436101 0.05945269815291575 0.08821554473633425
0.01060258416848212 0.0625207293517491 0.03654847085802625
0.02191301177759102 0.04864163093766448 0.0729382059470326
-0.005462277171363156 0.06438456821284942 0.06236176453045264
-0.004445695313667955 0.03883713488334896 0.08531723594588271
0.007617386139020615 0.04684431329099023 0.04646824715748979
0.003286376781513408 0.05107844932176556 0.03239239257667968
-0.003056468917769583 0.05300980337607778 0.08695968961410745
0.01303733408836147 0.05173249460069287 0.03459278310934191
0.01944553838646087 0.05542892334363569 0.05442493460100369
-0.003693520263029139 0.05202233948603539 0.07643168783765557
0.02170253892440536 0.04209042978454011 0.08679441861910984
0.004806607667477201 0.04350458494794093 0.05696904254815052
0.01584016793943818 0.05433524476948612 0.06876645701250585
-0.003713555851394731 0.05856800933000891 0.0826023971303439
-0.007587064428566347 0.06584737661129311 0.07023552879099665
0.0177605769976946 0.05009305480632675 0.08636746084572819
0.01053251743741587 0.05689549611075994 0.08769263534473939
0.01373825959953497 0.03972077997319276 0.07636691625467723
0.003126479640268234 0.03721333042884861 0.008331633803855215
0.008113516343315655 0.05578904780228632 0.07574083311562375
0.00437066758422079 0.05736816886058875 0.02644197674945278
-0.002757988086214899 0.05518705128874816 0.09261722476660073
0.0007902867252723841 0.03668124851012658 0.08492316316824269
0.004112318927679787 0.03845918540208248 0.09419797057762343
0.01152307445193384 0.05537760047795327 0.05191476220799827
0.01607925923125606 0.06259300902620803 0.07098778578542825
0.0195567697937458 0.06790145530350016 0.07883857803925824
-0.01022288854816555 0.0465598234438928 0.08231289328577589
0.01710526186935612 0.05603664099768297 0.04727792118842016
-0.004362335232703616 0.05051651911600672 0.05654915139858733
0.009537455926310615 0.04597664224663114 0.0693643476602098
0.01148623122470885 0.04818441893769569 0.02731764231112764
0.0001343089664650301 0.07122245923135473 0.08260888894590177
0.002345202429846537 0.04168779063919732 0.06650762886108709
0.01397725695796157 0.04480512596403998 0.05794620575281247
0.005517987029236389 0.03857058987618474 0.07606784658761032
0.009260946432994962 0.04986619714601789 0.06521223478795882
-0.0004354149532050525 0.05256084730118896 0.04524550371600128
-0.001462124101837782 0.04968436095276831 0.09439397359955211
0.000660036596024273 0.04574327742834379 0.05355070479602903
0.01547773694338682 0.06272657239379147 0.04969744478223921
0.02370568800725971 0.05580759760425186 0.07148771508817245
-0.003341020909125681 0.06372639659736165 0.08808511432018419
0.003140002571800484 0.05984103041053096 0.08230100107162094
0.005309630823165118 0.0507564401111104 0.09450074025277964
0.005678389445294725 0.03832213717542839 0.08865234753099092
0.003345281895986504 0.05292268534532836 0.08676447696707837
0.005602189992063547 0.05420507200370266 0.02281837780732453
0.009985241598905646 0.04512037418157508 0.08330047958368193
0.01184653168708157 0.04918638831361248 0.09497590790910035
0.01884228222215216 0.06366742988409535 0.08729761057120916
-0.002565658890466028 0.04615344978544264 0.08095091629273134
0.01469819336262456 0.04063064444606772 0.0949262126532851
0.01546440496419965 0.05102061885659324 0.04705444914015342
0.001467950363425039 0.05880576180840597 0.03429251086784253
-0.001409441017489357 0.06444034458255013 0.07161731738680456
0.01169585675703711 0.03482315913411033 0.00653771813727607
0.01860623050947535 0.03536587867598192 0.09252366958934127
0.0148621143107675 0.06715225849788244 0.08746012820557722
0.008622370973161873 0.0655107614001957 0.07665857724502677
0.01898844400831895 0.06673702441891069 0.06387930034472984
0.01824484171870532 0.06214485961854896 0.05458957888040464
0.01874195496006589 0.04509638180186186 0.07094839741777216
0.02405878092536933 0.0597596766503315 0.08296595119399708
0.006185803927273563 0.04740087684215941 0.0801820205560827
0.02194747821509328 0.0623070215121677 0.06686884467796424
0.01384067918542942 0.05170352713933205 0.02438671471750072
0.008653150612598168 0.05962175702987809 0.04604198643385728
0.007328726238071636 0.0560046054994837 0.03747371229744714
0.01807338193307594 0.04853862593531724 0.05587302696474399
0.003624229115170483 0.05042237455459724 0.03960892281514942
-0.009185088806454422 0.04742989359634262 0.09205126278888411
0.01220453916304501 0.04125172515088208 0.00806213502678893
0.01334470041550425 0.03780951796234477 0.08335217427703728
-0.002491372008770442 0.03757424955322658 0.09399108756163665
0.0147113420743854 0.05445339690090955 0.08784582098807112
-0.01004365953960433 0.04930283702709656 0.07578722926864391
0.009523685336436029 0.04390145411340329 0.07837192260506222
0.01217322424237956 0.04820738994091894 0.06059128748575505
0.02064297931762622 0.04816294449974258 0.09306741058994951
0.001199511470685209 0.07317813039581617 0.07314377055879843
0.004142569260827166 0.07133147299723082 0.06107383944994119
0.00593411322260315 0.04755536746895905 0.02635410341594879
0.009389934126451319 0.05957551904668127 0.05220030778745839
-0.009660641116213217 0.06333853787592376 0.07358670230662934
0.0181228764140348 0.03703844547273497 0.08821349544066551
0.009397467568875436 0.05076678764883547 0.07563080817932172
0.004374987534363517 0.03048716964430061 0.09376457431384674
-0.0007574562933244551 0.04358609001703445 0.06225539128270114
-0.002844995928461131 0.05331637645273284 0.04935416884770423
0.01576004975164477 0.05490388621288855 0.0924749282063904
0.001926794463389883 0.06864245268213101 0.08645267897694699
0.01601183051475043 0.04964257032392383 0.07388913300526261
0.01511819752945613 0.0624238896077944 0.08324919267629931
0.01367627972672686 0.05812326759396582 0.07418487571358615
0.01836303715864016 0.05537773559872063 0.08497857065128937
0.002213972425928395 0.04282470347260605 0.08788781288294685
-0.01149288207714159 0.05886513465097069 0.08061117266257839
0.008261187786897564 0.04918571794890571 0.05750041144093729
0.01465337850136872 0.05308741209410365 0.03903400919698393
-0.004594198856669517 0.03327137277070552 0.09129991997892049
0.007681682460825829 0.04394718749025605 0.01100554492505821
0.002821395976223413 0.03368134698566802 0.08854286916641707
-0.0111046961181831 0.05474638346218012 0.07518970123746024
0.0009881767405636945 0.06701757603017967 0.05472017180233079
0.02336886445942472 0.04840946126526086 0.0792823546607639
0.007022844805872897 0.0735498060264981 0.0668392666896854
0.02037980358262392 0.06275848880373154 0.06024197355991512
0.01022766911831289 0.06206603273277111 0.06949500878611767
0.001171781615707802 0.05691161167032183 0.07093638000871177
0.01219753494047556 0.07328042230969099 0.07306031320418538
0.01048461088333237 0.07212770089149273 0.06393219859471089
0.002682486422203114 0.06607864235463672 0.06706888989046067
-0.008736583766153069 0.04040172940720397 0.08670923120913078
0.00680101042470169 0.02896194856699279 0.00989368694143263
0.004432591359233285 0.05660091549131513 0.04569875374640003
-0.007470876198617721 0.04396054369575152 0.0779532316719415
-0.003783154609209876 0.06233849201514751 0.05329895864750658
0.001770871450221049 0.04545627293407582 0.07477167380276414
0.02044954432776833 0.0441490694564791 0.07795453521851042
-0.008812364951565663 0.05090207186174454 0.06836238712711805
0.02252354792425646 0.05174739327000378 0.06855904805260683
0.01358538922699462 0.05768272411016476 0.02763716203580672
0.003363286695460382 0.04805798198600669 0.07102685167257042
0.0145957167360308 0.05193272893414871 0.05989976549870764
0.02401044550386706 0.0546333080914385 0.08974442574344568
0.01064078598103299 0.03578210676652387 0.09484148548598142
-0.0004399046443001402 0.06037950341577321 0.05889573802710784
0.01997179198159294 0.06823747321816911 0.07279277160427555
0.01664577702396846 0.0577699351683026 0.06578874222317997
-0.003273518286543675 0.05654040482682325 0.06651531759341056
0.007912361637131502 0.03737760988652876 0.004201030536880435
-0.01269198203373476 0.0516161297809458 0.08387057102664784
-0.00502983404140778 0.05599000610788592 0.07418309841252263
0.01239346262752548 0.04276415595593908 0.06196103915145226
0.006847362329289864 0.04781750178083637 0.04200188141214808
0.007509113049560204 0.05352142882957516 0.08875271439396606
0.007232997001027724 0.07071848656821028 0.08582279558102905
-0.006145388526359392 0.05630579908781964 0.05669260903879866
0.01595325870552552 0.07034905871861885 0.08469335228816803
0.01142313564019186 0.05101475607403885 0.08687367350899397
0.01060854830868211 0.05322312766874845 0.0793194470340632
0.003686418014749072 0.05067863937706752 0.08257399928109745
-0.009541765693320207 0.05247643994529964 0.09134866996757331
0.003694364180382512 0.0485747614619671 0.08903225902416229
0.02263182096285737 0.06456034385427484 0.0773498032463464
0.006537113652777973 0.06142036497404572 0.07254180851090307
-0.002868155684112193 0.04480888110370132 0.08624640101235138
0.01456977149367831 0.04693038251717786 0.07721415651068181
0.01024257769427188 0.04619957116061498 0.02359960207822187
0.008091375189727881 0.04009704558672771 0.06984414978323915
0.00420022704756398 0.05990719078562485 0.06464955255162463
-0.001941274704878483 0.05712846280710615 0.04608809747935257
0.008827379334777142 0.03836212054417851 0.01309653869822262
0.00360906310799995 0.05610467079387284 0.07949512388222386
0.01551793836615108 0.05767940744663659 0.03961815129550599
0.0174093033950933 0.04084353000846618 0.07887162926704551
0.01090698545454732 0.06013163374857 0.08176433554260978
-0.00774209550478182 0.06554795786131243 0.06608834357260443
0.005947605647837553 0.0682733460744027 0.05347342432151529
0.01576839252807392 0.05002273010060331 0.06586003774933405
0.007016841839418338 0.05538119123020413 0.05943772461079366
0.0001530654450575854 0.05870927832099612 0.03860982358802057
0.007884950914523726 0.05314269571538532 0.04552335480913437
0.01800190821956243 0.05858031834006453 0.07005226746599831
-0.0003256656643380778 0.05232962201442398 0.07969455346411729
0.006205285590389222 0.04477407937490172 0.05083459805372002
0.003913356353517551 0.05717129729567372 0.07459206559151768
0.0161856510283594 0.05595953972265694 0.06013199658154881
0.007675344061417212 0.04476767571127799 0.09488201062808981
0.02523848182669506 0.05694512084441275 0.07989201296484913
0.01294596478933747 0.04125747237052053 0.09004634342546912
-0.000882711159783686 0.06493469742772612 0.07623940133229498
0.02570150040660807 0.05125815328750377 0.08578745475008516
0.005508595397968307 0.04113323976107478 0.007543160068045684
0.006335524573189356 0.06609952444474793 0.0485284508387904
0.01507004335578152 0.06504101973797612 0.06574849266183219
0.01071836932396648 0.04306304173958325 0.0171203653340851
-0.003035020052407525 0.07021769578779369 0.06612155011794416
0.02465034837311879 0.04679257642451777 0.08643395860227367
0.01363502397588733 0.06886367581118305 0.0581626509331311
0.01122556558317959 0.06627304620977711 0.05116864022768902
0.0218764300246194 0.05398309017557263 0.06135971761462615
0.01361465983425576 0.05972094138412995 0.05311041182347717
0.015073844265487 0.05651131149056059 0.03219196378324558
0.004979164295454236 0.04511944162748061 0.06577223872775802
-0.001546318035235842 0.05627291671895565 0.06225622663549916
0.008987705235671269 0.06762370422779614 0.08080351841690604
0.00398943688897661 0.0637169898358859 0.05511286346649864
-0.006947277528250303 0.04366607182130285 0.09373722759175476
-0.003807911895567983 0.03990036231140433 0.08034831005102067
0.002947047298969058 0.04344071754345876 0.01487234723597619
0.02461922725035973 0.05728814618307836 0.07553961736303409
0.009914125331174861 0.05399308913545026 0.09519559742638845
-0.01183138350967809 0.04350933922855857 0.08795146473990496
0.0008544210936916126 0.0695965887817056 0.05860275365525814
0.008722653055449567 0.05852991336566528 0.06733052344639937
0.01945281534457803 0.0522893691273917 0.07314412204860053
0.007842584066012737 0.0514381160413928 0.01970426869288755
0.009108363923123917 0.06618008958089154 0.06692160453432791
0.01279908900657992 0.04647137046032961 0.04805627678303534
0.0114300878429474 0.05498985854926664 0.04737699285615611
-0.008926458945511636 0.05328562354263545 0.06412869294965753
-0.003512967305441275 0.06144620050555583 0.06612438769403145
0.01073910706457889 0.05897429152456996 0.04011241190406337
0.00464228726947922 0.04731211898242637 0.05919428602544457
0.01582647539370849 0.05291836163112177 0.05548586182584345
-0.003222078008650162 0.04734030137129636 0.07645883976073183
-0.007801221926089789 0.0563783939641482 0.08287184320718487
0.0005784143043988665 0.06679743388840348 0.0810199155705556
0.01549023143597206 0.03174954258425996 0.01069741863318573
0.01453580260859294 0.06197531729655521 0.05861185461310397
0.01291632980901634 0.04885869778686366 0.09073819524912007
0.01549234335995027 0.03299053274801751 0.09414417065167166
0.007559603687853793 0.06933927241743805 0.06939590492336738
0.008195603201989329 0.02943986145785489 0.09203022740871657
0.009287399215673967 0.04825117412163541 0.03433112997991628
0.0004943750297821889 0.04812402607201999 0.06299680876763278
0.004372858898495063 0.05786035106621836 0.04000376008412792
0.004163408954856703 0.03611861658121496 0.01251348586592096
0.008944306243307167 0.04310361450159698 0.05520977078642717
0.01163732609019946 0.06921969421614256 0.07193107045519155
-0.0034814741949669 0.06839925697896378 0.06204269345612448
-0.008384079217442933 0.05736208674541245 0.06059298420720145
0.001733936282546303 0.05980819278873507 0.07743128926277044
0.009781000127703957 0.04060178279372909 0.08368729164991495
0.00236936181990296 0.05464331177996829 0.09480159083559347
-0.00425567797628831 0.04518310163042503 0.06397062611426885
0.01200231887804545 0.07348709068157004 0.07762362391831948
-0.002453432481711837 0.03570645696728671 0.08803631390239652
0.01116246347914941 0.0657292092288321 0.0895595237974306
0.0224001469615819 0.06488202765912282 0.07137449302772661
0.004324717891256874 0.07328178819276697 0.08219414868316283
0.0004718142351218627 0.0505235326291307 0.05683678477849999
0.001339200956647661 0.05916419699552185 0.08643825871014914
0.008229164657932945 0.04623082454235299 0.06327543694379305
0.0192435302208582 0.06023510319422259 0.07550125666962602
0.008240408939707695 0.05857730849806721 0.03393650789138911
0.01053289576044061 0.0536136929366558 0.04057254121426716
0.01497569594513428 0.0425414358806577 0.06598267713076682
0.01079006166498591 0.05407071264793874 0.02205621546228065
0.003564380929250677 0.03978894853556841 0.07017959890123512
0.01611374833879298 0.06520206842231646 0.07865010301969941
-0.01177526724559244 0.05884668429814188 0.07631580711098547
0.02072973410067855 0.05735488978451647 0.09160201762848533
0.01672629761312086 0.06023623229502911 0.04641713417060955
-0.008592310612305363 0.06095311503269544 0.08803969242710123
0.005505647255658398 0.04255186373971639 0.07425149823019941
-0.003469959465080264 0.04126654885889164 0.08904075116566401
0.01121175888720273 0.06454097268476913 0.08440834398781047
0.01132129183709341 0.05548654293005561 0.06264616277415508
0.01491170003860883 0.06206247998114694 0.07547720275056263
0.0001207735541278703 0.06085276516766372 0.04481389763650039
0.01482741644186736 0.04673114084305107 0.07048740353394342
0.007441483550938545 0.04884719250958559 0.05042127029655881
0.004095275176950372 0.06410992207235416 0.08148285566015098
0.02169218119933919 0.05237811609181266 0.09267108430298117
-0.007509799787736086 0.06687306021080743 0.08411594849585112
0.004001696984206487 0.05960121221400668 0.06890337377028713
0.006147009644247027 0.03447292706037201 0.08566604893155927
0.007633105595194783 0.04154235450741878 0.06136322513548585
0.008254389212830421 0.06060364068068132 0.0273493246377437
0.02301721470372244 0.05734194428401502 0.06385575275664238
0.008156439606440219 0.07435706388938494 0.07426941728658593
0.009470189287355872 0.06062922816897107 0.06041182996490062
-0.009120820608049331 0.05865196039879154 0.06465437332164865
0.01301372072379722 0.07246912246006475 0.08211845778910665
0.02047086623115528 0.04946857544877488 0.06044182610880543
0.009952167837990503 0.05097971159747598 0.08294167220571434
0.006981795483950308 0.0644258596614013 0.03811509421753622
-1.433302367055776e-06 0.05272156757205736 0.04081120298033344
0.01431332368814689 0.03486590888856266 0.08759396747061682
0.0005476888364278776 0.04344566460067578 0.07969894913111282
0.004082829340803907 0.05450955386706428 0.06894760568082467
0.003047292659645187 0.07293229877911366 0.06503401494161222
0.005010016666566284 0.06472444752711791 0.04297316813659441
0.01553823977376762 0.04025092470073285 0.01083542607538873
0.005291722930618413 0.03465552596618161 0.006109304585855777
0.005018217537678016 0.06893078177420456 0.07501708986077565
0.01685884118856734 0.05688512024295357 0.07801587173704734
0.003322671006632815 0.06355017455139174 0.0912000850340679
0.0005689582925793297 0.05559642106629532 0.08895337693236613
-0.007371349624565791 0.04920812673051499 0.06458052015483813
0.01000279519799777 0.06718755287342723 0.0628924046778446
-0.004864213634085726 0.06331667402791513 0.07870315904028462
0.01425738088931612 0.06351123869206886 0.04581417162362086
-0.00630691981261493 0.06201413256253533 0.07141412037037667
0.0004847698681769586 0.04581551970366723 0.09513464893523881
0.02391540695612124 0.05883576852295495 0.06785268304668182
0.02072463639182144 0.05908013573480232 0.05625183746281121
-0.005192944963418142 0.04172129770733021 0.07432295414018568
0.004256837758540847 0.05401279571401315 0.04173856190529421
0.0009747012688225863 0.05141266755758858 0.04903266382510205
0.004325100017674819 0.06337253332081412 0.03421835698240887
0.0170859886791706 0.04241635356248763 0.09032033153599482
0.0123786621881617 0.04890864701907405 0.03144228400510789
0.01786203784375191 0.07093536434841834 0.0760814180388779
0.007987795936396412 0.05339060759788728 0.07236078597081881
-0.004956346666527638 0.07009827099112127 0.07652443463874689
0.01571081052703759 0.04686132732289842 0.09548432830987273
0.002810622884606903 0.05069418736249602 0.02261158607168093
0.01027792899459094 0.04587746027904114 0.01387067559011409
0.01897938511587007 0.05156506280490829 0.05336506306777058
-0.01284337791302523 0.05095552197389799 0.09006564286761791
0.008514214211745409 0.03232381795297989 0.006963364265516547
-0.001953129219713288 0.03963783647146606 0.07526941088443102
0.008694181089657608 0.06360190579268563 0.05641749632083892
-0.001524941101869574 0.06190730162158505 0.08449256690683515
0.01383959770938104 0.05275108498247923 0.09539610041413008
0.001971044070025577 0.06435955318140084 0.05861654881589688
0.01310156251960803 0.05158712346986248 0.05301089263612679
0.01402496360523008 0.06169233251870773 0.03904979913140018
0.01940191836788543 0.05543750428533702 0.05049106303711373
0.01718715431236354 0.04606984488751672 0.08536085015602521
0.01846005709190223 0.05095905644525592 0.08238611930744393
-0.00232796530523535 0.04958183142326511 0.06916839036008789
-0.005200428614572114 0.04752936182717761 0.09455471743602126
0.02337590650801747 0.04555274742086684 0.08238385174075953
0.01252613435597728 0.04376725324538405 0.075569304738835
0.01228275674202417 0.04953912613359441 0.03841966260643285
0.007875851424811333 0.05301423827649217 0.02780581394989587
-0.004014237576990433 0.07090250097505232 0.08086328228685213
-0.00772453326678308 0.04892062294143797 0.08830615987103492
0.004830237008930019 0.05617511314259933 0.08353531511629241
0.02079259332430268 0.05641337824297536 0.07702826649632134
0.01893100174788713 0.05498883463342818 0.06394335211453187
0.01972972916521688 0.0638612769363867 0.08029258130629975
0.007011368749999415 0.04605136205537417 0.0882005939210273
0.01554307470929252 0.06350703178729522 0.09011636056369821
0.01132532616266148 0.04315063090692726 0.09593536567922811
-0.00947357264352397 0.04845359480940114 0.07171210526280879
-0.004965095494936428 0.05274212116738091 0.05298585291769427
-0.001456453197935058 0.0652182560145233 0.06372718672937297
0.009327699949126907 0.03231010494557681 0.08888163690237771
0.00923042401940212 0.05379399141590131 0.03425620570658261
0.01858706364098517 0.03891621868499254 0.09504128821056738
0.005776231361164745 0.05282321392367188 0.05480893320139692
0.008822972617174914 0.06335719488365525 0.03267890417252699
-0.002809973599305138 0.04666466945402286 0.05577641067581744
0.01048105222030213 0.05857172765691646 0.07171710652145245
0.02178305915170258 0.05205028631348105 0.08674622836160249
-0.00220225418219472 0.0612339611406254 0.09167848545793954
0.009169526610382322 0.03583467689716921 0.08269671992278649
-0.0004023222111278618 0.05965052980501521 0.06421403285251219
-0.01158827101308797 0.06174685882126695 0.08367165064349906
0.01313165678125471 0.03806603692498169 0.0135934912515687
-0.0008938444953819832 0.06804661857811373 0.06949832461938474
-0.01078429495598423 0.05898001126429422 0.06876415018773332
0.018230028596278 0.03975495998929742 0.08298852579575075
0.008687717769341741 0.04486337347215587 0.07318391164619988
0.004015767832780771 0.03665103495515407 0.07969690100668399
-0.01083959533194421 0.05418192644214845 0.07092497012608927
0.002557556102497065 0.05160314135220571 0.07674005630537373
0.001135666207868156 0.04483415319185986 0.06986687280565311
0.009189038813068538 0.03423470780122365 0.01226620295826807
0.003387444215018426 0.06359954792272667 0.07025292330502729
0.009879035129407391 0.0614168371143672 0.07803288517253616
-0.007643912212856435 0.06145461289540965 0.06036009377307744
0.00819540595878656 0.04431781611203071 0.02034394102253518
0.001698882561561472 0.06203264784197903 0.03695400379627585
0.005150052621799795 0.04884649865051731 0.03568728424002669
-0.008954239220303346 0.06652607101899616 0.07629694151473421
0.01249162753314802 0.05099580733962773 0.06331689975070454
0.01091497358532835 0.04657203244648454 0.05618179835224214
-0.007709246246756183 0.05303388164388834 0.07689264276713058
-0.01047320575806668 0.04639311954055361 0.0784309855240556
0.006248788633968349 0.04181485869288883 0.09104252643857404
0.002026168969267188 0.05966138317778485 0.02911270846850417
0.01551455251837566 0.05525977785651226 0.0814259646129467
0.01395073549771966 0.06360143384967155 0.06220390323115543
0.02235030078447743 0.04268439592302979 0.0937772360300816
0.005172868147823315 0.05913804263485809 0.05493902797801914
0.01278178742817572 0.03950077147517547 0.07248023810379095
0.001008394923381896 0.04142346603955397 0.09527645231788301
0.02130442187266369 0.04807091916257183 0.06693075577206803
0.02292651468167027 0.04655498171995089 0.07597263178214078
-0.007893133765548396 0.05095985629478443 0.08215030138442532
0.0217879318556786 0.05549541721453748 0.05766187451368914
-0.001695548180156777 0.04181766986414908 0.06739896472154248
0.0147384441301381 0.07305253295830885 0.07015878285400938
0.0006609423624825432 0.07355582016567465 0.07908486017144099
0.006004179568000775 0.06009271364085377 0.04296698432484698
0.005535888288739278 0.04850567874243671 0.01682468902903653
0.008970283324918178 0.05296533160079386 0.05714352486299246
0.01863651418961035 0.05263371976026322 0.07700223758000098
0.008794986427683657 0.07475292225720773 0.07018333794655017
-0.00456973359704126 0.06470295574771712 0.05627860694923818
0.01210898275543352 0.05830657178788276 0.06530258989458129
0.003067058676562155 0.06627550473809725 0.06185638690096262
0.01255780772904272 0.04292372513232694 0.08563796705056578
0.009716003151704899 0.04087603019220311 0.004945638553898121
0.005364275525443503 0.05946681040522582 0.09398963113759233
0.003420979794010528 0.034378174009436 0.09523019651012747
-0.0009816689863599345 0.05787443117649849 0.05584835594545673
0.001954391034935639 0.03390815501648559 0.01011981410548625
0.01076308744977332 0.04552502335200889 0.08961676608407947
0.01706915563778967 0.06589895342360903 0.05551200384209812
0.009823686800829656 0.03714119617106237 0.09095469615312314
0.008806880098154567 0.05716323243030628 0.07943080443780855
0.007168972731419394 0.06200061304343347 0.04893356646971456
-0.00724770844493572 0.03951150048983234 0.09408410932142071
0.01177825522511621 0.06240561489103685 0.05093376188512564
-0.00136470712237643 0.04817635636749425 0.04939078615847802
0.005455548405158683 0.06168639127875902 0.08747537900689295
0.01957788141236057 0.05839421785920261 0.08054006345017245
0.009153691769243895 0.05794872263076648 0.09441061482958414
0.0194299604529893 0.06978307234995799 0.06934686062586218
0.0179102267244165 0.07075263884159456 0.08118116457078602
-0.003354915895433583 0.05639034011136984 0.0790622489877377
0.0139989621043834 0.06066471971924104 0.03434942774621771
0.01127819027657665 0.05738799709192472 0.04392512538793086
0.02490450863417253 0.06215459230265147 0.08011974484514907
-0.0001929922167343155 0.05426180830513228 0.05232609845753054
0.00399422096521931 0.06979463529075236 0.06767160564784884
0.01398201191263508 0.06732348327946983 0.08175387737062526
0.003281575167079879 0.04896355228598711 0.02899680609642751
0.01992357418515271 0.04742093177413128 0.08094193120972519
0.01606062126363064 0.06644020866837642 0.07127964847840318
-0.01018221407304596 0.06502226143246118 0.08148775130443622
0.01475037431984529 0.05614350416804647 0.05377836430674571
0.00681316025642413 0.04072580623589497 0.01565743375022751
0.0009393964202538427 0.05542486054472109 0.02650776196923011
-0.001275062952580227 0.03209649753500586 0.08926346969871296
0.01638025657231352 0.03301362054765831 0.0903412792708736
0.02389262530414413 0.04076397691924936 0.08978114456360765
-0.01020972241532128 0.04290178509122163 0.08394684242173765
0.01584317671060037 0.05353752279796637 0.07254871994856087
0.0046389542385741 0.04869682624499022 0.06722221594606233
-0.005125129578269528 0.06881976623566761 0.06922053056632847
0.01431381436330902 0.04488047418265727 0.05377626764119792
0.01677463822604169 0.05751748446021314 0.04344332500929857
0.0006189362475104036 0.04851453448061657 0.04569761622445302
-0.01310069376756913 0.0556082703916069 0.08268758138662059
0.02328549605654513 0.05354561327536174 0.0650730952849012
0.02050631451322541 0.06684392384341002 0.08592259383339745
0.0104155436772144 0.05710304112284457 0.05931485803048998
0.01418352673973184 0.07239545998977248 0.06489408428053978
0.02429277285062501 0.05180516513115077 0.07218014845124078
0.01882916133660924 0.05009953348215982 0.09015761798170982
-0.0026600625389727 0.0520792890385873 0.06107548766904809
-0.002077630800086089 0.07253810672333331 0.07522473892438068
0.008408627865942113 0.03226842634673257 0.09508677586670342
0.01027492438510039 0.02765936845093488 0.01033323569148918
0.02428092086300985 0.06132206530322575 0.07500130161653829
0.01711797599608515 0.06923110624736563 0.06133889870499859
0.01142309299718771 0.0651126286147255 0.04357239435416477
0.01294689502190218 0.05091761110943196 0.02036803175987587
-0.005822942100831923 0.05918891280767825 0.05412814075703307
0.01281696495695817 0.06894236384323378 0.06720688804520661
0.01364900783016291 0.04593265281971733 0.01633499922821325
0.0002228618024502529 0.05343166016219688 0.03349397660568663
0.01376022310824228 0.06783768386625036 0.05401985356593623
0.006824989675058258 0.07059941913310451 0.05671020501887825
0.001222478963111242 0.0296830187522276 0.09127160324327814
-0.003233320284641514 0.0576610377126676 0.05902555746005689
0.01160599947079877 0.04053848495026283 0.06721509140324929
0.003008326985790248 0.0408385026671187 0.08143418568457986
0.00185140682192781 0.04627071468580671 0.08228534644829889
-0.0002597896553746285 0.04009594973800209 0.07053219494522224
-0.006853479669852516 0.06858288817077901 0.07315767624029068
0.01016951043861883 0.05025684417477209 0.07195014666384933
0.01027793826323883 0.05642121615529348 0.02961336474299467
0.0150305917020321 0.05057556199821188 0.04300239502723094
0.01451030798390007 0.03665600402609852 0.09545137915288383
-0.002179238180525103 0.06201154304207237 0.06184097143877296
0.001365473650146987 0.04281208912947386 0.0588454729615874
0.003585557077089575 0.03054097850575387 0.01071504511387959
0.01647587192407586 0.04667811806864163 0.09174516387027415
0.003925529977952842 0.04292960062175021 0.05329113072181182
0.006862183503021779 0.0362067243181717 0.09597142347617971
0.01615380061755799 0.0555872777866992 0.0361425503308167
0.002805735441183256 0.06552836580170381 0.04671714446745134
0.01209744603229759 0.06275956575693106 0.09229655113677177
-0.005654529890621479 0.05612261411422525 0.08635488621997751
-0.009707885177877953 0.03668463075513615 0.09091306620671753
0.01458154623462724 0.06123568363354692 0.06619261843724397
0.0002001999469205076 0.05806250411882972 0.05173292451212138
0.01415851077615222 0.05833497638313905 0.08826650248901355
0.02078431426784381 0.06841533424553543 0.08243533436822446
0.01823868264760943 0.05097444056035948 0.04980176328547514
0.006033804076147536 0.0519363847624723 0.0617335807631838
0.01363053129940246 0.05562863323989425 0.02428459259544374
0.0169301879890517 0.05968894608460541 0.06052386814680224
0.0132292679768514 0.07006756158161943 0.07530356945032501
-0.0005266481652136589 0.05283773033424782 0.07404152906171337
0.01939220075537605 0.0459966465452121 0.07461191559515704
0.005466842933041466 0.05564339220755893 0.05229134817620247
0.003996198026737653 0.05322086633679583 0.04747242064164381
0.01661236704921168 0.04128198018284057 0.07197158288809916
0.007838824674994629 0.06139904842350168 0.0642908569980573
-0.000212714568529945 0.0583770898084397 0.08064096812690302
0.02427709969316456 0.06202662527517722 0.08606184998344665
0.006263202065614462 0.06990615401139497 0.07878572815593025
0.007292685572894306 0.04271666483139584 0.08143252832948752
0.008270258283965611 0.05868995896817657 0.08508594273382664
0.0258426551677098 0.05748509989484499 0.0876048599317901
0.0001481406472977425 0.05083533974390048 0.08793550433859704
-0.004629110714884251 0.049643181921603 0.0722984293460454
0.002357880426891707 0.0485897207160346 0.09308024488109182
0.000730367629633296 0.0519583531841083 0.02964315510153636
-0.001679016557690774 0.06743067424854021 0.08788565960266637
0.01254366262099112 0.04811382840716161 0.08318290458949823
-0.007246871392455909 0.06079025488679994 0.07534710102499768
0.02101119981627078 0.04573083403614449 0.08572614803664805
-0.001243478474888552 0.06511281155075599 0.05206109218575106
0.007828042727014766 0.06390752088570206 0.08027446097161135
0.007402125883404382 0.05169088657654297 0.04192105903463299
0.01695908981224053 0.05107747454867498 0.0625622360603742
-0.01287165466251118 0.05562868405712221 0.07868205404128666
0.006417956752918378 0.06802632071443174 0.0612990924906078
-0.009063820416227965 0.04599759071300556 0.0860623516127979
0.02264225431129057 0.06122192291408843 0.06311632066091852
0.01473921298161617 0.05016626828239341 0.02778656430132245
0.02117091304008493 0.05141366349867312 0.07944584906870207
0.01399763724798999 0.03799534651798634 0.006794236932912701
0.02000284078740662 0.05532742905933743 0.07098493429562464
-0.008780914452623041 0.06255965012273522 0.06387845398398638
0.00428475448268295 0.07502454858974017 0.07368091565723045
0.008031909650818878 0.05195466829895159 0.09215895335273561
0.01648415827600668 0.06504475303693197 0.05203656710736568
0.01801655302461918 0.06168465400829514 0.06781623225529634
0.009431290047117322 0.047080469359937 0.07636742402380478
0.003666239622848488 0.07191430040941385 0.08580349134787678
0.01905842150028121 0.05284437525193159 0.06749327771832948
0.00473778928095726 0.06456217930328621 0.07366014310533496
-0.005942837530499703 0.05491515173106482 0.07057720808444314
0.007249996917873579 0.0661673317334909 0.08398926689319597
0.01911911091780082 0.05045004798101265 0.09530504799243007
0.01690416947272833 0.04472030079716541 0.07931461778254495
0.02651494031939295 0.04741557600309414 0.08976271704747744
0.01640021043365976 0.06073561642919256 0.08638512263721888
-0.006765213198576273 0.05479700874916171 0.09321099953979915
0.01383892972794706 0.04774699308135664 0.02267693473993221
0.02262690068399906 0.03717316101692943 0.09123717112597153
-0.00685554608933176 0.03558138023658833 0.0936168459180009
0.002217752169130275 0.04634331536382603 0.08617905958481731
0.002079785642487589 0.05898751234738808 0.04746834796517721
0.02156917155098039 0.05299033933032242 0.08300405683462438
-0.001494058508590425 0.05903693765729005 0.04176612959939493
-0.01380459092956314 0.04588301046564201 0.08970799893946679
0.01285141119996927 0.07136687598305475 0.06098680807055645
-0.003816700135010356 0.04923366801546758 0.08783048099607904
0.02139637626183406 0.03865651375197952 0.08801429984333096
0.004852519444820153 0.05731455059575409 0.03496656124178642
0.002264500446814001 0.05199298940817221 0.0539369961959841
-0.00321248529204264 0.04989864069414583 0.08040290343697287
0.005114490576704495 0.0405168531444799 0.06419753661907432
-0.0005399710717183151 0.05618741741466012 0.03598242728808874
-0.01471266399254202 0.05037460668308955 0.08698671650766279
0.004296916762437019 0.04445676686594748 0.01879629699837377
-0.006183008957036424 0.04373690895633562 0.07080354862355699
0.00544384564555572 0.05699243583815524 0.06656297065629879
0.01156835110119806 0.06801720659098842 0.0780400871485402
0.00810931031847692 0.05252430479096756 0.05022871133342056
0.001675430980283349 0.05075337201749339 0.0359308654220909
0.007947825191602885 0.05775055698676353 0.09044888954803053
-0.0008502557320181194 0.05310270328308656 0.09543185456774464
-0.0006472117702165251 0.05346093545326212 0.06601325194059908
0.02009954606616473 0.05927156947264827 0.06532591876369032
0.01126563414485078 0.06516035813953223 0.07264524206942194
-0.00461748653182442 0.05652230702027534 0.04943016745873546
0.01244290332783229 0.03925867857088897 0.08679896824021599
0.009831788730642478 0.06902565450315271 0.08809496854335752
0.01678090908815942 0.04405048042272415 0.06283122797686642
-0.001019888731528529 0.03475954203251953 0.09577195605369543
-0.0006893512750948699 0.05847856827793212 0.07388651786361974
0.009322722749334267 0.03739943781358567 0.07587844467651278
0.003739395526933723 0.05563629111465491 0.05776760848376018
-0.004548822253499766 0.0466654980364689 0.09081024655604357
0.02535273715994999 0.04954950367220992 0.08212856794857055
0.01247985435286998 0.05537011764551841 0.0698248803860803
-0.005116437031616277 0.05845908034555179 0.0921883511633034
0.005736098452728291 0.04118899988913539 0.08600257235620734
-0.003166852388756864 0.04520010937781228 0.05972524806846449
0.001905404039859013 0.03763777547057206 0.07578649098376854
0.01540422979025599 0.05140977820049435 0.08980265251426062
0.004169005502597163 0.0548785286667865 0.08989470744473814
0.00338462778358364 0.0744496580014643 0.06855473250094257
-0.01262791384077953 0.04569132756450143 0.08504804576564926
0.01986757219458008 0.04688202656216665 0.06312063257441022
0.005771733718448928 0.05120942671952282 0.07489810694736722
0.005088725712915283 0.03066153523760872 0.08983995342177849
0.01153300072305103 0.06462486962742793 0.03970143861010252
-0.0001735372681809581 0.06809829197722499 0.07418965463160508
-0.002341401683491649 0.03698119065698769 0.08255105872499026
0.01127153604234528 0.042183080128396 0.05802744131072837
0.003602126928284211 0.06695793419076058 0.0894632118746409
0.006908882856718813 0.07329867438163259 0.06296388441814828
0.004897292948202677 0.04205576857832641 0.09565133892801159
0.02447249631347536 0.04985508078993055 0.07532169336425266
0.006689068267079389 0.05328359375709554 0.08509741370418747
0.00427369084800306 0.04645420894425949 0.09569747152557155
0.008245194325485894 0.05942526375843316 0.07513247247811002
-0.006367630414527083 0.04941912179965608 0.07554106062246489
-0.006583387276492426 0.06025942346242959 0.08049819341656188
0.005600812844849249 0.03244310470338334 0.01267467492181506
0.01921157921496953 0.05489872522475978 0.09408653131018384
0.01361159029498932 0.06529209169554569 0.05738369752829758
-0.002728139908596978 0.04849548800149078 0.06491247075693848
0.009609928503016327 0.04452328332770131 0.04881684246248805
0.01148763208537875 0.05419518194774584 0.08539202437481583
0.007928882463445305 0.04899603026125226 0.06104507486759286
-0.005862870736889439 0.05544758935141497 0.06403133790348714
0.00283041657756882 0.05939713600524767 0.05768896315553778
-0.002806415944487112 0.06655255034327907 0.07917342376100042
0.01598766139740789 0.0527683113039566 0.03233694944600373
0.006783872466578955 0.0592566894144168 0.08173278114989997
0.01471992407710566 0.03824538364608591 0.0797837255573023
0.002038542448792734 0.04079947429958178 0.009136782695377866
0.01321432187054528 0.05247021703499764 0.06646625175585399
0.008177560669515534 0.04846448459195522 0.09526909632416727
0.01301465002015303 0.05287607197531621 0.04972268933831117
-0.00176391767908724 0.0448848433040691 0.07423253562083638
0.02220264331676733 0.05623116207263182 0.08163732624463045
0.007919454600610476 0.06525546725288031 0.09133496770292927
0.01332128468328902 0.06083191223035223 0.07911178649408522
0.008240906590851794 0.06660163002114446 0.05846386260503918
-0.006341857777979323 0.05322904142092644 0.08896451745619019
-0.004902767328549105 0.04369005378937352 0.06731677102834507
-0.006981169276934953 0.03656344545584025 0.0870348497742181
0.006126591332935306 0.03813360494077032 0.07238124977087909
-0.007177854201553375 0.05882935455475418 0.06979614572509882
0.00198899840763299 0.04967112238023658 0.0600465815746839
-0.01142944124176238 0.05737368496639379 0.08918950836989362
-0.0114191347249175 0.04438400151058018 0.09223052240245616
0.011084037838766 0.0466343963067881 0.04486112077431219
-0.002988194331823225 0.07202505148130427 0.06938403936597051
0.007984039379723536 0.06612804091651993 0.04497770199598133
0.008914014449531087 0.07157499259066695 0.07187267569770422
0.01483762024871115 0.05663268595494458 0.05030202857890884
0.02116380824509432 0.05241093855535493 0.05602737645728022
0.01488152327875263 0.05507797994472657 0.07563693723378644
0.01750287661294823 0.04572221267313335 0.05811872143663684
0.003827276300470754 0.04631984527655861 0.045777917130012
0.008940263706907108 0.06324471060688662 0.08708995906778111
0.01597544250167999 0.05364921580754072 0.0268684782272919
0.009101689158152295 0.04750717837194567 0.03827003722380883
0.003155578425173329 0.06990201509671477 0.05567899683601253
-0.009875928175079599 0.06439498622902515 0.08591352286169576
0.002673217604375838 0.03586254621936441 0.09172708551279965
0.01128178617444211 0.05711189166914005 0.05496704512611474
0.005869559739654907 0.06622575026693429 0.06874188953015262
-0.004133409108164059 0.06389982535963605 0.08245288266503499
0.02541754322154633 0.05879316053673465 0.07241027612666046
0.004683150019237518 0.06144529261631042 0.06153836321783562
0.02199058435118194 0.062883324236752 0.08852658576340093
0.01468680440229982 0.04371694948628314 0.0964687111292076
-0.01028878405539653 0.06319302252342392 0.0698328665069548
0.01288079516183032 0.05012317482302654 0.07548153037595021
0.02434636035027497 0.04751908753541186 0.09283972377926666
0.01788869094996918 0.04296892684180662 0.06812176394988374
0.003915011491583863 0.06368132098622623 0.06476005429101103
0.01949671553155711 0.05726242554384404 0.08789663474499083
-0.004058253691975626 0.04861240449591111 0.05273301316585906
0.00479644897165381 0.04582524091473767 0.01258394749558946
0.01906607610698931 0.06964831522968259 0.06585121694831322
0.01133420982511245 0.05223678798709644 0.04506655265101847
-0.00597742884879836 0.04074291968996684 0.0776546230641143
-0.0007667854767944983 0.05852621657075129 0.06828905714982764
-0.0009547263885422269 0.03960455736330467 0.08662372371264772
0.008900005910748002 0.05336681680622226 0.06400480531159433
0.003874791227496702 0.0318343799410652 0.007463759445654101
0.001058484366662723 0.04218149600448659 0.0915028385617489
-0.007397590677402877 0.03978868045637164 0.08333707730569706
0.01206821431821462 0.03282799813549282 0.09598924464316487
0.02141760680822605 0.05756586565805182 0.07366166449377863
0.01606798722172068 0.0430314273290098 0.08361692345860008
0.005678020173176781 0.05256993417991353 0.03498042118241761
-0.002700449584425946 0.03041199398909403 0.09197411378550384
0.01370265163192861 0.06566590057979846 0.04863654532457607
-0.007205026472477984 0.0527943972908786 0.05725923134414663
0.008629306365970356 0.04632301744133435 0.02831172532923764
0.002457105961273665 0.07028717508315314 0.07976287347339163
0.0004531904725188526 0.0718529535643822 0.06158475347454014
0.01158054861194909 0.03912542132312733 0.09635397815107087
0.01840543210924281 0.07181244399149327 0.07153852106770947
-0.005850189206073288 0.06835750138743062 0.06478978899824896
0.01682150186549047 0.06767175081178368 0.07490348677604931
0.00639064611347562 0.03956537679546044 0.079588369200954
0.02645503312154206 0.05203038026144145 0.08923007731983881
0.009942430932357743 0.07302421454359151 0.08436428213501941
0.01663759360743997 0.05978897553301815 0.07311331338175808
-0.005633590750791359 0.04226070354914217 0.08599614750458065
0.0144931397024021 0.04475026141103285 0.08944584754727587
-0.009467962163672478 0.045867960028596 0.0750583320564869
0.006820085427450433 0.04723693200440744 0.07129368659339737
0.01454880857213783 0.04434803852881272 0.01204718556158916
-0.007825438205099084 0.05032868529140992 0.06107671735581677
-0.002031365479526226 0.05550831381336523 0.0414785005608888
0.02574656415798822 0.05951615890713895 0.07778858602755724
0.02014445745551089 0.06632006489294609 0.06051692224550617
0.01661111870211053 0.03702909310919523 0.0848578751384869
0.01745442141408031 0.05819981215696057 0.0933515834506642
-0.01231783561253581 0.0493339400844575 0.07840995359699612
0.001882468107916489 0.04516641875459808 0.06418950724127991
-0.005310564907204602 0.06725049960358684 0.08709392650997899
0.02170615591111242 0.06636623929201046 0.06633733175587232
0.02588710266350817 0.05418644447764408 0.07762017958705292
0.003498248544040915 0.06438404072607654 0.0389858062087168
0.0119844770922139 0.04900853528089814 0.05094361727116352
0.01528806197304902 0.05679271232404562 0.07136937435025656
0.008248190305235763 0.0563976110478522 0.02239332893156582
-0.005339697587914239 0.05988737496055267 0.08579609800326458
0.02093649267656944 0.04871855460518171 0.08765031978609852
-0.001460555967035747 0.05237543288255688 0.0836241712365989
0.006738642847160895 0.06256723919358227 0.07591880230723594
0.01034374639322837 0.07446191930193055 0.06648510826380309
0.01295787998828218 0.06120025103099125 0.02808448415952421
-0.005368459927814444 0.05156252395299896 0.06930575361695779
0.02473060140600859 0.05524987259261496 0.06799735453510927
-0.00987909594252705 0.04947553110795113 0.08502720023111815
-0.0003285710382212802 0.06472912632968693 0.09038757853104729
0.006671365473668474 0.04545070283638752 0.02346274812856962
0.00276346917272313 0.04887078860596958 0.07445123656261433
0.004684412546622027 0.03842867055310884 0.00534392728119085
-0.001869714506641688 0.070406376893642 0.08564610452017647
-0.002041801568030038 0.05283931801376329 0.05501558077674227
0.0115535051366159 0.03783437375395311 0.004010305567484446
0.01846043906412841 0.06199156444827611 0.05118618249319348
-0.004320767859530498 0.05204204107097735 0.09464263216549938
-0.004066642896858335 0.05959545134004673 0.05108760225822797
-0.002482043541052302 0.06927766059361312 0.05894722609735493
0.01147839894096157 0.05493984130161979 0.0764060168850187
0.009075735419081816 0.04307410365938685 0.007766363200692799
0.01686596104569353 0.0391334219463176 0.09185293945479223
0.02090505718419434 0.04311023375920946 0.09005286035648183
0.007321630640865525 0.0597919022641991 0.03969678329858443
0.007285110021840137 0.04596202360762141 0.05644709556883414
0.007477488917107837 0.05376427080013479 0.06894331007501149
0.004731120515630473 0.0408596982538043 0.05991730608121598
-0.007895080677497213 0.05036576795345921 0.09391815828151318
0.002588214462263343 0.04855266918182812 0.0254920696720633
0.01899296580623658 0.04717525475320124 0.0957597880016165
0.01383410169768643 0.05038958973994119 0.08060158293832788
0.02637237297689738 0.05498174038059002 0.08268119156521414
0.01845287825709067 0.05621861867884754 0.05759372836305019
0.005158727351417921 0.05576186893918447 0.06235111409409205
0.0198604351474427 0.04214813166206396 0.07524299438091897
0.007337387275731803 0.07494533573504338 0.07803413977356351
0.01657544648763964 0.05920959796933383 0.08211130827957461
0.006484070138049976 0.050781688505558 0.04767852361339601
0.002196640665882575 0.04874860761171199 0.05262740914163162
0.01736624077187634 0.05327708607784772 0.04487200469571742
0.01172589476514301 0.05159300631748211 0.05831749364972702
-0.00202309227373768 0.05219661711641208 0.09058772871421489
0.007685641059749668 0.04711934897909972 0.06665105362271785
0.02259650964336319 0.0659424900744352 0.08062871957806718
0.001347425738871916 0.03804376592582847 0.01135292578968138
0.01546595012732051 0.07302804395503026 0.07446731271274938
-0.0007750365428321397 0.06099752225851658 0.07098298151658737
0.01327830436976258 0.06071873626397768 0.07188828899561597
0.005859975258886848 0.05882414547221315 0.04799405536519238
-0.0007874377793932342 0.04995101906321352 0.07658588398822364
0.01519932353538386 0.04629814498299135 0.07388145819676772
-0.003596186028402991 0.06288063274475045 0.06933964004026637
0.005078304674561605 0.04784705796903675 0.03204607414347047
0.01880259016628503 0.06331892691789139 0.08358991670979246
0.0135679940467309 0.02876739425734556 0.01122400428747555
-0.001641115709044051 0.06298240019622747 0.05695305551635546
0.00977737937064117 0.04719801327152283 0.08622050873197534
0.01291545022405214 0.03368235506258169 0.01270121779929359
0.00590600548516841 0.05848253730272841 0.06035022622239264
0.006584095323386833 0.05361326421769905 0.09588986714650619
0.008126989586967505 0.05875256310016588 0.0574171975233498
0.01592607213080309 0.04815989134561444 0.08862819302950431
0.02047858754051428 0.05790709593602359 0.05245169847660065
0.001424744162310243 0.04105892801200635 0.06321673096213462
-0.0005012468425679086 0.0725790149223767 0.06524624964530586
0.01394832018691723 0.04240469571682037 0.01566444111786462
-0.01132980138990454 0.05127326233088286 0.07303074762729284
-0.0002160957109027576 0.05732317313809177 0.09435994302497575
0.008220120136499063 0.06810434627705789 0.05076047845613709
0.001969458583989792 0.05094634177703667 0.09572231120790606
0.003501380224317082 0.0348839692418023 0.08299820316073772
0.009388440760983668 0.04875993613281852 0.01633057408151373
0.025718113473589 0.05093703879248206 0.07818184501758786
0.0002148766186246902 0.04171231423238442 0.07681950126519095
0.002699098628955666 0.03925334821018077 0.08671858043884426
-0.006398689429186756 0.0413320804092724 0.09108734954111279
-0.005898220081592727 0.05886978133588702 0.06630410543420488
0.002727397726166719 0.04627185844266391 0.05634629888547127
0.02475442516569814 0.04350520075718399 0.08730485575079004
0.01607377968756955 0.04935866297606812 0.05840041219301897
0.01389451365063131 0.03232531900086206 0.007632465762733695
0.01421744801009864 0.05751467076785221 0.04588020990587999
0.01330682256524407 0.06675336000546489 0.06089940576745215
0.01098812698936878 0.07064909668243771 0.05650691546549287
0.01217455219809876 0.05603707885545697 0.08189797608108884
0.01278139089217908 0.05618577220730096 0.09501607041960231
0.01325169070696141 0.03187172178975256 0.08914955324445629
0.01841002363516284 0.0432394449379036 0.08700340792594106
0.01979835236237268 0.06420324908799956 0.05704204570708034
0.004340457216926903 0.0436701238583484 0.009771152071939867
-0.002855528651146394 0.04678985673839253 0.0712467600425459
0.01130958884033831 0.0593814313837594 0.02558069310234025
0.009584890949293906 0.040752891104911 0.01038934133525541
0.0108922443532011 0.05315073251160178 0.02585198736756948
0.004919505273920582 0.05150113685688767 0.09056811839163666
0.003071209691952733 0.04785323574187741 0.04234205655977757
0.003689694784117879 0.0660242355321516 0.0846661836573815
-0.007863434502976534 0.05922905014660463 0.05764076365079131
0.01554676051888691 0.06730284252462351 0.06812220748755209
0.006876099911754393 0.05899407223353022 0.02445427126259908
-0.003497973408946994 0.05406243956158813 0.04606152159625879
0.005000053664941447 0.05431771964082383 0.07626964903333164
-0.0003660055162922823 0.06367809100404491 0.04714843090304001
0.01257845062498429 0.04630766536884876 0.09650413169058557
0.010338155314265 0.05189407589234479 0.03138514828251303
0.01950587776644637 0.06309572188409179 0.07062936242816427
0.01190164073018419 0.06092485545520997 0.04595411685501673
0.01114783370369178 0.04460752987954291 0.01028205525906602
0.005689856296291962 0.03914444533780969 0.0674157871437477
0.007473226834332379 0.04150537284426815 0.05790528751435068
0.007575902009372481 0.0658983133786348 0.041104090350957
0.02062681440798501 0.0607524111731758 0.09086648530438583
-0.01202281433480845 0.06089712603222253 0.07361844344641791
0.002140969293991826 0.06152724209158382 0.03212393856021995
0.022505155320401 0.04241583506751097 0.08347268628144872
0.003717932576893571 0.05800738752524737 0.03171246098356763
0.004024306422292257 0.04619045145231178 0.07734425219946997
-0.003938981743077196 0.04076416001484421 0.09535839466043342
0.0121182556076085 0.06330875077694112 0.03074543687761204
-0.005313947793589503 0.06644945914082895 0.05937621316204904
0.001143833721971404 0.03078805793902196 0.09516743336573819
0.01363488843643968 0.05741531698590152 0.05859998278703099
0.0145008228581288 0.04794111414963739 0.04542215685765506
-0.005795530784010785 0.06197594095388025 0.09049034503052811
0.001681930498559103 0.06386263957464342 0.04380598185373454
0.02182755218043736 0.06786305532333523 0.07594583880795502
0.01007274028950081 0.04281920152857901 0.07072969121252287
0.008892415472019286 0.04988709266943166 0.04543780362303368
0.006142219056890835 0.03670161608857762 0.009812667629974337
-0.004366169832798267 0.06629227636876631 0.07150531006252364
0.01394465741215308 0.05573264357328597 0.06639230419803474
-0.01225948116578353 0.05682994047978607 0.07266419064105389
0.01681404417107318 0.04009481892310635 0.07509640681621103
-0.002364020795319662 0.06723141836207912 0.05549147608319777
0.00353111078049274 0.05454148024283129 0.03299934645370411
-0.002237790095432841 0.05647862847464462 0.0851791713771846
0.005647834686498035 0.05313185599755135 0.0386251929133291
-0.007842485645919663 0.05396400598327176 0.08029601804305191
-0.01424269699346449 0.05654447466846822 0.08628792016614625
0.008090766412765002 0.04803396907372342 0.08303169248237334
-0.007846476520499525 0.0434318405310497 0.07373651288327486
0.002677031092347498 0.07081615071047692 0.0711308235708218
0.000695408073385395 0.05136448388299413 0.07115902748486291
0.005259800117237683 0.06432978142637662 0.05923790684535397
0.002125181111676158 0.0443900784650321 0.05073101953010137
0.01700280557183238 0.05026025793970026 0.07940773235800008
0.003177669871729264 0.05125365052893432 0.06492791112445387
0.02485279717608186 0.05147741094426625 0.09229036932405878
0.02126726342914552 0.06113702928378156 0.08161133631884246
0.009562065443873603 0.06948551516503332 0.06673490692417294
0.01086698350226182 0.0625177002168773 0.05413640932866004
0.004222806980190482 0.05097071686334529 0.0192230654129499
0.02571340995888539 0.05457802316018798 0.07388376422487014
0.001494228452790958 0.06145329252518476 0.05127897207073794
0.02059304344771817 0.04148472912494607 0.08028204848210652
0.009980266959426984 0.04358249270985705 0.09247075462666687
0.002132302010075407 0.05405397495102957 0.02347579831594953
0.01534674203654323 0.06117920248403466 0.09294899544926359
0.00856120231878048 0.03090662159095542 0.01204733732567749
0.00281999934687003 0.06798563504073277 0.05186218897323471
0.01852477645092958 0.06113919149435244 0.05786899297008648
0.01344715474055879 0.06274773673129738 0.06894251161745989
-0.001140082117093176 0.06205923631845606 0.07428408491775493
0.01480775459736136 0.06383107868355468 0.08641815741996337
0.01023045914218259 0.04049097874280613 0.06333011099657733
-0.00187896498537987 0.04933939869994983 0.05909636501320611
0.007512867734596427 0.03619459944155627 0.07879735185289671
0.02273269097674286 0.05095988257467727 0.06228062932671016
0.02416212745530565 0.06239940216573493 0.06960492884345093
0.008505267188177998 0.04800462694888238 0.05402351272663549
0.002925614525377022 0.05912533332504575 0.04400895391927465
0.01613232870438078 0.05076523149080644 0.09633913039548354
0.008837174516051118 0.04256612741660025 0.05185696688669719
0.001026276164784043 0.06409093423519434 0.08329635309428116
0.001280709678663257 0.05542606341786496 0.04564872924383296
0.0009392275708745112 0.03782995149448571 0.09587477676182965
-0.009122309118826034 0.04248502395149433 0.08065403586918721
-0.0009504915638483742 0.04391863232714351 0.08912038018145006
0.0004863286773359894 0.06137422187965211 0.08921151744116056
-0.0006599576493797037 0.04395427408943298 0.05624190955828046
0.001537382538068315 0.04751153213977388 0.06784597830760643
0.01434605088633724 0.04820099547590792 0.06342689463548162
0.01495684937476758 0.04971755813088779 0.08565390456633197
0.007418906574224185 0.04157804807955327 0.07694507128062503
0.01198976574358514 0.07468868786207486 0.06973337508194564
0.02136890535907887 0.06440383323402307 0.063081289916502
-0.005464744264697652 0.06991878805503335 0.08408631311037519
0.01213632699664085 0.063523239490091 0.07669552633132581
0.001329521512492867 0.0649324810882998 0.07362004217988555
-0.01208635531972777 0.06232006292005237 0.08022797051871354
0.02241409264127673 0.06034118712334656 0.05894076234105785
-0.01175330674417982 0.04004583559429269 0.08844715709491383
0.01690196869666055 0.05453093602234346 0.04144230021757037
0.01203009185748902 0.06630398321439709 0.06536134005696223
-0.0004820286599609728 0.04555460630091914 0.0772782078784166
0.01088635603600978 0.03989311937384639 0.01559751267278642
0.006228682988281861 0.0660370432815903 0.06524184292015611
-0.008327511865498329 0.05550603874901567 0.07328610825122815
0.009918456486174287 0.0513255546189334 0.06809694992532302
0.01605017559189719 0.07316292853938627 0.07919696354812975
0.006278573004705432 0.04509771493801721 0.06092952223645274
0.01274821772260819 0.05620871470479356 0.04104228615516319
0.01138578224485308 0.05366576183913334 0.03710312611030431
0.01110436059482351 0.03685937984007744 0.01080593213099504
0.02181022415883697 0.04658737674580283 0.07008211350506866
0.003979746963307856 0.05134316685462068 0.07003631888218026
0.008663999109104221 0.0485360768868343 0.02151267069632116
0.009578659589178608 0.03821848904219798 0.07233121521017463
0.01493393697488737 0.03046306535825061 0.0919932748896141
0.01341560254060318 0.07032072835883481 0.08710521098505636
0.007348673503837297 0.06260877759324288 0.04490866569031005
0.01515310991365196 0.06134371141578315 0.05547757775054325
-0.00535519609058762 0.04749036440656501 0.05809321852800552
0.009127617491910572 0.05998834801663427 0.08813836328719661
0.01148686374587847 0.05981715549065311 0.0851083555221421
0.000709662972472568 0.05406053330402063 0.06907860765941722
0.01477382992162566 0.05987503563087476 0.03091129885712042
0.007085943153525382 0.0492012283818775 0.0774952486894068
-0.01251585053973559 0.05183003621863676 0.07614355397154383
0.02704401612203957 0.05434407240175591 0.08669177654266604
0.005721536173964241 0.06659824948232469 0.07970317644060841
0.001961394695831028 0.07060251928925949 0.07539484403649162
0.00466457216938205 0.0609397719108517 0.02698218991274915
0.007744483436196211 0.05644907341907516 0.04572456839891218
0.01802682268742936 0.06890234290032535 0.08693186646790273
0.001700726092050056 0.05381727002798067 0.05971141162285176
0.005205415361566362 0.05176617740888589 0.02960492164421431
-0.0005573506311410854 0.0529981723696426 0.03738351152067888
0.001759718266240605 0.05586963136847322 0.03935935548461599
-0.01243206836617322 0.04811800963998442 0.09176244661184552
0.01903187767819723 0.05349617771051627 0.04791034850178173
0.005842799596428503 0.06944521916703988 0.08862444470695799
0.006559548087998149 0.05498321299704848 0.08070709270817586
0.01408584372281264 0.04558233872568892 0.06137008572159507
0.0007122257753280249 0.03614574652308986 0.0809232027750225
0.00760763541034363 0.06126903884296675 0.05437746096488972
-0.002875565825046101 0.04285402067465051 0.08180203057740175
0.01130014498270177 0.05720971628307461 0.03288126726230898
0.01344545751882484 0.05099600450153467 0.0723814534824046
0.008868744159046708 0.03432504508842874 0.004477657102469453
0.01410647112971038 0.06360762246683292 0.04195128034977565
-0.0003314614441828402 0.0650897868958199 0.06807726531165187
-0.005384190569424597 0.05173702775505916 0.08464883164610325
-0.002715016693400271 0.04246570915195749 0.06447450246653592
0.01130009632936597 0.05899384449293398 0.07630198762204435
-0.003096297676555302 0.05991694510908965 0.07945857336429304
-0.003079141201570912 0.04028733109093069 0.07224208778693225
0.003780483562452443 0.06223329165788323 0.07866125373501351
0.008615013552954427 0.05035742554535916 0.08893077759440977
0.008475994189524973 0.03913738893751589 0.08654421759273916
0.004675578097032517 0.04793901919994337 0.08439084578725981
0.0107319888601068 0.05385238882153668 0.05461887699224584
0.00712719653679505 0.06051525352099685 0.06942577051793528
0.006988876132067931 0.04514039506942228 0.09151755082394827
0.01176998508139048 0.04139156340238194 0.07853644617732242
-0.01068260229972908 0.06112564901124428 0.06612583473449209
0.01235962524791709 0.04932341978119092 0.06613286832895723
-0.004178833970024816 0.04442361366267258 0.09564518251617705
-0.00584746268998588 0.04643128873505216 0.0816981950143211
0.02210290824327665 0.04583531081683673 0.09514119429557323
5.502203523188431e-05 0.05229689668064649 0.02646494540806596
0.0133117134602162 0.05597256930937877 0.09047032519429607
0.01324332801248957 0.05475932357636522 0.06025426201109088
0.007028060631412186 0.07254999657338007 0.05957549722363708
0.009474750599285695 0.05855071658995404 0.04905905711820784
0.004035130698903975 0.06236909202530794 0.08443319011642925
0.02186234022015241 0.06756705643007047 0.06953987166164338
0.005427382451349518 0.05053891357319137 0.02478835873887137
0.01157207809287829 0.0438866989400158 0.06766063279841304
0.01898575898182682 0.05863155829956842 0.04835180273923848
-0.004257597897207757 0.05284996983500653 0.07322572083418931
0.003027064394084236 0.05279446397723574 0.07999770073005145
0.02202302560242953 0.05825300923911858 0.0851307304592976
0.002732773806362184 0.04347584945474705 0.07236530897181986
0.006812031051459755 0.05181540465927607 0.08207400754073099
0.02298950188358695 0.05494784773166862 0.07882204742680517
0.02142198065818658 0.06295647422835332 0.07403992275249439
0.003621309941672819 0.03989427419239631 0.01519418743635911
0.01143793366736734 0.04914067232703924 0.05401777030564152
0.01594194401954631 0.0661576374551555 0.06277830993684209
0.01677065264868745 0.05639374071294195 0.08964572789768702
-0.01094233690696907 0.05341895974181281 0.06763811800306356
0.01233954336489729 0.03713916909013037 0.07782198530479106
0.002439462909256762 0.0460781635061784 0.0611680399959418
0.01868826789185838 0.04838817157567937 0.07250593343654879
0.009513150394877108 0.06339474791117038 0.0624094478262676
-0.01030314880656244 0.05095759181375925 0.08795095562114945
0.01683427164094894 0.03407667994548867 0.008731535341761878
0.004262038585675149 0.05487899959437653 0.0287145547883084
-0.00688562984508297 0.06413262047455137 0.0878554995363086
-0.01295301009114171 0.06055401835553002 0.08625733098574861
-0.01354667307822758 0.05900688757056601 0.08330211755932954
0.00492892987275264 0.05944489878721076 0.09031339575061446
-0.002221031624724552 0.04659041766439756 0.09326122548599022
-0.007398287337154445 0.03444899023123119 0.08970721030682932
0.009216015902931148 0.05875204298488836 0.03713673981736709
-0.01291969281492073 0.04876350148110264 0.08182715424495204
0.007246143456114528 0.06885839968009715 0.0726191681377282
-0.002572654436226688 0.03798372122119534 0.07801357661154505
-0.01013819670788641 0.05381396506630274 0.08289320915069083
0.01560984797347667 0.05010043167451103 0.05414451902235976
-0.009575383605710665 0.04901753686299354 0.08014396572630517
-0.002781747987650901 0.05091636927960348 0.04700222722142455
0.01159757173608621 0.04396487673947948 0.020300752135773
0.01404572497038546 0.07003558116663718 0.06984766060534607
0.02342511574336006 0.0450924914034183 0.07909342783713202
0.01507961432832608 0.03835708357032203 0.08864977015787993
-0.00389716472761698 0.06343301668655503 0.05936418215870649
0.006774513516276213 0.03849499072917152 0.09195325081872399
0.008031542910396183 0.05884105793082049 0.0305271477119976
0.02393173401937938 0.0578390427982523 0.09072820607555453
0.02047950708955792 0.03526268058526875 0.089651612687334
0.021053053256992 0.05058144698706898 0.07540946944752829
0.01266219201220753 0.0483514751418905 0.03479204517051612
0.01913991515916137 0.04016425816123398 0.08621069065296617
0.0176785667212179 0.03485843287911083 0.09554020134749977
0.02195535413768107 0.04712623148674655 0.09028719664129592
0.02191005422286448 0.03879136596051466 0.09418091665443977
-0.0001044143172222682 0.03373392976643609 0.08646714231948394
0.01735226789205156 0.0455426370086818 0.05489384633786772
0.009929546764307719 0.06733718388195108 0.07003934041653664
0.01469629125528743 0.04254254581745937 0.07764229512712471
0.01339098288269686 0.04619881617869634 0.08020812911955513
-0.0006458306000112161 0.07418124464723268 0.07050263893457014
0.01492017254101744 0.04718832350144582 0.06725141207170539
0.004362163025633774 0.06034215187376616 0.07538466974066967
0.02077201252314185 0.05968834555187143 0.06856453515690109
0.008535341875062089 0.0565013247539207 0.05204299487853133
0.005613765472353776 0.06245918916915617 0.0406428539061113
-0.001229910661214246 0.03596512337476375 0.09123341167182213
-0.009133573725508545 0.05944994720275881 0.08332909894389562
0.01452428138139591 0.05410526300000396 0.04715011918796557
0.008647866995366481 0.03475960761122485 0.009107267931062158
0.018263325092535 0.06444886776697775 0.06609419116783637
0.009832941728826964 0.04674594973017571 0.03139915189384483
0.00933327449329577 0.0672319777796811 0.04779215429570881
0.002727067166809792 0.05614244968612787 0.08612920303645913
0.006928294315050163 0.04482470445419161 0.07653958840504098
0.003735850032287941 0.06811625514521991 0.06471153452066097
0.001584260251379689 0.07491930797425833 0.07607491888347048
0.01534238919741894 0.05699187666709672 0.0630069849662178
0.002344155461270665 0.03449881041556698 0.00705576278666863
-0.01222056224012168 0.06215320625389281 0.07673079797950788
0.009432534283433927 0.05627480764991514 0.06948278297957135
0.006429721183232499 0.0658523846088666 0.0556415954299224
0.02511201934828602 0.06354057370501273 0.08291130275291701
0.000188028716994317 0.06735067450376339 0.06083759728833509
0.0161631070004164 0.05986936918124866 0.0369739265395692
-0.002109971933130242 0.04613168193874313 0.0518418695816625
0.01742861144505136 0.04185276799476453 0.09635999402718821
0.003518996999527034 0.04940391557907996 0.05669598298365702
0.005994117005790534 0.03782295605180115 0.01453729713863746
-0.009563082865260784 0.06661666372808864 0.07284499365979988
-0.004099816124030971 0.03384225662773496 0.09462683290503722
-0.004610253000176593 0.04533339130048054 0.07858223353933574
0.01679711217059675 0.06020731890325658 0.04149354172552719
0.02310058610592302 0.05032679072718504 0.06544212253111578
-0.005651822080360258 0.05164108760537942 0.07904045685511282
0.00665980250799154 0.0510560370276623 0.06658241152227161
0.008872687146825681 0.04280173592289646 0.01395710442015822
-0.006061880375980938 0.05887368491009615 0.07291661637337334
0.009026552516245069 0.06335791408216 0.02925037565318028
0.003089065322462402 0.04028655814075939 0.07740790220744759
0.01167095489980972 0.06962034519513505 0.08097889289158069
0.008214264887740047 0.04180820880292656 0.09656305643637886
0.0009385690413398122 0.06892648519368812 0.06695395655128203
0.01859042608284923 0.04830629524590219 0.05253577281613698
0.008787137192617752 0.07004520781929392 0.05402145046233219
0.0194897280020943 0.06050257747448559 0.08729948271805947
-0.0005445597992768947 0.05673470720511811 0.03275867771961937
0.001695442389280345 0.06286599137244575 0.07617470998649506
0.0165115194850413 0.05333654746664838 0.08566910122220166
-0.009910602758558372 0.04585613004676489 0.08924599440721914
0.0105354245016597 0.04639133199223824 0.09398949539638714
0.0008147633412639572 0.06366943207352491 0.06523813318924647
0.02213965743985941 0.05180737698852892 0.05902046238379564
0.01496089498852163 0.05920353391288444 0.07690434611198067
-0.010662943033339 0.05582071646611252 0.06529703647351411
0.004415292559534291 0.0590605656021511 0.07204285912028957
0.01062777261309018 0.06027514030340037 0.06332787994623122
-0.003072336377158278 0.06743104570112492 0.07574580324312101
0.0045867711754728 0.06286481085340405 0.05208923407492801
0.01000996715431874 0.04660587278877891 0.04145337678302784
0.007569265956686186 0.04175604619624181 0.01856844775552153
0.0056587389076523 0.04729747781116522 0.0387673825943
-0.002711645301925548 0.07310545776515993 0.07856062485209991
0.01260749175675526 0.04406396867407063 0.05032821302332116
0.009211210002294669 0.02933950071547814 0.007841500682001963
-0.006986352584660026 0.06315869700928145 0.05772048832120002
0.02214955178588028 0.04544165236038871 0.07306262811510598
0.001419106211407685 0.05395674313380825 0.05632658732965014
0.01467074106273389 0.03986004654232263 0.0697218669765813
0.01199409211293887 0.03596091175144538 0.08092466868751684
0.0001906864456662277 0.0538340802463889 0.08613815887337146
0.002074888469360372 0.05546442269859102 0.06320021240057826
0.00489082257254644 0.05633762989978469 0.09583313405057704
0.02380892452496158 0.04915808764301294 0.07032985041648854
0.01917749211788565 0.05519784391220257 0.06043169731471755
-0.009773617370801017 0.05554506352868659 0.08708754270616989
0.01821427999678228 0.05901988401892941 0.05437968872544142
0.003003157391904161 0.05855008531015772 0.03722758988105451
6.24868575126304e-05 0.05721764919823083 0.05880411147425171
0.01838028007284241 0.05797927712341561 0.06296377726369561
0.005780312499119318 0.07585970813775227 0.07058236825965622
0.01906374579098336 0.04821766504341164 0.08391635586011156
0.01052466482004644 0.06738640068425424 0.07485528709533468
0.00439226081645025 0.05644442814766153 0.04944216131517525
0.02082808529214928 0.04947777484528328 0.05726183345887991
-8.755483748362379e-06 0.03812931438500925 0.07344837861351478
0.007336631119017243 0.04418092662456943 0.06788093416589694
0.01421058630746392 0.06405544208862725 0.07310250071411271
0.008497536608862294 0.04928620480730921 0.02713647840376154
0.01207715711371652 0.0453287138566898 0.0711105159015283
-0.0009204520750575461 0.04502981545817672 0.0835866769137692
0.01118722735978385 0.05732190299543803 0.02316570152458939
0.005556847414426858 0.04783918927021317 0.09300723808714399
-0.004531881019582545 0.05596628613585328 0.08983067627326204
0.0171292634337608 0.06858780806244183 0.05813303072306295
0.01161556743054191 0.03473713575958288 0.08952663889601729
0.01347217471946878 0.04498380661444293 0.08327417787909366
0.0134012792877316 0.05130652450173401 0.09264333568198006
0.003634210867168341 0.03963397287796075 0.09103828944537221
0.01551395876262527 0.05545010366651498 0.05718511079461772
0.007347707329515156 0.03538215561164912 0.08869316109517258
-0.006500623013387883 0.05600371822858691 0.05338514580588848
0.01820181461840965 0.05257801411420145 0.09210538993720607
-0.004837812261420673 0.07216299747895057 0.0737736422839361
-0.008445009158813535 0.04596200080899925 0.06971598847122001
0.0159372692927745 0.04753772073218952 0.04840657329500364
0.01246074947440828 0.0349531399792069 0.08482468660363669
0.007182569272808688 0.05669371869962735 0.02811372681862812
0.01390396194241459 0.04872617218842959 0.01808492076526178
0.02648577814627054 0.05789547191821624 0.08433867833383375
0.003149681630037644 0.04632588503153826 0.01638127083520937
0.006496698736207299 0.07161798408435806 0.07407459888853982
0.009343487384779983 0.05545525228339443 0.09238912394082864
0.01239240623362639 0.03953532202056249 0.092818680040963
0.01726147988435586 0.06284448251552743 0.0609785812468948
0.0170111153130774 0.07119519717798145 0.06389940639972665
0.01646513475526769 0.06803178310020955 0.06522463828991601
0.004092926709666786 0.0497736350047949 0.07940801915157279
-0.001856352030287001 0.04007603342798339 0.09178268072822793
0.02298482778935801 0.06507569817301496 0.08655741672642973
0.002406468797348128 0.04704029788480815 0.01949055937882145
0.009394894869502967 0.06141857046503251 0.09406216422846034
0.001346532248254445 0.0506504905114113 0.04310936133782214
0.02045340472266248 0.06225804571632365 0.0776399925336827
0.01094408179692234 0.04556517166138966 0.06180702056186068
-0.002048168021868032 0.04726730809316 0.09634251413692869
0.01584523242072474 0.06218722560015491 0.05260862957074322
0.0138416233488445 0.07401866562052939 0.06743013226915642
0.00723696329140547 0.06277347224732978 0.03539141965118374
0.005099068106302011 0.05933036552430284 0.08483673665974892
0.01051849630725298 0.04271225863134563 0.08120948949714285
0.01220713795517115 0.04253180127873273 0.05484833452893546
-0.001981479855695105 0.05559583558912069 0.07313806965252657
-0.002992625706566069 0.06304434107902813 0.05016968707416136
0.008761099296833896 0.05066509900682339 0.07977987217912455
0.00914961738773625 0.03321345666480451 0.08575714343622211
0.01683693253130177 0.03452577617405631 0.01208475561059461
-0.002865325803946668 0.06035839298996849 0.04628490371691842
0.02359513938674746 0.05795377449516024 0.06074858412268826
-0.0002072648674638941 0.06171551884244476 0.03942259681795836
0.01061507263241999 0.06043419430253838 0.04301180704587975
0.01048847660901052 0.05311602644663804 0.07055698637229137
0.009779067898369553 0.0403916744009662 0.09038424201187548
-0.001120749965765175 0.0649952703839065 0.08567983333082008
0.001968055537933107 0.04579049638708745 0.08942192145647872
-0.01469488921542293 0.05331388372948276 0.0857087429891846
-0.00457258728899123 0.05081263909826069 0.05042981586590345
-0.0001717209443563219 0.05041529670128644 0.06513630397197187
0.0007288597662108744 0.04974800093311579 0.08145316541106372
0.01806039718556714 0.05296322012158108 0.07045057228843019
0.002969503858438006 0.04201095551094455 0.08447942490890745
-0.005168033460854442 0.04448905079885646 0.07567346582165738
0.01436969409849365 0.04164470027733137 0.07404855690951352
-0.002223144071443088 0.05965313304800424 0.05360485087902923
-0.009023453492306278 0.05451736753166107 0.05925995429681959
-0.001467954194118898 0.05698373130253916 0.04923837839465166
0.01645785093116314 0.05757477955229708 0.08622838723051048
0.009693998545745154 0.05588792730996786 0.07306856999821013
0.003048158839412084 0.03827155590881581 0.07285351922419528
0.006370716418695249 0.04355965090377961 0.06355688397568854
-0.006045806452467453 0.06305862047368273 0.06528757913231337
0.002685142871243796 0.04978793546930872 0.08618477266356306
0.008138724978671566 0.06323487968997629 0.05943097501443634
0.01712108585434553 0.03784039195007206 0.009026357796148493
0.009687866432834416 0.05104436545401685 0.09652926647804051
0.002764314109377935 0.05441021708731286 0.05149294507468546
-0.001105847292045813 0.05764528478796054 0.09102680444409571
-0.00545925978080124 0.05432975076593123 0.06742758231975256
0.008120678829067023 0.05594143214110387 0.06548599568641672
-0.004155499019577855 0.05311722728422447 0.058426486719229
0.001377261077375253 0.05543331382705054 0.07375237937165798
-0.01124904239379873 0.06526349887902297 0.07832413616168649
-0.0008254893272699572 0.05444568550068792 0.02878363936386378
-0.005310049676663197 0.05140377727035633 0.06280590612849508
0.00988850278508431 0.05460089799756911 0.04361095227991156
0.007214310754777429 0.04756410396088241 0.01409522251678925
0.0009218495456238363 0.06216081529541911 0.09335012524546384
0.002364289934888562 0.0593468803837553 0.05358531581483376
-0.01165910268799129 0.05474454538740561 0.09088560137020289
0.01693391966054909 0.06776859598974368 0.08064179946783091
-0.01285849714124432 0.04208433143880576 0.09060095235498482
0.01823530912277354 0.07207198405892536 0.06843855223551121
-0.01471765240060533 0.0470327534031274 0.08694767033965667
0.001516839063975285 0.04114772221882598 0.0130083594429903
0.00632055736776937 0.05037938433502919 0.05303460580989428
0.01420078297366021 0.04596862325170688 0.01989224210271051
0.0005543439514112828 0.05507916463013355 0.09215248150064081
0.02375947334793937 0.06561250602418632 0.07436192038876906
0.00972436774870436 0.04777174460309971 0.04857992718925581
0.007865199772251323 0.04435499912183399 0.08560016253549634
0.02044056905687001 0.04301487271162558 0.07238198811776092
0.003061967193758803 0.03260668120320089 0.09163283445017303
0.007172638475276077 0.05451343922780861 0.0200820066715579
0.01254701870214249 0.05416845927637717 0.03238453838825966
0.0176865473248645 0.06629234905886063 0.08888929707056416
0.003789196837559644 0.05679073490175876 0.02334677661192771
0.004013329883463835 0.05582979976693373 0.07177530391095649
0.01643444405444893 0.0621836094293643 0.04393911034547995
0.006706242955414828 0.07367339106244794 0.08444719158393249
-0.01386575770515757 0.05273700509402501 0.08092699973206914
0.004182163852936607 0.0719386794100771 0.05792861899923363
0.01359214419450005 0.04101237253723597 0.08327090344052117
0.008921822024786766 0.04790411310342695 0.07346218847106716
-0.00267057895325722 0.07140298011225073 0.06308402499362008
0.01642333396143689 0.05630159679964862 0.02902579313188484
-0.001966862899983497 0.0733716290599622 0.08162326451427794
0.01172851674486502 0.06069689476969891 0.06719231758991671
0.01956309168030253 0.06361152489200268 0.09031259626355147
0.0144662171273606 0.04316735099659345 0.009128202130728149
0.01055604037028179 0.05376712481679587 0.08830619882680386
0.001353233935311092 0.06415115195704822 0.05350020170393815
0.007652202423423618 0.07002488358125547 0.08262656294030628
-0.01196802148925879 0.03906776699729234 0.09138087432814142
-0.01455576141282127 0.04868903640543962 0.089371189910954
0.01444927906152555 0.06709625735172585 0.05118155526665427
0.01561678506523007 0.05975669064718597 0.04918196249624547
0.005292174637938691 0.06588959225890173 0.05150440048738637
0.004419373631075385 0.04487488753518966 0.0810059225530876
0.01224361874583058 0.04731278750545016 0.06876439398358868
0.01116686670193459 0.07476004420449725 0.08057638407543843
0.01631656662798143 0.06434624460217075 0.06847250607256326
0.01230869640249198 0.03751891173246224 0.07477610077639416
-0.003199288140328887 0.05564815408993316 0.05581911313594051
0.01145516994672386 0.04901853864354856 0.02428592951148583
0.001673691983766752 0.07370389559372346 0.0839942186233139
0.00718846573867387 0.05199451351036416 0.03216504872352138
0.002333939482160513 0.06158104607299575 0.05968137068003672
0.01037648048350893 0.02965561696809555 0.09452306030533116
0.01007461187878536 0.07308544724007601 0.06083344996125895
0.007882678189367415 0.05587165108682303 0.08638484452400093
0.0111929584885486 0.04822867053397378 0.06349176896637516
0.005780960230395397 0.0442713709580048 0.04755671848878287
0.01870173021806094 0.04992789094413283 0.06668267182842989
0.008424340007781347 0.05377307354537482 0.02405501325417313
-0.007013166848109483 0.06436370067146734 0.08095057100794184
0.01677977830841775 0.06433842070768916 0.08151897755377543
-0.002335848203583836 0.05567386847689875 0.08204758709375147
-0.00823549963252445 0.04639318600176721 0.09500585087010929
7.504553493873175e-05 0.06825145291813145 0.08384805471299117
-0.009005406647925132 0.05751119568044912 0.07562207260920535
-0.006142819557030134 0.06409569600307227 0.06822070859182668
0.01809196424266363 0.03240781497424173 0.09274242963537747
0.01426089095797328 0.04769754129645907 0.0258328604286592
-0.004277747584307805 0.06225257493245948 0.07384352776912916
0.01025471970718154 0.0561678963902578 0.03870255976900276
0.01948925585104061 0.05215809857857238 0.06135403962527053
0.009066183344065191 0.04618039008125642 0.08048776691271103
0.01895947282608167 0.07004581534091894 0.08425981278550973
0.0004980135851788544 0.05541412413977662 0.0796878967142808
-0.00056771678169978 0.0644165779005481 0.0609411874791107
-0.008109055243223043 0.05822230196293134 0.08638339512513525
0.01559337342963858 0.04296887734703952 0.09302878599532578
0.01563588825662124 0.05130187069797459 0.06861886259151613
0.01502645095867019 0.05058121326284177 0.03694153430410636
0.006505595968518865 0.04096822789803772 0.004455390905156525
0.006389204327033328 0.03021147119720063 0.007192009089293887
0.0147131567558586 0.0350586738297413 0.006620070936587709
0.006677076609524353 0.03163094000954246 0.08713844119667982
0.005820188253253438 0.05458374296146563 0.02596355094581913
0.01527509703334563 0.04713752194168805 0.05646362561797417
0.01077975995760139 0.05106224057977076 0.02838102248580096
0.02178714828039243 0.05510997024998543 0.08754633618882067
-0.0005524573478025682 0.05889023786435676 0.08382204523869813
0.01345166371568736 0.05434780140585073 0.07936132452377741
-0.007994355693706202 0.06940162503237131 0.07756374967995935
0.01736087768054365 0.05604843760808181 0.05248221434914512
0.0010029302520407 0.0669998554363479 0.07783483466438723
-0.008247007981155956 0.06547000534539868 0.06306153569459826
0.0153841677744346 0.04385398661560244 0.08659997639208079
0.02057034187003925 0.0547710434105113 0.07448620199172913
0.0152938176918198 0.04273524573346527 0.06017618423645757
0.01029964872265828 0.04077338714371741 0.06041030218309165
0.003672295557519678 0.07507521915418469 0.07939568742423911
-0.006184052922993084 0.06200970928222673 0.05504913265363015
0.01724889076825379 0.05250549992521627 0.06515612701628168
0.003655349023391464 0.06223994968733692 0.04919646766086461
0.02515062494816791 0.04229297789676292 0.09228901551401232
0.003584015754152586 0.04644544694628713 0.0232234828312307
0.005343727915460728 0.04332021824685887 0.08836274595379043
0.007344936111272713 0.05148383743291857 0.05912126776268008
0.01678504521155954 0.05373864351746692 0.09566416750989841
0.005559625522660358 0.0498632876389386 0.07217627279085413
2.594530531072807e-05 0.04763586466337082 0.07053418918375962
-0.009858836246151602 0.04237706664444376 0.09420388460486251
0.005657849057374599 0.04648873017700481 0.02928502325381053
0.00439509248750946 0.06027590398341155 0.033874706748679
-0.003157680288235761 0.05391962834752557 0.06357143594697605
$EndNodes
$Elements
2 17653 1 17653
2 1 2 3270
1 1 2 3 
2 1 455 2 
3 3 428 1 
4 446 1 428 
5 467 1 446 
6 1 467 455 
7 101 3 2 
8 2 61 60 
9 60 101 2 
10 2 455 61 
11 3 101 399 
12 3 399 429 
13 428 3 429 
14 4 5 6 
15 75 5 4 
16 1350 4 6 
17 75 4 76 
18 4 267 76 
19 267 4 1350 
20 5 325 6 
21 40 41 5 
22 40 5 75 
23 827 5 41 
24 827 325 5 
25 327 6 325 
26 327 1351 6 
27 1350 6 1351 
28 7 8 9 
29 7 268 8 
30 7 9 1409 
31 7 693 268 
32 7 692 693 
33 1347 692 7 
34 1409 1347 7 
35 8 1225 9 
36 8 268 36 
37 8 36 1225 
38 1224 9 1225 
39 9 1224 1410 
40 9 1410 1409 
41 10 11 12 
42 11 10 1393 
43 12 1625 10 
44 65 10 932 
45 1212 10 65 
46 1625 932 10 
47 1212 1393 10 
48 1455 12 11 
49 11 1393 1611 
50 1455 11 1611 
51 900 899 12 
52 899 1625 12 
53 900 12 1455 
54 13 14 15 
55 13 1451 14 
56 15 1107 13 
57 661 13 1107 
58 1312 13 661 
59 1312 1451 13 
60 1313 15 14 
61 1313 14 1102 
62 1423 1102 14 
63 1423 14 1451 
64 875 877 15 
65 15 1313 875 
66 1107 15 877 
67 16 17 18 
68 17 16 1572 
69 18 994 16 
70 907 16 905 
71 994 905 16 
72 16 907 1565 
73 16 1565 1572 
74 20 18 17 
75 17 21 20 
76 17 1572 21 
77 20 990 18 
78 989 18 990 
79 994 18 989 
80 19 20 21 
81 19 1138 20 
82 21 1321 19 
83 19 901 900 
84 900 1138 19 
85 901 19 1321 
86 20 1137 990 
87 1137 20 1138 
88 1321 21 1322 
89 1572 1322 21 
90 22 23 24 
91 22 619 23 
92 24 197 22 
93 196 22 197 
94 196 620 22 
95 22 620 619 
96 1200 24 23 
97 191 190 23 
98 1200 23 190 
99 191 23 619 
100 1064 197 24 
101 263 1064 24 
102 24 1200 263 
103 25 26 27 
104 869 26 25 
105 55 25 27 
106 55 755 25 
107 755 792 25 
108 25 792 869 
109 859 27 26 
110 859 26 970 
111 869 970 26 
112 505 55 27 
113 810 505 27 
114 859 810 27 
115 28 29 30 
116 29 28 1401 
117 30 1228 28 
118 28 1228 524 
119 524 1249 28 
120 1249 1401 28 
121 730 30 29 
122 729 730 29 
123 29 1637 729 
124 29 1401 1637 
125 30 730 1004 
126 1004 1005 30 
127 1228 30 1005 
128 31 32 33 
129 31 230 32 
130 31 33 42 
131 42 1062 31 
132 1379 230 31 
133 1379 31 1062 
134 254 33 32 
135 229 32 230 
136 570 32 229 
137 570 254 32 
138 596 42 33 
139 253 33 254 
140 596 33 253 
141 34 35 36 
142 35 34 1586 
143 34 36 268 
144 34 268 1199 
145 323 34 1199 
146 323 1586 34 
147 1133 36 35 
148 35 1078 1077 
149 1077 1133 35 
150 35 1586 1078 
151 1133 1225 36 
152 37 38 39 
153 38 37 287 
154 656 37 39 
155 37 656 287 
156 551 39 38 
157 927 38 287 
158 551 38 552 
159 552 38 926 
160 927 926 38 
161 930 39 551 
162 929 656 39 
163 929 39 930 
164 1434 41 40 
165 75 1555 40 
166 659 1434 40 
167 659 40 1555 
168 41 1430 827 
169 1434 1430 41 
170 259 42 596 
171 259 1287 42 
172 1062 42 1287 
173 43 44 45 
174 855 44 43 
175 43 45 839 
176 43 839 840 
177 43 840 856 
178 856 855 43 
179 44 355 45 
180 355 44 356 
181 910 356 44 
182 910 44 855 
183 207 206 45 
184 206 839 45 
185 207 45 355 
186 46 47 48 
187 46 401 47 
188 46 48 771 
189 165 46 771 
190 165 985 46 
191 46 985 401 
192 47 1608 48 
193 1080 47 401 
194 713 714 47 
195 1080 713 47 
196 47 714 1608 
197 334 770 48 
198 334 48 1608 
199 770 771 48 
200 49 50 51 
201 858 50 49 
202 49 51 850 
203 1073 49 850 
204 49 1369 858 
205 1073 1369 49 
206 50 752 51 
207 323 324 50 
208 858 323 50 
209 50 324 752 
210 751 51 752 
211 1574 51 751 
212 1574 850 51 
213 52 53 54 
214 52 1419 53 
215 54 1230 52 
216 1242 632 52 
217 632 1293 52 
218 1230 1242 52 
219 1419 52 1293 
220 53 1396 54 
221 1554 1396 53 
222 53 1419 1418 
223 1418 1554 53 
224 54 1244 1230 
225 1244 54 1245 
226 1245 54 1396 
227 505 760 55 
228 55 702 755 
229 55 760 702 
230 56 57 58 
231 57 56 699 
232 56 58 1082 
233 236 56 237 
234 699 56 236 
235 1527 237 56 
236 1527 56 1082 
237 57 843 58 
238 708 57 699 
239 1610 57 708 
240 1610 843 57 
241 843 844 58 
242 58 844 1248 
243 1082 58 1248 
244 59 60 61 
245 60 59 143 
246 59 61 499 
247 143 59 178 
248 477 178 59 
249 59 499 477 
250 142 101 60 
251 142 60 143 
252 455 508 61 
253 508 499 61 
254 62 63 64 
255 62 1351 63 
256 64 998 62 
257 671 62 672 
258 62 671 1351 
259 672 62 998 
260 1030 64 63 
261 1031 63 327 
262 327 63 1351 
263 1031 1030 63 
264 998 64 999 
265 1217 999 64 
266 64 1030 1217 
267 65 66 67 
268 65 177 66 
269 1212 65 67 
270 65 932 177 
271 1319 67 66 
272 176 66 177 
273 176 1319 66 
274 1213 1212 67 
275 1319 1213 67 
276 68 69 70 
277 69 68 329 
278 68 70 1067 
279 330 329 68 
280 330 68 1011 
281 1067 1011 68 
282 298 70 69 
283 69 88 89 
284 69 329 88 
285 298 69 89 
286 298 299 70 
287 1310 70 299 
288 1310 1067 70 
289 71 72 73 
290 1411 72 71 
291 73 114 71 
292 71 114 880 
293 71 880 786 
294 786 1411 71 
295 423 73 72 
296 72 424 423 
297 1404 424 72 
298 1411 1404 72 
299 73 112 114 
300 232 112 73 
301 73 802 232 
302 73 423 802 
303 74 75 76 
304 74 1555 75 
305 74 76 667 
306 74 357 358 
307 74 667 357 
308 74 358 1555 
309 267 667 76 
310 77 78 79 
311 1549 78 77 
312 1623 77 79 
313 1549 77 1596 
314 1596 77 1623 
315 1288 79 78 
316 1143 78 1141 
317 1549 1141 78 
318 1143 1288 78 
319 79 259 260 
320 1288 259 79 
321 1623 79 260 
322 80 81 82 
323 80 1500 81 
324 1052 80 82 
325 1051 80 1052 
326 1051 1463 80 
327 80 1463 1500 
328 81 1372 82 
329 983 81 168 
330 81 1500 168 
331 983 1372 81 
332 1296 1052 82 
333 1296 82 1372 
334 83 84 85 
335 86 84 83 
336 83 85 339 
337 86 83 87 
338 83 301 87 
339 301 83 339 
340 322 85 84 
341 86 1481 84 
342 322 84 1364 
343 84 1481 1364 
344 322 339 85 
345 86 87 108 
346 940 86 108 
347 86 940 1481 
348 318 108 87 
349 284 87 301 
350 284 318 87 
351 650 89 88 
352 90 88 91 
353 650 88 90 
354 329 91 88 
355 298 89 823 
356 89 650 823 
357 90 91 279 
358 90 279 221 
359 221 1442 90 
360 90 1442 650 
361 91 278 279 
362 328 278 91 
363 329 328 91 
364 92 93 94 
365 92 149 93 
366 94 151 92 
367 92 634 149 
368 150 92 151 
369 92 150 1593 
370 92 1593 634 
371 723 94 93 
372 93 149 1281 
373 723 93 1633 
374 1281 1633 93 
375 94 1324 151 
376 723 1323 94 
377 94 1323 1324 
378 95 96 97 
379 95 1140 96 
380 205 95 97 
381 95 205 207 
382 95 207 938 
383 1140 95 938 
384 1564 97 96 
385 96 870 871 
386 96 1140 870 
387 871 1632 96 
388 96 1563 1564 
389 1563 96 1632 
390 205 97 991 
391 991 97 1251 
392 1564 1251 97 
393 98 99 100 
394 98 134 99 
395 98 100 136 
396 134 98 1382 
397 135 98 136 
398 135 1382 98 
399 139 100 99 
400 99 134 493 
401 494 139 99 
402 493 494 99 
403 136 100 141 
404 138 100 139 
405 138 141 100 
406 101 142 399 
407 102 103 104 
408 103 102 1484 
409 102 104 359 
410 958 102 359 
411 512 510 102 
412 1484 102 510 
413 958 512 102 
414 451 104 103 
415 451 103 452 
416 452 103 1536 
417 1484 1536 103 
418 359 104 947 
419 451 947 104 
420 105 106 107 
421 647 106 105 
422 711 105 107 
423 647 105 712 
424 711 712 105 
425 107 106 663 
426 106 647 597 
427 106 597 1047 
428 106 1047 663 
429 107 663 684 
430 107 684 695 
431 695 711 107 
432 354 108 318 
433 941 108 354 
434 940 108 941 
435 109 110 111 
436 109 427 110 
437 142 109 111 
438 142 143 109 
439 361 109 143 
440 361 427 109 
441 111 110 391 
442 372 391 110 
443 372 110 392 
444 427 392 110 
445 142 111 400 
446 111 391 767 
447 767 400 111 
448 112 113 114 
449 112 903 113 
450 232 233 112 
451 112 233 903 
452 114 113 881 
453 376 377 113 
454 376 113 903 
455 1155 113 377 
456 881 113 1155 
457 880 114 881 
458 115 116 117 
459 115 1469 116 
460 117 1579 115 
461 968 522 115 
462 1469 115 522 
463 968 115 1579 
464 1325 117 116 
465 1325 116 1611 
466 1469 1611 116 
467 1253 117 1325 
468 1395 117 1253 
469 1395 1579 117 
470 118 119 120 
471 119 118 1509 
472 118 120 1125 
473 952 1509 118 
474 952 118 1556 
475 118 1125 1556 
476 1400 120 119 
477 121 119 122 
478 1400 119 121 
479 119 1509 122 
480 1125 120 1203 
481 1203 120 1204 
482 1400 1204 120 
483 121 122 1421 
484 367 121 368 
485 367 1400 121 
486 121 1420 368 
487 121 1421 1420 
488 122 381 1021 
489 381 122 1509 
490 1021 1421 122 
491 123 124 125 
492 1546 124 123 
493 123 125 130 
494 129 123 130 
495 129 1599 123 
496 123 1599 1546 
497 804 125 124 
498 124 1283 804 
499 124 1521 1283 
500 124 1546 1521 
501 440 130 125 
502 439 440 125 
503 439 125 804 
504 126 127 128 
505 126 1527 127 
506 128 182 126 
507 181 126 182 
508 237 126 181 
509 237 1527 126 
510 1020 128 127 
511 1020 127 1503 
512 1587 1503 127 
513 1587 127 1527 
514 128 645 182 
515 673 645 128 
516 673 128 1020 
517 1600 129 130 
518 129 1585 1599 
519 1600 1585 129 
520 130 440 1543 
521 130 1543 1600 
522 131 132 133 
523 132 131 1094 
524 131 133 145 
525 396 131 145 
526 396 397 131 
527 397 1094 131 
528 465 133 132 
529 132 451 452 
530 132 1094 451 
531 464 132 452 
532 132 464 465 
533 133 144 145 
534 133 449 144 
535 449 133 450 
536 450 133 465 
537 134 1381 493 
538 1381 134 1382 
539 135 136 1017 
540 1027 135 1017 
541 135 1027 1545 
542 135 1545 1382 
543 1018 136 141 
544 1018 1017 136 
545 137 138 139 
546 1236 138 137 
547 139 1338 137 
548 1232 1236 137 
549 1304 1232 137 
550 137 1338 1304 
551 138 140 141 
552 1236 140 138 
553 139 494 1338 
554 1018 141 140 
555 1018 140 1539 
556 1236 1235 140 
557 1235 1539 140 
558 142 400 399 
559 361 143 178 
560 1305 145 144 
561 449 365 144 
562 1305 144 365 
563 396 145 1357 
564 145 1305 1357 
565 146 147 148 
566 146 1317 147 
567 1262 146 148 
568 146 1262 475 
569 146 475 1318 
570 1318 1317 146 
571 1338 148 147 
572 1339 147 1317 
573 1338 147 1339 
574 1262 148 494 
575 1338 494 148 
576 633 149 634 
577 633 1282 149 
578 1281 149 1282 
579 150 151 153 
580 150 153 1363 
581 150 1363 1300 
582 1300 1593 150 
583 726 153 151 
584 726 151 1324 
585 152 153 154 
586 152 1363 153 
587 1388 152 154 
588 152 1240 1096 
589 152 1096 1363 
590 1240 152 1241 
591 1388 1241 152 
592 726 154 153 
593 154 726 954 
594 1386 154 954 
595 1388 154 1386 
596 155 156 157 
597 1378 156 155 
598 994 155 157 
599 155 994 989 
600 1482 155 989 
601 1482 1378 155 
602 157 156 1245 
603 1223 156 1222 
604 1378 1222 156 
605 1223 1245 156 
606 157 905 994 
607 157 1397 905 
608 157 1245 1396 
609 157 1396 1397 
610 158 159 160 
611 158 545 159 
612 158 160 511 
613 511 589 158 
614 606 545 158 
615 606 158 589 
616 1484 160 159 
617 544 159 545 
618 159 544 1536 
619 159 1536 1484 
620 510 511 160 
621 510 160 1484 
622 161 162 163 
623 161 463 162 
624 163 546 161 
625 170 172 161 
626 170 161 546 
627 161 172 463 
628 162 1553 163 
629 450 162 463 
630 162 450 1553 
631 163 696 546 
632 696 163 1488 
633 163 1553 1488 
634 164 165 166 
635 985 165 164 
636 166 1234 164 
637 984 985 164 
638 984 164 1234 
639 1450 166 165 
640 165 771 525 
641 165 525 1450 
642 166 1220 1234 
643 166 1406 1220 
644 166 1450 1406 
645 167 168 169 
646 167 1299 168 
647 167 169 195 
648 538 167 195 
649 538 1349 167 
650 1298 1299 167 
651 1298 167 1349 
652 169 168 1500 
653 168 1299 983 
654 1038 195 169 
655 1038 169 1463 
656 169 1500 1463 
657 170 171 172 
658 170 574 171 
659 573 170 546 
660 170 573 574 
661 503 172 171 
662 503 171 504 
663 648 504 171 
664 648 171 574 
665 445 463 172 
666 445 172 503 
667 173 174 175 
668 173 281 174 
669 173 175 655 
670 281 173 613 
671 705 613 173 
672 655 705 173 
673 572 175 174 
674 280 174 281 
675 280 572 174 
676 310 175 572 
677 310 1454 175 
678 654 655 175 
679 654 175 1454 
680 177 296 176 
681 898 176 296 
682 898 1079 176 
683 1319 176 1079 
684 177 295 296 
685 295 177 932 
686 178 179 180 
687 178 477 179 
688 178 180 360 
689 178 360 361 
690 317 180 179 
691 317 179 498 
692 179 477 1292 
693 1292 498 179 
694 563 180 317 
695 360 180 454 
696 563 454 180 
697 181 182 183 
698 183 1528 181 
699 237 181 1024 
700 1528 1024 181 
701 644 183 182 
702 644 182 645 
703 1614 183 644 
704 183 1207 1528 
705 1614 1207 183 
706 184 185 186 
707 185 184 1431 
708 184 186 346 
709 184 346 347 
710 184 347 1542 
711 1542 1431 184 
712 185 1480 186 
713 291 185 289 
714 1192 289 185 
715 185 291 1480 
716 185 1431 1192 
717 346 186 1210 
718 1605 1210 186 
719 186 1480 1605 
720 187 188 189 
721 893 188 187 
722 187 189 220 
723 220 646 187 
724 187 646 893 
725 198 189 188 
726 196 198 188 
727 196 188 1405 
728 893 1405 188 
729 198 221 189 
730 189 241 220 
731 189 221 222 
732 189 222 241 
733 190 191 192 
734 190 192 213 
735 213 214 190 
736 1200 190 214 
737 945 192 191 
738 191 619 1012 
739 945 191 1012 
740 211 212 192 
741 211 192 945 
742 213 192 212 
743 193 194 195 
744 194 193 1630 
745 1038 193 195 
746 193 1037 433 
747 433 1630 193 
748 1037 193 1038 
749 538 195 194 
750 539 538 194 
751 539 194 1472 
752 194 1630 1472 
753 196 197 198 
754 196 1405 620 
755 198 197 1442 
756 1064 1442 197 
757 1442 221 198 
758 199 200 201 
759 200 199 537 
760 199 201 707 
761 199 270 537 
762 199 1131 270 
763 707 1131 199 
764 200 1302 201 
765 537 1568 200 
766 1302 200 1355 
767 1355 200 1568 
768 441 442 201 
769 441 201 1302 
770 442 707 201 
771 202 203 204 
772 904 203 202 
773 202 204 740 
774 483 485 202 
775 202 957 483 
776 904 202 485 
777 202 740 957 
778 1184 204 203 
779 904 897 203 
780 1184 203 897 
781 295 741 204 
782 295 204 1184 
783 740 204 741 
784 205 206 207 
785 206 205 830 
786 1099 830 205 
787 991 1099 205 
788 206 830 839 
789 355 938 207 
790 208 209 210 
791 1319 209 208 
792 210 527 208 
793 527 1229 208 
794 1229 1213 208 
795 1319 208 1213 
796 872 210 209 
797 872 209 1079 
798 209 1319 1079 
799 340 341 210 
800 872 340 210 
801 527 210 341 
802 212 211 1252 
803 945 946 211 
804 1034 211 946 
805 1034 1252 211 
806 266 213 212 
807 212 300 266 
808 212 1252 300 
809 234 214 213 
810 234 213 266 
811 214 234 235 
812 214 235 261 
813 1200 214 261 
814 215 216 217 
815 216 215 372 
816 215 217 988 
817 215 919 372 
818 215 1535 919 
819 1535 215 988 
820 216 1374 217 
821 359 216 392 
822 359 947 216 
823 392 216 372 
824 1374 216 947 
825 354 217 941 
826 988 217 354 
827 217 1374 941 
828 218 219 220 
829 231 219 218 
830 218 220 241 
831 218 251 231 
832 241 242 218 
833 242 251 218 
834 646 220 219 
835 219 231 249 
836 219 249 1524 
837 219 1524 646 
838 221 279 222 
839 252 241 222 
840 252 222 279 
841 223 224 225 
842 223 1207 224 
843 253 223 225 
844 223 253 1551 
845 1528 1207 223 
846 1528 223 1551 
847 224 1623 225 
848 681 224 1208 
849 224 681 1623 
850 1207 1208 224 
851 253 225 596 
852 596 225 260 
853 260 225 1623 
854 226 227 228 
855 1268 227 226 
856 226 228 778 
857 778 1366 226 
858 1266 1268 226 
859 226 1366 1266 
860 227 1159 228 
861 227 533 1159 
862 533 227 1343 
863 1268 1343 227 
864 778 228 779 
865 228 1196 779 
866 228 1159 1196 
867 930 229 230 
868 551 552 229 
869 930 551 229 
870 570 229 552 
871 930 230 1380 
872 1379 1380 230 
873 275 249 231 
874 250 231 251 
875 250 275 231 
876 232 466 233 
877 1125 466 232 
878 1556 232 802 
879 1125 232 1556 
880 902 233 466 
881 902 903 233 
882 234 282 235 
883 266 308 234 
884 320 282 234 
885 320 234 308 
886 235 265 261 
887 235 476 265 
888 476 235 282 
889 236 237 1024 
890 236 700 699 
891 1036 700 236 
892 236 1024 1036 
893 238 239 240 
894 238 818 239 
895 238 240 809 
896 808 238 809 
897 238 808 818 
898 689 240 239 
899 689 239 1439 
900 800 239 818 
901 1439 239 800 
902 458 240 459 
903 809 240 458 
904 689 459 240 
905 241 252 242 
906 297 251 242 
907 242 252 333 
908 242 333 297 
909 243 244 245 
910 243 1505 244 
911 243 245 1189 
912 1189 1091 243 
913 1373 243 1091 
914 1373 1505 243 
915 1006 245 244 
916 1562 1006 244 
917 1391 244 1505 
918 1562 244 1391 
919 1048 245 1006 
920 1444 245 1048 
921 1189 245 1444 
922 246 247 248 
923 247 246 1131 
924 303 246 248 
925 269 270 246 
926 246 303 269 
927 270 1131 246 
928 274 248 247 
929 274 247 1376 
930 1131 1376 247 
931 276 248 274 
932 248 276 515 
933 517 303 248 
934 248 515 517 
935 274 249 275 
936 274 1376 249 
937 1524 249 1376 
938 251 304 250 
939 277 275 250 
940 250 304 277 
941 297 304 251 
942 252 279 278 
943 278 333 252 
944 253 254 255 
945 255 1551 253 
946 255 254 570 
947 255 570 571 
948 255 571 1036 
949 255 1036 1551 
950 256 257 258 
951 256 675 257 
952 748 256 258 
953 256 944 675 
954 748 1610 256 
955 944 256 1610 
956 868 258 257 
957 257 675 676 
958 257 676 838 
959 838 837 257 
960 868 257 837 
961 748 258 1272 
962 258 868 917 
963 258 917 1272 
964 596 260 259 
965 1288 1287 259 
966 261 262 263 
967 261 265 262 
968 1200 261 263 
969 823 263 262 
970 264 262 265 
971 298 262 264 
972 298 823 262 
973 263 823 1064 
974 265 1540 264 
975 298 264 299 
976 264 1516 299 
977 1516 264 1540 
978 265 476 1540 
979 308 266 300 
980 267 789 667 
981 734 267 682 
982 1350 682 267 
983 267 734 789 
984 1199 268 693 
985 272 270 269 
986 272 269 302 
987 302 269 345 
988 303 345 269 
989 272 537 270 
990 271 272 273 
991 1568 272 271 
992 271 273 353 
993 319 271 353 
994 319 1033 271 
995 271 1033 1568 
996 302 273 272 
997 1568 537 272 
998 273 302 1535 
999 988 353 273 
1000 1535 988 273 
1001 275 276 274 
1002 277 276 275 
1003 277 351 276 
1004 351 515 276 
1005 348 277 304 
1006 277 348 351 
1007 278 328 350 
1008 350 333 278 
1009 561 280 281 
1010 530 311 280 
1011 572 280 311 
1012 280 479 530 
1013 280 561 479 
1014 561 281 587 
1015 613 587 281 
1016 315 282 316 
1017 476 282 315 
1018 320 316 282 
1019 283 284 285 
1020 283 319 284 
1021 285 1252 283 
1022 319 283 1033 
1023 1033 283 1034 
1024 1034 283 1252 
1025 284 301 285 
1026 318 284 319 
1027 300 285 301 
1028 285 300 1252 
1029 286 287 288 
1030 287 286 927 
1031 286 288 724 
1032 724 885 286 
1033 1260 286 885 
1034 1260 927 286 
1035 287 867 288 
1036 867 287 656 
1037 724 288 725 
1038 819 725 288 
1039 288 867 819 
1040 289 290 291 
1041 290 289 1543 
1042 289 1192 1182 
1043 1600 289 1182 
1044 1600 1543 289 
1045 291 290 913 
1046 1177 913 290 
1047 1177 290 1165 
1048 1543 1165 290 
1049 291 913 1353 
1050 1353 1480 291 
1051 292 293 294 
1052 292 969 293 
1053 1022 292 294 
1054 292 336 969 
1055 336 292 997 
1056 1041 997 292 
1057 1041 292 1022 
1058 1016 294 293 
1059 293 969 629 
1060 629 1331 293 
1061 293 1331 1016 
1062 294 1016 1015 
1063 294 1015 1021 
1064 1021 1022 294 
1065 1184 296 295 
1066 295 1026 741 
1067 295 932 1026 
1068 898 296 1184 
1069 297 332 304 
1070 297 331 332 
1071 331 297 333 
1072 344 1310 299 
1073 344 299 1516 
1074 301 339 300 
1075 300 339 308 
1076 345 1535 302 
1077 371 345 303 
1078 303 517 371 
1079 349 304 332 
1080 348 304 349 
1081 305 306 307 
1082 305 1098 306 
1083 305 307 1506 
1084 1506 981 305 
1085 305 981 1577 
1086 1098 305 1577 
1087 307 306 390 
1088 306 1279 390 
1089 1097 306 1098 
1090 1097 1279 306 
1091 335 307 629 
1092 335 1506 307 
1093 307 390 629 
1094 308 322 320 
1095 322 308 339 
1096 309 310 311 
1097 309 599 310 
1098 309 311 557 
1099 557 559 309 
1100 309 559 649 
1101 599 309 649 
1102 572 311 310 
1103 599 600 310 
1104 600 1454 310 
1105 557 311 530 
1106 312 313 314 
1107 1321 313 312 
1108 312 314 965 
1109 965 966 312 
1110 312 966 1185 
1111 312 1185 1321 
1112 313 1604 314 
1113 1321 1322 313 
1114 1603 313 1322 
1115 313 1603 1604 
1116 965 314 1114 
1117 1115 1114 314 
1118 1115 314 1604 
1119 337 315 316 
1120 315 337 338 
1121 476 315 338 
1122 320 321 316 
1123 321 848 316 
1124 337 316 848 
1125 498 627 317 
1126 562 563 317 
1127 562 317 627 
1128 353 318 319 
1129 353 354 318 
1130 321 320 322 
1131 1364 321 322 
1132 1364 848 321 
1133 1199 324 323 
1134 323 858 1226 
1135 323 1226 1586 
1136 324 637 752 
1137 1199 637 324 
1138 325 326 327 
1139 827 326 325 
1140 1031 327 326 
1141 827 829 326 
1142 1383 326 829 
1143 1031 326 1383 
1144 328 329 330 
1145 328 330 352 
1146 352 350 328 
1147 978 352 330 
1148 978 330 1011 
1149 331 1514 332 
1150 333 350 331 
1151 331 350 1167 
1152 331 1167 1523 
1153 331 1523 1514 
1154 332 1227 349 
1155 332 1514 1227 
1156 334 335 336 
1157 1506 335 334 
1158 770 334 336 
1159 1506 334 982 
1160 334 1608 982 
1161 969 336 335 
1162 335 629 969 
1163 336 997 770 
1164 337 1128 338 
1165 1126 337 848 
1166 1126 1128 337 
1167 342 338 1128 
1168 342 1540 338 
1169 338 1540 476 
1170 340 833 341 
1171 814 340 772 
1172 872 772 340 
1173 833 340 814 
1174 527 341 841 
1175 833 841 341 
1176 342 343 344 
1177 343 342 1128 
1178 344 1516 342 
1179 1540 342 1516 
1180 1068 344 343 
1181 343 1441 1068 
1182 343 1128 1127 
1183 343 1127 1441 
1184 1068 1310 344 
1185 345 371 919 
1186 345 919 1535 
1187 346 686 347 
1188 686 346 1214 
1189 1210 1214 346 
1190 1147 347 686 
1191 1147 1148 347 
1192 1148 1542 347 
1193 348 349 394 
1194 348 1171 351 
1195 348 394 1172 
1196 348 1172 1171 
1197 349 395 394 
1198 395 349 1227 
1199 352 1167 350 
1200 351 1422 515 
1201 1422 351 1171 
1202 362 352 978 
1203 352 362 1167 
1204 988 354 353 
1205 356 1013 355 
1206 355 937 938 
1207 1013 937 355 
1208 910 1122 356 
1209 1013 356 1124 
1210 1122 1124 356 
1211 1522 358 357 
1212 644 645 357 
1213 644 357 789 
1214 645 1522 357 
1215 789 357 667 
1216 358 1517 1074 
1217 1074 1555 358 
1218 1517 358 1518 
1219 358 1522 1518 
1220 958 359 392 
1221 360 453 361 
1222 453 360 454 
1223 427 361 453 
1224 362 363 364 
1225 362 979 363 
1226 362 364 1167 
1227 362 978 979 
1228 363 366 364 
1229 363 365 366 
1230 365 363 1305 
1231 363 979 1174 
1232 1174 1305 363 
1233 364 366 1523 
1234 364 1523 1167 
1235 386 366 365 
1236 386 365 449 
1237 385 366 386 
1238 385 1523 366 
1239 1129 367 368 
1240 1129 1130 367 
1241 367 1130 1512 
1242 367 1204 1400 
1243 367 1512 1204 
1244 1129 368 1569 
1245 1365 368 1420 
1246 1365 1569 368 
1247 369 370 371 
1248 767 370 369 
1249 371 517 369 
1250 516 369 517 
1251 516 1258 369 
1252 369 1258 767 
1253 370 919 371 
1254 372 370 391 
1255 370 372 919 
1256 370 767 391 
1257 373 374 375 
1258 373 1023 374 
1259 373 375 1284 
1260 861 862 373 
1261 373 1284 861 
1262 373 862 1023 
1263 375 374 1598 
1264 374 555 554 
1265 554 1598 374 
1266 555 374 1023 
1267 1151 375 1152 
1268 375 1151 1284 
1269 1598 1152 375 
1270 1175 377 376 
1271 902 376 903 
1272 1009 376 902 
1273 1009 1175 376 
1274 1156 1155 377 
1275 1156 377 1176 
1276 1175 1176 377 
1277 378 379 380 
1278 1126 379 378 
1279 380 513 378 
1280 378 513 1452 
1281 1127 1126 378 
1282 378 1452 1127 
1283 379 1481 380 
1284 1126 848 379 
1285 848 1364 379 
1286 379 1364 1481 
1287 380 514 513 
1288 940 514 380 
1289 380 1481 940 
1290 381 382 383 
1291 381 1509 382 
1292 381 383 1280 
1293 381 1022 1021 
1294 1280 1022 381 
1295 383 382 883 
1296 382 884 883 
1297 382 952 884 
1298 952 382 1509 
1299 949 383 883 
1300 949 1280 383 
1301 384 385 386 
1302 384 415 385 
1303 436 384 386 
1304 384 414 415 
1305 414 384 445 
1306 436 445 384 
1307 1513 385 415 
1308 385 1513 1514 
1309 385 1514 1523 
1310 449 436 386 
1311 387 388 389 
1312 388 387 863 
1313 389 909 387 
1314 890 387 615 
1315 918 615 387 
1316 890 863 387 
1317 918 387 909 
1318 564 389 388 
1319 564 388 864 
1320 388 863 864 
1321 564 769 389 
1322 389 769 851 
1323 389 851 909 
1324 629 390 1331 
1325 1278 390 1279 
1326 1331 390 1278 
1327 392 427 958 
1328 393 394 395 
1329 393 1303 394 
1330 393 395 415 
1331 393 415 414 
1332 874 393 414 
1333 393 874 443 
1334 393 443 1303 
1335 394 1303 1172 
1336 415 395 1513 
1337 395 1227 1513 
1338 396 514 397 
1339 396 513 514 
1340 396 1357 513 
1341 514 939 397 
1342 1144 397 939 
1343 1144 1094 397 
1344 398 399 400 
1345 398 429 399 
1346 398 400 1258 
1347 429 398 1497 
1348 1354 398 1258 
1349 1354 1497 398 
1350 1258 400 767 
1351 401 985 1169 
1352 401 1169 1080 
1353 402 403 404 
1354 403 402 1391 
1355 402 404 1059 
1356 1059 1060 402 
1357 1562 402 1060 
1358 1562 1391 402 
1359 986 404 403 
1360 1548 986 403 
1361 403 1391 1548 
1362 404 986 987 
1363 404 987 1389 
1364 1286 1059 404 
1365 1389 1286 404 
1366 405 406 407 
1367 405 604 406 
1368 407 723 405 
1369 1633 604 405 
1370 1633 405 723 
1371 407 406 1468 
1372 603 406 604 
1373 603 1629 406 
1374 1468 406 1629 
1375 723 407 1323 
1376 407 1049 1323 
1377 407 1468 1049 
1378 408 409 410 
1379 409 408 711 
1380 410 846 408 
1381 408 712 711 
1382 408 757 712 
1383 408 783 757 
1384 783 408 846 
1385 825 410 409 
1386 409 711 695 
1387 409 695 745 
1388 745 825 409 
1389 888 410 825 
1390 410 854 846 
1391 888 854 410 
1392 411 412 413 
1393 411 518 412 
1394 495 411 413 
1395 495 481 411 
1396 481 519 411 
1397 518 411 519 
1398 425 413 412 
1399 425 412 426 
1400 438 426 412 
1401 438 412 518 
1402 444 413 425 
1403 413 444 486 
1404 413 486 495 
1405 445 503 414 
1406 414 503 874 
1407 416 417 418 
1408 416 426 417 
1409 418 1303 416 
1410 416 425 426 
1411 416 443 425 
1412 1303 443 416 
1413 1341 418 417 
1414 417 426 437 
1415 417 437 547 
1416 1341 417 547 
1417 418 992 993 
1418 992 418 1341 
1419 418 993 1303 
1420 419 420 421 
1421 419 1384 420 
1422 419 421 1601 
1423 419 1466 1384 
1424 419 1425 1466 
1425 1425 419 1552 
1426 1601 1552 419 
1427 421 420 943 
1428 943 420 1370 
1429 1384 1370 420 
1430 943 1077 421 
1431 421 1077 1078 
1432 1078 1601 421 
1433 422 423 424 
1434 422 802 423 
1435 422 424 1408 
1436 802 422 884 
1437 883 884 422 
1438 422 1408 883 
1439 1404 1407 424 
1440 1407 1408 424 
1441 425 443 444 
1442 438 437 426 
1443 427 453 958 
1444 429 1132 428 
1445 428 431 446 
1446 428 1132 431 
1447 429 548 1132 
1448 429 1497 548 
1449 430 431 432 
1450 431 430 457 
1451 430 432 437 
1452 430 437 438 
1453 456 430 438 
1454 456 457 430 
1455 432 431 1132 
1456 446 431 471 
1457 457 471 431 
1458 432 547 437 
1459 547 432 548 
1460 432 1132 548 
1461 433 434 435 
1462 1063 434 433 
1463 433 435 1473 
1464 1037 1063 433 
1465 1473 1630 433 
1466 447 435 434 
1467 447 434 448 
1468 1063 448 434 
1469 614 435 447 
1470 1609 435 614 
1471 435 1609 1473 
1472 445 436 463 
1473 449 450 436 
1474 450 463 436 
1475 438 518 456 
1476 1165 440 439 
1477 1153 439 804 
1478 439 1153 1154 
1479 1154 1166 439 
1480 1165 439 1166 
1481 1165 1543 440 
1482 441 1198 442 
1483 1558 1198 441 
1484 1302 1221 441 
1485 441 1221 1558 
1486 707 442 1524 
1487 1198 1524 442 
1488 874 444 443 
1489 444 502 486 
1490 874 502 444 
1491 446 753 467 
1492 446 471 753 
1493 448 1456 447 
1494 614 447 615 
1495 447 1456 615 
1496 448 933 716 
1497 448 716 1456 
1498 1063 933 448 
1499 465 1553 450 
1500 451 1094 947 
1501 464 452 1536 
1502 453 454 512 
1503 453 512 958 
1504 529 512 454 
1505 529 454 563 
1506 467 478 455 
1507 455 478 508 
1508 457 456 482 
1509 482 456 1158 
1510 1158 456 518 
1511 471 457 472 
1512 482 472 457 
1513 458 459 677 
1514 677 763 458 
1515 458 763 821 
1516 809 458 820 
1517 458 821 820 
1518 459 653 643 
1519 677 459 643 
1520 653 459 689 
1521 460 461 462 
1522 460 852 461 
1523 460 462 878 
1524 891 852 460 
1525 460 878 1110 
1526 1110 891 460 
1527 773 462 461 
1528 773 461 784 
1529 461 853 784 
1530 461 852 853 
1531 773 790 462 
1532 790 879 462 
1533 462 879 878 
1534 464 1553 465 
1535 464 1536 544 
1536 544 1553 464 
1537 1201 902 466 
1538 466 1125 1203 
1539 1203 1201 466 
1540 478 467 509 
1541 753 509 467 
1542 468 469 470 
1543 474 469 468 
1544 470 1620 468 
1545 474 468 595 
1546 595 468 1392 
1547 468 1620 1392 
1548 719 470 469 
1549 469 474 475 
1550 469 475 1470 
1551 1470 719 469 
1552 470 719 721 
1553 721 1417 470 
1554 1417 1621 470 
1555 1620 470 1621 
1556 471 472 473 
1557 473 753 471 
1558 500 473 472 
1559 482 501 472 
1560 500 472 501 
1561 473 500 550 
1562 473 550 567 
1563 753 473 567 
1564 474 1318 475 
1565 595 1103 474 
1566 474 1103 1318 
1567 1470 475 1262 
1568 1291 477 499 
1569 1291 1292 477 
1570 508 478 549 
1571 509 556 478 
1572 549 478 556 
1573 479 480 481 
1574 561 480 479 
1575 479 481 520 
1576 530 479 520 
1577 480 519 481 
1578 480 1158 519 
1579 569 560 480 
1580 1158 480 560 
1581 569 480 561 
1582 495 520 481 
1583 482 560 501 
1584 560 482 1158 
1585 483 484 485 
1586 483 1157 484 
1587 483 957 1578 
1588 483 1578 1157 
1589 832 485 484 
1590 832 484 1370 
1591 943 484 1157 
1592 943 1370 484 
1593 831 485 832 
1594 485 831 904 
1595 558 495 486 
1596 1290 486 502 
1597 558 486 1290 
1598 487 488 489 
1599 487 1275 488 
1600 487 489 1416 
1601 487 1267 1276 
1602 487 1416 1267 
1603 1275 487 1276 
1604 925 489 488 
1605 924 488 631 
1606 631 488 1275 
1607 924 925 488 
1608 489 925 1121 
1609 489 1121 1621 
1610 489 1621 1416 
1611 490 491 492 
1612 490 1437 491 
1613 490 492 1083 
1614 490 1083 1508 
1615 490 1594 1437 
1616 1508 1594 490 
1617 1168 492 491 
1618 1168 491 1613 
1619 1436 491 1437 
1620 1436 1613 491 
1621 984 1084 492 
1622 984 492 1168 
1623 1083 492 1084 
1624 493 1262 494 
1625 493 1470 1262 
1626 1358 493 1381 
1627 1470 493 1358 
1628 558 520 495 
1629 496 497 498 
1630 496 616 497 
1631 1292 496 498 
1632 580 496 581 
1633 580 617 496 
1634 1292 581 496 
1635 616 496 617 
1636 627 498 497 
1637 651 497 616 
1638 627 497 628 
1639 651 628 497 
1640 1291 499 508 
1641 500 501 609 
1642 1487 550 500 
1643 500 609 1487 
1644 560 576 501 
1645 501 576 609 
1646 503 504 502 
1647 502 874 503 
1648 502 504 1290 
1649 504 648 1290 
1650 505 506 507 
1651 505 810 506 
1652 764 505 507 
1653 765 760 505 
1654 764 765 505 
1655 837 507 506 
1656 837 506 810 
1657 507 1403 764 
1658 837 838 507 
1659 507 838 1403 
1660 508 549 1291 
1661 1187 556 509 
1662 753 567 509 
1663 509 567 1187 
1664 528 511 510 
1665 529 510 512 
1666 528 510 529 
1667 528 582 511 
1668 589 511 582 
1669 1356 513 1357 
1670 1356 1452 513 
1671 940 939 514 
1672 515 516 517 
1673 1422 516 515 
1674 1354 516 992 
1675 1422 992 516 
1676 1258 516 1354 
1677 518 519 1158 
1678 530 520 557 
1679 558 557 520 
1680 521 522 523 
1681 521 641 522 
1682 523 685 521 
1683 641 521 642 
1684 642 521 1137 
1685 1332 521 685 
1686 1332 1137 521 
1687 522 968 523 
1688 1469 522 641 
1689 685 523 1053 
1690 523 968 1051 
1691 1051 1053 523 
1692 524 525 526 
1693 525 524 1450 
1694 524 526 1249 
1695 524 1228 1406 
1696 1406 1450 524 
1697 996 526 525 
1698 771 996 525 
1699 526 995 950 
1700 526 950 1249 
1701 995 526 996 
1702 1498 527 841 
1703 527 1498 1229 
1704 528 529 563 
1705 563 562 528 
1706 528 562 582 
1707 531 532 533 
1708 531 1336 532 
1709 531 533 1343 
1710 531 1335 1336 
1711 531 1345 1335 
1712 531 1343 1345 
1713 1489 533 532 
1714 1362 532 1336 
1715 1435 532 1362 
1716 1435 1489 532 
1717 1489 1159 533 
1718 534 535 536 
1719 535 534 1261 
1720 534 536 1065 
1721 602 534 1065 
1722 534 602 1261 
1723 553 536 535 
1724 535 1342 553 
1725 535 1261 1520 
1726 535 1521 1342 
1727 535 1520 1521 
1728 553 1270 536 
1729 536 1058 1065 
1730 536 1270 1058 
1731 538 539 540 
1732 538 540 1349 
1733 539 1634 540 
1734 539 1472 1477 
1735 539 1477 1634 
1736 973 972 540 
1737 1349 540 972 
1738 973 540 1634 
1739 541 542 543 
1740 541 1517 542 
1741 1231 541 543 
1742 541 660 1074 
1743 1231 660 541 
1744 541 1074 1517 
1745 1235 543 542 
1746 542 948 1474 
1747 542 1517 948 
1748 1235 542 1475 
1749 542 1474 1475 
1750 1231 543 1232 
1751 1236 1232 543 
1752 543 1235 1236 
1753 544 545 1488 
1754 544 1488 1553 
1755 761 545 606 
1756 761 1488 545 
1757 579 573 546 
1758 579 546 696 
1759 547 548 1497 
1760 1341 547 1497 
1761 549 556 889 
1762 889 591 549 
1763 591 1291 549 
1764 567 550 568 
1765 568 550 1047 
1766 1487 1047 550 
1767 570 552 1311 
1768 926 1311 552 
1769 553 554 555 
1770 553 1342 554 
1771 555 1270 553 
1772 1546 554 1342 
1773 1546 1598 554 
1774 1023 1271 555 
1775 1270 555 1271 
1776 889 556 1187 
1777 557 558 559 
1778 558 1290 559 
1779 648 649 559 
1780 559 1290 648 
1781 576 560 569 
1782 569 561 587 
1783 582 562 583 
1784 583 562 628 
1785 627 628 562 
1786 564 565 566 
1787 564 864 565 
1788 566 769 564 
1789 750 566 565 
1790 749 750 565 
1791 749 565 834 
1792 834 565 864 
1793 750 801 566 
1794 566 768 769 
1795 566 801 768 
1796 568 1187 567 
1797 597 598 568 
1798 568 1047 597 
1799 1187 568 598 
1800 569 575 576 
1801 575 569 587 
1802 570 1311 571 
1803 1036 571 700 
1804 1371 700 571 
1805 571 1311 1371 
1806 574 573 578 
1807 573 577 578 
1808 573 579 577 
1809 574 578 649 
1810 648 574 649 
1811 610 576 575 
1812 625 575 587 
1813 626 610 575 
1814 625 626 575 
1815 610 609 576 
1816 577 608 578 
1817 579 601 577 
1818 607 577 601 
1819 577 607 608 
1820 599 578 608 
1821 599 649 578 
1822 579 697 601 
1823 579 696 697 
1824 581 590 580 
1825 580 590 624 
1826 662 617 580 
1827 580 624 662 
1828 590 581 591 
1829 581 1291 591 
1830 1292 1291 581 
1831 588 582 583 
1832 582 588 589 
1833 643 588 583 
1834 583 628 652 
1835 652 643 583 
1836 584 585 586 
1837 585 584 1496 
1838 1383 584 586 
1839 1106 584 829 
1840 1383 829 584 
1841 1106 1496 584 
1842 1612 586 585 
1843 585 1494 934 
1844 585 934 1612 
1845 585 1496 1494 
1846 1032 1383 586 
1847 1612 1032 586 
1848 613 625 587 
1849 605 589 588 
1850 605 588 653 
1851 643 653 588 
1852 605 606 589 
1853 590 591 592 
1854 612 590 592 
1855 612 624 590 
1856 889 592 591 
1857 639 592 598 
1858 889 598 592 
1859 592 666 612 
1860 666 592 639 
1861 593 594 595 
1862 593 1394 594 
1863 593 595 1392 
1864 593 1135 1136 
1865 593 1392 1135 
1866 593 1136 1394 
1867 595 594 1103 
1868 594 1069 1103 
1869 594 1181 1069 
1870 594 1394 1181 
1871 598 597 639 
1872 597 647 639 
1873 889 1187 598 
1874 599 608 600 
1875 600 608 679 
1876 679 747 600 
1877 600 747 1454 
1878 607 601 640 
1879 623 601 697 
1880 601 623 710 
1881 710 640 601 
1882 602 603 604 
1883 602 1044 603 
1884 602 604 1261 
1885 1046 1044 602 
1886 602 1065 1046 
1887 603 1044 1629 
1888 604 1633 1261 
1889 606 605 621 
1890 605 657 621 
1891 605 653 657 
1892 606 621 1541 
1893 761 606 1541 
1894 607 679 608 
1895 607 640 678 
1896 607 678 679 
1897 609 610 611 
1898 609 611 1487 
1899 683 611 610 
1900 610 626 683 
1901 683 663 611 
1902 663 1487 611 
1903 612 665 624 
1904 666 665 612 
1905 613 658 625 
1906 613 705 658 
1907 614 615 918 
1908 918 1458 614 
1909 1458 1609 614 
1910 890 615 1456 
1911 691 616 617 
1912 651 616 715 
1913 691 715 616 
1914 691 617 662 
1915 618 619 620 
1916 618 1012 619 
1917 618 620 1405 
1918 1012 618 1221 
1919 618 1558 1221 
1920 618 1405 1558 
1921 621 622 623 
1922 621 657 622 
1923 623 1541 621 
1924 710 623 622 
1925 657 1439 622 
1926 622 709 710 
1927 1439 709 622 
1928 623 697 1541 
1929 624 680 662 
1930 664 624 665 
1931 624 664 680 
1932 625 669 626 
1933 625 658 669 
1934 668 626 669 
1935 668 683 626 
1936 651 652 628 
1937 630 631 632 
1938 630 924 631 
1939 1242 630 632 
1940 630 862 924 
1941 630 1478 862 
1942 630 1242 1478 
1943 632 631 1293 
1944 1275 1293 631 
1945 633 634 635 
1946 1010 633 635 
1947 1010 1153 633 
1948 1153 1282 633 
1949 635 634 1593 
1950 882 1045 635 
1951 882 635 1134 
1952 1010 635 1045 
1953 635 1593 1134 
1954 636 637 638 
1955 636 752 637 
1956 636 638 1533 
1957 636 751 752 
1958 751 636 1375 
1959 1533 1375 636 
1960 693 638 637 
1961 693 637 1199 
1962 638 693 692 
1963 692 1195 638 
1964 1533 638 1195 
1965 701 639 647 
1966 639 701 666 
1967 640 785 678 
1968 776 640 710 
1969 785 640 776 
1970 641 642 1455 
1971 1469 641 1455 
1972 642 1138 900 
1973 900 1455 642 
1974 1137 1138 642 
1975 652 677 643 
1976 1614 644 789 
1977 645 673 1518 
1978 645 1518 1522 
1979 646 1198 893 
1980 646 1524 1198 
1981 701 647 712 
1982 1064 823 650 
1983 1064 650 1442 
1984 674 652 651 
1985 674 651 715 
1986 677 652 674 
1987 689 657 653 
1988 654 801 655 
1989 1515 801 654 
1990 1515 654 1454 
1991 655 706 705 
1992 655 750 706 
1993 655 801 750 
1994 656 822 867 
1995 822 656 1050 
1996 1050 656 929 
1997 689 1439 657 
1998 759 669 658 
1999 704 658 705 
2000 759 658 704 
2001 659 660 661 
2002 659 1074 660 
2003 659 661 1434 
2004 659 1555 1074 
2005 661 660 1312 
2006 660 1231 1312 
2007 1107 1434 661 
2008 690 662 680 
2009 662 690 691 
2010 683 684 663 
2011 663 1047 1487 
2012 664 665 702 
2013 765 680 664 
2014 702 760 664 
2015 765 664 760 
2016 666 703 665 
2017 702 665 703 
2018 666 701 703 
2019 669 722 668 
2020 683 668 684 
2021 694 684 668 
2022 694 668 722 
2023 722 669 759 
2024 670 671 672 
2025 670 682 671 
2026 670 672 1549 
2027 670 681 682 
2028 1596 681 670 
2029 1549 1596 670 
2030 1350 671 682 
2031 1350 1351 671 
2032 672 998 1534 
2033 672 1534 1549 
2034 673 731 733 
2035 673 1020 731 
2036 948 673 733 
2037 1518 673 948 
2038 763 677 674 
2039 974 674 715 
2040 763 674 974 
2041 885 676 675 
2042 675 942 885 
2043 942 675 944 
2044 1476 838 676 
2045 676 885 1476 
2046 679 678 746 
2047 762 746 678 
2048 762 678 785 
2049 679 746 747 
2050 690 680 765 
2051 734 682 681 
2052 734 681 1208 
2053 1596 1623 681 
2054 694 695 684 
2055 685 1053 1297 
2056 1582 685 1297 
2057 685 1582 1332 
2058 686 687 688 
2059 686 1214 687 
2060 686 688 1147 
2061 688 687 1360 
2062 687 1214 1215 
2063 687 1215 1457 
2064 1360 687 1457 
2065 1180 1147 688 
2066 688 1361 1180 
2067 688 1360 1361 
2068 690 1464 691 
2069 764 690 765 
2070 690 764 803 
2071 690 803 1464 
2072 715 691 1464 
2073 692 1438 1195 
2074 692 1347 1438 
2075 694 745 695 
2076 694 722 735 
2077 735 745 694 
2078 761 697 696 
2079 761 696 1488 
2080 761 1541 697 
2081 698 699 700 
2082 699 698 708 
2083 1371 698 700 
2084 1081 708 698 
2085 1081 698 1371 
2086 701 766 703 
2087 701 712 757 
2088 701 757 766 
2089 703 756 702 
2090 755 702 756 
2091 703 766 756 
2092 704 705 706 
2093 704 706 749 
2094 749 754 704 
2095 759 704 754 
2096 750 749 706 
2097 1131 707 1376 
2098 1524 1376 707 
2099 944 708 1081 
2100 944 1610 708 
2101 776 710 709 
2102 776 709 1440 
2103 1439 1440 709 
2104 713 959 714 
2105 713 960 959 
2106 1264 960 713 
2107 1264 713 1080 
2108 980 714 959 
2109 982 714 980 
2110 714 982 1608 
2111 974 715 1464 
2112 716 717 718 
2113 728 717 716 
2114 1456 716 718 
2115 728 716 933 
2116 1498 718 717 
2117 727 717 728 
2118 727 1229 717 
2119 1498 717 1229 
2120 718 842 890 
2121 718 1498 842 
2122 890 1456 718 
2123 719 720 721 
2124 720 719 1358 
2125 1470 1358 719 
2126 720 1345 721 
2127 720 1335 1345 
2128 1335 720 1358 
2129 1344 721 1345 
2130 1344 1417 721 
2131 722 758 735 
2132 722 759 758 
2133 724 725 797 
2134 724 797 1476 
2135 724 1476 885 
2136 725 857 797 
2137 857 725 819 
2138 726 1443 954 
2139 1443 726 1324 
2140 727 728 1254 
2141 727 1212 1213 
2142 1254 1212 727 
2143 727 1213 1229 
2144 728 933 1253 
2145 1253 1254 728 
2146 730 729 1240 
2147 1240 729 1590 
2148 729 1544 1590 
2149 1544 729 1637 
2150 1004 730 1241 
2151 1240 1241 730 
2152 731 732 733 
2153 731 1589 732 
2154 731 1020 1503 
2155 1589 731 1503 
2156 1584 733 732 
2157 732 1510 1511 
2158 1510 732 1589 
2159 1584 732 1511 
2160 733 1474 948 
2161 733 1584 1474 
2162 734 1614 789 
2163 1614 734 1208 
2164 735 826 745 
2165 772 735 758 
2166 772 865 735 
2167 735 865 826 
2168 736 737 738 
2169 936 737 736 
2170 736 738 1538 
2171 736 1348 936 
2172 1348 736 1217 
2173 736 1538 1217 
2174 1146 738 737 
2175 737 936 935 
2176 935 1631 737 
2177 1448 1146 737 
2178 1448 737 1631 
2179 1145 738 1146 
2180 1145 1502 738 
2181 1538 738 1502 
2182 739 740 741 
2183 740 739 956 
2184 1025 739 741 
2185 739 965 956 
2186 965 739 966 
2187 739 1025 966 
2188 740 956 957 
2189 1025 741 1026 
2190 742 743 744 
2191 742 1550 743 
2192 742 744 1399 
2193 742 1399 1461 
2194 742 1461 1462 
2195 742 1462 1550 
2196 743 1570 744 
2197 811 743 1550 
2198 743 811 1571 
2199 743 1571 1570 
2200 1399 744 1111 
2201 1494 1111 744 
2202 1494 744 1570 
2203 745 826 825 
2204 746 805 747 
2205 762 773 746 
2206 746 773 784 
2207 746 784 805 
2208 747 805 1515 
2209 1515 1454 747 
2210 843 748 1035 
2211 843 1610 748 
2212 1272 1035 748 
2213 834 754 749 
2214 1029 751 1375 
2215 1029 1574 751 
2216 754 758 759 
2217 754 814 758 
2218 834 814 754 
2219 791 755 756 
2220 755 791 792 
2221 791 756 766 
2222 791 766 757 
2223 783 791 757 
2224 772 758 814 
2225 773 762 790 
2226 762 785 816 
2227 816 790 762 
2228 974 821 763 
2229 803 764 796 
2230 1403 796 764 
2231 768 806 769 
2232 1515 768 801 
2233 768 805 806 
2234 768 1515 805 
2235 806 851 769 
2236 771 770 996 
2237 996 770 997 
2238 872 865 772 
2239 774 775 776 
2240 807 775 774 
2241 774 776 1440 
2242 799 774 800 
2243 799 807 774 
2244 774 1440 800 
2245 776 775 785 
2246 816 785 775 
2247 775 807 815 
2248 775 815 816 
2249 777 778 779 
2250 777 1367 778 
2251 777 779 1216 
2252 916 1274 777 
2253 916 777 1531 
2254 777 1216 1531 
2255 1367 777 1274 
2256 1366 778 1367 
2257 1438 779 1196 
2258 1438 1216 779 
2259 780 781 782 
2260 780 832 781 
2261 782 845 780 
2262 831 832 780 
2263 780 1415 831 
2264 780 845 1415 
2265 1465 782 781 
2266 1370 781 832 
2267 1370 1384 781 
2268 1465 781 1384 
2269 847 845 782 
2270 849 847 782 
2271 849 782 1465 
2272 783 847 791 
2273 845 783 846 
2274 847 783 845 
2275 806 805 784 
2276 806 784 853 
2277 786 787 788 
2278 786 1090 787 
2279 786 788 1411 
2280 786 880 1090 
2281 788 787 1590 
2282 1089 787 1090 
2283 787 1089 1096 
2284 1096 1590 787 
2285 1544 1411 788 
2286 788 1590 1544 
2287 836 790 816 
2288 879 790 836 
2289 791 847 792 
2290 849 792 847 
2291 849 869 792 
2292 793 794 795 
2293 793 1636 794 
2294 795 1460 793 
2295 1446 793 1632 
2296 793 1446 1636 
2297 1449 793 1460 
2298 1449 1632 793 
2299 1594 795 794 
2300 1594 794 1437 
2301 1636 1437 794 
2302 1460 795 1547 
2303 1595 1547 795 
2304 1594 1595 795 
2305 796 797 798 
2306 1476 797 796 
2307 796 798 803 
2308 1476 796 1403 
2309 798 797 857 
2310 1464 803 798 
2311 974 798 857 
2312 1464 798 974 
2313 799 800 818 
2314 807 799 840 
2315 799 818 856 
2316 799 856 840 
2317 1439 800 1440 
2318 802 884 952 
2319 802 952 1556 
2320 804 1282 1153 
2321 1282 804 1283 
2322 851 806 853 
2323 830 815 807 
2324 807 839 830 
2325 807 840 839 
2326 809 822 808 
2327 817 818 808 
2328 808 1050 817 
2329 822 1050 808 
2330 809 820 822 
2331 837 810 860 
2332 859 860 810 
2333 811 812 813 
2334 812 811 1550 
2335 811 813 1571 
2336 1619 813 812 
2337 812 1616 1205 
2338 1619 812 1205 
2339 812 1550 1616 
2340 813 1576 1448 
2341 813 1448 1631 
2342 1631 1571 813 
2343 1619 1576 813 
2344 814 834 833 
2345 836 816 815 
2346 830 1099 815 
2347 836 815 1099 
2348 817 856 818 
2349 855 856 817 
2350 855 817 920 
2351 1050 920 817 
2352 819 820 821 
2353 820 819 867 
2354 819 821 857 
2355 820 867 822 
2356 974 857 821 
2357 824 825 826 
2358 825 824 888 
2359 824 826 866 
2360 824 866 873 
2361 824 873 886 
2362 886 888 824 
2363 865 866 826 
2364 827 828 829 
2365 828 827 1430 
2366 1414 829 828 
2367 1414 828 876 
2368 1430 876 828 
2369 1106 829 1414 
2370 904 831 887 
2371 1415 887 831 
2372 833 834 835 
2373 841 833 835 
2374 864 835 834 
2375 841 835 842 
2376 863 842 835 
2377 864 863 835 
2378 879 836 991 
2379 836 1099 991 
2380 868 837 860 
2381 1476 1403 838 
2382 841 842 1498 
2383 863 890 842 
2384 1035 844 843 
2385 1035 1532 844 
2386 1247 1248 844 
2387 1532 1247 844 
2388 845 846 854 
2389 845 854 1415 
2390 1161 869 849 
2391 849 1465 1161 
2392 850 1072 1073 
2393 1574 1072 850 
2394 851 853 892 
2395 892 909 851 
2396 852 892 853 
2397 852 891 892 
2398 888 1415 854 
2399 855 920 910 
2400 895 1337 858 
2401 895 858 1369 
2402 1226 858 1337 
2403 1368 860 859 
2404 1368 859 970 
2405 917 868 860 
2406 917 860 1368 
2407 861 1597 862 
2408 861 1284 1301 
2409 861 1301 1597 
2410 924 862 1597 
2411 1478 1023 862 
2412 872 866 865 
2413 872 873 866 
2414 1161 970 869 
2415 1445 871 870 
2416 1140 1238 870 
2417 1238 1237 870 
2418 1445 870 1237 
2419 1445 1446 871 
2420 1446 1632 871 
2421 1079 873 872 
2422 898 886 873 
2423 873 1079 898 
2424 875 876 877 
2425 1086 876 875 
2426 1086 875 1087 
2427 1087 875 1313 
2428 876 1430 877 
2429 876 1086 1414 
2430 1107 877 1434 
2431 1430 1434 877 
2432 879 1251 878 
2433 1110 878 1250 
2434 1250 878 1251 
2435 879 991 1251 
2436 880 881 882 
2437 882 1090 880 
2438 882 881 1045 
2439 1155 1045 881 
2440 882 1134 1090 
2441 1408 949 883 
2442 1260 885 942 
2443 886 887 888 
2444 887 886 897 
2445 897 886 898 
2446 1415 888 887 
2447 897 904 887 
2448 891 908 892 
2449 891 1193 908 
2450 1110 1179 891 
2451 1193 891 1179 
2452 892 908 909 
2453 1558 893 1198 
2454 893 1558 1405 
2455 894 895 896 
2456 894 1602 895 
2457 896 1622 894 
2458 1588 894 1118 
2459 1622 1118 894 
2460 894 1588 1602 
2461 895 1369 896 
2462 1337 895 1602 
2463 1073 896 1369 
2464 1635 896 1073 
2465 896 1635 1622 
2466 897 898 1184 
2467 899 900 901 
2468 1185 899 901 
2469 899 1185 1186 
2470 899 1186 1625 
2471 1185 901 1321 
2472 1201 1009 902 
2473 905 906 907 
2474 905 1397 906 
2475 1273 907 906 
2476 1273 906 1501 
2477 1554 906 1397 
2478 1554 1501 906 
2479 907 1273 915 
2480 1565 907 915 
2481 918 909 908 
2482 908 1458 918 
2483 908 1193 1458 
2484 931 910 920 
2485 931 1122 910 
2486 911 912 913 
2487 911 1170 912 
2488 911 913 1177 
2489 1170 911 1008 
2490 911 1175 1008 
2491 911 1176 1175 
2492 1176 911 1177 
2493 1353 913 912 
2494 1170 1561 912 
2495 1353 912 1561 
2496 914 915 916 
2497 915 914 1603 
2498 914 916 1531 
2499 1352 1115 914 
2500 1604 914 1115 
2501 1352 914 1531 
2502 1603 914 1604 
2503 1273 916 915 
2504 915 1603 1565 
2505 916 1273 1274 
2506 1075 1076 917 
2507 1075 917 1368 
2508 1076 1272 917 
2509 931 920 929 
2510 1050 929 920 
2511 921 922 923 
2512 922 921 1040 
2513 1058 921 923 
2514 977 921 975 
2515 921 1058 975 
2516 1040 921 977 
2517 1308 923 922 
2518 922 1040 1222 
2519 1243 922 1222 
2520 1243 1308 922 
2521 1058 923 1307 
2522 1308 1307 923 
2523 924 1597 925 
2524 925 1120 1121 
2525 1120 925 1597 
2526 926 927 928 
2527 928 1371 926 
2528 926 1371 1311 
2529 927 1260 928 
2530 928 942 1081 
2531 928 1260 942 
2532 1371 928 1081 
2533 929 930 931 
2534 1380 931 930 
2535 931 1380 1122 
2536 1026 932 1625 
2537 1063 1395 933 
2538 1253 933 1395 
2539 934 935 936 
2540 935 934 1570 
2541 934 936 1612 
2542 1494 1570 934 
2543 935 1570 1571 
2544 935 1571 1631 
2545 936 1348 1612 
2546 938 937 1139 
2547 1013 1316 937 
2548 937 1239 1139 
2549 1239 937 1316 
2550 938 1139 1140 
2551 939 940 941 
2552 1144 939 941 
2553 1144 941 1374 
2554 942 944 1081 
2555 1157 1077 943 
2556 1012 946 945 
2557 946 1012 1302 
2558 946 1355 1034 
2559 946 1302 1355 
2560 1144 947 1094 
2561 1144 1374 947 
2562 1517 1518 948 
2563 949 950 951 
2564 1408 950 949 
2565 1280 949 951 
2566 995 951 950 
2567 1249 950 1407 
2568 1407 950 1408 
2569 995 1041 951 
2570 1280 951 1041 
2571 953 954 955 
2572 953 1386 954 
2573 953 955 1006 
2574 953 1006 1562 
2575 953 1060 1386 
2576 1060 953 1562 
2577 1443 955 954 
2578 1048 1006 955 
2579 1048 955 1049 
2580 1443 1049 955 
2581 1413 957 956 
2582 1499 956 965 
2583 956 1499 1413 
2584 1413 1578 957 
2585 959 960 961 
2586 959 961 967 
2587 967 980 959 
2588 1315 961 960 
2589 1263 960 1264 
2590 1263 1315 960 
2591 963 967 961 
2592 963 961 1314 
2593 1314 961 1315 
2594 962 963 964 
2595 962 967 963 
2596 964 1289 962 
2597 962 1306 967 
2598 1467 962 1289 
2599 1467 1306 962 
2600 964 963 1061 
2601 1061 963 1560 
2602 963 1314 1560 
2603 1061 1062 964 
2604 1062 1287 964 
2605 1289 964 1287 
2606 965 1114 1499 
2607 966 1025 1185 
2608 980 967 1306 
2609 968 1039 1463 
2610 968 1579 1039 
2611 1463 1051 968 
2612 1160 970 1161 
2613 1160 1368 970 
2614 971 972 973 
2615 971 1389 972 
2616 1486 971 973 
2617 1257 1256 971 
2618 971 1256 1389 
2619 1257 971 1486 
2620 987 1298 972 
2621 972 1389 987 
2622 1349 972 1298 
2623 973 1507 1486 
2624 973 1634 1507 
2625 975 976 977 
2626 975 1271 976 
2627 975 1058 1270 
2628 1271 975 1270 
2629 976 1230 977 
2630 976 1242 1230 
2631 976 1478 1242 
2632 1271 1478 976 
2633 977 1244 1040 
2634 977 1230 1244 
2635 1385 979 978 
2636 978 1011 1385 
2637 1173 1174 979 
2638 979 1385 1173 
2639 980 981 982 
2640 980 1306 981 
2641 1506 982 981 
2642 1306 1246 981 
2643 1246 1577 981 
2644 1548 983 1299 
2645 1372 983 1373 
2646 1505 1373 983 
2647 983 1548 1505 
2648 984 1169 985 
2649 984 1234 1084 
2650 984 1168 1169 
2651 1298 987 986 
2652 1298 986 1299 
2653 1548 1299 986 
2654 1495 989 990 
2655 1482 989 1495 
2656 1332 990 1137 
2657 1332 1495 990 
2658 1422 993 992 
2659 1354 992 1341 
2660 993 1171 1172 
2661 1422 1171 993 
2662 993 1172 1303 
2663 995 996 997 
2664 1041 995 997 
2665 998 999 1000 
2666 1097 998 1000 
2667 1097 1534 998 
2668 1538 1000 999 
2669 1538 999 1217 
2670 1097 1000 1279 
2671 1502 1279 1000 
2672 1000 1538 1502 
2673 1001 1002 1003 
2674 1004 1002 1001 
2675 1294 1001 1003 
2676 1004 1001 1005 
2677 1001 1295 1005 
2678 1001 1294 1295 
2679 1387 1003 1002 
2680 1241 1002 1004 
2681 1002 1241 1388 
2682 1002 1388 1387 
2683 1060 1059 1003 
2684 1294 1003 1059 
2685 1060 1003 1387 
2686 1228 1005 1504 
2687 1504 1005 1295 
2688 1007 1008 1009 
2689 1007 1559 1008 
2690 1201 1007 1009 
2691 1190 1007 1191 
2692 1190 1559 1007 
2693 1007 1201 1191 
2694 1175 1009 1008 
2695 1170 1008 1559 
2696 1010 1045 1156 
2697 1010 1154 1153 
2698 1154 1010 1156 
2699 1067 1066 1011 
2700 1385 1011 1066 
2701 1221 1302 1012 
2702 1013 1124 1483 
2703 1013 1483 1316 
2704 1014 1015 1016 
2705 1014 1365 1015 
2706 1014 1016 1054 
2707 1014 1054 1329 
2708 1329 1330 1014 
2709 1365 1014 1330 
2710 1015 1421 1021 
2711 1015 1365 1421 
2712 1331 1054 1016 
2713 1017 1018 1019 
2714 1017 1019 1028 
2715 1027 1017 1028 
2716 1581 1019 1018 
2717 1018 1539 1581 
2718 1019 1575 1028 
2719 1575 1019 1519 
2720 1581 1519 1019 
2721 1022 1280 1041 
2722 1271 1023 1478 
2723 1036 1024 1551 
2724 1528 1551 1024 
2725 1026 1186 1025 
2726 1186 1185 1025 
2727 1026 1625 1186 
2728 1027 1028 1029 
2729 1029 1530 1027 
2730 1027 1530 1545 
2731 1028 1574 1029 
2732 1574 1028 1575 
2733 1375 1530 1029 
2734 1030 1031 1032 
2735 1348 1030 1032 
2736 1348 1217 1030 
2737 1383 1032 1031 
2738 1032 1612 1348 
2739 1034 1355 1033 
2740 1355 1568 1033 
2741 1272 1119 1035 
2742 1119 1532 1035 
2743 1037 1038 1039 
2744 1039 1395 1037 
2745 1037 1395 1063 
2746 1463 1039 1038 
2747 1395 1039 1579 
2748 1222 1040 1223 
2749 1244 1223 1040 
2750 1042 1043 1044 
2751 1043 1042 1188 
2752 1044 1046 1042 
2753 1309 1042 1046 
2754 1042 1490 1188 
2755 1042 1309 1490 
2756 1043 1629 1044 
2757 1188 1189 1043 
2758 1043 1189 1444 
2759 1043 1444 1629 
2760 1045 1155 1156 
2761 1307 1046 1065 
2762 1309 1046 1307 
2763 1048 1049 1468 
2764 1048 1468 1444 
2765 1443 1323 1049 
2766 1051 1052 1053 
2767 1297 1053 1052 
2768 1296 1297 1052 
2769 1331 1278 1054 
2770 1333 1054 1278 
2771 1054 1333 1329 
2772 1055 1056 1057 
2773 1055 1459 1056 
2774 1429 1055 1057 
2775 1055 1429 1377 
2776 1377 1607 1055 
2777 1459 1055 1607 
2778 1057 1056 1092 
2779 1093 1092 1056 
2780 1296 1093 1056 
2781 1296 1056 1459 
2782 1057 1092 1390 
2783 1433 1057 1390 
2784 1057 1433 1429 
2785 1307 1065 1058 
2786 1059 1286 1285 
2787 1059 1285 1294 
2788 1060 1387 1386 
2789 1062 1061 1379 
2790 1061 1560 1379 
2791 1066 1067 1068 
2792 1066 1068 1441 
2793 1385 1066 1580 
2794 1580 1066 1441 
2795 1068 1067 1310 
2796 1069 1070 1071 
2797 1070 1069 1592 
2798 1103 1069 1071 
2799 1180 1069 1181 
2800 1180 1592 1069 
2801 1340 1071 1070 
2802 1101 1100 1070 
2803 1070 1100 1340 
2804 1101 1070 1592 
2805 1071 1318 1103 
2806 1071 1317 1318 
2807 1071 1340 1317 
2808 1628 1073 1072 
2809 1526 1072 1575 
2810 1072 1526 1628 
2811 1574 1575 1072 
2812 1628 1635 1073 
2813 1076 1075 1117 
2814 1426 1117 1075 
2815 1160 1075 1368 
2816 1160 1426 1075 
2817 1119 1076 1117 
2818 1076 1119 1272 
2819 1077 1157 1133 
2820 1337 1078 1586 
2821 1337 1601 1078 
2822 1557 1080 1169 
2823 1557 1264 1080 
2824 1082 1248 1269 
2825 1587 1082 1269 
2826 1587 1527 1082 
2827 1083 1084 1085 
2828 1083 1085 1485 
2829 1485 1508 1083 
2830 1085 1084 1219 
2831 1219 1084 1234 
2832 1218 1085 1219 
2833 1218 1320 1085 
2834 1085 1320 1485 
2835 1086 1087 1088 
2836 1086 1088 1104 
2837 1104 1414 1086 
2838 1359 1088 1087 
2839 1313 1102 1087 
2840 1087 1102 1359 
2841 1104 1088 1109 
2842 1108 1109 1088 
2843 1359 1108 1088 
2844 1089 1090 1134 
2845 1089 1095 1096 
2846 1089 1300 1095 
2847 1134 1300 1089 
2848 1091 1092 1093 
2849 1091 1390 1092 
2850 1093 1373 1091 
2851 1188 1091 1189 
2852 1091 1188 1390 
2853 1372 1093 1296 
2854 1093 1372 1373 
2855 1363 1096 1095 
2856 1363 1095 1300 
2857 1096 1240 1590 
2858 1097 1098 1534 
2859 1141 1098 1142 
2860 1098 1141 1534 
2861 1098 1577 1142 
2862 1100 1101 1102 
2863 1100 1102 1423 
2864 1100 1424 1340 
2865 1100 1423 1424 
2866 1101 1359 1102 
2867 1101 1447 1359 
2868 1101 1592 1447 
2869 1104 1105 1106 
2870 1104 1109 1105 
2871 1414 1104 1106 
2872 1496 1106 1105 
2873 1105 1109 1112 
2874 1111 1105 1112 
2875 1496 1105 1111 
2876 1109 1108 1113 
2877 1113 1108 1457 
2878 1359 1447 1108 
2879 1360 1108 1447 
2880 1108 1360 1457 
2881 1113 1112 1109 
2882 1178 1179 1110 
2883 1110 1250 1178 
2884 1111 1112 1398 
2885 1111 1398 1399 
2886 1494 1496 1111 
2887 1113 1202 1112 
2888 1202 1398 1112 
2889 1113 1215 1202 
2890 1113 1457 1215 
2891 1114 1115 1116 
2892 1114 1116 1410 
2893 1410 1499 1114 
2894 1352 1116 1115 
2895 1346 1116 1352 
2896 1346 1409 1116 
2897 1116 1409 1410 
2898 1117 1118 1119 
2899 1117 1588 1118 
2900 1117 1426 1588 
2901 1119 1118 1532 
2902 1622 1532 1118 
2903 1620 1121 1120 
2904 1120 1301 1135 
2905 1120 1135 1392 
2906 1120 1597 1301 
2907 1120 1392 1620 
2908 1620 1621 1121 
2909 1122 1123 1124 
2910 1122 1380 1123 
2911 1123 1483 1124 
2912 1379 1123 1380 
2913 1123 1379 1560 
2914 1123 1560 1483 
2915 1126 1127 1128 
2916 1127 1453 1441 
2917 1127 1452 1453 
2918 1205 1130 1129 
2919 1619 1205 1129 
2920 1619 1129 1569 
2921 1205 1206 1130 
2922 1573 1130 1206 
2923 1573 1512 1130 
2924 1157 1412 1133 
2925 1133 1412 1225 
2926 1134 1593 1300 
2927 1136 1135 1259 
2928 1301 1259 1135 
2929 1259 1150 1136 
2930 1150 1432 1136 
2931 1394 1136 1617 
2932 1617 1136 1432 
2933 1238 1140 1139 
2934 1238 1139 1239 
2935 1141 1142 1143 
2936 1549 1534 1141 
2937 1246 1143 1142 
2938 1246 1142 1577 
2939 1467 1143 1246 
2940 1288 1143 1467 
2941 1146 1333 1145 
2942 1278 1145 1333 
2943 1278 1502 1145 
2944 1146 1334 1333 
2945 1448 1334 1146 
2946 1148 1147 1181 
2947 1180 1181 1147 
2948 1148 1181 1394 
2949 1394 1617 1148 
2950 1542 1148 1617 
2951 1149 1150 1151 
2952 1149 1183 1150 
2953 1152 1149 1151 
2954 1152 1585 1149 
2955 1149 1182 1183 
2956 1149 1585 1182 
2957 1151 1150 1259 
2958 1432 1150 1183 
2959 1259 1284 1151 
2960 1152 1599 1585 
2961 1598 1599 1152 
2962 1154 1156 1166 
2963 1156 1176 1166 
2964 1157 1578 1412 
2965 1194 1196 1159 
2966 1159 1489 1194 
2967 1160 1161 1466 
2968 1160 1425 1426 
2969 1160 1466 1425 
2970 1466 1161 1465 
2971 1162 1163 1164 
2972 1162 1428 1163 
2973 1461 1162 1164 
2974 1162 1427 1428 
2975 1427 1162 1479 
2976 1461 1537 1162 
2977 1162 1537 1479 
2978 1163 1197 1164 
2979 1197 1163 1626 
2980 1561 1163 1428 
2981 1163 1561 1626 
2982 1164 1197 1615 
2983 1461 1164 1462 
2984 1462 1164 1615 
2985 1166 1177 1165 
2986 1176 1177 1166 
2987 1168 1557 1169 
2988 1557 1168 1613 
2989 1559 1626 1170 
2990 1561 1170 1626 
2991 1356 1174 1173 
2992 1356 1173 1591 
2993 1580 1173 1385 
2994 1580 1591 1173 
2995 1174 1357 1305 
2996 1356 1357 1174 
2997 1178 1492 1179 
2998 1178 1250 1449 
2999 1449 1460 1178 
3000 1460 1492 1178 
3001 1179 1492 1193 
3002 1180 1361 1592 
3003 1192 1183 1182 
3004 1600 1182 1585 
3005 1431 1183 1192 
3006 1431 1432 1183 
3007 1390 1188 1490 
3008 1191 1573 1190 
3009 1197 1190 1583 
3010 1197 1626 1190 
3011 1190 1626 1559 
3012 1573 1583 1190 
3013 1203 1191 1201 
3014 1203 1204 1191 
3015 1191 1204 1512 
3016 1191 1512 1573 
3017 1458 1193 1491 
3018 1492 1491 1193 
3019 1194 1195 1196 
3020 1194 1533 1195 
3021 1489 1529 1194 
3022 1533 1194 1529 
3023 1438 1196 1195 
3024 1197 1583 1615 
3025 1209 1202 1215 
3026 1202 1209 1479 
3027 1202 1537 1398 
3028 1202 1479 1537 
3029 1205 1616 1206 
3030 1206 1583 1573 
3031 1206 1615 1583 
3032 1206 1616 1615 
3033 1207 1614 1208 
3034 1209 1210 1211 
3035 1209 1214 1210 
3036 1211 1479 1209 
3037 1209 1215 1214 
3038 1605 1211 1210 
3039 1479 1211 1427 
3040 1605 1427 1211 
3041 1254 1393 1212 
3042 1346 1216 1347 
3043 1216 1346 1531 
3044 1438 1347 1216 
3045 1218 1219 1220 
3046 1218 1220 1504 
3047 1295 1255 1218 
3048 1320 1218 1255 
3049 1295 1218 1504 
3050 1219 1234 1220 
3051 1220 1406 1504 
3052 1222 1378 1243 
3053 1244 1245 1223 
3054 1224 1225 1412 
3055 1410 1224 1499 
3056 1224 1412 1413 
3057 1499 1224 1413 
3058 1337 1586 1226 
3059 1227 1514 1513 
3060 1406 1228 1504 
3061 1231 1232 1233 
3062 1233 1312 1231 
3063 1233 1232 1304 
3064 1233 1304 1402 
3065 1451 1312 1233 
3066 1451 1233 1402 
3067 1235 1475 1539 
3068 1237 1238 1239 
3069 1263 1237 1239 
3070 1263 1265 1237 
3071 1445 1237 1265 
3072 1263 1239 1315 
3073 1239 1316 1315 
3074 1429 1308 1243 
3075 1377 1243 1378 
3076 1243 1377 1429 
3077 1246 1306 1467 
3078 1247 1269 1248 
3079 1247 1566 1269 
3080 1532 1618 1247 
3081 1247 1618 1566 
3082 1249 1407 1401 
3083 1250 1251 1564 
3084 1250 1564 1449 
3085 1253 1325 1254 
3086 1393 1254 1325 
3087 1255 1256 1257 
3088 1255 1285 1256 
3089 1257 1320 1255 
3090 1255 1294 1285 
3091 1255 1295 1294 
3092 1256 1285 1286 
3093 1286 1389 1256 
3094 1257 1485 1320 
3095 1485 1257 1486 
3096 1259 1301 1284 
3097 1520 1261 1633 
3098 1263 1264 1265 
3099 1557 1265 1264 
3100 1265 1613 1445 
3101 1613 1265 1557 
3102 1266 1267 1268 
3103 1276 1267 1266 
3104 1276 1266 1326 
3105 1326 1266 1366 
3106 1344 1268 1267 
3107 1344 1267 1416 
3108 1268 1344 1343 
3109 1269 1566 1627 
3110 1627 1587 1269 
3111 1274 1273 1501 
3112 1327 1367 1274 
3113 1327 1274 1501 
3114 1275 1276 1277 
3115 1275 1277 1293 
3116 1276 1326 1277 
3117 1419 1293 1277 
3118 1277 1326 1328 
3119 1277 1328 1419 
3120 1278 1279 1502 
3121 1281 1282 1283 
3122 1283 1520 1281 
3123 1633 1281 1520 
3124 1283 1521 1520 
3125 1287 1288 1289 
3126 1288 1467 1289 
3127 1459 1297 1296 
3128 1459 1582 1297 
3129 1338 1339 1304 
3130 1339 1402 1304 
3131 1307 1308 1309 
3132 1308 1433 1309 
3133 1308 1429 1433 
3134 1433 1490 1309 
3135 1314 1315 1316 
3136 1314 1316 1483 
3137 1314 1483 1560 
3138 1339 1317 1424 
3139 1424 1317 1340 
3140 1322 1572 1565 
3141 1322 1565 1603 
3142 1443 1324 1323 
3143 1325 1611 1393 
3144 1326 1327 1328 
3145 1326 1366 1327 
3146 1418 1328 1327 
3147 1367 1327 1366 
3148 1327 1501 1418 
3149 1418 1419 1328 
3150 1329 1334 1330 
3151 1329 1333 1334 
3152 1576 1330 1334 
3153 1330 1569 1365 
3154 1569 1330 1576 
3155 1332 1582 1495 
3156 1576 1334 1448 
3157 1381 1336 1335 
3158 1335 1358 1381 
3159 1381 1362 1336 
3160 1337 1602 1601 
3161 1402 1339 1424 
3162 1354 1341 1497 
3163 1342 1521 1546 
3164 1343 1344 1345 
3165 1344 1416 1417 
3166 1346 1347 1409 
3167 1346 1352 1531 
3168 1353 1606 1480 
3169 1561 1606 1353 
3170 1356 1591 1452 
3171 1360 1447 1361 
3172 1361 1447 1592 
3173 1381 1382 1362 
3174 1382 1545 1362 
3175 1435 1362 1545 
3176 1365 1420 1421 
3177 1529 1530 1375 
3178 1529 1375 1533 
3179 1377 1378 1482 
3180 1377 1482 1607 
3181 1465 1384 1466 
3182 1386 1387 1388 
3183 1390 1490 1433 
3184 1548 1391 1505 
3185 1554 1397 1396 
3186 1537 1399 1398 
3187 1537 1461 1399 
3188 1637 1401 1407 
3189 1424 1423 1402 
3190 1451 1402 1423 
3191 1637 1407 1404 
3192 1411 1544 1404 
3193 1544 1637 1404 
3194 1578 1413 1412 
3195 1417 1416 1621 
3196 1501 1554 1418 
3197 1425 1552 1426 
3198 1588 1426 1552 
3199 1427 1606 1428 
3200 1427 1605 1606 
3201 1561 1428 1606 
3202 1431 1542 1432 
3203 1617 1432 1542 
3204 1529 1489 1435 
3205 1529 1435 1530 
3206 1435 1545 1530 
3207 1436 1437 1636 
3208 1446 1445 1436 
3209 1445 1613 1436 
3210 1436 1636 1446 
3211 1580 1441 1453 
3212 1468 1629 1444 
3213 1449 1564 1563 
3214 1449 1563 1632 
3215 1452 1591 1453 
3216 1580 1453 1591 
3217 1455 1611 1469 
3218 1609 1458 1491 
3219 1582 1459 1607 
3220 1460 1547 1492 
3221 1462 1616 1550 
3222 1462 1615 1616 
3223 1471 1472 1473 
3224 1471 1477 1472 
3225 1471 1473 1609 
3226 1493 1477 1471 
3227 1493 1471 1491 
3228 1491 1471 1609 
3229 1473 1472 1630 
3230 1584 1475 1474 
3231 1539 1475 1624 
3232 1584 1624 1475 
3233 1595 1477 1493 
3234 1595 1634 1477 
3235 1606 1605 1480 
3236 1495 1607 1482 
3237 1508 1485 1486 
3238 1507 1508 1486 
3239 1491 1492 1493 
3240 1493 1492 1547 
3241 1595 1493 1547 
3242 1582 1607 1495 
3243 1587 1627 1503 
3244 1589 1503 1627 
3245 1507 1594 1508 
3246 1594 1507 1595 
3247 1507 1634 1595 
3248 1519 1511 1510 
3249 1519 1510 1526 
3250 1525 1526 1510 
3251 1510 1589 1525 
3252 1581 1511 1519 
3253 1581 1624 1511 
3254 1584 1511 1624 
3255 1575 1519 1526 
3256 1526 1525 1567 
3257 1566 1567 1525 
3258 1627 1566 1525 
3259 1627 1525 1589 
3260 1526 1567 1628 
3261 1618 1532 1622 
3262 1581 1539 1624 
3263 1598 1546 1599 
3264 1602 1588 1552 
3265 1601 1602 1552 
3266 1567 1566 1618 
3267 1618 1635 1567 
3268 1628 1567 1635 
3269 1569 1576 1619 
3270 1635 1618 1622 
3 1 4 14383
3271 1878 1698 2363 2495 
3272 1839 1992 1728 2083 
3273 1730 2340 1906 2821 
3274 95 2349 1895 2352 
3275 1786 2569 2131 2860 
3276 500 2177 1846 2221 
3277 1779 2002 2660 2949 
3278 1923 2117 1734 2222 
3279 2358 2503 730 2778 
3280 1999 2175 2047 2371 
3281 1696 2216 2062 2952 
3282 1986 2143 1906 2661 
3283 2432 2462 1745 3092 
3284 1781 1713 2061 2242 
3285 597 1884 2153 3038 
3286 1902 2278 278 2928 
3287 613 2046 1938 2243 
3288 1862 1693 2112 2436 
3289 1895 2352 2349 2766 
3290 1828 2035 1646 2227 
3291 1284 2275 375 3086 
3292 1730 1861 2340 2821 
3293 2112 1862 2436 2950 
3294 1530 2180 1910 2291 
3295 1690 1865 2137 2911 
3296 1933 1813 2402 3007 
3297 1155 2284 1958 2418 
3298 1742 2163 1831 2252 
3299 1686 2018 1818 3034 
3300 1742 1831 2163 2268 
3301 1678 2402 2096 3007 
3302 655 2431 2046 2572 
3303 1921 2572 1515 2687 
3304 2096 2402 1813 3007 
3305 2095 2148 1807 2253 
3306 1793 2372 2137 2637 
3307 1768 1867 2394 2566 
3308 1779 2131 2002 2949 
3309 868 1945 860 2649 
3310 1950 2330 2124 2365 
3311 1767 2391 2044 2463 
3312 1823 2553 2329 2922 
3313 2000 2568 2477 3061 
3314 1997 730 2503 2778 
3315 1712 2733 2157 2802 
3316 1677 2000 2477 3061 
3317 1657 2148 2095 2253 
3318 1865 2044 1767 2768 
3319 2004 2166 1882 3014 
3320 868 2173 1945 2649 
3321 1547 2111 1850 2166 
3322 528 2396 2179 2489 
3323 365 2433 2304 2864 
3324 2000 1677 2477 2568 
3325 1885 2005 1690 2081 
3326 1865 1946 1690 2137 
3327 1812 2133 2410 2446 
3328 1647 1822 1992 2083 
3329 1887 2113 1249 2468 
3330 2224 2421 2198 2958 
3331 1728 1839 2083 2525 
3332 2017 2248 1893 2292 
3333 1680 2131 2569 2860 
3334 1930 2026 1764 2207 
3335 1660 2375 1840 2955 
3336 1899 2224 2198 2958 
3337 1476 2186 1892 2196 
3338 1657 1848 2190 2481 
3339 2256 2339 962 2794 
3340 1667 2031 1867 2425 
3341 2189 2496 1779 2833 
3342 1667 2394 2031 2566 
3343 1846 2700 501 2809 
3344 2031 2394 1867 2566 
3345 1841 1721 2176 2624 
3346 2137 2372 1946 2637 
3347 597 2153 1047 3038 
3348 1749 1943 1839 2589 
3349 253 1865 2534 2791 
3350 375 2654 2275 2982 
3351 2054 2295 1475 2573 
3352 1917 2237 2069 2578 
3353 2237 2069 2578 2767 
3354 1728 2030 1839 2239 
3355 318 3046 2160 3073 
3356 552 2463 2151 2516 
3357 1730 2468 1861 2821 
3358 1972 2111 2101 2457 
3359 1778 1985 1713 2946 
3360 1749 1839 1943 2443 
3361 482 501 2700 2809 
3362 108 2229 2160 3046 
3363 1818 2018 1686 2855 
3364 2114 2133 1812 2446 
3365 1786 2007 2569 2860 
3366 1818 1314 2339 2695 
3367 1812 2133 2114 2518 
3368 613 1938 587 2243 
3369 1817 1847 2230 2728 
3370 98 136 1840 2362 
3371 1647 1992 1822 2748 
3372 1956 2160 1748 2679 
3373 1667 1867 2031 2394 
3374 1857 2415 534 3088 
3375 1767 2044 1865 2463 
3376 2220 1833 2437 2914 
3377 1645 2311 2733 2767 
3378 1929 2143 1986 2661 
3379 768 1515 2572 2687 
3380 2070 2338 1829 2486 
3381 1869 2609 1658 2903 
3382 365 386 2433 2864 
3383 1713 1985 1778 2538 
3384 1672 2359 1807 2927 
3385 1155 1958 113 2418 
3386 482 2700 2251 2809 
3387 1839 1992 1749 2030 
3388 1538 1969 1502 2307 
3389 2011 2227 1828 3136 
3390 1712 1876 2157 2733 
3391 653 1832 459 2203 
3392 1645 2101 2578 2767 
3393 1455 1898 641 2042 
3394 1979 2421 2224 2958 
3395 2137 2534 1793 2911 
3396 2190 2481 1848 2737 
3397 159 1915 1536 2555 
3398 1997 2503 2358 2778 
3399 1898 2042 1455 2312 
3400 200 1956 199 2274 
3401 1825 1712 2035 2142 
3402 1712 2441 2733 2802 
3403 1469 641 1898 2042 
3404 1945 2602 860 2649 
3405 1713 1778 2075 2538 
3406 1728 1839 2030 2839 
3407 1884 598 2293 2705 
3408 1563 1972 2349 2457 
3409 1703 1829 2107 2338 
3410 1686 1818 2119 3034 
3411 1667 1867 2206 2425 
3412 1682 1981 1851 2127 
3413 1762 2707 2448 2940 
3414 2133 2298 1942 2750 
3415 1933 2402 2077 3007 
3416 1646 1828 2227 3136 
3417 2011 1828 2227 2988 
3418 1713 2266 2242 2658 
3419 459 2203 1832 2346 
3420 1730 1906 2468 2821 
3421 1915 2033 1536 2555 
3422 1640 2252 2198 2617 
3423 1645 2578 2311 2767 
3424 1969 2178 1719 2901 
3425 1781 2061 1713 2658 
3426 1693 1862 2376 2436 
3427 1933 2096 1773 2183 
3428 1830 2484 1640 2958 
3429 1642 1999 2102 2175 
3430 1721 2371 2176 2624 
3431 1646 2035 1828 2528 
3432 1703 1829 2338 2486 
3433 1917 2430 2069 2996 
3434 1721 2371 2175 2761 
3435 2327 2755 2115 3097 
3436 689 1832 653 2969 
3437 2375 2529 1840 2955 
3438 1831 1742 2252 2732 
3439 1646 2227 2011 3136 
3440 1956 2160 2679 2790 
3441 578 649 599 1889 
3442 1825 2142 2035 2535 
3443 1712 1825 2035 2227 
3444 2198 2617 2252 2732 
3445 1734 2117 1923 2625 
3446 2062 2216 1766 2952 
3447 1769 1942 2114 2133 
3448 1645 2733 2101 2767 
3449 1768 2031 1867 2566 
3450 791 2329 2553 2922 
3451 1563 1972 1632 2349 
3452 1100 2128 2009 2140 
3453 1917 1700 2578 2830 
3454 1805 2395 1991 2989 
3455 1678 2096 2402 2835 
3456 1742 2252 1979 2288 
3457 1810 1703 2338 2348 
3458 1694 2586 1857 2710 
3459 1594 2111 1882 2502 
3460 375 2275 1844 3086 
3461 1475 2054 1947 2295 
3462 1878 2363 1937 2495 
3463 1644 2093 2834 3176 
3464 2124 2330 142 2365 
3465 2002 2131 1662 2949 
3466 1472 2086 539 2166 
3467 1884 2221 598 2705 
3468 518 2251 519 2305 
3469 1831 2268 1976 2310 
3470 1682 2392 2248 2724 
3471 98 1840 2318 2362 
3472 1726 1942 2298 2750 
3473 2117 2222 1923 2664 
3474 1807 1672 2253 2359 
3475 539 2086 2004 2166 
3476 2552 2707 1762 2940 
3477 1882 2111 1595 2166 
3478 375 1844 2275 2654 
3479 1672 1991 2395 2989 
3480 1849 1700 2502 2677 
3481 1440 2019 1888 2969 
3482 2032 2405 2202 2909 
3483 778 2116 1862 3108 
3484 1680 2131 2034 2713 
3485 2101 2111 1850 2457 
3486 1749 1839 2030 2589 
3487 1917 2695 2430 2996 
3488 1825 1728 2142 2535 
3489 1664 2627 1843 2838 
3490 1666 1970 1903 2025 
3491 1732 2154 2175 2761 
3492 2034 2339 961 2695 
3493 1728 1992 1839 2839 
3494 2011 2227 2070 2988 
3495 1917 1680 2695 2996 
3496 1830 1959 2484 2958 
3497 1749 1992 1839 2443 
3498 1657 2064 2500 2669 
3499 1563 1632 1972 2457 
3500 1400 1971 367 2099 
3501 1869 1658 1963 2903 
3502 1744 1887 1997 2132 
3503 2546 2880 2171 3054 
3504 2018 1818 2751 2855 
3505 778 1862 2116 2622 
3506 2069 1680 2311 2767 
3507 1138 2312 19 3013 
3508 2251 2700 1846 2809 
3509 653 1832 2203 2969 
3510 1778 1713 2304 2946 
3511 1979 2288 2252 2623 
3512 1375 2180 1530 2291 
3513 1681 2010 1827 2097 
3514 2349 2352 97 2766 
3515 1265 2125 1917 2342 
3516 1799 2834 2093 3176 
3517 1972 2650 2578 2830 
3518 1703 2348 1810 2894 
3519 1713 2075 1778 2304 
3520 1626 2558 2353 2951 
3521 1704 2096 1933 2183 
3522 1962 1664 2247 2627 
3523 2432 2883 2462 3092 
3524 1875 2141 1482 2302 
3525 1359 1963 2140 2734 
3526 667 2201 76 2453 
3527 1682 1987 2248 2392 
3528 1680 2233 2131 2713 
3529 2002 1662 2660 2949 
3530 1943 1839 2408 2884 
3531 933 2149 2107 2241 
3532 2044 2463 2391 3142 
3533 1823 2059 1687 2065 
3534 214 190 2188 2667 
3535 1468 1874 406 2187 
3536 2160 1748 2679 2790 
3537 1933 2096 1813 3007 
3538 1440 1888 2509 2969 
3539 1329 1827 1330 2795 
3540 2578 2650 1917 2830 
3541 2070 2227 2011 2348 
3542 2280 2747 2095 2798 
3543 1811 2110 1844 3096 
3544 1642 2102 1999 2757 
3545 803 2314 1912 2856 
3546 1773 2183 2096 2351 
3547 2047 2175 1721 2371 
3548 1848 2737 2481 2798 
3549 1708 2017 1893 2292 
3550 1703 2338 2107 2684 
3551 1841 2176 1864 2624 
3552 1166 2171 2257 2844 
3553 1753 2291 2023 2298 
3554 1138 2343 2312 3013 
3555 159 160 1915 2921 
3556 1881 1708 2108 2832 
3557 1841 2138 1888 2624 
3558 354 2160 108 2229 
3559 2248 2392 1815 2724 
3560 1014 2099 1827 2217 
3561 2123 1793 2534 2911 
3562 253 2258 1865 2791 
3563 1680 2125 2034 2131 
3564 1678 2077 2402 3007 
3565 1823 2693 2285 2851 
3566 1489 2023 2150 2291 
3567 648 171 504 2847 
3568 1975 2683 2021 2818 
3569 1359 2533 1963 2734 
3570 1349 2235 2004 2868 
3571 1950 142 2330 2365 
3572 1981 2392 2724 2886 
3573 2220 2437 2370 2914 
3574 1703 2338 2070 2486 
3575 1703 2241 2338 2684 
3576 574 649 578 1889 
3577 768 1921 1515 2687 
3578 1849 1779 2496 2833 
3579 76 2201 75 2453 
3580 45 1895 2104 2352 
3581 1823 2285 2283 2851 
3582 1844 2110 1811 2982 
3583 2070 2011 2338 2348 
3584 2070 2227 1828 2988 
3585 1482 1875 155 2141 
3586 2064 2328 420 2424 
3587 2009 2128 1100 2897 
3588 1728 1992 1822 2083 
3589 533 2150 2023 2796 
3590 1669 2495 2437 2583 
3591 1865 1946 2534 2791 
3592 2437 2495 1833 2583 
3593 1984 2113 1407 2881 
3594 1781 1713 2242 2658 
3595 1831 2025 2532 2617 
3596 518 1904 2251 2305 
3597 373 1284 375 3086 
3598 2002 2007 1786 2860 
3599 1971 2099 122 2465 
3600 2071 2436 2376 2950 
3601 1349 2004 2235 2653 
3602 173 2046 655 2431 
3603 1597 2164 1854 2275 
3604 881 1155 113 2418 
3605 2202 2405 1961 2909 
3606 1924 2285 2169 2693 
3607 2304 2433 365 2970 
3608 1730 2074 1861 2468 
3609 2481 2737 1737 2798 
3610 1469 2042 1898 2531 
3611 2226 335 2657 2753 
3612 1644 2108 1881 2749 
3613 649 599 1889 2334 
3614 63 2426 1894 2901 
3615 1682 2127 1851 3149 
3616 214 2667 2188 2974 
3617 1484 1536 1915 2033 
3618 574 649 1889 2383 
3619 1752 2121 1884 2221 
3620 1807 2095 1848 2148 
3621 1775 2532 2025 2617 
3622 1657 2064 1879 2500 
3623 1945 2649 2173 2986 
3624 1644 2093 2139 2834 
3625 1155 881 2284 2418 
3626 1813 2402 2096 2835 
3627 1940 2188 190 2667 
3628 1810 2338 2241 2684 
3629 1848 2481 2095 2798 
3630 2052 2391 2008 3155 
3631 1074 2453 2057 2618 
3632 1921 2154 1515 2572 
3633 1869 2254 2609 2846 
3634 729 730 2358 2503 
3635 1818 3034 2144 3069 
3636 1691 2301 2012 2692 
3637 1703 1810 2241 2894 
3638 45 2104 1895 2696 
3639 1704 2096 2183 2351 
3640 1682 2248 2017 2292 
3641 1840 2375 1660 2735 
3642 1811 1844 2460 3096 
3643 1994 2112 1347 2147 
3644 1686 2629 2119 2855 
3645 1721 2761 2175 3032 
3646 1769 2410 2133 2446 
3647 1669 2540 2509 2714 
3648 999 2575 1969 2901 
3649 1708 1881 2017 2292 
3650 1512 367 1971 2325 
3651 1819 1997 1744 2358 
3652 1657 2095 1848 2481 
3653 1884 2121 1752 2293 
3654 1014 2217 1827 2673 
3655 1715 2013 1896 2048 
3656 1733 2052 2008 3155 
3657 1756 1906 2340 2821 
3658 2007 2311 1680 2767 
3659 1726 2298 1977 2750 
3660 2021 2683 1812 2818 
3661 2032 2369 1675 2412 
3662 115 2042 2531 2842 
3663 1655 2118 2165 2879 
3664 1681 2097 1827 2307 
3665 346 2183 1933 2758 
3666 1641 1935 1867 2429 
3667 2102 2175 1999 2757 
3668 934 2417 1941 2904 
3669 988 2570 2160 2652 
3670 1799 2139 2093 2834 
3671 2057 2063 40 2413 
3672 200 199 201 2274 
3673 1873 2105 1740 2301 
3674 1643 2041 2133 2389 
3675 866 865 1834 2388 
3676 2151 2463 1767 2516 
3677 2214 2381 1882 2592 
3678 1822 1992 1728 2373 
3679 1640 1868 2198 2769 
3680 1997 2132 1887 2566 
3681 1697 2156 2074 2660 
3682 1928 2110 1811 2681 
3683 1818 2339 2034 2695 
3684 1634 2166 2004 3014 
3685 648 2383 171 2847 
3686 2026 1764 2207 2858 
3687 1917 2262 1265 2342 
3688 552 229 2463 2516 
3689 2175 2371 1999 2761 
3690 1857 2130 536 2710 
3691 1769 2133 2114 2446 
3692 552 2516 2151 2994 
3693 1847 2467 2230 2728 
3694 1682 1981 2392 2724 
3695 1979 2198 2421 2958 
3696 1947 2054 1475 3019 
3697 1849 2496 1779 2860 
3698 1882 2502 1700 2677 
3699 200 1956 2274 2601 
3700 1981 2724 2092 2886 
3701 1014 1827 1329 2673 
3702 2035 2142 1728 2535 
3703 1719 2178 1969 2608 
3704 962 2339 2256 2978 
3705 367 2099 1971 2325 
3706 1857 2586 2130 2710 
3707 2125 2237 1917 2342 
3708 1694 1857 2455 2710 
3709 2023 2150 1753 2298 
3710 1696 2828 2216 2952 
3711 1847 1964 2467 2728 
3712 97 2349 95 2352 
3713 1228 2468 2074 2547 
3714 1695 1866 2361 2744 
3715 1656 2098 2728 2884 
3716 2095 2280 1797 2747 
3717 433 2107 2086 3064 
3718 540 2004 1349 2653 
3719 1836 2500 2064 2669 
3720 2609 2846 2254 2903 
3721 1946 2137 1793 2372 
3722 652 643 2346 3163 
3723 1667 1819 2073 2508 
3724 1908 1833 2437 2495 
3725 420 2064 419 2328 
3726 2509 2540 1669 2709 
3727 1640 2252 1830 2958 
3728 2050 2352 2104 2611 
3729 1815 2248 1987 2392 
3730 1249 2113 1887 2503 
3731 1832 2509 689 2709 
3732 1687 2283 1823 2285 
3733 1635 2580 2115 2853 
3734 1753 2150 2023 2291 
3735 573 1889 578 2639 
3736 1839 1728 2239 2525 
3737 1843 2267 1736 2319 
3738 1696 2062 2216 2560 
3739 1644 2108 2749 2957 
3740 2267 2627 1982 2865 
3741 1359 2140 1963 2411 
3742 2376 2436 1862 2950 
3743 1657 1879 2064 2481 
3744 1818 2430 1314 2695 
3745 2065 2335 782 2954 
3746 1791 2157 2733 2802 
3747 1735 2093 1916 2205 
3748 2372 2637 1793 3062 
3749 1314 2430 1818 2751 
3750 1687 2059 1823 2283 
3751 1685 2045 2134 2544 
3752 1962 2247 1982 2627 
3753 232 2448 233 2707 
3754 1779 2496 2189 2660 
3755 1778 2058 2679 2715 
3756 1843 2319 1736 2849 
3757 1840 2529 1934 2955 
3758 175 2431 655 2572 
3759 1831 2032 1976 2732 
3760 1818 2119 3034 3069 
3761 2268 2310 1831 2515 
3762 2231 2235 195 2868 
3763 1356 2103 2238 2479 
3764 1314 961 2339 2695 
3765 1530 1029 1910 2180 
3766 1329 1014 1330 1827 
3767 1672 1807 2366 2927 
3768 1671 1929 1986 2661 
3769 1656 2098 2297 2728 
3770 689 459 653 1832 
3771 1329 2673 1827 2795 
3772 1857 536 2455 2710 
3773 1679 2021 1975 2683 
3774 1781 2658 2242 2793 
3775 2396 2489 563 2519 
3776 1674 1967 1908 2067 
3777 500 2221 1846 2948 
3778 1703 2107 2241 2684 
3779 1281 2027 2614 2816 
3780 597 568 1884 2221 
3781 1742 1831 2268 2732 
3782 1943 2408 2162 2884 
3783 1635 2115 2580 2755 
3784 1771 2069 2787 2870 
3785 1818 2751 2144 3034 
3786 1687 1823 2065 2285 
3787 1647 1822 2083 2780 
3788 1983 2122 1832 2346 
3789 1854 2356 1866 2800 
3790 1942 2133 1769 2298 
3791 2093 2205 1770 3148 
3792 1557 2125 1265 2342 
3793 865 1834 2388 2689 
3794 1921 1973 1665 2761 
3795 1718 2222 2117 2664 
3796 200 2398 1956 2601 
3797 2105 2301 1873 2443 
3798 1703 2241 1810 2338 
3799 1660 1840 2640 2955 
3800 2034 2131 2125 2504 
3801 1832 1738 2122 2540 
3802 2050 2611 2104 2756 
3803 1642 2047 1999 2175 
3804 1833 2495 2194 2583 
3805 1956 2398 2160 2790 
3806 1680 2311 2569 2996 
3807 1994 2147 7 2269 
3808 1708 2017 1881 2449 
3809 2035 2080 1728 2839 
3810 1671 2257 2762 3008 
3811 1703 2070 2338 2348 
3812 2290 2301 1740 2685 
3813 1686 2119 1818 2855 
3814 1547 2166 1850 2571 
3815 1708 2374 2108 2832 
3816 1641 1867 1935 3000 
3817 1807 2253 2148 2966 
3818 2021 2410 1812 2683 
3819 1502 1969 2155 2307 
3820 2016 2462 2432 2883 
3821 1992 2080 1728 2373 
3822 254 1865 253 2258 
3823 1903 1702 2051 2688 
3824 1818 2430 2695 2996 
3825 1657 1848 2095 2148 
3826 1827 2099 1014 3137 
3827 121 1971 1400 2099 
3828 1626 1561 2558 2951 
3829 1805 1991 2366 2989 
3830 1730 1887 2566 2823 
3831 1767 2463 2447 2516 
3832 582 2179 1891 2489 
3833 1908 2194 1833 2495 
3834 1683 1922 1880 2382 
3835 346 1933 347 2758 
3836 1672 2366 1991 2989 
3837 1990 2098 1743 2269 
3838 1924 2129 55 2602 
3839 328 278 2278 2928 
3840 1916 2205 2093 3148 
3841 1460 1850 1547 2111 
3842 1730 2074 1887 2823 
3843 1723 2546 2171 3054 
3844 1859 2057 1761 2421 
3845 729 29 730 2503 
3846 346 1933 2183 2690 
3847 1767 2044 2391 2768 
3848 2203 2346 643 3163 
3849 1728 2080 2035 2373 
3850 1952 2122 1642 2723 
3851 1926 2579 2526 2876 
3852 1587 2172 1925 2527 
3853 2057 2413 659 2563 
3854 652 2346 1983 3163 
3855 1695 2361 2212 2744 
3856 358 2453 1074 2618 
3857 464 2555 2033 2596 
3858 2143 2657 1906 2661 
3859 1970 2025 1775 2532 
3860 1807 2253 1672 2366 
3861 1770 2205 2093 2488 
3862 2541 2547 2074 2763 
3863 1759 2178 1969 2901 
3864 1675 1976 2032 2732 
3865 1850 2111 2101 2482 
3866 2077 2402 1933 3074 
3867 1671 1986 1929 2523 
3868 2086 2107 433 2964 
3869 1937 1878 2495 2583 
3870 1741 2012 2301 2692 
3871 1866 2356 1695 2800 
3872 252 222 241 1902 
3873 1844 1811 2275 2982 
3874 1597 1854 1301 2275 
3875 1832 2122 1983 2203 
3876 2764 2880 2546 3054 
3877 2175 2761 2154 3032 
3878 1669 2084 1937 2583 
3879 1680 2069 1917 2237 
3880 2080 2373 1992 3116 
3881 962 2339 963 2794 
3882 2059 2065 1823 2922 
3883 1710 2088 2195 2882 
3884 1822 1992 2373 3116 
3885 1695 2356 2114 2518 
3886 574 578 573 1889 
3887 1776 2133 2041 2389 
3888 314 2401 1964 2461 
3889 1992 2083 1839 2907 
3890 1730 2543 2031 2566 
3891 1736 2134 2045 2544 
3892 2050 1663 2352 2611 
3893 1662 2156 2002 2660 
3894 1683 2110 1928 2681 
3895 1742 2198 1979 2252 
3896 757 2329 791 2922 
3897 1744 2113 2132 3028 
3898 1744 2132 1997 2662 
3899 1758 2369 2032 2412 
3900 950 2113 1984 2306 
3901 1708 1893 2017 3042 
3902 1841 2138 1864 2625 
3903 1917 1700 2237 2578 
3904 122 2337 1971 2465 
3905 1981 2127 1093 2929 
3906 1432 2289 2077 2646 
3907 1782 2477 2568 3061 
3908 1768 1867 2031 2845 
3909 1482 1875 2302 3081 
3910 481 2251 1858 2305 
3911 816 2315 1841 2517 
3912 1841 1888 2138 3141 
3913 481 2305 1858 3082 
3914 582 528 2179 2489 
3915 2005 2081 1885 2321 
3916 1732 2175 2102 2757 
3917 1700 1917 2262 2830 
3918 1681 2307 1827 3005 
3919 1729 1832 2390 2520 
3920 2373 2783 2083 2872 
3921 1893 2292 2248 2944 
3922 1794 2484 2671 2801 
3923 2080 2035 2435 2839 
3924 2169 2285 1924 2553 
3925 492 2434 1849 2502 
3926 2121 2293 1884 2882 
3927 159 158 160 2921 
3928 1847 1817 2510 2910 
3929 2050 1663 2625 2731 
3930 573 574 1889 2299 
3931 2081 2321 2005 2399 
3932 1683 1880 1922 2628 
3933 1014 1016 2099 2217 
3934 1314 1316 2430 2751 
3935 2209 2407 2013 3184 
3936 1691 2120 2565 2692 
3937 2164 2287 1812 2498 
3938 344 1310 1068 2350 
3939 2004 2214 1882 2592 
3940 1743 2269 2098 2512 
3941 776 1888 1440 2019 
3942 1667 1997 1819 2078 
3943 2069 1645 2787 2870 
3944 1504 2547 2541 2763 
3945 1613 1265 2262 2342 
3946 1977 2298 2133 2750 
3947 1698 1878 2194 2495 
3948 155 2141 1875 2773 
3949 1482 155 1378 2141 
3950 991 2352 1923 2766 
3951 1644 2056 1881 2168 
3952 1812 2410 2287 2683 
3953 659 2057 40 2413 
3954 254 1865 2258 2463 
3955 500 1487 2177 2221 
3956 1823 2283 2693 2851 
3957 790 2286 1841 2315 
3958 1673 2679 2058 2715 
3959 642 641 1455 1898 
3960 2526 2579 2141 2876 
3961 1875 3081 1482 3174 
3962 2024 2643 2096 2835 
3963 825 2355 2059 2746 
3964 2198 2252 1742 2732 
3965 1525 2755 2327 3097 
3966 1215 2183 1869 2530 
3967 1746 2034 2131 2713 
3968 1865 2463 2044 3142 
3969 1896 2013 2407 3184 
3970 1654 1870 2014 2542 
3971 2149 2241 933 2400 
3972 1730 1906 2340 3060 
3973 1787 2235 2231 2505 
3974 501 1846 2177 2700 
3975 1656 2297 2098 2525 
3976 1836 1995 1689 2167 
3977 1799 2467 2162 2775 
3978 232 233 2448 2940 
3979 108 2160 318 3046 
3980 1228 1887 2468 2547 
3981 1595 1882 1594 2111 
3982 2121 2824 2293 2882 
3983 1640 2025 2152 2671 
3984 1774 2140 2009 2224 
3985 1787 2235 2505 2784 
3986 1644 1881 2056 2749 
3987 1975 2021 1679 2406 
3988 1764 2026 1930 2980 
3989 1639 1837 2220 2451 
3990 2257 2704 1166 2844 
3991 560 2251 482 2700 
3992 1833 2267 1982 2865 
3993 1739 2181 1970 2606 
3994 1951 2693 2283 2851 
3995 1828 1646 2528 3136 
3996 1681 1969 1941 2307 
3997 1807 2319 1848 2708 
3998 2010 2097 1681 2347 
3999 2096 2643 2279 2835 
4000 1672 2013 2359 2927 
4001 1730 1887 2074 2468 
4002 1913 1734 2117 2222 
4003 1946 1793 2137 2534 
4004 1491 2554 2571 2799 
4005 2160 2229 1748 2790 
4006 1688 2086 2004 3077 
4007 1671 2762 2257 3028 
4008 2687 2761 2036 3065 
4009 1647 2301 2105 2443 
4010 2038 2051 1702 2688 
4011 2447 2463 229 2516 
4012 1707 1851 1968 2386 
4013 1756 2657 1906 2821 
4014 1903 1970 1666 2464 
4015 1664 2627 2838 2865 
4016 1992 2030 1839 2839 
4017 1854 2114 2356 2518 
4018 1642 2265 2102 2757 
4019 1822 2373 2083 2872 
4020 2071 2376 1862 2950 
4021 1791 2733 2441 2802 
4022 2011 1676 2193 3136 
4023 963 2339 2034 2794 
4024 1979 2252 2198 2958 
4025 1969 2178 1759 2893 
4026 1706 1896 2048 2584 
4027 1896 2013 1715 2407 
4028 1730 1887 2543 2566 
4029 1469 115 2042 2531 
4030 115 117 2042 2842 
4031 1756 2657 2143 2661 
4032 2219 2902 1941 2904 
4033 1654 1870 2542 3042 
4034 1700 2237 2578 2767 
4035 1675 2032 1976 2637 
4036 1417 2114 2446 2796 
4037 1945 2747 2280 2798 
4038 1675 2369 2032 2637 
4039 1864 2625 2138 3094 
4040 1836 1689 1995 2471 
4041 1639 2220 1837 2370 
4042 1904 2809 2702 3017 
4043 1330 1827 1014 3137 
4044 1784 2098 1990 2269 
4045 2074 2156 1861 2660 
4046 1921 2687 1973 2761 
4047 1671 1906 1986 2905 
4048 1655 2165 2460 2879 
4049 560 482 501 2700 
4050 1933 2192 347 2758 
4051 2321 2399 2081 3179 
4052 1807 2148 1848 2319 
4053 2069 2237 1680 2767 
4054 1988 2079 1760 2193 
4055 1671 1986 1906 2661 
4056 2041 2499 1977 2623 
4057 1385 2278 2103 2479 
4058 2046 2572 2431 2815 
4059 1958 2284 1155 2704 
4060 1848 2095 1807 2708 
4061 1768 2541 2074 2763 
4062 1829 2338 2070 3079 
4063 472 500 1846 2948 
4064 1942 2023 1726 2298 
4065 683 2177 611 2582 
4066 1708 2017 2449 3042 
4067 574 1889 2299 2383 
4068 1764 2588 2026 2980 
4069 1854 2356 1695 2518 
4070 2093 2205 1735 2488 
4071 1261 534 2415 3088 
4072 1727 2526 1926 2586 
4073 217 988 2160 2652 
4074 1784 2098 2269 2512 
4075 1844 2165 2118 2879 
4076 1886 2975 2241 3177 
4077 1732 1999 2175 2757 
4078 1727 2776 2478 2917 
4079 1301 2275 1854 3031 
4080 526 1249 2113 2468 
4081 1044 603 1629 1874 
4082 1667 2031 2425 2452 
4083 1900 2484 1794 2801 
4084 1883 2375 1304 2379 
4085 2304 2433 2075 2864 
4086 1728 1825 2239 2535 
4087 1866 2439 1854 2800 
4088 1917 2125 1265 2695 
4089 709 2019 1440 2969 
4090 1504 2074 2541 2547 
4091 1530 1375 1029 2180 
4092 1722 2344 1914 2785 
4093 998 2575 999 2901 
4094 1654 2542 1993 3042 
4095 2181 2688 1903 3106 
4096 554 2455 555 2654 
4097 1002 1004 2309 2778 
4098 1852 2454 2825 3162 
4099 643 2203 459 2346 
4100 1280 1041 2306 2337 
4101 1851 1707 1968 2245 
4102 2163 1716 2623 2963 
4103 1731 2287 1812 2470 
4104 1739 2181 2606 3067 
4105 336 2657 335 2753 
4106 2311 2629 2569 2996 
4107 1877 2609 2387 2665 
4108 2075 2433 386 2864 
4109 1715 2048 1896 2399 
4110 1831 2515 2310 2532 
4111 1866 2361 1900 2800 
4112 667 1989 2201 2453 
4113 159 1484 1536 1915 
4114 1379 2339 2123 2751 
4115 63 1894 62 2901 
4116 2176 2371 1864 2624 
4117 1738 1832 2122 2346 
4118 1924 1737 2403 3124 
4119 115 117 116 2042 
4120 160 2179 1915 2921 
4121 1597 861 2164 2275 
4122 1438 2147 2112 2622 
4123 406 1468 1629 1874 
4124 180 563 2489 2519 
4125 1817 966 2461 2651 
4126 1848 2067 1670 2524 
4127 1700 2199 1882 2677 
4128 1587 1925 2172 2593 
4129 1706 1896 2013 2048 
4130 1744 2113 1887 2132 
4131 2231 2235 1801 2505 
4132 1854 2164 1597 2498 
4133 1831 2310 1976 2532 
4134 1738 1832 2346 2540 
4135 1869 2183 1215 2616 
4136 1988 2079 898 2720 
4137 1830 2041 1977 2623 
4138 1884 2195 2088 2882 
4139 106 2153 597 2466 
4140 1876 2733 1712 2981 
4141 1680 2311 2007 2569 
4142 171 2383 2299 2847 
4143 578 577 1889 2438 
4144 1675 2268 1976 2732 
4145 2106 2216 2062 2560 
4146 1976 2268 1831 2732 
4147 2034 2339 2256 2794 
4148 1970 2181 1903 2606 
4149 540 2214 2004 2653 
4150 1675 1976 2369 2637 
4151 1455 2312 2042 2560 
4152 1641 2031 1867 3000 
4153 1730 2031 1980 3000 
4154 1888 2517 1841 2624 
4155 371 2185 2333 2658 
4156 998 999 64 2901 
4157 578 1889 599 2438 
4158 19 2312 2510 3013 
4159 1874 2187 1468 2432 
4160 578 1889 577 2639 
4161 81 2127 1987 2718 
4162 1807 2359 2253 2966 
4163 1713 2242 1835 2433 
4164 2280 2675 1797 2747 
4165 1896 2825 2454 3162 
4166 1972 2578 1700 2830 
4167 2169 2285 1823 2693 
4168 1768 2074 2547 2763 
4169 1016 2217 1014 2673 
4170 1563 2457 2349 2766 
4171 398 2082 2124 3102 
4172 1016 1014 1054 2673 
4173 1682 2092 1981 2724 
4174 459 1832 689 2709 
4175 1857 2130 2586 3160 
4176 1264 1265 2125 2695 
4177 1379 2123 2018 2751 
4178 1992 1728 2080 2839 
4179 1841 2138 2050 3141 
4180 1385 2350 2278 2479 
4181 1965 2079 1717 2272 
4182 2160 2229 1789 3046 
4183 175 2431 2572 2814 
4184 597 2153 1884 2466 
4185 1655 2165 2118 2923 
4186 98 2318 1840 3029 
4187 1923 2625 1663 2731 
4188 1750 1922 1880 2628 
4189 1744 2916 2113 3028 
4190 1967 2255 1872 2914 
4191 1065 536 1857 2130 
4192 1744 1997 1887 2503 
4193 2008 2052 1648 2391 
4194 1717 2079 1988 2193 
4195 1955 2816 2187 2873 
4196 1638 2181 1903 3106 
4197 1738 2122 1983 2346 
4198 1258 2330 2082 2658 
4199 1662 2002 2156 2703 
4200 2011 2193 1676 2642 
4201 1801 2505 2235 2784 
4202 2713 2999 2202 3062 
4203 1851 2478 1727 2776 
4204 533 1343 2150 2796 
4205 913 2472 2171 2475 
4206 2035 2227 1828 2981 
4207 1697 2541 2074 2941 
4208 889 2293 598 2705 
4209 1695 2361 1866 2800 
4210 913 2257 2171 2472 
4211 1365 1014 2099 3137 
4212 1318 2698 2744 3117 
4213 2113 2503 1249 2881 
4214 1703 2227 2070 2348 
4215 1830 2252 1979 2958 
4216 1880 1922 1750 2880 
4217 1654 2014 1870 2409 
4218 1680 1917 2125 2237 
4219 1656 2525 2098 2884 
4220 724 2196 797 2363 
4221 1832 2203 1983 2346 
4222 1689 1836 2393 2471 
4223 1895 1771 2787 2870 
4224 1680 2069 2311 2996 
4225 1666 1903 2464 2688 
4226 632 2384 1975 2470 
4227 1943 1693 2376 2436 
4228 1643 2041 1977 2133 
4229 433 434 2107 3064 
4230 866 2388 1834 2746 
4231 1935 1803 2091 2429 
4232 1891 2179 582 2900 
4233 1568 1956 2398 3118 
4234 1489 2291 2150 2786 
4235 1925 2399 2321 3179 
4236 2142 2435 2035 2839 
4237 2026 2207 1930 2474 
4238 1934 2640 1840 2955 
4239 2004 2086 539 2868 
4240 1907 2762 2257 3008 
4241 778 2116 777 2622 
4242 1756 2340 1906 2661 
4243 2251 2700 561 2956 
4244 75 2201 2063 2453 
4245 1666 2025 1903 2819 
4246 1864 2138 1841 2624 
4247 563 2396 528 2489 
4248 1872 2851 1967 2914 
4249 1691 2029 2210 3033 
4250 1727 1926 2526 2876 
4251 1633 2027 1281 2816 
4252 1761 2057 1859 2618 
4253 1730 2156 1861 2823 
4254 1997 2358 1819 2778 
4255 176 898 2079 2720 
4256 1730 1861 2074 2823 
4257 222 241 1902 2598 
4258 1764 2026 2588 2858 
4259 2026 2980 2588 3071 
4260 1695 2356 1866 2744 
4261 118 119 1509 1971 
4262 1785 2050 2104 2756 
4263 1793 1946 2372 2534 
4264 555 2455 2225 2654 
4265 866 865 826 1834 
4266 1999 2047 1642 2810 
4267 1923 1663 2352 2731 
4268 2287 2683 2410 2852 
4269 573 578 577 2639 
4270 2287 2410 1812 2518 
4271 1494 1941 2902 2904 
4272 1732 2046 1860 2102 
4273 2160 2398 1956 3118 
4274 1700 2101 1972 2111 
4275 724 2186 2196 2363 
4276 2004 2086 1688 2166 
4277 1752 2293 2121 2824 
4278 2057 2421 1859 2453 
4279 1886 2706 2975 3177 
4280 1835 2242 1713 2266 
4281 2050 2625 1841 2731 
4282 1809 2452 2132 2662 
4283 1690 2005 1885 2983 
4284 1758 1946 2372 2637 
4285 1827 2097 2010 2548 
4286 1799 2162 2467 3176 
4287 1604 1964 314 2401 
4288 828 1877 876 2413 
4289 1682 1851 1981 2478 
4290 266 2641 2094 2667 
4291 2152 2474 2024 2484 
4292 2310 2532 2515 2825 
4293 1519 1511 2295 2327 
4294 1923 2625 2117 2664 
4295 375 1284 1151 2275 
4296 1742 2288 1979 2497 
4297 1835 2266 1713 2433 
4298 375 2275 1151 2982 
4299 1819 2508 1667 2959 
4300 1903 2606 2181 3067 
4301 649 2334 1889 2383 
4302 1850 1913 2571 3079 
4303 518 519 411 2305 
4304 2499 2623 1716 2963 
4305 1680 2569 2007 2860 
4306 1809 2257 2171 2844 
4307 1982 2937 2220 3094 
4308 1660 2859 2375 2955 
4309 1642 1999 2265 2757 
4310 868 917 1945 2173 
4311 1779 2342 1849 2860 
4312 1840 2362 136 2630 
4313 1347 1994 692 2112 
4314 1914 2785 2344 3128 
4315 2252 2623 1716 2671 
4316 1343 2564 2150 2796 
4317 1191 2325 2276 2353 
4318 1315 1314 2430 2695 
4319 1846 2702 2809 3017 
4320 1810 2331 2277 3132 
4321 1795 2565 2120 2692 
4322 1907 2353 1802 2951 
4323 1786 2131 2002 2860 
4324 1838 2049 1893 2292 
4325 759 2711 2136 3049 
4326 1952 1642 2102 2723 
4327 1667 2206 1867 2394 
4328 1756 2234 2226 2657 
4329 1969 2307 1538 2898 
4330 1692 2009 2140 2224 
4331 1983 2346 2203 3163 
4332 1825 1712 2142 2542 
4333 1867 1768 2394 2845 
4334 281 587 613 1938 
4335 837 860 2602 2649 
4336 801 768 1515 2572 
4337 1719 2219 1869 2608 
4338 2107 2086 2486 2964 
4339 1515 1921 805 2154 
4340 2572 2814 2431 2815 
4341 2122 2390 1642 2723 
4342 1664 2090 1843 2627 
4343 1489 2023 533 2150 
4344 2214 2381 1782 3014 
4345 1955 2187 2027 2873 
4346 1822 1728 2083 2373 
4347 1667 2132 2452 2662 
4348 2226 2657 2234 2753 
4349 1768 2031 2823 2845 
4350 2620 2812 2364 2981 
4351 2292 2724 2248 2944 
4352 1817 2461 966 2910 
4353 1568 2398 2160 3118 
4354 1906 2661 2340 3060 
4355 1090 2284 2358 3122 
4356 2148 2253 1657 2872 
4357 1771 2578 2069 2870 
4358 1969 2608 2178 2893 
4359 1830 2671 2484 2801 
4360 1768 2541 2000 2941 
4361 2635 2851 1872 2914 
4362 1641 1880 2031 2419 
4363 2387 2609 1877 2903 
4364 1509 119 122 1971 
4365 1880 2880 2764 3054 
4366 532 2023 1489 2291 
4367 481 479 1858 2251 
4368 885 1892 1476 2186 
4369 1705 2063 2057 2587 
4370 1730 2566 2031 2823 
4371 1419 2406 1975 2599 
4372 674 1983 652 2346 
4373 126 127 1925 2739 
4374 1825 2142 1728 2239 
4375 2237 2342 2125 2860 
4376 1782 1849 2496 3061 
4377 597 1047 568 2221 
4378 1671 2546 2257 3008 
4379 2013 2209 1715 2407 
4380 1674 2285 1924 2693 
4381 554 555 374 2654 
4382 1715 2399 1925 2913 
4383 1981 1093 2776 2929 
4384 2161 2826 2015 2919 
4385 1921 2154 2761 3032 
4386 1881 2108 1708 2449 
4387 1786 2233 2131 2569 
4388 1186 2510 2062 2651 
4389 778 1367 2116 3108 
4390 908 2215 1913 2537 
4391 1858 2251 479 2956 
4392 2253 2872 2148 2966 
4393 1728 2030 2239 2839 
4394 1886 1696 2216 2560 
4395 470 2114 1942 2212 
4396 1471 2086 1472 2166 
4397 1771 2787 2069 3069 
4398 1491 1193 2554 2799 
4399 2025 2282 1903 2819 
4400 2184 2738 1931 2854 
4401 1986 2306 1041 2337 
4402 1407 2113 1249 2881 
4403 826 2355 825 2746 
4404 1746 2131 2233 2713 
4405 1903 2025 1970 2606 
4406 2057 2063 1774 2587 
4407 464 1553 2555 2596 
4408 1829 1703 2107 2486 
4409 859 1945 970 2403 
4410 1849 2237 1700 2677 
4411 1871 1940 1789 2667 
4412 676 257 1892 2261 
4413 1669 1937 2495 2583 
4414 1642 2175 2102 2723 
4415 1917 2069 1680 2996 
4416 2364 2733 1876 2981 
4417 500 501 472 1846 
4418 1789 1940 1871 2790 
4419 1795 2048 2549 2565 
4420 2091 2429 1803 2636 
4421 2310 2454 1896 2825 
4422 2275 2654 1844 2982 
4423 199 1956 1131 2274 
4424 2588 2858 2026 3058 
4425 1878 2887 2865 3169 
4426 599 1889 2334 2438 
4427 171 2299 2615 2847 
4428 1469 1455 641 2042 
4429 1682 1881 2017 2386 
4430 1869 2219 1719 2254 
4431 1660 2288 1979 2623 
4432 1980 2031 1730 2764 
4433 2022 2107 1829 2338 
4434 1823 2285 2169 2553 
4435 2045 2134 1736 2319 
4436 2256 2339 2034 2713 
4437 1793 2999 2713 3062 
4438 1924 2285 1737 3124 
4439 611 1487 663 2177 
4440 1799 2467 2775 3176 
4441 1365 1330 1014 3137 
4442 1739 2515 2532 2825 
4443 1893 2049 1708 2292 
4444 2384 2470 632 2595 
4445 1800 2638 2505 2663 
4446 1895 2664 2352 2766 
4447 1926 2526 2191 2586 
4448 1468 406 407 2187 
4449 1687 2065 2059 2655 
4450 1935 2091 1803 2781 
4451 1976 2268 2081 2310 
4452 2082 1931 2738 2854 
4453 1644 1881 2108 2832 
4454 2252 2617 1831 2732 
4455 1065 2130 1857 2507 
4456 2031 2419 1980 3000 
4457 868 860 837 2649 
4458 1776 2410 2287 2518 
4459 409 2355 2159 2511 
4460 1989 2003 1675 2259 
4461 1204 1512 367 1971 
4462 1937 1669 2540 2709 
4463 1472 539 1477 2166 
4464 1800 2531 2042 2842 
4465 1663 2611 2050 2756 
4466 1823 2283 1951 2693 
4467 1645 2364 2506 2733 
4468 724 2186 1476 2196 
4469 1746 2713 2202 3062 
4470 1855 2364 2812 2981 
4471 1296 1093 2127 2929 
4472 1691 2029 1910 2210 
4473 1697 2074 2823 2941 
4474 1812 2287 1731 2683 
4475 868 917 860 1945 
4476 104 451 103 2033 
4477 2865 2887 1664 3169 
4478 121 1400 367 2099 
4479 1682 1851 2386 3149 
4480 1727 2302 1851 2776 
4481 1943 2376 2071 2436 
4482 1794 2378 1900 2801 
4483 1904 2305 518 3105 
4484 1347 2112 1438 2147 
4485 358 1859 2453 2618 
4486 1916 1975 1679 2406 
4487 1597 1301 1854 3031 
4488 1639 2267 1843 2319 
4489 966 2651 1817 2910 
4490 555 2225 374 2654 
4491 1892 1733 2090 2514 
4492 2107 2486 2149 2964 
4493 751 2012 2180 2559 
4494 2823 2845 2031 3000 
4495 1841 2176 1721 2315 
4496 1706 2048 2013 2404 
4497 501 2177 609 2700 
4498 1776 2287 2410 2852 
4499 459 2346 1832 2709 
4500 1258 2124 2082 2330 
4501 2063 2201 4 2665 
4502 171 2615 504 2847 
4503 169 195 2231 2235 
4504 1197 2010 1583 2353 
4505 778 1367 777 2116 
4506 2136 2422 759 3049 
4507 433 435 434 3064 
4508 1691 2012 2115 2692 
4509 46 1861 771 2458 
4510 1667 2508 2073 2959 
4511 2171 2382 1723 3054 
4512 1921 2371 1721 2761 
4513 2059 2355 1834 2746 
4514 1979 2224 1692 2958 
4515 1191 1971 2276 2325 
4516 1873 1753 2126 2561 
4517 1835 2082 2738 2854 
4518 1920 2785 2629 3128 
4519 1829 2070 2323 3079 
4520 1950 2330 427 2416 
4521 1847 2510 2312 3013 
4522 1677 2248 1960 2888 
4523 2158 2461 966 2651 
4524 1772 2096 2024 2643 
4525 933 1063 2107 2149 
4526 1736 1962 2485 2627 
4527 866 1834 826 2746 
4528 1997 2309 1004 2778 
4529 1868 2769 2197 2991 
4530 1547 1595 2111 2166 
4531 1826 2640 2623 2735 
4532 1112 2254 1869 2846 
4533 976 1271 1926 2595 
4534 1726 1977 2298 3145 
4535 1976 2825 2310 3162 
4536 98 135 136 2362 
4537 1900 2361 1959 2484 
4538 2002 2660 2156 2781 
4539 1726 2210 1840 2640 
4540 1681 1827 2010 3005 
4541 2602 2649 1945 2986 
4542 1959 2361 1830 2484 
4543 623 1541 697 2100 
4544 1947 2375 1236 2932 
4545 1647 2748 1822 2780 
4546 2027 2187 1955 2816 
4547 371 2333 2185 2570 
4548 1318 474 475 3117 
4549 519 2251 481 2305 
4550 1460 1850 2111 2457 
4551 733 2076 2054 2573 
4552 1002 2309 2078 2778 
4553 997 1986 2143 2657 
4554 1990 2098 1784 2297 
4555 1716 2252 2163 2623 
4556 1881 2292 1708 2832 
4557 1705 2057 2224 2587 
4558 934 1941 1494 2904 
4559 1215 2530 1869 2936 
4560 1142 1141 1901 2491 
4561 121 122 1971 2099 
4562 1768 1887 2074 2823 
4563 1639 2255 1837 2451 
4564 1844 2654 375 3086 
4565 2231 2868 1038 2964 
4566 1900 1830 2361 2484 
4567 1690 2081 2005 3059 
4568 1021 122 2099 2465 
4569 279 1902 278 2928 
4570 1664 2838 2194 2865 
4571 1682 2017 1881 2292 
4572 1668 2124 2330 2793 
4573 1484 103 1536 2033 
4574 2016 2594 2462 2883 
4575 1733 2984 2052 3155 
4576 1866 2356 595 2744 
4577 587 2243 1938 2700 
4578 1304 1883 1338 2375 
4579 232 2448 2707 2940 
4580 1663 2138 2625 3094 
4581 1715 1925 2399 2593 
4582 2099 2325 367 3137 
4583 1166 2171 1177 2257 
4584 1850 2101 2457 2752 
4585 1897 2092 1682 2292 
4586 1882 1782 2381 3014 
4587 234 2326 1871 2974 
4588 1768 2074 1887 2547 
4589 227 2150 1343 2564 
4590 45 2352 2104 2759 
4591 2629 2785 1914 3128 
4592 126 1925 1527 2321 
4593 1502 2155 1969 2575 
4594 2024 2152 1701 2474 
4595 2353 2558 1802 2951 
4596 1727 2526 2141 2876 
4597 2019 2390 1832 2520 
4598 1849 1782 2434 3061 
4599 1419 2406 2599 3134 
4600 1691 2565 1909 2692 
4601 127 1527 126 1925 
4602 2001 2388 2270 2642 
4603 2000 2249 1677 2568 
4604 2160 2398 1789 2790 
4605 1671 2257 2546 3028 
4606 1736 2485 1982 2627 
4607 1455 642 1898 2312 
4608 1976 2032 1831 2532 
4609 1855 2733 2364 2981 
4610 1729 2122 1832 2203 
4611 1640 2152 2484 2671 
4612 2506 2752 2323 2812 
4613 1702 2038 1927 2108 
4614 2307 2673 1827 3005 
4615 1134 2284 1090 3122 
4616 1595 1507 1882 2166 
4617 1112 2254 2219 2936 
4618 1658 1869 1963 2351 
4619 1409 7 2147 2269 
4620 1247 2172 1949 2395 
4621 1570 1494 1941 2902 
4622 1795 2549 2120 2565 
4623 1862 2112 1693 2622 
4624 2237 2262 1917 2342 
4625 1685 2045 2544 2620 
4626 1670 1848 2524 2708 
4627 33 1865 2447 2534 
4628 1911 2000 2249 2845 
4629 1413 1990 1578 2590 
4630 40 2057 1555 2063 
4631 2084 2509 1669 2709 
4632 2024 2474 2020 3119 
4633 2128 2140 1100 2480 
4634 1667 2425 2206 2452 
4635 1697 2074 2156 2823 
4636 1877 2387 2063 2665 
4637 1690 1976 2310 3162 
4638 108 354 318 2160 
4639 1814 2109 1957 2226 
4640 1648 2052 2209 2984 
4641 1980 2419 2031 2764 
4642 1722 1914 2629 2785 
4643 1378 1482 2141 2302 
4644 1687 2065 1879 2737 
4645 1668 2082 2124 2793 
4646 2253 2359 1822 2966 
4647 1706 2013 2359 2404 
4648 1736 2267 2045 2319 
4649 1691 2120 2692 2863 
4650 1879 2335 2065 2954 
4651 254 2447 1865 2463 
4652 1729 1832 2122 2390 
4653 1777 2085 1908 2437 
4654 1902 2492 278 2631 
4655 1432 1150 2289 2646 
4656 526 2468 2113 2905 
4657 1664 1918 1962 2247 
4658 1633 2187 2027 2816 
4659 195 1038 2231 2868 
4660 1671 2113 1906 2905 
4661 1829 2070 2486 3196 
4662 1875 1707 2245 3174 
4663 2179 2396 1751 2489 
4664 2391 2463 1798 3142 
4665 2132 2566 1997 2662 
4666 2505 2638 1654 2663 
4667 1818 2018 2751 3034 
4668 1865 1946 2137 2534 
4669 1756 2143 1929 2661 
4670 1677 2941 2000 3061 
4671 577 2244 1889 2438 
4672 2051 1903 2688 3106 
4673 667 2201 1989 2892 
4674 2050 2352 1663 2731 
4675 1930 2980 2026 3071 
4676 822 2313 1878 2973 
4677 1644 2749 2056 2957 
4678 1726 1840 2210 2362 
4679 2031 2543 1730 2764 
4680 409 2059 2355 2511 
4681 1530 2291 1910 2362 
4682 790 1841 2286 2731 
4683 805 2154 1921 3032 
4684 1744 1958 1984 2916 
4685 1982 2485 1962 2627 
4686 173 655 175 2431 
4687 1519 2295 2029 2327 
4688 2251 2702 1904 2809 
4689 1756 2340 2234 2821 
4690 433 2086 435 3064 
4691 2069 2578 1645 2870 
4692 1538 1000 1502 1969 
4693 518 2251 1904 2809 
4694 369 2330 2658 3018 
4695 1812 2287 2164 2470 
4696 2011 2487 1676 3136 
4697 1112 1869 1113 2846 
4698 155 2205 1875 3174 
4699 2255 2370 1872 2914 
4700 1891 2100 1729 2218 
4701 1882 2381 2214 3014 
4702 2020 2474 2024 2835 
4703 1697 2189 2174 2496 
4704 2389 2490 2139 2834 
4705 1996 2239 1825 2535 
4706 1641 1867 2031 2425 
4707 1806 2454 2271 2930 
4708 2024 2484 2474 3119 
4709 1511 2295 2327 2573 
4710 1746 2131 2034 2504 
4711 1547 1493 2166 2571 
4712 1214 2183 346 2758 
4713 1769 2023 1942 2298 
4714 1695 1854 2518 2800 
4715 1681 2281 2055 2445 
4716 118 1971 1509 2337 
4717 1912 2314 803 2626 
4718 1645 2364 2089 2506 
4719 1937 2084 1669 2709 
4720 1712 1825 2227 2542 
4721 210 2270 2001 2388 
4722 1729 1891 2203 2900 
4723 1681 2155 1969 2307 
4724 2110 1844 2654 2982 
4725 1664 1962 1918 3169 
4726 2387 2609 1894 2665 
4727 1925 2172 1715 2913 
4728 953 2883 2432 3092 
4729 1638 2051 1903 2476 
4730 2117 2752 2506 2812 
4731 1675 2003 1989 2300 
4732 1843 1736 2267 2627 
4733 1775 2405 2032 2909 
4734 2360 3075 2993 3087 
4735 1832 1729 2203 2520 
4736 1641 2031 1880 2425 
4737 1643 2071 2133 2298 
4738 1264 1263 1265 2695 
4739 417 1931 2738 3102 
4740 2285 2693 1674 2851 
4741 200 2274 201 2601 
4742 62 1894 2701 2901 
4743 1831 2252 2163 3173 
4744 1638 1903 2051 3106 
4745 1120 1854 1597 2498 
4746 1680 2131 2233 2569 
4747 1827 2010 1724 2325 
4748 2092 2357 1838 3146 
4749 1509 1971 122 2337 
4750 1849 2434 2174 3061 
4751 2188 2667 1871 2974 
4752 1356 2238 2103 2938 
4753 227 533 1343 2150 
4754 1925 1527 2321 2593 
4755 1652 2091 1893 2381 
4756 1647 2083 1992 2907 
4757 1258 398 2082 2124 
4758 750 2572 2036 2687 
4759 501 472 1846 2809 
4760 1855 2506 2364 2733 
4761 1980 1730 2543 2764 
4762 1667 2073 1819 2662 
4763 744 2902 2219 2904 
4764 1670 2067 1848 2798 
4765 1679 2410 2021 2683 
4766 327 1894 63 2308 
4767 1583 2010 2325 2353 
4768 1719 2178 2609 2901 
4769 1679 1975 1916 3148 
4770 1263 1917 1265 2695 
4771 1830 2958 1979 3066 
4772 554 1905 1342 2455 
4773 1747 1995 2167 2736 
4774 1691 1910 2126 2210 
4775 1701 1930 2028 2681 
4776 1682 2248 2292 2724 
4777 1407 1984 950 2113 
4778 2174 2496 2189 2833 
4779 1705 2198 1899 2224 
4780 1707 2182 1875 2967 
4781 1793 2637 2999 3062 
4782 1234 2189 2174 2541 
4783 1868 2385 2197 2769 
4784 1708 2049 1893 2368 
4785 1695 2212 2356 2744 
4786 1838 2292 2092 3146 
4787 46 165 1861 2458 
4788 252 278 1902 2492 
4789 1639 2220 2045 2451 
4790 2057 1774 2224 2587 
4791 158 2179 160 2921 
4792 1744 1984 1958 2418 
4793 2087 1654 2638 2663 
4794 1720 1982 1962 2247 
4795 768 2572 801 2687 
4796 1736 2627 1843 2849 
4797 1502 1969 1000 2575 
4798 1943 1693 2162 2376 
4799 1065 1857 534 2507 
4800 1719 1869 2178 2608 
4801 1960 2477 1677 2568 
4802 1967 2283 1872 2822 
4803 1712 2733 2441 2981 
4804 1875 2182 1707 3174 
4805 987 1389 972 1960 
4806 416 417 1931 2738 
4807 1857 1694 2455 3003 
4808 642 1898 2312 2343 
4809 2083 2373 1728 2783 
4810 1706 1909 2048 2404 
4811 1777 2635 1872 2914 
4812 1639 2255 2451 2647 
4813 1322 2910 2324 3013 
4814 1639 2319 1843 2524 
4815 917 1945 2173 2675 
4816 1871 2326 234 2641 
4817 63 62 1894 2701 
4818 997 1986 292 2143 
4819 2156 2703 2002 2781 
4820 587 575 2243 2700 
4821 782 845 2065 2954 
4822 1400 1204 367 1971 
4823 1667 2031 2452 2764 
4824 1744 1997 1819 2662 
4825 117 2400 2042 2842 
4826 2221 2293 1752 2705 
4827 1799 2162 1943 2408 
4828 1921 2761 1721 3032 
4829 2035 1728 2142 2839 
4830 1729 2203 2100 2900 
4831 1027 1530 1910 2362 
4832 1469 1898 522 2531 
4833 1677 2249 2000 2845 
4834 679 1954 600 2154 
4835 1847 1817 2230 2510 
4836 1960 1677 2249 2568 
4837 2246 2493 2134 2544 
4838 1720 1962 1982 2485 
4839 1865 2534 2137 2911 
4840 1706 2271 2454 2930 
4841 232 2707 2552 2940 
4842 1729 2100 1891 2900 
4843 1090 2358 2284 2418 
4844 537 1956 1568 3118 
4845 1664 2008 2090 2627 
4846 750 2422 2036 2572 
4847 2163 2208 2120 2288 
4848 1687 1879 2065 2655 
4849 1870 2014 2542 2802 
4850 1271 2225 1926 2595 
4851 1812 2498 2287 2518 
4852 1675 2032 2412 2732 
4853 1543 2475 2171 2656 
4854 1663 2937 1982 3094 
4855 1917 1680 2125 2695 
4856 1727 1851 2302 3144 
4857 797 2363 2196 2817 
4858 1708 2038 2236 2688 
4859 2216 2828 1996 2952 
4860 1975 2406 1293 2818 
4861 1938 561 2700 2956 
4862 2061 2185 1713 2658 
4863 1689 1836 2167 2393 
4864 2048 2549 2399 2913 
4865 1744 2662 2284 3028 
4866 1721 1841 2517 2624 
4867 2376 2622 1693 3021 
4868 1684 2040 2550 3111 
4869 776 1440 709 2019 
4870 1810 2277 2338 3132 
4871 2063 2387 1877 2903 
4872 1191 1512 1971 2325 
4873 1286 2249 1960 2577 
4874 1976 2532 2310 2825 
4875 2014 1703 2087 2227 
4876 2126 2561 1753 3089 
4877 598 1884 568 2221 
4878 491 490 492 2502 
4879 1935 2845 2823 3000 
4880 1818 2339 1314 2751 
4881 2090 2303 2194 2838 
4882 1618 1635 2580 2755 
4883 1712 2227 2035 2981 
4884 2062 2106 1766 2216 
4885 2360 1837 3075 3087 
4886 2216 1996 2828 2961 
4887 532 533 1489 2023 
4888 1829 2323 2070 3196 
4889 1899 1692 2224 2958 
4890 668 1860 2582 2711 
4891 1645 2069 2311 2578 
4892 2142 2239 1825 2633 
4893 1860 2046 1732 2422 
4894 2025 2532 1970 2606 
4895 1691 2120 1826 2135 
4896 419 2328 2064 3004 
4897 1674 2294 2085 2851 
4898 1680 2237 2125 2860 
4899 1654 2014 2409 2505 
4900 1879 2481 2190 2737 
4901 826 1834 865 2355 
4902 1727 2228 2776 2917 
4903 2018 2123 1686 2855 
4904 1910 1753 2561 3089 
4905 492 490 2434 2502 
4906 1986 2337 1041 2465 
4907 371 2333 369 2658 
4908 1758 2637 2372 3062 
4909 1559 2276 1008 2353 
4910 1690 1885 2791 2983 
4911 328 2278 91 2928 
4912 257 2173 1892 2261 
4913 598 2221 568 2705 
4914 1835 2793 2082 2854 
4915 1884 2293 2221 2705 
4916 1812 1731 2470 2683 
4917 1900 2439 1866 2800 
4918 1733 2090 1953 2666 
4919 1707 1851 2168 2245 
4920 1889 2244 577 2639 
4921 2048 2565 1795 2692 
4922 2114 2133 1942 2750 
4923 1739 2310 2515 2825 
4924 2035 2227 1825 2961 
4925 1968 2245 685 3081 
4926 1925 2005 2321 2399 
4927 2841 2908 2202 2909 
4928 582 1891 562 2489 
4929 562 1891 582 3163 
4930 1873 2126 1753 2436 
4931 1672 2395 2442 2989 
4932 1696 2087 2216 2961 
4933 106 597 647 2466 
4934 1707 1968 1898 2170 
4935 1800 2087 2638 2663 
4936 1966 2033 1668 2998 
4937 1876 2620 2364 2981 
4938 1884 2195 592 2466 
4939 1673 2161 2015 2919 
4940 1835 2738 2184 2854 
4941 1640 2198 2252 2958 
4942 1384 419 420 2064 
4943 1830 1959 2958 3066 
4944 1731 1975 2384 2470 
4945 489 2446 2114 2498 
4946 1940 1871 2790 2919 
4947 2021 2406 1975 2818 
4948 1772 2279 2096 2643 
4949 1838 2092 2292 2724 
4950 1315 1314 1316 2430 
4951 582 562 528 2489 
4952 1867 2425 1641 2829 
4953 1861 2156 2074 2823 
4954 1267 2446 2021 2564 
4955 183 1885 1207 2259 
4956 1880 2028 1683 2382 
4957 2075 304 2538 2676 
4958 765 2129 2314 2856 
4959 1740 2105 1873 2367 
4960 38 2516 552 2994 
4961 2523 2762 1671 2916 
4962 951 1280 1041 2306 
4963 1718 2457 2101 2752 
4964 1691 1826 2126 2135 
4965 104 451 2033 2890 
4966 1249 524 1887 2468 
4967 1908 2437 2085 2495 
4968 98 1840 136 3029 
4969 2079 2272 1965 2933 
4970 2546 2764 1809 2880 
4971 1667 1997 2078 2394 
4972 1879 1737 2481 2737 
4973 1557 1264 1265 2125 
4974 488 489 2498 2818 
4975 1911 2763 2000 2845 
4976 805 1515 768 1921 
4977 416 2738 1931 2743 
4978 1792 2089 2364 2506 
4979 534 2507 1857 3088 
4980 1874 2886 2316 2985 
4981 1737 1879 2065 2737 
4982 978 2103 2278 2631 
4983 679 600 1954 2438 
4984 1220 166 1234 2885 
4985 1844 1811 2460 2879 
4986 1744 2358 1997 2503 
4987 513 2037 2229 2238 
4988 1958 1671 2762 2916 
4989 2212 2361 1804 2744 
4990 328 91 278 2928 
4991 1792 2364 2089 3189 
4992 1941 2417 934 2898 
4993 197 196 198 2161 
4994 1706 2404 2359 2748 
4995 2207 2026 2858 2861 
4996 2097 2548 1827 2795 
4997 2079 2605 176 2720 
4998 1640 2025 2671 3173 
4999 1844 2460 2165 2879 
5000 1643 2133 1977 2298 
5001 1254 2975 2706 3177 
5002 2024 2474 1701 2835 
5003 1372 1093 1981 2127 
5004 1186 899 2062 2510 
5005 1725 2238 2103 2479 
5006 1754 2239 2142 2633 
5007 1740 2290 2012 2301 
5008 973 2004 2214 3014 
5009 2009 2379 1451 2806 
5010 1727 2586 1926 2876 
5011 1911 1294 2249 2763 
5012 2136 2711 1860 3049 
5013 40 1555 75 2063 
5014 1752 2221 1884 2293 
5015 1265 1917 1445 2262 
5016 304 2676 2075 3093 
5017 1674 2067 1908 2513 
5018 1792 2506 2364 2812 
5019 987 1960 972 2653 
5020 1667 2452 2132 2764 
5021 1275 1293 1277 2818 
5022 2092 2292 1897 3146 
5023 2007 1680 2237 2767 
5024 2316 2886 1874 3055 
5025 1793 2123 2855 2911 
5026 1739 2532 2515 2606 
5027 1687 2283 2822 2968 
5028 1682 1981 2127 2392 
5029 1706 1909 2404 2748 
5030 1878 822 2973 3015 
5031 142 2124 400 2330 
5032 1671 2132 2113 3028 
5033 1696 2828 2087 2961 
5034 2101 2111 1700 2482 
5035 816 1841 790 2731 
5036 676 2196 1892 2649 
5037 1755 2153 1884 2610 
5038 2232 2550 2040 3111 
5039 1739 1978 2454 3067 
5040 2278 2350 69 2545 
5041 472 1846 2809 2948 
5042 1906 2143 1986 2657 
5043 1884 2088 1755 2610 
5044 1848 1967 2524 2647 
5045 1041 2337 1280 2465 
5046 1854 1695 2356 2800 
5047 1961 2841 2202 2909 
5048 45 207 1895 2352 
5049 1723 2250 2472 3008 
5050 314 2461 1964 2910 
5051 1218 1320 2000 2727 
5052 1977 2133 2041 2801 
5053 2364 2506 1855 2812 
5054 1702 2051 2038 2108 
5055 967 962 963 2794 
5056 826 1834 2355 2746 
5057 259 260 2534 3100 
5058 1710 2293 2824 2882 
5059 155 1875 2205 2773 
5060 1849 1700 2262 2502 
5061 1830 1640 2484 2671 
5062 1484 2033 1915 3152 
5063 1831 2532 2025 2606 
5064 1473 435 2086 3064 
5065 581 2068 2354 2934 
5066 1191 1190 2325 2353 
5067 2059 2355 2511 2797 
5068 1468 1629 1874 3055 
5069 1682 1881 2386 2478 
5070 1639 2524 1967 2647 
5071 1754 2142 1993 2633 
5072 1972 2101 1718 2457 
5073 2032 2369 1758 2637 
5074 2074 2468 1887 2547 
5075 1318 2744 474 3117 
5076 1650 2310 2268 2515 
5077 1570 1494 934 1941 
5078 1924 2693 2169 3125 
5079 1862 1693 2376 2622 
5080 1804 2744 2698 3117 
5081 2226 2234 1756 2753 
5082 1717 1988 2521 2931 
5083 1682 1987 2392 3149 
5084 1424 1100 2128 2897 
5085 1857 2586 2357 3160 
5086 1988 2193 1760 2642 
5087 1656 2162 2467 2775 
5088 1522 1859 1518 2659 
5089 1878 2865 2313 3169 
5090 1777 2851 2635 2914 
5091 491 1168 2262 2833 
5092 1981 2316 2392 2886 
5093 1142 1141 1143 1901 
5094 1568 1956 537 2398 
5095 1851 1707 2168 2386 
5096 2171 2546 1809 2880 
5097 1760 2106 1886 3159 
5098 2157 2792 2733 2945 
5099 1877 2609 2254 2903 
5100 893 1558 1198 2015 
5101 1445 2262 1917 2650 
5102 479 481 1858 3082 
5103 1767 2008 1962 2768 
5104 118 1971 2337 2707 
5105 464 1553 544 2555 
5106 1642 2122 1952 3154 
5107 1677 2477 2941 3061 
5108 2189 2541 1234 2885 
5109 2292 2374 1708 2832 
5110 1913 1179 2537 2799 
5111 1667 2132 2031 2764 
5112 2015 2161 1673 2598 
5113 1537 1936 2219 2347 
5114 2101 2323 1850 2482 
5115 790 2731 2286 2935 
5116 1709 2120 2327 2549 
5117 2219 2254 1112 2904 
5118 63 2308 1894 2426 
5119 1810 2338 2011 2348 
5120 1682 2392 2127 3149 
5121 1814 1957 2109 2445 
5122 663 683 611 2582 
5123 1297 1968 685 3081 
5124 4 75 76 2201 
5125 1723 2472 2546 3008 
5126 1962 2008 1767 2666 
5127 603 406 1629 1874 
5128 1792 2220 2045 2267 
5129 598 597 568 1884 
5130 1710 2088 2039 2195 
5131 2478 2776 1981 2917 
5132 1711 2381 2214 2592 
5133 888 2746 2059 3126 
5134 1372 1296 1093 2127 
5135 1846 2896 2702 3017 
5136 1893 2049 1838 2944 
5137 126 1925 2321 2739 
5138 1665 1973 1921 2176 
5139 2090 1843 2303 2838 
5140 2193 2642 1988 3120 
5141 1855 2101 2323 2506 
5142 1937 2583 2084 3015 
5143 2103 2631 362 2864 
5144 2270 2642 2388 2720 
5145 1771 1895 2349 2870 
5146 1924 2553 2285 3124 
5147 1766 2216 1996 2952 
5148 1810 2022 2331 3132 
5149 1964 2324 1847 2467 
5150 1833 2838 2437 2914 
5151 1347 7 1994 2147 
5152 2277 2331 1810 3063 
5153 2059 2655 2065 2922 
5154 200 537 1956 2398 
5155 2101 2767 2733 3057 
5156 2004 2235 1711 2409 
5157 1902 241 2492 2598 
5158 2159 2511 2355 2797 
5159 1830 2252 1640 2671 
5160 1987 2235 167 2718 
5161 1778 2679 2037 2715 
5162 926 552 2151 2994 
5163 1958 1744 2284 3028 
5164 110 427 2330 2416 
5165 1673 2598 2161 2715 
5166 976 1926 1271 2710 
5167 1685 2134 2045 2319 
5168 113 2418 1958 2940 
5169 1893 1838 2292 2944 
5170 1681 2445 2055 2893 
5171 104 2033 2416 2890 
5172 1613 1265 1445 2262 
5173 2249 2845 1677 2888 
5174 1696 2216 2828 2961 
5175 562 2489 1891 3163 
5176 1126 378 2641 2745 
5177 1845 2491 2841 3111 
5178 1656 1839 2525 2884 
5179 1578 1990 2471 2590 
5180 1872 2822 2283 2968 
5181 1938 2700 2251 2956 
5182 2057 2453 1859 2618 
5183 1873 2443 2301 2997 
5184 1645 1920 2364 2945 
5185 861 2164 2275 3086 
5186 908 1913 891 2537 
5187 28 1249 1887 2503 
5188 1732 2757 2136 2761 
5189 1547 1850 1460 2799 
5190 1847 2324 2910 3013 
5191 1690 2791 2258 2983 
5192 1681 2281 2445 3005 
5193 241 252 1902 2492 
5194 1852 2825 2137 3162 
5195 1826 2163 2120 2288 
5196 651 1983 2354 3163 
5197 1809 2704 2257 2844 
5198 398 1354 2082 3102 
5199 1480 2494 2690 2960 
5200 1895 2104 2352 2611 
5201 1639 2045 2220 2267 
5202 2113 2132 1671 2543 
5203 1379 1560 2339 2751 
5204 2401 2461 314 2990 
5205 2095 2481 2280 2798 
5206 1712 2142 1993 2157 
5207 1691 2126 1826 3033 
5208 1775 1961 2405 2909 
5209 2409 2505 2014 3077 
5210 1746 2256 2713 3062 
5211 2040 2491 2232 3111 
5212 169 2235 2231 2718 
5213 1988 2072 2043 2931 
5214 1643 1977 2499 3145 
5215 1650 2081 2268 2310 
5216 1643 2133 2071 2389 
5217 1643 2499 2126 3145 
5218 1881 2168 2056 3153 
5219 1812 2410 2133 2518 
5220 1694 2357 1857 2586 
5221 1682 2292 2092 2724 
5222 1895 2787 2089 2870 
5223 1671 1958 2762 3028 
5224 1681 1941 1969 2608 
5225 1621 2114 489 2446 
5226 1690 1885 2081 2871 
5227 2073 2452 1809 2662 
5228 207 45 1895 2696 
5229 1871 2641 378 2745 
5230 1126 2641 2326 2745 
5231 1892 2090 2186 2514 
5232 1778 2058 1985 2679 
5233 2318 3104 1934 3117 
5234 789 2259 1989 2473 
5235 1192 2494 1928 3074 
5236 2038 1708 2236 3158 
5237 2223 2454 1978 3067 
5238 1656 2239 1939 2828 
5239 1760 1886 2894 3159 
5240 1801 2409 2505 2784 
5241 1983 2346 674 2779 
5242 2006 2365 59 2519 
5243 1913 2215 908 2554 
5244 412 518 2305 3105 
5245 1910 1753 2180 2561 
5246 1799 1943 2162 2807 
5247 1682 2092 1897 2478 
5248 1801 2235 2004 2409 
5249 1495 1482 3081 3174 
5250 1682 2386 2017 3149 
5251 15 2563 2413 2734 
5252 1850 2571 1913 2799 
5253 1865 1690 2258 3142 
5254 2238 2715 2103 2938 
5255 1878 2313 822 2906 
5256 1998 2350 1441 2479 
5257 729 2358 730 2778 
5258 2049 1893 2368 2636 
5259 2005 2399 1925 2593 
5260 1749 2030 1992 2223 
5261 1640 2152 2025 2617 
5262 1669 2085 2047 2437 
5263 2323 2506 2101 2752 
5264 561 479 2251 2956 
5265 1643 2126 1873 2436 
5266 2174 2496 1849 3061 
5267 1764 2588 2049 2858 
5268 2014 2070 1703 2227 
5269 1795 2172 1925 2913 
5270 1794 2152 2025 2671 
5271 97 2352 991 2766 
5272 828 827 1877 2413 
5273 888 2059 2655 3126 
5274 396 2229 2037 2782 
5275 2001 3043 1676 3063 
5276 2310 2825 1896 3162 
5277 2515 2532 1831 2606 
5278 1705 2421 2057 2453 
5279 1826 2163 2623 2963 
5280 196 2015 198 2161 
5281 668 2582 1860 3049 
5282 876 1877 828 3186 
5283 1269 2172 1587 2527 
5284 1724 1827 2217 3005 
5285 1678 2459 2024 3119 
5286 1700 1882 2199 2482 
5287 1865 2447 1686 2768 
5288 1845 2109 1756 2226 
5289 1920 2843 2785 3128 
5290 2049 2858 2588 3058 
5291 1191 2276 1190 2353 
5292 381 2337 122 2465 
5293 1903 2181 1970 2464 
5294 1831 2617 2252 3173 
5295 2041 2389 2240 2490 
5296 1646 2011 2227 2348 
5297 1826 2623 2499 2963 
5298 1792 2045 2451 2620 
5299 378 2641 1871 2644 
5300 1937 1878 2583 3015 
5301 1304 2375 137 2379 
5302 1766 1965 2272 2933 
5303 165 1861 2458 2885 
5304 1141 1901 2491 2719 
5305 844 2146 1248 2172 
5306 137 2375 1236 2379 
5307 1691 1826 2120 3033 
5308 1854 2287 2164 2498 
5309 2082 2330 2124 2793 
5310 719 470 1942 2212 
5311 1531 1346 2147 2401 
5312 562 582 583 3163 
5313 2316 2725 1874 2985 
5314 2271 2454 1806 2717 
5315 2201 2665 2387 2701 
5316 1960 2249 1286 2568 
5317 997 1986 2657 2905 
5318 409 745 2159 2355 
5319 1673 1956 2398 2601 
5320 1639 1837 2255 2370 
5321 1785 2104 2050 2759 
5322 1652 1893 2091 2636 
5323 1176 1166 2257 2704 
5324 1293 2406 1277 2818 
5325 1621 489 1416 2446 
5326 488 2498 2470 2818 
5327 1678 1959 2459 3119 
5328 2110 2646 1182 2656 
5329 2157 2181 1821 2792 
5330 2074 1697 2660 2885 
5331 1794 2671 2041 2801 
5332 1715 2399 2005 2593 
5333 1921 2176 1721 2371 
5334 667 267 76 2201 
5335 1736 2364 2485 2544 
5336 1702 2490 2389 2834 
5337 1681 1969 2155 2893 
5338 1608 2234 1919 2458 
5339 1660 2623 2640 2735 
5340 1806 2134 2493 2544 
5341 1112 1869 2254 2936 
5342 1198 2015 1558 2274 
5343 1838 2722 2357 2829 
5344 1644 1927 2760 3172 
5345 1707 2168 1875 2245 
5346 540 973 2004 2214 
5347 159 1536 544 2555 
5348 2270 2388 210 2720 
5349 592 2195 1884 2293 
5350 844 2146 2172 2395 
5351 2081 2399 2005 3059 
5352 1863 2500 2167 2872 
5353 2210 2640 1826 2735 
5354 1268 2446 2564 2796 
5355 2059 1714 2355 2797 
5356 1471 2086 2166 2571 
5357 767 2330 369 3018 
5358 55 2129 1924 2169 
5359 1851 1727 2478 3144 
5360 1897 2357 2092 3146 
5361 1674 1908 1967 2851 
5362 1038 169 195 2231 
5363 1945 2280 970 2403 
5364 2130 2507 1307 2877 
5365 751 2180 2012 2712 
5366 2089 2364 1645 2485 
5367 2171 2656 1922 3035 
5368 362 2631 364 2864 
5369 642 2312 1138 2343 
5370 1913 2571 2554 2799 
5371 1186 1185 2510 2651 
5372 1843 2090 2008 2627 
5373 1586 2320 1853 3037 
5374 2021 2410 1769 2446 
5375 2445 2893 1681 3005 
5376 2220 2370 1639 2914 
5377 2017 2386 1881 2947 
5378 2112 2147 1693 2622 
5379 1996 2216 1766 2961 
5380 1937 2346 763 2709 
5381 891 1913 1179 2537 
5382 88 2278 69 2545 
5383 1531 1352 1346 2401 
5384 1960 2248 1677 2477 
5385 253 2534 1946 2791 
5386 689 2509 1832 2969 
5387 1880 1683 2028 2380 
5388 1064 24 2161 3165 
5389 1896 2717 2013 3184 
5390 762 2315 816 2517 
5391 1732 2136 2036 2761 
5392 1699 2102 1860 2987 
5393 1868 2412 2032 2732 
5394 1920 1645 2364 2485 
5395 1794 2484 2152 2671 
5396 1848 1967 2647 2822 
5397 791 2329 2169 2553 
5398 1588 1944 1602 2574 
5399 1743 1995 2320 2332 
5400 1871 2641 234 2667 
5401 1342 1905 2415 2455 
5402 2364 2485 2089 3189 
5403 416 1931 417 2743 
5404 1832 2540 2509 2709 
5405 789 2473 1989 2659 
5406 1736 2485 1920 2544 
5407 199 1131 707 2274 
5408 2043 2072 1988 2746 
5409 1766 2272 2925 2961 
5410 2087 2542 1654 2663 
5411 1672 2366 2253 3024 
5412 2127 2386 1851 3149 
5413 983 1987 81 2127 
5414 1255 2000 1320 2727 
5415 1322 21 2910 3013 
5416 1340 2128 1100 2480 
5417 1756 2234 2657 2821 
5418 1736 2319 2134 2849 
5419 1271 1926 2225 2710 
5420 1639 2451 2045 2647 
5421 594 2672 2576 3190 
5422 1881 2056 2749 3153 
5423 1961 2202 1746 2233 
5424 1008 2276 1907 2353 
5425 1774 2063 2057 2413 
5426 1775 2025 1970 3044 
5427 125 2200 1922 3035 
5428 1474 2054 1475 2573 
5429 1969 1719 2426 2901 
5430 1872 2283 1967 2851 
5431 2425 2588 1641 2829 
5432 1945 2675 2280 2747 
5433 1690 2258 2005 2983 
5434 254 2258 255 2463 
5435 1849 2237 2496 2860 
5436 46 165 771 1861 
5437 1347 2147 1438 2622 
5438 1693 1943 2884 2992 
5439 1236 2379 2375 3019 
5440 324 637 1199 2559 
5441 1792 2045 2220 2451 
5442 1840 1947 2375 2735 
5443 1522 358 1859 2659 
5444 1675 1976 2268 2899 
5445 2197 2769 1899 2991 
5446 1641 2026 2588 3071 
5447 1709 2120 2208 2288 
5448 1670 1848 2708 2798 
5449 2673 3016 1331 3045 
5450 500 1487 609 2177 
5451 1779 1849 2342 2833 
5452 2576 2672 1974 3190 
5453 2448 2523 1762 2916 
5454 1810 2642 2277 3063 
5455 379 2641 378 2644 
5456 299 1998 298 2350 
5457 597 106 1047 2153 
5458 1821 2181 2157 3106 
5459 1687 2283 1967 2822 
5460 724 797 725 2363 
5461 1494 2902 744 2904 
5462 1487 663 2177 3038 
5463 1768 2566 1887 2823 
5464 2234 2657 334 2753 
5465 118 120 119 1971 
5466 1192 1928 2646 3074 
5467 1775 2032 2532 2617 
5468 1477 1471 1472 2166 
5469 2207 2858 2819 2861 
5470 1760 2193 2079 2933 
5471 1886 2560 2106 3177 
5472 603 1874 1044 2507 
5473 1930 1701 2028 3071 
5474 1705 2198 2224 2421 
5475 1985 275 2607 2676 
5476 464 132 465 2033 
5477 1819 1667 2078 2959 
5478 1558 2274 2015 2601 
5479 1741 2115 1949 2580 
5480 1644 2139 1927 2834 
5481 1708 2236 2049 2368 
5482 1895 2352 1663 2611 
5483 2153 2177 663 3038 
5484 1756 2109 1845 2562 
5485 1702 1903 2051 2476 
5486 167 2235 1987 2653 
5487 1777 1872 2370 2914 
5488 1427 1936 2213 2530 
5489 1773 2096 1933 3007 
5490 2160 3046 1789 3073 
5491 613 587 625 2243 
5492 1943 2376 2162 2807 
5493 1913 2554 1193 2799 
5494 1379 2018 2123 2447 
5495 1792 2620 2451 2812 
5496 1807 2359 2271 2927 
5497 1784 2401 1964 3021 
5498 1673 2274 1956 2601 
5499 1850 2323 2101 2752 
5500 1968 1297 2929 3081 
5501 1468 1874 2432 3055 
5502 592 1884 598 2293 
5503 1761 2224 2057 2806 
5504 1676 2072 2487 3087 
5505 1685 2134 2319 2966 
5506 2232 2491 1097 2575 
5507 1990 2158 956 2471 
5508 1989 2473 2397 2659 
5509 2002 2131 1779 2860 
5510 2048 1795 2549 2913 
5511 871 2349 1972 2650 
5512 1756 1906 2657 2661 
5513 595 1866 1392 2356 
5514 1588 2328 1552 2574 
5515 1640 2769 2198 2958 
5516 2437 2838 1908 2914 
5517 677 652 643 2346 
5518 1672 2927 2366 2989 
5519 1706 2013 1896 2717 
5520 2003 1675 2369 2412 
5521 1849 2342 2237 2860 
5522 1918 2247 1664 3169 
5523 1673 2015 2826 2919 
5524 2095 2708 1848 2798 
5525 2047 2085 1777 2437 
5526 2081 2268 1976 2899 
5527 2098 1784 2728 2884 
5528 2505 2663 2014 3077 
5529 1233 1451 2379 2806 
5530 751 51 2012 2559 
5531 1849 1782 2496 2677 
5532 1913 2117 1734 2600 
5533 2024 2459 1959 3119 
5534 1994 2269 7 2771 
5535 1954 1763 2154 2815 
5536 1765 2072 2487 3136 
5537 1870 2199 1688 2441 
5538 1588 1602 2328 2574 
5539 1911 2249 2000 2763 
5540 1473 2086 2571 3064 
5541 2038 2236 2858 3158 
5542 1150 2289 2646 2982 
5543 1720 1962 1918 2247 
5544 2202 2999 2637 3062 
5545 1896 1715 2399 2407 
5546 1690 2310 3059 3162 
5547 2207 2474 2026 2861 
5548 1853 1586 3037 3091 
5549 1694 2191 1926 2765 
5550 1686 1865 2768 2911 
5551 1866 2361 1804 2867 
5552 999 1969 1217 2426 
5553 2011 2277 1810 2642 
5554 1860 1732 2102 2757 
5555 825 2059 888 2746 
5556 3005 3016 2673 3045 
5557 1522 358 1518 1859 
5558 2568 2727 1486 3014 
5559 1693 1943 2162 2884 
5560 453 1950 958 3152 
5561 1830 2623 2252 2671 
5562 643 653 459 2203 
5563 1850 3079 2571 3083 
5564 1918 2666 1962 2820 
5565 506 2649 2602 2856 
5566 1228 1887 524 2468 
5567 1854 2439 1866 3031 
5568 1687 1967 2283 2285 
5569 538 2235 1349 2868 
5570 2388 2720 2642 3120 
5571 1854 1866 2356 3031 
5572 1872 2993 2370 3087 
5573 303 371 2185 2570 
5574 175 2572 654 2814 
5575 1307 2507 1046 2877 
5576 1839 1656 2408 2884 
5577 791 766 2169 2329 
5578 1810 2338 2022 3132 
5579 1819 1997 1667 2662 
5580 1761 2497 1979 2859 
5581 2032 2405 1775 2532 
5582 642 641 1898 2939 
5583 1817 2651 2510 2910 
5584 2178 2674 2609 2901 
5585 2151 2516 1767 2666 
5586 1931 2082 1668 2854 
5587 2222 2537 1179 2799 
5588 1846 2702 2251 2809 
5589 2097 2347 2010 2548 
5590 613 2046 2243 3049 
5591 1107 2413 15 2563 
5592 1955 2206 2027 2614 
5593 1674 2693 1924 3125 
5594 2045 2364 1736 2544 
5595 542 1475 2054 3019 
5596 1120 1854 2498 3031 
5597 1647 1992 2443 2907 
5598 103 104 2033 2416 
5599 2083 2783 2167 2872 
5600 95 1895 207 2352 
5601 1991 2675 1076 2777 
5602 750 566 801 2687 
5603 1982 2089 1720 2485 
5604 155 989 2205 3174 
5605 1215 1113 1869 2616 
5606 470 721 1942 2114 
5607 1730 3000 1980 3060 
5608 1876 2157 2733 2945 
5609 2364 2620 1792 2812 
5610 1389 1960 1286 2568 
5611 1851 1981 2478 2776 
5612 2195 2466 2088 3050 
5613 651 2354 628 3163 
5614 1892 2186 885 2514 
5615 363 2103 362 2864 
5616 1644 2760 2191 3172 
5617 1955 1745 2816 2873 
5618 1706 2080 2271 2930 
5619 2092 1838 2260 2724 
5620 594 1866 2576 2672 
5621 2016 1874 2886 3055 
5622 875 15 2533 2734 
5623 1911 2394 1768 2845 
5624 1756 2377 2340 3060 
5625 2048 2565 1909 2634 
5626 1944 2328 1602 2574 
5627 2510 2910 21 3013 
5628 1777 2370 1872 2993 
5629 1886 1696 2560 3070 
5630 1866 2439 1900 2848 
5631 1541 761 697 2100 
5632 1706 2048 1909 2634 
5633 1830 2484 1900 2801 
5634 1639 2647 1967 2822 
5635 2046 2422 655 2572 
5636 389 2215 1973 2444 
5637 1699 1860 2102 2915 
5638 875 15 2413 2533 
5639 2027 2206 1750 2614 
5640 632 1975 1293 2470 
5641 2323 2482 2101 3057 
5642 2180 2291 1375 2786 
5643 1293 2470 1975 2818 
5644 1451 2563 2009 2806 
5645 1821 2688 2181 3106 
5646 1793 2339 2256 2713 
5647 1869 2608 2219 3161 
5648 1975 2406 1916 2599 
5649 1774 2413 2057 2563 
5650 2354 2489 628 3163 
5651 2073 2508 1955 2959 
5652 1646 2227 2035 2961 
5653 2237 2496 2002 3192 
5654 1917 2650 2262 2830 
5655 1877 2254 2846 2903 
5656 1790 2397 2473 2659 
5657 421 420 2328 2424 
5658 1008 1170 1907 2762 
5659 2036 2572 1732 2761 
5660 1761 2009 2224 2806 
5661 1467 1143 2719 3131 
5662 941 354 108 2229 
5663 2043 2521 1988 2931 
5664 1968 2170 1787 2531 
5665 527 2001 210 2270 
5666 826 825 824 2746 
5667 776 1888 2019 2517 
5668 1979 1761 2421 2497 
5669 1740 2685 2301 2891 
5670 1643 1873 2126 2774 
5671 1597 1854 1120 3031 
5672 1976 1690 2310 3059 
5673 2219 2254 1869 2936 
5674 1703 2087 2348 3070 
5675 1467 2719 2256 3131 
5676 434 1063 433 2107 
5677 1891 2900 582 3163 
5678 1934 1726 2750 3104 
5679 2241 2400 1703 3070 
5680 1677 2429 2260 2845 
5681 2198 2769 1899 2958 
5682 1640 2385 1868 2769 
5683 24 2188 2161 3165 
5684 1667 1997 2394 2566 
5685 1676 2642 2193 3120 
5686 1949 2115 1741 2692 
5687 1727 2228 2302 2776 
5688 2309 2394 1997 2566 
5689 750 801 2572 2687 
5690 1920 2485 2364 2544 
5691 456 518 1904 2809 
5692 1613 1557 1265 2342 
5693 2290 2539 1369 2853 
5694 2197 2385 1772 2769 
5695 1954 1729 2390 2971 
5696 513 2238 2229 2644 
5697 865 2355 1834 2689 
5698 1988 1717 2072 2931 
5699 1689 2098 1990 2297 
5700 554 1546 1342 1905 
5701 1795 2692 2120 2863 
5702 1543 2656 2171 3035 
5703 2059 2746 1834 3126 
5704 1191 2276 1971 2707 
5705 1797 2280 2095 2481 
5706 1734 2222 1913 2537 
5707 1878 2906 822 2953 
5708 205 97 95 2352 
5709 1794 2041 2378 2801 
5710 1684 2491 2040 3111 
5711 1839 2443 1992 2907 
5712 2085 2294 1951 2851 
5713 1769 2133 2071 2298 
5714 1962 2666 1918 3169 
5715 1998 2479 1441 2745 
5716 1985 2185 248 3085 
5717 966 1185 2651 2910 
5718 1756 2456 2377 3060 
5719 1770 1875 2205 2488 
5720 511 2179 528 2396 
5721 1061 2123 1379 2339 
5722 208 2270 210 2720 
5723 1923 2222 1734 2935 
5724 875 1313 15 2734 
5725 1676 3043 2740 3063 
5726 1649 2137 1852 2825 
5727 1990 2297 1784 2461 
5728 118 120 1971 2707 
5729 1711 2214 2004 2592 
5730 1709 2295 2054 2573 
5731 1236 2375 1947 3019 
5732 1677 2248 2888 2944 
5733 1640 2617 2025 3173 
5734 2142 2542 1993 2633 
5735 2042 2560 1696 3070 
5736 1747 2167 1995 2424 
5737 2364 2544 2045 2620 
5738 1755 2088 1884 2466 
5739 1955 1750 2206 2614 
5740 1472 539 2086 2868 
5741 344 1068 1998 2350 
5742 1916 1679 2116 2406 
5743 1848 2148 1657 3072 
5744 517 2185 371 2658 
5745 2144 2751 2018 3034 
5746 1857 2357 1694 3003 
5747 1667 2073 1955 2959 
5748 651 652 674 1983 
5749 1736 2246 2008 2849 
5750 292 2143 1986 3167 
5751 1578 2471 1995 2590 
5752 1065 536 534 1857 
5753 844 2172 1247 2395 
5754 1741 2115 2012 2692 
5755 972 1960 1389 2214 
5756 2413 2533 15 2734 
5757 2139 2389 1776 2490 
5758 641 522 1469 1898 
5759 1640 2198 1868 2617 
5760 456 518 438 1904 
5761 375 1152 2654 2982 
5762 1011 2278 1385 2350 
5763 1980 3000 2419 3060 
5764 1787 2170 2505 2531 
5765 2312 2343 1847 3013 
5766 1578 1990 1413 2471 
5767 1831 2532 2032 2617 
5768 2057 2224 2009 2806 
5769 298 2350 1998 3165 
5770 2092 2260 1838 2829 
5771 1877 2413 827 2665 
5772 2020 2835 2024 3119 
5773 1854 2498 2114 2518 
5774 1855 2506 2323 2812 
5775 2388 2689 1834 2740 
5776 778 1862 2622 3129 
5777 1235 1947 1236 2932 
5778 1845 1957 2491 3111 
5779 845 2655 2065 2954 
5780 1700 2677 2237 3192 
5781 1464 803 2314 2626 
5782 2175 2723 1954 2815 
5783 1723 2171 2257 2472 
5784 2063 2387 2201 2665 
5785 2308 2417 584 2904 
5786 1844 2275 1811 2879 
5787 1177 2171 913 2257 
5788 1778 2037 2679 2946 
5789 1785 1878 2583 2865 
5790 1847 2324 1964 2910 
5791 1703 2348 1886 3070 
5792 1709 2054 1947 2497 
5793 2141 2526 1770 2579 
5794 2132 2452 1809 2764 
5795 2062 2230 1696 2952 
5796 1865 2123 1686 2447 
5797 1704 2213 2742 3023 
5798 1952 2218 2121 2882 
5799 217 988 354 2160 
5800 2253 2780 2167 2872 
5801 1965 2272 1717 2393 
5802 1949 2580 2115 2755 
5803 407 1468 2187 2432 
5804 1997 2309 2078 2394 
5805 2106 2216 1886 3159 
5806 607 1954 2244 2438 
5807 1644 2093 2526 2760 
5808 1784 1964 2728 3021 
5809 1820 1948 2726 3156 
5810 2069 2629 2311 2996 
5811 1678 2024 2096 2835 
5812 2554 2571 1913 3079 
5813 266 234 2641 2667 
5814 2277 2296 2977 3132 
5815 12 2062 2312 2560 
5816 876 2413 1877 2533 
5817 1990 2269 1224 2990 
5818 1504 1228 2074 2547 
5819 1908 2067 1967 2524 
5820 1643 1977 2041 2499 
5821 1886 2241 1703 3070 
5822 279 222 252 1902 
5823 1413 1990 956 2471 
5824 116 1469 115 2042 
5825 1731 2470 2384 2595 
5826 1687 1879 2190 2737 
5827 344 1516 299 1998 
5828 2110 2654 1152 2982 
5829 1766 2925 1996 2961 
5830 1022 1280 2337 2465 
5831 2373 2528 2148 2645 
5832 1441 1998 1068 2350 
5833 1801 2235 2231 2868 
5834 488 924 2470 2498 
5835 336 334 2657 2753 
5836 1799 2162 2408 2775 
5837 2012 1691 2863 3097 
5838 1220 1234 2541 2885 
5839 433 1473 435 2086 
5840 1296 2776 1093 2929 
5841 1656 1839 2408 2525 
5842 2005 2321 1885 2983 
5843 1604 314 1115 2401 
5844 1587 1925 127 2527 
5845 1668 2793 1966 2854 
5846 2386 2947 2017 3149 
5847 1880 1750 2452 2880 
5848 1792 2364 2045 2620 
5849 1746 2450 1901 2841 
5850 45 839 2352 2759 
5851 733 2054 2076 2581 
5852 1747 2332 1995 2736 
5853 1882 2381 1782 2677 
5854 1708 2038 2051 2108 
5855 2091 2941 2477 3061 
5856 1833 2220 1982 2267 
5857 1684 2908 2841 2909 
5858 347 2192 1933 3074 
5859 2100 2244 623 2520 
5860 1878 2194 2495 2583 
5861 2053 2690 2213 2960 
5862 327 1351 1894 2701 
5863 1842 2622 2376 3021 
5864 1885 2259 183 2473 
5865 1832 2509 2540 2714 
5866 1854 2287 2498 2518 
5867 2003 2259 1989 2892 
5868 2129 2602 1924 3125 
5869 1372 2127 1981 2392 
5870 1664 1962 2008 2627 
5871 1645 2119 2069 2787 
5872 1622 1949 2580 2772 
5873 2091 2477 1677 2944 
5874 1854 2356 2114 2498 
5875 1115 2401 314 2990 
5876 1207 2259 1885 2976 
5877 45 206 207 2352 
5878 1181 2672 594 3190 
5879 2126 2298 1753 2436 
5880 1014 1329 1054 2673 
5881 1692 1899 2459 2958 
5882 1814 2109 2226 2836 
5883 1691 2126 1873 2135 
5884 1887 2113 1906 2543 
5885 1650 2549 2048 2565 
5886 2013 2717 1648 3184 
5887 2168 2245 1851 3144 
5888 2113 2468 1906 2905 
5889 2006 2345 1808 2680 
5890 1977 2750 2133 2801 
5891 2096 2279 1813 2835 
5892 1662 2377 2924 3127 
5893 1673 2398 1956 2790 
5894 1318 2698 2576 2744 
5895 1709 2327 2076 2549 
5896 2556 2808 2162 3176 
5897 1820 3127 1948 3156 
5898 1644 2168 1881 2832 
5899 1729 2390 2019 2520 
5900 1480 2690 2053 2960 
5901 489 2114 1621 2498 
5902 2255 2487 2072 3087 
5903 2075 2304 1713 2433 
5904 2448 2762 2523 2916 
5905 1895 2089 2664 2870 
5906 1672 2013 2927 2989 
5907 1112 1113 1869 2936 
5908 1648 2134 2246 2493 
5909 62 2701 2232 2901 
5910 1973 2176 1734 2286 
5911 1982 2220 1833 3094 
5912 1893 2381 2091 2477 
5913 2256 2719 1901 3131 
5914 1249 524 28 1887 
5915 2157 2612 2181 2792 
5916 1729 2218 2100 3135 
5917 1827 2099 1724 2217 
5918 1670 2708 2095 2798 
5919 1770 2141 1875 2526 
5920 121 122 119 1971 
5921 1966 2793 2596 2854 
5922 1973 2215 389 3056 
5923 978 2103 1385 2278 
5924 1796 2197 1868 2550 
5925 470 1417 721 2114 
5926 1933 2402 1813 2494 
5927 2031 2543 2132 2566 
5928 1887 2132 2113 2543 
5929 1661 2070 2338 3079 
5930 369 2330 1258 2658 
5931 1910 2561 2126 3089 
5932 2116 2376 1842 2622 
5933 1872 2635 2283 2851 
5934 1796 1868 2412 2550 
5935 1401 1249 2503 2881 
5936 190 2188 1940 2826 
5937 620 619 618 2015 
5938 2171 2472 1723 2475 
5939 2049 2368 2236 2636 
5940 1847 2910 2510 3013 
5941 1699 1860 2243 2987 
5942 1900 2848 2439 3022 
5943 2126 2499 1826 3145 
5944 137 1304 1338 2375 
5945 1434 659 2413 2563 
5946 1765 2645 2487 2647 
5947 1866 1804 2576 2867 
5948 1423 2140 2009 2734 
5949 63 1894 1351 2701 
5950 2151 2666 2391 3155 
5951 1719 2609 2426 2901 
5952 1682 1897 2292 2478 
5953 1531 2401 1842 2926 
5954 1676 2193 2072 3120 
5955 1813 2211 2028 2835 
5956 732 2327 2076 2573 
5957 1916 2599 2406 3134 
5958 594 2576 1866 2744 
5959 2093 1770 2526 2760 
5960 761 2639 2100 2921 
5961 492 1849 2434 2833 
5962 159 1915 2555 2921 
5963 1702 2108 1927 2834 
5964 249 2607 275 2676 
5965 1892 1670 2303 3009 
5966 1340 1424 1100 2128 
5967 1998 2188 1725 2745 
5968 527 210 208 2270 
5969 1747 2736 2167 2780 
5970 1618 2580 1949 2755 
5971 1649 2202 2032 2405 
5972 2121 2218 1952 2427 
5973 1423 2009 1100 2897 
5974 59 2006 60 2365 
5975 1678 2096 2024 2459 
5976 1389 2214 1960 2568 
5977 1873 2301 1740 2561 
5978 1556 952 2552 2707 
5979 1875 2245 2168 3144 
5980 103 2033 1484 3152 
5981 327 1894 2665 2701 
5982 31 33 2447 2534 
5983 1547 1595 795 2111 
5984 944 2066 1610 2261 
5985 1763 2102 1952 2987 
5986 1447 2140 1359 2411 
5987 2148 2528 2373 3072 
5988 1440 1888 776 3141 
5989 1595 1634 1507 2166 
5990 1848 1657 2190 3072 
5991 2055 2445 2281 3052 
5992 2339 2751 1818 2855 
5993 2260 2429 1867 2845 
5994 279 252 278 1902 
5995 1754 1993 2142 2965 
5996 1815 1960 2248 2888 
5997 1852 2493 2454 3162 
5998 978 2278 352 2631 
5999 2332 2891 1853 3037 
6000 1643 2298 2126 2436 
6001 1667 1955 2073 2452 
6002 1906 2113 1887 2468 
6003 1852 2825 2454 3051 
6004 1689 1990 2158 2297 
6005 1639 2045 2267 2319 
6006 1649 1852 2137 3128 
6007 1649 2999 2344 3128 
6008 2500 2872 1863 3072 
6009 1964 2401 1784 2461 
6010 453 427 958 1950 
6011 1717 2079 2193 2933 
6012 1901 2719 1143 3131 
6013 1954 2154 2175 2815 
6014 655 2046 705 2422 
6015 1988 2072 1717 2193 
6016 1044 1874 1629 2725 
6017 1053 1051 1968 2699 
6018 489 487 2446 2818 
6019 2352 2664 1923 2766 
6020 1689 2158 1965 2925 
6021 2136 2757 2420 2761 
6022 1717 2336 1965 2393 
6023 1467 1288 2256 2719 
6024 1945 2403 859 2602 
6025 2139 2490 1927 2834 
6026 1588 1602 1552 2328 
6027 1730 2156 2341 3060 
6028 1720 1918 1962 3034 
6029 1649 2405 2032 2532 
6030 1644 1927 2108 2834 
6031 505 55 2129 2602 
6032 2227 2348 2087 2961 
6033 1638 2051 2476 2965 
6034 41 2413 2063 2665 
6035 1755 2088 2466 3050 
6036 539 2004 1634 2166 
6037 1697 2189 2496 2660 
6038 1922 2200 125 2603 
6039 1863 2373 2528 3072 
6040 1951 2810 2085 2851 
6041 1850 2323 3079 3083 
6042 1108 2411 1963 2616 
6043 1657 2167 2500 2872 
6044 2037 2715 2238 2938 
6045 1644 1927 2139 2760 
6046 679 1954 2154 3032 
6047 1731 2164 2287 2470 
6048 32 2447 254 2463 
6049 2078 2309 1002 2462 
6050 2072 2746 2043 3126 
6051 900 2312 2062 2510 
6052 719 2212 1942 3104 
6053 1682 1881 2478 2832 
6054 1100 2009 1423 2140 
6055 2094 2641 379 2644 
6056 2002 2131 1786 2703 
6057 1480 2213 2053 2690 
6058 1656 2230 2467 2728 
6059 1670 1892 2303 3175 
6060 1412 1413 1578 2590 
6061 1753 2291 2298 3089 
6062 289 2475 1928 2494 
6063 1763 1954 2723 2815 
6064 936 1941 934 2898 
6065 789 1614 2259 2473 
6066 1022 1041 1280 2465 
6067 1465 2064 2335 3004 
6068 1680 2034 2695 2996 
6069 1953 2953 2186 2994 
6070 1451 2009 1402 2379 
6071 1887 2113 1744 2503 
6072 2112 1753 2367 2632 
6073 2202 2713 2233 2999 
6074 978 362 2103 2631 
6075 1833 2138 2437 2583 
6076 1838 2588 2722 2829 
6077 1587 127 1503 2527 
6078 2340 2341 2156 3060 
6079 144 365 449 2970 
6080 1886 2106 2706 3177 
6081 1469 522 115 2531 
6082 554 1905 2455 2654 
6083 493 3104 2318 3117 
6084 1204 1191 1512 1971 
6085 453 2396 1950 3152 
6086 1651 2055 2273 2279 
6087 2014 1654 2542 2663 
6088 1712 2070 2014 2227 
6089 1682 2386 1851 2478 
6090 1882 2111 1700 2502 
6091 1730 1887 2468 2543 
6092 2439 2848 1866 3022 
6093 1657 2190 1879 2481 
6094 1826 2623 2640 3145 
6095 1753 2632 2112 2786 
6096 2597 2804 2464 3027 
6097 610 2177 683 2243 
6098 1960 2214 972 2653 
6099 971 2568 1486 3014 
6100 1677 2429 2091 2944 
6101 1040 2141 2579 2876 
6102 966 2158 739 2461 
6103 1214 346 686 2758 
6104 1807 2319 2134 2966 
6105 1838 2357 2092 2829 
6106 2115 2327 1795 2755 
6107 1825 2535 2035 2961 
6108 1474 542 1475 2054 
6109 199 200 537 1956 
6110 257 1892 2173 2649 
6111 1801 2868 2231 2964 
6112 1644 2957 2056 3176 
6113 2001 2388 1676 3043 
6114 1846 2809 2896 3017 
6115 983 1987 2127 2392 
6116 2112 2632 1195 2786 
6117 2092 2478 1981 2917 
6118 816 2517 1841 2731 
6119 1040 2522 2141 2876 
6120 1168 2342 2262 2833 
6121 2693 2797 2329 3050 
6122 1650 2163 2120 2963 
6123 1861 2074 2660 2885 
6124 722 668 1860 3049 
6125 1610 2261 2066 3048 
6126 1767 2391 2008 2768 
6127 2159 2355 1714 2797 
6128 2006 1752 2345 2824 
6129 2360 2993 1872 3087 
6130 1806 2544 2493 2785 
6131 2229 2238 2037 2790 
6132 1778 2679 1985 2946 
6133 1872 2255 1967 2822 
6134 1563 1632 96 2349 
6135 2451 2645 2045 2647 
6136 2058 2492 241 2598 
6137 1908 2437 1833 2838 
6138 1812 2470 2164 2498 
6139 2401 2808 1964 3021 
6140 1920 2493 2544 2785 
6141 1845 2770 2377 3040 
6142 1862 2376 2116 2622 
6143 2014 2542 2087 2663 
6144 1820 2377 3127 3156 
6145 2216 2272 1766 2961 
6146 1988 2642 2720 3120 
6147 1796 2412 2040 2550 
6148 1777 2047 2437 2624 
6149 1951 2294 2085 2810 
6150 1705 1899 2198 2991 
6151 1700 2199 2677 3192 
6152 1751 2006 2365 2680 
6153 167 1299 1987 2718 
6154 1662 2131 2002 2703 
6155 1882 1688 2166 2592 
6156 1955 2027 2206 2873 
6157 1752 2006 2345 2678 
6158 1812 2410 2021 2446 
6159 1664 2008 1962 2666 
6160 667 267 2201 2892 
6161 581 2293 2068 2934 
6162 276 1985 248 3085 
6163 1657 2253 2167 2872 
6164 2397 2473 1989 2899 
6165 1793 2713 2256 3062 
6166 898 2079 1988 2521 
6167 1787 2531 2231 2699 
6168 1655 2020 1930 3139 
6169 1644 2093 2488 2526 
6170 2199 2441 1870 2802 
6171 1385 2103 1173 2479 
6172 2216 2087 2348 2961 
6173 2273 2279 2055 2567 
6174 1791 2733 2157 2792 
6175 1860 1699 2243 2582 
6176 191 1940 945 2601 
6177 1356 2037 2238 2938 
6178 1728 2239 1996 2535 
6179 1804 2361 2212 2414 
6180 1765 2193 2072 3136 
6181 2164 2470 924 2498 
6182 1664 2666 1962 3169 
6183 1294 1911 1003 2763 
6184 1827 1724 2099 2325 
6185 1787 2231 2235 2718 
6186 409 2059 825 2355 
6187 1733 1892 2090 2619 
6188 1686 2123 1865 2911 
6189 253 596 1946 2534 
6190 1961 2924 2377 3156 
6191 627 628 2354 2489 
6192 2125 2131 1779 3068 
6193 1886 2216 2106 2560 
6194 1907 1802 2353 2895 
6195 1654 2014 2505 2663 
6196 1652 2002 2636 2781 
6197 1791 2441 2199 2802 
6198 1955 2614 2027 2816 
6199 2019 2390 1729 2971 
6200 1733 2008 2090 2666 
6201 1686 2123 2018 2820 
6202 1004 1002 1241 2778 
6203 1907 1802 2472 2951 
6204 1893 2477 2091 2944 
6205 1954 2154 1763 2814 
6206 1979 2252 1830 2623 
6207 1931 2738 2184 2743 
6208 1104 2846 2533 3186 
6209 81 1987 983 2718 
6210 1863 2783 2373 2872 
6211 2454 2493 1896 3162 
6212 1863 2872 2373 3072 
6213 1342 1905 1546 2415 
6214 1434 2413 1107 2563 
6215 1729 2100 2551 3135 
6216 2009 2128 1692 2140 
6217 1384 420 1370 2064 
6218 956 2158 1990 2461 
6219 1920 2493 2246 2544 
6220 1219 1234 2174 2541 
6221 1255 1285 2249 2568 
6222 1825 2542 2142 2633 
6223 1906 2468 1887 2543 
6224 1853 2320 1586 3025 
6225 2255 1765 2487 2647 
6226 1370 2064 420 2424 
6227 1786 2007 2002 2597 
6228 2136 2420 2036 2761 
6229 1869 2219 2936 3161 
6230 2002 2496 1779 2660 
6231 1764 1930 2207 2923 
6232 1706 2454 2271 2717 
6233 396 513 2037 2229 
6234 1861 771 2458 2821 
6235 2652 2890 947 3095 
6236 2344 2999 1914 3128 
6237 1700 2111 1882 2482 
6238 1777 2371 2047 2624 
6239 1440 1888 800 2509 
6240 1659 2260 2092 2829 
6241 893 2015 1198 3164 
6242 2002 1779 2496 2860 
6243 616 1983 651 2779 
6244 2023 2298 2291 3089 
6245 2240 2389 1702 2490 
6246 1693 2112 1994 2147 
6247 1923 2352 1663 2664 
6248 2168 2386 1881 2478 
6249 1898 1968 1707 2939 
6250 2600 2977 2296 3132 
6251 1739 2454 1978 2584 
6252 1061 1379 1560 2339 
6253 2162 2808 2467 3176 
6254 2035 2620 2435 2981 
6255 1849 1700 2237 2262 
6256 69 2278 68 2350 
6257 2028 2681 1813 2835 
6258 2393 2471 1836 2850 
6259 1777 2437 2371 2624 
6260 1763 1952 2102 2723 
6261 1427 1479 1936 2530 
6262 953 1562 2432 2883 
6263 41 827 2413 2665 
6264 1465 2335 1161 3004 
6265 1281 2614 1955 2816 
6266 2148 2373 2872 3072 
6267 532 1489 1435 2291 
6268 1917 2069 1771 2578 
6269 596 2534 260 3100 
6270 1942 2750 1726 3104 
6271 1709 2076 2054 2862 
6272 1655 2460 2165 2923 
6273 2160 2398 1568 3073 
6274 1720 2089 1982 2611 
6275 1149 1182 2110 2646 
6276 376 2448 1958 2762 
6277 30 1997 730 2503 
6278 1981 2092 1682 2478 
6279 1721 2176 1921 2315 
6280 724 885 1476 2186 
6281 1746 1961 2233 2924 
6282 1756 2340 2661 3060 
6283 2703 2804 2597 3027 
6284 1801 2004 2086 3077 
6285 865 2388 772 2689 
6286 1643 2436 1873 2774 
6287 1173 1356 1591 2479 
6288 1691 2135 1909 2565 
6289 1752 2345 2145 2678 
6290 1681 1941 2097 2307 
6291 31 2447 2123 2534 
6292 180 2519 2489 3114 
6293 1964 2808 2728 3021 
6294 747 2154 805 3032 
6295 1743 2098 1990 2736 
6296 123 130 125 1922 
6297 623 2100 697 2244 
6298 2012 2712 1691 3097 
6299 2169 2693 2129 3125 
6300 1268 2446 1267 2564 
6301 1717 1965 2336 3110 
6302 2333 2890 2652 3095 
6303 1790 2473 2397 2899 
6304 1793 2855 2137 2911 
6305 2091 2429 1893 2944 
6306 1750 2415 1905 2501 
6307 1864 2371 1777 2437 
6308 1392 2356 1866 3031 
6309 2248 2653 1960 2805 
6310 1814 2445 2109 2836 
6311 2256 2339 1793 2978 
6312 971 2214 2568 3014 
6313 2064 1657 2481 2669 
6314 1860 2422 1732 2757 
6315 165 771 1861 2885 
6316 777 2622 2116 3182 
6317 2662 2704 2284 3028 
6318 1908 2085 1777 2851 
6319 2071 2389 2133 2410 
6320 501 609 576 2700 
6321 1642 2047 2175 2390 
6322 1695 2133 2114 2750 
6323 2067 2303 1670 2524 
6324 1783 2092 2316 2917 
6325 832 2336 2670 2850 
6326 1359 1963 1108 2411 
6327 861 2275 1284 3086 
6328 2056 2168 1707 3153 
6329 1995 2167 1836 2424 
6330 805 2315 1921 2889 
6331 1734 1973 2286 3056 
6332 2003 1989 2300 2892 
6333 1886 2106 1760 2706 
6334 28 1887 1228 2547 
6335 1640 2024 2152 2769 
6336 1677 2477 2091 2941 
6337 1838 2357 2722 3146 
6338 1647 2105 2301 2891 
6339 2041 2133 1776 2801 
6340 973 1634 2004 3014 
6341 1639 1843 2267 2838 
6342 1752 2591 2006 2678 
6343 1695 2212 2361 2414 
6344 1793 2637 2137 2999 
6345 4 2063 75 2201 
6346 1047 2153 663 3038 
6347 2069 2787 2119 3069 
6348 470 2114 2212 2356 
6349 1989 2397 1705 2453 
6350 642 1898 2343 2939 
6351 1709 2120 2288 3033 
6352 1845 2841 3040 3111 
6353 2142 2157 1712 2435 
6354 1090 786 2358 2418 
6355 335 2143 969 2226 
6356 1668 2330 2124 3133 
6357 584 2308 2904 3186 
6358 1871 2644 1789 2790 
6359 2008 1733 2090 3009 
6360 308 2094 266 2641 
6361 1751 2345 2006 2680 
6362 2599 2773 1396 3115 
6363 2134 1806 2493 2717 
6364 651 1983 616 2354 
6365 1812 2683 2470 2818 
6366 1232 137 1236 2379 
6367 1656 2408 2162 2775 
6368 1237 1917 1263 2430 
6369 1186 1185 899 2510 
6370 1779 2131 2125 2860 
6371 613 2046 173 2431 
6372 2470 2498 1812 2818 
6373 573 2299 1889 2639 
6374 1669 2437 2138 2583 
6375 1746 2770 2450 2841 
6376 885 676 1476 1892 
6377 2231 2531 1463 2699 
6378 2082 2330 1781 2658 
6379 2020 2474 1930 3139 
6380 1928 1182 2646 2656 
6381 1923 1841 2731 2935 
6382 917 2675 2173 2777 
6383 1839 1943 2408 2589 
6384 1681 2097 1941 2347 
6385 1710 1983 2039 2788 
6386 609 2177 576 2700 
6387 1891 2100 2218 2691 
6388 213 214 234 2667 
6389 1719 1969 1941 2608 
6390 1939 2467 2230 2716 
6391 1187 598 568 2705 
6392 1748 2229 2160 2652 
6393 1795 2327 2115 2863 
6394 1747 2332 2736 2780 
6395 1782 2381 2091 2677 
6396 1172 1171 2266 3020 
6397 1649 2344 1852 3128 
6398 369 2658 2333 3018 
6399 2151 1733 2666 3155 
6400 1792 2267 2045 3189 
6401 1888 1841 2517 3141 
6402 781 1465 2064 2335 
6403 1273 1501 906 3115 
6404 1726 2362 2210 3089 
6405 1347 1409 7 2147 
6406 1293 1975 1419 2406 
6407 1882 2166 2004 2592 
6408 274 1985 275 2607 
6409 1379 2018 2447 3180 
6410 1911 2845 2249 2888 
6411 123 130 1922 2440 
6412 257 676 1892 2649 
6413 1685 2373 2148 2645 
6414 571 2754 2463 2943 
6415 1288 2372 2256 2719 
6416 458 1937 763 2709 
6417 1768 2394 2309 2566 
6418 491 492 1168 2833 
6419 765 2314 690 2856 
6420 676 675 257 2261 
6421 1783 2725 2316 2985 
6422 1947 2054 1709 2295 
6423 2335 2670 782 2954 
6424 2539 2580 1369 2853 
6425 1639 2255 1967 2914 
6426 1787 2699 2231 2718 
6427 1744 1984 2113 2916 
6428 298 2545 2350 3165 
6429 2178 2608 1869 3161 
6430 1658 2609 2387 2903 
6431 1218 2000 2541 2727 
6432 1909 2301 1691 2692 
6433 1708 2368 1893 3042 
6434 1771 2069 1917 2430 
6435 2360 2420 1872 2993 
6436 1525 2527 2327 2755 
6437 1669 2509 2084 3098 
6438 1890 2722 2588 2829 
6439 1977 2041 1830 2801 
6440 365 2433 449 2970 
6441 2051 2108 1702 2912 
6442 1445 2262 2650 2830 
6443 218 241 2058 2492 
6444 155 1875 1482 3174 
6445 1979 2198 1742 2421 
6446 697 2100 761 2639 
6447 1451 2563 14 2734 
6448 1737 2065 1879 2335 
6449 327 1351 63 1894 
6450 1733 1953 2514 2994 
6451 1750 2501 1905 2628 
6452 2329 2693 1823 2797 
6453 2236 2597 2464 3027 
6454 2002 2496 2237 2860 
6455 2143 2226 1756 2836 
6456 1193 891 908 1913 
6457 1626 1561 1163 2558 
6458 1902 2058 1778 2715 
6459 2117 2664 2625 2937 
6460 1652 1870 2199 2381 
6461 1320 1255 1218 2000 
6462 61 455 2 2006 
6463 679 607 608 2438 
6464 1860 2159 1714 2265 
6465 1258 398 1354 2082 
6466 2377 2770 1961 3040 
6467 106 647 105 2697 
6468 1721 2175 2047 2390 
6469 1468 1444 1629 3055 
6470 783 757 791 2922 
6471 2170 2505 1800 2638 
6472 1724 2353 2010 2895 
6473 2089 1720 2485 2787 
6474 750 2036 566 2687 
6475 645 2581 2473 2659 
6476 1392 595 593 1866 
6477 1476 1892 676 2196 
6478 1696 2216 2087 3070 
6479 1890 2588 2425 2829 
6480 2320 2332 1853 3037 
6481 2061 2185 1781 2333 
6482 1729 2122 1952 2723 
6483 1708 2051 2038 2688 
6484 1814 2226 2143 2836 
6485 692 2112 1994 2632 
6486 2041 2240 1716 2282 
6487 1943 2589 2389 2807 
6488 207 1895 95 2613 
6489 1668 2793 2330 3133 
6490 1652 1870 2381 2857 
6491 1653 2218 2121 2427 
6492 651 1983 674 2779 
6493 1407 950 1249 2113 
6494 1815 2724 2392 2886 
6495 1746 1919 2131 2504 
6496 1650 2208 2163 2268 
6497 1751 2068 2006 2345 
6498 259 2534 2372 3100 
6499 1977 1826 2499 3145 
6500 1884 2610 2153 3038 
6501 2295 2735 2210 3033 
6502 2202 2233 1961 2405 
6503 377 1958 2704 2762 
6504 1702 1927 2038 2490 
6505 1142 2491 1901 2869 
6506 594 1866 595 2744 
6507 1138 900 19 2312 
6508 1664 2090 2008 2666 
6509 1955 2206 1745 2873 
6510 1730 2468 1906 2543 
6511 1595 1507 1594 1882 
6512 1737 2285 2065 3124 
6513 2012 2863 2115 3097 
6514 2077 2192 1933 3007 
6515 419 2064 1384 3004 
6516 1640 2152 2385 2769 
6517 2388 2740 1676 3043 
6518 1845 2226 1756 2562 
6519 1193 1179 891 1913 
6520 994 2205 989 3174 
6521 167 1987 1299 2653 
6522 1864 1777 2371 2993 
6523 17 2324 2182 3013 
6524 2389 2589 1799 2807 
6525 1644 2191 2526 2832 
6526 2283 2285 1967 2851 
6527 1650 2120 2565 2963 
6528 1657 2167 2253 2669 
6529 1764 2038 1927 2207 
6530 1886 2706 1760 2894 
6531 1693 2367 2112 2436 
6532 501 482 472 2809 
6533 1642 2390 2175 2723 
6534 1839 2884 1943 2992 
6535 1540 1998 342 2326 
6536 222 1902 221 2598 
6537 173 705 655 2046 
6538 2311 2578 2069 2767 
6539 1480 2053 2494 2960 
6540 2006 2803 1752 2824 
6541 1027 2362 1910 2630 
6542 1958 2284 2704 3028 
6543 2001 1676 2388 2642 
6544 2163 2268 1831 2515 
6545 911 1907 1170 2762 
6546 1671 2113 2916 3028 
6547 2182 2324 17 2972 
6548 1008 1907 2276 2762 
6549 958 1950 427 2416 
6550 1104 2254 2846 3186 
6551 436 450 2433 2596 
6552 2169 2329 1823 2553 
6553 828 1430 827 2413 
6554 1826 2288 2120 3033 
6555 1766 1965 2158 2925 
6556 1702 2282 2490 2819 
6557 404 1286 1960 2577 
6558 2076 2327 732 2527 
6559 1736 2134 2246 2849 
6560 249 2058 2607 2676 
6561 519 481 411 2305 
6562 2031 2419 1880 2764 
6563 438 1904 518 3105 
6564 1746 2233 2202 2713 
6565 1696 1886 2216 3070 
6566 2470 2683 1975 2818 
6567 222 1902 279 2928 
6568 346 2183 1214 2690 
6569 1950 2416 958 3152 
6570 2012 1691 2115 2863 
6571 407 1049 1468 2432 
6572 1710 2218 1952 2882 
6573 1162 1936 1537 2347 
6574 2430 2613 1238 2650 
6575 1943 1799 2589 2807 
6576 947 2652 1144 2890 
6577 752 2180 636 2559 
6578 2195 2827 2466 3050 
6579 1917 2237 1700 2262 
6580 1941 1969 1719 2898 
6581 668 722 1860 2711 
6582 1829 2107 2086 2486 
6583 1860 1699 2582 2915 
6584 1966 2555 2033 2998 
6585 2024 2385 2152 2769 
6586 117 116 2042 3177 
6587 1639 2524 1843 2838 
6588 1839 2239 2030 2408 
6589 1131 2274 1956 2607 
6590 1689 1990 2098 2736 
6591 1895 2664 2349 2870 
6592 1161 2335 2280 3004 
6593 1730 2340 2156 3060 
6594 1739 1970 2532 2606 
6595 1695 2133 2750 2801 
6596 1808 2365 2006 2680 
6597 1338 1883 147 2529 
6598 2517 2731 816 3141 
6599 2107 2338 2022 2684 
6600 1786 2597 2703 2804 
6601 1845 1961 2770 3040 
6602 1668 2082 2793 2854 
6603 832 2850 2670 3138 
6604 1643 2298 1977 3145 
6605 1141 2491 2040 2719 
6606 2236 2688 2038 2858 
6607 1807 2271 2359 2966 
6608 1952 2427 2218 2551 
6609 1393 2106 10 2560 
6610 1920 2544 2364 2945 
6611 1068 1441 343 1998 
6612 1644 2108 1927 2374 
6613 1519 1511 1581 2295 
6614 2689 2740 2388 3043 
6615 1090 2284 880 2418 
6616 1555 2057 1074 2453 
6617 1338 2375 1883 2529 
6618 2092 2260 1659 2886 
6619 1062 42 2534 2978 
6620 1734 1973 2215 2296 
6621 1916 2599 1554 3115 
6622 645 2473 2581 2739 
6623 911 1170 1907 2472 
6624 1093 1372 1981 2392 
6625 1307 2522 2130 2877 
6626 1724 2010 2281 2895 
6627 2116 2622 1842 3182 
6628 1867 2429 1935 2845 
6629 1233 1451 1402 2379 
6630 1771 2069 2430 3069 
6631 1173 2103 1356 2479 
6632 1719 2178 1869 2609 
6633 1710 2195 2039 2934 
6634 1656 1939 2239 2775 
6635 1897 2526 2191 2832 
6636 1661 2323 2070 3079 
6637 1473 2571 1609 3064 
6638 1042 2507 2725 2877 
6639 1680 1914 2233 2713 
6640 1176 2704 2257 2762 
6641 2242 2433 450 2596 
6642 535 1261 534 2415 
6643 1799 2589 2389 2834 
6644 613 173 281 2431 
6645 1672 1991 2366 3024 
6646 221 1902 222 2928 
6647 195 1038 2868 2964 
6648 436 2596 2433 3187 
6649 1487 1047 663 3038 
6650 2040 2491 1901 2719 
6651 502 2615 2184 2847 
6652 683 2243 2177 2582 
6653 254 253 255 2258 
6654 207 95 938 2613 
6655 1698 2194 1878 2887 
6656 1304 1339 1883 2897 
6657 1875 2488 1770 2526 
6658 1650 2268 2163 2515 
6659 1819 2358 2284 3122 
6660 1475 1947 1235 2295 
6661 2066 2146 1805 2209 
6662 1919 2504 714 3068 
6663 1933 2183 1773 2758 
6664 2177 2221 1487 3038 
6665 447 615 2684 3064 
6666 1911 2309 1768 2394 
6667 2324 2467 1964 2808 
6668 1822 2780 2253 2872 
6669 1184 2557 2079 3110 
6670 1583 2325 2010 2548 
6671 1796 2003 2300 2892 
6672 1811 2110 1928 2646 
6673 927 2953 1953 2994 
6674 1542 2077 1148 2192 
6675 2197 2385 1868 3006 
6676 59 2006 2519 3114 
6677 1886 2400 2241 3070 
6678 1913 2537 2222 2799 
6679 1785 2313 1878 2865 
6680 639 1884 592 2466 
6681 1722 1914 2344 2569 
6682 620 619 2015 2826 
6683 1866 2439 2289 3031 
6684 1753 1873 2367 2561 
6685 1193 1913 908 2554 
6686 1965 2557 2079 2933 
6687 866 872 2388 2746 
6688 2554 3079 2215 3132 
6689 1597 1301 861 2275 
6690 2 2365 2006 2678 
6691 933 1395 2149 2400 
6692 1836 2424 2167 2669 
6693 1008 911 1170 2762 
6694 1053 685 1297 1968 
6695 465 2033 132 2242 
6696 1658 1869 2178 2609 
6697 1072 2115 2012 2853 
6698 1804 2576 2698 2744 
6699 2286 2731 1841 2935 
6700 237 126 1527 2321 
6701 2277 2296 1837 2977 
6702 1853 2559 2263 2891 
6703 2263 2559 637 2632 
6704 1547 1492 1493 2571 
6705 1845 2562 2377 2770 
6706 1787 2505 2231 2531 
6707 135 136 2362 2630 
6708 1874 2725 2316 3055 
6709 1698 1908 2194 2303 
6710 1698 1878 2363 2887 
6711 140 1235 1236 2932 
6712 2086 2107 1829 3064 
6713 1709 2497 1947 2735 
6714 1311 2151 552 2463 
6715 2156 2341 2340 3127 
6716 1962 2246 2008 2627 
6717 951 2306 1041 2905 
6718 1987 2653 2248 2805 
6719 1702 2490 2038 2819 
6720 1782 1849 2434 2677 
6721 2234 2458 771 2821 
6722 279 278 91 2928 
6723 1554 2599 1916 3134 
6724 789 644 2473 2659 
6725 2230 2828 1696 2952 
6726 1640 1868 2385 2617 
6727 1806 2271 2080 2930 
6728 1419 1975 52 2599 
6729 239 2483 2084 2509 
6730 1765 2072 2255 2487 
6731 1703 2014 2087 2663 
6732 2152 2385 2024 2643 
6733 1751 2489 2396 2519 
6734 1875 1770 2205 2773 
6735 997 1041 292 1986 
6736 613 2243 625 3049 
6737 679 1954 607 2438 
6738 2426 2609 1894 2901 
6739 2063 2201 1705 2453 
6740 1570 744 1494 2902 
6741 1104 2533 1086 3186 
6742 1863 2393 2167 2500 
6743 1782 2727 2568 3014 
6744 1691 2210 2126 3033 
6745 1657 2872 2500 3072 
6746 1059 1911 1294 2249 
6747 464 452 132 2033 
6748 440 130 1543 1922 
6749 1743 1995 2332 2736 
6750 1671 1980 2543 2764 
6751 1850 2752 1913 3079 
6752 933 2107 448 2241 
6753 1715 2013 2048 2913 
6754 1688 1870 2441 3077 
6755 377 2704 1176 2762 
6756 2357 2722 1890 2829 
6757 1207 1885 183 2983 
6758 1703 2400 2663 3070 
6759 1895 2349 95 2613 
6760 1527 127 1587 1925 
6761 2125 2504 2131 3068 
6762 1653 2218 2427 2551 
6763 1649 1976 2137 2825 
6764 1689 1965 2158 2471 
6765 2 2006 455 2591 
6766 1686 2447 2123 2820 
6767 1385 1066 2350 2479 
6768 1316 2144 2430 2751 
6769 1840 1726 2318 2362 
6770 1293 632 52 1975 
6771 381 122 1021 2465 
6772 241 218 2058 2598 
6773 1782 2434 1882 2677 
6774 1205 812 1619 2548 
6775 1215 1869 1113 2936 
6776 2230 2467 1847 2716 
6777 1940 2398 1673 2790 
6778 2014 2441 1870 3077 
6779 2596 2793 1835 2854 
6780 52 1975 632 2384 
6781 1669 2085 2437 2495 
6782 1648 2134 2493 2717 
6783 2153 2177 1699 2582 
6784 1258 369 767 2330 
6785 1776 2389 2041 2490 
6786 1674 2085 1908 2851 
6787 1743 2891 2332 3037 
6788 681 2259 1208 2976 
6789 926 38 552 2994 
6790 144 2304 365 2970 
6791 1680 2125 2131 2860 
6792 755 2169 1924 2553 
6793 1411 2418 72 2881 
6794 1711 1960 2248 2653 
6795 1901 2841 2450 2869 
6796 2160 2570 1748 2652 
6797 763 2346 1937 2626 
6798 746 1921 2315 3032 
6799 2040 2232 1796 2550 
6800 1693 2622 2147 3021 
6801 1461 2347 2219 2902 
6802 2029 2295 2210 3033 
6803 1709 2497 2208 2862 
6804 1689 2158 1990 2471 
6805 2033 2555 1966 2596 
6806 1741 2012 2290 2301 
6807 1930 2020 1655 2460 
6808 1845 2109 1957 3111 
6809 1801 2235 2409 2784 
6810 2600 2752 2117 3079 
6811 1892 2619 1670 3009 
6812 456 2251 518 2809 
6813 2057 2063 1705 2453 
6814 12 2312 1455 2560 
6815 1952 2122 1729 3154 
6816 1972 2111 793 2830 
6817 747 1515 805 2154 
6818 1925 2172 1795 2527 
6819 1937 2363 821 2817 
6820 2014 2070 1712 2441 
6821 2386 2699 2127 2929 
6822 1941 2347 2219 2608 
6823 161 2299 1966 2615 
6824 1648 2209 2013 3184 
6825 1963 1773 2351 2616 
6826 973 1634 540 2004 
6827 1868 2197 1796 2991 
6828 1802 2353 2010 2558 
6829 885 676 1892 2514 
6830 2265 2635 1999 2810 
6831 2104 2352 2050 2759 
6832 1701 2474 2026 3071 
6833 1550 1616 1462 2097 
6834 1711 2004 2409 2592 
6835 2135 2499 2126 2774 
6836 1965 1766 2557 2933 
6837 1927 2038 1764 2374 
6838 532 2023 2291 3157 
6839 136 1840 100 3029 
6840 1831 2617 2032 2732 
6841 1526 1525 2327 3097 
6842 781 2335 2064 2670 
6843 1840 1934 2529 3029 
6844 1700 2482 2199 2767 
6845 1427 2213 1936 2558 
6846 1594 2502 1882 3014 
6847 1892 2303 2090 3009 
6848 1684 2841 1961 2909 
6849 2713 2855 1818 2996 
6850 1041 1986 2465 3167 
6851 1912 2314 2129 2856 
6852 1845 2450 2770 2841 
6853 1709 2288 2208 2497 
6854 2190 2647 1848 3072 
6855 2326 2641 1871 2745 
6856 1641 2425 1890 2588 
6857 1680 1914 2713 2996 
6858 1850 2457 1460 2799 
6859 1681 2347 1941 2608 
6860 12 2062 900 2312 
6861 1957 2109 1845 2226 
6862 294 2099 1016 2217 
6863 1694 1926 2191 2586 
6864 2103 2238 1725 2715 
6865 1027 1530 1029 1910 
6866 755 1924 25 2553 
6867 1939 2239 1754 2633 
6868 1667 2452 2073 2662 
6869 508 61 499 2006 
6870 119 1400 121 1971 
6871 998 2232 2575 2901 
6872 1875 2141 1770 2773 
6873 1652 2002 2597 2636 
6874 1357 2037 1356 2938 
6875 1233 1312 1451 2806 
6876 2088 2195 1884 2466 
6877 1981 2316 2092 2917 
6878 1767 2391 2151 2666 
6879 1712 2542 2014 2802 
6880 1148 1542 1617 2077 
6881 1709 2208 2120 2549 
6882 1051 523 1053 1968 
6883 2341 3060 2340 3127 
6884 1796 2300 2201 2892 
6885 2034 2713 1818 2996 
6886 976 1926 977 2579 
6887 1649 1852 2344 2825 
6888 738 2898 2307 3151 
6889 2379 2859 2375 3019 
6890 1966 2854 2813 2998 
6891 2067 2303 1816 2986 
6892 200 1568 537 2398 
6893 100 1840 136 2932 
6894 1978 2454 2223 2584 
6895 1774 2140 1963 2734 
6896 1518 2581 1859 2618 
6897 2070 2338 2011 2988 
6898 1855 2323 2101 3057 
6899 2006 2345 2068 2824 
6900 45 839 206 2352 
6901 1776 2139 2490 2852 
6902 1758 2003 2369 2412 
6903 1639 1967 2255 2822 
6904 1706 2080 2223 3116 
6905 2179 2489 1751 3103 
6906 557 2334 2383 3082 
6907 1531 2401 2147 2622 
6908 332 304 2075 3093 
6909 1762 2448 2276 2523 
6910 1918 1767 2666 2820 
6911 1195 2112 692 2632 
6912 198 2161 2015 2598 
6913 1861 2156 1730 2340 
6914 1338 1304 1339 1883 
6915 207 1895 2613 2696 
6916 1451 2009 2563 2734 
6917 1365 1569 1330 3137 
6918 1546 1905 554 2654 
6919 1906 2657 1986 2905 
6920 1656 2408 2239 2525 
6921 1642 2610 2265 3050 
6922 749 2036 750 2422 
6923 1688 2482 2323 3057 
6924 1753 2112 2436 2950 
6925 182 2473 128 2739 
6926 850 2290 49 2853 
6927 1815 2260 2016 2888 
6928 1709 2076 2208 2549 
6929 1251 878 2222 2935 
6930 1149 2646 2110 2982 
6931 1740 2301 2105 2891 
6932 778 1862 2564 3108 
6933 1740 2180 2012 2559 
6934 1772 2385 2197 3006 
6935 1670 2524 2303 2708 
6936 2107 2149 1703 2241 
6937 2126 2135 1826 2499 
6938 1692 1899 2322 2459 
6939 1710 2354 1891 3103 
6940 2148 1848 2647 3072 
6941 1736 2008 2246 2627 
6942 63 1351 62 2701 
6943 1534 1097 2232 2491 
6944 2115 2580 1741 2853 
6945 866 872 865 2388 
6946 1438 1347 692 2112 
6947 524 1228 28 1887 
6948 1754 2239 1939 2775 
6949 109 142 1950 2365 
6950 1938 2721 2431 2956 
6951 1937 1669 2495 2540 
6952 1970 2344 3112 3191 
6953 2041 2282 1794 2490 
6954 593 1866 594 2672 
6955 1674 1908 2085 2513 
6956 1537 2219 1461 2347 
6957 1781 2185 2061 2658 
6958 919 2333 371 2570 
6959 2019 2520 1832 2969 
6960 458 763 2346 2709 
6961 1929 2143 1756 2836 
6962 464 2033 465 2596 
6963 1979 2623 1830 3066 
6964 1094 947 1144 2890 
6965 2443 2634 1992 2748 
6966 2402 2494 1933 3074 
6967 722 669 668 3049 
6968 1736 2008 2627 2849 
6969 55 1924 755 2169 
6970 1419 1293 52 1975 
6971 1815 2888 2248 2944 
6972 1840 2210 2362 2630 
6973 2162 2408 1656 2884 
6974 1675 2871 1976 2899 
6975 451 452 103 2033 
6976 1886 2560 2042 3070 
6977 1867 2429 2260 2829 
6978 2199 2767 2482 3057 
6979 1712 2035 2435 2981 
6980 2605 2706 67 2720 
6981 1850 2323 2752 3079 
6982 1866 2848 2361 2867 
6983 2033 2242 465 2596 
6984 1778 2304 2037 2946 
6985 233 902 466 2448 
6986 1870 2409 2014 3077 
6987 312 966 2461 2910 
6988 21 2510 1321 2910 
6989 2187 2816 1745 2873 
6990 1638 2223 2030 2476 
6991 1603 1322 1964 2324 
6992 1895 2349 2664 2766 
6993 1770 2488 2093 2526 
6994 1273 3134 2264 3182 
6995 1604 314 1964 2910 
6996 596 259 260 2534 
6997 2002 1803 2636 2781 
6998 1304 1883 2379 2897 
6999 141 100 136 2932 
7000 1339 147 1338 1883 
7001 1985 1778 2538 2676 
7002 1769 2150 2023 2298 
7003 1281 1955 149 2816 
7004 740 2158 1965 2471 
7005 1658 2178 1869 2351 
7006 2383 2721 1889 2813 
7007 1359 1963 2533 2846 
7008 1747 2167 2424 2669 
7009 1845 3040 2109 3111 
7010 970 859 1368 1945 
7011 2041 1794 2378 2490 
7012 47 1919 714 3068 
7013 1042 2507 1044 2725 
7014 1645 2506 2101 2733 
7015 1784 2297 2098 2728 
7016 336 335 334 2753 
7017 1761 2224 2009 3171 
7018 1766 2272 1965 2925 
7019 977 2579 1926 2876 
7020 1062 2339 1061 2978 
7021 2008 2052 1733 3009 
7022 1010 2284 2073 2704 
7023 627 628 497 2354 
7024 1345 1335 720 2811 
7025 1549 670 1596 2621 
7026 1895 1663 2352 2664 
7027 421 420 419 2328 
7028 2263 2559 1853 3091 
7029 109 1950 143 2365 
7030 1927 2490 2139 2852 
7031 1803 2597 2002 2636 
7032 1661 2600 2117 3079 
7033 1774 1963 2533 2734 
7034 2721 2813 2383 2875 
7035 1160 2675 2574 3004 
7036 1853 3025 1586 3091 
7037 1578 1995 1157 2590 
7038 1765 2190 2072 2730 
7039 2123 2447 2018 2820 
7040 1858 2721 2383 2875 
7041 1941 2219 2347 2902 
7042 1833 2194 1908 2838 
7043 1818 2713 2339 2855 
7044 1652 2368 1870 2857 
7045 2215 3079 2600 3132 
7046 1885 1690 2791 2871 
7047 1736 2246 1962 2627 
7048 1782 2091 2496 2677 
7049 237 2321 1527 2593 
7050 336 969 335 2143 
7051 1691 2135 1873 2997 
7052 357 1989 667 2453 
7053 1853 2539 2290 2685 
7054 1747 2320 1995 2332 
7055 691 2039 617 2779 
7056 1703 2400 2149 2663 
7057 121 1421 122 2099 
7058 1641 2588 2026 3058 
7059 1569 1619 2795 3137 
7060 2172 2395 2146 2442 
7061 1191 1971 1203 2707 
7062 1968 2531 1787 2699 
7063 1940 2601 191 2826 
7064 1860 2422 2136 3049 
7065 1475 1235 1947 3019 
7066 1251 2222 2766 2935 
7067 1965 2158 740 2557 
7068 2240 2282 2041 2490 
7069 936 934 2417 2898 
7070 1652 2199 1870 2729 
7071 911 2257 1907 2762 
7072 338 1540 342 2326 
7073 2463 2754 1798 2943 
7074 899 900 2062 2510 
7075 1682 2292 1881 2832 
7076 1739 2454 2310 2825 
7077 1423 1100 1424 2897 
7078 1451 1312 2563 2806 
7079 1777 1872 2635 2993 
7080 771 2821 1861 2885 
7081 1649 2137 1976 2637 
7082 1673 2015 1940 2826 
7083 729 29 2503 2881 
7084 623 1541 2100 2520 
7085 1392 1866 593 3031 
7086 746 805 1921 3032 
7087 1988 2388 873 2746 
7088 1703 2241 2149 2400 
7089 2072 2193 1765 2730 
7090 2185 1748 2570 2652 
7091 1689 1995 1990 2736 
7092 342 1998 1128 2326 
7093 508 61 2006 2591 
7094 1929 2523 1986 3010 
7095 1715 2442 2013 2913 
7096 406 2187 1874 3088 
7097 2186 2953 286 2994 
7098 1185 2510 2651 2910 
7099 72 2418 1984 2881 
7100 184 347 346 1933 
7101 2251 2702 1938 2956 
7102 2034 2339 1818 2713 
7103 2151 2666 1733 2994 
7104 1711 2248 1987 2653 
7105 2245 3081 1875 3174 
7106 2271 2359 2013 2927 
7107 1131 2694 1956 3118 
7108 1807 2095 2253 2366 
7109 1726 1934 2318 3104 
7110 976 2384 1926 2579 
7111 778 2564 1862 3129 
7112 1741 2301 2290 2685 
7113 999 1217 64 2426 
7114 2090 2303 1892 3175 
7115 1928 2110 1683 2656 
7116 1652 2381 1893 2857 
7117 113 1958 376 2448 
7118 1919 1779 2131 3068 
7119 581 2068 2293 2803 
7120 783 791 2553 2922 
7121 1868 1796 2300 2991 
7122 1907 2257 911 2472 
7123 2173 2675 2747 2777 
7124 1051 1463 2531 2699 
7125 1712 2014 2441 2802 
7126 1859 2397 1989 2453 
7127 1133 1995 2320 2590 
7128 828 876 1430 2413 
7129 1928 2646 2110 2656 
7130 1774 2322 2224 2587 
7131 1845 2841 1961 3040 
7132 1116 2147 1346 2401 
7133 1661 2117 2752 3079 
7134 1710 1891 2354 2789 
7135 1659 2886 1874 2985 
7136 1543 1922 2656 3035 
7137 1041 2306 1986 2905 
7138 389 2215 2444 3011 
7139 1864 2370 2220 2437 
7140 347 1542 2192 3074 
7141 1992 2223 2030 2839 
7142 1528 1207 183 2983 
7143 1826 2623 2288 2735 
7144 1374 2652 947 3095 
7145 2117 2600 1913 2752 
7146 2004 2166 1688 2592 
7147 966 739 2158 2651 
7148 1719 1869 2254 2609 
7149 2112 2367 1753 2436 
7150 2091 2636 1803 2781 
7151 1986 2143 1929 3010 
7152 2007 2237 2002 3192 
7153 2129 2856 2602 3125 
7154 934 936 935 1941 
7155 1691 1910 2029 2712 
7156 1802 2010 2353 2895 
7157 369 517 371 2658 
7158 365 386 449 2433 
7159 1027 1910 1028 2630 
7160 162 161 1966 3187 
7161 1717 2272 2079 2933 
7162 593 595 594 1866 
7163 1825 2087 2828 2961 
7164 180 2489 179 3114 
7165 1870 2441 2014 2802 
7166 1709 2288 2497 2735 
7167 888 2655 2043 3126 
7168 249 231 2058 2676 
7169 407 1049 2187 3123 
7170 2002 1652 2496 2781 
7171 1708 2688 2236 3080 
7172 1910 2180 1029 2712 
7173 1694 2118 2191 2765 
7174 2008 2246 1962 2768 
7175 450 2242 449 2433 
7176 2028 2211 1813 3002 
7177 2034 2125 1680 2695 
7178 1462 2347 2097 2548 
7179 2257 2546 2472 3008 
7180 1642 1952 2102 2610 
7181 1725 2745 2188 2919 
7182 1704 2742 2055 3023 
7183 2171 2844 1166 3035 
7184 1696 2042 2312 2560 
7185 1895 1771 2613 2787 
7186 1957 2491 2232 2575 
7187 1273 1501 3134 3182 
7188 2034 960 2504 2695 
7189 1986 2905 2306 2916 
7190 727 2706 1254 2975 
7191 2189 2660 1697 2885 
7192 1741 2290 2539 2685 
7193 1251 991 1923 2766 
7194 1735 2205 1916 3115 
7195 1643 1943 2071 2436 
7196 1445 1917 1265 2650 
7197 1062 2534 2123 2978 
7198 2331 3063 2277 3132 
7199 1729 2551 2218 3135 
7200 295 296 2079 2605 
7201 1011 1385 1066 2350 
7202 1968 2699 2386 2929 
7203 1019 2029 2295 2630 
7204 1638 2476 1903 3067 
7205 1690 1976 2137 2871 
7206 917 1076 2675 2777 
7207 448 2241 2107 2684 
7208 2092 2724 2260 2886 
7209 1782 2477 1960 2568 
7210 1825 2087 2542 2638 
7211 1982 2937 2089 3189 
7212 1947 2497 2054 3019 
7213 2118 2191 1731 2852 
7214 1995 1689 2167 2736 
7215 444 502 2184 2847 
7216 1826 2640 2210 3145 
7217 2009 2224 2057 2563 
7218 1963 2140 1774 2322 
7219 1622 1532 1949 2772 
7220 2061 2652 2333 2890 
7221 2006 2068 2803 2824 
7222 969 2226 2143 3045 
7223 2673 3005 2155 3016 
7224 1688 2199 1882 2482 
7225 1664 2247 2865 3169 
7226 2344 2785 1852 3128 
7227 662 2039 691 2314 
7228 1767 1918 2666 3169 
7229 908 892 2215 2537 
7230 371 369 2333 3018 
7231 1983 616 2354 2779 
7232 841 2001 2331 2604 
7233 1805 2066 2209 2984 
7234 1053 1968 1297 2929 
7235 2022 2684 615 3064 
7236 249 275 231 2676 
7237 1656 1939 2230 2828 
7238 714 1919 2450 2504 
7239 1729 2203 1891 2789 
7240 1408 950 1984 2306 
7241 1236 1947 1235 3019 
7242 1704 3023 2055 3161 
7243 1742 1979 2421 2497 
7244 1725 2188 1998 3165 
7245 1743 2332 2320 3037 
7246 1642 2265 1951 3050 
7247 1966 2299 2813 2854 
7248 2253 2669 2167 2780 
7249 1019 2029 1581 2295 
7250 1643 2071 1943 2389 
7251 1892 2186 2090 3175 
7252 1839 2408 2030 2589 
7253 789 644 1614 2473 
7254 1760 1988 2642 2720 
7255 1911 2260 1867 2845 
7256 1927 1764 2923 3172 
7257 796 2196 1912 2817 
7258 1853 2559 2290 3091 
7259 1172 348 1171 3020 
7260 607 2244 1954 2971 
7261 1709 2208 2076 2862 
7262 1673 2058 2598 2715 
7263 1691 2126 1910 2561 
7264 1692 2459 1959 2958 
7265 2010 2347 1164 2548 
7266 1707 1968 2170 2386 
7267 860 1945 917 2675 
7268 1021 122 1421 2099 
7269 2217 3005 2673 3045 
7270 375 1151 1152 2982 
7271 894 1944 1588 2772 
7272 2015 2274 1198 3164 
7273 1830 2414 1977 2801 
7274 1257 1486 2568 2727 
7275 2000 2541 1768 2763 
7276 2017 2449 1654 2947 
7277 371 2333 370 3018 
7278 1825 1996 2535 2961 
7279 2273 2279 1772 2643 
7280 1717 2193 2272 2933 
7281 1845 2770 1961 2841 
7282 1077 2320 1995 2424 
7283 1682 2248 1987 3149 
7284 925 2164 924 2498 
7285 1856 2740 3043 3063 
7286 2047 2371 1777 2810 
7287 1981 2092 2316 2886 
7288 975 977 976 1926 
7289 1706 2223 2080 2930 
7290 1813 2279 2211 2835 
7291 1756 2226 2143 2657 
7292 1671 1986 2523 2916 
7293 1278 1331 2673 3016 
7294 1543 290 2171 2475 
7295 699 708 2066 2317 
7296 2048 1896 2399 2584 
7297 1615 2010 1164 2548 
7298 2012 2290 1740 2559 
7299 1698 2090 2186 3175 
7300 1927 2108 2038 2374 
7301 1558 441 2274 2601 
7302 1822 2748 2060 2780 
7303 2021 1769 2410 3121 
7304 27 25 1924 2403 
7305 1666 1903 2688 2819 
7306 2171 2475 2382 2656 
7307 2602 2649 1816 2856 
7308 1709 2054 2497 2862 
7309 1667 2206 1955 2452 
7310 1720 3034 2144 3181 
7311 1864 2176 1841 2625 
7312 1801 2409 2004 3077 
7313 1654 2542 2087 2638 
7314 1434 1107 661 2563 
7315 96 1632 871 1972 
7316 1607 1482 2302 3081 
7317 1951 2635 2265 2810 
7318 1881 2449 2017 2947 
7319 1531 1842 2401 2622 
7320 132 2033 452 2890 
7321 1910 2180 1753 2291 
7322 996 526 1906 2468 
7323 959 2034 960 2504 
7324 1671 2543 2132 2764 
7325 1866 2576 2848 2867 
7326 1456 447 615 2684 
7327 1913 2752 2600 3079 
7328 161 1966 2299 3194 
7329 1519 1581 2029 2295 
7330 1641 2380 1880 2419 
7331 1716 2282 2240 2831 
7332 1673 2398 1940 2601 
7333 1884 2221 2121 3038 
7334 180 317 179 2489 
7335 1762 1986 2306 2916 
7336 406 405 2187 3088 
7337 1644 2139 2093 2760 
7338 1665 2420 2360 2993 
7339 2 2006 2591 2678 
7340 1992 2223 2080 3116 
7341 971 2214 1389 2568 
7342 327 63 1031 2308 
7343 2256 2713 2034 2794 
7344 1659 2016 1874 2886 
7345 1763 1952 2427 2987 
7346 81 983 168 2718 
7347 2571 3079 1829 3083 
7348 1729 1891 2218 2789 
7349 2039 2088 1824 2195 
7350 526 996 1906 2905 
7351 1810 2348 2011 2894 
7352 1182 1192 1928 2646 
7353 1499 1990 1224 2990 
7354 1899 2224 1692 2322 
7355 1696 2312 2042 3150 
7356 1235 2295 1947 2932 
7357 1378 2141 155 2773 
7358 1674 1967 2067 2285 
7359 637 752 636 2559 
7360 1786 2703 2131 2924 
7361 1690 1865 2911 3142 
7362 1920 2119 1645 2485 
7363 2071 2133 1769 2410 
7364 1656 1996 2239 2828 
7365 1744 1958 2916 3028 
7366 587 1938 561 2700 
7367 1648 2246 2134 2849 
7368 759 2136 754 2422 
7369 2206 2501 2425 2829 
7370 127 2527 1925 2739 
7371 2031 1641 2419 3000 
7372 1546 2440 1905 2654 
7373 2229 2644 2238 2790 
7374 1683 2380 1880 2628 
7375 1957 1097 2491 2575 
7376 977 1926 975 2876 
7377 2279 2643 2211 2835 
7378 1691 1873 2126 2561 
7379 1222 1223 1040 2141 
7380 1876 1712 2157 2435 
7381 1439 1440 2509 2969 
7382 2026 2474 1930 3071 
7383 1627 1269 1587 2527 
7384 1763 2723 2102 2815 
7385 1610 944 708 2066 
7386 1093 1981 1373 2392 
7387 1462 2097 1616 2548 
7388 1962 2666 1767 2820 
7389 2042 2400 1800 2842 
7390 1843 2008 2090 3009 
7391 2012 2115 1072 3097 
7392 1767 2447 1865 2768 
7393 1058 536 2130 2710 
7394 2181 2612 2157 3106 
7395 1531 2147 1346 2622 
7396 1157 2424 1995 3138 
7397 1688 2199 1870 2592 
7398 827 1877 2665 3186 
7399 1735 1916 2264 3115 
7400 778 2622 779 3129 
7401 2188 2745 1998 2974 
7402 2002 2237 2007 2860 
7403 1914 1680 2233 2569 
7404 1855 2323 2070 2812 
7405 1671 2546 1980 2764 
7406 225 253 596 1946 
7407 2313 2865 2247 3169 
7408 1960 2214 1782 2568 
7409 100 1840 2932 3029 
7410 1698 1912 2817 2918 
7411 1619 1205 2548 3137 
7412 111 142 400 2330 
7413 945 2601 1940 3166 
7414 1891 2489 2354 3163 
7415 1701 2681 2028 2835 
7416 871 870 2349 2650 
7417 1674 2085 2294 2668 
7418 1654 1881 2449 3153 
7419 1721 2019 1954 2390 
7420 1116 2147 2401 2990 
7421 1798 2391 2151 2463 
7422 1948 2341 2026 3027 
7423 821 2626 1937 2817 
7424 2076 2549 1925 3179 
7425 1970 3112 2464 3191 
7426 1503 2527 127 2739 
7427 1047 1487 2221 3038 
7428 143 2365 1950 2519 
7429 1463 2231 2699 2718 
7430 763 458 821 1937 
7431 1965 2393 2336 2850 
7432 782 2335 2065 3124 
7433 1242 2384 632 2595 
7434 1652 2091 2381 2677 
7435 2276 2523 2448 2762 
7436 1988 2746 2072 3120 
7437 994 2182 2205 3174 
7438 1742 2397 2268 2862 
7439 221 2598 1902 2928 
7440 2036 2136 1732 2422 
7441 1883 2375 2859 2955 
7442 1670 2986 1892 3175 
7443 2303 2708 2524 3009 
7444 1685 2319 2148 2966 
7445 1790 2268 2397 2862 
7446 1707 2056 1939 2967 
7447 1656 2728 2162 2884 
7448 1939 2056 1707 3153 
7449 2022 2554 2215 3132 
7450 1993 2142 1712 2542 
7451 2497 2735 2288 2859 
7452 1128 2326 1998 2745 
7453 1864 2370 1777 2993 
7454 637 2263 1199 2559 
7455 1451 14 1423 2734 
7456 1533 1195 2632 2786 
7457 1897 2722 2357 3146 
7458 2327 2527 1795 2755 
7459 1643 2240 2041 2389 
7460 1849 2502 2434 2677 
7461 1675 1989 2259 2899 
7462 1461 2219 1399 2902 
7463 41 2063 5 2665 
7464 1842 2808 2401 3021 
7465 1934 1726 2640 2750 
7466 1976 2871 2081 2899 
7467 1083 2434 2174 2833 
7468 925 1597 2164 2498 
7469 645 128 2473 2739 
7470 2210 2295 2029 2630 
7471 2120 2163 1650 2208 
7472 1729 2520 2019 2971 
7473 682 2741 2701 2892 
7474 89 69 2350 2545 
7475 1947 2375 2859 3019 
7476 1638 1903 2181 3067 
7477 2201 2741 1796 2892 
7478 1237 1917 2430 2650 
7479 358 1555 1074 2453 
7480 2067 2285 1924 3125 
7481 1286 1389 404 1960 
7482 1643 2126 2499 2774 
7483 379 1126 378 2641 
7484 1900 2361 1866 2848 
7485 2012 2290 850 2853 
7486 895 1369 2539 2580 
7487 1760 2079 1988 2720 
7488 2078 2309 1997 2778 
7489 1957 1279 2575 3016 
7490 1678 2192 1974 2672 
7491 1201 2276 1191 2707 
7492 1578 1157 1412 2590 
7493 1923 2352 991 2731 
7494 306 1957 2491 2979 
7495 2133 2389 1776 2410 
7496 2409 2592 2004 3077 
7497 1985 2058 1778 2676 
7498 1994 2105 1743 2891 
7499 510 511 528 2396 
7500 2026 2341 1948 2837 
7501 935 1570 934 1941 
7502 155 989 994 2205 
7503 2022 2338 1829 3079 
7504 1714 2689 2420 3185 
7505 746 1921 805 2315 
7506 1860 1714 2159 2711 
7507 1814 2445 2281 3005 
7508 363 362 364 2864 
7509 1543 1922 130 2656 
7510 1744 2113 1984 2881 
7511 1896 2407 2399 3059 
7512 1930 1683 2380 2681 
7513 1866 1804 2361 2744 
7514 186 1480 2494 2690 
7515 1629 2725 1874 3055 
7516 1905 2501 2415 3003 
7517 1453 1441 2479 2745 
7518 2028 2211 1701 2835 
7519 233 2448 466 2707 
7520 2042 2312 1898 3150 
7521 1668 2082 1931 3143 
7522 1788 1966 2299 2813 
7523 2177 2243 575 2700 
7524 557 2334 309 2383 
7525 2038 2207 1764 2858 
7526 1800 2231 2149 2663 
7527 1824 2668 2294 2788 
7528 237 2005 2321 2593 
7529 1743 2320 1995 2590 
7530 1432 1136 2077 2289 
7531 812 2097 813 2795 
7532 2130 2228 1783 2877 
7533 2163 2252 1742 2288 
7534 2556 2807 2093 3176 
7535 2123 2447 1865 2534 
7536 1143 1901 1141 2719 
7537 2141 1875 2526 3144 
7538 1097 1957 1279 2575 
7539 841 2331 842 2604 
7540 642 521 641 2939 
7541 1925 2739 2076 3179 
7542 407 2187 1049 2432 
7543 1688 1882 2166 2482 
7544 1688 1882 2199 2592 
7545 1743 1990 2590 2736 
7546 2016 2432 1562 2883 
7547 1666 1970 2025 3044 
7548 2111 2166 1882 2482 
7549 1742 2268 2208 2862 
7550 2177 2243 1699 2582 
7551 623 621 1541 2520 
7552 1647 2060 2748 2780 
7553 1615 1197 1164 2010 
7554 1891 2489 2179 3103 
7555 1927 1764 2207 2923 
7556 1958 2418 1984 2940 
7557 1699 1952 2102 2987 
7558 888 2043 2746 3126 
7559 1724 2276 1971 2325 
7560 1620 1121 1621 2498 
7561 1908 1777 2437 2914 
7562 1882 2214 2004 3014 
7563 851 1973 389 3056 
7564 2266 2658 2082 2793 
7565 1890 2628 2165 3003 
7566 1828 2620 2035 2981 
7567 2301 2443 1647 2997 
7568 571 2463 2258 2943 
7569 2185 2570 2333 2652 
7570 1692 2480 2128 2867 
7571 1938 1763 2431 2721 
7572 1700 1972 2101 2578 
7573 1654 2449 2749 3153 
7574 500 550 1487 2221 
7575 1699 2610 2882 3038 
7576 1884 2882 2610 3038 
7577 2285 2553 2065 3124 
7578 2027 2501 2873 2985 
7579 1261 2415 2027 3088 
7580 1957 2445 2155 2575 
7581 1673 2015 2598 3164 
7582 1255 2249 2000 2568 
7583 1732 2175 1999 2761 
7584 2070 2323 1661 2812 
7585 2004 2214 1711 2653 
7586 1977 2640 2623 3145 
7587 1908 2194 2303 2838 
7588 1370 2670 2424 3138 
7589 1133 1995 1077 2320 
7590 2167 2783 1863 2872 
7591 2028 1813 2681 3002 
7592 2003 2369 2259 2976 
7593 2210 2362 1910 3089 
7594 1279 1957 306 3016 
7595 1920 2485 1736 3140 
7596 1710 2039 1983 2354 
7597 636 2559 2180 2632 
7598 2059 2283 1714 2797 
7599 1686 2629 1914 3128 
7600 1905 2628 2501 3003 
7601 1828 2227 2070 2981 
7602 2004 1711 2235 2653 
7603 1504 1005 2547 2763 
7604 1788 1966 2813 2998 
7605 1753 2298 2150 2950 
7606 763 1937 821 2626 
7607 1838 2724 2292 2944 
7608 1828 2035 2620 2645 
7609 1999 2635 2265 2757 
7610 1690 2137 1946 2871 
7611 1887 1768 2547 2566 
7612 1824 2314 2668 2788 
7613 2106 2605 2557 2933 
7614 377 376 1958 2762 
7615 1688 2004 2592 3077 
7616 716 2241 448 2684 
7617 1918 1720 2469 3034 
7618 2091 2496 1652 2781 
7619 2008 2391 2246 2768 
7620 218 2058 231 2676 
7621 2337 2552 952 2707 
7622 1350 2701 2201 2892 
7623 2375 2379 1883 2859 
7624 1723 2028 2211 3054 
7625 1955 2206 1667 2959 
7626 2118 2287 2765 2879 
7627 505 2602 2129 2856 
7628 557 311 2334 3082 
7629 1046 2507 1042 2877 
7630 1927 2923 2118 3172 
7631 1930 2380 2028 2681 
7632 1782 2214 1960 2477 
7633 1131 2607 1956 2694 
7634 1723 2211 2028 2840 
7635 1721 1954 2175 2390 
7636 1870 1654 2409 3042 
7637 1795 2327 2120 2549 
7638 2140 2411 1592 2480 
7639 1675 2003 2300 2412 
7640 1888 2019 1721 2714 
7641 1716 2240 2041 2499 
7642 27 26 25 2403 
7643 2232 2491 1957 3111 
7644 1897 2191 2526 2586 
7645 1913 2222 2117 2752 
7646 47 1608 1919 2458 
7647 1999 1777 2371 2810 
7648 1289 1467 1288 2256 
7649 1982 2267 2220 3189 
7650 2295 2630 2210 2735 
7651 57 2066 2146 3048 
7652 2014 2227 2087 2542 
7653 847 2553 2065 2922 
7654 1860 2265 1714 2757 
7655 2072 3120 2746 3126 
7656 1148 2077 1617 2672 
7657 1849 2262 2237 2342 
7658 1976 2081 1690 3059 
7659 1894 1796 2701 2901 
7660 1681 2010 2281 3005 
7661 2123 2339 1062 2978 
7662 1539 2295 1235 2932 
7663 1915 2396 510 3152 
7664 430 456 438 1904 
7665 879 2731 790 2935 
7666 1710 2293 2195 2934 
7667 1782 2381 2214 2477 
7668 1952 1729 2789 3154 
7669 619 191 2601 2826 
7670 1615 1164 1462 2548 
7671 2082 2266 992 2658 
7672 1703 2087 2227 2348 
7673 221 2161 2598 2928 
7674 294 2099 2217 2465 
7675 1955 2200 2073 2452 
7676 1638 2157 2142 2435 
7677 1849 2496 2237 2677 
7678 1265 1263 1237 1917 
7679 1053 2699 1968 2929 
7680 1721 2019 1888 2517 
7681 1645 2119 1920 2629 
7682 2126 2210 1826 3033 
7683 1994 1743 2263 2891 
7684 2445 2836 1814 3052 
7685 1691 2120 2135 2565 
7686 1769 2564 2446 2796 
7687 1692 2224 1979 3171 
7688 1910 1691 2561 2712 
7689 1608 48 2234 2458 
7690 1838 2722 2588 3146 
7691 1939 2749 2056 3153 
7692 1974 2848 2576 2867 
7693 1954 2390 2019 2971 
7694 406 1874 603 3088 
7695 2497 2618 2054 3019 
7696 2272 2528 1646 2730 
7697 1143 1142 1901 3131 
7698 2183 687 2616 2758 
7699 1688 3057 2323 3196 
7700 936 1941 2898 3151 
7701 1711 2214 2381 2477 
7702 1821 2464 2181 2688 
7703 2215 2554 1913 3079 
7704 2153 107 2582 2697 
7705 2467 2728 1964 2808 
7706 1642 1952 2610 3154 
7707 2320 2590 1743 3037 
7708 1701 1930 2474 3071 
7709 88 329 69 2278 
7710 2252 2288 2163 2623 
7711 2000 2249 1294 2763 
7712 377 113 1155 1958 
7713 1954 2390 1729 2723 
7714 1783 2316 1981 2917 
7715 2183 2351 1773 2616 
7716 1538 2307 738 2898 
7717 2153 2610 1699 3038 
7718 827 2665 2308 3186 
7719 1537 2219 1936 2936 
7720 1426 2574 1160 2675 
7721 731 2076 732 2527 
7722 2016 2886 2316 3055 
7723 2109 2377 1756 2456 
7724 2388 2642 1676 3120 
7725 2072 2730 2190 2931 
7726 1652 1893 2368 2857 
7727 1957 2226 1845 2979 
7728 1656 2230 1939 2467 
7729 2237 2677 2496 3192 
7730 58 1248 2146 2172 
7731 1620 2498 2356 3031 
7732 2215 1913 2600 3079 
7733 275 1985 276 2676 
7734 1790 2208 2268 2862 
7735 2118 2165 1844 3076 
7736 1040 2141 1223 2579 
7737 1922 1880 2382 2880 
7738 1746 1901 2450 3131 
7739 1782 2568 2214 3014 
7740 532 2291 1435 3157 
7741 1644 2056 2488 3176 
7742 1697 2541 2189 2885 
7743 183 1207 1614 2259 
7744 2137 2911 2855 3128 
7745 248 2185 1985 2694 
7746 451 452 2033 2890 
7747 1865 2123 2534 2911 
7748 1803 2156 2703 3127 
7749 1654 2449 2633 2749 
7750 1654 2449 2017 3042 
7751 1681 2055 2281 3023 
7752 2263 2559 1740 2891 
7753 98 136 100 3029 
7754 593 2289 1866 2672 
7755 929 1918 2516 2906 
7756 1632 1446 1972 2830 
7757 997 1041 1986 2905 
7758 1538 999 1000 1969 
7759 1754 2051 1993 2965 
7760 1942 2796 720 2811 
7761 1197 1583 2010 2548 
7762 2467 2716 1939 2967 
7763 755 55 25 1924 
7764 1751 2365 2006 2519 
7765 962 963 2339 2978 
7766 47 2458 1919 3068 
7767 1652 2002 2496 3192 
7768 2702 2875 1904 3017 
7769 453 1950 2396 2519 
7770 1991 2574 1076 2675 
7771 2053 2250 1802 2472 
7772 1633 1281 93 2816 
7773 1676 2277 2642 3063 
7774 2260 2845 1911 2888 
7775 1879 2670 2335 2954 
7776 30 730 29 2503 
7777 2025 2152 1794 2861 
7778 2308 2665 1877 3186 
7779 1868 2412 2550 3006 
7780 1982 2611 2089 2937 
7781 1819 2078 1997 2778 
7782 1689 2393 1965 2471 
7783 48 771 2234 2458 
7784 1790 2581 2473 2739 
7785 1678 1974 2192 3007 
7786 1964 1603 2324 2926 
7787 1995 2471 1578 3138 
7788 1164 2347 1462 2548 
7789 607 2244 577 2438 
7790 1803 1935 2156 2341 
7791 963 961 2034 2339 
7792 2132 2543 2031 2764 
7793 1670 2708 2303 3009 
7794 1681 2608 1969 2893 
7795 57 2066 708 2317 
7796 1228 1406 1504 2074 
7797 1729 2100 2244 2551 
7798 57 2146 2066 2317 
7799 1735 1916 2093 2556 
7800 2191 2760 1731 2852 
7801 1713 2433 2304 2970 
7802 667 1989 789 2892 
7803 205 95 207 2352 
7804 1691 2692 2115 2863 
7805 1902 2161 1725 2928 
7806 2281 2445 1814 3052 
7807 1949 2395 2172 2442 
7808 1356 2037 513 2238 
7809 1648 2008 2246 2849 
7810 691 2314 2039 2779 
7811 1218 2541 2174 2727 
7812 187 2015 893 3164 
7813 1608 714 47 1919 
7814 412 438 518 3105 
7815 1652 2636 2091 2781 
7816 1933 2192 2077 3074 
7817 213 190 214 2667 
7818 2205 2773 2599 3115 
7819 1841 2731 2517 3141 
7820 2093 2139 1799 2807 
7821 1858 2251 1904 2305 
7822 436 450 449 2433 
7823 1719 2254 2219 2904 
7824 1702 2282 2240 2490 
7825 1796 1868 2300 2412 
7826 1673 2274 2058 2607 
7827 1937 2540 2495 2918 
7828 1656 2297 1996 2952 
7829 839 2050 830 2352 
7830 1866 2289 593 3031 
7831 1995 2590 1990 2736 
7832 2193 1765 2730 3136 
7833 1654 2505 2170 2638 
7834 773 2286 790 2315 
7835 1279 1097 306 1957 
7836 1777 2370 1864 2437 
7837 416 2184 2738 2743 
7838 2009 1774 2224 2563 
7839 1721 1841 2315 2517 
7840 264 298 299 1998 
7841 1783 2228 2130 2917 
7842 592 598 889 2293 
7843 1654 2749 2633 3153 
7844 1993 2051 1754 2449 
7845 2003 1796 2741 2892 
7846 141 138 100 2932 
7847 1878 1785 2583 2973 
7848 893 1405 1558 2015 
7849 2222 2537 1734 2935 
7850 1673 1940 2015 2601 
7851 1751 2068 2345 3103 
7852 393 2738 2184 3030 
7853 1800 2505 2231 2663 
7854 2027 2873 1874 2985 
7855 1765 2072 2190 2822 
7856 1746 2770 1961 2924 
7857 1583 2325 1190 2353 
7858 539 1634 1477 2166 
7859 1912 2626 803 2817 
7860 978 352 362 2631 
7861 1668 2124 1950 3133 
7862 1113 1869 2616 2846 
7863 1460 1547 795 2111 
7864 347 1933 184 3074 
7865 1064 2161 2545 3165 
7866 1734 2296 2215 2600 
7867 1548 2577 403 2805 
7868 1322 1964 2324 2910 
7869 1149 1182 1585 2110 
7870 1597 1120 1301 3031 
7871 1542 2077 2192 3074 
7872 2053 2472 1353 2475 
7873 1726 2318 2811 3104 
7874 1620 2114 2356 2498 
7875 154 2423 2078 3092 
7876 1880 2425 1750 2628 
7877 729 2503 2358 2881 
7878 2039 2354 616 2779 
7879 793 2111 1972 2457 
7880 412 518 411 2305 
7881 2 2365 2678 3001 
7882 1919 2234 1608 2753 
7883 2122 2789 1729 3154 
7884 1941 2347 2097 2902 
7885 1065 1307 2130 2507 
7886 1924 2169 2129 3125 
7887 927 286 2953 2994 
7888 63 1031 2308 2426 
7889 841 2331 2001 3183 
7890 238 239 818 2084 
7891 1912 2196 1816 2513 
7892 1992 2443 1749 2634 
7893 1044 2507 1874 2725 
7894 1698 2363 2186 2887 
7895 1652 1870 2368 2729 
7896 996 2657 1906 2905 
7897 1777 1908 2851 2914 
7898 1964 2461 1784 2728 
7899 1251 991 879 1923 
7900 1744 1958 2284 2418 
7901 1804 1866 2576 2744 
7902 1825 2542 2633 2638 
7903 421 2424 2328 3025 
7904 2089 2937 1792 3189 
7905 19 2312 900 2510 
7906 2129 2169 55 3107 
7907 987 2577 1960 2805 
7908 1794 2282 2041 2671 
7909 1967 2067 1848 2524 
7910 1140 2613 2349 2650 
7911 1370 2064 2424 2670 
7912 1656 2728 2297 2952 
7913 1531 2926 1842 3182 
7914 58 2146 2317 2593 
7915 571 2151 2463 2754 
7916 1345 720 2796 2811 
7917 455 2006 61 2591 
7918 456 1158 518 2251 
7919 1970 1775 2405 2532 
7920 1110 1179 2222 2537 
7921 1660 2288 2735 2859 
7922 1641 2380 1890 2425 
7923 1894 2308 327 2665 
7924 2293 2354 2068 2934 
7925 1705 2224 2057 2421 
7926 1691 1909 2135 2997 
7927 677 674 652 2346 
7928 2733 2792 2311 2945 
7929 1659 2092 2357 2829 
7930 1701 2152 2024 2643 
7931 2133 2518 1776 2801 
7932 1880 2380 1641 2425 
7933 1585 2110 1182 2656 
7934 1238 2613 1140 2650 
7935 1792 2220 2267 3189 
7936 1250 1251 878 2222 
7937 2018 2469 1122 3181 
7938 1710 1891 2789 3103 
7939 1656 1996 2297 2525 
7940 939 2652 2229 2782 
7941 679 2682 1954 3032 
7942 2029 2295 1709 2327 
7943 1419 2599 53 3134 
7944 1804 2212 2744 3117 
7945 157 1397 1396 3115 
7946 147 2529 1883 2698 
7947 1879 1737 2335 2481 
7948 1607 1495 1482 3081 
7949 467 753 446 2591 
7950 1642 2088 2610 3050 
7951 190 192 1940 2667 
7952 1160 2574 1426 3004 
7953 2634 2748 2443 2997 
7954 1675 2369 1976 2871 
7955 1840 2529 2375 3029 
7956 1656 2230 2728 2952 
7957 1591 1356 1452 2479 
7958 239 818 2084 2483 
7959 1062 2123 1061 2339 
7960 2051 2108 1754 2449 
7961 1667 1997 2566 2662 
7962 1644 2374 1927 3172 
7963 805 1921 768 2687 
7964 2012 2301 1691 2561 
7965 956 1990 1499 2461 
7966 1686 1914 2629 2855 
7967 1919 2131 1779 2949 
7968 2124 2330 1950 3133 
7969 34 3037 1586 3091 
7970 1701 2837 2726 3099 
7971 1790 2321 2081 3179 
7972 575 2177 610 2243 
7973 1761 1979 2421 3171 
7974 1714 2136 2420 2689 
7975 935 1941 936 3151 
7976 621 2100 1541 2520 
7977 2036 2422 1732 2572 
7978 1117 2574 1991 2772 
7979 1624 1475 2295 2573 
7980 489 487 1416 2446 
7981 396 514 513 2229 
7982 1258 2082 516 2658 
7983 1546 2415 1905 2603 
7984 550 2221 500 2948 
7985 2054 2581 948 2618 
7986 2168 2478 1881 2832 
7987 1796 2674 2550 2901 
7988 1852 2454 2493 3051 
7989 306 1957 1097 2491 
7990 1786 2464 2597 2804 
7991 2018 2144 3034 3181 
7992 1881 1654 2449 2947 
7993 873 1988 1079 2388 
7994 1660 2623 1979 3066 
7995 508 2006 499 2803 
7996 1692 2867 2459 3012 
7997 220 2058 218 2598 
7998 1710 1952 2218 3154 
7999 1003 1294 1059 1911 
8000 1796 1894 2674 2901 
8001 366 2075 386 2864 
8002 28 2503 1887 2547 
8003 2670 2850 1836 3138 
8004 1907 2472 1802 2895 
8005 225 253 1946 2791 
8006 1673 2715 2161 2919 
8007 1918 2313 929 3041 
8008 1684 2040 2412 2550 
8009 1673 2826 1940 2919 
8010 1076 1991 1117 2574 
8011 1780 2215 1973 2296 
8012 1688 2323 2482 3083 
8013 1726 1840 2318 2640 
8014 1179 1913 1193 2799 
8015 1882 2434 2502 2677 
8016 1749 2443 1943 2774 
8017 832 485 2336 2850 
8018 1432 1150 1136 2289 
8019 1880 2380 2028 2419 
8020 1906 2113 1671 2543 
8021 1136 1617 2077 2672 
8022 1798 2317 2209 2407 
8023 1737 2280 2481 2798 
8024 630 632 2470 2595 
8025 988 215 2570 2652 
8026 1954 1763 2438 2814 
8027 2191 2526 1926 3053 
8028 1935 1803 2156 2781 
8029 1805 2209 2146 2989 
8030 1650 1978 2515 2963 
8031 2101 2506 1855 2733 
8032 1557 1080 2125 2342 
8033 1644 2488 2093 3176 
8034 1708 2292 2049 3158 
8035 1763 2814 2154 2815 
8036 55 27 1924 2602 
8037 1673 2598 2058 3164 
8038 1871 1789 2644 2667 
8039 895 896 1369 2580 
8040 1753 1910 2291 3089 
8041 1224 2269 1990 2590 
8042 374 2654 2225 3086 
8043 2071 2376 1943 2807 
8044 2028 2380 1683 2681 
8045 1683 2165 1930 2380 
8046 417 2743 1931 3105 
8047 1710 1983 2788 2789 
8048 684 2159 2582 2697 
8049 363 979 362 2103 
8050 2002 2597 2007 3192 
8051 1829 2571 2086 3064 
8052 1194 2786 2150 3129 
8053 1164 2010 1197 2558 
8054 1988 2720 2388 3120 
8055 1533 1195 638 2632 
8056 2083 2098 1689 2525 
8057 191 190 1940 2826 
8058 1718 2101 1972 2870 
8059 918 908 2215 2554 
8060 2114 2133 1695 2518 
8061 2028 2419 2380 3071 
8062 1723 2472 2250 2840 
8063 668 2582 694 2711 
8064 1699 2177 2153 3038 
8065 1698 2194 1908 2495 
8066 1824 2088 2039 2788 
8067 1864 2428 2176 2625 
8068 1077 1995 1157 2424 
8069 344 342 1516 1998 
8070 167 168 1299 2718 
8071 89 2350 298 2545 
8072 123 1922 125 2603 
8073 1219 1220 1234 2541 
8074 1756 2377 2109 2562 
8075 2224 2421 1979 3171 
8076 1534 2232 2040 2491 
8077 1263 2430 1917 2695 
8078 2067 2303 1908 2513 
8079 317 180 563 2489 
8080 1378 1377 1482 2302 
8081 1704 2183 1933 2690 
8082 1893 2429 2049 2944 
8083 1162 1427 1479 1936 
8084 2076 2739 1790 3179 
8085 1194 1489 2150 2786 
8086 815 830 807 2050 
8087 1643 2071 2298 2436 
8088 1243 2302 2141 2522 
8089 2108 2449 1881 2749 
8090 343 344 1068 1998 
8091 827 828 1877 3186 
8092 1715 2209 2317 2407 
8093 1671 2764 2132 3028 
8094 2281 1814 2836 3052 
8095 1949 2395 1672 2772 
8096 2011 1810 2277 2338 
8097 400 2124 1258 2330 
8098 791 766 756 2169 
8099 1691 2301 1909 2997 
8100 922 2522 1040 2876 
8101 1811 2402 1928 2681 
8102 1646 2528 2272 2535 
8103 617 691 662 2039 
8104 101 2365 2 3001 
8105 1708 2108 2051 2449 
8106 638 1195 692 2632 
8107 2073 2284 1010 3193 
8108 875 2533 1313 2734 
8109 1650 2120 2549 2565 
8110 1686 2629 1920 3140 
8111 503 414 2184 3187 
8112 1990 1995 1689 2471 
8113 1993 2157 2142 3106 
8114 297 2676 304 3093 
8115 1582 685 2245 3081 
8116 1396 1554 2599 3115 
8117 2701 2741 2201 2892 
8118 1663 2611 1982 2937 
8119 2336 2500 1879 2670 
8120 1368 970 1945 2280 
8121 1801 2663 2505 3077 
8122 1079 1988 898 2720 
8123 1046 1044 1042 2507 
8124 1965 2471 2393 2850 
8125 2169 2693 2329 2827 
8126 1922 2440 1683 2628 
8127 2184 414 3030 3187 
8128 1529 1375 2291 2786 
8129 1781 2333 2185 2658 
8130 1766 2158 1965 2557 
8131 1253 2400 2241 3177 
8132 793 1972 1632 2457 
8133 1566 1269 1627 2755 
8134 626 610 683 2243 
8135 1589 732 2327 2527 
8136 1645 2364 2733 2945 
8137 1738 1983 2122 2788 
8138 1758 2372 1946 3100 
8139 221 222 279 2928 
8140 526 1906 2468 2905 
8141 1214 687 2183 2758 
8142 1778 2075 2538 2676 
8143 596 225 1946 3100 
8144 444 2184 2743 2847 
8145 2003 2621 2369 2976 
8146 2171 2382 1922 2656 
8147 1679 1916 2116 2556 
8148 1507 1594 1882 3014 
8149 1707 2386 2170 3153 
8150 1878 2583 2084 2973 
8151 62 2232 2701 2741 
8152 598 592 639 1884 
8153 1705 2224 1899 2587 
8154 103 2416 2033 3152 
8155 147 2698 1883 2897 
8156 871 2650 1972 2830 
8157 804 125 2200 2603 
8158 1698 2194 2090 2303 
8159 1635 1567 2115 2755 
8160 1966 2854 2596 3187 
8161 1721 2517 1888 2624 
8162 1197 1583 1190 2353 
8163 2049 2429 1838 2944 
8164 2100 2244 2551 3135 
8165 616 617 2039 2779 
8166 1527 1925 1587 2593 
8167 2127 2386 1787 2699 
8168 2199 2729 1791 2802 
8169 1952 1699 2102 2610 
8170 348 2538 1171 3020 
8171 1750 1955 2206 2452 
8172 1565 2324 2926 2972 
8173 1803 2429 1935 3058 
8174 1670 2303 2067 2986 
8175 719 470 721 1942 
8176 358 2453 1859 2659 
8177 667 357 789 1989 
8178 1801 2086 2004 2868 
8179 1782 1882 2434 3014 
8180 1902 2598 2058 2715 
8181 1701 2211 2837 3099 
8182 2232 2701 1796 2901 
8183 123 2440 1922 2603 
8184 2176 2296 1734 2428 
8185 1001 1004 1005 2547 
8186 27 2403 1924 2602 
8187 2054 2076 1709 2573 
8188 1817 2461 2158 2651 
8189 1961 2405 2233 2924 
8190 60 2006 2 2365 
8191 1772 2024 2385 2643 
8192 2155 2893 2445 3005 
8193 1638 2142 2157 3106 
8194 1920 1736 2246 3140 
8195 311 2956 2334 3082 
8196 2202 2908 2032 2909 
8197 759 722 2711 3049 
8198 235 2326 234 2974 
8199 1843 2524 2708 3009 
8200 1337 1226 1586 3091 
8201 2150 2564 1769 2796 
8202 821 2363 1937 3015 
8203 1682 2017 2248 3149 
8204 1093 1373 1372 2392 
8205 1772 2385 2024 2769 
8206 1692 2009 2224 3171 
8207 758 2136 759 2711 
8208 1148 2192 2077 2672 
8209 1846 2121 2221 3038 
8210 1802 2472 2250 2895 
8211 96 1972 871 2349 
8212 1350 682 2701 2892 
8213 488 925 924 2498 
8214 1041 292 1986 3167 
8215 2220 2437 1833 3094 
8216 1912 2196 796 2856 
8217 441 1198 1558 2274 
8218 1769 2150 2298 2950 
8219 2161 2188 24 2826 
8220 1592 2140 1101 2411 
8221 952 1556 118 2707 
8222 1319 67 1213 2720 
8223 1658 2197 1899 2587 
8224 1465 1161 1466 3004 
8225 1739 1978 2515 2584 
8226 1990 2158 2297 2461 
8227 1752 2145 2591 2678 
8228 1645 2629 1920 2945 
8229 1632 1972 96 2349 
8230 1646 2272 2216 2961 
8231 1672 2395 1949 2442 
8232 1686 2768 2447 2820 
8233 1549 2621 2040 2741 
8234 1070 1340 1100 2480 
8235 1002 2078 1241 2778 
8236 1694 1926 2586 2710 
8237 751 2180 752 2559 
8238 2544 2612 1876 2945 
8239 1370 832 2670 3138 
8240 1071 2128 2576 2698 
8241 1701 2726 2643 3099 
8242 2068 2293 1710 2354 
8243 530 479 2956 3082 
8244 447 2684 2107 3064 
8245 1076 1119 1117 1991 
8246 161 170 2299 2615 
8247 1553 1966 2555 2596 
8248 2115 2863 2327 3097 
8249 1065 1058 536 2130 
8250 1750 2200 1955 2452 
8251 879 1923 991 2731 
8252 697 2244 2100 2639 
8253 1765 2647 2190 3072 
8254 1427 1936 1162 2558 
8255 2173 2261 256 2777 
8256 160 1484 159 1915 
8257 1783 2316 2092 2886 
8258 1083 2174 1084 2833 
8259 2596 2854 1835 3187 
8260 2239 2408 1839 2525 
8261 278 2492 333 2631 
8262 769 389 1973 2444 
8263 1702 2476 2051 2912 
8264 1740 2367 1873 2561 
8265 857 821 2363 2817 
8266 2009 2563 2057 2806 
8267 1877 2846 2533 2903 
8268 1620 1621 2114 2498 
8269 1434 661 659 2563 
8270 617 2354 2039 2934 
8271 1244 2599 2579 2773 
8272 2155 2575 2445 2893 
8273 448 933 1063 2107 
8274 1735 2972 2205 3115 
8275 2093 2556 1679 2807 
8276 656 822 2906 2953 
8277 1072 2012 850 2853 
8278 2420 2689 1856 3185 
8279 1795 2120 2327 2863 
8280 1866 2576 1974 2848 
8281 803 1912 796 2856 
8282 2017 2784 2248 3149 
8283 1669 2714 2509 3098 
8284 1373 2316 1981 2878 
8285 440 1922 1543 3035 
8286 2116 2406 1679 3121 
8287 1731 2384 1975 3053 
8288 1574 751 2012 2712 
8289 1451 1423 2009 2734 
8290 2125 2504 960 2695 
8291 1197 2010 1615 2548 
8292 2217 2673 1331 3045 
8293 1806 2271 2134 3078 
8294 1884 2153 1755 2466 
8295 728 1253 2241 3177 
8296 2193 2272 1646 2730 
8297 1491 1193 1458 2554 
8298 617 616 2039 2354 
8299 1650 2565 1978 2963 
8300 971 1257 1486 2568 
8301 1526 2115 1567 2755 
8302 324 1199 323 3091 
8303 1735 2264 2972 3115 
8304 1997 2503 30 2547 
8305 769 389 851 1973 
8306 1678 2459 1974 3007 
8307 2257 2704 1958 2762 
8308 1278 2673 2155 3016 
8309 453 454 360 2519 
8310 104 2890 2416 3095 
8311 2526 2760 1770 3053 
8312 2145 2591 446 2948 
8313 1119 2395 1991 2777 
8314 1698 2196 2186 2363 
8315 1656 2230 1996 2828 
8316 1723 2472 2257 2546 
8317 1835 2266 2082 2793 
8318 1657 1879 2190 2500 
8319 1663 2050 2138 2756 
8320 2180 2632 1753 2786 
8321 318 2160 353 3073 
8322 1717 2079 1965 3110 
8323 1988 2079 1717 2521 
8324 1698 2196 1912 2513 
8325 806 769 851 1973 
8326 67 2706 1213 2720 
8327 1767 2151 2391 2463 
8328 1176 1166 1177 2257 
8329 1874 2507 603 3088 
8330 1646 2035 2535 2961 
8331 2174 1849 2496 2833 
8332 379 2094 1364 2641 
8333 1605 2213 1480 2690 
8334 1773 1963 2411 2616 
8335 1874 2016 1659 2873 
8336 2286 2625 1734 2935 
8337 1665 2371 2176 2761 
8338 143 59 60 2365 
8339 1685 2620 2035 2645 
8340 1974 2459 1678 2848 
8341 1532 1247 1949 2395 
8342 2193 2730 1646 3136 
8343 563 528 562 2489 
8344 623 2520 2244 2971 
8345 2182 2343 990 3013 
8346 1538 1502 738 2307 
8347 1684 2841 2491 3111 
8348 1858 2956 479 3082 
8349 2257 2472 1907 3008 
8350 1090 880 786 2418 
8351 2492 2676 297 3093 
8352 1707 1939 2716 2967 
8353 913 2171 290 2475 
8354 1876 2612 2544 3078 
8355 1692 2140 2128 2480 
8356 651 497 628 2354 
8357 1642 2122 2788 3084 
8358 1874 2432 2016 2873 
8359 1144 2652 939 2782 
8360 840 799 807 2759 
8361 130 440 125 1922 
8362 2030 2223 1749 2476 
8363 2448 1958 2762 2916 
8364 1638 2030 2223 2839 
8365 1840 2630 136 2932 
8366 1588 1944 2574 2772 
8367 1755 2329 2797 3050 
8368 1677 2477 2248 2944 
8369 2728 2884 1784 3021 
8370 417 2738 418 3102 
8371 1783 2316 2886 2985 
8372 508 2591 2006 2803 
8373 685 2245 1968 2939 
8374 1880 2425 2031 2452 
8375 2368 2802 1870 3080 
8376 948 2581 1518 2618 
8377 645 128 182 2473 
8378 1943 1749 2240 2589 
8379 1970 2344 1739 2532 
8380 1898 1707 2170 2716 
8381 1959 2459 2024 2769 
8382 438 430 1904 3105 
8383 1884 2088 2610 2882 
8384 996 2468 1906 2821 
8385 1871 2188 1940 2667 
8386 1697 2156 1935 2823 
8387 918 2554 2215 3011 
8388 1678 2077 2192 2672 
8389 2444 3047 2604 3065 
8390 2028 2840 2211 3002 
8391 186 2494 1933 2690 
8392 2661 3008 1929 3188 
8393 1820 2377 2456 3060 
8394 1945 2173 2675 2747 
8395 1671 2546 2764 3028 
8396 1434 659 40 2413 
8397 1300 1819 3090 3193 
8398 815 816 2731 3141 
8399 2064 2335 2280 2481 
8400 1897 2092 2586 2917 
8401 51 2290 2012 2559 
8402 1973 2176 1665 2296 
8403 1888 2517 776 3141 
8404 1806 2612 2544 2945 
8405 866 873 872 2746 
8406 1799 2408 1943 2589 
8407 2134 2271 1806 2717 
8408 1814 2226 1957 3016 
8409 502 504 2615 2847 
8410 514 513 2229 2644 
8411 1674 2285 2067 3125 
8412 2025 1794 2819 2861 
8413 803 796 1912 2817 
8414 1724 1907 2276 2353 
8415 2057 2224 1761 2421 
8416 1827 2307 2097 2795 
8417 1549 670 2621 2741 
8418 1705 1989 2300 2397 
8419 1144 939 397 2782 
8420 1925 2321 2005 2593 
8421 1550 2097 1462 2902 
8422 1918 2469 2018 3034 
8423 1944 1741 2539 3026 
8424 1823 2283 2059 2797 
8425 1643 1943 2240 2389 
8426 1639 2045 2319 2647 
8427 294 2465 2217 3167 
8428 2459 2867 1974 3012 
8429 264 299 1516 1998 
8430 761 696 2639 3194 
8431 1911 1768 2763 2845 
8432 945 946 2601 3166 
8433 1813 2096 1933 2960 
8434 1955 2614 1281 3147 
8435 161 2615 1966 3187 
8436 2100 2218 2691 3135 
8437 1410 1224 2269 2990 
8438 237 2317 2005 2593 
8439 1944 2772 1672 3024 
8440 1268 1344 2446 2796 
8441 1411 2358 2418 2881 
8442 2264 2808 2324 2926 
8443 162 463 161 3187 
8444 2399 2584 1896 3059 
8445 777 2116 1367 3182 
8446 2162 2884 2728 3021 
8447 1955 2508 149 2816 
8448 1879 1687 2190 2931 
8449 1671 2523 1929 3008 
8450 999 1538 1217 1969 
8451 1872 2420 2360 2740 
8452 385 2075 1513 3020 
8453 1632 1972 793 2830 
8454 1815 2260 2888 2944 
8455 1656 1996 2230 2952 
8456 1970 2181 1739 2344 
8457 639 597 1884 2466 
8458 1843 2303 2524 3009 
8459 1746 2131 1919 2770 
8460 2138 2583 1833 2756 
8461 183 1885 2473 2983 
8462 385 1513 415 3020 
8463 1797 2095 2747 3024 
8464 1723 3054 2211 3188 
8465 1836 2500 2336 2670 
8466 1652 2597 2002 3192 
8467 861 1284 373 3086 
8468 1799 2093 2807 3176 
8469 1848 2067 1967 2737 
8470 1646 2730 2528 3136 
8471 1820 2211 2419 3188 
8472 1864 2437 2220 3094 
8473 417 426 2743 3105 
8474 142 399 2124 2365 
8475 1794 2474 2152 2484 
8476 2116 1842 2376 2556 
8477 1707 2168 2056 2967 
8478 1856 2740 2689 3043 
8479 371 370 369 3018 
8480 506 837 2602 2649 
8481 276 248 515 3085 
8482 1650 2268 2081 3179 
8483 952 118 2337 2707 
8484 565 2444 2036 3047 
8485 1911 1867 2260 2594 
8486 1714 2265 2635 2757 
8487 143 59 2365 2519 
8488 1828 2528 2035 2645 
8489 1339 147 1883 2897 
8490 1693 1994 2112 2367 
8491 1805 2619 2366 2747 
8492 1665 2176 1921 2761 
8493 69 329 68 2278 
8494 1839 1943 2443 2992 
8495 295 177 296 2605 
8496 2043 2931 2072 3126 
8497 564 565 2444 2687 
8498 547 1931 2585 3105 
8499 2145 2345 1808 2678 
8500 73 1984 72 2940 
8501 2280 2335 2064 3004 
8502 1411 2358 786 2418 
8503 1715 2172 1925 2593 
8504 2211 2419 2028 2837 
8505 2100 2639 2244 3135 
8506 430 456 1904 2809 
8507 1654 2947 1881 3153 
8508 1735 2205 2182 2488 
8509 1781 2330 2082 2793 
8510 753 446 2591 2948 
8511 1539 1475 1235 2295 
8512 1878 2973 2084 3015 
8513 143 1950 361 2519 
8514 978 362 979 2103 
8515 2272 2393 1965 2925 
8516 149 1955 1281 3147 
8517 2162 2556 2376 2808 
8518 1659 2501 2206 2829 
8519 1502 2155 1145 2307 
8520 214 190 1200 2188 
8521 1840 2630 2295 2735 
8522 751 1029 2180 2712 
8523 2031 2566 1768 2823 
8524 1851 2386 2127 2929 
8525 1781 2658 2330 3018 
8526 188 893 187 2015 
8527 1709 2327 2295 2573 
8528 1742 2163 2208 2268 
8529 1642 1951 2294 3050 
8530 187 188 2015 2598 
8531 221 2161 198 2598 
8532 1820 2419 2211 2837 
8533 561 479 480 2251 
8534 1554 53 2599 3134 
8535 1765 2255 2072 2822 
8536 110 2416 2330 3018 
8537 1960 2214 1711 2477 
8538 1251 2766 1923 2935 
8539 1690 2081 1976 2871 
8540 1402 2379 2009 2897 
8541 2001 2642 1810 3063 
8542 1648 2052 2008 2849 
8543 1676 2277 2011 2642 
8544 2211 2840 1813 3002 
8545 98 2318 1382 2362 
8546 376 113 377 1958 
8547 1746 1901 2202 2841 
8548 616 691 617 2779 
8549 1671 2916 1958 3028 
8550 1473 2086 1471 2571 
8551 1870 2729 2199 2802 
8552 2225 2654 2455 3076 
8553 353 318 354 2160 
8554 207 2613 938 2696 
8555 1155 377 1958 2704 
8556 338 342 1128 2326 
8557 2087 1825 2227 2961 
8558 1954 2551 2438 2723 
8559 2155 2445 1957 3016 
8560 1589 731 732 2527 
8561 1037 2231 2149 2842 
8562 978 979 1385 2103 
8563 1905 2415 1750 2603 
8564 1980 3008 2661 3188 
8565 1703 2070 2014 2486 
8566 252 333 278 2492 
8567 1004 2309 1997 2547 
8568 1744 2503 2113 2881 
8569 1851 2127 1981 2929 
8570 899 900 12 2062 
8571 1846 2121 3038 3195 
8572 1531 914 2401 2926 
8573 1717 2336 2393 2500 
8574 1836 2471 1995 3138 
8575 2478 2526 1897 2832 
8576 714 1608 982 1919 
8577 2222 2457 1250 2766 
8578 879 1251 1923 2935 
8579 1803 2341 2156 3127 
8580 1999 2371 2047 2810 
8581 270 1131 199 1956 
8582 2181 2464 1903 2688 
8583 1184 204 2557 3110 
8584 1629 1444 2725 3055 
8585 2097 2347 1462 2902 
8586 54 2599 1244 2773 
8587 1092 1093 2776 2878 
8588 303 2570 2185 2694 
8589 1874 2027 2985 3088 
8590 2118 1844 2765 3076 
8591 2848 3022 1900 3119 
8592 940 2229 108 3046 
8593 1734 2176 1973 2296 
8594 1465 1384 2064 3004 
8595 1791 2311 2733 2792 
8596 631 632 1293 2470 
8597 1919 2131 2504 3068 
8598 1953 1733 2666 2994 
8599 1281 149 93 2816 
8600 1650 2208 2268 3179 
8601 1942 2212 2114 2750 
8602 1051 2531 1968 2699 
8603 58 2172 2146 2593 
8604 1976 2310 2081 3059 
8605 157 1396 2773 3115 
8606 1685 2148 2319 2645 
8607 1863 2272 2528 2535 
8608 498 1292 2068 2354 
8609 736 2898 738 3151 
8610 1710 2882 1952 3154 
8611 1875 3081 2245 3144 
8612 2021 1679 2406 3121 
8613 2296 2428 2176 3075 
8614 1347 1438 1216 2622 
8615 1734 2176 2428 2625 
8616 2201 2701 1796 2741 
8617 2057 2224 1774 2563 
8618 1541 761 2100 2921 
8619 765 690 764 2856 
8620 453 2396 454 2519 
8621 1902 1725 2278 2928 
8622 1860 2136 2422 2757 
8623 1384 2064 1370 2670 
8624 1001 2309 1004 2547 
8625 453 512 2396 3152 
8626 1162 1537 1461 2347 
8627 1438 2622 2112 3129 
8628 1962 1736 2485 3140 
8629 1650 2515 2163 2963 
8630 187 2598 2015 3164 
8631 2169 1824 2693 2827 
8632 349 2075 304 2538 
8633 1353 2472 913 2475 
8634 1806 2544 2612 3078 
8635 1911 2309 1003 2763 
8636 561 2251 480 2700 
8637 1045 2284 1010 2704 
8638 1937 2540 2346 2709 
8639 1963 2322 1774 2903 
8640 1751 2691 2179 3103 
8641 1802 2281 2010 2895 
8642 1709 2327 2120 3033 
8643 757 766 791 2329 
8644 1893 2429 2091 2636 
8645 654 2572 2154 2814 
8646 2087 2638 1825 2828 
8647 1712 2435 1876 2981 
8648 2299 1757 2615 2847 
8649 2729 2802 2368 3080 
8650 296 176 898 2079 
8651 1481 2094 379 2644 
8652 1847 2467 2324 2967 
8653 1031 1030 1032 2417 
8654 2073 2200 1955 3147 
8655 1929 1724 2523 3010 
8656 1769 2298 2071 2950 
8657 2125 2342 1080 3068 
8658 1300 3122 1819 3193 
8659 1978 2584 2223 2634 
8660 863 2444 2604 3011 
8661 2306 2905 2113 2916 
8662 1876 2733 2364 2945 
8663 2411 2616 687 2758 
8664 1031 1030 2417 2426 
8665 1658 2567 2648 3178 
8666 1633 2187 405 3088 
8667 1821 2597 2368 2729 
8668 1815 2016 2883 2888 
8669 1655 2287 2118 2879 
8670 513 1356 1357 2037 
8671 637 2559 636 2632 
8672 2004 2235 1801 2868 
8673 2079 2557 295 2605 
8674 1758 2369 1946 2637 
8675 1641 2588 2980 3071 
8676 1502 1279 2155 2575 
8677 2073 1809 2452 2844 
8678 1116 1346 1352 2401 
8679 902 2448 1201 2707 
8680 1449 2457 1563 2766 
8681 2546 3008 1980 3188 
8682 883 383 949 2337 
8683 1977 2640 1726 2750 
8684 1642 2088 2294 2788 
8685 1276 2021 2406 3108 
8686 1744 2284 1819 2358 
8687 1307 923 2130 2522 
8688 2109 2377 1845 2562 
8689 1824 2827 2195 3050 
8690 714 1919 982 2450 
8691 761 2639 2921 3194 
8692 1079 898 176 2720 
8693 888 2059 410 2655 
8694 1860 2102 2046 2987 
8695 2024 2096 1772 2769 
8696 1867 2594 2206 2829 
8697 918 2022 2554 3011 
8698 1050 2313 822 2973 
8699 1929 2523 1724 2895 
8700 2389 2807 1799 2834 
8701 2384 2579 1230 2599 
8702 1740 2105 1994 2891 
8703 1778 2058 1902 2492 
8704 1895 2696 1720 2787 
8705 2134 2271 1685 3078 
8706 2454 2825 1739 3051 
8707 1649 2202 2233 2999 
8708 1726 2811 1942 3104 
8709 2377 2456 2109 3099 
8710 1821 2597 2792 3191 
8711 1650 2399 2048 2549 
8712 1678 2096 2459 3007 
8713 1385 1580 1066 2479 
8714 97 205 991 2352 
8715 873 2388 872 2746 
8716 2033 2555 1915 2998 
8717 1292 2068 581 2803 
8718 2451 2487 1837 2988 
8719 2431 2721 2334 2956 
8720 2372 2534 1946 3100 
8721 1860 2711 722 3049 
8722 220 218 2058 3164 
8723 1644 2832 2374 3172 
8724 1750 2206 2027 2501 
8725 1653 2345 2218 2691 
8726 1718 2117 2222 2752 
8727 394 3020 2266 3030 
8728 1771 2349 1895 2613 
8729 182 2321 2473 2739 
8730 183 2259 1614 2473 
8731 2413 2563 1774 2734 
8732 808 2973 822 3015 
8733 1011 978 1385 2278 
8734 2597 2729 1821 2792 
8735 1983 2354 1891 2789 
8736 1224 1990 1413 2590 
8737 1658 1963 2322 2351 
8738 1639 2370 2255 2914 
8739 1745 2206 1955 2959 
8740 1201 1191 1203 2707 
8741 164 1234 166 2885 
8742 1897 2586 2478 2917 
8743 1100 2140 1423 2734 
8744 1258 400 398 2124 
8745 1761 2859 1979 3171 
8746 1142 2869 1901 3131 
8747 1867 2394 1911 2845 
8748 950 526 2113 2905 
8749 1978 2606 2831 3067 
8750 864 2444 565 3047 
8751 1759 2232 2575 3111 
8752 2114 2212 1695 2750 
8753 1871 378 2644 2745 
8754 1709 2735 2295 3033 
8755 1685 2435 2035 2620 
8756 2300 2387 2201 2991 
8757 1947 2735 2497 2859 
8758 694 2582 2159 2711 
8759 1715 2209 2146 2317 
8760 1201 2448 2276 2707 
8761 1688 2166 2086 3083 
8762 1108 1963 1359 2846 
8763 1698 1912 2196 2817 
8764 1832 2346 2540 2709 
8765 2181 1821 2792 3191 
8766 1989 2473 2259 2899 
8767 1837 2220 2428 3075 
8768 812 813 1619 2795 
8769 1950 2124 1668 2680 
8770 1642 2788 2122 3154 
8771 1919 1746 2450 2504 
8772 61 2 60 2006 
8773 1724 2276 2325 2353 
8774 1701 2643 2211 3099 
8775 1785 1878 2313 2973 
8776 1732 2046 2102 2815 
8777 1723 2053 2472 2840 
8778 1686 2119 2629 3140 
8779 1981 2316 1373 2392 
8780 1548 403 2577 3109 
8781 1251 2222 1250 2766 
8782 1710 2039 2088 2788 
8783 1308 2522 1307 2877 
8784 2180 2561 2012 2712 
8785 844 1248 1247 2172 
8786 766 703 756 2169 
8787 2419 3000 2341 3060 
8788 421 2320 2424 3025 
8789 2262 2342 1849 2833 
8790 933 1395 1063 2149 
8791 1741 2685 2539 3026 
8792 1928 2402 2646 3074 
8793 2005 2399 1715 2407 
8794 2211 3054 2419 3188 
8795 1943 2240 1749 2774 
8796 1529 1375 1530 2291 
8797 1079 2388 1988 2720 
8798 2 2591 455 2678 
8799 2007 2729 2597 2792 
8800 2098 2297 1689 2525 
8801 1720 1962 2485 3034 
8802 1944 1672 2866 3024 
8803 34 2263 3037 3091 
8804 1181 594 1069 3190 
8805 2245 3081 1851 3144 
8806 957 956 2158 2471 
8807 232 1556 2552 2707 
8808 1725 2161 1902 2715 
8809 2253 2366 2095 3024 
8810 154 2078 1386 3092 
8811 1643 2240 1943 2774 
8812 2021 2406 2116 3121 
8813 839 840 807 2759 
8814 109 361 143 1950 
8815 2118 2765 1844 2879 
8816 1747 2424 2328 2669 
8817 115 2531 1579 2842 
8818 1638 2612 2435 2930 
8819 1691 1873 2561 2997 
8820 2035 2142 1712 2435 
8821 2007 2792 2597 3191 
8822 2349 2613 1771 2650 
8823 547 417 1931 3105 
8824 1954 2019 1721 2682 
8825 1622 1949 1618 2580 
8826 1773 2411 2183 2616 
8827 2027 2415 1857 3088 
8828 1785 2138 2050 2756 
8829 1642 2088 2788 3154 
8830 1658 1899 2197 2648 
8831 2250 2472 2053 2840 
8832 514 2229 396 2782 
8833 197 22 196 2826 
8834 2056 2467 1939 2967 
8835 1401 1407 1249 2881 
8836 1568 2160 271 3118 
8837 2278 2545 88 2928 
8838 2000 2763 1768 2845 
8839 757 2511 2329 2922 
8840 220 2058 2598 3164 
8841 1837 2296 2277 2360 
8842 863 2604 2331 3011 
8843 2613 2696 1895 2787 
8844 890 2022 2331 2684 
8845 1762 2523 1986 2916 
8846 2293 2705 889 2803 
8847 1658 2648 2197 3178 
8848 1800 2505 2170 2531 
8849 2328 2424 2064 2669 
8850 2236 2368 1821 2597 
8851 2180 2367 1753 2632 
8852 1699 2427 1952 2987 
8853 2116 2406 2021 3108 
8854 2186 2196 1698 3175 
8855 346 347 686 2758 
8856 1773 2322 1963 2351 
8857 2183 2616 2411 2758 
8858 1855 2441 2733 2981 
8859 1472 1630 194 2086 
8860 1937 2709 458 3015 
8861 2150 2291 1753 2786 
8862 1683 1930 2165 2460 
8863 1796 2201 2300 2387 
8864 281 561 587 1938 
8865 1647 2443 1992 2748 
8866 1065 1046 1307 2507 
8867 1816 2067 2986 3036 
8868 1689 2297 2158 2925 
8869 1701 2211 2028 2837 
8870 2728 2808 2162 3021 
8871 847 783 2553 2922 
8872 1910 1028 2630 2712 
8873 1019 2295 1018 2630 
8874 2280 2335 1161 2403 
8875 1796 2550 2232 2901 
8876 1705 2300 2201 2991 
8877 1858 2702 2251 2956 
8878 1582 1297 685 3081 
8879 1467 1143 1288 2719 
8880 2216 2272 1646 3159 
8881 1543 289 2475 2656 
8882 409 825 745 2355 
8883 1295 1218 2000 2541 
8884 1986 2523 1724 3010 
8885 2072 2193 1988 3120 
8886 2025 2617 2152 3044 
8887 2183 2411 1773 2758 
8888 1673 2037 2679 2715 
8889 1704 1933 2096 2960 
8890 368 1420 121 2099 
8891 975 1926 976 2710 
8892 2174 2189 1234 2833 
8893 1145 2307 2155 2673 
8894 287 1953 927 2953 
8895 299 70 1310 2350 
8896 2028 2419 2211 3054 
8897 695 2159 684 2697 
8898 1745 2594 2432 2873 
8899 1938 2431 281 2956 
8900 1688 2441 2199 3057 
8901 1161 2403 2335 3124 
8902 1910 2561 2180 2712 
8903 1157 1995 1578 3138 
8904 851 389 2215 3056 
8905 2003 1758 2040 2412 
8906 2226 1756 2562 2753 
8907 1908 2495 2085 2513 
8908 1907 1724 2276 2523 
8909 1705 2587 1899 2991 
8910 2277 1837 2487 2988 
8911 1705 2300 2198 2397 
8912 1648 2209 2052 2927 
8913 1879 2500 2336 2931 
8914 1652 2496 2091 2677 
8915 1953 2516 38 2994 
8916 594 2576 1069 3190 
8917 1558 1405 618 2015 
8918 2024 2459 2096 2769 
8919 1993 3042 2802 3080 
8920 1751 2691 2204 3170 
8921 176 2079 296 2605 
8922 549 889 2705 2803 
8923 1653 2204 2345 2691 
8924 2036 2444 565 2687 
8925 1687 1967 2285 2737 
8926 2260 2429 1838 2829 
8927 1831 2163 2515 3173 
8928 1767 2516 1918 3169 
8929 2238 2790 1871 2919 
8930 1761 1859 2421 2497 
8931 1985 2538 276 2676 
8932 1893 2477 2248 2857 
8933 1710 2354 2293 2934 
8934 1276 2406 1326 3108 
8935 1714 2283 2059 3185 
8936 1108 2616 1963 2846 
8937 1692 1959 2459 2867 
8938 1705 2201 2387 2991 
8939 209 208 210 2720 
8940 1739 2515 2310 2584 
8941 1965 2850 2336 3110 
8942 1639 2267 2220 2838 
8943 937 1316 2144 2430 
8944 2223 2584 1706 2634 
8945 1861 2458 2234 2821 
8946 1502 1000 1279 2575 
8947 1892 2196 2186 3175 
8948 192 191 190 1940 
8949 2051 2688 1708 3080 
8950 1836 2393 2336 2500 
8951 1909 2565 2048 2692 
8952 1379 2018 1123 2751 
8953 795 1595 1594 2111 
8954 179 498 2068 2489 
8955 1159 1194 1489 2150 
8956 1512 367 2325 3137 
8957 1455 2042 1611 2560 
8958 256 2777 2261 3048 
8959 1949 2172 1247 2755 
8960 2366 2619 1670 2747 
8961 1829 2571 2554 3079 
8962 1723 2257 2171 2546 
8963 1787 2170 1968 2386 
8964 1756 2226 2109 2836 
8965 2174 2541 2000 2727 
8966 1749 1978 2135 2831 
8967 2176 2286 1973 2889 
8968 1642 2788 2294 3084 
8969 1711 2248 2477 2857 
8970 1699 2102 2610 2915 
8971 1946 2791 1690 2871 
8972 839 807 830 2050 
8973 2146 2209 2066 2317 
8974 1071 2576 1318 2698 
8975 1638 2476 2030 2965 
8976 1796 2232 2040 2741 
8977 1604 1964 313 2910 
8978 1647 2891 2332 2907 
8979 782 2065 847 3124 
8980 286 2514 2186 2994 
8981 1359 2140 1102 2734 
8982 1937 2363 1878 3015 
8983 1697 1935 2156 2781 
8984 924 925 1597 2164 
8985 2364 2544 1876 2945 
8986 931 1918 929 3041 
8987 179 2489 2068 3114 
8988 776 2517 2019 2682 
8989 988 273 2160 2570 
8990 598 639 597 1884 
8991 2066 2261 944 2962 
8992 1465 1384 781 2064 
8993 2158 1766 2925 2952 
8994 510 160 1915 3152 
8995 2149 2231 1037 2964 
8996 1369 2580 896 2853 
8997 1755 2827 2329 3050 
8998 2245 2343 1332 3174 
8999 2456 2661 1929 3188 
9000 10 1393 1212 2106 
9001 1642 2265 1999 2810 
9002 1735 2324 2264 2808 
9003 1953 2666 2090 2887 
9004 40 659 1555 2057 
9005 175 655 654 2572 
9006 1690 2911 2137 3162 
9007 1696 2638 2087 2828 
9008 1837 2370 2220 3075 
9009 1649 2233 2202 2405 
9010 2095 2253 1797 2481 
9011 1659 2206 2594 2829 
9012 2168 2386 1707 3153 
9013 1903 2282 2025 2606 
9014 1598 1546 554 2654 
9015 1873 1753 2367 2436 
9016 1960 1815 2248 2805 
9017 2168 2488 2056 2967 
9018 1850 2166 2111 2482 
9019 2058 2274 1673 3164 
9020 309 2334 649 2383 
9021 1818 2695 2034 2996 
9022 1857 2501 2027 2985 
9023 183 2473 2321 2983 
9024 1724 1971 2099 2325 
9025 1688 2486 2086 3077 
9026 2142 2239 2030 2839 
9027 1784 2461 2401 2990 
9028 2277 2296 1780 2360 
9029 298 1998 262 3165 
9030 695 409 2159 2511 
9031 357 1989 2453 2659 
9032 1734 2215 1973 3056 
9033 2195 2293 592 2934 
9034 994 2205 2182 2972 
9035 1977 2499 1826 2623 
9036 1265 1917 1237 2650 
9037 1891 2179 2100 2691 
9038 815 2731 2050 3141 
9039 1640 2252 2617 3173 
9040 1987 2392 983 2805 
9041 1738 2668 2314 2788 
9042 2802 3042 1870 3080 
9043 1902 2161 2598 2715 
9044 769 2444 1973 2687 
9045 1300 3090 1819 3122 
9046 745 2159 2355 2711 
9047 1800 2663 2400 3070 
9048 1760 2605 2079 2720 
9049 716 933 448 2241 
9050 1837 2220 2451 2977 
9051 2106 2557 1766 2933 
9052 2015 1673 2274 3164 
9053 2073 2508 1819 3193 
9054 1723 2546 1980 3188 
9055 1722 2569 2311 2629 
9056 1532 2395 1949 2772 
9057 1546 1598 2440 2654 
9058 1949 2772 1672 2920 
9059 1739 2532 2344 2825 
9060 255 2258 571 2463 
9061 1772 2279 2273 2567 
9062 1694 2586 2191 3172 
9063 2049 2236 1708 3158 
9064 192 945 191 1940 
9065 1675 2259 2369 2899 
9066 1688 2592 1870 3077 
9067 1720 2611 1895 2787 
9068 1117 1991 1119 2772 
9069 515 248 2185 3085 
9070 699 2066 708 2754 
9071 1675 2397 1989 2899 
9072 1643 1943 2436 2774 
9073 1734 2286 2176 2625 
9074 1915 2179 1788 2921 
9075 2466 2827 1755 3050 
9076 1933 2758 1773 3007 
9077 728 727 1254 2975 
9078 132 2242 2033 2890 
9079 2148 2319 1807 2966 
9080 1653 2551 2427 2721 
9081 2165 2628 1905 3003 
9082 1122 2469 2018 3180 
9083 1654 2633 2542 2638 
9084 1897 2478 2092 2917 
9085 2074 2541 1697 2885 
9086 1949 2692 1741 2920 
9087 1836 2064 2424 2669 
9088 1644 2056 2168 2488 
9089 427 453 361 1950 
9090 1273 1274 1501 3182 
9091 1750 2425 1880 2452 
9092 1121 1620 1120 2498 
9093 847 2065 845 2922 
9094 1678 2672 1974 2848 
9095 1797 2574 2675 3004 
9096 155 1482 989 3174 
9097 1057 2228 1092 2776 
9098 1414 876 828 3186 
9099 1532 1618 1622 1949 
9100 1558 2015 618 2601 
9101 562 628 2489 3163 
9102 2439 3022 2020 3119 
9103 1723 2840 2028 3002 
9104 1927 2207 2038 2490 
9105 1641 1935 2429 3058 
9106 2176 2371 1921 2761 
9107 1922 2200 1750 2880 
9108 1791 2199 2441 3057 
9109 1127 1998 1441 2745 
9110 158 511 160 2179 
9111 1751 2345 2204 2691 
9112 2003 2040 1758 2621 
9113 596 1946 2534 3100 
9114 1004 730 30 1997 
9115 1190 2276 1007 2353 
9116 251 218 231 2676 
9117 2244 2438 1954 2551 
9118 163 2555 1966 3194 
9119 976 1926 2384 2595 
9120 446 2591 2145 2678 
9121 839 2050 2352 2759 
9122 1693 2436 1943 2992 
9123 1803 3027 2341 3127 
9124 1536 103 452 2033 
9125 930 929 1918 2516 
9126 1010 2704 2073 2844 
9127 2387 2665 1894 2701 
9128 1495 3081 2245 3174 
9129 1164 2347 2010 2558 
9130 781 1384 1370 2670 
9131 1794 1900 2378 3139 
9132 1746 2202 1901 3062 
9133 1736 1920 2246 2544 
9134 1639 2319 2524 2647 
9135 1213 2706 2270 2720 
9136 824 825 888 2746 
9137 1811 2646 2289 2982 
9138 210 527 341 2001 
9139 1116 1409 2147 2990 
9140 1676 2011 2277 2487 
9141 1255 2568 2000 2727 
9142 1893 2248 2017 2857 
9143 1672 2395 1991 2772 
9144 345 919 371 2570 
9145 2450 2841 1845 2869 
9146 798 803 2626 2817 
9147 1788 2179 1915 3170 
9148 33 32 31 2447 
9149 117 1325 116 3177 
9150 740 1965 202 2471 
9151 1885 2321 2081 2899 
9152 61 60 59 2006 
9153 2072 2968 2255 3087 
9154 1948 2341 3027 3127 
9155 1687 2285 2065 2737 
9156 2299 2383 1757 2847 
9157 1819 2078 2508 2959 
9158 2223 2454 1706 2584 
9159 1685 2080 2271 2966 
9160 2030 2239 2142 2965 
9161 1712 2227 2014 2542 
9162 1476 2196 676 2649 
9163 1678 2192 2077 3007 
9164 157 2773 2205 3115 
9165 1773 2351 2096 2648 
9166 1719 1941 2417 2904 
9167 1165 2171 1166 3035 
9168 1191 1007 1190 2276 
9169 1545 2291 1530 2362 
9170 1648 2246 2008 2391 
9171 1826 1977 2623 3145 
9172 1738 2346 1937 2540 
9173 1826 2735 2288 3033 
9174 1883 2529 2375 2955 
9175 1858 2305 1904 2875 
9176 1656 2467 2162 2808 
9177 1359 1087 2533 2734 
9178 1128 1998 1127 2745 
9179 1736 2246 2134 2544 
9180 2090 2186 1953 2887 
9181 1853 2320 1747 2332 
9182 1678 3022 2848 3119 
9183 1711 2017 2248 2857 
9184 1681 2155 2307 3005 
9185 2159 2265 1860 2915 
9186 740 957 2158 2471 
9187 937 2430 2144 2613 
9188 2123 2534 1793 2978 
9189 1869 1963 2351 2616 
9190 1982 1833 2756 3094 
9191 1845 2226 2562 2753 
9192 394 1172 2266 3020 
9193 1441 1127 343 1998 
9194 2344 2569 1914 3112 
9195 2137 2855 1793 2999 
9196 1788 2299 1966 3194 
9197 1923 1734 2625 2935 
9198 1660 2288 2623 2735 
9199 1685 2319 2045 2645 
9200 1885 2369 2259 2899 
9201 1926 2765 2191 3053 
9202 1657 2253 2095 2481 
9203 2100 2203 1729 2520 
9204 1780 2296 2277 3132 
9205 1978 1739 2606 3067 
9206 1740 2012 2180 2561 
9207 2017 1893 2857 3042 
9208 1274 3134 1501 3182 
9209 1406 1450 2074 2468 
9210 1020 731 1503 2739 
9211 1565 2324 1603 2926 
9212 2145 2809 1846 2948 
9213 1864 2176 2428 3075 
9214 2368 2729 1870 2802 
9215 1603 1565 1322 2324 
9216 2281 3023 2055 3052 
9217 704 759 754 2422 
9218 1815 2016 2260 2886 
9219 20 990 2343 3013 
9220 1865 2447 1767 2463 
9221 1731 2683 2287 2852 
9222 289 1928 2475 2656 
9223 522 2531 1898 2939 
9224 1851 2386 2168 2478 
9225 586 1383 1032 2417 
9226 393 443 2184 2738 
9227 1641 1890 2380 2588 
9228 1922 2440 130 2656 
9229 1386 2078 2462 3092 
9230 746 2315 805 2889 
9231 1602 1944 894 2539 
9232 1944 2920 1741 3026 
9233 1674 2129 2693 3125 
9234 164 2189 1234 2885 
9235 2482 2767 1700 3057 
9236 328 352 2278 2631 
9237 1703 2149 2107 2486 
9238 2100 2179 1891 2900 
9239 1533 2632 2180 2786 
9240 619 618 2015 2601 
9241 1860 1714 2711 2757 
9242 2130 2228 1727 2917 
9243 1959 1678 2459 2848 
9244 1863 2528 2272 2730 
9245 40 2063 41 2413 
9246 1904 2702 2251 2875 
9247 1860 2046 2243 2987 
9248 1936 2347 1162 2558 
9249 1815 2724 2260 2944 
9250 2461 2728 1964 2910 
9251 1083 492 2434 2833 
9252 1868 2909 2412 3006 
9253 2137 2855 2999 3128 
9254 1689 2083 2525 2783 
9255 1694 1926 2225 2765 
9256 1648 2044 2246 2391 
9257 1447 1359 1108 2411 
9258 238 2509 2084 2709 
9259 765 2314 2129 3107 
9260 1638 2080 2435 2839 
9261 1350 6 4 2701 
9262 804 2603 2200 2614 
9263 428 2686 1132 3001 
9264 2119 2996 2629 3069 
9265 1706 2271 2080 3116 
9266 1944 2574 2772 3024 
9267 1939 1656 2467 2775 
9268 2029 2630 1028 2712 
9269 2557 2605 2106 3113 
9270 1993 2449 1654 3042 
9271 1989 2259 789 2892 
9272 540 2004 539 2868 
9273 238 239 2084 2509 
9274 2433 2596 1835 3187 
9275 498 627 2354 2489 
9276 1638 2223 2476 3067 
9277 1767 2008 2391 2666 
9278 1317 2128 1071 2698 
9279 2298 2436 2071 2950 
9280 960 959 961 2034 
9281 246 2694 1131 3118 
9282 2055 2279 1651 3052 
9283 1737 1924 2403 3036 
9284 1789 2229 2160 2790 
9285 1783 2507 2130 2877 
9286 859 2403 26 2602 
9287 1784 2461 2297 2728 
9288 1738 2540 1937 2918 
9289 1694 2191 2118 3172 
9290 2026 2726 1948 2861 
9291 1014 1016 1015 2099 
9292 1019 1581 1018 2295 
9293 1830 2361 2414 2801 
9294 2006 2068 1751 3114 
9295 1576 1569 1619 2795 
9296 1939 2230 1696 2716 
9297 1904 2251 1858 2875 
9298 1604 313 314 2910 
9299 620 618 1405 2015 
9300 1957 2575 2155 3016 
9301 386 366 385 2075 
9302 1778 2103 1902 2715 
9303 1677 2091 2429 2941 
9304 1814 2155 2445 3005 
9305 2282 2476 2240 2831 
9306 2152 2617 1775 3044 
9307 1702 2240 2282 2476 
9308 1015 1016 294 2099 
9309 2354 2489 1891 3103 
9310 1322 21 1321 2910 
9311 1370 484 832 3138 
9312 2122 2390 1832 3084 
9313 592 2195 666 2466 
9314 1557 1080 1264 2125 
9315 902 466 2448 2707 
9316 1800 2149 2400 2663 
9317 1000 1969 999 2575 
9318 1716 2240 2499 2831 
9319 1974 2576 1866 2672 
9320 699 57 708 2317 
9321 1826 2120 2163 2963 
9322 2094 2644 1789 2667 
9323 1680 2713 2034 2996 
9324 1692 2536 1979 2867 
9325 1116 1409 1346 2147 
9326 1565 2926 2264 2972 
9327 1722 2181 2612 2792 
9328 1465 1466 1384 3004 
9329 470 2212 468 2356 
9330 1863 2535 2373 2783 
9331 2073 2452 2200 2844 
9332 1533 636 2180 2632 
9333 1924 2285 2067 3036 
9334 965 966 739 2461 
9335 681 2259 2003 2892 
9336 1746 2202 1961 2841 
9337 1104 1086 2533 2846 
9338 1474 733 2054 2573 
9339 1938 2251 2700 2702 
9340 1723 2211 2840 3188 
9341 1743 2736 2332 2907 
9342 1753 2367 2180 2561 
9343 485 2850 832 3138 
9344 241 220 218 2598 
9345 1801 2505 2409 3077 
9346 2220 2267 1833 2838 
9347 975 976 1271 2710 
9348 502 503 2184 2615 
9349 1685 2271 2134 2966 
9350 503 2184 2615 3187 
9351 1962 2246 1736 3140 
9352 1946 2369 1758 3100 
9353 863 842 2331 2604 
9354 2244 2551 1954 2723 
9355 1956 2274 1673 2607 
9356 1638 2435 2142 2839 
9357 2102 2723 2175 2815 
9358 708 2066 944 2962 
9359 30 1004 1997 2547 
9360 711 2511 2159 2697 
9361 1639 2255 2647 2822 
9362 471 472 2809 2948 
9363 1880 2419 2028 3054 
9364 1702 2389 2589 2834 
9365 547 2585 432 3105 
9366 471 2809 2145 2948 
9367 699 2317 2066 2754 
9368 684 2582 107 2697 
9369 712 2466 2329 2697 
9370 1093 1373 1981 2878 
9371 1019 1028 2029 2630 
9372 2452 2844 1809 2880 
9373 138 100 2932 3029 
9374 2140 1963 2411 3012 
9375 43 45 2104 2759 
9376 2072 2968 3087 3120 
9377 1702 2282 1903 2476 
9378 1587 2172 1082 2593 
9379 1602 1588 894 1944 
9380 581 2354 496 2934 
9381 1447 1101 2140 2411 
9382 1675 2259 2003 2369 
9383 1215 1209 2530 2936 
9384 821 857 2626 2817 
9385 2055 2178 1759 3178 
9386 1725 1902 2278 2715 
9387 723 2187 1633 2816 
9388 2346 2626 674 2779 
9389 1553 1966 163 2555 
9390 1954 1721 2175 3032 
9391 276 2538 1985 3085 
9392 1232 2379 1236 3019 
9393 1973 2215 1780 2444 
9394 1740 1994 2263 2891 
9395 1250 2222 1178 2457 
9396 1659 2873 2501 2985 
9397 1879 2931 2336 2954 
9398 1620 1120 2498 3031 
9399 1123 2018 1122 3181 
9400 2324 2467 1735 2967 
9401 1686 1920 2843 3140 
9402 1640 2152 2024 2484 
9403 1964 2401 1842 2808 
9404 2273 2643 1932 3099 
9405 994 2182 18 2972 
9406 1941 2307 1969 2898 
9407 2053 2472 1802 2951 
9408 1833 2756 2583 2865 
9409 1411 71 72 2418 
9410 1674 2668 2294 2693 
9411 110 392 2416 3018 
9412 1908 2303 2067 2524 
9413 1754 2108 2051 2912 
9414 1924 3036 2067 3125 
9415 1771 1917 2578 2650 
9416 1651 2250 1929 3052 
9417 749 2036 2422 3047 
9418 2023 2150 1769 2796 
9419 1875 2182 2205 2488 
9420 270 1131 1956 3118 
9421 724 1476 797 2196 
9422 1652 2368 1893 2636 
9423 2365 2519 1751 2680 
9424 2116 3108 2021 3121 
9425 2027 1857 2985 3088 
9426 1853 3037 2263 3091 
9427 1797 2481 2253 2669 
9428 2813 2854 2204 2998 
9429 2390 2540 1832 3084 
9430 1660 2640 1840 2735 
9431 281 561 1938 2956 
9432 229 2447 2516 3180 
9433 499 2006 61 3114 
9434 1955 2200 1750 2614 
9435 772 2689 2388 3043 
9436 873 2521 1988 2746 
9437 1909 2301 1647 2997 
9438 1665 2993 2360 3075 
9439 1720 2089 2611 2787 
9440 1743 2105 1994 2512 
9441 1892 2090 2619 3009 
9442 1729 2390 2122 2723 
9443 1817 2728 2461 2910 
9444 1673 2607 2058 2679 
9445 2215 2554 2022 3011 
9446 693 2263 1994 2771 
9447 2012 2561 1691 2712 
9448 996 997 2657 2905 
9449 1654 2449 1993 2633 
9450 832 2336 831 2670 
9451 1813 2279 2096 2960 
9452 1197 1615 1583 2548 
9453 994 18 2182 3174 
9454 1689 2098 2083 2736 
9455 1679 2139 2093 2807 
9456 347 1542 1148 2192 
9457 1702 1927 2490 2834 
9458 956 1413 1499 1990 
9459 2032 2617 1868 2732 
9460 1704 2530 2213 3161 
9461 2148 2528 1765 2645 
9462 2103 2278 1725 2479 
9463 1900 3022 2439 3119 
9464 308 266 234 2641 
9465 741 740 2158 2557 
9466 1773 2096 2459 2648 
9467 1916 2406 2116 3134 
9468 225 2791 1946 3100 
9469 695 2159 711 2511 
9470 1944 2866 2574 3024 
9471 821 1937 458 3015 
9472 960 2034 961 2695 
9473 860 1945 859 2602 
9474 2031 1880 2452 2764 
9475 882 880 1090 2284 
9476 2609 2674 1894 2901 
9477 1956 2679 1673 2790 
9478 2037 2304 1357 2782 
9479 185 2475 289 2494 
9480 1632 793 1446 2830 
9481 1719 2308 2254 2904 
9482 1719 2219 1941 2904 
9483 2164 2765 2287 2879 
9484 1218 1085 1320 2727 
9485 619 2601 2015 2826 
9486 2336 2393 1836 2850 
9487 1957 2575 2232 3111 
9488 1851 1968 2386 2929 
9489 730 1997 1004 2778 
9490 2218 2691 2345 3103 
9491 1585 129 2440 2656 
9492 1767 2666 2516 3169 
9493 1645 2089 2485 2787 
9494 1379 2123 31 2447 
9495 672 2040 1534 2232 
9496 2130 2522 2228 2877 
9497 642 900 1138 2312 
9498 1700 2767 2199 3192 
9499 2020 2402 1811 2681 
9500 1609 1491 2554 2571 
9501 1692 2128 2009 3171 
9502 1164 1197 1163 2558 
9503 1002 1388 1241 2078 
9504 2474 3119 2484 3139 
9505 1712 2441 2070 2981 
9506 2080 2966 2373 3116 
9507 1564 1449 1563 2766 
9508 1958 1984 2916 2940 
9509 1009 2276 1201 2448 
9510 2055 2742 2279 3052 
9511 1376 2274 1131 2607 
9512 1790 2081 2321 2899 
9513 1722 1914 2569 2629 
9514 1800 2231 2505 2531 
9515 2080 2223 1992 2839 
9516 552 1311 926 2151 
9517 1074 2618 2057 2806 
9518 163 1553 162 1966 
9519 1761 2497 1947 3019 
9520 1194 2150 1159 3129 
9521 1696 2230 1939 2828 
9522 417 547 1931 3102 
9523 1941 1719 2417 2898 
9524 1878 2953 822 3015 
9525 1803 2636 2429 3058 
9526 2374 2832 1897 3172 
9527 1913 1734 2537 2600 
9528 1793 2534 2372 2978 
9529 1376 707 1131 2274 
9530 935 1570 1941 3151 
9531 2162 2376 1842 2808 
9532 1094 1144 397 2061 
9533 1685 2271 2080 3078 
9534 2040 2232 672 2741 
9535 503 414 874 2184 
9536 1931 2585 3105 3168 
9537 1049 2432 2187 3123 
9538 1133 1157 1077 1995 
9539 1559 1007 1008 2276 
9540 1684 2550 2412 3006 
9541 1818 2996 2119 3069 
9542 957 1413 956 2471 
9543 781 2064 1384 2670 
9544 1509 122 381 2337 
9545 1804 2212 1934 2414 
9546 1994 2105 1740 2367 
9547 1798 2463 2151 2754 
9548 1796 2387 2300 2991 
9549 2480 2576 2128 2867 
9550 449 2433 2242 2970 
9551 1714 2265 1951 2635 
9552 2055 2567 2178 3178 
9553 1879 2065 2655 2954 
9554 2376 2556 1842 2808 
9555 216 2652 1374 3095 
9556 688 1361 2411 2758 
9557 2197 1868 2550 3006 
9558 1654 2633 2638 3153 
9559 1691 2561 2301 2997 
9560 2268 2397 1742 2732 
9561 982 1919 1608 2753 
9562 142 399 400 2124 
9563 1838 2049 2292 3146 
9564 1753 2150 2112 2950 
9565 1638 2612 2181 3106 
9566 1070 2140 1101 2480 
9567 1903 2282 2606 2831 
9568 1787 2386 2127 3149 
9569 1724 1907 2353 2895 
9570 1779 2125 2342 2860 
9571 913 1177 290 2171 
9572 2228 2302 1429 2522 
9573 2154 2814 2572 2815 
9574 1820 2340 2377 3060 
9575 209 210 2388 2720 
9576 1839 2083 2525 2907 
9577 1192 185 2494 3074 
9578 2435 2620 1876 2981 
9579 24 197 2161 2826 
9580 1975 2384 52 2599 
9581 1892 1670 2619 2986 
9582 908 891 892 2537 
9583 1647 2105 2891 2907 
9584 2176 2286 1841 2625 
9585 498 2354 2068 2489 
9586 2021 2446 1769 2564 
9587 1679 1916 2556 3148 
9588 1902 2103 1778 2631 
9589 1851 2245 1968 3081 
9590 2077 2289 1811 2646 
9591 204 1965 740 2557 
9592 1805 2173 2619 2747 
9593 1803 2703 2597 3027 
9594 71 73 72 2940 
9595 1888 2483 800 2509 
9596 2174 2189 1697 2541 
9597 2059 2355 1714 3185 
9598 198 2015 188 2598 
9599 750 565 566 2036 
9600 2101 1700 2767 3057 
9601 879 1923 2731 2935 
9602 1824 2039 2314 2788 
9603 1729 2244 1954 2723 
9604 5 2063 4 2665 
9605 2604 3047 1856 3065 
9606 1694 2225 1926 2710 
9607 1031 2417 2308 2426 
9608 1900 2439 2020 3119 
9609 1497 398 2585 3102 
9610 1472 2086 194 2868 
9611 27 26 2403 2602 
9612 69 298 89 2350 
9613 1765 2528 2148 3072 
9614 2012 1072 2712 3097 
9615 2037 1778 2715 2938 
9616 2124 2585 398 3102 
9617 971 972 1389 2214 
9618 161 172 170 2615 
9619 1447 1101 1359 2140 
9620 2060 2253 1672 2359 
9621 1006 1562 2016 2432 
9622 2087 2227 1825 2542 
9623 2256 2719 2372 3062 
9624 1651 2742 2279 2840 
9625 789 1989 357 2659 
9626 894 2580 1944 2772 
9627 819 2363 821 3015 
9628 2017 2409 1654 3042 
9629 1816 2303 2067 2513 
9630 1733 2514 1892 2619 
9631 2165 2460 1844 3096 
9632 2055 3023 2608 3161 
9633 1670 2366 2095 2708 
9634 1816 1912 2513 3125 
9635 766 2169 2329 2827 
9636 2399 2407 2005 3059 
9637 1647 2332 2083 2907 
9638 2053 2475 291 2494 
9639 1728 2373 2535 2783 
9640 1445 2650 871 2830 
9641 1395 2149 2400 2842 
9642 1192 289 1182 1928 
9643 2025 1775 2617 3044 
9644 1455 12 900 2312 
9645 494 2529 1262 3029 
9646 2001 2604 841 3043 
9647 2143 2836 1929 3010 
9648 1711 2248 2017 2784 
9649 1916 3115 1554 3134 
9650 1651 2273 2055 2445 
9651 929 2313 1918 2906 
9652 1449 1250 2457 2766 
9653 1132 2686 2585 3001 
9654 1820 1932 2726 3099 
9655 113 1958 2448 2940 
9656 1695 2212 2114 2356 
9657 1581 1019 1519 2029 
9658 894 2539 1944 2580 
9659 2473 2581 1790 2659 
9660 1749 2135 1978 2634 
9661 472 473 500 2948 
9662 1660 2536 1979 2859 
9663 1872 2370 2255 3087 
9664 509 753 467 2591 
9665 1978 2831 2223 3067 
9666 806 769 1973 2889 
9667 2686 3105 2585 3168 
9668 1277 1293 1419 2406 
9669 1933 2494 186 3074 
9670 1674 2513 2085 2668 
9671 194 2086 1630 2868 
9672 2114 2446 1812 2498 
9673 404 1960 987 2577 
9674 1873 2135 2126 2774 
9675 1952 1729 2218 2789 
9676 1652 2368 2597 2729 
9677 2198 1742 2397 2732 
9678 1350 4 2201 2701 
9679 1912 1698 2513 2918 
9680 2085 2668 2513 2918 
9681 1949 2404 2692 2920 
9682 1752 2121 2221 2896 
9683 1748 2185 2061 2652 
9684 1846 2221 2121 2896 
9685 1871 2188 2745 2919 
9686 1715 2146 2209 2442 
9687 1698 1908 2303 2513 
9688 1036 571 2258 2943 
9689 679 608 600 2438 
9690 2158 2925 2297 2952 
9691 713 960 2125 2504 
9692 2057 2563 659 2806 
9693 1761 1859 2497 2618 
9694 2164 2275 1844 2879 
9695 2165 2722 2118 2923 
9696 1647 2748 1909 2997 
9697 1255 2000 1294 2763 
9698 1795 2527 2172 2755 
9699 1845 2377 2109 3040 
9700 1837 2428 2220 2977 
9701 224 2621 681 2976 
9702 2629 2855 1914 2996 
9703 1587 1269 1082 2172 
9704 1638 2435 2080 2930 
9705 1546 1905 2440 2603 
9706 1976 2369 2637 2871 
9707 2058 2607 1985 2679 
9708 825 410 888 2059 
9709 1722 2785 2629 2945 
9710 498 627 497 2354 
9711 885 675 676 2514 
9712 637 693 2263 2632 
9713 865 872 772 2388 
9714 1706 2223 1992 3116 
9715 1796 2300 2003 2412 
9716 918 2022 615 2554 
9717 1045 1010 2284 3193 
9718 1128 343 1127 1998 
9719 2019 2390 1721 2714 
9720 1753 2298 2126 3089 
9721 249 274 275 2607 
9722 9 2590 1225 2771 
9723 361 1950 453 2519 
9724 1547 1460 1492 2799 
9725 1376 1524 2274 2607 
9726 1927 2923 2207 3039 
9727 1531 1842 2622 3182 
9728 695 711 2159 2697 
9729 1688 2086 2486 3083 
9730 177 295 932 2605 
9731 1789 2398 1940 2790 
9732 799 2483 2050 2759 
9733 1891 2354 1983 3163 
9734 1922 1683 2440 2656 
9735 1711 2248 1960 2477 
9736 270 199 537 1956 
9737 518 1158 519 2251 
9738 1823 2059 2511 2797 
9739 780 782 2670 2954 
9740 2251 2702 1858 2875 
9741 1752 2145 2345 2896 
9742 266 2094 300 2667 
9743 2100 1788 2639 3135 
9744 1950 2680 1668 3133 
9745 986 2577 987 2805 
9746 1971 1724 2099 2465 
9747 1669 2047 2085 2540 
9748 2146 2172 1715 2593 
9749 498 496 1292 2354 
9750 149 2508 1955 3147 
9751 2072 3087 1676 3120 
9752 1932 2273 1772 2643 
9753 499 2803 2006 3114 
9754 576 610 575 2177 
9755 1871 2238 2644 2790 
9756 1645 2069 2119 2629 
9757 2253 2481 1657 2669 
9758 823 2545 298 3165 
9759 1782 2091 2381 2477 
9760 1803 1935 2341 3058 
9761 1609 1491 1458 2554 
9762 842 2331 841 3183 
9763 1354 516 1258 2082 
9764 1829 2107 2022 3064 
9765 1218 2174 1085 2727 
9766 1761 2618 2497 3019 
9767 611 683 610 2177 
9768 1961 2909 1775 3156 
9769 1847 2716 2467 2967 
9770 1844 2275 2164 3086 
9771 963 1314 961 2339 
9772 2286 1973 2889 3056 
9773 1702 2389 2240 2589 
9774 2274 2607 1524 3164 
9775 2055 2279 1704 2567 
9776 1909 1647 2301 3130 
9777 1249 526 524 2468 
9778 778 228 2564 3129 
9779 674 2346 763 2626 
9780 1028 1027 1029 1910 
9781 607 1954 679 2682 
9782 1677 1960 2249 2888 
9783 1927 2118 2923 3039 
9784 1901 2869 2450 3131 
9785 1092 2776 2228 2878 
9786 1537 1399 1461 2219 
9787 1900 1794 2484 3139 
9788 1826 2135 2120 2963 
9789 2280 2675 1160 3004 
9790 1695 2414 2361 2801 
9791 1751 2204 2345 2680 
9792 1851 1968 2929 3081 
9793 873 1079 872 2388 
9794 1663 1982 2756 3094 
9795 2102 1763 2815 2987 
9796 295 296 1184 2079 
9797 41 827 1430 2413 
9798 1994 2263 1743 2771 
9799 247 2607 1131 2694 
9800 1898 2531 2042 3150 
9801 228 2150 227 2564 
9802 2334 2431 1763 2721 
9803 732 2076 731 2573 
9804 1727 2228 2130 2522 
9805 1526 1567 1525 2755 
9806 1990 1499 2461 2990 
9807 2368 2597 2236 2636 
9808 1816 2196 1912 2856 
9809 2042 2531 1800 3150 
9810 1008 2276 1009 2762 
9811 1731 2191 2765 3053 
9812 570 552 229 2463 
9813 571 2151 1311 2463 
9814 487 489 488 2818 
9815 1136 2077 2289 2672 
9816 1824 2195 2088 3050 
9817 1785 2247 2313 2865 
9818 2013 2271 1706 2359 
9819 1398 1112 2219 2936 
9820 943 2424 1157 3138 
9821 1738 2294 2668 2788 
9822 2435 2930 2612 3078 
9823 210 2001 341 3043 
9824 1654 1993 2542 2633 
9825 1295 1218 1255 2000 
9826 733 2076 673 2581 
9827 341 2001 841 3043 
9828 1200 214 2188 2974 
9829 342 343 1128 1998 
9830 1616 2097 812 2548 
9831 2051 2912 2476 2965 
9832 198 196 188 2015 
9833 2040 2412 1796 2741 
9834 2205 2599 1916 3115 
9835 1635 1567 1628 2115 
9836 1673 1956 2607 2679 
9837 1649 2637 2202 2999 
9838 1281 2027 1520 2614 
9839 2220 2937 2428 3094 
9840 410 2059 409 2511 
9841 51 1574 751 2012 
9842 1936 2213 2530 3161 
9843 1983 2354 2039 2779 
9844 1802 2250 2053 2742 
9845 2340 2377 1756 2562 
9846 1027 1545 1530 2362 
9847 156 2141 1378 2773 
9848 1948 2726 2026 2837 
9849 1952 2218 1729 2551 
9850 2016 2432 1874 3055 
9851 1159 1489 533 2150 
9852 754 2422 2136 3047 
9853 1647 2443 2748 2997 
9854 1689 2525 2297 2783 
9855 1357 2304 2037 2938 
9856 1888 1721 2624 2714 
9857 1704 2279 2055 2742 
9858 774 1440 776 3141 
9859 2009 2140 1774 2734 
9860 1798 2066 2209 2317 
9861 1295 2541 2000 2763 
9862 1777 2085 2047 2810 
9863 1719 1941 2219 2608 
9864 428 2678 2686 3001 
9865 1652 2597 2368 2636 
9866 941 2229 939 2652 
9867 1689 1965 2393 2925 
9868 1134 882 1090 2284 
9869 291 2053 1353 2475 
9870 115 1579 117 2842 
9871 607 577 608 2438 
9872 670 2003 2621 2741 
9873 2049 2429 2636 3058 
9874 2128 2536 1883 3171 
9875 1624 1584 1475 2573 
9876 1738 2122 2540 3084 
9877 1708 2038 2108 3158 
9878 1959 1830 2361 3066 
9879 478 2705 2591 2803 
9880 1900 2361 1830 2801 
9881 2040 2621 1549 2719 
9882 215 2333 2570 2652 
9883 739 2158 956 2461 
9884 1642 2610 2088 3154 
9885 2629 2785 1920 2945 
9886 1570 2902 1941 3151 
9887 720 1942 721 2796 
9888 2276 2448 1009 2762 
9889 1170 2472 912 2951 
9890 782 2335 781 2670 
9891 2254 2904 2308 3186 
9892 869 2403 1161 3124 
9893 1754 2142 2239 2965 
9894 1844 2110 2654 3096 
9895 1473 1471 1609 2571 
9896 1851 1981 2776 2929 
9897 2197 1899 2587 2991 
9898 2011 2193 2642 3159 
9899 1816 2513 2196 3175 
9900 1651 1929 2836 3052 
9901 1803 2703 2156 2781 
9902 719 469 470 2212 
9903 1707 2343 2182 2967 
9904 2179 2691 1891 3103 
9905 1854 2275 2164 2879 
9906 1989 2201 1705 2300 
9907 1731 2118 2287 2765 
9908 2432 2594 2016 2873 
9909 384 436 2433 3187 
9910 1694 2722 2586 3172 
9911 1645 2311 2629 2945 
9912 1907 2250 2472 2895 
9913 1999 2371 1777 2993 
9914 909 851 389 2215 
9915 1429 2228 1055 2302 
9916 2200 2844 2452 2880 
9917 2224 2322 1899 2587 
9918 844 58 1248 2146 
9919 300 2667 2094 2874 
9920 883 2337 949 2552 
9921 2287 2378 1776 2800 
9922 2050 2483 799 3141 
9923 1473 433 1630 2086 
9924 1516 342 1540 1998 
9925 2428 2937 1663 3094 
9926 1696 2230 2062 2312 
9927 1536 452 464 2033 
9928 1839 2907 2884 2992 
9929 1157 1995 1133 2590 
9930 1651 2250 2742 2840 
9931 1685 2620 2544 3078 
9932 28 30 2503 2547 
9933 2122 1832 2540 3084 
9934 1408 2306 1984 2552 
9935 626 2243 683 2582 
9936 101 2 3 3001 
9937 1806 2544 2785 2945 
9938 1718 2349 1972 2457 
9939 990 1332 2343 3174 
9940 1881 2749 2449 3153 
9941 1698 2495 1908 2513 
9942 1638 2157 2435 2612 
9943 2215 2537 1734 2600 
9944 1272 1991 1076 2777 
9945 1778 2304 2075 2864 
9946 523 1968 1051 2531 
9947 1909 2748 1647 3130 
9948 782 845 847 2065 
9949 1641 2380 2419 3071 
9950 2063 2587 2387 2903 
9951 547 2585 1931 3102 
9952 1747 2320 1853 3026 
9953 1299 1987 983 2805 
9954 2368 1870 3042 3080 
9955 1859 2581 1518 2659 
9956 979 1173 1385 2103 
9957 1653 2121 2218 2824 
9958 1759 2575 1957 3111 
9959 1766 2557 2106 3113 
9960 1918 1720 2247 2469 
9961 1719 1969 2426 2898 
9962 1472 194 539 2868 
9963 1174 2103 363 2938 
9964 1814 3016 3005 3045 
9965 1815 2248 2724 2944 
9966 1445 871 1446 2830 
9967 2070 2227 1712 2981 
9968 1806 2493 2454 3051 
9969 1480 2053 291 2494 
9970 746 747 805 3032 
9971 2101 1700 2578 2767 
9972 2128 1883 2897 3171 
9973 1935 2429 2091 2941 
9974 1967 2851 1908 2914 
9975 1942 2023 1769 2796 
9976 1299 2653 1987 2805 
9977 2188 2826 2161 2919 
9978 2968 3126 2283 3185 
9979 1757 2813 2299 2854 
9980 2112 2150 1753 2786 
9981 364 2864 2631 3093 
9982 1791 2733 2767 3057 
9983 1266 2021 1276 3108 
9984 1439 709 1440 2969 
9985 1568 271 272 3118 
9986 2103 2864 363 2938 
9987 1223 2579 2141 2773 
9988 516 2082 992 2658 
9989 1003 2309 1911 2462 
9990 1918 2820 1962 3034 
9991 1958 2704 2257 3028 
9992 1766 2158 2651 2952 
9993 1753 2291 2180 2786 
9994 1943 2774 2443 2992 
9995 1609 2571 2554 3064 
9996 729 1240 2358 2778 
9997 1969 1217 2426 2898 
9998 1549 2621 77 2719 
9999 55 505 27 2602 
10000 1708 2449 2051 3080 
10001 2258 2463 1798 2943 
10002 154 2078 2423 3090 
10003 1727 2478 2586 2917 
10004 1732 2422 2046 2572 
10005 2137 2637 1946 2871 
10006 1903 2476 2282 2831 
10007 1641 2341 2026 2837 
10008 1679 2376 2116 3121 
10009 682 671 2701 2741 
10010 1625 2062 2560 3113 
10011 1568 271 2160 3073 
10012 1009 1201 902 2448 
10013 769 2687 1973 2889 
10014 699 708 698 2754 
10015 1921 1721 2315 3032 
10016 96 871 870 2349 
10017 2012 2115 1741 2853 
10018 1944 2539 1741 2580 
10019 1966 2596 162 3187 
10020 265 1998 1540 2326 
10021 740 957 956 2158 
10022 765 2942 2314 3107 
10023 172 2615 161 3187 
10024 1746 1901 2256 3062 
10025 2629 2996 2069 3069 
10026 731 2527 1503 2739 
10027 2256 1901 2719 3062 
10028 1875 2302 3081 3144 
10029 2489 2519 1751 3114 
10030 1710 2789 2788 3154 
10031 1472 1471 1473 2086 
10032 871 1972 1446 2830 
10033 32 229 2447 2463 
10034 1174 979 363 2103 
10035 1407 1408 950 1984 
10036 1894 2387 1796 2674 
10037 1811 2439 2020 2460 
10038 1791 2767 2199 3057 
10039 1743 2590 1995 2736 
10040 988 217 215 2652 
10041 1656 2239 1996 2525 
10042 1674 2129 2668 2693 
10043 1764 2374 2038 3158 
10044 1704 2096 2279 2960 
10045 224 681 1208 2976 
10046 2065 2655 845 2922 
10047 162 1966 1553 2596 
10048 2328 2424 1747 3025 
10049 1676 2487 2277 3087 
10050 1641 2341 1935 3058 
10051 2121 2882 1884 3038 
10052 662 2039 2314 2942 
10053 1855 2323 3057 3196 
10054 1725 2350 1998 2479 
10055 1055 2302 2228 2776 
10056 1708 2236 2368 3080 
10057 800 2483 1888 3141 
10058 1646 2348 2227 2961 
10059 1070 1100 2140 2480 
10060 1268 2564 1343 2796 
10061 1653 2218 2345 2824 
10062 1678 2672 2848 3022 
10063 479 520 481 3082 
10064 1699 1952 2427 2882 
10065 120 1400 119 1971 
10066 1924 1737 2285 3036 
10067 695 409 745 2159 
10068 1748 2160 1956 3118 
10069 1658 2587 1899 2648 
10070 2028 2380 1930 3071 
10071 841 842 835 2604 
10072 2020 1811 2460 2681 
10073 1460 2111 793 2457 
10074 1705 2201 1989 2453 
10075 1126 2326 1128 2745 
10076 1685 2373 2080 2966 
10077 530 520 479 3082 
10078 1374 1144 947 2652 
10079 1808 2345 2145 3017 
10080 1922 2603 2440 2628 
10081 1729 1954 2244 2971 
10082 695 711 409 2511 
10083 2740 3087 2968 3120 
10084 2215 2296 1780 2600 
10085 2499 2774 2135 2831 
10086 2182 990 2343 3174 
10087 1716 2041 2282 2671 
10088 873 898 1988 2521 
10089 2061 2242 1713 2970 
10090 2096 2648 1772 2769 
10091 1871 2745 2188 2974 
10092 1133 2590 2320 3037 
10093 1650 2048 2399 2584 
10094 733 948 2054 2581 
10095 2295 2630 1840 2932 
10096 389 909 2215 3011 
10097 481 480 479 2251 
10098 827 326 2308 2665 
10099 1694 2118 2165 2722 
10100 1837 2977 2451 2988 
10101 1767 2516 2447 2820 
10102 1821 2802 2729 3080 
10103 1710 2068 2354 3103 
10104 2319 2645 2148 2647 
10105 2091 2477 1782 3061 
10106 470 1620 2114 2356 
10107 68 2278 1011 2350 
10108 1729 2122 2203 2789 
10109 1308 2228 2522 2877 
10110 1680 2569 1914 2996 
10111 1705 2201 2063 2387 
10112 1272 1119 1076 1991 
10113 1001 2547 1005 2763 
10114 1642 2047 2390 3084 
10115 110 392 427 2416 
10116 1783 2886 2092 2985 
10117 2055 1759 2273 3178 
10118 1928 2494 2402 3074 
10119 1433 2228 1308 2877 
10120 950 526 1249 2113 
10121 766 703 2169 2827 
10122 1933 2192 2758 3007 
10123 2132 2543 1887 2566 
10124 1679 2556 2093 3148 
10125 1261 1520 2027 2415 
10126 1850 2482 2323 3083 
10127 385 386 2075 2433 
10128 2051 2449 1993 3080 
10129 59 61 2006 3114 
10130 2109 2273 1932 3099 
10131 1765 2190 2647 2822 
10132 475 474 469 2212 
10133 1822 2253 2060 2359 
10134 1550 812 1616 2097 
10135 1499 1224 1410 2990 
10136 1062 1287 42 2978 
10137 1693 2105 1994 2367 
10138 2309 2547 1001 2763 
10139 237 236 2005 2317 
10140 660 659 2563 2806 
10141 2884 2907 2105 2992 
10142 1174 1356 1173 2103 
10143 58 2146 57 2317 
10144 1722 2181 2792 3191 
10145 1669 2437 2047 2624 
10146 1822 2359 2060 2748 
10147 976 1230 2384 2579 
10148 1724 2217 2099 2465 
10149 1656 2162 2728 2808 
10150 2092 2357 1897 2586 
10151 2030 2239 1754 2408 
10152 1012 191 945 2601 
10153 1725 2278 2103 2715 
10154 724 725 288 2363 
10155 2450 2504 1746 2794 
10156 1677 2845 2260 2888 
10157 2798 2986 2067 3036 
10158 1911 1768 2309 2763 
10159 1858 2383 2305 2875 
10160 1064 24 197 2161 
10161 304 349 332 2075 
10162 1848 2647 2190 2822 
10163 2167 2393 1863 2783 
10164 1690 2005 2407 3059 
10165 1994 2263 693 2632 
10166 2264 2926 2324 2972 
10167 2220 2428 1792 2977 
10168 2144 2696 2613 2787 
10169 2459 2648 2096 2769 
10170 1836 2670 2336 2850 
10171 2089 2485 1982 3189 
10172 1726 2023 1942 2811 
10173 1773 2322 2351 2648 
10174 832 485 831 2336 
10175 1935 1697 2823 2941 
10176 2063 2413 1774 2903 
10177 2015 2601 1940 2826 
10178 1684 2412 2909 3006 
10179 605 2520 2203 2900 
10180 2072 2822 2255 2968 
10181 741 2557 2158 2651 
10182 1974 2459 1959 2867 
10183 1458 1193 908 2554 
10184 1604 1964 2401 2926 
10185 1987 2248 1815 2805 
10186 1827 2673 2307 2795 
10187 1820 2377 2340 3127 
10188 1368 1945 860 2675 
10189 2027 2501 2206 2873 
10190 1182 1928 289 2656 
10191 2112 2950 2150 3129 
10192 1942 2811 720 3104 
10193 1770 2599 2205 2773 
10194 2372 2621 79 3100 
10195 1880 2764 2419 3054 
10196 89 88 69 2545 
10197 1781 2330 2793 3133 
10198 2034 1746 2504 2794 
10199 915 2264 1565 2926 
10200 1409 2269 2147 2990 
10201 1712 2157 1993 2802 
10202 615 2022 918 3011 
10203 2434 2727 2174 3061 
10204 462 790 2286 2935 
10205 2036 2420 2136 3047 
10206 1651 2273 2109 3099 
10207 1750 2027 2415 2501 
10208 1237 2430 1238 2650 
10209 1913 2537 2215 2600 
10210 2208 2288 1742 2497 
10211 569 561 480 2700 
10212 2715 2790 2238 2919 
10213 1641 2980 2380 3071 
10214 1845 2491 1957 2979 
10215 1726 3089 2210 3145 
10216 221 1442 198 2161 
10217 1519 2327 2029 3097 
10218 109 143 142 2365 
10219 1690 2005 2258 3142 
10220 2277 2487 1837 3087 
10221 1300 1134 3122 3193 
10222 2287 1776 2518 2800 
10223 2131 2233 1786 2924 
10224 1111 2219 1112 2904 
10225 1957 1759 2445 2575 
10226 191 23 190 2826 
10227 2150 2564 228 3129 
10228 783 847 845 2922 
10229 2198 2397 2300 2732 
10230 2046 1732 2572 2815 
10231 1750 2425 2501 2628 
10232 1801 2486 2149 2663 
10233 2327 2863 2120 3033 
10234 1368 2280 1945 2675 
10235 909 851 2215 3056 
10236 1766 2272 2216 2933 
10237 405 407 406 2187 
10238 368 2099 367 3137 
10239 448 2107 447 2684 
10240 414 874 2184 3030 
10241 1805 2366 1991 2747 
10242 1643 2126 2298 3145 
10243 1763 1938 2427 2721 
10244 117 2042 2400 3177 
10245 1754 2239 2030 2965 
10246 1755 2466 2329 2827 
10247 185 291 2475 2494 
10248 1724 2325 2010 2353 
10249 332 297 304 3093 
10250 1658 2387 2197 2587 
10251 1859 2581 2054 2618 
10252 2059 2283 3126 3185 
10253 1701 2026 2474 2861 
10254 890 615 2022 2684 
10255 1847 2324 2182 2967 
10256 2137 2911 1852 3162 
10257 1740 2301 2012 2561 
10258 1655 2020 2439 2460 
10259 1742 2421 2397 2862 
10260 940 2644 2229 3046 
10261 156 1223 1222 2141 
10262 2089 2787 1645 2870 
10263 1075 1076 2574 2675 
10264 1668 2998 2033 3133 
10265 2415 2603 1521 2614 
10266 2149 2486 1801 2964 
10267 377 1176 1175 2762 
10268 81 2699 2127 2718 
10269 1422 992 2266 2658 
10270 1730 2341 2156 3000 
10271 1383 2308 1032 2417 
10272 1300 3090 1593 3193 
10273 1934 2212 1804 3117 
10274 1112 1109 2254 2846 
10275 1203 1191 1204 1971 
10276 1187 889 598 2705 
10277 1624 2295 1511 2573 
10278 1522 357 358 2659 
10279 754 759 758 2136 
10280 1948 1820 2726 2837 
10281 1667 2394 2078 2959 
10282 1907 1724 2523 2895 
10283 1143 1246 1142 3131 
10284 1317 1071 1318 2698 
10285 1778 2075 2676 3093 
10286 1677 2260 2429 2944 
10287 2336 2931 2043 2954 
10288 1077 1157 943 2424 
10289 1647 2083 2332 2780 
10290 810 506 837 2602 
10291 1750 1905 2603 2628 
10292 416 417 426 2743 
10293 1806 2080 2271 3078 
10294 1537 1162 1479 1936 
10295 1635 2115 1628 2853 
10296 736 738 737 3151 
10297 2026 2837 1701 3071 
10298 1881 2386 2168 3153 
10299 1828 2812 2070 2988 
10300 2095 2366 1807 2708 
10301 1658 2322 2587 2648 
10302 1660 1979 2536 3066 
10303 2062 2230 1817 2510 
10304 992 2266 2082 2738 
10305 1658 2674 2567 3178 
10306 574 648 649 2383 
10307 1658 2178 2567 2674 
10308 1803 2597 2236 3027 
10309 1611 1455 1469 2042 
10310 2281 2836 1929 3052 
10311 712 2329 2511 2697 
10312 2215 2537 892 3056 
10313 792 2553 25 3124 
10314 1960 2653 987 2805 
10315 2071 2410 1769 3121 
10316 1715 2209 2013 2442 
10317 1243 1429 2302 2522 
10318 291 1353 913 2475 
10319 1053 523 685 1968 
10320 2018 2820 1918 3034 
10321 1421 121 1420 2099 
10322 2112 1862 2950 3129 
10323 2334 2956 1858 3082 
10324 1706 2271 2013 2717 
10325 1645 2485 2119 2787 
10326 1716 2282 2025 2671 
10327 2076 2527 731 2739 
10328 681 734 1208 2259 
10329 44 2469 2104 2696 
10330 2451 2620 1828 2812 
10331 1922 2382 1683 2656 
10332 1442 2161 221 2928 
10333 1654 2638 2170 3153 
10334 1219 1085 1218 2174 
10335 1672 1944 2866 2920 
10336 1821 2236 2688 3080 
10337 1683 2628 2440 3096 
10338 507 2649 506 2856 
10339 1785 2583 2138 2756 
10340 1992 1822 2748 3116 
10341 1529 2291 1489 2786 
10342 1780 3063 2331 3132 
10343 120 1204 1400 1971 
10344 1215 1113 1202 2936 
10345 2402 2077 2646 3074 
10346 649 309 599 2334 
10347 1694 2165 2118 3076 
10348 278 350 328 2631 
10349 1592 2411 1361 3190 
10350 229 552 551 2516 
10351 2238 2715 2037 2790 
10352 404 1389 987 1960 
10353 1484 1915 160 3152 
10354 2145 2896 2809 3017 
10355 2115 2692 1949 2755 
10356 890 2331 2022 3011 
10357 2070 2812 1828 2981 
10358 1648 2717 2493 3184 
10359 1763 2438 2551 2723 
10360 629 335 969 3045 
10361 653 2203 657 2969 
10362 1571 811 2902 3151 
10363 733 731 673 2076 
10364 2038 2819 2207 2858 
10365 2669 2780 2253 2866 
10366 745 694 2159 2711 
10367 1983 2203 2122 2789 
10368 652 1983 651 3163 
10369 275 274 276 1985 
10370 1899 2587 2322 2648 
10371 1910 2362 2210 2630 
10372 1871 2644 2094 2667 
10373 287 927 286 2953 
10374 255 1036 571 2258 
10375 538 540 539 2868 
10376 1706 1896 2454 2717 
10377 1071 2128 1340 2480 
10378 1794 2025 2282 2671 
10379 59 499 61 3114 
10380 1991 2395 1805 2777 
10381 473 550 500 2948 
10382 1436 2262 1445 2830 
10383 2230 1817 2728 2952 
10384 2046 2422 1860 3049 
10385 1981 2776 1093 2878 
10386 2064 2481 2280 3004 
10387 1277 2406 1276 2818 
10388 1726 2318 1934 2640 
10389 1515 2154 654 2572 
10390 1896 2493 2717 3184 
10391 1968 2245 1707 2939 
10392 1948 2924 2405 3156 
10393 1877 2413 2063 2903 
10394 1856 2420 2036 3047 
10395 163 162 161 1966 
10396 2210 2735 1826 3033 
10397 216 2333 2652 3095 
10398 2220 1792 2451 2977 
10399 2257 2762 1958 3028 
10400 1668 2124 2082 3143 
10401 692 1347 7 1994 
10402 1584 1474 1475 2573 
10403 1780 2296 1973 3065 
10404 1296 2127 82 2929 
10405 1525 1627 2527 2755 
10406 1890 2501 2425 2628 
10407 1642 1951 2265 2810 
10408 1651 2109 2273 2445 
10409 389 2444 388 3011 
10410 2271 2717 2134 2927 
10411 1675 2300 2397 2732 
10412 637 693 1199 2263 
10413 2309 2547 1768 2566 
10414 1749 2135 2774 2831 
10415 1825 2638 2633 2828 
10416 1641 1935 2341 3000 
10417 2068 2803 1292 3114 
10418 2052 2366 1805 2619 
10419 1196 1194 1159 3129 
10420 58 2317 56 2593 
10421 1747 1853 2332 3026 
10422 1749 2223 1978 2831 
10423 1965 2557 204 3110 
10424 2028 2382 1880 3054 
10425 850 1072 1574 2012 
10426 1772 2273 1932 3006 
10427 799 2050 807 2759 
10428 576 2177 575 2700 
10429 1803 2236 2049 3027 
10430 569 587 561 2700 
10431 837 860 810 2602 
10432 1680 2007 2237 2860 
10433 1667 2031 2132 2566 
10434 1663 1895 2611 2664 
10435 1379 2447 230 3180 
10436 135 1017 136 2630 
10437 35 2320 1586 3037 
10438 448 447 1456 2684 
10439 1411 1544 788 2358 
10440 1737 1945 2280 2798 
10441 1649 2137 2999 3128 
10442 1655 2118 2287 3039 
10443 1630 2086 433 2964 
10444 156 1378 155 2773 
10445 1686 2855 2123 2911 
10446 2320 3025 1853 3026 
10447 79 2621 2372 2719 
10448 1679 2093 2139 2683 
10449 1055 2228 1057 2776 
10450 1184 2079 2521 3110 
10451 456 1158 2251 2809 
10452 1822 2872 2253 2966 
10453 1809 2704 2662 3028 
10454 9 2269 2590 2771 
10455 1934 2640 2414 2750 
10456 2207 2038 2490 2819 
10457 870 1140 2349 2650 
10458 1670 2067 2798 2986 
10459 1633 2027 2187 3088 
10460 2116 2376 1862 3121 
10461 2073 2662 1809 2704 
10462 1771 2430 1917 2650 
10463 1679 2116 2376 2556 
10464 1726 2298 2023 3089 
10465 1085 2174 1083 2727 
10466 1651 2279 2211 2840 
10467 1816 2986 2303 3175 
10468 634 2508 149 3147 
10469 1648 2134 2717 2927 
10470 367 368 121 2099 
10471 1730 1980 2543 3060 
10472 1266 1276 1326 3108 
10473 1735 2264 1916 2556 
10474 1675 2300 1989 2397 
10475 615 2554 2022 3064 
10476 876 875 2413 2533 
10477 2186 2887 2363 2953 
10478 1898 2170 1968 2531 
10479 1660 1977 2414 2640 
10480 2638 2716 2170 3153 
10481 2223 2831 2476 3067 
10482 1611 2560 2042 3177 
10483 2103 2278 1902 2715 
10484 1994 1693 2147 2512 
10485 1895 2611 2089 2787 
10486 1599 1152 2110 2654 
10487 2215 3011 2022 3132 
10488 1730 2341 3000 3060 
10489 945 1940 192 3166 
10490 1698 2196 2513 3175 
10491 1835 2433 2242 2596 
10492 2319 2524 1848 2708 
10493 1837 2277 2977 2988 
10494 1715 2317 2005 2407 
10495 824 866 826 2746 
10496 1150 1259 2289 2982 
10497 1276 2406 2021 2818 
10498 1683 1928 2382 2681 
10499 1670 2366 2052 2619 
10500 1630 2868 2086 2964 
10501 657 2203 605 2520 
10502 1268 1344 1267 2446 
10503 959 961 2034 2794 
10504 1994 2105 1693 2512 
10505 2 455 1 2678 
10506 2722 2923 2165 2980 
10507 1982 2756 1833 2865 
10508 1895 2611 1720 2696 
10509 1079 209 2388 2720 
10510 1663 2625 2428 3094 
10511 714 2450 980 2504 
10512 1548 2577 2805 3109 
10513 453 958 512 3152 
10514 2219 2347 1936 2608 
10515 1650 2081 2310 3059 
10516 1848 2067 2737 2798 
10517 1617 1432 1136 2077 
10518 2185 2333 2061 2652 
10519 2411 2758 1361 3190 
10520 1377 1243 1429 2302 
10521 1782 2727 2434 3061 
10522 1856 2136 2420 3047 
10523 2320 1747 2424 3025 
10524 2429 2588 1838 2829 
10525 493 1262 3104 3117 
10526 1644 2108 2374 2832 
10527 1928 1683 2382 2656 
10528 1934 2318 1840 2640 
10529 2279 2742 1651 3052 
10530 1718 2349 2664 2870 
10531 1782 2496 2091 3061 
10532 125 1922 440 3035 
10533 9 1224 1225 2590 
10534 1660 2623 1977 2640 
10535 161 2299 170 3194 
10536 2612 2792 2157 2945 
10537 1464 803 690 2314 
10538 429 398 2124 2585 
10539 1722 2007 2311 2569 
10540 307 2226 629 3016 
10541 1751 2204 2680 3170 
10542 1464 2626 2314 2779 
10543 1681 1936 2347 2608 
10544 2621 2976 224 3100 
10545 1860 2243 2046 3049 
10546 295 2079 1184 2557 
10547 2070 2441 2014 3196 
10548 393 2184 874 3030 
10549 1731 2287 2164 2765 
10550 91 2278 88 2928 
10551 1670 2303 2986 3175 
10552 429 2585 2124 3001 
10553 2188 2974 1998 3165 
10554 1771 2349 1972 2870 
10555 256 2173 257 2261 
10556 1159 227 228 2150 
10557 1797 2574 2866 3024 
10558 1259 2289 2275 3031 
10559 1070 1100 1101 2140 
10560 1894 2609 2387 2674 
10561 9 2269 1224 2590 
10562 2119 2629 2069 3069 
10563 706 2422 750 2572 
10564 2144 2018 2751 3181 
10565 1733 2619 2090 3009 
10566 1811 1928 2402 2646 
10567 1706 2454 1896 2584 
10568 996 1906 2657 2821 
10569 2363 2887 1878 2953 
10570 1890 2722 2165 2980 
10571 1845 2450 2562 2770 
10572 1716 1978 2515 2606 
10573 688 1361 2758 3190 
10574 1774 2533 2413 2734 
10575 1729 1952 2551 2723 
10576 1211 2530 2213 2690 
10577 1642 2294 1951 2810 
10578 804 2200 125 3035 
10579 1792 2428 2220 2937 
10580 2250 1907 2472 3008 
10581 1898 1707 2343 2939 
10582 807 815 2050 3141 
10583 1726 3089 2023 3157 
10584 1145 2155 1278 2673 
10585 1737 2403 2280 3036 
10586 1295 1504 2541 2763 
10587 565 564 566 2687 
10588 962 964 963 2978 
10589 1762 2306 1986 3101 
10590 1743 2512 1994 2771 
10591 665 2195 612 2942 
10592 1919 982 2450 2753 
10593 396 1357 2304 2782 
10594 1035 2395 1119 2777 
10595 1705 2397 2198 2421 
10596 605 2100 2520 2900 
10597 1773 2459 2322 2648 
10598 2136 2689 758 3047 
10599 1368 859 860 1945 
10600 1859 2581 2659 2862 
10601 1852 2493 2785 3051 
10602 992 2738 2082 3102 
10603 2218 2345 2824 3103 
10604 384 2433 3030 3187 
10605 2036 3047 2444 3065 
10606 2342 2995 1080 3068 
10607 1750 2415 2027 2614 
10608 2255 2370 1837 3087 
10609 2236 2858 2049 3027 
10610 1699 2427 2121 2882 
10611 1721 2390 2047 2714 
10612 1019 1575 2029 2712 
10613 1919 2562 2450 2770 
10614 1278 1145 1502 2155 
10615 2079 2557 2605 2933 
10616 2153 2610 1755 2915 
10617 2246 2493 1920 2843 
10618 365 366 386 2864 
10619 1968 1787 2386 2699 
10620 2059 2511 410 2922 
10621 1879 2335 2064 2481 
10622 431 428 2678 2686 
10623 1537 1936 1479 2936 
10624 2006 2365 1808 2678 
10625 1763 1954 2438 2723 
10626 195 193 1038 2964 
10627 1930 2460 1683 2681 
10628 2147 2401 1842 2622 
10629 1710 2218 2789 3154 
10630 130 2440 129 2656 
10631 1019 2029 1028 2712 
10632 1911 2394 1867 2594 
10633 1878 2906 2887 3169 
10634 430 2686 1904 3105 
10635 1675 2369 2871 2899 
10636 1820 2377 1932 3099 
10637 2140 2322 1963 3012 
10638 1855 2070 2441 2981 
10639 1746 1961 2770 2841 
10640 2121 1846 2702 3195 
10641 2197 2587 2387 2991 
10642 2539 2685 1853 3026 
10643 1834 2740 2689 3185 
10644 936 934 1612 2417 
10645 2061 131 2890 2970 
10646 1818 2430 2144 2751 
10647 1672 2253 2060 2866 
10648 1662 2703 2156 3127 
10649 1694 2118 2765 3076 
10650 1816 2856 1912 3125 
10651 1883 2859 2379 3171 
10652 1759 2178 2055 2893 
10653 983 2127 1372 2392 
10654 417 418 1341 3102 
10655 427 361 109 1950 
10656 1112 1113 1109 2846 
10657 1674 1967 2285 2851 
10658 1641 2026 2341 3058 
10659 2165 3003 1905 3076 
10660 12 1625 2062 2560 
10661 1998 1725 2479 2745 
10662 804 1283 2603 2614 
10663 1997 2547 2309 2566 
10664 1075 1076 1117 2574 
10665 1449 1250 1178 2457 
10666 1742 2208 2163 2288 
10667 2435 2080 2930 3078 
10668 1952 1763 2427 2551 
10669 234 2326 282 2641 
10670 2397 2421 1859 2862 
10671 1892 2514 2261 2619 
10672 1785 2104 2247 2756 
10673 2146 1715 2317 2593 
10674 1664 2090 2666 2887 
10675 1650 2399 2081 3059 
10676 1102 2140 1100 2734 
10677 1816 2513 2067 3125 
10678 1868 2617 2032 2909 
10679 1520 1281 1633 2027 
10680 1981 2316 1783 2878 
10681 1532 1247 1618 1949 
10682 2209 2442 2146 2989 
10683 1506 2869 2753 2979 
10684 1970 2405 1775 2804 
10685 1730 2823 2031 3000 
10686 807 2050 799 3141 
10687 1511 2327 732 2573 
10688 385 2433 2075 3020 
10689 555 1270 2225 2455 
10690 1874 2187 2432 2873 
10691 239 800 2483 2509 
10692 1868 2617 2198 2732 
10693 1814 2836 2143 3010 
10694 1118 894 1588 2772 
10695 344 343 342 1998 
10696 237 56 2317 2593 
10697 1031 1032 2308 2417 
10698 2025 2282 1716 2606 
10699 1806 2785 2493 3051 
10700 1840 2735 2295 2932 
10701 84 85 322 2094 
10702 1105 1112 2254 2904 
10703 1991 2395 1119 2772 
10704 2041 1776 2378 2801 
10705 2408 2912 2589 2957 
10706 2174 2434 1083 2727 
10707 1808 2686 2585 3168 
10708 1684 2909 1961 3040 
10709 1272 1119 1991 2777 
10710 2055 2273 1759 2445 
10711 1861 2468 2074 2885 
10712 2305 2383 1858 3082 
10713 1799 2408 2589 2957 
10714 1790 2659 2581 2862 
10715 1780 2444 2215 3011 
10716 138 2932 2375 3029 
10717 1398 1112 1111 2219 
10718 679 2154 747 3032 
10719 1674 1924 2285 3125 
10720 1690 2911 2044 3142 
10721 2373 2528 2035 2535 
10722 1939 2716 2638 3153 
10723 1050 822 808 2973 
10724 2194 2838 1833 2865 
10725 2275 2289 1259 2982 
10726 1658 2387 2609 2674 
10727 1024 2943 2258 2983 
10728 2097 2902 811 3151 
10729 1679 2021 2410 3121 
10730 1771 2613 2430 2650 
10731 1283 1521 2603 2614 
10732 2005 2317 1798 2407 
10733 1972 2349 1771 2650 
10734 2181 2464 1821 3191 
10735 1317 2698 147 2897 
10736 1224 1499 1413 1990 
10737 657 653 605 2203 
10738 1018 2630 2295 2932 
10739 2159 2582 1860 2711 
10740 1795 2048 2692 2913 
10741 1716 2606 2282 2831 
10742 264 262 298 1998 
10743 1820 2456 2377 3099 
10744 2414 2640 1977 2750 
10745 617 496 2354 2934 
10746 2053 2213 1480 2951 
10747 1809 2764 2452 2880 
10748 1744 1819 2284 2662 
10749 1959 2459 1974 2848 
10750 1603 1322 313 1964 
10751 2049 2858 2236 3158 
10752 1003 1911 1060 2462 
10753 1811 2020 2439 3022 
10754 1939 2633 2638 2828 
10755 643 459 677 2346 
10756 1903 2831 2606 3067 
10757 2439 2460 1811 2879 
10758 2405 1948 2804 2924 
10759 1648 2391 2209 3184 
10760 2079 2557 1965 3110 
10761 1661 2752 2323 3079 
10762 1651 1929 2456 2836 
10763 1740 2559 2263 2632 
10764 66 176 2605 2720 
10765 1660 2414 1977 2623 
10766 584 2904 1106 3186 
10767 1977 2414 1830 2623 
10768 1856 2420 2136 2689 
10769 49 50 2290 2559 
10770 1166 1165 1177 2171 
10771 44 43 45 2104 
10772 2509 2714 1832 2969 
10773 1719 2417 2308 2904 
10774 2223 2839 2080 2930 
10775 1699 2610 1952 2882 
10776 1064 263 24 3165 
10777 1412 1224 1413 2590 
10778 1606 1480 2213 2951 
10779 919 215 2333 2570 
10780 1779 1919 2949 3068 
10781 1974 2576 2480 2867 
10782 2206 2425 1867 2829 
10783 1765 2148 2647 3072 
10784 1724 3005 2217 3010 
10785 1439 1440 800 2509 
10786 1337 1586 3025 3091 
10787 1779 2189 2833 2995 
10788 1687 2072 2822 2931 
10789 1840 2318 1934 3029 
10790 1750 2200 1922 2603 
10791 274 1985 2607 2694 
10792 562 583 628 3163 
10793 2127 2392 1987 3149 
10794 1904 2305 2743 3168 
10795 1792 2428 2937 2977 
10796 1029 1028 1910 2712 
10797 1110 891 1179 2537 
10798 1820 2419 2341 3060 
10799 547 437 417 3105 
10800 1797 2675 2280 3004 
10801 1739 2515 1978 2606 
10802 41 40 5 2063 
10803 2107 2684 2022 3064 
10804 424 1404 1984 2881 
10805 2385 2643 2152 2726 
10806 1705 2387 2063 2587 
10807 1101 2140 1592 2480 
10808 1644 2526 2191 2760 
10809 1278 390 1331 3016 
10810 719 721 720 1942 
10811 636 752 751 2180 
10812 2001 2270 527 3183 
10813 1807 2134 2271 2966 
10814 1794 2282 2025 2819 
10815 1616 812 1205 2548 
10816 461 2537 2286 3056 
10817 1468 2432 1048 3055 
10818 1781 2416 2330 3133 
10819 1141 2040 1549 2719 
10820 2106 1760 2933 3159 
10821 1645 2578 2101 2870 
10822 1481 1364 379 2094 
10823 1648 2246 2044 2493 
10824 38 287 37 1953 
10825 1683 2165 2380 2628 
10826 2608 3023 1936 3161 
10827 2174 2727 2000 3061 
10828 731 2076 733 2573 
10829 1724 2281 3005 3010 
10830 1946 2637 2369 2871 
10831 55 27 25 1924 
10832 2019 1832 2714 2969 
10833 1217 1969 1538 2898 
10834 409 410 825 2059 
10835 335 2226 969 3045 
10836 1710 2354 1983 2789 
10837 270 246 1131 3118 
10838 839 807 2050 2759 
10839 1760 2706 2605 2720 
10840 1889 2244 2639 3135 
10841 45 44 2104 2696 
10842 2402 2681 1813 3002 
10843 1951 2283 1823 2797 
10844 2146 2395 843 3048 
10845 1791 2733 2311 2767 
10846 1673 2015 2274 2601 
10847 154 152 2078 3090 
10848 1411 788 786 2358 
10849 1372 82 1296 2127 
10850 741 2158 739 2651 
10851 32 570 229 2463 
10852 1975 2683 3053 3148 
10853 940 941 108 2229 
10854 1605 1211 2213 2690 
10855 1806 2785 2612 2945 
10856 1717 2193 2072 2730 
10857 1464 2314 691 2779 
10858 274 248 1985 2694 
10859 2305 2383 1757 2875 
10860 1709 2295 2029 3033 
10861 2055 2273 2567 3178 
10862 1668 1931 2854 3143 
10863 1232 1304 137 2379 
10864 1206 2325 1583 2548 
10865 2753 2869 1845 2979 
10866 46 771 48 2458 
10867 1219 2174 1218 2541 
10868 1618 1949 1247 2755 
10869 1984 1762 2916 2940 
10870 1021 2099 294 2465 
10871 1671 1929 2661 3008 
10872 2074 2468 1450 2885 
10873 1929 2456 1756 2661 
10874 2 2678 3 3001 
10875 2129 2169 1824 2693 
10876 2011 3136 2193 3159 
10877 2642 2894 2011 3159 
10878 2604 3043 1856 3047 
10879 1743 2098 2736 2907 
10880 968 2531 2231 2842 
10881 1672 2359 2013 2404 
10882 531 533 532 2023 
10883 1864 2371 2437 2624 
10884 2178 1759 2674 2901 
10885 1641 2837 2026 3071 
10886 1860 2102 2265 2757 
10887 2289 2439 1866 3022 
10888 2451 2620 2045 2645 
10889 911 912 1170 2472 
10890 2032 2617 1775 2909 
10891 1184 2079 898 2521 
10892 2204 2691 1653 3135 
10893 964 2339 963 2978 
10894 1684 2491 2841 2908 
10895 557 309 559 2383 
10896 1751 2680 2396 3170 
10897 1642 2294 2088 3050 
10898 1388 1386 2078 2462 
10899 1097 998 2232 2575 
10900 2065 2285 1737 2737 
10901 1733 2261 2514 2619 
10902 1711 2214 1960 2653 
10903 1671 1906 2543 2661 
10904 1940 2188 1871 2919 
10905 2085 2495 1669 2540 
10906 236 2005 2317 2943 
10907 890 1456 615 2684 
10908 1585 2440 2110 2656 
10909 1759 2445 2575 2893 
10910 1638 2839 2223 2930 
10911 2740 1676 3087 3120 
10912 1677 2845 2000 2941 
10913 657 2203 2520 2969 
10914 2068 2489 2354 3103 
10915 2058 249 2607 3164 
10916 1882 2381 2199 2592 
10917 2025 2861 2819 3044 
10918 2425 2501 1890 2829 
10919 1700 2111 1972 2830 
10920 1677 2429 1935 2941 
10921 1758 2621 2372 3100 
10922 1697 1935 2781 2941 
10923 1526 1525 1510 2327 
10924 983 81 1372 2127 
10925 1779 2949 2458 3068 
10926 1138 20 2343 3013 
10927 587 575 625 2243 
10928 1948 2837 2341 3127 
10929 1286 1285 1256 2249 
10930 1838 2429 2260 2944 
10931 1485 2434 1486 2727 
10932 2255 1837 2451 2487 
10933 1767 1918 2516 2820 
10934 2189 2458 1861 2885 
10935 21 19 2510 3013 
10936 44 910 2104 2469 
10937 181 183 2321 2983 
10938 1787 2718 2235 2784 
10939 1817 2230 2062 2952 
10940 2368 2857 1893 3042 
10941 1923 2766 2222 2935 
10942 1988 2521 2043 2746 
10943 571 1371 2151 2754 
10944 1843 2524 2303 2838 
10945 2234 2340 1861 2821 
10946 689 2509 240 2709 
10947 2443 2907 1839 2992 
10948 2040 2621 2003 2741 
10949 385 415 2433 3020 
10950 2006 1808 2345 2678 
10951 2689 2740 1856 3185 
10952 1773 2192 1974 3007 
10953 2216 2348 1886 3159 
10954 1734 2428 2117 2625 
10955 1711 1987 2248 2784 
10956 1796 2387 1894 2701 
10957 1718 2349 2457 2766 
10958 910 2104 2469 3041 
10959 1429 1057 1055 2228 
10960 1987 1711 2653 2784 
10961 382 884 952 2552 
10962 2147 2269 1994 2512 
10963 2325 2548 1206 3137 
10964 1642 2390 2122 3084 
10965 430 1904 2686 2809 
10966 817 2973 2759 3041 
10967 948 1474 733 2054 
10968 1102 1359 1101 2140 
10969 1376 249 1524 2607 
10970 2327 2527 2076 2549 
10971 1850 1913 2752 2799 
10972 997 2143 336 2657 
10973 1955 2816 1745 2959 
10974 1816 2067 3036 3125 
10975 1902 2492 2058 2598 
10976 43 839 45 2759 
10977 2186 2514 1953 2994 
10978 1454 654 2154 2814 
10979 1729 2244 2100 2520 
10980 1656 2728 2467 2808 
10981 769 564 2444 2687 
10982 2084 2709 1937 3015 
10983 1715 2048 2399 2913 
10984 817 2759 855 3041 
10985 948 1518 1517 2618 
10986 2278 2350 1725 2479 
10987 431 2678 2145 2686 
10988 1775 2405 1961 3156 
10989 2150 2786 2112 3129 
10990 74 76 75 2453 
10991 907 1565 915 2264 
10992 1863 2528 2373 2535 
10993 1391 2577 403 3109 
10994 1982 1736 2627 3189 
10995 1728 2239 2142 2839 
10996 1816 2649 2602 2986 
10997 976 977 1230 2579 
10998 1737 2280 1945 3036 
10999 1794 2207 2378 2490 
11000 1599 2110 2440 2654 
11001 1006 2016 244 3055 
11002 1742 2208 2497 2862 
11003 1330 1569 1576 2795 
11004 2116 1842 2556 3182 
11005 2499 2831 2135 2963 
11006 1388 1386 154 2078 
11007 1775 1970 2804 3044 
11008 2307 2898 1941 3151 
11009 82 2127 81 2699 
11010 1795 2692 2755 2913 
11011 1740 2180 2367 2561 
11012 1876 2612 2157 2945 
11013 1678 2835 2402 3119 
11014 1731 2765 2595 3053 
11015 1768 2000 2845 2941 
11016 1949 2755 2692 2913 
11017 1810 2022 2338 2684 
11018 92 149 2508 2816 
11019 1805 2261 2173 2777 
11020 2380 2628 2165 2980 
11021 2121 2702 1846 2896 
11022 948 542 1474 2054 
11023 880 2284 881 2418 
11024 1954 2682 607 2971 
11025 2297 2783 2525 2925 
11026 729 730 1240 2778 
11027 2173 1670 2619 2747 
11028 580 617 662 2039 
11029 820 867 819 3015 
11030 1552 2574 2328 3004 
11031 1547 1493 1595 2166 
11032 1534 2040 1141 2491 
11033 1645 2311 2069 2629 
11034 1803 3027 2049 3058 
11035 1921 2687 805 2889 
11036 1255 1295 2000 2763 
11037 1973 2296 1665 3065 
11038 1533 2180 1375 2786 
11039 778 777 779 2622 
11040 1682 2478 2292 2832 
11041 1406 1504 2074 2541 
11042 2155 2673 2307 3005 
11043 2055 2608 2178 3161 
11044 1512 2325 1130 3137 
11045 1649 2344 1970 2532 
11046 2595 2765 1926 3053 
11047 2216 2933 2272 3159 
11048 1749 2223 1992 2634 
11049 2495 2540 2085 2918 
11050 396 2037 1357 2782 
11051 1738 2346 1983 2779 
11052 2096 2279 1772 2567 
11053 2044 2768 1865 2911 
11054 1684 3040 2841 3111 
11055 2178 2608 2055 2893 
11056 1777 2085 2810 2851 
11057 2096 2351 1704 2567 
11058 1875 2205 2182 3174 
11059 2155 2575 1279 3016 
11060 1773 1974 2459 3007 
11061 26 859 970 2403 
11062 2190 2822 2072 2931 
11063 1688 2323 3083 3196 
11064 1715 2172 2146 2442 
11065 863 835 842 2604 
11066 2068 2824 2345 3103 
11067 2382 2475 1928 2656 
11068 1975 2683 1731 3053 
11069 1649 1970 2405 2532 
11070 1690 2044 2911 3162 
11071 2132 2662 1744 3028 
11072 249 1524 2607 3164 
11073 580 2039 662 2942 
11074 296 898 1184 2079 
11075 1543 289 290 2475 
11076 98 1382 135 2362 
11077 1950 2396 1751 2680 
11078 423 1984 73 2552 
11079 2023 3089 2291 3157 
11080 2038 2374 2108 3158 
11081 1929 2836 2281 3010 
11082 11 1455 1611 2560 
11083 1890 2165 2628 2980 
11084 605 2100 621 2520 
11085 1772 2385 1932 2643 
11086 120 1203 1204 1971 
11087 2334 2383 1858 2721 
11088 1809 2171 2257 2546 
11089 1772 1932 2385 3006 
11090 682 2003 670 2741 
11091 1860 2265 2102 2915 
11092 2261 2777 1805 3048 
11093 1653 2427 2121 2702 
11094 49 2290 51 2559 
11095 1915 2033 2998 3133 
11096 729 1637 29 2881 
11097 2379 2897 1883 3171 
11098 1817 2297 2461 2728 
11099 1876 2544 2364 2620 
11100 166 1220 1406 2885 
11101 1788 2100 2179 2691 
11102 2184 2615 1757 2847 
11103 1214 686 687 2758 
11104 975 1926 2710 2876 
11105 688 2411 687 2758 
11106 1975 2599 1916 3148 
11107 2104 2611 2247 2756 
11108 1684 2040 2491 2908 
11109 1006 2432 2016 3055 
11110 642 2343 1137 2939 
11111 1724 1929 2895 3010 
11112 681 734 2259 2892 
11113 1311 571 1371 2151 
11114 2022 3079 2554 3132 
11115 719 1942 720 3104 
11116 806 2687 769 2889 
11117 1332 2343 2245 2939 
11118 1661 2277 2977 3132 
11119 1678 2077 2672 3022 
11120 1754 2449 2108 2749 
11121 1342 2415 553 2455 
11122 15 877 875 2413 
11123 1672 1949 2404 2442 
11124 2001 2270 1810 2642 
11125 1339 1317 147 2897 
11126 1976 2637 2137 2871 
11127 599 2438 2334 2814 
11128 1672 2404 1949 2920 
11129 1746 2256 1901 3131 
11130 503 874 502 2184 
11131 568 2221 567 2705 
11132 1704 2279 2096 2567 
11133 2130 1783 2917 3160 
11134 1696 2312 2062 2560 
11135 687 1215 2183 2616 
11136 1528 2791 2976 2983 
11137 762 773 790 2315 
11138 705 2422 2046 3049 
11139 1828 2620 2451 2645 
11140 2586 2710 1926 2876 
11141 1797 2747 2675 3024 
11142 808 2084 2973 3015 
11143 1897 2292 2478 2832 
11144 629 3016 2226 3045 
11145 2564 2950 1769 3121 
11146 1220 2541 1406 2885 
11147 1369 2290 858 2539 
11148 1707 1898 2343 2716 
11149 1885 2871 2369 2899 
11150 2104 2247 1720 2469 
11151 565 566 2036 2687 
11152 2134 2319 1807 2849 
11153 1589 2327 1525 2527 
11154 2211 1820 2837 3099 
11155 1678 2024 2835 3119 
11156 1788 2179 2100 2921 
11157 2396 2680 1950 3170 
11158 461 2286 2889 3056 
11159 1822 2966 2359 3116 
11160 1790 2268 2208 3179 
11161 2168 2526 2478 2832 
11162 1750 2425 2206 2501 
11163 1893 2049 2429 2636 
11164 517 303 371 2185 
11165 761 2921 1488 3194 
11166 765 680 2314 2942 
11167 855 43 2104 2759 
11168 1746 2713 2256 2794 
11169 2348 2011 2894 3159 
11170 1251 97 991 2766 
11171 2459 2769 1959 2958 
11172 681 670 682 2003 
11173 1853 2891 2263 3037 
11174 1830 2041 2671 2801 
11175 1375 1533 636 2180 
11176 1706 2634 1909 2748 
11177 2003 1796 2412 2741 
11178 1832 2520 2203 2969 
11179 1815 2392 2316 2886 
11180 2047 2540 2390 3084 
11181 1770 2760 2093 3148 
11182 1379 1123 1560 2751 
11183 1650 2515 1978 2584 
11184 2116 2264 1916 3134 
11185 1930 2380 2165 2980 
11186 1975 2470 1731 2683 
11187 2182 2324 1735 2967 
11188 2026 3027 2341 3058 
11189 2047 2390 2540 2714 
11190 1821 1993 2802 3080 
11191 2455 2654 1905 3076 
11192 406 604 405 3088 
11193 58 1082 1248 2172 
11194 1938 2702 2721 2956 
11195 1939 2638 2633 3153 
11196 44 356 2469 2696 
11197 233 903 2448 2940 
11198 2027 2415 1520 2614 
11199 1531 914 1352 2401 
11200 2103 2715 1778 2938 
11201 1215 1214 687 2183 
11202 2001 1810 2331 3063 
11203 1732 2175 2154 2815 
11204 470 469 468 2212 
11205 156 1223 2141 2773 
11206 377 1175 376 2762 
11207 1933 2690 2494 2960 
11208 2286 2537 461 2935 
11209 1658 2178 2351 2567 
11210 1863 2393 2272 2783 
11211 2280 2403 1945 3036 
11212 1820 2837 1948 3127 
11213 2315 2517 762 2682 
11214 1939 1696 2638 2716 
11215 83 339 85 2094 
11216 2528 2645 1828 3136 
11217 274 248 276 1985 
11218 1751 2396 2179 3170 
11219 1890 2722 2357 3003 
11220 2160 2570 273 3118 
11221 1840 2210 2630 2735 
11222 1989 2397 1859 2659 
11223 668 694 722 2711 
11224 1990 2269 1743 2590 
11225 1889 2551 2244 3135 
11226 1731 2191 2118 2765 
11227 1978 2223 1749 2634 
11228 1015 294 1021 2099 
11229 38 927 1953 2994 
11230 827 2308 326 3186 
11231 1974 2192 1773 3190 
11232 2008 1843 2849 3009 
11233 2129 1824 2668 2693 
11234 2021 2446 1267 2818 
11235 2428 2625 1663 2937 
11236 1995 2471 1990 2590 
11237 1731 2595 2384 3053 
11238 1222 1243 2141 2522 
11239 1742 2497 2421 2862 
11240 754 2136 758 3047 
11241 1706 1992 2223 2634 
11242 1916 2264 2116 2556 
11243 478 549 556 2705 
11244 1081 698 708 2962 
11245 725 2363 797 2817 
11246 1774 2587 2063 2903 
11247 2448 2916 1762 2940 
11248 1792 2937 2117 2977 
11249 965 739 956 2461 
11250 1699 2882 2121 3038 
11251 1817 2297 2158 2461 
11252 2152 2861 2025 3044 
11253 1356 2238 1452 2479 
11254 2019 2517 1721 2682 
11255 2153 1699 2610 2915 
11256 1980 2661 2543 3060 
11257 2112 2367 1994 2632 
11258 2225 2455 1270 2710 
11259 1949 1741 2580 2920 
11260 1620 1621 470 2114 
11261 1307 1308 923 2522 
11262 1915 1788 2555 2921 
11263 1084 2174 1234 2833 
11264 2117 2937 2428 2977 
11265 1647 2301 2685 2891 
11266 1731 2287 2118 2852 
11267 1451 1423 1402 2009 
11268 1689 2393 2167 2783 
11269 227 1159 533 2150 
11270 2113 2306 950 2905 
11271 531 1336 1335 2023 
11272 439 2200 804 3035 
11273 1820 2419 1980 3188 
11274 2070 2014 2486 3196 
11275 2136 2422 2036 3047 
11276 1722 2344 2181 3191 
11277 1689 2167 2083 2783 
11278 1130 2325 1206 3137 
11279 1662 2131 2703 2924 
11280 1815 2805 2577 3109 
11281 243 3055 244 3109 
11282 1831 2606 2025 3173 
11283 2323 1829 3079 3083 
11284 1776 2041 2378 2490 
11285 1696 2716 2312 3150 
11286 2424 2670 1836 3138 
11287 542 2054 2618 3019 
11288 1739 2310 2454 2584 
11289 1805 2984 2209 2989 
11290 2264 3134 2116 3182 
11291 1873 2105 2443 2992 
11292 1815 2577 1960 2888 
11293 164 985 2189 2885 
11294 1563 2349 96 2766 
11295 794 2111 2502 2830 
11296 303 345 371 2570 
11297 1644 2488 2168 2526 
11298 2049 3027 2858 3058 
11299 1984 1762 2306 2916 
11300 2020 3119 2474 3139 
11301 2203 2520 2100 2900 
11302 864 565 834 3047 
11303 667 789 267 2892 
11304 1037 2231 1038 2964 
11305 1825 2239 1996 2828 
11306 673 2076 731 2739 
11307 2066 2261 1805 3048 
11308 1880 2452 2764 2880 
11309 1832 2540 2390 2714 
11310 1645 2506 2089 2870 
11311 388 2444 863 3011 
11312 478 549 2705 2803 
11313 626 575 610 2243 
11314 1688 2199 2482 3057 
11315 1993 1821 2802 3106 
11316 1709 2288 2735 3033 
11317 949 2337 2306 2552 
11318 1091 2725 2316 2878 
11319 1676 2740 2388 3120 
11320 1653 2702 2121 2896 
11321 1640 2671 2252 3173 
11322 286 1260 2514 2994 
11323 2120 2135 2565 2963 
11324 1790 2208 2076 3179 
11325 2476 2831 1903 3067 
11326 2153 2582 1699 2915 
11327 1986 2523 1762 3101 
11328 1571 2902 1570 3151 
11329 874 444 502 2184 
11330 2083 2167 1689 2736 
11331 1811 2402 2020 3022 
11332 2199 2381 1882 2677 
11333 7 693 1994 2771 
11334 630 1242 632 2595 
11335 1698 2186 2090 2887 
11336 2082 2738 1931 3102 
11337 44 855 43 2104 
11338 1979 2867 2536 3066 
11339 667 76 74 2453 
11340 1359 2533 1088 2846 
11341 1898 2312 2716 3150 
11342 498 1292 179 2068 
11343 346 186 1933 2690 
11344 1007 2276 1559 2353 
11345 1991 2747 2675 2777 
11346 2200 2452 1750 2880 
11347 1672 2404 2013 2442 
11348 1766 2106 2062 3113 
11349 2321 2473 1885 2983 
11350 1716 1978 2606 2831 
11351 1655 1930 2460 2923 
11352 80 2699 81 2718 
11353 819 821 820 3015 
11354 965 312 966 2461 
11355 1651 2109 2445 2836 
11356 867 822 2953 3015 
11357 2487 1828 2645 3136 
11358 1841 2050 2731 3141 
11359 1565 2264 907 2972 
11360 439 804 125 3035 
11361 998 1534 1097 2232 
11362 1047 1487 550 2221 
11363 1089 1134 1090 3122 
11364 1322 313 1964 2910 
11365 751 752 51 2559 
11366 1944 1672 2772 2920 
11367 1666 2025 2819 3044 
11368 1756 2456 1929 2836 
11369 1203 1971 120 2707 
11370 1687 2283 2968 3126 
11371 2402 2835 2020 3119 
11372 1649 2032 2202 2637 
11373 1800 2638 2087 3150 
11374 1020 673 731 2739 
11375 1778 2631 2103 2864 
11376 1360 2411 1108 2616 
11377 2082 2658 1781 2793 
11378 1648 2013 2209 2927 
11379 2070 1855 2441 3196 
11380 2359 2966 2271 3116 
11381 2026 2837 2726 2861 
11382 2106 2933 2216 3159 
11383 341 527 841 2001 
11384 794 1636 793 2830 
11385 1651 2742 2250 3052 
11386 1508 2502 1594 3014 
11387 1483 1013 1316 2751 
11388 1701 2726 2837 2861 
11389 1083 1084 492 2833 
11390 1506 2450 2753 2869 
11391 1308 2228 1429 2522 
11392 1991 2772 2574 3024 
11393 1728 2373 2035 2535 
11394 214 235 234 2974 
11395 2493 2785 1920 2843 
11396 202 2471 1965 2850 
11397 346 1214 1210 2690 
11398 2182 2488 1875 2967 
11399 692 1994 693 2632 
11400 2586 2722 1897 3172 
11401 182 2321 183 2473 
11402 2235 2653 1711 2784 
11403 1674 2067 2513 3125 
11404 1574 2012 1072 2712 
11405 1779 2833 2342 2995 
11406 2158 2557 1766 2651 
11407 2680 3133 1950 3170 
11408 785 762 2517 2682 
11409 557 311 309 2334 
11410 2062 2312 2230 2510 
11411 679 678 2682 3032 
11412 2336 2500 1717 2931 
11413 145 2782 2304 2970 
11414 1658 2322 1963 2903 
11415 1074 1517 358 2618 
11416 773 2286 2315 2889 
11417 665 2827 2195 2942 
11418 1808 2345 2204 2680 
11419 1632 1446 871 1972 
11420 1255 1256 1285 2568 
11421 1764 2722 2923 3172 
11422 1077 421 2320 2424 
11423 1980 2661 2456 3188 
11424 1489 1529 1435 2291 
11425 1433 1429 1308 2228 
11426 1695 2518 2133 2801 
11427 1695 2212 2414 2750 
11428 1613 2262 1168 2342 
11429 1645 2101 2506 2870 
11430 2085 2513 2495 2918 
11431 1379 31 230 2447 
11432 1977 1726 2640 3145 
11433 1796 2701 2232 2741 
11434 392 2416 3018 3095 
11435 1604 1603 313 1964 
11436 937 2613 2144 2696 
11437 134 1382 98 2318 
11438 413 444 2743 2847 
11439 1752 2896 2221 2948 
11440 833 841 2604 3043 
11441 1673 2037 2715 2790 
11442 1996 2239 1728 2525 
11443 2328 2669 2064 3004 
11444 1253 933 2241 2400 
11445 1889 2383 2334 2721 
11446 1708 2108 2374 3158 
11447 1928 2681 2402 3002 
11448 1945 2798 1737 3036 
11449 755 756 2169 2553 
11450 303 2185 248 2694 
11451 1773 2459 1974 3012 
11452 1548 2805 2392 3109 
11453 1714 1951 2283 2635 
11454 1985 2607 2058 2676 
11455 2306 2337 1986 3101 
11456 639 592 666 2466 
11457 629 2226 335 3045 
11458 232 233 466 2707 
11459 1819 2508 2078 3090 
11460 688 1360 687 2411 
11461 868 258 917 2173 
11462 1902 2598 2161 2928 
11463 416 418 417 2738 
11464 1078 1586 2320 3025 
11465 1952 2789 2218 3154 
11466 976 1478 1271 2595 
11467 1804 2414 1934 2955 
11468 1918 931 2469 3041 
11469 1679 2093 2683 3148 
11470 791 2169 756 2553 
11471 1649 2532 2032 2637 
11472 1834 2355 2059 3185 
11473 673 2581 2076 2739 
11474 687 2411 1360 2616 
11475 1889 2438 2551 2721 
11476 399 2124 2365 3001 
11477 750 749 565 2036 
11478 1843 2090 2303 3009 
11479 2118 2923 2722 3172 
11480 258 917 2173 2777 
11481 2167 2393 1836 2500 
11482 72 1984 1404 2881 
11483 1750 2603 1922 2628 
11484 1716 2515 1978 2963 
11485 1075 2574 1426 2675 
11486 2152 2643 1701 2726 
11487 1823 2693 1951 2797 
11488 1866 2848 2672 3022 
11489 1492 1491 2571 2799 
11490 1776 2389 2139 2410 
11491 2020 2439 1900 3139 
11492 2180 2559 1740 2632 
11493 2150 2950 1862 3129 
11494 2149 2231 1800 2842 
11495 1822 2373 2966 3116 
11496 1764 1927 2374 3172 
11497 804 2614 2200 3147 
11498 1797 2669 2328 3004 
11499 2436 2774 1943 2992 
11500 1159 2150 228 3129 
11501 1763 1938 2431 2987 
11502 2221 2896 1846 2948 
11503 930 929 931 1918 
11504 2027 2187 1874 2873 
11505 1385 1173 1580 2479 
11506 118 1509 952 2337 
11507 684 2159 694 2582 
11508 682 2003 2741 2892 
11509 1724 1971 2276 3101 
11510 238 240 2509 2709 
11511 1736 1982 2485 3189 
11512 1266 2564 2021 3108 
11513 1911 2249 1059 2883 
11514 1667 2566 2132 2662 
11515 423 424 1984 2552 
11516 1687 2059 2283 3126 
11517 1267 1276 2021 2818 
11518 1898 2716 2170 3150 
11519 917 1272 1076 2777 
11520 429 2124 398 3001 
11521 2030 2408 1754 2912 
11522 2447 2820 2516 3180 
11523 1737 2335 2280 2403 
11524 1810 2270 2001 3183 
11525 1894 2426 2308 2609 
11526 2045 2645 2319 2647 
11527 852 2537 461 3056 
11528 408 2511 757 2922 
11529 199 707 201 2274 
11530 446 431 428 2678 
11531 1650 2120 2208 2549 
11532 1292 179 2068 3114 
11533 1998 2350 1725 3165 
11534 2726 2837 1820 3099 
11535 1912 2668 2513 3125 
11536 1761 2379 2859 3171 
11537 1064 2161 1442 2545 
11538 2130 2522 923 2876 
11539 1998 2326 265 2974 
11540 1961 3040 2909 3156 
11541 2109 2456 1651 3099 
11542 2332 2736 2083 2907 
11543 749 750 706 2422 
11544 131 2782 145 2970 
11545 1993 2449 1754 2633 
11546 1455 900 642 2312 
11547 15 1107 877 2413 
11548 2151 2391 1798 3155 
11549 547 432 437 3105 
11550 968 2231 1039 2842 
11551 2005 2317 1715 2593 
11552 1104 1086 1414 3186 
11553 540 1634 539 2004 
11554 2238 2644 378 2745 
11555 1805 2146 2066 3048 
11556 695 684 107 2697 
11557 918 2215 909 3011 
11558 1817 2158 2297 2952 
11559 243 2316 3055 3109 
11560 2348 2894 1886 3159 
11561 1799 2589 2834 2957 
11562 508 455 61 2591 
11563 2458 2949 1919 3068 
11564 713 960 1264 2125 
11565 1701 2837 2026 2861 
11566 1856 2036 2420 3065 
11567 2228 1981 2776 2917 
11568 1186 2651 2062 3113 
11569 1798 2463 2258 3142 
11570 529 528 563 2396 
11571 1776 2410 2139 2852 
11572 671 1350 682 2701 
11573 1709 2029 2327 3033 
11574 1939 2467 2056 2775 
11575 582 528 511 2179 
11576 1802 2742 2213 3023 
11577 38 1953 37 2906 
11578 469 2212 719 3104 
11579 1743 2269 2512 2771 
11580 1826 2163 2288 2623 
11581 1653 2121 2824 2896 
11582 1856 3043 2604 3063 
11583 1655 2439 2020 3139 
11584 1951 2265 1714 2797 
11585 336 997 292 2143 
11586 2101 2482 1700 3057 
11587 2759 2973 1785 3041 
11588 1006 953 1562 2432 
11589 744 2219 1111 2904 
11590 2010 2347 1681 3023 
11591 1872 2255 2822 2968 
11592 612 2195 624 2942 
11593 1887 2503 1997 2547 
11594 2189 2458 1779 2660 
11595 2240 2389 1943 2589 
11596 2229 2644 1789 3046 
11597 2539 3025 1853 3091 
11598 124 804 1283 2603 
11599 580 2934 2039 2942 
11600 1733 2066 2261 2984 
11601 2164 630 2470 2595 
11602 1909 2048 2404 2692 
11603 1640 2385 2152 2617 
11604 432 2585 2686 3105 
11605 648 504 1290 2847 
11606 461 2889 853 3056 
11607 1010 2844 2073 3147 
11608 1521 2415 1546 2603 
11609 1686 1914 2855 3128 
11610 1747 2780 2669 2866 
11611 1008 1007 1009 2276 
11612 1784 2269 1990 2990 
11613 1438 779 2622 3129 
11614 1876 2435 2157 2612 
11615 914 2926 1531 3182 
11616 1681 2281 2010 3023 
11617 1717 2521 2079 3110 
11618 1822 2060 2253 2780 
11619 663 1047 106 2153 
11620 1936 1681 2347 3023 
11621 1683 2110 2440 2656 
11622 2308 2426 1719 2609 
11623 2084 2583 1785 2973 
11624 959 967 961 2794 
11625 1861 2458 2189 2660 
11626 1563 96 1564 2766 
11627 681 2003 682 2892 
11628 1420 368 1365 2099 
11629 642 1138 1137 2343 
11630 1191 1190 1573 2325 
11631 1238 1139 1140 2613 
11632 1808 2678 2365 3001 
11633 2034 2504 959 2794 
11634 1644 2834 2108 2957 
11635 1985 1713 2946 3085 
11636 2360 2740 1856 3063 
11637 1933 1704 2690 2960 
11638 2337 2465 1986 3101 
11639 1685 2080 2435 3078 
11640 1749 2634 2443 2997 
11641 2191 2760 2526 3053 
11642 844 843 2146 2395 
11643 2049 2636 1803 3058 
11644 1698 2196 2363 2817 
11645 1936 2530 1479 2936 
11646 459 689 240 2709 
11647 1855 2812 2070 2981 
11648 1775 2385 2152 2726 
11649 1585 1600 129 2656 
11650 1689 2783 2297 2925 
11651 1649 1970 2344 3112 
11652 1765 2645 2528 3136 
11653 1383 2308 584 3186 
11654 1654 2409 2017 2947 
11655 2026 2861 1948 3027 
11656 1711 2409 2235 2784 
11657 1785 2247 2104 3041 
11658 2385 2909 1932 3156 
11659 1453 1127 1441 2745 
11660 2250 1929 3008 3188 
11661 1213 1229 2270 2975 
11662 2276 2448 1762 2707 
11663 1795 2527 2327 2549 
11664 1757 2743 2305 3168 
11665 1671 2543 1980 2661 
11666 776 2019 640 2682 
11667 1240 2358 2778 3122 
11668 1869 2351 2183 2616 
11669 2230 2312 1696 2716 
11670 1075 1426 1160 2675 
11671 1987 2653 2235 2784 
11672 1406 524 1450 2468 
11673 2060 2253 2780 2866 
11674 1687 2043 2655 3126 
11675 1967 2524 1639 2914 
11676 2249 2577 1059 2883 
11677 1057 1092 2228 2878 
11678 1948 2405 2804 3156 
11679 493 494 1262 3029 
11680 397 131 1094 2061 
11681 1912 2314 1738 2668 
11682 382 883 884 2552 
11683 1661 2070 2812 2988 
11684 1152 1585 1599 2110 
11685 1013 2144 1316 2751 
11686 1281 2614 1282 3147 
11687 2184 1835 2854 3187 
11688 2343 2716 1847 2967 
11689 2086 1801 2486 2964 
11690 1862 2950 2564 3121 
11691 1764 2038 2858 3158 
11692 1931 1757 2743 2854 
11693 237 2321 2005 2983 
11694 1743 2263 2891 3037 
11695 1342 1546 1521 2415 
11696 1952 1763 2551 2723 
11697 1729 2551 2244 2723 
11698 299 298 70 2350 
11699 2010 2325 1827 2548 
11700 398 2124 399 3001 
11701 602 2507 534 3088 
11702 88 91 329 2278 
11703 1932 2377 2109 3099 
11704 1805 2052 2619 2984 
11705 1692 2140 2480 3012 
11706 645 2581 128 2739 
11707 1646 2535 2272 2961 
11708 941 939 1144 2652 
11709 1732 2422 2136 2757 
11710 207 938 355 2696 
11711 1714 2355 2689 3185 
11712 1292 581 1291 2803 
11713 2170 2638 1800 3150 
11714 2496 2660 2002 2781 
11715 1380 1122 2018 3180 
11716 1819 2778 2358 3122 
11717 1604 1603 1964 2926 
11718 2182 1735 2488 2967 
11719 1848 2524 2319 2647 
11720 1930 2923 1764 2980 
11721 2350 2545 1725 3165 
11722 1824 2294 2088 2788 
11723 1874 2187 2027 3088 
11724 1687 1967 2737 2822 
11725 1670 2052 2366 2708 
11726 1870 2199 2381 2592 
11727 2329 2511 1823 2922 
11728 1710 2788 2088 3154 
11729 2363 2953 1878 3015 
11730 1908 2524 1967 2914 
11731 1755 2466 2153 2697 
11732 1736 2364 2045 3189 
11733 890 2331 718 2684 
11734 1947 2497 1761 2859 
11735 2117 2625 2428 2937 
11736 1738 2314 1912 2626 
11737 2092 2586 2917 3160 
11738 1679 2683 1975 3148 
11739 1411 1544 2358 2881 
11740 424 1404 72 1984 
11741 724 288 2186 2363 
11742 196 620 1405 2015 
11743 2246 2391 2044 2768 
11744 2272 2783 2393 2925 
11745 381 1022 2337 2465 
11746 2743 3105 1904 3168 
11747 2001 2331 1810 3183 
11748 1646 3136 2011 3159 
11749 1880 2380 2425 2628 
11750 1954 2175 2154 3032 
11751 1237 1239 1238 2430 
11752 1978 2135 2831 2963 
11753 2356 2498 1854 3031 
11754 455 2591 1 2678 
11755 2063 2413 1877 2665 
11756 173 613 705 2046 
11757 1747 3025 2320 3026 
11758 1703 2663 2087 3070 
11759 2179 2396 1915 3170 
11760 2476 2912 2030 2965 
11761 1740 2263 1994 2632 
11762 1641 2429 2588 3058 
11763 1272 1035 1119 2777 
11764 1191 1573 1512 2325 
11765 1655 2378 2287 2800 
11766 2569 2629 1914 2996 
11767 769 564 389 2444 
11768 1798 2005 2407 3142 
11769 243 2316 2725 3055 
11770 1641 2588 2380 2980 
11771 1060 1003 1059 1911 
11772 393 443 874 2184 
11773 1683 2382 2028 2681 
11774 1764 2858 2049 3158 
11775 216 1374 947 3095 
11776 1740 2367 2180 2632 
11777 804 1282 2614 3147 
11778 760 2129 55 3107 
11779 1790 2397 2268 2899 
11780 1807 2271 2134 2927 
11781 2085 2294 1738 3084 
11782 195 2868 193 2964 
11783 2191 2586 1897 3172 
11784 396 513 1357 2037 
11785 2398 2601 946 3166 
11786 1714 2136 2689 2711 
11787 2234 2562 1756 2753 
11788 2032 2202 1758 2908 
11789 1790 2076 2208 2862 
11790 1720 2696 2144 2787 
11791 1900 2484 1959 3119 
11792 1817 2651 2158 2952 
11793 1741 2920 2685 3026 
11794 312 1185 966 2910 
11795 1781 2416 2033 2890 
11796 1758 2202 2032 2637 
11797 1259 2275 1301 3031 
11798 1923 1663 2625 2664 
11799 2332 2780 1747 3026 
11800 1994 2512 2269 2771 
11801 105 107 106 2697 
11802 1765 2487 2645 3136 
11803 2420 2635 1999 2757 
11804 2139 2807 2389 2834 
11805 2360 2420 1856 2740 
11806 2392 2805 1815 3109 
11807 1638 2157 2612 3106 
11808 622 2019 709 2969 
11809 2170 2716 2638 3150 
11810 2393 2500 1863 2730 
11811 1821 2368 2236 3080 
11812 2589 2912 2834 2957 
11813 73 2552 1984 2940 
11814 2505 2784 2409 2947 
11815 1266 1267 1276 2021 
11816 1733 2261 2066 2962 
11817 1871 2641 2094 2644 
11818 1811 2402 2077 2646 
11819 1919 2450 1746 2770 
11820 1548 983 2392 2805 
11821 883 382 383 2337 
11822 1153 2844 1010 3147 
11823 697 761 696 2639 
11824 1948 3027 2861 3044 
11825 624 2195 612 2934 
11826 1814 2445 2155 3016 
11827 154 152 1388 2078 
11828 2174 2434 1849 2833 
11829 1890 2628 2380 2980 
11830 2305 2743 412 3105 
11831 1225 36 2771 3037 
11832 154 2423 153 3090 
11833 1136 2289 593 2672 
11834 284 3046 318 3073 
11835 1508 2434 2502 3014 
11836 536 553 535 2455 
11837 1920 2785 2544 2945 
11838 2217 2465 1724 3167 
11839 1521 1520 2415 2614 
11840 1904 2743 2305 3105 
11841 1219 1234 1084 2174 
11842 5 4 6 2665 
11843 2271 2966 2080 3116 
11844 1944 2580 1741 2920 
11845 1681 2055 2608 2893 
11846 1606 1480 1605 2213 
11847 2054 2497 1859 2618 
11848 424 1408 1984 2552 
11849 794 2502 1437 2830 
11850 2030 2476 1749 2589 
11851 1878 2313 2906 3169 
11852 145 396 1357 2304 
11853 1053 1052 2699 2929 
11854 2008 2849 2052 3009 
11855 895 2539 894 2580 
11856 2196 2649 1403 2856 
11857 729 1240 1590 2358 
11858 186 184 346 1933 
11859 2508 3147 634 3193 
11860 964 1061 2339 2978 
11861 1018 136 2630 2932 
11862 2032 2532 1976 2637 
11863 2440 2603 1905 2628 
11864 1972 2349 1718 2870 
11865 1488 2921 2555 3194 
11866 937 1239 1316 2430 
11867 704 759 2422 3049 
11868 1241 2078 1388 2778 
11869 2042 2560 1886 3177 
11870 2233 2999 1914 3112 
11871 1628 2115 1072 2853 
11872 718 2975 2684 3183 
11873 2064 2335 1879 2670 
11874 1865 2258 2463 3142 
11875 218 242 241 2492 
11876 448 1063 434 2107 
11877 2217 1724 3010 3167 
11878 1240 1590 2358 3122 
11879 991 2352 1099 2731 
11880 1464 798 803 2626 
11881 647 2466 712 2697 
11882 204 202 740 1965 
11883 1083 492 490 2434 
11884 1775 2385 2726 3156 
11885 423 72 73 1984 
11886 1681 1936 2608 3023 
11887 1793 2339 2123 2978 
11888 2052 2927 2209 2989 
11889 212 266 300 2667 
11890 1790 2473 2321 2739 
11891 1644 2526 2168 2832 
11892 2211 2643 2279 3099 
11893 1809 2257 2704 3028 
11894 1996 2297 2525 2925 
11895 244 1006 1562 2016 
11896 1126 1128 1127 2745 
11897 1442 2545 2161 2928 
11898 1081 708 944 2962 
11899 1478 2225 1271 2595 
11900 258 2173 256 2777 
11901 2292 3146 2049 3158 
11902 1784 1990 2461 2990 
11903 605 2203 588 2900 
11904 1543 2171 1165 3035 
11905 1647 2685 2060 2780 
11906 1795 1925 2527 2549 
11907 2121 2427 1952 2882 
11908 2068 2489 1751 3114 
11909 1685 2544 2134 3078 
11910 1923 1841 2625 2731 
11911 1802 2010 2281 3023 
11912 918 908 909 2215 
11913 1710 2789 2218 3103 
11914 381 1021 1022 2465 
11915 307 629 390 3016 
11916 58 1082 2172 2593 
11917 523 1968 2531 2939 
11918 2435 2612 1876 3078 
11919 873 886 2521 2746 
11920 706 655 705 2422 
11921 2094 2641 1871 2667 
11922 180 360 454 2519 
11923 878 1110 2222 2935 
11924 1277 1276 1275 2818 
11925 1901 2841 2491 2908 
11926 2114 2498 1812 2518 
11927 1382 2362 2318 3157 
11928 185 291 289 2475 
11929 1651 2445 2055 3052 
11930 1102 1100 1423 2734 
11931 1714 2283 1951 2797 
11932 1445 1265 1237 2650 
11933 169 2231 1463 2718 
11934 1698 2303 2090 3175 
11935 1873 2774 2436 2992 
11936 1652 2496 2677 3192 
11937 1720 2485 2119 3034 
11938 1622 1618 1635 2580 
11939 893 188 1405 2015 
11940 1770 3053 2760 3148 
11941 212 2667 300 2874 
11942 2039 2195 1824 2942 
11943 605 653 588 2203 
11944 758 2689 2136 2711 
11945 1662 2156 2660 2949 
11946 1823 2065 2285 2553 
11947 1749 2476 2223 2831 
11948 1698 2090 2194 2887 
11949 1012 619 191 2601 
11950 1651 2840 2211 3188 
11951 2334 2438 1889 2721 
11952 1979 2859 2536 3171 
11953 2053 1723 2472 2475 
11954 1931 2082 3102 3143 
11955 1670 2095 2366 2747 
11956 1181 2192 1148 2672 
11957 1174 1356 2103 2938 
11958 1696 1939 2638 2828 
11959 1090 2358 787 3122 
11960 1938 2700 2243 3195 
11961 1791 2007 2729 3192 
11962 1681 2608 2055 3023 
11963 863 2444 864 2604 
11964 1215 1202 1209 2936 
11965 62 2701 671 2741 
11966 1460 795 793 2111 
11967 1338 139 2375 2529 
11968 2909 3040 1932 3156 
11969 2420 1856 2740 3185 
11970 1754 1939 2749 2775 
11971 1794 2207 2490 2819 
11972 361 453 360 2519 
11973 1526 2327 1510 3097 
11974 2101 2578 1972 2870 
11975 1910 2210 2029 2630 
11976 2111 1700 2502 2830 
11977 1785 2313 2247 3041 
11978 2262 2502 1700 2830 
11979 1244 2579 1223 2773 
11980 1027 1017 2362 2630 
11981 836 790 879 2731 
11982 1646 2011 2348 3159 
11983 590 592 2293 2934 
11984 1649 1976 2532 2637 
11985 712 2329 757 2511 
11986 1666 2464 2804 3027 
11987 502 504 503 2615 
11988 1660 2640 2414 2955 
11989 2032 1758 2412 2908 
11990 2070 2323 1855 3196 
11991 2182 2205 1735 2972 
11992 1878 2887 2906 2953 
11993 1846 2221 2177 3038 
11994 13 1107 15 2563 
11995 1406 2541 2074 2885 
11996 1066 1580 1441 2479 
11997 1291 1292 2803 3114 
11998 103 102 104 2416 
11999 200 1302 2398 2601 
12000 756 703 702 2169 
12001 82 81 80 2699 
12002 2324 2808 1964 2926 
12003 1820 3060 2341 3127 
12004 1922 2382 2171 2880 
12005 1687 2822 2190 2931 
12006 1719 2426 2417 2898 
12007 1592 2480 2411 3190 
12008 2129 1674 2668 3125 
12009 1420 1365 1421 2099 
12010 1710 2293 2068 2824 
12011 1995 2320 1747 2424 
12012 1844 2225 2654 3086 
12013 374 2225 1023 3086 
12014 980 2504 2450 2794 
12015 2000 2541 2174 3061 
12016 702 55 2169 3107 
12017 1841 2286 2176 2315 
12018 1613 1445 1436 2262 
12019 1658 2197 2674 3178 
12020 1659 2357 2092 2985 
12021 1935 2429 1677 2845 
12022 1665 2296 2176 3075 
12023 109 111 110 2330 
12024 1957 2445 1759 3111 
12025 1918 2469 931 3180 
12026 1834 2746 2388 3120 
12027 940 514 2229 2644 
12028 1763 2551 2438 2721 
12029 1649 2532 1976 2825 
12030 988 215 1535 2570 
12031 2322 2587 1774 2903 
12032 1947 1840 2375 2932 
12033 2319 2708 1807 2849 
12034 1653 2875 2702 3017 
12035 1486 2727 2434 3014 
12036 1671 2661 1980 3008 
12037 614 2554 615 3064 
12038 2152 2474 1794 2861 
12039 1635 1618 1567 2755 
12040 1762 1984 2552 2940 
12041 1690 2407 2005 3142 
12042 397 131 2061 2782 
12043 2119 2485 1720 2787 
12044 937 1239 2430 2613 
12045 1959 2484 2024 3119 
12046 1915 2033 3133 3152 
12047 1950 2519 2365 2680 
12048 1813 2681 2402 2835 
12049 1972 2578 1771 2870 
12050 1643 2041 2240 2499 
12051 1666 2236 2464 3027 
12052 446 2145 431 2678 
12053 424 1984 1407 2881 
12054 469 475 2212 3117 
12055 1781 2793 2033 3133 
12056 2121 2702 2427 3195 
12057 1754 1939 2633 2749 
12058 2281 2836 1814 3010 
12059 2197 2648 1899 2769 
12060 1752 2591 2145 2948 
12061 1959 2848 1900 3119 
12062 1647 2332 2685 2780 
12063 968 1463 2231 2531 
12064 15 13 2563 2734 
12065 182 181 183 2321 
12066 65 2605 2106 2706 
12067 944 2261 942 2962 
12068 617 2039 580 2934 
12069 665 612 624 2942 
12070 246 247 1131 2694 
12071 1861 2821 2468 2885 
12072 2204 2813 1757 2854 
12073 2034 2504 2125 2695 
12074 1649 2405 1970 3112 
12075 776 709 710 2019 
12076 1772 2096 2567 2648 
12077 2211 2279 1651 3099 
12078 1599 2110 1585 2440 
12079 2369 2621 1758 3100 
12080 961 1314 1315 2695 
12081 210 2388 2001 3043 
12082 2092 2357 2586 3160 
12083 1741 2692 2301 3130 
12084 1693 2162 2376 3021 
12085 986 404 987 2577 
12086 1832 2390 2019 2714 
12087 887 2043 2336 2521 
12088 152 2778 2078 3090 
12089 1327 3108 2406 3134 
12090 1959 2361 1900 2848 
12091 1735 2467 2324 2808 
12092 2254 1106 2904 3186 
12093 2270 2706 1213 2975 
12094 861 862 2164 3086 
12095 312 2461 314 2910 
12096 772 2388 340 3043 
12097 325 327 326 2665 
12098 1714 2635 2420 2757 
12099 1597 861 862 2164 
12100 525 2468 2821 2885 
12101 2134 2849 1807 2927 
12102 2261 2514 942 2962 
12103 1722 2311 2007 2792 
12104 1694 2455 2225 2710 
12105 1563 1449 1632 2457 
12106 1171 2538 351 3085 
12107 1815 2392 1987 2805 
12108 1858 2721 2702 2956 
12109 294 2217 1016 3167 
12110 542 2054 948 2618 
12111 1672 2772 1991 3024 
12112 78 1549 77 2719 
12113 1437 2502 2262 2830 
12114 1701 2837 2028 3071 
12115 1811 2275 2289 2439 
12116 145 396 2304 2782 
12117 2544 2620 1876 3078 
12118 1672 2866 2060 2920 
12119 1848 2737 1967 2822 
12120 1057 1092 1056 2776 
12121 2009 2128 2897 3171 
12122 957 740 202 2471 
12123 1546 1598 1599 2440 
12124 794 2111 1594 2502 
12125 1060 1911 1059 2883 
12126 491 2262 1437 2502 
12127 1938 2243 2046 2987 
12128 1140 95 2349 2613 
12129 2100 2639 1788 2921 
12130 2194 2865 1878 2887 
12131 1687 2655 2059 3126 
12132 1714 2265 2159 2797 
12133 1740 1994 2367 2632 
12134 648 1290 2383 2847 
12135 1396 1554 53 2599 
12136 413 2743 2305 2847 
12137 1718 2664 2117 2937 
12138 2243 2700 2177 3195 
12139 1781 2033 2416 3133 
12140 1461 742 1462 2902 
12141 1885 2976 2791 2983 
12142 1858 2383 2334 3082 
12143 1810 2011 2642 2894 
12144 1058 2130 923 2876 
12145 1110 2537 2222 2935 
12146 1169 1080 2342 2995 
12147 1873 2367 2105 2992 
12148 274 2607 247 2694 
12149 607 601 2244 2971 
12150 2128 2480 1071 2576 
12151 1775 2909 2385 3156 
12152 2406 3108 2116 3134 
12153 1937 2346 1738 2626 
12154 553 2415 535 2455 
12155 2254 2308 1719 2609 
12156 1831 2025 2617 3173 
12157 2067 2285 1737 3036 
12158 776 785 2517 2682 
12159 1861 2340 2234 2949 
12160 131 2061 2782 2970 
12161 2428 2625 1864 3094 
12162 1642 2102 2265 2610 
12163 1748 2037 2229 2782 
12164 1783 2725 2507 2877 
12165 2052 2209 2984 2989 
12166 654 1515 1454 2154 
12167 1149 1585 1152 2110 
12168 172 161 463 3187 
12169 1122 931 2469 3180 
12170 1280 2306 949 2337 
12171 1532 844 1247 2395 
12172 236 1024 2005 2943 
12173 1934 1804 2955 3117 
12174 1333 2673 1329 2795 
12175 964 1062 1061 2978 
12176 2002 2597 1803 2703 
12177 161 163 1966 3194 
12178 62 672 2232 2741 
12179 1725 2161 2545 2928 
12180 1814 1957 2445 3016 
12181 1921 2176 1973 2889 
12182 1801 2486 2663 3077 
12183 1718 2506 2089 2937 
12184 754 749 2422 3047 
12185 2067 2285 1967 2737 
12186 1305 365 144 2304 
12187 1610 256 2261 3048 
12188 1651 2250 2840 3188 
12189 1823 2329 2169 2693 
12190 1625 1186 2062 3113 
12191 429 398 399 3001 
12192 4 5 75 2063 
12193 537 270 1956 3118 
12194 2275 2439 1811 2879 
12195 1778 2037 2304 2938 
12196 2582 2697 2159 2915 
12197 546 2299 573 2639 
12198 1761 2057 2618 2806 
12199 2156 2340 1861 2949 
12200 1786 2464 1970 3112 
12201 135 2362 1017 2630 
12202 1031 1032 1383 2308 
12203 1775 2804 2405 3156 
12204 1274 2116 3134 3182 
12205 2265 2610 1755 3050 
12206 44 2104 910 3041 
12207 679 746 678 3032 
12208 2094 2644 1481 3046 
12209 1843 2524 2319 2708 
12210 1713 2242 2433 2970 
12211 1156 2704 1010 2844 
12212 1170 912 1561 2951 
12213 2039 2354 1710 2934 
12214 1846 2809 2145 2896 
12215 149 1281 1282 3147 
12216 1317 1424 1340 2128 
12217 1013 937 2144 2696 
12218 1772 2648 2197 2769 
12219 1437 2262 1436 2830 
12220 49 51 50 2559 
12221 734 789 2259 2892 
12222 1864 2993 2371 3075 
12223 1583 1206 1573 2325 
12224 2247 1918 2469 3041 
12225 911 2257 913 2472 
12226 1768 2845 2823 2941 
12227 105 647 712 2697 
12228 922 1040 921 2876 
12229 1757 2743 2184 2847 
12230 607 601 577 2244 
12231 1709 1947 2295 2735 
12232 237 56 236 2317 
12233 2301 2561 1873 2997 
12234 1024 1036 2258 2943 
12235 1611 1469 116 2042 
12236 994 989 18 3174 
12237 1699 3038 2121 3195 
12238 902 1201 466 2707 
12239 1940 1789 2667 3166 
12240 232 2552 73 2940 
12241 705 658 2422 3049 
12242 429 1497 398 2585 
12243 1781 2242 2061 2890 
12244 1264 2125 960 2695 
12245 1625 1186 899 2062 
12246 555 1270 1271 2225 
12247 1653 2824 2345 2896 
12248 2760 3053 2683 3148 
12249 622 710 709 2019 
12250 2230 2312 1847 2510 
12251 1938 1763 2427 2987 
12252 58 57 56 2317 
12253 1712 1993 2542 2802 
12254 1658 2567 2351 2648 
12255 265 1998 2974 3165 
12256 1898 2170 2531 3150 
12257 480 481 519 2251 
12258 1798 2209 2066 3155 
12259 924 2164 630 2470 
12260 1653 2702 2896 3017 
12261 1641 2419 2341 2837 
12262 2264 3115 1916 3134 
12263 1761 2421 2224 3171 
12264 1572 2324 1565 2972 
12265 284 2874 3046 3073 
12266 1800 2531 2170 3150 
12267 1732 2102 2175 2815 
12268 1855 3057 2441 3196 
12269 1731 2164 2470 2595 
12270 2098 2525 1839 2884 
12271 1905 2440 2628 3096 
12272 516 1354 992 2082 
12273 1857 2415 2027 2501 
12274 1665 2360 2420 3065 
12275 1737 2737 2067 2798 
12276 1650 1978 2565 2584 
12277 1256 2249 1285 2568 
12278 1544 729 2358 2881 
12279 1955 2508 2073 3147 
12280 1164 1162 2347 2558 
12281 1716 2515 2163 3173 
12282 505 506 2602 2856 
12283 1836 2850 2471 3138 
12284 2208 2549 2076 3179 
12285 1056 1092 1093 2776 
12286 978 330 352 2278 
12287 2086 2486 1801 3077 
12288 1759 2550 2232 3111 
12289 1863 2730 2500 3072 
12290 1286 2249 1256 2568 
12291 1660 2414 2623 3066 
12292 1030 2417 2426 2898 
12293 1661 2977 2600 3132 
12294 1417 2446 1344 2796 
12295 238 2084 818 2973 
12296 1713 2946 2061 2970 
12297 2301 2692 1909 3130 
12298 1205 1206 2548 3137 
12299 10 1625 2560 3113 
12300 1123 1380 1122 2018 
12301 1178 2457 2222 2799 
12302 194 2868 1630 2964 
12303 1427 2213 1211 2530 
12304 2523 2895 1929 3008 
12305 1600 130 129 2656 
12306 1722 2569 2344 3191 
12307 1792 2045 2364 3189 
12308 1720 1982 2247 2611 
12309 69 70 298 2350 
12310 1676 2642 2001 3063 
12311 1665 2176 2371 3075 
12312 1706 2454 2223 2930 
12313 1785 2138 2583 3098 
12314 1986 2143 3010 3167 
12315 1646 2216 2348 2961 
12316 1996 2525 2783 2925 
12317 1966 2615 2299 2854 
12318 2060 2359 2920 3130 
12319 1024 2005 2943 2983 
12320 1821 1993 3080 3106 
12321 585 584 586 2417 
12322 1958 2916 2448 2940 
12323 2206 2501 1659 2873 
12324 1797 2064 2669 3004 
12325 1396 1397 1554 3115 
12326 2170 2716 1707 3153 
12327 1905 2628 2165 3096 
12328 1673 1940 2790 2919 
12329 1723 2028 2382 3002 
12330 54 1244 1245 2773 
12331 572 2431 2334 2956 
12332 322 2094 308 2641 
12333 1920 2629 2119 3140 
12334 718 2684 2331 3183 
12335 1805 2747 1991 2777 
12336 2396 1915 3133 3152 
12337 1704 2351 2183 3161 
12338 1402 2009 1423 2897 
12339 1023 374 555 2225 
12340 366 1523 2075 2864 
12341 38 927 287 1953 
12342 1961 2841 1684 3040 
12343 916 2926 914 3182 
12344 1019 1028 1575 2712 
12345 523 2531 522 2939 
12346 167 1349 2235 2653 
12347 2280 2335 1737 2481 
12348 139 2375 2529 3029 
12349 1011 330 978 2278 
12350 1776 2133 2410 2518 
12351 1805 2395 2146 3048 
12352 2421 2497 1859 2862 
12353 930 1918 931 3180 
12354 2105 2907 2443 2992 
12355 357 2453 358 2659 
12356 1951 2797 2693 3050 
12357 1504 1295 1005 2763 
12358 2049 2236 1803 2636 
12359 1754 2912 2408 2957 
12360 1728 2535 1996 2783 
12361 72 423 424 1984 
12362 2370 2437 1777 2914 
12363 39 929 2516 2906 
12364 83 85 84 2094 
12365 872 1079 209 2388 
12366 1842 2147 2622 3021 
12367 1321 21 19 2510 
12368 628 652 651 3163 
12369 1664 2194 2090 2887 
12370 1084 1083 1085 2174 
12371 460 461 2537 2935 
12372 1365 1014 1015 2099 
12373 1422 516 992 2658 
12374 1934 2414 2212 2750 
12375 2118 2852 2287 3039 
12376 2142 2839 2030 2965 
12377 713 2125 1264 3068 
12378 1859 2453 1989 2659 
12379 2144 2751 1013 3181 
12380 1758 2621 2040 2719 
12381 257 2173 868 2649 
12382 1875 2488 2526 3144 
12383 1774 2533 1963 2903 
12384 1783 1981 2878 2917 
12385 1725 2188 2161 2919 
12386 443 2184 416 2743 
12387 103 102 2416 3152 
12388 1027 1028 1017 2630 
12389 1918 930 2516 3180 
12390 1024 2258 1551 2983 
12391 557 2383 559 3082 
12392 446 1 2591 2678 
12393 2414 2640 1934 2955 
12394 1813 2742 2279 2960 
12395 728 1253 933 2241 
12396 2028 2681 2382 3002 
12397 615 890 2022 3011 
12398 30 28 1228 2547 
12399 2281 1929 2895 3052 
12400 2241 1886 2894 2975 
12401 1666 2819 2861 3044 
12402 1172 2266 993 2738 
12403 1080 1264 2125 3068 
12404 2005 1798 2943 3142 
12405 1225 2771 2590 3037 
12406 2117 2506 1792 2812 
12407 1688 2441 2014 3077 
12408 148 2529 147 2698 
12409 1902 2278 2103 2631 
12410 549 889 556 2705 
12411 1801 2231 2149 2964 
12412 1694 2357 2722 3003 
12413 1650 2310 2515 2584 
12414 1754 2749 2108 2957 
12415 702 2169 2827 3107 
12416 2009 2897 2379 3171 
12417 2093 2556 1916 3148 
12418 1560 1314 2339 2751 
12419 873 898 1079 1988 
12420 1737 2285 2067 2737 
12421 1986 2465 1724 3101 
12422 1099 830 815 2731 
12423 2462 2594 1911 2883 
12424 2000 2541 1697 2941 
12425 734 789 1614 2259 
12426 2284 2358 1744 2418 
12427 1192 2646 1431 3074 
12428 617 580 496 2934 
12429 2100 2691 1788 3135 
12430 2410 2683 2139 2852 
12431 1655 2800 2287 2879 
12432 780 845 782 2954 
12433 1677 1935 2845 2941 
12434 1648 2044 2391 3184 
12435 354 988 353 2160 
12436 1368 860 917 2675 
12437 572 310 2334 2431 
12438 1659 2357 2501 2829 
12439 1672 2253 2866 3024 
12440 1896 3162 2493 3184 
12441 1034 2874 3073 3166 
12442 306 1957 2979 3016 
12443 1762 2552 2337 2707 
12444 1593 3090 2508 3193 
12445 569 575 587 2700 
12446 622 2520 2019 2969 
12447 101 60 2 2365 
12448 1059 2249 1286 2577 
12449 1678 2848 1959 3119 
12450 1758 2369 2003 2621 
12451 1516 1540 264 1998 
12452 2207 2819 2474 2861 
12453 1658 2351 2322 2648 
12454 1749 2476 2240 2589 
12455 2351 2567 2096 2648 
12456 1066 1441 2350 2479 
12457 1750 2603 2415 2614 
12458 2007 2311 1791 2792 
12459 382 2337 883 2552 
12460 1673 2790 2715 2919 
12461 407 2187 1323 3123 
12462 1020 1503 127 2739 
12463 443 444 2184 2743 
12464 716 2241 2684 2975 
12465 1648 2849 2134 2927 
12466 1662 2340 2156 2949 
12467 2176 2315 2286 2889 
12468 2139 2410 2389 2807 
12469 1899 2769 2459 2958 
12470 862 630 2164 2595 
12471 2604 3043 2001 3063 
12472 1823 2511 2329 2797 
12473 1842 2401 2147 3021 
12474 1718 2101 2506 2752 
12475 1864 2371 2176 3075 
12476 1805 2366 2052 2989 
12477 1808 2686 2678 3001 
12478 213 234 266 2667 
12479 2159 2511 1755 2697 
12480 2147 1784 2401 2990 
12481 2054 1859 2497 2862 
12482 1447 1592 1101 2411 
12483 1728 1996 2525 2783 
12484 1780 2604 2444 3011 
12485 2495 2513 1698 2918 
12486 553 1342 535 2415 
12487 1718 2089 2664 2937 
12488 441 201 2274 2601 
12489 1013 2751 1483 3181 
12490 468 2356 2212 2744 
12491 1738 2294 2085 2668 
12492 2192 2672 1181 3190 
12493 2474 2484 1794 3139 
12494 800 774 2483 3141 
12495 554 1342 553 2455 
12496 202 1965 204 3110 
12497 2388 2746 1988 3120 
12498 1681 2893 2155 3005 
12499 1697 2496 2174 3061 
12500 2178 2567 2674 3178 
12501 745 2355 735 2711 
12502 2126 2210 1910 3089 
12503 1756 2109 2456 2836 
12504 795 1594 794 2111 
12505 1669 2583 2138 3098 
12506 1763 2438 2334 2721 
12507 1791 2767 2007 3192 
12508 1755 2511 2329 2697 
12509 2076 2327 1709 2573 
12510 1716 2163 2252 3173 
12511 2147 2269 1784 2990 
12512 1791 2311 2007 2767 
12513 1948 2861 2726 3044 
12514 1512 1130 367 3137 
12515 1270 2455 536 2710 
12516 1722 2792 2612 2945 
12517 2130 2710 2586 2876 
12518 1713 1985 2538 3085 
12519 718 717 2684 2975 
12520 1335 2023 1336 2811 
12521 1557 1169 1080 2342 
12522 487 1267 2446 2818 
12523 1069 2576 2480 3190 
12524 462 879 790 2935 
12525 1805 2173 2261 2619 
12526 32 254 570 2463 
12527 1950 1751 2519 2680 
12528 2157 2802 1821 3106 
12529 693 268 2263 2771 
12530 2144 2613 1771 2787 
12531 997 996 995 2905 
12532 2039 2779 2314 2788 
12533 449 2242 133 2970 
12534 1834 2059 3126 3185 
12535 2005 1798 2317 2943 
12536 1813 2279 2742 2840 
12537 2308 2609 1877 2665 
12538 2166 2482 1850 3083 
12539 15 14 13 2734 
12540 1337 3025 2539 3091 
12541 1146 1145 1333 2307 
12542 809 238 2084 2709 
12543 1694 3003 2165 3076 
12544 2260 2594 1867 2829 
12545 834 835 864 2604 
12546 2053 2742 2250 2840 
12547 2341 3027 1803 3058 
12548 1910 2630 2029 2712 
12549 1748 2061 2185 2946 
12550 2085 1738 2540 3084 
12551 1974 1773 3012 3190 
12552 1890 2501 2357 2829 
12553 1947 2735 1840 2932 
12554 2122 2788 1983 2789 
12555 2569 3112 2344 3191 
12556 1748 1956 2694 3118 
12557 1872 2255 2968 3087 
12558 1521 1283 1520 2614 
12559 538 167 1349 2235 
12560 796 2196 1403 2856 
12561 1963 2533 2846 2903 
12562 1953 2906 2887 2953 
12563 161 170 546 3194 
12564 1944 2539 3025 3026 
12565 1655 2460 2439 2879 
12566 2370 2993 1864 3075 
12567 495 486 413 2305 
12568 1379 1061 1062 2123 
12569 2065 2335 1737 3124 
12570 266 308 300 2094 
12571 1638 2080 2839 2930 
12572 778 228 226 2564 
12573 1653 2691 2218 3135 
12574 1071 1340 1070 2480 
12575 2134 2544 1806 3078 
12576 1666 2464 1970 2804 
12577 1679 2410 2139 2807 
12578 449 450 133 2242 
12579 2220 1864 2428 3075 
12580 207 355 45 2696 
12581 937 1139 1239 2613 
12582 1821 2157 2792 2802 
12583 2303 2524 1908 2838 
12584 1727 2141 2522 2876 
12585 2887 2906 1953 3169 
12586 2124 3102 2082 3143 
12587 2143 2226 1814 3045 
12588 833 341 841 3043 
12589 1039 2231 1037 2842 
12590 467 446 1 2591 
12591 2485 3034 1962 3140 
12592 2052 1807 2708 2849 
12593 834 833 835 2604 
12594 573 170 574 2299 
12595 2340 2562 2234 2949 
12596 2183 2351 1869 3161 
12597 981 2450 1506 2869 
12598 77 2621 79 2719 
12599 453 512 454 2396 
12600 1775 3044 2804 3156 
12601 1672 2060 2359 2920 
12602 1810 2331 2022 2684 
12603 1464 690 691 2314 
12604 85 339 322 2094 
12605 2152 2385 1775 2617 
12606 2009 1774 2563 2734 
12607 1651 2456 2109 2836 
12608 984 1234 2189 2833 
12609 2075 2538 349 3020 
12610 1353 2472 2053 2951 
12611 1714 2689 2355 2711 
12612 2209 2013 2442 2989 
12613 362 1167 364 2631 
12614 2307 2795 1146 3151 
12615 1098 306 1097 2491 
12616 17 2182 18 3013 
12617 2222 2457 1718 2752 
12618 1807 2849 2052 2927 
12619 732 731 733 2573 
12620 2706 2894 1886 2975 
12621 1697 2541 2000 3061 
12622 694 684 695 2159 
12623 152 1388 2078 2778 
12624 1034 3073 2398 3166 
12625 2170 2386 1787 2947 
12626 80 81 1500 2718 
12627 640 776 710 2019 
12628 2084 2583 1878 3015 
12629 1611 1393 2560 3177 
12630 622 2019 2520 2971 
12631 2009 1761 2379 2806 
12632 968 1051 1463 2531 
12633 1937 2626 1738 2918 
12634 1780 1973 2444 3065 
12635 1896 2454 2310 2584 
12636 1894 2609 2308 2665 
12637 1808 2365 2680 3001 
12638 2450 2562 1919 2753 
12639 1461 1462 2347 2902 
12640 1427 1428 2213 2558 
12641 239 800 818 2483 
12642 1771 2578 1972 2650 
12643 2173 2619 1670 2986 
12644 1984 2306 1762 2552 
12645 1120 1597 925 2498 
12646 1809 2662 2132 3028 
12647 1130 1573 1206 2325 
12648 2194 2583 1878 2865 
12649 1432 2077 1431 2646 
12650 2333 2658 1781 3018 
12651 1811 2077 2402 3022 
12652 899 901 900 2510 
12653 300 2094 301 2874 
12654 1820 2340 3060 3127 
12655 1708 2374 2292 3158 
12656 1980 2419 1820 3060 
12657 1665 2371 1999 2993 
12658 875 877 876 2413 
12659 486 2305 495 2847 
12660 882 881 880 2284 
12661 1939 1707 2716 3153 
12662 2105 2884 2512 2907 
12663 1930 2020 2460 2681 
12664 1919 2770 2131 2949 
12665 2084 2483 818 2973 
12666 1980 2546 1671 3008 
12667 1984 2306 2113 2916 
12668 1986 1724 2523 3101 
12669 1828 2451 2487 2645 
12670 606 2100 2900 2921 
12671 573 546 170 2299 
12672 1811 2289 2077 3022 
12673 1290 558 559 3082 
12674 243 2725 1189 3055 
12675 1805 2052 2984 2989 
12676 1932 2273 2109 3040 
12677 2040 2412 1758 2908 
12678 1222 922 1243 2522 
12679 702 2169 703 2827 
12680 741 740 739 2158 
12681 107 2153 106 2697 
12682 1428 2213 2558 2951 
12683 716 2684 717 2975 
12684 1788 1915 2555 2998 
12685 744 1399 2219 2902 
12686 1655 2287 2378 3039 
12687 1713 2185 2061 2946 
12688 651 616 497 2354 
12689 2220 2370 1864 3075 
12690 919 1535 215 2570 
12691 2130 2507 1783 3160 
12692 2141 2302 1875 3144 
12693 1655 2800 2439 3139 
12694 1145 1333 2307 2673 
12695 2061 2333 1781 2890 
12696 2550 2674 1759 2901 
12697 2316 2392 1815 3109 
12698 1638 2965 2142 3106 
12699 655 2422 706 2572 
12700 1633 405 604 3088 
12701 1710 2218 2824 3103 
12702 1261 2027 1633 3088 
12703 1869 1963 2616 2846 
12704 1751 2396 1950 2519 
12705 1641 2419 2837 3071 
12706 1797 2675 1991 3024 
12707 761 1488 696 3194 
12708 491 1168 1613 2262 
12709 1782 2434 2727 3014 
12710 2909 3006 1932 3040 
12711 1021 1421 1015 2099 
12712 928 926 1371 2994 
12713 1805 2261 2066 2984 
12714 2310 1896 2584 3059 
12715 2329 2466 1755 2697 
12716 886 2043 2521 2746 
12717 1550 811 2097 2902 
12718 1504 1005 1228 2547 
12719 2404 2920 2359 3130 
12720 1834 2689 2355 3185 
12721 1725 2161 2715 2919 
12722 1720 2144 2696 3181 
12723 827 325 326 2665 
12724 895 1369 858 2539 
12725 1820 1980 3060 3188 
12726 1736 2045 2267 3189 
12727 704 754 749 2422 
12728 585 584 2417 2904 
12729 2195 2934 624 2942 
12730 241 242 252 2492 
12731 1449 1564 1250 2766 
12732 1932 2726 2385 3156 
12733 2119 2485 1920 3140 
12734 850 1574 51 2012 
12735 1734 2117 2428 2600 
12736 2149 2486 1703 2663 
12737 1766 2216 2106 2933 
12738 1985 2946 2185 3085 
12739 200 201 1302 2601 
12740 393 1303 443 2738 
12741 155 2205 157 2773 
12742 794 1437 1636 2830 
12743 1099 2352 830 2731 
12744 723 405 1633 2187 
12745 1725 2545 2278 2928 
12746 882 2284 1134 3193 
12747 2156 2341 1935 3000 
12748 350 278 333 2631 
12749 2297 2728 1817 2952 
12750 1438 692 1195 2112 
12751 2411 2480 2140 3012 
12752 2032 2908 2412 2909 
12753 1738 1912 2668 2918 
12754 841 2001 527 3183 
12755 1175 1176 2257 2762 
12756 491 1436 1437 2262 
12757 648 1290 559 2383 
12758 1646 2035 2528 2535 
12759 256 944 1610 2261 
12760 1717 2730 2072 2931 
12761 1766 2651 2062 2952 
12762 1519 1510 2327 3097 
12763 1721 2047 2624 2714 
12764 1718 2117 2506 2937 
12765 1834 2746 3120 3126 
12766 1692 2536 2128 3171 
12767 1665 1999 2371 2761 
12768 532 1336 531 2023 
12769 1816 2986 2602 3036 
12770 1377 1607 1482 2302 
12771 1388 1387 1386 2462 
12772 1826 2210 2126 3145 
12773 1904 2875 2305 3168 
12774 1271 2225 1270 2710 
12775 1187 568 567 2705 
12776 1842 2556 2264 2808 
12777 1835 2082 2266 2738 
12778 1114 1115 314 2990 
12779 159 2555 545 2921 
12780 1815 1960 2577 2805 
12781 1651 2836 2445 3052 
12782 2206 2425 1750 2452 
12783 1745 2394 2078 2462 
12784 227 1343 1268 2564 
12785 2225 2595 1478 3086 
12786 1847 2312 2230 2716 
12787 1704 2183 2530 3161 
12788 2164 1844 2765 2879 
12789 1670 2095 2747 2798 
12790 1442 650 2545 2928 
12791 1149 1183 1182 2646 
12792 1704 2055 2567 3161 
12793 1856 2420 2360 3065 
12794 1734 2286 2537 3056 
12795 174 281 2431 2956 
12796 1706 1992 2634 2748 
12797 2025 1716 2671 3173 
12798 1912 2129 2668 3125 
12799 2104 2247 2469 3041 
12800 1364 2094 322 2641 
12801 723 1633 93 2816 
12802 1862 2150 2564 2950 
12803 1807 2366 2052 2708 
12804 1842 2376 2162 3021 
12805 1909 2565 2135 2634 
12806 2291 2362 1545 3157 
12807 1668 2854 2204 3143 
12808 665 612 2195 2827 
12809 1928 2382 2681 3002 
12810 1759 1969 2575 2901 
12811 679 747 746 3032 
12812 589 2900 2179 2921 
12813 1993 2142 2965 3106 
12814 2512 2884 2098 2907 
12815 1949 2580 2772 2920 
12816 1773 2758 2192 3007 
12817 1468 1048 1444 3055 
12818 1904 2686 2145 3017 
12819 1848 2319 2148 2647 
12820 2164 2287 1854 2879 
12821 192 1940 2667 3166 
12822 2003 2412 2040 2741 
12823 151 2423 2508 3090 
12824 599 2334 310 2814 
12825 1930 2474 2207 2923 
12826 1824 2169 2129 3107 
12827 789 357 644 2659 
12828 1779 2458 2189 2995 
12829 672 1549 1534 2040 
12830 1549 2040 672 2741 
12831 2328 2574 1944 2866 
12832 1475 542 1235 3019 
12833 1748 2679 2037 2946 
12834 1475 1539 1624 2295 
12835 2247 2756 1982 2865 
12836 1734 2537 2215 3056 
12837 1893 2381 2477 2857 
12838 606 2900 589 2921 
12839 190 213 192 2667 
12840 926 2151 1371 2994 
12841 2305 2875 1757 3168 
12842 2314 2779 1738 2788 
12843 1757 2854 1931 3168 
12844 1713 2304 2946 2970 
12845 249 231 219 2058 
12846 911 1175 2257 2762 
12847 2153 2697 2582 2915 
12848 1259 1135 2289 3031 
12849 958 427 392 2416 
12850 1094 2061 131 2890 
12851 1336 2023 532 3157 
12852 1551 2258 253 2791 
12853 83 2094 84 3046 
12854 1869 2530 2183 3161 
12855 170 171 2299 2615 
12856 1063 2149 1037 2964 
12857 716 728 2241 2975 
12858 385 366 1523 2075 
12859 805 2687 768 2889 
12860 1769 2564 2150 2950 
12861 778 2564 226 3108 
12862 66 1319 176 2720 
12863 1797 2253 2095 3024 
12864 2345 2896 2145 3017 
12865 1064 1442 650 2545 
12866 1519 1510 1511 2327 
12867 2182 2343 1847 2967 
12868 1784 2269 2147 2512 
12869 765 680 2942 3107 
12870 581 2293 591 2803 
12871 1792 2089 2506 2937 
12872 424 1408 1407 1984 
12873 413 2305 486 2847 
12874 887 2521 2336 3110 
12875 661 660 659 2563 
12876 1794 2378 2207 3139 
12877 1378 1222 1243 2141 
12878 2185 2570 1748 2694 
12879 1411 786 71 2418 
12880 1665 1999 2420 2993 
12881 2012 1741 2290 2853 
12882 1660 2536 2955 3066 
12883 815 775 816 3141 
12884 2124 2680 2365 3001 
12885 949 1280 951 2306 
12886 1506 2753 2226 2979 
12887 1721 2047 2371 2624 
12888 482 2251 1158 2809 
12889 2273 3040 3006 3111 
12890 1311 552 570 2463 
12891 1760 2270 2706 2720 
12892 1060 2462 1911 2883 
12893 1326 2406 1327 3108 
12894 300 339 301 2094 
12895 525 1450 2468 2885 
12896 976 2384 1242 2595 
12897 52 2384 1230 2599 
12898 1838 2429 2049 2588 
12899 1902 1778 2492 2631 
12900 1723 1980 3054 3188 
12901 1033 1568 2398 3073 
12902 1863 2272 2535 2783 
12903 2247 2313 1918 3041 
12904 1428 2558 1561 2951 
12905 1238 1140 870 2650 
12906 1869 2351 2178 3161 
12907 1931 2743 2184 2854 
12908 1380 2018 1379 3180 
12909 1788 2921 2639 3194 
12910 2280 2481 1797 3004 
12911 1808 2680 2124 3001 
12912 1317 2128 2698 2897 
12913 1141 1549 78 2719 
12914 1794 2490 2282 2819 
12915 68 330 1011 2278 
12916 1727 2141 2302 2522 
12917 450 465 2242 2596 
12918 184 1933 186 3074 
12919 888 1415 2043 2655 
12920 2411 3012 1773 3190 
12921 1057 1433 1390 2228 
12922 1333 2307 2673 2795 
12923 2078 1745 2462 3092 
12924 65 2106 1212 2706 
12925 633 2073 1010 3193 
12926 1836 2424 2064 2670 
12927 2210 3089 2126 3145 
12928 1813 2840 2742 2960 
12929 811 813 2097 3151 
12930 1716 2163 2515 2963 
12931 1844 2654 2225 3076 
12932 1909 2404 2748 3130 
12933 1787 2784 2505 2947 
12934 2248 2784 1987 3149 
12935 938 2613 355 2696 
12936 2201 2300 1989 2892 
12937 1662 2131 2770 2949 
12938 469 2212 3104 3117 
12939 2049 2588 1764 3146 
12940 888 2043 886 2746 
12941 2089 2611 1895 2664 
12942 685 1968 523 2939 
12943 92 2508 2423 2816 
12944 454 529 563 2396 
12945 1797 2574 2328 2866 
12946 579 573 577 2639 
12947 984 1234 164 2189 
12948 52 1230 54 2599 
12949 579 577 2244 2639 
12950 702 55 755 2169 
12951 1707 2716 2343 2967 
12952 1623 2621 224 3100 
12953 936 2417 1612 2898 
12954 1857 2507 2130 3160 
12955 1991 1797 2574 2675 
12956 1373 1091 2316 2878 
12957 1892 2261 2173 2619 
12958 1936 2558 2213 3023 
12959 291 1480 1353 2053 
12960 481 495 2305 3082 
12961 1382 2318 1381 3157 
12962 305 2869 1506 2979 
12963 1302 1355 200 2398 
12964 1451 13 14 2563 
12965 2443 2774 1873 2992 
12966 2083 2167 2736 2780 
12967 1789 2398 2160 3073 
12968 1333 1146 2307 2795 
12969 2078 2423 1745 3092 
12970 2016 2594 2260 2886 
12971 1037 2149 1395 2842 
12972 1757 2299 2615 2854 
12973 886 2043 887 2521 
12974 1670 2747 2173 2986 
12975 1723 2382 2028 3054 
12976 643 588 653 2203 
12977 2258 2943 2005 2983 
12978 1717 2393 2272 2730 
12979 2066 2317 1798 2754 
12980 811 812 1550 2097 
12981 16 994 18 2972 
12982 2328 1944 3025 3026 
12983 2204 3143 2854 3168 
12984 2062 2510 1817 2651 
12985 474 469 2212 2744 
12986 1830 2623 2414 3066 
12987 1816 2602 2856 3125 
12988 760 505 55 2129 
12989 747 679 600 2154 
12990 1327 2116 3108 3134 
12991 204 740 741 2557 
12992 786 787 1090 2358 
12993 1932 3006 2273 3040 
12994 781 782 1465 2335 
12995 2264 2556 1735 2808 
12996 1725 2238 2745 2919 
12997 1662 2377 2340 2562 
12998 1776 2378 2287 3039 
12999 1824 2088 2294 3050 
13000 2234 2340 1756 2562 
13001 92 2423 151 2816 
13002 2071 1943 2389 2807 
13003 2060 1647 2748 3130 
13004 715 674 2626 2779 
13005 1381 1382 134 2318 
13006 347 184 1542 3074 
13007 2072 2968 3120 3126 
13008 1544 1637 729 2881 
13009 1871 2644 2238 2745 
13010 1720 2611 2104 2696 
13011 1792 2117 2812 2977 
13012 2135 1909 2634 2997 
13013 935 936 737 3151 
13014 1501 1554 906 3115 
13015 2139 2760 1927 2852 
13016 2156 1861 2660 2949 
13017 1045 1010 1156 2704 
13018 568 550 567 2221 
13019 1137 990 1332 2343 
13020 38 2516 1953 2906 
13021 1290 559 2847 3082 
13022 1047 550 568 2221 
13023 1815 2886 2316 3109 
13024 1337 858 1226 3091 
13025 2006 1751 2519 3114 
13026 827 41 5 2665 
13027 1290 2847 558 3082 
13028 887 2336 2043 2954 
13029 2313 2973 817 3041 
13030 718 717 2975 3183 
13031 307 2979 2226 3016 
13032 2675 2747 1991 3024 
13033 1250 878 1110 2222 
13034 1845 2562 2450 2753 
13035 758 759 722 2711 
13036 1846 3038 2177 3195 
13037 993 2266 992 2738 
13038 1933 2494 1813 2960 
13039 2093 2139 2683 2760 
13040 770 334 2234 2657 
13041 885 2186 286 2514 
13042 1755 2329 2511 2797 
13043 2265 2610 2102 2915 
13044 862 2595 2164 3086 
13045 1030 2426 1217 2898 
13046 2362 3089 1726 3157 
13047 804 124 125 2603 
13048 1583 1573 1190 2325 
13049 1692 2322 2140 3012 
13050 2338 3079 2022 3132 
13051 67 2605 65 2706 
13052 1692 1979 2536 3171 
13053 940 939 941 2229 
13054 2804 3044 1948 3156 
13055 1024 1036 1551 2258 
13056 759 669 722 3049 
13057 1701 2474 2152 2861 
13058 263 2188 24 3165 
13059 1078 1586 35 2320 
13060 1999 1665 2420 2761 
13061 1796 2387 2197 2674 
13062 2435 2620 1685 3078 
13063 478 2591 508 2803 
13064 1757 2383 2305 2847 
13065 2136 2711 1714 2757 
13066 416 2184 443 2738 
13067 1612 2417 1348 2898 
13068 1940 2601 2398 3166 
13069 229 2516 930 3180 
13070 1447 1108 1360 2411 
13071 517 248 303 2185 
13072 1701 2211 2643 2835 
13073 2085 2810 2294 3084 
13074 2021 2564 1769 3121 
13075 2145 2809 1904 3017 
13076 1548 1391 403 3109 
13077 1754 2408 2239 2775 
13078 1687 2822 2072 2968 
13079 1721 1954 2682 3032 
13080 484 485 832 3138 
13081 2105 1693 2884 2992 
13082 2168 2526 2488 3144 
13083 231 218 219 2058 
13084 468 2212 469 2744 
13085 1785 2104 2759 3041 
13086 2513 2668 1912 2918 
13087 413 486 444 2847 
13088 1786 1970 2464 2804 
13089 443 425 444 2743 
13090 1870 2592 2381 2857 
13091 1658 2387 2587 2903 
13092 1931 2743 1757 3168 
13093 1255 1294 1295 2763 
13094 1861 2660 2189 2885 
13095 2823 2845 1935 2941 
13096 2404 2692 2048 2913 
13097 1717 2272 2193 2730 
13098 1057 2228 1390 2878 
13099 1057 1390 1092 2878 
13100 1828 2812 2620 2981 
13101 588 2203 643 3163 
13102 1389 1286 1256 2568 
13103 74 75 1555 2453 
13104 990 2182 18 3174 
13105 1744 1984 2418 2881 
13106 2073 2284 2662 2704 
13107 2501 2628 1890 3003 
13108 2058 2607 2274 3164 
13109 1662 2340 2377 3127 
13110 2359 2748 2404 3130 
13111 809 238 808 2084 
13112 808 809 2084 3015 
13113 1205 1130 1206 3137 
13114 1114 314 2461 2990 
13115 1739 2344 2181 3051 
13116 1649 2999 2233 3112 
13117 353 988 273 2160 
13118 881 113 114 2418 
13119 1621 1417 470 2114 
13120 1785 2583 2756 2865 
13121 1391 2883 2577 3109 
13122 2703 2804 1948 2924 
13123 113 2448 903 2940 
13124 2092 1783 2985 3160 
13125 1103 1318 2576 2744 
13126 1424 2128 1317 2897 
13127 1662 2156 2340 3127 
13128 1666 2861 3027 3044 
13129 113 114 2418 2940 
13130 2144 2430 1771 2613 
13131 1764 2923 2722 2980 
13132 407 723 1323 2187 
13133 1918 2313 2247 3169 
13134 1229 527 2270 3183 
13135 1167 364 2631 3093 
13136 692 7 693 1994 
13137 1044 1629 1043 2725 
13138 1901 2491 2040 2908 
13139 1938 2702 2427 2721 
13140 2054 2076 2581 2862 
13141 1729 2244 2520 2971 
13142 1720 2696 2469 3181 
13143 1912 1738 2626 2918 
13144 1727 2130 2586 2876 
13145 1650 2565 2048 2584 
13146 44 356 910 2469 
13147 2139 2410 1679 2683 
13148 920 2313 817 3041 
13149 909 908 892 2215 
13150 1654 2505 2409 2947 
13151 2264 2324 1735 2972 
13152 1526 1628 1567 2115 
13153 447 448 434 2107 
13154 1851 3081 2302 3144 
13155 1758 2202 2637 3062 
13156 2176 1921 2315 2889 
13157 1982 2627 2267 3189 
13158 1860 2711 2136 2757 
13159 876 1086 875 2533 
13160 1738 2788 2122 3084 
13161 1147 347 2192 2758 
13162 205 207 206 2352 
13163 232 112 233 2940 
13164 1511 1624 1581 2295 
13165 1149 2110 1152 2982 
13166 382 952 2337 2552 
13167 1291 2803 499 3114 
13168 1952 2882 2610 3154 
13169 2072 2931 1687 3126 
13170 678 2315 762 2682 
13171 1911 2594 2260 2888 
13172 2229 2652 1748 2782 
13173 1428 1163 1561 2558 
13174 1525 1566 1627 2755 
13175 1448 1146 2795 3151 
13176 7 2269 9 2771 
13177 576 560 501 2700 
13178 2240 2774 2499 2831 
13179 1035 843 2395 3048 
13180 1605 1211 1427 2213 
13181 1791 2729 2007 2792 
13182 2585 3143 1808 3168 
13183 2197 2550 1796 2674 
13184 1883 2536 2128 2698 
13185 1821 2729 2368 3080 
13186 134 98 99 2318 
13187 1672 2359 2404 2920 
13188 385 415 384 2433 
13189 327 2308 326 2665 
13190 2210 2640 1726 3145 
13191 1406 2074 1450 2885 
13192 236 1024 237 2005 
13193 1697 2000 2941 3061 
13194 2065 2553 1823 2922 
13195 1727 2302 2228 2522 
13196 1776 2852 2490 3039 
13197 1558 1221 441 2601 
13198 2037 2782 1748 2946 
13199 1178 1110 1179 2222 
13200 1692 2128 2536 2867 
13201 713 714 2504 3068 
13202 1845 2841 2491 2869 
13203 334 1608 2234 2753 
13204 1720 2247 2104 2611 
13205 916 914 1531 3182 
13206 1786 2464 3112 3191 
13207 1748 2570 2160 3118 
13208 953 1060 1562 2883 
13209 1811 2289 2275 2982 
13210 1701 2643 2024 2835 
13211 1501 1554 3115 3134 
13212 1431 1432 1542 2077 
13213 1821 2051 2688 3106 
13214 1828 2487 2011 3136 
13215 567 2705 2221 2948 
13216 1034 2874 283 3073 
13217 135 1027 1017 2362 
13218 44 855 2104 3041 
13219 1821 2792 2729 2802 
13220 10 2560 2106 3113 
13221 1808 3017 2686 3168 
13222 1762 2337 2306 3101 
13223 1683 2440 2110 3096 
13224 1379 1380 1123 2018 
13225 1904 3105 2686 3168 
13226 873 886 898 2521 
13227 2439 2800 1900 3139 
13228 627 562 628 2489 
13229 1541 2100 606 2921 
13230 728 1254 1253 3177 
13231 2250 2895 1929 3052 
13232 1746 2034 2713 2794 
13233 1765 2190 2730 3072 
13234 2010 2558 2347 3023 
13235 751 1574 1029 2712 
13236 1558 618 1221 2601 
13237 1278 2155 1279 3016 
13238 2060 1747 2780 3026 
13239 1141 1534 1549 2040 
13240 538 195 2235 2868 
13241 1647 2443 2105 2907 
13242 2044 2911 1865 3142 
13243 2265 2797 1951 3050 
13244 233 112 903 2940 
13245 1601 2328 1602 3025 
13246 1655 2439 2800 2879 
13247 1745 2078 2394 2959 
13248 2420 2740 1872 3185 
13249 785 678 762 2682 
13250 1150 1259 1136 2289 
13251 1896 2493 2454 2717 
13252 1838 2588 2049 3146 
13253 383 1280 949 2337 
13254 443 416 425 2743 
13255 1300 150 1593 3090 
13256 2490 2852 1927 3039 
13257 1161 970 2280 2403 
13258 638 692 693 2632 
13259 1666 2804 1970 3044 
13260 849 1161 2335 3124 
13261 712 757 408 2511 
13262 1606 2213 1428 2951 
13263 1772 2197 2648 3178 
13264 2092 2985 2357 3160 
13265 2272 2393 1863 2730 
13266 1677 2888 2260 2944 
13267 357 667 74 2453 
13268 695 745 694 2159 
13269 436 450 2596 3187 
13270 716 717 728 2975 
13271 633 3147 2073 3193 
13272 2336 2670 1879 2954 
13273 567 2221 550 2948 
13274 1757 2204 2854 3168 
13275 1919 2458 2234 2949 
13276 2416 2890 1781 3095 
13277 1759 2575 1969 2893 
13278 1911 2883 2594 2888 
13279 2198 2300 1868 2732 
13280 2372 2621 1758 2719 
13281 2128 2536 1804 2698 
13282 1727 2130 2917 3160 
13283 151 2423 92 2508 
13284 1722 2007 2569 3191 
13285 621 605 606 2100 
13286 1733 2052 2619 3009 
13287 1231 2806 2379 3019 
13288 642 1137 521 2939 
13289 1431 2646 2077 3074 
13290 1706 1992 2748 3116 
13291 688 1180 1361 3190 
13292 83 301 2094 3046 
13293 1688 2482 2166 3083 
13294 2016 2594 1659 2873 
13295 571 700 2754 2943 
13296 1940 2826 2188 2919 
13297 1693 2512 2105 2884 
13298 256 257 675 2261 
13299 2185 2946 1713 3085 
13300 1983 1738 2779 2788 
13301 337 316 2326 2641 
13302 1024 237 2005 2983 
13303 720 721 1345 2796 
13304 2480 2576 1974 3190 
13305 601 623 697 2244 
13306 662 2314 680 2942 
13307 1685 2148 2373 2966 
13308 63 1030 1031 2426 
13309 83 301 339 2094 
13310 1599 2440 1598 2654 
13311 1140 938 95 2613 
13312 2303 2513 1816 3175 
13313 816 790 836 2731 
13314 794 793 2111 2830 
13315 716 718 717 2684 
13316 1142 1098 1141 2491 
13317 1940 2398 1789 3166 
13318 1950 2396 3133 3152 
13319 1048 1468 1049 2432 
13320 606 2100 605 2900 
13321 1174 1173 979 2103 
13322 1694 2118 2722 3172 
13323 2554 2571 1829 3064 
13324 330 328 352 2278 
13325 24 263 1200 2188 
13326 2245 2343 1707 2939 
13327 1767 2447 2768 2820 
13328 237 181 2321 2983 
13329 2236 2597 1803 2636 
13330 674 763 974 2626 
13331 2535 2783 2272 2925 
13332 726 1443 1324 2423 
13333 2049 3146 1764 3158 
13334 2232 2550 1759 2901 
13335 1629 1444 1043 2725 
13336 1973 2687 2444 3065 
13337 1588 2574 1118 2772 
13338 1748 1956 2679 2694 
13339 2234 2458 1861 2949 
13340 308 339 300 2094 
13341 1257 2568 1255 2727 
13342 2145 2686 1904 2809 
13343 1983 2779 2039 2788 
13344 1433 1390 2228 2877 
13345 2091 2781 1935 2941 
13346 1136 593 1394 2672 
13347 1208 1614 1207 2259 
13348 1727 2141 2526 3144 
13349 1670 2798 2747 2986 
13350 2457 2752 2222 2799 
13351 2009 2379 1761 3171 
13352 1742 2198 2397 2421 
13353 447 2107 434 3064 
13354 174 281 173 2431 
13355 493 2811 2318 3104 
13356 1915 2998 1788 3170 
13357 578 608 577 2438 
13358 72 1404 1411 2881 
13359 412 2305 413 2743 
13360 265 1540 476 2326 
13361 1034 1033 2398 3073 
13362 306 2491 1098 2979 
13363 1098 2491 1142 2869 
13364 1723 1980 2546 3054 
13365 814 3043 833 3047 
13366 2101 2733 1855 3057 
13367 1802 2558 2010 3023 
13368 755 791 756 2553 
13369 2206 1867 2394 2594 
13370 823 89 298 2545 
13371 1755 2511 2159 2797 
13372 1009 2448 376 2762 
13373 1780 2331 2604 3011 
13374 701 2329 712 2466 
13375 2127 2699 82 2929 
13376 2171 1809 2844 2880 
13377 1668 3133 2680 3170 
13378 894 1118 2580 2772 
13379 182 128 2321 2739 
13380 621 606 1541 2100 
13381 170 2299 546 3194 
13382 1675 2397 2268 2732 
13383 1835 2184 3030 3187 
13384 431 2145 457 2809 
13385 170 171 574 2299 
13386 888 410 854 2655 
13387 1358 720 2811 3104 
13388 1241 730 1004 2778 
13389 935 1571 1570 3151 
13390 2454 2493 1806 2717 
13391 1213 727 1229 2975 
13392 2109 3040 2273 3111 
13393 290 1165 1543 2171 
13394 1749 2443 2774 2997 
13395 1480 291 185 2494 
13396 1780 2600 2296 3132 
13397 1112 1202 1113 2936 
13398 1303 2738 393 3030 
13399 1461 1399 742 2902 
13400 288 2186 2363 2953 
13401 1435 2291 1545 3157 
13402 1821 2464 2236 2597 
13403 1045 1155 2284 2704 
13404 1765 2148 2645 2647 
13405 2193 1760 2642 3159 
13406 1808 2585 2686 3001 
13407 2304 2782 2061 2970 
13408 612 666 592 2195 
13409 1877 2609 2308 3186 
13410 2018 1686 2820 3034 
13411 1718 2664 2089 2870 
13412 423 422 424 2552 
13413 2513 2668 1674 3125 
13414 773 784 2286 2889 
13415 24 2188 1200 2826 
13416 764 803 796 2856 
13417 1042 2725 1188 2877 
13418 1907 2523 2276 2762 
13419 1177 913 911 2257 
13420 1688 2014 2441 3196 
13421 1659 2594 2260 2829 
13422 823 298 262 3165 
13423 410 2655 2059 2922 
13424 2013 2717 2271 2927 
13425 2411 1773 2758 3190 
13426 2193 1646 2272 3159 
13427 1748 2679 1985 2694 
13428 1790 2581 2076 2862 
13429 2065 2553 847 3124 
13430 1161 869 970 2403 
13431 1042 1188 1490 2877 
13432 1571 811 743 2902 
13433 835 833 841 2604 
13434 1757 2383 2813 2875 
13435 1837 2487 2255 3087 
13436 849 869 1161 3124 
13437 12 10 1625 2560 
13438 2112 2622 1862 3129 
13439 384 445 436 3187 
13440 1971 1724 2465 3101 
13441 1885 2473 2321 2899 
13442 1666 2688 2038 2819 
13443 1713 2658 2185 3085 
13444 2085 2047 2810 3084 
13445 2241 2400 1886 3177 
13446 1751 2489 2068 3103 
13447 1747 2167 2669 2780 
13448 1378 156 1222 2141 
13449 96 870 1140 2349 
13450 1506 2226 307 2979 
13451 2277 1661 2977 2988 
13452 2104 855 2759 3041 
13453 1649 2344 2532 2825 
13454 1939 2633 2749 3153 
13455 1233 1231 1312 2806 
13456 1023 2225 1478 3086 
13457 1668 2998 3133 3170 
13458 1080 713 1264 3068 
13459 2128 2576 1804 2867 
13460 1748 1985 2679 2946 
13461 1415 2043 2655 2954 
13462 1862 2376 2071 3121 
13463 988 1535 273 2570 
13464 2305 2847 2383 3082 
13465 814 758 2689 3047 
13466 2335 2403 1737 3124 
13467 2092 2886 1659 2985 
13468 773 2315 784 2889 
13469 70 69 68 2350 
13470 1805 2777 2395 3048 
13471 1824 2314 2039 2942 
13472 1711 2017 2409 2784 
13473 371 919 370 2333 
13474 780 782 781 2670 
13475 2213 2558 1802 3023 
13476 389 387 909 3011 
13477 1725 2715 2238 2919 
13478 831 2670 2336 2954 
13479 973 2214 971 3014 
13480 1710 2824 2068 3103 
13481 1715 2172 2442 2913 
13482 40 75 5 2063 
13483 187 189 188 2598 
13484 1829 2022 2554 3064 
13485 2119 3034 2485 3140 
13486 1711 2409 2017 2857 
13487 930 39 929 2516 
13488 1136 1394 1617 2672 
13489 745 735 694 2711 
13490 1233 2379 1231 2806 
13491 640 2682 2019 2971 
13492 1259 1301 1135 3031 
13493 1169 2342 2833 2995 
13494 974 821 857 2626 
13495 2411 2480 3012 3190 
13496 852 460 461 2537 
13497 1074 541 2618 2806 
13498 718 2331 842 3183 
13499 1035 2395 2777 3048 
13500 1756 2661 2456 3060 
13501 1461 1164 1162 2347 
13502 1856 2604 2360 3063 
13503 1668 2204 2854 2998 
13504 1001 1003 2309 2763 
13505 507 1403 2649 2856 
13506 1623 681 224 2621 
13507 932 2106 2605 3113 
13508 1235 140 1539 2932 
13509 251 297 2492 2676 
13510 712 2511 711 2697 
13511 1476 676 838 2649 
13512 1772 2567 2273 3178 
13513 2155 1969 2575 2893 
13514 235 282 234 2326 
13515 1892 2619 2173 2986 
13516 829 2308 1383 3186 
13517 1375 751 1029 2180 
13518 2313 1785 2973 3041 
13519 2291 3089 2362 3157 
13520 2250 2895 1907 3008 
13521 932 2106 65 2605 
13522 1254 2706 1212 3177 
13523 196 1405 188 2015 
13524 451 132 452 2890 
13525 732 1511 1510 2327 
13526 1812 2446 2021 2818 
13527 2064 1797 2481 3004 
13528 1596 77 1549 2621 
13529 633 1010 2073 3147 
13530 1365 2099 368 3137 
13531 1148 1181 1147 2192 
13532 2570 2694 269 3118 
13533 2405 2924 1961 3156 
13534 1655 2378 2800 3139 
13535 1954 2175 2390 2723 
13536 2243 2987 1938 3195 
13537 2334 2431 310 2814 
13538 713 2504 2125 3068 
13539 565 2036 749 3047 
13540 1796 2197 2387 2991 
13541 1820 3099 2211 3188 
13542 1775 2726 2152 3044 
13543 1195 1196 1438 2112 
13544 1510 1525 1589 2327 
13545 169 167 2235 2718 
13546 1137 1138 20 2343 
13547 11 1611 1393 2560 
13548 1688 2441 3057 3196 
13549 1804 2536 2128 2867 
13550 197 198 1442 2161 
13551 768 801 566 2687 
13552 1974 2672 1866 2848 
13553 332 349 1227 2075 
13554 772 872 340 2388 
13555 1791 2199 2767 3192 
13556 1700 2237 2767 3192 
13557 1734 2428 2296 2600 
13558 1355 1033 1568 2398 
13559 1937 2817 2626 2918 
13560 1833 2583 2194 2865 
13561 2062 2651 1817 2952 
13562 1071 1317 1340 2128 
13563 746 784 2315 2889 
13564 336 292 969 2143 
13565 1718 2457 2222 2766 
13566 1780 2277 3063 3132 
13567 219 249 2058 3164 
13568 893 1198 646 3164 
13569 2129 2314 1912 2668 
13570 1559 1170 1626 2353 
13571 1225 36 8 2771 
13572 2047 1669 2624 2714 
13573 1154 1156 1010 2844 
13574 253 1551 255 2258 
13575 2491 2841 1901 2869 
13576 1548 1299 983 2805 
13577 1784 2098 2512 2884 
13578 1353 2053 1480 2951 
13579 2183 1704 2530 2690 
13580 1045 635 1010 3193 
13581 1261 1520 1633 2027 
13582 2444 2687 2036 3065 
13583 2296 2600 2428 2977 
13584 1947 2295 2735 2932 
13585 2238 2479 1725 2745 
13586 2000 2727 2568 3061 
13587 267 1350 2201 2892 
13588 1761 2859 2379 3019 
13589 133 2242 132 2970 
13590 1927 2852 2118 3039 
13591 1852 2785 2843 3128 
13592 1722 2181 2344 3051 
13593 1585 1182 1600 2656 
13594 2014 1703 2486 2663 
13595 302 273 2570 3118 
13596 1179 1178 2222 2799 
13597 510 528 529 2396 
13598 2072 1687 2968 3126 
13599 942 2261 675 2514 
13600 1153 2200 439 2844 
13601 2804 3027 1948 3044 
13602 1765 2647 2255 2822 
13603 47 48 1608 2458 
13604 547 548 432 2585 
13605 1980 2419 2764 3054 
13606 727 1213 2706 2975 
13607 1692 2459 2322 3012 
13608 2073 3147 2508 3193 
13609 1875 2168 2488 3144 
13610 1669 2138 2437 2624 
13611 1431 2077 1542 3074 
13612 1158 482 560 2251 
13613 513 378 2238 2644 
13614 2078 2394 2309 2462 
13615 1273 2264 915 3182 
13616 1373 2316 1505 2392 
13617 410 2511 408 2922 
13618 1786 1970 2804 3112 
13619 1772 3006 2197 3178 
13620 2308 2609 2254 3186 
13621 662 691 690 2314 
13622 2378 3039 2207 3139 
13623 1034 1033 1355 2398 
13624 1105 2254 1106 2904 
13625 2204 2345 1808 3017 
13626 2383 2847 559 3082 
13627 1248 1269 1247 2172 
13628 835 863 864 2604 
13629 2135 2565 1978 2634 
13630 1889 2813 2721 3135 
13631 1478 1023 1271 2225 
13632 887 897 2521 3110 
13633 2791 2871 1946 2976 
13634 390 1331 3016 3045 
13635 1877 2254 2609 3186 
13636 2097 2307 1941 3151 
13637 559 309 649 2383 
13638 1794 2474 2207 2819 
13639 1763 2431 2815 2987 
13640 151 2508 150 3090 
13641 1661 2338 2070 2988 
13642 1290 559 2383 2847 
13643 1210 2530 1211 2690 
13644 770 336 334 2657 
13645 385 384 386 2433 
13646 1327 2116 1367 3108 
13647 1699 2987 2243 3195 
13648 369 1258 516 2658 
13649 1957 2109 2445 3111 
13650 10 1212 65 2106 
13651 936 1612 1348 2898 
13652 402 403 1391 2577 
13653 1781 2242 2033 2793 
13654 2360 3063 2277 3087 
13655 1507 1508 1594 3014 
13656 2200 2603 1750 2614 
13657 2184 2743 1757 2854 
13658 1676 2277 3063 3087 
13659 1697 2660 2496 2781 
13660 301 2874 2094 3046 
13661 179 317 498 2489 
13662 1898 2531 1968 2939 
13663 1928 2494 2475 3002 
13664 486 495 558 2847 
13665 1494 744 1111 2904 
13666 1780 2604 2360 3065 
13667 1842 2808 2264 2926 
13668 1661 2812 2117 2977 
13669 1655 2207 3039 3139 
13670 2357 2501 1857 2985 
13671 1546 2440 123 2603 
13672 2389 2410 2071 2807 
13673 1316 1013 937 2144 
13674 457 2145 471 2809 
13675 1102 1101 1100 2140 
13676 1876 2620 2435 3078 
13677 1829 2554 2022 3079 
13678 634 92 149 2508 
13679 669 625 626 2243 
13680 515 248 517 2185 
13681 1749 2135 2634 2997 
13682 813 812 811 2097 
13683 24 22 197 2826 
13684 421 2328 1601 3025 
13685 148 147 146 2698 
13686 943 1370 2424 3138 
13687 1779 2342 2125 3068 
13688 2206 2394 1667 2959 
13689 903 113 376 2448 
13690 829 1383 584 3186 
13691 2689 3043 814 3047 
13692 303 269 2570 2694 
13693 1123 2751 2018 3181 
13694 551 552 38 2516 
13695 1699 2243 2177 3195 
13696 1985 1748 2694 2946 
13697 1791 2729 2199 3192 
13698 158 589 2179 2921 
13699 1722 2792 2007 3191 
13700 2184 2738 1835 3030 
13701 1772 2648 2567 3178 
13702 1797 2064 2481 2669 
13703 1492 1193 1491 2799 
13704 1169 2342 1168 2833 
13705 2129 2314 1824 3107 
13706 265 262 1998 3165 
13707 911 1175 1176 2257 
13708 2127 2699 1787 2718 
13709 594 1103 2576 2744 
13710 1395 1037 1063 2149 
13711 1825 2828 1996 2961 
13712 726 954 1443 3092 
13713 1932 2643 2385 2726 
13714 1813 2053 2494 3002 
13715 2190 2730 2500 2931 
13716 201 442 441 2274 
13717 2033 2242 1781 2890 
13718 1296 1056 1093 2776 
13719 1720 2104 2469 2696 
13720 1019 1575 1519 2029 
13721 2052 2366 1807 2927 
13722 704 658 759 3049 
13723 1225 8 9 2771 
13724 715 674 974 2626 
13725 1648 2052 2849 2927 
13726 1713 2266 2658 3085 
13727 640 2019 710 2971 
13728 540 972 973 2214 
13729 1766 2062 2651 3113 
13730 1805 2173 2747 2777 
13731 2182 1735 2324 2972 
13732 1390 1490 1188 2877 
13733 1672 2442 2013 2989 
13734 1653 2218 2551 3135 
13735 1727 2302 2141 3144 
13736 185 186 2494 3074 
13737 1932 2909 2385 3006 
13738 1790 2321 2473 2899 
13739 124 1283 1521 2603 
13740 1949 2442 2172 2913 
13741 2055 3023 2742 3052 
13742 726 1443 2423 3092 
13743 704 2422 658 3049 
13744 2005 2943 2258 3142 
13745 238 240 239 2509 
13746 365 2304 1305 2864 
13747 1628 1072 2115 3097 
13748 1714 2355 2159 2711 
13749 2061 2946 2304 2970 
13750 537 1568 272 3118 
13751 1505 2392 2316 3109 
13752 17 1572 2324 3013 
13753 2046 2431 1938 2987 
13754 775 2517 816 3141 
13755 2076 2527 1925 2549 
13756 265 2974 261 3165 
13757 328 350 352 2631 
13758 1562 244 2016 3109 
13759 2110 2646 1811 2982 
13760 2391 3155 2209 3184 
13761 1288 79 2372 2719 
13762 1723 2053 2840 3002 
13763 2018 2469 1918 3180 
13764 1184 2521 897 3110 
13765 450 465 133 2242 
13766 1780 2360 2296 3065 
13767 488 2470 631 2818 
13768 267 4 76 2201 
13769 631 630 632 2470 
13770 1653 2721 2813 3135 
13771 2394 2462 1745 2594 
13772 1796 2201 2387 2701 
13773 1261 535 1520 2415 
13774 1653 2813 2721 2875 
13775 2044 3142 2391 3184 
13776 2788 2789 2122 3154 
13777 2579 2599 1770 2773 
13778 572 2334 311 2956 
13779 1231 541 2806 3019 
13780 1829 2486 2086 3083 
13781 464 465 1553 2596 
13782 488 631 1275 2818 
13783 572 175 310 2431 
13784 2171 2880 2844 3035 
13785 91 328 329 2278 
13786 131 396 145 2782 
13787 966 1025 739 2651 
13788 351 2538 276 3085 
13789 1821 2464 2597 3191 
13790 925 488 489 2498 
13791 1786 2597 2002 2703 
13792 2084 2509 2483 3098 
13793 625 2243 669 3049 
13794 1716 1978 2831 2963 
13795 1722 2629 2311 2945 
13796 1663 2756 2138 3094 
13797 1232 1236 543 3019 
13798 895 1602 894 2539 
13799 1669 2138 2624 3098 
13800 580 624 2934 2942 
13801 2747 2798 1945 2986 
13802 2145 1846 2896 2948 
13803 133 132 131 2970 
13804 2231 2531 1800 2842 
13805 887 886 888 2043 
13806 741 739 1025 2651 
13807 2046 2815 2431 2987 
13808 1683 2165 2628 3096 
13809 1227 2075 349 3020 
13810 1065 1307 1058 2130 
13811 431 2686 2145 2809 
13812 1678 2402 2077 3022 
13813 2178 2567 2055 3161 
13814 1834 3120 2968 3126 
13815 1745 2432 2187 2873 
13816 295 1184 204 2557 
13817 1328 2406 1419 3134 
13818 1105 1111 1112 2904 
13819 1696 3070 2087 3150 
13820 2391 3142 1798 3184 
13821 2419 3054 1980 3188 
13822 2098 2525 2083 2907 
13823 186 1605 1480 2690 
13824 99 2318 98 3029 
13825 1813 2840 2053 3002 
13826 2638 2716 1696 3150 
13827 189 198 188 2598 
13828 2369 1946 2871 2976 
13829 495 558 2847 3082 
13830 2420 2635 1872 2993 
13831 1887 2547 1997 2566 
13832 1761 1947 2859 3019 
13833 895 894 896 2580 
13834 2277 2487 2011 2988 
13835 1982 2611 1663 2756 
13836 2228 2877 1390 2878 
13837 1130 1512 1573 2325 
13838 713 959 960 2504 
13839 1599 1585 129 2440 
13840 1542 1432 1617 2077 
13841 164 165 985 2885 
13842 1788 1966 2998 3194 
13843 1793 2123 2339 2855 
13844 1103 474 1318 2744 
13845 2016 244 3055 3109 
13846 1889 2639 2813 3135 
13847 1724 2276 2523 3101 
13848 442 1198 441 2274 
13849 1648 2493 2044 3184 
13850 1359 1102 1087 2734 
13851 1604 2401 914 2926 
13852 148 1338 147 2529 
13853 767 400 1258 2330 
13854 713 47 714 3068 
13855 404 1059 1286 2577 
13856 2014 2663 2486 3077 
13857 1410 1224 9 2269 
13858 1528 223 1207 2976 
13859 495 2847 2305 3082 
13860 2060 2780 1747 2866 
13861 1624 1511 1584 2573 
13862 35 1133 2320 3037 
13863 1932 2109 2377 3040 
13864 2328 2669 1797 2866 
13865 1088 2533 1086 2846 
13866 14 2563 13 2734 
13867 1983 2203 2789 3163 
13868 1303 1172 993 2738 
13869 974 763 821 2626 
13870 811 1571 813 3151 
13871 765 680 690 2314 
13872 225 2976 2791 3100 
13873 1322 1565 1572 2324 
13874 2500 2730 2190 3072 
13875 1974 2672 2192 3190 
13876 2215 2600 1780 3132 
13877 1278 1502 1279 2155 
13878 400 399 398 2124 
13879 1412 1157 1133 2590 
13880 1804 2576 2128 2698 
13881 49 2290 1369 2853 
13882 286 885 724 2186 
13883 1302 946 1355 2398 
13884 946 2398 1302 2601 
13885 1837 2360 2277 3087 
13886 1795 2692 2115 2755 
13887 167 1299 1298 2653 
13888 1771 2430 2144 3069 
13889 867 822 656 2953 
13890 2428 2600 2117 2977 
13891 1904 2686 3017 3168 
13892 1188 2877 2725 2878 
13893 1533 638 636 2632 
13894 265 264 1540 1998 
13895 992 2082 1354 3102 
13896 2213 2530 1704 2690 
13897 2139 1799 2807 2834 
13898 1064 197 1442 2161 
13899 1613 1168 1557 2342 
13900 1866 2672 2289 3022 
13901 219 2058 218 3164 
13902 2083 2736 2332 2780 
13903 1816 3036 2602 3125 
13904 1824 2314 2129 2668 
13905 1487 611 609 2177 
13906 2185 2658 517 3085 
13907 1856 3043 2689 3047 
13908 1872 2635 2420 3185 
13909 2299 2639 1788 2813 
13910 1078 2320 421 3025 
13911 12 1455 11 2560 
13912 1837 2296 2360 3075 
13913 1813 2494 2053 2960 
13914 2602 2986 1945 3036 
13915 1948 3044 2726 3156 
13916 555 554 553 2455 
13917 1435 1530 1545 2291 
13918 2154 2572 1732 2815 
13919 1502 1145 738 2307 
13920 2060 2685 1647 3130 
13921 1755 2797 2265 3050 
13922 2296 2428 1837 2977 
13923 1711 2477 2381 2857 
13924 1770 2579 2384 2599 
13925 1820 3060 2456 3188 
13926 1734 2537 2286 2935 
13927 94 2423 1324 3123 
13928 463 162 2596 3187 
13929 735 2355 865 2689 
13930 30 1005 1004 2547 
13931 1666 2038 2688 2858 
13932 1705 2387 2587 2991 
13933 148 146 2529 2698 
13934 1486 973 971 3014 
13935 2061 2890 2242 2970 
13936 2683 2760 1731 3053 
13937 1473 1630 1472 2086 
13938 1676 2740 2360 3063 
13939 1625 899 12 2062 
13940 1701 2152 2726 2861 
13941 984 164 985 2189 
13942 1040 2579 921 2876 
13943 2577 2883 2249 2888 
13944 836 879 991 2731 
13945 200 1355 1568 2398 
13946 1926 2579 2384 3053 
13947 924 862 630 2164 
13948 1119 2395 1532 2772 
13949 460 2537 1110 2935 
13950 2073 2704 1809 2844 
13951 2032 2412 1868 2909 
13952 1013 2696 2144 3181 
13953 1058 1307 923 2130 
13954 809 2709 2084 3015 
13955 1659 2501 2357 2985 
13956 1723 2475 2053 3002 
13957 1324 2423 1443 3123 
13958 2276 2707 1762 3101 
13959 622 710 2019 2971 
13960 1030 1348 2417 2898 
13961 1104 1088 1086 2846 
13962 2226 2753 1845 2979 
13963 1447 1361 1592 2411 
13964 1885 2871 2791 2976 
13965 1738 2668 2085 2918 
13966 1996 2828 2230 2952 
13967 1438 779 1216 2622 
13968 2094 2667 1789 2874 
13969 1300 1134 1089 3122 
13970 1915 3133 2998 3170 
13971 1106 584 1496 2904 
13972 2049 2588 2429 3058 
13973 2093 2760 2683 3148 
13974 1655 3039 2378 3139 
13975 1821 2688 2051 3080 
13976 1418 1419 53 3134 
13977 1208 2259 1207 2976 
13978 1599 1598 1152 2654 
13979 1650 2081 2399 3179 
13980 1201 1007 1191 2276 
13981 1897 2586 2357 2722 
13982 1639 2524 2838 2914 
13983 1905 2165 3076 3096 
13984 602 603 1044 2507 
13985 1830 2414 2361 3066 
13986 1686 3034 2119 3140 
13987 1713 2433 2266 3020 
13988 1845 2753 2450 2869 
13989 1648 2717 2013 2927 
13990 1661 3079 2338 3132 
13991 2318 2811 1381 3157 
13992 650 88 2545 2928 
13993 1153 1154 1010 2844 
13994 1829 2086 2571 3083 
13995 170 172 171 2615 
13996 1577 1098 1142 2869 
13997 481 520 495 3082 
13998 2293 2803 2068 2824 
13999 274 247 248 2694 
14000 526 995 996 2905 
14001 1160 1161 2280 3004 
14002 640 607 2682 2971 
14003 1519 2029 1575 3097 
14004 1364 1481 84 2094 
14005 1864 2437 2138 2624 
14006 459 458 2346 2709 
14007 1872 2740 2360 3087 
14008 1274 1367 2116 3182 
14009 813 2795 2097 3151 
14010 169 167 195 2235 
14011 1800 2087 3070 3150 
14012 2625 2664 1663 2937 
14013 1541 606 761 2921 
14014 1415 887 2043 2954 
14015 1813 2211 2279 2840 
14016 662 690 680 2314 
14017 314 312 965 2461 
14018 1645 2733 2311 2945 
14019 1727 2586 2130 3160 
14020 29 1401 2503 2881 
14021 2380 2588 1890 2980 
14022 167 538 195 2235 
14023 792 755 25 2553 
14024 424 1407 1404 2881 
14025 1151 1284 1259 2275 
14026 1582 685 1332 2245 
14027 1862 3108 2116 3121 
14028 1669 2624 2714 3098 
14029 2299 2639 546 3194 
14030 1725 2350 2278 2545 
14031 1871 2745 2238 2919 
14032 2565 2584 1978 2634 
14033 1975 3053 2384 3148 
14034 1696 2087 2638 3150 
14035 1408 949 2306 2552 
14036 322 1364 84 2094 
14037 1200 2188 263 3165 
14038 1888 2624 2138 3098 
14039 588 2900 2203 3163 
14040 1856 2360 2604 3065 
14041 1754 2408 2775 2957 
14042 2116 2556 2264 3182 
14043 155 994 157 2205 
14044 2702 2721 1858 2875 
14045 998 672 1534 2232 
14046 258 257 256 2173 
14047 2030 2589 2408 2912 
14048 282 2326 316 2641 
14049 714 982 980 2450 
14050 2331 3011 1780 3132 
14051 1093 1091 1373 2878 
14052 742 1550 1462 2902 
14053 1778 2864 2103 2938 
14054 2416 3133 2033 3152 
14055 1775 2726 3044 3156 
14056 1579 2531 968 2842 
14057 921 1040 977 2579 
14058 1291 477 1292 3114 
14059 1017 1018 136 2630 
14060 1082 1269 1248 2172 
14061 1751 2345 2691 3103 
14062 2264 2926 915 3182 
14063 77 79 78 2719 
14064 1788 2691 2179 3170 
14065 1137 20 990 2343 
14066 1429 1055 1377 2302 
14067 1476 838 2196 2649 
14068 1777 2635 1999 2993 
14069 384 3030 445 3187 
14070 478 508 549 2803 
14071 1751 2179 2691 3170 
14072 1326 1328 1327 2406 
14073 1452 2479 2238 2745 
14074 595 2356 468 2744 
14075 1679 2556 2376 2807 
14076 2166 2571 2086 3083 
14077 1137 2343 1332 2939 
14078 1793 2372 2256 2978 
14079 1752 2006 2591 2803 
14080 1722 2612 2181 3051 
14081 169 1463 1500 2718 
14082 591 590 592 2293 
14083 2017 2857 2409 3042 
14084 1759 2055 2445 2893 
14085 721 1417 1344 2796 
14086 2040 2719 1901 2908 
14087 2296 1837 2428 3075 
14088 1654 2170 2947 3153 
14089 2409 2857 1870 3042 
14090 2293 1752 2705 2803 
14091 1492 1491 1493 2571 
14092 2008 1843 2627 2849 
14093 1470 3104 1262 3117 
14094 1151 2275 1259 2982 
14095 1399 1111 744 2219 
14096 623 2244 601 2971 
14097 593 2289 1135 3031 
14098 1200 2974 2188 3165 
14099 1553 163 1488 2555 
14100 887 888 1415 2043 
14101 2029 2863 2327 3033 
14102 2299 2383 1889 2813 
14103 2474 2819 1794 2861 
14104 2284 2662 1819 3193 
14105 2007 1786 2569 3191 
14106 1873 2774 2443 2997 
14107 1732 1999 2757 2761 
14108 1053 1297 1052 2929 
14109 2145 2678 1808 2686 
14110 1889 2438 2244 2551 
14111 1788 2691 2204 3135 
14112 697 579 2244 2639 
14113 1257 1255 1320 2727 
14114 860 859 810 2602 
14115 238 808 2084 2973 
14116 1966 2615 2854 3187 
14117 7 1409 9 2269 
14118 1309 1308 1307 2877 
14119 1874 2725 2507 2985 
14120 222 221 189 2598 
14121 1705 2198 2300 2991 
14122 855 817 856 2759 
14123 1332 2245 685 2939 
14124 2258 2791 1551 2983 
14125 814 754 758 3047 
14126 2053 2840 1813 2960 
14127 845 2655 846 2922 
14128 53 1419 52 2599 
14129 2061 2782 2304 2946 
14130 1774 2413 2533 2903 
14131 2536 2859 1660 2955 
14132 2376 2807 2071 3121 
14133 1749 2774 2240 2831 
14134 1890 2425 2380 2628 
14135 2351 2567 2178 3161 
14136 1899 2322 2459 2648 
14137 1895 2104 2611 2696 
14138 1868 2300 2198 2991 
14139 1304 2379 1402 2897 
14140 251 304 297 2676 
14141 987 2653 1298 2805 
14142 202 2850 1965 3110 
14143 1666 3027 2804 3044 
14144 1735 2808 2556 3176 
14145 2017 2409 2784 2947 
14146 1425 1160 1426 3004 
14147 1149 1183 2646 2982 
14148 34 1586 323 3091 
14149 2081 2871 1885 2899 
14150 1153 2200 2844 3147 
14151 221 198 189 2598 
14152 776 640 785 2682 
14153 1480 185 186 2494 
14154 483 1578 2471 3138 
14155 2420 2757 1999 2761 
14156 1800 2400 2149 2842 
14157 1834 2388 2740 3120 
14158 1237 1263 1239 2430 
14159 748 2777 256 3048 
14160 1995 2424 1836 3138 
14161 1842 2401 1964 2926 
14162 348 349 2538 3020 
14163 1828 2011 2487 2988 
14164 1827 2325 2099 3137 
14165 1883 2536 2698 2955 
14166 19 900 901 2510 
14167 920 929 2313 3041 
14168 1166 2704 1156 2844 
14169 1121 489 1621 2498 
14170 402 1059 2577 2883 
14171 604 406 603 3088 
14172 2207 2378 2490 3039 
14173 992 1354 1341 3102 
14174 493 1262 1470 3104 
14175 770 2234 771 2821 
14176 1911 2462 2394 2594 
14177 600 1454 2154 2814 
14178 1656 2239 2408 2775 
14179 1359 1087 1088 2533 
14180 1803 2002 2703 2781 
14181 2259 2473 1885 2899 
14182 2043 1687 2931 3126 
14183 1971 2707 2276 3101 
14184 1679 2807 2376 3121 
14185 985 984 2189 2995 
14186 1403 2196 838 2649 
14187 1638 2181 2612 2930 
14188 1785 2050 2483 2759 
14189 1329 1330 1334 2795 
14190 1696 2042 3070 3150 
14191 2127 2718 1787 3149 
14192 1788 2639 2299 3194 
14193 2023 2796 1942 2811 
14194 666 2195 612 2827 
14195 766 2329 701 2827 
14196 1291 499 477 3114 
14197 1665 2360 2296 3075 
14198 1438 2112 1196 3129 
14199 1752 2803 2293 2824 
14200 216 2333 215 2652 
14201 126 2321 128 2739 
14202 1816 2649 2196 2856 
14203 1245 1244 1223 2773 
14204 1463 1039 968 2231 
14205 1684 3006 2909 3040 
14206 1763 2427 2551 2721 
14207 1267 487 1276 2818 
14208 52 632 1242 2384 
14209 2209 1798 2407 3184 
14210 16 1572 1565 2972 
14211 1998 2745 2326 2974 
14212 1826 2499 2135 2963 
14213 666 2466 2195 2827 
14214 1301 1284 861 2275 
14215 2266 2433 1835 3030 
14216 419 1601 421 2328 
14217 2516 2820 1918 3180 
14218 1045 1155 881 2284 
14219 408 410 409 2511 
14220 1733 2514 2261 2962 
14221 1788 2813 2639 3135 
14222 1481 2644 940 3046 
14223 322 339 308 2094 
14224 2029 1691 2863 3033 
14225 1891 2789 2203 3163 
14226 1777 1999 2635 2810 
14227 1798 2209 3155 3184 
14228 1747 2669 2328 2866 
14229 594 595 1103 2744 
14230 1485 1085 1083 2727 
14231 1589 732 1510 2327 
14232 1854 2439 2275 2879 
14233 1804 2698 2536 2955 
14234 817 920 1050 2313 
14235 1506 335 2226 2753 
14236 1823 2511 2059 2922 
14237 802 232 1556 2552 
14238 1795 2755 2172 2913 
14239 1767 2768 1962 2820 
14240 1770 2384 2579 3053 
14241 1454 175 654 2814 
14242 100 138 139 3029 
14243 1788 2813 2204 2998 
14244 1987 2718 2127 3149 
14245 624 612 590 2934 
14246 1950 2365 2124 2680 
14247 996 525 2468 2821 
14248 991 205 1099 2352 
14249 1882 2502 2434 3014 
14250 614 918 615 2554 
14251 151 2423 94 2816 
14252 1815 2883 2016 3109 
14253 580 662 624 2942 
14254 2156 1935 2823 3000 
14255 174 2431 572 2956 
14256 284 283 2874 3073 
14257 470 468 1620 2356 
14258 1668 2854 1966 2998 
14259 1786 2007 2597 3191 
14260 1793 2256 2372 3062 
14261 389 388 387 3011 
14262 921 1058 923 2876 
14263 27 859 26 2602 
14264 1647 2685 2332 2891 
14265 1229 527 208 2270 
14266 1659 1874 2873 2985 
14267 1749 2774 2135 2997 
14268 1058 2710 2130 2876 
14269 1428 1606 1427 2213 
14270 1668 2033 2793 3133 
14271 1147 347 1148 2192 
14272 2129 1912 2856 3125 
14273 1306 2256 962 2794 
14274 1797 1991 2574 3024 
14275 2184 2854 2615 3187 
14276 1730 2156 2823 3000 
14277 1689 2393 2783 2925 
14278 424 422 1408 2552 
14279 1336 2811 2023 3157 
14280 765 664 680 3107 
14281 1752 2705 2591 2948 
14282 1675 2268 2397 2899 
14283 1726 2318 2362 3157 
14284 1408 883 949 2552 
14285 1899 2648 2459 2769 
14286 1067 1011 1066 2350 
14287 1768 2547 2309 2763 
14288 1752 2145 2896 2948 
14289 2025 2606 1716 3173 
14290 589 511 158 2179 
14291 1839 2525 2098 2907 
14292 2147 2401 1784 3021 
14293 1300 1095 3090 3122 
14294 138 2375 139 3029 
14295 1595 1477 1634 2166 
14296 2483 2509 1888 3098 
14297 1900 3119 2020 3139 
14298 29 1637 1401 2881 
14299 510 1484 160 3152 
14300 1780 2360 2604 3063 
14301 589 582 511 2179 
14302 1738 2085 2540 2918 
14303 2075 2864 1523 3093 
14304 1717 2500 2393 2730 
14305 1628 2115 1526 3097 
14306 847 783 791 2553 
14307 1786 2804 2703 2924 
14308 1745 2206 2394 2594 
14309 2159 1860 2582 2915 
14310 1853 2685 2332 3026 
14311 644 183 1614 2473 
14312 887 2336 904 3110 
14313 1781 2890 2333 3095 
14314 2273 2445 2109 3111 
14315 746 805 784 2889 
14316 1001 1002 1004 2309 
14317 137 1338 139 2375 
14318 243 1373 1091 2316 
14319 1843 2627 2267 2838 
14320 1949 2692 2404 2913 
14321 1760 2605 2106 2933 
14322 1276 1277 1326 2406 
14323 1934 2750 2212 3104 
14324 1757 2383 2299 2813 
14325 2028 2837 2419 3071 
14326 659 1074 1555 2057 
14327 2317 2754 699 2943 
14328 220 2598 187 3164 
14329 2022 3011 2331 3132 
14330 2016 2883 1562 3109 
14331 1766 1996 2925 2952 
14332 844 1035 843 2395 
14333 1908 2838 2524 2914 
14334 1690 3142 2044 3162 
14335 1039 1038 1037 2231 
14336 182 128 126 2321 
14337 457 431 471 2145 
14338 1659 2594 2206 2873 
14339 2538 3020 1713 3085 
14340 718 890 842 2331 
14341 802 73 232 2552 
14342 1974 1959 2848 2867 
14343 1699 2121 2427 3195 
14344 1684 2412 2908 2909 
14345 2507 2725 1783 2985 
14346 178 2519 180 3114 
14347 2698 2955 1804 3117 
14348 2088 1755 2610 3050 
14349 2287 2518 1854 2800 
14350 1914 2569 2233 3112 
14351 2225 2455 1694 3076 
14352 2093 2488 1735 3176 
14353 1449 793 1632 2457 
14354 705 658 704 2422 
14355 2168 2478 2526 3144 
14356 469 3104 1470 3117 
14357 1835 3030 2433 3187 
14358 2145 2686 1808 3017 
14359 2369 2976 2621 3100 
14360 1760 2642 2270 2720 
14361 2260 2594 1659 2886 
14362 411 481 495 2305 
14363 237 181 126 2321 
14364 2287 2800 1854 2879 
14365 1231 2379 543 3019 
14366 1451 1312 13 2563 
14367 401 2995 2458 3068 
14368 1993 2965 2051 3106 
14369 1780 2277 2360 3063 
14370 1831 2515 2606 3173 
14371 1147 2192 1181 3190 
14372 1790 2899 2268 3179 
14373 1323 2187 723 3123 
14374 2508 3090 1819 3193 
14375 399 2365 101 3001 
14376 1693 2105 2367 2992 
14377 1571 743 1570 2902 
14378 1758 2719 2040 2908 
14379 1718 2664 2349 2766 
14380 1877 2533 2413 2903 
14381 664 2942 680 3107 
14382 581 591 1291 2803 
14383 1779 2660 2458 2949 
14384 943 484 1370 3138 
14385 863 2331 890 3011 
14386 602 603 2507 3088 
14387 286 927 1260 2994 
14388 614 1609 2554 3064 
14389 2056 2775 2467 3176 
14390 2159 2797 2265 2915 
14391 2312 2343 1898 2716 
14392 1782 2568 2727 3061 
14393 1485 1083 2434 2727 
14394 1160 2280 1368 2675 
14395 1188 2725 1091 2878 
14396 2071 2950 1862 3121 
14397 474 468 469 2744 
14398 1931 3143 2585 3168 
14399 150 2508 1593 3090 
14400 2405 2804 1970 3112 
14401 1728 2525 2083 2783 
14402 430 2686 457 2809 
14403 1485 1508 1486 2434 
14404 1863 2528 2730 3072 
14405 1042 1044 1043 2725 
14406 1815 2577 2883 3109 
14407 1210 1209 1211 2530 
14408 2359 2748 1822 3116 
14409 1602 1601 1552 2328 
14410 1217 1030 64 2426 
14411 1753 2436 2298 2950 
14412 1928 2475 2382 3002 
14413 92 151 94 2816 
14414 1662 2377 2562 2770 
14415 2234 2562 1919 2949 
14416 2073 1819 2662 3193 
14417 1227 349 395 3020 
14418 984 2833 2189 2995 
14419 2266 3020 2433 3030 
14420 1847 2343 2312 2716 
14421 1347 1346 1409 2147 
14422 271 353 2160 3073 
14423 153 2423 151 3090 
14424 1398 2219 1537 2936 
14425 821 458 820 3015 
14426 87 318 284 3046 
14427 1122 1380 931 3180 
14428 700 699 2754 2943 
14429 920 931 929 3041 
14430 648 559 649 2383 
14431 1912 2626 2817 2918 
14432 2242 2596 2033 2793 
14433 2182 2324 1847 3013 
14434 1528 2791 223 2976 
14435 159 545 158 2921 
14436 2685 2920 2060 3026 
14437 766 701 703 2827 
14438 229 551 930 2516 
14439 1851 2478 2168 3144 
14440 1983 2789 1891 3163 
14441 436 463 450 3187 
14442 1067 68 1011 2350 
14443 591 592 889 2293 
14444 2294 2668 1824 2693 
14445 1653 2345 2204 3017 
14446 146 148 2529 3117 
14447 355 2613 937 2696 
14448 1638 2181 2930 3067 
14449 1778 2676 2492 3093 
14450 585 1612 934 2417 
14451 2267 2627 1736 3189 
14452 879 878 1251 2935 
14453 1034 2398 946 3166 
14454 576 609 610 2177 
14455 1166 1176 1156 2704 
14456 307 390 2979 3016 
14457 2264 2556 1842 3182 
14458 829 827 326 3186 
14459 1684 2412 2040 2908 
14460 996 525 526 2468 
14461 596 253 33 2534 
14462 402 2577 1391 2883 
14463 1660 2955 2414 3066 
14464 1864 2220 2428 3094 
14465 1638 2030 2839 2965 
14466 1785 2084 2483 3098 
14467 2222 2752 1913 2799 
14468 2236 2464 1821 2688 
14469 1300 1593 1134 3193 
14470 1695 2800 2518 2801 
14471 1190 1007 1559 2353 
14472 2037 1673 2679 2790 
14473 918 1458 908 2554 
14474 1658 2587 2322 2903 
14475 1365 368 1569 3137 
14476 796 797 2196 2817 
14477 24 1200 23 2826 
14478 1013 355 937 2696 
14479 2047 2540 1669 2714 
14480 1077 943 421 2424 
14481 1723 2382 2171 2475 
14482 1190 1626 1197 2353 
14483 1460 2457 1178 2799 
14484 2170 1787 2505 2947 
14485 863 842 890 2331 
14486 2451 2977 2812 2988 
14487 2403 2602 1945 3036 
14488 799 2483 774 3141 
14489 1727 2522 2130 2876 
14490 1738 2626 2346 2779 
14491 1132 2585 429 3001 
14492 1893 2248 2477 2944 
14493 1560 1314 963 2339 
14494 1852 2911 2137 3128 
14495 933 1253 1395 2400 
14496 1662 2562 2340 2949 
14497 2493 2843 2044 3162 
14498 82 1372 81 2127 
14499 308 234 320 2641 
14500 1683 2460 2165 3096 
14501 2423 3092 1443 3123 
14502 1888 2714 2624 3098 
14503 1087 1313 2533 2734 
14504 1726 2023 2811 3157 
14505 1067 1310 70 2350 
14506 1184 898 897 2521 
14507 1227 1514 332 2075 
14508 1785 2583 2084 3098 
14509 2854 3143 1931 3168 
14510 1847 2343 2182 3013 
14511 1697 2091 2496 3061 
14512 457 471 472 2809 
14513 1609 1458 614 2554 
14514 2061 1748 2652 2782 
14515 2493 3162 2044 3184 
14516 817 2313 1050 2973 
14517 202 204 203 3110 
14518 858 2539 2290 3091 
14519 2308 2417 1719 2426 
14520 1809 2132 2764 3028 
14521 783 845 846 2922 
14522 1726 2811 2318 3157 
14523 337 848 316 2641 
14524 1925 2549 2399 3179 
14525 1311 1371 926 2151 
14526 1327 2406 1328 3134 
14527 1788 2555 2921 3194 
14528 755 756 702 2169 
14529 813 1576 1619 2795 
14530 532 1435 1362 3157 
14531 924 1597 862 2164 
14532 1697 2174 2541 3061 
14533 403 2577 986 2805 
14534 2302 2776 1055 3081 
14535 660 2563 1312 2806 
14536 2223 2930 2454 3067 
14537 864 863 388 2444 
14538 1592 1361 1180 3190 
14539 187 893 646 3164 
14540 834 814 833 3047 
14541 45 355 44 2696 
14542 1815 2883 2577 2888 
14543 966 1185 1025 2651 
14544 2330 2416 1950 3133 
14545 107 663 106 2153 
14546 1702 2240 2476 2589 
14547 2058 2492 1778 2676 
14548 2827 2942 665 3107 
14549 1791 2792 2157 2802 
14550 461 462 2286 2935 
14551 909 2215 892 3056 
14552 1653 2721 2702 2875 
14553 853 806 851 3056 
14554 1433 1057 1429 2228 
14555 1579 968 1039 2842 
14556 957 1578 1413 2471 
14557 1575 2029 2712 3097 
14558 179 178 180 3114 
14559 1474 1584 733 2573 
14560 1769 2950 2071 3121 
14561 1334 1333 1329 2795 
14562 998 62 672 2232 
14563 88 89 650 2545 
14564 1550 743 811 2902 
14565 888 854 1415 2655 
14566 461 2286 784 2889 
14567 783 408 757 2922 
14568 1852 2843 2493 3162 
14569 292 969 2143 3167 
14570 1925 2527 2076 2739 
14571 175 310 2431 2814 
14572 446 471 2145 2948 
14573 1833 2437 2138 3094 
14574 1366 1327 1367 3108 
14575 1686 2855 2911 3128 
14576 637 324 752 2559 
14577 1804 2955 2536 3066 
14578 1685 2045 2620 2645 
14579 1773 2459 2096 3007 
14580 1505 1373 243 2316 
14581 353 273 271 2160 
14582 639 647 597 2466 
14583 1201 1009 1007 2276 
14584 817 856 2759 2973 
14585 862 1478 2595 3086 
14586 514 380 513 2644 
14587 2296 2360 1665 3065 
14588 338 476 1540 2326 
14589 1727 2526 2478 3144 
14590 2358 2503 1744 2881 
14591 1794 2207 2474 3139 
14592 1171 348 351 2538 
14593 2162 2808 1842 3021 
14594 1735 2556 2093 3176 
14595 439 2844 2200 3035 
14596 35 1586 34 3037 
14597 1688 3077 2014 3196 
14598 1646 2348 2216 3159 
14599 1058 1270 536 2710 
14600 1066 1441 1068 2350 
14601 1263 1315 2430 2695 
14602 1658 2609 2178 2674 
14603 974 2626 857 2817 
14604 674 677 763 2346 
14605 1421 1365 1015 2099 
14606 1070 1101 1592 2480 
14607 862 1478 630 2595 
14608 1274 2116 1327 3134 
14609 1711 2592 2409 2857 
14610 1147 686 347 2758 
14611 716 728 933 2241 
14612 800 774 799 2483 
14613 2310 1896 3059 3162 
14614 1285 1059 1294 2249 
14615 2469 2696 356 3181 
14616 2507 2985 1857 3088 
14617 921 923 2522 2876 
14618 1716 2606 2515 3173 
14619 1498 842 841 3183 
14620 288 286 724 2186 
14621 582 2179 589 2900 
14622 1160 1466 1161 3004 
14623 1771 2144 2787 3069 
14624 804 439 1153 2200 
14625 243 245 244 3055 
14626 998 1000 999 2575 
14627 1257 1485 1486 2727 
14628 1973 2687 1921 2889 
14629 1665 2371 2993 3075 
14630 283 1034 1252 2874 
14631 1860 2582 2243 3049 
14632 804 1282 1283 2614 
14633 600 2438 599 2814 
14634 505 2129 765 2856 
14635 1331 293 1016 2217 
14636 1686 2768 2820 3140 
14637 1722 2344 2785 3051 
14638 2192 2758 1773 3190 
14639 1714 2420 2635 3185 
14640 2042 1800 2400 3070 
14641 390 3016 629 3045 
14642 1848 2190 2737 2822 
14643 1777 2810 2635 2851 
14644 1731 2164 2595 2765 
14645 1506 335 307 2226 
14646 1911 2249 2883 2888 
14647 2204 2691 1788 3170 
14648 2106 2605 1760 2706 
14649 2091 1697 2496 2781 
14650 2088 2610 2882 3154 
14651 1314 1483 1316 2751 
14652 965 956 1499 2461 
14653 656 2906 37 2953 
14654 1464 715 2626 2779 
14655 2415 2501 1857 3003 
14656 1991 2747 2366 3024 
14657 2047 2085 2540 3084 
14658 1686 2820 3034 3140 
14659 1845 2869 2491 2979 
14660 334 1608 48 2234 
14661 1804 2414 2955 3066 
14662 1759 2575 2232 2901 
14663 1098 2491 2869 2979 
14664 1658 2197 2387 2674 
14665 578 599 608 2438 
14666 1780 3011 2215 3132 
14667 613 625 658 3049 
14668 1422 2658 2266 3085 
14669 2016 3055 2316 3109 
14670 2016 1659 2594 2886 
14671 1765 2730 2528 3072 
14672 1153 804 2200 3147 
14673 1727 2917 2586 3160 
14674 1722 2311 2792 2945 
14675 1418 53 1554 3134 
14676 1779 2995 2342 3068 
14677 1371 2754 698 2962 
14678 1835 2596 2242 2793 
14679 1664 2887 2666 3169 
14680 1666 2819 2858 2861 
14681 602 1065 534 2507 
14682 890 718 1456 2684 
14683 2281 2895 1929 3010 
14684 1399 1537 1398 2219 
14685 1926 2595 2225 2765 
14686 97 96 2349 2766 
14687 523 522 521 2939 
14688 741 1026 2557 2651 
14689 896 2580 1635 2853 
14690 1231 543 541 3019 
14691 813 1448 2795 3151 
14692 1278 1279 390 3016 
14693 2602 3036 1924 3125 
14694 48 771 770 2234 
14695 2562 2770 1919 2949 
14696 139 2529 494 3029 
14697 2138 2437 1864 3094 
14698 1513 1514 1227 2075 
14699 1717 2336 2521 3110 
14700 977 921 2579 2876 
14701 1918 2906 2313 3169 
14702 2218 2789 1891 3103 
14703 413 412 411 2305 
14704 795 794 793 2111 
14705 1184 203 204 3110 
14706 2017 2947 2784 3149 
14707 2056 2749 1939 2775 
14708 133 465 132 2242 
14709 2618 2806 541 3019 
14710 2037 2304 2782 2946 
14711 1676 3063 2360 3087 
14712 839 830 206 2352 
14713 1323 723 2816 3123 
14714 878 460 1110 2935 
14715 2200 2614 1955 3147 
14716 1019 1017 1028 2630 
14717 869 25 26 2403 
14718 142 101 399 2365 
14719 1649 2233 2405 3112 
14720 57 2146 843 3048 
14721 1809 2546 2257 3028 
14722 986 987 1298 2805 
14723 677 459 458 2346 
14724 1304 1233 1402 2379 
14725 407 1323 1049 3123 
14726 2173 2649 1892 2986 
14727 1009 376 1175 2762 
14728 1786 2804 2405 3112 
14729 387 918 909 3011 
14730 1422 2266 1171 3085 
14731 71 2418 114 2940 
14732 2341 2419 1641 3000 
14733 1358 719 720 3104 
14734 1669 2084 2583 3098 
14735 2328 2574 1797 3004 
14736 3006 3040 1684 3111 
14737 1287 1289 1288 2978 
14738 1759 2445 2273 3111 
14739 735 2689 758 2711 
14740 1084 1234 984 2833 
14741 740 956 739 2158 
14742 1661 2277 2338 2988 
14743 689 653 657 2969 
14744 505 506 810 2602 
14745 2136 1714 2420 2757 
14746 2135 1978 2565 2963 
14747 1462 1616 1615 2548 
14748 1743 2590 2269 2771 
14749 267 682 1350 2892 
14750 31 42 33 2534 
14751 912 911 913 2472 
14752 1182 1183 1192 2646 
14753 1257 1256 1255 2568 
14754 333 2492 331 2631 
14755 2268 2899 2081 3179 
14756 1859 2054 2581 2862 
14757 2306 2337 1762 2552 
14758 942 944 675 2261 
14759 1814 2155 3005 3016 
14760 2355 2689 735 2711 
14761 1524 1198 2274 3164 
14762 515 2185 517 3085 
14763 1063 1037 433 2964 
14764 1666 2464 2236 2688 
14765 286 2186 288 2953 
14766 2151 1733 2962 2994 
14767 1348 1032 1030 2417 
14768 980 959 2504 2794 
14769 803 798 796 2817 
14770 306 2979 390 3016 
14771 1653 2551 2721 3135 
14772 2079 2605 1760 2933 
14773 2073 2662 2284 3193 
14774 356 2696 1013 3181 
14775 1661 2338 2277 3132 
14776 1662 2770 2562 2949 
14777 468 595 1392 2356 
14778 2165 2460 1930 2923 
14779 2612 2930 1806 3078 
14780 410 846 2655 2922 
14781 2407 3162 1896 3184 
14782 617 496 616 2354 
14783 1754 2030 2912 2965 
14784 1694 2765 2225 3076 
14785 1828 2487 2451 2988 
14786 2006 2803 2068 3114 
14787 86 83 84 3046 
14788 1907 2895 2523 3008 
14789 1072 850 1073 2853 
14790 1463 169 1038 2231 
14791 554 374 1598 2654 
14792 246 269 2694 3118 
14793 1666 2819 2038 2858 
14794 819 857 821 2363 
14795 462 790 773 2286 
14796 1661 2117 2600 2977 
14797 1495 2245 1332 3174 
14798 940 380 514 2644 
14799 7 268 693 2771 
14800 2314 2942 1824 3107 
14801 1427 1211 1479 2530 
14802 491 1437 490 2502 
14803 2631 2864 1778 3093 
14804 1331 293 2217 3045 
14805 997 995 1041 2905 
14806 2381 2592 1711 2857 
14807 1791 2441 2733 3057 
14808 1948 2804 2703 3027 
14809 919 345 1535 2570 
14810 2052 1733 2619 2984 
14811 315 316 282 2326 
14812 1960 2577 2249 2888 
14813 1745 2394 2206 2959 
14814 1666 2861 2858 3027 
14815 1834 3126 2968 3185 
14816 663 684 683 2582 
14817 2334 2721 1858 2956 
14818 655 706 750 2572 
14819 1090 787 1089 3122 
14820 1274 1367 1327 2116 
14821 503 445 414 3187 
14822 633 634 3147 3193 
14823 515 517 2658 3085 
14824 1652 2381 2199 2677 
14825 1909 2748 2634 2997 
14826 1855 2733 2441 3057 
14827 1117 1118 2574 2772 
14828 1287 1288 2372 2978 
14829 857 2363 725 2817 
14830 2193 2272 2933 3159 
14831 2061 1748 2782 2946 
14832 775 776 2517 3141 
14833 1497 548 547 2585 
14834 2213 2742 1802 2951 
14835 2076 2581 1790 2739 
14836 2066 1733 2962 3155 
14837 1001 1294 1003 2763 
14838 976 1230 1242 2384 
14839 1052 82 2699 2929 
14840 1914 2855 2713 2996 
14841 1945 2986 2798 3036 
14842 315 337 316 2326 
14843 1793 2339 2713 2855 
14844 1069 1071 2480 2576 
14845 2266 1713 3020 3085 
14846 301 284 2874 3046 
14847 187 220 189 2598 
14848 1721 2517 2315 2682 
14849 1473 1609 435 3064 
14850 1115 1116 1352 2401 
14851 1312 660 661 2563 
14852 303 246 269 2694 
14853 47 401 2458 3068 
14854 44 910 855 3041 
14855 2204 1653 2813 3135 
14856 329 330 68 2278 
14857 2488 2967 1735 3176 
14858 827 829 828 3186 
14859 2144 2430 1818 3069 
14860 1787 2718 2784 3149 
14861 1704 2567 2351 3161 
14862 747 600 1454 2154 
14863 2151 2754 1371 2962 
14864 1655 2923 2118 3039 
14865 242 218 251 2492 
14866 1416 487 1267 2446 
14867 2423 2816 2508 2959 
14868 1748 2694 2570 3118 
14869 320 234 282 2641 
14870 265 261 262 3165 
14871 1814 3005 2217 3045 
14872 1809 2764 2546 3028 
14873 2060 2920 2866 3026 
14874 391 110 2330 3018 
14875 1653 2427 2702 2721 
14876 1508 2434 490 2502 
14877 2635 2810 1951 2851 
14878 2536 2859 1883 3171 
14879 1164 1461 1462 2347 
14880 488 924 631 2470 
14881 1798 3155 2391 3184 
14882 1513 395 415 3020 
14883 1668 2680 2124 3143 
14884 2458 2660 1861 2949 
14885 2359 2060 2748 3130 
14886 432 548 1132 2585 
14887 1406 1220 1504 2541 
14888 899 1185 901 2510 
14889 975 2710 1058 2876 
14890 1622 1118 1532 2772 
14891 555 553 1270 2455 
14892 358 357 74 2453 
14893 2330 2416 1781 3018 
14894 1252 2874 1034 3166 
14895 1173 1591 1580 2479 
14896 2106 2560 2062 3113 
14897 1741 2685 2920 3130 
14898 1666 2688 2236 2858 
14899 1889 2639 2299 2813 
14900 1722 2785 2612 3051 
14901 1315 1316 1239 2430 
14902 897 887 904 3110 
14903 922 921 2522 2876 
14904 1642 2810 2047 3084 
14905 733 673 948 2581 
14906 1200 261 2974 3165 
14907 306 307 390 2979 
14908 2384 2599 1975 3148 
14909 829 326 2308 3186 
14910 2742 3023 1802 3052 
14911 736 1538 738 2898 
14912 1169 2833 984 2995 
14913 2044 2493 2246 2843 
14914 1016 2217 293 3167 
14915 378 1452 2238 2745 
14916 1718 2506 2117 2752 
14917 2858 2861 2026 3027 
14918 1798 2066 2754 3155 
14919 154 153 152 3090 
14920 1870 2592 2409 3077 
14921 443 444 874 2184 
14922 1288 78 79 2719 
14923 202 483 2471 2850 
14924 687 1457 1215 2616 
14925 1885 2369 2871 2976 
14926 1900 2800 2378 3139 
14927 1189 1091 1188 2725 
14928 1135 593 1136 2289 
14929 677 458 763 2346 
14930 1067 1068 1310 2350 
14931 1647 2685 2301 3130 
14932 1117 1119 1118 2772 
14933 509 2591 478 2705 
14934 607 679 678 2682 
14935 1555 358 74 2453 
14936 1381 134 493 2318 
14937 1993 2802 2157 3106 
14938 331 2631 2492 3093 
14939 1789 2644 2229 2790 
14940 1582 2245 1495 3081 
14941 264 265 262 1998 
14942 1519 1526 1510 3097 
14943 39 38 37 2906 
14944 2053 2742 2213 2951 
14945 58 844 843 2146 
14946 177 176 296 2605 
14947 2375 2932 1840 3029 
14948 747 1454 1515 2154 
14949 2137 2637 1649 2999 
14950 235 265 2326 2974 
14951 1808 2124 2680 3143 
14952 1379 1062 31 2123 
14953 2283 2635 1951 2851 
14954 305 981 1506 2869 
14955 2233 2405 1786 2924 
14956 1606 1353 1480 2951 
14957 601 697 579 2244 
14958 493 1358 2811 3104 
14959 1810 2241 2894 2975 
14960 1148 1617 1394 2672 
14961 163 1488 2555 3194 
14962 2380 2980 1930 3071 
14963 1918 2516 2906 3169 
14964 1289 962 2256 2978 
14965 2326 2745 1871 2974 
14966 1178 1250 1110 2222 
14967 1697 2781 2091 2941 
14968 50 2559 324 3091 
14969 2056 2967 2488 3176 
14970 157 2205 905 3115 
14971 1670 2619 2052 3009 
14972 446 753 471 2948 
14973 1457 687 1360 2616 
14974 382 952 1509 2337 
14975 831 2336 887 2954 
14976 1718 2089 2506 2870 
14977 1338 494 139 2529 
14978 2053 1802 2742 2951 
14979 1792 2506 2117 2937 
14980 1452 1453 2479 2745 
14981 853 2889 806 3056 
14982 1987 2784 2718 3149 
14983 1757 2813 2204 3168 
14984 1321 2510 1185 2910 
14985 2185 2694 1748 2946 
14986 2066 2984 1733 3155 
14987 629 307 335 2226 
14988 1723 2840 2250 3188 
14989 625 575 626 2243 
14990 2092 2917 1783 3160 
14991 971 973 972 2214 
14992 2256 1746 2794 3131 
14993 1844 3076 2165 3096 
14994 1724 2895 2281 3010 
14995 1427 1162 1428 2558 
14996 2483 2759 856 2973 
14997 1800 2087 2663 3070 
14998 2250 2742 1802 3052 
14999 255 570 254 2463 
15000 980 2794 2450 3131 
15001 921 923 922 2522 
15002 1268 1343 1344 2796 
15003 932 10 65 2106 
15004 1391 1562 2883 3109 
15005 765 2129 760 3107 
15006 123 129 130 2440 
15007 2228 2776 1981 2878 
15008 2240 2476 1749 2831 
15009 2930 3051 2454 3067 
15010 1638 2051 2965 3106 
15011 1745 2423 2078 2959 
15012 1808 2124 2585 3001 
15013 493 1381 2318 2811 
15014 132 1094 131 2890 
15015 1115 914 1604 2401 
15016 1840 2640 2210 2735 
15017 1918 2820 2018 3180 
15018 1738 2294 2788 3084 
15019 1034 1355 946 2398 
15020 2289 2672 2077 3022 
15021 2187 2816 723 3123 
15022 10 2106 932 3113 
15023 509 2705 567 2948 
15024 545 1488 761 2921 
15025 969 3045 2143 3167 
15026 1755 2797 2159 2915 
15027 1529 1530 1435 2291 
15028 864 564 565 2444 
15029 1299 1298 2653 2805 
15030 1870 2409 2592 2857 
15031 1306 2256 2794 3131 
15032 838 1403 1476 2196 
15033 1926 2384 2595 3053 
15034 1942 2212 2750 3104 
15035 854 410 846 2655 
15036 529 454 512 2396 
15037 1835 2738 2266 3030 
15038 1733 2261 2619 2984 
15039 2039 2934 2195 2942 
15040 319 318 353 3073 
15041 2172 2755 1949 2913 
15042 2046 2102 2815 2987 
15043 673 128 2581 2739 
15044 591 590 2293 2934 
15045 553 536 1270 2455 
15046 1280 381 1022 2337 
15047 1693 2367 2436 2992 
15048 2528 2730 1765 3136 
15049 1664 2865 2194 2887 
15050 815 816 836 2731 
15051 2357 2586 1694 2722 
15052 463 2596 450 3187 
15053 1097 1534 1098 2491 
15054 1936 2347 2558 3023 
15055 62 671 672 2741 
15056 1704 2279 2742 2960 
15057 2178 2674 1759 3178 
15058 1295 1504 1218 2541 
15059 1842 1964 2808 2926 
15060 1108 1359 1088 2846 
15061 2423 2508 2078 2959 
15062 1336 532 1362 3157 
15063 1788 2204 2813 3135 
15064 1850 2752 2457 2799 
15065 964 1061 963 2339 
15066 1718 2506 2101 2870 
15067 1819 2078 2778 3090 
15068 1415 2655 845 2954 
15069 785 762 816 2517 
15070 1766 2651 2557 3113 
15071 1333 1054 1329 2673 
15072 2019 2682 1954 2971 
15073 115 968 1579 2531 
15074 2138 2756 1833 3094 
15075 1055 1607 2302 3081 
15076 2456 3060 1980 3188 
15077 1595 1493 1477 2166 
15078 1232 543 2379 3019 
15079 2866 2920 1944 3026 
15080 2202 2841 1901 2908 
15081 2156 2660 1697 2781 
15082 1328 1419 1418 3134 
15083 1306 2794 980 3131 
15084 1628 1072 1073 2853 
15085 857 725 797 2817 
15086 1188 1390 2877 2878 
15087 1706 2359 2271 3116 
15088 46 2458 401 2995 
15089 2226 2979 1957 3016 
15090 1309 1307 1046 2877 
15091 2263 1743 2771 3037 
15092 287 656 37 2953 
15093 1999 2635 2420 2993 
15094 1186 1025 1185 2651 
15095 225 223 253 2791 
15096 1019 1018 1017 2630 
15097 216 215 217 2652 
15098 97 1564 96 2766 
15099 1828 2451 2812 2988 
15100 1116 2401 1115 2990 
15101 431 457 2686 2809 
15102 2233 1786 2405 3112 
15103 2309 2394 1911 2462 
15104 2036 1856 3047 3065 
15105 715 651 674 2779 
15106 1040 1223 1244 2579 
15107 714 980 959 2504 
15108 223 2791 225 2976 
15109 1784 2512 2147 3021 
15110 1854 2800 2439 2879 
15111 1368 1160 970 2280 
15112 1622 2580 1118 2772 
15113 2207 2490 1927 3039 
15114 288 2363 819 2953 
15115 302 273 1535 2570 
15116 1761 2806 2618 3019 
15117 945 946 1012 2601 
15118 329 328 330 2278 
15119 2020 2402 2681 2835 
15120 858 49 50 2290 
15121 1745 2816 2423 2959 
15122 2314 2626 1738 2779 
15123 903 902 233 2448 
15124 20 1138 19 3013 
15125 1713 2075 2433 3020 
15126 1096 3090 1363 3122 
15127 1739 2454 3051 3067 
15128 1996 2783 2535 2925 
15129 510 2396 529 3152 
15130 505 760 765 2129 
15131 1797 2669 2253 2866 
15132 1760 2894 2642 3159 
15133 469 1470 475 3117 
15134 1056 1055 1057 2776 
15135 1496 1105 1106 2904 
15136 1744 2418 2358 2881 
15137 1171 993 1172 2266 
15138 1985 2694 2185 2946 
15139 222 189 241 2598 
15140 701 712 647 2466 
15141 2083 2736 2098 2907 
15142 974 798 2626 2817 
15143 1889 2721 2551 3135 
15144 1078 1077 421 2320 
15145 1781 3018 2416 3095 
15146 1498 841 527 3183 
15147 1165 290 1177 2171 
15148 904 2336 485 2850 
15149 2607 2679 1956 2694 
15150 4 267 1350 2201 
15151 1411 1404 1544 2881 
15152 1620 2356 1392 3031 
15153 1890 2357 2501 3003 
15154 1098 2869 305 2979 
15155 2179 2900 2100 2921 
15156 1808 2585 2124 3143 
15157 138 1236 137 2375 
15158 2385 2617 1868 2909 
15159 1687 2737 2190 2822 
15160 1589 1525 1627 2527 
15161 974 857 798 2817 
15162 985 46 401 2995 
15163 1799 2775 2408 2957 
15164 1852 2344 2825 3051 
15165 610 609 611 2177 
15166 220 219 218 3164 
15167 1735 2967 2467 3176 
15168 2141 2579 1770 2773 
15169 2056 2467 2967 3176 
15170 461 460 462 2935 
15171 916 1273 915 3182 
15172 921 975 1058 2876 
15173 1760 2193 2933 3159 
15174 2190 2500 1879 2931 
15175 1883 2698 2128 2897 
15176 928 942 1260 2514 
15177 432 2686 430 3105 
15178 1737 2798 2067 3036 
15179 1775 2617 2385 2909 
15180 2011 2338 2277 2988 
15181 577 601 579 2244 
15182 1498 718 842 3183 
15183 1821 3080 2051 3106 
15184 1393 1254 1212 3177 
15185 226 2564 1266 3108 
15186 2366 2747 2095 3024 
15187 2120 2863 1691 3033 
15188 2331 2684 1810 3183 
15189 1805 2619 2261 2984 
15190 514 939 940 2229 
15191 257 868 837 2649 
15192 1785 2483 2084 2973 
15193 631 924 630 2470 
15194 1239 1263 1315 2430 
15195 1643 2499 2240 2774 
15196 693 268 1199 2263 
15197 2258 2943 1798 3142 
15198 1670 2052 2708 3009 
15199 2361 2414 1804 3066 
15200 2226 3016 1814 3045 
15201 2051 3080 1993 3106 
15202 1600 1543 130 2656 
15203 2259 2369 1885 2976 
15204 104 2416 359 3095 
15205 545 2555 1488 2921 
15206 1754 2912 2051 2965 
15207 2666 2887 1953 3169 
15208 123 125 124 2603 
15209 118 1556 1125 2707 
15210 907 915 1273 2264 
15211 1505 1548 2392 3109 
15212 904 831 485 2336 
15213 563 562 317 2489 
15214 68 1067 70 2350 
15215 1745 2206 2594 2873 
15216 1397 157 905 3115 
15217 1638 2839 2142 2965 
15218 1133 1077 35 2320 
15219 1910 2362 2291 3089 
15220 2290 2559 50 3091 
15221 1260 885 286 2514 
15222 1886 3070 2042 3177 
15223 1169 1168 984 2833 
15224 430 431 457 2686 
15225 1755 2265 2797 2915 
15226 398 1497 1354 3102 
15227 1521 1546 124 2603 
15228 1376 1131 247 2607 
15229 1370 420 943 2424 
15230 2181 3051 2930 3067 
15231 325 827 5 2665 
15232 1944 2772 2580 2920 
15233 928 942 2514 2962 
15234 1183 1150 1432 2646 
15235 947 2890 104 3095 
15236 1605 1210 1211 2690 
15237 529 2396 512 3152 
15238 716 448 1456 2684 
15239 1762 2707 2337 3101 
15240 34 2263 268 3037 
15241 1602 2539 1337 3025 
15242 1153 439 1154 2844 
15243 806 768 2687 2889 
15244 1820 2341 2837 3127 
15245 2195 2827 1824 2942 
15246 1003 1060 1387 2462 
15247 1505 2316 243 3109 
15248 1562 1391 244 3109 
15249 1763 2431 2814 2815 
15250 769 566 564 2687 
15251 1534 1141 1098 2491 
15252 1048 2432 1006 3055 
15253 718 1498 717 3183 
15254 1653 2204 2813 2875 
15255 596 260 225 3100 
15256 134 99 493 2318 
15257 1747 2060 2866 3026 
15258 571 1036 700 2943 
15259 848 1126 379 2641 
15260 2366 2927 2052 2989 
15261 2213 2690 1704 2960 
15262 1714 2635 2283 3185 
15263 823 1064 2545 3165 
15264 644 645 2473 2659 
15265 1439 2509 689 2969 
15266 1303 393 394 3030 
15267 2014 3077 2486 3196 
15268 543 1231 1232 2379 
15269 1693 2147 2512 3021 
15270 143 178 59 2519 
15271 1035 2777 748 3048 
15272 589 606 605 2900 
15273 992 993 1422 2266 
15274 59 2519 178 3114 
15275 1410 2269 1409 2990 
15276 230 2447 229 3180 
15277 773 746 784 2315 
15278 712 408 711 2511 
15279 1763 2431 2334 2814 
15280 509 467 478 2591 
15281 1395 2400 117 2842 
15282 2075 1713 2538 3020 
15283 99 493 2318 3029 
15284 1508 1486 2434 3014 
15285 94 1323 2816 3123 
15286 149 92 93 2816 
15287 2199 2729 1652 3192 
15288 945 192 211 3166 
15289 193 1037 1038 2964 
15290 1464 715 974 2626 
15291 2217 1827 2673 3005 
15292 1394 1181 1148 2672 
15293 1857 2455 2415 3003 
15294 1761 2379 2806 3019 
15295 2209 2927 2013 2989 
15296 1786 2405 2804 2924 
15297 498 497 496 2354 
15298 2529 2955 2698 3117 
15299 425 413 444 2743 
15300 1264 960 1263 2695 
15301 645 673 128 2581 
15302 1382 1545 2362 3157 
15303 858 2290 50 3091 
15304 277 2538 304 2676 
15305 1788 2998 2555 3194 
15306 1757 2875 2813 3168 
15307 118 1125 120 2707 
15308 2327 2863 2029 3097 
15309 2643 2726 1932 3099 
15310 1113 1457 1108 2616 
15311 385 1523 1514 2075 
15312 202 483 957 2471 
15313 1757 2615 2184 2854 
15314 994 905 2205 2972 
15315 1811 2439 2289 3022 
15316 1515 654 801 2572 
15317 1274 777 1367 3182 
15318 1459 1055 2776 3081 
15319 1073 850 49 2853 
15320 1890 2588 2722 2980 
15321 1208 734 1614 2259 
15322 1081 1371 698 2962 
15323 2221 2705 1752 2948 
15324 928 2514 1260 2994 
15325 1897 2374 2292 2832 
15326 636 751 1375 2180 
15327 167 1298 1349 2653 
15328 2080 1806 2930 3078 
15329 245 1006 244 3055 
15330 808 822 809 3015 
15331 2270 2975 1229 3183 
15332 2078 2508 2423 3090 
15333 793 1636 1446 2830 
15334 174 280 281 2956 
15335 1850 2571 2166 3083 
15336 929 1050 2313 2906 
15337 154 726 153 2423 
15338 2450 2794 1746 3131 
15339 2153 1755 2697 2915 
15340 1150 2646 1183 2982 
15341 226 228 227 2564 
15342 2060 2920 2685 3130 
15343 1759 2273 2550 3111 
15344 13 661 1107 2563 
15345 593 594 1394 2672 
15346 909 892 851 3056 
15347 1183 1432 1431 2646 
15348 284 318 319 3073 
15349 2337 2707 1971 3101 
15350 145 1357 1305 2304 
15351 2234 1919 2562 2753 
15352 809 240 238 2709 
15353 668 684 694 2582 
15354 1873 2135 2774 2997 
15355 1337 2539 858 3091 
15356 1114 2461 1499 2990 
15357 1802 2558 2213 2951 
15358 1436 1445 1446 2830 
15359 1495 1582 1332 2245 
15360 645 1522 1518 2659 
15361 741 1025 1026 2651 
15362 1105 1112 1109 2254 
15363 1452 513 378 2238 
15364 1087 1313 875 2533 
15365 1747 2328 3025 3026 
15366 2263 2771 268 3037 
15367 1544 1590 788 2358 
15368 509 567 753 2948 
15369 1128 1126 337 2326 
15370 665 666 612 2827 
15371 1149 1150 1183 2982 
15372 1087 1102 1313 2734 
15373 473 567 550 2948 
15374 1216 1531 1346 2622 
15375 2509 2714 1888 3098 
15376 1219 1084 1085 2174 
15377 1784 2884 2512 3021 
15378 243 1189 245 3055 
15379 1962 2820 2768 3140 
15380 786 788 787 2358 
15381 2283 2635 1872 3185 
15382 461 784 853 2889 
15383 782 849 2335 3124 
15384 548 1497 429 2585 
15385 295 2557 1026 3113 
15386 2016 2886 1815 3109 
15387 2252 2671 1716 3173 
15388 2235 2718 1987 2784 
15389 1820 2341 2419 2837 
15390 153 151 150 3090 
15391 2555 2998 1966 3194 
15392 1452 1453 1591 2479 
15393 1360 688 1361 2411 
15394 2086 2868 1801 2964 
15395 432 2585 1132 2686 
15396 1246 1143 1467 3131 
15397 1323 723 94 2816 
15398 877 1430 876 2413 
15399 1030 1217 1348 2898 
15400 591 2293 581 2934 
15401 2197 3006 2550 3178 
15402 1326 1327 1366 3108 
15403 2612 2930 2181 3051 
15404 1661 2812 2977 2988 
15405 1506 2450 982 2753 
15406 94 151 1324 2423 
15407 2246 2768 2044 2843 
15408 2329 2466 701 2827 
15409 437 432 430 3105 
15410 585 1496 584 2904 
15411 2404 2442 1949 2913 
15412 380 1481 379 2644 
15413 829 326 1383 2308 
15414 826 745 825 2355 
15415 1344 1417 1416 2446 
15416 191 619 23 2826 
15417 476 235 265 2326 
15418 283 285 284 2874 
15419 1305 144 145 2304 
15420 40 41 1434 2413 
15421 379 378 380 2644 
15422 1897 2292 2374 3146 
15423 1763 2334 2438 2814 
15424 2247 2611 1982 2756 
15425 1151 1149 1152 2982 
15426 858 1369 49 2290 
15427 2726 2861 2152 3044 
15428 1931 3105 2743 3168 
15429 1622 894 1118 2580 
15430 619 1012 618 2601 
15431 97 96 95 2349 
15432 63 64 1030 2426 
15433 723 407 405 2187 
15434 1688 3083 2486 3196 
15435 1448 737 1146 3151 
15436 731 1589 1503 2527 
15437 333 331 350 2631 
15438 1780 2444 2604 3065 
15439 146 2529 2698 3117 
15440 1607 1377 1055 2302 
15441 34 1199 268 2263 
15442 1820 2456 3099 3188 
15443 570 571 1311 2463 
15444 3142 3162 2407 3184 
15445 1289 962 1467 2256 
15446 348 349 304 2538 
15447 1271 1023 555 2225 
15448 987 972 1298 2653 
15449 1770 2599 2384 3148 
15450 1259 1135 1136 2289 
15451 2585 3102 2124 3143 
15452 1962 3034 2820 3140 
15453 1697 2941 2091 3061 
15454 971 1389 1256 2568 
15455 447 614 615 3064 
15456 1452 1356 513 2238 
15457 1450 525 165 2885 
15458 2476 2589 2030 2912 
15459 1795 2115 2692 2863 
15460 103 1484 102 3152 
15461 158 606 589 2921 
15462 928 2962 2514 2994 
15463 1568 1033 271 3073 
15464 1386 2462 1060 3092 
15465 950 2306 951 2905 
15466 772 814 2689 3043 
15467 1852 2785 2344 3051 
15468 1443 3092 955 3123 
15469 1619 1129 1205 3137 
15470 1081 944 942 2962 
15471 947 451 104 2890 
15472 913 1353 912 2472 
15473 1657 2500 2190 3072 
15474 1546 123 124 2603 
15475 2361 1804 2867 3066 
15476 1759 2550 2273 3178 
15477 456 482 1158 2809 
15478 310 599 309 2334 
15479 216 217 1374 2652 
15480 1287 1288 259 2372 
15481 2813 2875 2204 3168 
15482 853 852 461 3056 
15483 67 66 65 2605 
15484 1439 800 239 2509 
15485 513 380 378 2644 
15486 544 545 159 2555 
15487 230 1380 1379 3180 
15488 1200 263 261 3165 
15489 2557 2651 1026 3113 
15490 836 991 1099 2731 
15491 2455 3003 1694 3076 
15492 702 760 55 3107 
15493 275 277 250 2676 
15494 258 256 748 2777 
15495 1971 2465 2337 3101 
15496 2204 1808 3143 3168 
15497 1791 2729 2792 2802 
15498 831 780 2670 2954 
15499 421 943 420 2424 
15500 42 259 596 2534 
15501 1460 1449 1178 2457 
15502 169 168 167 2718 
15503 910 2469 931 3041 
15504 907 2972 2264 3115 
15505 1839 2098 2884 2907 
15506 1739 2825 2344 3051 
15507 2126 3089 2298 3145 
15508 2336 2850 904 3110 
15509 426 417 437 3105 
15510 1338 148 494 2529 
15511 2778 3090 152 3122 
15512 2536 2867 1804 3066 
15513 1772 2273 3006 3178 
15514 702 2827 665 3107 
15515 1797 2866 2253 3024 
15516 1951 2693 2294 3050 
15517 901 1185 1321 2510 
15518 813 1631 1448 3151 
15519 1872 2968 2740 3087 
15520 849 1161 1465 2335 
15521 1869 2936 2530 3161 
15522 311 572 310 2334 
15523 1844 2164 2765 3086 
15524 548 429 1132 2585 
15525 2159 2697 1755 2915 
15526 818 2483 856 2973 
15527 1524 707 1376 2274 
15528 1873 2436 2367 2992 
15529 1588 1117 1118 2574 
15530 1153 1282 804 3147 
15531 1261 602 534 3088 
15532 483 1157 1578 3138 
15533 1905 2654 2440 3096 
15534 2440 2654 2110 3096 
15535 916 915 2926 3182 
15536 1646 2193 3136 3159 
15537 802 1556 952 2552 
15538 678 746 762 2315 
15539 94 1324 1323 3123 
15540 2508 2816 1955 2959 
15541 431 1132 428 2686 
15542 1642 2294 2810 3084 
15543 802 423 73 2552 
15544 806 805 768 2889 
15545 1857 2985 2507 3160 
15546 1762 2523 2276 3101 
15547 995 951 1041 2905 
15548 1123 1124 1483 3181 
15549 2590 2771 1743 3037 
15550 1305 2304 1357 2938 
15551 622 2520 623 2971 
15552 1862 2564 2150 3129 
15553 1463 1051 80 2699 
15554 1045 1156 1155 2704 
15555 441 1302 201 2601 
15556 255 571 570 2463 
15557 193 194 1630 2964 
15558 882 1134 635 3193 
15559 138 137 139 2375 
15560 2467 2808 1735 3176 
15561 796 797 1476 2196 
15562 1531 2622 777 3182 
15563 2475 2494 2053 3002 
15564 2415 2455 1905 3003 
15565 1212 1254 727 2706 
15566 1532 1119 1035 2395 
15567 2378 2800 1900 2801 
15568 503 504 171 2615 
15569 1770 2384 3053 3148 
15570 1467 2256 1306 3131 
15571 2322 2459 1773 3012 
15572 2121 1752 2824 2896 
15573 1717 2500 2730 2931 
15574 644 645 182 2473 
15575 681 682 734 2892 
15576 1747 2866 2328 3026 
15577 1551 1036 255 2258 
15578 380 940 1481 2644 
15579 1862 2564 3108 3121 
15580 1790 2081 2899 3179 
15581 491 1613 1436 2262 
15582 426 412 2743 3105 
15583 1321 19 901 2510 
15584 145 2304 144 2970 
15585 2290 2539 1853 3091 
15586 403 404 986 2577 
15587 1189 2725 1444 3055 
15588 1702 2108 2834 2912 
15589 2514 2962 1733 2994 
15590 1194 1529 1489 2786 
15591 1459 2776 1296 2929 
15592 2233 2713 1914 2999 
15593 413 411 495 2305 
15594 94 2816 2423 3123 
15595 415 2433 3020 3030 
15596 778 779 228 3129 
15597 135 1382 1545 2362 
15598 2360 2740 1676 3087 
15599 911 1176 1177 2257 
15600 323 50 324 3091 
15601 322 308 320 2641 
15602 1449 1460 793 2457 
15603 1605 1427 1606 2213 
15604 1001 1003 1002 2309 
15605 136 1018 141 2932 
15606 1120 925 1121 2498 
15607 1872 2968 2283 3185 
15608 2684 2975 1810 3183 
15609 2108 2912 1754 2957 
15610 503 2615 172 3187 
15611 1261 1633 604 3088 
15612 994 905 157 2205 
15613 414 393 874 3030 
15614 1513 385 1514 2075 
15615 1566 1618 1247 2755 
15616 192 2667 212 3166 
15617 428 1132 429 3001 
15618 689 1439 239 2509 
15619 2151 2962 1733 3155 
15620 1229 1498 527 3183 
15621 1434 877 1107 2413 
15622 1745 2187 2432 3123 
15623 175 174 173 2431 
15624 633 1010 635 3193 
15625 71 114 73 2940 
15626 326 327 1031 2308 
15627 820 822 867 3015 
15628 1783 2878 2228 2917 
15629 1827 2548 2325 3137 
15630 1424 1402 1423 2897 
15631 1789 2874 2667 3166 
15632 375 1152 1598 2654 
15633 2148 2872 2373 2966 
15634 461 773 784 2286 
15635 2529 1934 2955 3117 
15636 1764 2722 2588 2980 
15637 1881 2947 2386 3153 
15638 1106 2254 1104 3186 
15639 1891 2691 2218 3103 
15640 439 1166 2844 3035 
15641 364 1523 366 2864 
15642 778 1366 1367 3108 
15643 3 2 1 2678 
15644 394 348 1172 3020 
15645 1529 1533 1375 2786 
15646 39 2516 38 2906 
15647 471 431 446 2145 
15648 1049 955 2432 3123 
15649 1653 2204 2875 3017 
15650 301 87 284 3046 
15651 1363 1300 1095 3090 
15652 977 975 921 2876 
15653 1192 1183 1431 2646 
15654 2204 1788 2998 3170 
15655 1350 1351 6 2701 
15656 1856 2689 2136 3047 
15657 2316 2725 1783 2878 
15658 2204 3017 1808 3168 
15659 208 1213 1229 2270 
15660 241 189 220 2598 
15661 912 2472 1353 2951 
15662 1553 1488 544 2555 
15663 1306 1467 962 2256 
15664 2305 2743 1757 2847 
15665 2209 2984 2066 3155 
15666 2187 1745 2816 3123 
15667 1945 2173 2747 2986 
15668 1464 691 715 2779 
15669 832 831 780 2670 
15670 1662 2770 2131 2924 
15671 192 212 211 3166 
15672 1169 1557 1168 2342 
15673 480 519 1158 2251 
15674 258 868 257 2173 
15675 657 605 621 2520 
15676 515 351 276 3085 
15677 1544 729 1590 2358 
15678 1524 1198 442 2274 
15679 1560 963 1061 2339 
15680 1398 1111 1399 2219 
15681 1798 2754 2151 3155 
15682 670 1549 672 2741 
15683 111 391 110 2330 
15684 391 2330 767 3018 
15685 1215 1457 1113 2616 
15686 1710 2088 2882 3154 
15687 418 993 992 2738 
15688 1575 2712 1072 3097 
15689 1776 2490 2378 3039 
15690 1274 1327 1501 3134 
15691 1459 1056 1296 2776 
15692 2044 3162 3142 3184 
15693 212 2667 2874 3166 
15694 1426 1588 1552 2574 
15695 2588 2722 1764 3146 
15696 472 471 473 2948 
15697 707 442 201 2274 
15698 79 259 1288 2372 
15699 463 162 450 2596 
15700 112 232 73 2940 
15701 1843 2708 2319 2849 
15702 1074 541 1517 2618 
15703 725 819 288 2363 
15704 981 982 1506 2450 
15705 2725 2877 1783 2878 
15706 1950 3133 2416 3152 
15707 1410 9 1409 2269 
15708 2213 1704 2742 2960 
15709 1078 1337 1586 3025 
15710 2228 2878 1981 2917 
15711 57 699 56 2317 
15712 1650 2549 2208 3179 
15713 735 865 772 2689 
15714 2018 2820 2447 3180 
15715 892 2537 852 3056 
15716 1118 1119 1532 2772 
15717 1934 3104 2212 3117 
15718 516 515 517 2658 
15719 1810 2642 2270 2894 
15720 2791 2976 1946 3100 
15721 702 703 665 2827 
15722 416 443 1303 2738 
15723 689 239 240 2509 
15724 1824 2294 2693 3050 
15725 516 2658 1422 3085 
15726 104 102 359 2416 
15727 1415 854 845 2655 
15728 1220 1219 1218 2541 
15729 905 2205 2972 3115 
15730 1808 2680 2204 3143 
15731 1495 1332 990 3174 
15732 1154 1166 1156 2844 
15733 638 693 637 2632 
15734 2486 3083 1829 3196 
15735 2225 2765 1844 3076 
15736 2328 2866 1944 3026 
15737 1071 1070 1069 2480 
15738 135 1545 1027 2362 
15739 571 700 1371 2754 
15740 1810 2684 2241 2975 
15741 174 572 280 2956 
15742 91 90 279 2928 
15743 507 837 506 2649 
15744 1517 542 948 2618 
15745 257 838 676 2649 
15746 181 182 126 2321 
15747 626 683 668 2582 
15748 447 434 435 3064 
15749 390 629 1331 3045 
15750 1098 1577 305 2869 
15751 1408 949 950 2306 
15752 1054 1278 1331 2673 
15753 111 400 767 2330 
15754 67 65 1212 2706 
15755 510 529 512 3152 
15756 2456 2661 1980 3060 
15757 1688 2486 3077 3196 
15758 1306 962 967 2794 
15759 250 277 304 2676 
15760 1422 993 1171 2266 
15761 412 413 425 2743 
15762 419 1384 1466 3004 
15763 1901 2908 2719 3062 
15764 1638 2930 2223 3067 
15765 2202 2908 1901 3062 
15766 352 1167 362 2631 
15767 416 426 425 2743 
15768 1587 1503 1627 2527 
15769 2073 2844 2200 3147 
15770 1511 732 1584 2573 
15771 1266 226 1268 2564 
15772 1814 2217 3005 3010 
15773 386 436 449 2433 
15774 1857 2357 2985 3160 
15775 2784 2947 1787 3149 
15776 1096 152 3090 3122 
15777 1457 1360 1108 2616 
15778 8 7 9 2771 
15779 983 1372 1373 2392 
15780 1362 1435 1545 3157 
15781 1092 1091 1093 2878 
15782 1464 974 798 2626 
15783 58 843 57 2146 
15784 49 1369 1073 2853 
15785 541 542 2618 3019 
15786 1953 2887 2186 2953 
15787 231 275 250 2676 
15788 1693 2884 2162 3021 
15789 1868 2385 2909 3006 
15790 1422 1171 351 3085 
15791 1024 181 237 2983 
15792 1838 2260 2724 2944 
15793 764 796 1403 2856 
15794 91 88 90 2928 
15795 1857 2501 2357 3003 
15796 1147 2758 2192 3190 
15797 1143 1141 78 2719 
15798 580 581 496 2934 
15799 1815 2260 2724 2886 
15800 1985 2679 2607 2694 
15801 1789 2644 2094 3046 
15802 1654 2170 2505 2947 
15803 1853 3025 2539 3026 
15804 1113 2616 1108 2846 
15805 1125 1556 232 2707 
15806 1581 1539 1018 2295 
15807 1580 1453 1441 2479 
15808 78 1288 1143 2719 
15809 2507 2985 1783 3160 
15810 1786 2597 2464 3191 
15811 1109 1104 2254 2846 
15812 620 22 619 2826 
15813 1048 1006 245 3055 
15814 1497 2585 547 3102 
15815 1527 1587 1082 2593 
15816 58 56 1082 2593 
15817 1716 2831 2499 2963 
15818 1192 1431 185 3074 
15819 920 929 1050 2313 
15820 1755 2610 2265 2915 
15821 1071 1103 1318 2576 
15822 531 1345 1343 2796 
15823 2204 2680 1668 3143 
15824 1114 314 965 2461 
15825 395 3020 394 3030 
15826 1814 3005 2281 3010 
15827 1333 1334 1146 2795 
15828 1852 2785 2493 2843 
15829 2298 3089 1726 3145 
15830 1900 2484 3119 3139 
15831 980 2450 981 3131 
15832 509 478 556 2705 
15833 1351 671 62 2701 
15834 1374 941 1144 2652 
15835 338 1128 337 2326 
15836 880 71 786 2418 
15837 1363 1096 152 3090 
15838 715 616 651 2779 
15839 650 90 88 2928 
15840 277 276 351 2538 
15841 1789 2398 3073 3166 
15842 775 776 785 2517 
15843 1075 917 1076 2675 
15844 1018 2295 1539 2932 
15845 955 3092 2432 3123 
15846 1306 980 981 3131 
15847 185 184 186 3074 
15848 2044 2843 2768 2911 
15849 370 919 372 2333 
15850 15 1313 14 2734 
15851 892 891 852 2537 
15852 1419 1328 1277 2406 
15853 1120 1620 1392 3031 
15854 1785 2756 2247 2865 
15855 151 92 150 2508 
15856 1182 289 1600 2656 
15857 331 2492 297 3093 
15858 1097 1279 1000 2575 
15859 2361 2867 1959 3066 
15860 1528 183 181 2983 
15861 1754 2633 2449 2749 
15862 1026 2651 1186 3113 
15863 770 2657 2234 2821 
15864 1416 1267 1344 2446 
15865 60 142 143 2365 
15866 996 2657 770 2821 
15867 600 599 310 2814 
15868 954 154 1386 3092 
15869 1114 965 1499 2461 
15870 1 455 467 2591 
15871 295 1026 932 3113 
15872 1524 646 1198 3164 
15873 1262 2529 148 3117 
15874 1080 2995 401 3068 
15875 704 749 706 2422 
15876 1657 2148 2872 3072 
15877 2386 2947 2170 3153 
15878 2203 2900 1891 3163 
15879 976 1242 1478 2595 
15880 516 515 2658 3085 
15881 701 2466 666 2827 
15882 1551 2791 1528 2983 
15883 1883 2859 2536 2955 
15884 983 1505 1548 2392 
15885 1312 661 13 2563 
15886 320 282 316 2641 
15887 1721 2682 2315 3032 
15888 1022 2465 294 3167 
15889 1852 2843 2911 3128 
15890 212 2874 1252 3166 
15891 1702 2589 2476 2912 
15892 1785 2759 2483 2973 
15893 294 1016 293 3167 
15894 482 457 472 2809 
15895 1096 2778 152 3122 
15896 1846 2700 2251 2702 
15897 1394 594 1181 2672 
15898 973 1507 1634 3014 
15899 1824 2827 2169 3107 
15900 1741 2301 2685 3130 
15901 1702 2834 2589 2912 
15902 1758 2719 2908 3062 
15903 1698 2513 2303 3175 
15904 1930 2165 2923 2980 
15905 794 1594 1437 2502 
15906 775 774 776 3141 
15907 885 942 675 2514 
15908 221 279 90 2928 
15909 1650 2399 2549 3179 
15910 514 396 397 2782 
15911 1049 1443 955 3123 
15912 1301 1259 1284 2275 
15913 236 2317 699 2943 
15914 117 1395 1253 2400 
15915 1206 1583 1615 2548 
15916 1126 1127 378 2745 
15917 1655 2207 2923 3039 
15918 193 2868 194 2964 
15919 1106 1105 1104 2254 
15920 2323 1829 3083 3196 
15921 2386 1787 2947 3149 
15922 271 319 353 3073 
15923 823 263 1064 3165 
15924 79 2621 1623 3100 
15925 572 174 175 2431 
15926 2369 1946 2976 3100 
15927 1776 2287 2852 3039 
15928 1922 2880 2171 3035 
15929 123 1546 1599 2440 
15930 2591 2705 1752 2803 
15931 2200 2880 1922 3035 
15932 664 665 2942 3107 
15933 47 1080 401 3068 
15934 1778 2304 2864 2938 
15935 945 211 946 3166 
15936 1122 931 910 2469 
15937 1789 3073 2874 3166 
15938 28 30 29 2503 
15939 415 384 2433 3030 
15940 824 888 886 2746 
15941 2053 2742 2840 2960 
15942 1569 1129 1619 3137 
15943 778 226 1366 3108 
15944 1097 1000 998 2575 
15945 1140 95 96 2349 
15946 2233 2569 1786 3112 
15947 826 865 735 2355 
15948 483 2471 2850 3138 
15949 1792 2812 2451 2977 
15950 1433 1308 1309 2877 
15951 2053 2213 2742 2960 
15952 2332 2685 1853 2891 
15953 1514 2075 1523 3093 
15954 802 952 884 2552 
15955 480 1158 560 2251 
15956 1242 1230 52 2384 
15957 1206 1616 1205 2548 
15958 1124 1013 1483 3181 
15959 989 1482 1495 3174 
15960 258 1272 917 2777 
15961 911 1008 1175 2762 
15962 301 284 285 2874 
15963 857 819 725 2363 
15964 417 1341 547 3102 
15965 332 2075 1514 3093 
15966 1652 2677 2199 3192 
15967 1722 2612 2785 2945 
15968 212 1252 211 3166 
15969 508 499 1291 2803 
15970 1932 3040 2377 3156 
15971 209 210 872 2388 
15972 856 2483 799 2759 
15973 1706 2748 2359 3116 
15974 1754 2775 2749 2957 
15975 2217 3045 293 3167 
15976 1068 1067 1066 2350 
15977 377 1156 1176 2704 
15978 157 1396 1245 2773 
15979 2595 2765 2164 3086 
15980 2331 2604 2001 3063 
15981 2007 2767 2237 3192 
15982 887 831 904 2336 
15983 633 1153 1010 3147 
15984 1013 356 355 2696 
15985 953 1386 1060 3092 
15986 1073 1635 1628 2853 
15987 775 785 816 2517 
15988 1045 881 882 2284 
15989 2143 1814 3010 3045 
15990 1594 1508 490 2502 
15991 732 733 1584 2573 
15992 126 128 127 2739 
15993 44 355 356 2696 
15994 1305 2864 2304 2938 
15995 408 409 711 2511 
15996 1736 2485 2364 3189 
15997 1636 1437 1436 2830 
15998 11 1393 10 2560 
15999 1300 1089 1095 3122 
16000 390 1279 306 3016 
16001 370 2333 372 3018 
16002 26 970 869 2403 
16003 1042 1309 1046 2877 
16004 929 656 1050 2906 
16005 370 767 369 3018 
16006 327 325 6 2665 
16007 1352 914 1115 2401 
16008 686 688 687 2758 
16009 2021 3108 2564 3121 
16010 445 503 172 3187 
16011 2217 3010 1814 3045 
16012 152 1241 1388 2778 
16013 2225 2765 2595 3086 
16014 1802 2895 2250 3052 
16015 971 1256 1257 2568 
16016 1442 90 650 2928 
16017 1778 2864 2075 3093 
16018 1164 1163 1162 2558 
16019 2196 2649 1816 3175 
16020 1892 2986 2649 3175 
16021 217 941 1374 2652 
16022 1844 2765 2225 3086 
16023 576 575 569 2700 
16024 1283 1282 1281 2614 
16025 1924 2602 2403 3036 
16026 210 340 2388 3043 
16027 937 355 938 2613 
16028 735 758 722 2711 
16029 1225 1224 1412 2590 
16030 1443 954 955 3092 
16031 1232 1231 1233 2379 
16032 1188 1042 1043 2725 
16033 302 272 273 3118 
16034 1145 1278 1333 2673 
16035 445 3030 414 3187 
16036 505 810 27 2602 
16037 281 280 561 2956 
16038 2345 2824 1752 2896 
16039 695 107 711 2697 
16040 100 99 98 3029 
16041 955 953 1006 2432 
16042 444 486 502 2847 
16043 637 636 638 2632 
16044 36 268 2771 3037 
16045 210 341 340 3043 
16046 47 46 48 2458 
16047 772 340 814 3043 
16048 1690 2407 3142 3162 
16049 1980 2764 2546 3054 
16050 2377 3040 1961 3156 
16051 682 670 671 2741 
16052 57 843 1610 3048 
16053 392 359 2416 3095 
16054 376 1009 902 2448 
16055 372 3018 2333 3095 
16056 1031 1383 326 2308 
16057 767 391 111 2330 
16058 543 1236 1235 3019 
16059 1123 1483 2751 3181 
16060 645 1518 2581 2659 
16061 1760 2270 2642 2894 
16062 1883 2698 2529 2955 
16063 1283 1281 1520 2614 
16064 1806 2612 2785 3051 
16065 846 410 408 2922 
16066 953 2432 955 3092 
16067 1103 1069 594 2576 
16068 1651 2211 3099 3188 
16069 1046 602 1044 2507 
16070 1780 2604 2331 3063 
16071 701 757 712 2329 
16072 2550 2674 2197 3178 
16073 932 65 177 2605 
16074 419 1552 1601 2328 
16075 348 394 349 3020 
16076 549 1291 591 2803 
16077 1533 1194 1195 2786 
16078 600 608 599 2438 
16079 1798 2754 2317 2943 
16080 2449 3042 1993 3080 
16081 813 1571 1631 3151 
16082 333 252 242 2492 
16083 1806 2930 2612 3051 
16084 1590 787 2358 3122 
16085 1905 3003 2455 3076 
16086 148 1262 494 2529 
16087 1021 294 1022 2465 
16088 2374 3146 2292 3158 
16089 1723 2382 2475 3002 
16090 1459 2776 2929 3081 
16091 1304 1232 1233 2379 
16092 99 494 493 3029 
16093 440 1543 1165 3035 
16094 781 1370 832 2670 
16095 1491 1609 1471 2571 
16096 404 402 1059 2577 
16097 303 269 345 2570 
16098 461 462 773 2286 
16099 476 338 315 2326 
16100 1155 1156 377 2704 
16101 280 530 479 2956 
16102 1874 2985 2507 3088 
16103 1034 283 1033 3073 
16104 1601 1602 1337 3025 
16105 498 317 627 2489 
16106 615 918 387 3011 
16107 915 1565 1603 2926 
16108 1651 3099 2456 3188 
16109 1523 2864 364 3093 
16110 782 847 849 3124 
16111 1666 2858 2236 3027 
16112 236 699 700 2943 
16113 14 1102 1423 2734 
16114 1593 2508 634 3193 
16115 1731 2760 2191 3053 
16116 1759 2674 2550 3178 
16117 1073 896 1635 2853 
16118 1764 2374 3146 3172 
16119 1426 1075 1117 2574 
16120 1575 1574 1072 2712 
16121 1298 972 1349 2653 
16122 1532 1035 844 2395 
16123 1146 738 1145 2307 
16124 387 388 863 3011 
16125 1909 2692 2404 3130 
16126 920 817 855 3041 
16127 705 704 706 2422 
16128 1228 1005 30 2547 
16129 202 904 2850 3110 
16130 1760 2706 2270 2894 
16131 546 2639 696 3194 
16132 155 157 156 2773 
16133 1892 2649 2196 3175 
16134 236 56 699 2317 
16135 1053 1052 1051 2699 
16136 245 1444 1048 3055 
16137 177 66 176 2605 
16138 450 1553 465 2596 
16139 770 334 48 2234 
16140 2181 1739 3051 3067 
16141 1025 1186 1026 2651 
16142 849 1465 782 2335 
16143 1686 2768 2843 2911 
16144 1548 403 986 2805 
16145 1786 3112 2569 3191 
16146 1049 955 1048 2432 
16147 950 995 526 2905 
16148 39 551 38 2516 
16149 28 1401 1249 2503 
16150 1628 1526 1072 3097 
16151 446 428 1 2678 
16152 644 182 183 2473 
16153 1789 3046 2874 3073 
16154 913 290 291 2475 
16155 1060 1059 402 2883 
16156 397 396 131 2782 
16157 516 1422 515 3085 
16158 284 319 283 3073 
16159 1334 1330 1576 2795 
16160 507 1403 838 2649 
16161 1059 1285 1286 2249 
16162 1607 1582 1495 3081 
16163 1492 1460 1178 2799 
16164 153 726 151 2423 
16165 1075 1160 1368 2675 
16166 386 384 436 2433 
16167 1941 2902 2097 3151 
16168 1381 2811 1336 3157 
16169 60 101 142 2365 
16170 113 903 112 2940 
16171 428 3 2678 3001 
16172 1962 2768 2246 3140 
16173 38 926 927 2994 
16174 1824 2942 2827 3107 
16175 374 375 1598 2654 
16176 1189 1444 245 3055 
16177 1802 3023 2281 3052 
16178 1105 1109 1104 2254 
16179 538 539 194 2868 
16180 1160 1161 970 2280 
16181 1122 2469 356 3181 
16182 3010 3045 2217 3167 
16183 1806 2454 2930 3051 
16184 1604 914 1603 2926 
16185 32 230 31 2447 
16186 1690 3059 2407 3162 
16187 2407 3059 1896 3162 
16188 675 944 256 2261 
16189 337 315 338 2326 
16190 219 1524 249 3164 
16191 2858 3027 2026 3058 
16192 346 1210 186 2690 
16193 517 369 516 2658 
16194 372 392 110 3018 
16195 995 950 951 2905 
16196 87 108 318 3046 
16197 846 845 854 2655 
16198 1758 2908 2202 3062 
16199 310 309 311 2334 
16200 1931 3102 2585 3143 
16201 744 742 1399 2902 
16202 856 818 799 2483 
16203 306 1098 305 2979 
16204 743 744 1570 2902 
16205 1521 1520 535 2415 
16206 211 1252 1034 3166 
16207 210 340 872 2388 
16208 497 616 496 2354 
16209 1295 1001 1005 2763 
16210 2097 2795 2307 3151 
16211 1543 1600 289 2656 
16212 1622 1635 896 2580 
16213 1415 831 887 2954 
16214 1485 1083 1508 2434 
16215 2361 2848 1959 2867 
16216 2270 2894 2706 2975 
16217 530 280 311 2956 
16218 90 1442 221 2928 
16219 1243 1308 1429 2522 
16220 476 315 282 2326 
16221 2516 2666 1953 3169 
16222 392 3018 372 3095 
16223 1337 895 858 2539 
16224 1125 232 466 2707 
16225 681 1623 1596 2621 
16226 1508 1083 490 2434 
16227 985 1169 984 2995 
16228 114 880 881 2418 
16229 372 2333 216 3095 
16230 1708 3042 2449 3080 
16231 389 564 388 2444 
16232 1870 2857 2368 3042 
16233 86 1481 940 3046 
16234 1661 2600 3079 3132 
16235 1800 3070 2042 3150 
16236 455 508 478 2591 
16237 698 700 699 2754 
16238 1008 1009 1175 2762 
16239 162 1553 450 2596 
16240 1244 1230 977 2579 
16241 2875 3017 2204 3168 
16242 2143 3045 3010 3167 
16243 2423 2816 1745 3123 
16244 458 2709 809 3015 
16245 1810 2894 2270 2975 
16246 47 401 46 2458 
16247 1304 1402 1339 2897 
16248 614 1458 918 2554 
16249 2708 2849 1843 3009 
16250 83 87 301 3046 
16251 2297 2925 1996 2952 
16252 334 982 1608 2753 
16253 715 691 616 2779 
16254 958 392 359 2416 
16255 373 374 1023 3086 
16256 634 149 633 3147 
16257 1783 2877 2228 2878 
16258 1110 460 891 2537 
16259 840 839 43 2759 
16260 1408 422 883 2552 
16261 546 573 579 2639 
16262 102 958 2416 3152 
16263 2094 2874 1789 3046 
16264 381 382 1509 2337 
16265 251 231 250 2676 
16266 1637 1544 1404 2881 
16267 525 1450 524 2468 
16268 856 799 840 2759 
16269 1022 294 292 3167 
16270 707 1524 442 2274 
16271 77 1623 79 2621 
16272 930 551 39 2516 
16273 2649 2986 1816 3175 
16274 1708 2368 3042 3080 
16275 288 819 867 2953 
16276 2177 3038 1699 3195 
16277 1043 1444 1189 2725 
16278 1024 1551 1528 2983 
16279 722 694 735 2711 
16280 1123 1122 1124 3181 
16281 251 250 304 2676 
16282 1251 1250 1564 2766 
16283 17 18 20 3013 
16284 624 664 665 2942 
16285 493 1358 1381 2811 
16286 1410 1409 1116 2990 
16287 2374 1897 3146 3172 
16288 36 268 8 2771 
16289 1055 1459 1607 3081 
16290 2530 2936 1936 3161 
16291 1398 1202 1112 2936 
16292 591 581 590 2934 
16293 1369 896 1073 2853 
16294 290 289 291 2475 
16295 968 523 1051 2531 
16296 1433 1490 1390 2877 
16297 209 1319 208 2720 
16298 1581 1624 1539 2295 
16299 2066 2962 2754 3155 
16300 766 757 701 2329 
16301 333 297 331 2492 
16302 1280 383 381 2337 
16303 412 425 426 2743 
16304 1463 1038 1039 2231 
16305 765 760 664 3107 
16306 1129 1130 1205 3137 
16307 1531 777 916 3182 
16308 414 445 384 3030 
16309 230 229 930 3180 
16310 1318 146 1317 2698 
16311 223 1551 253 2791 
16312 395 394 393 3030 
16313 2016 2316 2886 3109 
16314 886 887 897 2521 
16315 2052 2849 2708 3009 
16316 889 1187 556 2705 
16317 1034 946 211 3166 
16318 195 194 193 2868 
16319 1362 1381 1336 3157 
16320 787 788 1590 2358 
16321 205 206 830 2352 
16322 1424 1317 1339 2897 
16323 439 125 440 3035 
16324 260 79 1623 3100 
16325 1626 1190 1559 2353 
16326 359 102 958 2416 
16327 796 1476 1403 2196 
16328 748 1035 1272 2777 
16329 2108 2834 2912 2957 
16330 1154 439 1166 2844 
16331 1290 504 502 2847 
16332 660 541 1074 2806 
16333 2754 2962 2151 3155 
16334 12 11 10 2560 
16335 1122 910 356 2469 
16336 493 1470 1358 3104 
16337 640 607 678 2682 
16338 634 1593 92 2508 
16339 1810 2975 2270 3183 
16340 585 586 1612 2417 
16341 1764 3146 2374 3158 
16342 1382 1362 1545 3157 
16343 1240 1096 1590 3122 
16344 847 791 792 2553 
16345 237 1527 56 2593 
16346 1326 1277 1328 2406 
16347 1802 2281 2895 3052 
16348 1032 1348 1612 2417 
16349 1095 1363 3090 3122 
16350 1046 1065 602 2507 
16351 1938 2987 2427 3195 
16352 792 847 2553 3124 
16353 1459 1055 1056 2776 
16354 1929 2895 2250 3008 
16355 622 623 710 2971 
16356 780 1415 845 2954 
16357 267 789 734 2892 
16358 2139 2683 2760 2852 
16359 697 696 579 2639 
16360 655 750 801 2572 
16361 572 311 280 2956 
16362 505 765 764 2856 
16363 305 1506 307 2979 
16364 1577 981 2869 3131 
16365 483 2850 485 3138 
16366 2740 2968 1834 3120 
16367 622 621 623 2520 
16368 1506 334 335 2753 
16369 1974 3012 2480 3190 
16370 1299 986 1298 2805 
16371 1124 1122 356 3181 
16372 32 229 230 2447 
16373 1448 1576 813 2795 
16374 1846 2177 2700 3195 
16375 2492 2631 1778 3093 
16376 1793 2855 2713 2999 
16377 1095 1096 1363 3122 
16378 348 304 277 2538 
16379 381 383 382 2337 
16380 1292 477 179 3114 
16381 215 372 919 2333 
16382 205 830 1099 2352 
16383 1392 593 1135 3031 
16384 2713 2855 1914 2999 
16385 703 701 666 2827 
16386 225 224 2976 3100 
16387 558 557 559 3082 
16388 1430 877 1434 2413 
16389 1203 120 1125 2707 
16390 806 768 769 2687 
16391 800 799 818 2483 
16392 1382 1381 1362 3157 
16393 2550 3006 2273 3178 
16394 1159 228 1196 3129 
16395 2273 3006 2550 3111 
16396 280 479 561 2956 
16397 1560 1483 1314 2751 
16398 826 735 745 2355 
16399 54 53 52 2599 
16400 1504 1220 1218 2541 
16401 717 727 728 2975 
16402 82 80 1052 2699 
16403 712 711 105 2697 
16404 439 1165 1166 3035 
16405 1851 2776 2302 3081 
16406 640 601 607 2971 
16407 1606 1428 1561 2951 
16408 300 301 285 2874 
16409 1822 2373 2872 2966 
16410 2450 2869 981 3131 
16411 546 579 696 2639 
16412 146 1262 148 3117 
16413 773 762 746 2315 
16414 1430 1434 41 2413 
16415 1459 2929 1297 3081 
16416 815 836 1099 2731 
16417 914 916 915 2926 
16418 1271 1270 975 2710 
16419 212 300 1252 2874 
16420 1364 322 321 2641 
16421 147 1317 146 2698 
16422 755 792 791 2553 
16423 1521 535 1342 2415 
16424 2749 2775 2056 2957 
16425 1699 2427 2987 3195 
16426 772 758 735 2689 
16427 312 1321 1185 2910 
16428 274 249 1376 2607 
16429 1167 1523 364 3093 
16430 1456 718 716 2684 
16431 1579 1395 117 2842 
16432 178 360 180 2519 
16433 35 1077 1078 2320 
16434 274 1376 247 2607 
16435 1069 1103 1071 2576 
16436 770 996 997 2657 
16437 226 227 1268 2564 
16438 1366 226 1266 3108 
16439 325 5 6 2665 
16440 488 1275 487 2818 
16441 204 741 295 2557 
16442 720 1335 1358 2811 
16443 2844 2880 2200 3035 
16444 2246 2843 1920 3140 
16445 469 719 1470 3104 
16446 569 560 576 2700 
16447 886 897 898 2521 
16448 2372 2719 1758 3062 
16449 1029 1574 1028 2712 
16450 1080 47 713 3068 
16451 960 961 1315 2695 
16452 1039 1037 1395 2842 
16453 115 522 968 2531 
16454 969 293 3045 3167 
16455 1179 1193 1492 2799 
16456 521 1137 1332 2939 
16457 1064 650 823 2545 
16458 1052 1296 82 2929 
16459 428 3 1 2678 
16460 287 286 288 2953 
16461 1184 897 203 3110 
16462 215 216 372 2333 
16463 1006 1048 955 2432 
16464 1334 1448 1146 2795 
16465 438 437 430 3105 
16466 1035 748 843 3048 
16467 526 525 524 2468 
16468 50 51 752 2559 
16469 994 16 905 2972 
16470 588 643 583 3163 
16471 1445 870 871 2650 
16472 238 818 808 2973 
16473 928 1371 1081 2962 
16474 983 1373 1505 2392 
16475 777 1216 779 2622 
16476 714 959 713 2504 
16477 615 387 890 3011 
16478 1693 2512 2884 3021 
16479 2855 1914 2999 3128 
16480 530 557 520 3082 
16481 92 1593 150 2508 
16482 2042 3070 2400 3177 
16483 459 240 458 2709 
16484 541 543 542 3019 
16485 1032 1612 586 2417 
16486 483 1578 957 2471 
16487 1938 2702 2700 3195 
16488 441 1221 1302 2601 
16489 1560 1123 1483 2751 
16490 34 268 36 3037 
16491 1240 2778 1096 3122 
16492 350 331 1167 2631 
16493 161 546 163 3194 
16494 1026 295 741 2557 
16495 1886 2400 3070 3177 
16496 1844 2654 3076 3096 
16497 141 140 138 2932 
16498 1764 3146 2722 3172 
16499 1842 2926 2264 3182 
16500 1167 2631 331 3093 
16501 1731 2760 2683 2852 
16502 317 562 627 2489 
16503 541 542 1517 2618 
16504 236 1036 1024 2943 
16505 807 775 815 3141 
16506 1567 1566 1525 2755 
16507 426 438 412 3105 
16508 948 673 1518 2581 
16509 89 823 650 2545 
16510 8 268 7 2771 
16511 925 489 1121 2498 
16512 166 1406 1450 2885 
16513 332 331 297 3093 
16514 302 2570 269 3118 
16515 1610 748 256 3048 
16516 1129 367 1130 3137 
16517 487 1275 1276 2818 
16518 1188 1091 1390 2878 
16519 321 322 320 2641 
16520 1452 1127 1453 2745 
16521 1124 356 1013 3181 
16522 168 1500 81 2718 
16523 1938 2427 2702 3195 
16524 1577 1246 981 3131 
16525 1438 1196 779 3129 
16526 35 36 1133 3037 
16527 1478 1242 630 2595 
16528 1337 1602 895 2539 
16529 949 951 950 2306 
16530 1291 549 508 2803 
16531 1200 261 214 2974 
16532 476 282 235 2326 
16533 503 171 172 2615 
16534 912 1353 1561 2951 
16535 1266 1326 1366 3108 
16536 1566 1567 1618 2755 
16537 1208 1207 224 2976 
16538 1096 1240 152 2778 
16539 673 1020 128 2739 
16540 863 890 387 3011 
16541 1350 671 1351 2701 
16542 486 558 1290 2847 
16543 807 799 774 3141 
16544 633 635 634 3193 
16545 202 203 904 3110 
16546 1319 1079 176 2720 
16547 1653 2896 2345 3017 
16548 364 366 363 2864 
16549 596 33 42 2534 
16550 1129 368 367 3137 
16551 430 457 456 2809 
16552 622 709 1439 2969 
16553 1209 1479 1211 2530 
16554 618 1012 1221 2601 
16555 1392 1620 468 2356 
16556 1684 2550 3006 3111 
16557 640 678 785 2682 
16558 143 361 178 2519 
16559 466 1201 1203 2707 
16560 1781 2333 3018 3095 
16561 980 967 959 2794 
16562 246 303 248 2694 
16563 224 223 225 2976 
16564 848 379 1364 2641 
16565 580 624 590 2934 
16566 1846 2700 2702 3195 
16567 177 65 66 2605 
16568 883 422 884 2552 
16569 820 458 809 3015 
16570 1040 1244 977 2579 
16571 242 251 297 2492 
16572 660 1312 1231 2806 
16573 312 314 313 2910 
16574 657 2520 622 2969 
16575 1387 1060 1386 2462 
16576 402 1391 1562 2883 
16577 1322 1321 313 2910 
16578 283 1252 285 2874 
16579 565 749 834 3047 
16580 1631 737 1448 3151 
16581 685 523 521 2939 
16582 1528 1551 223 2791 
16583 257 837 838 2649 
16584 904 485 202 2850 
16585 192 213 212 2667 
16586 1565 907 16 2972 
16587 1393 1611 1325 3177 
16588 1348 736 936 2898 
16589 907 905 2972 3115 
16590 1490 1309 1042 2877 
16591 1289 964 962 2978 
16592 399 101 3 3001 
16593 1062 964 1287 2978 
16594 1088 1087 1086 2533 
16595 645 1518 673 2581 
16596 947 104 359 3095 
16597 416 1303 418 2738 
16598 10 932 1625 3113 
16599 726 1324 151 2423 
16600 415 3020 395 3030 
16601 244 1505 243 3109 
16602 923 1308 922 2522 
16603 1591 1453 1580 2479 
16604 360 178 361 2519 
16605 810 859 27 2602 
16606 1206 1615 1616 2548 
16607 1086 1087 875 2533 
16608 1798 3142 2407 3184 
16609 483 485 484 3138 
16610 862 1023 1478 3086 
16611 365 1305 363 2864 
16612 1537 1479 1202 2936 
16613 1491 1471 1493 2571 
16614 943 1157 484 3138 
16615 980 982 981 2450 
16616 903 376 902 2448 
16617 54 1396 53 2599 
16618 22 24 23 2826 
16619 2722 3146 1897 3172 
16620 509 1187 567 2705 
16621 1237 1238 870 2650 
16622 1360 1361 1447 2411 
16623 644 357 645 2659 
16624 449 133 144 2970 
16625 1150 1151 1259 2982 
16626 1686 2911 2843 3128 
16627 595 474 1103 2744 
16628 666 701 639 2466 
16629 323 1586 1226 3091 
16630 287 867 656 2953 
16631 1301 1120 1135 3031 
16632 742 743 1550 2902 
16633 989 990 18 3174 
16634 474 595 468 2744 
16635 1140 1139 938 2613 
16636 94 93 92 2816 
16637 817 818 856 2973 
16638 1345 721 1344 2796 
16639 1225 1412 1133 2590 
16640 759 658 669 3049 
16641 269 302 345 2570 
16642 1779 2458 2995 3068 
16643 428 429 3 3001 
16644 132 451 1094 2890 
16645 1111 1105 1496 2904 
16646 1075 1368 917 2675 
16647 922 1308 1243 2522 
16648 1212 727 1213 2706 
16649 320 316 321 2641 
16650 1531 1216 777 2622 
16651 235 261 265 2974 
16652 996 770 771 2821 
16653 1622 896 894 2580 
16654 467 455 478 2591 
16655 1217 1538 736 2898 
16656 1049 1323 1443 3123 
16657 1260 942 885 2514 
16658 2768 2843 2246 3140 
16659 1037 193 433 2964 
16660 1069 1070 1592 2480 
16661 1745 2432 3092 3123 
16662 1589 1627 1503 2527 
16663 855 856 43 2759 
16664 1333 1278 1054 2673 
16665 1851 2929 2776 3081 
16666 947 1094 451 2890 
16667 783 846 408 2922 
16668 1324 1443 1323 3123 
16669 1426 1117 1588 2574 
16670 1407 1401 1637 2881 
16671 1235 542 543 3019 
16672 1116 1115 1114 2990 
16673 657 621 622 2520 
16674 544 1488 545 2555 
16675 505 507 506 2856 
16676 1210 1605 186 2690 
16677 246 248 247 2694 
16678 602 604 603 3088 
16679 418 1303 993 2738 
16680 351 348 277 2538 
16681 59 477 499 3114 
16682 907 906 905 3115 
16683 370 391 767 3018 
16684 220 187 646 3164 
16685 1012 946 1302 2601 
16686 920 910 931 3041 
16687 246 270 269 3118 
16688 928 1081 942 2962 
16689 129 123 1599 2440 
16690 193 1630 433 2964 
16691 17 21 1572 3013 
16692 175 1454 310 2814 
16693 975 1270 1058 2710 
16694 436 445 463 3187 
16695 114 71 880 2418 
16696 1174 1357 1356 2938 
16697 1496 585 1494 2904 
16698 654 655 801 2572 
16699 817 1050 808 2973 
16700 768 566 769 2687 
16701 645 357 1522 2659 
16702 906 1554 1397 3115 
16703 105 711 107 2697 
16704 97 1251 1564 2766 
16705 984 1168 492 2833 
16706 1306 967 980 2794 
16707 832 780 781 2670 
16708 350 1167 352 2631 
16709 968 522 523 2531 
16710 113 112 114 2940 
16711 1320 1085 1485 2727 
16712 1163 1428 1162 2558 
16713 700 698 1371 2754 
16714 458 240 809 2709 
16715 324 50 752 2559 
16716 368 1129 1569 3137 
16717 996 771 525 2821 
16718 366 365 363 2864 
16719 391 372 110 3018 
16720 686 1147 688 2758 
16721 824 873 866 2746 
16722 29 1401 28 2503 
16723 202 485 483 2850 
16724 796 798 797 2817 
16725 1425 1466 1160 3004 
16726 829 584 1106 3186 
16727 1404 1407 1637 2881 
16728 588 582 589 2900 
16729 457 482 456 2809 
16730 490 1437 1594 2502 
16731 1229 727 717 2975 
16732 59 178 477 3114 
16733 558 495 520 3082 
16734 772 814 758 2689 
16735 891 460 852 2537 
16736 164 166 165 2885 
16737 1363 150 1300 3090 
16738 1109 1088 1104 2846 
16739 1263 960 1315 2695 
16740 1445 1237 870 2650 
16741 1590 1096 787 3122 
16742 1078 421 1601 3025 
16743 701 647 639 2466 
16744 1114 1499 1410 2990 
16745 564 864 388 2444 
16746 156 1245 1223 2773 
16747 658 625 669 3049 
16748 1554 1501 1418 3134 
16749 102 512 958 3152 
16750 305 1577 981 2869 
16751 1582 1459 1297 3081 
16752 1202 1398 1537 2936 
16753 583 652 628 3163 
16754 392 372 216 3095 
16755 879 462 878 2935 
16756 1334 1576 1448 2795 
16757 67 1212 1213 2706 
16758 935 737 1631 3151 
16759 1686 2843 2768 3140 
16760 1084 984 492 2833 
16761 2740 2968 1872 3185 
16762 1834 2968 2740 3185 
16763 1295 1294 1001 2763 
16764 378 1127 1452 2745 
16765 1459 1296 1297 2929 
16766 1180 1181 1069 3190 
16767 300 285 1252 2874 
16768 502 486 1290 2847 
16769 128 1020 127 2739 
16770 1231 541 660 2806 
16771 935 1631 1571 3151 
16772 404 403 402 2577 
16773 266 212 213 2667 
16774 1436 1446 1636 2830 
16775 179 477 178 3114 
16776 1028 1574 1575 2712 
16777 507 838 837 2649 
16778 419 1466 1425 3004 
16779 302 1535 345 2570 
16780 567 473 753 2948 
16781 606 545 761 2921 
16782 1344 1343 1345 2796 
16783 861 373 862 3086 
16784 583 643 652 3163 
16785 321 316 848 2641 
16786 1240 730 1241 2778 
16787 538 194 195 2868 
16788 1274 1273 916 3182 
16789 672 671 670 2741 
16790 668 683 684 2582 
16791 2516 1953 2906 3169 
16792 23 619 22 2826 
16793 1904 3017 2875 3168 
16794 1335 1336 1381 2811 
16795 471 753 473 2948 
16796 153 1363 152 3090 
16797 271 1033 319 3073 
16798 108 86 940 3046 
16799 1091 1092 1390 2878 
16800 1109 1113 1108 2846 
16801 395 349 394 3020 
16802 1179 1492 1178 2799 
16803 1194 1533 1529 2786 
16804 521 1332 685 2939 
16805 157 1245 156 2773 
16806 824 886 873 2746 
16807 927 928 1260 2994 
16808 224 1207 223 2976 
16809 1169 401 1080 2995 
16810 1625 1026 1186 3113 
16811 916 777 1274 3182 
16812 1082 56 1527 2593 
16813 100 139 99 3029 
16814 73 114 112 2940 
16815 445 172 463 3187 
16816 399 3 429 3001 
16817 878 462 460 2935 
16818 606 158 545 2921 
16819 102 1484 510 3152 
16820 1548 986 1299 2805 
16821 806 853 784 2889 
16822 1043 1189 1188 2725 
16823 814 834 754 3047 
16824 743 742 744 2902 
16825 1548 1505 1391 3109 
16826 1106 1104 1414 3186 
16827 415 395 393 3030 
16828 629 969 293 3045 
16829 602 1261 604 3088 
16830 323 858 50 3091 
16831 1187 509 556 2705 
16832 83 86 87 3046 
16833 657 1439 689 2969 
16834 1496 1494 1111 2904 
16835 802 422 423 2552 
16836 1905 3076 2654 3096 
16837 1331 629 293 3045 
16838 682 267 734 2892 
16839 614 435 1609 3064 
16840 1353 1606 1561 2951 
16841 1253 1254 1325 3177 
16842 334 1506 982 2753 
16843 35 34 36 3037 
16844 910 920 855 3041 
16845 702 665 664 3107 
16846 764 1403 507 2856 
16847 1125 466 1203 2707 
16848 169 1500 168 2718 
16849 1745 3092 2423 3123 
16850 77 1596 1623 2621 
16851 537 272 270 3118 
16852 1024 1528 181 2983 
16853 333 242 297 2492 
16854 640 710 601 2971 
16855 152 1240 1241 2778 
16856 258 748 1272 2777 
16857 261 263 262 3165 
16858 703 666 665 2827 
16859 1060 402 1562 2883 
16860 1221 1012 1302 2601 
16861 483 484 1157 3138 
16862 915 1603 914 2926 
16863 589 605 588 2900 
16864 1418 1327 1328 3134 
16865 1601 1337 1078 3025 
16866 798 857 797 2817 
16867 953 955 954 3092 
16868 209 1079 1319 2720 
16869 1519 1575 1526 3097 
16870 163 696 1488 3194 
16871 930 931 1380 3180 
16872 646 1524 219 3164 
16873 1151 1150 1149 2982 
16874 1139 937 938 2613 
16875 80 1051 1052 2699 
16876 16 907 905 2972 
16877 1431 1542 184 3074 
16878 1819 3090 2778 3122 
16879 321 848 1364 2641 
16880 624 662 680 2942 
16881 302 269 272 3118 
16882 820 809 822 3015 
16883 235 214 261 2974 
16884 1341 1354 1497 3102 
16885 792 869 849 3124 
16886 1147 1181 1180 3190 
16887 1033 283 319 3073 
16888 1320 1485 1257 2727 
16889 1297 1296 1052 2929 
16890 770 997 336 2657 
16891 133 131 145 2970 
16892 723 93 94 2816 
16893 262 263 823 3165 
16894 236 700 1036 2943 
16895 600 310 1454 2814 
16896 432 1132 431 2686 
16897 292 293 969 3167 
16898 806 784 805 2889 
16899 1415 780 831 2954 
16900 305 307 306 2979 
16901 754 834 749 3047 
16902 927 926 928 2994 
16903 1313 1102 14 2734 
16904 624 680 664 2942 
16905 828 829 1414 3186 
16906 657 622 1439 2969 
16907 884 422 802 2552 
16908 140 1018 1539 2932 
16909 323 1226 858 3091 
16910 149 1282 633 3147 
16911 1392 1135 1120 3031 
16912 139 494 99 3029 
16913 185 1431 184 3074 
16914 1134 1593 635 3193 
16915 431 430 432 2686 
16916 1039 1395 1579 2842 
16917 719 1358 1470 3104 
16918 989 1495 990 3174 
16919 20 19 21 3013 
16920 351 515 1422 3085 
16921 1507 973 1486 3014 
16922 163 546 696 3194 
16923 1339 1402 1424 2897 
16924 426 437 438 3105 
16925 1433 1309 1490 2877 
16926 1341 1497 547 3102 
16927 228 779 1196 3129 
16928 710 623 601 2971 
16929 1508 1507 1486 3014 
16930 1501 1327 1418 3134 
16931 764 507 505 2856 
16932 312 313 1321 2910 
16933 1526 1575 1072 3097 
16934 853 851 892 3056 
16935 853 892 852 3056 
16936 1305 1357 1174 2938 
16937 392 216 359 3095 
16938 580 590 581 2934 
16939 856 840 43 2759 
16940 203 897 904 3110 
16941 775 807 774 3141 
16942 1246 1467 1306 3131 
16943 512 102 510 3152 
16944 760 702 664 3107 
16945 558 520 557 3082 
16946 614 447 435 3064 
16947 150 1363 153 3090 
16948 1470 1262 475 3117 
16949 1348 1217 736 2898 
16950 808 818 817 2973 
16951 1306 981 1246 3131 
16952 748 1610 843 3048 
16953 792 849 847 3124 
16954 340 833 814 3043 
16955 225 1623 224 3100 
16956 216 947 359 3095 
16957 635 1593 634 3193 
16958 1114 1410 1116 2990 
16959 415 414 384 3030 
16960 1109 1108 1088 2846 
16961 439 440 1165 3035 
16962 833 340 341 3043 
16963 39 656 929 2906 
16964 1358 1335 1381 2811 
16965 287 288 867 2953 
16966 1282 1153 633 3147 
16967 1607 1459 1582 3081 
16968 141 1018 140 2932 
16969 269 270 272 3118 
16970 862 373 1023 3086 
16971 244 1391 1505 3109 
16972 332 1514 331 3093 
16973 220 646 219 3164 
16974 293 292 294 3167 
16975 166 1450 165 2885 
16976 1167 331 1523 3093 
16977 146 475 1262 3117 
16978 133 145 144 2970 
16979 108 87 86 3046 
16980 985 401 1169 2995 
16981 954 1386 953 3092 
16982 1289 1287 964 2978 
16983 1106 1414 829 3186 
16984 1380 230 930 3180 
16985 905 906 1397 3115 
16986 1393 1325 1254 3177 
16987 225 260 1623 3100 
16988 787 1096 1089 3122 
16989 17 20 21 3013 
16990 37 656 39 2906 
16991 415 393 414 3030 
16992 391 370 372 3018 
16993 331 1514 1523 3093 
16994 1625 932 1026 3113 
16995 1089 1096 1095 3122 
16996 2177 501 500 1846 
16997 2177 500 501 609 
16998 2903 1869 2846 1963 
16999 2903 2846 1869 2609 
17000 3038 597 2221 1047 
17001 3038 2221 597 1884 
17002 2363 2495 2918 1937 
17003 2918 2495 2363 1698 
17004 2918 2817 2363 1937 
17005 2363 2817 2918 1698 
17006 2041 2499 2671 1716 
17007 2623 2671 2499 1716 
17008 2761 1973 3065 2687 
17009 2761 3065 1973 1665 
17010 2431 613 1938 281 
17011 2431 1938 613 2046 
17012 278 2278 2631 328 
17013 2631 2278 278 1902 
17014 1641 2829 2429 1867 
17015 2429 2829 1641 2588 
17016 3005 2010 1724 1827 
17017 3005 1724 2010 2281 
17018 2140 2224 2322 1692 
17019 2322 2224 2140 1774 
17020 2834 3176 2957 1644 
17021 2957 3176 2834 1799 
17022 2793 2266 2242 1835 
17023 2793 2242 2266 2658 
17024 3096 1811 1683 2460 
17025 3096 1683 1811 2110 
17026 2681 1683 1811 2460 
17027 2681 1811 1683 2110 
17028 2657 335 2143 336 
17029 2657 2143 335 2226 
17030 3097 2755 1526 1525 
17031 3097 1526 2755 2115 
17032 2623 2041 2671 1830 
17033 2623 2671 2041 2499 
17034 2819 2038 1903 2688 
17035 1702 1903 2038 2688 
17036 2951 1907 1170 2472 
17037 2951 1170 1907 2353 
17038 3136 2072 1676 2193 
17039 3136 1676 2072 2487 
17040 2951 1626 1170 2353 
17041 2951 1170 1626 1561 
17042 2865 2267 2838 1833 
17043 2865 2838 2267 2627 
17044 2220 2838 2914 1639 
17045 2914 2838 2220 1833 
17046 3014 2166 1507 1634 
17047 3014 1507 2166 1882 
17048 2247 2627 2865 1982 
17049 2865 2627 2247 1664 
17050 2498 2818 2446 1812 
17051 2446 2818 2498 489 
17052 2426 999 2901 64 
17053 2426 2901 999 1969 
17054 2008 3155 2666 1733 
17055 2666 3155 2008 2391 
17056 2762 3008 2523 1671 
17057 2523 3008 2762 1907 
17058 2991 2769 2198 1868 
17059 2991 2198 2769 1899 
17060 2350 344 299 1998 
17061 2350 299 344 1310 
17062 2880 3054 2382 2171 
17063 2382 3054 2880 1880 
17064 2487 2647 2451 2255 
17065 2451 2647 2487 2645 
17066 2063 1555 2453 2057 
17067 2063 2453 1555 75 
17068 3065 2761 2420 1665 
17069 3065 2420 2761 2036 
17070 2625 2050 2138 1663 
17071 2625 2138 2050 1841 
17072 2383 171 574 648 
17073 2383 574 171 2299 
17074 2500 2669 2167 1657 
17075 2167 2669 2500 1836 
17076 2114 721 2796 1417 
17077 2114 2796 721 1942 
17078 2209 3155 1648 2984 
17079 2209 1648 3155 2391 
17080 2052 1648 3155 2984 
17081 2052 3155 1648 2391 
17082 3069 2787 1720 2144 
17083 1720 2787 3069 2119 
17084 1720 3034 3069 2144 
17085 3069 3034 1720 2119 
17086 3000 2845 1867 1935 
17087 3000 1867 2845 2031 
17088 2901 63 64 62 
17089 2901 64 63 2426 
17090 2315 816 790 762 
17091 2315 790 816 1841 
17092 2555 464 1536 544 
17093 2555 1536 464 2033 
17094 2916 2905 1671 1986 
17095 2916 1671 2905 2113 
17096 3075 3087 2370 2993 
17097 2370 3087 3075 1837 
17098 2894 1703 1886 2241 
17099 2894 1886 1703 2348 
17100 2261 676 2514 1892 
17101 2261 2514 676 675 
17102 2941 2074 1768 2541 
17103 2941 1768 2074 2823 
17104 3177 2106 1393 2560 
17105 33 1865 253 254 
17106 33 253 1865 2534 
17107 2752 1661 2812 2117 
17108 2752 2812 1661 2323 
17109 2761 2154 2572 1732 
17110 2761 2572 2154 1921 
17111 2376 2162 3176 2556 
17112 3176 2807 2376 2556 
17113 663 2177 2582 611 
17114 2582 2177 663 2153 
17115 2161 196 2826 197 
17116 2161 2826 196 2015 
17117 427 2330 109 110 
17118 109 2330 427 1950 
17119 1915 2396 160 510 
17120 1915 160 2396 2179 
17121 511 160 2396 510 
17122 511 2396 160 2179 
17123 2666 2994 2516 1953 
17124 2516 2994 2666 2151 
17125 534 2415 2455 535 
17126 2455 2415 534 1857 
17127 2455 536 534 535 
17128 534 536 2455 1857 
17129 2701 4 2665 6 
17130 2701 2665 4 2201 
17131 3174 1707 2343 2182 
17132 3174 2343 1707 2245 
17133 2653 540 972 1349 
17134 2653 972 540 2214 
17135 2519 563 454 180 
17136 2519 454 563 2396 
17137 2466 106 2697 647 
17138 2466 2697 106 2153 
17139 2791 1865 1690 2258 
17140 2791 1690 1865 1946 
17141 2652 2229 217 941 
17142 2652 217 2229 2160 
17143 354 217 2229 941 
17144 354 2229 217 2160 
17145 3186 2533 876 1877 
17146 2958 2769 2024 1640 
17147 2024 2769 2958 1959 
17148 2024 2484 2958 1640 
17149 2958 2484 2024 1959 
17150 1008 2353 1170 1559 
17151 1170 2353 1008 1907 
17152 2795 3137 2548 1827 
17153 2548 3137 2795 1619 
17154 2330 109 142 1950 
17155 2330 142 109 111 
17156 2799 1547 2571 1492 
17157 2799 2571 1547 1850 
17158 493 3029 3117 2318 
17159 1934 3117 3029 2318 
17160 1934 3029 3117 2529 
17161 2795 3137 1330 1569 
17162 1330 3137 2795 1827 
17163 2447 254 33 32 
17164 2447 33 254 1865 
17165 2751 2123 2855 2339 
17166 2751 2855 2123 2018 
17167 2833 491 1849 2262 
17168 2833 1849 491 492 
17169 2502 1849 491 2262 
17170 2502 491 1849 492 
17171 2549 2913 1925 2399 
17172 1925 2913 2549 1795 
17173 2793 1966 2033 1668 
17174 2793 2033 1966 2596 
17175 3172 2118 2852 2191 
17176 2852 2118 3172 1927 
17177 2852 2760 3172 2191 
17178 3172 2760 2852 1927 
17179 2412 2732 2300 1675 
17180 2300 2732 2412 1868 
17181 3162 1976 2137 1690 
17182 3162 2137 1976 2825 
17183 2701 327 6 2665 
17184 2701 6 327 1351 
17185 2634 2048 2584 1706 
17186 2634 2584 2048 2565 
17187 2035 2080 1685 2373 
17188 1685 2080 2035 2435 
17189 3141 2483 3098 2050 
17190 3098 2483 3141 1888 
17191 3098 2138 3141 2050 
17192 3141 2138 3098 1888 
17193 3117 474 2212 2744 
17194 3117 2212 474 475 
17195 2558 2010 1626 2353 
17196 1197 1626 2010 2353 
17197 1144 2890 2061 1094 
17198 2061 2890 1144 2652 
17199 2814 1954 600 2438 
17200 2814 600 1954 2154 
17201 3128 1920 1686 2629 
17202 3128 1686 1920 2843 
17203 2527 1269 2755 1627 
17204 2527 2755 1269 2172 
17205 2974 2667 234 214 
17206 2974 234 2667 1871 
17207 2838 2090 1664 2194 
17208 2838 1664 2090 1843 
17209 3156 1820 1932 2726 
17210 3156 1932 1820 2377 
17211 2514 2090 1953 1733 
17212 2514 1953 2090 2186 
17213 2846 3186 1877 2533 
17214 1877 3186 2846 2254 
17215 2066 1610 57 708 
17216 2066 57 1610 3048 
17217 2162 2807 3176 1799 
17218 3176 2807 2162 2376 
17219 2521 2931 2336 1717 
17220 2336 2931 2521 2043 
17221 2935 1841 2625 1923 
17222 2935 2625 1841 2286 
17223 2249 1255 1294 1285 
17224 2249 1294 1255 2000 
17225 2673 1016 1331 1054 
17226 2673 1331 1016 2217 
17227 2795 812 2548 1619 
17228 2795 2548 812 2097 
17229 2290 850 51 2012 
17230 2290 51 850 49 
17231 3139 2207 2923 1655 
17232 2923 2207 3139 2474 
17233 2923 1930 3139 1655 
17234 3139 1930 2923 2474 
17235 3189 2937 2220 1982 
17236 3189 2220 2937 1792 
17237 2417 1383 584 586 
17238 2417 584 1383 2308 
17239 2664 2222 2766 1718 
17240 2664 2766 2222 1923 
17241 1002 2462 1003 1387 
17242 1003 2462 1002 2309 
17243 2685 2891 2290 1853 
17244 2685 2290 2891 1740 
17245 2559 2290 2891 1853 
17246 2559 2891 2290 1740 
17247 2872 2780 2083 1822 
17248 2872 2083 2780 2167 
17249 2796 2114 1769 1942 
17250 2796 1769 2114 2446 
17251 2859 2288 1979 1660 
17252 2859 1979 2288 2497 
17253 2939 641 522 521 
17254 2939 522 641 1898 
17255 2925 2961 2535 1996 
17256 2535 2961 2925 2272 
17257 2446 1621 1417 1416 
17258 2446 1417 1621 2114 
17259 2750 2801 2414 1695 
17260 2414 2801 2750 1977 
17261 2494 1192 289 185 
17262 2494 289 1192 1928 
17263 1262 3029 3117 493 
17264 3117 3029 1262 2529 
17265 2819 1702 1903 2038 
17266 2819 1903 1702 2282 
17267 2901 998 62 64 
17268 2901 62 998 2232 
17269 2418 72 2940 71 
17270 2418 2940 72 1984 
17271 3191 1970 2181 2464 
17272 3191 2181 1970 2344 
17273 2735 2859 2375 1660 
17274 2375 2859 2735 1947 
17275 3134 1273 3115 1501 
17276 3134 3115 1273 2264 
17277 3100 259 79 2372 
17278 3100 79 259 260 
17279 2681 2835 1930 2020 
17280 2681 1930 2835 1701 
17281 2474 1930 2835 2020 
17282 2474 2835 1930 1701 
17283 3148 2205 2599 1916 
17284 3148 2599 2205 1770 
17285 2731 830 2050 2352 
17286 2731 2050 830 815 
17287 2964 1063 2107 433 
17288 2964 2107 1063 2149 
17289 3008 1723 3188 2546 
17290 3008 3188 1723 2250 
17291 1236 2932 138 140 
17292 138 2932 1236 2375 
17293 2983 1207 2976 1528 
17294 2983 2976 1207 1885 
17295 2978 1288 2256 1289 
17296 2978 2256 1288 2372 
17297 2904 934 585 1494 
17298 2904 585 934 2417 
17299 2976 2003 681 2259 
17300 2976 681 2003 2621 
17301 2645 2373 2035 1685 
17302 2645 2035 2373 2528 
17303 2856 690 803 2314 
17304 2856 803 690 764 
17305 2790 1748 2037 2229 
17306 2790 2037 1748 2679 
17307 2913 2013 2404 2442 
17308 2913 2404 2013 2048 
17309 1199 2559 3091 324 
17310 3091 2559 1199 2263 
17311 2796 533 531 2023 
17312 2796 531 533 1343 
17313 2663 2231 1801 2505 
17314 2663 1801 2231 2149 
17315 3186 1086 876 2533 
17316 3186 876 1086 1414 
17317 2882 2293 2195 1710 
17318 2882 2195 2293 1884 
17319 2718 1299 983 168 
17320 2718 983 1299 1987 
17321 3097 1691 2029 2712 
17322 3097 2029 1691 2863 
17323 2618 1518 358 1859 
17324 2618 358 1518 1517 
17325 3177 728 2975 2241 
17326 3177 2975 728 1254 
17327 2832 2191 3172 1644 
17328 2832 3172 2191 1897 
17329 2659 2862 2397 1859 
17330 2397 2862 2659 1790 
17331 2302 1378 1243 2141 
17332 2302 1243 1378 1377 
17333 276 2676 277 275 
17334 277 2676 276 2538 
17335 3161 2219 1936 2608 
17336 3161 1936 2219 2936 
17337 2888 2016 2594 2260 
17338 2888 2594 2016 2883 
17339 2693 2827 3050 2329 
17340 3050 2827 2693 1824 
17341 2348 3070 2216 1886 
17342 2216 3070 2348 2087 
17343 3129 1194 2112 1196 
17344 3129 2112 1194 2786 
17345 1195 2112 1194 1196 
17346 1195 1194 2112 2786 
17347 3112 2999 2344 1649 
17348 3112 2344 2999 1914 
17349 1212 3177 2106 1393 
17350 2106 3177 1212 2706 
17351 2354 1292 581 496 
17352 2354 581 1292 2068 
17353 375 3086 374 373 
17354 374 3086 375 2654 
17355 2579 3053 2526 1770 
17356 2526 3053 2579 1926 
17357 2969 1888 2714 2019 
17358 2969 2714 1888 2509 
17359 2989 2395 2146 1805 
17360 2989 2146 2395 2442 
17361 2377 2924 2770 1662 
17362 2770 2924 2377 1961 
17363 2432 2594 2462 2016 
17364 2462 2594 2432 1745 
17365 3082 311 530 557 
17366 3082 530 311 2956 
17367 3161 2213 3023 1936 
17368 3161 3023 2213 1704 
17369 2622 1347 1346 1216 
17370 2622 1346 1347 2147 
17371 2599 1244 1230 54 
17372 2599 1230 1244 2579 
17373 3047 864 2604 834 
17374 3047 2604 864 2444 
17375 3115 1273 907 906 
17376 3115 907 1273 2264 
17377 2453 2421 2397 1705 
17378 2453 2397 2421 1859 
17379 2978 42 2372 1287 
17380 2978 2372 42 2534 
17381 259 2372 42 1287 
17382 259 42 2372 2534 
17383 2468 1406 1228 2074 
17384 2468 1228 1406 524 
17385 2621 670 681 2003 
17386 2621 681 670 1596 
17387 3179 2739 2321 1925 
17388 3179 2321 2739 1790 
17389 1267 2564 1266 1268 
17390 1266 2564 1267 2021 
17391 2534 1062 31 42 
17392 2534 31 1062 2123 
17393 2996 2119 2855 1818 
17394 2996 2855 2119 2629 
17395 3042 2802 2542 1993 
17396 3042 2542 2802 1870 
17397 3141 1440 800 774 
17398 3141 800 1440 1888 
17399 582 3163 588 583 
17400 588 3163 582 2900 
17401 3012 1963 1773 2322 
17402 3012 1773 1963 2411 
17403 3027 3127 2703 1948 
17404 2703 3127 3027 1803 
17405 2676 218 2492 251 
17406 2676 2492 218 2058 
17407 2722 3003 2165 1694 
17408 2165 3003 2722 1890 
17409 3098 2050 1785 2138 
17410 3098 1785 2050 2483 
17411 2953 819 3015 2363 
17412 2953 3015 819 867 
17413 2396 3133 3170 1950 
17414 3170 3133 2396 1915 
17415 3099 2279 2273 2643 
17416 3099 2273 2279 1651 
17417 3013 990 18 20 
17418 3013 18 990 2182 
17419 2558 1197 1626 2010 
17420 2558 1626 1197 1163 
17421 2166 1471 1493 1477 
17422 2166 1493 1471 2571 
17423 2910 2728 1847 1817 
17424 2910 1847 2728 1964 
17425 2800 2361 2801 1695 
17426 2800 2801 2361 1900 
17427 2937 2611 2664 1663 
17428 2937 2664 2611 2089 
17429 2670 2500 2064 1836 
17430 2670 2064 2500 1879 
17431 3034 3181 2469 2018 
17432 2469 3181 3034 1720 
17433 2967 2168 1875 1707 
17434 2967 1875 2168 2488 
17435 3049 668 2243 669 
17436 3049 2243 668 2582 
17437 626 2243 668 669 
17438 626 668 2243 2582 
17439 2891 2907 1743 2332 
17440 1743 2907 2891 2105 
17441 3151 736 936 737 
17442 3151 936 736 2898 
17443 2853 2539 1741 2290 
17444 2853 1741 2539 2580 
17445 2522 1222 1040 2141 
17446 2522 1040 1222 922 
17447 2868 540 1349 538 
17448 2868 1349 540 2004 
17449 2800 1776 2801 2378 
17450 2800 2801 1776 2518 
17451 3012 2867 2480 1692 
17452 3012 2480 2867 1974 
17453 3124 1924 25 2403 
17454 3124 25 1924 2553 
17455 2462 1388 1002 2078 
17456 2462 1002 1388 1387 
17457 2755 1269 1247 1566 
17458 2755 1247 1269 2172 
17459 2754 708 2962 2066 
17460 2754 2962 708 698 
17461 2613 1239 1238 1139 
17462 2613 1238 1239 2430 
17463 2692 2920 3130 1741 
17464 3130 2920 2692 2404 
17465 2803 889 591 549 
17466 2803 591 889 2293 
17467 2851 2693 2294 1951 
17468 2851 2294 2693 1674 
17469 2720 66 67 2605 
17470 2720 67 66 1319 
17471 2924 3127 2703 1662 
17472 2703 3127 2924 1948 
17473 2582 107 663 684 
17474 2582 663 107 2153 
17475 2924 1746 2131 2233 
17476 2924 2131 1746 2770 
17477 3122 3193 2284 1819 
17478 2284 3193 3122 1134 
17479 2811 1345 2023 2796 
17480 2811 2023 1345 1335 
17481 531 2023 1345 2796 
17482 531 1345 2023 1335 
17483 2970 132 2890 2242 
17484 2970 2890 132 131 
17485 25 3124 869 792 
17486 869 3124 25 2403 
17487 3013 1322 1572 2324 
17488 3013 1572 1322 21 
17489 2478 2586 2526 1727 
17490 2526 2586 2478 1897 
17491 3091 1199 34 2263 
17492 3091 34 1199 323 
17493 2826 1200 190 2188 
17494 2826 190 1200 23 
17495 3156 3127 2924 2377 
17496 3156 2924 3127 1948 
17497 2402 3119 3022 1678 
17498 3022 3119 2402 2020 
17499 2828 2633 2239 1939 
17500 2828 2239 2633 1825 
17501 3188 1929 1651 2250 
17502 3188 1651 1929 2456 
17503 2402 3002 2494 1928 
17504 2494 3002 2402 1813 
17505 2512 2907 1743 2105 
17506 1743 2907 2512 2098 
17507 1426 3004 1552 1425 
17508 1552 3004 1426 2574 
17509 2655 2954 1687 1879 
17510 2655 1687 2954 2043 
17511 2931 1687 2954 1879 
17512 2931 2954 1687 2043 
17513 3059 1650 2584 2310 
17514 3059 2584 1650 2399 
17515 18 2972 17 16 
17516 17 2972 18 2182 
17517 3102 418 992 2738 
17518 3102 992 418 1341 
17519 2690 1214 2530 2183 
17520 2690 2530 1214 1210 
17521 1209 1214 2530 1210 
17522 3049 705 613 2046 
17523 3049 613 705 658 
17524 2806 659 1074 660 
17525 2806 1074 659 2057 
17526 2761 2687 2572 1921 
17527 2761 2572 2687 2036 
17528 3165 2161 1725 2188 
17529 3165 1725 2161 2545 
17530 1213 2720 208 1319 
17531 208 2720 1213 2270 
17532 3118 271 273 2160 
17533 3118 273 271 272 
17534 2794 961 963 967 
17535 2794 963 961 2034 
17536 833 3047 2604 834 
17537 2604 3047 833 3043 
17538 2641 337 1126 2326 
17539 2641 1126 337 848 
17540 3167 1724 1986 2465 
17541 3167 1986 1724 3010 
17542 3031 2439 2275 1854 
17543 3031 2275 2439 2289 
17544 2885 771 525 165 
17545 2885 525 771 2821 
17546 3032 678 2315 746 
17547 3032 2315 678 2682 
17548 3025 1944 1602 2539 
17549 3025 1602 1944 2328 
17550 3167 1022 1041 292 
17551 3167 1041 1022 2465 
17552 2826 196 620 22 
17553 2826 620 196 2015 
17554 2718 80 1463 1500 
17555 2718 1463 80 2699 
17556 3177 116 1611 1325 
17557 3177 1611 116 2042 
17558 3037 1225 1133 2590 
17559 3037 1133 1225 36 
17560 3056 806 1973 2889 
17561 3056 1973 806 851 
17562 2782 1144 2061 397 
17563 2782 2061 1144 2652 
17564 2685 2780 3026 2060 
17565 3026 2780 2685 2332 
17566 1371 2994 2962 928 
17567 2962 2994 1371 2151 
17568 3020 3085 1171 2266 
17569 1171 3085 3020 2538 
17570 480 2700 560 569 
17571 560 2700 480 2251 
17572 3192 2597 2729 1652 
17573 3192 2729 2597 2007 
17574 2543 3060 1906 1730 
17575 1906 3060 2543 2661 
17576 2995 46 165 985 
17577 2995 165 46 2458 
17578 2885 2995 165 985 
17579 2885 165 2995 2458 
17580 2189 2995 2885 985 
17581 2189 2885 2995 2458 
17582 2725 243 1091 2316 
17583 2725 1091 243 1189 
17584 3151 738 1146 2307 
17585 3151 1146 738 737 
17586 3030 2738 394 1303 
17587 3030 394 2738 2266 
17588 1172 394 2738 1303 
17589 1172 2738 394 2266 
17590 2782 939 514 2229 
17591 2782 514 939 397 
17592 2958 3066 2867 1979 
17593 2867 3066 2958 1959 
17594 2867 1692 2958 1979 
17595 2958 1692 2867 1959 
17596 2824 2882 2218 1710 
17597 2218 2882 2824 2121 
17598 3020 1227 1513 395 
17599 3020 1513 1227 2075 
17600 2948 509 2591 753 
17601 2948 2591 509 2705 
17602 3117 1318 146 475 
17603 3117 146 1318 2698 
17604 3121 2807 2410 1679 
17605 3121 2410 2807 2071 
17606 2818 631 1293 2470 
17607 2818 1293 631 1275 
17608 2972 1572 17 16 
17609 2972 17 1572 2324 
17610 3193 1045 882 2284 
17611 3193 882 1045 635 
17612 84 3046 1481 86 
17613 1481 3046 84 2094 
17614 3113 295 2605 932 
17615 3113 2605 295 2557 
17616 2934 612 592 2195 
17617 2934 592 612 590 
17618 2773 54 1396 1245 
17619 2773 1396 54 2599 
17620 3170 1668 2204 2680 
17621 3170 2204 1668 2998 
17622 3177 117 1253 2400 
17623 3177 1253 117 1325 
17624 3162 2843 2911 1852 
17625 3162 2911 2843 2044 
17626 2906 1050 822 656 
17627 2906 822 1050 2313 
17628 2957 3176 2775 2056 
17629 2775 3176 2957 1799 
17630 3004 1552 419 2328 
17631 3004 419 1552 1425 
17632 37 2953 1953 287 
17633 1953 2953 37 2906 
17634 2936 1209 1479 1202 
17635 2936 1479 1209 2530 
17636 3092 726 154 2423 
17637 3092 154 726 954 
17638 363 2938 1305 1174 
17639 1305 2938 363 2864 
17640 3069 2996 2430 1818 
17641 3069 2430 2996 2069 
17642 1060 3092 2883 953 
17643 2883 3092 1060 2462 
17644 3183 717 1229 1498 
17645 3183 1229 717 2975 
17646 3190 1592 1069 1180 
17647 3190 1069 1592 2480 
17648 3190 688 1147 2758 
17649 3190 1147 688 1180 
17650 3131 1577 1142 2869 
17651 3131 1142 1577 1246 
17652 1214 2530 1215 1209 
17653 1214 1215 2530 2183 
$EndElements
