mtllib gb_level1.mtl
v -0.01354392339 0.06700251251 0.07871484756
vn -0.8637388945 0.5029107928 -0.03218513355
v -0.01307016611 0.06774151325 0.07732319832
vn -0.8483197093 0.5255998969 -0.06401843578
v -0.01390030701 0.06631250679 0.0772838518
vn -0.8826062679 0.4632301331 -0.08015001565
v -0.005937832873 0.04685751721 0.09871399403
vn -0.224833563 0.05936110765 0.972587347
v -0.003861795412 0.04670151323 0.09910006076
vn -0.123771511 0.03337373585 0.9917493463
v -0.004672154784 0.0487065129 0.09886226803
vn -0.1919564009 0.07674220204 0.9783983827
v 0.0186572317 0.03101951443 0.09678702056
vn 0.5098615289 -0.5857245922 0.6300538778
v 0.01851768233 0.03287351504 0.09826611727
vn 0.3729296923 -0.3738248348 0.8492222428
v 0.0171084255 0.03109251149 0.09798587114
vn 0.3691772819 -0.4697683752 0.8018888831
v 0.01765410788 0.053594511 0.02109572664
vn 0.8256123066 0.3056086004 -0.4743076265
v 0.018000843 0.05477650464 0.0224283319
vn 0.8190941811 0.3031520247 -0.4870149493
v 0.0185828153 0.05301450938 0.02264431491
vn 0.9167240858 0.160607025 -0.365817368
v 0.00342162 0.03051150776 0.004424433224
vn -0.311927259 -0.4503804743 -0.8365756273
v 0.001549161156 0.03049450926 0.005167980213
vn -0.367797941 -0.4415843189 -0.8183690906
v 0.002276197542 0.03214350715 0.004124180879
vn -0.3743636608 -0.3659228384 -0.8520283699
v 0.02013647556 0.05900651589 0.09624817967
vn 0.3499298692 0.3708232045 0.8602553606
v 0.0218326766 0.059274517 0.09545058757
vn 0.4389638901 0.3930124342 0.8079925179
v 0.02030978538 0.06076751649 0.09545061737
vn 0.3777210116 0.4299103618 0.8200633526
v 0.003941235133 0.04291450977 0.0436610058
vn -0.2423282564 -0.9048709273 -0.34997949
v 0.002337133279 0.04383850843 0.04269871488
vn -0.3712884486 -0.8720434904 -0.3188809156
v 0.003789424198 0.04370650649 0.04154259339
vn -0.2749815285 -0.9158849716 -0.2924719453
v 0.02972131595 0.0437005125 0.09070096165
vn 0.9576779604 -0.249664396 0.1432500333
v 0.02982455306 0.04439051449 0.08896647394
vn 0.9321553111 -0.2693833709 -0.2419072539
v 0.030087566 0.04526450858 0.09034825116
vn 0.9754778743 -0.1928750128 0.1060288846
v 0.01297774725 0.02743351273 0.09649907798
vn 0.2804086804 -0.788426578 0.547498405
v 0.0128488373 0.02884451672 0.09813563526
vn 0.2019605786 -0.5247303843 0.8269643188
v 0.01128001325 0.0277045127 0.09754676372
vn 0.1722461432 -0.6803571582 0.7123519778
v -0.009575975128 0.03973651305 0.09763022512
vn -0.3648255765 -0.08664812893 0.9270352721
v -0.008126880042 0.03857651353 0.09800390154
vn -0.288854003 -0.08921002597 0.9532077312
v -0.007752676029 0.04031350836 0.09823880345
vn -0.2820242643 -0.05662609264 0.957734704
v 0.02080620266 0.04586851224 0.0519512333
vn 0.7703050971 -0.5614913702 -0.3022540808
v 0.02038509585 0.04464650899 0.05391100794
vn 0.7496546507 -0.6304938793 -0.2012348026
v 0.01940280385 0.04412751272 0.05217348412
vn 0.6946886182 -0.6600324512 -0.2859455049
v 0.02516253851 0.04348251224 0.0968009755
vn 0.6230797768 -0.062260326 0.7796763778
v 0.02504867315 0.04148451611 0.09667802602
vn 0.6537274718 -0.1339795142 0.7447750568
v 0.02647506446 0.04255551472 0.09557703882
vn 0.7278261185 -0.1340316981 0.6725359559
v 0.02479309589 0.05223251134 0.05621374398
vn 0.9378218651 -0.2170435041 -0.2708916962
v 0.02439887077 0.05277250707 0.05448428541
vn 0.9466255903 -0.1831447184 -0.2652508914
v 0.0249374751 0.05388150737 0.05576540902
vn 0.9526683092 -0.1249422356 -0.2771508396
v 0.005486605689 0.03502650559 0.01635983586
vn -0.01443910506 -0.3636578619 0.9314206839
v 0.005172570702 0.03668450564 0.0171175655
vn -0.03409007564 -0.4833199084 0.8747798204
v 0.003679573303 0.03571750969 0.01665235497
vn -0.06441665441 -0.3855982125 0.9204154015
v 0.01288054418 0.07572251558 0.06068690866
vn 0.2824575305 0.9150147438 -0.2880378067
v 0.01077899151 0.07597950846 0.05996378511
vn 0.1776436865 0.936039865 -0.3037631512
v 0.0118230544 0.07621650398 0.06144526973
vn 0.2148539871 0.9368796349 -0.2758519948
v 0.02415920794 0.04590851441 0.06425979733
vn 0.8262405396 -0.5267502069 -0.1996515989
v 0.02337139472 0.0442555137 0.06564772874
vn 0.7725629807 -0.6031653881 -0.1983378977
v 0.02274597622 0.04413850978 0.06365623325
vn 0.7626277208 -0.6151407361 -0.2000022382
v -0.009429774247 0.06638450921 0.05841039494
vn -0.8102830052 0.4730557501 -0.3459186554
v -0.008908142336 0.06777350605 0.05933873355
vn -0.7808963656 0.5364134908 -0.3200959861
v -0.008269736543 0.06743551791 0.05731533468
vn -0.7571624517 0.5279080868 -0.3847311139
v 0.0204358492 0.06419051439 0.09313557297
vn 0.3948735595 0.5111992359 0.7633807659
v 0.02028642222 0.06248251721 0.09434717894
vn 0.41294083 0.5023199916 0.7597068548
v 0.02187566459 0.06271151453 0.09328278154
vn 0.4470953941 0.4816409647 0.7537424564
v 0.01600644737 0.03279851377 0.08392708749
vn 0.3767209053 -0.7900741696 -0.4835950732
v 0.01430808287 0.03178150952 0.08434839547
vn 0.2912411094 -0.7877938151 -0.5427333713
v 0.01438870747 0.03279951587 0.08269017935
vn 0.3143950701 -0.8666692972 -0.387349993
v 0.01168438978 0.03054151498 0.09883230925
vn 0.09336269647 -0.2669172287 0.9591864347
v 0.009940992109 0.03025651537 0.09887285531
vn 0.04834623635 -0.2613799572 0.9640244842
v 0.01106973924 0.02915751189 0.09848914295
vn 0.1016269252 -0.3908350468 0.9148333073
v 0.03022635169 0.05542451516 0.08927235752
vn 0.9472816586 0.1961957961 0.2533075511
v 0.03063517623 0.0534065105 0.08887407929
vn 0.9925287962 0.09472705424 0.07689830661
v 0.03044058941 0.05417251587 0.08733454347
vn 0.9936342239 0.08284392208 -0.07634077966
v 0.002348852344 0.038283512 0.05882750452
vn -0.2364468873 -0.946829915 -0.2181880325
v 0.0005054192152 0.03871551156 0.05939494073
vn -0.3254857659 -0.9127230644 -0.2469727993
v 0.001076876768 0.03899750859 0.05760339648
vn -0.322001785 -0.9214342237 -0.2174253315
v -0.00459986506 0.05261351168 0.09832742065
vn -0.2182046324 0.1665543467 0.9615853429
v -0.004529102705 0.05076551437 0.09865802526
vn -0.2204289883 0.1308831125 0.9665819407
v -0.002892109565 0.05186951533 0.09886199981
vn -0.1871302277 0.1449024528 0.9715892076
v -0.01237445697 0.06093550846 0.06075429544
vn -0.9278832674 0.2143324912 -0.3051134348
v -0.01194409188 0.05996450409 0.05905098468
vn -0.9296290874 0.1609003842 -0.331512928
v -0.01253542583 0.05909351259 0.06036957353
vn -0.9465277791 0.09372674674 -0.3087078035
v 0.008065037429 0.07321951538 0.05340937525
vn 0.05090230331 0.8832574487 -0.4661171436
v 0.009706447832 0.07340051234 0.05412879959
vn 0.1505454779 0.8677841425 -0.4735891819
v 0.00926029589 0.07272551209 0.05271875486
vn 0.124245733 0.8906100392 -0.4374662638
v -0.006072539371 0.04564950988 0.05186612904
vn -0.7601801157 -0.572345376 -0.3074847758
v -0.005235802848 0.04575050995 0.05004161224
vn -0.7084634304 -0.5658064485 -0.4218324125
v -0.004607898649 0.04409651086 0.05154991522
vn -0.6752305031 -0.6654043198 -0.3182778358
v -0.004359482788 0.05972151086 0.03946635872
vn -0.9317345619 0.2791817188 -0.232224673
v -0.004362937063 0.0609665066 0.0409450978
vn -0.8946559429 0.3585407436 -0.2665319741
v -0.003706683638 0.06141950935 0.03930753469
vn -0.8916037679 0.4001802504 -0.2118926048
v 0.006496695802 0.05232351273 0.0993796289
vn -0.03409450874 0.02001318708 0.9992182255
v 0.004560448229 0.05181551352 0.0993245393
vn -0.03413340822 0.0202132985 0.9992128611
v 0.005852807779 0.0504855141 0.09939466417
vn -0.03391037509 0.01999567822 0.9992248416
v 0.0191811379 0.0539105162 0.09832278639
vn 0.2214930952 0.1889621615 0.9566786885
v 0.01854393259 0.05225651711 0.09872827679
vn 0.1836490035 0.149619922 0.9715384245
v 0.02042808384 0.05234651268 0.09831632674
vn 0.2723080516 0.1734815538 0.946442008
v 0.02456489764 0.0546205081 0.05404669419
vn 0.9591221809 -0.07317817211 -0.2733671069
v 0.02447446622 0.05660250783 0.05373542756
vn 0.9546672702 0.04678263143 -0.2939758301
v 0.02502227947 0.05568251014 0.05553817004
vn 0.9540592432 -0.02954833955 -0.2981573641
v 0.003177307313 0.03952151164 0.05176465958
vn -0.2339597493 -0.9260594845 -0.2961024046
v 0.003166864626 0.04033150896 0.0499602519
vn -0.231877923 -0.8750241995 -0.4249297976
v 0.004945951514 0.03959150985 0.05077942833
vn -0.1216853559 -0.9168199301 -0.380307585
v 0.01986532658 0.02978751436 0.09363940358
vn 0.5672031641 -0.7390213609 0.3634940982
v 0.02008997835 0.03088151105 0.09532404691
vn 0.5741056204 -0.6530411243 0.4939028323
v 0.01858654246 0.02955451608 0.09516465664
vn 0.5244365335 -0.7192144394 0.4557377398
v 0.01815490425 0.04763351008 0.02146202698
vn 0.9667993784 -0.2480518222 -0.06139398366
v 0.01787743717 0.04712350667 0.01982961036
vn 0.9730890393 -0.1857029051 -0.1364264488
v 0.01819766872 0.04907950759 0.02035584487
vn 0.9694384336 -0.00546740368 -0.2452737391
v -0.004834527615 0.05250151083 0.04121816903
vn -0.9203667641 -0.2745600343 -0.2784632742
v -0.003879301483 0.05071850866 0.04031923786
vn -0.8701331615 -0.4022650123 -0.2846948206
v -0.004318119027 0.05054650828 0.04209429771
vn -0.8663659692 -0.3985662162 -0.3009235859
v -0.009833200835 0.05343451351 0.09663588554
vn -0.4367580712 0.2332480401 0.8688139915
v -0.007723160554 0.05418851227 0.09728625417
vn -0.3106657565 0.1916423291 0.9309994578
v -0.008738323115 0.05515551567 0.09665825218
vn -0.4105949998 0.2704046071 0.8708002567
v 0.01347977668 0.04247150943 0.02364278771
vn 0.441717267 -0.8065515757 0.3928872943
v 0.01347906422 0.04325150698 0.02527571656
vn 0.4333097935 -0.8512294292 0.2960592508
v 0.01190646924 0.04235750809 0.02473874763
vn 0.3028203547 -0.8788757324 0.3686152995
v 0.0151674645 0.0437765047 0.02394454554
vn 0.6064383388 -0.7366400957 0.2993224561
v 0.01491555385 0.04420151189 0.0258720722
vn 0.5647041202 -0.791887641 0.2324290425
v -0.009777991101 0.05752751231 0.05287129059
vn -0.9271122217 0.0867613405 -0.3646031022
v -0.009727394208 0.05563850701 0.05259085074
vn -0.9355233312 -0.01879538409 -0.3527644873
v -0.01034621056 0.05640751123 0.05415764824
vn -0.9278784394 0.01800690964 -0.3724477589
v 0.01280323602 0.05121451616 0.09961793572
vn 0.005933323409 0.05763637647 0.9983199835
v 0.01442018151 0.05038651824 0.09964711219
vn 0.06908898056 0.08039996028 0.9943653941
v 0.01432144176 0.05215551704 0.09943262488
vn 0.1142620519 0.149875164 0.9820802212
v 0.02040199563 0.04176351056 0.06367427111
vn 0.6492042542 -0.7329844832 -0.2031442672
v 0.02067457885 0.04138151184 0.06562570482
vn 0.6562795043 -0.7242414355 -0.2115927935
v 0.01903024875 0.04043351114 0.06443490833
vn 0.5721483231 -0.7931523323 -0.2086998224
v 0.02452041209 0.06790150702 0.06487547606
vn 0.8304331303 0.5101338029 -0.2239293456
v 0.02575933933 0.0658365041 0.06539705396
vn 0.8864742517 0.411161989 -0.2123894244
v 0.02514276095 0.0660995096 0.0634689033
vn 0.8731141686 0.4290024638 -0.2315783203
v 0.004433128517 0.03394851461 0.09947828203
vn -0.04527081177 -0.07859730721 0.9958780408
v 0.004643011838 0.03614351526 0.09960251302
vn -0.03655835986 -0.03047097288 0.9988668561
v 0.002799816895 0.03509551287 0.09945954382
vn -0.0573210828 -0.05846143886 0.9966426492
v -0.01120210346 0.05391750857 0.0568950437
vn -0.9317817092 -0.1491077393 -0.3309829831
v -0.01085251383 0.05511450768 0.05550616235
vn -0.933056891 -0.06564858556 -0.3536879122
v -0.01048630383 0.05304850638 0.05524250492
vn -0.9234229922 -0.1821419895 -0.3378080726
v 0.01566824503 0.02875351161 0.09667697549
vn 0.4168707132 -0.7024030685 0.5769304037
v 0.01603855379 0.0299505163 0.09761215746
vn 0.3707307279 -0.5732756853 0.730693996
v 0.01470421255 0.0294695124 0.09792181104
vn 0.2865881026 -0.5205840468 0.8042757511
v -0.01273039728 0.03417251632 0.08935279399
vn -0.7602571249 -0.6075124741 -0.2300817966
v -0.01162014995 0.03410350904 0.08778176457
vn -0.5814098716 -0.5759558678 -0.5746629238
v -0.01139580086 0.03272751346 0.0891822353
vn -0.679752171 -0.6466982961 -0.3460032344
v -0.006999100558 0.02991451509 0.09460039437
vn -0.557458818 -0.7005400658 0.4455145597
v -0.006905802526 0.03119251691 0.09602940828
vn -0.5327332616 -0.5730620623 0.6227319837
v -0.008397265337 0.03128651157 0.09481582046
vn -0.6144163013 -0.613696754 0.4958516657
v -0.0125068156 0.04214251414 0.0961393714
vn -0.6305757761 -0.09813641012 0.769898355
v -0.0106318742 0.04259751365 0.0974040851
vn -0.4194374084 -0.0349942036 0.907109499
v -0.01168561261 0.04366451502 0.09693885595
vn -0.5273857713 -0.04152610153 0.8486105204
v 0.01536389906 0.02702051215 0.09354576468
vn 0.4025108814 -0.8761299849 0.2652946115
v 0.01415699068 0.02604951151 0.09223283082
vn 0.3490037918 -0.9355562329 0.05413761362
v 0.01583115198 0.02685051411 0.09137745202
vn 0.4226663411 -0.8982563019 -0.1203691512
v -0.0125145046 0.05133151263 0.09542669356
vn -0.5765687823 0.1809950173 0.7967491746
v -0.01304941811 0.05320451036 0.09465299547
vn -0.6024476886 0.2318191826 0.7637516856
v -0.01407902967 0.05125651136 0.09430166334
vn -0.6739088893 0.1649197489 0.7201724052
v -0.01743050665 0.05254751071 0.09003783017
vn -0.8255637288 0.14862445 0.5443852544
v -0.01748663373 0.05427551642 0.0892784819
vn -0.8663054705 0.1999032348 0.4577701986
v -0.01800676435 0.0528755188 0.08859933913
vn -0.9510068297 0.1176166236 0.28592363
v 0.01255758107 0.03228350729 0.01627604105
vn -0.08314261585 -0.2695740163 0.9593837261
v 0.0106140282 0.0318615064 0.01581946388
vn -0.1389135867 -0.2518451512 0.9577457905
v 0.01168165635 0.03034450859 0.01558474917
vn -0.1152026206 -0.2631734312 0.9578455687
v -0.008135756478 0.0729195103 0.06980416924
vn -0.6726593375 0.7363638282 -0.07278582454
v -0.007001527119 0.07375451177 0.06832201034
vn -0.6328892708 0.756728828 -0.163745746
v -0.008578008972 0.07210250944 0.06781092286
vn -0.6966555119 0.6871696711 -0.206079945
v 0.0275285095 0.06042851135 0.06594973803
vn 0.9665774703 0.156843245 -0.2028008699
v 0.02749236487 0.05886650831 0.06495692581
vn 0.9741573334 0.08409681916 -0.2096312046
v 0.02712014504 0.06003050879 0.06387259811
vn 0.963812232 0.1383951902 -0.2278436124
v 0.00771896122 0.02481550351 0.01313412562
vn -0.1312484592 -0.6434556842 0.7541476488
v 0.009518320672 0.0250085108 0.01347671263
vn -0.05453100428 -0.5856446624 0.8087315559
v 0.008125356399 0.0262215063 0.0139794834
vn -0.09933958948 -0.4157021046 0.9040594101
v 0.01329202484 0.0416435115 0.0221375078
vn 0.437495172 -0.8056634068 0.3993801177
v 0.01475351118 0.04265050963 0.0222654473
vn 0.5900773406 -0.7317568064 0.3410875499
v 0.002848431235 0.04883551598 0.0993251279
vn -0.03411936387 0.02008978277 0.9992158413
v 0.005056939553 0.04853151366 0.09940652549
vn -0.0340426527 0.02005850337 0.9992190599
v 0.004150526132 0.05011951923 0.09934455901
vn -0.03417127952 0.01987865381 0.9992182851
v 0.01597798616 0.04272651672 0.09976733476
vn 0.07068891823 -0.003546351334 0.9974921346
v 0.0143419439 0.0433165133 0.09982855618
vn -0.0008939686813 0.0104957819 0.9999445081
v 0.01443582308 0.04143551365 0.09983376414
vn 0.01834267005 -0.005301877856 0.999817729
v 0.0109595377 0.0777715072 0.0824900642
vn 0.1770863533 0.9551533461 0.2373236865
v 0.01073608454 0.07801050693 0.08088750392
vn 0.2066337019 0.9732655883 0.1002826095
v 0.009421115741 0.07815451175 0.08171412349
vn 0.1160111949 0.9754201174 0.1873419434
v 0.02772642858 0.04786051065 0.07615542412
vn 0.9194054008 -0.3627349436 -0.1520429105
v 0.02801950462 0.04910551384 0.07519087195
vn 0.9315673709 -0.3229110241 -0.1670649648
v 0.02842661552 0.04963351041 0.07671864331
vn 0.9541197419 -0.2720323205 -0.1251156926
v 0.00194022723 0.04411451146 0.005934773013
vn -0.5019370914 0.617069304 -0.6060401201
v 0.00178074115 0.045289509 0.007353154942
vn -0.5151996017 0.662518084 -0.5437270999
v 0.003182242624 0.04522550479 0.006219310686
vn -0.3878449202 0.6941450238 -0.6064148545
v 0.006619976833 0.04119951651 0.09960796684
vn -0.03403395414 0.01994556747 0.9992216229
v 0.004738424905 0.04025251046 0.09956274182
vn -0.03417554125 0.02000460401 0.9992156029
v 0.006463838741 0.03936851397 0.09963866323
vn -0.03399022296 0.01995350793 0.9992229342
v -0.003782886313 0.02687051147 0.09186453372
vn -0.4364452362 -0.8958084583 0.08392098546
v -0.004048248287 0.02757851407 0.09365852922
vn -0.4465531409 -0.8359088302 0.3191343546
v -0.005358280148 0.02789551392 0.09240610152
vn -0.5036829114 -0.8390808702 0.2055402696
v -0.01385398209 0.03904151171 0.08592146635
vn -0.6846265197 -0.4835019708 -0.5454469323
v -0.01326852012 0.03720751032 0.08676793426
vn -0.6221798062 -0.5029401779 -0.5999528766
v -0.01463700365 0.03819851205 0.08740361035
vn -0.7234156728 -0.4619604349 -0.5130909085
v -0.01835955121 0.0519795157 0.08700437099
vn -0.9955143332 0.04288155586 -0.08433476835
v -0.0177349057 0.05151151121 0.08494447917
vn -0.9663261175 -0.05455627292 -0.251470536
v -0.0180440098 0.04993051663 0.08611462265
vn -0.9527762532 -0.08921773732 -0.2902716696
v -0.01021382958 0.05006751046 0.05699181929
vn -0.8879755139 -0.3449631035 -0.3041380048
v -0.01079649664 0.05198351294 0.05685485899
vn -0.9169957638 -0.2399131507 -0.3186855614
v -0.009857140481 0.05080451071 0.05510188639
vn -0.9028986096 -0.2895950973 -0.3176614344
v -0.01441794727 0.0628985092 0.07052326202
vn -0.9548678398 0.271754086 -0.1199047193
v -0.01402605325 0.064366512 0.07108996063
vn -0.9298794866 0.3526638448 -0.1046535
v -0.01401112508 0.06367851794 0.06930442899
vn -0.9358317256 0.3097225428 -0.1681990474
v 0.00811925903 0.03739150986 0.06055538729
vn 0.05724437162 -0.9700965881 -0.2358721346
v 0.01040481497 0.03752151132 0.06110568717
vn 0.1655064076 -0.9588525295 -0.2306717187
v 0.008625575341 0.03691151366 0.06254782528
vn 0.0911083743 -0.9695168734 -0.2274560928
v -0.005274891388 0.03978450969 0.06633976847
vn -0.5696800947 -0.7890326381 -0.2299827337
v -0.004062242806 0.03918851167 0.0656087175
vn -0.4927475452 -0.8328829408 -0.2520036101
v -0.004479264375 0.03893551603 0.0673314929
vn -0.5176645517 -0.8267613053 -0.2202025801
v -0.01271439064 0.06379951537 0.06446885318
vn -0.9085147977 0.313965708 -0.2757288814
v -0.01267241873 0.06528051198 0.06625833362
vn -0.8873847127 0.3812562227 -0.2592142224
v -0.01172001846 0.06610751152 0.06435771286
vn -0.8661952019 0.4197092652 -0.2712009847
v 0.01977904141 0.05856950581 0.03007345647
vn 0.9579945207 0.2674658895 -0.1034820005
v 0.02007265575 0.05711451173 0.03146728128
vn 0.9889106154 0.1466397345 0.02350824699
v 0.02017071284 0.05647951365 0.02950348519
vn 0.9855322242 0.1221138537 -0.1175346076
v -0.01178203337 0.04994751513 0.06180711463
vn -0.9028390646 -0.3363018334 -0.2679229081
v -0.01243728679 0.05040851235 0.06344471872
vn -0.9108726978 -0.3159852922 -0.2654509246
v -0.01231561415 0.05149051175 0.06190296635
vn -0.9254930019 -0.2620738447 -0.2734594047
v 0.002618941944 0.03916951269 0.09951140732
vn -0.03460042924 0.01910007 0.9992187023
v 0.003097063396 0.04122551531 0.09948670119
vn -0.03416818753 0.02000466734 0.9992158413
v 0.001143826172 0.04068751261 0.099431023
vn -0.03405151889 0.01998920366 0.9992201328
v 0.001776617253 0.04238551855 0.09941861778
vn -0.03404073417 0.02005409263 0.9992192388
v 0.02150531858 0.04291750863 0.06309758127
vn 0.6943143606 -0.6916151643 -0.1989873499
v 0.02193475701 0.04382351413 0.06171442941
vn 0.7284328938 -0.6474562883 -0.2240220308
v 0.008010551333 0.04027151316 0.09967344999
vn -0.03423656523 0.01995126903 0.9992145896
v 0.01002627518 0.04015751183 0.09974526614
vn -0.03367779404 0.01840546168 0.999263227
v 0.008604230359 0.04178951308 0.09966370463
vn -0.03412483633 0.02009714954 0.9992154837
v -0.0130566936 0.0549435094 0.06209779531
vn -0.9548814297 -0.09883657098 -0.2800585032
v -0.0128146112 0.05619350821 0.0610444434
vn -0.955188036 -0.0320096314 -0.2942638397
v -0.01237166859 0.05435951054 0.06014503166
vn -0.945430696 -0.1270012558 -0.3000524044
v -0.01518323831 0.06070750952 0.07257033885
vn -0.9688687921 0.2017386705 -0.1435088813
v -0.01463035494 0.06285451353 0.07237809151
vn -0.9527723789 0.2776844203 -0.1229478419
v -0.01483359747 0.06143150851 0.07082825154
vn -0.9692562222 0.2147866637 -0.1200379729
v -0.00400212314 0.03972951323 0.06375968456
vn -0.5063555241 -0.8280362487 -0.2407490611
v -0.005406587385 0.04028851166 0.06489243358
vn -0.572828114 -0.7829290628 -0.2426728159
v 0.01448857132 0.07738651335 0.07205639035
vn 0.3390519023 0.9397107959 0.04458028823
v 0.01398765016 0.07741151005 0.07392138243
vn 0.3210588098 0.9468747377 0.01869544759
v 0.01529929601 0.07690551132 0.07345587015
vn 0.3752270639 0.9252620339 0.05563090742
v -0.01154285483 0.05571750924 0.05723361298
vn -0.9379759431 -0.04768805206 -0.3434049487
v -0.01109163836 0.05739551038 0.05603331327
vn -0.9269885421 0.04126482457 -0.3728128374
v -5.065381265e-05 0.07605950534 0.06272891164
vn -0.331875205 0.8969458938 -0.292141974
v 0.0002355881879 0.07547751814 0.06082156301
vn -0.3272912204 0.8916029334 -0.312929213
v -0.001525820931 0.07504551113 0.0618000403
vn -0.4121185839 0.8597449064 -0.3016570508
v 0.01022589486 0.0377735123 0.09978910536
vn -0.01724538207 -0.01076374669 0.9997933507
v 0.01199851185 0.03910351172 0.09983061254
vn -0.009386917576 -0.004495837726 0.9999458194
v 0.01668200269 0.0299095083 0.01510307286
vn 0.3574727178 -0.3132349253 0.8798279166
v 0.01650805399 0.03166151047 0.01565545797
vn 0.3383345902 -0.2340538502 0.9114540815
v 0.0152689768 0.03059350699 0.01569520868
vn 0.1852285266 -0.2791731656 0.9422063231
v 0.02004367486 0.05710551143 0.03337140381
vn 0.993383944 0.1136586964 -0.01643368974
v 0.02011233196 0.05674551055 0.03519980982
vn 0.9974522591 0.06537926942 -0.02854083292
v 0.02010384575 0.05532250926 0.03427598253
vn 0.9988330603 -0.0472847186 -0.009832539596
v 0.01008043718 0.03033550829 0.01538800355
vn -0.1029790267 -0.2351377904 0.9664913416
v 0.01121134311 0.04998051375 0.09958761185
vn -0.03408677876 0.01993452571 0.9992200732
v 0.009587212466 0.05134851113 0.09950514883
vn -0.03415196389 0.02000080235 0.9992164969
v 0.009086241014 0.0495195128 0.09952505678
vn -0.03412517533 0.0200671535 0.9992160797
v -0.004406680819 0.05368550867 0.03870930523
vn -0.943685472 -0.2102013975 -0.2554860711
v -0.004779140465 0.05365550891 0.04003537074
vn -0.9446032047 -0.1918121427 -0.2663323581
v -0.004842594732 0.05515751243 0.03960795701
vn -0.963821888 -0.07828042656 -0.2547931373
v 0.001318419236 0.06828150898 0.04387464374
vn -0.4413705766 0.8644312024 -0.2407295555
v 0.0009095117566 0.06863550842 0.04574077576
vn -0.4386838078 0.8554325104 -0.2753029466
v 0.002770356834 0.0691665113 0.0448977761
vn -0.3228996396 0.9141123295 -0.2452233583
v 0.007279434241 0.05409151688 0.09937132895
vn -0.03027606197 0.06289944798 0.9975605607
v 0.009141383693 0.05414451286 0.09943389893
vn -0.01006394159 0.1041491106 0.9945107698
v 0.008264858276 0.05567551777 0.09919984639
vn 0.01379071642 0.2127055377 0.977019012
v 0.01776275598 0.03315150738 0.01545114908
vn 0.4938866794 -0.1836780161 0.8499048948
v 0.01847231388 0.03126450628 0.01459685899
vn 0.5744304657 -0.2275147736 0.7862993479
v 0.003138363129 0.03738250956 0.06187421829
vn -0.1993523389 -0.950402081 -0.2387351543
v 0.004858815111 0.03678251058 0.0631506592
vn -0.1062828377 -0.9722388983 -0.2084597349
v 0.002745446749 0.03701950982 0.0637408942
vn -0.1857141256 -0.9561608434 -0.2264214754
v -0.01020210702 0.04427851364 0.09756483138
vn -0.3414403796 0.01270113606 0.9398176074
v -0.0115692867 0.04517851397 0.09698985517
vn -0.5010067821 0.02152887173 0.8651755452
v 0.02701690421 0.06618751585 0.07862066478
vn 0.8895751834 0.456154108 -0.02407064103
v 0.02796466835 0.06409351528 0.07887814939
vn 0.930202961 0.36571455 -0.03122962825
v 0.02761779726 0.0646995157 0.07734441757
vn 0.9199663401 0.3881004453 -0.05513580889
v -0.009138314985 0.04478451237 0.0624466911
vn -0.7747503519 -0.586075902 -0.2372276038
v -0.01026207488 0.04615351185 0.06300667673
vn -0.8188174367 -0.5122125745 -0.2591838539
v -0.009261185303 0.04551551118 0.06120977923
vn -0.7869793177 -0.5468830466 -0.2856264412
v 0.0265867617 0.061119508 0.06243856624
vn 0.9509041309 0.1955816001 -0.2398523539
v 0.02600315772 0.062076509 0.06098080426
vn 0.9402179718 0.2358509004 -0.24569197
v 0.02613042854 0.06286551803 0.06258708239
vn 0.9301491976 0.2884289026 -0.2272251993
v -0.01145149954 0.04841851071 0.06282298267
vn -0.8698208332 -0.4165512323 -0.264380008
v -0.01100490801 0.04881951213 0.06070298702
vn -0.868075788 -0.4021604955 -0.2910521626
v 0.02189411595 0.07265950739 0.07380808145
vn 0.6761610508 0.7364637852 0.02067222632
v 0.02073259279 0.07368852198 0.07418466359
vn 0.6260085702 0.779815793 0.0007878227625
v 0.02176060714 0.07286451012 0.07549150288
vn 0.6716510653 0.7403895259 -0.02661219984
v 0.001326335943 0.04577550665 0.03232919425
vn -0.5616084337 -0.8227058053 0.08804046363
v 3.848589586e-06 0.04698750749 0.03413812444
vn -0.6502886415 -0.7591522336 0.02850607596
v -0.0005838282523 0.04738451168 0.03236003965
vn -0.6971382499 -0.7136826515 0.06823003292
v 0.001928721671 0.03321050853 0.0155629823
vn -0.262439549 -0.3256648481 0.9083324671
v 0.00398442056 0.03226850554 0.01543104742
vn -0.0700911656 -0.299451679 0.9515334368
v 0.003894740483 0.03405150399 0.01600631885
vn -0.03846659139 -0.3334864676 0.9419698119
v 0.002197238151 0.06161351502 0.09723868966
vn -0.1068160608 0.3680138588 0.9236645103
v 0.003622990567 0.06065851822 0.09768059105
vn -0.07211082429 0.2977949083 0.9519024491
v 0.003791243769 0.06253551692 0.09700193256
vn -0.07720049471 0.4255152643 0.9016522765
v 0.02110296115 0.04365151003 0.05967185646
vn 0.7068451047 -0.6715167761 -0.2223403007
v 0.0203272365 0.04230951145 0.0614384152
vn 0.6556435227 -0.7219842076 -0.22106646
v 0.01961239055 0.04239951074 0.05904763564
vn 0.6383360028 -0.738650322 -0.2166167945
v 0.02445468865 0.06169051304 0.09230020642
vn 0.4822014272 0.4070788324 0.7757374644
v 0.02329708636 0.06133051217 0.09326527268
vn 0.4980069697 0.4419699907 0.746090889
v 0.02474790066 0.06023551524 0.09282651544
vn 0.5323611498 0.38784796 0.7524397373
v -0.01015520189 0.06642650813 0.06031575426
vn -0.8298391104 0.4658158123 -0.3072176576
v -0.009626183659 0.06800551713 0.06158454344
vn -0.7918592691 0.5244233012 -0.3129522502
v 0.009898661636 0.04495351762 0.09964385629
vn -0.03424473107 0.02006929927 0.999211967
v 0.009286939166 0.04631151631 0.0995959565
vn -0.03407565132 0.02006407827 0.9992178082
v 0.008135619573 0.04486851767 0.09958566725
vn -0.03398936614 0.01998647116 0.9992223382
v 0.006618445739 0.02731650881 0.01424422301
vn -0.1435589939 -0.3510330617 0.9252927303
v 0.006614955142 0.02589550428 0.01361373719
vn -0.1738145798 -0.4745259285 0.8629099727
v 0.01137119625 0.02647551149 0.0959309414
vn 0.2310628742 -0.8441984057 0.4836724401
v 0.009615584277 0.02694751509 0.09703267366
vn 0.1207240671 -0.7594088912 0.6393151283
v -0.01277410053 0.05331450701 0.06199738011
vn -0.9440950155 -0.177806139 -0.2776140571
v -0.01203958038 0.05232651532 0.06017737836
vn -0.9303768873 -0.2179110497 -0.2948110998
v 0.005866185762 0.03255651519 0.09941313416
vn -0.03059390746 -0.1393344104 0.9897726774
v 0.007080094889 0.03106851503 0.09914340079
vn -0.01337727997 -0.22423774 0.9744426608
v 0.007670937572 0.03307551518 0.09950976819
vn -0.01419794746 -0.118479237 0.9928550124
v -0.0009377487586 0.03545750678 0.0143554816
vn -0.7914690971 -0.1896387935 0.5810453892
v -0.0001709103672 0.03365350887 0.01460779365
vn -0.6362964511 -0.2670846283 0.7237352133
v 0.0006943065091 0.03504350409 0.01572996378
vn -0.4935331643 -0.2751827836 0.8250451088
v 0.009125753306 0.07758851349 0.08385929465
vn 0.09239940345 0.9288282394 0.3588042259
v 0.007711853366 0.07817050815 0.08230814338
vn 0.04685742408 0.9692560434 0.2415514141
v 0.006844671443 0.07755050808 0.08408659697
vn -0.0009079612792 0.9229841232 0.384836942
v 0.00566347409 0.03327550739 0.01578053273
vn -0.0346416384 -0.288618207 0.9568173885
v 0.005727345124 0.03152551129 0.01531644538
vn -0.06261880696 -0.2523851097 0.9655985832
v 0.007382129319 0.03244550899 0.01564409211
vn -0.06452253461 -0.2510765791 0.965814352
v 0.01279588509 0.07652251422 0.08456291258
vn 0.2317467034 0.8836951852 0.4066648781
v 0.0136045916 0.07572551072 0.0858162418
vn 0.2624903917 0.8647551537 0.428132385
v 0.01470215432 0.07624751329 0.08403064311
vn 0.3335427046 0.8844040036 0.3264640868
v 0.02696842141 0.06601951271 0.07643573731
vn 0.8960995674 0.4405885041 -0.05373396352
v 0.02774482034 0.0641265139 0.07552869618
vn 0.9313035011 0.3586853445 -0.06339239329
v 0.02690982446 0.06587250531 0.07440054417
vn 0.9031057358 0.4273832738 -0.04175619781
v -0.009401432239 0.04735551029 0.05825426802
vn -0.8351852298 -0.4712617993 -0.2835101187
v -0.008719795384 0.04705951363 0.05686971918
vn -0.8188921809 -0.5001503229 -0.2815407515
v -0.008151703514 0.04569651186 0.05781465396
vn -0.77564466 -0.570027113 -0.2710063159
v 0.01818699203 0.07146950811 0.0888723582
vn 0.3399779797 0.6336681247 0.6948954463
v 0.02004972659 0.07171650976 0.08771023154
vn 0.4492850006 0.7016928792 0.5529648066
v 0.01803292334 0.07298151404 0.08761137724
vn 0.3858301342 0.7286245227 0.5658987761
v -0.01007233467 0.04777951539 0.05967621133
vn -0.8419182897 -0.4534671903 -0.2924741209
v -0.009226891212 0.04636151344 0.05961902067
vn -0.8005989194 -0.5291883945 -0.2810711861
v 0.007635817863 0.03576051071 0.06765302271
vn 0.04029976204 -0.9759193659 -0.2143765837
v 0.005514394492 0.03590751067 0.06686718762
vn -0.0567163974 -0.9729100466 -0.2241188735
v 0.007374447305 0.03613751009 0.06572499126
vn 0.0287025515 -0.976154089 -0.2151727527
v -0.01427235547 0.04315951094 0.08240815252
vn -0.8031869531 -0.4535740316 -0.3862140775
v -0.0133240046 0.04197851196 0.08185718209
vn -0.7856847644 -0.5034837723 -0.3594489694
v -0.01385402493 0.04146751389 0.08328492194
vn -0.759211719 -0.4774304926 -0.4423320889
v 0.01769371703 0.04373550788 0.01662347652
vn 0.9120017886 0.0639706552 0.4051672518
v 0.01855228469 0.04221450537 0.01544908341
vn 0.8726955056 0.1695316434 0.4578881562
v 0.01825717837 0.04432650656 0.01483165659
vn 0.9300414324 0.2796305716 0.2383897454
v 0.007467904128 0.07186151296 0.0505893603
vn 0.004277026281 0.9114604592 -0.4113654196
v 0.005503111985 0.07201950997 0.05110662431
vn -0.0854159072 0.9013620615 -0.4245592356
v 0.006787081249 0.07267950475 0.05233114585
vn -0.02437368222 0.8956791162 -0.4440324605
v 0.02736914717 0.06022051349 0.0909588635
vn 0.6516926289 0.3768521845 0.6582394242
v 0.02627851814 0.05936851352 0.09216035157
vn 0.5578963161 0.3441217542 0.7552032471
v 0.0277868472 0.05839351192 0.09150242805
vn 0.6553089023 0.3141153157 0.6869511008
v 0.01277506631 0.04416251183 0.03027560748
vn 0.3643232882 -0.9095633626 0.1999076307
v 0.01110918261 0.04390351102 0.03194374591
vn 0.259454906 -0.953774333 0.151649937
v 0.01036080997 0.04332851246 0.02977294661
vn 0.1804469228 -0.9630583525 0.1998936534
v -0.0006382373977 0.06475950778 0.0351848267
vn -0.6878016591 0.6942700148 -0.2119388282
v -0.001742327819 0.06381050497 0.0360186398
vn -0.7737283111 0.607037127 -0.1812469065
v -0.001081636641 0.06486151367 0.03706479445
vn -0.717692852 0.6785550714 -0.1564608812
v 0.02062188461 0.04217451811 0.09897031635
vn 0.2350352556 -0.02373977564 0.9716969132
v 0.02055927552 0.04019351304 0.0988991335
vn 0.2358943969 -0.06209631264 0.9697927237
v 0.02221699059 0.04137351364 0.09852548689
vn 0.3577114642 -0.04693707451 0.9326518178
v 0.001763037988 0.03803351149 0.06065858901
vn -0.2411518693 -0.9408875108 -0.2378579676
v 0.02510392293 0.04859451205 0.06196870282
vn 0.8869656324 -0.4035748541 -0.2245424986
v 0.02428048104 0.04767851532 0.0608539544
vn 0.8577837944 -0.4637619257 -0.2216570079
v 0.02473816462 0.04895351082 0.06002108753
vn 0.8926967978 -0.3850083947 -0.2342242301
v 0.02289125137 0.06081251428 0.0512819849
vn 0.8878526092 0.28820315 -0.3586874306
v 0.02300169691 0.05929850787 0.05056733638
vn 0.9035720825 0.192614615 -0.3826971352
v 0.02236550674 0.06057950482 0.04991725087
vn 0.8847119212 0.2780792117 -0.3741079569
v -0.01104142051 0.0337895155 0.09380801022
vn -0.7295405269 -0.519826293 0.4444673657
v -0.01090384368 0.03249451518 0.09221078455
vn -0.7092095017 -0.6113460064 0.3511095941
v -0.00968332123 0.0319125168 0.09353519231
vn -0.6878262758 -0.6164444685 0.3832639158
v 0.008313339204 0.02971451171 0.09877625853
vn 0.01381891221 -0.2821915746 0.9592585564
v 0.00968359597 0.02853251621 0.09838178754
vn 0.08490155637 -0.4725112915 0.8772256374
v 0.003373828018 0.04698051512 0.09938108176
vn -0.0340850465 0.02013945766 0.9992160201
v -0.01217950322 0.05594550818 0.0590589568
vn -0.9498599172 -0.04332084954 -0.3096601963
v -0.01243015472 0.05748051405 0.05983585492
vn -0.951144278 0.02332122251 -0.3078646958
v 0.01878987998 0.06208751723 0.09539273381
vn 0.3393205404 0.4630112946 0.8188297153
v 0.01852994785 0.06397651136 0.09424319118
vn 0.3590521514 0.5345777869 0.7650543451
v 0.0171570275 0.06296351552 0.09550708532
vn 0.2792697251 0.4639481902 0.8406904936
v 0.006690744776 0.06743750721 0.0303570684
vn -0.1099493057 0.9740259647 -0.1979508251
v 0.006349062547 0.06767750531 0.03239359707
vn -0.1357137412 0.9795302153 -0.1486686468
v 0.008166708052 0.06759750843 0.03149708733
vn 0.004813896958 0.990043819 -0.1406771988
v 0.02691573091 0.05783151463 0.06191748381
vn 0.9688774347 0.04416539893 -0.2435691357
v 0.02655590326 0.05636051297 0.06070449948
vn 0.9670109153 -0.02896247804 -0.2530831099
v 0.0264675878 0.05848651007 0.06053638831
vn 0.9640303254 0.0771541968 -0.2543478012
v -0.01708972268 0.04533651099 0.09089995921
vn -0.8786687851 -0.09360204637 0.4681664705
v -0.01612825878 0.04444551095 0.09210446477
vn -0.8274214268 -0.1046887934 0.5517372489
v -0.01623029448 0.04608851299 0.09222105145
vn -0.8237211108 -0.03724908456 0.5657702684
v 0.003390882397 0.04267651215 0.09946771711
vn -0.03417083994 0.01993762702 0.999217093
v 0.002670121612 0.0438795127 0.09941909462
vn -0.0341594331 0.0201665163 0.9992129207
v 0.02218613029 0.04319651797 0.09857946634
vn 0.3319759369 -0.01340160146 0.9431926608
v 0.02206661738 0.04504551739 0.0985923931
vn 0.306930244 0.02501359954 0.9514032602
v 0.02057512477 0.04398551583 0.09899172932
vn 0.2304534316 0.008838617243 0.9730432034
v 0.02524796128 0.05325850844 0.05710478127
vn 0.9440664053 -0.160570085 -0.2880205214
v -0.01026367955 0.0471865125 0.06114853919
vn -0.8339891434 -0.4772763252 -0.2768924534
v -0.00940940436 0.0643825084 0.05611375347
vn -0.8127679825 0.391916573 -0.4310564101
v -0.008792146109 0.06594051421 0.05652705207
vn -0.7852138281 0.4561299384 -0.4187895656
v -0.008151135407 0.06495851278 0.05445671827
vn -0.783464551 0.4382891953 -0.4405518174
v 0.01096293237 0.07241151482 0.05269983411
vn 0.2103091627 0.8808934689 -0.4240244627
v 0.01169286575 0.0732685104 0.05476594344
vn 0.2432591468 0.8469682336 -0.4727259874
v 0.01308163721 0.07222051173 0.05359464139
vn 0.3052750826 0.8486071825 -0.432056725
v -0.01041737664 0.04914051294 0.05876290798
vn -0.8718447685 -0.3838561177 -0.3042058051
v 0.02509364486 0.06106350943 0.05722858757
vn 0.9137627482 0.2207624614 -0.3410302103
v 0.0250127539 0.06268951297 0.05830845237
vn 0.8983698487 0.2965639532 -0.3240084648
v 0.02566073835 0.06147150695 0.05928713828
vn 0.9344749451 0.2207515538 -0.2793302238
v -0.002724628663 0.03986750916 0.06068949029
vn -0.4869450927 -0.8333063722 -0.261696279
v -0.004115862306 0.04033150896 0.06181567907
vn -0.5282342434 -0.8123766184 -0.2470078319
v -0.004125512205 0.04101351276 0.05981218442
vn -0.5407883525 -0.7982949615 -0.2650906444
v 0.01270052791 0.04278951883 0.09978352487
vn -0.02973157726 0.0163044855 0.9994249344
v 0.01316352002 0.04463851452 0.09976231307
vn -0.02894021757 0.0209395811 0.9993618131
v -0.0139591936 0.03576951474 0.08932586014
vn -0.8083622456 -0.5727889538 -0.1358797848
v -0.01407269202 0.03672151268 0.08799020946
vn -0.7256981134 -0.5144243836 -0.4568696022
v -0.01298205368 0.03550551459 0.08781431615
vn -0.6436604261 -0.5534165502 -0.5286127329
v 0.02655226551 0.03688351437 0.0925829336
vn 0.8170631528 -0.4436717629 0.368189007
v 0.02535565384 0.03610951081 0.09366474301
vn 0.7631742954 -0.4486330748 0.4650735259
v 0.02577134594 0.03516951576 0.09206899256
vn 0.798027873 -0.5577253103 0.2282410413
v 0.002396268304 0.07800450921 0.0809449926
vn -0.1758552641 0.9768283963 0.1219883636
v -0.0001543192193 0.07740651071 0.08144626021
vn -0.2672939301 0.9557017088 0.123240456
v 0.001638238202 0.07753751427 0.08295530826
vn -0.1887471974 0.9428144693 0.2747277319
v -0.0007229422918 0.03351751342 0.07925659418
vn -0.2849777341 -0.9071846604 -0.3095216751
v 0.0002323445951 0.03284750879 0.08043687791
vn -0.2469582856 -0.9133725166 -0.3236700296
v -0.00110677199 0.03301851451 0.08109156787
vn -0.2930605412 -0.8984087706 -0.3270736933
v -0.01206213236 0.05851951241 0.05893288553
vn -0.9428837895 0.07414735109 -0.324764967
v -0.005579113029 0.04162351042 0.06106531993
vn -0.6154247522 -0.7459955812 -0.2544463873
v -0.005522559397 0.04096551239 0.06307241321
vn -0.595588088 -0.7661239505 -0.2415137738
v 0.01878050901 0.05439950526 0.02379973233
vn 0.9039458632 0.1727363914 -0.3912084699
v 0.01888728887 0.05576050654 0.02474592626
vn 0.8632588983 0.2388026267 -0.4446992278
v 0.01935696043 0.05438051 0.02511516586
vn 0.9268622994 0.0949825421 -0.3631866574
v 0.001032923814 0.03768451512 0.06267184764
vn -0.2683461308 -0.9340957999 -0.2354896218
v 0.02677403949 0.05937251449 0.06216979772
vn 0.9619514942 0.1278998405 -0.2414351851
v 0.02626439184 0.0603435114 0.06071456149
vn 0.9560106397 0.1592595726 -0.2463331521
v 0.003580305493 0.07649950683 0.06126793846
vn -0.1497072726 0.9410635829 -0.3032936454
v 0.001683830982 0.07625050843 0.06192361936
vn -0.2457141727 0.9220331907 -0.2991310656
v 0.002907517599 0.07699351013 0.06312606484
vn -0.1756752133 0.9440501928 -0.2791189849
v 0.009697480127 0.07842350751 0.07303249091
vn 0.1272106767 0.9912760258 0.03448519111
v 0.01078792568 0.07843351364 0.0711035803
vn 0.1751194447 0.9839729667 0.03362106904
v 0.008828076534 0.0787025094 0.07086056471
vn 0.08773165941 0.9957194924 0.02908416279
v 0.0003242458915 0.04492750764 0.02322870493
vn -0.7356057167 -0.6605820656 0.1500518471
v -0.0007475663442 0.04635550827 0.02282389812
vn -0.862084806 -0.5034300089 0.05803456157
v -0.0001881282369 0.04526150599 0.02135512792
vn -0.8408352137 -0.5374741554 0.06416928768
v 0.0220785439 0.06927551329 0.0601404123
vn 0.7431653142 0.6063295007 -0.2829662263
v 0.02286852151 0.06897051632 0.06173729897
vn 0.7774999738 0.575074017 -0.2545263767
v 0.02338938229 0.06753651798 0.06043130159
vn 0.8115838766 0.518109262 -0.2699897289
v 0.0006608302938 0.06475351006 0.02981202304
vn -0.5989660025 0.768252492 -0.2258934379
v 0.000328051101 0.06389950961 0.02827577293
vn -0.5892337561 0.7167015076 -0.3730181158
v -0.000525532756 0.06368151307 0.02971448936
vn -0.693385303 0.6967660189 -0.1836681068
v -0.001149787335 0.0482545048 0.03700943664
vn -0.7552877665 -0.6531078815 -0.05468561128
v -0.0009259278304 0.04786150903 0.0352880694
vn -0.7318384051 -0.6809288859 0.02735639922
v 0.0001118057917 0.04684951156 0.03610495105
vn -0.6332356334 -0.7738186121 0.01474336535
v 0.01533270441 0.03503250703 0.01681803726
vn 0.2207976282 -0.2267314941 0.9485996366
v 0.01700942032 0.03479050845 0.01618087664
vn 0.4281465113 -0.1874210089 0.8840610385
v 0.01635479368 0.03611050546 0.0167448651
vn 0.36830616 -0.180665791 0.9119815826
v -0.004257721361 0.05505551025 0.03604583815
vn -0.9902722836 -0.1037766337 -0.09268904477
v -0.003986099269 0.05352950469 0.03711672872
vn -0.9612108469 -0.2528319061 -0.1102255881
v -0.004414048046 0.05515751243 0.03792859986
vn -0.9786894321 -0.1029346511 -0.1776836216
v -0.01516382489 0.05687651038 0.0696863234
vn -0.9805942178 -0.004778048489 -0.1959901899
v -0.01551809255 0.05694150925 0.07191553712
vn -0.9851620197 0.01633831486 -0.1708475649
v -0.01532045286 0.0581815131 0.07090368867
vn -0.9857232571 0.06755221635 -0.1542283148
v 0.0148069011 0.04005050659 0.05543357879
vn 0.4034418762 -0.9001316428 -0.1643096209
v 0.013743761 0.03989551216 0.05389541015
vn 0.3685678244 -0.9136072993 -0.1716958284
v 0.01513688546 0.04052851349 0.05385692045
vn 0.4288815558 -0.8825742006 -0.1926742047
v -0.00447421195 0.04324451089 0.05367171392
vn -0.6565986872 -0.7148786783 -0.2404716909
v -0.003278260585 0.04259350896 0.0524918288
vn -0.6083101034 -0.7524439692 -0.2525605857
v -0.003289004322 0.04202150926 0.05441858247
vn -0.5772711039 -0.7848767638 -0.2252255529
v -0.005728892051 0.07159051299 0.05964938551
vn -0.6191024184 0.717574656 -0.3190593123
v -0.006178523879 0.07205250859 0.06174125895
vn -0.6204667091 0.726516068 -0.2952887416
v -0.004583766218 0.07283750921 0.06048594043
vn -0.5556211472 0.7768882513 -0.2961921692
v -0.005507847294 0.02984251268 0.09590803087
vn -0.4951839745 -0.6482291222 0.5784391165
v -0.003804063657 0.02998551726 0.09732098877
vn -0.3585725427 -0.527970612 0.7698523998
v -0.00543586351 0.03125351667 0.09728729725
vn -0.4222705364 -0.4657528102 0.7776643634
v -0.00157851656 0.07290351391 0.05648514628
vn -0.4132665992 0.7843763232 -0.4625629485
v 0.0004037771723 0.07343751192 0.05595346913
vn -0.3091499507 0.8163121343 -0.487914741
v -0.0005313311704 0.07230651379 0.05482690781
vn -0.368601352 0.788836062 -0.4918034971
v 0.02032355405 0.07317350805 0.08437863737
vn 0.5448080897 0.7817573547 0.3033801615
v 0.02117791399 0.07304551452 0.08259475231
vn 0.6136729717 0.7772625685 0.138810575
v 0.01961287297 0.07413451374 0.08297958225
vn 0.5486165881 0.8149952888 0.1865544617
v -0.01156694256 0.0358945094 0.08628170192
vn -0.5705057979 -0.5597468615 -0.6010046601
v 0.02897467837 0.04359151423 0.09246551245
vn 0.8439635038 -0.1733468175 0.5076184273
v 0.02769878507 0.04369851574 0.09416997433
vn 0.7934812903 -0.1127843186 0.5980527997
v 0.02819428034 0.04173751175 0.09296218306
vn 0.8235066533 -0.2221163958 0.5220164061
v 0.01624786668 0.05664851516 0.09828068316
vn 0.1466682106 0.2280187458 0.962546587
v 0.01437469851 0.05591151491 0.09866399318
vn 0.1081656888 0.2079853266 0.9721328616
v 0.0159944389 0.05476751179 0.09869927913
vn 0.1336684376 0.1891537756 0.9728070498
v -0.003492793301 0.07640950382 0.07791531086
vn -0.4394880831 0.8979447484 0.02335483022
v -0.004772122018 0.07569551468 0.07655486465
vn -0.4980328977 0.8669679761 -0.01815965027
v -0.005432864651 0.07525451481 0.07876360416
vn -0.5208307505 0.8531036377 0.0308144372
v 0.02922668867 0.04237551615 0.08912817389
vn 0.9046701193 -0.3337396383 -0.2649337351
v -0.008133071475 0.06926551461 0.0600826107
vn -0.7463369966 0.5851938725 -0.3170634806
v -0.004854788538 0.0274935104 0.09049516171
vn -0.4375704527 -0.8811536431 -0.1791656613
v -0.008217080496 0.04307751358 0.06421415508
vn -0.7051817179 -0.6620104909 -0.2538915277
v -0.009324693121 0.04452551156 0.06383213401
vn -0.7629492283 -0.5968391299 -0.2483776957
v -0.008423627354 0.04376851022 0.06287832558
vn -0.7251520157 -0.6498078704 -0.2278250009
v 0.009386391379 0.04569050297 0.0049432409
vn 0.07744149864 0.867592752 -0.4912082851
v 0.009759554639 0.04470550641 0.003156937426
vn 0.09915949404 0.8442633748 -0.5266752243
v 0.007958321832 0.04500050843 0.003777845064
vn -0.09693684429 0.8591526747 -0.5024538636
v 0.01982290111 0.04357150942 0.05557779968
vn 0.7036472559 -0.6854541302 -0.1871714741
v 0.01907079481 0.04252551123 0.05697495118
vn 0.6327722073 -0.7511043549 -0.1882591844
v 0.01870651543 0.04257550836 0.0553355664
vn 0.6358280182 -0.752378583 -0.1721894145
v -0.001465773559 0.07674051821 0.08287335187
vn -0.3275893629 0.9050140977 0.2713571191
v -0.002205552533 0.07591950893 0.08393872529
vn -0.3344757855 0.8626819253 0.3793491721
v -0.0007793762488 0.07622550428 0.08430960774
vn -0.2836324275 0.8764095902 0.3891772032
v 0.01436596643 0.0267075114 0.09021478891
vn 0.3100496829 -0.84301126 -0.4395466447
v 0.01285341568 0.02588851377 0.09090857953
vn 0.2824515998 -0.9146547914 -0.2891845703
v 0.01288231649 0.02686451562 0.08927060664
vn 0.2296333313 -0.7499542236 -0.6203525066
v -0.01264344342 0.065460518 0.08827112615
vn -0.6379767656 0.5107876062 0.5762652755
v -0.01344341505 0.06628450751 0.086468786
vn -0.7607764006 0.5395314693 0.3607285321
v -0.01457968634 0.06430151314 0.08692628145
vn -0.7937328219 0.4900208414 0.3603717387
v -0.012540197 0.06826451421 0.07554524392
vn -0.8353690505 0.541192472 -0.09627684206
v -0.01206651889 0.06922851503 0.07723338902
vn -0.8035677075 0.5928900242 -0.05253932625
v 0.02196301147 0.06200950965 0.05018867552
vn 0.8493754864 0.3694290817 -0.3769395649
v 0.02341531962 0.06287651509 0.09223470837
vn 0.4479465485 0.4402412176 0.7781590819
v -0.003190340241 0.0581625104 0.02787549607
vn -0.9229129553 0.2828276157 -0.261228323
v -0.003107323544 0.05950650945 0.02937119827
vn -0.9257478118 0.3391571343 -0.1672227234
v -0.002290946664 0.05994750559 0.02746894583
vn -0.8327524066 0.4312181175 -0.347238183
v 0.009997642599 0.03758150712 -0.0001828893292
vn 0.1030041426 -0.06969486177 -0.9922362566
v 0.01180268638 0.03646550328 0.0002569571661
vn 0.3112371862 -0.2279587388 -0.9225866795
v 0.009943510406 0.0355255045 0.0001424566435
vn 0.1049842834 -0.3494293094 -0.9310625196
v 0.01361269504 0.03045850992 0.01582177728
vn -0.005518887192 -0.2844597399 0.9586721063
v 0.01466478221 0.03197450563 0.01618888229
vn 0.1167806536 -0.252686888 0.9604746699
v -0.001224203035 0.03929851204 0.05991122872
vn -0.4205735922 -0.8668853641 -0.2676332891
v -0.002557826694 0.04043750837 0.05849990621
vn -0.4930575192 -0.8357602954 -0.2416588664
v -0.0006789785111 0.03956450894 0.05809677765
vn -0.4051786959 -0.8846210241 -0.2308155745
v 0.002735216403 0.02929950878 0.01418469939
vn -0.2768314183 -0.4084546566 0.8697868586
v 0.004238604568 0.03045450896 0.0149024073
vn -0.1274790615 -0.3057889044 0.9435265064
v 0.002346306806 0.03113950975 0.01487883087
vn -0.2337141633 -0.3570384383 0.9043789506
v -0.010282089 0.05860351026 0.05441898853
vn -0.9116370678 0.1199108288 -0.3931147754
v -0.009521271102 0.0595385097 0.05300112441
vn -0.9047778845 0.1901892871 -0.3810578287
v -0.01351875626 0.05873051286 0.06361591816
vn -0.9621009827 0.05940751359 -0.2661435902
v -0.01381967776 0.05993450806 0.06513252854
vn -0.9586853385 0.116270408 -0.2596220672
v -0.01333292387 0.06046251208 0.06365328282
vn -0.9463378787 0.1679984629 -0.2760816813
v 0.01621344872 0.07075051218 0.05365352705
vn 0.4711478651 0.768987596 -0.4320622087
v 0.01639471017 0.07159350812 0.05531968176
vn 0.4672841132 0.7570263743 -0.4566800296
v 0.0177380126 0.07039551437 0.05480621383
vn 0.5435237288 0.7127059698 -0.4434321821
v 0.01438806951 0.03958451375 0.05700420216
vn 0.3784031868 -0.9094638824 -0.1722974926
v 0.01295579225 0.0393105112 0.05572758988
vn 0.3159148395 -0.9345325232 -0.1638500094
v 0.01764616184 0.07448850572 0.06379831582
vn 0.4982421696 0.824480474 -0.2683034241
v 0.01610967517 0.07542951405 0.0641380921
vn 0.4266073108 0.8636525869 -0.2685338557
v 0.01722224429 0.0752075091 0.06560590863
vn 0.4912611246 0.8443202972 -0.2139760405
v 0.02589488588 0.06793851405 0.08244160563
vn 0.8382194638 0.5428119302 0.05237635225
v 0.02648171969 0.06713350862 0.08066859096
vn 0.86588943 0.4995586574 0.02601168677
v 0.02534388751 0.06889051199 0.08099596202
vn 0.8059743047 0.5909089446 0.03510079905
v -0.003284131875 0.03855651617 0.099119775
vn -0.1216960177 -0.04488678277 0.9915519357
v -0.001609034371 0.03862651438 0.09929203242
vn -0.08637896925 -0.03096127883 0.9957811236
v -0.00274434872 0.04007951543 0.09922324866
vn -0.09736257046 -0.01880115457 0.9950713515
v 0.004643114284 0.03825451434 0.09959951043
vn -0.03386282548 0.01369426865 0.9993326664
v -0.0124083953 0.04039051384 0.08220662177
vn -0.7275447249 -0.5609996319 -0.3949153423
v -0.008225549944 0.03061951324 0.0883789286
vn -0.4596067667 -0.6767320037 -0.5751481652
v -0.007509049494 0.02934851497 0.08966612071
vn -0.5252240896 -0.7835488915 -0.3319499195
v -0.009194453247 0.03036451153 0.0900888592
vn -0.6078029871 -0.7758546472 -0.1691894382
v 0.01748242415 0.07317050546 0.05956726521
vn 0.5224488974 0.7929172516 -0.3135752082
v 0.01891169697 0.07206051052 0.05952500924
vn 0.5893448591 0.7375230789 -0.3297457695
v 0.01775260828 0.0723035112 0.05807161331
vn 0.5419341326 0.7526968122 -0.3738380373
v -0.01222505979 0.06902851164 0.08299133182
vn -0.7723956704 0.6179810166 0.1466436982
v -0.01319519989 0.06751151383 0.0834184885
vn -0.8095467687 0.5693089962 0.143252641
v -0.01228793245 0.06827650964 0.08465714753
vn -0.7535531521 0.6281089783 0.1940021515
v 0.02881248854 0.04348250851 0.08751510084
vn 0.8505763412 -0.3378782272 -0.4029369652
v 0.02949618921 0.04565551504 0.08733032644
vn 0.9017505646 -0.2625870109 -0.3433569968
v -0.01525607519 0.0514675118 0.09284665436
vn -0.7654380202 0.1722547561 0.6200265288
v -0.01507228706 0.04918751493 0.0936473906
vn -0.7509660125 0.1039380059 0.652109623
v -0.01646022871 0.05144251138 0.07920163125
vn -0.966537118 -0.1717406809 -0.190554902
v -0.01642556116 0.05312150717 0.07789304852
vn -0.977676034 -0.1043154225 -0.1823948175
v -0.01598117687 0.05150350928 0.07698067278
vn -0.9653886557 -0.1830794811 -0.1857595593
v 0.008637947962 0.07702450454 0.06244918332
vn 0.09419689327 0.9526417851 -0.2891376317
v 0.008388590068 0.07757051289 0.06418468803
vn 0.08340065181 0.9619680643 -0.2601188719
v 0.01028733607 0.07712751627 0.06352107972
vn 0.1553332657 0.9481220245 -0.2773738205
v 0.007880730554 0.05386950821 0.01554704364
vn -0.0373073332 0.6360894442 -0.7707129121
v 0.008655576967 0.05515050888 0.01673717797
vn 0.04899427295 0.6408617496 -0.7660912275
v 0.009869097732 0.05416451022 0.01603917032
vn 0.1262488216 0.6468077302 -0.7521309853
v 0.02637375519 0.06704550982 0.08409490436
vn 0.8338201046 0.533947885 0.1401558965
v 0.02536087297 0.06776151061 0.08568626642
vn 0.7704032063 0.5908127427 0.2396230549
v 0.02646692283 0.06610950828 0.08593815565
vn 0.8165649176 0.5405133963 0.2026499063
v 0.009151833132 0.07137151062 0.04968228564
vn 0.106471628 0.914470911 -0.3903929889
v 0.009335646406 0.07211650908 0.05136153474
vn 0.1216350868 0.9025571942 -0.4130320251
v 0.01086920593 0.07150150836 0.05072648823
vn 0.2023031563 0.8907222748 -0.4070470333
v -0.001052817795 0.04953751341 0.09917794168
vn -0.03928938508 0.02203302272 0.9989849329
v -0.001439534361 0.05108951032 0.09913372248
vn -0.07808627933 0.05829781666 0.9952406287
v -0.002849371405 0.05001851916 0.09907557815
vn -0.1285323948 0.06714087725 0.9894298911
v -0.007983704098 0.04739351198 0.05409521982
vn -0.8244376183 -0.4837050438 -0.293823123
v -0.008755997755 0.04780350998 0.05561475828
vn -0.8449037075 -0.4537877142 -0.2832215726
v -0.008907431737 0.04900851101 0.05439388007
vn -0.8730700016 -0.3828515112 -0.301949501
v -0.005081705283 0.0448465161 0.0989593491
vn -0.1660961658 0.01973553374 0.985912025
v 0.001481624669 0.04102950543 0.0183133278
vn -0.6597107053 -0.4099295139 0.6298726797
v 0.0006012198864 0.03988050669 0.01702053845
vn -0.6519266963 -0.241192624 0.7189003825
v 0.002166665858 0.03928050771 0.01791347004
vn -0.4821866155 -0.4155645072 0.7712342143
v 0.009607895277 0.03843951225 0.05596050248
vn 0.1327948719 -0.9791684747 -0.1536053121
v 0.01110977773 0.03887550905 0.05490513146
vn 0.2243115753 -0.9613444209 -0.1596910506
v 0.01127347443 0.03857351094 0.05690988153
vn 0.2303679436 -0.958533287 -0.1677634865
v 0.01990985684 0.07442551851 0.07803183049
vn 0.5881078839 0.8084845543 0.02195093408
v 0.01886996627 0.07509951293 0.07666255534
vn 0.53904742 0.8420826793 -0.01801779121
v 0.01842398755 0.07540950924 0.07855944335
vn 0.5275577903 0.848503828 0.04152080789
v -0.01351724844 0.0564735122 0.06339583546
vn -0.9638102651 -0.01898488961 -0.2659123242
v -0.0134606082 0.05431051552 0.06384703517
vn -0.956184566 -0.1274240166 -0.2635796368
v -0.009712855332 0.0698235184 0.06509061903
vn -0.764312923 0.5932852626 -0.2526625097
v -0.008321080357 0.07150050998 0.06544331461
vn -0.6925880313 0.6757368445 -0.2523916662
v -0.008596981876 0.07050950825 0.06364785135
vn -0.7156873941 0.6393451691 -0.281121552
v 0.01422450971 0.03760651127 0.06531246006
vn 0.3390934765 -0.9134312868 -0.2250754237
v 0.01580549218 0.03854351118 0.06428480148
vn 0.4341011643 -0.8765844107 -0.2077400684
v 0.01598301902 0.03812051192 0.06611892581
vn 0.437948972 -0.8748685718 -0.2068953812
v 0.02891987376 0.05533651263 0.07290926576
vn 0.9910957813 -0.04506308958 -0.1252934337
v 0.02856562845 0.05513250828 0.07068288326
vn 0.9848912954 -0.07438032329 -0.1563865691
v 0.02870636806 0.05685951188 0.07136707753
vn 0.9916934967 0.006753840018 -0.1284459978
v 0.02963472717 0.05677651614 0.08063414693
vn 0.9956642389 0.05281770229 -0.07657007128
v 0.02978738211 0.05695151538 0.08269856125
vn 0.9928985834 0.08730110526 -0.08081381768
v 0.02977939695 0.05504051223 0.08181877434
vn 0.995519042 -0.00346813444 -0.09449768066
v 0.02860318683 0.05395951495 0.07186885178
vn 0.9796442986 -0.1345416158 -0.1489818096
v 0.005048836116 0.07285352051 0.05292418599
vn -0.1079101264 0.8848320842 -0.4532412291
v 0.00323187164 0.07288150489 0.05359558761
vn -0.1994674504 0.8612453938 -0.4674067497
v 0.004446352366 0.07373150438 0.05468665808
vn -0.133503288 0.8561260104 -0.499224484
v -0.00515186321 0.07116150856 0.05772394687
vn -0.5913284421 0.7043637037 -0.392686218
v -0.006696572527 0.07025951147 0.0588028729
vn -0.6790046692 0.6492376328 -0.3426997364
v -0.003388703335 0.05179750919 0.03679292277
vn -0.9232783318 -0.3762546778 -0.07739216834
v -0.002983850893 0.0508685112 0.03516278416
vn -0.903583467 -0.4284051061 -0.002448604908
v -0.002463779412 0.05002050847 0.03686952218
vn -0.8434008956 -0.5336952806 -0.06200218573
v 0.004296500701 0.0355925113 0.0687777549
vn -0.1055963188 -0.9664293528 -0.2342300117
v 0.002442636527 0.03585550934 0.06897661835
vn -0.2033059597 -0.9464601874 -0.2507584691
v 0.003331390908 0.03608750924 0.06709383428
vn -0.1535858214 -0.9621303082 -0.2252035141
v -0.00311927381 0.07462652028 0.06284127384
vn -0.4639953375 0.8340522647 -0.2984378338
v -0.003172019264 0.07514351606 0.06459149718
vn -0.4558945894 0.8502388597 -0.2631615698
v -0.001664739219 0.07564650476 0.06370040029
vn -0.4073575735 0.8728990555 -0.2685275972
v 0.02430491894 0.04693251476 0.06236567348
vn 0.8450549841 -0.4878879786 -0.2187405825
v 0.02527274378 0.04796050861 0.06402865797
vn 0.8766771555 -0.4376412332 -0.1997680664
v -0.01065045595 0.0674945116 0.06333361566
vn -0.8252378106 0.4838104546 -0.2913932204
v -0.01095606573 0.06619951129 0.06223254651
vn -0.8479882479 0.4355392158 -0.3020290434
v 0.01840485819 0.02862851508 0.0933644101
vn 0.5253890157 -0.7866299152 0.3243142962
v 0.01712418906 0.02755251341 0.09271734208
vn 0.4497667849 -0.8763350248 0.1724723876
v 0.01836973242 0.02807151526 0.09184332937
vn 0.4848243892 -0.8743669987 -0.02067997679
v -0.003806580789 0.05243350565 0.03813044354
vn -0.9185532928 -0.3304825723 -0.2168897092
v -0.003271285677 0.05082650483 0.03851192817
vn -0.8595682979 -0.4459696412 -0.2495064586
v -0.01166388392 0.05714851618 0.09419199824
vn -0.5683729053 0.3502072394 0.7445181012
v -0.0118986275 0.05869851634 0.09312536567
vn -0.6035277247 0.3971129358 0.6914156675
v -0.01317668427 0.0568055138 0.09295866638
vn -0.6562053561 0.343452841 0.6718888879
v 0.01377106272 0.06456352025 0.09547754377
vn 0.1768697947 0.5058537126 0.8442920446
v 0.01547302399 0.06365051121 0.09559568018
vn 0.2150487453 0.4734786451 0.854149878
v 0.0154235689 0.06532651186 0.09449435025
vn 0.2435930818 0.5757761598 0.7804769278
v -0.009485459886 0.04838751256 0.05702268705
vn -0.8645067811 -0.409697473 -0.2911631465
v -0.009419984184 0.04916751385 0.05580821261
vn -0.8796950579 -0.375634104 -0.2916087806
v 0.02519948035 0.06899551302 0.07616922259
vn 0.8206152916 0.5699319839 -0.04204924032
v 0.02612160333 0.06750251353 0.07530217618
vn 0.8627105355 0.5035017729 -0.04708026722
v 0.0251380112 0.06891550869 0.07418897003
vn 0.8212648034 0.5699202418 -0.02674041502
v -0.01670669019 0.0558415167 0.08985041827
vn -0.7828473449 0.2420330942 0.5732102394
v -0.0164199695 0.05402951688 0.0907427147
vn -0.7335773706 0.2059023231 0.6476638317
v -0.001969785197 0.07602550834 0.06554306298
vn -0.4004707038 0.8783249259 -0.2610911429
v -0.01083032228 0.03697251529 0.0843417123
vn -0.5972781777 -0.6035830379 -0.5281537175
v -0.01242054813 0.03792251274 0.08514191955
vn -0.6443722248 -0.5529552102 -0.5282281041
v 0.006938586012 0.02901650593 0.01480246894
vn -0.09848019481 -0.2658427954 0.9589730501
v 0.004863435868 0.02855950408 0.01439043041
vn -0.191834867 -0.3507907093 0.9165943861
v -0.01274166722 0.06838750839 0.07933658361
vn -0.824437499 0.5652943254 -0.0272961203
v 0.01979613677 0.04718150944 0.04800847918
vn 0.7698586583 -0.5408742428 -0.3387811184
v 0.02032903396 0.0489905104 0.04673091695
vn 0.8383393288 -0.4484387934 -0.3099836111
v 0.02101442404 0.04911050946 0.04834324121
vn 0.8476387262 -0.4144931436 -0.3312159479
v -0.006518845446 0.04077950865 0.06622926891
vn -0.6188015938 -0.7506856918 -0.2314206809
v -0.005917320959 0.03987251222 0.06768963486
vn -0.5806378126 -0.7791506052 -0.2361864746
v -0.007415572181 0.04099950939 0.06787662953
vn -0.6358938813 -0.7310461402 -0.2474075258
v -0.00849787239 0.04496951774 0.09808528423
vn -0.2903803587 0.0290816091 0.9564692974
v -0.009939386509 0.04595451429 0.09760682285
vn -0.3226166368 0.03786242381 0.945772171
v -0.01460519247 0.03688551486 0.09072162211
vn -0.8525522947 -0.4749720693 0.2180736363
v -0.01373144519 0.03677650914 0.0922973603
vn -0.7968754172 -0.4142420888 0.4397647977
v -0.01478898618 0.03838651627 0.09179698676
vn -0.824308157 -0.3479207754 0.4466175139
v 0.008569451049 0.04989250749 0.01131708454
vn 0.05958670378 0.8705807328 -0.4884041548
v 0.007736997679 0.05076351017 0.01286958251
vn -0.008677846752 0.8111557961 -0.5847657323
v 0.009741248563 0.05060150847 0.01274989918
vn 0.1009072438 0.8110286593 -0.5762379766
v 0.01009193528 0.04137550667 0.0001325146004
vn 0.1459382176 0.3740418553 -0.9158573747
v 0.01177707873 0.04235550389 0.001153601683
vn 0.3228733838 0.5393628478 -0.7777149081
v 0.01192665845 0.04040950909 0.000289203279
vn 0.3300652504 0.2388780415 -0.9132328629
v -0.00416967459 0.07240051031 0.05876106396
vn -0.5444267392 0.7623705268 -0.3498437703
v -0.002486036858 0.0732665211 0.05821418762
vn -0.4650335014 0.8065769672 -0.3649348915
v -0.003409805708 0.07204850763 0.05698996037
vn -0.5128855705 0.7421022654 -0.4315467775
v 0.01118675806 0.05206451192 0.09954574704
vn -0.01877200417 0.03470762074 0.9992212057
v 0.01774263568 0.03646450862 0.01606982201
vn 0.5606510043 -0.1266270131 0.818312943
v 0.01956124045 0.05213150755 0.03258448467
vn 0.9516167641 -0.3007332683 0.06312692165
v 0.02007660456 0.05398350954 0.03173257411
vn 0.9880623817 -0.1415730417 0.0607441701
v 0.01995826699 0.05376550928 0.0334405303
vn 0.9857000113 -0.1661826968 0.02790732123
v 0.02324413508 0.04531450942 0.0621653609
vn 0.7992646098 -0.5611608624 -0.2151151747
v 0.01263585687 0.03549151123 0.07198714465
vn 0.2740330398 -0.9161014557 -0.2926840484
v 0.01068377122 0.03510651365 0.07157529891
vn 0.183119148 -0.9395319223 -0.2893909216
v 0.01185268722 0.03571451083 0.07024941593
vn 0.2344764918 -0.9409086108 -0.2443598807
v 0.01480206195 0.02745551243 0.09555377066
vn 0.3640414476 -0.8245300651 0.4331558943
v 0.01421749312 0.02831251547 0.096996665
vn 0.3110614419 -0.7143540978 0.6268484592
v 0.0006946257781 0.02594051138 0.09427070618
vn -0.2275151163 -0.9218642116 0.313692838
v 0.002673099749 0.0255735144 0.09455436468
vn -0.154704392 -0.925355196 0.346098721
v 0.001336205634 0.02638851292 0.09575945139
vn -0.1939540356 -0.8537920117 0.4831366241
v 0.01888495125 0.04077950865 0.06241878495
vn 0.5835365057 -0.7848879695 -0.2084130645
v 0.006917345338 0.04311550781 0.02928817831
vn -0.1032171175 -0.9701239467 0.2195581347
v 0.005460299086 0.04360350966 0.0301439669
vn -0.2215830833 -0.9539462328 0.2022065073
v 0.005199718755 0.04319050908 0.02831000648
vn -0.2564629912 -0.9444828629 0.2053750306
v 0.01276669092 0.02872950956 0.01525057573
vn -0.03523008898 -0.3090663552 0.9503877163
v -0.005619046744 0.05161551014 0.04426817596
vn -0.889980197 -0.2947393358 -0.3479424715
v -0.00522892829 0.05200050771 0.04298174009
vn -0.899038136 -0.2858846188 -0.3316631019
v -0.004917834885 0.05041050911 0.04368776456
vn -0.8489323258 -0.3895094991 -0.357206136
v 0.01201604493 0.02691350505 0.0145825753
vn -0.01854989864 -0.3953384459 0.9183481932
v 0.01050711703 0.02859350853 0.01499433629
vn -0.08731747419 -0.2777165174 0.9566865563
v 0.009978058748 0.02659050748 0.01431288756
vn -0.07040990889 -0.3788370192 0.9227811098
v 0.004904591013 0.04208751395 0.09953138977
vn -0.0341864787 0.02006747946 0.9992139935
v -0.01486989949 0.05172650889 0.07118822634
vn -0.9531249404 -0.2183900774 -0.2094245851
v -0.01534610242 0.05335050821 0.07218255848
vn -0.9703427553 -0.1380126476 -0.1984626651
v -0.01494522858 0.05337250978 0.07020007819
vn -0.9669293761 -0.1514497399 -0.2052085698
v -0.0003015179827 0.03768751398 0.06439131498
vn -0.3485408127 -0.9083707333 -0.2310452163
v -0.001006793464 0.03838551044 0.06277531385
vn -0.3846448362 -0.8966161013 -0.219380796
v 0.02213757485 0.07123951614 0.06544551253
vn 0.7153500319 0.6634321213 -0.2193904966
v 0.0229352545 0.06968250871 0.06368070096
vn 0.7630435228 0.6011897326 -0.2373510748
v 0.0213462878 0.0713815093 0.06353539973
vn 0.6944609284 0.6759376526 -0.2466421723
v 0.01036165934 0.07657650858 0.06178360805
vn 0.1559861004 0.9472776055 -0.2798812091
v 0.02393518947 0.06776650995 0.06261520088
vn 0.8194067478 0.5193421245 -0.2426032871
v 0.02459797077 0.06614251435 0.06151917204
vn 0.8553388119 0.4491097331 -0.2582556307
v 0.0002544449817 0.05107051507 0.09919254482
vn -0.03971899673 0.02882378176 0.9987950921
v -0.0009942087345 0.05292451754 0.09904385358
vn -0.1256827563 0.1365952641 0.982621789
v 0.02922548167 0.06052951515 0.08371197432
vn 0.9677811861 0.251049906 -0.01932675764
v 0.02885517105 0.06158051267 0.08236655593
vn 0.9604321122 0.2766973972 -0.03176060691
v 0.0287889652 0.0619835183 0.08386617154
vn 0.94943434 0.3134848475 0.01736976951
v 0.007014818955 0.0768135041 0.06157529727
vn 0.001864039223 0.9588748217 -0.2838232517
v 0.007016507909 0.07734050602 0.06307923794
vn 0.006533192936 0.9556497931 -0.2944330871
v 0.02186016552 0.06101151556 0.0944109112
vn 0.468341291 0.4641706049 0.7517992258
v 0.02353830077 0.05940451473 0.0942010507
vn 0.5293186307 0.4188096523 0.7378484011
v 0.01921489649 0.03903250396 0.01506147161
vn 0.7918118834 0.006990655791 0.6107250452
v 0.02012457326 0.03881950676 0.01359164808
vn 0.9123802185 0.09718330204 0.3976402879
v 0.01946916617 0.04059951007 0.0143837519
vn 0.8919919729 0.1845712513 0.4126545787
v 0.02625040337 0.04575351253 0.07355155796
vn 0.8623648286 -0.4633661807 -0.2040066123
v 0.02533654496 0.04506551102 0.07148017734
vn 0.8294039369 -0.5207203031 -0.2023350596
v 0.02653862722 0.04709751159 0.07199648768
vn 0.8850368857 -0.4272020459 -0.1849544197
v 0.004126587883 0.025078509 0.01205793116
vn -0.4117845893 -0.7430770993 0.5275129676
v 0.005443368573 0.02402150445 0.01109029446
vn -0.3097802997 -0.9253929853 0.2183666229
v 0.005923307501 0.02484850772 0.01274162903
vn -0.2621877491 -0.6988689899 0.6654620171
v 0.01161663886 0.03477551043 0.09964447469
vn 0.02738683298 -0.08077012002 0.9963564277
v 0.0111321304 0.03347451612 0.09953387082
vn 0.04312292859 -0.1519939899 0.9874402285
v 0.01283441484 0.03390951827 0.09949593246
vn 0.09178649634 -0.1575949043 0.9832289219
v 0.002149500651 0.04452450946 0.04083823413
vn -0.4063077569 -0.863725841 -0.2981470823
v 0.0008524669684 0.04482451081 0.04210671782
vn -0.4854245782 -0.8207515478 -0.3012140691
v 0.0005759645137 0.04560251161 0.04027021304
vn -0.5211008191 -0.7924703956 -0.3169300854
v 0.02591745183 0.04987350851 0.06328622252
vn 0.9173443317 -0.3396044672 -0.2077215016
v 0.008328809403 0.03881850466 -0.0002748771803
vn 0.001871016342 0.02034883946 -0.9997912049
v 0.01012920961 0.03950950876 -0.0001093550818
vn 0.115470618 0.08287318051 -0.9898477793
v 0.01240868121 0.03761451319 0.06237479672
vn 0.2562756538 -0.9434851408 -0.2101393491
v 0.01062493864 0.03699051216 0.06345056742
vn 0.1826506108 -0.9604741335 -0.2100672126
v 0.02274438366 0.05426850915 0.04910670966
vn 0.9346562624 -0.09992011636 -0.3412238061
v 0.02219107375 0.05453450978 0.04725975543
vn 0.9530271292 -0.08773753047 -0.2898989916
v 0.02260749228 0.05617151037 0.04848567396
vn 0.9482920766 0.02682353929 -0.3162634969
v 0.02141866647 0.0636415109 0.05074642971
vn 0.8074135184 0.4554243982 -0.3750627339
v 0.02194076963 0.06405351311 0.05245223641
vn 0.8155254722 0.4600336552 -0.3511227965
v 0.02254725248 0.06243750826 0.05189159885
vn 0.8622828722 0.3700858355 -0.3456945717
v 0.02269585431 0.05242751166 0.04979545251
vn 0.908308506 -0.195443213 -0.3698345721
v 0.02211503871 0.05257850885 0.0480216071
vn 0.9300314784 -0.2043649852 -0.3054119349
v -0.0008829204598 0.04659650847 0.02116131224
vn -0.9213840365 -0.3854451478 -0.04983453825
v 0.01022740174 0.03476051614 0.09965708107
vn 0.002096484881 -0.06844422221 0.9976527691
v 0.005396411289 0.04659551382 0.09945712984
vn -0.03415047377 0.02014483884 0.9992136359
v -0.008199757896 0.04402051121 0.06147914752
vn -0.7206419706 -0.6370625496 -0.2735442519
v -0.007107473444 0.04254651442 0.06248599663
vn -0.6704443693 -0.7002418637 -0.2452869117
v 0.006667387206 0.04765451327 0.09947951138
vn -0.03425318748 0.02023870684 0.9992082715
v 0.007140135858 0.04914351553 0.0994656235
vn -0.03424166515 0.02009883709 0.9992114902
v 0.001427261159 0.05762451142 0.09828002751
vn -0.1054620966 0.2376180887 0.9656165838
v -0.0003162326466 0.05818751827 0.09794234484
vn -0.1278614104 0.2396997064 0.962390542
v -8.894253551e-05 0.05640451238 0.09837735444
vn -0.1373004317 0.2309778035 0.9632226229
v 0.02081123926 0.03516550362 0.008396051824
vn 0.9537605047 -0.02878832631 -0.2991858721
v 0.02065674774 0.03347951174 0.00840778742
vn 0.931643188 -0.1341768205 -0.3376944363
v 0.01994933374 0.03444750607 0.006883765571
vn 0.7786056399 -0.1226948723 -0.6154016852
v 0.0230261758 0.07168151438 0.07672739774
vn 0.7189943194 0.6945340633 -0.02587585524
v 0.0214136932 0.07322750986 0.077446796
vn 0.6523816586 0.7578669786 -0.005985961296
v 0.02242301591 0.07233650982 0.0788320452
vn 0.6885268092 0.7249262929 0.0203152746
v 0.01275939308 0.03155050799 0.00335940253
vn 0.3247566521 -0.4967369735 -0.804851234
v 0.01082778629 0.03168650717 0.002670098795
vn 0.1830279827 -0.5468288064 -0.8169938922
v 0.01217432506 0.03310350701 0.002149738371
vn 0.2989933789 -0.5054440498 -0.8094005585
v 0.01146050077 0.04607951641 0.09967516363
vn -0.03420162946 0.02017992362 0.9992111921
v 0.01235441584 0.04813751578 0.09966365248
vn -0.03415122628 0.02019554935 0.9992126226
v 0.01032945793 0.04795351624 0.09959853441
vn -0.03404314071 0.02011979744 0.9992178082
v -0.00310974312 0.0739685148 0.06109658256
vn -0.4769897163 0.8281536102 -0.2943508625
v -0.004594228696 0.07344551384 0.0622285977
vn -0.5416164994 0.7836736441 -0.3041500151
v 0.02815020829 0.06249951199 0.07405867428
vn 0.9592980146 0.2755614519 -0.06175087392
v 0.02802676149 0.06271651387 0.0721353367
vn 0.959688127 0.2748903334 -0.05860050023
v 0.0275573805 0.06423751265 0.07334002852
vn 0.9366471171 0.3475711644 -0.04343352094
v 0.0305356998 0.0518085137 0.08750888705
vn 0.9895623326 -0.01860870048 -0.1428990364
v 0.01807277091 0.04248550907 0.007219935767
vn 0.7249872684 0.4549086392 -0.517157197
v 0.01871153153 0.04044450819 0.006622381043
vn 0.750500083 0.3285047114 -0.5734407306
v 0.01723860018 0.04138050973 0.005481458735
vn 0.6633865237 0.3878407776 -0.6399201751
v 0.01450071763 0.04526751116 0.0313411057
vn 0.5110589862 -0.842325747 0.1711901575
v 0.01587788761 0.04604250565 0.03030448966
vn 0.630523622 -0.7557371855 0.1769217998
v 0.01591834985 0.04648050666 0.03222598881
vn 0.6509377956 -0.749907434 0.1179782525
v 0.004431550857 0.05734450743 0.01918648183
vn -0.2672937512 0.6139913201 -0.7426767349
v 0.006340830587 0.05817651004 0.01938674226
vn -0.1448364258 0.6494143605 -0.7465141416
v 0.006004534196 0.05670250952 0.01824660413
vn -0.1732175052 0.6279079914 -0.7587669492
v -0.01195740234 0.06430350989 0.06263561547
vn -0.8921298385 0.3400822878 -0.2974027991
v -0.01185355335 0.06287851185 0.06097118929
vn -0.9062432647 0.2929771841 -0.3047744632
v -0.01270016003 0.06200951338 0.06276234984
vn -0.9243177772 0.2496001124 -0.2886805534
v 0.01582972147 0.05299151316 0.09903985262
vn 0.1449306458 0.1753637344 0.9737775326
v 0.01590501703 0.05130751431 0.09932559729
vn 0.1548921317 0.1431638896 0.9775032401
v 0.01706638187 0.05218151584 0.09898301959
vn 0.1606631279 0.1529323608 0.975089252
v -0.01001840085 0.0707745105 0.06858923286
vn -0.7619059086 0.6248357296 -0.1705277115
v -0.009251480922 0.07177851349 0.06948392093
vn -0.7181189656 0.6867409945 -0.1126584038
v -0.001452448894 0.03241251037 0.01193451043
vn -0.9071826339 -0.2468897551 0.3406833112
v -0.002086953493 0.03407450765 0.01117642038
vn -0.9453569055 -0.178521961 0.272819072
v -0.001953388331 0.03212350607 0.00984320417
vn -0.9492816329 -0.2714131176 0.1587430239
v 0.01905412041 0.04324051365 0.05388758704
vn 0.6726877093 -0.7125843763 -0.1992855668
v 0.03056226484 0.04821451753 0.08989618719
vn 0.9935957789 -0.07433238626 0.08510034531
v 0.03024934418 0.04781951755 0.08798339963
vn 0.9551551342 -0.1690178066 -0.2431289852
v 0.0307188984 0.04988451302 0.08879588544
vn 0.9974855185 -0.05010933056 -0.05011629313
v 0.01664411277 0.04402551055 0.02016972937
vn 0.8528288603 -0.4933613837 0.1711067706
v 0.01609200984 0.04276450723 0.01931339502
vn 0.7969861627 -0.4860180616 0.3586077392
v 0.01687765867 0.04352350906 0.01825258508
vn 0.8897996545 -0.2547659576 0.3786171079
v -0.01397497952 0.06626451015 0.08380910009
vn -0.8355275989 0.531691134 0.1385574639
v -0.01404877752 0.06646050513 0.0822777003
vn -0.8600018024 0.5098189712 0.02194413356
v -0.01478064805 0.06504551321 0.08328731358
vn -0.8822917342 0.4657950401 0.0677954331
v -0.0142704593 0.06540551037 0.08501973003
vn -0.8489643931 0.5054540634 0.1541934013
v 0.01806893013 0.04832351208 0.03010612912
vn 0.8167219758 -0.5623389482 0.1293838322
v 0.01891970821 0.04955650866 0.02913058735
vn 0.8982308507 -0.4367967248 0.04888695851
v 0.01875924505 0.04964150488 0.03060697205
vn 0.8783142567 -0.463976115 0.1152833477
v 0.01502333675 0.06063350663 0.02382856049
vn 0.4715851247 0.5680124164 -0.6745141745
v 0.01639976166 0.05960550532 0.02413269877
vn 0.5921455622 0.4979055524 -0.6336037517
v 0.01512932125 0.05894650519 0.02236532234
vn 0.5109247565 0.5569597483 -0.6547913551
v 0.02401248552 0.07036051154 0.07321800292
vn 0.7849033475 0.6196178794 0.0006498912699
v 0.02296479233 0.07163651288 0.07451001555
vn 0.7311865091 0.6820793152 -0.01157746557
v 0.02417117916 0.07032451034 0.07531064749
vn 0.7754333615 0.6301746368 -0.0397866331
v -0.002502735704 0.03596150503 0.01048883889
vn -0.9774423242 -0.06204940379 0.2018821239
v -0.002756838221 0.03595750779 0.008553038351
vn -0.999599576 -0.02006449178 0.01995140873
v -0.002521598944 0.03418150917 0.009253473021
vn -0.9789399505 -0.1609462947 0.1255902648
v 0.02131235041 0.06552150846 0.05315720662
vn 0.7703273892 0.5264941454 -0.3597216606
v 0.02206850424 0.06559751183 0.05480696261
vn 0.7757903934 0.4929941297 -0.3938350379
v 0.02234583348 0.06443151087 0.05383486301
vn 0.8132485151 0.4561462402 -0.3613273203
v 0.02659134567 0.04245751351 0.08378814906
vn 0.8091341853 -0.4866568148 -0.3293433189
v 0.02704392001 0.04173650965 0.08553761244
vn 0.7964893579 -0.459515661 -0.3930013776
v 0.02584430762 0.04061151668 0.08448006958
vn 0.7561563253 -0.5188328624 -0.3987982571
v -0.009686825797 0.06632851809 0.09006204456
vn -0.4593716264 0.4870685935 0.7427933216
v -0.009833883494 0.06467151642 0.09094053507
vn -0.4551524222 0.4685570598 0.7571595311
v -0.008335586637 0.06591851264 0.09098669142
vn -0.4041724503 0.48177284 0.7775214314
v 0.003275186755 0.05321651697 0.09925164282
vn -0.03617475554 0.0305655133 0.9988779426
v 0.005294386297 0.05376851559 0.09930957109
vn -0.03331970796 0.04101277515 0.9986029267
v 0.004152576905 0.05531951785 0.09919654578
vn -0.05351384357 0.1748547256 0.9831389189
v -0.0003517524456 0.02854851261 0.08725892007
vn -0.1657701433 -0.6807433963 -0.7135185003
v 0.0009880014695 0.02955051512 0.0858528167
vn -0.1539527029 -0.7579122782 -0.6339302063
v 0.001706925686 0.02816151269 0.08727417141
vn -0.0983241722 -0.6945601106 -0.7126840949
v -0.007846112363 0.04631150886 0.05575088039
vn -0.7923915982 -0.5460567474 -0.2719147205
v 0.01915765181 0.06998150796 0.05601335689
vn 0.6075421572 0.6650967002 -0.4342107177
v 0.01786402054 0.07134951651 0.0564494729
vn 0.536663413 0.7251616716 -0.4314312935
v 0.0194531884 0.0708745122 0.05787852034
vn 0.6142321825 0.6967173219 -0.3705452681
v -0.01521154307 0.05149751529 0.0731357038
vn -0.954667747 -0.2115727216 -0.2093954235
v -0.01449378859 0.04976351559 0.07195349783
vn -0.9244920611 -0.3035131991 -0.2306386679
v -0.000265035982 0.05643850937 0.0217907615
vn -0.678839922 0.4235077798 -0.5998479128
v 0.0005837792414 0.0582055077 0.02222097293
vn -0.5564680696 0.5008512139 -0.6629414558
v 0.00144007802 0.05709451437 0.02076133899
vn -0.5259196758 0.533960402 -0.6620383263
v 0.01577542536 0.07606051117 0.06583967805
vn 0.4160931408 0.8810287714 -0.2250660956
v 0.01522990596 0.07662451267 0.06719385833
vn 0.3849802315 0.9005860686 -0.2018290907
v 0.01655606367 0.07597851753 0.06724112481
vn 0.4614148438 0.8636968732 -0.2027907223
v 0.01228050794 0.0409485139 0.09980621189
vn -0.02184789442 0.01383015607 0.9996656179
v 0.01069731917 0.04223551601 0.09972614795
vn -0.03416206315 0.02013042383 0.9992135763
v 0.02376897447 0.05759251118 0.05168616772
vn 0.9339651465 0.1008958891 -0.3428251445
v 0.02403964102 0.05535051227 0.05219870061
vn 0.9463939071 -0.0199339129 -0.3223991096
v 0.01814978197 0.07499551773 0.08319178224
vn 0.4616822302 0.8555484414 0.234278515
v 0.01667223126 0.07593151182 0.08224482089
vn 0.4106266797 0.8928058147 0.185158208
v 0.01684892364 0.07515750825 0.08436708897
vn 0.3907842338 0.8528382182 0.3463447392
v 0.02234055661 0.03514651582 0.0967816785
vn 0.6019386053 -0.3782734573 0.7032631636
v 0.02267050743 0.03353251889 0.0954111442
vn 0.6776179075 -0.5069742799 0.532739222
v 0.0239930544 0.03513751552 0.0949780196
vn 0.7159742713 -0.4648143947 0.5208919644
v 0.004493850283 0.03378750384 0.002237744629
vn -0.4029491842 -0.411062628 -0.8177160025
v 0.004077916499 0.03213651106 0.003313182155
vn -0.3492998183 -0.4409406781 -0.8267774582
v 0.002986467909 0.03369350731 0.003131835023
vn -0.4478420317 -0.33575508 -0.8286772966
v -0.00685152458 0.04160051048 0.06448489428
vn -0.6479130387 -0.7208061218 -0.246266529
v 0.02413005754 0.04891651869 0.09732505679
vn 0.5257291794 0.133914277 0.8400450945
v 0.0249295868 0.05027251691 0.09653187543
vn 0.545140326 0.1561752856 0.823669374
v 0.02335603163 0.05048251525 0.09751775861
vn 0.4686169624 0.1767680049 0.8655351996
v -0.005935818423 0.07299251854 0.06351257116
vn -0.6019919515 0.7452020049 -0.2868442535
v -0.006897388026 0.07258450985 0.06480251998
vn -0.6458927989 0.7183023691 -0.2585810721
v -0.005800507031 0.07366152108 0.06514713913
vn -0.588381052 0.7683335543 -0.2519350946
v 0.02620541118 0.04675151408 0.09611915797
vn 0.6543717384 0.03667986393 0.7552828789
v 0.0271246098 0.04825951159 0.09507391602
vn 0.7340506315 0.06900182366 0.6755800247
v 0.02566883713 0.04863451421 0.09633197635
vn 0.6008294225 0.1065347418 0.7922464013
v 0.02540709265 0.06711651385 0.06677583605
vn 0.8644086123 0.4608679116 -0.2009937763
v 0.02961362712 0.05300251022 0.08110570163
vn 0.9887220263 -0.1047654748 -0.1070183516
v 0.02958181128 0.05466651917 0.07957573235
vn 0.994864285 -0.0386432223 -0.09355068952
v 0.01780784689 0.04590950906 0.0136906635
vn 0.9072268009 0.4200565219 0.02218273655
v 0.01758086123 0.04617350549 0.01523982082
vn 0.9536517262 0.2942901254 0.06278254837
v 0.01021931041 0.06592051685 0.09517519176
vn 0.08173251152 0.5252427459 0.8470181823
v 0.01196147315 0.06533251703 0.09534672648
vn 0.1283783913 0.5189495087 0.8451097012
v 0.01147338748 0.06693251431 0.09425644577
vn 0.1382796317 0.604505837 0.7845071554
v -0.004853250924 0.05882651731 0.0968689248
vn -0.2862291336 0.334995389 0.8976920247
v -0.006347130053 0.05977651849 0.09584335238
vn -0.3570460379 0.3927460611 0.847507298
v -0.006836399902 0.05783551186 0.09651706368
vn -0.3522151709 0.345064044 0.8699858189
v -0.004014176317 0.05506250635 0.03404097632
vn -0.9932085276 -0.08994011581 -0.07380795479
v -0.003787172027 0.05352550745 0.03284302726
vn -0.9824371338 -0.1840800345 -0.03052589111
v -0.003766220529 0.05304551125 0.03504302353
vn -0.9655122161 -0.2567282915 -0.04332133755
v -0.002121589845 0.04912050813 0.03851115331
vn -0.7851830125 -0.565995872 -0.2512694597
v 0.02458900586 0.03959951177 0.09666032344
vn 0.656375885 -0.1941422224 0.7290264368
v 0.02510873228 0.03822451085 0.0957685411
vn 0.7302554846 -0.2811800241 0.6226272583
v 0.02614419721 0.0402575098 0.09530360252
vn 0.7576138973 -0.2297848314 0.610917449
v 0.004378156736 0.02772350796 0.005831889343
vn -0.2402852476 -0.5620806813 -0.7914090753
v 0.006237476598 0.02652650885 0.006264580414
vn -0.1428586692 -0.5993187428 -0.7876601219
v 0.004193936475 0.0262395069 0.006978271529
vn -0.2622976601 -0.6213459969 -0.7383285761
v 0.00708082132 0.05216350779 0.01432904694
vn -0.08824530989 0.6596024632 -0.7464163303
v 0.005830174312 0.0507505089 0.01309565641
vn -0.156274423 0.7842103839 -0.6004934907
v 0.01200783905 0.07704450935 0.06444432586
vn 0.2292586714 0.940441668 -0.2510176897
v 0.0118686324 0.07660851628 0.06280661374
vn 0.2240750641 0.9347419739 -0.275767684
v -0.0004077602061 0.03158251569 0.08353583515
vn -0.2119154185 -0.8222473264 -0.5282056332
v 0.001272324473 0.03076151386 0.0841775313
vn -0.1496274471 -0.804668963 -0.5745602846
v -0.000250737241 0.03056051582 0.08497403562
vn -0.1981413662 -0.7875810266 -0.5834861994
v -0.002290645614 0.03855151311 0.06459557265
vn -0.4350948036 -0.8680980206 -0.2389524877
v 0.01749715954 0.03924651444 0.0652320683
vn 0.5021774769 -0.8376947641 -0.2146748006
v 0.01761412062 0.03887451068 0.06702309847
vn 0.4994388819 -0.8425335884 -0.2017372996
v 0.001239256817 0.03721550852 0.06439489126
vn -0.2581522167 -0.9360796213 -0.2389819473
v 0.002218519105 0.0366455093 0.06554696709
vn -0.1980812997 -0.9533261061 -0.2278885394
v 0.0005347869592 0.03702551499 0.06592074037
vn -0.2872022092 -0.9311240315 -0.2247730643
v 0.02269139513 0.04062751308 0.07448767871
vn 0.6913890839 -0.6833037734 -0.2346851826
v 0.02126049437 0.03949751332 0.07390351593
vn 0.6408282518 -0.7229870558 -0.2581255734
v 0.02208941802 0.04065250978 0.07271810621
vn 0.668253541 -0.7044305801 -0.2391959578
v -0.002240576549 0.03794350848 0.01180754695
vn -0.9719133973 0.003486833302 0.235312894
v -0.001768618473 0.03886650503 0.01339958049
vn -0.9417620301 -0.00733560184 0.3361999691
v -0.002025125548 0.04002350941 0.01238423679
vn -0.9764710665 0.06850915402 0.2044767737
v 0.001151498174 0.03810951114 0.01687523164
vn -0.474942416 -0.2848733664 0.8326324821
v -0.0001395211293 0.03878450766 0.01609172672
vn -0.6928983927 -0.1553002745 0.7041119337
v -0.0002059066028 0.03706550971 0.01566221192
vn -0.6668959856 -0.1954126507 0.7190713286
v 0.02145464718 0.05062751472 0.09831734747
vn 0.3032477796 0.1535902321 0.9404524565
v 0.0226045046 0.05238851905 0.09749110788
vn 0.4263100028 0.2144026756 0.8788010478
v -0.007301332429 0.07178751379 0.06356301159
vn -0.6608588696 0.6983490586 -0.2749076188
v 0.007853339426 0.06758951396 0.09407883137
vn 0.02093449607 0.618078351 0.7858377099
v 0.008804676123 0.06642150879 0.09499381483
vn 0.03737607971 0.5557273626 0.8305240273
v 0.009759965353 0.06731250882 0.09418093413
vn 0.08008529246 0.621863544 0.7790199518
v -0.01605004258 0.05297451094 0.07594974339
vn -0.9765757322 -0.1263948977 -0.1741383672
v -0.008081724867 0.04474151507 0.0597801879
vn -0.7480354309 -0.6014302373 -0.2805791497
v -0.006855743006 0.04386151209 0.05833617598
vn -0.7125791311 -0.650577724 -0.262639612
v -0.006881934125 0.04312951118 0.06033444405
vn -0.6871115565 -0.6763830781 -0.2652991414
v -0.007032653317 0.04388651252 0.09854353964
vn -0.2524623871 0.007749320008 0.9675756693
v -0.007359812036 0.04208251834 0.09842531383
vn -0.2682085931 -0.02290178463 0.9630886316
v -0.00549813034 0.04271951318 0.09890610725
vn -0.1892639697 -0.005334419198 0.9819117785
v 0.02544125915 0.05869350955 0.05709937215
vn 0.9392021298 0.1106567159 -0.325045377
v 0.02595071681 0.05957150832 0.05891181156
vn 0.9497446418 0.1350329667 -0.2824026346
v -0.004450767767 0.07471450418 0.06561746448
vn -0.5179569125 0.8187448978 -0.2477447093
v -0.004553458653 0.07417050749 0.0639359802
vn -0.5237356424 0.8059207201 -0.2760304511
v -0.001184038003 0.03757251054 0.06626729667
vn -0.3791786134 -0.8946068287 -0.2364365458
v 0.02971925959 0.05852451175 0.08692169189
vn 0.967766583 0.2500977516 0.02964693122
v 0.02909488603 0.06053651497 0.08686335385
vn 0.9386460185 0.3350331783 0.08183152974
v 0.02920953557 0.05978251621 0.08854623884
vn 0.9026625752 0.3394030929 0.2645861208
v 0.00822388567 0.05859151483 0.01959310845
vn -0.006774927489 0.6694324613 -0.7428420186
v 0.00879080873 0.05980150402 0.02074812353
vn 0.0453969501 0.6731501818 -0.7381110787
v 0.009918255731 0.05863851309 0.01978702843
vn 0.1196123436 0.6759372354 -0.7271875143
v 0.00074916624 0.07492651045 0.0588789545
vn -0.3058659136 0.887725234 -0.3440784812
v -0.0005763493828 0.07400751114 0.05769903958
vn -0.3556321859 0.8516859412 -0.3849114478
v -0.001479465282 0.07437951863 0.05970939994
vn -0.4009288549 0.8614143729 -0.3118033111
v -0.01248745341 0.0399575159 0.09571879357
vn -0.6679651737 -0.1793553084 0.7222563624
v -0.01357706357 0.03896151483 0.09436982125
vn -0.7697211504 -0.2744645178 0.5763667226
v -0.01224751957 0.03799551353 0.0953437537
vn -0.6939528584 -0.2774561048 0.6644151807
v 0.02578761801 0.05521251261 0.09449396282
vn 0.6405639052 0.3039242625 0.7052006125
v 0.02697348222 0.05390651524 0.09384404123
vn 0.6844484806 0.243427217 0.6872215271
v 0.02689368278 0.05575451627 0.09319193661
vn 0.6362623572 0.2865199745 0.7162935734
v 0.01276496984 0.07778351009 0.07304116338
vn 0.2604849637 0.9640191793 0.05305265263
v 0.01270824391 0.07781951129 0.07443903387
vn 0.2694273591 0.9629099965 -0.01460330933
v 0.01955016144 0.03706951439 0.07760632038
vn 0.5616109371 -0.8040806055 -0.195057869
v 0.02079006843 0.03819151223 0.07686819881
vn 0.6112462878 -0.7699396014 -0.1832237989
v 0.02098519541 0.03793451563 0.07877296209
vn 0.6215155721 -0.7551258206 -0.2085745633
v 0.009648448788 0.02608151361 0.08918222785
vn 0.1340452582 -0.7707047462 -0.6229334474
v 0.009582877159 0.02755751461 0.08790824562
vn 0.1170872226 -0.6734617949 -0.7298902273
v 0.0112560438 0.02712751552 0.08857672662
vn 0.1762102097 -0.6862999201 -0.7056503296
v -0.01322282106 0.0510725081 0.06544008106
vn -0.9273604155 -0.2798895836 -0.2483233362
v -0.01309012808 0.0523225069 0.06378064305
vn -0.9389497638 -0.2178363949 -0.2663093209
v -0.004662582651 0.06706051528 0.05107076839
vn -0.6515294909 0.6306137443 -0.4217056036
v -0.002894855104 0.06803051382 0.05002447218
vn -0.578494072 0.6956666112 -0.425902009
v -0.004272043239 0.06621550769 0.04930306226
vn -0.6700897217 0.6174409986 -0.4120028615
v -0.01291432977 0.04418851435 0.09594235569
vn -0.6411210895 -0.02368221246 0.7670742869
v -0.01442207489 0.04518851265 0.09467817843
vn -0.7234945893 -0.01508892514 0.6901651025
v -0.01413416862 0.04299851507 0.09480307251
vn -0.7268096209 -0.08680190891 0.6813319325
v -0.009631964378 0.04023651034 0.07503117621
vn -0.6930271387 -0.6785818338 -0.2433929741
v -0.008117785677 0.03868351132 0.07546208054
vn -0.6172172427 -0.7469228506 -0.2472835332
v -0.009361954406 0.03930551186 0.07702855021
vn -0.6697942615 -0.7062337995 -0.2293676436
v -0.01465559844 0.03999051079 0.0929602161
vn -0.8298788071 -0.2681328356 0.4892913103
v -0.01388936304 0.04096951336 0.09466634691
vn -0.7431525588 -0.1834793985 0.6434746385
v -0.01011972222 0.05712351575 0.09512222558
vn -0.4622196853 0.3340305388 0.8214478493
v -0.01042609569 0.05875151604 0.09430728853
vn -0.503762722 0.3807919323 0.7753841877
v 0.004207314923 0.07592950761 0.05937322974
vn -0.1309175491 0.9354858994 -0.3282175064
v 0.00552926166 0.07650451362 0.06059904397
vn -0.07733052969 0.9527418613 -0.2937736213
v -0.008745546453 0.06017051265 0.05143968388
vn -0.8889661431 0.2428604513 -0.3882756829
v -0.008961231448 0.06151650846 0.05298021808
vn -0.8692972064 0.2978023291 -0.3945074975
v 0.004843230359 0.02642450854 0.01345819607
vn -0.2808583081 -0.478405118 0.832013905
v 0.007761851884 0.0321435146 0.08028668165
vn 0.06523182243 -0.946624577 -0.3156687319
v 0.006214217283 0.03171251342 0.08148057014
vn -0.001393338898 -0.941595912 -0.3367420733
v 0.00605499465 0.03225851431 0.07996025681
vn -0.01960550807 -0.944868505 -0.326862514
v 0.01980301738 0.05055850744 0.0427656658
vn 0.883829236 -0.4038177133 -0.2361718267
v 0.02022442222 0.05209550634 0.04196957871
vn 0.922749579 -0.3179110587 -0.2178664058
v 0.0206643939 0.05193650723 0.04394173622
vn 0.9202445745 -0.2911502421 -0.2614985108
v 0.0145348534 0.05739951134 0.02058100514
vn 0.4813649952 0.5806702971 -0.6565894485
v 0.01406650525 0.05598650873 0.01905913651
vn 0.4448306859 0.5629606843 -0.6965636611
v 0.01283613872 0.05736551061 0.01957646012
vn 0.3369483054 0.6173733473 -0.710855782
v 0.01705534197 0.04738350958 0.03116116114
vn 0.7277642488 -0.6662930846 0.1625198871
v 0.01818547584 0.0489295125 0.03179208934
vn 0.8230164647 -0.5552952886 0.1195451543
v -0.002788270358 0.03659251332 0.0990736708
vn -0.1464464664 -0.08534667641 0.9855300188
v -0.004975282587 0.03611551225 0.09856774658
vn -0.2266966552 -0.1431314945 0.9633908868
v -0.004097019788 0.034654513 0.09854570776
vn -0.2243235856 -0.1582205892 0.9615847468
v -0.002861239016 0.05959751457 0.09713704139
vn -0.2213227749 0.3448913991 0.912176609
v -0.000874121557 0.05985651538 0.09740199894
vn -0.156026572 0.3138619065 0.9365609288
v -0.001841418911 0.0614355132 0.09657351673
vn -0.2233145386 0.424883306 0.877271235
v 0.008746831678 0.07651650906 0.06069587916
vn 0.1029184908 0.9546862245 -0.2792526186
v -0.0006712100585 0.0457605049 0.01507699303
vn -0.9407365322 0.3345145285 0.05581046641
v 0.0002904355933 0.04747450724 0.01410724316
vn -0.8141747713 0.5562201142 -0.1665489972
v -0.0005884179263 0.04583850875 0.01291555818
vn -0.8673483729 0.4827749431 -0.1209759563
v -0.008343892172 0.03960250691 0.07355625927
vn -0.6270862222 -0.7231149077 -0.2895991206
v -0.008393088356 0.04043551162 0.07180256397
vn -0.6520698071 -0.696728766 -0.2989547849
v -0.007044194266 0.0391055122 0.07212177664
vn -0.5798352361 -0.7571931481 -0.3007484674
v -0.01041200664 0.03288951516 0.08788604289
vn -0.5207482576 -0.5909981132 -0.6160702109
v -9.662494995e-05 0.0766185075 0.06483756751
vn -0.3243735433 0.9108629227 -0.2551676631
v 0.001266589505 0.07668250799 0.06350629777
vn -0.2578534186 0.9280716181 -0.2686907053
v -0.003535542404 0.06878851354 0.05223189667
vn -0.5785645843 0.6936686039 -0.4290534258
v -0.004675477277 0.06901450455 0.0540570654
vn -0.5931102633 0.6565092206 -0.4660642147
v -0.003057319671 0.07020650804 0.05390419066
vn -0.524705112 0.7100880146 -0.4695311487
v 0.0195907522 0.05909350887 0.03221827745
vn 0.9562872648 0.2921843231 -0.01195679884
v 0.01872741804 0.06123651192 0.03186161816
vn 0.8824130893 0.4689441025 -0.03792842478
v 0.01913072541 0.06056451052 0.03385253623
vn 0.9188417196 0.3887930512 -0.06760059297
v 0.02145258524 0.07243350893 0.06719215959
vn 0.6784777641 0.707665503 -0.1971735805
v 0.02104600891 0.07332551479 0.06901935488
vn 0.6644173265 0.732049346 -0.1505104452
v 0.02231772803 0.07206250727 0.06890267134
vn 0.7070563436 0.688855052 -0.1598439515
v 0.006137984805 0.03833050281 -0.0001415475417
vn -0.2800424099 -0.05719899014 -0.9582820535
v 0.0071435594 0.04023650661 -0.0001412376005
vn -0.1189653426 0.1820735037 -0.9760617018
v 0.02844210155 0.05160051212 0.07365639508
vn 0.9622678161 -0.22191827 -0.1574576497
v 0.02836345695 0.05243651569 0.07203276455
vn 0.9682797194 -0.2004264891 -0.1492097676
v 0.02877995558 0.05339451134 0.07340277731
vn 0.9794008136 -0.1472852975 -0.1381344795
v -0.0001244336017 0.03843451291 0.061138466
vn -0.324587971 -0.912653625 -0.2484069765
v -0.001590981381 0.03897051513 0.06142259389
vn -0.4341420233 -0.8660432696 -0.247971192
v 0.02157460153 0.05710551143 0.04491835833
vn 0.964823544 0.0788403675 -0.2507981956
v 0.02111886628 0.05913950503 0.04440451041
vn 0.943792522 0.2271068841 -0.2401627302
v 0.02167383581 0.05855951086 0.04617347568
vn 0.9486954808 0.1824930459 -0.2582115531
v 0.02394220605 0.03812451288 0.09673129767
vn 0.6268134713 -0.2576740384 0.7353291512
v 0.02394192666 0.03670951352 0.0962119922
vn 0.650095284 -0.3691492975 0.6641572714
v -0.01141220517 0.07010351121 0.07896471769
vn -0.76382792 0.6453537345 -0.009242502041
v -0.010817823 0.0707655102 0.07699985802
vn -0.7510129213 0.6590910554 -0.03973133862
v 0.006238033064 0.07006751001 0.04543539882
vn -0.08614018559 0.9651838541 -0.2469816655
v 0.006784873083 0.06962651014 0.04330982268
vn -0.05472414941 0.9760597944 -0.2105053961
v 0.004665997811 0.06952650845 0.04411999881
vn -0.200461939 0.9534059763 -0.2254596949
v 0.02564986236 0.06347351521 0.06121788546
vn 0.9178437591 0.3226139247 -0.2312642187
v 0.02547460049 0.06456550956 0.06227752566
vn 0.9047164917 0.3576913476 -0.2313977778
v -0.007560171653 0.06685451418 0.05537641421
vn -0.7293770909 0.5129303336 -0.4526715577
v -0.01283518504 0.04612951726 0.09599808604
vn -0.6223000288 0.03530068696 0.7819824815
v -0.01133916155 0.04688351601 0.09704874456
vn -0.4767866731 0.06601864845 0.8765363693
v -0.003497533966 0.04324851558 0.0991865322
vn -0.09852319956 0.00875693094 0.9950962067
v -0.002747868886 0.04509951547 0.09920911491
vn -0.06697907299 0.01665859669 0.9976152778
v 0.02316984348 0.06541451067 0.0566916354
vn 0.8128097057 0.4350198805 -0.387424916
v 0.02172819711 0.06703151762 0.05592400581
vn 0.7407514453 0.5288899541 -0.4142012298
v 0.02248557657 0.06704150885 0.05733266473
vn 0.7654839754 0.508987844 -0.3936568499
v 0.009248583578 0.07828651369 0.06745292991
vn 0.1228648201 0.9702321887 -0.2086954117
v 0.007978278212 0.07804951072 0.06597472727
vn 0.06411167979 0.9680033922 -0.2426090091
v 0.007579644211 0.07843850553 0.06745199114
vn 0.03814664111 0.9775737524 -0.2071096599
v 0.002701562596 0.0506535098 0.01473086514
vn -0.565700233 0.6213939786 -0.5420818925
v 0.00470871618 0.05171050876 0.01443818025
vn -0.2920945883 0.6729668379 -0.6795560122
v 0.003950786777 0.05022851005 0.01313355658
vn -0.3735378683 0.7623569965 -0.528470695
v 0.01472200267 0.02488951012 0.01202140842
vn 0.4414975047 -0.8492780924 0.289493829
v 0.01552948356 0.02616650984 0.01351582818
vn 0.3920923173 -0.6836295724 0.6155600548
v 0.01347557735 0.02554350905 0.01374188717
vn 0.1935090721 -0.6489786506 0.7357859015
v 0.02690144442 0.05250251293 0.06427036971
vn 0.9553905129 -0.2144463211 -0.2030805498
v 0.02715995908 0.05227651075 0.06560796499
vn 0.9513888955 -0.220172897 -0.2153671831
v 0.02657745779 0.05111551285 0.06455748528
vn 0.935418129 -0.2823281288 -0.2127996832
v 0.01558359526 0.05581951141 0.02013752796
vn 0.6012260318 0.5093557239 -0.6156979799
v 0.01509492192 0.05450050533 0.01874204352
vn 0.560038805 0.4921796322 -0.6664201021
v 0.01719612069 0.03815250844 0.004322339315
vn 0.6751220226 0.08396485448 -0.7329121232
v 0.01742323674 0.03965850919 0.004850395024
vn 0.6877487302 0.2499933392 -0.6815460324
v 0.01861728169 0.03828350827 0.005631587934
vn 0.7128143311 0.1534139961 -0.6843681931
v 0.02925820462 0.0491085127 0.09248419851
vn 0.7699534297 0.05770414695 0.6354856491
v 0.02793235332 0.05013551563 0.09383475035
vn 0.7414414883 0.1122596264 0.6615604758
v 0.02830937132 0.04771151394 0.09363549203
vn 0.7670063376 0.03122475557 0.6408792734
v -0.01624353416 0.04991751537 0.09190541506
vn -0.7831775546 0.1042262316 0.6130006313
v -0.01724435575 0.04854951054 0.09079863131
vn -0.8479824066 0.01383525506 0.5298438072
v -0.01620275714 0.04788451642 0.09223499894
vn -0.8092994094 0.04749286175 0.5854731798
v 0.02296184935 0.06295450777 0.05363976583
vn 0.8629732728 0.3677869141 -0.3464244306
v 0.0235869009 0.06089051068 0.05326787382
vn 0.9050219059 0.2706533372 -0.3281495273
v 0.02469991148 0.04488451034 0.06943625957
vn 0.818297267 -0.5396184921 -0.1979934573
v 0.02343139797 0.04330651462 0.06896070391
vn 0.7549833059 -0.6257874966 -0.1959340572
v 0.02401062474 0.0444525145 0.0676156804
vn 0.7965218425 -0.5736708641 -0.1909310669
v 0.02652114816 0.06426551193 0.0660604313
vn 0.9202865362 0.3297039568 -0.2106371373
v 0.02638997696 0.06532450765 0.06723564118
vn 0.9034379721 0.3816875517 -0.1952292919
v 0.02055823989 0.05827450752 0.04130657762
vn 0.9711893797 0.1639466137 -0.172952801
v 0.0208209157 0.05645350739 0.04181883857
vn 0.9788672328 0.02379932627 -0.2031072825
v 0.02048605867 0.05694550648 0.0399623327
vn 0.9851894975 0.03168931603 -0.1685154587
v 0.02234210633 0.04628651217 0.05652330071
vn 0.8065001965 -0.5500108004 -0.2168997675
v 0.02175153792 0.04493551329 0.05805404112
vn 0.7601650953 -0.6111046672 -0.2206810117
v 0.02109582536 0.04490050673 0.0559534505
vn 0.7556893826 -0.6207203865 -0.2089011967
v 0.02234251983 0.04267651215 0.06703343242
vn 0.7181139588 -0.6671616435 -0.1980093569
v 0.02186435647 0.04283951223 0.06483183801
vn 0.7083117366 -0.677329123 -0.1987956464
v 0.008678437211 0.04676450789 0.00665909145
vn 0.04502705485 0.8185929656 -0.5726064444
v 0.007418877911 0.04589750618 0.005364359822
vn -0.09143888205 0.8345257044 -0.5433284044
v 0.006382607389 0.04693150893 0.006995953154
vn -0.1234620959 0.7858332396 -0.6059894562
v 0.01069893222 0.0391295068 0.05284191296
vn 0.1872405112 -0.953332901 -0.2368488759
v 0.009614264593 0.03873251006 0.0543377772
vn 0.1405042857 -0.9757149816 -0.1680439711
v 0.008464626037 0.03879451379 0.05310583487
vn 0.07509223372 -0.9735364318 -0.2158424854
v 0.02786667272 0.0583945103 0.06659565121
vn 0.9779199362 0.06578265131 -0.1983564496
v 0.006565838121 0.03497751057 0.09961112589
vn -0.02938363329 -0.05319301784 0.9981518388
v 0.008607774042 0.03483551741 0.09964781255
vn -0.01470593177 -0.06149237975 0.9979991913
v 0.008290647529 0.03665351123 0.09973404557
vn -0.02590069175 -0.02273162082 0.9994060397
v 0.02618707716 0.06404951215 0.06426899135
vn 0.9166288376 0.3281878829 -0.2282198817
v 0.02703973837 0.06261851639 0.06596407294
vn 0.9430895448 0.2604779601 -0.2067204565
v -0.01297859102 0.05985851213 0.06212548167
vn -0.9499329329 0.1356872469 -0.2814540267
v 0.02516935021 0.06891350448 0.07183467597
vn 0.8276466727 0.5610598326 -0.01459021214
v 0.02605832368 0.06742051244 0.07328684628
vn 0.8673377037 0.4973679483 -0.01872082055
v 0.02611091919 0.0672955066 0.0715996623
vn 0.8755819201 0.4819663167 -0.03263061121
v 0.005797907244 0.07817151397 0.08256699145
vn -0.02713802271 0.9654393196 0.2592110932
v 0.006650448777 0.07844150811 0.08060194552
vn 0.001087716781 0.9924171567 0.1229104847
v 0.004673950374 0.0782835111 0.08105176687
vn -0.09023917466 0.9883368015 0.1226672083
v 0.01590654626 0.03334850445 0.01624628156
vn 0.2777236402 -0.2252262682 0.9338858128
v 0.0001135860512 0.06282550842 0.02705474384
vn -0.6288531423 0.6413872242 -0.4395067096
v 2.232021689e-05 0.0618705079 0.02562479302
vn -0.6321116686 0.5900118947 -0.502315402
v -0.001124247792 0.06151650846 0.02720459923
vn -0.7361633182 0.5408148766 -0.4069187641
v 0.02507634647 0.04702251032 0.065443784
vn 0.8554260135 -0.4783494473 -0.1985653341
v 0.02570087276 0.04815451056 0.06564420462
vn 0.8832294941 -0.4230498672 -0.2023225427
v 0.02561609447 0.0473735109 0.0668380037
vn 0.8659508228 -0.4642243087 -0.1860777885
v 0.001264296123 0.04729251564 0.0993020609
vn -0.03399489075 0.02009660751 0.999219954
v 0.01841407456 0.06562951207 0.04684364796
vn 0.7263731956 0.6373339891 -0.2572691739
v 0.01969176717 0.06393051147 0.04696230963
vn 0.8121406436 0.5247551799 -0.2550678253
v 0.01871128567 0.06470550597 0.04546498507
vn 0.7729874849 0.5922314525 -0.2274912298
v 0.01920513622 0.04000551254 0.06631697714
vn 0.5640962124 -0.8000460863 -0.2042589933
v -0.005019462667 0.06544451416 0.09306203574
vn -0.3573347926 0.5710068345 0.7390961051
v -0.004158315714 0.06441151351 0.09427412599
vn -0.310590148 0.520657897 0.7952666879
v -0.003456224687 0.06596951187 0.09334553033
vn -0.3002548218 0.5914992094 0.7483152747
v 0.007309010252 0.03431550786 0.01617390662
vn -0.04891937226 -0.3126809299 0.9485976696
v 0.01620253362 0.03791350871 0.0678954497
vn 0.4367811978 -0.8775034547 -0.1980147213
v 0.003941293806 0.07854650915 0.07677929103
vn -0.1102689654 0.9936063886 -0.02423013374
v 0.004176518414 0.07852850854 0.07493022829
vn -0.1044775993 0.9942457676 -0.02366014943
v 0.002572605386 0.07831650972 0.07572096586
vn -0.1736706942 0.9843567014 -0.02967160009
v -0.007724520285 0.04888851196 0.05107530579
vn -0.8440710902 -0.3899546266 -0.3680752218
v -0.008076476865 0.05103750899 0.05018877983
vn -0.8657426238 -0.2655973136 -0.424202472
v -0.006920318119 0.0491255112 0.04944179207
vn -0.8130573034 -0.3737899661 -0.4463393986
v -0.0003599381598 0.04608850926 0.02471722662
vn -0.7861536741 -0.60981071 0.1004653499
v 0.0009407995385 0.04481150955 0.02509882674
vn -0.6536130309 -0.7361249328 0.1758126169
v 0.0001789436064 0.04581150785 0.02660571411
vn -0.6967084408 -0.7105557919 0.09852833301
v 0.01348232757 0.03509150818 0.0737170279
vn 0.3003427088 -0.9021573663 -0.3096875548
v 0.01147866808 0.03465751186 0.07335044444
vn 0.2123553306 -0.9266937971 -0.3100706339
v 0.01286040526 0.03374051303 0.07827646285
vn 0.2679126263 -0.9346789122 -0.2336624563
v 0.01268744189 0.03319251165 0.07988449186
vn 0.259254396 -0.9161195755 -0.3057973981
v 0.0107847508 0.03313651308 0.0786999017
vn 0.1881187409 -0.9452425241 -0.2666980624
v 0.0124549875 0.03727250919 0.06444758177
vn 0.267398119 -0.9411286712 -0.2068213224
v 0.01411628816 0.03799350932 0.06338264793
vn 0.3458168209 -0.9183289409 -0.1925685108
v 0.02685317025 0.06188451126 0.06418967247
vn 0.9450115561 0.2383536398 -0.2239211798
v 0.006162018515 0.0777715072 0.06469101459
vn -0.03407035023 0.9657168388 -0.2573522031
v 0.005132973194 0.07710450888 0.06268173456
vn -0.07813527435 0.9544733763 -0.2878808975
v 0.001264688792 0.02512351051 0.09123037755
vn -0.195718661 -0.9730936289 -0.1215853095
v 0.0007456523599 0.02588951401 0.08972779661
vn -0.1660423726 -0.8361381888 -0.5227838159
v 0.002788696671 0.02549051493 0.08987858891
vn -0.09237840772 -0.850965023 -0.5170345306
v -0.01560846716 0.0616225116 0.07667322457
vn -0.9589695334 0.252566278 -0.1287931353
v -0.01526345126 0.06175951287 0.07450973243
vn -0.9577307701 0.2487629354 -0.1444604099
v -0.01580007374 0.06023051217 0.07577916235
vn -0.9722036123 0.1874771267 -0.1402584314
v 0.0003639880451 0.03992551193 0.05439320579
vn -0.3737690449 -0.9068896174 -0.1945455521
v 0.001538261306 0.03919950873 0.05581209436
vn -0.307017535 -0.9320526123 -0.1924009919
v -7.064509555e-05 0.03971551359 0.0563094914
vn -0.3866271079 -0.9007445574 -0.1979361475
v -0.01522320975 0.04375651106 0.09340810776
vn -0.8241253495 -0.0879747197 0.5595336556
v -0.01587805338 0.04279151186 0.09213202447
vn -0.8392649293 -0.1468054503 0.5235288739
v -0.005610989407 0.05394650996 0.04274256527
vn -0.938557744 -0.1444264203 -0.3134491146
v -0.006036359817 0.05315151066 0.04424092546
vn -0.9185847044 -0.1813309491 -0.3511711955
v -0.006313113496 0.05519850552 0.04437555745
vn -0.9380691051 -0.04162414744 -0.3439386487
v 0.02861457132 0.0455705151 0.09322467446
vn 0.7836658359 -0.05982791632 0.6182948351
v 0.0294434689 0.04712351412 0.09236244857
vn 0.8045606613 -0.02340549417 0.5934090614
v -0.01587532647 0.05747851357 0.0739095062
vn -0.9838673472 0.05707248673 -0.1695516706
v -0.01548410207 0.05876751244 0.07244399935
vn -0.9804648161 0.1127756834 -0.1611533463
v 0.02728339285 0.05372751504 0.06498181075
vn 0.9623408318 -0.1626479626 -0.2178205252
v 0.02763969265 0.05336651206 0.06676700711
vn 0.9664749503 -0.177789852 -0.1852482408
v 0.01284865476 0.02540050633 0.007573906798
vn 0.2300735563 -0.7009643316 -0.6750667691
v 0.0141121028 0.02502450719 0.008754695766
vn 0.3673224449 -0.8277693987 -0.424113214
v 0.01238362491 0.02425950579 0.009090919048
vn 0.2467253953 -0.8888795376 -0.3860307932
v 0.001497872174 0.03645351157 0.06742947549
vn -0.2364410758 -0.9486813545 -0.2099984288
v 0.005918350071 0.0375855118 0.05972381309
vn -0.04866726696 -0.9715509415 -0.2317762226
v 0.004816940986 0.03722850978 0.0612411201
vn -0.1135394126 -0.9605466127 -0.2538877428
v 0.003708094591 0.03775451332 0.06007460877
vn -0.1647716761 -0.9576445222 -0.2361510098
v 0.01620335691 0.04940851033 0.09952589124
vn 0.1321167052 0.09317850322 0.9868449569
v 0.01726146974 0.04806851596 0.09948197007
vn 0.1598209143 0.07807696611 0.9840534925
v 0.01821886189 0.04929051176 0.09916444868
vn 0.1864021271 0.1085954532 0.9764534235
v -0.01135472115 0.04619551077 0.06655345857
vn -0.8271158934 -0.5085831285 -0.2392121553
v -0.01039912645 0.04541951045 0.06502817571
vn -0.7986606956 -0.5480132699 -0.2486414313
v -0.01030457672 0.04459251463 0.06668436527
vn -0.7877995372 -0.5664556623 -0.241867438
v 0.01553352922 0.07503551245 0.08585107327
vn 0.3369116783 0.8453302979 0.4146169126
v -0.0008113408694 0.02565851063 0.09116651863
vn -0.2880953252 -0.9527332187 -0.09643899649
v -0.002238159534 0.02649651654 0.09283680469
vn -0.3648030758 -0.9032869935 0.2258124948
v -0.002325298032 0.02620251104 0.09108080715
vn -0.3652940691 -0.9254735708 -0.1002942771
v -0.01012137812 0.06273850799 0.05615948513
vn -0.8542943597 0.3076862991 -0.4189394414
v -0.01092429366 0.06237050518 0.05772600695
vn -0.9007610679 0.2686248124 -0.3412773609
v -0.01035062224 0.06396050751 0.05765753984
vn -0.8625107408 0.3580810726 -0.357565552
v 0.01869158261 0.03493750468 0.01514966227
vn 0.6441013217 -0.1211551502 0.755284667
v 0.005965532269 0.06684551388 0.09468577057
vn -0.01826464199 0.5754807591 0.8176113367
v 0.007393764332 0.06588351727 0.09531887621
vn -0.004214044195 0.5183042288 0.855185926
v 0.00142638199 0.06636851281 0.09452481568
vn -0.1470251828 0.559755981 0.8155101538
v 0.0006457457202 0.06493451446 0.09523358941
vn -0.1577542126 0.4942064285 0.8549114466
v 0.002489183331 0.06534650922 0.09528151155
vn -0.1181785539 0.4977895319 0.8592085838
v 0.01719724573 0.04587650672 0.009887618944
vn 0.6930364966 0.6268339753 -0.3560613096
v 0.01531701814 0.0470595099 0.009393180721
vn 0.4213524759 0.7580530643 -0.4978128374
v 0.01626737788 0.04749250785 0.01127469633
vn 0.6007215977 0.7157508731 -0.3561380208
v 0.0245243255 0.06858251244 0.0666366443
vn 0.8229402304 0.5318265557 -0.1998247057
v 0.01448111329 0.0405815132 0.05228563026
vn 0.4079624712 -0.8699393272 -0.2770778537
v 0.01338188909 0.04088050872 0.05033899471
vn 0.3524109721 -0.8541688919 -0.3823637962
v 0.0153144747 0.04155951366 0.0507651791
vn 0.4411147833 -0.8171550632 -0.3710463047
v 0.006416841876 0.07859850675 0.06842288375
vn -0.02021787688 0.9900877476 -0.1389872283
v 0.006893564947 0.078788504 0.07034426183
vn 0.00686455192 0.9998909831 -0.01307071466
v 0.008150708862 0.07868951559 0.06892532855
vn 0.06008190289 0.9921447635 -0.1097218394
v -0.01407878939 0.05544750765 0.06565900147
vn -0.9620247483 -0.06366994977 -0.2654326856
v 0.01379418094 0.06543850899 0.02856037952
vn 0.449056685 0.8004955053 -0.3969320655
v 0.0127692651 0.06521451473 0.02733869851
vn 0.3695934117 0.7952643037 -0.4805782437
v 0.01214710902 0.0661355108 0.02841710299
vn 0.3004839122 0.8591755033 -0.4141579866
v 0.01195350569 0.04157650843 0.02312641405
vn 0.2931100428 -0.850438118 0.4368540943
v 0.01207315736 0.04092650861 0.02181973495
vn 0.3138700724 -0.8432812691 0.4363052249
v 0.02524002641 0.05201150849 0.05789397284
vn 0.9315657616 -0.2463044226 -0.2674310505
v 0.02577222139 0.05219250917 0.05968516693
vn 0.9413231611 -0.2343878299 -0.2428436428
v 0.02506143041 0.05051551014 0.05896349996
vn 0.9142825603 -0.3203167319 -0.2479609102
v 0.02047328651 0.07280550897 0.0651325509
vn 0.6466479897 0.7303596735 -0.2200479954
v 0.02770722099 0.05219651014 0.06862839311
vn 0.9562630057 -0.2259254158 -0.1857922524
v 0.02811917849 0.05464351177 0.06840232015
vn 0.9774121642 -0.1179481074 -0.1753673404
v 0.02830160409 0.05332751572 0.07035668194
vn 0.9708371162 -0.1678903699 -0.1711376607
v 0.01467242837 0.07619651407 0.06464835256
vn 0.3648250401 0.8952165842 -0.2559100389
v 0.01336187311 0.07641651481 0.06367506832
vn 0.3146186471 0.9097265005 -0.2709479332
v 0.01343215443 0.07678351551 0.06501624733
vn 0.3088706732 0.9216633439 -0.2348097414
v 0.01328741014 0.04284350574 0.002517928137
vn 0.5213255882 0.6063415408 -0.6004744172
v 0.01289812475 0.04393150657 0.003721348708
vn 0.4553298354 0.7498040795 -0.480071485
v 0.01432543807 0.04311351106 0.004088260233
vn 0.5606435537 0.6284170151 -0.5392317176
v 0.009258044884 0.04351851344 0.09965100139
vn -0.03414004669 0.02016440593 0.9992136359
v 0.006895181723 0.04318051413 0.0995773375
vn -0.03404062986 0.02012027986 0.9992179275
v -0.004372616298 0.07047951221 0.05567834154
vn -0.551764071 0.6865183115 -0.4735494256
v -0.006111062132 0.06976351142 0.05689274147
vn -0.6456670761 0.6376060247 -0.4202053249
v 0.02804926038 0.05662351474 0.06722625345
vn 0.9826391339 -0.02166405506 -0.1842580736
v 0.02759885415 0.05704051256 0.06497357041
vn 0.9772616029 0.002322529443 -0.2120243907
v -0.01328445505 0.05872451514 0.09183634073
vn -0.6214439869 0.358197242 0.6967797875
v -0.01203573775 0.06026951596 0.09207107872
vn -0.5764973164 0.4132025242 0.7049216628
v -0.006834654137 0.06236951798 0.09438487887
vn -0.3990861773 0.4753451645 0.7840772867
v -0.008848364465 0.06172251329 0.09355068952
vn -0.4834466279 0.4780441523 0.7333165407
v -0.007645795122 0.06071251258 0.09487348795
vn -0.398770541 0.4100931287 0.8202473521
v -0.009595102631 0.03288151696 0.09502507001
vn -0.6689786911 -0.5190576315 0.5320212841
v 0.02048626542 0.05360050499 0.04115803912
vn 0.9560526609 -0.1943529397 -0.2195226848
v 0.02072166465 0.05330250785 0.04273298755
vn 0.9532498717 -0.2154345214 -0.2119024098
v 0.006556686945 0.03699351102 0.06180580705
vn -0.002798819682 -0.9715228677 -0.236929208
v 0.007033566479 0.03658251464 0.06378122419
vn 0.01372528076 -0.9768698812 -0.2133937776
v 0.02755814791 0.04994751513 0.07106073201
vn 0.9331772327 -0.3166857958 -0.169971779
v 0.02740507945 0.04894651473 0.07229122519
vn 0.9185932279 -0.3581310511 -0.1671186835
v 0.02692142874 0.04847751558 0.07057271898
vn 0.9052531123 -0.3866081238 -0.1762128174
v 0.01865946874 0.04425051063 0.01266111806
vn 0.9064453244 0.4197785258 0.04629125446
v -0.006801082753 0.0326365158 0.09729972482
vn -0.434137255 -0.3822194338 0.8157408834
v 0.006047904957 0.04497351497 0.09951239824
vn -0.03416374698 0.02015538327 0.9992129803
v 0.007328080479 0.04633751512 0.09952908754
vn -0.03413756937 0.0201466009 0.9992140532
v 0.02011605538 0.03514850512 0.01357735135
vn 0.8484166861 -0.07079094648 0.5245738626
v 0.01937125064 0.03708650917 0.01476062648
vn 0.7642291188 -0.05714691803 0.6424080133
v -0.011111103 0.04079451412 0.0971095562
vn -0.5163004398 -0.0978352949 0.8508008718
v 0.01568376273 0.03037851304 0.08698986471
vn 0.3145342171 -0.7037566304 -0.6370202899
v 0.01420915872 0.03060251288 0.08589790761
vn 0.2936014831 -0.7575123906 -0.5830721855
v 0.01586084254 0.03157950938 0.08552505076
vn 0.3466167152 -0.7496669292 -0.5637875199
v 0.005797525402 0.03004251048 0.01496063266
vn -0.09769316018 -0.2593111694 0.9608401656
v 0.01623821445 0.07393650711 0.08745504916
vn 0.3163588941 0.7593963146 0.5685369968
v 0.01664072834 0.0724915117 0.08864848316
vn 0.2803288102 0.6512048841 0.7052289844
v 0.01286966074 0.02790850773 0.005727542564
vn 0.2534955144 -0.5572682619 -0.7906908989
v 0.01139517315 0.0282395035 0.005071858875
vn 0.1814012825 -0.5629700422 -0.8063239455
v 0.01331507601 0.0296915099 0.004697142169
vn 0.3179082274 -0.4932813644 -0.8096961379
v 0.01053309627 0.04061850905 0.02208835259
vn 0.1742920727 -0.8715426326 0.4582965672
v 0.01034164336 0.04156550765 0.02394489571
vn 0.1513320506 -0.8895959258 0.4309497774
v 0.008803165518 0.04086750746 0.02290680446
vn 0.01780984551 -0.8804885149 0.4737327993
v -0.007129539736 0.0360565111 0.08098201454
vn -0.5490617752 -0.7719324827 -0.3203926682
v -0.007693578023 0.03567551076 0.08270277083
vn -0.5137357712 -0.726246655 -0.4567727447
v -0.00867409911 0.03692951426 0.08170473576
vn -0.590102911 -0.7195391059 -0.3661175072
v 0.02649811096 0.03619851172 0.09074001759
vn 0.8420777917 -0.5313401222 -0.09264262021
v 0.02557814121 0.03500051424 0.09034239501
vn 0.7744033933 -0.5860564113 -0.2384056747
v 0.003049582709 0.02756650932 0.01338795759
vn -0.3488267958 -0.4727473855 0.8092155457
v -0.003881681012 0.04882250726 0.04331990331
vn -0.7915782928 -0.5074605346 -0.3404226601
v 0.008458859287 0.02787850983 0.01461523212
vn -0.08604255319 -0.2973583937 0.9508810043
v 0.005779424682 0.0363525115 0.06490708888
vn -0.06239250302 -0.9742267132 -0.2167706043
v 0.01808542013 0.07555451244 0.07291360945
vn 0.5210744739 0.8530340195 0.02853582054
v 0.01774106361 0.07574851811 0.07529224455
vn 0.4902805686 0.8714997172 -0.01064044982
v 0.01927884854 0.07478251308 0.07462131977
vn 0.5621867776 0.8269770741 -0.00741297286
v -0.01112572011 0.06475951523 0.06084194407
vn -0.876811564 0.3695456088 -0.3076322079
v 0.02130763233 0.03742650896 0.08099325001
vn 0.6296547651 -0.7288358808 -0.2689481676
v 0.02269888856 0.03912850842 0.07983704656
vn 0.678658843 -0.6989872456 -0.2254749388
v -0.01237059571 0.06784251332 0.07207200676
vn -0.856366396 0.5099933743 -0.08089132607
v -0.01178096235 0.06871951371 0.07062728703
vn -0.8416056037 0.5354058743 -0.07099664956
v -0.01264766604 0.06713451445 0.07019346952
vn -0.8814169765 0.4623191655 -0.09677352756
v 0.01924744807 0.0526025109 0.02463014424
vn 0.9657238126 -0.02570873313 -0.2582955658
v 0.0123345023 0.02566451207 0.09277295321
vn 0.2574059665 -0.9536297321 0.1559886932
v 0.01325541455 0.02645451203 0.09440332651
vn 0.3088362217 -0.8859041929 0.3461125791
v -0.007600306999 0.070962511 0.06232609227
vn -0.6804170012 0.6699565649 -0.2969695032
v -0.009179550223 0.03379351273 0.0960418433
vn -0.6070879102 -0.4434486628 0.6593918204
v -0.008219177835 0.03257551789 0.09607663006
vn -0.5714513063 -0.5031712055 0.6482762694
v -0.009683869779 0.06521850824 0.05758824572
vn -0.8250355124 0.4271995127 -0.3698877692
v -0.01035950426 0.06509551406 0.0590900667
vn -0.8584620357 0.4018409848 -0.3186954558
v 0.01341003459 0.03831251711 0.09978072345
vn 0.02586091869 -0.03653848916 0.9989975691
v 0.01405820716 0.03684651107 0.09969880432
vn 0.06739469618 -0.07947649807 0.9945558906
v 0.01497581135 0.03830951452 0.0997261256
vn 0.07501716167 -0.05573327467 0.995623529
v -0.01399862207 0.06492751092 0.07310006022
vn -0.9156620502 0.3855670989 -0.1135827303
v -0.01465632487 0.06368551403 0.0742232725
vn -0.9351685047 0.3297920227 -0.1292171925
v 0.006596959196 0.05003150925 0.01159094367
vn -0.08270066231 0.870298624 -0.4855315387
v 0.02015893348 0.07239750773 0.06326173991
vn 0.6403189301 0.721457243 -0.2636115849
v 0.02863811143 0.04884451255 0.0800197795
vn 0.9512823224 -0.2714722157 -0.1461668015
v 0.02844520472 0.0473915115 0.08145003766
vn 0.9297544956 -0.3285167217 -0.1662328392
v 0.02786328085 0.04684051499 0.07947403193
vn 0.9095854759 -0.3801708519 -0.1677033752
v 0.006254537962 0.05566951632 0.09920426458
vn -0.02212187089 0.1936646551 0.9808183312
v -0.001336593996 0.06905451417 0.04986754432
vn -0.4913879931 0.7560327053 -0.4323799014
v -0.001288945205 0.06829451025 0.04853039235
vn -0.5294927359 0.7639703751 -0.3687636554
v 0.02044641227 0.04362751544 0.05753721669
vn 0.7018120289 -0.680629909 -0.2102445513
v 0.01724069007 0.04763850942 0.01655798033
vn 0.9564544559 0.2448198944 -0.1589278728
v 0.01754948869 0.0455555059 0.01651049033
vn 0.9820010662 0.1193747148 0.1463679969
v 0.0129624065 0.05112150684 0.01426567789
vn 0.3248167336 0.6944475174 -0.642056644
v 0.01084983256 0.0516965054 0.01415853854
vn 0.1603676677 0.6761578918 -0.7190915942
v 0.01240047812 0.05226150528 0.01510399673
vn 0.315358609 0.6368609667 -0.7035318017
v 0.007214431185 0.06063551828 0.09784621745
vn -0.0111072585 0.2952945828 0.9553416967
v 0.007260968909 0.06247351691 0.09718642384
vn -0.002366005676 0.4144111276 0.9100866914
v 0.005504224915 0.06158751622 0.09750067443
vn -0.04205423221 0.3489713371 0.9361893535
v -0.006503566168 0.0743515119 0.07047124952
vn -0.60739851 0.7940315604 -0.02410348319
v 0.003195135389 0.03754550591 0.01744829118
vn -0.2156603634 -0.4419692159 0.8707202673
v 0.02750097401 0.06433351338 0.08636467904
vn 0.8635643125 0.472145468 0.1770179719
v 0.02830510587 0.06311451644 0.08493828773
vn 0.917778194 0.3846045136 0.09880549461
v 0.02752953768 0.0650665164 0.08415036649
vn 0.8813036084 0.4629279971 0.09487704188
v -0.008602623828 0.07296951115 0.07849730551
vn -0.6618801355 0.7495900393 0.005429513752
v -0.009185805917 0.07246150821 0.08036849648
vn -0.6707668304 0.7410799265 0.02953630127
v -0.007341210265 0.07396451384 0.08017732203
vn -0.585665226 0.8090796471 0.04885071144
v 0.01478764508 0.05291850865 0.01730872504
vn 0.5529642701 0.5188936591 -0.6519047618
v 0.01357496064 0.05455651134 0.01763053611
vn 0.4222513437 0.5509807467 -0.7198082805
v 0.01186105423 0.04463050887 0.03597574309
vn 0.3128328025 -0.9439755678 0.1050986573
v 0.01348518115 0.04537550732 0.03664454445
vn 0.4571594894 -0.8839198947 0.09844186157
v 0.01203497127 0.04494750872 0.0382379964
vn 0.3460648954 -0.9318022728 -0.1094695777
v 0.0004635941295 0.05537251011 0.0201726798
vn -0.6319591999 0.4655380249 -0.6195982099
v 0.01119577698 0.05316650867 0.01539706346
vn 0.2168160975 0.635658741 -0.7408972383
v 0.01295600832 0.05320650712 0.01629964262
vn 0.3959447742 0.596047163 -0.6985381246
v -0.01145622786 0.04720650986 0.06480798125
vn -0.8493894339 -0.4617235363 -0.2556344569
v 0.0003584205115 0.05466351286 0.09890192002
vn -0.1353202313 0.1923124939 0.9719589949
v 0.001272115274 0.05286551639 0.09919026494
vn -0.05979828164 0.05487062037 0.9967012405
v 0.01677522808 0.06437651813 0.09473260492
vn 0.2924185991 0.547850132 0.7838058472
v -0.01526713185 0.06372652203 0.08464150131
vn -0.8857947588 0.4533879161 0.09903041273
v 0.003032332985 0.07792050391 0.06670940667
vn -0.174009636 0.9557215571 -0.2373118252
v 0.001983061898 0.07722552121 0.06491156667
vn -0.2203167379 0.9434313774 -0.2477858365
v 0.0008880355745 0.07744552195 0.06665222347
vn -0.2580288947 0.9359461069 -0.2396371067
v 0.001729704556 0.04212750867 0.04721461982
vn -0.3504793346 -0.8524278998 -0.3879831731
v -5.136847176e-05 0.04237950966 0.04853462055
vn -0.4319196939 -0.8032039404 -0.4102545083
v -0.0001733262761 0.0433155112 0.04674341902
vn -0.4734672606 -0.7936691046 -0.3819923103
v 0.01757654548 0.04630751535 0.09954375029
vn 0.151236102 0.04132232815 0.9876335859
v 0.01910206862 0.04495051503 0.09929064661
vn 0.1999555826 0.02803987451 0.9794036746
v 0.01962100342 0.04677351564 0.09909623861
vn 0.2096061409 0.06008576974 0.9759379625
v 0.0286493469 0.0590515174 0.09003700316
vn 0.7843379378 0.3349950314 0.5221037269
v -0.002905947156 0.03821751103 0.06676284224
vn -0.4369586706 -0.8683318496 -0.2346633971
v -0.001976428321 0.03743550926 0.06817037612
vn -0.4024348557 -0.8842827678 -0.2368336469
v -0.0118190404 0.05460850894 0.05831881985
vn -0.9397996664 -0.1218551025 -0.3192615211
v 0.02895997651 0.04588551447 0.08568607271
vn 0.9059000015 -0.3061686456 -0.2925850153
v 0.02899804898 0.04688451067 0.08457072079
vn 0.917888999 -0.2935143113 -0.2670752406
v 0.02958646975 0.04739551246 0.08620974422
vn 0.9320945144 -0.2376426756 -0.2733600736
v 0.02783462591 0.03868051618 0.09004420787
vn 0.870028317 -0.4522984028 -0.1961553842
v 0.02852840349 0.04030351341 0.08950556815
vn 0.8850685358 -0.395263344 -0.2458060086
v 0.02827836759 0.03970151395 0.09175934643
vn 0.8968775868 -0.35178262 0.2680663168
v -0.01410605852 0.05775751173 0.06572510302
vn -0.9644492865 0.02588635311 -0.2629971504
v 0.02215113491 0.06431851536 0.092130512
vn 0.4111699164 0.4620526731 0.7857777476
v 0.02390493639 0.06443951279 0.09116978943
vn 0.4884106815 0.4614472389 0.7406223416
v 0.01225685421 0.03734851256 0.09976638108
vn 0.01380766649 -0.04124363512 0.9990537167
v 0.01111668907 0.03608651459 0.09972245246
vn 0.006969495676 -0.04648992419 0.998894453
v -0.000473852182 0.04564051703 0.09927675128
vn -0.03414686397 0.02001575008 0.9992163777
v -0.0007032846333 0.04773051664 0.09922689199
vn -0.03418529034 0.02012165636 0.9992129207
v -0.00209119264 0.04664551467 0.09920050949
vn -0.04270328954 0.02055387944 0.9988763332
v -0.01724384539 0.05465551466 0.08196150512
vn -0.9828860164 -0.005289644003 -0.1841389239
v -0.01681959815 0.05359951779 0.07990977913
vn -0.9819834828 -0.07273525745 -0.1744075119
v -0.01699953526 0.05235551298 0.08148755878
vn -0.9715306759 -0.1020731777 -0.2137970924
v 0.001487127854 0.03179151192 0.08257492632
vn -0.1516577005 -0.8849213123 -0.4403568804
v 0.02687169239 0.04505351558 0.07885884494
vn 0.8720198274 -0.4578253329 -0.1731399
v 0.02732178196 0.04648351297 0.07748641074
vn 0.8985958099 -0.4134827554 -0.1468248963
v 0.01608339511 0.07467450947 0.06197693571
vn 0.4417722225 0.8549749255 -0.2717630863
v -0.01234793197 0.04793551192 0.06663061678
vn -0.8781113029 -0.413038969 -0.2414940298
v -0.01242247969 0.04804251716 0.09616026282
vn -0.5901963115 0.1041097194 0.8005182147
v -0.01399516873 0.04745351523 0.09495190531
vn -0.6784511805 0.07497818768 0.7308093309
v 0.0291044917 0.05711551756 0.09053882211
vn 0.7999365926 0.2742723227 0.5337378979
v 0.02008462511 0.05024451017 0.04421811551
vn 0.8731956482 -0.3955064118 -0.2847877443
v 0.01925291494 0.04907350987 0.04352133349
vn 0.8256822228 -0.4953058958 -0.2700387537
v -0.001400701469 0.07114450634 0.05365056172
vn -0.4388123453 0.7681670189 -0.4662222266
v -0.00238942937 0.07159350812 0.05523775145
vn -0.467783004 0.735455811 -0.4901874959
v 0.00288142357 0.03708151355 0.09956038743
vn -0.04355440289 -0.0153199276 0.9989336133
v -0.002972458955 0.0508935079 0.03011023253
vn -0.9280316234 -0.3696559668 0.04595416039
v -0.002510850783 0.04960450903 0.0288692601
vn -0.8906975985 -0.4540148675 0.02298408374
v -0.002166904975 0.04925350845 0.03060600534
vn -0.8678436875 -0.4924263954 0.06605739892
v 0.002186142374 0.05480451509 0.09914642572
vn -0.09253936261 0.1567708254 0.9832900763
v -0.006132789887 0.06785850972 0.05453962833
vn -0.6663740277 0.5865725279 -0.4603024125
v -0.006755936425 0.06633250415 0.0535367839
vn -0.7250013351 0.5259444118 -0.4446971416
v 0.02288505808 0.04631850868 0.05861504376
vn 0.8116363883 -0.5390831232 -0.2250239104
v 0.02352328598 0.0464335084 0.06058296189
vn 0.8256989717 -0.516833365 -0.2260629982
v 0.02244680747 0.04502451047 0.06013897806
vn 0.7732695341 -0.5903504491 -0.2313884944
v 0.009671925567 0.03605551645 0.09972015768
vn -0.005527435802 -0.04505256191 0.9989693165
v -0.001134723891 0.02982851118 0.08618957549
vn -0.2108311504 -0.7317021489 -0.6481992006
v -0.00263532484 0.03927050903 0.06252860278
vn -0.4723398387 -0.8516756892 -0.227032125
v 0.00956095662 0.07833150029 0.07999189198
vn 0.1460364014 0.9846994281 0.09508086741
v 0.01134053245 0.07802051306 0.07912608981
vn 0.2257339805 0.9706286788 0.08321109414
v 0.01748625562 0.06312751025 0.03155209124
vn 0.7864109278 0.612560153 -0.07954839617
v 0.01814750768 0.06239850819 0.0335197933
vn 0.8453075886 0.5288206935 -0.07618226856
v 0.01870946772 0.06040151417 0.09616544098
vn 0.3087275624 0.3972689211 0.8642133474
v 0.009418944828 0.03328451514 0.0995394215
vn 0.009593321942 -0.1275695264 0.9917832613
v 0.02719487809 0.05831251293 0.0634419024
vn 0.9733646512 0.06756410748 -0.2190808058
v -0.003217296908 0.05131150782 0.02825480141
vn -0.9543083906 -0.2949646413 -0.04786846042
v -0.003502058331 0.05310250819 0.02765673585
vn -0.9831433892 -0.1205041483 -0.1375056654
v -0.003102969611 0.05182050914 0.02640062012
vn -0.9680618048 -0.2075915039 -0.1405777782
v 0.01607666723 0.04541450739 0.02650406025
vn 0.6821162105 -0.7112182975 0.1699588746
v 0.01734905131 0.04647250473 0.02510765567
vn 0.8063527942 -0.5774666667 0.127778843
v 0.0171923358 0.04673350975 0.02726556547
vn 0.7592491508 -0.6417949796 0.1078885049
v -0.006794111803 0.04466950893 0.05626707524
vn -0.7335212231 -0.6255444288 -0.2657832205
v -0.005556672346 0.04311650991 0.05697870627
vn -0.6608463526 -0.7046917081 -0.2582473457
v 0.01706074364 0.03858251497 0.0995291397
vn 0.1564676017 -0.07833853364 0.9845714569
v 0.01537506562 0.03975451365 0.09975475818
vn 0.06723248959 -0.03555641323 0.9971035719
v 0.002444204176 0.07123351097 0.0507000275
vn -0.267893225 0.864628315 -0.4250306785
v 0.003760070074 0.07208651304 0.05178155005
vn -0.1814055741 0.8843606114 -0.4301142693
v 0.004068977665 0.07128150761 0.0499430187
vn -0.1775043458 0.8902209997 -0.4195221364
v -0.00931540411 0.06323351711 0.09222497791
vn -0.4839200079 0.4850231707 0.7284050584
v -0.01092722546 0.0631005168 0.09116636962
vn -0.4962678552 0.4388464391 0.7490874529
v -0.01065105014 0.06172151491 0.09225042164
vn -0.5299941301 0.4550101161 0.7155920863
v -0.01469048858 0.04572351277 0.07929806411
vn -0.8841801882 -0.4071403742 -0.2290461212
v -0.01467244886 0.04481551424 0.08114375919
vn -0.860874474 -0.4263468981 -0.277711153
v -0.01543577295 0.04667051136 0.08078850806
vn -0.9008708 -0.365670085 -0.2339170426
v 0.0003464951005 0.06158751622 0.09699440002
vn -0.1604797095 0.3932649493 0.9053115249
v 0.001837273943 0.06338451803 0.0963228792
vn -0.129185915 0.4718869925 0.8721431494
v -0.01642496139 0.04041851684 0.08965791762
vn -0.9316095114 -0.3476373553 0.1060752347
v -0.01577535644 0.03920151293 0.08842036128
vn -0.8579980135 -0.436455816 -0.270824194
v -0.01561943162 0.03860451281 0.09018371254
vn -0.8971294165 -0.4088509679 0.1673312187
v -0.01281558909 0.0464255102 0.07112628222
vn -0.8556602597 -0.4553524256 -0.2459669113
v -0.01341007836 0.04687650874 0.0723907277
vn -0.8747089505 -0.4126715362 -0.2541386187
v -0.01364133973 0.04793950915 0.07142728567
vn -0.8919084668 -0.3833331168 -0.239906311
v 0.00726114912 0.04916850477 0.009984670207
vn -0.04287042841 0.8549388051 -0.5169543624
v 0.005363065284 0.04922350869 0.01057025325
vn -0.2117400318 0.8403241634 -0.4990204871
v 0.02007451281 0.05550450459 0.03255597875
vn 0.9994202256 -0.01025436353 0.03246681765
v -0.006921221036 0.04856851697 0.09829819947
vn -0.2569823265 0.09097966552 0.9621241093
v -0.006031546276 0.04997051135 0.09838160127
vn -0.245910719 0.1147487089 0.9624763131
v -0.01033444237 0.03451951593 0.09546209872
vn -0.6649051309 -0.4441181421 0.6005499959
v 0.005591440015 0.06338851154 0.096675165
vn -0.04115987569 0.4710221291 0.8811606169
v 0.01250884123 0.0616935119 0.09716245532
vn 0.119485423 0.4174269438 0.9008207321
v 0.01414388232 0.0612215139 0.097101219
vn 0.180578649 0.4237481654 0.8875972033
v 0.01396028697 0.06271351129 0.09635350853
vn 0.1688557267 0.4455557764 0.8791858554
v 0.01140416879 0.04833751172 0.009380669333
vn 0.1949758679 0.8190436363 -0.5395849943
v 0.0100675663 0.04762250558 0.008027280681
vn 0.1384659559 0.7953836918 -0.5900779366
v 0.009363023564 0.04888750613 0.00964318309
vn 0.1024791375 0.8451060653 -0.5246844888
v 0.003450231859 0.02636551112 0.09638094902
vn -0.1270697117 -0.8309287429 0.5416740179
v 0.001697314437 0.02734951302 0.09719861299
vn -0.1702331156 -0.6997329593 0.6938259602
v -0.01276477426 0.04552651197 0.07248079777
vn -0.8391551375 -0.473852098 -0.2669884562
v -0.01189857256 0.0448975116 0.07105351985
vn -0.8111748099 -0.5248001814 -0.258031249
v 0.009530272335 0.03814451396 0.05782394111
vn 0.1242888644 -0.9738661647 -0.1900971383
v 0.007914363407 0.03817750886 0.05679721385
vn 0.0473263897 -0.9853739738 -0.1637018174
v 0.02603628486 0.05543250963 0.05872062221
vn 0.9633001089 -0.06246006861 -0.2610586882
v 0.02606737614 0.05749651045 0.05883574486
vn 0.9621917009 0.03566016629 -0.2700287104
v 0.02241316065 0.06806650758 0.05860393494
vn 0.763102591 0.5590875149 -0.3241845369
v 0.02109777369 0.06951551139 0.05841694772
vn 0.6911261678 0.633813262 -0.3473116755
v 0.01806626841 0.03748751059 0.0729469806
vn 0.4857144654 -0.8267781138 -0.2837593555
v 0.0173484832 0.03766451031 0.07122848928
vn 0.4678072333 -0.848244071 -0.2482706904
v 0.01899668947 0.03854051605 0.07157292217
vn 0.5384235382 -0.8030817509 -0.2552641034
v 0.02773124166 0.06248551235 0.06921456009
vn 0.954854548 0.24803859 -0.1634922326
v 0.02712962218 0.06451551616 0.06928107142
vn 0.9266047478 0.3434743881 -0.1530652791
v 0.02776082978 0.06309851259 0.07057535648
vn 0.9510326385 0.2869284451 -0.1149304658
v 0.01028097142 0.0428395085 0.02759795636
vn 0.1572660804 -0.9577962756 0.240611136
v 0.01025958266 0.04227951169 0.02573313937
vn 0.1461425871 -0.9357281327 0.3210221231
v 0.01192412619 0.04293550923 0.02647836693
vn 0.3019888103 -0.9170368314 0.2604730725
v 0.0154166054 0.04499451444 0.09979820251
vn 0.04440493137 0.02061311901 0.9988009334
v 0.01091982517 0.05382651463 0.09948059916
vn 0.03736595809 0.1430318058 0.9890124798
v 0.009849084541 0.05284351483 0.09948406368
vn -0.03020879254 0.02395922504 0.9992564321
v 0.01505519729 0.03676550835 0.01726782881
vn 0.2253388017 -0.2274340838 0.947362721
v 0.01365672983 0.03567550704 0.01719907857
vn 0.0653392151 -0.2555618882 0.9645822644
v 0.01601440832 0.07412451506 0.05989436805
vn 0.4384901226 0.8529134393 -0.2833109498
v 0.01618654467 0.07343351841 0.05828130245
vn 0.4516494274 0.8116722107 -0.3704065979
v 0.01444693003 0.07435051352 0.05850408226
vn 0.3533202112 0.8609544039 -0.3659540117
v 0.008293530904 0.0783515051 0.08077409863
vn 0.05855260417 0.9914522767 0.1165934056
v 0.0126640629 0.05308551714 0.09947410226
vn 0.07641920447 0.1471883953 0.9861519337
v 0.01781119406 0.02898051031 0.007496173494
vn 0.5592568517 -0.5059861541 -0.6566656828
v 0.01922451891 0.02952350862 0.008477963507
vn 0.7416709065 -0.512069881 -0.4332536757
v 0.01822976954 0.0279435087 0.009186438285
vn 0.6856646538 -0.6567509174 -0.313914299
v -0.001797250588 0.04554751143 0.04466180131
vn -0.6195322275 -0.6886968613 -0.3766649067
v -0.001629118924 0.0464005135 0.0429315269
vn -0.6505832076 -0.6808345318 -0.3364607394
v -0.0004430889385 0.04513751343 0.04336124659
vn -0.5531762242 -0.7552568913 -0.3515438735
v 0.02566515096 0.05060551316 0.06118039042
vn 0.921497345 -0.3110597134 -0.2325608581
v 0.01357094012 0.0393795073 0.01856894605
vn 0.2916291952 -0.5229223967 0.8009397984
v 0.01343581825 0.03763250634 0.01777887717
vn 0.1512290686 -0.3579223752 0.9214235544
v 0.01508240961 0.03857350722 0.01773102582
vn 0.3265336752 -0.2944338024 0.8981561661
v 0.01944418624 0.0426065065 0.01139315497
vn 0.9157634974 0.4010387957 -0.0233469829
v 0.01924035139 0.04244350642 0.01352444105
vn 0.9221627116 0.3111207783 0.2298256755
v 0.007071666885 0.0753005147 0.05712564662
vn 0.01004845742 0.9016909003 -0.432264477
v 0.008514764719 0.07591050863 0.05870079622
vn 0.08748248219 0.9322814941 -0.350995779
v 0.008883248083 0.07507751137 0.05693434551
vn 0.0918970108 0.8896510601 -0.4472984672
v -0.002630425617 0.07622051239 0.06725051999
vn -0.4358970225 0.8725315332 -0.2206411958
v -0.003305442864 0.07555451244 0.06603778899
vn -0.4602915049 0.8505685925 -0.2542927861
v -0.004183569457 0.07536651194 0.06725753844
vn -0.498403728 0.8392038941 -0.2175558805
v 0.01592263579 0.0767975077 0.07040835917
vn 0.4119770527 0.9100821614 -0.0450040102
v 0.0171425119 0.07605750859 0.06885007024
vn 0.468429625 0.8722398877 -0.1406103522
v 0.01549575292 0.07679851353 0.06860975176
vn 0.3939117491 0.9077913761 -0.1440428793
v -0.006252918392 0.05212251097 0.0455432944
vn -0.9001879692 -0.2487400621 -0.3574772775
v 0.00751769403 0.04405050725 0.03664494306
vn -0.03829991445 -0.997805357 0.05401477218
v 0.005746610928 0.04431850836 0.03685164079
vn -0.1957070678 -0.9800616503 0.03432006389
v 0.006436667871 0.04406850785 0.03510316089
vn -0.1237135902 -0.987690568 0.09572009742
v -0.01387993433 0.05323951319 0.06598897278
vn -0.9492934346 -0.1792818308 -0.2582634687
v -0.00756324036 0.06886351109 0.05807488039
vn -0.7253348231 0.5862445831 -0.3608416915
v 0.004252353217 0.03805751354 0.05825911835
vn -0.1388370544 -0.9700840712 -0.1991509795
v 0.002822571434 0.03858851269 0.05702661723
vn -0.2301135212 -0.952275157 -0.2005486637
v -0.007403275464 0.0634425059 0.05133741722
vn -0.8094551563 0.4217375815 -0.4085581303
v -0.008178542368 0.06328850985 0.05282683298
vn -0.827757895 0.3924692869 -0.4009796977
v -0.007178515662 0.06473650783 0.05243272707
vn -0.772900939 0.4833754003 -0.4110624492
v 0.01351347007 0.04497351125 0.03983136639
vn 0.4427855909 -0.8469071388 -0.2944302559
v 0.01370487642 0.04570751265 0.0382399708
vn 0.4673337936 -0.877124846 -0.1106848121
v -0.007922160439 0.05039351434 0.09783978015
vn -0.2682222426 0.1197732985 0.9558824301
v -0.001927084406 0.03580550849 0.01247263048
vn -0.9313914776 -0.1144993082 0.3455428183
v -0.001550844638 0.0373125039 0.01382025238
vn -0.890514195 -0.09504187107 0.4449174106
v 0.01851117797 0.04115051404 0.06032481045
vn 0.5786847472 -0.7826659679 -0.2292553335
v 0.01799495332 0.04140451178 0.05818295106
vn 0.5700832605 -0.7954251766 -0.2056789547
v -0.01446957607 0.05462551117 0.06731662899
vn -0.959441781 -0.115082562 -0.2573470771
v -0.01448661834 0.05326651037 0.06825559586
vn -0.9540062547 -0.1807824373 -0.2391438186
v 0.01775714755 0.06748151034 0.04973191395
vn 0.6161544323 0.7008828521 -0.3593284786
v 0.01804139465 0.06657250971 0.04823474213
vn 0.6678483486 0.684176743 -0.2930542231
v 0.01657687873 0.06783051044 0.04831282049
vn 0.5747329593 0.7613050938 -0.3001609445
v 0.01900846697 0.03588250652 0.005750004668
vn 0.677470088 -0.03586075827 -0.7346756458
v 0.02020572871 0.03599050269 0.007169679739
vn 0.842023313 0.03345427662 -0.5384027958
v 0.02344104461 0.0664505139 0.0585369654
vn 0.823674202 0.4690171778 -0.3187219203
v 0.02205217257 0.05655150861 0.04669768736
vn 0.9616751671 0.04596166313 -0.2703117132
v 0.02226945572 0.05808250606 0.04789479822
vn 0.9475646019 0.1435109228 -0.2855275273
v 0.0241455026 0.04263951257 0.0733076036
vn 0.7660750151 -0.5978971124 -0.235898599
v 0.02386182733 0.04184551537 0.07475876808
vn 0.7494961619 -0.6275091767 -0.210921064
v 0.02321157604 0.04152451456 0.07340680063
vn 0.7138538361 -0.6576223373 -0.2407188863
v 0.01374254841 0.04662751406 0.09974204749
vn -0.01827371493 0.02059155144 0.9996209741
v -0.01464066654 0.05626051128 0.0675509274
vn -0.9664410949 -0.02307176031 -0.2558500767
v 0.01403596997 0.03885851055 0.05981482565
vn 0.356654793 -0.9050246477 -0.2317923307
v 0.01304134168 0.03887751326 0.05817493424
vn 0.3083955348 -0.9310723543 -0.1949267536
v 0.01500530355 0.03952850774 0.05864921957
vn 0.4022366703 -0.8934268951 -0.1999849677
v -0.001625438919 0.04039250687 0.05662862957
vn -0.4675137103 -0.857057929 -0.2165240794
v -0.003079150338 0.04135450721 0.05636087433
vn -0.5391259193 -0.8123435974 -0.2223535031
v 0.02353223786 0.04616951942 0.09801305085
vn 0.4568630159 0.0428747125 0.8885031939
v 0.02470086329 0.04729451239 0.09713541716
vn 0.5638386011 0.06478256732 0.8233402967
v 0.0233686287 0.04771351814 0.09796945006
vn 0.4437971711 0.08695780486 0.8918982148
v 0.001874930807 0.0309735164 0.09879560769
vn -0.1082756445 -0.2432667613 0.963897109
v -0.0002998515265 0.03126451373 0.09857627749
vn -0.1540096551 -0.2445129454 0.957337141
v 0.0002025108697 0.02956951223 0.09819319099
vn -0.1669206917 -0.3298614919 0.9291549325
v -0.01452101767 0.04093451425 0.08506119996
vn -0.7525426745 -0.4541671574 -0.4768770635
v -0.01503322087 0.04281951487 0.08409117162
vn -0.7990768552 -0.4191528857 -0.4310302138
v 0.01185229607 0.05031650886 0.01293102838
vn 0.2165737152 0.7850016356 -0.5804035068
v 0.002026750706 0.06492850929 0.02793253027
vn -0.4694933593 0.7807313204 -0.412352562
v 0.002571285935 0.06403250992 0.02602099255
vn -0.3923917115 0.7442955375 -0.5404191613
v 0.001270495937 0.06378050894 0.02698917873
vn -0.533259809 0.7100381255 -0.4598693252
v -0.005920266267 0.04086951539 0.09878562391
vn -0.2212929875 -0.03772101179 0.9744775891
v 0.01808012836 0.02737650648 0.01137160137
vn 0.7082154751 -0.7053912878 0.029222738
v 0.01801230945 0.02787650749 0.01318234578
vn 0.6418431401 -0.5975751877 0.4805634618
v 0.01707020774 0.02685050853 0.01296407636
vn 0.5781769753 -0.6967874765 0.4244980514
v -0.01116968878 0.05115550756 0.05855411664
vn -0.9033546448 -0.2931666374 -0.3130554855
v -0.0115999477 0.05306250975 0.05846638605
vn -0.9288375974 -0.1873299778 -0.3196375668
v 0.02417615056 0.06586451828 0.05992385373
vn 0.8507037759 0.444868952 -0.2799905539
v 0.02441980131 0.06452050805 0.0586194098
vn 0.8646050096 0.3857151866 -0.3219967782
v -0.00116719841 0.06022750959 0.02547312342
vn -0.7167518139 0.4895560145 -0.4965901077
v 0.003147046547 0.038864512 0.05525965989
vn -0.2264118195 -0.957210362 -0.1802387834
v 0.001975053689 0.03938251361 0.05436015129
vn -0.2989232242 -0.935467422 -0.1885353029
v 0.003241469152 0.03913551196 0.0535488911
vn -0.2364031374 -0.9543399811 -0.1826165318
v 0.009295118041 0.05769450963 0.01881320216
vn 0.07441157103 0.6474315524 -0.7584822178
v 0.01088893507 0.05720251054 0.01872853003
vn 0.2046200931 0.6231790185 -0.7548367381
v -0.008148553781 0.03397451341 0.09711463749
vn -0.4805901647 -0.3370043337 0.8096055388
v 0.007284300867 0.02378650755 0.01176850032
vn -0.1695714593 -0.9121486545 0.3731358647
v 0.009082096629 0.02381250821 0.01227412932
vn -0.0549233444 -0.8602827191 0.5068501234
v 0.01430088002 0.07543350756 0.06160990894
vn 0.3843758106 0.8870873451 -0.2555998862
v 0.01318670344 0.07602951676 0.06218222901
vn 0.3127842546 0.912471056 -0.2637470961
v -0.01252870541 0.05535151809 0.09431856126
vn -0.6008240581 0.2962736189 0.7424502373
v -0.01383209415 0.05460651219 0.09334052354
vn -0.6911961436 0.2822366059 0.6652746797
v 0.01265584398 0.0667065084 0.03162832931
vn 0.3663000464 0.9239431024 -0.1102425009
v 0.01158884354 0.06694750488 0.03008602373
vn 0.2690091431 0.9362897277 -0.2258221507
v 0.01115320995 0.06725550443 0.03200227767
vn 0.2774539888 0.9527972341 -0.1232749
v 0.01347831171 0.0776065141 0.07556396723
vn 0.3046826422 0.9523516893 -0.01395327784
v 0.01186036225 0.07805851102 0.07562279701
vn 0.2291069478 0.9732933044 -0.01449568663
v 0.01265687775 0.07788151503 0.07729194313
vn 0.2628928125 0.9639412761 0.04128682613
v 0.01078751963 0.0783085078 0.07703601569
vn 0.1950462312 0.9804686308 0.02526237443
v -0.0008562137955 0.04036951438 0.0993687585
vn -0.05382119119 0.003552387236 0.9985442758
v 0.000387071661 0.03895351291 0.09944021702
vn -0.05278397724 0.0005177133135 0.9986058474
v 0.02688244171 0.05201151222 0.09457636625
vn 0.7071575522 0.1910271198 0.6807619929
v 0.02579488605 0.05349251628 0.09518960863
vn 0.6250799894 0.2437486053 0.7415265441
v -0.01501711458 0.04195551574 0.0934381485
vn -0.8286610842 -0.1774937063 0.5308642387
v -0.01650015824 0.0411635153 0.08784529567
vn -0.8714553118 -0.3703876138 -0.3215255141
v 0.004079943523 0.03650951013 0.0651852712
vn -0.1255892515 -0.9660678506 -0.2256994545
v 0.02062832564 0.03629551455 0.09845923632
vn 0.3962738812 -0.2336755097 0.8878979683
v 0.02046247944 0.03407951444 0.0977191478
vn 0.5000477433 -0.3761068583 0.7800614834
v 0.0205554422 0.06723250449 0.05410893634
vn 0.7074518204 0.5854279399 -0.3959621489
v 0.02039223351 0.06853051484 0.05572430417
vn 0.6710279584 0.6062614322 -0.4268120527
v 0.01679694839 0.02822251245 0.09485843033
vn 0.4664596319 -0.7870686054 0.4036563635
v 0.0171916578 0.02968751639 0.09660290927
vn 0.4669490159 -0.6697280407 0.5774279237
v -0.004053923301 0.04140551761 0.09910050035
vn -0.1293788254 -0.01611646637 0.9914642572
v -0.002129481873 0.04180551693 0.0992962718
vn -0.06496788561 0.005167465191 0.9978739619
v 0.02732040174 0.0518425107 0.06697523594
vn 0.9540041089 -0.2488338947 -0.1672060043
v 0.004010280129 0.02792251483 0.08727375418
vn -0.04514690116 -0.7064984441 -0.7062730789
v 0.002322035143 0.02671951428 0.08845383674
vn -0.08473586291 -0.7105101943 -0.6985664368
v 0.01848274656 0.07295151055 0.06083513424
vn 0.5590487719 0.7859690785 -0.2640400231
v -0.001481909887 0.05506951734 0.09846989065
vn -0.1705702543 0.2142741233 0.9617652297
v 0.01358136255 0.06652351469 0.09411728382
vn 0.1993869543 0.5949184299 0.778663516
v 0.004240775947 0.06608851254 0.09511817992
vn -0.06929669529 0.5229949355 0.8495141268
v 0.002859072294 0.0670215115 0.09429455549
vn -0.118055746 0.5939309597 0.7958070636
v 0.02501642704 0.03680451214 0.09501395375
vn 0.7618204951 -0.4026793838 0.5074237585
v 0.007503647823 0.07100750506 0.04860442504
vn 0.008221172728 0.9413546324 -0.3373186588
v 0.007703072857 0.07050351053 0.04677816853
vn 0.01036042254 0.9647068381 -0.2631224394
v 0.005939218216 0.07057450712 0.04735932499
vn -0.1082954705 0.9529677033 -0.2830629647
v -0.009258300066 0.06009551138 0.09433314949
vn -0.466756314 0.4218132198 0.7773108482
v 0.01716351323 0.05253450572 0.01952207088
vn 0.8016514778 0.3239575028 -0.5024006963
v 0.01635804214 0.05174350739 0.01796868443
vn 0.7146706581 0.3986804783 -0.5747171044
v 0.01597671025 0.05323050916 0.01864607073
vn 0.6375200152 0.4444894493 -0.6292832494
v -0.00584364403 0.0639135167 0.09381535649
vn -0.3814405203 0.5341514945 0.7544437051
v -0.01169418544 0.03590350971 0.09496241063
vn -0.7192422748 -0.4049466252 0.5645430088
v -0.008056825958 0.06199051067 0.05131310225
vn -0.8480460048 0.3430293798 -0.4039168954
v -0.01441703271 0.05718151852 0.09151151031
vn -0.6457122564 0.3081046939 0.6986609697
v -0.0144253904 0.05561951175 0.09225464612
vn -0.6916148663 0.294490546 0.6595029831
v -0.002761768643 0.02735651657 0.09486811608
vn -0.407210499 -0.8178286552 0.4066151381
v -0.001136573963 0.02645351179 0.09433326125
vn -0.3242551982 -0.891218245 0.3171569705
v 0.001348897 0.03769751638 0.09949105978
vn -0.0560394749 -0.01289592311 0.9983452559
v 0.02775309235 0.05514550954 0.066024445
vn 0.9751119018 -0.0929203704 -0.2013021708
v 0.0244756788 0.05778251216 0.09441115707
vn 0.576182127 0.3775498569 0.7248932719
v 0.02322498523 0.0577355139 0.09534802288
vn 0.4891337454 0.3646177053 0.792339623
v 0.0245168414 0.05641051382 0.09505192935
vn 0.5687209368 0.3318231702 0.7526286244
v 0.008905446157 0.0633155182 0.09670225531
vn 0.0505775921 0.4732472301 0.8794765472
v 0.007279116195 0.06418851763 0.09624449909
vn 0.002884362591 0.4893058538 0.8721075058
v 0.01416053157 0.02728651091 0.01469280478
vn 0.148785904 -0.4432376027 0.8839701414
v 0.02682675049 0.0547385104 0.06203251705
vn 0.9665894508 -0.1026564687 -0.2348754853
v 0.02637019008 0.05276250839 0.06151363626
vn 0.9503088593 -0.2065641582 -0.2329041064
v 0.02624084242 0.05412751064 0.06017344445
vn 0.9605647326 -0.1260223985 -0.2478583902
v 0.008898391388 0.03139350936 0.01551575121
vn -0.09044689685 -0.229177475 0.9691733718
v 0.02349899709 0.07080951333 0.06912010908
vn 0.7630285621 0.6283338666 -0.1516046077
v 0.02390573919 0.07058851421 0.07106911391
vn 0.7849390507 0.6189208627 -0.02841999196
v 0.02465337515 0.06944951415 0.0695977658
vn 0.8113609552 0.5716310143 -0.1221942157
v 0.02739387937 0.06442651153 0.07138831168
vn 0.9354243875 0.3457787931 -0.07360880077
v 0.02663555369 0.06615151465 0.07053494453
vn 0.9064847827 0.4097488523 -0.101937145
v 0.003666839795 0.07461150736 0.05635903403
vn -0.1663042754 0.8687207699 -0.4665480852
v 0.005767430179 0.07457651198 0.05579137057
vn -0.05380873382 0.8712520599 -0.4878774583
v 0.0111058047 0.02989851125 0.08562087268
vn 0.1709409207 -0.7867162824 -0.5931751132
v 0.01114375144 0.02860351093 0.08723510802
vn 0.1628064215 -0.7157831192 -0.6790792346
v 0.009517098777 0.0289805159 0.08643513918
vn 0.1244433671 -0.7615513206 -0.6360451579
v -0.01735911518 0.05060151592 0.09049654007
vn -0.8282542825 0.07843906432 0.5548352003
v -0.01630415954 0.0520215109 0.09139505029
vn -0.7459391952 0.1590234786 0.6467505097
v 0.005694021937 0.02616051212 0.09633747488
vn -0.01951775886 -0.8548448682 0.5185164213
v 0.004849769641 0.02535151131 0.0947477445
vn -0.06509498507 -0.9311089516 0.3588854373
v 0.01864376664 0.04999750853 0.03372584656
vn 0.8693890572 -0.4884183705 0.07490115613
v 0.01915484108 0.0506465137 0.03162205964
vn 0.9162976742 -0.3883069158 0.09806282818
v 0.00485025486 0.07739450783 0.08424063772
vn -0.06295918673 0.9124007821 0.4044266343
v 0.004343157634 0.06996450573 0.04613215476
vn -0.2129980624 0.943621099 -0.2533990145
v 0.002346558264 0.06966350973 0.04705357179
vn -0.3171539903 0.9043843746 -0.2854859531
v 0.00420598546 0.07045350969 0.04809862003
vn -0.2029389143 0.9226781726 -0.3278427124
v 0.02653172612 0.06535451114 0.08787949383
vn 0.7694430947 0.5232597589 0.3662738204
v 0.02530353889 0.06605051458 0.08883114159
vn 0.6399413347 0.5206331611 0.5651692152
v 0.02568537742 0.06437451392 0.08972168714
vn 0.6218953729 0.4753235281 0.6223453283
v 0.01028246898 0.07771250606 0.06559812278
vn 0.1611430496 0.9569679499 -0.2413404435
v 0.01254541241 0.07730251551 0.06613665074
vn 0.2612368166 0.9387776852 -0.2246147543
v 0.02815988474 0.06061751768 0.08966108412
vn 0.7570219636 0.3871327341 0.5263515711
v 0.025464423 0.05471551418 0.05712417886
vn 0.9485687613 -0.0972366035 -0.3012679517
v 0.01683026738 0.0580275096 0.02324586734
vn 0.6488137841 0.4676111937 -0.6003169417
v 0.01603590511 0.05701150745 0.0217188783
vn 0.6185343862 0.4934615791 -0.6114825606
v -0.0001737703424 0.04145451263 0.05036150664
vn -0.416223824 -0.8156867027 -0.4017623067
v 0.001443882589 0.04035850987 0.05104409903
vn -0.3433537781 -0.8697279692 -0.3545157909
v -0.0003188191913 0.04065350816 0.05247078836
vn -0.4219926894 -0.8679878116 -0.2617619336
v -0.01001064759 0.05011351407 0.09723217785
vn -0.3739358783 0.1366009265 0.9173397422
v -0.01095220074 0.05154851452 0.09649962187
vn -0.4975448847 0.1961502582 0.8449699283
v -0.01176132541 0.04985451698 0.09634292126
vn -0.5441763997 0.156515643 0.8242419958
v -0.0008066311129 0.04677750915 0.0400589183
vn -0.6280450225 -0.7119030356 -0.314250797
v -0.002129337285 0.04806250706 0.04023289308
vn -0.7334976196 -0.6062031388 -0.3074068129
v -0.001209596754 0.04776151106 0.03876141459
vn -0.6909835935 -0.6646092534 -0.2843170464
v 0.006267460994 0.06913150847 0.04132001102
vn -0.1024639606 0.9705335498 -0.2180957645
v 0.008236052468 0.06932450831 0.0416293554
vn 0.0350106433 0.9767739177 -0.2113929093
v 0.01479617972 0.03473451734 0.09938979894
vn 0.128289476 -0.152161479 0.9799942374
v 0.01608599164 0.03659751266 0.0994758606
vn 0.1410713792 -0.1169904768 0.9830626249
v -0.01058771834 0.07100151479 0.08060580492
vn -0.7271789312 0.6863378882 0.01229062211
v -0.01005114522 0.07157851756 0.07869299501
vn -0.7168040872 0.6972743869 0.0005700630718
v 0.01732239127 0.04496250674 0.01774045639
vn 0.9763872623 -0.1180366725 0.1809288412
v 0.01653253101 0.04073651507 0.09970222414
vn 0.1065797582 -0.03178175166 0.9937961102
v 0.01776940934 0.04197751731 0.09958035499
vn 0.1555692405 -0.02040043101 0.9876143336
v 0.01218669303 0.0417705141 0.04730544612
vn 0.2989437878 -0.8802925348 -0.3683987558
v 0.01320827939 0.04163751006 0.04856603593
vn 0.3681440651 -0.8499901295 -0.3768113256
v 0.01179853268 0.04093451053 0.04897417501
vn 0.2637694776 -0.8817318678 -0.3911196589
v -0.01708528586 0.05853351206 0.0840581283
vn -0.9745740294 0.2124063671 -0.07133725286
v -0.0166452378 0.06038551778 0.08506073058
vn -0.9477093816 0.3180555999 0.02622219548
v -0.01673004776 0.06014151499 0.08306066692
vn -0.964861095 0.257509619 -0.05226749927
v 0.005928001367 0.07867950946 0.0763528198
vn -0.02261341363 0.9995741248 -0.01844605058
v 0.00488872407 0.07867151499 0.07816041261
vn -0.06740276515 0.9967139363 0.04492429271
v 0.005726772361 0.06509651244 0.09567119926
vn -0.03358127177 0.489803642 0.8711857796
v 0.02347966097 0.07084651291 0.08322765678
vn 0.7018023133 0.696844399 0.147923544
v 0.02203091234 0.07209651172 0.08395764232
vn 0.6366624236 0.7310882211 0.2452976257
v 0.02280380204 0.07072450966 0.08517572284
vn 0.6509841084 0.7015784383 0.2898403704
v 0.004969292786 0.04127451032 0.02236868441
vn -0.3484707475 -0.8332114816 0.4293328822
v 0.00607661251 0.04050850868 0.02170407772
vn -0.2283678055 -0.8506839275 0.4734817445
v 0.006851847284 0.04123051092 0.02332246862
vn -0.139969483 -0.8856898546 0.4426759481
v -0.008800750598 0.07160851359 0.08529750258
vn -0.5968444347 0.7458387613 0.2958060801
v -0.007771586999 0.07188851386 0.08645328879
vn -0.5103414655 0.7337405682 0.4485269189
v -0.007369897794 0.07258851826 0.08523829281
vn -0.5284026265 0.7869307995 0.318638593
v -0.01392290462 0.06136151031 0.06639774144
vn -0.946797967 0.1961074769 -0.2551774085
v -0.01335395314 0.0618105121 0.06473819166
vn -0.9354349971 0.2275627553 -0.2705115676
v 0.01129853632 0.03999150917 0.05072413385
vn 0.2332065552 -0.8998875022 -0.3685337603
v 0.0270166751 0.05039051175 0.06775332987
vn 0.9367601871 -0.3055934906 -0.1705666035
v 0.02687598765 0.05070651323 0.06610056013
vn 0.9351582527 -0.2953309715 -0.1955982149
v 0.01722720824 0.02778851241 0.09075471759
vn 0.441267997 -0.8430376053 -0.3075225651
v 0.0114193745 0.02523350529 0.01371271349
vn 0.02944481 -0.5941012502 0.8038511872
v 0.01446723286 0.03722850978 0.06722985208
vn 0.3573906422 -0.9127659798 -0.1978135258
v -0.01073608082 0.06814150512 0.06487458944
vn -0.8253968358 0.5021763444 -0.2579515576
v -0.01058787014 0.06903651357 0.0662484467
vn -0.8062421083 0.5390108228 -0.2438053042
v -0.009446321987 0.05375751108 0.05218320712
vn -0.9325603843 -0.1237055361 -0.3391578496
v -0.009163748473 0.05523750558 0.05102817342
vn -0.9252343774 -0.03473668918 -0.3778024018
v -0.008766000159 0.05332450569 0.05048542842
vn -0.9038295746 -0.1471782476 -0.4017843902
v 0.01427573431 0.07673750818 0.0661566928
vn 0.3364731073 0.9147887826 -0.2234890163
v 0.01981979422 0.07395350933 0.06748061627
vn 0.6043550968 0.770367682 -0.2031959146
v -0.005683430471 0.07429751009 0.06687614322
vn -0.5613974929 0.7916296124 -0.2411543429
v 0.02714092098 0.06345551461 0.06757245958
vn 0.9360358715 0.293392092 -0.1943139434
v 0.01825583726 0.05135250464 0.02114328556
vn 0.9319170713 0.1216545179 -0.3416588008
v 0.01391611714 0.04983150586 0.01326463558
vn 0.3730427623 0.7710077167 -0.5161260962
v 0.02001557127 0.0580535084 0.03633416817
vn 0.9872565866 0.153542608 -0.04182181507
v 0.02018522099 0.05615550652 0.03690429032
vn 0.9996951818 -0.01156990882 -0.02181022801
v -0.0002996141266 0.03681251034 0.06782338023
vn -0.3086354733 -0.9239032269 -0.226157099
v 0.001039750525 0.07796151191 0.07489919662
vn -0.2504740655 0.9675239325 -0.03406115994
v 0.001329613384 0.07808050513 0.07640295476
vn -0.2332493216 0.9720116258 -0.02807419002
v -0.01546170563 0.05564751476 0.0911616534
vn -0.6838060617 0.2526881695 0.6845129728
v -0.0151671404 0.05373151228 0.09220531583
vn -0.7277600169 0.2288136184 0.6465367079
v 0.006375272293 0.07356750965 0.05407711118
vn -0.03622158989 0.8739525676 -0.4846595228
v 0.008027957752 0.07425950468 0.05531622097
vn 0.05468447879 0.8717198968 -0.4869436026
v 0.01757297851 0.05083951727 0.09909135848
vn 0.1745726913 0.1297916323 0.9760525227
v -0.005831665359 0.07352451235 0.08546290547
vn -0.4683047533 0.7980262637 0.3792687356
v -0.00697503658 0.07348151505 0.08381293714
vn -0.5424751043 0.7856917977 0.2973368764
v 0.03023334593 0.05296051502 0.08575554192
vn 0.9896383882 -0.02337817289 -0.1416661888
v 0.03019330651 0.05496551841 0.0855800882
vn 0.9936227202 0.06003225967 -0.09544617683
v 0.02510330267 0.06826651096 0.06817128509
vn 0.8394098282 0.5087218881 -0.1912934929
v 0.01331602968 0.04769450799 0.009270835668
vn 0.2619952857 0.7967821956 -0.5445150733
v 0.01257546991 0.04865450412 0.0104762679
vn 0.2422670275 0.8385998607 -0.4879108071
v 0.01426651143 0.04823550954 0.01070910227
vn 0.3400289118 0.8179395199 -0.464063853
v 0.02767472714 0.06155950949 0.06773376465
vn 0.9605202079 0.2054934651 -0.1875455379
v -0.007638041396 0.03771150857 0.07764672488
vn -0.5899089575 -0.7695316076 -0.2445987016
v -0.008160475641 0.03729151189 0.07979014516
vn -0.5945504308 -0.7473037243 -0.2967271209
v -0.009076882154 0.0384975113 0.07873126119
vn -0.637552619 -0.7207786441 -0.2720383108
v 0.005420682486 0.07461851835 0.08837050945
vn -0.04667431861 0.6827195883 0.7291882038
v 0.007064777892 0.07541551441 0.0877802521
vn 3.35259756e-05 0.7328024507 0.6804414392
v 0.005626877304 0.07613651454 0.08699073642
vn -0.03395616263 0.8018350005 0.5965799093
v -0.01709253341 0.04231751338 0.08934095502
vn -0.9552891254 -0.278822571 0.09839047492
v 0.0137570817 0.03968751431 0.09981459379
vn 0.01798515767 -0.0164620094 0.9997027516
v -0.0008182869642 0.04388050735 0.01610257663
vn -0.9539222717 0.009231736884 0.2999117076
v -0.001156166545 0.04197350517 0.01506744139
vn -0.9264156222 -0.01461865753 0.3762184978
v -2.285075425e-05 0.04195250571 0.01704126038
vn -0.8156772852 -0.2162526995 0.5365681648
v -0.009363803081 0.04382351413 0.06544674188
vn -0.7455816865 -0.6153242588 -0.2558982968
v 0.01259688009 0.07521351427 0.05897223577
vn 0.272960335 0.8951141238 -0.3525101542
v 0.009283346124 0.03345850483 0.01605119556
vn -0.108408086 -0.2764777541 0.9548862576
v -0.0009230449214 0.04036350921 0.05528080836
vn -0.4484832585 -0.8713675141 -0.1989507973
v -0.002054250333 0.0410615094 0.05503307283
vn -0.5112445951 -0.8340679407 -0.2072670609
v -0.001028368948 0.04067450762 0.05405750498
vn -0.4694177508 -0.8618897796 -0.191814959
v 0.01484346204 0.03646150604 0.0022498623
vn 0.6370079517 -0.189433679 -0.7472186685
v 0.01337959152 0.03564050421 0.001400427544
vn 0.5030354261 -0.3133063018 -0.805477798
v 0.01354909409 0.03736350685 0.0009489431977
vn 0.5361744165 -0.1318122298 -0.8337520957
v 0.002269658027 0.04325651005 0.04420629144
vn -0.3458603919 -0.8633282185 -0.3674845994
v 0.0009635037859 0.04406551272 0.04380749539
vn -0.4493615627 -0.8159275055 -0.3637808561
v 0.00451231515 0.04108750448 0.001315836562
vn -0.5801684856 0.3892122507 -0.7154847383
v 0.00423296215 0.0392175056 0.0009110704414
vn -0.6032801867 0.07813816518 -0.7936922908
v 0.003010413144 0.0401205048 0.002313174307
vn -0.6420019865 0.2454050481 -0.7263675332
v 0.02212674916 0.03746351227 0.08285027742
vn 0.6422454119 -0.6918370724 -0.329973191
v 0.02085329778 0.03635151312 0.08284182847
vn 0.5869945288 -0.7340940833 -0.3413844407
v 0.01087746024 0.04195451364 0.04597100243
vn 0.2146691382 -0.9079005122 -0.3600469232
v 0.01255563926 0.04260551557 0.04558403417
vn 0.3392334282 -0.8707215786 -0.3560401201
v 0.01118016429 0.05686851591 0.0987130329
vn 0.05949912593 0.2342916727 0.9703438878
v 0.01017020922 0.05840051547 0.09840139002
vn 0.0392171815 0.243975997 0.9689880013
v 0.009307330474 0.05699351802 0.09876417369
vn 0.03325870261 0.258246392 0.9655064344
v -0.006288696546 0.03467551246 0.09800060093
vn -0.286882937 -0.193462491 0.9382272959
v 0.006979159079 0.03608651087 0.01683803834
vn -0.03165123984 -0.4399819374 0.8974486589
v 0.006618235726 0.03756750748 0.01773824729
vn -0.03437845781 -0.6139599681 0.7885881662
v 0.0216850806 0.04087051377 0.07072815299
vn 0.6665530205 -0.7137243152 -0.2151851803
v 0.02312202007 0.04247351363 0.07043200731
vn 0.7368710041 -0.6463882923 -0.1979983002
v 0.02304644324 0.0419395119 0.07203035802
vn 0.7247347236 -0.6486052275 -0.2325315028
v 0.008038567379 0.03931450844 0.01995099522
vn -0.02350560017 -0.8554779887 0.5173054338
v 0.006434103474 0.03875850886 0.01894067042
vn -0.0907644704 -0.7718580365 0.6292828918
v 0.007752234116 0.03832051158 0.01849037409
vn -0.02467097715 -0.7453204989 0.6662496924
v 0.001083452371 0.02885850519 0.006411818787
vn -0.4639168978 -0.5490247011 -0.695235908
v -0.0003550383844 0.03057750873 0.006108559202
vn -0.5995437503 -0.45319435 -0.6596682072
v 0.01431030314 0.0259995088 0.007579777855
vn 0.3395830393 -0.6514629722 -0.6784389019
v 0.01558977086 0.02601150796 0.008437929675
vn 0.5060774684 -0.720078826 -0.4747337103
v 0.0294064749 0.0585405156 0.07949469984
vn 0.9889420867 0.1312474459 -0.06904824823
v 0.02905464917 0.06009651348 0.07819394022
vn 0.9799195528 0.1887909025 -0.06415358186
v 0.02907949314 0.06058951467 0.08048512042
vn 0.9722592831 0.2306215316 -0.03905951977
v 0.02928220481 0.05509351194 0.09122429043
vn 0.7844796777 0.2290410697 0.5763087869
v 0.02811980434 0.05448751152 0.09256440401
vn 0.6661012769 0.2249721736 0.7111234665
v 0.0292371884 0.0531665124 0.09189814329
vn 0.7440939546 0.1745409071 0.6448717713
v 0.00578034576 0.07120350748 0.0492580086
vn -0.08938867599 0.9203804731 -0.3806696832
v 0.002205874072 0.03432751074 0.07406549901
vn -0.1774076521 -0.9376388192 -0.2989313006
v 0.003686631564 0.0336375162 0.07541680336
vn -0.1327584088 -0.9546623826 -0.2664488256
v 0.001721217181 0.03377951309 0.07612816244
vn -0.1959835589 -0.9467238188 -0.2555473149
v 0.009987479076 0.04036850855 0.04929657653
vn 0.1543430686 -0.8993303776 -0.4091248512
v 0.007244581357 0.03067950532 0.01521815453
vn -0.07422781736 -0.2283075601 0.9707553387
v -0.009756904095 0.03806851432 0.09741993994
vn -0.451472044 -0.1484049261 0.8798573613
v -0.01118241716 0.03895651549 0.09667787701
vn -0.5872685313 -0.1873416454 0.787412703
v 0.01961490139 0.03906450793 0.007154513616
vn 0.8065526485 0.2622972727 -0.5297857523
v 0.01091929153 0.06759350747 0.03363724798
vn 0.2607213259 0.9500358105 -0.1716284305
v 0.009633038193 0.06773550808 0.03268480673
vn 0.1215939298 0.9806595445 -0.1533681601
v 0.00974048581 0.06810250878 0.03487174958
vn 0.1466881931 0.9679566622 -0.2038197815
v 0.01634396426 0.03520651162 0.07749886811
vn 0.4273002446 -0.8781464696 -0.215112254
v 0.01495393366 0.03480951488 0.07671398669
vn 0.3651467264 -0.9062214494 -0.2131443769
v 0.01600989886 0.03550351039 0.07573644072
vn 0.4146202207 -0.8775146604 -0.2409524173
v -0.009438945912 0.07220751047 0.0768217966
vn -0.6955273747 0.7177385688 -0.03306132555
v -0.001461802283 0.07305750996 0.08850175887
vn -0.2391779721 0.6571003795 0.714851737
v 2.738206604e-05 0.07245051116 0.08960621804
vn -0.1946544945 0.6353388429 0.747297883
v 0.0004496184411 0.07383652031 0.08831686527
vn -0.1875648052 0.6735113859 0.7149838209
v -0.001398165012 0.02735351212 0.09587021917
vn -0.3421845436 -0.7723454833 0.53515625
v -0.002566098236 0.02851551771 0.09655177593
vn -0.3680246472 -0.6693984866 0.6453398466
v -0.006200845353 0.05154451728 0.09812367707
vn -0.2395328879 0.1422165632 0.9604157805
v 0.013179617 0.06632050872 0.02997323312
vn 0.4084524512 0.8840925097 -0.2270396948
v 0.02652639896 0.04467351362 0.09583194554
vn 0.7027598619 -0.05240627378 0.7094942927
v 0.01634080708 0.04092751071 0.05490560457
vn 0.5122340918 -0.8426696062 -0.1659041494
v 0.01771030575 0.04205051064 0.05421092734
vn 0.5948691368 -0.7823691964 -0.1844699085
v 0.01769204251 0.04163351282 0.05612341687
vn 0.5745871663 -0.8021595478 -0.1624489874
v 0.01155776158 0.05870050564 0.02018119954
vn 0.2521023154 0.659845829 -0.7078473568
v 0.010356199 0.05967150629 0.02088060789
vn 0.1575321853 0.6729254127 -0.7227413058
v 0.0108355945 0.03658951074 0.06551595032
vn 0.1939923912 -0.9557754397 -0.2210435122
v 0.012658583 0.03679251298 0.06642667949
vn 0.2680273056 -0.9375488758 -0.2217282951
v 0.01232334226 0.07076750696 0.04992663488
vn 0.290184319 0.8724774718 -0.3931617141
v 0.01406818163 0.07051350921 0.05086971447
vn 0.3938624561 0.8314272761 -0.3919196725
v 0.01359926444 0.06986451149 0.04910068586
vn 0.3795310259 0.8580418825 -0.3460061848
v -0.001100235502 0.0387365073 0.01486523822
vn -0.8490698338 -0.08268607408 0.5217695236
v -0.01654181816 0.05989251658 0.08115197718
vn -0.9689387679 0.2149900198 -0.1222168803
v -0.0160542056 0.06133951247 0.0801750496
vn -0.9582083225 0.2682813108 -0.09930741042
v -0.01634530164 0.05978251249 0.07929360121
vn -0.9739212394 0.1971325427 -0.1123219281
v 0.008465039544 0.06732750684 0.02947008796
vn 0.04040112719 0.9537040591 -0.2980206311
v -0.01240039337 0.04913751036 0.06500188261
vn -0.8964459896 -0.364854753 -0.2515266538
v -0.001659445232 0.07706750929 0.07928465307
vn -0.3489348292 0.9342901111 0.07311937958
v -0.003655044828 0.07622350752 0.07970781624
vn -0.4280120432 0.9018569589 0.05881933123
v -0.002377153141 0.07664950937 0.08119827509
vn -0.3676404953 0.9242150784 0.1032807752
v -0.003726774594 0.03667550907 0.07295744121
vn -0.4208486378 -0.8462658525 -0.3266810179
v -0.005203106441 0.03782950714 0.07215060294
vn -0.5027496815 -0.8093146086 -0.3037312031
v -0.00320539088 0.03716250882 0.0711671859
vn -0.4163710177 -0.8614290953 -0.2908179164
v 0.01518756244 0.04166350886 0.0194576215
vn 0.6402981281 -0.5913349986 0.4902460873
v 0.01626104303 0.0416435115 0.0182015188
vn 0.6831163168 -0.3084504008 0.6619746685
v -0.008535108529 0.0697645098 0.06198199466
vn -0.7416492105 0.5939251184 -0.3117842376
v -0.009731619619 0.06899450719 0.06344202161
vn -0.7800132632 0.5513985753 -0.2958698571
v 0.0235367287 0.06974750757 0.06590452045
vn 0.7779971361 0.5920308828 -0.2102853954
v 0.02401425131 0.06966950744 0.06774388254
vn 0.7890860438 0.5828527212 -0.193974033
v -0.002554864623 0.04819551483 0.09915367514
vn -0.07553667575 0.03167676553 0.9966397285
v 0.002771129599 0.04723450914 0.009087953717
vn -0.4443627894 0.7498447299 -0.4901780784
v 0.003066359553 0.0463065058 0.007562140934
vn -0.3892647624 0.7250462174 -0.5681381822
v 0.001895947498 0.04625251144 0.008550785482
vn -0.5274712443 0.70039469 -0.4808548689
v 0.001617660047 0.03978651389 0.05290010571
vn -0.3307813704 -0.9187156558 -0.2157434523
v -0.01400180347 0.04419651255 0.07967077941
vn -0.8498415947 -0.474739641 -0.2288920432
v 0.01911947317 0.07342851162 0.06363848597
vn 0.5802940726 0.7708367109 -0.2628109157
v 0.01878299005 0.07419850677 0.06546407193
vn 0.5595566034 0.8013263345 -0.2115952522
v -0.006475295406 0.0644615069 0.05067969486
vn -0.7640211582 0.4885569513 -0.4214069247
v -0.008850134909 0.04228851572 0.06807379425
vn -0.6945065856 -0.6752485633 -0.2483947128
v -0.01009733416 0.04367250949 0.06814628094
vn -0.7576065063 -0.5990554094 -0.2591620088
v -0.009362963028 0.04328751191 0.06688760966
vn -0.7382608652 -0.6304681301 -0.2397515029
v 0.01968975924 0.05542750657 0.02629921027
vn 0.953727603 0.1354477406 -0.2684354484
v 0.01911708526 0.05737051368 0.02595747076
vn 0.8730687499 0.3051730692 -0.3802898824
v 0.003944882192 0.06429751217 0.09601861238
vn -0.07634133101 0.4835292101 0.8719928265
v 0.01219226234 0.06347251683 0.09623611718
vn 0.119278878 0.4600559473 0.8798415065
v 0.01619450189 0.04396951199 0.02202646993
vn 0.749635458 -0.6193842888 0.2332589626
v 0.01560936123 0.04275751114 0.02070173435
vn 0.7155300975 -0.6366018653 0.2876713872
v -0.01411646418 0.06533251703 0.07535035163
vn -0.9050377607 0.4087405801 -0.1176343262
v -0.0149699077 0.06338950992 0.07599361241
vn -0.9371295571 0.3242250979 -0.129098013
v 0.02784348093 0.04136951268 0.08752804995
vn 0.8007466793 -0.3997229636 -0.4461236298
v 0.02719137818 0.03914650902 0.08831125498
vn 0.7539314032 -0.4456867576 -0.482649684
v 0.02638668381 0.03987151012 0.08641269803
vn 0.7528187037 -0.4860901833 -0.4438246191
v 0.0008508338942 0.04921651259 0.09924992919
vn -0.03394908831 0.02003038861 0.999222815
v -0.01570777036 0.05956551433 0.07421839982
vn -0.9750108719 0.1567692906 -0.1574077755
v -0.01612630673 0.05823950842 0.07604418695
vn -0.9836876988 0.1008213088 -0.1489750147
v 0.008341514505 0.04779751226 0.09953365475
vn -0.03411481529 0.02009783499 0.9992158413
v -0.01015075576 0.07084850967 0.07023867965
vn -0.7690666914 0.6355276108 -0.06812547147
v -0.009235949256 0.0719795078 0.07105136663
vn -0.7132757902 0.7001320124 -0.03244769573
v 0.02145652473 0.06830251217 0.05711142346
vn 0.7110230327 0.5775182247 -0.4011470675
v -0.01616864838 0.05604651198 0.07537934929
vn -0.9870954156 0.006854500622 -0.1599864513
v -0.01578770764 0.05521151423 0.07336517423
vn -0.9810590148 -0.04795131832 -0.1876801252
v -0.01603631303 0.05436450988 0.07507869601
vn -0.9829170704 -0.07459624857 -0.1682538986
v 0.01494548935 0.03702551499 0.0691062659
vn 0.3727638721 -0.9030081034 -0.2135963738
v 0.02553903311 0.05178851262 0.09588428587
vn 0.5811998248 0.1908719689 0.791059196
v 0.02562613972 0.05687151477 0.09383106232
vn 0.6250756979 0.3309497833 0.7069318295
v 0.006831767969 0.03981450945 0.04999631271
vn -0.02684965357 -0.9095639586 -0.4146957099
v 0.008336549625 0.04019251093 0.04935428128
vn 0.05807025731 -0.9067394733 -0.4176737964
v 0.008966243826 0.03941451386 0.05095669627
vn 0.1021839306 -0.930142045 -0.3526956141
v 0.02428937703 0.05305751413 0.09632190317
vn 0.5021420717 0.227812767 0.834239006
v -0.01550420932 0.04523851722 0.09322741628
vn -0.8197704554 -0.06346157938 0.5691651702
v -0.01200648583 0.06730951369 0.08734532446
vn -0.6254992485 0.5629613996 0.5402084589
v -0.01261160336 0.06762550771 0.08596087247
vn -0.7398318052 0.6148092747 0.2732369304
v -0.01434139442 0.05284651369 0.09348724037
vn -0.7181318998 0.2332087308 0.6556678414
v -0.006819634698 0.02907651477 0.09286050498
vn -0.5599576831 -0.775532186 0.2915429175
v -0.008281077258 0.03038951568 0.09325887263
vn -0.6220769882 -0.7067314982 0.3369729817
v 0.02419905365 0.0586785078 0.0535669364
vn 0.9387535453 0.1542732716 -0.3081259131
v 0.02356639318 0.05948051065 0.05205146596
vn 0.921489656 0.2104034871 -0.3264769614
v 0.01728232205 0.03129551187 0.08676628023
vn 0.3723704517 -0.704749763 -0.6038774848
v 0.01988582686 0.04120450467 0.009916363284
vn 0.9126855731 0.3804037273 -0.1493253261
v 0.01900607347 0.04273850843 0.009307990782
vn 0.8431385756 0.4556149542 -0.285538733
v -0.01563800126 0.05145551264 0.07507628202
vn -0.9611169696 -0.1942105293 -0.1963068992
v -0.01055027265 0.0602305159 0.09328446537
vn -0.5459894538 0.4486892521 0.7075121999
v 0.01578622311 0.06173951551 0.09641584754
vn 0.2218485773 0.428402245 0.8759307861
v 0.02611790784 0.03814651072 0.0941100046
vn 0.7910655141 -0.3368611634 0.5106269717
v 0.01044833101 0.06422351301 0.09602849931
vn 0.07956402749 0.4736634195 0.87710464
v 0.008831567131 0.06497652084 0.09573016316
vn 0.04754692689 0.4774521887 0.8773702979
v -0.001978428802 0.03890650719 0.006678507663
vn -0.8813607097 0.2399753332 -0.4069583714
v -0.00109845656 0.03828151152 0.005111617967
vn -0.7160292864 0.1666991264 -0.6778742075
v -0.002037341008 0.0370105058 0.00603011949
vn -0.8406570554 0.1058911011 -0.5311146379
v -0.0002024955756 0.02658051066 0.095372729
vn -0.2655276358 -0.8558251262 0.4439126551
v -0.008985368535 0.05182251334 0.05184073374
vn -0.915365994 -0.2175419778 -0.3387927711
v 0.02251526713 0.03245351091 0.0940380469
vn 0.6722795367 -0.6171540022 0.4088534713
v 0.02144430019 0.03223251551 0.09539630264
vn 0.6100383401 -0.609315753 0.5065447092
v 0.009979690425 0.03545150906 0.0699243173
vn 0.1480010599 -0.9568663239 -0.2500051558
v 0.009494013153 0.03575651348 0.06832381338
vn 0.1252686977 -0.9687427282 -0.2141151875
v 0.01104074623 0.03590850905 0.06891492754
vn 0.1944997609 -0.9546352625 -0.2254802138
v 0.01988698728 0.06281451136 0.04522996023
vn 0.8566191792 0.4617648423 -0.2301669121
v 0.02448216826 0.05477751419 0.09574515373
vn 0.5283700824 0.2716564536 0.8043804169
v 0.01365709305 0.0242435094 0.01044715755
vn 0.3681826293 -0.9262100458 -0.08109571785
v 0.01183446031 0.02368950658 0.01087422483
vn 0.2110431641 -0.9773290157 0.01699367538
v -0.003847115207 0.05446950719 0.02900074422
vn -0.9930002689 -0.06000476703 -0.1017346159
v -0.003573903115 0.05265850946 0.02958540805
vn -0.9742193222 -0.225058347 -0.01566725224
v 0.01457324438 0.04207650945 0.04911793023
vn 0.4322440922 -0.811524272 -0.3931837082
v 0.01401900966 0.04260250926 0.04718089104
vn 0.429323405 -0.8307563066 -0.3542955518
v 0.006491037086 0.07868951559 0.07853029668
vn 0.01049684174 0.9979525208 0.06309143454
v 0.005362211261 0.07850451022 0.07959040254
vn -0.05926564336 0.9902473688 0.1260860115
v 0.02230999619 0.03987151384 0.09840958565
vn 0.4044678807 -0.1080431342 0.9081478119
v 0.02154258639 0.03841251507 0.09849645942
vn 0.369520843 -0.1606470495 0.9152305126
v 0.02320998721 0.03892951459 0.09763383865
vn 0.5691646338 -0.217376247 0.7929686308
v 0.02919887565 0.05118751153 0.09231708199
vn 0.7517597079 0.1051544324 0.6509991288
v 0.01157636009 0.04428150505 0.03396885842
vn 0.2974477112 -0.9477781057 0.1150719821
v 0.00963661354 0.04382850975 0.03345938399
vn 0.1096058339 -0.9844371676 0.1373683661
v -0.01442091912 0.04754651338 0.07500676811
vn -0.9079451561 -0.3612461686 -0.2124541849
v -0.01412855927 0.04803051054 0.07315466553
vn -0.9018407464 -0.3623132706 -0.2353983074
v -0.01359881461 0.0464075096 0.07372806966
vn -0.8739471436 -0.4180612266 -0.2478733659
v -0.002334850607 0.06575850397 0.04449436069
vn -0.6835620999 0.676618576 -0.2737337351
v -0.003181138076 0.06462050974 0.04390214384
vn -0.7454078794 0.6111813784 -0.2661285698
v -0.003605501959 0.06487951428 0.04551760107
vn -0.7401729226 0.5968280435 -0.3097424209
v 0.01511238329 0.04029150307 0.01840644144
vn 0.4781628847 -0.428873688 0.7664382458
v 0.01992412098 0.07438051701 0.06940730661
vn 0.6082658768 0.7855368853 -0.1137737781
v 0.01870868169 0.07516951859 0.06904762238
vn 0.5375628471 0.8317428231 -0.1386724114
v 0.01916204765 0.07496950775 0.07089116424
vn 0.5579544902 0.8298296928 0.008332917467
v 0.01717104763 0.03472251073 0.09899459034
vn 0.188401863 -0.1799391657 0.9654670358
v 0.01716437377 0.03996451199 0.06138047203
vn 0.5008873343 -0.8372673392 -0.2193062901
v 0.0154879 0.0393015109 0.06051577255
vn 0.4240921736 -0.876001358 -0.2297117561
v 0.01678207703 0.04025250673 0.05936025083
vn 0.4983276427 -0.8399461508 -0.2148487121
v 0.01723787747 0.04794350639 0.03302447125
vn 0.7647875547 -0.6358677149 0.1037893817
v 0.01993815042 0.03959551081 0.07022725791
vn 0.5881060362 -0.779422164 -0.2159453481
v 0.02073880844 0.04055051506 0.06910791993
vn 0.6294062138 -0.7482510805 -0.2096859664
v 0.002309072996 0.07818251848 0.07892684639
vn -0.191502735 0.976764679 0.09621548653
v 0.003896576585 0.07839350402 0.07952535152
vn -0.1274017692 0.9843571782 0.1216950417
v 0.003511999967 0.07850850374 0.07818745077
vn -0.1541901827 0.9861297011 0.06142996252
v -0.007057623938 0.06694551557 0.09098028392
vn -0.356100291 0.5052717924 0.7860617042
v -0.005562255159 0.06784251332 0.09102433175
vn -0.3255032301 0.5282306075 0.7842321396
v -0.007208452094 0.06850951165 0.0899175182
vn -0.3825166523 0.5565024614 0.7375540733
v 0.02835586481 0.06244851649 0.08673405647
vn 0.9042928815 0.4027385116 0.1416194141
v 0.02746119723 0.06352251768 0.08835048974
vn 0.7860620618 0.4686744511 0.403051734
v 0.02842308208 0.06162751839 0.0884873718
vn 0.8467968702 0.4127809703 0.3354802132
v -0.004968340043 0.03297851607 0.09801266342
vn -0.2705650032 -0.2328528166 0.9341167808
v 0.0243088752 0.06731651723 0.08868712187
vn 0.5905864835 0.5684162378 0.5728093386
v 0.02414605021 0.06592751294 0.08991028368
vn 0.5322656035 0.506264329 0.6785203218
v 0.003258439712 0.06847151369 0.09314751625
vn -0.1079008281 0.6368110776 0.7634324431
v 0.004737746902 0.06881850958 0.09298789501
vn -0.05578447878 0.6377985477 0.7681803703
v 0.00398413511 0.06980251521 0.09211367369
vn -0.08275317401 0.6154000163 0.7838588953
v 0.02033594437 0.06947551668 0.05699212477
vn 0.6574142575 0.6349489093 -0.4057664573
v -0.003945512697 0.03174151853 0.09797654301
vn -0.2536774576 -0.2931013703 0.9218130708
v 0.01467759442 0.07569251209 0.06303158402
vn 0.3799127936 0.8818635345 -0.2792543173
v 0.0009776678635 0.03420351446 0.09928627312
vn -0.09145307541 -0.0933258459 0.9914265871
v 0.001166597591 0.03609251231 0.09940879047
vn -0.06938772649 -0.0504867807 0.9963114262
v -0.0007181058754 0.03529851139 0.09922138602
vn -0.1034340858 -0.08437582105 0.9910510182
v -0.01337705273 0.06325451285 0.06620625407
vn -0.9235493541 0.2827150226 -0.2590923309
v 0.02589028329 0.04357150942 0.07817996293
vn 0.8346233964 -0.5256216526 -0.1646986604
v 0.02623405121 0.04348051175 0.08000975847
vn 0.8395997882 -0.5068220496 -0.1954574883
v 0.01533876918 0.03109751269 0.09853181243
vn 0.2144225538 -0.3367605805 0.9168507457
v 0.002411933383 0.03484550491 0.01620984823
vn -0.1715322584 -0.3303338587 0.9281466603
v -0.004246713128 0.06100651249 0.09607215971
vn -0.2876080871 0.4236463904 0.8589559197
v 0.007468857337 0.07865050435 0.07248514146
vn 0.04642549157 0.9980883598 0.04079543054
v -0.003080753842 0.02688251622 0.0900554359
vn -0.3435036838 -0.8600587845 -0.3772321045
v 0.01833073236 0.04815150797 0.02437171899
vn 0.9236864448 -0.3831461668 0.001554006012
v 0.01832573675 0.04810550809 0.02618860826
vn 0.8831402063 -0.4675701857 0.03796681017
v -0.009666031227 0.05233450979 0.05354850367
vn -0.919449091 -0.2055017352 -0.3352348506
v -0.009051756933 0.05045150965 0.0531992577
vn -0.9015425444 -0.2986497879 -0.3130964339
v 0.01466915756 0.03440451249 0.07808006555
vn 0.3463960886 -0.9115818143 -0.2214235663
v 0.01627980359 0.03461551294 0.07972997427
vn 0.4159317315 -0.8694874644 -0.2664438784
v 0.01823932119 0.02922250517 0.01400657091
vn 0.5839209557 -0.391471982 0.7111863494
v 0.01117002126 0.04270551354 0.0442009531
vn 0.2514024973 -0.9071332216 -0.3374998271
v 0.02720113844 0.0384815149 0.09274416417
vn 0.8151836991 -0.3585856259 0.4548536837
v 0.02722171508 0.04003851116 0.09354834259
vn 0.7975649238 -0.2781496346 0.5352784395
v -0.01088258531 0.06929551065 0.06775926799
vn -0.8055708408 0.5513469577 -0.2169612348
v -0.0116759818 0.0675015077 0.06664355099
vn -0.843729794 0.4744737148 -0.2509875
v 0.02952571958 0.05861851573 0.08151193708
vn 0.9872838259 0.1496414095 -0.05364835262
v 0.002129291883 0.04457650706 0.02868046612
vn -0.5093992949 -0.8451576233 0.161928907
v 0.003783255117 0.04388750717 0.02932527103
vn -0.3692816198 -0.9076923728 0.1993127912
v 0.002673921641 0.04474850744 0.03054713644
vn -0.4674121737 -0.8667385578 0.1740405858
v 0.01479671989 0.04169550911 0.003120775335
vn 0.6658862829 0.4538308382 -0.5921427608
v 0.01579004712 0.04215950891 0.004681576509
vn 0.6146773696 0.4886573553 -0.6191814542
v 0.02833082899 0.04513951391 0.08447790146
vn 0.8822742105 -0.3612315953 -0.3018343151
v -0.01389299799 0.05156151205 0.06748539954
vn -0.9333968163 -0.2539186478 -0.2535659075
v -0.01314003579 0.04975351319 0.06697178632
vn -0.9092220068 -0.3338664472 -0.2486937344
v -0.007088657003 0.07301851362 0.06638991088
vn -0.6410557032 0.7241223454 -0.2543509007
v 0.003704507835 0.06664250791 0.03022510558
vn -0.3569541872 0.9154771566 -0.1857021153
v 0.002176348353 0.06589850783 0.03002785333
vn -0.4927429855 0.8408406973 -0.2240341157
v 0.00282649463 0.06653750688 0.03217428178
vn -0.4263268709 0.8909460306 -0.1563988328
v 0.0009498263244 0.07801750302 0.07776779681
vn -0.2307902128 0.9723614454 0.03534204513
v -0.0002416715288 0.07764650881 0.07626726478
vn -0.2972597182 0.9541847706 -0.03417655826
v 0.01453408878 0.03601751104 0.07233510911
vn 0.3439014256 -0.8917036057 -0.2942727208
v 0.01634942926 0.0366805084 0.07264922559
vn 0.4162706137 -0.8611280918 -0.2918512523
v 0.0153260706 0.03570150957 0.07404913008
vn 0.3793031275 -0.8768183589 -0.2954972982
v 0.01807716675 0.07509751618 0.06726404279
vn 0.5223788023 0.8266583085 -0.2091803849
v -0.009411000647 0.0350565128 0.09663728625
vn -0.5705984831 -0.3552070856 0.7404358983
v -0.009663513862 0.03652051464 0.09711695462
vn -0.5144456029 -0.2601694465 0.8171031475
v -0.01047217753 0.03586951271 0.09609676898
vn -0.6349878311 -0.3495237529 0.6889293194
v -0.007203812245 0.07067151368 0.06073569134
vn -0.6845976114 0.6613747478 -0.3064466715
v -0.004977974575 0.06271051615 0.09495355934
vn -0.3069226742 0.4563454092 0.8351929784
v -0.005980801769 0.06130651757 0.09522449225
vn -0.3346276581 0.4131401777 0.8469589949
v 0.006277037784 0.0258095134 0.08907813579
vn 0.01803403534 -0.7677162886 -0.6405360699
v 0.007883644663 0.02539651282 0.08990843594
vn 0.08617633581 -0.8528234363 -0.5150396228
v 0.006343209185 0.02508551255 0.09039316326
vn 0.01163568813 -0.9085975885 -0.4175105095
v 0.01670149527 0.03773251548 0.0695464313
vn 0.4442478716 -0.8695055842 -0.2158792168
v 0.0179995764 0.07365350425 0.06220944971
vn 0.5181692839 0.8107578754 -0.2723459601
v 0.01724408939 0.07374350727 0.06089190394
vn 0.486574918 0.8386114836 -0.2448992282
v 0.008802163415 0.03557251021 0.01669315435
vn -0.08582386374 -0.3832315207 0.9196563959
v -0.003904897021 0.06013750657 0.03784491867
vn -0.9394459128 0.3050178587 -0.1562226415
v 0.005849216133 0.04827850685 0.00884483289
vn -0.1633526087 0.8110705018 -0.5616765618
v 0.01364743896 0.07739350945 0.06791327894
vn 0.3105876446 0.9333540797 -0.1799595952
v 0.01409344375 0.07753051817 0.07000171393
vn 0.3386082053 0.9386633635 -0.06523456424
v -0.0007586842985 0.03259250894 0.01344806328
vn -0.794698894 -0.2622115612 0.5474475026
v -0.001354853041 0.03399850428 0.01303248201
vn -0.8731822371 -0.1985453665 0.4451207519
v 0.01832794584 0.0385855101 0.06985411048
vn 0.5202409625 -0.8274167776 -0.2114965469
v 0.0199341923 0.05734851211 0.09707375616
vn 0.3580958545 0.3505650163 0.8653736115
v 0.02139887773 0.0558415167 0.09699067473
vn 0.4066871107 0.3074843884 0.8602668047
v 0.02160477266 0.05751851574 0.09623526782
vn 0.3959886432 0.3424229026 0.8520208597
v -0.006569610909 0.02829851396 0.09095893055
vn -0.5289108157 -0.8475891948 -0.04296390712
v -0.005591020919 0.02851551585 0.08905320615
vn -0.3991957903 -0.7565051317 -0.5180180669
v -7.945903053e-05 0.07085351646 0.09068419784
vn -0.1817099452 0.5564106107 0.8107951283
v 0.001545133302 0.07177751511 0.09040146321
vn -0.1381509006 0.5742832422 0.8069158196
v -0.01183457486 0.05731651187 0.05804113299
vn -0.9432035685 0.02493124641 -0.3312785625
v 0.01712067053 0.03644651547 0.07438455522
vn 0.4543712437 -0.8487397432 -0.2705321908
v 0.01882440597 0.03738351166 0.07465583831
vn 0.5191721916 -0.8167552352 -0.2517363131
v 0.01764039882 0.03849051148 0.06848084927
vn 0.4907772839 -0.8437896967 -0.2171556205
v -0.001675284584 0.02981851622 0.09794998169
vn -0.2475436628 -0.4146630764 0.8756578565
v 0.004529139958 0.06762951612 0.09396935254
vn -0.06047967449 0.6248534322 0.7783960104
v 0.01266028173 0.02960951254 0.08648341149
vn 0.2228096575 -0.7514075637 -0.6210817695
v 0.0141546661 0.02937551588 0.08737692237
vn 0.2610490918 -0.6910890341 -0.6739802361
v 0.01271017082 0.02827051096 0.08795297891
vn 0.2067927569 -0.6759710908 -0.7073187828
v -0.006735767238 0.03699651361 0.09822949022
vn -0.2688198388 -0.1249805987 0.9550474882
v -0.006309768185 0.03903151676 0.09855921566
vn -0.2537845969 -0.07565049827 0.9642978907
v 0.009025807492 0.04349051043 0.03156744316
vn 0.05891010538 -0.9865704775 0.1523427218
v -0.008440678939 0.06952951849 0.08823250234
vn -0.454895556 0.5940849781 0.6634252667
v -0.00640120171 0.07025851309 0.08892748505
vn -0.3935985863 0.6044979692 0.6925765872
v -0.007212895434 0.07116450369 0.08761502802
vn -0.4193261266 0.6222394705 0.661047399
v 0.02505469881 0.06931950897 0.07794831693
vn 0.8069017529 0.5903167129 -0.02087436803
v 0.02609292232 0.0677075088 0.07728535682
vn 0.8560107946 0.5153565407 -0.04065841436
v 0.01135708857 0.07799050212 0.06764998287
vn 0.2149678618 0.9563791752 -0.1978072226
v 0.006325225811 0.03835551068 0.05566032976
vn -0.04799503833 -0.9853813648 -0.1634627283
v 0.004768343642 0.03867451102 0.05451654643
vn -0.134042874 -0.9763022661 -0.1699012071
v 0.006533592008 0.03864151239 0.0537773408
vn -0.04332051426 -0.9822239876 -0.182645455
v -0.01325557195 0.04456751049 0.07621823251
vn -0.8445769548 -0.4928962588 -0.2091484517
v -0.01276133209 0.04462451115 0.07416789979
vn -0.8297842145 -0.5046690106 -0.238258943
v -0.01203547139 0.0430095084 0.07541538775
vn -0.7957450747 -0.565218091 -0.217527613
v 0.02074987441 0.04095851257 0.0675233826
vn 0.6500159502 -0.7358269691 -0.1898367405
v 0.01920113713 0.03955751285 0.06830999255
vn 0.5665557981 -0.7996262312 -0.1990287006
v 0.01231685746 0.03222151473 0.09918109328
vn 0.09248574823 -0.2205776572 0.9709746838
v 0.01048924588 0.03190451115 0.0992557779
vn 0.05468174443 -0.2140101194 0.975299716
v -0.001857005293 0.0584795177 0.09764559567
vn -0.1606245786 0.2516847849 0.9543870091
v -0.001760658692 0.05694351718 0.09801810235
vn -0.155656144 0.216543749 0.9637842178
v 0.003365984652 0.05248550698 0.01590221934
vn -0.4499991238 0.5699940324 -0.6874645948
v 0.01848564856 0.04944450781 0.04002812132
vn 0.8099479675 -0.5317791104 -0.2473767996
v 0.01899538562 0.05093351007 0.03913599253
vn 0.8852271438 -0.4309147298 -0.1751726419
v 0.01944389008 0.05073751137 0.04097536579
vn 0.8800495267 -0.4135913849 -0.2333558947
v 0.008868760429 0.05157350749 0.01383376215
vn 0.04326823726 0.6969256401 -0.7158369422
v 0.0228504613 0.07103450596 0.06733693928
vn 0.7380434275 0.6455178857 -0.1964652687
v 0.0081175901 0.0353535153 0.06942649931
vn 0.06850232929 -0.9676989913 -0.2426233143
v 0.02202822454 0.0417885147 0.06894182414
vn 0.6952091455 -0.6876316667 -0.2093964964
v 0.003061599564 0.03267851099 0.0794518292
vn -0.1209724694 -0.9448405504 -0.3043714464
v 0.002045511035 0.03327151388 0.07794228196
vn -0.1836072206 -0.9478678107 -0.2604515254
v 0.003516229801 0.0331605114 0.0773601234
vn -0.1174825802 -0.9632133245 -0.2416980267
v -0.01110140141 0.0634965077 0.0593088828
vn -0.8973221183 0.3199974 -0.3039977849
v 0.002697907388 0.02620050684 0.007715658285
vn -0.4428712428 -0.689037621 -0.5736656189
v 0.002636539517 0.02744250745 0.006640941836
vn -0.3703837991 -0.5760043263 -0.7287213802
v 0.02510730922 0.06284351647 0.09132590145
vn 0.5402892232 0.4368515313 0.7191997766
v 0.01755193435 0.04609251022 0.04504518583
vn 0.6754342914 -0.6625975966 -0.3236556351
v 0.01626034081 0.04570651054 0.04339916259
vn 0.6045097113 -0.7439383268 -0.284822315
v 0.01751773991 0.04678950831 0.04352613166
vn 0.6911159158 -0.6647745967 -0.283608079
v 0.01450785249 0.07112151384 0.05267477036
vn 0.4021731317 0.817599237 -0.4120536745
v 0.01487767044 0.07190750539 0.05438638106
vn 0.3891526461 0.7993776798 -0.457772404
v 0.009350851178 0.06575451046 0.02664766833
vn 0.1118583828 0.8463744521 -0.5207090974
v 0.008572938852 0.06649151444 0.02786283381
vn 0.04843579233 0.8774189353 -0.4772734344
v 0.01021064352 0.06662850827 0.02842703834
vn 0.1672882438 0.896412909 -0.4104370177
v -0.003529247362 0.06262850761 0.040880505
vn -0.8364191055 0.481641382 -0.2615811229
v -0.003394142259 0.06377051026 0.04252107069
vn -0.7881526351 0.5542716384 -0.2675787508
v -0.002417365089 0.06418851018 0.04075636715
vn -0.7605161071 0.6038591862 -0.2386826128
v -0.01516201161 0.05968550965 0.07095211744
vn -0.9803099632 0.1426097751 -0.1365827471
v -0.003560390091 0.03812951222 0.06855255365
vn -0.4652167857 -0.8508565426 -0.2441648394
v 0.02970666811 0.04527751729 0.09180410951
vn 0.8819167614 -0.1288293898 0.4534598291
v -0.001024126192 0.06562051177 0.0404507257
vn -0.6697755456 0.7159353495 -0.1970717758
v -0.001643805881 0.0645725131 0.03890668601
vn -0.7543404698 0.6383291483 -0.1533179432
v -0.003901281627 0.05579650775 0.03032366559
vn -0.9984750748 0.03903134912 -0.03903892636
v -0.003709029872 0.05632350966 0.02838509716
vn -0.9763527513 0.1134760529 -0.1840066463
v 0.02685338445 0.06593151391 0.07241947204
vn 0.9081289768 0.4175074399 -0.0314530842
v 0.005266975611 0.06695250422 0.02927085757
vn -0.2161832154 0.9216405153 -0.322247684
v 0.007081632502 0.06681350619 0.02840326726
vn -0.0829044506 0.8977224827 -0.4326906204
v 0.01018184889 0.04414150491 0.03908926621
vn 0.2032173872 -0.9452413321 -0.2553849816
v 0.01173953153 0.04409750551 0.04035614803
vn 0.3012686372 -0.9062013626 -0.2967091203
v 0.009982634336 0.0433865115 0.04102659598
vn 0.1853374541 -0.9389874339 -0.2897457182
v 0.01372985356 0.0673565045 0.03791863099
vn 0.4724395871 0.8753273487 -0.1029703915
v 0.01204725727 0.06811350584 0.03828844056
vn 0.340369463 0.9367084503 -0.08201184124
v 0.01303085219 0.06775650382 0.03981188685
vn 0.4102289379 0.9053010941 -0.1101913527
v 0.008350820281 0.05265251175 0.09943691641
vn -0.03422887623 0.0199386999 0.999215126
v -0.01370065659 0.04447150975 0.07811815292
vn -0.8460504413 -0.4742419422 -0.2435021102
v -0.01449640933 0.0466215089 0.07715944201
vn -0.893424809 -0.3938781321 -0.2159911245
v 0.007562665734 0.06892950833 0.0400464572
vn -0.02880474553 0.9897659421 -0.139762938
v 0.009375712834 0.0688515082 0.04010535032
vn 0.126456067 0.9836903811 -0.1279143393
v 0.00853117276 0.06890450418 0.03858264908
vn 0.05739996955 0.9962630272 -0.06453873217
v -0.004221619572 0.04175550863 0.05773269385
vn -0.5743485689 -0.7813444734 -0.2441813201
v -0.01551784668 0.04594551027 0.08213749528
vn -0.8681271076 -0.3526740074 -0.3492512107
v -0.01621509902 0.04599751532 0.08351050317
vn -0.8780807257 -0.3102488518 -0.3643074036
v -0.01612843201 0.04732551053 0.08229075372
vn -0.8973758817 -0.3060185015 -0.3179138899
v -0.002573966747 0.04372251034 0.04915391281
vn -0.5659752488 -0.6983824372 -0.4381027818
v -0.003815468634 0.04453451186 0.04955779016
vn -0.6438263655 -0.6321712732 -0.4310998321
v -0.002883103676 0.0447345078 0.04792165384
vn -0.6293187737 -0.6621709466 -0.4068015516
v -0.005650191568 0.06912150979 0.0554095991
vn -0.6246315241 0.6175169349 -0.4780253768
v 0.02416948415 0.05158851668 0.09672705084
vn 0.5112168789 0.1913589835 0.8378776908
v 0.01481616963 0.05041650683 0.01477322076
vn 0.5501827598 0.6665763259 -0.5029661059
v 0.01551208459 0.05103251338 0.01642892696
vn 0.6704093218 0.5212333202 -0.5280787349
v 0.01630021445 0.04927850887 0.01555931661
vn 0.7997658253 0.5093848109 -0.3176503181
v 0.004988186061 0.06921350956 0.04241999984
vn -0.1826981455 0.9590516686 -0.2164284587
v 0.003630180145 0.02974151261 0.09864239395
vn -0.07763739675 -0.272471875 0.9590263367
v 0.00186946115 0.02892451175 0.09822308272
vn -0.1292190701 -0.3645749986 0.9221645594
v 0.01931252144 0.07268150896 0.06211619079
vn 0.5964286923 0.7624435425 -0.2509037554
v -0.00861713104 0.05673651397 0.09612707049
vn -0.4298358858 0.3418323994 0.8356983662
v -0.008477776311 0.05874251574 0.09529835731
vn -0.4157877266 0.3617742658 0.8344099522
v -0.01077998243 0.04253051057 0.07269664109
vn -0.7400849462 -0.6050174832 -0.2936463058
v -0.01168130618 0.04317351058 0.07380453497
vn -0.7835503817 -0.5679846406 -0.2518774569
v -0.01182928402 0.04399751127 0.07251174003
vn -0.7918317318 -0.5436313748 -0.2783296704
v -0.008311577141 0.04110751301 0.06982518733
vn -0.6638098955 -0.7017761469 -0.2585858107
v -0.009620922618 0.04187651351 0.07136641443
vn -0.7034088373 -0.6524640918 -0.2819690704
v 0.0205592718 0.0709015131 0.0600345172
vn 0.6691146493 0.6805022955 -0.2986674607
v 0.02818656527 0.04828851297 0.07806424052
vn 0.9354851842 -0.3247702122 -0.139254272
v 0.008368506096 0.04396551102 0.03496499732
vn 0.01643290557 -0.9956215024 0.09202037007
v 0.009035451338 0.04405050725 0.03635555878
vn 0.09394285083 -0.9913810492 0.09131464362
v 0.01939788274 0.02888750844 0.01043401752
vn 0.7980932593 -0.5945824385 -0.09756436944
v 0.01999648474 0.02991050854 0.01151106786
vn 0.8966263533 -0.4226484001 0.1320209205
v 0.01912732609 0.02878550813 0.0123509001
vn 0.7823435068 -0.5549814701 0.2827263176
v 0.004573463928 0.04611650482 0.006558976602
vn -0.2572007477 0.7486444116 -0.6110477448
v 0.005845856387 0.04576551169 0.005689878482
vn -0.2109817863 0.7832043171 -0.5848740339
v 0.00460361084 0.04502950609 0.005236233585
vn -0.3048808873 0.7410351038 -0.5982596874
v 0.01907097176 0.0689695105 0.0543904528
vn 0.6251453161 0.6545256972 -0.4251933694
v 0.01681708358 0.06524351239 0.03931277618
vn 0.7050224543 0.7011141181 -0.106687963
v 0.01745469123 0.06481651217 0.04126966745
vn 0.7468309999 0.643740952 -0.1668563783
v 0.01814410277 0.06355150789 0.03995042294
vn 0.8244329691 0.5526040196 -0.1222255155
v 0.02572120912 0.053566508 0.05845371261
vn 0.9512357116 -0.1559863538 -0.2661181092
v 0.01229872741 0.03444150463 0.01685354114
vn -0.07906336337 -0.2746479213 0.9582888484
v 0.01405980252 0.03375350684 0.01670554094
vn 0.07186882943 -0.2501255274 0.965542376
v 0.02979493327 0.05780351534 0.08880836517
vn 0.9311700463 0.2616981864 0.2538433075
v 7.347033534e-05 0.02730651386 0.09655083716
vn -0.2557157576 -0.7601314187 0.5973354578
v 0.0180341322 0.05704051256 0.02412045375
vn 0.7770111561 0.3563072979 -0.5189400911
v -0.01577330008 0.05738751218 0.09029452503
vn -0.7014698982 0.2958615124 0.6483871937
v 0.02103255689 0.07201451063 0.08570960909
vn 0.5644553304 0.7453197241 0.3548078835
v 0.02178411372 0.07100151479 0.08681990206
vn 0.5687192678 0.7324154973 0.3743339777
v -0.0172612723 0.05095851049 0.08299951255
vn -0.95955199 -0.1267008334 -0.2514097989
v -0.01676130295 0.04902750999 0.08256931603
vn -0.9307125807 -0.2219720781 -0.2906931639
v -0.01737746224 0.04949151725 0.08435133845
vn -0.9454651475 -0.1514887512 -0.2883518934
v 0.01426590234 0.05400451273 0.09906651825
vn 0.1232778877 0.19941926 0.9721288681
v 0.01236798242 0.05514751375 0.09903174639
vn 0.09403749555 0.2228087634 0.9703160524
v 0.002468120772 0.05097251385 0.09926911443
vn -0.03412649035 0.02016020194 0.9992141724
v 0.008790857159 0.07215251774 0.09059178084
vn 0.0281402953 0.592849791 0.8048212528
v 0.006925317924 0.07256251574 0.09031196684
vn -0.009101465344 0.6030102968 0.7976815104
v 0.007271565031 0.07091851532 0.09142443538
vn -0.004064112902 0.5884585977 0.8085170984
v 0.01678847522 0.03977550566 0.01725995913
vn 0.5533315539 -0.1864091605 0.8118348718
v 0.01655440032 0.03765650839 0.01693578623
vn 0.4326804578 -0.1738971919 0.8846170902
v 0.01809405349 0.03836550564 0.01609282568
vn 0.6204574108 -0.1061339602 0.7770252228
v 0.002253447892 0.04393150657 0.02554187179
vn -0.5258556604 -0.823231101 0.2139308006
v 0.001587612322 0.04470651224 0.02687392943
vn -0.5704544187 -0.8085981607 0.1440512687
v 0.02268555015 0.03721751273 0.0974618569
vn 0.5545836687 -0.2883017957 0.7805889249
v 0.005397136323 0.02466251142 0.09155155718
vn -0.0319946669 -0.9977701306 -0.05857520178
v 0.004755474161 0.02522351593 0.09012383223
vn -0.04647234082 -0.8804241419 -0.4719043076
v -0.01329850126 0.03497751057 0.09128053486
vn -0.8096749187 -0.5339305401 0.2436077446
v -0.001756244455 0.04881051183 0.03223496675
vn -0.8290509582 -0.5577743649 0.03952497616
v -0.001333247637 0.04825950786 0.03385433927
vn -0.7688327432 -0.6392142177 0.01736120507
v -0.01142220106 0.06982450932 0.07535928488
vn -0.7884814739 0.6089465022 -0.08649376035
v -0.01010526251 0.07135351002 0.0751490891
vn -0.7301896214 0.6785991788 -0.07953767478
v -0.01078129653 0.0703805089 0.07358511537
vn -0.7683264613 0.6343550086 -0.08525352925
v -0.007860175334 0.05298851058 0.04883537069
vn -0.8872448206 -0.173277095 -0.4275180399
v -0.007082388736 0.05097251013 0.04835662991
vn -0.8642325401 -0.2929905057 -0.4089726508
v -0.005202826578 0.03706551343 0.07416478544
vn -0.5089717507 -0.8089066148 -0.2943090796
v -0.006764552556 0.03825251013 0.07386632264
vn -0.5629688501 -0.7734662294 -0.2912319899
v 0.0073385695 0.02467751317 0.09145474434
vn 0.0732402429 -0.9933411479 -0.08893417567
v 0.002432861133 0.07834050059 0.07732313126
vn -0.1840072423 0.9828439355 0.0126163708
v 0.02170400135 0.05998950824 0.0474002175
vn 0.9215278625 0.2747891843 -0.274367094
v 0.02166743577 0.06121451035 0.04870573059
vn 0.8843002319 0.3473537266 -0.3120231926
v 0.02229737304 0.0594815053 0.04901140183
vn 0.9205251336 0.2236355543 -0.3203445077
v -0.008242490701 0.04882251099 0.05276561528
vn -0.8640853763 -0.4061402977 -0.297332406
v -0.007247743197 0.04723150656 0.0523503162
vn -0.8210095167 -0.4900994897 -0.2928240299
v 0.027943708 0.05146551132 0.07064063102
vn 0.9536470175 -0.244865492 -0.174923569
v 0.03061185591 0.05183751136 0.08970376849
vn 0.9837504029 0.05462055281 0.1710314602
v 0.03011339717 0.05353551358 0.09041217715
vn 0.8912316561 0.1663887948 0.4219251871
v -0.002012844197 0.04954451323 0.02333802916
vn -0.9578303695 -0.2411581278 -0.1562170535
v -0.001861813362 0.0508865118 0.02178627625
vn -0.9524900317 -0.01544221863 -0.3041780293
v -0.00152148609 0.04942750931 0.02102044597
vn -0.9614928365 -0.08196284622 -0.2623234689
v -0.003046225291 0.04314051196 0.05058963597
vn -0.5899235606 -0.7134705186 -0.3780872822
v 0.01895552501 0.0509375073 0.035467498
vn 0.9056435823 -0.421307683 0.04805812985
v 0.01827341504 0.04967150465 0.03607457876
vn 0.8427430391 -0.5358013511 0.05197149888
v -0.01552512217 0.04132951424 0.09214007109
vn -0.8360062242 -0.229996264 0.4981920123
v 0.01859179698 0.04919850826 0.02261560224
vn 0.9783393741 -0.1613168865 -0.1297262013
v 0.01891338266 0.05123550817 0.02316089347
vn 0.972464323 -0.0322557576 -0.2308087796
v 0.02454714477 0.05063951015 0.05702882633
vn 0.9151953459 -0.3130621016 -0.2537904978
v 0.02424671315 0.04907251149 0.05806218088
vn 0.8918763995 -0.3774433434 -0.2491847128
v 0.02374985814 0.04921051487 0.05602703989
vn 0.897772491 -0.3720878363 -0.2357015014
v 0.02058945969 0.03958751261 0.07204654068
vn 0.6114585996 -0.7527731657 -0.2438255548
v 0.01907499321 0.04306151718 0.09932174534
vn 0.2038714588 -0.0007282483857 0.9789974093
v 0.01926564611 0.04145351425 0.09924720228
vn 0.212335363 -0.03537108004 0.9765564799
v -0.003232307499 0.07339451462 0.05964555964
vn -0.4912643433 0.8141648769 -0.3095075488
v 0.01443274319 0.03344951198 0.08087262511
vn 0.3432554603 -0.8884110451 -0.3047975302
v 0.014193682 0.0338515155 0.07937559485
vn 0.3348572254 -0.9003908038 -0.2777895033
v 0.003039282281 0.05773250759 0.02010852098
vn -0.3890255988 0.6101589203 -0.6901921034
v 0.002420341363 0.05869850889 0.02141516283
vn -0.4127615392 0.5787658691 -0.7033192515
v 0.004569448531 0.0589755103 0.02062802576
vn -0.2543967962 0.6388514042 -0.7260517478
v 0.01845230907 0.04014351219 0.09936051816
vn 0.1925893426 -0.0574856475 0.979594171
v 0.0142012462 0.03261251375 0.09905531257
vn 0.1312565804 -0.2121705115 0.9683777094
v -0.01470667124 0.05890151113 0.09055806696
vn -0.6368067861 0.3357792199 0.694067359
v -0.013500439 0.06038351357 0.09080636501
vn -0.5859086514 0.3731003702 0.7193797231
v 0.001269339235 0.02841250785 0.01301299967
vn -0.5151072741 -0.5088453293 0.6897397637
v 0.0008547578473 0.03010150604 0.01381432451
vn -0.5022093654 -0.4168810248 0.7576252222
v -0.0002427362633 0.02947850712 0.01228599064
vn -0.7459669113 -0.432733804 0.5062359571
v 0.02170797624 0.04702751338 0.0986051634
vn 0.2740394175 0.06091736257 0.95978719
v 0.02022169158 0.04877451435 0.09882257134
vn 0.2193139195 0.09181629866 0.9713244438
v 0.02021350898 0.06486850977 0.04990982637
vn 0.7635813355 0.5284173489 -0.3711046875
v 0.01936906204 0.06507451087 0.04835510999
vn 0.7656542063 0.5679288507 -0.3020438254
v 0.01904503256 0.06619751453 0.04961078241
vn 0.6972594857 0.6236174107 -0.3534551561
v 0.007118134294 0.04348551109 0.03102703951
vn -0.09481480718 -0.9824956059 0.1603514254
v 0.005470517091 0.04385250807 0.03189633414
vn -0.2239025384 -0.9667181373 0.1237890273
v 0.02584576234 0.06113051623 0.09170632064
vn 0.5553497076 0.3837747276 0.7377693653
v 0.00943188183 0.07029050589 0.04640293494
vn 0.1330299824 0.9560859203 -0.2611565888
v 0.01042411383 0.07039750367 0.04758547619
vn 0.1963447183 0.9438521862 -0.2656912208
v 0.01122693904 0.06991750747 0.04646120965
vn 0.2646781802 0.9281254411 -0.2617798448
v -0.009938903153 0.03156551719 0.08879971504
vn -0.5693588853 -0.6734232306 -0.4715205431
v -0.006452265196 0.0373285152 0.07573907077
vn -0.5536335707 -0.7965450883 -0.2429111898
v 0.02014285512 0.03238551691 0.09676469117
vn 0.5314751267 -0.5391952395 0.6533013582
v 0.02145277895 0.03344451264 0.09649623185
vn 0.5801872611 -0.4851958752 0.6541923881
v 0.0192367062 0.04144250602 0.008238242008
vn 0.8244070411 0.4024292231 -0.3979997337
v 0.004985541105 0.03813350573 0.0181117598
vn -0.1100314334 -0.6305010915 0.7683498263
v 0.01704191417 0.04357951507 0.04931626841
vn 0.5815015435 -0.7089893222 -0.3989863098
v 0.01825704053 0.04378851131 0.05068152398
vn 0.6311293244 -0.6749405265 -0.3822709918
v 0.01687968522 0.04251151159 0.05087364465
vn 0.5517599583 -0.7488785982 -0.3670719564
v -0.005227575079 0.05695150793 0.04080251604
vn -0.962878108 0.0442552641 -0.266284138
v -0.0052443319 0.05471950769 0.04117616266
vn -0.9565932751 -0.1006980613 -0.2734762132
v 0.01774482615 0.03270551562 0.08532321453
vn 0.4092722237 -0.7293813825 -0.5481779575
v 0.0128481267 0.04566751048 0.006446228828
vn 0.2943464816 0.7801140547 -0.5520707965
v 0.01365219988 0.0444025062 0.005138901994
vn 0.4159184396 0.735547483 -0.5347725749
v 0.01158457529 0.04506850615 0.004565022886
vn 0.2723376751 0.8380910158 -0.4726898074
v 0.007886726409 0.02761850879 0.005230243318
vn -0.0506968908 -0.5859773159 -0.8087400198
v 0.008154612966 0.02625950426 0.006263987627
vn -0.03270393237 -0.6121845245 -0.7900383472
v -0.01082518976 0.04336851463 0.07111918926
vn -0.7577505112 -0.5968492031 -0.263790071
v -0.00554127153 0.02868251689 0.09421990812
vn -0.5084681511 -0.7690614462 0.3873043954
v -0.004131209105 0.02856151387 0.095531784
vn -0.4529107511 -0.7270159721 0.516061604
v 0.017502781 0.04653650895 0.01808381453
vn 0.9945958853 -0.05368958786 -0.08886206895
v 0.01731957123 0.04533851147 0.0192592442
vn 0.9522003531 -0.304217279 0.02768300474
v -0.006791848224 0.05402851105 0.04582506791
vn -0.9265753627 -0.1157724634 -0.357847482
v -0.007047034334 0.05261650681 0.04714512825
vn -0.9047791958 -0.2038472295 -0.3739264011
v -0.007537441328 0.05470750853 0.04761767387
vn -0.9215192199 -0.05434596166 -0.3845111728
v 0.01930964924 0.07466550916 0.07990344614
vn 0.557392776 0.8253645897 0.08992528915
v 0.02026144043 0.07386751473 0.08124470711
vn 0.5758337379 0.8130792975 0.08554264903
v 0.02087075636 0.07360651344 0.07939942181
vn 0.6112930179 0.7895867229 0.05360632762
v -0.01671600342 0.05817951262 0.08021649718
vn -0.9826673269 0.1307885498 -0.1313744783
v 0.01481600851 0.02910250984 0.01530552842
vn 0.1554686576 -0.3438255191 0.9260742664
v -0.003328882391 0.04913651198 0.04128357396
vn -0.8063563108 -0.5162289143 -0.2886124551
v 0.0246504508 0.03363151476 0.09105015546
vn 0.7566586137 -0.6509276628 -0.06132676825
v 0.02459225059 0.03439851105 0.09316540509
vn 0.7466199398 -0.5489929318 0.3757199347
v -0.01336932369 0.04949951544 0.09517238289
vn -0.632891953 0.1320435852 0.762897253
v 0.005534846801 0.0787435174 0.07171971351
vn -0.05123504996 0.9977535605 0.04315987602
v 0.0127948653 0.07725951821 0.08300998807
vn 0.2597035468 0.928687036 0.2647536695
v 0.01086270995 0.02401450835 0.01252102293
vn 0.07509399205 -0.8435184956 0.5318245888
v 0.0127769094 0.02420951054 0.01240126602
vn 0.2427943349 -0.871229887 0.4266255498
v 9.79464312e-06 0.07708151639 0.08326292783
vn -0.2486272901 0.9077003002 0.3380304873
v 0.02243552357 0.04896651208 0.09824977815
vn 0.347761929 0.1181272194 0.930111587
v -0.01446500141 0.05178751051 0.06938098371
vn -0.9453046322 -0.2308728248 -0.2304276228
v -0.01384819485 0.05019551143 0.06878168136
vn -0.9171497226 -0.3164208531 -0.2423101962
v 0.001858436619 0.03701450676 0.002996273339
vn -0.5645063519 -0.06880035996 -0.8225564361
v 0.003242632141 0.03637050837 0.002046944108
vn -0.5885593295 -0.1819318831 -0.787717402
v 0.002286572708 0.03526951 0.003028894775
vn -0.5163761973 -0.2135664523 -0.8293039203
v 0.01562773623 0.03687551245 0.07089858502
vn 0.3961037993 -0.8861843944 -0.2403725982
v 0.02084364928 0.06514251232 0.05149925128
vn 0.7695150375 0.5228423476 -0.3667185307
v 0.01983186789 0.06599150598 0.05080132186
vn 0.7190505862 0.5796313286 -0.3833976388
v 0.02011652663 0.06657551229 0.05219384283
vn 0.7122969031 0.5981398225 -0.3672354817
v -0.004516683053 0.03963551298 0.09899763763
vn -0.1671853811 -0.0396091789 0.9851295352
v 0.0003715496277 0.06605151296 0.036409989
vn -0.6096583605 0.7728279233 -0.1762204617
v 0.001750649069 0.06686151028 0.03587372974
vn -0.4866808951 0.8519583344 -0.1931546777
v 0.001055669272 0.06594050676 0.03413200751
vn -0.5697809458 0.7965596318 -0.2020950913
v 0.01779597439 0.05868950859 0.02485375479
vn 0.7344033122 0.4094669521 -0.5412842035
v 0.007930180058 0.0679295063 0.03356022015
vn -0.00629905751 0.9824563265 -0.1863865107
v 0.006105757318 0.067961514 0.03439145908
vn -0.1506373435 0.965310216 -0.2132710218
v -0.01129844598 0.06068350375 0.05763618648
vn -0.9202182889 0.1924672574 -0.3408147693
v -0.01161680464 0.06172851101 0.05925326794
vn -0.9153873324 0.2463060915 -0.3184326887
v 0.008970151655 0.03651151434 0.06461778283
vn 0.1020403504 -0.9709777236 -0.21630992
v -0.000228936653 0.06594450772 0.03846570104
vn -0.6328322887 0.7620795369 -0.1369601637
v -0.009732800536 0.07044951618 0.06681795418
vn -0.7478901148 0.6197425723 -0.2378645092
v 0.0169707071 0.04735550657 0.01294767018
vn 0.8068701029 0.5675101876 -0.1639902443
v 0.01586640812 0.04888250679 0.01367041282
vn 0.6472617984 0.6861747503 -0.3319885731
v 0.01706154272 0.04755750671 0.01462474279
vn 0.8769919276 0.465518862 -0.1190688238
v -0.0111847017 0.04521051422 0.06810916215
vn -0.8062086701 -0.5319603682 -0.258931905
v 0.02694676444 0.06213251129 0.09011295438
vn 0.6637989283 0.4367960095 0.6071080565
v 0.02647957765 0.0502105169 0.09547413886
vn 0.6704313755 0.1367982775 0.7292516828
v 0.0261094477 0.06658451259 0.06862387806
vn 0.8860158324 0.4287068248 -0.1765967309
v -0.01483979635 0.06034951285 0.06942722201
vn -0.9716530442 0.1608136892 -0.1732898057
v -0.01472650468 0.05948851258 0.06827741861
vn -0.9670797586 0.1111998931 -0.2288914919
v -0.01503252238 0.05873651057 0.06950369477
vn -0.9797995687 0.07732030749 -0.1844298989
v 0.01154290792 0.02646050975 0.006459702272
vn 0.1649500728 -0.6067362428 -0.7776005268
v 0.01353811286 0.02687950619 0.006692911498
vn 0.2570418715 -0.5607736111 -0.7870593667
v -0.0009553462733 0.07688250393 0.06686645001
vn -0.3549562097 0.9037647247 -0.239197433
v -3.094816975e-06 0.07753751427 0.0683408007
vn -0.3042577207 0.9390332699 -0.1601366848
v -0.005534430034 0.04233451188 0.05902365595
vn -0.6280304193 -0.7315221429 -0.2654300332
v 0.02811598033 0.05956950784 0.06832016259
vn 0.9762043953 0.1175314412 -0.1822396815
v 0.02805894241 0.06095051393 0.06931679696
vn 0.9700427055 0.1782245487 -0.1650853455
v 0.02750271186 0.04610051215 0.09472561628
vn 0.7750614285 -0.01565150358 0.6316920519
v 0.03006411716 0.05085751042 0.08549562842
vn 0.9725143313 -0.1082944795 -0.2061267495
v 0.03018015251 0.04942250997 0.08681534976
vn 0.9624053836 -0.1343668997 -0.2360538989
v 0.02963254973 0.04876551405 0.08500662446
vn 0.9485715628 -0.1972977519 -0.2475592643
v 0.01033394411 0.044360511 0.03712531179
vn 0.2106716484 -0.9769234061 0.03518651426
v 0.01590394415 0.04256051406 0.04964764044
vn 0.4953124523 -0.7607921362 -0.4193577468
v 0.01569268107 0.04314550757 0.04821559414
vn 0.5123872161 -0.7771817446 -0.3653052449
v 0.01090319268 0.04947150499 0.01118863001
vn 0.1719585657 0.8524723053 -0.4936813414
v 0.007756006438 0.05092751235 0.09945064038
vn -0.03427439556 0.02007861063 0.9992107749
v 0.01518982649 0.02717651054 0.007110510487
vn 0.3844961524 -0.5490548611 -0.7420926094
v 0.01444667391 0.02841350809 0.005988500547
vn 0.3446524143 -0.5008407831 -0.7939604521
v 0.00254318933 0.03307651356 0.09929769486
vn -0.07284016162 -0.1324633211 0.9885078669
v -0.01532357745 0.04682551324 0.09356377274
vn -0.7833865881 0.02869247273 0.6208720803
v 0.02375687659 0.05150850862 0.05318362638
vn 0.9353504777 -0.2409549206 -0.2589597702
v 0.02318765968 0.05051351339 0.05197850615
vn 0.9065616727 -0.2952215075 -0.3016457558
v 0.02337229438 0.05209351331 0.05143548548
vn 0.9162338972 -0.1931395829 -0.3510164618
v 0.0119041577 0.07018750906 0.04816630855
vn 0.2937105298 0.9065371156 -0.3031906784
v 0.01335057616 0.06931251287 0.04697696492
vn 0.3894777 0.8833292723 -0.260838151
v -0.01629547775 0.05458251387 0.07666177303
vn -0.9845134616 -0.05437417328 -0.1666634977
v 0.01026934292 0.0234915074 0.0112320343
vn 0.08003712445 -0.9867784381 0.1409340501
v 0.008839658462 0.02341450937 0.01058287732
vn -0.03419422358 -0.9989023209 -0.03201379254
v 0.001983581809 0.04897650704 0.01304738875
vn -0.6131182313 0.6939095259 -0.3775918782
v 0.01961494237 0.07208651304 0.0608487688
vn 0.6194803119 0.7369939089 -0.2703407705
v 0.0205801446 0.03951150551 0.01012417208
vn 0.9554193616 0.2822125554 -0.08677503467
v 0.02092587762 0.03775050864 0.01004992798
vn 0.9873554111 0.1411287487 -0.07219407707
v 0.02045103349 0.03853650391 0.008483815938
vn 0.9191880822 0.22371687 -0.3241049051
v 0.01565136202 0.06687251478 0.0931853652
vn 0.252074331 0.5903505087 0.7667756081
v -0.0133310901 0.0668965131 0.08490771055
vn -0.8064711094 0.5699263811 0.1574429423
v -0.01646453328 0.05636051297 0.07730538398
vn -0.9874242544 0.0278554 -0.155619368
v 0.01289800275 0.05685151741 0.09860057384
vn 0.08301568031 0.2210938483 0.9717128873
v 0.003455389524 0.04146850482 0.02113831416
vn -0.5178222656 -0.7384503484 0.4319157004
v 0.002094840631 0.04191250727 0.01990017854
vn -0.6635707617 -0.5977037549 0.4499155879
v 0.003192728152 0.04032850638 0.01936532371
vn -0.496029526 -0.6163487434 0.6116117239
v -0.003339741612 0.0577275157 0.09755396098
vn -0.2027686834 0.2426734716 0.9486804008
v -0.003293096786 0.05577551574 0.09800481796
vn -0.185693875 0.2052408159 0.9609339237
v 0.001387445955 0.0597625114 0.09774635732
vn -0.1086895168 0.2756692469 0.9550879598
v 0.005374500528 0.05965851247 0.0980765745
vn -0.04271225631 0.261395961 0.9642861485
v -0.007266652305 0.05595551431 0.09704468399
vn -0.3186978102 0.2744862437 0.9072425365
v -0.006248120219 0.05491951481 0.09754472971
vn -0.2377220988 0.1965023726 0.9512491822
v -0.005247308873 0.05655251443 0.09742079675
vn -0.2381587178 0.2467416078 0.9393609762
v 0.02305700257 0.0560805127 0.0961067304
vn 0.4503608048 0.3060060143 0.8387702107
v 0.02284251899 0.05434851348 0.09673278034
vn 0.4508689642 0.2638649344 0.8526971936
v 0.00897887256 0.06148451194 0.09757026285
vn 0.03883509338 0.3571937382 0.9332225919
v 0.008854964748 0.05965551361 0.09812235087
vn 0.01930721104 0.2652254403 0.9639931321
v 0.01093225926 0.06028051674 0.09785608202
vn 0.06601081043 0.313700676 0.947224617
v 0.01944484003 0.0383015126 0.09901018441
vn 0.2217412591 -0.09969055653 0.9699962139
v 0.01621616818 0.03284851089 0.09879890829
vn 0.1950762719 -0.2338402122 0.9525040984
v 0.003028163221 0.03113951348 0.08333294839
vn -0.1113409624 -0.8490275145 -0.5164837837
v 0.003138786415 0.0319375135 0.08152867854
vn -0.1197749972 -0.9278743863 -0.3531332016
v 0.004671728704 0.03144751489 0.08240649104
vn -0.05786692724 -0.9085783362 -0.4136869013
v -0.005099752918 0.06158750877 0.04420986027
vn -0.8750998378 0.3833504617 -0.2953686416
v -0.005248611793 0.06245651096 0.04566863179
vn -0.8406658769 0.4326603711 -0.3257082105
v -0.004253278952 0.06333851069 0.04444487765
vn -0.8163271546 0.5008245707 -0.2877234519
v -0.008496652357 0.03719851375 0.09772711992
vn -0.321259737 -0.1403124779 0.9365386367
v -0.01759392582 0.05585651845 0.0881421566
vn -0.9239293933 0.2232847512 0.310641855
v 0.003698247718 0.04919050634 0.01153301354
vn -0.3924339116 0.7982195616 -0.4569913745
v 0.01826165989 0.0365235135 0.09905384481
vn 0.2048764229 -0.1308282316 0.9700049758
v -0.002300936729 0.03150751442 0.09828083217
vn -0.2087763399 -0.2583906651 0.9432108402
v 0.002438582247 0.06791651249 0.04037182033
vn -0.4116767347 0.8942834139 -0.1754406989
v 0.003894582158 0.06825050712 0.03857945278
vn -0.3136130869 0.9412556887 -0.1252380311
v 0.00165520492 0.06717450917 0.03802472726
vn -0.4855782092 0.8640321493 -0.1328994334
v -0.008133255877 0.0468635112 0.09810273349
vn -0.2768675089 0.06319820881 0.9588276148
v -0.009836637415 0.04739651456 0.09755729884
vn -0.3121516407 0.06601774693 0.9477357268
v 0.01943276636 0.05069151521 0.09877762944
vn 0.2013081163 0.123932071 0.9716562629
v 0.01322600991 0.05992751569 0.09778528661
vn 0.1117516756 0.3195762038 0.9409477115
v 0.0144059984 0.05803351849 0.09818678349
vn 0.1192384064 0.2564677596 0.9591696858
v 0.01523669809 0.05996751413 0.0974477008
vn 0.1850612909 0.3691126108 0.9107733965
v -0.004871197045 0.07545252144 0.07025381923
vn -0.5363762975 0.8435178995 -0.02789341845
v -0.005133143626 0.07523851097 0.07185981423
vn -0.5453133583 0.8382037282 0.006916652899
v -0.003670689883 0.07620151341 0.0711973235
vn -0.4680150151 0.8835995197 0.01462164521
v 0.01353483181 0.03079151362 0.09870436043
vn 0.1386227608 -0.2940693796 0.9456780553
v 0.005052650813 0.02851451561 0.09835977107
vn -0.03530804813 -0.3667380512 0.9296540022
v 0.003384430194 0.02787251398 0.09804467112
vn -0.1218555272 -0.5333716869 0.8370578885
v 0.01903667301 0.03487051651 0.09862703085
vn 0.2879485488 -0.2237350792 0.9311435223
v 0.001519965008 0.07442951202 0.05702217296
vn -0.2617800832 0.8652985096 -0.4274688661
v 0.01741401106 0.05359051749 0.09870671481
vn 0.1596771777 0.1710511297 0.9722369909
v 0.01458795927 0.0444855094 0.0434111096
vn 0.4971783161 -0.8168033361 -0.292653501
v 0.01516071241 0.04548850656 0.04137646779
vn 0.553914845 -0.7891518474 -0.2653632462
v 0.004321533255 0.06379050761 0.02475396916
vn -0.2357606441 0.6965992451 -0.6776181459
v 0.004047332332 0.06506851315 0.02660169266
vn -0.286873281 0.7999222875 -0.5270939469
v -0.008141034283 0.03572351113 0.09762719274
vn -0.3670215011 -0.2135081887 0.9053781033
v -0.01078673545 0.04850851744 0.09713363647
vn -0.4279333353 0.1151526943 0.8964446187
v 0.01213446073 0.05837751552 0.09831035882
vn 0.06945265085 0.2483105063 0.9661874771
v 0.02456429042 0.04216751084 0.07631063461
vn 0.7823538184 -0.5946928263 -0.1851025522
v 0.02489344962 0.04313051328 0.07484601438
vn 0.7991768122 -0.5657915473 -0.202968806
v 0.02549696527 0.04343851283 0.07648255676
vn 0.8245773911 -0.5400967598 -0.168426767
v 0.001498851227 0.04586651176 0.0349255912
vn -0.5481154919 -0.8349353075 0.04952177033
v 0.01965454407 0.05567151681 0.09782064706
vn 0.2976301312 0.2692498267 0.915926218
v 0.01779261418 0.0553295128 0.09831441194
vn 0.1802843511 0.2082716227 0.9613118768
v 0.004387096968 0.0263115149 0.08869243413
vn -0.04714631289 -0.7253193259 -0.686796248
v 0.02331969887 0.05586250871 0.05030903593
vn 0.9292510152 0.01334847603 -0.3692077696
v 0.02286136709 0.05775151029 0.04966602474
vn 0.9261098504 0.1244630441 -0.3561312556
v 0.0277428031 0.06457351148 0.08218249679
vn 0.9068049192 0.4215425551 -0.002588223666
v 0.02694129571 0.06618051231 0.0823302418
vn 0.8761770129 0.4813448191 0.02491993643
v -0.0009330687462 0.02831851132 0.09725290537
vn -0.3032351732 -0.5973011851 0.7424821258
v -0.01377756707 0.04591951147 0.07524185628
vn -0.8757212162 -0.4356666505 -0.2081032395
v 0.01846587658 0.05880051851 0.09702863544
vn 0.3119806945 0.3803358078 0.8706392646
v 0.009117166512 0.069567509 0.04328237846
vn 0.1083413959 0.9750779271 -0.1936109215
v 0.006775303744 0.03902450949 0.05185547099
vn -0.02452319302 -0.9550136328 -0.2955462933
v 0.00488112634 0.03899750859 0.05267832428
vn -0.128157109 -0.9644787312 -0.23099038
v -0.01102983579 0.07049150765 0.08250682801
vn -0.7182023525 0.6832338572 0.1318213195
v -0.01113414578 0.06970550865 0.08433133364
vn -0.7070986032 0.6679341197 0.2321111262
v -0.009899909608 0.07109250873 0.08393520862
vn -0.6605434418 0.7116583586 0.2392168492
v 0.009247629903 0.0528165102 0.01481125411
vn 0.06794097275 0.6180238128 -0.7832180858
v 0.01889760233 0.05094150826 0.03719352558
vn 0.8972417712 -0.4413134158 0.01413200889
v 0.001315079047 0.04311650991 0.02034883201
vn -0.7382211089 -0.6123286486 0.2829898298
v 0.002181165619 0.04268450662 0.02159210481
vn -0.6247572303 -0.7222084999 0.296805203
v 0.0009351699846 0.04391850904 0.0216586329
vn -0.7201867104 -0.6693310738 0.1825568676
v 0.007936985232 0.0480665043 0.008271727711
vn 0.00374885113 0.8075028062 -0.5898517966
v 0.02558654733 0.05659950897 0.057093326
vn 0.9515992999 0.006266557612 -0.30727759
v 0.01886725798 0.03211351484 0.08691243827
vn 0.4223932028 -0.6725131273 -0.6077088714
v 0.01936053671 0.03318351507 0.0859747231
vn 0.4631596208 -0.6975204945 -0.5467616916
v 0.01736748219 0.03961451352 0.06334454566
vn 0.503793776 -0.8419277072 -0.1932602525
v -0.005665884353 0.04745750874 0.04886425287
vn -0.7590488195 -0.4828718305 -0.436668843
v -0.006590663455 0.0472645089 0.05051266402
vn -0.7831884027 -0.4783379138 -0.3972515166
v -0.01664652862 0.05484951288 0.07850386947
vn -0.9855992198 -0.0280101914 -0.1667621881
v -0.001303327037 0.04800150916 0.03107273951
vn -0.7791901827 -0.6225017905 0.07317183167
v -0.004026230425 0.05649551004 0.0331630595
vn -0.995488584 0.04276591167 -0.08469685912
v -0.003929113969 0.0553105101 0.03216479346
vn -0.9984745383 -0.03606954217 -0.04180371016
v 0.0004553477047 0.03188151121 0.0144350566
vn -0.5199047923 -0.3352918327 0.7856706381
v 0.01982769184 0.05864050984 0.03445166349
vn 0.9723864794 0.2278084606 -0.05067396164
v 0.01715837233 0.06371751428 0.03333093598
vn 0.7557610869 0.6483900547 -0.09173627943
v -0.003821810009 0.05703051016 0.03163013607
vn -0.9899656177 0.1262123287 -0.06354967505
v -0.007913573645 0.05239351094 0.09755890816
vn -0.287116915 0.1644579917 0.9436722994
v -0.006245226134 0.05333951488 0.09784098715
vn -0.2347343117 0.1633942872 0.9582286477
v -0.0003653992899 0.0666405037 0.04199409857
vn -0.593057096 0.7665860057 -0.2462299168
v 0.0006173643051 0.06684350967 0.04020058364
vn -0.5480582714 0.8184934855 -0.172338441
v -0.001397777814 0.06321750581 0.032403294
vn -0.7650585771 0.6308960319 -0.1290564835
v -0.0004337392456 0.06402951479 0.03127552941
vn -0.6940543056 0.708737433 -0.126411438
v -0.001643482829 0.06257550418 0.03063187934
vn -0.8049451113 0.5801302195 -0.1245485321
v -0.0003941707837 0.06440851092 0.03319399431
vn -0.6882043481 0.7071908116 -0.1620368361
v 0.01151840203 0.03873850405 0.01866697334
vn 0.1350580454 -0.6401359439 0.7562971115
v 0.01266178209 0.04001550376 0.01964255236
vn 0.3506902158 -0.7463877201 0.56561625
v -0.002674570074 0.05042050779 0.03190644458
vn -0.8994351625 -0.4368135631 0.01450225711
v -0.003268304281 0.05161350965 0.03335402533
vn -0.9338144064 -0.3569774926 -0.02361513488
v -0.003416106338 0.05218550935 0.03146988899
vn -0.9540887475 -0.299513638 -0.002502742922
v 0.005126175005 0.04278350994 0.0263023302
vn -0.2841069698 -0.9252800941 0.2512767315
v 0.00682597328 0.04274650663 0.02745099366
vn -0.1110139117 -0.9665427804 0.2312378734
v 0.01611707546 0.04684051126 0.03417189792
vn 0.6696092486 -0.7369222641 0.09256888181
v 0.01465790439 0.04567250982 0.03336064517
vn 0.5255698562 -0.8430578709 0.1141479909
v 0.01299703307 0.04473850504 0.03256651387
vn 0.4079767764 -0.902797699 0.1360562593
v 0.003646548605 0.0445475094 0.03224530444
vn -0.4028765261 -0.9104678631 0.09348139912
v 0.003139152192 0.04485850781 0.03412408754
vn -0.4247773886 -0.9035485387 0.05625144392
v 0.01327727176 0.04509251192 0.03464528918
vn 0.4381649494 -0.8935554028 0.09782759845
v 0.01235738397 0.06709450483 0.03348322213
vn 0.3568446934 0.9203337431 -0.1601489633
v 0.01382603962 0.0663735047 0.03302006051
vn 0.4672513306 0.8719416261 -0.1462668478
v 0.01270128787 0.07151551545 0.05172257498
vn 0.2984032929 0.8654929996 -0.4023398757
v 0.01016275492 0.04416650906 0.0352813974
vn 0.1712969989 -0.9795541167 0.1055037901
v 0.02932972461 0.05355250835 0.07799120247
vn 0.9887399673 -0.1040111855 -0.1075867787
v 0.02939127944 0.05510451272 0.07759507746
vn 0.9944545031 -0.03218999878 -0.1001204178
v 0.007319351658 0.04373650998 0.03310511634
vn -0.06532905996 -0.9894708991 0.1291490495
v -0.005453696009 0.06429950893 0.04877443984
vn -0.7661699653 0.5075497031 -0.3941786885
v -0.004009914584 0.06540450454 0.04742791504
vn -0.715498507 0.6119957566 -0.3369319141
v 0.01996255293 0.05270750821 0.02918219566
vn 0.9837357402 -0.1773437709 -0.02851553634
v 0.01946233958 0.05098751187 0.03000060841
vn 0.9409746528 -0.3334103823 0.05834592879
v 0.01951652579 0.05115550756 0.02832547948
vn 0.9564857483 -0.290935874 -0.02216585353
v 0.004859741312 0.06715650856 0.03129314259
vn -0.275110662 0.9511346221 -0.1402036548
v 0.004527678248 0.0673745051 0.03334100544
vn -0.2829726338 0.9410296082 -0.1854447126
v -2.398886681e-05 0.0758985132 0.08583527058
vn -0.2474707663 0.8585402966 0.4490732849
v 0.0009532248951 0.07668950409 0.08443879336
vn -0.2100340724 0.8934318423 0.3970708251
v 0.0009291383903 0.06533551216 0.0317713134
vn -0.5931535363 0.7918789983 -0.1452465504
v -0.005772341508 0.05978450552 0.04424493387
vn -0.916238606 0.2617688477 -0.3032884896
v -0.005864437204 0.06102650985 0.04571164399
vn -0.8853803277 0.3318053782 -0.325586915
v -0.004203641322 0.05227150768 0.03947367892
vn -0.9000074267 -0.3202705085 -0.2956576645
v 0.01326423418 0.03427750617 0.001965816366
vn 0.4464432299 -0.4195028543 -0.7903833389
v 0.01181960385 0.03467350826 0.001050998224
vn 0.2965789139 -0.4452708364 -0.8448519707
v 0.0105919186 0.07527650893 0.05782315508
vn 0.1871015877 0.9007245898 -0.3920308948
v 0.008287524804 0.0372245051 0.01755309105
vn -0.04696950689 -0.5638486147 0.8245414495
v 0.009287721477 0.03846350685 0.01864885353
vn 0.02827008627 -0.7364928126 0.6758543849
v -0.009978952818 0.06097250804 0.05474251881
vn -0.8769156337 0.2364908904 -0.4184387922
v -0.01067144703 0.06133851036 0.05641587079
vn -0.8923441172 0.2291928977 -0.3888349235
v -0.003791338764 0.05812750757 0.03305300698
vn -0.9745291471 0.2004348785 -0.1005925387
v -0.003233173396 0.06005050987 0.03279389814
vn -0.9318908453 0.3461489081 -0.1084452569
v -0.003432655241 0.05885250866 0.03125119954
vn -0.9603468776 0.2674419284 -0.07879506797
v 0.02418410592 0.06991650909 0.08413521945
vn 0.7012752295 0.670707345 0.2415878922
v 0.01056479197 0.02365950868 0.00964118354
vn 0.117779091 -0.9502305388 -0.2884268463
v 0.008741879836 0.02397250943 0.008552355692
vn 0.01216467936 -0.8775517344 -0.4793276489
v 0.0109601561 0.02461150661 0.007878647186
vn 0.1340885758 -0.7718755007 -0.6214727759
v -0.004146968946 0.05705050752 0.03491195291
vn -0.9912496805 0.08367472887 -0.1020914242
v 0.0257095471 0.06785951555 0.07002104819
vn 0.8639290333 0.4915336668 -0.1096416414
v 0.01348407008 0.04369750991 0.02700489573
vn 0.4281583428 -0.8758160472 0.2227705419
v 0.0135748107 0.04410450906 0.02850886807
vn 0.4339564741 -0.8783265948 0.2005595863
v 0.01209533866 0.04343751073 0.02829226479
vn 0.2982748747 -0.9278294444 0.22397466
v 0.02796696872 0.04285151139 0.08625551313
vn 0.8397154212 -0.4024217427 -0.3646021783
v 0.02591746114 0.04663451388 0.07002714276
vn 0.8613451719 -0.4687334597 -0.1958915442
v 0.02519955486 0.04622851312 0.0681655705
vn 0.847599864 -0.4951947033 -0.1906743646
v 0.02641116641 0.04828551039 0.06852011383
vn 0.8959058523 -0.4023317695 -0.1883663386
v 0.0149866268 0.06584651023 0.03401924297
vn 0.578358829 0.8020399809 -0.1491071433
v 0.01514002029 0.0653655082 0.03222242743
vn 0.5922939181 0.7991853356 -0.1024243459
v -0.002621708671 0.05009651184 0.02698738128
vn -0.9275039434 -0.3677242696 -0.06719613075
v -0.001814730582 0.04836751148 0.0276172813
vn -0.8528890014 -0.5217034221 0.02014638856
v -0.01648884825 0.05812251195 0.07825209945
vn -0.9846026897 0.1104352623 -0.1355047673
v -0.01611039229 0.059889514 0.07742452621
vn -0.9743599296 0.18342489 -0.1302996874
v 0.02731521614 0.0501265116 0.06953054667
vn 0.9308238029 -0.3074276745 -0.1976240128
v 0.01616696268 0.06479251385 0.03382439911
vn 0.6770807505 0.7243688703 -0.1298130304
v -0.003682033392 0.05931550637 0.03462865204
vn -0.9562718868 0.2627544105 -0.1284687817
v -0.004085783847 0.05871550739 0.03646094725
vn -0.9721835852 0.1909517795 -0.1356336474
v -0.003515703371 0.06067350879 0.03617522866
vn -0.9271946549 0.3446698487 -0.1466724426
v 0.002454718342 0.073696509 0.05531607196
vn -0.2230127454 0.8378056884 -0.498344183
v 0.001359041198 0.0727225095 0.05426207557
vn -0.2814792693 0.8303700686 -0.4808897972
v -0.001866293605 0.06946751475 0.05122726411
vn -0.5059939027 0.7513332367 -0.4236373007
v -0.0003538006276 0.07001250982 0.05056448281
vn -0.4198308587 0.804917872 -0.4193438888
v 0.01424562186 0.04859451577 0.09971920401
vn 0.01716812328 0.03356008604 0.9992892146
v 0.01301005762 0.04965751618 0.09965601563
vn -0.02568927221 0.02455596812 0.99936831
v 0.006239516661 0.07826950401 0.06667081267
vn -0.0223714821 0.9736331701 -0.2270197421
v 0.004785075318 0.07842551172 0.06768477708
vn -0.08829830587 0.9768176079 -0.195014894
v 0.004974228796 0.0753795132 0.05754233152
vn -0.1046866998 0.9124467969 -0.3955774307
v 0.006232027896 0.07599850744 0.05882998928
vn -0.05105116218 0.9361570477 -0.3478559554
v 0.0077106799 0.06841550767 0.03553487733
vn -0.0114652412 0.9729387164 -0.2307787538
v 0.009137922898 0.06864050776 0.03690036759
vn 0.1163207814 0.9778304696 -0.1741180718
v 0.01663440652 0.0585145168 0.09771454334
vn 0.2030151784 0.3210746348 0.9250383377
v 0.01707785018 0.06019151583 0.09685917199
vn 0.263653785 0.4157930911 0.8704038262
v 0.008371951059 0.0735745132 0.0894388184
vn 0.03131520003 0.6671250463 0.7442872524
v -0.01608745195 0.04442251101 0.08469554782
vn -0.8486731052 -0.3447842002 -0.4010957479
v -0.01698997617 0.04460751265 0.08633670956
vn -0.8525553346 -0.2920931578 -0.4333947301
v -0.01686920412 0.04617851228 0.08517315239
vn -0.8859479427 -0.2607608438 -0.3835361898
v 0.004794893321 0.04040250555 0.02070676722
vn -0.3595200777 -0.7841720581 0.5057860017
v -0.01248058211 0.03537451476 0.09305547178
vn -0.762421608 -0.4734071791 0.441133678
v 0.01761076972 0.06944750994 0.05308187008
vn 0.5639041662 0.7182049751 -0.40766868
v -0.01685532182 0.043478515 0.09086293727
vn -0.88507092 -0.1643968523 0.4354574084
v -0.01688171364 0.05742251128 0.08867576718
vn -0.8433944583 0.2877696157 0.4537338316
v -0.01604053192 0.05897351354 0.08906569332
vn -0.7692950368 0.3354857862 0.5437227488
v 0.02286824584 0.04772651196 0.05523850024
vn 0.8602349162 -0.4557286203 -0.2287080288
v 0.023166731 0.04927551001 0.05364676192
vn 0.8992797136 -0.3616528809 -0.2459739298
v 0.01009034365 0.03389251605 0.07491900027
vn 0.1546099931 -0.950127244 -0.2708393335
v 0.01238874812 0.03433851153 0.07515155524
vn 0.2473521084 -0.9325529933 -0.262986362
v 0.01149790548 0.03369651362 0.07677310705
vn 0.2059108615 -0.9531422257 -0.2216317803
v 0.0006329530734 0.03621150926 0.06937610358
vn -0.2606723309 -0.930842638 -0.2560896575
v 0.02011136338 0.04642351344 0.04991234094
vn 0.7462623119 -0.545383215 -0.3816409111
v 0.01942465827 0.04503951222 0.05068336427
vn 0.6967215538 -0.6045399308 -0.3861483932
v 0.01854531653 0.04514351115 0.04897836596
vn 0.6744174957 -0.6377588511 -0.3720547557
v -0.005982918665 0.06593950838 0.05182015896
vn -0.7246075869 0.5495691895 -0.4158335626
v -0.00533388881 0.06754051149 0.05282688886
vn -0.6590681076 0.6143886447 -0.4337692857
v -0.003555988194 0.0761475116 0.06912703812
vn -0.4701864421 0.8747458458 -0.1172367111
v 0.03032541089 0.05011851341 0.09091369808
vn 0.9162923694 0.03711328283 0.3987867832
v 0.03011046536 0.0482875146 0.09140665084
vn 0.8892747164 -0.01132887509 0.4572331309
v 0.01121724583 0.04403951764 0.09970787913
vn -0.03426275775 0.02008223534 0.9992110729
v 0.003359104041 0.04369150847 0.02715353295
vn -0.425114274 -0.887057364 0.1800197214
v 0.003565780586 0.04306351021 0.02496831119
vn -0.4338681996 -0.8589279056 0.2720317543
v -0.0005244506174 0.04590150714 0.04167048633
vn -0.5929534435 -0.7509169579 -0.2907402813
v -0.01440208405 0.06088751182 0.06794829667
vn -0.9551847577 0.1811949909 -0.2340735197
v 0.004460738506 0.06782850623 0.03530186042
vn -0.2706138194 0.9365211725 -0.2229264379
v -0.002856467385 0.0739095062 0.08726646006
vn -0.3044900596 0.7210091352 0.6224400401
v -0.003517705714 0.0720885098 0.08863969892
vn -0.2932685316 0.641177237 0.7091441154
v -0.01493572723 0.03743351623 0.08900234848
vn -0.8492861986 -0.4974308014 -0.1768489331
v 0.001644789008 0.07801950723 0.06834302098
vn -0.2276809663 0.9591521621 -0.1678941548
v 0.006132861134 0.03799751028 0.05757288262
vn -0.04386182502 -0.9805968404 -0.1910653263
v 0.004576060921 0.03838151321 0.05636806414
vn -0.1377207786 -0.9734303355 -0.1829380989
v -0.01004676428 0.05542351305 0.09582812339
vn -0.4846144021 0.2953834534 0.8233453035
v -0.01122315321 0.0558585152 0.09496948868
vn -0.4992522895 0.2932653725 0.815317452
v -0.01143066399 0.05429051444 0.09533261508
vn -0.5148148537 0.2584976256 0.8174011707
v 0.01634678058 0.04140251502 0.05273754895
vn 0.515606463 -0.8202716112 -0.2475973219
v 0.009139840491 0.0318525061 0.002317304723
vn 0.02889812179 -0.566636622 -0.8234608769
v 0.009359754622 0.03043150716 0.003349406878
vn 0.04628409818 -0.5565283298 -0.8295384049
v -0.003106942866 0.03310151771 0.09847243875
vn -0.2075127363 -0.2041202784 0.9566991925
v -0.004784251098 0.0753345117 0.0825669542
vn -0.4688185155 0.8518477082 0.2335909456
v -0.003136419691 0.07610051334 0.08271726221
vn -0.396576345 0.8827233911 0.2520447969
v -0.004056300502 0.07587951422 0.0811739713
vn -0.4459085166 0.888877213 0.1051801816
v 0.02450748906 0.03453251347 0.08911215514
vn 0.6407105327 -0.5775063634 -0.505941093
v 0.02561306581 0.0360305123 0.08899680525
vn 0.6893416047 -0.5243989825 -0.4998138249
v 0.01988667622 0.05372050777 0.03521512076
vn 0.9811366796 -0.192841053 0.01353211515
v 0.01425491087 0.02796151489 0.08866108954
vn 0.246571824 -0.6849732995 -0.6855756044
v -0.0113480296 0.06890851259 0.08620011806
vn -0.6680256128 0.6488117576 0.3643969297
v -0.009881534614 0.06969051063 0.08706065267
vn -0.5604403615 0.6230434775 0.545640409
v -0.01004265808 0.07038451731 0.08562532067
vn -0.6463344097 0.6990824342 0.3058358431
v 0.02293495834 0.03429151699 0.08795782924
vn 0.5517827272 -0.5770523548 -0.6021182537
v 0.02332769893 0.0330555141 0.08937904984
vn 0.6258347034 -0.6111106873 -0.4846386313
v 0.0282030534 0.06312651187 0.07720030099
vn 0.9472410083 0.315030992 -0.05907575041
v 0.01571551152 0.03888951242 0.06237762049
vn 0.4355250597 -0.8756923079 -0.2085206956
v 0.002258020686 0.07454051077 0.08810144663
vn -0.1428674906 0.6742808819 0.7245234251
v 0.001873254427 0.07320151478 0.08931902796
vn -0.1380075067 0.6642953753 0.734619379
v 0.003696213476 0.07387651503 0.08894100785
vn -0.08962599933 0.6753285527 0.7320508957
v 0.01237048954 0.06813051552 0.09309637547
vn 0.1607164443 0.614411056 0.7724437118
v -0.01335668098 0.06693850458 0.07583855838
vn -0.8700187206 0.481525749 -0.1058319137
v 0.01604274102 0.0355785042 0.003522519721
vn 0.6129806042 -0.1994948983 -0.7644975781
v 0.01613830589 0.03730450571 0.003331668442
vn 0.6782318354 -0.04695509747 -0.7333462834
v 0.01746074483 0.03663450852 0.004484463949
vn 0.6372044086 -0.04250469059 -0.7695218921
v 0.0005011223839 0.02816651389 0.09768208861
vn -0.1996976137 -0.5532437563 0.8087287545
v -0.009687761776 0.0410365127 0.07311915606
vn -0.6904203296 -0.6598813534 -0.2964395881
v 0.01428635139 0.0348765105 0.07537142187
vn 0.3361232579 -0.9067316651 -0.254674077
v 0.01962324232 0.03030050918 0.01306523755
vn 0.7971888185 -0.3238689899 0.5095084906
v 0.01991516538 0.03185950965 0.01324830763
vn 0.8283016682 -0.1643040627 0.5356495976
v 0.01299031638 0.0696965158 0.09176374972
vn 0.1485891193 0.5667486191 0.8103809357
v 0.01426803321 0.06815451384 0.09264384955
vn 0.2059331089 0.5916278362 0.7794665098
v 0.01431945525 0.0416695103 0.0208528135
vn 0.5552298427 -0.7413211465 0.3770448864
v -0.01749143004 0.05698551238 0.08505184948
vn -0.978551805 0.1758038104 -0.1073752418
v -0.01762218028 0.05509351194 0.08425092697
vn -0.9845492244 0.06157681346 -0.1639240235
v -0.0179420393 0.05557551235 0.08620515466
vn -0.9892063737 0.1380856335 -0.0490212515
v 0.0003812784562 0.04416950792 0.01991671883
vn -0.8409640789 -0.5080410242 0.1862089634
v 0.01391812228 0.04068350419 0.01959539391
vn 0.4745081961 -0.6824740171 0.5559417009
v 0.006826974917 0.02414950542 0.008428949863
vn -0.119963102 -0.8693068624 -0.479493916
v 0.007499300409 0.02507550642 0.007229194976
vn -0.0469921194 -0.69613415 -0.7163720727
v -0.01161522232 0.05273551121 0.09569753706
vn -0.5347863436 0.2333324105 0.8121327162
v -0.01228053309 0.0643845126 0.0895402506
vn -0.5778377056 0.4883033633 0.6539598107
v -0.01351971459 0.06364451349 0.08887958527
vn -0.6653063297 0.4656482041 0.5835574269
v 0.02210717835 0.04759351164 0.05261901394
vn 0.8424316049 -0.4616406262 -0.2778433263
v 0.02135558613 0.04763751104 0.05080631375
vn 0.8027280569 -0.4578553438 -0.3820944726
v 0.01187427808 0.03842450678 9.430205682e-05
vn 0.2941387594 -0.001603428391 -0.955761373
v 0.003648166778 0.03890451044 0.01842231117
vn -0.2967104316 -0.5750012994 0.7624542117
v 0.004875050392 0.03936050832 0.01929667965
vn -0.2555333078 -0.7316526175 0.6319708824
v -0.01029059198 0.07075251639 0.07187286764
vn -0.7650210261 0.6427209973 -0.0406515412
v 0.02309916914 0.06985151023 0.08695784211
vn 0.6309474111 0.6836821437 0.3667207956
v 0.0241644159 0.0692345053 0.08550334722
vn 0.7102104425 0.6519848704 0.2655501068
v 0.001871679095 0.04546151683 0.09935981035
vn -0.03407043964 0.02008089237 0.999217689
v 0.0006812459906 0.04382151365 0.09935220331
vn -0.03412996978 0.02007421665 0.9992157817
v 0.01589413173 0.06629350781 0.04125941917
vn 0.6130842566 0.7728042006 -0.1640164256
v 0.00492887618 0.03271951526 0.07877214253
vn -0.06295616925 -0.9593524933 -0.2750987113
v 0.00670939777 0.0326985158 0.07855276018
vn 0.00566342799 -0.9633831382 -0.2680687606
v 0.02070999332 0.05060951039 0.04556623846
vn 0.8883924484 -0.3530277908 -0.2934795916
v -0.01776680723 0.04503051564 0.08778403699
vn -0.9685667753 -0.1976147592 -0.1510852873
v -0.01778505743 0.04643151537 0.08682387322
vn -0.9439957738 -0.188009128 -0.2711540759
v 0.02806359716 0.05247451365 0.0931558311
vn 0.6993928552 0.1747102737 0.6930555105
v 0.02074909024 0.06323751062 0.04881746322
vn 0.823407948 0.464104563 -0.3265062571
v 0.02084937505 0.06198151037 0.04711088911
vn 0.8717076182 0.4117389023 -0.2657008767
v -0.002647182439 0.05067350715 0.02506639436
vn -0.9533225298 -0.2538769543 -0.1634708047
v 0.01850713044 0.03358350694 0.005809934344
vn 0.5816228986 -0.2353283316 -0.7786753774
v 0.005626768339 0.05356150866 0.01577127352
vn -0.230960682 0.620567441 -0.7493685484
v 0.003947970923 0.05423450842 0.01696769334
vn -0.3470191956 0.5731482506 -0.7423467636
v 0.00568736298 0.05524450913 0.01710311882
vn -0.2168565542 0.6143906713 -0.7586154342
v -0.01525645703 0.04011751339 0.08673208207
vn -0.7468159795 -0.4162751138 -0.5186337233
v -0.01492409501 0.0549165085 0.0690241158
vn -0.9721323252 -0.09500215948 -0.2143205702
v -0.002918626647 0.06125750765 0.03442458063
vn -0.8934068084 0.4225487113 -0.1525675505
v 0.00271446025 0.0348325111 0.07223978639
vn -0.1513300091 -0.941300869 -0.3017480373
v 0.000928387919 0.03504051268 0.07265109569
vn -0.2228452563 -0.9240088463 -0.3107211292
v 0.001616415801 0.03547351062 0.07081549615
vn -0.2213728577 -0.9299883842 -0.2934546471
v -0.01841983199 0.0502095148 0.08768570423
vn -0.9996387959 -0.01901458763 0.01899247617
v -0.01809061319 0.05128251761 0.08888664842
vn -0.9462505579 0.07809213549 0.3138654232
v -0.003987490665 0.03473451361 0.07953937352
vn -0.4117813706 -0.8563697934 -0.3115556538
v -0.002358400496 0.03439351171 0.07850936055
vn -0.3632405996 -0.8843154311 -0.2933300436
v -0.002528251614 0.03375751153 0.08034863323
vn -0.3545628488 -0.8782507777 -0.3208749294
v 0.01212932169 0.07811550796 0.06956144422
vn 0.2502558529 0.9638088346 -0.09189449996
v 0.01608671062 0.04501650855 0.02494949475
vn 0.6957890391 -0.6837788224 0.2198276073
v 0.01684167236 0.04525650665 0.02343937196
vn 0.7814617157 -0.5927713513 0.1947812289
v 0.02032219805 0.0306575112 0.009737149812
vn 0.9082413316 -0.3811366558 -0.1727210581
v 0.02044694126 0.03137950599 0.0117105525
vn 0.9521173835 -0.2276839018 0.2040404826
v -0.01137012616 0.0693995133 0.07216320187
vn -0.8129034638 0.5791659355 -0.06127586588
v -0.01758487895 0.04432351515 0.08928412944
vn -0.9646386504 -0.1927273571 0.179801017
v 0.01108524017 0.03342850879 0.01634884812
vn -0.160356313 -0.2806942463 0.9463068247
v 0.02415683866 0.04380551353 0.07039628923
vn 0.7859196067 -0.587153554 -0.1938585788
v 0.0100899078 0.07850050926 0.06924568117
vn 0.1542138755 0.982837975 -0.1012302935
v 0.003376499051 0.03523150831 0.07049135119
vn -0.1315353662 -0.954433918 -0.2678700984
v 0.006903949659 0.04329251125 0.04093550518
vn -0.07133050263 -0.9518344402 -0.2981998026
v 0.008466240019 0.04359350726 0.03986918181
vn 0.03826565668 -0.946169436 -0.3214018047
v 0.00845572073 0.04299851134 0.04184797779
vn 0.04205188155 -0.961635232 -0.2710891962
v 0.0137589667 0.03623151407 0.07053761184
vn 0.3198415935 -0.9179815054 -0.2345449775
v 0.01284048986 0.03640151396 0.06857214123
vn 0.2786652148 -0.9373284578 -0.2091915458
v 0.004621847998 0.04369551316 0.09948972613
vn -0.03413979709 0.02012941241 0.9992143512
v 0.003960325848 0.0452565141 0.09943511337
vn -0.03409808874 0.02015240863 0.9992153049
v -0.005124513526 0.03894651309 0.06899844855
vn -0.5344670415 -0.8060975075 -0.2540704012
v 0.01968284696 0.02887251228 0.09183312953
vn 0.5723512173 -0.8195255995 0.02814026363
v 0.01607317477 0.04735950753 0.03818373755
vn 0.662635386 -0.7458960414 -0.06747919321
v 0.01731717214 0.04839850962 0.03712056205
vn 0.7605946064 -0.6478922367 0.04161146656
v 0.01727454551 0.04840450734 0.03913128003
vn 0.7466651797 -0.6403164864 -0.1802383214
v 0.02502568252 0.04545951262 0.09697040915
vn 0.5910412669 0.001757199527 0.8066394329
v -0.01207175758 0.04581950977 0.06961978227
vn -0.8330061436 -0.493421793 -0.2502712011
v -0.0121924933 0.04684951529 0.06817381829
vn -0.8510517478 -0.4627971947 -0.2480517626
v 0.02841489762 0.05654351413 0.0692949295
vn 0.9861558676 -0.03296213225 -0.1625117362
v 0.01899684034 0.05003850907 0.02493677661
vn 0.9670803547 -0.2363065183 -0.09441839904
v -0.01307154913 0.06800150871 0.08161365241
vn -0.8266242146 0.5624953508 0.01707065292
v 0.02683972567 0.03741151467 0.08932083845
vn 0.7735942006 -0.4958189428 -0.3946081102
v 0.02550434321 0.03775051609 0.08740416169
vn 0.6768431067 -0.5238577724 -0.5171619058
v 0.01573966071 0.04734551907 0.09971418232
vn 0.0670805499 0.04134109989 0.9968907237
v 0.01538213063 0.04356850684 0.005522144958
vn 0.5021694303 0.6109462976 -0.6120216846
v 0.01484627556 0.04495950788 0.006622503512
vn 0.3861676157 0.6942430139 -0.6073724031
v 0.02150472067 0.05275250971 0.04593956843
vn 0.93320328 -0.2146673054 -0.2881832421
v 0.02170628496 0.05506551266 0.04542814568
vn 0.9610691667 -0.07047851384 -0.2671681941
v -0.009142041206 0.06301451474 0.05452495068
vn -0.8324428201 0.3478080332 -0.4313565791
v -0.006762670353 0.04558550939 0.05399782583
vn -0.7697854042 -0.5803485513 -0.2657555342
v 0.01982062683 0.05247750878 0.03084832616
vn 0.968044579 -0.24015674 0.07221136242
v -0.003659090959 0.05763450637 0.02979462035
vn -0.9759381413 0.1967198998 -0.09405313432
v 0.01787064038 0.06376050413 0.03843520954
vn 0.8065952063 0.5834085345 -0.09507186711
v 0.01699007489 0.06459850818 0.03717643395
vn 0.7368677855 0.6633933783 -0.1301347911
v -0.003436828265 0.05493351072 0.02703559957
vn -0.9740348458 0.03892596066 -0.2230266333
v -0.003194950987 0.05352650583 0.0256950669
vn -0.9669726491 -0.01968696155 -0.254118681
v -0.01575566828 0.04994551092 0.07764375955
vn -0.9499242306 -0.2435160279 -0.1958158612
v -0.01597568579 0.0493495129 0.07931122184
vn -0.9459160566 -0.2511457503 -0.2053500265
v 0.01029600669 0.06863251328 0.03844178095
vn 0.2061325312 0.9749071002 -0.08405680209
v -0.006966582499 0.07414251566 0.07483099401
vn -0.5989739299 0.7982580066 -0.06335928291
v -0.008654921316 0.07276950777 0.07504651695
vn -0.6695290804 0.7393202186 -0.07166858763
v -0.007961592637 0.07351350784 0.07669012994
vn -0.6357963085 0.7707519531 -0.04128538072
v 0.02408873849 0.03586251661 0.08760298789
vn 0.6141369343 -0.5513571501 -0.5646601915
v 0.01811372861 0.0496975109 0.03811431676
vn 0.8369827867 -0.5444123149 -0.0554532297
v 0.01306208037 0.04926950485 0.01178563666
vn 0.2681484222 0.8317694068 -0.4860617518
v 0.02740680799 0.03774051368 0.09123330563
vn 0.8742966652 -0.4781528115 0.08351782709
v 0.004382987972 0.06198550761 0.02327620611
vn -0.237706691 0.6274750829 -0.7414651513
v 0.006298665889 0.06183451042 0.02264419757
vn -0.1209259182 0.6571900249 -0.7439611554
v 0.005500772968 0.06063551083 0.02177747153
vn -0.1800293624 0.6459197402 -0.7418740392
v 0.01716998406 0.06563851237 0.09360341728
vn 0.303445071 0.5732119679 0.7611498833
v -0.007287828252 0.03985951096 0.07075866312
vn -0.6074107885 -0.7422776222 -0.2829771936
v -0.001687451964 0.07702151686 0.06870353967
vn -0.3873330951 0.9122020602 -0.1336429864
v -0.002233771607 0.06350550801 0.03748872876
vn -0.8190768957 0.5581673384 -0.1325225979
v -0.002657433506 0.06244550645 0.03603542969
vn -0.8604336381 0.4822007716 -0.1647311151
v 0.005478802603 0.03315651044 0.07670269907
vn -0.04330531135 -0.9706401229 -0.2366060019
v 0.007540617604 0.03310451284 0.07691916823
vn 0.05435736105 -0.9702818394 -0.2357932031
v -0.01197910774 0.06879351288 0.07376435399
vn -0.8243176341 0.5574057698 -0.09899120778
v -0.01314782072 0.06694050878 0.07388255
vn -0.8731981516 0.4752315879 -0.1080738083
v 0.01081466209 0.06810551137 0.09341648221
vn 0.1120373756 0.6280542612 0.7700619698
v 0.009410413913 0.06869151443 0.09307736903
vn 0.06923697889 0.6236254573 0.7786511183
v -0.008385851048 0.05507650971 0.04937374964
vn -0.897613287 -0.02993408218 -0.4397661984
v -0.007941531949 0.07312351465 0.07179395854
vn -0.6533974409 0.7567229271 -0.02102764696
v -0.006624625064 0.0742175132 0.07269842178
vn -0.5966889858 0.8018908501 -0.03055069409
v 0.02721170709 0.04168151319 0.09431044012
vn 0.8002768159 -0.1959366351 0.5667149425
v 0.01610559411 0.04816950858 0.01252590772
vn 0.6210278273 0.7185858488 -0.3129836917
v 0.003703886876 0.07796051353 0.08279567957
vn -0.1202018559 0.9558572769 0.2681200206
v -0.008939315565 0.04865451157 0.09773902595
vn -0.2865659893 0.09095916152 0.9537328482
v -0.006556901149 0.06494151801 0.09263833612
vn -0.4010075033 0.5485050678 0.7337132692
v -0.00756381778 0.06347952038 0.09314627945
vn -0.4399069846 0.5211811066 0.7313358188
v -0.004228218459 0.04797651246 0.04526421055
vn -0.7626377344 -0.5326645374 -0.3669498265
v -0.004801246338 0.04933550954 0.04469832778
vn -0.8186734915 -0.4472970963 -0.3601375222
v 0.009168486111 0.05650451034 0.01786232926
vn 0.07551278174 0.6265804172 -0.7756898999
v 0.007803453598 0.0573115088 0.01851413585
vn -0.04949350655 0.6449380517 -0.7626305223
v 0.01760545 0.04848951101 0.01850555837
vn 0.9506675005 0.08343628049 -0.2987803817
v 0.01678205468 0.04981550947 0.01733078063
vn 0.8437839746 0.3301697075 -0.4231034815
v 0.02125913091 0.03109651059 0.09387409687
vn 0.6216270924 -0.6735992432 0.3998047113
v 0.004053697456 0.02501351014 0.09306560457
vn -0.08786059171 -0.9740498662 0.2085842639
v 0.00620434247 0.02492751367 0.09314202517
vn -0.0006765918224 -0.9786022305 0.2057600766
v 0.000547401316 0.07776751369 0.07944404334
vn -0.2466835976 0.9644531608 0.09474854171
v 0.01068689954 0.07188151777 0.09068153054
vn 0.08649652451 0.5879263282 0.8042767048
v 0.00943821203 0.07040851563 0.09173553437
vn 0.05681493506 0.5869714022 0.8076116443
v -0.00813005399 0.04221251234 0.06614924222
vn -0.6787717342 -0.6921665072 -0.2453047782
v -0.001385865733 0.03668551147 0.06992254406
vn -0.3518614769 -0.8996478319 -0.2585097551
v 0.01467430871 0.03176450357 0.004215238616
vn 0.4431875944 -0.4180338979 -0.792989552
v 0.01727947406 0.0346035026 0.004694400355
vn 0.5656585693 -0.2164767981 -0.7957186699
v 0.0179245621 0.04702650756 0.02308011055
vn 0.9120130539 -0.4042880833 0.06916146725
v -0.002027377719 0.04145250842 0.05330798402
vn -0.5326414704 -0.8184969425 -0.2153039724
v -0.009821566753 0.04269651324 0.06965257227
vn -0.7244859934 -0.6434048414 -0.247285679
v 0.02279906161 0.07194250822 0.07230107486
vn 0.7301765084 0.6831614375 0.01151760016
v -0.004972176161 0.05914950743 0.04100034386
vn -0.9364786148 0.2189449221 -0.2739907801
v -0.005617357325 0.05837950483 0.04266530275
vn -0.9453887343 0.1525576413 -0.2880387902
v -0.005074806977 0.06039951369 0.0425997749
vn -0.9107934833 0.308139503 -0.2747823
v -0.001093396801 0.04774351045 0.02011652663
vn -0.958379209 -0.1736346483 -0.2266279906
v -0.000859103282 0.04932051152 0.01896885037
vn -0.9117965102 0.03956406564 -0.408731997
v -0.0004609328753 0.04754850641 0.01814995706
vn -0.9593627453 0.02155292965 -0.2813512683
v 0.001038969727 0.02720250934 0.008037246764
vn -0.6192624569 -0.6647490859 -0.4178787172
v 0.01022328157 0.06453050673 0.02509653009
vn 0.1617619097 0.7261236906 -0.6682645082
v 0.008331670426 0.06509051472 0.02546320297
vn 0.01986816525 0.7833408117 -0.6212748289
v 0.003172733122 0.0262305066 0.01253566798
vn -0.4399909973 -0.5967374444 0.6710531712
v 0.01923113689 0.03406351432 0.08469456434
vn 0.4708493054 -0.7222577929 -0.5066010356
v 0.01929877885 0.03514451161 0.08306491375
vn 0.5081999898 -0.7774971128 -0.3704470098
v 0.02073342539 0.03528751433 0.0845067054
vn 0.5378883481 -0.6976213455 -0.4732869864
v 0.01691051573 0.04672850668 0.04202754423
vn 0.66967237 -0.6992900968 -0.2500645518
v -0.0001818585151 0.03583151475 0.07132043689
vn -0.2952452302 -0.9049788117 -0.3063389659
v -0.01341230981 0.06539851427 0.06970109046
vn -0.9092592001 0.3938700855 -0.1345885396
v -0.01342484076 0.0644865185 0.06784057617
vn -0.9154339433 0.3372128308 -0.2197003514
v -0.008103244007 0.06467451155 0.09197719395
vn -0.4288982451 0.5189085007 0.7394459248
v -0.01272192784 0.06638251245 0.06820677221
vn -0.8818706274 0.4264127612 -0.2011874467
v -0.01189248264 0.06816351414 0.06882343441
vn -0.8437982202 0.5084450841 -0.1717212349
v 0.02374081314 0.04429451749 0.0979411304
vn 0.4992551804 -0.01188642439 0.8663734794
v 0.0237804316 0.04238551483 0.097806409
vn 0.532497704 -0.06771034002 0.8437188268
v -0.002808582038 0.06320751458 0.09533078969
vn -0.2487915307 0.4571442306 0.8538863659
v 0.01142737456 0.07815150917 0.0725082159
vn 0.2035862207 0.9763147831 0.07322623581
v 0.01263068337 0.07801551372 0.07137660682
vn 0.2635375261 0.9637660384 0.04126693308
v 0.01750943251 0.04185150564 0.01698039472
vn 0.7692505121 -0.06654861569 0.6354721785
v -0.004096591845 0.07437751442 0.08566621691
vn -0.4014130533 0.8123808503 0.4229714572
v -0.004728544038 0.07316150516 0.08711950481
vn -0.3697693348 0.7123283744 0.5965391397
v 0.01639122143 0.07251051813 0.05679942667
vn 0.4668557942 0.7684889436 -0.4375732839
v -0.0001071415463 0.06643151492 0.09416227788
vn -0.2053353041 0.5865593553 0.783444643
v 0.001296993811 0.06787451357 0.09327366948
vn -0.1688464433 0.629842937 0.758148253
v -0.007435539737 0.05945051089 0.04841361195
vn -0.8878708482 0.2071381658 -0.4108274281
v -0.007811375894 0.06073850766 0.04983862117
vn -0.8527556658 0.2921327949 -0.4329736829
v -0.006925996859 0.06114250794 0.04846502841
vn -0.8569326401 0.3160955906 -0.4071240425
v -0.00703810947 0.05620351434 0.04623890668
vn -0.9361001849 0.0265807081 -0.3507276475
v -0.006360098254 0.05765951052 0.04463810846
vn -0.9392057657 0.102003634 -0.3278532624
v 0.0128371194 0.043478515 0.0437575765
vn 0.3746612072 -0.871453464 -0.3165403306
v 0.01322205551 0.04423450679 0.04183158651
vn 0.4110241234 -0.8723497987 -0.2646978199
v 0.01117981225 0.06552951038 0.02688520588
vn 0.2189899534 0.8292598128 -0.5141707063
v -0.003012247849 0.05378751457 0.09845366329
vn -0.19464764 0.1921765953 0.9618630409
v -0.004778470844 0.05450351536 0.09796111286
vn -0.2060175836 0.1862913668 0.9606519938
v 0.02173657157 0.07033450902 0.0618337281
vn 0.7147039175 0.6534674168 -0.2493564934
v 0.02047773078 0.07164551318 0.0619248338
vn 0.665691793 0.7051196694 -0.2442553639
v -0.01368783228 0.0620185174 0.08984741569
vn -0.6224361062 0.4062479436 0.6689812541
v -0.01219636761 0.06177151576 0.09106101096
vn -0.5399985313 0.4039876461 0.7383736372
v -0.01238746848 0.06320851296 0.09024001658
vn -0.5447467566 0.4186580479 0.7266198397
v 0.004841950256 0.04452550784 0.03837966174
vn -0.2305227667 -0.9512912035 -0.2047054917
v 0.003506714245 0.04438850656 0.03959481418
vn -0.3130249977 -0.8946251869 -0.3188433945
v 0.003266722895 0.04515150562 0.03780258074
vn -0.368349582 -0.9213841558 -0.1239751428
v 0.01256816834 0.07424150407 0.0568530187
vn 0.2726926208 0.8506411314 -0.4494979978
v 0.01024150569 0.07435651124 0.05592409894
vn 0.1736888885 0.8584364653 -0.4826167822
v 0.001377797918 0.05113050714 0.01663580909
vn -0.6756073236 0.4170041978 -0.6079985499
v -0.0006509235827 0.04024250805 0.01574307494
vn -0.8223851323 -0.1011099517 0.5598745346
v 0.01218205877 0.06848251075 0.04154993966
vn 0.3431010544 0.91854918 -0.1963392347
v 0.013214265 0.0684325099 0.04323213175
vn 0.4081588387 0.891387105 -0.1970670521
v 0.0140980538 0.06756851077 0.0414362438
vn 0.4810132384 0.8574404716 -0.1828171462
v 0.01233931445 0.055856511 0.01812666655
vn 0.2913235128 0.6057004929 -0.7404441237
v 0.01050432771 0.05554451048 0.01730358414
vn 0.1703188717 0.622140944 -0.7641544938
v 0.02362241596 0.04058551043 0.09768694639
vn 0.5694369078 -0.1252184063 0.8124419451
v 0.01743851788 0.04399451613 0.09963009506
vn 0.1373569369 0.01420925558 0.9904196858
v 0.01252544951 0.03818150982 0.06030257419
vn 0.264747858 -0.9348402619 -0.2366055995
v 0.01407868508 0.0384055078 0.06146524474
vn 0.35349226 -0.9064503312 -0.2310649008
v 0.001573921414 0.03238251433 0.08082386851
vn -0.1632917374 -0.92984128 -0.329743892
v 0.001151935314 0.03303151578 0.07923354208
vn -0.1968171149 -0.9289698601 -0.3134931624
v -0.002575592604 0.04771050811 0.04222582653
vn -0.7298602462 -0.6113604307 -0.3058471084
v -0.002131556859 0.07010151446 0.0526080206
vn -0.5005557537 0.7453391552 -0.4403561354
v -0.01533407997 0.05511850864 0.0710683167
vn -0.9800457358 -0.07262657583 -0.1850289851
v -0.001475858619 0.04809750617 0.02953195944
vn -0.8036494255 -0.5903137326 0.07534802705
v 0.02741448581 0.04516651109 0.08110167086
vn 0.8812112212 -0.4343409836 -0.1865870655
v -0.005782275926 0.05614350736 0.04271870479
vn -0.9544194937 -0.004584104288 -0.2984333336
v -0.003892351408 0.02767451294 0.08912120014
vn -0.3088597655 -0.7798106074 -0.5445191264
v -0.01560252439 0.06340552121 0.08262488246
vn -0.9240403771 0.3822284639 -0.007127789315
v -0.0160864871 0.06193051115 0.08390511572
vn -0.9338682294 0.3573743701 0.01317748148
v 0.02000496536 0.05459750816 0.02814504132
vn 0.9922475219 -0.001384332892 -0.1242696643
v 0.01975493319 0.0564455092 0.02761420049
vn 0.9621633291 0.1823439598 -0.2024659067
v -0.01315069385 0.03973151371 0.08416643739
vn -0.7074395418 -0.5304204226 -0.4671011567
v -0.006399297155 0.07469050586 0.07673745602
vn -0.5580447316 0.8294453621 -0.02462718822
v -0.01592909731 0.06230151281 0.08600670844
vn -0.8907552361 0.4159974158 0.1830335706
v -0.0149559034 0.06225951761 0.08815716952
vn -0.7589805126 0.4355528057 0.4839858413
v 0.02459370904 0.04584351555 0.06636284292
vn 0.833679378 -0.5187942386 -0.1892912686
v 0.002143016085 0.05325950682 0.01728729717
vn -0.5269868374 0.4713445604 -0.7071910501
v -0.004269667901 0.04601750895 0.04829556122
vn -0.7025656104 -0.5764192939 -0.4173037112
v -0.003294511698 0.04616251215 0.04622662812
vn -0.6899189949 -0.6191577911 -0.3750404418
v 0.0241348166 0.05092650652 0.05506761745
vn 0.9245142341 -0.2842793167 -0.2538872063
v 0.01177413948 0.05443251133 0.01674458198
vn 0.2663755119 0.6182402968 -0.739474833
v 0.0217728056 0.04636750743 0.05426556244
vn 0.8035160303 -0.5554074645 -0.214206785
v 0.01976756565 0.04897151142 0.04509380832
vn 0.8284875154 -0.4765891135 -0.2940599918
v 0.01909304783 0.0474095121 0.04603534192
vn 0.7635752559 -0.5632447004 -0.3157660663
v 0.01816822402 0.04583150893 0.04695232213
vn 0.6965862513 -0.6390962005 -0.3260730505
v -0.005515585653 0.07508350909 0.08083499223
vn -0.5205652118 0.8511292934 0.06775570661
v 0.005405225791 0.03044451401 0.09893513471
vn -0.0374414362 -0.2502499223 0.967457056
v 0.004000154324 0.03176651523 0.09920635074
vn -0.0657075122 -0.1920993477 0.9791733027
v 0.01539326925 0.06457750499 0.02887812257
vn 0.5716261864 0.7446600199 -0.3445648551
v 0.01686924137 0.06346751004 0.02934375219
vn 0.7103640437 0.6586848497 -0.248026669
v 0.01585397869 0.06354950368 0.02792728692
vn 0.5944224596 0.6873944402 -0.4173138142
v 0.02104654908 0.0360625051 0.01000301633
vn 0.9988108277 0.0253057424 -0.04167225212
v 0.0210227035 0.0342955105 0.01011526678
vn 0.997285068 -0.07361143827 0.001959473826
v -0.004262525123 0.07587350905 0.07475820929
vn -0.4775123894 0.8771477342 -0.05092906579
v -0.005583896302 0.07512551546 0.07530343533
vn -0.5369160175 0.8417165279 -0.05687209219
v 0.00804239139 0.03678450733 -0.0001795931894
vn -0.06142386422 -0.1856768727 -0.980689168
v 0.01435639057 0.07096751779 0.09072975069
vn 0.1783256382 0.5705206394 0.8016895652
v 0.01547242701 0.07186451554 0.08966320753
vn 0.2354199588 0.6458436847 0.7262667418
v 0.01375703793 0.0724235177 0.08967468888
vn 0.1853238195 0.6507572532 0.7363219857
v 0.02116919681 0.05393050611 0.04404401779
vn 0.9532836676 -0.1598010212 -0.2563471198
v 0.01694556512 0.06243250892 0.02781146392
vn 0.701867044 0.6079115272 -0.3712495863
v 0.01827582344 0.06177550927 0.02955586649
vn 0.8183710575 0.5385791659 -0.2005027235
v 0.02728043124 0.05516151339 0.0639841333
vn 0.9720984697 -0.09480360895 -0.2145619839
v -0.006314733997 0.05075951293 0.04667984694
vn -0.8714015484 -0.3238592148 -0.3684759736
v -0.006075843237 0.04916451126 0.04777163267
vn -0.8255636692 -0.4084576666 -0.3893674612
v 0.01813475415 0.04813350737 0.02820726857
vn 0.8422632813 -0.534643352 0.06891352683
v 0.01899222285 0.04969550669 0.02724096179
vn 0.9285783768 -0.3710159957 -0.009453789331
v 0.01965399086 0.03666851297 0.07948895544
vn 0.5643443465 -0.786234498 -0.2516958117
v 0.0180383455 0.03593351692 0.07842521369
vn 0.4951301813 -0.8420018554 -0.2141937464
v 0.01643661223 0.0279435087 0.01434826292
vn 0.3685730398 -0.4677225351 0.8033614159
v 0.02461494133 0.06987451017 0.07969233394
vn 0.7740297318 0.6323692799 0.03141733259
v 0.02384181321 0.07085251063 0.07839319855
vn 0.7507432699 0.6605619192 0.006521592848
v 0.02324627154 0.07137350738 0.08018691838
vn 0.7271520495 0.6836844683 0.06184966117
v 0.009103315882 0.07071051002 0.04799664766
vn 0.1037187725 0.9496038556 -0.2957954109
v 0.03020682186 0.04675451294 0.09089963883
vn 0.9522928596 -0.1007142663 0.2880884707
v -0.0109363487 0.03723051399 0.09629905969
vn -0.6333879828 -0.2722266912 0.7243702412
v 0.02077033557 0.04789751023 0.04936750606
vn 0.8097265363 -0.4613082409 -0.3626811802
v 0.002853633836 0.0770945102 0.08440061659
vn -0.1431104094 0.9061291814 0.3980569541
v 0.001896496397 0.07632450759 0.08585380018
vn -0.1754391789 0.8779273629 0.4454937279
v 0.003927104175 0.07656451315 0.08601717651
vn -0.09149350226 0.8770961761 0.4715201259
v -0.007780449931 0.05709950626 0.04837582633
vn -0.9091535211 0.08184657246 -0.4083392918
v -0.008380653337 0.05880850926 0.04995426536
vn -0.8847026229 0.1661136746 -0.435554266
v -0.01328794193 0.06611651182 0.07168548554
vn -0.8924042583 0.440769285 -0.09662846476
v -0.002254913561 0.0767365098 0.07248838246
vn -0.4015156031 0.9157053232 0.01639959961
v -0.003872328671 0.07598151267 0.07300049812
vn -0.4704969525 0.8823280334 -0.01139561459
v -0.002689383226 0.07663752139 0.07428260893
vn -0.4104941785 0.9106624126 -0.04678117111
v -0.002116522286 0.07532851398 0.08558072895
vn -0.3259601891 0.839684546 0.4343729019
v -0.003596526571 0.07524950802 0.08411937952
vn -0.4032247663 0.8425078392 0.3571978807
v 0.02292625979 0.07168950886 0.07039230317
vn 0.7357826233 0.6725310683 -0.07953535765
v 0.02416404337 0.04335051402 0.07179734856
vn 0.7742933035 -0.5930802226 -0.2207389474
v -0.01306339167 0.04291750863 0.07917650789
vn -0.8059225082 -0.5349109173 -0.2536910772
v 0.02196421847 0.03088551573 0.09104049951
vn 0.6555508375 -0.7374435663 -0.1625733972
v 0.0231957864 0.03207951784 0.09101550281
vn 0.7177249789 -0.6845567822 -0.1274866015
v 0.02244375646 0.03141451254 0.0925277248
vn 0.6957799792 -0.6789072752 0.2344677001
v 0.01278633345 0.0356375128 0.09967339784
vn 0.05397304147 -0.08039881289 0.9953004122
v -0.002855201717 0.03742251173 0.06961423159
vn -0.414858073 -0.8730583787 -0.2562457621
v -0.004334155004 0.03797151148 0.07020311803
vn -0.482588321 -0.8299598694 -0.2797769904
v 0.001515494543 0.04128950834 0.04923949391
vn -0.3436807394 -0.8392893672 -0.421280086
v -0.0004995234194 0.07753951848 0.07004485279
vn -0.3328233063 0.9423696995 -0.0341752246
v 0.0007787672221 0.07793351263 0.06958919764
vn -0.2743203342 0.9588825703 -0.07275027782
v 0.01772246137 0.04588550702 0.01182466559
vn 0.8294755816 0.5386524796 -0.1477287412
v 0.009669032879 0.02704050951 0.005691326689
vn 0.07817178965 -0.6030003428 -0.7939016223
v 0.02131966688 0.073293522 0.07240466028
vn 0.6483805776 0.7609963417 0.02207223885
v 0.02588514984 0.04455251247 0.07507698238
vn 0.8368769288 -0.513708055 -0.189052999
v 0.02641953714 0.0448445119 0.0769212842
vn 0.8642975092 -0.4796923101 -0.1512780935
v -0.009586200118 0.0309425164 0.09195058048
vn -0.6663973927 -0.7023765445 0.2501632869
v -0.006934619974 0.03460351005 0.08339107037
vn -0.4684060514 -0.7105252147 -0.5251187682
v -0.008218592033 0.0348515138 0.08415971696
vn -0.4882744551 -0.6800147891 -0.54696244
v 0.004464047961 0.03475051001 0.07195931673
vn -0.08660440892 -0.9479722381 -0.3063466549
v 0.005129496567 0.03510251269 0.07040411234
vn -0.06207656115 -0.9644304514 -0.2569442689
v 0.005925609265 0.03468351066 0.07170403004
vn -0.04191218689 -0.9531188011 -0.2996796072
v 0.003739588894 0.07859250903 0.07087596506
vn -0.1428633779 0.9894439578 0.02430536039
v 0.00509542739 0.0787095055 0.06964350492
vn -0.06297563761 0.9958171248 -0.06619907171
v 0.003357848385 0.07846751064 0.06886877865
vn -0.1568650156 0.9795843959 -0.1257287711
v 0.0003283424885 0.03455951437 0.07448868454
vn -0.2300477028 -0.928989172 -0.2899260819
v -0.001472315984 0.03492351249 0.07497553527
vn -0.345752418 -0.8969965577 -0.2754131258
v -0.0008571575745 0.03536551073 0.07319348305
vn -0.319601059 -0.8892996311 -0.3271105886
v -0.009284224361 0.07196451724 0.07316894829
vn -0.7090532184 0.7028479576 -0.05699396878
v -0.007918115705 0.0732775107 0.07354077697
vn -0.6465842724 0.7600902319 -0.06474235654
v 0.00622065831 0.03542450815 0.06895249337
vn -0.01566733792 -0.9717921019 -0.2353182435
v 0.00058890949 0.06082250923 0.0242103003
vn -0.5316125751 0.5174786448 -0.6705251336
v 0.009442935698 0.02543750778 0.006921328139
vn 0.0612216033 -0.6721947193 -0.7378388643
v 0.008732529357 0.03496951237 0.0711094588
vn 0.09883224219 -0.9543890357 -0.2817334831
v 0.006880604662 0.03499050811 0.07063599676
vn 0.01689292863 -0.9628763199 -0.2694137692
v -0.006468632258 0.07438351214 0.08225630969
vn -0.5432186127 0.8194796443 0.1826653779
v -0.005292830523 0.07441750914 0.08401144296
vn -0.4668058753 0.8189362288 0.3338198364
v 0.01922684349 0.0601875037 0.03045083582
vn 0.9142602682 0.3990330994 -0.07000546157
v -0.0059358133 0.03892551363 0.07063472271
vn -0.5481595397 -0.7836633921 -0.2922204137
v -0.01102204621 0.04423551261 0.06958758086
vn -0.785282135 -0.5662674904 -0.250345856
v -0.006688064896 0.03990151361 0.0693102777
vn -0.5866986513 -0.765951395 -0.2628747821
v -0.005573541857 0.04389951378 0.05492293462
vn -0.6965135932 -0.6723920107 -0.2505151927
v -0.004414977506 0.04251850769 0.0556588918
vn -0.6244777441 -0.7447408438 -0.2353479266
v 0.01762145199 0.0759345144 0.07070649415
vn 0.5007394552 0.8654344082 -0.01683079265
v 0.0002907373419 0.07171551138 0.05313897133
vn -0.3522787094 0.8153758049 -0.4594148397
v 0.00209513586 0.0782815069 0.07012842596
vn -0.2093186378 0.9775900245 -0.02243839204
v -0.008810744621 0.04322351888 0.09801758081
vn -0.2970482409 -0.004355064593 0.9548525214
v -0.0005141142174 0.0632315129 0.0959424302
vn -0.1967898756 0.4634976387 0.8639697433
v 0.01586374454 0.0767455101 0.07814184576
vn 0.3822881281 0.9234221578 0.03387131542
v 0.01453425828 0.07726551592 0.07693178207
vn 0.3421069384 0.9395955801 0.01109075453
v 0.01387620252 0.07737351954 0.07923767716
vn 0.2982823253 0.9510105252 0.08128137141
v 0.02347943373 0.03369651362 0.09407896549
vn 0.7227688432 -0.54677248 0.4226641953
v 0.02616904862 0.04946751148 0.06506083906
vn 0.9092580676 -0.3573822975 -0.2133720964
v -0.006376353092 0.05946150795 0.04567115754
vn -0.9128401875 0.2388064265 -0.3312012851
v -0.01700792834 0.04691550881 0.09114189446
vn -0.8535916209 -0.01827974804 0.5206218958
v 0.02817426249 0.06158151105 0.070745565
vn 0.9709851146 0.2082090676 -0.1176303327
v 0.01873471774 0.02991051599 0.08891908079
vn 0.4206649959 -0.6635605097 -0.618650496
v 0.01866816357 0.02876451425 0.09039967507
vn 0.4711759388 -0.7756608725 -0.4199326932
v 0.01723369025 0.02876351401 0.08915800601
vn 0.3899481893 -0.6994452477 -0.5989297032
v 0.02018527128 0.05560050905 0.03866131604
vn 0.9914442897 -0.072744295 -0.1083809584
v 0.01996304095 0.05410150811 0.03719888255
vn 0.9819426537 -0.1884255409 -0.0168636404
v -0.00936462637 0.0567215085 0.05163667351
vn -0.9300730228 0.05251289532 -0.3636022508
v -0.01308515482 0.04853751138 0.06841249764
vn -0.8916255236 -0.3817132413 -0.2435136586
v 0.01535645686 0.06818450987 0.04678028822
vn 0.5193392634 0.8148029447 -0.2576487958
v 0.01421708427 0.0683485046 0.04504240304
vn 0.4630693793 0.857858181 -0.2228140086
v -0.0008802116499 0.0362675041 0.004697822034
vn -0.6236329675 -0.01745798066 -0.7815223336
v -0.001937831054 0.0350455083 0.005782367196
vn -0.7841370702 -0.1025163457 -0.6120616198
v -0.001363622257 0.04384450614 0.01378762163
vn -0.9689387083 0.2193980515 0.1141151637
v -0.001130653895 0.0443405062 0.01159429085
vn -0.8998637199 0.4164585173 -0.1296442896
v -0.001640051138 0.04292350635 0.0120661892
vn -0.9680866003 0.2505637407 0.005116130691
v -0.005181990564 0.03560751304 0.07883021235
vn -0.4769417644 -0.8263738155 -0.299387455
v -0.005574778654 0.03524950892 0.0803707093
vn -0.4846711159 -0.8171982169 -0.3118989766
v 0.009234009311 0.03608250991 0.0665609166
vn 0.112804316 -0.9708896875 -0.2113016993
v 0.0177327022 0.0480325073 0.04098099098
vn 0.7446503639 -0.612526238 -0.2651554942
v -0.01606461592 0.04839751124 0.08086109161
vn -0.9291990399 -0.2760570645 -0.2457267493
v -0.01539135072 0.04754251242 0.07919409871
vn -0.9162676334 -0.3333781064 -0.2220645994
v 0.02285273746 0.06731951237 0.08978007734
vn 0.4758332968 0.5472148657 0.6885771751
v 0.022583507 0.06590251625 0.09104263037
vn 0.4280682206 0.4924009442 0.7578251362
v -0.01151182223 0.05048951134 0.06028144807
vn -0.9003039002 -0.3197087944 -0.29536286
v 0.009620118886 0.04328050092 0.001350124134
vn 0.09287733585 0.669082582 -0.7373617291
v 0.007348028943 0.04315050319 0.00137261895
vn -0.1805631071 0.6726791859 -0.7175651193
v 0.008276294917 0.04421550781 0.002347861184
vn -0.0680039376 0.7948920131 -0.6029279232
v 0.00608872436 0.06835351139 0.09345125407
vn -0.02566197701 0.6318405271 0.7746734619
v 0.01825354435 0.05571851134 0.02349657379
vn 0.8310064077 0.3116363287 -0.4607723057
v -0.01010401454 0.03406351432 0.08668984473
vn -0.5029696226 -0.5824223161 -0.6385967731
v -0.008453934453 0.03381351009 0.08566055447
vn -0.4651032388 -0.6482906342 -0.6028252244
v -0.008724589832 0.03233451024 0.08719921112
vn -0.435107559 -0.6025144458 -0.66907233
v 0.01864385977 0.07489050925 0.08167375624
vn 0.5202230811 0.8478226662 0.1027847454
v -0.0009148691315 0.05758750811 0.02335750125
vn -0.6889622211 0.3897540271 -0.6110833883
v -0.001494170865 0.05862151086 0.02458745241
vn -0.7172384262 0.4099826515 -0.5634565353
v -0.0001799289894 0.05924250931 0.02375280485
vn -0.5971746445 0.4761025608 -0.6455298662
v -0.0003651001025 0.03720451519 0.09934449941
vn -0.08513765037 -0.04020542279 0.9955576658
v 0.008254284039 0.03864451498 0.09971477836
vn -0.03218314424 0.01541935746 0.9993630648
v -0.002539507113 0.03586551175 0.07387848198
vn -0.380780071 -0.8695363998 -0.3145042956
v -0.001983119873 0.03625850752 0.07205940783
vn -0.371594578 -0.8757121563 -0.3082948029
v 0.01467378438 0.0655355081 0.03022836335
vn 0.5446074009 0.8186398745 -0.1822951287
v 0.01424133778 0.04355951026 0.04521133378
vn 0.4520516098 -0.823215723 -0.3434606194
v 0.02169320546 0.04920650646 0.04988529533
vn 0.841788888 -0.3814532459 -0.3819488287
v 0.02014120109 0.03143251315 0.08834272623
vn 0.4450716674 -0.6299480796 -0.6364563107
v 0.01842976362 0.03097451106 0.08782804012
vn 0.3792624474 -0.6440939307 -0.6643064022
v 0.00788681861 0.07866850495 0.07730020583
vn 0.05179398134 0.9985814095 0.0123529667
v 0.008040963672 0.07861650735 0.07498311251
vn 0.05906392261 0.9981746674 -0.01260295603
v 0.01954504848 0.03746251017 0.07605624199
vn 0.5539366007 -0.8051108718 -0.2120157927
v 0.02951732092 0.05012351274 0.08375096321
vn 0.9617933035 -0.1789188534 -0.2072236389
v 0.02995922789 0.05210751295 0.08414226025
vn 0.9775097966 -0.1166359335 -0.1757006198
v -0.01760089584 0.05732151121 0.0869102031
vn -0.9615671635 0.2390873879 0.135003075
v 0.01740813069 0.05640050769 0.02264423668
vn 0.713794291 0.4164032042 -0.563121736
v 0.0149659114 0.04875150695 0.01217482146
vn 0.4144518673 0.8041030765 -0.426201731
v -0.0103484625 0.0683645159 0.08787119389
vn -0.5382223725 0.5858231783 0.605910778
v 0.02186886407 0.07277151197 0.07062035799
vn 0.6825715899 0.7284772992 -0.05845339969
v 0.006159500219 0.02984051593 0.08481264114
vn 0.02250400372 -0.8023149371 -0.5964766145
v 0.006217210554 0.03102151491 0.08326871693
vn 0.01300421637 -0.8692079782 -0.4942755699
v 0.007822573185 0.03057551198 0.0839889124
vn 0.07280477881 -0.8288859129 -0.554659903
v -0.0168539267 0.04765051231 0.08390493691
vn -0.9157645106 -0.2410458177 -0.3213600516
v -0.00617892947 0.03495950997 0.08209409565
vn -0.4906713367 -0.7778948545 -0.392582804
v 0.02844215184 0.05988750979 0.0704895556
vn 0.983351171 0.1307129711 -0.1262324303
v 0.02870830148 0.05866150931 0.07198450714
vn 0.9920035005 0.08232908696 -0.09566069394
v 0.02851888351 0.0581895113 0.06994184852
vn 0.9885578156 0.04797160625 -0.1430112273
v 0.000875033089 0.03252151608 0.09906864911
vn -0.1170582399 -0.1883568913 0.975099504
v -0.0009746121359 0.03319351748 0.09890945256
vn -0.1529861391 -0.1789821535 0.9718850851
v -0.00317732268 0.06190050766 0.03766464069
vn -0.8892816901 0.4357950687 -0.1387830675
v 0.01971006766 0.03840451315 0.07330326736
vn 0.5685047507 -0.7760231495 -0.2731125653
v 0.03034108691 0.04632751271 0.08919423074
vn 0.9749151468 -0.1740326136 -0.138755545
v -0.01260089874 0.04162551463 0.08051807433
vn -0.7806436419 -0.5575652719 -0.282341063
v -0.01135422941 0.04009251297 0.08040253818
vn -0.7206386924 -0.6241717935 -0.301810205
v 0.02514280938 0.04409251362 0.07331562787
vn 0.8116031289 -0.5434003472 -0.2145144194
v 0.009498110972 0.02565251477 0.09505151212
vn 0.1367668211 -0.9105497003 0.3901205659
v -0.002082640072 0.07694151253 0.07057815045
vn -0.399056673 0.9169245362 -0.001763995737
v -0.001068525715 0.05453950539 0.02158622816
vn -0.803773284 0.3012962937 -0.513000071
v 0.02498137206 0.06463651359 0.06054668874
vn 0.8824830651 0.3864453435 -0.2681113183
v 0.02799681947 0.05069451034 0.07225038111
vn 0.9505989552 -0.2690589428 -0.1548189223
v -0.01397936791 0.0626405105 0.06775861233
vn -0.9399243593 0.2511265576 -0.2312524617
v 0.007588310633 0.07673551142 0.08592703938
vn 0.03053698689 0.8774940968 0.4786142111
v 0.008779096417 0.07576751709 0.08736050129
vn 0.05280135572 0.7832824588 0.6194195747
v -0.01157062687 0.05891950428 0.05754885077
vn -0.9325000048 0.1031514034 -0.3461264968
v 0.02549607679 0.06695251167 0.08741188794
vn 0.7427535653 0.5857460499 0.3243744373
v 0.02439071983 0.0684255138 0.08716902882
vn 0.6918340921 0.6303535104 0.3521648943
v 0.02111109905 0.03002451546 0.09223108739
vn 0.6351630092 -0.7607973218 0.1332494169
v 0.005936888978 0.03411750868 0.07333737612
vn -0.01875085384 -0.9463848472 -0.3224966228
v 0.0074594412 0.03450350836 0.07226269692
vn 0.04608225822 -0.9507838488 -0.3064090908
v 0.002360903891 0.07826250792 0.07201559097
vn -0.1923897117 0.9802379608 0.04604036361
v 0.01560839359 0.06297451258 0.02650408074
vn 0.5576065779 0.6887966394 -0.463286221
v 0.01428306196 0.06426651031 0.02716524899
vn 0.4761896431 0.7453998923 -0.4665001631
v 0.01612013578 0.06450551003 0.030741008
vn 0.6603924632 0.7411351204 -0.1208326593
v 0.01973028295 0.06995850801 0.08947636932
vn 0.3731756508 0.6131497622 0.6962667108
v 0.0216119606 0.07009650767 0.08828687668
vn 0.4749206603 0.6373303533 0.606844604
v -0.01810061932 0.04931151494 0.08915045112
vn -0.9487655163 -0.01511410531 0.3156192899
v 0.01366936602 0.03927450627 0.0009430423379
vn 0.5595964789 0.1086289734 -0.8216151595
v 0.01801028661 0.0427625142 0.05237008631
vn 0.6154161692 -0.7416471839 -0.266875118
v 0.02534534596 0.06315351278 0.05979166925
vn 0.9074628353 0.310990572 -0.2824819386
v -0.002302752342 0.03212350979 0.08359122276
vn -0.283765167 -0.7910380363 -0.5419743061
v -0.00367206498 0.03170351312 0.08492527902
vn -0.3268268108 -0.7480462193 -0.5775907636
v -0.003977782559 0.03293351457 0.08341696858
vn -0.3579237759 -0.7814748883 -0.5110651851
v 0.00897227414 0.04007650912 0.02141170204
vn 0.04454938695 -0.8847560287 0.4639203846
v 0.02494037896 0.05767551064 0.05538728833
vn 0.9429594874 0.08151245117 -0.3227740526
v -0.00725014694 0.07412151247 0.07821328938
vn -0.5888132453 0.8081461787 0.01409780234
v -0.002321039792 0.05158850923 0.02333851717
vn -0.9495784044 -0.0523782596 -0.3091234863
v -0.004782125354 0.03780751675 0.09885951132
vn -0.2076636255 -0.0921503529 0.973850131
v -0.00938822329 0.05159551278 0.09723040462
vn -0.3473212421 0.1693402976 0.922329545
v 0.01020193007 0.05548251793 0.0991429016
vn 0.05723875761 0.2332369238 0.970733881
v -0.01594662294 0.04245851561 0.08605114371
vn -0.7995598912 -0.3679824769 -0.4746502936
v -0.01721266657 0.04323451221 0.08764287829
vn -0.9093267918 -0.3045611382 -0.2834912539
v 0.02926210873 0.06001251191 0.08228740096
vn 0.9742270708 0.2222449183 -0.03858468682
v 0.02250397764 0.04773350805 0.05392130464
vn 0.8587594628 -0.4597643018 -0.2261613458
v 0.01559401862 0.03370650858 0.003858406562
vn 0.5345463753 -0.3323241174 -0.7770591378
v 0.01458857022 0.03480850905 0.002623383654
vn 0.5679453015 -0.3176175654 -0.759313643
v 0.00524097262 0.05744651332 0.09861733764
vn -0.0455355458 0.2639687955 0.9634557366
v 0.0071409503 0.05882551521 0.0983280018
vn -0.01462037954 0.2461255938 0.969127655
v 0.008038733155 0.02781051397 0.0981445238
vn 0.05838046595 -0.5501563549 0.8330184221
v 0.006325382274 0.02719651349 0.09777384996
vn 0.001571714645 -0.6235253811 0.7818015218
v 0.00771891186 0.02637651376 0.0966097191
vn 0.07224553823 -0.820322454 0.5673196912
v 0.007510634605 0.04023250937 0.02163996734
vn -0.08108196408 -0.8781181574 0.4715232551
v 0.01369223278 0.07297351211 0.05537550896
vn 0.3070589304 0.8243533969 -0.4755589664
v -0.002351220697 0.06183850393 0.03257586062
vn -0.8636227846 0.4901944697 -0.1177500486
v -0.00181271648 0.06314350665 0.0342702195
vn -0.7954726219 0.5803312063 -0.1744678468
v 0.008592793718 0.05823151395 0.09847462177
vn 0.01044774521 0.2386614233 0.9710466266
v -0.001252999413 0.06487651169 0.09490060806
vn -0.2180847973 0.5027031898 0.8364977837
v -0.005374535918 0.07501450926 0.06870174408
vn -0.5459111929 0.8256353736 -0.1425033361
v -0.01098716445 0.06964851171 0.06950370967
vn -0.8060270548 0.5783925056 -0.1256283969
v 0.01642644592 0.06434451044 0.03237840906
vn 0.6822926402 0.7263768911 -0.08278498799
v 0.02822702751 0.0578405112 0.06826192141
vn 0.9821069837 0.03711335734 -0.1846307069
v 0.01159398258 0.04013450444 0.02058567107
vn 0.2685010731 -0.827724278 0.4927267432
v 0.009978550486 0.03957051039 0.02024835907
vn 0.1095148921 -0.8523755074 0.511334002
v 0.005808967166 0.06871551275 0.03959736228
vn -0.1450065225 0.9821588993 -0.1197374016
v 0.005743630696 0.0686545074 0.03790615126
vn -0.1845612973 0.9781575799 -0.09562907368
v 0.003516992787 0.04229550809 0.02299749851
vn -0.4758017957 -0.8088092804 0.3456012905
v 0.001917837304 0.04359250516 0.02359028533
vn -0.5905407071 -0.7694525719 0.2433195859
v 0.02073823288 0.03686550632 0.008453596383
vn 0.9477468133 0.1055731028 -0.3010487258
v 0.004798122216 0.07799550891 0.06604226679
vn -0.1038621813 0.9634743929 -0.2468394041
v 0.0003850226931 0.03226450458 0.004859085195
vn -0.4548044801 -0.3316251636 -0.8265455961
v -0.001838248107 0.06629651785 0.09366692603
vn -0.2553402483 0.5974971652 0.7601305842
v -0.002729605651 0.06498851627 0.09439493716
vn -0.2613517642 0.533377409 0.8044897914
v 0.02051702328 0.05521550775 0.04052071646
vn 0.9751301408 -0.0801185742 -0.206645146
v 0.002898398321 0.06708050519 0.03452310711
vn -0.3962997794 0.8925461769 -0.2151924521
v 0.01441821735 0.07694251835 0.0816205591
vn 0.3350877464 0.9301729798 0.1499814242
v 0.0123586338 0.07761250436 0.08107497543
vn 0.252356112 0.9623399377 0.1010855734
v 0.001495277742 0.0598055087 0.02283742838
vn -0.4596576989 0.5511500239 -0.6963824034
v 0.01141689904 0.02583351545 0.09424050897
vn 0.2381610125 -0.9249889255 0.296099335
v 0.01641981117 0.04693651199 0.04013470188
vn 0.6538789272 -0.704878211 -0.2749347389
v -0.01697639562 0.0583185181 0.0821287185
vn -0.9787400365 0.1632988304 -0.1241024509
v -0.01738309301 0.05668251216 0.08310941607
vn -0.9851870537 0.1104290932 -0.1311939657
v 0.02998001687 0.05524451658 0.08376775682
vn 0.9928603172 0.03986305371 -0.1124247536
v 0.03014491312 0.05377351493 0.08444777876
vn 0.9912211299 -0.0133857606 -0.131535098
v 0.0298569575 0.05346451327 0.08297608793
vn 0.9876949191 -0.06217611954 -0.1435020715
v 0.001596112619 0.03894550353 0.003206439083
vn -0.5911169648 0.1333018541 -0.7954943776
v 0.001590663451 0.04112450778 0.003893653862
vn -0.5761276484 0.3719610572 -0.7278199196
v 0.02348849736 0.04086951166 0.07625690103
vn 0.728933692 -0.655821383 -0.1963517815
v 0.02428522892 0.04138651118 0.07786102593
vn 0.7677493691 -0.6181817055 -0.1685593128
v 0.007571572438 0.06587851048 0.02677203342
vn -0.05644762889 0.8551946282 -0.5152240396
v 0.01892852224 0.06716050953 0.05103063583
vn 0.6527892351 0.6567029357 -0.3776340187
v 0.017640559 0.06850851327 0.05132986605
vn 0.5833718181 0.7169364095 -0.3816798925
v 0.01270257682 0.03202551231 0.0833100155
vn 0.2558242977 -0.849318862 -0.461748153
v 0.01394350827 0.05187150836 0.01565696299
vn 0.4839784503 0.61980021 -0.6177479625
v -0.002974526025 0.04950350896 0.03972576186
vn -0.7906872034 -0.5166106224 -0.3285227716
v 0.008559542708 0.04288050905 0.02848974243
vn 0.02380821295 -0.9737275243 0.2264682502
v 0.008401856758 0.04327050969 0.0300312601
vn 0.01217332855 -0.9806478024 0.1954012662
v 0.009891553782 0.06742750853 0.03062242828
vn 0.1508503407 0.9692161679 -0.1945873052
v 0.001690176083 0.04590551183 0.03700032458
vn -0.5054983497 -0.8625798225 -0.02067553252
v 0.001909240265 0.04538550973 0.0389659442
vn -0.4573646188 -0.8426819444 -0.2840857208
v -0.01096190512 0.06990750879 0.0709033981
vn -0.7940785289 0.6056948304 -0.05072552338
v 0.0171397496 0.04689850658 0.02927494235
vn 0.7327903509 -0.6673200727 0.1330498308
v 0.01579923369 0.02768251114 0.08955729753
vn 0.3444989622 -0.7639923692 -0.54556036
v 0.02851429395 0.06073451042 0.07262625545
vn 0.9812985659 0.1783123612 -0.07251102477
v 0.02835615538 0.06327051669 0.08306193352
vn 0.9317518473 0.3630644977 0.004756065551
v 0.02229892462 0.03530151024 0.08616007864
vn 0.5764906406 -0.6311635375 -0.5189327002
v 0.01174466312 0.07624252141 0.0858117789
vn 0.1952365935 0.8787498474 0.4355242252
v 0.01120692492 0.07704950869 0.08424150944
vn 0.1757848561 0.9048008323 0.3878597319
v 0.009845009074 0.07661052048 0.0857399255
vn 0.117944032 0.8835975528 0.4531496167
v 0.005798697937 0.06976751238 0.09227468073
vn -0.03829152882 0.6183424592 0.7849753499
v -0.002741734032 0.06072051451 0.0309135709
vn -0.9017617702 0.4214138091 -0.09610461444
v 0.008786114864 0.04079151154 0.04796781018
vn 0.08612658828 -0.9201503396 -0.3819758892
v 0.02852177434 0.05071651563 0.07525004447
vn 0.9605301023 -0.2362285852 -0.1468943357
v 0.02797529101 0.04977351055 0.0737895444
vn 0.9373416901 -0.3031742573 -0.1716855764
v 0.003984955605 0.07754851878 0.06465571374
vn -0.1312096119 0.9582686424 -0.2539788783
v 0.02041639574 0.03834251314 0.0750643909
vn 0.6000456214 -0.7649838328 -0.2339765877
v 0.003006674116 0.04503750801 0.03601166606
vn -0.4230885208 -0.902415812 0.08149727434
v 0.004289455246 0.04470950738 0.03688994423
vn -0.3033134937 -0.9507870674 0.06328415871
v 0.007666659541 0.02938350849 0.004056055564
vn -0.07932285219 -0.5415859818 -0.8368945718
v 0.009562152438 0.028707508 0.00445495965
vn 0.06051524356 -0.5588382483 -0.8270657063
v 0.01956524327 0.03113150969 0.007759172935
vn 0.7373627424 -0.365698874 -0.567944169
v 0.01835067943 0.03173950687 0.006435961928
vn 0.5463994145 -0.335534513 -0.7673749328
v 0.0196713265 0.03270751238 0.007084394805
vn 0.7209761739 -0.2517935038 -0.6455953717
v 0.01731603406 0.04833650962 0.03501429781
vn 0.7769935131 -0.6267549992 0.05881515145
v -0.003920468967 0.03538451344 0.07751749456
vn -0.4262891114 -0.867171526 -0.2574707568
v -0.005771379918 0.03644251078 0.07748331875
vn -0.5211664438 -0.8177289963 -0.2443456054
v -0.004801626783 0.03627951443 0.07583644241
vn -0.4776819348 -0.8463870287 -0.2354759723
v -0.01305651478 0.03711951151 0.09386429936
vn -0.7760352492 -0.3866440058 0.4982727468
v 0.006835327018 0.05961351097 0.02058230899
vn -0.1041573212 0.6675236225 -0.7372675538
v 0.01275728829 0.03262051195 0.08156086504
vn 0.2682129741 -0.9111461639 -0.3128488958
v 0.01108656451 0.03197450936 0.08228628337
vn 0.1985087097 -0.907732904 -0.3696150482
v 0.01105075702 0.03254951164 0.08058006316
vn 0.1967316568 -0.9275632501 -0.317683965
v -0.01428744663 0.05053250864 0.07030558586
vn -0.9273827076 -0.2974265516 -0.2269334346
v 0.01529242098 0.06727750599 0.04326305538
vn 0.5383806825 0.8183383346 -0.2011681795
v 0.01593181863 0.06724450737 0.04522601515
vn 0.5725941062 0.7913845181 -0.2141180933
v 0.01669402048 0.06647950411 0.04411937669
vn 0.6338761449 0.7516294122 -0.1823575944
v -0.001029219711 0.06278650463 0.02855362743
vn -0.7227517366 0.608307898 -0.3280113041
v -0.002660584636 0.0675695166 0.09237312526
vn -0.2641276419 0.5899429917 0.76302284
v -0.004371852614 0.06699951738 0.0921465978
vn -0.3188677132 0.5718939304 0.7558178902
v 0.005072881933 0.07135951519 0.09105520695
vn -0.05075655505 0.576908052 0.8152305484
v 0.005242071114 0.07318750769 0.08979224414
vn -0.04854408279 0.644246161 0.7632760406
v 0.0184249226 0.04029650986 0.0159850549
vn 0.7401192784 0.004636937752 0.672459662
v 0.01498746406 0.0381905064 0.002105693566
vn 0.6936192513 -0.002292033518 -0.7203381658
v 0.0167181883 0.03227450699 0.005191536155
vn 0.4931456745 -0.3434182107 -0.7992942333
v 0.01639891788 0.07660350949 0.0722546801
vn 0.4405713677 0.8966689706 0.04337744415
v -0.004322883673 0.03411250934 0.08162615448
vn -0.412841022 -0.8289004564 -0.3774736226
v -0.005614873022 0.03384850919 0.08333306015
vn -0.4278023839 -0.7523251176 -0.500991106
v 0.02428089827 0.0401885137 0.08138792217
vn 0.7380066514 -0.6345314384 -0.2295996994
v 0.02417739667 0.04077050835 0.07955431938
vn 0.743558228 -0.6346909404 -0.2104485482
v 0.02536560223 0.04182551429 0.08079957962
vn 0.7976282239 -0.5637778044 -0.2143449038
v 0.02056183852 0.07393151522 0.07080387324
vn 0.6310314536 0.7755727172 -0.01691876166
v 0.02894532308 0.05734351277 0.07345344871
vn 0.9927504659 0.05048974976 -0.1090744883
v 0.01742162183 0.06030450761 0.02559041046
vn 0.7184525132 0.4778068662 -0.5054963827
v 0.005071880296 0.04411751032 0.03366676345
vn -0.2452236116 -0.9647380114 0.09563463181
v -0.01617586613 0.06161851808 0.08195093274
vn -0.9493384957 0.3053096831 -0.07444765419
v -0.0147205675 0.05807650834 0.06789840758
vn -0.9676846862 0.0357866697 -0.2496110648
v -0.001519526239 0.04354351386 0.04804524407
vn -0.5306668878 -0.7443127036 -0.405451864
v 0.002040683525 0.07198750973 0.05249630287
vn -0.2681556642 0.8552131057 -0.4435122609
v 0.001932186307 0.02524351329 0.09292714298
vn -0.1792036444 -0.9607174993 0.2119149566
v -0.000112914764 0.02571451478 0.09280729294
vn -0.2754666209 -0.9393317103 0.2043870836
v -0.01796215028 0.04678151384 0.08925624192
vn -0.9707500339 -0.09340365231 0.2211789489
v -0.001560337259 0.04692851007 0.04141499475
vn -0.6803402305 -0.6774356365 -0.2796750367
v -0.01636392623 0.06044551358 0.08745971322
vn -0.8669075966 0.3828329742 0.3192337155
v -0.01722293161 0.05880451575 0.08595053107
vn -0.9553681016 0.2945533395 0.0225852374
v 0.0047609061 0.02699351124 0.09749732167
vn -0.07320715487 -0.692222774 0.7179612517
v -0.003166017588 0.07649751008 0.07602235675
vn -0.4294719398 0.9022341371 -0.03908221051
v 0.01750070043 0.0614975132 0.09605012834
vn 0.2666673958 0.4099469185 0.872256875
v -0.0143232001 0.06565250456 0.07906145602
vn -0.8910951018 0.4513466358 -0.04728344828
v -0.0137731405 0.06675450504 0.08038799465
vn -0.8650606871 0.4998381734 -0.04280007631
v 0.01617297158 0.04716250673 0.03616897389
vn 0.660332799 -0.7458292246 0.08774606884
v 0.02585968561 0.06821651757 0.07919350266
vn 0.8386529684 0.5446525812 -0.003846597159
v 0.02305052616 0.06870651245 0.08850008249
vn 0.535954833 0.6039685607 0.5898935795
v 0.01141882129 0.07813251019 0.07398977876
vn 0.2057376653 0.9785842896 -0.006695050281
v -0.004325842485 0.06216950715 0.04258431867
vn -0.862136662 0.4297421277 -0.2684064806
v 0.01595619507 0.06985051185 0.05166359246
vn 0.4851217568 0.7829517126 -0.3894143105
v 0.01502480451 0.0689215064 0.04852298647
vn 0.4729630053 0.8233785629 -0.3136140406
v 0.008078491315 0.03841150925 0.05494973436
vn 0.04758213088 -0.9862134457 -0.1584895402
v 0.001725845854 0.02691250853 0.01206802763
vn -0.572470963 -0.6181793809 0.5386382937
v 0.008157419972 0.06384251267 0.02423654124
vn 0.006017497741 0.66507411 -0.7467530966
v 0.01060405653 0.03508450836 0.01678568125
vn -0.1329280436 -0.3311086893 0.9341826439
v 0.01009633858 0.03699050844 0.01753079332
vn -0.05716488883 -0.4956188202 0.8666568995
v 0.02343740873 0.05392751098 0.05087638274
vn 0.9238576889 -0.1074487641 -0.3673441708
v 0.007164102513 0.04273651168 0.04292853549
vn -0.04480320588 -0.9474829435 -0.3166523576
v 0.008532474749 0.04255850986 0.0434685424
vn 0.06189311296 -0.943251431 -0.3262605667
v 0.007746582851 0.04195851088 0.0448295176
vn 0.02167025954 -0.9300225377 -0.3668629825
v 0.02882947214 0.05917751417 0.07409186661
vn 0.9879486561 0.1238270774 -0.09286709875
v 0.00591421593 0.04235451296 0.04410557821
vn -0.111801222 -0.9241332412 -0.3653467596
v 0.008175999857 0.04183950648 0.0002152041125
vn -0.0481845364 0.4641644061 -0.8844375014
v -0.01247450337 0.04290151224 0.07737255096
vn -0.7985208631 -0.5542116761 -0.2349761426
v -0.01097129751 0.04117751494 0.07665942609
vn -0.7458927631 -0.6249549389 -0.2303807586
v -0.01182399224 0.04137650877 0.0787755549
vn -0.759338975 -0.597022593 -0.2587824464
v -0.001854220871 0.04183750972 0.05145981535
vn -0.5099030733 -0.7972507477 -0.323094666
v 0.0055873245 0.02496650629 0.007606179453
vn -0.2055520564 -0.7261151075 -0.656128943
v 0.003840134479 0.02508850582 0.008343992755
vn -0.3817457557 -0.8092422485 -0.446539104
v -0.0107399188 0.03162251413 0.09057442099
vn -0.6931014657 -0.7208310962 -0.003594000358
v -0.01207420137 0.03307650983 0.0908530578
vn -0.7724099159 -0.625251174 0.1115520895
v -0.004864867311 0.04760351032 0.04708955064
vn -0.764985621 -0.520808816 -0.3788867891
v 0.000346512039 0.06934451312 0.0918353945
vn -0.1820159853 0.5980553627 0.7805126309
v -0.001757101039 0.06945951283 0.09123127908
vn -0.2196344733 0.5663862824 0.7943344712
v -0.0007890870329 0.06784551591 0.09274218231
vn -0.2195242941 0.6138638854 0.7582744956
v 0.009734599851 0.06112150848 0.02197203413
vn 0.1159661487 0.6599821448 -0.742277205
v 0.02125307731 0.05581350625 0.04363864288
vn 0.9688961506 -0.01950192824 -0.2466979623
v 0.0210211426 0.05773150921 0.04313443601
vn 0.9644005299 0.1202583686 -0.2355196923
v -0.01084927469 0.041831512 0.07443328947
vn -0.7483071685 -0.6172807813 -0.2429007888
v -0.001958169276 0.04913051054 0.03530686349
vn -0.8217917085 -0.5690667033 0.02866055816
v 0.02747874707 0.06522951275 0.08056754619
vn 0.9050554633 0.4251667857 0.01038298476
v -0.0005751420977 0.03113150969 0.01293703075
vn -0.7793744802 -0.3338624835 0.5301992893
v 0.007961688563 0.03463950381 0.0005430713645
vn -0.08950585872 -0.444686383 -0.8912029862
v 0.02204693668 0.03944651037 0.0760435909
vn 0.6679219007 -0.7139897346 -0.2099975795
v 0.008063102141 0.07852151245 0.07922933996
vn 0.06471053511 0.9937434793 0.09103016555
v 0.004064507782 0.07846550643 0.07290623337
vn -0.1259495616 0.9914385676 0.0344423987
v 0.009454924613 0.0333485119 0.07691348344
vn 0.1413449049 -0.9639906287 -0.225263685
v 0.008601549082 0.03281451389 0.07855132222
vn 0.113987945 -0.9546887875 -0.2749109268
v 0.02312088944 0.04006351531 0.07796835154
vn 0.7131943107 -0.6787375808 -0.175126344
v 0.01984730549 0.07439950854 0.07262454927
vn 0.582608819 0.8123691082 0.02496822737
v 0.02861946635 0.06095951423 0.07490917295
vn 0.9752463102 0.2055990696 -0.08138566464
v 0.0002392526512 0.04674550891 0.03832159191
vn -0.6009403467 -0.7747147083 -0.1966923028
v -0.01447239239 0.06199751422 0.06924565881
vn -0.9568616748 0.2280772179 -0.1799903214
v 0.01917590387 0.06188150868 0.04035486281
vn 0.8838176131 0.4429071844 -0.1506642103
v 0.01873153448 0.06323951483 0.04161843657
vn 0.8261190057 0.5273140669 -0.1986637712
v 0.01978293434 0.06153450906 0.04209358245
vn 0.8960972428 0.3926011026 -0.2070607394
v 0.007815192454 0.03150851652 0.08227065951
vn 0.07379903644 -0.9231162071 -0.3773726821
v 0.001121020294 0.04912850633 0.01533529535
vn -0.788359344 0.4935797155 -0.3672446311
v 0.009190377779 0.04151051119 0.04632565007
vn 0.1163516045 -0.9231684208 -0.3663637936
v 0.01050436962 0.04118151218 0.04766726121
vn 0.1869223714 -0.9051812887 -0.3817157149
v 0.0185975153 0.04766650498 0.0443424508
vn 0.7600978613 -0.5787360668 -0.2954925895
v -0.01540378295 0.04843151197 0.07791692019
vn -0.9255324602 -0.3114095926 -0.2154385448
v 0.008357568644 0.03349451348 0.07558626682
vn 0.09244553745 -0.9615474343 -0.2586123049
v 0.009588962421 0.02505851164 0.09107130021
vn 0.1524213701 -0.9664117098 -0.2069205046
v 0.01134387869 0.02589851432 0.09004858136
vn 0.2043013126 -0.8354907632 -0.5101138353
v 0.0002266317024 0.02712751552 0.08837129921
vn -0.149429962 -0.7042324543 -0.6940658092
v -0.002601715736 0.03752550855 0.007672817446
vn -0.9723286629 0.1371707469 -0.189106077
v 0.02728162333 0.04777851328 0.07406104356
vn 0.9067716002 -0.3772611916 -0.1882531643
v 0.000896184938 0.07785850763 0.07300820202
vn -0.2583438754 0.9658662081 0.01899700053
v 0.002528670011 0.0782585144 0.07393042743
vn -0.1825906485 0.9831098914 -0.01247298345
v 0.01061284263 0.07564951479 0.08728201687
vn 0.1187881231 0.7814115882 0.6126053333
v 0.006342578214 0.04171651229 0.04559706151
vn -0.07130759954 -0.9243650436 -0.3747858703
v 0.007489508484 0.04124651104 0.04667381942
vn 0.01489432249 -0.9282454252 -0.3716700375
v 0.005735503975 0.04120751098 0.04693713039
vn -0.1087213308 -0.9195926189 -0.3775301874
v 0.02059929632 0.03412751481 0.08591494709
vn 0.5167725086 -0.6756551266 -0.5257721543
v -0.01190841291 0.06954951584 0.08101397753
vn -0.7740565538 0.633084774 0.006328593008
v -0.006435468327 0.07250250876 0.08679507673
vn -0.4302011728 0.72745502 0.5345429778
v -0.00546502322 0.07166351378 0.08805892617
vn -0.3560659885 0.6386652589 0.6821463704
v 0.02887545153 0.05260550976 0.07511903346
vn 0.9793183804 -0.1569425166 -0.1276891828
v 0.02904042788 0.05442251265 0.07482949644
vn 0.990341723 -0.08346858621 -0.1107082888
v 0.02917667292 0.0537825115 0.07646609843
vn 0.9881241322 -0.1048159227 -0.1123578548
v -0.0001504642132 0.04209551215 0.09935882688
vn -0.0342765972 0.02005942166 0.9992110729
v -0.00140367623 0.04360651225 0.09928502887
vn -0.03938065097 0.01903972216 0.9990428686
v 0.01023190375 0.069048509 0.04163845256
vn 0.1937163025 0.9601544142 -0.2014386654
v 0.0112266764 0.06848751009 0.03999143466
vn 0.2755444944 0.9535573125 -0.1216704249
v -0.001720729982 0.04456951097 0.04640642554
vn -0.5844832063 -0.7159320116 -0.3818648458
v 0.02646109089 0.05169751123 0.06298359483
vn 0.9424809217 -0.2606829405 -0.2092226595
v 0.007926481776 0.02661351487 0.08850708604
vn 0.07821366191 -0.6883449554 -0.721154511
v 0.0204660017 0.02999751456 0.09022992104
vn 0.5317542553 -0.7376394272 -0.4160835743
v 0.02199687064 0.03157851472 0.08958577365
vn 0.5623368025 -0.6567446589 -0.5024577379
v 0.004557060078 0.04380750284 0.00375678367
vn -0.4220212996 0.6835536957 -0.5955269337
v 0.00616573263 0.04498751089 0.004380033817
vn -0.2552239895 0.8022825718 -0.5396326184
v 0.006589423399 0.04414250329 0.002813576022
vn -0.2829584479 0.7745693326 -0.565664947
v -0.003244501539 0.0302345138 0.08649878204
vn -0.2626783252 -0.6947456002 -0.6695734859
v -0.00206523668 0.028984515 0.08730248362
vn -0.202073276 -0.6614931822 -0.7222140431
v 0.003055889858 0.06873850524 0.04263019562
vn -0.3353605866 0.9152819514 -0.2231418192
v 0.001195168938 0.06769751012 0.04203336313
vn -0.4761256576 0.848287344 -0.2317605913
v 0.0171613656 0.03006151132 0.08799386024
vn 0.344792068 -0.6397045851 -0.6869472265
v 0.01568994112 0.0290245153 0.08821579069
vn 0.291515708 -0.6458353996 -0.7056310773
v 0.02912983857 0.05787551403 0.07546391338
vn 0.9919508696 0.07806349546 -0.09969709069
v 0.02913460881 0.05614751205 0.07491375506
vn 0.9944740534 0.001195930294 -0.1049756333
v -0.007143289316 0.06576351821 0.09170178324
vn -0.3942232728 0.525824666 0.753721714
v -0.0006580300978 0.07745452225 0.07190352678
vn -0.34186396 0.9392434955 0.03083238378
v 0.0008023169357 0.07798051834 0.07112690061
vn -0.2661882341 0.9634144306 0.03124797158
v -0.005408343859 0.07513351738 0.07370750606
vn -0.5385039449 0.841191709 -0.04909157753
v 0.016483007 0.07638251781 0.07415866107
vn 0.4398723841 0.8978469968 0.01957041956
v 0.006475466769 0.03737651557 0.09967908263
vn -0.03354440257 -0.003268487519 0.9994319081
v 0.01062172651 0.07082150877 0.04900704324
vn 0.1977825016 0.9139973521 -0.3542470038
v 0.01617415436 0.03895350546 0.003453962272
vn 0.7098673582 0.141954422 -0.6898820996
v -0.01752896793 0.04799451679 0.08562390506
vn -0.9200566411 -0.1808599532 -0.3475420773
v -0.01196265221 0.03391351551 0.09224567562
vn -0.739104867 -0.5357006788 0.4083488882
v 0.00478530908 0.04198551178 0.04543183371
vn -0.1866140813 -0.9074777365 -0.3763765693
v 0.0038509937 0.04154951125 0.04700787738
vn -0.2281109095 -0.8950605989 -0.3831866086
v 0.002953133546 0.04247751459 0.0454643406
vn -0.2879743278 -0.8806039691 -0.3763075769
v -0.0023481932 0.05365550891 0.02354770899
vn -0.895853579 0.1153686568 -0.4291112721
v -0.002880463377 0.05224651098 0.02474824712
vn -0.9560844302 -0.07813026756 -0.2824857831
v 0.01954111457 0.0599835068 0.03578265756
vn 0.9459311366 0.3164405823 -0.07127159089
v 0.01867717691 0.06184550747 0.0353849493
vn 0.8762208819 0.4707823694 -0.1029608175
v 0.01919191889 0.06119050831 0.03721858189
vn 0.9152601361 0.3919371367 -0.09318893403
v 0.02019034699 0.05436050892 0.03007148579
vn 0.996365726 -0.08202497661 -0.02296161652
v 0.006089896429 0.02864151448 0.08644121885
vn 0.01901508309 -0.7600587606 -0.6495760679
v 0.006117267068 0.02720051259 0.08786698431
vn 0.01525437459 -0.6752841473 -0.7373998761
v 0.0002597979619 0.02798050456 0.01139962208
vn -0.7256650925 -0.576410234 0.3757145703
v 0.001326515689 0.04671550542 0.0100192111
vn -0.607514143 0.6894740462 -0.394400984
v 0.01753224805 0.06736751646 0.09219495952
vn 0.2712024748 0.5358504057 0.7995708585
v -0.00590949459 0.06634551287 0.09193401784
vn -0.3639348745 0.5476288199 0.7534282207
v 0.007992798463 0.03396451101 0.07401990891
vn 0.06564569473 -0.9497923255 -0.305916965
v 0.003987656441 0.03414750844 0.0736040175
vn -0.1145884171 -0.9387850165 -0.3248879015
v 0.0007526325062 0.04720950499 0.01196976658
vn -0.7000159025 0.6476904154 -0.3007903993
v 0.002170246094 0.06949351728 0.09210877866
vn -0.1379823834 0.6178036332 0.7741314769
v 0.01748364978 0.0457085073 0.02137007378
vn 0.8966903687 -0.4377399087 0.06580410153
v 0.002485585632 0.02563950792 0.01112139877
vn -0.5727171898 -0.7669709325 0.2893969715
v 0.01105220988 0.0381495133 0.05896553025
vn 0.2112010419 -0.9544168711 -0.2109087706
v 0.0004559050431 0.052370511 0.01825830154
vn -0.7008758783 0.3444404006 -0.6246069074
v 0.001245087013 0.05426150933 0.01864745282
vn -0.5819455981 0.4604023099 -0.670349896
v -0.01755215041 0.05304451287 0.08354790509
vn -0.9779321551 -0.03166759387 -0.2065088004
v 0.01523720194 0.07254050672 0.05575444549
vn 0.4005959332 0.7857921124 -0.4712256789
v -0.009211628698 0.04147551581 0.09786080569
vn -0.313785404 -0.04142859206 0.9485896826
v 0.02833130024 0.06243051216 0.0757298246
vn 0.9573505521 0.2786683142 -0.07631475478
v 0.002904137131 0.07089450955 0.09115727246
vn -0.1015007496 0.5724207163 0.8136535883
v 0.007041052449 0.02361850627 0.009925125167
vn -0.1440905631 -0.9822427034 -0.1201550141
v 0.02687446401 0.05346450955 0.06327286363
vn 0.9642857313 -0.1697467715 -0.2033202201
v 0.0003135741572 0.03761750832 0.003933109343
vn -0.5595182776 0.04059307277 -0.8278233409
v 0.02364370599 0.03284451365 0.09275479615
vn 0.7422326207 -0.6147096157 0.2668759823
v 0.002324667526 0.0480245091 0.01088176481
vn -0.5232525468 0.7397315502 -0.4230885804
v 0.004007184878 0.04829150811 0.009781531058
vn -0.3375336528 0.7975484729 -0.4999874234
v -0.01395871211 0.03822851554 0.09303403646
vn -0.824282527 -0.3372980654 0.4547398388
v 0.006214397959 0.06310950965 0.02382300794
vn -0.1177457348 0.6546682715 -0.7466896176
v 0.007965127006 0.06230951473 0.0229522381
vn 0.003961036447 0.6611554623 -0.7502384782
v 0.016094869 0.04061150923 0.003988568205
vn 0.6852385402 0.3306152225 -0.6489543319
v 0.01864561625 0.06881951541 0.09097223729
vn 0.3016453981 0.5429400802 0.7837257981
v 0.02018530667 0.06844251603 0.09053851664
vn 0.3746030927 0.5596898794 0.7392020822
v 0.009491114877 0.07850351185 0.07822746783
vn 0.1421208978 0.9880983829 0.05884879455
v -0.01297967136 0.04743651301 0.06980691105
vn -0.8760965466 -0.4159454703 -0.2438118607
v -0.0137400059 0.04908350855 0.07012615353
vn -0.9067215919 -0.3500232697 -0.2352439314
v 0.002850829856 0.03000851162 0.08486378938
vn -0.1016927063 -0.7949457765 -0.5980968475
v -0.004423021805 0.05839550868 0.03819144517
vn -0.967638731 0.1698297858 -0.1866364479
v 0.02921705693 0.05090951547 0.08055885136
vn 0.9728806019 -0.1943278611 -0.125459373
v 0.02954109758 0.05150851235 0.08243900537
vn 0.9772465825 -0.1569267213 -0.1426995099
v 0.02908705734 0.04946051538 0.08193422109
vn 0.9634511471 -0.2230288535 -0.1483913958
v -0.0003853182134 0.05343750492 0.01986253262
vn -0.7667418718 0.3227474093 -0.5549243093
v -0.00103869848 0.05126250908 0.01983322576
vn -0.8730940223 0.164210245 -0.4590662122
v -0.001601274009 0.05255950987 0.02159905806
vn -0.8919174075 0.1663767248 -0.4204784036
v 0.01297189854 0.04082250968 0.02081681788
vn 0.4130028784 -0.8052675128 0.4254089892
v -0.01432457846 0.05956050754 0.0668503046
vn -0.9591757655 0.101222463 -0.264075458
v 0.02636203915 0.04903851449 0.06667636335
vn 0.9093900323 -0.3729842305 -0.1840992868
v 0.01753022149 0.05056250468 0.01900928654
vn 0.8787547946 0.2061964273 -0.4304335415
v 0.01950134709 0.05206350982 0.03439749777
vn 0.9461534619 -0.3223610818 0.02961308137
v -0.002609562827 0.0343905054 0.007404393982
vn -0.9629039168 -0.158915475 -0.2180868983
v 0.002574168146 0.04303450882 0.004452539608
vn -0.5064501166 0.553843081 -0.6608828306
v 0.000863704423 0.04265650734 0.005462763831
vn -0.5685407519 0.5198897123 -0.6375547647
v -0.006937094964 0.04549051449 0.09852879494
vn -0.2527173758 0.03743035719 0.9668158293
v 0.01049319748 0.02533851191 0.09301427752
vn 0.1677372903 -0.9716655016 0.1665244102
v -0.01086687203 0.05968150869 0.05604398623
vn -0.9082852602 0.1454333365 -0.3922588527
v 0.009515670128 0.03250951692 0.07988227904
vn 0.1487073451 -0.9375674725 -0.3144095838
v 0.009444640949 0.03199751303 0.0813767314
vn 0.1383618563 -0.9365478754 -0.322077781
v 0.007863170467 0.02808751352 0.08719616383
vn 0.07591258734 -0.7150623798 -0.6949266791
v 0.01586418599 0.06817151606 0.09213901311
vn 0.2332933396 0.5539774299 0.7991765738
v -0.005505156703 0.04446551204 0.05315423757
vn -0.7158721089 -0.6535366774 -0.2457984686
v 0.0185032282 0.03033350594 0.007184601855
vn 0.5758123994 -0.4005478919 -0.7127422094
v 0.01619400084 0.07655751705 0.07614696026
vn 0.4225546122 0.9061949849 -0.01607045159
v 0.01738200523 0.07598151267 0.07731016725
vn 0.4732354879 0.8808316588 -0.01355691534
v 0.01946547441 0.05239050835 0.03820348904
vn 0.9430350065 -0.3243152797 -0.07419271767
v 0.01951328851 0.05227351189 0.03624598309
vn 0.9484390616 -0.3154646456 0.03074687533
v 0.004212401342 0.05579550564 0.0180733595
vn -0.3038677871 0.5890020132 -0.7488263845
v 0.0252548214 0.0585485138 0.09336511791
vn 0.5790057778 0.3703999221 0.7263306379
v 0.02950069122 0.05946751684 0.08520523459
vn 0.9693689942 0.2456055284 0.00131060672
v 0.02997368202 0.05718151852 0.08497923613
vn 0.9878539443 0.142729789 -0.06142310053
v 0.02956207283 0.0587795116 0.08340727538
vn 0.9821392298 0.1808846891 -0.05179974437
v 0.008426266722 0.02500851639 0.09315284342
vn 0.113575995 -0.9775675535 0.1773756593
v 0.007081999909 0.02537951246 0.09486696869
vn 0.035499461 -0.9287669659 0.3689603806
v -6.577309978e-05 0.05068451166 0.01809340715
vn -0.7852842212 0.2344292998 -0.5730372071
v 0.001019750023 0.07527351379 0.08717965335
vn -0.1874768436 0.7451088428 0.6400510073
v 0.002596736886 0.07571850717 0.08706039935
vn -0.1288002878 0.7768990397 0.6163102984
v 0.008687544614 0.02963450924 0.0150973117
vn -0.08304672688 -0.2373336554 0.9678719044
v 0.008539631031 0.04244050756 0.0266109705
vn 0.009973142296 -0.9618758559 0.2733045816
v 0.001186743262 0.04319351539 0.04538703337
vn -0.4043743312 -0.8315426111 -0.3808126152
v -0.0003773434437 0.04426651075 0.04504046589
vn -0.5138652921 -0.7702144384 -0.3777726889
v -6.955139543e-05 0.04573450983 0.01081804093
vn -0.7523941994 0.5929463506 -0.2869104743
v 0.0006787528982 0.04546350613 0.008887450211
vn -0.6437751651 0.6427883506 -0.4151827097
v -0.000650312053 0.04428450763 0.009511466138
vn -0.7958264947 0.5243771672 -0.302801609
v 0.01358112879 0.04119050875 0.001505358494
vn 0.5601556301 0.3805048168 -0.7358272672
v -0.005446751136 0.06559951603 0.05032958463
vn -0.7119295597 0.5591925383 -0.4248057902
v 0.01393425185 0.03318950906 0.002973265946
vn 0.4601880312 -0.4310561121 -0.7761556506
v -0.003967592027 0.03622651473 0.07447210699
vn -0.4219463766 -0.8601635098 -0.2864961326
v 0.01897392608 0.06800551713 0.05269015208
vn 0.6420289874 0.6659476757 -0.3798848391
v -0.001489292365 0.04026650637 0.01412752923
vn -0.9301143885 -0.003085496137 0.367256999
v 0.02689800784 0.04614851251 0.07550879568
vn 0.8865945935 -0.4314238429 -0.1668037325
v -0.006920330692 0.06834851205 0.05621273443
vn -0.6898659468 0.5739002824 -0.441274792
v 0.01477446407 0.0734565109 0.05691133067
vn 0.3624567986 0.8209815025 -0.4411512911
v 0.01156520471 0.04395250976 0.002553190105
vn 0.285115242 0.7542207837 -0.5914898515
v -0.001731515629 0.04177850857 0.01316270605
vn -0.9748753905 0.09571587294 0.2011379451
v -0.00198993599 0.04146751016 0.01129480358
vn -0.9799692631 0.1962880641 0.03363362327
v -0.01510273758 0.06396951526 0.0792689845
vn -0.9230229259 0.3804849982 -0.05709536746
v -0.01481823903 0.06490851194 0.08110575378
vn -0.9006624222 0.4318570495 -0.04802791402
v 0.01015899424 0.07838650793 0.0752235204
vn 0.1515473723 0.9883037806 -0.01700179093
v 0.02400566824 0.06197951362 0.05521629751
vn 0.8844166994 0.2954706848 -0.3612535894
v 0.02421854809 0.06325350702 0.05683550239
vn 0.8652478456 0.3433327079 -0.365333885
v 0.01685610414 0.07135351747 0.08960837871
vn 0.2897717655 0.64180094 0.7100167871
v 0.01609161682 0.07054751366 0.09057687223
vn 0.232255578 0.5724036694 0.7863913774
v 0.01776432246 0.0702785179 0.09020371735
vn 0.3069852293 0.60224998 0.7369226813
v 0.02193539403 0.05079951137 0.04894601554
vn 0.8911416531 -0.2998997867 -0.3404800892
v 0.02134912275 0.05077951029 0.04724401981
vn 0.8939868808 -0.3261499405 -0.3072680533
v 0.01900698058 0.0657075122 0.09275560081
vn 0.3396011293 0.5347585082 0.7737599015
v 0.006696616299 0.02908651158 0.09859399498
vn -0.01753634587 -0.3200140893 0.9472504854
v 0.005505141802 0.04017150775 0.0002240732865
vn -0.4110627472 0.2132283747 -0.8863188624
v 0.02666028589 0.05757751316 0.09264265746
vn 0.5912799239 0.3087836206 0.7450105548
v 0.01687967218 0.05534350872 0.02130042389
vn 0.7068881989 0.433239907 -0.5591173768
v 0.0001072616578 0.0474255085 0.01619020104
vn -0.9242002964 0.3400722146 -0.1737950742
v -0.01502691209 0.0495885089 0.07438073307
vn -0.9320964217 -0.2905183733 -0.2163222432
v -0.01556390803 0.05021750927 0.07607138902
vn -0.9524230361 -0.2458656132 -0.1801123321
v 0.02181875519 0.07275651395 0.08073453605
vn 0.6550770998 0.7517638803 0.07566393167
v 0.005955678411 0.06840950996 0.03620839491
vn -0.1634362489 0.9636944532 -0.2111436427
v 0.00820492208 0.0699955076 0.04500325769
vn 0.04688073322 0.9695808887 -0.2402397692
v 0.001306483056 0.06971750408 0.04844489321
vn -0.3667128086 0.8583520055 -0.3588223755
v 0.002621228341 0.07041950524 0.04897305742
vn -0.266164273 0.8826756477 -0.3873503804
v -0.006878796034 0.06264251471 0.04963231832
vn -0.8118615746 0.4023090899 -0.4231172204
v -0.006701622624 0.02981451526 0.08828986436
vn -0.3907647133 -0.6752255559 -0.6255984306
v 0.01587547921 0.044708509 0.04494192824
vn 0.5551886559 -0.7593514323 -0.3393390477
v 0.01690181345 0.04490851238 0.04618066549
vn 0.6138948798 -0.7185550332 -0.326820612
v 0.01561821252 0.04385051131 0.04652807489
vn 0.5189407468 -0.7850148678 -0.3383078277
v -0.002383832587 0.04981350899 0.03364837542
vn -0.8655622602 -0.5007007122 -0.01003873907
v 0.02881041728 0.0502975136 0.07860684395
vn 0.9653808475 -0.2309725285 -0.1212086454
v 0.02930576354 0.05237751082 0.07916207612
vn 0.9821645021 -0.1508977711 -0.1121730581
v 0.01123964973 0.03001950681 0.003882856574
vn 0.1879161 -0.5344302058 -0.8240581751
v 0.02867612801 0.06138451025 0.07682522386
vn 0.9695692062 0.2349811196 -0.06869789213
v 0.02862901799 0.062076509 0.07873272151
vn 0.9612394571 0.271882236 -0.04581200331
v 0.01463146042 0.04486450925 0.02941644564
vn 0.5281323791 -0.8280698061 0.1880867481
v -0.005562053062 0.05053651333 0.04514863715
vn -0.8642756343 -0.3535315692 -0.3578310907
v -0.01811792143 0.05412251875 0.08754692972
vn -0.9847021103 0.1404506117 0.1031278819
v -0.009848394431 0.03845750913 0.08052098751
vn -0.6519849896 -0.6933096051 -0.3069810569
v -0.01040483546 0.03979751095 0.07867792249
vn -0.7023975253 -0.6623713374 -0.2605799735
v 0.03000677936 0.0520035103 0.09113195539
vn 0.8563477993 0.1182538718 0.5026773214
v -0.01016376354 0.03778251261 0.08260744065
vn -0.6182594299 -0.6592416167 -0.4279670715
v -0.01109103952 0.03906350955 0.08180834353
vn -0.6744461656 -0.6415581107 -0.3654114604
v -0.009695015848 0.07184650749 0.08218318224
vn -0.6688101888 0.7306691408 0.1371695548
v 0.007460007444 0.05717651173 0.09874212742
vn -0.004057832062 0.2722065747 0.9622302651
v 0.001352956169 0.05601951852 0.09866871685
vn -0.1247507408 0.2595909834 0.9576271772
v 0.004688089713 0.03206851333 0.08057898283
vn -0.07630933821 -0.9396565557 -0.3335002661
v 0.02477311529 0.06952850521 0.08267946541
vn 0.7720593214 0.631713748 0.06972913444
v 0.01586360112 0.06544050574 0.03555905819
vn 0.6515342593 0.7448589802 -0.1438338906
v 0.01740829274 0.06373950839 0.0351255089
vn 0.7742528915 0.6216875315 -0.118478328
v 0.02016110718 0.05745050684 0.0381381847
vn 0.992272377 0.07623548061 -0.09789655358
v 0.02803897485 0.05645051599 0.09200132638
vn 0.6573794484 0.2636736035 0.7059238553
v 0.02852354571 0.04439051449 0.0859843567
vn 0.8793383837 -0.3447790742 -0.3284682333
v 0.01175050624 0.06165250763 0.02297640219
vn 0.2430896014 0.6413311362 -0.7277374268
v 0.009960642084 0.06278950721 0.0235866867
vn 0.1310631037 0.654871285 -0.744288981
v 0.01200962998 0.06317050755 0.02438406087
vn 0.2544738054 0.6437011361 -0.7217284441
v 0.0009763117414 0.02666550688 0.01022438239
vn -0.700668931 -0.7096233368 0.0741468519
v 0.002276150277 0.02567850798 0.009196130559
vn -0.5796750784 -0.7930954695 -0.1870197803
v 0.02899621986 0.05962951109 0.07615374774
vn 0.9836310744 0.1578137279 -0.0869756788
v 0.02109441906 0.05411751568 0.09773171693
vn 0.3640662432 0.2406473607 0.8997469544
v -0.01300212927 0.05795251206 0.06173044443
vn -0.9578168988 0.03607380018 -0.2851060927
v 0.0008401107625 0.07100950927 0.05146674439
vn -0.3472238183 0.8327082396 -0.4313149154
v 0.001145534683 0.07032651454 0.04981820285
vn -0.3443749845 0.839809835 -0.4196729064
v 0.005339848343 0.02418350428 0.009198663756
vn -0.2892003357 -0.9217450023 -0.2583588362
v -0.001864333288 0.03097551316 0.08496397734
vn -0.2467954606 -0.7745082974 -0.5824335814
v -0.01536627114 0.04452251643 0.0829731524
vn -0.8291237354 -0.3959118724 -0.3947247863
v 0.01167712361 0.06007550657 0.02163811587
vn 0.25222525 0.6442923546 -0.7219901681
v 0.01343802176 0.0604265146 0.02257974446
vn 0.3611832261 0.6127403378 -0.7029196024
v 0.01320246421 0.05882050842 0.0211558789
vn 0.3603404164 0.6265479326 -0.6910806298
v 0.009403318167 0.0344755128 0.07285635918
vn 0.1203211397 -0.9431372285 -0.3098629117
v 0.005162825342 0.03364951536 0.07482082397
vn -0.05295917764 -0.9584561586 -0.2802803814
v 0.006743399426 0.03352851048 0.07521197945
vn 0.01753388345 -0.9607535601 -0.2768485844
v 0.01617083512 0.04044751078 0.05710008368
vn 0.4902766943 -0.8536986709 -0.1755770892
v 0.01268598996 0.03082851507 0.08488035202
vn 0.2345530838 -0.7789912224 -0.5815131068
v -0.002578266663 0.03596350923 0.007015235256
vn -0.9537172914 0.01800906099 -0.3001648784
v 0.01391207986 0.06611050665 0.03137904406
vn 0.4872608185 0.8679687977 -0.0959533006
v 0.003340587486 0.02479651384 0.09141530842
vn -0.1028531045 -0.9896571636 -0.0999994278
v 0.02148379385 0.06864851713 0.08957926184
vn 0.430200994 0.5786851645 0.6928568482
v 0.01503457967 0.07704152167 0.07502575219
vn 0.3722144663 0.9280285835 -0.01481072791
v 0.01506992895 0.06943051517 0.09151755273
vn 0.1931718886 0.5382840037 0.8203261495
v -0.0003267344728 0.03426351026 0.07623835653
vn -0.2699679434 -0.9345334768 -0.2318717092
v 0.005205085035 0.04372450709 0.04019910842
vn -0.1732310504 -0.93289572 -0.3157475591
v 0.009994866326 0.03340250626 0.001363919699
vn 0.1179921404 -0.5228729844 -0.8442047834
v 0.004430012777 0.02929051407 0.08561810851
vn -0.04269039631 -0.78955549 -0.6121925116
v -0.00471356092 0.07564650476 0.08008591831
vn -0.4956217706 0.8665761948 0.05835016444
v -0.0008875767817 0.07466751337 0.08724462241
vn -0.2440345287 0.7319627404 0.6361428499
v 0.02837480232 0.06308551133 0.08087429404
vn 0.9441275597 0.3291658461 -0.01652412117
v 0.004367417656 0.06870250404 0.0408198908
vn -0.2434835285 0.9507356286 -0.1918789297
v 0.002170400228 0.07583651692 0.06001010165
vn -0.2298519462 0.920006454 -0.3174212575
v 0.002856760519 0.07527451217 0.05813542753
vn -0.201563701 0.9063513279 -0.3713480234
v -0.002027889714 0.06534451246 0.04250767827
vn -0.693601191 0.6728554964 -0.257260412
v 0.003345888574 0.05865351483 0.09820644557
vn -0.0736335814 0.2483090311 0.9658781886
v 0.002942600287 0.05665451661 0.09867696464
vn -0.08813202381 0.2662157714 0.9598760009
v 0.01861749031 0.07417551428 0.08455654234
vn 0.4674177766 0.8134622574 0.3461209834
v 0.01742021926 0.07413151115 0.08600953966
vn 0.4038275778 0.8219081163 0.4017341137
v 0.002469396917 0.05612450838 0.01915752329
vn -0.4483490586 0.5504826307 -0.7042385936
v -0.008474252187 0.05017650872 0.0517581217
vn -0.8909478188 -0.3096419573 -0.3321653605
v -0.002784928773 0.06305650622 0.03918391094
vn -0.8322659135 0.5234547257 -0.1825612187
v 0.008740970865 0.04036850482 -9.670697182e-05
vn 0.03252831474 0.1527870893 -0.9877236485
v 0.003743466223 0.06611350924 0.02846841328
vn -0.339236021 0.8458653688 -0.4116196334
v 0.01486089639 0.04634451121 0.03729185835
vn 0.5691170096 -0.8211593628 0.04246317968
v 0.02898292802 0.04811351374 0.08328445256
vn 0.9414203167 -0.2593941689 -0.2155051827
v 0.02823857777 0.04616251215 0.08298888057
vn 0.9028570652 -0.3638314307 -0.2290759832
v 0.01796528324 0.03637351096 0.07631549239
vn 0.4915699065 -0.842966795 -0.218554318
v 0.007832094096 0.02938251384 0.08561517298
vn 0.07736320794 -0.7928802967 -0.6044466496
v 0.02930457518 0.05658351257 0.07670558989
vn 0.9950143695 0.03165270016 -0.09457521886
v -0.003164793365 0.03554750979 0.07557614148
vn -0.4058838189 -0.8785780072 -0.251712054
v -0.0002940941195 0.04688550532 0.03058488853
vn -0.6873599291 -0.7173027396 0.1140750572
v 0.02021352574 0.05877050757 0.03944573551
vn 0.9718144536 0.1921041161 -0.1366479099
v 0.02000281028 0.06010951102 0.04081134126
vn 0.9380810857 0.3079176843 -0.1587152928
v 0.01619575359 0.02872450836 0.006631554104
vn 0.4342301786 -0.4655616581 -0.771165669
v 0.01988833398 0.04010850564 0.008377552964
vn 0.8693099618 0.3393757343 -0.3593386412
v -0.004806808196 0.06377650797 0.04656122252
vn -0.7925140262 0.513825953 -0.3284881115
v 0.02099066786 0.06061251089 0.0456978865
vn 0.9110859632 0.3279226124 -0.2497782111
v 0.01192783564 0.03646850958 0.01743022166
vn -0.02108777873 -0.3765738904 0.9261465669
v 0.01670693047 0.06170450896 0.02615535632
vn 0.6600707173 0.5931125879 -0.4610033035
v 0.01787687279 0.06093550846 0.02740800567
vn 0.7810253501 0.515544951 -0.3524383307
v 0.01503159385 0.06962651014 0.0500240922
vn 0.4462041259 0.8087034822 -0.3832761049
v 0.006112884264 0.03415150195 0.001326452126
vn -0.2983041108 -0.4653800726 -0.8333283067
v 0.005912869237 0.03237650916 0.002437276999
vn -0.2563982904 -0.5074295998 -0.8226634264
v 0.02898043953 0.0518245101 0.07705574483
vn 0.9765939713 -0.1833233833 -0.1125020161
v 0.006009842269 0.02836950868 0.004931036849
vn -0.1596001238 -0.5518645048 -0.8185189962
v 0.0001914939494 0.04920551181 0.0172106754
vn -0.8503812551 0.2353017181 -0.4706217945
v 0.01437526476 0.07468350977 0.08739244938
vn 0.2507345676 0.7741917372 0.5811706781
v 0.01817365922 0.04787950963 0.04271904379
vn 0.7613719702 -0.5951206684 -0.2571849227
v 0.01700270921 0.04438450933 0.04765096307
vn 0.6064736843 -0.7191510201 -0.3391335011
v 0.003141697031 0.06765650958 0.03651156276
vn -0.3741647601 0.9119610786 -0.1683083773
v -0.006822765339 0.03108751588 0.08726613224
vn -0.3597891033 -0.6168005466 -0.7000777721
v 0.02017004788 0.04058650509 0.01214235835
vn 0.9474180937 0.2852918804 0.1449397504
v 0.01345521212 0.03423251212 0.07673886418
vn 0.2976986468 -0.9300637841 -0.2153064609
v 0.004567495547 0.03043251485 0.08405289054
vn -0.04592429847 -0.8171082139 -0.574652195
v -0.0009973539272 0.0401745066 0.005784456152
vn -0.7641936541 0.3126194179 -0.564160645
v 8.753430302e-05 0.04116350785 0.005132092163
vn -0.6337347627 0.3901468217 -0.6679564118
v 0.000115951676 0.03959250823 0.00438763015
vn -0.6128421426 0.2336444408 -0.754873991
v 0.03019288369 0.05636251345 0.08714598417
vn 0.9878895879 0.1551313996 -0.002904121066
v 0.02709830925 0.05658651143 0.06281223148
vn 0.974095583 -0.02455268428 -0.224799946
v 0.006286338437 0.0397295095 0.0203674566
vn -0.1635554731 -0.8435888886 0.5114756823
v 0.02892415412 0.06134651601 0.08524058759
vn 0.9449332952 0.3212440014 0.06247698516
v -0.001243349281 0.02639551647 0.08969391137
vn -0.2495364249 -0.822108984 -0.5117307901
v 0.002819307614 0.0289975144 0.08619748801
vn -0.09392167628 -0.7636108398 -0.6388092041
v 0.00421331916 0.04410051182 0.03085483611
vn -0.3441064954 -0.9224230647 0.1752895415
v 0.01877783053 0.06232951209 0.03865028918
vn 0.8751943111 0.4765443206 -0.08330953121
v -0.00381371309 0.05399350822 0.03092400543
vn -0.9913067222 -0.1311362088 -0.01069100294
v 0.0046003717 0.03542750701 0.001432912075
vn -0.4758069515 -0.3406625986 -0.8108987212
v 0.02071586251 0.03844950721 0.01174675021
vn 0.9729166627 0.1568467915 0.1698005646
v 0.02034544386 0.07405351102 0.07608755678
vn 0.6062370539 0.7949777246 -0.02206930146
v 0.0205955822 0.045563519 0.09894941002
vn 0.2268464565 0.03912179172 0.9731444716
v 0.02087686211 0.03543750942 0.01172022615
vn 0.970872879 -0.03168876097 0.237490356
v 0.02062037401 0.0333655104 0.01216973457
vn 0.9427146912 -0.1019732803 0.317632556
v 0.02925677784 0.05522251129 0.07611261308
vn 0.9934501648 -0.03961138055 -0.1071806625
v 0.02402062342 0.07040150464 0.08145007491
vn 0.7387330532 0.6721475124 0.0499115698
v 0.02264822274 0.07179351151 0.08202458918
vn 0.6951531172 0.7137053609 0.08594646305
v 0.0250589624 0.0425385125 0.07761827111
vn 0.8066987991 -0.570104003 -0.1556228995
v 0.02304813452 0.03865351528 0.08206325024
vn 0.6856724024 -0.6765104532 -0.2686762214
v 0.004409282934 0.04727450758 0.008056245744
vn -0.2733022571 0.7700735927 -0.5764482617
v -0.002352301264 0.0345505178 0.09893545508
vn -0.1737147123 -0.14376387 0.9742459655
v 0.01983489282 0.05272050947 0.02773400024
vn 0.9877259135 -0.1372351646 -0.0745921284
v -0.0004188764142 0.03424250707 0.004666547291
vn -0.5360055566 -0.2009804994 -0.8199419975
v 0.001370664919 0.03386050835 0.003919167444
vn -0.4271180928 -0.2567211688 -0.8669857979
v 0.0007393544074 0.03568550572 0.003829575842
vn -0.4863914549 -0.1271440834 -0.8644406796
v -0.006911676843 0.03251651302 0.08597235382
vn -0.3938925564 -0.6676590443 -0.6317278147
v 0.001773479278 0.03633251041 0.0165932849
vn -0.3313126266 -0.3046878278 0.8929710388
v 0.01246963814 0.07526950538 0.08729037642
vn 0.1850492358 0.7785951495 0.599621892
v -0.002044714754 0.03475951031 0.07673602551
vn -0.3686541915 -0.9007396698 -0.2296999842
v 0.01958676986 0.0672455132 0.09154067189
vn 0.3240565658 0.494225055 0.8066776991
v -0.008330102079 0.06715351343 0.09029847383
vn -0.396455735 0.5004307032 0.7696700096
v -0.01567755081 0.0400625132 0.09132938832
vn -0.8545975685 -0.2930073738 0.4287302494
v 0.008098239079 0.07465751469 0.08839987218
vn 0.04043873772 0.6773016453 0.7345932126
v 0.006855202839 0.07398951054 0.0890538469
vn -0.008808972314 0.676130116 0.7367295623
v 0.007790700067 0.03286951035 0.00168290583
vn -0.1070253626 -0.5379413962 -0.8361606598
v 0.01818142273 0.06442251056 0.04284338281
vn 0.7755904198 0.5957220197 -0.2087457478
v 0.01882732473 0.06408650428 0.04417619482
vn 0.7984282374 0.5617828369 -0.2165926844
v 0.01933138072 0.0629145056 0.04330388457
vn 0.8493557572 0.4842594266 -0.2099706233
v -0.004358823877 0.05682650581 0.03707298264
vn -0.9898095131 0.03835638985 -0.1371344477
v -0.003821591381 0.06864951551 0.09115179628
vn -0.2773939967 0.5463939905 0.7902570367
v 0.0005214416888 0.03369451687 0.07771314681
vn -0.2370595187 -0.9347447157 -0.2646791935
v 0.02082873322 0.06576751173 0.09188524634
vn 0.3626115918 0.4885645807 0.793610394
v -0.008134571835 0.02950151451 0.09157589078
vn -0.6114476919 -0.7815927863 0.1234683469
v 0.01770083793 0.07564251125 0.08028077334
vn 0.4881617725 0.8656558394 0.1110767126
v 0.01710138656 0.07614050806 0.07893554121
vn 0.4508928955 0.8904379606 0.06177224219
v 0.009557857178 0.04221051559 0.04464721307
vn 0.1381981969 -0.9260515571 -0.3511833549
v 0.0174031835 0.0661175102 0.04541632533
vn 0.6737595797 0.7051790357 -0.2208406776
v 0.01857674122 0.04787451401 0.099232696
vn 0.1977733225 0.07935992628 0.9770300388
v 0.02769590914 0.04342451319 0.08481643349
vn 0.831934154 -0.4313004017 -0.3490923941
v 0.01494984142 0.07321450859 0.08855773509
vn 0.2261311263 0.6648677588 0.7119098306
v 0.002666822867 0.06280050427 0.0245413892
vn -0.3456116617 0.6310691237 -0.6944813132
v 0.001264342922 0.06300850958 0.02573323622
vn -0.5045830607 0.687267065 -0.5225513577
v 0.007577278186 0.03117650561 0.002893327037
vn -0.1098883674 -0.5573436618 -0.8229778409
v 0.005568163935 0.03039950505 0.003800309962
vn -0.2177891582 -0.5074795485 -0.8336859941
v -0.008140082471 0.07316951454 0.08206515759
vn -0.6113573313 0.7762510777 0.1538718641
v 0.01979852095 0.0535595119 0.02639598027
vn 0.9800816774 -0.03802775219 -0.1949200481
v 0.02458762378 0.05982350931 0.0552861914
vn 0.9207138419 0.1860461384 -0.3430347741
v 0.01683266461 0.0691165179 0.09129156917
vn 0.2254066914 0.5300267935 0.8174737692
v 0.0159447547 0.07652550936 0.08010675758
vn 0.3837226629 0.9175601006 0.1041170061
v -0.00367329875 0.02874451131 0.0879509896
vn -0.255417794 -0.6626628041 -0.7040168643
v 0.0196245946 0.03595551103 0.08128800243
vn 0.5484566092 -0.7858442664 -0.2857343554
v 0.0240193028 0.05339050665 0.05267728865
vn 0.9444794059 -0.1430808008 -0.295781225
v -0.006571177859 0.0363705121 0.07919301838
vn -0.543368876 -0.7849844694 -0.2975728512
v 0.005889730994 0.07862851024 0.07389808446
vn -0.03315796331 0.9994080067 0.00917204842
v 0.01500307582 0.03998950496 0.002410404384
vn 0.7074537277 0.2337074727 -0.6670007706
v 0.01009565964 0.07329151779 0.0895647034
vn 0.07960300893 0.6668456197 0.7409320474
v 0.004412199371 0.03723850474 0.0009071842069
vn -0.5420630574 -0.1532881409 -0.8262386918
v 0.004940811079 0.04057151079 0.04876108095
vn -0.1374239177 -0.9017900825 -0.409743011
v 0.02243453078 0.04912050813 0.05150052905
vn 0.8566583991 -0.3836751282 -0.3448619545
v 0.0076381322 0.06933451444 0.09270368516
vn 0.01550338138 0.6247786283 0.7806479931
v 0.02926609479 0.05826650932 0.07745172083
vn 0.9912621379 0.1027736962 -0.08268579096
v 0.00287663471 0.02898350731 0.005528484005
vn -0.3192706704 -0.5062172413 -0.8011306524
v 0.02948918007 0.0566955097 0.07859598845
vn 0.9955313802 0.04016884044 -0.0854619965
v 0.001346699428 0.07049251348 0.09120215476
vn -0.1454456598 0.568618536 0.8096410036
v 0.01385840774 0.06681350619 0.03544257581
vn 0.4786504805 0.8617739677 -0.1680456549
v 0.01144166756 0.04342650995 0.04234014079
vn 0.2873221934 -0.9161890149 -0.2793628573
v 0.009827486239 0.04287251458 0.0429334119
vn 0.1634335816 -0.9425496459 -0.2913582325
v -0.0151464045 0.04872251302 0.07635679841
vn -0.9260231853 -0.3235446215 -0.1944221556
v 0.01992345601 0.03751650825 0.006996945478
vn 0.8157972097 0.139981389 -0.561141789
v -0.0004862487549 0.04585350677 0.01938981377
vn -0.9607037306 -0.2764006257 -0.02551613189
v -0.005225386005 0.06947651505 0.09012530744
vn -0.3226301074 0.544926703 0.7739281058
v 0.01694637351 0.06699350476 0.04678053409
vn 0.6179426312 0.7400914431 -0.2653518617
v 0.01104690321 0.06928451359 0.09241681546
vn 0.1136453301 0.6106528044 0.7837014198
v 0.02219033428 0.03660651296 0.08435832709
vn 0.6100651026 -0.6512376666 -0.4513424933
v 0.01663565636 0.04398550838 0.006905720569
vn 0.5674313903 0.5764256716 -0.5880093575
v -0.0150165977 0.06057551131 0.08943684399
vn -0.6990181208 0.3828181624 0.6040065885
v 0.007023291662 0.06883451343 0.03872928768
vn -0.087993294 0.9952263832 -0.04220917448
v -0.009161024354 0.05829250813 0.05153455958
vn -0.9144452214 0.1404916644 -0.3795418441
v -0.0008044786518 0.07737650722 0.0740537867
vn -0.3301284611 0.9436263442 -0.02417663112
v -0.008520350792 0.0723445043 0.08373716474
vn -0.5981180072 0.7589308619 0.2574468255
v 0.02912878804 0.04178951308 0.09114600718
vn 0.9370497465 -0.2907788157 0.1933531016
v -0.01824937202 0.04842150956 0.0874113664
vn -0.9862120748 -0.1263209879 -0.1069054231
v -0.005186791997 0.03137551248 0.08621034771
vn -0.3373013735 -0.678286612 -0.6528055072
v -0.00521254167 0.02989251539 0.08749221265
vn -0.3041742444 -0.6395155787 -0.7060437799
v -0.01573003829 0.05312351137 0.07410857826
vn -0.9705181122 -0.1364053935 -0.1987162381
v 0.0112863509 0.07428151369 0.08842165768
vn 0.1182379127 0.6821702719 0.7215701938
v 0.009520492516 0.07455351204 0.08838739991
vn 0.07352807373 0.682307899 0.727357924
v 0.02516547032 0.04224151 0.0790707469
vn 0.7996777892 -0.5681746006 -0.1941470504
v 0.007833503187 0.03779351339 0.05866754055
vn 0.03822408989 -0.977655232 -0.2067104578
v -0.0009756181971 0.03411451355 0.07766003907
vn -0.3059957027 -0.9156053066 -0.2608323693
v -0.00175460102 0.07708851248 0.07556524873
vn -0.3634505868 0.9307364821 -0.04041383415
v 0.02741709352 0.04426051304 0.08316496015
vn 0.8571184278 -0.44020468 -0.2675216496
v -0.01468471251 0.06468551606 0.07745819539
vn -0.9157653451 0.3903079629 -0.09504494071
v 0.0147987185 0.04606050625 0.03536161408
vn 0.5480901599 -0.829659164 0.1061266735
v -0.001679196837 0.04078450426 0.007468174212
vn -0.8825267553 0.3324877322 -0.3325633705
v -0.0006032073288 0.04200650752 0.006490318105
vn -0.7354150414 0.4520269632 -0.5048131943
v -0.006003640126 0.06227551028 0.04738587141
vn -0.8399531245 0.4077825546 -0.3580393195
v 0.01227187645 0.03936951235 0.05389619619
vn 0.2926425636 -0.9430266023 -0.158307001
v 0.01273262966 0.03980051354 0.05226996541
vn 0.3144612014 -0.9069930911 -0.2801386118
v 0.01943696663 0.03323950619 0.01415451523
vn 0.7402836084 -0.129130736 0.6597768068
v -0.0005147666088 0.07762150466 0.07802397013
vn -0.3097385168 0.949742496 0.04529057816
v 0.01816235483 0.05711451545 0.09780072421
vn 0.2464380413 0.2945255041 0.9233217239
v 0.003734937869 0.02462651022 0.01019448694
vn -0.4591060877 -0.8881947398 0.01821352169
v 0.003505363828 0.03493750468 0.002323071472
vn -0.5126553178 -0.3005287647 -0.8042804003
v -0.001763045904 0.07144851238 0.08988129348
vn -0.2348062992 0.6019210815 0.7632542253
v 0.0167120304 0.04272550717 0.005928758997
vn 0.6008363366 0.496342808 -0.6266095638
v 0.02036453784 0.03297951072 0.08710563183
vn 0.4800766706 -0.6308023334 -0.6096021533
v 0.02175189368 0.03287851065 0.0882326141
vn 0.5047078729 -0.5776062012 -0.6415925622
v -0.01092431974 0.06680350751 0.08879508823
vn -0.5475137234 0.5337574482 0.644462347
v -0.0113508366 0.06415251642 0.09035645425
vn -0.4751912951 0.4463692307 0.7582530975
v 0.01103199273 0.03620351106 0.06741275638
vn 0.1958161592 -0.9597027898 -0.2015604824
v 0.01597299054 0.04570651054 0.02836860903
vn 0.6456033587 -0.7502574921 0.1425130963
v 0.01856418885 0.05929450691 0.02670704573
vn 0.8408377171 0.4047424197 -0.3594099283
v -0.002559443703 0.03313551471 0.08214161545
vn -0.3270821273 -0.8500062823 -0.4129244983
v 0.02337911725 0.0380875133 0.08397465944
vn 0.6657167077 -0.6263942122 -0.4055262208
v 0.002788835438 0.05476650968 0.01797773317
vn -0.4205687642 0.5397852063 -0.7292145491
v -0.01694742031 0.05867851153 0.08761090785
vn -0.890307188 0.3181075454 0.3258230686
v 0.01942308061 0.0580545105 0.02807314321
vn 0.9278770685 0.2846637368 -0.2408542037
v 0.00741082523 0.05602450669 0.01741209999
vn -0.06363074481 0.635986805 -0.7690721154
v 0.007187938783 0.07642950863 0.06002129987
vn 0.01028085221 0.9574947357 -0.2882674634
v 0.01682534628 0.02739250474 0.007943797857
vn 0.552347064 -0.6089761853 -0.569263339
v 0.02196538448 0.03891851008 0.0779049024
vn 0.6565472484 -0.7341724634 -0.1730218828
v 0.01647230983 0.05424750969 0.01983867399
vn 0.6884317398 0.4359589517 -0.5796564221
v 0.01832246408 0.0356195122 0.0800678581
vn 0.4853267968 -0.8280375004 -0.2807343304
v 0.0121119637 0.04703650624 0.007903961465
vn 0.2231966853 0.7759774923 -0.5899509788
v 0.02373511717 0.03707751259 0.08579787612
vn 0.6407235265 -0.5958465934 -0.4841902554
v 0.02492028661 0.03881151602 0.08522696793
vn 0.6899693012 -0.5679835677 -0.4487059414
v 0.003521817038 0.04203950614 0.002866946161
vn -0.5636975765 0.4949613214 -0.6612551212
v 0.01132353861 0.07054751366 0.0914356932
vn 0.1066818759 0.5546644926 0.8252068162
v 0.02645999193 0.04309151694 0.08192057908
vn 0.8375169039 -0.5040752292 -0.2108875662
v 0.02548165247 0.04134150967 0.08264662325
vn 0.786295712 -0.5590476394 -0.2630680501
v -0.001229254878 0.03250251338 0.08248119056
vn -0.283040911 -0.8461838961 -0.4515093267
v -0.001449319418 0.04782950878 0.02213055268
vn -0.9511686563 -0.2970101237 -0.08404269069
v -0.001352324965 0.04763750732 0.02418405749
vn -0.8950760961 -0.4458935559 -0.004207175691
v 0.02082791924 0.03248950839 0.01010561641
vn 0.9860248566 -0.166248247 -0.0107950354
v -0.01557877008 0.06294151396 0.08075660467
vn -0.935084939 0.3455050588 -0.07900927961
v 0.01826411672 0.06294751167 0.03699179366
vn 0.8361501098 0.5374971628 -0.1093153059
v 0.02130590752 0.06727451086 0.09080389887
vn 0.3930714428 0.5205363035 0.7579820156
v -0.001855015988 0.07712050527 0.07718775421
vn -0.371940583 0.9282565117 -0.0003170242417
v 0.02389862016 0.04762451351 0.05920196697
vn 0.8549870849 -0.4661823511 -0.2273127288
v 0.01443377603 0.07499351352 0.06023764238
vn 0.3780196905 0.880749166 -0.2852753401
v 0.01848434843 0.04428651184 0.01060995273
vn 0.8485715389 0.4964331985 -0.1829765141
v 0.006293823011 0.06487850845 0.02539463714
vn -0.1386550069 0.7667564154 -0.6267849803
v 0.02259334736 0.05070551112 0.05054138973
vn 0.8734405637 -0.2833444476 -0.3960018754
v 0.001331275329 0.06203950942 0.02465188876
vn -0.4553191662 0.5838342309 -0.6721770763
v -0.01119101327 0.06534251571 0.08971953392
vn -0.5214748979 0.4939476252 0.6957583427
v 0.02430293523 0.07023350894 0.07693208754
vn 0.774922967 0.6312546134 -0.03181270137
v 0.003017309587 0.03817150742 0.002023245441
vn -0.6461683512 0.0005692302948 -0.7631946802
v -0.01656489447 0.0502875112 0.08109515905
vn -0.9526133537 -0.1933354288 -0.2348387688
v -0.01587196626 0.06134850904 0.07847127318
vn -0.9646884203 0.2425213009 -0.1027599648
v -0.01539184432 0.06296951324 0.07786030322
vn -0.9447625279 0.3108395338 -0.1039355546
v 0.003920370247 0.0753255114 0.08767992258
vn -0.08294837177 0.7172038555 0.6919091344
v 0.008741146885 0.03156351298 0.09925813228
vn 0.01735930704 -0.2108331621 0.9773679376
v 0.003330585081 0.04426750913 0.005068705883
vn -0.4187082052 0.6594160795 -0.6243827939
v 0.02157712914 0.03395551071 0.08710900694
vn 0.5184358954 -0.6316507459 -0.5764039755
v 0.01065241545 0.06243351474 0.09702604264
vn 0.09052930772 0.4344312251 0.8961439133
v 0.01791857183 0.03483650833 0.08158196509
vn 0.4659094214 -0.8319262266 -0.3013754487
v 0.004426242784 0.02914150804 0.00486296555
vn -0.2589353919 -0.5071257949 -0.8220558763
v -0.00108405028 0.0666975081 0.04367155582
vn -0.6158803701 0.7464913726 -0.2518770099
v -0.0001602723351 0.06759850681 0.04471968487
vn -0.5273712277 0.8062340617 -0.2680788338
v 0.000190945022 0.06743050367 0.04325381294
vn -0.5261390805 0.8158343434 -0.2399833351
v -0.001570141991 0.04264851287 0.04967446625
vn -0.4905929267 -0.7573126554 -0.4310407341
v -0.009261771105 0.03621951118 0.08344370127
vn -0.5567119122 -0.6547775865 -0.5112124681
v -0.009781127796 0.03529051319 0.08511595428
vn -0.5432778597 -0.6288807988 -0.5561997294
v -0.008780616336 0.05689550936 0.05026880279
vn -0.9012210965 0.06924200803 -0.4277921319
v -0.002226113109 0.06131650507 0.02899904922
vn -0.8393785357 0.4847478271 -0.2458926588
v -0.000746100035 0.07060451806 0.05212000385
vn -0.4197436273 0.7929628491 -0.4416166246
v 0.0008911677869 0.04274250939 0.01887351274
vn -0.7787097096 -0.4432417154 0.4440134466
v -0.002065886976 0.04887350649 0.02562454902
vn -0.907109499 -0.4164819717 -0.06078769639
v -0.001072232495 0.04721050709 0.02623781189
vn -0.8143420815 -0.5794972777 0.03209223971
v 0.0009723997209 0.04564550892 0.02980064601
vn -0.5956789851 -0.7891306281 0.1497977972
v -0.0005234717391 0.04666950554 0.02839379013
vn -0.7358169556 -0.6704506874 0.09523266554
v 0.009261782281 0.07853550464 0.07656268775
vn 0.1175475344 0.9929848909 -0.01278808247
v 0.02441441827 0.03968551382 0.08333861828
vn 0.7194416523 -0.6066136956 -0.3382655084
v 0.02524269372 0.06867350638 0.08407729864
vn 0.7814962864 0.5942659974 0.1900301576
v -0.001635793713 0.03273750842 0.006108863279
vn -0.7548043728 -0.3037243485 -0.5813965201
v 0.01142836176 0.02529051155 0.09150130302
vn 0.2206955403 -0.9698840976 -0.1030452177
v 0.01613079198 0.03375650942 0.08204323053
vn 0.399179101 -0.8539548516 -0.3337921798
v -0.0004498691414 0.04575350508 0.01715175249
vn -0.9964942932 0.07069990039 0.04472813755
v 0.01078514475 0.04629151151 0.006439839024
vn 0.1850931346 0.8249920011 -0.5339744091
v 0.0001144830676 0.0323565118 0.08183766901
vn -0.229569912 -0.8941161036 -0.3845178783
v -0.00198985613 0.02765651233 0.08843570948
vn -0.218367815 -0.7122198343 -0.6671269536
v 0.01119167916 0.06917151064 0.04324413463
vn 0.260204941 0.9462946057 -0.1918850839
v -0.006999825127 0.05839050934 0.04672950134
vn -0.9262845516 0.156145975 -0.3429510295
v -0.006611216348 0.06033050641 0.04706995562
vn -0.8911520839 0.2881324589 -0.3504677713
v -0.006942455191 0.03369951621 0.08455847204
vn -0.4363748431 -0.7058375478 -0.5580056906
v -0.01169659104 0.03864251077 0.08336757869
vn -0.6481414437 -0.5979808569 -0.4715204537
v 0.01925614104 0.07312051207 0.08604319394
vn 0.4881741405 0.7811906934 0.3891363144
v 0.01768257283 0.03397651017 0.08348302543
vn 0.4438358843 -0.7874117494 -0.4277761877
v 0.01780347526 0.04423150793 0.008601553738
vn 0.7291117311 0.5379396677 -0.4231040478
v 0.02043864317 0.03204850852 0.008524416015
vn 0.8908397555 -0.2639273703 -0.3697929978
v -0.01702398248 0.056574516 0.08114853501
vn -0.9834930301 0.07564428449 -0.1643758714
v -0.01673587598 0.05650451407 0.0792452544
vn -0.9882121682 0.05295703188 -0.14363949
v 0.02020674385 0.0555505082 0.03105662018
vn 0.9989802837 0.0106834285 0.043866653
v 0.02087933011 0.05474150553 0.04233513027
vn 0.9719057083 -0.09262026846 -0.2163812071
v 0.01635987312 0.06873451173 0.04992135242
vn 0.537158668 0.7569870949 -0.3720633388
v 0.01545502339 0.03019050881 0.005438588094
vn 0.4242771566 -0.4220407903 -0.8011682034
v 0.01492282841 0.04617850855 0.03920008242
vn 0.5605278015 -0.7929384708 -0.2388664186
v 0.005668760277 0.06599450856 0.02743750066
vn -0.1779655665 0.8449226022 -0.504414618
v 0.005494752433 0.04311050847 0.04223617911
vn -0.1532453001 -0.9411311746 -0.30131042
v 0.005363677628 0.04280550778 0.001935245004
vn -0.4397081733 0.6225652695 -0.6473555565
v 0.01689843647 0.02650250681 0.009730334394
vn 0.6425369382 -0.7367259264 -0.210668385
v 0.02051460929 0.0369775109 0.01286453102
vn 0.9202914834 0.0152860051 0.3909346759
v -0.01564753614 0.06252051145 0.07931242138
vn -0.9506130815 0.3025078475 -0.06945343316
v 0.00338907144 0.07243551314 0.09020025283
vn -0.09323428571 0.6022737622 0.7928264141
v 0.01691693254 0.06589050591 0.04274818301
vn 0.6738964915 0.7062869668 -0.2168461382
v 0.01109234523 0.03107551113 0.08396345377
vn 0.1887332946 -0.8198030591 -0.5406502485
v 0.009437936358 0.03135851398 0.0831265226
vn 0.1279476881 -0.8745602369 -0.4677326381
v -4.01846446e-05 0.06938251108 0.04908632115
vn -0.4373124838 0.8025894761 -0.4057189822
v 0.0003541814513 0.06891451031 0.04752887413
vn -0.4490776658 0.839453578 -0.3060178459
v -0.00230472465 0.03281250969 0.008059177548
vn -0.9570557475 -0.2743314207 -0.0937364772
v -0.00170209771 0.03108751029 0.007816598751
vn -0.8877402544 -0.3968161643 -0.2333540916
v 0.01358311903 0.06186951324 0.02401553094
vn 0.3638990819 0.6049143672 -0.7082768083
v -0.005389139056 0.03267351165 0.08475159109
vn -0.3842233121 -0.7291566133 -0.5663065314
v -0.01366562117 0.04311450943 0.08078490198
vn -0.8279225826 -0.495926708 -0.2619177699
v 0.0008082910208 0.04544350877 0.02810105681
vn -0.6239365339 -0.7724128366 0.1186661497
v -0.01640110649 0.04171051085 0.09098150581
vn -0.8784291744 -0.2435265779 0.4111653864
v 0.009405870922 0.03773051128 0.05944563821
vn 0.1218850613 -0.9680618644 -0.2190895379
v -0.01691831276 0.05521251261 0.08016356081
vn -0.9861852527 0.005557854194 -0.1655529141
v 0.01886601374 0.04924051091 0.04184115306
vn 0.8266633153 -0.5111150742 -0.2353490293
v -0.001679819194 0.05579350889 0.02328435704
vn -0.7952763438 0.2733062506 -0.5411462188
v 0.01413286757 0.04638650641 0.007911915891
vn 0.2990675867 0.7431668639 -0.5985495448
v -0.0003238134668 0.02818151005 0.009619674645
vn -0.8029422164 -0.5946403742 -0.0410685055
v 0.007032008842 0.054790508 0.01649164036
vn -0.105976671 0.6339053512 -0.7661154866
v 0.01251882315 0.07145550847 0.0907150507
vn 0.1326698363 0.5790241957 0.804443717
v -0.004818240646 0.07082851231 0.08924867958
vn -0.329942435 0.626744926 0.7059240937
v -0.003509371541 0.07039451599 0.09012485296
vn -0.263048172 0.5730156302 0.7761821747
v -0.001066558762 0.06773650646 0.0465298146
vn -0.5540172458 0.777918458 -0.2964924276
v 0.006063788198 0.03597750515 0.000361211627
vn -0.3082452416 -0.3078483641 -0.9001190066
v -0.01794466935 0.05360151455 0.08557869494
vn -0.9831236005 0.03503324836 -0.1795567274
v 0.007526007481 0.06091351435 0.02174655162
vn -0.03414029256 0.6644108295 -0.7465873361
v 0.009479130618 0.03020051494 0.08476287872
vn 0.1232266948 -0.8043619394 -0.5812203288
v 0.01313679479 0.07382752001 0.0884988457
vn 0.169248879 0.6761225462 0.7170865536
v 0.01717824116 0.03037950769 0.006340907421
vn 0.4742353261 -0.3916730583 -0.7884751558
v 0.008594690822 0.0418135114 0.0246757213
vn 0.003903238336 -0.9201976657 0.3914346397
v 0.005790867377 0.07688550651 0.08544042706
vn -0.03373759985 0.9061095119 0.4216957688
v 0.02317111194 0.06392750889 0.0551597923
vn 0.8369089961 0.3971766531 -0.3766085505
v 0.0152816996 0.06198151037 0.02502407506
vn 0.481389612 0.5952204466 -0.6434102058
v 0.02336299047 0.04768251255 0.05724755302
vn 0.8567823768 -0.4608939886 -0.2313022166
v 0.01963591762 0.06059451029 0.03898476064
vn 0.9306987524 0.3500730395 -0.1060599312
v 0.01982427016 0.05933050811 0.03762939572
vn 0.9676839113 0.2343020737 -0.09322208166
v -0.01014878601 0.0543365106 0.05382619426
vn -0.9285401106 -0.09935233742 -0.3576903045
v 0.01192852389 0.07292151451 0.08962927014
vn 0.1345828474 0.6594421864 0.7396103144
v 0.004591257777 0.04446050897 0.03543539345
vn -0.2667746842 -0.959151566 0.09412522614
v 0.01175993495 0.06765151024 0.03515681624
vn 0.316934824 0.927480638 -0.1983230412
v -8.632667596e-05 0.04406050965 0.01805067994
vn -0.9205085039 -0.2571925521 0.2941361666
v -0.009226373397 0.06783651561 0.08926529437
vn -0.4676814675 0.5696758628 0.67582798
v -0.005350776948 0.04919051006 0.04611140117
vn -0.8223956823 -0.434815079 -0.3668803871
v -0.002713333117 0.06695351005 0.04804851487
vn -0.6185201406 0.7019698024 -0.3530881107
v -0.001177586033 0.0306745097 0.01121046674
vn -0.9037209153 -0.3136333525 0.2914148569
v 0.007027133834 0.04058350995 0.04828898609
vn -0.01956360228 -0.9214161038 -0.3880845308
v -0.008771896362 0.07082751393 0.08682637662
vn -0.5366889238 0.6580789685 0.5281070471
v 0.01396817435 0.06327650696 0.02533943951
vn 0.4090696871 0.6736822724 -0.6154788136
v 0.01246356778 0.06451250613 0.0258884225
vn 0.317189306 0.7538897991 -0.5753616691
v 0.01624573581 0.06090750918 0.02489288524
vn 0.562589407 0.5175080895 -0.6447313428
v 0.007358436007 0.06878650934 0.03732390329
vn -0.04534980282 0.9882080555 -0.1462472975
v 0.0002589799115 0.04393051192 0.007320214529
vn -0.6533812881 0.578158617 -0.4886977375
v 0.02005495504 0.05386151001 0.03931324556
vn 0.9665978551 -0.1940166652 -0.167469725
v -0.004740255885 0.05677450821 0.03886701539
vn -0.973280251 0.0206576176 -0.2286893427
v -0.004762245342 0.05821050704 0.03965772688
vn -0.9577314258 0.1581818163 -0.2402687222
v -0.0007106909761 0.0291785039 0.0108111687
vn -0.8627637625 -0.4445726573 0.240819186
v 0.00623975601 0.04172550514 0.0005703404895
vn -0.3190574646 0.4790266454 -0.8177626729
v 0.01956740022 0.05157151073 0.02654217929
vn 0.9717547297 -0.2009592652 -0.1237260252
v 0.01899987645 0.05988551304 0.02865804732
vn 0.8810083866 0.3921576142 -0.2646443844
v -0.002909595612 0.05535550416 0.02501540817
vn -0.910713315 0.1420972347 -0.3878267407
v 0.01614397578 0.04555150494 0.008089632727
vn 0.5006065369 0.6660225987 -0.5529981852
v -0.002361849183 0.03936250508 0.008501483127
vn -0.9660778046 0.222006917 -0.1319342554
v 0.003410039004 0.06031750888 0.02214435115
vn -0.3203469217 0.6094543338 -0.7252194285
v -0.001200970844 0.04263150319 0.008349002339
vn -0.8422447443 0.4388224781 -0.3131431043
v -0.002377102384 0.05853751302 0.02606518939
vn -0.8497668505 0.360599041 -0.3845316768
v -0.002247306053 0.05716950819 0.02469581924
vn -0.8208210468 0.2942128778 -0.4895831048
v 0.01644071378 0.02594750933 0.01164883189
vn 0.5977677107 -0.7922947407 0.1222408041
v 0.01985414512 0.05226451159 0.04012487084
vn 0.9201030731 -0.3198341727 -0.2260894328
v 0.004589417484 0.06820251048 0.03689618036
vn -0.2710867226 0.9475508332 -0.1692909747
v 0.005043457728 0.04993150383 0.01196015533
vn -0.2383852303 0.8446032405 -0.4793932438
v 0.0086972313 0.04426550865 0.03793894127
vn 0.05832875893 -0.9938853979 -0.09375261515
v 0.005142704584 0.04209250584 0.02426470257
vn -0.3028953969 -0.8828966618 0.3588144481
v 0.01254273672 0.06770850718 0.03672943637
vn 0.3753727674 0.9106767774 -0.172519967
v 0.01545734704 0.06618050486 0.03752334043
vn 0.6086164713 0.7826493979 -0.1305602044
v 0.02033471316 0.06113450974 0.04389746115
vn 0.905683279 0.3640869558 -0.217206195
v -0.002639864106 0.0377625078 0.009581631981
vn -0.9944214225 0.07480726391 0.07436303049
v 0.01478277706 0.04462950677 0.02759254724
vn 0.5632972717 -0.8042820096 0.1892793328
v -0.001962167909 0.04119550809 0.009367625229
vn -0.9503934979 0.2853117883 -0.1238925159
v -0.002346145222 0.03967350349 0.01047416683
vn -0.9877955317 0.1401507407 0.0679538548
v 0.01019524876 0.06969951093 0.04488109052
vn 0.1917986423 0.9542944431 -0.2292059958
v 0.01538811624 0.02521250769 0.01009501331
vn 0.5331173539 -0.8336530328 -0.144251734
v 0.01487284899 0.06679451466 0.03957959637
vn 0.5481470823 0.8306063414 -0.09812179208
v 0.008190358989 0.07250650972 0.05205386132
vn 0.05021390319 0.9001425505 -0.4326915443
v 0.02010774054 0.05516150966 0.03577398509
vn 0.9961763024 -0.08670897782 -0.01068984438
v 0.003031652886 0.04115350917 0.04841073975
vn -0.2526408434 -0.8764445186 -0.4098995328
v -0.002596314531 0.06629050523 0.04620343447
vn -0.6567982435 0.689533174 -0.3052212894
v -0.001454222132 0.06683050841 0.04513577744
vn -0.6086992621 0.7407493591 -0.2842105329
v 0.01220583729 0.06918150932 0.04495673254
vn 0.3245767653 0.9191142321 -0.2233359665
v -0.002955029253 0.0470585078 0.0441079773
vn -0.7058603764 -0.6053404808 -0.3678641319
v 0.0177869536 0.06532850862 0.04411065951
vn 0.7340322733 0.6479771733 -0.2032786608
v 0.02052109689 0.05966451019 0.04262908176
vn 0.9422151446 0.2564351261 -0.2155727595
v 0.006772506051 0.04411950707 0.03871872649
vn -0.08588204533 -0.9748641849 -0.2055823207
v 0.01099162549 0.06824250519 0.03673551977
vn 0.2511541545 0.952373445 -0.172934562
v 0.02091669664 0.03692750633 0.01131534949
vn 0.9872744083 0.05542878434 0.1490532756
v -0.003081883769 0.05677150935 0.02648638934
vn -0.9293529987 0.2031810284 -0.3082540035
v 0.006833597086 0.04217750952 0.02546909824
vn -0.1206242666 -0.9355369806 0.3319944143
v 0.002325770445 0.06129650772 0.0235992074
vn -0.3678309023 0.5830535889 -0.7243955731
v -0.0015303283 0.04288050905 0.01034692954
vn -0.9254288077 0.3518888354 -0.1405551881
v -0.001283795573 0.02997650951 0.009514857084
vn -0.9152040482 -0.4013020694 0.03685354441
v -0.0005748189287 0.02909750864 0.00776903145
vn -0.7454755306 -0.5511189103 -0.3748789728
vt 0.3575449884 0.7578390241
vt 0.3555719852 0.7465260029
vt 0.3607549965 0.7484210134
vt 0.4433270097 0.9068650007
vt 0.4403020144 0.9070900083
vt 0.4415580034 0.903020978
vt 0.4877420068 0.901557982
vt 0.4815610051 0.9136610031
vt 0.4894489944 0.916862011
vt 0.4152329862 0.2688440084
vt 0.4120100141 0.2836360037
vt 0.4193199873 0.2835789919
vt 0.4883649945 0.09450499713
vt 0.4875729978 0.1078649983
vt 0.4910629988 0.1154439971
vt 0.3934539855 0.8792979717
vt 0.395224005 0.865572989
vt 0.3885779977 0.8696650267
vt 0.4874379933 0.4893479943
vt 0.480080992 0.4820910096
vt 0.4850420058 0.4698880017
vt 0.4425109923 0.8559060097
vt 0.4416410029 0.8443109989
vt 0.4384869933 0.8517090082
vt 0.456182003 0.9054340124
vt 0.4566980004 0.9010289907
vt 0.4588370025 0.9037560225
vt 0.4485189915 0.921923995
vt 0.4462569952 0.9242110252
vt 0.4457550049 0.9205420017
vt 0.4537959993 0.5546079874
vt 0.4588460028 0.5703880191
vt 0.4619080126 0.5546129942
vt 0.4450680017 0.8758670092
vt 0.4509739876 0.8762859702
vt 0.4479719996 0.8640099764
vt 0.4280959964 0.5943760276
vt 0.4263640046 0.5797179937
vt 0.4222989976 0.5908100009
vt 0.4925029874 0.1781069934
vt 0.489286989 0.179824993
vt 0.4898779988 0.1738850027
vt 0.3289000094 0.6171550155
vt 0.3220230043 0.6073759794
vt 0.3243460059 0.6218370199
vt 0.4500690103 0.6587120295
vt 0.4564040005 0.6694620252
vt 0.4577209949 0.6529960036
vt 0.3667460084 0.6028339863
vt 0.3612599969 0.607468009
vt 0.3627989888 0.5910710096
vt 0.3752839863 0.8780429959
vt 0.3835130036 0.8596209884
vt 0.3818120062 0.8762249947
vt 0.5005760193 0.8235539794
vt 0.5074639916 0.8288919926
vt 0.5062400103 0.8126350045
vt 0.4584000111 0.8973640203
vt 0.4608539939 0.8979700208
vt 0.4592370093 0.9002739787
vt 0.4117409885 0.8354640007
vt 0.4173980057 0.8343690038
vt 0.4157699943 0.8240349889
vt 0.4855720103 0.6178429723
vt 0.4792619944 0.624695003
vt 0.4799799919 0.6091849804
vt 0.4416579902 0.8949760199
vt 0.4414519966 0.8987900019
vt 0.4391349852 0.8965089917
vt 0.3850780129 0.6309890151
vt 0.3888809979 0.6183699965
vt 0.3912590146 0.6301149726
vt 0.3300479949 0.5539540052
vt 0.3274439871 0.5545780063
vt 0.3286400139 0.5516229868
vt 0.4441919923 0.5673099756
vt 0.4456450045 0.5510950089
vt 0.4516279995 0.5642169714
vt 0.3970240057 0.4408310056
vt 0.3914270103 0.452452004
vt 0.390219003 0.4363099933
vt 0.4259729981 0.8949739933
vt 0.4286519885 0.8961660266
vt 0.4267579913 0.8987309933
vt 0.4080579877 0.8898519874
vt 0.4088450074 0.893460989
vt 0.4060580134 0.8929020166
vt 0.4197719991 0.5762990117
vt 0.4127379954 0.5735359788
vt 0.4159890115 0.5890309811
vt 0.4926959872 0.5630720258
vt 0.4908629954 0.5474479795
vt 0.4775370061 0.5578690171
vt 0.4910300076 0.8755310178
vt 0.4866470098 0.8861799836
vt 0.4929350019 0.8897590041
vt 0.4403190017 0.261590004
vt 0.4411360025 0.243851006
vt 0.433209002 0.2537989914
vt 0.4248369932 0.465339005
vt 0.4330329895 0.4575290084
vt 0.4326409996 0.4746170044
vt 0.4495410025 0.8930140138
vt 0.4463010132 0.8916339874
vt 0.4479070008 0.8894699812
vt 0.4786730111 0.2125380039
vt 0.4760130048 0.215940997
vt 0.4755049944 0.2098840028
vt 0.4795249999 0.2192430049
vt 0.4762800038 0.2217420042
vt 0.3995200098 0.5687180161
vt 0.4062269926 0.5683389902
vt 0.4028179944 0.5811430216
vt 0.4170199931 0.8965340257
vt 0.4146600068 0.8980200291
vt 0.4149489999 0.8944060206
vt 0.4693610072 0.6512879729
vt 0.470036 0.6676599979
vt 0.4763199985 0.6564180255
vt 0.3748619854 0.6617019773
vt 0.3824070096 0.6664530039
vt 0.3810789883 0.6516150236
vt 0.4277699888 0.9324380159
vt 0.4276059866 0.9279680252
vt 0.430151999 0.9302700162
vt 0.4099969864 0.6064779758
vt 0.4065969884 0.5939480066
vt 0.4138390124 0.5933309793
vt 0.3046939969 0.7296209931
vt 0.3043940067 0.7263590097
vt 0.3064509928 0.7270380259
vt 0.4520559907 0.8731080294
vt 0.4551700056 0.8626360297
vt 0.4575639963 0.8744810224
vt 0.4692299962 0.9187380075
vt 0.4657979906 0.9303969741
vt 0.4631910026 0.9176890254
vt 0.4263690114 0.9176160097
vt 0.4227490127 0.925104022
vt 0.4214589894 0.9262099862
vt 0.5077499747 0.8864330053
vt 0.513948977 0.8788579702
vt 0.5085120201 0.8689929843
vt 0.399078995 0.893938005
vt 0.3914220035 0.8974159956
vt 0.3983399868 0.8934820294
vt 0.3978439867 0.8541409969
vt 0.393283993 0.847021997
vt 0.3977900147 0.8434929848
vt 0.4888289869 0.1718650013
vt 0.483175993 0.1622450054
vt 0.4884270132 0.1539839953
vt 0.3380689919 0.6792770028
vt 0.3348619938 0.6655030251
vt 0.3425250053 0.6660979986
vt 0.4003440142 0.6720129848
vt 0.4053300023 0.6647509933
vt 0.401564002 0.6562759876
vt 0.5268700123 0.1183160022
vt 0.521032989 0.1220960021
vt 0.5232920051 0.1299369931
vt 0.48100999 0.2088229954
vt 0.4819090068 0.2142830044
vt 0.4308910072 0.9023100138
vt 0.4277589917 0.9027469754
vt 0.429129988 0.8996139765
vt 0.4118379951 0.913556993
vt 0.4142270088 0.9125030041
vt 0.4139699936 0.9163600206
vt 0.3169629872 0.6150259972
vt 0.3175289929 0.6117140055
vt 0.3193199933 0.6136900187
vt 0.4386189878 0.7507950068
vt 0.4348219931 0.7431740165
vt 0.4326030016 0.7540709972
vt 0.4559049904 0.1477379948
vt 0.444761008 0.1442400068
vt 0.4503670037 0.1473580003
vt 0.425101012 0.9175130129
vt 0.4277180135 0.9196019769
vt 0.4252150059 0.9212549925
vt 0.4839619994 0.903768003
vt 0.4813619852 0.9165610075
vt 0.4780519903 0.9056720138
vt 0.4412299991 0.8414120078
vt 0.4460369945 0.8503180146
vt 0.4411129951 0.8540279865
vt 0.401158005 0.8338590264
vt 0.4035480022 0.8200880289
vt 0.4074069858 0.830129981
vt 0.4234730005 0.6094909906
vt 0.416693002 0.6074299812
vt 0.4218659997 0.5934600234
vt 0.3750540018 0.7034220099
vt 0.3700160086 0.7055789828
vt 0.3730539978 0.6933879852
vt 0.495438993 0.6381880045
vt 0.503880024 0.6386010051
vt 0.4986250103 0.6541579962
vt 0.461887002 0.6861140132
vt 0.4663439989 0.6795910001
vt 0.4659169912 0.6938800216
vt 0.3743189871 0.6562839746
vt 0.3687750101 0.6679059863
vt 0.3664500117 0.6516799927
vt 0.4034279883 0.3559829891
vt 0.4091709852 0.3670499921
vt 0.4109280109 0.3497770131
vt 0.4210700095 0.6487900019
vt 0.4185500145 0.6615350246
vt 0.4156610072 0.6486949921
vt 0.4306629896 0.9219890237
vt 0.4301080108 0.917756021
vt 0.43285501 0.9190179706
vt 0.4320519865 0.9155009985
vt 0.4636220038 0.6475070119
vt 0.459939003 0.6365540028
vt 0.423070997 0.9192879796
vt 0.4201950133 0.9193540215
vt 0.4223169982 0.9161419868
vt 0.4040299952 0.6478040218
vt 0.4004319906 0.6383479834
vt 0.4068900049 0.6326959729
vt 0.3811379969 0.7212020159
vt 0.3743480146 0.7170680165
vt 0.3796229959 0.7075639963
vt 0.4651390016 0.6643859744
vt 0.4602989852 0.674439013
vt 0.3281689882 0.711311996
vt 0.3264479935 0.7261729836
vt 0.3312470019 0.7225329876
vt 0.403730005 0.6079189777
vt 0.3986310065 0.5962439775
vt 0.3178569973 0.6036869884
vt 0.3203729987 0.5881540179
vt 0.3248560131 0.6014249921
vt 0.4197779894 0.9242069721
vt 0.4173229933 0.9213529825
vt 0.4938679934 0.1367879957
vt 0.4913640022 0.1478160024
vt 0.4962599874 0.1467200071
vt 0.40961501 0.3838329911
vt 0.4113650024 0.4002160132
vt 0.4167529941 0.3910560012
vt 0.4753119946 0.1400050074
vt 0.4803130031 0.1447969973
vt 0.4750620127 0.1530580074
vt 0.4191710055 0.8992180228
vt 0.421566993 0.8966259956
vt 0.422138989 0.9003750086
vt 0.4213779867 0.44036901
vt 0.4207879901 0.4532060027
vt 0.4149929881 0.4478090107
vt 0.3540639877 0.4537549913
vt 0.352019012 0.4697729945
vt 0.3468680084 0.4563049972
vt 0.4250000119 0.8913559914
vt 0.4224050045 0.891053021
vt 0.4237540066 0.8880620003
vt 0.4855439961 0.149612993
vt 0.4875020087 0.135710001
vt 0.4905869961 0.6421509981
vt 0.4975790083 0.6505569816
vt 0.4904839993 0.6581259966
vt 0.4170140028 0.9288979769
vt 0.4164539874 0.9268680215
vt 0.3816129863 0.7608960271
vt 0.3883289993 0.7631719708
vt 0.3864600062 0.7524719834
vt 0.4404000044 0.6554319859
vt 0.4344600141 0.6597530246
vt 0.4381999969 0.6453430057
vt 0.3979150057 0.6449949741
vt 0.3945730031 0.6334009767
vt 0.3920550048 0.645678997
vt 0.4259740114 0.6575750113
vt 0.4257200062 0.6404960155
vt 0.3567819893 0.7258549929
vt 0.3518890142 0.7284470201
vt 0.3559859991 0.7380769849
vt 0.4615870118 0.3787730038
vt 0.4545139968 0.39655599
vt 0.4514369965 0.3797950149
vt 0.4944860041 0.1826159954
vt 0.4889959991 0.1674669981
vt 0.4862670004 0.182566002
vt 0.432637006 0.876371026
vt 0.4305900037 0.8782629967
vt 0.4305289984 0.8743150234
vt 0.4617620111 0.6189200282
vt 0.467602998 0.6327580214
vt 0.4684320092 0.6121159792
vt 0.3885529935 0.862285018
vt 0.3878110051 0.8730800152
vt 0.3928110003 0.8669260144
vt 0.3662460148 0.61857301
vt 0.3600209951 0.6255379915
vt 0.420675993 0.9095739722
vt 0.4216339886 0.9068670273
vt 0.4231730103 0.9099090099
vt 0.5151780248 0.1207500026
vt 0.5187349916 0.1342879981
vt 0.5209190249 0.1220379993
vt 0.4584670067 0.9079229832
vt 0.4611259997 0.9057620168
vt 0.4094600081 0.6482390165
vt 0.4136829972 0.6344649792
vt 0.4256739914 0.9351249933
vt 0.423902005 0.938075006
vt 0.4231669903 0.9339370131
vt 0.4879519939 0.1571020037
vt 0.4913809896 0.1584729999
vt 0.4892959893 0.163568005
vt 0.3193379939 0.6182479858
vt 0.3216249943 0.6153190136
vt 0.322461009 0.6192979813
vt 0.4816389978 0.1695279926
vt 0.4843029976 0.1552069932
vt 0.4772880077 0.1566430032
vt 0.3265149891 0.8126599789
vt 0.3307980001 0.8218110204
vt 0.3325119913 0.8053380251
vt 0.3821850121 0.745832026
vt 0.3883849978 0.7400140166
vt 0.3827069998 0.7316160202
vt 0.4328419864 0.6208189726
vt 0.4349760115 0.6093310118
vt 0.4399279952 0.6172670126
vt 0.3544969857 0.8304060102
vt 0.3559370041 0.8272560239
vt 0.350793004 0.8186439872
vt 0.430366993 0.6323239803
vt 0.4359560013 0.632134974
vt 0.4986209869 0.6986290216
vt 0.4906539917 0.6952469945
vt 0.4964219928 0.6829029918
vt 0.431697011 0.8104500175
vt 0.4365170002 0.8074859977
vt 0.4363999963 0.8190349936
vt 0.4529440105 0.2003020048
vt 0.4572370052 0.1820359975
vt 0.4482359886 0.1838340014
vt 0.332020998 0.5478469729
vt 0.334641993 0.5499590039
vt 0.3323040009 0.5521450043
vt 0.3963370025 0.8467929959
vt 0.3971160054 0.858856976
vt 0.4014779925 0.8512480259
vt 0.4715490043 0.3425750136
vt 0.4779089987 0.3580240011
vt 0.443998009 0.3099060059
vt 0.3774029911 0.3916180134
vt 0.3817250133 0.4018220007
vt 0.3763520122 0.4079700112
vt 0.4489679933 0.913293004
vt 0.4556359947 0.9128059745
vt 0.4514339864 0.9004600048
vt 0.4847609997 0.6336740255
vt 0.4402520061 0.6410260201
vt 0.4441410005 0.6314299703
vt 0.4393939972 0.6251549721
vt 0.3969910145 0.5507479906
vt 0.4025950134 0.5446580052
vt 0.3974829912 0.5380160213
vt 0.4530720115 0.9055640101
vt 0.4571999907 0.8953130245
vt 0.4599899948 0.9064670205
vt 0.4631110132 0.8991420269
vt 0.4611679912 0.9015759826
vt 0.4300470054 0.9060260057
vt 0.4021350145 0.622657001
vt 0.3967489898 0.6274350286
vt 0.3823849857 0.8612149954
vt 0.3829109967 0.856595993
vt 0.3849320114 0.8599410057
vt 0.3401849866 0.5056059957
vt 0.3399969935 0.5099419951
vt 0.3377049863 0.5072299838
vt 0.4087060094 0.6414489746
vt 0.4135679901 0.6317679882
vt 0.4065150023 0.6303520203
vt 0.4178760052 0.8679490089
vt 0.4200209975 0.878723979
vt 0.4152399898 0.8779199719
vt 0.4297749996 0.9147750139
vt 0.4308679998 0.9123860002
vt 0.3874619901 0.8848170042
vt 0.3877930045 0.8809480071
vt 0.3899559975 0.8833609819
vt 0.4243670106 0.6020590067
vt 0.4316579998 0.6444990039
vt 0.3744190037 0.5869749784
vt 0.3685689867 0.5874400139
vt 0.3722450137 0.5704500079
vt 0.3356519938 0.5502200127
vt 0.3352670074 0.5706319809
vt 0.3393529952 0.5550969839
vt 0.4258350134 0.6244109869
vt 0.3974409997 0.6030809879
vt 0.3919709921 0.6117150187
vt 0.3963800073 0.6199600101
vt 0.4678690135 0.6383330226
vt 0.4632459879 0.6486330032
vt 0.4614270031 0.632134974
vt 0.4165399969 0.9137380123
vt 0.4160029888 0.9099040031
vt 0.4465659857 0.8703389764
vt 0.4450190067 0.8603019714
vt 0.4496409893 0.8608559966
vt 0.4610739946 0.878993988
vt 0.4635480046 0.8891119957
vt 0.4664399922 0.8787999749
vt 0.4358429909 0.8289769888
vt 0.4392809868 0.8311229944
vt 0.4363760054 0.8333070278
vt 0.4875229895 0.7908790112
vt 0.4915669858 0.8004549742
vt 0.4870550036 0.8064690232
vt 0.3937000036 0.6190320253
vt 0.4564299881 0.6433380246
vt 0.4583060145 0.6596369743
vt 0.4149309993 0.2965390086
vt 0.4105350077 0.3070409894
vt 0.416121006 0.309006989
vt 0.483615011 0.6512600183
vt 0.403636992 0.6431189775
vt 0.4003379941 0.6315230131
vt 0.3334169984 0.5735800266
vt 0.3359929919 0.5756319761
vt 0.3337320089 0.5778020024
vt 0.3107840121 0.7187049985
vt 0.314850986 0.7025550008
vt 0.3076939881 0.699837029
vt 0.4592779875 0.2910639942
vt 0.451665014 0.2888030112
vt 0.4560990036 0.2729560137
vt 0.367610991 0.6235889792
vt 0.3696140051 0.6366670132
vt 0.374733001 0.6269609928
vt 0.3793959916 0.345927
vt 0.3835659921 0.335469991
vt 0.3847819865 0.3485839963
vt 0.447717011 0.424668014
vt 0.4494020045 0.407893002
vt 0.4554640055 0.4153960049
vt 0.4705559909 0.1733099967
vt 0.4668489993 0.1619620025
vt 0.4653530121 0.1739639938
vt 0.4167940021 0.4143219888
vt 0.42276299 0.4250819981
vt 0.4157800078 0.4317449927
vt 0.3944149911 0.7043039799
vt 0.3932259977 0.7206699848
vt 0.3898079991 0.7119150162
vt 0.485751003 0.5750470161
vt 0.4884600043 0.5602290034
vt 0.4829069972 0.5622929931
vt 0.4543539882 0.5817540288
vt 0.4680519998 0.5754259825
vt 0.4604029953 0.5871840119
vt 0.3449220061 0.5992580056
vt 0.3427979946 0.6157150269
vt 0.3386099935 0.6016280055
vt 0.472104013 0.931878984
vt 0.4758319855 0.9257000089
vt 0.4687800109 0.9218850136
vt 0.3355650008 0.5620459914
vt 0.3299840093 0.5504689813
vt 0.3361720145 0.5452589989
vt 0.3528780043 0.8022980094
vt 0.3547810018 0.7889890075
vt 0.349056989 0.7926520109
vt 0.4524309933 0.8480420113
vt 0.4421580136 0.8679479957
vt 0.4414120018 0.881502986
vt 0.4471150041 0.8742210269
vt 0.4125910103 0.8847090006
vt 0.4151929915 0.8866009712
vt 0.4127719998 0.888684988
vt 0.3123480082 0.7311509848
vt 0.3183729947 0.7228990197
vt 0.3194639981 0.7417129874
vt 0.447153002 0.8480960131
vt 0.3552420139 0.6100959778
vt 0.4808070064 0.8930280209
vt 0.4468060136 0.6696270108
vt 0.4406780005 0.666549027
vt 0.4445739985 0.6588829756
vt 0.453301996 0.1041790023
vt 0.4535459876 0.09984499961
vt 0.455825001 0.1022090018
vt 0.4636609852 0.5835009813
vt 0.4687559903 0.5941500068
vt 0.4689140022 0.5800219774
vt 0.3341799974 0.6201149821
vt 0.3350380063 0.6229850054
vt 0.3329110146 0.6229519844
vt 0.5140299797 0.8618450165
vt 0.5193849802 0.8704029918
vt 0.5156220198 0.8848000169
vt 0.3555980027 0.8321070075
vt 0.3556210101 0.8157470226
vt 0.362688005 0.8210340142
vt 0.3543440104 0.732427001
vt 0.3499670029 0.7434229851
vt 0.3918910027 0.5398520231
vt 0.3838390112 0.863632977
vt 0.4067220092 0.3412010074
vt 0.401737988 0.3527219892
vt 0.4000039995 0.3361139894
vt 0.4966979921 0.07110600173
vt 0.4947589934 0.06759200245
vt 0.4977320135 0.06714999676
vt 0.50673002 0.1583690047
vt 0.4843460023 0.1630219966
vt 0.4897269905 0.173623994
vt 0.4731349945 0.6306759715
vt 0.466711998 0.6201310158
vt 0.4737739861 0.615136981
vt 0.4984050095 0.1466010064
vt 0.4911060035 0.1516129971
vt 0.4965850115 0.1637230068
vt 0.3951610029 0.580869019
vt 0.3924230039 0.5671629906
vt 0.3911400139 0.6560540199
vt 0.3866789937 0.6664770246
vt 0.3855519891 0.6544139981
vt 0.3518069983 0.561522007
vt 0.3496769965 0.5765519738
vt 0.3563039899 0.5741519928
vt 0.4888319969 0.5876899958
vt 0.4932050109 0.5743780136
vt 0.3439860046 0.6482189894
vt 0.337823987 0.6494529843
vt 0.3409650028 0.6620489955
vt 0.3753579855 0.7866569757
vt 0.3782980144 0.774707973
vt 0.3721700013 0.7768080235
vt 0.4390690029 0.9237679839
vt 0.4366619885 0.9234730005
vt 0.4383760095 0.9205890298
vt 0.4277319908 0.9236770272
vt 0.4420700073 0.8116440177
vt 0.4686650038 0.8727589846
vt 0.4718010128 0.883769989
vt 0.4660069942 0.8845430017
vt 0.347600013 0.6142010093
vt 0.3537360132 0.6154230237
vt 0.3507159948 0.6022440195
vt 0.3476749957 0.7864670157
vt 0.3531979918 0.7916820049
vt 0.3489409983 0.7999960184
vt 0.4456999898 0.8355829716
vt 0.4394659996 0.8317880034
vt 0.3987770081 0.879881978
vt 0.4053469896 0.8878949881
vt 0.4067989886 0.7793800235
vt 0.4022859931 0.7682530284
vt 0.4077929854 0.7631459832
vt 0.3117519915 0.6251009703
vt 0.3093830049 0.6402130127
vt 0.3169060051 0.6372510195
vt 0.4090180099 0.2465279996
vt 0.4046350121 0.2494699955
vt 0.403809011 0.2423820049
vt 0.3782410026 0.7977949977
vt 0.3749279976 0.8088499904
vt 0.3806239963 0.8103839755
vt 0.3299689889 0.5448819995
vt 0.3290660083 0.54855299
vt 0.3271290064 0.5460810065
vt 0.4364309907 0.901154995
vt 0.4370380044 0.8980370164
vt 0.4389890134 0.9002760053
vt 0.4354119897 0.5860980153
vt 0.4327749908 0.5988270044
vt 0.4289439917 0.5882200003
vt 0.4419850111 0.9109619856
vt 0.4784680009 0.173852995
vt 0.4805099964 0.1684660017
vt 0.4821420014 0.1742140055
vt 0.4604479969 0.5244709849
vt 0.4762710035 0.5019770265
vt 0.4790079892 0.5405060053
vt 0.3485040069 0.75673002
vt 0.3444890082 0.7468439937
vt 0.3429400027 0.7610449791
vt 0.3984830081 0.6566029787
vt 0.4052850008 0.6619910002
vt 0.3525629938 0.6501709819
vt 0.3453809917 0.6485649943
vt 0.3498860002 0.6366900206
vt 0.4968129992 0.6589030027
vt 0.4896920025 0.6518880129
vt 0.4905619919 0.6678140163
vt 0.4156889915 0.7243670225
vt 0.416662991 0.708212018
vt 0.4112200141 0.712725997
vt 0.410007 0.7779160142
vt 0.4090879858 0.7917889953
vt 0.4148020148 0.786872983
vt 0.4201470017 0.7171840072
vt 0.3345699906 0.5542950034
vt 0.3369660079 0.5565050244
vt 0.3347080052 0.5586289763
vt 0.3465960026 0.5834950209
vt 0.3510299921 0.5963270068
vt 0.43028301 0.4225929976
vt 0.4344719946 0.407178998
vt 0.4385440052 0.4234980047
vt 0.4992929995 0.6982449889
vt 0.4928080142 0.7020059824
vt 0.4948169887 0.6853759885
vt 0.3287270069 0.6143019795
vt 0.3259910047 0.627433002
vt 0.3219600022 0.6161730289
vt 0.4465680122 0.6436319947
vt 0.4421539903 0.6574450135
vt 0.361725986 0.6410049796
vt 0.3666369915 0.634558022
vt 0.4969120026 0.8775380254
vt 0.5026800036 0.8759139776
vt 0.4992690086 0.8669450283
vt 0.4270679951 0.4352189898
vt 0.4339460135 0.4395210147
vt 0.401463002 0.8779519796
vt 0.4022080004 0.8741049767
vt 0.4043689966 0.8777989745
vt 0.4169290066 0.8679350019
vt 0.4143919945 0.8694329858
vt 0.4146150053 0.8653389812
vt 0.429715991 0.6103150249
vt 0.4275369942 0.5999379754
vt 0.3718230128 0.7433530092
vt 0.3771719933 0.7375599742
vt 0.3720569909 0.7293580174
vt 0.3880420029 0.8503090143
vt 0.3926680088 0.8595600128
vt 0.3200809956 0.6309639812
vt 0.4524950087 0.8315430284
vt 0.4467839897 0.8368560076
vt 0.4782359898 0.1248459965
vt 0.4860860109 0.1275999993
vt 0.3521690071 0.7603750229
vt 0.4506340027 0.5182979703
vt 0.443253994 0.5073050261
vt 0.4420630038 0.5227869749
vt 0.4564540088 0.6856309772
vt 0.4601120055 0.6972839832
vt 0.4537799954 0.6991739869
vt 0.3733089864 0.8754730225
vt 0.3755550086 0.8734719753
vt 0.3758859932 0.8770120144
vt 0.442268014 0.8774600029
vt 0.4426960051 0.8892790079
vt 0.4376870096 0.8831729889
vt 0.451575011 0.1201350018
vt 0.4520860016 0.1242220029
vt 0.4493100047 0.1227359995
vt 0.4612990022 0.08858799934
vt 0.4631249905 0.1069480032
vt 0.4687980115 0.09432599694
vt 0.3404169977 0.5877429843
vt 0.3350589871 0.5780929923
vt 0.3413299918 0.5722039938
vt 0.4193719923 0.8950039744
vt 0.461006999 0.166178003
vt 0.4289540052 0.3729139864
vt 0.421115011 0.3669500053
vt 0.4226390123 0.3822660148
vt 0.4531700015 0.6412940025
vt 0.4914839864 0.723146975
vt 0.4776369929 0.7200459838
vt 0.4856289923 0.7021589875
vt 0.5067020059 0.9037529826
vt 0.5053369999 0.9186890125
vt 0.5113890171 0.9176700115
vt 0.473931998 0.9119340181
vt 0.4709550142 0.9119480252
vt 0.4728179872 0.9088150263
vt 0.4753260016 0.6395210028
vt 0.4426020086 0.3009139895
vt 0.436578989 0.3078869879
vt 0.4364269972 0.2906189859
vt 0.49861601 0.1491820067
vt 0.4786480069 0.148191005
vt 0.5036079884 0.1399849951
vt 0.4264079928 0.4951409996
vt 0.4257929921 0.4824990034
vt 0.4318749905 0.4901919961
vt 0.5023310184 0.1315100044
vt 0.5047850013 0.1482640058
vt 0.5084390044 0.1276820004
vt 0.4275920093 0.9158499837
vt 0.4100199938 0.7201859951
vt 0.4043569863 0.7261440158
vt 0.4052380025 0.711359024
vt 0.4799340069 0.6668090224
vt 0.4761689901 0.6541320086
vt 0.3616650105 0.6643419862
vt 0.3674969971 0.6515629888
vt 0.3599950075 0.6491960287
vt 0.3187299967 0.6222320199
vt 0.3746289909 0.6442049742
vt 0.3804630041 0.6364279985
vt 0.4346550107 0.8979780078
vt 0.4364860058 0.8943169713
vt 0.3985599875 0.7968659997
vt 0.3956060112 0.7875090241
vt 0.3942370117 0.7973319888
vt 0.3257929981 0.5737689734
vt 0.3284060061 0.5727139711
vt 0.3278740048 0.5759609938
vt 0.3865689933 0.8862950206
vt 0.3934690058 0.8810250163
vt 0.4672679901 0.1659439951
vt 0.4655179977 0.1530980021
vt 0.4612450004 0.1657579988
vt 0.447059989 0.7321230173
vt 0.4506669939 0.7162070274
vt 0.4429259896 0.7198050022
vt 0.5093820095 0.1393830031
vt 0.5131270289 0.1308269948
vt 0.5143759847 0.1428450048
vt 0.4176610112 0.9302430153
vt 0.4183009863 0.9329280257
vt 0.4158909917 0.9319710135
vt 0.4683789909 0.4606580138
vt 0.4729909897 0.4777030051
vt 0.4606710076 0.4562880099
vt 0.4353519976 0.6518679857
vt 0.4611259997 0.1034720019
vt 0.4583599865 0.1036269963
vt 0.459446013 0.0999789983
vt 0.4962050021 0.6312440038
vt 0.4897910058 0.6456739902
vt 0.4974429905 0.6523339748
vt 0.4214670062 0.5315529704
vt 0.4205909967 0.5143409967
vt 0.4142639935 0.5257710218
vt 0.3853969872 0.5440170169
vt 0.3844850063 0.5595480204
vt 0.3908640146 0.5555869937
vt 0.4283820093 0.5376560092
vt 0.4281159937 0.5211570263
vt 0.4496189952 0.2729989886
vt 0.4196330011 0.9303529859
vt 0.4271619916 0.9066399932
vt 0.4443809986 0.6475539804
vt 0.4506199956 0.6554309726
vt 0.4254299998 0.9043809772
vt 0.4248589873 0.9013230205
vt 0.4334059954 0.8845970035
vt 0.4358739853 0.8835160136
vt 0.4354430139 0.8871480227
vt 0.4806750119 0.1323429942
vt 0.4730649889 0.1057450026
vt 0.480746001 0.1201990023
vt 0.3613139987 0.7470020056
vt 0.354452014 0.7522220016
vt 0.3586359918 0.7619879842
vt 0.4960080087 0.05530799925
vt 0.4985390007 0.05758799985
vt 0.4959509969 0.05960699916
vt 0.4185299873 0.9071279764
vt 0.4174099863 0.902839005
vt 0.4202699959 0.9034270048
vt 0.3319219947 0.6013439894
vt 0.335510999 0.614338994
vt 0.393581003 0.7301840186
vt 0.3930859864 0.7165780067
vt 0.3881280124 0.7246260047
vt 0.4221900105 0.8270099759
vt 0.466008991 0.1453569978
vt 0.4838689864 0.1591690034
vt 0.4782580137 0.1508260071
vt 0.4635199904 0.3532209992
vt 0.4568969905 0.3442640007
vt 0.4562489986 0.3629159927
vt 0.4089669883 0.2714180052
vt 0.4035309851 0.2680529952
vt 0.4071469903 0.2635470033
vt 0.3731760085 0.6410779953
vt 0.3784669936 0.6298180223
vt 0.3808000088 0.6453570127
vt 0.4128479958 0.8924080133
vt 0.4126040041 0.8958979845
vt 0.4109919965 0.8938789964
vt 0.3480339944 0.6755470037
vt 0.3433789909 0.6798760295
vt 0.4931840003 0.1634559929
vt 0.4882870018 0.163135007
vt 0.4914810061 0.151673004
vt 0.4657590091 0.5684520006
vt 0.4308420122 0.8454480171
vt 0.432893008 0.8338479996
vt 0.4268600047 0.8369809985
vt 0.4564970136 0.240241006
vt 0.4623199999 0.2286790013
vt 0.4565939903 0.2182279974
vt 0.3576689959 0.7960969806
vt 0.3579719961 0.78470999
vt 0.3624530137 0.7937719822
vt 0.3599379957 0.8059549928
vt 0.4440230131 0.3452830017
vt 0.437586993 0.3380270004
vt 0.4383589923 0.3517200053
vt 0.3876099885 0.2975609899
vt 0.3936040103 0.3021749854
vt 0.3972559869 0.2946729958
vt 0.3665330112 0.7221000195
vt 0.3613530099 0.7311040163
vt 0.3667800128 0.7370650172
vt 0.4829959869 0.1632090062
vt 0.4814209938 0.1522179991
vt 0.4861449897 0.1527879983
vt 0.3785580099 0.5646970272
vt 0.3792839944 0.5797290206
vt 0.3836089969 0.5718870163
vt 0.4530479908 0.8101789951
vt 0.453429997 0.8238559961
vt 0.4587000012 0.8175330162
vt 0.4511330128 0.8628550172
vt 0.4511829913 0.8667880297
vt 0.4489159882 0.8643519878
vt 0.4305289984 0.8934620023
vt 0.4277459979 0.8921909928
vt 0.4294309914 0.8891980052
vt 0.4939120114 0.8649650216
vt 0.497476995 0.8502320051
vt 0.5008159876 0.86481601
vt 0.4387950003 0.6000310183
vt 0.3604669869 0.5865880251
vt 0.3537549973 0.5887110233
vt 0.3583709896 0.6027200222
vt 0.409781009 0.7348709702
vt 0.4160569906 0.7274910212
vt 0.4102480114 0.2839030027
vt 0.4030419886 0.2855890095
vt 0.4056560099 0.2697100043
vt 0.3352699876 0.6627849936
vt 0.3323929906 0.6731740236
vt 0.3373290002 0.6744239926
vt 0.4170249999 0.9175480008
vt 0.4193640053 0.9150509834
vt 0.4091010094 0.5554540157
vt 0.417234987 0.5602149963
vt 0.3438740075 0.7952759862
vt 0.3380529881 0.7895309925
vt 0.3404529989 0.8055580258
vt 0.4709869921 0.888184011
vt 0.4758380055 0.8782020211
vt 0.4703629911 0.8711789846
vt 0.4855009913 0.09543299675
vt 0.491328001 0.1015689969
vt 0.4861449897 0.1081259996
vt 0.4536190033 0.6716269851
vt 0.4284340143 0.8801239729
vt 0.424890995 0.8707470298
vt 0.4231750071 0.8835290074
vt 0.3384140134 0.6277660131
vt 0.3403289914 0.639876008
vt 0.3350830078 0.6392089725
vt 0.43582201 0.8656690121
vt 0.4283039868 0.8853949904
vt 0.4301280081 0.867734015
vt 0.3781250119 0.6763349771
vt 0.4209479988 0.7831699848
vt 0.4164220095 0.7717109919
vt 0.4404140115 0.1778890043
vt 0.440730989 0.193501994
vt 0.4220579863 0.8657839894
vt 0.4195640087 0.8667179942
vt 0.4204219878 0.8628929853
vt 0.4423420131 0.8821129799
vt 0.4447000027 0.8797699809
vt 0.44521299 0.8839799762
vt 0.4173080027 0.3958739936
vt 0.4235030115 0.3854449987
vt 0.4251700044 0.4057950079
vt 0.4424299896 0.4394749999
vt 0.4566070139 0.8784559965
vt 0.4605909884 0.8714309931
vt 0.4546149969 0.8646060228
vt 0.4983949959 0.09714700282
vt 0.5053790212 0.09005499631
vt 0.5028809905 0.1060689986
vt 0.452244997 0.1287250072
vt 0.4547429979 0.1255989969
vt 0.3224439919 0.6475179791
vt 0.3232780099 0.633457005
vt 0.4910469949 0.8280100226
vt 0.4973889887 0.833656013
vt 0.4925700128 0.841588974
vt 0.4724870026 0.6700569987
vt 0.4834930003 0.6616629958
vt 0.4844189882 0.6768959761
vt 0.4855360091 0.6652690172
vt 0.4898689985 0.6738240123
vt 0.4840269983 0.6786429882
vt 0.4675830007 0.7407490015
vt 0.473785013 0.7361050248
vt 0.4690209925 0.7263519764
vt 0.4791150093 0.1755349934
vt 0.478181988 0.1885589957
vt 0.4737569988 0.1839810014
vt 0.4839920104 0.1688009948
vt 0.4823189974 0.1642239988
vt 0.4853720069 0.1623869985
vt 0.421258986 0.8984389901
vt 0.4167180061 0.8849980235
vt 0.4147740006 0.9023730159
vt 0.3441849947 0.6321859956
vt 0.4255459905 0.8621569872
vt 0.4240750074 0.8649600148
vt 0.4228619933 0.862432003
vt 0.403688997 0.7542589903
vt 0.4427019954 0.6334429979
vt 0.447638005 0.6213939786
vt 0.4495710135 0.6377919912
vt 0.4448159933 0.9130600095
vt 0.4452329874 0.9168230295
vt 0.4424909949 0.9153689742
vt 0.4056150019 0.6022710204
vt 0.4028089941 0.6172770262
vt 0.3291079998 0.6387680173
vt 0.3321529925 0.6267449856
vt 0.4778940082 0.682995975
vt 0.4037370086 0.8187019825
vt 0.3979130089 0.8174629807
vt 0.3997280002 0.8285700083
vt 0.398721993 0.2639479935
vt 0.3949109912 0.267257005
vt 0.3947570026 0.2595410049
vt 0.3223580122 0.5714460015
vt 0.3292550147 0.5675349832
vt 0.3284640014 0.5856919885
vt 0.4332540035 0.9149410129
vt 0.4359509945 0.9023039937
vt 0.4394089878 0.9130049944
vt 0.4078040123 0.8799660206
vt 0.4125249982 0.8734899759
vt 0.4074220061 0.8678230047
vt 0.322025001 0.7190340161
vt 0.3218050003 0.7304360271
vt 0.4834339917 0.7669849992
vt 0.4777509868 0.7605779767
vt 0.4775460064 0.7759680152
vt 0.5276209712 0.886942029
vt 0.5272189975 0.8702189922
vt 0.5213339925 0.8781170249
vt 0.415199995 0.6767619848
vt 0.4118629992 0.6629880071
vt 0.3630580008 0.532227993
vt 0.357742995 0.5175089836
vt 0.3665040135 0.5172449946
vt 0.4198760092 0.9142460227
vt 0.4170849919 0.8996319771
vt 0.423694998 0.9024199843
vt 0.4498789907 0.7568659782
vt 0.4569430053 0.7607650161
vt 0.4523740113 0.7727620006
vt 0.4329000115 0.8902840018
vt 0.4298569858 0.9029229879
vt 0.4503850043 0.8847550154
vt 0.4510239959 0.8810359836
vt 0.452986002 0.8842020035
vt 0.3331939876 0.5692629814
vt 0.3308570087 0.571344018
vt 0.3907310069 0.5523959994
vt 0.3853439987 0.5638120174
vt 0.5265700221 0.1313720047
vt 0.5253360271 0.1136099994
vt 0.5182600021 0.7927039862
vt 0.5133690238 0.8049619794
vt 0.5120310187 0.7917640209
vt 0.4375939965 0.4698959887
vt 0.4310080111 0.4630219936
vt 0.4314360023 0.4820170105
vt 0.4005669951 0.2748410106
vt 0.4037329853 0.2573719919
vt 0.3964940012 0.26018399
vt 0.4500010014 0.3539659977
vt 0.4425410032 0.3618319929
vt 0.4382419884 0.9277719855
vt 0.441437006 0.9290210009
vt 0.4400770068 0.9319850206
vt 0.4395369887 0.8806239963
vt 0.4367659986 0.880095005
vt 0.4382739961 0.8767030239
vt 0.506313026 0.6580029726
vt 0.3262529969 0.5699819922
vt 0.4499529898 0.2105640024
vt 0.441881001 0.2034740001
vt 0.4484840035 0.1917549968
vt 0.4545199871 0.7453770041
vt 0.4526250064 0.731005013
vt 0.4589349926 0.7337560058
vt 0.4599919915 0.8651999831
vt 0.337635994 0.5824440122
vt 0.3360309899 0.5791739821
vt 0.3382909894 0.5779550076
vt 0.3547559977 0.5367050171
vt 0.3547030091 0.5546479821
vt 0.3482550085 0.5475919843
vt 0.4017280042 0.3744449914
vt 0.3932209909 0.3715719879
vt 0.3960259855 0.3888390064
vt 0.4456059933 0.9009209871
vt 0.3570689857 0.6770229936
vt 0.3538889885 0.6904940009
vt 0.3595559895 0.6902319789
vt 0.4643490016 0.1039849967
vt 0.4620630145 0.1070040017
vt 0.4272249937 0.7309690118
vt 0.4249359965 0.7187839746
vt 0.4216040075 0.7285619974
vt 0.4783070087 0.6398450136
vt 0.4730190039 0.643576026
vt 0.4106259942 0.4922319949
vt 0.4025059938 0.4868809879
vt 0.404926002 0.5036759973
vt 0.461172998 0.8816429973
vt 0.465418011 0.8785210252
vt 0.3454740047 0.7547799945
vt 0.3438090086 0.7388709784
vt 0.3357050121 0.5372099876
vt 0.3356609941 0.5324950218
vt 0.3384490013 0.5351009965
vt 0.3898440003 0.6349440217
vt 0.3861930072 0.642835021
vt 0.3649120033 0.5747780204
vt 0.4136629999 0.9141640067
vt 0.4106740057 0.9277610183
vt 0.4396229982 0.9141420126
vt 0.4386399984 0.9102990031
vt 0.3812769949 0.5968750119
vt 0.374119997 0.588876009
vt 0.375169009 0.6014900208
vt 0.323258996 0.5841249824
vt 0.3255369961 0.5816040039
vt 0.325643003 0.584905982
vt 0.4260689914 0.2074449956
vt 0.4182499945 0.1991419941
vt 0.424710989 0.1891970038
vt 0.5046719909 0.103174001
vt 0.5014740229 0.1155970022
vt 0.5077890158 0.1171920002
vt 0.4261099994 0.6598659754
vt 0.4266450107 0.6703060269
vt 0.4308019876 0.6620100141
vt 0.4078400135 0.2711510062
vt 0.4107840061 0.2544940114
vt 0.4747689962 0.111022003
vt 0.4829280078 0.142087996
vt 0.4770689905 0.1242529973
vt 0.4272730052 0.8629519939
vt 0.4236150086 0.8739979863
vt 0.4305109978 0.8737149835
vt 0.4041469991 0.8725060225
vt 0.4088259935 0.8640120029
vt 0.4099920094 0.8766160011
vt 0.3893589973 0.5709170103
vt 0.3971300125 0.5685279965
vt 0.4523470104 0.7000489831
vt 0.4591400027 0.6960830092
vt 0.4547759891 0.6854879856
vt 0.3878189921 0.6718860269
vt 0.3844420016 0.6803780198
vt 0.4057779908 0.4576050043
vt 0.4131399989 0.4626019895
vt 0.4110940099 0.4449410141
vt 0.4508329928 0.5943530202
vt 0.456348002 0.6062920094
vt 0.4572370052 0.5881739855
vt 0.4630089998 0.6801009774
vt 0.463346988 0.6618949771
vt 0.453527987 0.1086779982
vt 0.4559099972 0.1061969995
vt 0.4566389918 0.1106820032
vt 0.4874179959 0.5788170099
vt 0.4960229993 0.5835520029
vt 0.4798650146 0.5857189894
vt 0.4068000019 0.6772159934
vt 0.4248209894 0.9301699996
vt 0.4219290018 0.9303069711
vt 0.4224680066 0.9266330004
vt 0.3883149922 0.6583750248
vt 0.3932650089 0.6716120243
vt 0.3880870044 0.6431570053
vt 0.3723360002 0.7126389742
vt 0.3774769902 0.7233589888
vt 0.3780690134 0.7114440203
vt 0.3242180049 0.6163619757
vt 0.3234559894 0.6121659875
vt 0.3261030018 0.6137300134
vt 0.4726600051 0.1595540047
vt 0.3877129853 0.3267560005
vt 0.391467005 0.3163020015
vt 0.3935779929 0.331223011
vt 0.4453699887 0.6685320139
vt 0.4410650134 0.6703199744
vt 0.4435740113 0.6797189713
vt 0.4330480099 0.9055520296
vt 0.3743099868 0.5046030283
vt 0.3824419975 0.5076779723
vt 0.3784190118 0.4927330017
vt 0.4772680104 0.672326982
vt 0.4435479939 0.8668159842
vt 0.4419980049 0.8697069883
vt 0.4412739873 0.8659449816
vt 0.4743509889 0.171807006
vt 0.4791969955 0.1845660061
vt 0.4908289909 0.6830750108
vt 0.3281930089 0.6054189801
vt 0.3283649981 0.6015809774
vt 0.3304409981 0.6038230062
vt 0.4314810038 0.5600919724
vt 0.4241009951 0.5509809852
vt 0.4321680069 0.5448759794
vt 0.4542500079 0.3067100048
vt 0.4618909955 0.3093360066
vt 0.4570940137 0.3245489895
vt 0.5031930208 0.7085639834
vt 0.5091869831 0.7300850153
vt 0.4949690104 0.7276769876
vt 0.5054630041 0.7882699966
vt 0.504338026 0.8090280294
vt 0.4909259975 0.7956280112
vt 0.5029109716 0.6490640044
vt 0.4956969917 0.6421409845
vt 0.3955470026 0.6583729982
vt 0.3255490065 0.5776150227
vt 0.3285430074 0.5797550082
vt 0.3306980133 0.5759400129
vt 0.5008010268 0.903283
vt 0.4989480078 0.8908960223
vt 0.5056279898 0.8925110102
vt 0.376549989 0.7501630187
vt 0.3769980073 0.7341820002
vt 0.3813169897 0.7453269958
vt 0.4750530124 0.5837000012
vt 0.4804149866 0.5939599872
vt 0.4747680128 0.5998219848
vt 0.4216859937 0.8898559809
vt 0.4247770011 0.8805829883
vt 0.4181120098 0.4787749946
vt 0.420273006 0.4938350022
vt 0.4122860134 0.4930810034
vt 0.4365560114 0.8720269799
vt 0.4327090085 0.8633599877
vt 0.3906809986 0.7348060012
vt 0.3873000145 0.7225729823
vt 0.4219470024 0.6653820276
vt 0.4228590131 0.6791869998
vt 0.4770849943 0.1713619977
vt 0.4756479859 0.168336004
vt 0.4784019887 0.1678390056
vt 0.4884290099 0.6900820136
vt 0.4988340139 0.6202459931
vt 0.4961020052 0.6347309947
vt 0.4912909865 0.626365006
vt 0.4120250046 0.8997769952
vt 0.4103859961 0.9023929834
vt 0.4090749919 0.8997099996
vt 0.4320499897 0.6879140139
vt 0.436085999 0.6760619879
vt 0.4383729994 0.689399004
vt 0.3375560045 0.819002986
vt 0.49406901 0.9016339779
vt 0.4883750081 0.9126880169
vt 0.4891479909 0.8997849822
vt 0.3803240061 0.5903289914
vt 0.3812290132 0.604279995
vt 0.3757359982 0.601221025
vt 0.4794830084 0.1526409984
vt 0.4280480146 0.8643580079
vt 0.4259560108 0.8664109707
vt 0.4342730045 0.8657069802
vt 0.4351849854 0.868975997
vt 0.4326649904 0.8680329919
vt 0.4568609893 0.1727689952
vt 0.4488919973 0.1688269973
vt 0.4301959872 0.159296006
vt 0.3727760017 0.674767971
vt 0.483886987 0.5479300022
vt 0.4855870008 0.5289199948
vt 0.4785319865 0.5363280177
vt 0.3269949853 0.5874080062
vt 0.3257539868 0.591129005
vt 0.3243879974 0.5877079964
vt 0.400759995 0.6750720143
vt 0.3712199926 0.3392109871
vt 0.3694509864 0.3267529905
vt 0.3711340129 0.3466379941
vt 0.4782339931 0.206606999
vt 0.4805530012 0.2041839957
vt 0.428647995 0.6084780097
vt 0.4277690053 0.6232830286
vt 0.4338639975 0.616903007
vt 0.3543660045 0.660853982
vt 0.4264110029 0.6933879852
vt 0.4185279906 0.6913790107
vt 0.4223960042 0.706230998
vt 0.4784910083 0.1567720026
vt 0.3320910037 0.6521170139
vt 0.3280239999 0.6426820159
vt 0.3272179961 0.6539170146
vt 0.4654160142 0.1231350005
vt 0.461540997 0.1332380027
vt 0.4671089947 0.1379670054
vt 0.4214929938 0.9125589728
vt 0.4248299897 0.9134539962
vt 0.3486410081 0.5657600164
vt 0.352907002 0.5806869864
vt 0.4123669863 0.6822760105
vt 0.4111860096 0.6651520133
vt 0.3752309978 0.8696810007
vt 0.3732559979 0.8835319877
vt 0.3687509894 0.8729969859
vt 0.4457370043 0.8738600016
vt 0.4489330053 0.8745790124
vt 0.4467799962 0.8774279952
vt 0.4570730031 0.9169660211
vt 0.4246999919 0.4558579922
vt 0.425898999 0.4708569944
vt 0.5025830269 0.6368319988
vt 0.5056179762 0.652527988
vt 0.4332869947 0.7121679783
vt 0.436345011 0.7216240168
vt 0.4384540021 0.7087280154
vt 0.4462380111 0.1640899926
vt 0.4593830109 0.9318019748
vt 0.5021150112 0.1529700011
vt 0.4261420071 0.9098790288
vt 0.4244120121 0.9069949985
vt 0.4754709899 0.1410750002
vt 0.4724859893 0.156626001
vt 0.4309790134 0.9298400283
vt 0.5038189888 0.8546220064
vt 0.5087749958 0.8448979855
vt 0.502251029 0.8396630287
vt 0.4863910079 0.1430519968
vt 0.3443059921 0.8201739788
vt 0.3484759927 0.8310009837
vt 0.4838629961 0.1149249971
vt 0.4856419861 0.1171739995
vt 0.4822770059 0.1186539978
vt 0.4787220061 0.2000889927
vt 0.4753639996 0.2035620064
vt 0.4755780101 0.1969929934
vt 0.4642449915 0.8053249717
vt 0.4631969929 0.8191850185
vt 0.4583910108 0.8104760051
vt 0.464060992 0.8684539795
vt 0.468396008 0.8685200214
vt 0.4945529997 0.1239819974
vt 0.4393079877 0.4870109856
vt 0.5117080212 0.1333809942
vt 0.4902760088 0.6784369946
vt 0.4939079881 0.6671119928
vt 0.3415470123 0.7186300159
vt 0.3402239978 0.736676991
vt 0.3460899889 0.7315919995
vt 0.3720540106 0.6258299947
vt 0.4773370028 0.7941439748
vt 0.4703589976 0.7835940123
vt 0.3573809862 0.7072020173
vt 0.3550229967 0.6950150132
vt 0.3609479964 0.6946120262
vt 0.4225220084 0.3017100096
vt 0.5199909806 0.8870609999
vt 0.5142710209 0.8985919952
vt 0.347909987 0.6242870092
vt 0.5334500074 0.1227969974
vt 0.5290330052 0.1312250048
vt 0.4548879862 0.9260259867
vt 0.4597530067 0.9281579852
vt 0.3711549938 0.5981370211
vt 0.371318996 0.6109730005
vt 0.4152599871 0.9228699803
vt 0.4142560065 0.9258440137
vt 0.4130110145 0.922761023
vt 0.3671950102 0.7195169926
vt 0.3708960116 0.729591012
vt 0.4542529881 0.1218110025
vt 0.3549599946 0.6461219788
vt 0.4339649975 0.7781360149
vt 0.4379090071 0.7893069983
vt 0.4406639934 0.775537014
vt 0.4265429974 0.8883010149
vt 0.3516469896 0.5103449821
vt 0.3549959958 0.4997139871
vt 0.4627070129 0.6005349755
vt 0.4354850054 0.2105190009
vt 0.4448420107 0.2048009932
vt 0.447721988 0.1662449986
vt 0.439568013 0.153312996
vt 0.4490450025 0.1529469937
vt 0.4256410003 0.8779680133
vt 0.4257549942 0.8741099834
vt 0.4280810058 0.8761900067
vt 0.330558002 0.6800370216
vt 0.4860959947 0.1752039939
vt 0.3864409924 0.8132399917
vt 0.3906289935 0.8040400147
vt 0.3847660124 0.7983769774
vt 0.332731992 0.7456070185
vt 0.3341439962 0.7610549927
vt 0.32634601 0.7563019991
vt 0.4105220139 0.2249490023
vt 0.4067929983 0.2399280071
vt 0.4752889872 0.3944599926
vt 0.4685010016 0.4024339914
vt 0.4753090143 0.4157389998
vt 0.4131479859 0.2675769925
vt 0.4102050066 0.2076430023
vt 0.4042899907 0.2084109932
vt 0.409085989 0.2223760039
vt 0.4292359948 0.6738299727
vt 0.4346829951 0.8907269835
vt 0.4333080053 0.8943039775
vt 0.4118640125 0.8703579903
vt 0.4125530124 0.8670809865
vt 0.3661749959 0.8050420284
vt 0.3323520124 0.5852450132
vt 0.3344959915 0.5818740129
vt 0.3354960084 0.5859400034
vt 0.4824540019 0.5245500207
vt 0.4767889977 0.5382140279
vt 0.474052012 0.5220919847
vt 0.4097909927 0.9059910178
vt 0.407442987 0.9086109996
vt 0.4068129957 0.9047470093
vt 0.4008359909 0.8395090103
vt 0.471706003 0.688338995
vt 0.4761300087 0.6992239952
vt 0.4069350064 0.617749989
vt 0.440064013 0.8202959895
vt 0.4377470016 0.8116899729
vt 0.4352180064 0.8223850131
vt 0.4570379853 0.8595499992
vt 0.4527130127 0.8535969853
vt 0.452996999 0.8683230281
vt 0.3933669925 0.6732850075
vt 0.3779779971 0.8648089767
vt 0.3806810081 0.8521220088
vt 0.416862011 0.9249309897
vt 0.4184289873 0.9275919795
vt 0.4354299903 0.9090380073
vt 0.4358550012 0.9047999978
vt 0.4377770126 0.9070979953
vt 0.3957119882 0.7958610058
vt 0.3998540044 0.7822899818
vt 0.4028579891 0.7948139906
vt 0.4971030056 0.8181679845
vt 0.5015010238 0.6310909986
vt 0.447153002 0.7721440196
vt 0.442817986 0.7612209916
vt 0.3398259878 0.6318330169
vt 0.4254679978 0.6878229976
vt 0.4072839916 0.9159110188
vt 0.4099650085 0.9016720057
vt 0.406208992 0.8436020017
vt 0.4386250079 0.483844012
vt 0.4441199899 0.4762350023
vt 0.3423570096 0.5395420194
vt 0.3418929875 0.5553830266
vt 0.430159986 0.9262199998
vt 0.4340809882 0.3603590131
vt 0.4391329885 0.3484539986
vt 0.4413259923 0.3641729951
vt 0.4321250021 0.8903719783
vt 0.3602820039 0.5634719729
vt 0.3666929901 0.5584700108
vt 0.4502219856 0.6120439768
vt 0.4491130114 0.6286649704
vt 0.455170989 0.6241269708
vt 0.4204800129 0.927752018
vt 0.4903909862 0.8535240293
vt 0.4696829915 0.6533989906
vt 0.3115339875 0.7781249881
vt 0.3162850142 0.7845360041
vt 0.3177210093 0.7694159746
vt 0.3851059973 0.3682990074
vt 0.388282001 0.3854579926
vt 0.3821170032 0.8736490011
vt 0.3869369924 0.8830699921
vt 0.4207159877 0.9334040284
vt 0.4071249962 0.6531810164
vt 0.4319109917 0.343975991
vt 0.425015986 0.3395160139
vt 0.429708004 0.3278000057
vt 0.4567340016 0.3071550131
vt 0.4491789937 0.2950359881
vt 0.4498949945 0.3163180053
vt 0.4455280006 0.6042270064
vt 0.4524500072 0.6096289754
vt 0.4099999964 0.9220439792
vt 0.4125170112 0.9197440147
vt 0.3393299878 0.5501440167
vt 0.3369210064 0.5521810055
vt 0.3372040093 0.5479130149
vt 0.4500429928 0.8706160188
vt 0.4528340101 0.8700649738
vt 0.4520919919 0.8736450076
vt 0.4251900017 0.7853490114
vt 0.4270919859 0.7995859981
vt 0.4210659862 0.795328021
vt 0.4352000058 0.876470983
vt 0.4333280027 0.8725020289
vt 0.4321419895 0.8654760122
vt 0.4365589917 0.8594390154
vt 0.4371939898 0.8713639975
vt 0.428211987 0.7234079838
vt 0.4257430136 0.7328169942
vt 0.4226030111 0.7247779965
vt 0.4539900124 0.1177619994
vt 0.456494987 0.1198569983
vt 0.4155650139 0.3756009936
vt 0.4448769987 0.9033499956
vt 0.4436210096 0.9004380107
vt 0.4514110088 0.9187620282
vt 0.4281469882 0.8722779751
vt 0.4184089899 0.8747990131
vt 0.4160520136 0.8753989935
vt 0.4164490104 0.8720430136
vt 0.4249120057 0.1986619979
vt 0.4150649905 0.2027380019
vt 0.4180719852 0.1842619926
vt 0.4697389901 0.907893002
vt 0.4722209871 0.9052979946
vt 0.4305140078 0.7344149947
vt 0.4340029955 0.7236629725
vt 0.4984050095 0.6126340032
vt 0.4919629991 0.6071169972
vt 0.4972600043 0.5970510244
vt 0.416738987 0.6158159971
vt 0.4097790122 0.6167089939
vt 0.3718680143 0.6117990017
vt 0.3653709888 0.608897984
vt 0.4869230092 0.7275649905
vt 0.4885289967 0.7124019861
vt 0.4819400012 0.7161599994
vt 0.3938690126 0.6957100034
vt 0.3873640001 0.6956589818
vt 0.3919320107 0.7053620219
vt 0.4694960117 0.2105920017
vt 0.4723689854 0.2069839984
vt 0.4727430046 0.2132350057
vt 0.4128069878 0.9089459777
vt 0.4198949933 0.8914880157
vt 0.4213129878 0.8935859799
vt 0.4465169907 0.1588950008
vt 0.453166008 0.1591240019
vt 0.3414900005 0.6149820089
vt 0.3439979851 0.6020079851
vt 0.3370949924 0.601271987
vt 0.3194330037 0.6100819707
vt 0.3211039901 0.6120430231
vt 0.4173809886 0.8927519917
vt 0.4850740135 0.0829270035
vt 0.4834319949 0.09470500052
vt 0.489023 0.09372700006
vt 0.4543229938 0.4996770024
vt 0.4523060024 0.4827890098
vt 0.4684120119 0.4905749857
vt 0.4331519902 0.6350690126
vt 0.4439719915 0.1897040009
vt 0.4491580129 0.1751949936
vt 0.4415450096 0.1716420054
vt 0.450917989 0.1492390037
vt 0.4539070129 0.1654350013
vt 0.3299390078 0.5631300211
vt 0.3273000121 0.5658339858
vt 0.327463001 0.561662972
vt 0.3197749853 0.6457880139
vt 0.3240720034 0.6386229992
vt 0.3255349994 0.650150001
vt 0.3335790038 0.698826015
vt 0.3385519981 0.6873559952
vt 0.3326129913 0.6845849752
vt 0.4234809875 0.5068349838
vt 0.4441789985 0.3664900064
vt 0.437270999 0.3692960143
vt 0.439801991 0.3530319929
vt 0.4077380002 0.6794469953
vt 0.3569959998 0.5940179825
vt 0.4919149876 0.6105509996
vt 0.4859380126 0.6023359895
vt 0.3784799874 0.5451260209
vt 0.3788009882 0.5590800047
vt 0.3731630147 0.5520880222
vt 0.4708229899 0.4332709908
vt 0.4678820074 0.418017
vt 0.4464490116 0.899559021
vt 0.4854620099 0.174831003
vt 0.4831160009 0.1875170022
vt 0.4747990072 0.6215180159
vt 0.4748170078 0.6028460264
vt 0.4025990069 0.6885529757
vt 0.4065220058 0.6968010068
vt 0.3660329878 0.5291919708
vt 0.3700009882 0.516380012
vt 0.3626179993 0.514474988
vt 0.4841769934 0.1196030006
vt 0.4771049917 0.1262629926
vt 0.378282994 0.6122180223
vt 0.4128029943 0.5089840293
vt 0.406919986 0.5199819803
vt 0.4593940079 0.7310230136
vt 0.4619149864 0.7426009774
vt 0.4642400146 0.7319660187
vt 0.415320009 0.9057750106
vt 0.3973050117 0.6888229847
vt 0.49278301 0.6112189889
vt 0.4951350093 0.5955070257
vt 0.4878709912 0.6026629806
vt 0.4689939916 0.6039649844
vt 0.4628530145 0.602963984
vt 0.4365409911 0.8888450265
vt 0.4335910082 0.8776429892
vt 0.4317130148 0.8884080052
vt 0.4721809924 0.8971740007
vt 0.4753180146 0.896911025
vt 0.4744729996 0.9004309773
vt 0.4359320104 0.832826972
vt 0.4307770133 0.8235589862
vt 0.4387130141 0.171935007
vt 0.3775140047 0.32773
vt 0.38014099 0.3112260103
vt 0.3828560114 0.3228409886
vt 0.4430240095 0.9192199707
vt 0.4925920069 0.1058169976
vt 0.4932950139 0.1172880009
vt 0.4966610074 0.1136239991
vt 0.4186240137 0.6219499707
vt 0.4120999873 0.6200270057
vt 0.3809039891 0.6236770153
vt 0.3854939938 0.6136760116
vt 0.3983280063 0.3181090057
vt 0.4858210087 0.587387979
vt 0.490222007 0.5856620073
vt 0.494242996 0.5774739981
vt 0.3982079923 0.2573660016
vt 0.3953329921 0.2514539957
vt 0.453294009 0.92740798
vt 0.5317000151 0.1128700003
vt 0.5247480273 0.1097770035
vt 0.333355993 0.6267219782
vt 0.3286780119 0.6300079823
vt 0.3842810094 0.8942760229
vt 0.3880459964 0.8840389848
vt 0.3694219887 0.373852998
vt 0.3668810129 0.359194994
vt 0.3634330034 0.3739100099
vt 0.3246420026 0.739428997
vt 0.3187809885 0.7402690053
vt 0.3218730092 0.7536280155
vt 0.3150649965 0.7523670197
vt 0.4356870055 0.9198359847
vt 0.4338259995 0.9226269722
vt 0.4176729918 0.8800250292
vt 0.4126299918 0.8859620094
vt 0.4269579947 0.8914200068
vt 0.4312109947 0.8529859781
vt 0.4961619973 0.6683840156
vt 0.5023639798 0.6806640029
vt 0.468355 0.9068019986
vt 0.4756410122 0.9016190171
vt 0.3716740012 0.5719370246
vt 0.367211014 0.5856099725
vt 0.5003759861 0.8927950263
vt 0.4943920076 0.9053090215
vt 0.4403339922 0.9179679751
vt 0.437586993 0.9169980288
vt 0.376060009 0.8634110093
vt 0.4278700054 0.6808480024
vt 0.5086190104 0.8639670014
vt 0.5036060214 0.8784809709
vt 0.3502610028 0.6255099773
vt 0.4373239875 0.8899180293
vt 0.4173870087 0.8631200194
vt 0.430321008 0.8663420081
vt 0.4323689938 0.8641440272
vt 0.4649130106 0.8676829934
vt 0.332735002 0.5433769822
vt 0.3331199884 0.5393769741
vt 0.3354490101 0.5414500237
vt 0.4492740035 0.8783569932
vt 0.4176659882 0.2513389885
vt 0.4183920026 0.2328830063
vt 0.4125359952 0.2415360063
vt 0.4444999993 0.8704019785
vt 0.4460709989 0.9117019773
vt 0.3840470016 0.5479220152
vt 0.3812899888 0.8662580252
vt 0.3857890069 0.873462975
vt 0.3807120025 0.8807190061
vt 0.4846859872 0.9275889993
vt 0.4910799861 0.9254019856
vt 0.4323770106 0.925104022
vt 0.417185992 0.6734070182
vt 0.3992049992 0.8810150027
vt 0.4015080035 0.8615059853
vt 0.4031159878 0.8865500093
vt 0.4235819876 0.8719729781
vt 0.4259180129 0.8702459931
vt 0.5038660169 0.1287939996
vt 0.5104920268 0.1318220049
vt 0.418870002 0.6424250007
vt 0.4255659878 0.6381499767
vt 0.4210839868 0.627440989
vt 0.470393002 0.1442330033
vt 0.3649039865 0.6924059987
vt 0.3659879863 0.7066349983
vt 0.3703469932 0.6964489818
vt 0.387650013 0.7107769847
vt 0.3820179999 0.7042160034
vt 0.3351089954 0.5628700256
vt 0.3323180079 0.56072402
vt 0.5203589797 0.8435159922
vt 0.520983994 0.8611800075
vt 0.5267210007 0.8525230289
vt 0.4031400084 0.8595669866
vt 0.3981870115 0.8667359948
vt 0.4665670097 0.9081720114
vt 0.4677369893 0.911879003
vt 0.4387409985 0.3812670112
vt 0.4345900118 0.3623520136
vt 0.3251569867 0.6202449799
vt 0.3382210135 0.539470017
vt 0.3409059942 0.5420979857
vt 0.3377549946 0.5436999798
vt 0.3825649917 0.8233590126
vt 0.3790000081 0.8309490085
vt 0.3836320043 0.838086009
vt 0.3152920008 0.6552960277
vt 0.3232490122 0.6622620225
vt 0.3963460028 0.8365460038
vt 0.4192869961 0.6024349928
vt 0.3992640078 0.2933900058
vt 0.4051260054 0.2880899906
vt 0.4786899984 0.5547789931
vt 0.4857319891 0.5591149926
vt 0.4803520143 0.5728679895
vt 0.4008620083 0.9202669859
vt 0.3969190121 0.9080449939
vt 0.4032320082 0.905099988
vt 0.4533280134 0.4548659921
vt 0.4458839893 0.4569700062
vt 0.4491969943 0.4420219958
vt 0.3370909989 0.5285509825
vt 0.3341630101 0.5283039808
vt 0.4130870104 0.9302020073
vt 0.411303997 0.9262490273
vt 0.3406249881 0.7655140162
vt 0.3391680121 0.7499830127
vt 0.4490540028 0.2162239999
vt 0.410905987 0.9176139832
vt 0.4091910124 0.9149309993
vt 0.4858640134 0.4993030131
vt 0.4836159945 0.5126559734
vt 0.4897390008 0.5134519935
vt 0.3831570148 0.8064630032
vt 0.3770210147 0.8115509748
vt 0.3786729872 0.7977889776
vt 0.3254910111 0.603802979
vt 0.326492995 0.6078360081
vt 0.4281649888 0.8683559895
vt 0.3643519878 0.7924140096
vt 0.3588010073 0.7980380058
vt 0.3634600043 0.8064680099
vt 0.4717009962 0.185800001
vt 0.4744690061 0.1870969981
vt 0.4726150036 0.1927320063
vt 0.3588150144 0.8285539746
vt 0.3566699922 0.8297749758
vt 0.3566179872 0.8267059922
vt 0.3816229999 0.6744859815
vt 0.3807730079 0.6611109972
vt 0.4941520095 0.5281350017
vt 0.4326489866 0.6868500113
vt 0.4318239987 0.6741909981
vt 0.5037099719 0.8611119986
vt 0.5165989995 0.1279949993
vt 0.5144079924 0.1195989996
vt 0.4973630011 0.6757619977
vt 0.3589479923 0.6518980265
vt 0.3552840054 0.6609249711
vt 0.4130240083 0.5665749907
vt 0.4084050059 0.5552060008
vt 0.4155069888 0.5521479845
vt 0.3295640051 0.6640170217
vt 0.3498600125 0.678278029
vt 0.3318389952 0.6514610052
vt 0.3906669915 0.6834049821
vt 0.4245710075 0.2661119998
vt 0.4474529922 0.1829860061
vt 0.4063499868 0.4109970033
vt 0.4139809906 0.4157690108
vt 0.4822269976 0.6951450109
vt 0.3065209985 0.6554369926
vt 0.3329029977 0.6027849913
vt 0.3320359886 0.6057180166
vt 0.3869999945 0.8629119992
vt 0.3921090066 0.8733180165
vt 0.3321830034 0.5563650131
vt 0.329324007 0.5584040284
vt 0.4101420045 0.8965880275
vt 0.3820160031 0.869738996
vt 0.3863160014 0.8564779758
vt 0.3885389864 0.8698070049
vt 0.419622004 0.8146129847
vt 0.4140599966 0.8120809793
vt 0.3743560016 0.6863650084
vt 0.4413770139 0.1646299958
vt 0.4366520047 0.174842
vt 0.4223160148 0.152501002
vt 0.396777004 0.6850709915
vt 0.4600250125 0.7781239748
vt 0.4592750072 0.7952899933
vt 0.4545980096 0.7863420248
vt 0.4300799966 0.8445720077
vt 0.4279699922 0.8422709703
vt 0.4301050007 0.840520978
vt 0.3138290048 0.6097450256
vt 0.4268839955 0.8608530164
vt 0.4148379862 0.9200130105
vt 0.4639489949 0.2231059968
vt 0.4700640142 0.2095170021
vt 0.472860992 0.2289839983
vt 0.4423860013 0.6797090173
vt 0.3296839893 0.6022350192
vt 0.4693360031 0.1575990021
vt 0.4740050137 0.1431519985
vt 0.4707100093 0.5922359824
vt 0.4660060108 0.5912230015
vt 0.4787310064 0.5864809752
vt 0.4754999876 0.0829859972
vt 0.4758180082 0.06740900129
vt 0.4816380143 0.09502100199
vt 0.4813260138 0.496284008
vt 0.4753510058 0.4937210083
vt 0.4669910073 0.1099829972
vt 0.4673129916 0.0984139964
vt 0.4659079909 0.1138110012
vt 0.4746449888 0.8086339831
vt 0.4802559912 0.809893012
vt 0.4772869945 0.4990229905
vt 0.4702880085 0.4991270006
vt 0.4741550088 0.5138869882
vt 0.419788003 0.8851569891
vt 0.421341002 0.8821589947
vt 0.4224149883 0.8851720095
vt 0.4433659911 0.9322429895
vt 0.4918760061 0.1839890033
vt 0.4888119996 0.1857009977
vt 0.4694249928 0.7100440264
vt 0.4620519876 0.7078689933
vt 0.4636040032 0.720690012
vt 0.4857549965 0.1947589964
vt 0.4859060049 0.1880879998
vt 0.4882279932 0.1907240003
vt 0.492080003 0.1156079993
vt 0.4867919981 0.1205170006
vt 0.4748350084 0.1713099927
vt 0.4730980098 0.1693090051
vt 0.4050369859 0.7693449855
vt 0.4005889893 0.7597990036
vt 0.3988249898 0.7752370238
vt 0.4115389884 0.8494250178
vt 0.4120140076 0.8615180254
vt 0.4164870083 0.8555570245
vt 0.3349750042 0.5456579924
vt 0.4952329993 0.7453690171
vt 0.50128901 0.7555299997
vt 0.4947060049 0.7632110119
vt 0.4780290127 0.5280349851
vt 0.4824430048 0.5427179933
vt 0.4852679968 0.5267230272
vt 0.4840910137 0.1310960054
vt 0.4805540144 0.1432500035
vt 0.3749769926 0.890048027
vt 0.3747479916 0.8865069747
vt 0.3774090111 0.8883900046
vt 0.4773370028 0.1382430047
vt 0.482464999 0.180994004
vt 0.4803499877 0.1969249994
vt 0.4873110056 0.1937530041
vt 0.3608689904 0.3871549964
vt 0.3570849895 0.3763149977
vt 0.3551689982 0.3951880038
vt 0.4966000021 0.7664160132
vt 0.5017830133 0.7593200207
vt 0.4971249998 0.7510979772
vt 0.337500006 0.7345560193
vt 0.4394989908 0.8483350277
vt 0.4372040033 0.8504220247
vt 0.4368810058 0.8465949893
vt 0.4888249934 0.9159680009
vt 0.482825011 0.92049402
vt 0.4439449906 0.8971779943
vt 0.3669509888 0.3496510088
vt 0.4418860078 0.8641070127
vt 0.479057014 0.5730479956
vt 0.472341001 0.5692530274
vt 0.474236995 0.5851879716
vt 0.3906509876 0.2556790113
vt 0.391467005 0.2626839876
vt 0.4982709885 0.6708310246
vt 0.4912019968 0.663646996
vt 0.4920679927 0.681309998
vt 0.3420070112 0.5204889774
vt 0.347469002 0.5327200294
vt 0.3484309912 0.5156679749
vt 0.4821319878 0.1592089981
vt 0.3801609874 0.7844619751
vt 0.3759950101 0.7757920027
vt 0.3812519908 0.7712680101
vt 0.3380010128 0.5029619932
vt 0.4221409857 0.6744430065
vt 0.3356190026 0.6129710078
vt 0.3385159969 0.6150410175
vt 0.3360469937 0.6172779799
vt 0.4728780091 0.7399659753
vt 0.4664889872 0.7336810231
vt 0.4734120071 0.7246339917
vt 0.3327229917 0.6165390015
vt 0.4690900147 0.2292010039
vt 0.4656699896 0.213131994
vt 0.3530710042 0.6247659922
vt 0.3560599983 0.6387599707
vt 0.3680900037 0.6687160134
vt 0.3688949943 0.6825730205
vt 0.4385020137 0.9039670229
vt 0.440109998 0.1643220037
vt 0.4422099888 0.1507779956
vt 0.4418309927 0.1539549977
vt 0.4878779948 0.5742020011
vt 0.4302619994 0.7893930078
vt 0.3771870136 0.8844259977
vt 0.3500509858 0.6482489705
vt 0.3471449912 0.6621469855
vt 0.3744519949 0.5364300013
vt 0.4473049939 0.7008559704
vt 0.4410969913 0.7012649775
vt 0.443708986 0.6912819743
vt 0.4131270051 0.3211539984
vt 0.4057010114 0.320122987
vt 0.4305259883 0.8703259826
vt 0.4190250039 0.8708130121
vt 0.4590159953 0.2597729862
vt 0.4643180072 0.2440350056
vt 0.3648859859 0.7355530262
vt 0.3711169958 0.7429469824
vt 0.4522059858 0.8383709788
vt 0.4580070078 0.8473640084
vt 0.4586549997 0.8326219916
vt 0.4337289929 0.9016829729
vt 0.3840639889 0.7347409725
vt 0.3873960078 0.7495189905
vt 0.4230729938 0.9039369822
vt 0.3468819857 0.6877279878
vt 0.34167099 0.691208005
vt 0.3697000146 0.5986139774
vt 0.3944520056 0.7470639944
vt 0.3979539871 0.7331529856
vt 0.3997879922 0.7465509772
vt 0.4967670143 0.6923940182
vt 0.4209469855 0.8626689911
vt 0.4030340016 0.8746269941
vt 0.4716390073 0.562319994
vt 0.4762809873 0.5535140038
vt 0.4798290133 0.5667970181
vt 0.4162090123 0.8693079948
vt 0.4173740149 0.8869550228
vt 0.3497830033 0.822142005
vt 0.3507539928 0.8105149865
vt 0.3938280046 0.8854470253
vt 0.4722169936 0.9068089724
vt 0.4662050009 0.9071320295
vt 0.4052909911 0.5717790127
vt 0.4021919966 0.5582759976
vt 0.4977110028 0.8507090211
vt 0.4744940102 0.1624149978
vt 0.468479991 0.1618389934
vt 0.4088920057 0.749292016
vt 0.4537299871 0.8803550005
vt 0.4515820146 0.8773779869
vt 0.4137229919 0.8736330271
vt 0.4572840035 0.8887709975
vt 0.4215419888 0.8695350289
vt 0.4238660038 0.8681669831
vt 0.4668700099 0.1389530003
vt 0.4754100144 0.1428339928
vt 0.4712989926 0.132753998
vt 0.4940400124 0.9128739834
vt 0.4201030135 0.5651140213
vt 0.4797790051 0.8703110218
vt 0.4809359908 0.8822540045
vt 0.5047730207 0.7086219788
vt 0.5054370165 0.6937069893
vt 0.4999949932 0.7009959817
vt 0.3871479928 0.4924769998
vt 0.411424011 0.8627409935
vt 0.4768399894 0.1646959931
vt 0.4796499908 0.1642539948
vt 0.420024991 0.3515200019
vt 0.4268749952 0.3562499881
vt 0.4787859917 0.5200690031
vt 0.4782769978 0.5017549992
vt 0.3241559863 0.6080189943
vt 0.3254880011 0.6105589867
vt 0.4561600089 0.8988789916
vt 0.4610550106 0.9032239914
vt 0.4588699937 0.8899800181
vt 0.4216749966 0.8601819873
vt 0.4589180052 0.3429329991
vt 0.4517650008 0.3382659853
vt 0.4571909904 0.3257240057
vt 0.4217309952 0.7520689964
vt 0.421243012 0.7377920151
vt 0.4264599979 0.7433480024
vt 0.3688600063 0.472243011
vt 0.3746339977 0.4708479941
vt 0.3730469942 0.4852719903
vt 0.4361940026 0.1854210049
vt 0.3489570022 0.6929029822
vt 0.344374001 0.6896409988
vt 0.3456780016 0.7036389709
vt 0.3885039985 0.8822619915
vt 0.39022699 0.8783320189
vt 0.3920100033 0.8822849989
vt 0.4816359878 0.6288300157
vt 0.4876869917 0.6193209887
vt 0.481328994 0.6112449765
vt 0.4485529959 0.3722339869
vt 0.4768759906 0.7052590251
vt 0.472427994 0.6963300109
vt 0.3299379945 0.6103990078
vt 0.327549994 0.61096102
vt 0.3284179866 0.6084139943
vt 0.4470199943 0.8623219728
vt 0.4448370039 0.8605700135
vt 0.4474520087 0.8584489822
vt 0.3922179937 0.8160269856
vt 0.3883160055 0.8265699744
vt 0.3942179978 0.8276910186
vt 0.4623709917 0.9245679975
vt 0.4541159868 0.9448850155
vt 0.3743509948 0.8305460215
vt 0.3773880005 0.840996027
vt 0.4320580065 0.8604199886
vt 0.4300549924 0.8594179749
vt 0.4312680066 0.8569430113
vt 0.364199996 0.5963469744
vt 0.4681330025 0.9253960252
vt 0.3334949911 0.638850987
vt 0.4326820076 0.9322779775
vt 0.4325369895 0.9283999801
vt 0.4351789951 0.9302179813
vt 0.3755420148 0.6704869866
vt 0.4529249966 0.768015027
vt 0.4521479905 0.7817140222
vt 0.4953100085 0.9183430076
vt 0.4924609959 0.9310700297
vt 0.4824619889 0.1596550047
vt 0.4850299954 0.1560370028
vt 0.4848690033 0.1629620045
vt 0.4417000115 0.8774020076
vt 0.3243219852 0.5952799916
vt 0.3228409886 0.59137398
vt 0.4865959883 0.8913519979
vt 0.4405420125 0.2910740077
vt 0.4420180023 0.3083420098
vt 0.4173330069 0.5792930126
vt 0.4243020117 0.577500999
vt 0.5034210086 0.771238029
vt 0.497664988 0.7857220173
vt 0.4912120104 0.1256120056
vt 0.4738560021 0.483761996
vt 0.4563539922 0.8774530292
vt 0.4518199861 0.881403029
vt 0.3539940119 0.672262013
vt 0.3608889878 0.6670489907
vt 0.4044840038 0.7830039859
vt 0.4690060019 0.2061839998
vt 0.4761140049 0.2124540061
vt 0.4706040025 0.2240909934
vt 0.4717929959 0.1286949962
vt 0.4730069935 0.1435970068
vt 0.4725350142 0.699630022
vt 0.4432339966 0.8126839995
vt 0.4125039876 0.6921960115
vt 0.4189450145 0.6893680096
vt 0.3383609951 0.6518340111
vt 0.3671379983 0.3395720124
vt 0.37292099 0.3429700136
vt 0.3674660027 0.3572260141
vt 0.4387379885 0.8232160211
vt 0.4385930002 0.8203020096
vt 0.4409419894 0.8207060099
vt 0.5006359816 0.7202309966
vt 0.4936760068 0.7241899967
vt 0.4988369942 0.7360709906
vt 0.3431349993 0.675557971
vt 0.4507170022 0.9304850101
vt 0.4434449971 0.9241369963
vt 0.4471560121 0.9234589934
vt 0.3492499888 0.611733973
vt 0.4429830015 0.8734740019
vt 0.4443410039 0.8763970137
vt 0.5171129704 0.8844109774
vt 0.5228549838 0.8909320235
vt 0.5176309943 0.8963230252
vt 0.4900400043 0.697634995
vt 0.3470659852 0.6358090043
vt 0.3452900052 0.6245200038
vt 0.475210011 0.185461998
vt 0.3961020112 0.4253070056
vt 0.456528008 0.1156079993
vt 0.3262000084 0.6778569818
vt 0.3270100057 0.6948770285
vt 0.4930349886 0.1540450007
vt 0.4903689921 0.1523980051
vt 0.483532995 0.7013149858
vt 0.4071570039 0.8821390271
vt 0.4047819972 0.884962976
vt 0.4045029879 0.8810899854
vt 0.4750919938 0.8942220211
vt 0.4781180024 0.8812929988
vt 0.4371550083 0.8542709947
vt 0.4349659979 0.8521819711
vt 0.3980459869 0.6130359769
vt 0.4918709993 0.7397189736
vt 0.484991014 0.7423459888
vt 0.4687730074 0.1606860012
vt 0.4854660034 0.6892870069
vt 0.4819090068 0.9377850294
vt 0.4301509857 0.8625079989
vt 0.5149430037 0.8522329926
vt 0.5098050237 0.8605509996
vt 0.5155580044 0.8688150048
vt 0.444103986 0.9273809791
vt 0.4435330033 0.923074007
vt 0.4496139884 0.3220320046
vt 0.4228320122 0.8965790272
vt 0.4195629954 0.8958489895
vt 0.4210990071 0.8928359747
vt 0.370698005 0.7557650208
vt 0.3764489889 0.7513759732
vt 0.3179830015 0.6739730239
vt 0.3102720082 0.670337975
vt 0.4972800016 0.5859270096
vt 0.5003139973 0.5831810236
vt 0.5058910251 0.5743449926
vt 0.4314439893 0.7633630037
vt 0.4326150119 0.7478809953
vt 0.4379259944 0.7583410144
vt 0.4712049961 0.6833069921
vt 0.4786910117 0.6888840199
vt 0.4165639877 0.9355120063
vt 0.4191519916 0.9361960292
vt 0.4174160063 0.9390310049
vt 0.4380480051 0.8829439878
vt 0.4378260076 0.8860849738
vt 0.4184379876 0.2174569964
vt 0.4433499873 0.4420900047
vt 0.436616987 0.4341959953
vt 0.4370830059 0.4525290132
vt 0.4499880075 0.1261740029
vt 0.363319993 0.6789299846
vt 0.5014749765 0.7128990293
vt 0.5056170225 0.7012289762
vt 0.4662060142 0.6954920292
vt 0.5011339784 0.7900969982
vt 0.4967559874 0.7781000137
vt 0.5017099977 0.7720400095
vt 0.3768790066 0.615489006
vt 0.5010129809 0.1165250018
vt 0.4973190129 0.1104160026
vt 0.3865849972 0.851944983
vt 0.4581750035 0.4880729914
vt 0.4621120095 0.4707249999
vt 0.4556010067 0.4738470018
vt 0.3464820087 0.5496169925
vt 0.3450579941 0.5657560229
vt 0.3378599882 0.4960030019
vt 0.3384659886 0.4992780089
vt 0.3359450102 0.4996140003
vt 0.3845050037 0.4481979907
vt 0.3790509999 0.4606850147
vt 0.3775539994 0.4427630007
vt 0.3850800097 0.7105699778
vt 0.3292860091 0.6143940091
vt 0.4702610075 0.7033100128
vt 0.4378409982 0.8609589934
vt 0.3706400096 0.4351010025
vt 0.3766129911 0.4248839915
vt 0.415109992 0.3627240062
vt 0.4133409858 0.3462179899
vt 0.3826859891 0.7176539898
vt 0.3426179886 0.5039219856
vt 0.340339005 0.5012859702
vt 0.4720489979 0.4355179965
vt 0.4671860039 0.4499709904
vt 0.4747999907 0.4531419873
vt 0.3675050139 0.4290769994
vt 0.3604170084 0.4291380048
vt 0.3631590009 0.4442279935
vt 0.4234000146 0.8941320181
vt 0.4304639995 0.7776269913
vt 0.4236170053 0.7687420249
vt 0.3419809937 0.4345400035
vt 0.3485809863 0.4392139912
vt 0.3469310105 0.4243089855
vt 0.4591670036 0.6150630116
vt 0.4224950075 0.8057820201
vt 0.4209899902 0.8160449862
vt 0.4178769886 0.8056330085
vt 0.466711998 0.5458649993
vt 0.4522260129 0.5461900234
vt 0.4539000094 0.530618012
vt 0.355080992 0.5682299733
vt 0.4204440117 0.8739939928
vt 0.4182940125 0.1952549964
vt 0.4184949994 0.2141219974
vt 0.4263939857 0.2031520009
vt 0.4109509885 0.9409419894
vt 0.4121359885 0.9379670024
vt 0.4130080044 0.9416210055
vt 0.3385620117 0.5314080119
vt 0.4696260095 0.899484992
vt 0.4720380008 0.9014829993
vt 0.3525539935 0.6363850236
vt 0.4478780031 0.8860319853
vt 0.4479089975 0.8815720081
vt 0.4421159923 0.7376189828
vt 0.4384920001 0.7459539771
vt 0.4362879992 0.7355229855
vt 0.45134601 0.7150099874
vt 0.446390003 0.7271900177
vt 0.360255003 0.6213120222
vt 0.436484009 0.7644799948
vt 0.4471459985 0.3513840139
vt 0.4498060048 0.3632279932
vt 0.4867349863 0.1049859971
vt 0.4850409925 0.1136830002
vt 0.4891529977 0.1151209995
vt 0.4446389973 0.1461669952
vt 0.4426560104 0.134010002
vt 0.4479829967 0.1347119957
vt 0.3634189963 0.5723410249
vt 0.3748979867 0.4345610142
vt 0.3768729866 0.4530119896
vt 0.3829559982 0.4422099888
vt 0.4231419861 0.6133990288
vt 0.500395 0.9113000035
vt 0.4657689929 0.1627350003
vt 0.4825969934 0.1775279939
vt 0.4590210021 0.1653739959
vt 0.5058860183 0.7320129871
vt 0.507790029 0.7155039907
vt 0.4053040147 0.8311139941
vt 0.4751270115 0.9091389775
vt 0.4746200144 0.9062880278
vt 0.4768890142 0.9072139859
vt 0.4047569931 0.3019520044
vt 0.3825869858 0.8533340096
vt 0.3570750058 0.8115400076
vt 0.3610509932 0.818780005
vt 0.4062060118 0.8071420193
vt 0.412319988 0.806039989
vt 0.4097869992 0.8182020187
vt 0.4151760042 0.8905770183
vt 0.4179649949 0.8885269761
vt 0.4315400124 0.8980249763
vt 0.4249359965 0.8504779935
vt 0.4276010096 0.849857986
vt 0.4268580079 0.8537510037
vt 0.4707089961 0.1945160031
vt 0.4401090145 0.1544030011
vt 0.4718790054 0.1744039953
vt 0.468475014 0.3134079874
vt 0.4644620121 0.3265450001
vt 0.4643410146 0.8911870122
vt 0.5145199895 0.9064480066
vt 0.5121899843 0.8944619894
vt 0.448255986 0.8841639757
vt 0.4439440072 0.3791950047
vt 0.4469400048 0.3943209946
vt 0.3483909965 0.728268981
vt 0.3420839906 0.7236199975
vt 0.3469119966 0.7137809992
vt 0.4178789854 0.5369889736
vt 0.4259079993 0.5338199735
vt 0.4679960012 0.7502959967
vt 0.4614180028 0.7479349971
vt 0.5213130116 0.9052820206
vt 0.3301819861 0.6071149707
vt 0.3993780017 0.5147169828
vt 0.394618988 0.5262309909
vt 0.4015580118 0.5298420191
vt 0.4307050109 0.5744640231
vt 0.4372929931 0.5712720156
vt 0.4635150135 0.2796950042
vt 0.4677709937 0.2610299885
vt 0.4283510149 0.7087200284
vt 0.4212929904 0.8408190012
vt 0.4163700044 0.8443400264
vt 0.4380300045 0.2976880074
vt 0.4321779907 0.2845390141
vt 0.437635988 0.275541991
vt 0.4670560062 0.5593019724
vt 0.4354430139 0.3987360001
vt 0.4415709972 0.4032579958
vt 0.4290229976 0.8823310137
vt 0.4845049977 0.1552339941
vt 0.4346159995 0.2763159871
vt 0.4267809987 0.2856679857
vt 0.4337750077 0.6007450223
vt 0.4393920004 0.6088749766
vt 0.4392809868 0.5917620063
vt 0.4753040075 0.7205780149
vt 0.4049620032 0.9142339826
vt 0.4073399901 0.9125440121
vt 0.4069359899 0.9158790112
vt 0.3350310028 0.5911030173
vt 0.5054399967 0.7962459922
vt 0.505802989 0.782795012
vt 0.4010359943 0.258547008
vt 0.3985159993 0.2719030082
vt 0.3937900066 0.2560099959
vt 0.4080489874 0.9186879992
vt 0.4049040079 0.9184060097
vt 0.4138579965 0.9346889853
vt 0.5037779808 0.6667270064
vt 0.3768860102 0.8558440208
vt 0.3708350062 0.8588039875
vt 0.4996370077 0.1534209996
vt 0.4967029989 0.1624079943
vt 0.4948279858 0.151797995
vt 0.4037150145 0.9039120078
vt 0.4060820043 0.9004750252
vt 0.3794409931 0.5347660184
vt 0.3775810003 0.5195890069
vt 0.3729310036 0.5303220153
vt 0.4427259862 0.3165870011
vt 0.4710080028 0.3736909926
vt 0.3919990063 0.8546879888
vt 0.4027830064 0.8701990247
vt 0.400059998 0.8711280227
vt 0.3307980001 0.5376420021
vt 0.3289420009 0.5395089984
vt 0.3282060027 0.5366230011
vt 0.4629339874 0.8740649819
vt 0.4640460014 0.7631750107
vt 0.481536001 0.8960630298
vt 0.4769459963 0.8894510269
vt 0.4714330137 0.1511539966
vt 0.4861930013 0.1820279956
vt 0.4682010114 0.5260090232
vt 0.4650410116 0.5401250124
vt 0.4719670117 0.5398290157
vt 0.4073539972 0.4573549926
vt 0.4159300029 0.463176012
vt 0.4948169887 0.8357560039
vt 0.4565980136 0.1578619927
vt 0.4621109962 0.1470669955
vt 0.4549059868 0.1382270008
vt 0.4936890006 0.1162519976
vt 0.4907439947 0.1182100028
vt 0.4911049902 0.114661999
vt 0.4400970042 0.7248129845
vt 0.4752930105 0.9184629917
vt 0.4784190059 0.9310240149
vt 0.4421539903 0.2238869965
vt 0.4489229918 0.2334299982
vt 0.4158790112 0.5080720186
vt 0.4204260111 0.5215610266
vt 0.4122680128 0.5240569711
vt 0.3467499912 0.7705919743
vt 0.3508040011 0.7798659801
vt 0.3525429964 0.7663750052
vt 0.3858099878 0.7796649933
vt 0.4974490106 0.1359799951
vt 0.4395489991 0.4673120081
vt 0.472330004 0.8759279847
vt 0.469058007 0.8887349963
vt 0.5019850135 0.663854003
vt 0.405546993 0.8904780149
vt 0.3272959888 0.5944780111
vt 0.3248629868 0.799431026
vt 0.517975986 0.1071380004
vt 0.5112550259 0.1046580002
vt 0.3319950104 0.6201099753
vt 0.4272820055 0.8940060139
vt 0.4107449949 0.706535995
vt 0.4163570106 0.7031189799
vt 0.4763459861 0.1175229996
vt 0.4773130119 0.1048410013
vt 0.4813910127 0.1130810007
vt 0.4952960014 0.7084739804
vt 0.3793199956 0.5498049855
vt 0.3748649955 0.5421490073
vt 0.3732630014 0.5548430085
vt 0.4409120083 0.9216529727
vt 0.3704670072 0.3979800045
vt 0.365613997 0.3893350065
vt 0.3713639975 0.3779760003
vt 0.3991599977 0.3102949858
vt 0.337341994 0.5116189718
vt 0.3396719992 0.5141969919
vt 0.3869749904 0.6058290005
vt 0.3829089999 0.6176400185
vt 0.5012879968 0.6708930135
vt 0.3700290024 0.4163030088
vt 0.3496580124 0.6623330116
vt 0.4331769943 0.1743340045
vt 0.4258489907 0.1833200008
vt 0.4338650107 0.1907050014
vt 0.4348810017 0.7004929781
vt 0.3909940124 0.8403210044
vt 0.4224190116 0.8883180022
vt 0.3803560138 0.6902419925
vt 0.3836550117 0.6985769868
vt 0.3868420124 0.6910240054
vt 0.388680011 0.700963974
vt 0.4864220023 0.1126530021
vt 0.4835489988 0.1117350012
vt 0.4852820039 0.1088619977
vt 0.338218987 0.587033987
vt 0.3362590075 0.5897650123
vt 0.4546389878 0.6265149713
vt 0.4030500054 0.6898570061
vt 0.3986929953 0.6968150139
vt 0.4345540106 0.8837180138
vt 0.4256420135 0.8145359755
vt 0.4290829897 0.8245530128
vt 0.4318769872 0.8130319715
vt 0.4818490148 0.403324008
vt 0.4740259945 0.5272049904
vt 0.472555995 0.5139549971
vt 0.4483680129 0.1182139963
vt 0.4241119921 0.897661984
vt 0.4811919928 0.1105820015
vt 0.4814729989 0.1143549979
vt 0.4303829968 0.9344030023
vt 0.4125480056 0.8885059953
vt 0.4311249852 0.568246007
vt 0.434969008 0.5576159954
vt 0.429215014 0.5530509949
vt 0.3429349959 0.5037059784
vt 0.3502260149 0.4963400066
vt 0.3424569964 0.4871810079
vt 0.3983829916 0.7578340173
vt 0.528414011 0.1296900064
vt 0.5241799951 0.1378840059
vt 0.5234209895 0.1246580034
vt 0.4333670139 0.1929319948
vt 0.3550109863 0.6268069744
vt 0.479993999 0.1593109965
vt 0.4759030044 0.148920998
vt 0.4807589948 0.1463309973
vt 0.4144029915 0.8611530066
vt 0.3544070125 0.8034570217
vt 0.3926280141 0.7607089877
vt 0.4173740149 0.8849149942
vt 0.4771269858 0.1854259968
vt 0.476406008 0.1791539937
vt 0.4801880121 0.1804949939
vt 0.4401040077 0.8844739795
vt 0.439936012 0.8884829879
vt 0.4336090088 0.8802390099
vt 0.4280909896 0.8801739812
vt 0.4456889927 0.887978971
vt 0.4441530108 0.8901879787
vt 0.4427770078 0.8868399858
vt 0.4060910046 0.8693900108
vt 0.4048100114 0.883185029
vt 0.4109660089 0.8768630028
vt 0.4232909977 0.8759729862
vt 0.4232839942 0.8797749877
vt 0.4204649925 0.878148973
vt 0.4064309895 0.9224810004
vt 0.4108990133 0.9342020154
vt 0.5029860139 0.8242400289
vt 0.5024539828 0.8080409765
vt 0.5083379745 0.8145779967
vt 0.3875690103 0.4815829992
vt 0.3835540116 0.4934439957
vt 0.3801549971 0.4795680046
vt 0.448747009 0.9254649878
vt 0.4625169933 0.9196709991
vt 0.446788013 0.9271609783
vt 0.3893480003 0.8373969793
vt 0.4365310073 0.1831919998
vt 0.4044849873 0.9266710281
vt 0.4080710113 0.9263110161
vt 0.425462991 0.8983730078
vt 0.4232249856 0.8946530223
vt 0.4256849885 0.8944339752
vt 0.3561080098 0.4223139882
vt 0.3535569906 0.4033190012
vt 0.3627260029 0.4064739943
vt 0.3728449941 0.8715080023
vt 0.3754610121 0.8704320192
vt 0.4111559987 0.9305189848
vt 0.4043799937 0.8963599801
vt 0.4074040055 0.8965870142
vt 0.41722399 0.8784580231
vt 0.4153600037 0.8821849823
vt 0.4143719971 0.8778719902
vt 0.3243719935 0.6743119955
vt 0.3240349889 0.6872940063
vt 0.3188500106 0.6784949899
vt 0.4223760068 0.8895379901
vt 0.424138993 0.8864579797
vt 0.4250819981 0.8906120062
vt 0.4675740004 0.9018679857
vt 0.4698339999 0.9034019709
vt 0.4695000052 0.9261590242
vt 0.4744040072 0.9158719778
vt 0.3236379921 0.554355979
vt 0.4106140137 0.8908780217
vt 0.4222019911 0.8982009888
vt 0.4702549875 0.4682259858
vt 0.4650200009 0.4502390027
vt 0.3777590096 0.2941859961
vt 0.3734590113 0.3102490008
vt 0.4486370087 0.9287880063
vt 0.446213007 0.9302470088
vt 0.2995240092 0.6858919859
vt 0.2962140143 0.6851189733
vt 0.2978219986 0.6817759871
vt 0.404783994 0.9305809736
vt 0.4185959995 0.881896019
vt 0.4594449997 0.754603982
vt 0.4564769864 0.7428879738
vt 0.4542979896 0.7553189993
vt 0.4622739851 0.4034779966
vt 0.4075190127 0.8859919906
vt 0.410228014 0.887157023
vt 0.5105890036 0.8805620074
vt 0.4154079854 0.542937994
vt 0.4082889855 0.5364410281
vt 0.3864560127 0.7853860259
vt 0.3812740147 0.7860699892
vt 0.4772369862 0.9002839923
vt 0.4760810137 0.9037160277
vt 0.4271659851 0.7551069856
vt 0.3914920092 0.8931959867
vt 0.39823699 0.8885599971
vt 0.338259995 0.4544920027
vt 0.3397819996 0.4460250139
vt 0.3327000141 0.4568099976
vt 0.484777987 0.5640220046
vt 0.4789009988 0.5738369823
vt 0.3418279886 0.7807170153
vt 0.3430820107 0.7957350016
vt 0.337105006 0.7907289863
vt 0.4502980113 0.1325400025
vt 0.4488550127 0.129192993
vt 0.4361430109 0.4153009951
vt 0.4736840129 0.1783480048
vt 0.4738979936 0.1834180057
vt 0.4711560011 0.1805489957
vt 0.453797996 0.1132839993
vt 0.4511860013 0.1157459989
vt 0.4128020108 0.6023719907
vt 0.3385660052 0.5737349987
vt 0.4917509854 0.8499730229
vt 0.4890460074 0.8402500153
vt 0.4824939966 0.6456210017
vt 0.4397349954 0.5398129821
vt 0.4384770095 0.5554810166
vt 0.3967060149 0.7709209919
vt 0.4474639893 0.3679080009
vt 0.4119870067 0.3872610033
vt 0.4166840017 0.3789260089
vt 0.4947409928 0.1585689932
vt 0.4931440055 0.1652240008
vt 0.4038259983 0.3940269947
vt 0.3822470009 0.3829349875
vt 0.4103139937 0.3734650016
vt 0.4465160072 0.8953809738
vt 0.4440850019 0.8934620023
vt 0.3646219969 0.4450640082
vt 0.3636749983 0.4272899926
vt 0.3857240081 0.3719199896
vt 0.3823780119 0.3602859974
vt 0.3893440068 0.3587090075
vt 0.3796029985 0.3751910031
vt 0.4856320024 0.1953639984
vt 0.4875380099 0.2012850046
vt 0.4847570062 0.2015019953
vt 0.436477989 0.3766520023
vt 0.4312779903 0.3902490139
vt 0.4289230108 0.373014003
vt 0.4629639983 0.1992720068
vt 0.4656920135 0.1948550045
vt 0.4661059976 0.2013829947
vt 0.4553799927 0.3816989958
vt 0.4626440108 0.3725250065
vt 0.4331310093 0.9022060037
vt 0.4700210094 0.3641200066
vt 0.476018995 0.3760829866
vt 0.4721620083 0.3775739968
vt 0.4699569941 0.3952519894
vt 0.4689559937 0.3835310042
vt 0.3665010035 0.388722986
vt 0.3668360114 0.3756949902
vt 0.340654999 0.5376570225
vt 0.4537850022 0.3537989855
vt 0.3499970138 0.3796330094
vt 0.3530960083 0.3626050055
vt 0.4201189876 0.7612180114
vt 0.4155519903 0.7577210069
vt 0.4431880116 0.3350110054
vt 0.3750360012 0.5179889798
vt 0.3703010082 0.501774013
vt 0.424793005 0.3428840041
vt 0.4320960045 0.3479549885
vt 0.4304629862 0.3330599964
vt 0.3425660133 0.5082759857
vt 0.3423790038 0.5126529932
vt 0.4380120039 0.8402929902
vt 0.4370059967 0.8368549943
vt 0.4394679964 0.8375359774
vt 0.3754859865 0.3600359857
vt 0.3947449923 0.4854750037
vt 0.3892669976 0.4968400002
vt 0.4268980026 0.4485439956
vt 0.4810650051 0.06434699893
vt 0.477373004 0.05170699954
vt 0.326700002 0.5964609981
vt 0.4823740125 0.1844740063
vt 0.4851070046 0.1834450066
vt 0.4836080074 0.1890790015
vt 0.3868399858 0.5805519819
vt 0.3851329982 0.5947160125
vt 0.4058229923 0.3850739896
vt 0.3985640109 0.3807890117
vt 0.4036050141 0.3688910007
vt 0.3678410053 0.7983679771
vt 0.481238991 0.1671420038
vt 0.4834400117 0.1703480035
vt 0.4800060093 0.1709659994
vt 0.4093759954 0.4025329947
vt 0.3761509955 0.7000240088
vt 0.4732820094 0.2189670056
vt 0.4710099995 0.2218350023
vt 0.4700680077 0.2169390023
vt 0.4489459991 0.8276209831
vt 0.4452970028 0.7047160268
vt 0.4476299882 0.6900039911
vt 0.439756006 0.6929209828
vt 0.3708319962 0.3859719932
vt 0.3732340038 0.3711220026
vt 0.4367029965 0.3317489922
vt 0.4443430007 0.3361130059
vt 0.3868210018 0.7656570077
vt 0.3817049861 0.7576959729
vt 0.4330939949 0.7005310059
vt 0.3767090142 0.3859730065
vt 0.4007160068 0.3976939917
vt 0.4023500085 0.4148359895
vt 0.3948070109 0.4095929861
vt 0.337368995 0.5607900023
vt 0.3395119905 0.5585680008
vt 0.3402090073 0.5628029704
vt 0.3503139913 0.5228139758
vt 0.3460879922 0.5119299889
vt 0.414756 0.90169698
vt 0.4165990055 0.8996729851
vt 0.3277870119 0.5838680267
vt 0.3295220137 0.5865849853
vt 0.4557560086 0.1295250058
vt 0.3327510059 0.5650190115
vt 0.3304809928 0.5672749877
vt 0.3470520079 0.3962709904
vt 0.3508050144 0.4113439918
vt 0.4122200012 0.880662024
vt 0.4117000103 0.8767430186
vt 0.4257810116 0.8469020128
vt 0.4249039888 0.8262640238
vt 0.4226669967 0.8379259706
vt 0.4191049933 0.82763201
vt 0.4802690148 0.1877730042
vt 0.447420001 0.8973090053
vt 0.359010011 0.5587279797
vt 0.4231010079 0.8697299957
vt 0.3841409981 0.8400170207
vt 0.3787620068 0.8420370221
vt 0.4451870024 0.5843709707
vt 0.4394280016 0.5715050101
vt 0.4854440093 0.7488930225
vt 0.5015419722 0.7496610284
vt 0.4955160022 0.7709789872
vt 0.4865260124 0.7070819736
vt 0.4529269934 0.5357220173
vt 0.4587880075 0.5416820049
vt 0.4599539936 0.5252230167
vt 0.3680799901 0.5428749919
vt 0.3612790108 0.5479009748
vt 0.3205940127 0.6624180079
vt 0.4253700078 0.8501110077
vt 0.4300169945 0.8551229835
vt 0.418738991 0.9113169909
vt 0.4620530009 0.1924059987
vt 0.4653980136 0.1881559938
vt 0.4659979939 0.4744769931
vt 0.3825410008 0.6868299842
vt 0.341764003 0.5167930126
vt 0.4416869879 0.8456400037
vt 0.4423809946 0.8503620028
vt 0.4415259957 0.8657180071
vt 0.3338139951 0.5891569853
vt 0.4980269969 0.6020449996
vt 0.4916869998 0.5944870114
vt 0.4500910044 0.8885650039
vt 0.4521130025 0.8872600198
vt 0.4523740113 0.8906549811
vt 0.4768899977 0.5549319983
vt 0.5007280111 0.05935399979
vt 0.5012199879 0.05573799834
vt 0.4413200021 0.935683012
vt 0.4385440052 0.9351300001
vt 0.3392669857 0.6216989756
vt 0.3366839886 0.6208509803
vt 0.3386330009 0.618317008
vt 0.4722160101 0.8616600037
vt 0.4671190083 0.8577569723
vt 0.4206190109 0.892121017
vt 0.422852993 0.8927170038
vt 0.4234330058 0.3986710012
vt 0.5103430152 0.8760280013
vt 0.3447810113 0.8110659719
vt 0.3391059935 0.8175960183
vt 0.3383949995 0.804930985
vt 0.476846993 0.8534160256
vt 0.4773269892 0.866764009
vt 0.3914420009 0.7519270182
vt 0.4885520041 0.6355839968
vt 0.4344420135 0.8449550271
vt 0.4347290099 0.8485900164
vt 0.4323160052 0.8467530012
vt 0.4192860126 0.859416008
vt 0.3590619862 0.7367410064
vt 0.4807550013 0.09292999655
vt 0.4752700031 0.09807900339
vt 0.479647994 0.1083130017
vt 0.4739300013 0.9034280181
vt 0.448089987 0.7415909767
vt 0.5037819743 0.7472630143
vt 0.4862549901 0.1228879988
vt 0.4829230011 0.1284990013
vt 0.4186039865 0.8551260233
vt 0.4165639877 0.8585519791
vt 0.483927995 0.2099159956
vt 0.3874520063 0.8150140047
vt 0.3933899999 0.8114799857
vt 0.391189009 0.8245310187
vt 0.4665980041 0.2632229924
vt 0.4637300074 0.2745049894
vt 0.4857909977 0.2057510018
vt 0.4860320091 0.1719249934
vt 0.4844520092 0.1745280027
vt 0.3937290013 0.8979700208
vt 0.357506007 0.8447939754
vt 0.3620490134 0.8383439779
vt 0.4462629855 0.5617780089
vt 0.4469690025 0.5452589989
vt 0.4937140048 0.07143499702
vt 0.4575070143 0.0964659974
vt 0.4835860133 0.179181993
vt 0.4832139909 0.1846449971
vt 0.3462069929 0.7000709772
vt 0.3662230074 0.8186290264
vt 0.369423002 0.8080409765
vt 0.4320909977 0.9092289805
vt 0.4336920083 0.9126600027
vt 0.3685590029 0.4503600001
vt 0.5074099898 0.7825530171
vt 0.5136290193 0.7787939906
vt 0.4366270006 0.497164011
vt 0.4201369882 0.8474079967
vt 0.4168550074 0.8393149972
vt 0.4173539877 0.8674029708
vt 0.3861379921 0.5258250237
vt 0.3911150098 0.5108230114
vt 0.4338890016 0.3149240017
vt 0.4816209972 0.1067240015
vt 0.4102140069 0.2076610029
vt 0.4113560021 0.2258269936
vt 0.4045119882 0.2197369933
vt 0.4360150099 0.8464279771
vt 0.4008719921 0.7012220025
vt 0.3931010067 0.3930929899
vt 0.4959000051 0.7293419838
vt 0.4898180068 0.7345600128
vt 0.4910770059 0.7184000015
vt 0.4057599902 0.8402929902
vt 0.4021539986 0.847112
vt 0.4756189883 0.7939779758
vt 0.4810949862 0.7850829959
vt 0.4815399945 0.80063802
vt 0.4051789939 0.9104440212
vt 0.3200120032 0.6903899908
vt 0.4572870135 0.2913129926
vt 0.4536249936 0.2763670087
vt 0.4812990129 0.1061529964
vt 0.4817509949 0.1186409965
vt 0.3514890075 0.7050300241
vt 0.421310991 0.857863009
vt 0.4768869877 0.1698720008
vt 0.4825879931 0.1759019941
vt 0.456358999 0.7076359987
vt 0.3126780093 0.6866149902
vt 0.4971469939 0.7138479948
vt 0.4551970065 0.477214992
vt 0.4603970051 0.4658679962
vt 0.470656991 0.4874170125
vt 0.502417028 0.7037640214
vt 0.5046070218 0.6856120229
vt 0.4280880094 0.9125990272
vt 0.4291180074 0.9094780087
vt 0.4642949998 0.7076240182
vt 0.4947400093 0.863887012
vt 0.4557609856 0.420720011
vt 0.4485689998 0.4119240046
vt 0.4494830072 0.4314610064
vt 0.43917799 0.8764569759
vt 0.4314120114 0.7121289968
vt 0.4285640121 0.7003229856
vt 0.4124290049 0.697676003
vt 0.4328680038 0.3000859916
vt 0.3525719941 0.7777680159
vt 0.4618239999 0.857352972
vt 0.4646210074 0.8429309726
vt 0.4125240147 0.904080987
vt 0.468611002 0.1524540037
vt 0.4521400034 0.1406359971
vt 0.4277499914 0.501546979
vt 0.4186339974 0.4970900118
vt 0.3795529902 0.5750570297
vt 0.4429959953 0.585334003
vt 0.4266079962 0.3574509919
vt 0.4084829986 0.3575319946
vt 0.478895992 0.4353879988
vt 0.3821949959 0.4282549918
vt 0.3780519962 0.4159959853
vt 0.4182589948 0.3345499933
vt 0.4232090116 0.3225800097
vt 0.4123789966 0.7694039941
vt 0.4133259952 0.7821170092
vt 0.3535749912 0.4269320071
vt 0.487560004 0.930284977
vt 0.3286499977 0.7142120004
vt 0.3356109858 0.7195749879
vt 0.3311600089 0.7304670215
vt 0.5045819879 0.6600819826
vt 0.4713889956 0.847661972
vt 0.4426110089 0.4230160117
vt 0.4291540086 0.1807830036
vt 0.4392580092 0.1894080043
vt 0.4329920113 0.1970770061
vt 0.4589680135 0.8685089946
vt 0.3995589912 0.2898750007
vt 0.3961099982 0.2826740146
vt 0.4001429975 0.2806499898
vt 0.4120430052 0.8635510206
vt 0.4098429978 0.8670129776
vt 0.4566909969 0.7225819826
vt 0.3142470121 0.654211998
vt 0.382348001 0.4154359996
vt 0.3876470029 0.4051370025
vt 0.338259995 0.5321120024
vt 0.331618011 0.5340790153
vt 0.4540260136 0.7732999921
vt 0.4681999981 0.775503993
vt 0.4627439976 0.7962530255
vt 0.4860079885 0.3559559882
vt 0.3530940115 0.7181800008
vt 0.3599050045 0.7222520113
vt 0.4214870036 0.8600800037
vt 0.4235320091 0.8589410186
vt 0.4098879993 0.5401970148
vt 0.3355650008 0.6936110258
vt 0.329275012 0.6972609758
vt 0.400011003 0.8747640252
vt 0.4470190108 0.884962976
vt 0.4282740057 0.1714390069
vt 0.3270219862 0.6175299883
vt 0.3741390109 0.8677780032
vt 0.445870012 0.867513001
vt 0.4471780062 0.8707939982
vt 0.441215992 0.5059080124
vt 0.4356580079 0.5002520084
vt 0.4008069932 0.2532159984
vt 0.4022090137 0.2602150142
vt 0.4338400066 0.2330459952
vt 0.4262680113 0.2228769958
vt 0.4852110147 0.8730840087
vt 0.5122370124 0.9330149889
vt 0.5097630024 0.9186300039
vt 0.5173230171 0.9196439981
vt 0.3323059976 0.612203002
vt 0.3321810067 0.6086329818
vt 0.4222329855 0.8506439924
vt 0.4237470031 0.8545479774
vt 0.4491629899 0.6853619814
vt 0.4795239866 0.7133280039
vt 0.4819920063 0.1235539988
vt 0.4792309999 0.1216069981
vt 0.3215160072 0.5874829888
vt 0.4769769907 0.09734600037
vt 0.444494009 0.2762239873
vt 0.4741170108 0.581230998
vt 0.4440560043 0.7134870291
vt 0.3604649901 0.7151039839
vt 0.3986769915 0.4562250078
vt 0.400940001 0.473033011
vt 0.3930349946 0.4690110087
vt 0.444137007 0.2644540071
vt 0.4370520115 0.2551510036
vt 0.4439179897 0.2437230051
vt 0.4968949854 0.1235089973
vt 0.4415740073 0.1602759957
vt 0.4440070093 0.1625639945
vt 0.4420759976 0.1647530049
vt 0.4834530056 0.1487720013
vt 0.5047640204 0.1543300003
vt 0.4792770147 0.142009005
vt 0.4884360135 0.8281800151
vt 0.4868510067 0.8131030202
vt 0.4821000099 0.8246949911
vt 0.4567860067 0.458923012
vt 0.4848819971 0.7241439819
vt 0.3671630025 0.6937770247
vt 0.3709520102 0.6812660098
vt 0.4483090043 0.8675670028
vt 0.3644300103 0.6811019778
vt 0.3579100072 0.6826429963
vt 0.4423519969 0.8883410096
vt 0.4482040107 0.8880550265
vt 0.439895004 0.8726040125
vt 0.3171530068 0.7144889832
vt 0.3214929998 0.7053769827
vt 0.4613969922 0.197657004
vt 0.3994340003 0.8740490079
vt 0.402135998 0.8753589988
vt 0.3999339938 0.878147006
vt 0.347070992 0.5896149874
vt 0.4730690122 0.5786049962
vt 0.4817639887 0.1646980047
vt 0.4843890071 0.1689199954
vt 0.436443001 0.865474999
vt 0.4347220063 0.8618680239
vt 0.394344002 0.5250869989
vt 0.3891159892 0.5365819931
vt 0.3878819942 0.522480011
vt 0.4074560106 0.5095210075
vt 0.4027700126 0.492606014
vt 0.4782859981 0.4683429897
vt 0.474375993 0.4514400065
vt 0.3703350127 0.3308649957
vt 0.4394280016 0.8925619721
vt 0.4420039952 0.8910850286
vt 0.3403320014 0.5845159888
vt 0.3637889922 0.6364030242
vt 0.357780993 0.6359990239
vt 0.3666610122 0.8480589986
vt 0.3646109998 0.8623639941
vt 0.3609150052 0.8523089886
vt 0.4776749909 0.4345020056
vt 0.4731329978 0.4476769865
vt 0.4706299901 0.4301190078
vt 0.3352659941 0.5915960073
vt 0.3280600011 0.5784530044
vt 0.4268299937 0.2292540073
vt 0.4882029891 0.1084659994
vt 0.4795559943 0.1627289951
vt 0.4765950143 0.1675769985
vt 0.3518890142 0.4460459948
vt 0.3541879952 0.4629339874
vt 0.3600090146 0.448740989
vt 0.3996550143 0.2425139993
vt 0.3955120146 0.2271409929
vt 0.3918370008 0.2448219955
vt 0.4537189901 0.8883889914
vt 0.4098179936 0.9107869864
vt 0.4991590083 0.6131799817
vt 0.4942269921 0.6256049871
vt 0.4965780079 0.8031229973
vt 0.4942519963 0.7897210121
vt 0.445905 0.4763379991
vt 0.3478069901 0.5343689919
vt 0.3993020058 0.7162500024
vt 0.4464659989 0.3536109924
vt 0.4454729855 0.7884569764
vt 0.4095489979 0.4763430059
vt 0.4837220013 0.8833580017
vt 0.3683989942 0.790988028
vt 0.3725439906 0.8017399907
vt 0.4171800017 0.3360889852
vt 0.4101060033 0.3334720135
vt 0.4415769875 0.8274120092
vt 0.3246549964 0.7276250124
vt 0.3704479933 0.8162530065
vt 0.3684279919 0.8326950073
vt 0.5301340222 0.1418109983
vt 0.5187839866 0.9168480039
vt 0.4496850073 0.67563802
vt 0.4179970026 0.235108003
vt 0.4470070004 0.5344060063
vt 0.4488359988 0.5149869919
vt 0.4575259984 0.1073540002
vt 0.4926699996 0.07534199953
vt 0.4329850078 0.5842970014
vt 0.4022780061 0.2250220031
vt 0.4510749876 0.5750409961
vt 0.4439179897 0.4916099906
vt 0.4507839978 0.4993590117
vt 0.4581210017 0.5064100027
vt 0.3126780093 0.7589570284
vt 0.3186770082 0.7585250139
vt 0.3150739968 0.7715629935
vt 0.3380250037 0.5650539994
vt 0.4671910107 0.8978329897
vt 0.4692279994 0.8952419758
vt 0.3771950006 0.3443570137
vt 0.383314997 0.3497959971
vt 0.381099999 0.3367600143
vt 0.481889993 0.07726400346
vt 0.480208993 0.144167006
vt 0.4729140103 0.1178089976
vt 0.3180019855 0.7077550292
vt 0.3226630092 0.7148420215
vt 0.4996879995 0.07086200267
vt 0.416839987 0.8515149951
vt 0.4153159857 0.8484910131
vt 0.4179260135 0.8478720188
vt 0.4232490063 0.4836420119
vt 0.3865199983 0.33692801
vt 0.3908739984 0.352384001
vt 0.4173339903 0.6576460004
vt 0.3392210007 0.459758997
vt 0.3417820036 0.4433720112
vt 0.4280050099 0.5184509754
vt 0.4336209893 0.5292339921
vt 0.443524003 0.3273299932
vt 0.4358339906 0.3208900094
vt 0.4837070107 0.782581985
vt 0.489989996 0.7741180062
vt 0.4971880019 0.1254290044
vt 0.3685570061 0.7678359747
vt 0.3648329973 0.7587940097
vt 0.3625139892 0.7714040279
vt 0.3306710124 0.5411840081
vt 0.4342829883 0.8533890247
vt 0.4425390065 0.9238600135
vt 0.4468030035 0.5316519737
vt 0.4344030023 0.8359069824
vt 0.4353820086 0.8393840194
vt 0.432595998 0.8389019966
vt 0.4396429956 0.9011600018
vt 0.4030559957 0.5281069875
vt 0.3961789906 0.540898025
vt 0.3637439907 0.7072550058
vt 0.3125829995 0.6853650212
vt 0.3181610107 0.6931409836
vt 0.3124659956 0.7005500197
vt 0.4410189986 0.8410279751
vt 0.4436340034 0.8389409781
vt 0.4439300001 0.8427990079
vt 0.3615080118 0.7013620138
vt 0.4830319881 0.1088100001
vt 0.4575560093 0.7187889814
vt 0.4353660047 0.7867509723
vt 0.4829890132 0.8829180002
vt 0.4782080054 0.8795670271
vt 0.4834679961 0.8611270189
vt 0.4160270095 0.9284110069
vt 0.4737690091 0.711706996
vt 0.4685220122 0.717384994
vt 0.4838539958 0.5429069996
vt 0.3365010023 0.5934470296
vt 0.3347109854 0.5920240283
vt 0.4386020005 0.1613699943
vt 0.4870150089 0.1504870057
vt 0.4886080027 0.1156449988
vt 0.3542079926 0.7154589891
vt 0.4508149922 0.7441470027
vt 0.448834002 0.7579089999
vt 0.4631130099 0.8960279822
vt 0.4670340121 0.8258870244
vt 0.4630300105 0.8322589993
vt 0.5018870234 0.7248939872
vt 0.5032740235 0.7109220028
vt 0.506904006 0.7209960222
vt 0.330076009 0.5934770107
vt 0.3284980059 0.5904440284
vt 0.331178993 0.5895730257
vt 0.4888519943 0.7505859733
vt 0.4827030003 0.7558540106
vt 0.4837400019 0.7405059934
vt 0.3402340114 0.7070739865
vt 0.3338319957 0.7066140175
vt 0.4368999898 0.9261299968
vt 0.5061920285 0.6971570253
vt 0.3941780031 0.3029870093
vt 0.4897759855 0.1118109971
vt 0.4596120119 0.6944710016
vt 0.464064002 0.7154110074
vt 0.451270014 0.7101349831
vt 0.3219119906 0.7714840174
vt 0.3242549896 0.7856450081
vt 0.3174290061 0.7852240205
vt 0.3442029953 0.4744229913
vt 0.3973740041 0.3596889973
vt 0.4622280002 0.7212899923
vt 0.4376290143 0.7125300169
vt 0.4581179917 0.7106969953
vt 0.4502120018 0.5926120281
vt 0.4565489888 0.598164022
vt 0.3398199975 0.7017279863
vt 0.3374379873 0.5291330218
vt 0.332641989 0.592607975
vt 0.3737039864 0.8791360259
vt 0.4366100132 0.8727719784
vt 0.3335359991 0.7589179873
vt 0.3285810053 0.7500230074
vt 0.3268119991 0.768535018
vt 0.4753029943 0.867528975
vt 0.4364129901 0.6659129858
vt 0.4816789925 0.1541330069
vt 0.3954060078 0.4994649887
vt 0.4133140147 0.8683260083
vt 0.3967069983 0.7070059776
vt 0.4942289889 0.8717139959
vt 0.4949690104 0.8853690028
vt 0.4998849928 0.8771569729
vt 0.4164659977 0.4321300089
vt 0.4223900139 0.4176209867
vt 0.4028930068 0.5588889718
vt 0.4223139882 0.7012839913
vt 0.3590840101 0.498593986
vt 0.3563219905 0.4809240103
vt 0.4802480042 0.1371250004
vt 0.4840329885 0.1442430019
vt 0.4624339938 0.2022999972
vt 0.4592159986 0.1856449991
vt 0.4644320011 0.1871580034
vt 0.4706720114 0.7881789804
vt 0.4700829983 0.8008310199
vt 0.5035269856 0.6868690252
vt 0.4502040148 0.45016101
vt 0.4154230058 0.7942489982
vt 0.4192050099 0.7829489708
vt 0.3717559874 0.8414670229
vt 0.3747619987 0.8529210091
vt 0.4200040102 0.6363000274
vt 0.4571729898 0.1121620014
vt 0.4603500068 0.113342002
vt 0.4585030079 0.1156520024
vt 0.4281040132 0.8604789972
vt 0.4094260037 0.2950479984
vt 0.4590829909 0.8536980152
vt 0.4638940096 0.8455200195
vt 0.4652070105 0.8604360223
vt 0.3449540138 0.7838690281
vt 0.4069510102 0.299308002
vt 0.404083997 0.3115989864
vt 0.4004400074 0.3009549975
vt 0.4347940087 0.9262740016
vt 0.4226289988 0.9225839972
vt 0.4778780043 0.7469570041
vt 0.4787229896 0.7315070033
vt 0.3725860119 0.3541780114
vt 0.474409014 0.484243989
vt 0.4819970131 0.484544009
vt 0.4410099983 0.537405014
vt 0.4885070026 0.8631759882
vt 0.494246006 0.8600609899
vt 0.3224669993 0.6050410271
vt 0.3228189945 0.6002089977
vt 0.4827510118 0.754110992
vt 0.4285599887 0.8031979799
vt 0.4225910008 0.8045079708
vt 0.3857330084 0.8274059892
vt 0.4099459946 0.2988280058
vt 0.4232420027 0.1677979976
vt 0.3431549966 0.826620996
vt 0.356765002 0.702598989
vt 0.514868021 0.8368880153
vt 0.514259994 0.8208280206
vt 0.5203310251 0.8262469769
vt 0.4155929983 0.8170650005
vt 0.4687039852 0.8147770166
vt 0.4019770026 0.7056220174
vt 0.4056189954 0.7166609764
vt 0.4072600007 0.7020739913
vt 0.4343349934 0.9385780096
vt 0.4327149987 0.9357429743
vt 0.43542099 0.9346110225
vt 0.3890500069 0.420547992
vt 0.5044559836 0.9306550026
vt 0.4803340137 0.7310940027
vt 0.4362039864 0.8433179855
vt 0.4391439855 0.7978230119
vt 0.4454300106 0.7981929779
vt 0.4535779953 0.7306889892
vt 0.461097002 0.9105790257
vt 0.313609004 0.6697400212
vt 0.5007709861 0.5815479755
vt 0.4178699851 0.2834970057
vt 0.3855940104 0.6292120218
vt 0.4304969907 0.7208899856
vt 0.3770120144 0.6832050085
vt 0.4276329875 0.8376629949
vt 0.4256989956 0.840790987
vt 0.392919004 0.607329011
vt 0.3771399856 0.8205379844
vt 0.3718340099 0.8193100095
vt 0.4891450107 0.8628659844
vt 0.4450600147 0.7449610233
vt 0.4448190033 0.7238579988
vt 0.4554010034 0.7307749987
vt 0.3317700028 0.5963519812
vt 0.3823649883 0.3245910108
vt 0.3757149875 0.3280630112
vt 0.3784970045 0.3602600098
vt 0.3592669964 0.8436229825
vt 0.3628720045 0.8300880194
vt 0.4317139983 0.8348280191
vt 0.4335789979 0.8321130276
vt 0.4075399935 0.8509910107
vt 0.4751209915 0.08459000289
vt 0.4758259952 0.1027719975
vt 0.4689970016 0.5543199778
vt 0.3906820118 0.6236780286
vt 0.4843640029 0.8288639784
vt 0.4805819988 0.8411570191
vt 0.4781630039 0.8271039724
vt 0.4783459902 0.1942089945
vt 0.4090130031 0.5877360106
vt 0.3270420134 0.7407310009
vt 0.4299570024 0.299654007
vt 0.4412049949 0.9254549742
vt 0.3727459908 0.8599650264
vt 0.3757709861 0.8575969934
vt 0.3749470115 0.8615819812
vt 0.4595069885 0.1377429962
vt 0.4553360045 0.1389909983
vt 0.4210380018 0.888184011
vt 0.4295940101 0.8383479714
vt 0.4253439903 0.8488659859
vt 0.4002600014 0.7875980139
vt 0.4454649985 0.5730550289
vt 0.3386999965 0.5911459923
vt 0.4780719876 0.08104500175
vt 0.4811129868 0.07766100019
vt 0.4944429994 0.1594710052
vt 0.4998350143 0.1616899967
vt 0.4609450102 0.1370189935
vt 0.4280970097 0.8847010136
vt 0.4255810082 0.8816869855
vt 0.4634279907 0.9031329751
vt 0.4657540023 0.9046180248
vt 0.4637500048 0.9073280096
vt 0.4763480127 0.190723002
vt 0.3388519883 0.5724070072
vt 0.3915120065 0.3762089908
vt 0.3852970004 0.3880949914
vt 0.4235169888 0.8827250004
vt 0.437846005 0.8690450191
vt 0.3279460073 0.6640049815
vt 0.3520089984 0.6847890019
vt 0.3790700138 0.3740920126
vt 0.4474749863 0.9145519733
vt 0.4470790029 0.9108899832
vt 0.408461988 0.6897799969
vt 0.4822460115 0.2001149952
vt 0.481359005 0.1945800036
vt 0.3455680013 0.4045999944
vt 0.348224014 0.3918470144
vt 0.3885770142 0.8941509724
vt 0.4683670104 0.1836619973
vt 0.4647299945 0.1811680049
vt 0.3199549913 0.7989060283
vt 0.3129679859 0.798691988
vt 0.3431900144 0.8102239966
vt 0.4763909876 0.1368750036
vt 0.3300450146 0.5831519961
vt 0.4904699922 0.1283770055
vt 0.4472729862 0.132547006
vt 0.4458369911 0.1294309944
vt 0.4389469922 0.8654549718
vt 0.4399909973 0.8685950041
vt 0.4181219935 0.4499990046
vt 0.3635199964 0.3751510084
vt 0.3297689855 0.7867839932
vt 0.3222160041 0.7844489813
vt 0.3962010145 0.2879059911
vt 0.5213609934 0.9020699859
vt 0.4567770064 0.4402199984
vt 0.3846159875 0.7931600213
vt 0.3891679943 0.8018850088
vt 0.4137389958 0.7998980284
vt 0.4177339971 0.8054440022
vt 0.4190649986 0.7956669927
vt 0.4709259868 0.1230949983
vt 0.4647819996 0.1309179962
vt 0.4650020003 0.7547540069
vt 0.4617460072 0.7668930292
vt 0.3403120041 0.497262001
vt 0.3692980111 0.5427920222
vt 0.3622649908 0.5433769822
vt 0.5129439831 0.8186230063
vt 0.4114109874 0.2046959996
vt 0.4391489923 0.4519459903
vt 0.4489809871 0.2957229912
vt 0.4477230012 0.3087550104
vt 0.3602119982 0.3596889973
vt 0.4625769854 0.186243996
vt 0.4632250071 0.4233950078
vt 0.465436995 0.442407012
vt 0.3503090143 0.6947140098
vt 0.450428009 0.3355500102
vt 0.5052099824 0.8837659955
vt 0.399206996 0.7206360102
vt 0.3904840052 0.7915959954
vt 0.4773600101 0.8378480077
vt 0.4217480123 0.8369169831
vt 0.4228180051 0.8334259987
vt 0.4245089889 0.8368960023
vt 0.428730011 0.8568699956
vt 0.3966520131 0.3640449941
vt 0.4766510129 0.5403749943
vt 0.4819740057 0.5494999886
vt 0.4295780063 0.742964983
vt 0.4330979884 0.7325710058
vt 0.3316690028 0.5805829763
vt 0.4785349965 0.7458760142
vt 0.4694570005 0.4130870104
vt 0.4749520123 0.4208520055
vt 0.4901239872 0.1225679964
vt 0.4878500104 0.1198019981
vt 0.4784759879 0.09437700361
vt 0.4757600129 0.08309099823
vt 0.4736660123 0.09415200353
vt 0.4479170144 0.3915989995
vt 0.4747549891 0.7772859931
vt 0.4675520062 0.7771099806
vt 0.4706020057 0.76384902
vt 0.4767419994 0.1712779999
vt 0.4417439997 0.9008439779
vt 0.3995789886 0.2721480131
vt 0.5122399926 0.802775979
vt 0.5188840032 0.8094210029
vt 0.5184720159 0.7936499715
vt 0.4144529998 0.7144029737
vt 0.3632049859 0.4671609998
vt 0.3639970124 0.4857429862
vt 0.3687869906 0.4773100019
vt 0.3890210092 0.341320008
vt 0.4404039979 0.8620430231
vt 0.4428690076 0.8630489707
vt 0.4299870133 0.8530099988
vt 0.4300340116 0.8485789895
vt 0.464982003 0.1798450053
vt 0.4818840027 0.1114030033
vt 0.4728350043 0.06859199703
vt 0.3350799978 0.7132430077
vt 0.4755249918 0.8113210201
vt 0.4719890058 0.8258649707
vt 0.4638830125 0.7947220206
vt 0.4631600082 0.7802489996
vt 0.4578039944 0.7888910174
vt 0.3512420058 0.7034689784
vt 0.4713670015 0.8927360177
vt 0.4736990035 0.8940759897
vt 0.4094780087 0.7275739908
vt 0.3936479986 0.3179970086
vt 0.4692609906 0.389876008
vt 0.3744330108 0.7882350087
vt 0.3914330006 0.6896489859
vt 0.4698579907 0.535055995
vt 0.3392150104 0.5543230176
vt 0.5025330186 0.9166600108
vt 0.4956409931 0.9144049883
vt 0.3118160069 0.7460899949
vt 0.511902988 0.7873950005
vt 0.4145129919 0.8545839787
vt 0.4508709908 0.4683200121
vt 0.3755930066 0.8283010125
vt 0.3816570044 0.8193899989
vt 0.4678919911 0.9053440094
vt 0.3126899898 0.7153840065
vt 0.3842430115 0.8631089926
vt 0.3622210026 0.7623149753
vt 0.3576880097 0.7704709768
vt 0.4551289976 0.4010750055
vt 0.3747020066 0.7644929886
vt 0.3688470125 0.8302490115
vt 0.317099005 0.726805985
vt 0.3356730044 0.5252940059
vt 0.385841012 0.465200007
vt 0.3541339934 0.5433610082
vt 0.3552890122 0.5134059787
vt 0.4911290109 0.5916969776
vt 0.3898220062 0.886285007
vt 0.5020319819 0.1444440037
vt 0.444889009 0.1591529995
vt 0.470036 0.1746120006
vt 0.4678260088 0.1926120073
vt 0.4225260019 0.5481420159
vt 0.4667319953 0.4986230135
vt 0.4720180035 0.501150012
vt 0.4703280032 0.5147609711
vt 0.403813988 0.7314800024
vt 0.4631179869 0.5112140179
vt 0.4599339962 0.1094669998
vt 0.4369480014 0.7731750011
vt 0.4444279969 0.768903017
vt 0.4417349994 0.7848979831
vt 0.4733389914 0.5659229755
vt 0.5095239878 0.1053389981
vt 0.5057839751 0.1167159975
vt 0.4602229893 0.8852059841
vt 0.4546819925 0.8843659759
vt 0.4409700036 0.5232470036
vt 0.4674279988 0.1469089985
vt 0.4922449887 0.1548260003
vt 0.4742220044 0.1639399976
vt 0.4832600057 0.7422609925
vt 0.4363400042 0.8579859734
vt 0.4393869936 0.8574560285
vt 0.437714994 0.8616719842
vt 0.3900749981 0.269878
vt 0.4157240093 0.4800330102
vt 0.4080579877 0.4750919938
vt 0.4434590042 0.7514910102
vt 0.4426940084 0.4083819985
vt 0.3845579922 0.7743620276
vt 0.4977239966 0.1657519937
vt 0.4635969996 0.1424030066
vt 0.5008159876 0.06656199694
vt 0.4718010128 0.7535939813
vt 0.3217599988 0.6089410186
vt 0.3290849924 0.5974979997
vt 0.4814029932 0.7742360234
vt 0.4757460058 0.7954180241
vt 0.488887012 0.2064480036
vt 0.4868519902 0.2105540037
vt 0.4675329924 0.7684389949
vt 0.3483589888 0.7167739868
vt 0.4799000025 0.1885090023
vt 0.3983030021 0.7366619706
vt 0.4564509988 0.4368160069
vt 0.3785029948 0.6952009797
vt 0.390531987 0.4472500086
vt 0.3846479952 0.4581319988
vt 0.3923540115 0.4639540017
vt 0.519464016 0.8099579811
vt 0.4345720112 0.2154009938
vt 0.5095970035 0.7105010152
vt 0.4766589999 0.5249440074
vt 0.4823960066 0.533698976
vt 0.4505090117 0.4830079973
vt 0.4997079968 0.1389169991
vt 0.4170730114 0.7728090286
vt 0.4736039937 0.7583870292
vt 0.531692028 0.8754090071
vt 0.5250809789 0.8642119765
vt 0.4774500132 0.1667860001
vt 0.4966830015 0.8777089715
vt 0.4711630046 0.1434279978
vt 0.4397250116 0.7352669835
vt 0.3336650133 0.598977983
vt 0.3310120106 0.6001989841
vt 0.4231350124 0.8403750062
vt 0.4659619927 0.5240039825
vt 0.4709860086 0.5315560102
vt 0.464993 0.5370439887
vt 0.4840280116 0.8379489779
vt 0.3467279971 0.7710199952
vt 0.4201030135 0.8894649744
vt 0.4184089899 0.8922910094
vt 0.4174979925 0.8885639906
vt 0.4236890078 0.7412289977
vt 0.4181640148 0.7384300232
vt 0.4197759926 0.750346005
vt 0.4347800016 0.9162480235
vt 0.4366480112 0.9132559896
vt 0.3442279994 0.442712009
vt 0.3557040095 0.4422259927
vt 0.4944829941 0.7117400169
vt 0.4665620029 0.5201169848
vt 0.429001987 0.649747014
vt 0.5380849838 0.8645359874
vt 0.5402879715 0.8858180046
vt 0.5337679982 0.8784739971
vt 0.4886029959 0.8803499937
vt 0.4827950001 0.8718680143
vt 0.4521650076 0.1227570027
vt 0.4506939948 0.1293170005
vt 0.4532409906 0.1152179986
vt 0.4834420085 0.8563330173
vt 0.4881989956 0.8651559949
vt 0.3498759866 0.4377979934
vt 0.3579789996 0.4397689998
vt 0.4991469979 0.8639079928
vt 0.5048260093 0.8689720035
vt 0.4076040089 0.7416430116
vt 0.4128989875 0.7383959889
vt 0.4469839931 0.8651819825
vt 0.3362640142 0.5973359942
vt 0.3342579901 0.5951439738
vt 0.323428005 0.7021380067
vt 0.3355750144 0.7280330062
vt 0.4250810146 0.9253079891
vt 0.3380239904 0.4951139987
vt 0.3368819952 0.5081430078
vt 0.4822230041 0.1268080026
vt 0.4133409858 0.8288220167
vt 0.4521830082 0.8933449984
vt 0.4922899902 0.5045359731
vt 0.4903050065 0.5200049877
vt 0.4853340089 0.5071219802
vt 0.3150669932 0.6118710041
vt 0.4221889973 0.3027740121
vt 0.4277609885 0.3134129941
vt 0.3259580135 0.5584539771
vt 0.3985930085 0.4061090052
vt 0.3907710016 0.4021109939
vt 0.3936350048 0.4188520014
vt 0.4189589918 0.3526310027
vt 0.5153899789 0.8534579873
vt 0.5161219835 0.8698220253
vt 0.4973860085 0.1437080055
vt 0.4416590035 0.1669490039
vt 0.3369480073 0.5158820152
vt 0.4116710126 0.8588700294
vt 0.4451240003 0.8642060161
vt 0.459228009 0.7531120181
vt 0.5012949705 0.7398250103
vt 0.441478014 0.1841560006
vt 0.4337660074 0.857747972
vt 0.4490090013 0.256321013
vt 0.5045539737 0.1361660063
vt 0.4917879999 0.6135600209
vt 0.4874489903 0.6277629733
vt 0.4238019884 0.2485900074
vt 0.4159579873 0.251195997
vt 0.3997479975 0.8087850213
vt 0.3441669941 0.5786579847
vt 0.3764809966 0.880580008
vt 0.3742420077 0.8828200102
vt 0.4383299947 0.9272559881
vt 0.3937140107 0.7419400215
vt 0.4329490066 0.8542569876
vt 0.4170460105 0.1775600016
vt 0.4105780125 0.1871490031
vt 0.5223199725 0.1077940017
vt 0.5173919797 0.121013999
vt 0.4230169952 0.6520689726
vt 0.4758180082 0.1303910017
vt 0.3436029851 0.4292379916
vt 0.4744009972 0.8892350197
vt 0.4357070029 0.1731059998
vt 0.4340780079 0.1673810035
vt 0.4382570088 0.8930540085
vt 0.5163469911 0.138071999
vt 0.5097200274 0.1350439936
vt 0.5117220283 0.1491719931
vt 0.3936420083 0.2880490124
vt 0.3881439865 0.2848930061
vt 0.3916009963 0.279531002
vt 0.4775980115 0.1351999938
vt 0.4086669981 0.8508089781
vt 0.4102399945 0.8547570109
vt 0.4078429937 0.854640007
vt 0.3106000125 0.7631250024
vt 0.4253630042 0.7127000093
vt 0.4194490016 0.7140610218
vt 0.5033230186 0.8397489786
vt 0.4028570056 0.4310379922
vt 0.4273880124 0.7806220055
vt 0.4249660075 0.7932350039
vt 0.4312900007 0.7911689878
vt 0.4210839868 0.2662160099
vt 0.4298189878 0.2656899989
vt 0.4256069958 0.2835969925
vt 0.5292310119 0.1160909981
vt 0.4829820096 0.2050459981
vt 0.3871859908 0.6800659895
vt 0.437541008 0.6785950065
vt 0.4254980087 0.2428880036
vt 0.4299860001 0.3896909952
vt 0.4783659875 0.1371680051
vt 0.4802899957 0.1465380043
vt 0.475567013 0.1459680051
vt 0.4578950107 0.1339190006
vt 0.4616940022 0.1457629949
vt 0.4563609958 0.1602700055
vt 0.4466150105 0.9069250226
vt 0.4447459877 0.9097319841
vt 0.4593830109 0.9146190286
vt 0.4581829906 0.9117079973
vt 0.3909040093 0.5937510133
vt 0.5309420228 0.7898849845
vt 0.5241190195 0.7868030071
vt 0.5248889923 0.8006330132
vt 0.5333200097 0.8612400293
vt 0.4142299891 0.8576819897
vt 0.4487319887 0.5779169798
vt 0.4804660082 0.08581700176
vt 0.3345359862 0.743449986
vt 0.3389759958 0.7520359755
vt 0.4909619987 0.1896950006
vt 0.4299849868 0.4261640012
vt 0.4298020005 0.4073039889
vt 0.4107030034 0.2589969933
vt 0.4124360085 0.2664929926
vt 0.3980250061 0.8708369732
vt 0.4013819993 0.8071290255
vt 0.4079770148 0.8068220019
vt 0.4036740065 0.7955979705
vt 0.4624190032 0.9148550034
vt 0.4645180106 0.9114490151
vt 0.4372760057 0.9384030104
vt 0.4307230115 0.2466579974
vt 0.4362989962 0.8428940177
vt 0.4341819882 0.8418189883
vt 0.5175619721 0.1396310031
vt 0.4773879945 0.1303530037
vt 0.4692279994 0.2040850073
vt 0.4782100022 0.5084120035
vt 0.4709700048 0.5064859986
vt 0.4531269968 0.1805540025
vt 0.4522700012 0.1644300073
vt 0.4579220116 0.1696240008
vt 0.3261409998 0.7930269837
vt 0.3270559907 0.7958689928
vt 0.324593991 0.7951880097
vt 0.4703390002 0.1124539971
vt 0.3695439994 0.5296790004
vt 0.479460001 0.1258510053
vt 0.4730449915 0.752613008
vt 0.5106859803 0.1456390023
vt 0.4718540013 0.1311600059
vt 0.3663989902 0.5573400259
vt 0.4763559997 0.1603710055
vt 0.4792959988 0.156922996
vt 0.4447149932 0.7468010187
vt 0.3588590026 0.5785239935
vt 0.3404729962 0.5881940126
vt 0.458348006 0.1206389964
vt 0.468979001 0.1934030056
vt 0.4685539901 0.1790480018
vt 0.3678579926 0.766053021
vt 0.3639239967 0.7781800032
vt 0.484201014 0.2004590034
vt 0.4822019935 0.196972996
vt 0.4737339914 0.7634760141
vt 0.4898320138 0.7642449737
vt 0.3125289977 0.7373239994
vt 0.3936080039 0.5853959918
vt 0.3894709945 0.5990359783
vt 0.4376679957 0.2950290143
vt 0.4687330127 0.3256579936
vt 0.4131880105 0.8490620255
vt 0.4142470062 0.8517469764
vt 0.4117299914 0.8514860272
vt 0.4928179979 0.5706769824
vt 0.4873439968 0.5599939823
vt 0.4878039956 0.5785679817
vt 0.4349370003 0.5292699933
vt 0.435454011 0.5132910013
vt 0.4092499912 0.8621829748
vt 0.4653300047 0.9005309939
vt 0.4686959982 0.07979200035
vt 0.4687139988 0.09649199992
vt 0.4022909999 0.8630170226
vt 0.4122259915 0.2837949991
vt 0.4429779947 0.2232349962
vt 0.5248159766 0.7997469902
vt 0.4152649939 0.7457950115
vt 0.412308991 0.7577170134
vt 0.3565669954 0.7755810022
vt 0.3392249942 0.5180929899
vt 0.3330489993 0.5353459716
vt 0.4729270041 0.2667129934
vt 0.3450810015 0.4890559912
vt 0.3393790126 0.4879040122
vt 0.3817960024 0.5305410028
vt 0.4737409949 0.8732879758
vt 0.5034980178 0.5989770293
vt 0.4665670097 0.4845249951
vt 0.4637030065 0.4976100028
vt 0.4702380002 0.4985930026
vt 0.4393140078 0.3927820027
vt 0.3370769918 0.6243579984
vt 0.4299289882 0.767219007
vt 0.4233680069 0.7700160146
vt 0.4872049987 0.1239840016
vt 0.4848819971 0.1214879975
vt 0.3968349993 0.7498909831
vt 0.3945640028 0.7627949715
vt 0.463571012 0.3346430063
vt 0.4301640093 0.5040720105
vt 0.3948000073 0.8350080252
vt 0.4525240064 0.8002830148
vt 0.44857499 0.7851880193
vt 0.4201880097 0.8502849936
vt 0.4527949989 0.8167889714
vt 0.4480470121 0.8097820282
vt 0.3357639909 0.7760360241
vt 0.4249979854 0.8850280046
vt 0.4333940148 0.8878859878
vt 0.3875490129 0.8726189733
vt 0.3908590078 0.8733919859
vt 0.3884919882 0.8768290281
vt 0.4111750126 0.8735259771
vt 0.5075089931 0.798641026
vt 0.3823130131 0.8651189804
vt 0.3697119951 0.7883129716
vt 0.3735139966 0.40041399
vt 0.3822390139 0.3986389935
vt 0.458781004 0.5571950078
vt 0.4814989865 0.5397310257
vt 0.4814989865 0.5811030269
vt 0.4089190066 0.4276430011
vt 0.4067690074 0.8560280204
vt 0.4443849921 0.8239459991
vt 0.3810909986 0.2932809889
vt 0.3728359938 0.2935500145
vt 0.3732270002 0.2973760068
vt 0.4996469915 0.134592995
vt 0.5025500059 0.1257950068
vt 0.4547249973 0.1020829976
vt 0.4022369981 0.7458440065
vt 0.3834060133 0.8900470138
vt 0.3776650131 0.8941869736
vt 0.4051940143 0.8889210224
vt 0.3944199979 0.6420519948
vt 0.3396559954 0.5141019821
vt 0.3424479961 0.5003020167
vt 0.5154079795 0.109284997
vt 0.5114820004 0.1184829995
vt 0.4869999886 0.8418419957
vt 0.440474987 0.1509049982
vt 0.4914039969 0.5393850207
vt 0.4566270113 0.9146080017
vt 0.4262579978 0.8136000037
vt 0.3853429854 0.2782590091
vt 0.3889310062 0.2937169969
vt 0.3929820061 0.2775410116
vt 0.4688319862 0.7374820113
vt 0.3209530115 0.595524013
vt 0.5061619878 0.7489410043
vt 0.450778991 0.7688199878
vt 0.4816870093 0.5912320018
vt 0.5140089989 0.8353130221
vt 0.4745079875 0.1374630034
vt 0.3686060011 0.3622570038
vt 0.5075960159 0.9052829742
vt 0.3659769893 0.8417069912
vt 0.3302609921 0.7348909974
vt 0.4155650139 0.8549360037
vt 0.4874359965 0.7655240297
vt 0.4804370105 0.4519459903
vt 0.4987339973 0.06236900017
vt 0.5092279911 0.846445024
vt 0.3157759905 0.7510390282
vt 0.4389129877 0.8441759944
vt 0.4991109967 0.5728780031
vt 0.4944030046 0.5847219825
vt 0.3995360136 0.2460889965
vt 0.3912610114 0.7770029902
vt 0.3484250009 0.4190869927
vt 0.3359110057 0.5714190006
vt 0.3355939984 0.5671160221
vt 0.3385039866 0.5693539977
vt 0.3715080023 0.4552890062
vt 0.46657601 0.4829260111
vt 0.4716010094 0.1599799991
vt 0.4308159947 0.8823879957
vt 0.4312250018 0.886500001
vt 0.3468779922 0.8051249981
vt 0.3443169892 0.8175929785
vt 0.4889720082 0.3429409862
vt 0.4515079856 0.3000000119
vt 0.4075430036 0.2521199882
vt 0.3387930095 0.5951750278
vt 0.4727759957 0.3293150067
vt 0.4261730015 0.5653839707
vt 0.3833039999 0.4314810038
vt 0.459849 0.1062150002
vt 0.3700700104 0.3262490034
vt 0.314534992 0.619870007
vt 0.4619610012 0.4104839861
vt 0.4554829895 0.1332159936
vt 0.4347899854 0.8015969992
vt 0.4410920143 0.801117003
vt 0.4775219858 0.5807430148
vt 0.4605450034 0.5605369806
vt 0.4894919991 0.7563380003
vt 0.5327309966 0.8433730006
vt 0.5396680236 0.8516690135
vt 0.4112919867 0.7508559823
vt 0.4766429961 0.7613030076
vt 0.4222440124 0.8901919723
vt 0.4534400105 0.3627600074
vt 0.4037089944 0.4400239885
vt 0.3981809914 0.4524250031
vt 0.4789269865 0.1128709987
vt 0.4759550095 0.1492229998
vt 0.4580990076 0.107464999
vt 0.3776890039 0.4983780086
vt 0.396596998 0.4983670115
vt 0.4568429887 0.1738090068
vt 0.3882319927 0.3227759898
vt 0.392670989 0.3338940144
vt 0.3528299928 0.5270190239
vt 0.3683939874 0.8780919909
vt 0.4839600027 0.08132299781
vt 0.4907639921 0.0860799998
vt 0.4256229997 0.7554280162
vt 0.4980289936 0.08162599802
vt 0.4360319972 0.2354589999
vt 0.3377810121 0.8229529858
vt 0.4502460063 0.4672290087
vt 0.4654819965 0.5109789968
vt 0.3594059944 0.3897889853
vt 0.4719980061 0.862523973
vt 0.4508410096 0.1203159988
vt 0.4584409893 0.1484699994
vt 0.5077810287 0.7590860128
vt 0.5088700056 0.8305770159
vt 0.4624730051 0.1335359961
vt 0.4667359889 0.1437830031
vt 0.4707599878 0.1368339956
vt 0.4097779989 0.8213430047
vt 0.4127520025 0.6484630108
vt 0.4803240001 0.193347007
vt 0.4829800129 0.1908980012
vt 0.4624359906 0.09973499924
vt 0.3288660049 0.5603049994
vt 0.3958620131 0.8065959811
vt 0.3726780117 0.8641420007
vt 0.3181770146 0.59958601
vt 0.4769980013 0.930824995
vt 0.3386220038 0.5992239714
vt 0.492523998 0.8898019791
vt 0.5039600134 0.8530840278
vt 0.4684169888 0.2263730019
vt 0.474503994 0.2400739938
vt 0.4480130076 0.9182369709
vt 0.3886789978 0.4313139915
vt 0.4218100011 0.3682009876
vt 0.4796969891 0.09295900166
vt 0.4641880095 0.1392070055
vt 0.3502010107 0.7424280047
vt 0.4872640073 0.1750120074
vt 0.4896099865 0.1565649956
vt 0.4052729905 0.9071419835
vt 0.4245660007 0.8950170279
vt 0.4838320017 0.1525650024
vt 0.4776979983 0.1268360019
vt 0.4315899909 0.2120279968
vt 0.4154849946 0.747254014
vt 0.5083079934 0.7644979954
vt 0.3662689924 0.7800469995
vt 0.3605009913 0.7843739986
vt 0.4572870135 0.7643659711
vt 0.4700340033 0.8012850285
vt 0.4371660054 0.1611440033
vt 0.4362849891 0.1514690071
vt 0.4374909997 0.9319509864
vt 0.423999995 0.3300560117
vt 0.5402730107 0.8694949746
vt 0.4852530062 0.1327079982
vt 0.4859269857 0.1204200014
vt 0.4808929861 0.1251119971
vt 0.4699899852 0.8494949937
vt 0.4875339866 0.1688150018
vt 0.490575999 0.1688420027
vt 0.3138470054 0.6258249879
vt 0.3123849928 0.6223840117
vt 0.3151910007 0.6223329902
vt 0.4092450142 0.8755360246
vt 0.4813860059 0.7703909874
vt 0.4085769951 0.8579959869
vt 0.4490279853 0.861420989
vt 0.432761997 0.8774849772
vt 0.4263890088 0.843971014
vt 0.4279679954 0.8460950255
vt 0.5020260215 0.06259500235
vt 0.3791689873 0.4683339894
vt 0.3811540008 0.4813660085
vt 0.3863779902 0.4742650092
vt 0.4975279868 0.926832974
vt 0.4094739854 0.422405988
vt 0.4423129857 0.8590559959
vt 0.4911699891 0.7771700025
vt 0.3718029857 0.8651710153
vt 0.4691410065 0.8959490061
vt 0.3408719897 0.7741590142
vt 0.3381640017 0.7643870115
vt 0.4765509963 0.5093870163
vt 0.371006012 0.490090996
vt 0.3588640094 0.8608989716
vt 0.4966709912 0.1390769929
vt 0.4895919859 0.1334230006
vt 0.4084399939 0.9026029706
vt 0.4484589994 0.8168780208
vt 0.3424809873 0.8337349892
vt 0.3469899893 0.8434429765
vt 0.3843140006 0.2989700139
vt 0.3858720064 0.3134129941
vt 0.4882830083 0.05984500051
vt 0.4899840057 0.07829000056
vt 0.3290179968 0.7726290226
vt 0.420058012 0.3195039928
vt 0.460777998 0.1172450036
vt 0.4014100134 0.5865309834
vt 0.4129500091 0.8549159765
vt 0.3344860077 0.7739229798
vt 0.4709379971 0.7385290265
vt 0.4624890089 0.7542369962
vt 0.4835300148 0.8719519973
vt 0.4848400056 0.7979440093
vt 0.4242820144 0.5642849803
vt 0.4653680027 0.790907979
vt 0.3262000084 0.5988019705
vt 0.4767169952 0.119456999
vt 0.4233219922 0.8471270204
vt 0.473567009 0.09418000281
vt 0.4755409956 0.5398539901
vt 0.440546006 0.5526220202
vt 0.4260959923 0.8577569723
vt 0.40615201 0.7553769946
vt 0.468261987 0.3615910113
vt 0.4929090142 0.1029379964
vt 0.4666579962 0.8934580088
vt 0.410631001 0.7639719844
vt 0.405328989 0.2774870098
vt 0.4350839853 0.8552209735
vt 0.3705120087 0.4080750048
vt 0.5079870224 0.7351620197
vt 0.470521003 0.4674989879
vt 0.4773670137 0.4695270061
vt 0.489060998 0.5961310267
vt 0.481494993 0.5889610052
vt 0.4170370102 0.7610840201
vt 0.4509490132 0.1112070009
vt 0.4815930128 0.1337859929
vt 0.4198699892 0.9396359921
vt 0.5032920241 0.05863700062
vt 0.4520930052 0.2539409995
vt 0.4445129931 0.856719017
vt 0.4464949965 0.8541830182
vt 0.3666659892 0.5014899969
vt 0.4213129878 0.8569189906
vt 0.4757669866 0.8216180205
vt 0.4470529854 0.1257230043
vt 0.3138259947 0.6194890141
vt 0.4098170102 0.891948998
vt 0.45906201 0.1444689929
vt 0.3758470118 0.864692986
vt 0.3728510141 0.8442549706
vt 0.3383409977 0.5251470208
vt 0.3368610144 0.5228250027
vt 0.3973999918 0.5559870005
vt 0.3359099925 0.6018329859
vt 0.3992710114 0.888948977
vt 0.3965469897 0.889877975
vt 0.3970560133 0.8861449957
vt 0.3910790086 0.8434619904
vt 0.3929559886 0.8580250144
vt 0.4778549969 0.06441300362
vt 0.4204039872 0.8404089808
vt 0.4474929869 0.8613489866
vt 0.4108670056 0.8406779766
vt 0.3359450102 0.5018069744
vt 0.3894959986 0.9118310213
vt 0.4763849974 0.8526419997
vt 0.4779269993 0.8664150238
vt 0.4041190147 0.7406330109
vt 0.4218510091 0.8438040018
vt 0.4243929982 0.8437770009
vt 0.4575540125 0.7755360007
vt 0.487123996 0.634829998
vt 0.4930660129 0.6228590012
vt 0.4857670069 0.7775840163
vt 0.5188339949 0.7761800289
vt 0.3343850076 0.6061220169
vt 0.3368940055 0.6053630114
vt 0.4472729862 0.8040130138
vt 0.3347440064 0.5218510032
vt 0.3662669957 0.75198102
vt 0.4620060027 0.3917529881
vt 0.4621329904 0.1459819973
vt 0.4574329853 0.1396629959
vt 0.3330860138 0.5170710087
vt 0.4055320024 0.2351199985
vt 0.3998610079 0.2444349974
vt 0.3837519884 0.5099760294
vt 0.4941380024 0.5575540066
vt 0.4907869995 0.5446889997
vt 0.4814290106 0.1388739944
vt 0.4407930076 0.8243899941
vt 0.428245008 0.9369080067
vt 0.4098530114 0.8832730055
vt 0.4094969928 0.8793799877
vt 0.5077869892 0.128015995
vt 0.4737719893 0.3499540091
vt 0.4818759859 0.1028300002
vt 0.4396429956 0.8526309729
vt 0.473883003 0.1564240009
vt 0.361582011 0.3438960016
vt 0.4860950112 0.8495730162
vt 0.4820689857 0.8586840034
vt 0.3481940031 0.8365719914
vt 0.4536429942 0.8673729897
vt 0.4196999967 0.8857759833
vt 0.4221920073 0.8871229887
vt 0.3897399902 0.8871510029
vt 0.5117049813 0.6864129901
vt 0.5106790066 0.6732130051
vt 0.4568729997 0.3254980147
vt 0.3988249898 0.3276660144
vt 0.4823170006 0.815605998
vt 0.469897002 0.8165599704
vt 0.4116519988 0.2397869974
vt 0.3810789883 0.8310480118
vt 0.3293789923 0.5461019874
vt 0.3056949973 0.6945289969
vt 0.4933229983 0.08784899861
vt 0.4043419957 0.3385959864
vt 0.5055630207 0.1451669931
vt 0.4056630135 0.2563300133
vt 0.4855700135 0.6005100012
vt 0.3286989927 0.5693740249
vt 0.5292549729 0.899657011
vt 0.4911499918 0.08066699654
vt 0.4866000116 0.06834799796
vt 0.5151460171 0.7500619888
vt 0.4729830027 0.768576026
vt 0.4104140103 0.2560409904
vt 0.5093550086 0.7684370279
vt 0.489511013 0.7880430222
vt 0.5119619966 0.7502589822
vt 0.4222840071 0.2165769935
vt 0.4705390036 0.8320639729
vt 0.4644309878 0.8253930211
vt 0.4653100073 0.1256289929
vt 0.4908739924 0.6514149904
vt 0.4604040086 0.9189090133
vt 0.4821690023 0.8118969798
vt 0.4211100042 0.8536199927
vt 0.4522530138 0.7960669994
vt 0.4582439959 0.802989006
vt 0.4873349965 0.8183659911
vt 0.510635972 0.7727100253
vt 0.4446159899 0.2841970026
vt 0.4465090036 0.3033739924
vt 0.4772489965 0.1129920036
vt 0.5203629732 0.7763059735
vt 0.3705939949 0.7780529857
vt 0.4637930095 0.918637991
vt 0.4656429887 0.9152420163
vt 0.3860349953 0.4159339964
vt 0.3689900041 0.8528900146
vt 0.3655830026 0.8640779853
vt 0.3067570031 0.7220159769
vt 0.4147709906 0.9385420084
vt 0.4446389973 0.617839992
vt 0.4535540044 0.1336079985
vt 0.3351129889 0.6156719923
vt 0.4644129872 0.1753149927
vt 0.3898499906 0.2947170138
vt 0.434754014 0.5443210006
vt 0.3890779912 0.3045400083
vt 0.4534159899 0.8608419895
vt 0.4535450041 0.8645160198
vt 0.3046129942 0.7356690168
vt 0.3671779931 0.7485569715
vt 0.4941819906 0.5889279842
vt 0.4718270004 0.1087249964
vt 0.307814002 0.7087699771
vt 0.4093950093 0.794046998
vt 0.3766640127 0.7635040283
vt 0.371776998 0.757167995
vt 0.4322699904 0.8429419994
vt 0.4863170087 0.6166290045
vt 0.4464150071 0.1581799984
vt 0.4216009974 0.936958015
vt 0.4529390037 0.137281999
vt 0.304538995 0.7387930155
vt 0.334235996 0.6098070145
vt 0.3365280032 0.6087409854
vt 0.481227994 0.8475300074
vt 0.497705996 0.1426099986
vt 0.5151460171 0.8005399704
vt 0.511022985 0.6888480186
vt 0.4973390102 0.6875759959
vt 0.3642530143 0.341937989
vt 0.4210729897 0.8735899925
vt 0.5050399899 0.06225800142
vt 0.4158790112 0.1610279977
vt 0.4625839889 0.8952909708
vt 0.4648860097 0.8964080215
vt 0.4918659925 0.8013210297
vt 0.4936029911 0.09104699641
vt 0.4452469945 0.3394060135
vt 0.4452469945 0.3981919885
vt 0.4208860099 0.3694140017
vt 0.364327997 0.4609749913
vt 0.35848701 0.4658029974
vt 0.3597719967 0.452996999
vt 0.4720360041 0.5499050021
vt 0.4579739869 0.8251699805
vt 0.4580700099 0.8396090269
vt 0.4029110074 0.5464220047
vt 0.3950220048 0.3476809859
vt 0.3438029885 0.5253139734
vt 0.4726360142 0.2505680025
vt 0.4845240116 0.1258340031
vt 0.4414499998 0.318253994
vt 0.4493809938 0.3222700059
vt 0.460480988 0.3547320068
vt 0.4530259967 0.3420029879
vt 0.3093790114 0.7490190268
vt 0.4641849995 0.8097720146
vt 0.4815799892 0.1743109971
vt 0.3142989874 0.638068974
vt 0.3560940027 0.8545650244
vt 0.3725540042 0.797713995
vt 0.489560008 0.1422120035
vt 0.3283810019 0.7827230096
vt 0.3264510036 0.7851200104
vt 0.3263260126 0.7815499902
vt 0.4577769935 0.9175549746
vt 0.4694600105 0.9037330151
vt 0.4706780016 0.9000250101
vt 0.4718289971 0.9029710293
vt 0.4991759956 0.8061990142
vt 0.3199320138 0.6064199805
vt 0.3206599951 0.6030439734
vt 0.4569360018 0.2370730042
vt 0.4558080137 0.2168139964
vt 0.4432500005 0.2843640149
vt 0.4506869912 0.1066230014
vt 0.491858989 0.8125270009
vt 0.489459008 0.8777160048
vt 0.346096009 0.4588499963
vt 0.5245760083 0.8778139949
vt 0.4635910094 0.2996430099
vt 0.3990269899 0.5110890269
vt 0.391474992 0.5108709931
vt 0.4683229923 0.8365160227
vt 0.3960489929 0.2968850136
vt 0.4472700059 0.8222910166
vt 0.3508360088 0.8156239986
vt 0.4069249928 0.1923239976
vt 0.493584007 0.8179860115
vt 0.4824280143 0.5721380115
vt 0.4617680013 0.1595170051
vt 0.4767169952 0.1027799994
vt 0.3903009892 0.7880499959
vt 0.3913339972 0.7745149732
vt 0.3141559958 0.6159049869
vt 0.3355779946 0.5045260191
vt 0.4989700019 0.6877970099
vt 0.5051230192 0.6777459979
vt 0.492648989 0.1120280027
vt 0.3490900099 0.8188179731
vt 0.3507350087 0.8166840076
vt 0.3511280119 0.8201910257
vt 0.4149000049 0.3623229861
vt 0.4200389981 0.4674189985
vt 0.4794830084 0.1511030048
vt 0.5143399835 0.1250579953
vt 0.4925499856 0.1403509974
vt 0.3588800132 0.5285360217
vt 0.4849829972 0.9318590164
vt 0.4790750146 0.1171239987
vt 0.4121280015 0.2214590013
vt 0.4197440147 0.234927997
vt 0.4630509913 0.4288929999
vt 0.3516499996 0.8397930264
vt 0.3626140058 0.872699976
vt 0.5271620154 0.7741780281
vt 0.3427979946 0.4995050132
vt 0.4922060072 0.4743359983
vt 0.460254997 0.1129600033
vt 0.3490230143 0.3795560002
vt 0.3513180017 0.3818089962
vt 0.3488579988 0.3837369978
vt 0.4695949852 0.1421010047
vt 0.3725970089 0.76819098
vt 0.4324809909 0.8505839705
vt 0.3717010021 0.4654589891
vt 0.5186390281 0.1340519935
vt 0.31626001 0.618843019
vt 0.5195840001 0.8260020018
vt 0.5254909992 0.8170049787
vt 0.3485639989 0.4992629886
vt 0.3505690098 0.4856939912
vt 0.4824329913 0.137628004
vt 0.4862290025 0.1328690052
vt 0.3807260096 0.2968389988
vt 0.4742310047 0.838925004
vt 0.4333350062 0.7985129952
vt 0.3639009893 0.8523629904
vt 0.4797700047 0.6860190034
vt 0.4956420064 0.06474699825
vt 0.4666649997 0.3436839879
vt 0.4602530003 0.338519007
vt 0.4111559987 0.8477259874
vt 0.4793640077 0.4400320053
vt 0.4304650128 0.1458850056
vt 0.4300119877 0.1608989984
vt 0.4280560017 0.8727110028
vt 0.4748280048 0.4966309965
vt 0.4991550148 0.6265730262
vt 0.3869940042 0.8783940077
vt 0.3400329947 0.5282920003
vt 0.3774679899 0.8615279794
vt 0.3948470056 0.7824590206
vt 0.4442819953 0.1328269988
vt 0.4438239932 0.4599179924
vt 0.4139690101 0.3000069857
vt 0.4468590021 0.1525219977
vt 0.4444299936 0.846897006
vt 0.3344610035 0.6264449954
vt 0.4947530031 0.1354479939
vt 0.4088680148 0.2528850138
vt 0.4195609987 0.8510209918
vt 0.4441060126 0.8533700109
vt 0.4420540035 0.8549150229
vt 0.390049994 0.8800579906
vt 0.4660750031 0.3638730049
vt 0.4205200076 0.9001160264
vt 0.5256959796 0.8152089715
vt 0.4543389976 0.1980050057
vt 0.4804959893 0.4889189899
vt 0.4388630092 0.8267859817
vt 0.4454219937 0.289925009
vt 0.3582620025 0.4833739996
vt 0.4770410061 0.07978499681
vt 0.3971759975 0.8222929835
vt 0.3953900039 0.2753329873
vt 0.3567050099 0.3760899901
vt 0.5261240005 0.8345460296
vt 0.4207139909 0.8304880261
vt 0.4203830063 0.8340719938
vt 0.4323810041 0.170223996
vt 0.3829160035 0.2656359971
vt 0.3892329931 0.2631500065
vt 0.3360979855 0.8373330235
vt 0.3239639997 0.7916409969
vt 0.4800930023 0.07417099923
vt 0.3397870064 0.5461680293
vt 0.3325659931 0.8007469773
vt 0.3264780045 0.7989730239
vt 0.3308959901 0.787191987
vt 0.4956080019 0.06366500258
vt 0.3364459872 0.8091729879
vt 0.5320389867 0.8257030249
vt 0.4723129869 0.2003220022
vt 0.4301860034 0.8371260166
vt 0.3862040043 0.5839909911
vt 0.4465360045 0.6890460253
vt 0.3844560087 0.3107450008
vt 0.4775559902 0.1920499951
vt 0.491941005 0.1338499933
vt 0.4749830067 0.1739079952
vt 0.5096129775 0.6992980242
vt 0.4747529924 0.1976069957
vt 0.4449479878 0.6013810039
vt 0.4810310006 0.5133000016
vt 0.4258950055 0.8328319788
vt 0.4290179908 0.8338810205
vt 0.3985390067 0.2387479991
vt 0.3961789906 0.4352799952
vt 0.4012950063 0.4229770005
vt 0.4101170003 0.5803099871
vt 0.480482012 0.4841760099
vt 0.4827480018 0.4711140096
vt 0.4583500028 0.1190859973
vt 0.5028399825 0.07039199769
vt 0.445340991 0.8506249785
vt 0.4206590056 0.8473929763
vt 0.4672720134 0.4063999951
vt 0.4083630145 0.9402520061
vt 0.3310720026 0.8260589838
vt 0.4655880034 0.09926500171
vt 0.3624570072 0.4017919898
vt 0.3411009908 0.847874999
vt 0.465128988 0.2435590029
vt 0.4369139969 0.891782999
vt 0.4392260015 0.8882449865
vt 0.4401049912 0.8925520182
vt 0.3769800067 0.8680819869
vt 0.3106850088 0.7841730118
vt 0.4349890053 0.5137220025
vt 0.3624239862 0.5014839768
vt 0.4905030131 0.1491889954
vt 0.4918690026 0.1595019996
vt 0.4767020047 0.5224599838
vt 0.4824919999 0.5321679711
vt 0.4939799905 0.1554400027
vt 0.4885880053 0.1532209963
vt 0.4915220141 0.1442340016
vt 0.4463610053 0.1353510022
vt 0.3524540067 0.8469759822
vt 0.4472720027 0.1743039936
vt 0.4597800076 0.493001014
vt 0.3336949944 0.8144670129
vt 0.3287009895 0.8100489974
vt 0.341271013 0.8413069844
vt 0.377925992 0.3117820024
vt 0.3708760142 0.3137019873
vt 0.3353179991 0.8300870061
vt 0.419095993 0.8441659808
vt 0.3895339966 0.3104720116
vt 0.4735899866 0.2020619959
vt 0.4141570032 0.2528449893
vt 0.321754992 0.5845069885
vt 0.4582119882 0.104203999
vt 0.3439069986 0.4109030068
vt 0.4480310082 0.8511700034
vt 0.5387079716 0.8339710236
vt 0.4511919916 0.1459390074
vt 0.3860130012 0.2761040032
vt 0.4237070084 0.4377759993
vt 0.4089339972 0.4392780066
vt 0.4029319882 0.4449050128
vt 0.4817520082 0.3865990043
vt 0.3283810019 0.8224290013
vt 0.4479100108 0.9031950235
vt 0.3632990122 0.3270809948
vt 0.4935129881 0.1436489969
vt 0.4624469876 0.09783499688
vt 0.4277139902 0.3176769912
vt 0.4484049976 0.1324249953
vt 0.4819349945 0.1278530061
vt 0.3310619891 0.5333989859
vt 0.3494839966 0.4008510113
vt 0.3467920125 0.3995020092
vt 0.3492549956 0.3966070116
vt 0.3978529871 0.3446339965
vt 0.4164640009 0.3172320127
vt 0.3485130072 0.8222780228
vt 0.4643490016 0.1081390008
vt 0.4625940025 0.1108200029
vt 0.4544210136 0.156487003
vt 0.4527139962 0.1966560036
vt 0.4668970108 0.1509770006
vt 0.4764100015 0.1795600057
vt 0.3912990093 0.2746770084
vt 0.4570269883 0.1537050009
vt 0.4242010117 0.8857719898
vt 0.4237110019 0.8821359873
vt 0.4264839888 0.8837580085
vt 0.4478279948 0.9058899879
vt 0.4418750107 0.8946710229
vt 0.4497120082 0.8912039995
vt 0.4050700068 0.3253110051
vt 0.409705013 0.3138810098
vt 0.3596439958 0.3606959879
vt 0.4477689862 0.9345129728
vt 0.4986140132 0.1034680009
vt 0.4949789941 0.09224300086
vt 0.4631890059 0.1148160025
vt 0.3643029928 0.3232640028
vt 0.4304369986 0.4450809956
vt 0.4510810077 0.2308229953
vt 0.4635989964 0.4303219914
vt 0.3368220031 0.5197870135
vt 0.4930239916 0.1209449992
vt 0.3537240028 0.387966007
vt 0.4307779968 0.183013007
vt 0.488575995 0.4082790017
vt 0.483758986 0.4209350049
vt 0.4910739958 0.4254490137
vt 0.4850620031 0.2149270028
vt 0.4784069955 0.160807997
vt 0.4812229872 0.1609150022
vt 0.4557549953 0.8968750238
vt 0.4397369921 0.9381840229
vt 0.5084850192 0.1188080013
vt 0.4688130021 0.1904830039
vt 0.4833489954 0.5477359891
vt 0.4707829952 0.5467510223
vt 0.363842994 0.4167400002
vt 0.4790770113 0.5592719913
vt 0.4966500103 0.1451430023
vt 0.3696120083 0.4167670012
vt 0.3942039907 0.4811140001
vt 0.4384889901 0.8947539926
vt 0.4405939877 0.8961880207
vt 0.4871999919 0.1878609955
vt 0.4718709886 0.1550090015
vt 0.4731189907 0.04918900132
vt 0.4803270102 0.05786399916
vt 0.4397470057 0.8573139906
vt 0.4734840095 0.2243639976
vt 0.4763180017 0.2274170071
vt 0.4680559933 0.1653800011
vt 0.4732440114 0.1702719927
vt 0.4626980126 0.1800590008
vt 0.4892759919 0.1268830001
vt 0.3268679976 0.7894560099
vt 0.3359529972 0.4750069976
vt 0.3404980004 0.4708569944
vt 0.5012059808 0.09058299661
vt 0.5039259791 0.07681000233
vt 0.4975099862 0.0793029964
vt 0.3711749911 0.4455499947
vt 0.4865140021 0.3947240114
vt 0.4963580072 0.1554390043
vt 0.3389619887 0.5217009783
vt 0.4622009993 0.159130007
vt 0.4597800076 0.5925580263
vt 0.4579479992 0.2601909935
vt 0.4877429903 0.5115870237
vt 0.4712640047 0.6236649752
vt 0.4619710147 0.1863619983
vt 0.3304159939 0.5507569909
vt 0.3512159884 0.385582
vt 0.3489499986 0.3878709972
vt 0.4177469909 0.4047789872
vt 0.3281289935 0.5424320102
vt 0.4886829853 0.5336760283
vt 0.366068989 0.486672014
vt 0.4822809994 0.5177969933
vt 0.3631640077 0.4739190042
vt 0.3481679857 0.476007998
vt 0.4776709974 0.5094209909
vt 0.4469819963 0.4947240055
vt 0.3387190104 0.4903270006
vt 0.3749080002 0.4790709913
vt 0.3706170022 0.3117269874
vt 0.4001919925 0.4698039889
vt 0.4243279994 0.4189299941
vt 0.4822309911 0.4529150128
vt 0.4687280059 0.4665290117
vt 0.466414988 0.4741759896
vt 0.453429997 0.4564779997
vt 0.4651390016 0.4418950081
vt 0.4721060097 0.4512850046
vt 0.472243011 0.4334520102
vt 0.3410130143 0.5200729966
vt 0.3578419983 0.4138039947
vt 0.4795309901 0.1544000059
vt 0.4856269956 0.1454229951
vt 0.3661150038 0.3107120097
vt 0.4632819891 0.3170059919
vt 0.4664419889 0.2077579945
vt 0.4751180112 0.1918150038
vt 0.4115960002 0.3297890127
vt 0.387845993 0.3034799993
vt 0.3845419884 0.2961989939
vt 0.4690769911 0.1973399967
vt 0.4257900119 0.1897490025
vt 0.393321991 0.3044629991
vt 0.3851450086 0.2895509899
vt 0.3808700144 0.2906599939
vt 0.3897629976 0.2914249897
vt 0.4681060016 0.2938230038
vt 0.3836109936 0.2801949978
vt 0.4427860081 0.155726999
vt 0.4680429995 0.1771679968
vt 0.3770200014 0.2754699886
vt 0.471273005 0.1791760027
vt 0.465301007 0.1742990017
vt 0.4048370123 0.2868559957
vt 0.4867619872 0.157378003
vt 0.5037800074 0.06627699733
vt 0.4563859999 0.1231930032
vt 0.5078300238 0.09004899859
vt 0.4777260125 0.1612589955
vt 0.4634119868 0.1744579971
vt 0.4902659953 0.139053002
vt 0.4819779992 0.1638980061
vt 0.4911310077 0.1278560013
vt 0.4727520049 0.1572269946
vt 0.4628820121 0.1599549949
vt 0.4782600105 0.8967360258
vt 0.4520669878 0.1633740067
vt 0.4392470121 0.1485690027
vt 0.4812949896 0.1068089977
vt 0.4954609871 0.1125119999
vt 0.4488559961 0.1532029957
vt 0.4582540095 0.1003670022
vt 0.4758650064 0.04792299867
# mm_gid 0
g mmGroup0
usemtl Material.001
f 1/1/1 2/2/2 3/3/3 
f 4/4/4 5/5/5 6/6/6 
f 7/7/7 8/8/8 9/9/9 
f 10/10/10 11/11/11 12/12/12 
f 13/13/13 14/14/14 15/15/15 
f 16/16/16 17/17/17 18/18/18 
f 19/19/19 20/20/20 21/21/21 
f 22/22/22 23/23/23 24/24/24 
f 25/25/25 26/26/26 27/27/27 
f 28/28/28 29/29/29 30/30/30 
f 31/31/31 32/32/32 33/33/33 
f 34/34/34 35/35/35 36/36/36 
f 37/37/37 38/38/38 39/39/39 
f 40/40/40 41/41/41 42/42/42 
f 43/43/43 44/44/44 45/45/45 
f 46/46/46 47/47/47 48/48/48 
f 49/49/49 50/50/50 51/51/51 
f 52/52/52 53/53/53 54/54/54 
f 55/55/55 56/56/56 57/57/57 
f 58/58/58 59/59/59 60/60/60 
f 61/61/61 62/62/62 63/63/63 
f 64/64/64 65/65/65 66/66/66 
f 67/67/67 68/68/68 69/69/69 
f 70/70/70 71/71/71 72/72/72 
f 73/73/73 74/74/74 75/75/75 
f 76/76/76 77/77/77 78/78/78 
f 79/79/79 80/80/80 81/81/81 
f 82/82/82 83/83/83 84/84/84 
f 85/85/85 86/86/86 87/87/87 
f 88/88/88 89/89/89 90/90/90 
f 91/91/91 92/92/92 93/93/93 
f 94/94/94 95/95/95 96/96/96 
f 97/97/97 98/98/98 99/99/99 
f 100/100/100 101/101/101 102/102/102 
f 103/103/103 104/104/104 105/105/105 
f 106/106/106 107/107/107 108/108/108 
f 107/107/107 109/109/109 110/110/110 
f 111/111/111 112/112/112 113/113/113 
f 114/114/114 115/115/115 116/116/116 
f 117/117/117 118/118/118 119/119/119 
f 120/120/120 121/121/121 122/122/122 
f 123/123/123 124/124/124 125/125/125 
f 126/126/126 127/127/127 128/128/128 
f 129/129/129 130/130/130 131/131/131 
f 132/132/132 133/133/133 134/134/134 
f 135/135/135 136/136/136 137/137/137 
f 138/138/138 139/139/139 140/140/140 
f 141/141/141 142/142/142 143/143/143 
f 144/144/144 145/145/145 146/146/146 
f 147/147/147 148/148/148 149/149/149 
f 150/150/150 151/151/151 152/152/152 
f 153/153/153 154/154/154 155/155/155 
f 156/156/156 157/157/157 158/158/158 
f 159/159/159 160/160/160 161/161/161 
f 162/162/162 163/163/163 106/106/106 
f 164/164/164 165/165/165 166/166/166 
f 167/167/167 168/168/168 169/169/169 
f 170/170/170 171/171/171 172/172/172 
f 173/173/173 174/174/174 175/175/175 
f 176/176/176 177/177/177 178/178/178 
f 179/179/179 180/180/180 181/181/181 
f 182/182/182 183/183/183 184/184/184 
f 185/185/185 186/186/186 187/187/187 
f 188/188/188 189/189/189 190/190/190 
f 191/191/191 192/192/192 193/193/193 
f 194/194/194 195/195/195 196/196/196 
f 197/197/197 198/198/198 199/199/199 
f 200/200/200 201/201/201 202/202/202 
f 203/203/203 204/204/204 205/205/205 
f 206/206/206 207/207/207 208/208/208 
f 209/209/209 210/210/210 211/211/211 
f 212/212/212 213/213/213 214/214/214 
f 214/214/214 213/213/213 215/215/215 
f 216/216/216 217/217/217 48/48/48 
f 218/218/218 219/219/219 220/220/220 
f 221/221/221 222/222/222 223/223/223 
f 224/224/224 225/225/225 226/226/226 
f 227/227/227 201/201/201 228/228/228 
f 229/229/229 230/230/230 231/231/231 
f 127/127/127 232/232/232 233/233/233 
f 234/234/234 235/235/235 236/236/236 
f 219/219/219 237/237/237 238/238/238 
f 239/239/239 240/240/240 241/241/241 
f 242/242/242 243/243/243 244/244/244 
f 245/245/245 152/246/152 151/247/151 
f 246/248/246 247/249/247 248/250/248 
f 249/251/249 250/252/250 251/253/251 
f 252/254/252 253/255/253 254/256/254 
f 255/257/255 256/258/256 257/259/257 
f 258/260/258 240/240/240 259/261/259 
f 260/262/260 261/263/261 262/264/262 
f 263/265/263 264/266/264 140/140/140 
f 265/267/265 266/268/266 267/269/267 
f 268/270/268 269/271/269 270/272/270 
f 271/273/271 272/274/272 273/275/273 
f 212/212/212 180/180/180 213/213/213 
f 274/276/274 209/209/209 275/277/275 
f 276/278/276 277/279/277 278/280/278 
f 279/281/279 280/282/280 281/283/281 
f 282/284/282 283/285/283 284/286/284 
f 285/287/285 286/288/286 287/289/287 
f 288/290/288 289/291/289 290/292/290 
f 291/293/291 292/294/292 293/295/293 
f 50/50/50 294/296/294 295/297/295 
f 296/298/296 297/299/297 298/300/298 
f 161/301/161 299/302/299 300/303/300 
f 301/304/301 27/27/27 302/305/302 
f 211/211/211 303/306/303 304/307/304 
f 305/308/305 306/309/306 307/310/307 
f 217/217/217 216/216/216 289/291/289 
f 308/311/308 309/312/309 310/313/310 
f 311/314/311 312/315/312 313/316/313 
f 314/317/314 315/318/315 316/319/316 
f 317/320/317 318/321/318 319/322/319 
f 320/323/320 321/324/321 322/325/322 
f 323/326/323 324/327/324 325/328/325 
f 326/329/326 327/330/327 328/331/328 
f 329/332/329 323/326/323 330/333/330 
f 331/334/331 332/335/332 333/336/333 
f 334/337/334 335/338/335 336/339/336 
f 337/340/337 338/341/338 339/342/339 
f 340/343/340 341/344/341 342/345/342 
f 343/346/343 344/347/344 345/348/345 
f 346/349/346 347/350/347 348/351/348 
f 349/352/349 350/353/350 351/354/351 
f 352/355/352 353/356/353 354/357/354 
f 64/64/64 355/358/355 65/65/65 
f 356/359/356 357/360/357 358/361/358 
f 359/362/359 360/363/360 361/364/361 
f 362/365/362 363/366/363 364/367/364 
f 365/368/365 366/369/366 59/59/59 
f 164/164/164 367/370/367 165/165/165 
f 368/371/368 222/222/222 369/372/369 
f 370/373/370 371/374/371 372/375/372 
f 373/376/373 374/377/374 375/378/375 
f 376/379/376 377/380/377 378/381/378 
f 379/382/379 380/383/380 381/384/381 
f 382/385/382 383/386/383 215/215/215 
f 384/387/384 385/388/385 386/389/386 
f 387/390/387 37/37/37 39/39/39 
f 270/272/270 388/391/388 330/333/330 
f 389/392/389 390/393/390 391/394/391 
f 392/395/392 393/396/393 394/397/394 
f 395/398/395 329/332/329 275/277/275 
f 396/399/396 397/400/397 398/401/398 
f 399/402/399 400/403/400 401/404/401 
f 402/405/402 168/168/168 403/406/403 
f 404/407/404 405/408/405 406/409/406 
f 407/410/407 408/411/408 409/412/409 
f 410/413/410 411/414/411 412/415/412 
f 413/416/413 414/417/414 415/418/415 
f 416/419/416 72/72/72 71/71/71 
f 417/420/417 400/403/400 418/421/418 
f 419/422/419 420/423/420 421/424/421 
f 355/358/355 260/262/260 422/425/422 
f 423/426/423 424/427/424 271/273/271 
f 425/428/425 426/429/426 427/430/427 
f 428/431/428 429/432/429 430/433/430 
f 431/434/431 432/435/432 433/436/433 
f 434/437/434 435/438/435 436/439/436 
f 437/440/437 438/441/438 439/442/439 
f 440/443/440 441/444/441 442/445/442 
f 443/446/443 444/447/444 445/448/445 
f 446/449/446 447/450/447 448/451/448 
f 449/452/449 450/453/450 451/454/451 
f 452/455/452 453/456/453 454/457/454 
f 455/458/455 456/459/456 457/460/457 
f 458/461/458 459/462/459 460/463/460 
f 461/464/461 462/465/462 463/466/463 
f 464/467/464 465/468/465 466/469/466 
f 467/470/467 468/471/468 469/472/469 
f 470/473/470 406/409/406 186/186/186 
f 471/474/471 472/475/472 473/476/473 
f 474/477/474 475/478/475 476/479/476 
f 477/480/477 478/481/478 479/482/479 
f 22/22/22 480/483/480 23/23/23 
f 295/297/295 481/484/481 50/50/50 
f 182/182/182 184/184/184 482/485/482 
f 483/486/483 484/487/484 485/488/485 
f 486/489/486 487/490/487 488/491/488 
f 489/492/489 490/493/490 491/494/491 
f 492/495/492 493/496/493 494/497/494 
f 495/498/495 496/499/496 497/500/497 
f 498/501/498 499/502/499 500/503/500 
f 501/504/501 2/2/2 502/505/502 
f 361/364/361 503/506/503 359/362/359 
f 291/293/291 504/507/504 292/294/292 
f 505/508/505 506/509/506 507/510/507 
f 508/511/508 509/512/509 510/513/510 
f 511/514/511 512/515/512 150/516/150 
f 513/517/513 514/518/514 515/519/515 
f 516/520/516 517/521/517 518/522/518 
f 519/523/519 520/524/520 111/111/111 
f 521/525/521 522/526/522 523/527/523 
f 524/528/524 525/529/525 526/530/526 
f 452/455/452 527/531/527 528/532/528 
f 529/533/529 530/534/530 531/535/531 
f 532/536/532 533/537/533 534/538/534 
f 535/539/535 536/540/536 537/541/537 
f 180/180/180 538/542/538 181/181/181 
f 539/543/539 336/339/336 335/338/335 
f 540/544/540 541/545/541 542/546/542 
f 543/547/543 544/548/544 545/549/545 
f 546/550/546 547/551/547 548/552/548 
f 549/553/549 550/554/550 23/23/23 
f 146/146/146 551/555/551 552/556/552 
f 553/557/553 554/558/554 555/559/555 
f 556/560/556 557/561/557 558/562/558 
f 84/84/84 166/166/166 165/165/165 
f 559/563/559 560/564/560 561/565/561 
f 562/566/562 563/567/563 564/568/564 
f 565/569/565 566/570/566 567/571/567 
f 568/572/568 569/573/569 570/574/570 
f 166/166/166 84/84/84 83/83/83 
f 571/575/571 572/576/572 573/577/573 
f 574/578/574 5/5/5 4/4/4 
f 575/579/575 576/580/576 577/581/577 
f 578/582/578 579/583/579 580/584/580 
f 581/585/581 582/586/582 583/587/583 
f 584/588/584 221/221/221 585/589/585 
f 586/590/586 587/591/587 588/592/588 
f 589/593/589 590/594/590 591/595/591 
f 592/596/592 593/597/593 594/598/594 
f 595/599/595 596/600/596 597/601/597 
f 598/602/598 593/597/593 592/596/592 
f 599/603/599 600/604/600 601/605/601 
f 602/606/602 603/607/603 458/461/458 
f 604/608/604 605/609/605 606/610/606 
f 607/611/607 608/612/608 609/613/609 
f 610/614/610 611/615/611 612/616/612 
f 613/617/613 614/618/614 46/46/46 
f 205/205/205 615/619/615 616/620/616 
f 617/621/617 618/622/618 619/623/619 
f 620/624/620 604/608/604 621/625/621 
f 622/626/622 623/627/623 624/628/624 
f 625/629/625 626/630/626 627/631/627 
f 572/576/572 628/632/628 629/633/629 
f 630/634/630 631/635/631 632/636/632 
f 633/637/633 148/148/148 634/638/634 
f 612/616/612 611/615/611 635/639/635 
f 636/640/636 470/473/470 637/641/637 
f 638/642/638 639/643/639 299/302/299 
f 2/2/2 640/644/640 502/505/502 
f 641/645/641 642/646/642 643/647/643 
f 644/648/644 645/649/645 646/650/646 
f 647/651/647 648/652/648 263/653/263 
f 649/654/649 650/655/650 651/656/651 
f 652/657/652 653/658/653 654/659/654 
f 655/660/655 656/661/656 657/662/657 
f 270/272/270 269/271/269 388/391/388 
f 658/663/658 659/664/659 660/665/660 
f 661/666/661 246/248/246 114/114/114 
f 662/667/662 445/448/445 444/447/444 
f 663/668/663 664/669/664 665/670/665 
f 666/671/666 48/48/48 217/217/217 
f 667/672/667 668/673/668 669/674/669 
f 670/675/670 671/676/671 25/677/25 
f 672/678/672 673/679/673 674/680/674 
f 289/291/289 117/117/117 675/681/675 
f 676/682/676 677/683/677 678/684/678 
f 511/685/511 152/686/152 679/687/679 
f 680/688/680 681/689/681 682/690/682 
f 683/691/683 684/692/684 685/693/685 
f 179/179/179 686/694/686 180/180/180 
f 687/695/687 688/696/688 689/697/689 
f 690/698/690 691/699/691 422/425/422 
f 692/700/692 693/701/693 694/702/694 
f 556/560/556 558/562/558 695/703/695 
f 696/704/696 122/122/122 697/705/697 
f 569/573/569 698/706/698 699/707/699 
f 700/708/700 701/709/701 702/710/702 
f 556/711/556 703/712/703 704/713/704 
f 705/714/705 17/17/17 706/715/706 
f 707/716/707 708/717/708 709/718/709 
f 710/719/710 711/720/711 712/721/712 
f 713/722/713 714/723/714 715/724/715 
f 716/725/716 717/726/717 718/727/718 
f 719/728/719 720/729/720 721/730/721 
f 356/359/356 722/731/722 614/618/614 
f 723/732/723 724/733/724 508/734/508 
f 198/735/198 725/736/725 726/737/726 
f 727/738/727 728/739/728 729/740/729 
f 216/216/216 117/117/117 289/291/289 
f 730/741/730 731/742/731 732/743/732 
f 733/744/733 734/745/734 727/738/727 
f 433/436/433 432/435/432 735/746/735 
f 736/747/736 717/726/717 716/725/716 
f 737/748/737 165/165/165 367/370/367 
f 738/749/738 739/750/739 485/488/485 
f 165/165/165 740/751/740 741/752/741 
f 742/753/742 743/754/743 744/755/744 
f 745/756/745 746/757/746 747/758/747 
f 748/759/748 749/760/749 750/761/750 
f 751/762/751 752/763/752 753/764/753 
f 754/765/754 755/766/755 756/767/756 
f 610/614/610 757/768/757 758/769/758 
f 759/770/759 760/771/760 761/772/761 
f 762/773/762 63/63/63 62/62/62 
f 763/774/763 764/775/764 765/776/765 
f 766/777/766 767/778/767 768/779/768 
f 769/780/769 770/781/770 771/782/771 
f 772/783/772 773/784/773 774/785/774 
f 775/786/775 776/787/776 777/788/777 
f 155/155/155 778/789/778 779/790/779 
f 780/791/780 781/792/781 782/793/782 
f 783/794/783 32/32/32 489/492/489 
f 784/795/784 785/796/785 786/797/786 
f 787/798/787 788/799/788 789/800/789 
f 790/801/790 791/802/791 792/803/792 
f 793/804/793 790/801/790 792/803/792 
f 794/805/794 795/806/795 796/807/796 
f 797/808/797 798/809/798 799/810/799 
f 800/811/800 801/812/801 802/813/802 
f 803/814/803 804/815/804 805/816/805 
f 806/817/806 807/818/807 808/819/808 
f 809/820/809 810/821/810 811/822/811 
f 812/823/812 813/824/813 814/825/814 
f 815/826/815 816/827/816 817/828/817 
f 818/829/818 819/830/819 820/831/820 
f 821/832/821 324/327/324 572/576/572 
f 54/54/54 705/714/705 292/294/292 
f 822/833/822 823/834/823 824/835/824 
f 825/836/825 687/695/687 826/837/826 
f 827/838/827 828/839/828 829/840/829 
f 830/841/830 831/842/831 832/843/832 
f 833/844/833 402/405/402 834/845/834 
f 835/846/835 89/89/89 836/847/836 
f 837/848/837 838/849/838 839/850/839 
f 840/851/840 841/852/841 842/853/842 
f 843/854/843 844/855/844 845/856/845 
f 228/228/228 644/648/644 846/857/846 
f 847/858/847 848/859/848 849/860/849 
f 850/861/850 851/862/851 852/863/852 
f 853/864/853 854/865/854 855/866/855 
f 96/96/96 95/95/95 7/7/7 
f 120/120/120 856/867/856 121/121/121 
f 597/601/597 857/868/857 858/869/858 
f 859/870/859 860/871/860 339/342/339 
f 861/872/861 862/873/862 863/874/863 
f 864/875/864 865/876/865 866/877/866 
f 867/878/867 868/879/868 869/880/869 
f 606/610/606 870/881/870 621/625/621 
f 871/882/871 872/883/872 873/884/873 
f 874/885/874 875/886/875 876/887/876 
f 877/888/877 653/658/653 878/889/878 
f 879/890/879 880/891/880 558/562/558 
f 881/892/881 882/893/882 883/894/883 
f 227/227/227 884/895/884 201/201/201 
f 885/896/885 886/897/886 591/595/591 
f 887/898/887 888/899/888 889/900/889 
f 890/901/890 891/902/891 892/903/892 
f 887/898/887 889/900/889 690/698/690 
f 893/904/893 894/905/894 895/906/895 
f 896/907/896 897/908/897 898/909/898 
f 899/910/899 900/911/900 87/912/87 
f 851/862/851 850/861/850 901/913/901 
f 902/914/902 903/915/903 904/916/904 
f 554/558/554 905/917/905 555/559/555 
f 906/918/906 907/919/907 908/920/908 
f 909/921/909 910/922/910 911/923/911 
f 912/924/912 396/399/396 913/925/913 
f 914/926/914 611/615/611 915/927/915 
f 916/928/916 884/895/884 690/698/690 
f 917/929/917 918/930/918 919/931/919 
f 920/932/920 921/933/921 922/934/922 
f 923/935/923 924/936/924 925/937/925 
f 926/938/926 927/939/927 928/940/928 
f 929/941/929 930/942/930 931/943/931 
f 932/944/932 933/945/933 230/230/230 
f 934/946/934 935/947/935 936/948/936 
f 937/949/937 938/950/938 939/951/939 
f 210/210/210 940/952/940 941/953/941 
f 942/954/942 943/955/943 944/956/944 
f 945/957/945 946/958/946 947/959/947 
f 948/960/948 949/961/949 950/962/950 
f 951/963/951 927/939/927 952/964/952 
f 953/965/953 954/966/954 622/967/622 
f 955/968/955 425/428/425 956/969/956 
f 957/970/957 520/524/520 958/971/958 
f 959/972/959 715/973/715 300/303/300 
f 960/974/960 961/975/961 962/976/962 
f 963/977/963 964/978/964 965/979/965 
f 966/980/966 967/981/967 968/982/968 
f 969/983/969 794/805/794 970/984/970 
f 971/985/971 972/986/972 973/987/973 
f 974/988/974 975/989/975 976/990/976 
f 726/991/726 199/199/199 198/198/198 
f 977/992/977 703/712/703 556/711/556 
f 978/993/978 979/994/979 980/995/980 
f 981/996/981 982/997/982 983/998/983 
f 133/133/133 984/999/984 134/134/134 
f 985/1000/985 986/1001/986 234/1002/234 
f 987/1003/987 988/1004/988 989/1005/989 
f 990/1006/990 991/1007/991 992/1008/992 
f 354/357/354 384/1009/384 352/355/352 
f 993/1010/993 994/1011/994 995/1012/995 
f 687/695/687 825/836/825 688/696/688 
f 996/1013/996 997/1014/997 723/732/723 
f 998/1015/998 999/1016/999 1000/1017/1000 
f 513/517/513 1001/1018/1001 1002/1019/1002 
f 192/192/192 128/128/128 193/193/193 
f 1003/1020/1003 1004/1021/1004 1005/1022/1005 
f 1006/1023/1006 1007/1024/1007 872/883/872 
f 1008/1025/1008 1009/1026/1009 502/505/502 
f 1010/1027/1010 1011/1028/1011 1012/1029/1012 
f 1013/1030/1013 1014/1031/1014 273/275/273 
f 1015/1032/1015 391/394/391 390/393/390 
f 1016/1033/1016 264/266/264 1017/1034/1017 
f 574/578/574 1018/1035/1018 1019/1036/1019 
f 1020/1037/1020 1021/1038/1021 1022/1039/1022 
f 1023/1040/1023 1024/1041/1024 1025/1042/1025 
f 1026/1043/1026 1027/1044/1027 1028/1045/1028 
f 1029/1046/1029 1030/1047/1030 1031/1048/1031 
f 1032/1049/1032 1033/1050/1033 1034/1051/1034 
f 1035/1052/1035 1036/1053/1036 967/981/967 
f 1037/1054/1037 1038/1055/1038 1039/1056/1039 
f 1040/1057/1040 1041/1058/1041 1042/1059/1042 
f 1043/1060/1043 1044/1061/1044 1045/1062/1045 
f 732/743/732 1046/1063/1046 1047/1064/1047 
f 1048/1065/1048 1049/1066/1049 1050/1067/1050 
f 1051/1068/1051 121/121/121 1052/1069/1052 
f 1053/1070/1053 1054/1071/1054 1055/1072/1055 
f 1056/1073/1056 1057/1074/1057 1058/1075/1058 
f 850/861/850 852/863/852 915/927/915 
f 1059/1076/1059 118/118/118 1060/1077/1060 
f 1061/1078/1061 1062/1079/1062 1063/1080/1063 
f 1064/1081/1064 1065/1082/1065 1066/1083/1066 
f 1067/1084/1067 157/157/157 156/156/156 
f 1068/1085/1068 1069/1086/1069 1070/1087/1070 
f 1071/1088/1071 1051/1068/1051 1072/1089/1072 
f 70/70/70 1073/1090/1073 774/785/774 
f 1074/1091/1074 1075/1092/1075 1076/1093/1076 
f 1077/1094/1077 1078/1095/1078 1079/1096/1079 
f 444/447/444 1080/1097/1080 258/260/258 
f 1081/1098/1081 1082/1099/1082 1083/1100/1083 
f 1084/1101/1084 1085/1102/1085 1086/1103/1086 
f 367/370/367 164/164/164 1087/1104/1087 
f 1088/1105/1088 1089/1106/1089 1090/1107/1090 
f 1091/1108/1091 886/897/886 885/896/885 
f 1092/1109/1092 1093/1110/1093 1094/1111/1094 
f 1095/1112/1095 40/1113/40 314/317/314 
f 591/595/591 886/897/886 1096/1114/1096 
f 1097/1115/1097 1098/1116/1098 1099/1117/1099 
f 697/705/697 122/122/122 1014/1031/1014 
f 1100/1118/1100 1101/1119/1101 1102/1120/1102 
f 1103/1121/1103 1104/1122/1104 1105/1123/1105 
f 667/1124/667 1106/1125/1106 1107/1126/1107 
f 1108/1127/1108 1109/1128/1109 1110/1129/1110 
f 589/593/589 1111/1130/1111 1112/1131/1112 
f 156/156/156 1113/1132/1113 1072/1089/1072 
f 557/1133/557 1114/1134/1114 1024/1041/1024 
f 704/713/704 1115/1135/1115 1114/1134/1114 
f 1116/1136/1116 1117/1137/1117 1118/1138/1118 
f 483/486/483 485/488/485 739/750/739 
f 1119/1139/1119 1120/1140/1120 1121/1141/1121 
f 1122/1142/1122 1123/1143/1123 1124/1144/1124 
f 1125/1145/1125 380/383/380 1126/1146/1126 
f 1127/1147/1127 1128/1148/1128 1129/1149/1129 
f 1042/1059/1042 1130/1150/1130 1131/1151/1131 
f 1132/1152/1132 1133/1153/1133 450/453/450 
f 824/835/824 545/549/545 544/548/544 
f 1134/1154/1134 1135/1155/1135 1033/1050/1033 
f 1136/1156/1136 1137/1157/1137 1138/1158/1138 
f 1139/1159/1139 609/613/609 608/612/608 
f 1140/1160/1140 1141/1161/1141 1142/1162/1142 
f 1143/1163/1143 1144/1164/1144 1145/1165/1145 
f 1146/1166/1146 1147/1167/1147 1148/1168/1148 
f 839/850/839 319/322/319 1149/1169/1149 
f 1150/1170/1150 1151/1171/1151 1152/1172/1152 
f 1153/1173/1153 1154/1174/1154 1155/1175/1155 
f 662/667/662 444/447/444 1156/1176/1156 
f 902/914/902 1157/1177/1157 1158/1178/1158 
f 1159/1179/1159 1160/1180/1160 1161/1181/1161 
f 1162/1182/1162 1163/1183/1163 1164/1184/1164 
f 1165/1185/1165 856/867/856 120/120/120 
f 1166/1186/1166 1167/1187/1167 1168/1188/1168 
f 1169/1189/1169 1170/1190/1170 1171/1191/1171 
f 1172/1192/1172 584/588/584 585/589/585 
f 1173/1193/1173 1174/1194/1174 1175/1195/1175 
f 162/162/162 1176/1196/1176 1177/1197/1177 
f 1178/1198/1178 1179/1199/1179 1180/1200/1180 
f 694/702/694 1181/1201/1181 692/700/692 
f 1182/1202/1182 1183/1203/1183 1184/1204/1184 
f 808/819/808 1046/1063/1046 731/742/731 
f 240/240/240 1080/1097/1080 512/1205/512 
f 1185/1206/1185 1186/1207/1186 1187/1208/1187 
f 193/193/193 573/577/573 629/633/629 
f 1059/1076/1059 1060/1077/1060 47/47/47 
f 1188/1209/1188 1189/1210/1189 1190/1211/1190 
f 220/220/220 1191/1212/1191 1192/1213/1192 
f 602/606/602 1193/1214/1193 1194/1215/1194 
f 1067/1084/1067 1195/1216/1195 1196/1217/1196 
f 1197/1218/1197 623/1219/623 1198/1220/1198 
f 1199/1221/1199 1200/1222/1200 1201/1223/1201 
f 137/137/137 1202/1224/1202 364/367/364 
f 964/978/964 1203/1225/1203 1204/1226/1204 
f 261/263/261 1205/1227/1205 1206/1228/1206 
f 774/785/774 1073/1090/1073 523/527/523 
f 221/221/221 303/306/303 585/589/585 
f 614/618/614 613/617/613 356/359/356 
f 423/426/423 271/273/271 158/158/158 
f 275/277/275 329/332/329 388/391/388 
f 1207/1229/1207 1208/1230/1208 1209/1231/1209 
f 859/870/859 339/342/339 1210/1232/1210 
f 315/318/315 314/317/314 283/285/283 
f 1211/1233/1211 136/136/136 463/466/463 
f 737/748/737 740/751/740 165/165/165 
f 511/514/511 241/1234/241 512/515/512 
f 1212/1235/1212 1213/1236/1213 737/748/737 
f 1214/1237/1214 1215/1238/1215 1156/1176/1156 
f 138/138/138 926/938/926 1216/1239/1216 
f 1217/1240/1217 1218/1241/1218 1219/1242/1219 
f 315/318/315 517/521/517 1220/1243/1220 
f 328/331/328 1221/1244/1221 1222/1245/1222 
f 1223/1246/1223 1224/1247/1224 1225/1248/1225 
f 51/51/51 1015/1032/1015 390/393/390 
f 1226/1249/1226 1227/1250/1227 1228/1251/1228 
f 1229/1252/1229 1230/1253/1230 1231/1254/1231 
f 1232/1255/1232 409/412/409 1233/1256/1233 
f 639/643/639 1234/1257/1234 959/972/959 
f 1235/1258/1235 682/690/682 102/102/102 
f 1236/1259/1236 299/302/299 161/301/161 
f 1237/1260/1237 1206/1261/1206 333/336/333 
f 1238/1262/1238 1239/1263/1239 1240/1264/1240 
f 1241/1265/1241 772/783/772 616/620/616 
f 1242/1266/1242 936/948/936 1243/1267/1243 
f 1244/1268/1244 1245/1269/1245 1246/1270/1246 
f 1247/1271/1247 12/12/12 419/422/419 
f 1248/1272/1248 142/142/142 1249/1273/1249 
f 901/913/901 459/462/459 1250/1274/1250 
f 715/1275/715 159/159/159 300/1276/300 
f 1251/1277/1251 1202/1224/1202 1252/1278/1252 
f 1253/1279/1253 1155/1175/1155 1254/1280/1254 
f 1255/1281/1255 1256/1282/1256 1257/1283/1257 
f 1258/1284/1258 225/225/225 1259/1285/1259 
f 652/657/652 1260/1286/1260 653/658/653 
f 694/702/694 1261/1287/1261 1181/1201/1181 
f 1262/1288/1262 1263/1289/1263 1264/1290/1264 
f 257/259/257 1265/1291/1265 255/257/255 
f 1266/1292/1266 1267/1293/1267 943/955/943 
f 489/492/489 1058/1075/1058 1268/1294/1268 
f 1269/1295/1269 1270/1296/1270 860/871/860 
f 1271/1297/1271 1272/1298/1272 1273/1299/1273 
f 1274/1300/1274 1275/1301/1275 1276/1302/1276 
f 418/421/418 846/857/846 739/750/739 
f 1277/1303/1277 154/154/154 153/153/153 
f 1278/1304/1278 577/581/577 896/907/896 
f 1279/1305/1279 1280/1306/1280 1281/1307/1281 
f 1282/1308/1282 1283/1309/1283 1284/1310/1284 
f 1036/1053/1036 1285/1311/1285 1286/1312/1286 
f 1287/1313/1287 1288/1314/1288 1289/1315/1289 
f 829/840/829 1290/1316/1290 827/838/827 
f 1273/1317/1273 1291/1318/1291 1292/1319/1292 
f 1293/1320/1293 1147/1167/1147 1146/1166/1146 
f 425/428/425 427/430/427 1115/1135/1115 
f 1294/1321/1294 699/707/699 1295/1322/1295 
f 626/630/626 372/1323/372 1296/1324/1296 
f 500/503/500 793/804/793 1297/1325/1297 
f 1298/1326/1298 1299/1327/1299 1300/1328/1300 
f 1301/1329/1301 1302/1330/1302 1303/1331/1303 
f 1304/1332/1304 1305/1333/1305 1306/1334/1306 
f 343/346/343 345/348/345 1307/1335/1307 
f 908/920/908 417/420/417 739/750/739 
f 1308/1336/1308 916/928/916 1309/1337/1309 
f 232/232/232 1310/1338/1310 368/371/368 
f 1311/1339/1311 1312/1340/1312 1313/1341/1313 
f 1314/1342/1314 1315/1343/1315 1316/1344/1316 
f 1317/1345/1317 521/525/521 584/588/584 
f 1318/1346/1318 504/507/504 1319/1347/1319 
f 1320/1348/1320 237/237/237 1321/1349/1321 
f 1322/1350/1322 1323/1351/1323 1324/1352/1324 
f 1325/1353/1325 1326/1354/1326 1327/1355/1327 
f 882/893/882 881/892/881 1328/1356/1328 
f 1111/1130/1111 725/1357/725 1112/1131/1112 
f 1264/1290/1264 1329/1358/1329 1330/1359/1330 
f 530/534/530 529/533/529 1331/1360/1331 
f 1146/1166/1146 1332/1361/1332 1293/1320/1293 
f 1016/1033/1016 1333/1362/1333 1334/1363/1334 
f 1307/1335/1307 345/348/345 1335/1364/1335 
f 1336/1365/1336 1337/1366/1337 963/977/963 
f 1338/1367/1338 1339/1368/1339 466/469/466 
f 125/125/125 124/124/124 1340/1369/1340 
f 1341/1370/1341 1342/1371/1342 1343/1372/1343 
f 46/46/46 666/671/666 613/617/613 
f 1294/1321/1294 1295/1322/1295 1344/1373/1344 
f 1015/1032/1015 1345/1374/1345 1346/1375/1346 
f 1347/1376/1347 1348/1377/1348 1349/1378/1349 
f 696/704/696 120/120/120 122/122/122 
f 1350/1379/1350 237/237/237 1070/1087/1070 
f 818/829/818 1351/1380/1351 819/830/819 
f 227/227/227 400/403/400 1352/1381/1352 
f 1353/1382/1353 171/1383/171 1354/1384/1354 
f 1355/1385/1355 1356/1386/1356 991/1007/991 
f 297/299/297 296/298/296 754/765/754 
f 370/1387/370 1357/1388/1357 18/18/18 
f 736/747/736 1069/1086/1069 1358/1389/1358 
f 157/157/157 1359/1390/1359 158/158/158 
f 1360/1391/1360 1361/1392/1361 1362/1393/1362 
f 1363/1394/1363 1364/1395/1364 1365/1396/1365 
f 1366/1397/1366 1367/1398/1367 907/919/907 
f 1257/1283/1257 1368/1399/1368 1369/1400/1369 
f 1370/1401/1370 1371/1402/1371 1372/1403/1372 
f 1373/1404/1373 1374/1405/1374 1375/1406/1375 
f 1376/1407/1376 1377/1408/1377 1378/1409/1378 
f 1379/1410/1379 285/287/285 1380/1411/1380 
f 1381/1412/1381 1382/1413/1382 1383/1414/1383 
f 1384/1415/1384 1385/1416/1385 1386/1417/1386 
f 1387/1418/1387 1388/1419/1388 1260/1286/1260 
f 1389/1420/1389 665/670/665 664/669/664 
f 1390/1421/1390 6/6/6 1391/1422/1391 
f 1251/1277/1251 1392/1423/1392 1202/1224/1202 
f 246/248/246 248/250/248 756/767/756 
f 1393/1424/1393 1276/1302/1276 1275/1301/1275 
f 1394/1425/1394 1395/1426/1395 1396/1427/1396 
f 1397/1428/1397 1398/1429/1398 1399/1430/1399 
f 674/680/674 1400/1431/1400 1401/1432/1401 
f 1402/1433/1402 1384/1415/1384 1403/1434/1403 
f 1404/1435/1404 1405/1436/1405 578/1437/578 
f 1406/1438/1406 1407/1439/1407 377/380/377 
f 1408/1440/1408 1409/1441/1409 434/437/434 
f 1410/1442/1410 1411/1443/1411 1412/1444/1412 
f 1413/1445/1413 1414/1446/1414 1415/1447/1415 
f 1416/1448/1416 1417/1449/1417 1418/1450/1418 
f 168/168/168 167/167/167 1419/1451/1419 
f 1420/1452/1420 1421/1453/1421 661/666/661 
f 443/446/443 1422/1454/1422 1423/1455/1423 
f 1424/1456/1424 1425/1457/1425 1426/1458/1426 
f 1353/1459/1353 1427/1460/1427 172/172/172 
f 1428/1461/1428 661/666/661 114/114/114 
f 323/326/323 325/328/325 330/333/330 
f 1429/1462/1429 1430/1463/1430 1431/1464/1431 
f 1432/1465/1432 1433/1466/1433 1434/1467/1434 
f 137/137/137 136/136/136 1252/1278/1252 
f 358/361/358 1180/1200/1180 1435/1468/1435 
f 1436/1469/1436 1437/1470/1437 1438/1471/1438 
f 1439/1472/1439 1210/1232/1210 1440/1473/1440 
f 1441/1474/1441 1442/1475/1442 1443/1476/1443 
f 1444/1477/1444 1445/1478/1445 1446/1479/1446 
f 1447/1480/1447 1448/1481/1448 1449/1482/1449 
f 1450/1483/1450 1128/1148/1128 680/688/680 
f 1451/1484/1451 1452/1485/1452 1453/1486/1453 
f 1454/1487/1454 585/589/585 941/953/941 
f 603/607/603 1194/1215/1194 1455/1488/1455 
f 1456/1489/1456 64/64/64 1457/1490/1457 
f 1458/1491/1458 1459/1492/1459 1460/1493/1460 
f 1461/1494/1461 1289/1315/1289 1462/1495/1462 
f 1463/1496/1463 1390/1421/1390 1391/1422/1391 
f 893/904/893 1464/1497/1464 1465/1498/1465 
f 290/292/290 1466/1499/1466 1467/1500/1467 
f 1468/1501/1468 1454/1487/1454 1469/1502/1469 
f 1470/1503/1470 1471/1504/1471 1472/1505/1472 
f 747/758/747 1473/1506/1473 1474/1507/1474 
f 436/439/436 1475/1508/1475 1408/1440/1408 
f 1476/1509/1476 1477/1510/1477 729/740/729 
f 1478/1511/1478 1479/1512/1479 1480/1513/1480 
f 754/765/754 1481/1514/1481 755/766/755 
f 1317/1345/1317 1172/1192/1172 1482/1515/1482 
f 1483/1516/1483 1484/1517/1484 1485/1518/1485 
f 1486/1519/1486 514/518/514 1487/1520/1487 
f 1488/1521/1488 1489/1522/1489 1490/1523/1490 
f 1491/1524/1491 1492/1525/1492 1493/1526/1493 
f 290/292/290 490/493/490 1268/1294/1268 
f 336/339/336 1494/1527/1494 1495/1528/1495 
f 191/191/191 628/632/628 395/398/395 
f 1496/1529/1496 1272/1298/1272 1271/1297/1271 
f 1497/1530/1497 1498/1531/1498 1499/1532/1499 
f 325/328/325 907/919/907 906/918/906 
f 288/290/288 1057/1074/1057 1349/1378/1349 
f 1486/1519/1486 515/519/515 514/518/514 
f 910/922/910 30/30/30 1500/1533/1500 
f 1501/1534/1501 1502/1535/1502 1503/1536/1503 
f 192/192/192 1504/1537/1504 1505/1538/1505 
f 1475/1508/1475 1506/1539/1506 1507/1540/1507 
f 389/392/389 1253/1279/1253 390/393/390 
f 543/547/543 545/549/545 1425/1457/1425 
f 507/510/507 1083/1100/1083 1508/1541/1508 
f 1006/1023/1006 872/883/872 871/882/871 
f 1509/1542/1509 1510/1543/1510 1511/1544/1511 
f 1512/1545/1512 922/934/922 1513/1546/1513 
f 368/371/368 1310/1338/1310 223/223/223 
f 1293/1320/1293 269/271/269 1147/1167/1147 
f 1252/1278/1252 1211/1233/1211 1514/1547/1514 
f 1515/1548/1515 1516/1549/1516 159/159/159 
f 1517/1550/1517 43/43/43 1518/1551/1518 
f 145/145/145 1519/1552/1519 1520/1553/1520 
f 1317/1345/1317 522/526/522 521/525/521 
f 1521/1554/1521 1522/1555/1522 1523/1556/1523 
f 1524/1557/1524 933/945/933 1525/1558/1525 
f 1526/1559/1526 1527/1560/1527 1354/1384/1354 
f 214/214/214 1528/1561/1528 1529/1562/1529 
f 1530/1563/1530 930/942/930 1531/1564/1531 
f 1532/1565/1532 951/963/951 952/964/952 
f 1382/1413/1382 1381/1412/1381 1533/1566/1533 
f 1249/1273/1249 670/675/670 25/677/25 
f 1534/1567/1534 332/1568/332 609/613/609 
f 1535/1569/1535 1536/1570/1536 840/851/840 
f 852/863/852 914/926/914 915/927/915 
f 1537/1571/1537 1538/1572/1538 1021/1038/1021 
f 1539/1573/1539 96/96/96 1540/1574/1540 
f 1158/1178/1158 903/915/903 902/914/902 
f 1018/1035/1018 1541/1575/1541 1542/1576/1542 
f 370/1387/370 53/53/53 371/1577/371 
f 1135/1155/1135 1543/1578/1543 1033/1050/1033 
f 1544/1579/1544 1545/1580/1545 820/831/820 
f 545/549/545 824/835/824 823/834/823 
f 543/547/543 1546/1581/1546 544/548/544 
f 699/707/699 1294/1321/1294 1547/1582/1547 
f 1548/1583/1548 863/874/863 862/873/862 
f 1549/1584/1549 1550/1585/1550 1161/1181/1161 
f 872/883/872 1007/1024/1007 1551/1586/1551 
f 1552/1587/1552 1553/1588/1553 1554/1589/1554 
f 1200/1222/1200 1555/1590/1555 1201/1223/1201 
f 1556/1591/1556 1557/1592/1557 1558/1593/1558 
f 1559/1594/1559 1093/1110/1093 1092/1109/1092 
f 362/365/362 1392/1423/1392 1560/1595/1560 
f 920/932/920 922/934/922 1512/1545/1512 
f 1458/1491/1458 1561/1596/1561 1459/1492/1459 
f 1562/1597/1562 1563/1598/1563 624/1599/624 
f 7/7/7 1540/1574/1540 96/96/96 
f 1564/1600/1564 1151/1171/1151 1565/1601/1565 
f 1566/1602/1566 212/212/212 1529/1562/1529 
f 1183/1203/1183 1135/1155/1135 1567/1603/1567 
f 1568/1604/1568 1569/1605/1569 1570/1606/1570 
f 1571/1607/1571 1572/1608/1572 1275/1301/1275 
f 1031/1048/1031 1573/1609/1573 683/1610/683 
f 1574/1611/1574 1575/1612/1575 1576/1613/1576 
f 1577/1614/1577 245/245/245 151/247/151 
f 1578/1615/1578 1579/1616/1579 1580/1617/1580 
f 626/630/626 1296/1324/1296 627/631/627 
f 1581/1618/1581 1414/1446/1414 1582/1619/1582 
f 601/605/601 1583/1620/1583 1584/1621/1584 
f 1585/1622/1585 1586/1623/1586 1587/1624/1587 
f 1588/1625/1588 1589/1626/1589 147/147/147 
f 1071/1088/1071 1113/1132/1113 273/275/273 
f 1590/1627/1590 1400/1431/1400 1591/1628/1591 
f 1592/1629/1592 1593/1630/1593 663/668/663 
f 313/316/313 1077/1094/1077 1594/1631/1594 
f 1595/1632/1595 1596/1633/1596 1597/1634/1597 
f 1598/1635/1598 1599/1636/1599 1600/1637/1600 
f 1601/1638/1601 1602/1639/1602 879/890/879 
f 625/629/625 1396/1427/1396 626/630/626 
f 1307/1335/1307 919/931/919 1603/1640/1603 
f 90/90/90 1604/1641/1604 39/39/39 
f 799/810/799 1605/1642/1605 1606/1643/1606 
f 1607/1644/1607 1608/1645/1608 1609/1646/1609 
f 1610/1647/1610 1611/1648/1611 1612/1649/1612 
f 1613/1650/1613 1614/1651/1614 1615/1652/1615 
f 7/7/7 9/9/9 1540/1574/1540 
f 1616/1653/1616 1011/1028/1011 1617/1654/1617 
f 1256/1282/1256 1618/1655/1618 1619/1656/1619 
f 1308/1336/1308 201/201/201 884/895/884 
f 1008/1025/1008 1620/1657/1620 1621/1658/1621 
f 337/340/337 1622/1659/1622 789/800/789 
f 1623/1660/1623 1624/1661/1624 167/167/167 
f 1625/1662/1625 1626/1663/1626 1627/1664/1627 
f 1628/1665/1628 1629/1666/1629 1630/1667/1630 
f 1631/1668/1631 1097/1115/1097 1632/1669/1632 
f 1393/1424/1393 1572/1608/1572 1633/1670/1633 
f 1634/1671/1634 1635/1672/1635 1636/1673/1636 
f 1637/1674/1637 1638/1675/1638 1639/1676/1639 
f 1640/1677/1640 1641/1678/1641 1642/1679/1642 
f 1643/1680/1643 1644/1681/1644 522/526/522 
f 1627/1664/1627 1167/1187/1167 1645/1682/1645 
f 856/867/856 1052/1069/1052 121/121/121 
f 1646/1683/1646 1647/1684/1647 1543/1578/1543 
f 619/623/619 618/622/618 1648/1685/1648 
f 685/1686/685 160/160/160 1649/1687/1649 
f 1096/1114/1096 1650/1688/1650 591/595/591 
f 1651/1689/1651 1652/1690/1652 586/590/586 
f 1653/1691/1653 1654/1692/1654 1655/1693/1655 
f 831/842/831 830/841/830 1656/1694/1656 
f 1657/1695/1657 993/1010/993 1181/1201/1181 
f 852/863/852 1658/1696/1658 914/926/914 
f 1072/1089/1072 1051/1068/1051 1659/1697/1659 
f 1660/1698/1660 10/10/10 12/12/12 
f 1496/1529/1496 1271/1297/1271 1661/1699/1661 
f 243/243/243 1662/1700/1662 1663/1701/1663 
f 916/928/916 889/900/889 1664/1702/1664 
f 557/561/557 1024/1703/1024 1601/1638/1601 
f 1099/1117/1099 1665/1704/1665 1666/1705/1666 
f 1563/1598/1563 1667/1706/1667 1668/1707/1668 
f 1669/1708/1669 1584/1621/1584 1670/1709/1670 
f 777/788/777 1671/1710/1671 86/86/86 
f 1672/1711/1672 1673/1712/1673 1642/1713/1642 
f 635/639/635 611/615/611 1445/1478/1445 
f 63/63/63 1674/1714/1674 1675/1715/1675 
f 856/867/856 1165/1185/1165 1676/1716/1676 
f 1677/1717/1677 1678/1718/1678 1679/1719/1679 
f 1680/1720/1680 1072/1089/1072 1659/1697/1659 
f 1681/1721/1681 1682/1722/1682 1683/1723/1683 
f 1534/1567/1534 888/899/888 262/264/262 
f 1684/1724/1684 1685/1725/1685 1686/1726/1686 
f 977/1727/977 556/560/556 695/703/695 
f 1381/1412/1381 1687/1728/1687 1533/1566/1533 
f 1255/1281/1255 1257/1283/1257 1688/1729/1688 
f 1415/1447/1415 1414/1446/1414 1581/1618/1581 
f 1689/1730/1689 1690/1731/1690 1691/1732/1691 
f 484/487/484 483/486/483 1692/1733/1692 
f 1258/1284/1258 195/195/195 225/225/225 
f 44/44/44 43/43/43 1693/1734/1693 
f 1694/1735/1694 316/319/316 1577/1736/1577 
f 1695/1737/1695 1696/1738/1696 1697/1739/1697 
f 941/953/941 585/589/585 303/306/303 
f 1698/1740/1698 1699/1741/1699 1700/1742/1700 
f 20/20/20 1701/1743/1701 1702/1744/1702 
f 1703/1745/1703 1704/1746/1704 1705/1747/1705 
f 1242/1266/1242 1706/1748/1706 1707/1749/1707 
f 1708/1750/1708 1709/1751/1709 1625/1752/1625 
f 1710/1753/1710 1711/1754/1711 1712/1755/1712 
f 269/271/269 268/270/268 484/487/484 
f 972/986/972 1713/1756/1713 973/987/973 
f 268/270/268 485/488/485 484/487/484 
f 1714/1757/1714 1715/1758/1715 41/41/41 
f 212/212/212 214/214/214 1529/1562/1529 
f 1716/1759/1716 1717/1760/1717 1718/1761/1718 
f 1719/1762/1719 1720/1763/1720 1721/1764/1721 
f 14/14/14 1722/1765/1722 1723/1766/1723 
f 1724/1767/1724 1725/1768/1725 1137/1157/1137 
f 1726/1769/1726 1727/1770/1727 1728/1771/1728 
f 1729/1772/1729 1730/1773/1730 1731/1774/1731 
f 340/343/340 1732/1775/1732 341/344/341 
f 1733/1776/1733 1734/1777/1734 1735/1778/1735 
f 1627/1779/1627 1645/1780/1645 1736/1781/1736 
f 638/1782/638 1737/1783/1737 1220/1243/1220 
f 1738/1784/1738 28/1785/28 1739/1786/1739 
f 1740/1787/1740 1039/1056/1039 764/775/764 
f 1095/1788/1095 1714/1789/1714 40/1790/40 
f 1741/1791/1741 1742/1792/1742 1743/1793/1743 
f 1744/1794/1744 1745/1795/1745 1746/1796/1746 
f 1621/1658/1621 1282/1308/1282 1747/1797/1747 
f 1748/1798/1748 1749/1799/1749 1750/1800/1750 
f 1564/1600/1564 1751/1801/1751 1752/1802/1752 
f 68/68/68 1753/1803/1753 1391/1422/1391 
f 1175/1195/1175 1522/1555/1522 1754/1804/1754 
f 436/439/436 435/438/435 696/704/696 
f 472/475/472 1755/1805/1755 36/36/36 
f 1756/1806/1756 1757/1807/1757 1758/1808/1758 
f 1759/1809/1759 922/934/922 1760/1810/1760 
f 830/841/830 531/535/531 530/534/530 
f 1761/1811/1761 1111/1812/1111 1762/1813/1762 
f 1763/1814/1763 1764/1815/1764 1765/1816/1765 
f 1766/1817/1766 898/909/898 897/908/897 
f 776/787/776 116/116/116 115/115/115 
f 1114/1134/1114 557/1133/557 704/713/704 
f 167/167/167 169/169/169 1623/1660/1623 
f 1767/1818/1767 1768/1819/1768 1769/1820/1769 
f 375/378/375 1770/1821/1770 373/376/373 
f 274/276/274 1293/1320/1293 1771/1822/1771 
f 1772/1823/1772 1773/1824/1773 1774/1825/1774 
f 1775/1826/1775 1776/1827/1776 1777/1828/1777 
f 518/522/518 517/521/517 283/285/283 
f 492/495/492 411/1829/411 1774/1825/1774 
f 788/799/788 1778/1830/1778 1779/1831/1779 
f 1780/1832/1780 1781/1833/1781 588/592/588 
f 1165/1185/1165 1782/1834/1782 1783/1835/1783 
f 1784/1836/1784 1324/1352/1324 1323/1351/1323 
f 1785/1837/1785 1786/1838/1786 1787/1839/1787 
f 1788/1840/1788 1608/1645/1608 91/91/91 
f 1376/1407/1376 1789/1841/1789 1377/1408/1377 
f 1739/1786/1739 28/1785/28 1216/1842/1216 
f 436/439/436 696/704/696 697/705/697 
f 1790/1843/1790 529/533/529 1791/1844/1791 
f 268/270/268 270/272/270 738/749/738 
f 691/699/691 1002/1019/1002 1001/1018/1001 
f 92/92/92 91/91/91 1608/1645/1608 
f 981/996/981 949/961/949 948/960/948 
f 1460/1493/1460 1792/1845/1792 1458/1491/1458 
f 68/68/68 1391/1422/1391 6/6/6 
f 1793/1846/1793 1794/1847/1794 1795/1848/1795 
f 1796/1849/1796 420/423/420 1797/1850/1797 
f 298/300/298 1212/1235/1212 1192/1213/1192 
f 1798/1851/1798 1393/1424/1393 1633/1670/1633 
f 862/873/862 1799/1852/1799 625/629/625 
f 787/798/787 1800/1853/1800 1801/1854/1801 
f 1802/1855/1802 1259/1285/1259 1803/1856/1803 
f 1804/1857/1804 1805/1858/1805 1806/1859/1806 
f 1807/1860/1807 698/706/698 568/572/568 
f 1161/1181/1161 1380/1411/1380 1798/1851/1798 
f 1808/1861/1808 1809/1862/1809 1121/1141/1121 
f 741/752/741 1810/1863/1810 248/250/248 
f 833/844/833 1688/1729/1688 169/169/169 
f 779/790/779 1811/1864/1811 1812/1865/1812 
f 1022/1039/1022 1813/1866/1813 1408/1440/1408 
f 1814/1867/1814 1815/1868/1815 1816/1869/1816 
f 624/1599/624 1197/1218/1197 1562/1597/1562 
f 307/310/307 1068/1085/1068 305/308/305 
f 1817/1870/1817 1650/1688/1650 1096/1114/1096 
f 1530/1563/1530 1531/1564/1531 1818/1871/1818 
f 1568/1604/1568 1570/1606/1570 1819/1872/1819 
f 1520/1553/1520 1519/1552/1519 624/1599/624 
f 1448/1481/1448 832/843/832 1449/1482/1449 
f 1820/1873/1820 1821/1874/1821 1822/1875/1822 
f 1823/1876/1823 1818/1871/1818 1531/1564/1531 
f 946/958/946 1824/1877/1824 1125/1145/1125 
f 1825/1878/1825 1826/1879/1826 499/502/499 
f 551/555/551 146/146/146 1827/1880/1827 
f 1828/1881/1828 135/135/135 1829/1882/1829 
f 1047/1064/1047 1830/1883/1830 1831/1884/1831 
f 1832/1885/1832 1217/1240/1217 1219/1242/1219 
f 1833/1886/1833 1834/1887/1834 1439/1472/1439 
f 842/853/842 408/411/408 1551/1586/1551 
f 1539/1573/1539 670/675/670 141/141/141 
f 905/917/905 1835/1888/1835 555/559/555 
f 623/1889/623 954/966/954 1836/1890/1836 
f 1837/1891/1837 372/1323/372 626/630/626 
f 1569/1605/1569 1568/1604/1568 706/715/706 
f 1836/1890/1836 1555/1590/1555 1200/1222/1200 
f 617/621/617 96/96/96 1539/1573/1539 
f 873/884/873 872/883/872 1838/1892/1838 
f 1571/1607/1571 1839/1893/1839 1840/1894/1840 
f 1841/1895/1841 1842/1896/1842 1843/1897/1843 
f 1844/1898/1844 1751/1801/1751 1565/1601/1565 
f 1653/1691/1653 1655/1693/1655 1845/1899/1845 
f 1846/1900/1846 841/852/841 1847/1901/1847 
f 1848/1902/1848 1849/1903/1849 1850/1904/1850 
f 1089/1106/1089 1851/1905/1851 1090/1107/1090 
f 1823/1876/1823 1531/1564/1531 1852/1906/1852 
f 1852/1906/1852 929/941/929 1570/1606/1570 
f 1138/1158/1138 1853/1907/1853 1854/1908/1854 
f 1836/1890/1836 954/966/954 1555/1590/1555 
f 1855/1909/1855 1361/1392/1361 1856/1910/1856 
f 1857/1911/1857 1626/1663/1626 1858/1912/1858 
f 1859/1913/1859 1860/1914/1860 1078/1095/1078 
f 1861/1915/1861 1862/1916/1862 1863/1917/1863 
f 1864/1918/1864 1041/1058/1041 1040/1057/1040 
f 1865/1919/1865 1866/1920/1866 347/1921/347 
f 1867/1922/1867 1868/1923/1868 1869/1924/1869 
f 1870/1925/1870 1871/1926/1871 1872/1927/1872 
f 1873/1928/1873 1779/1831/1779 1778/1830/1778 
f 1874/1929/1874 1875/1930/1875 1876/1931/1876 
f 1877/1932/1877 1619/1933/1619 1618/1934/1618 
f 1631/1668/1631 1632/1669/1632 1859/1913/1859 
f 1878/1935/1878 1879/1936/1879 1880/1937/1880 
f 970/984/970 1592/1629/1592 1881/1938/1881 
f 1716/1759/1716 1882/1939/1882 1883/1940/1883 
f 147/147/147 1589/1626/1589 634/638/634 
f 1884/1941/1884 1885/1942/1885 1886/1943/1886 
f 1887/1944/1887 1888/1945/1888 1889/1946/1889 
f 1890/1947/1890 1891/1948/1891 1892/1949/1892 
f 1211/1233/1211 1893/1950/1893 1713/1951/1713 
f 1253/1279/1253 389/392/389 1155/1175/1155 
f 1599/1636/1599 1894/1952/1894 1895/1953/1895 
f 1896/1954/1896 1897/1955/1897 1898/1956/1898 
f 824/835/824 1409/1441/1409 1899/1957/1899 
f 1900/1958/1900 1893/1950/1893 463/466/463 
f 530/534/530 1901/1959/1901 1185/1206/1185 
f 1902/1960/1902 1903/1961/1903 1904/1962/1904 
f 1644/1681/1644 1905/1963/1905 203/203/203 
f 1906/1964/1906 1329/1358/1329 1907/1965/1907 
f 130/1966/130 9/9/9 1908/1967/1908 
f 1909/1968/1909 282/1969/282 284/1970/284 
f 606/610/606 621/625/621 604/608/604 
f 974/988/974 1910/1971/1910 864/875/864 
f 140/140/140 264/266/264 945/957/945 
f 1911/1972/1911 430/1973/430 1170/1190/1170 
f 1912/1974/1912 1152/1172/1152 182/182/182 
f 1913/1975/1913 1914/1976/1914 1364/1395/1364 
f 193/193/193 1915/1977/1915 1916/1978/1916 
f 1917/1979/1917 1744/1794/1744 1918/1980/1918 
f 259/261/259 239/239/239 1919/1981/1919 
f 1709/1751/1709 1708/1750/1708 1920/1982/1920 
f 1838/1892/1838 1921/1983/1921 1922/1984/1922 
f 1923/1985/1923 1652/1690/1652 1924/1986/1924 
f 1726/1769/1726 1925/1987/1925 595/599/595 
f 1926/1988/1926 1927/1989/1927 1928/1990/1928 
f 1929/1991/1929 1190/1211/1190 1930/1992/1930 
f 668/673/668 1848/1993/1848 669/674/669 
f 1311/1339/1311 1931/1994/1931 1312/1340/1312 
f 1932/1995/1932 940/952/940 1933/1996/1933 
f 851/862/851 587/591/587 1934/1997/1934 
f 1935/1998/1935 1936/1999/1936 1937/2000/1937 
f 330/333/330 906/918/906 270/272/270 
f 1824/1877/1824 381/384/381 380/383/380 
f 1938/2001/1938 1666/2002/1666 1939/2003/1939 
f 1940/2004/1940 1941/2005/1941 1942/2006/1942 
f 1448/1481/1448 1943/2007/1943 832/843/832 
f 1944/2008/1944 1945/2009/1945 1946/2010/1946 
f 1541/1575/1541 1018/1035/1018 911/923/911 
f 1250/1274/1250 1947/2011/1947 1780/1832/1780 
f 1910/1971/1910 1948/2012/1948 1949/2013/1949 
f 1950/2014/1950 1951/2015/1951 1952/2016/1952 
f 1953/2017/1953 1817/1870/1817 1096/1114/1096 
f 1954/2018/1954 1955/2019/1955 1331/1360/1331 
f 1095/1788/1095 1956/2020/1956 1714/1789/1714 
f 81/81/81 1957/2021/1957 79/79/79 
f 274/276/274 269/271/269 1293/1320/1293 
f 1958/2022/1958 1388/1419/1388 1387/1418/1387 
f 1959/2023/1959 1960/2024/1960 1449/1482/1449 
f 1961/2025/1961 309/312/309 1962/2026/1962 
f 651/656/651 1383/1414/1383 649/654/649 
f 1882/1939/1882 1412/1444/1412 1963/2027/1963 
f 1964/2028/1964 1965/2029/1965 1966/2030/1966 
f 1967/2031/1967 1968/2032/1968 482/485/482 
f 1749/1799/1749 1969/2033/1969 1970/2034/1970 
f 368/371/368 1971/2035/1971 232/232/232 
f 1972/2036/1972 1410/1442/1410 1973/2037/1973 
f 1577/1614/1577 151/247/151 1694/2038/1694 
f 1953/2017/1953 1096/1114/1096 1974/2039/1974 
f 1975/2040/1975 462/465/462 1752/1802/1752 
f 1976/2041/1976 1549/1584/1549 1157/1177/1157 
f 1977/2042/1977 1978/2043/1978 1979/2044/1979 
f 1980/2045/1980 1981/2046/1981 29/29/29 
f 1982/2047/1982 347/1921/347 1866/1920/1866 
f 1983/2048/1983 1984/2049/1984 1985/2050/1985 
f 630/634/630 1986/2051/1986 1987/2052/1987 
f 1988/2053/1988 1601/1638/1601 1023/2054/1023 
f 1944/2008/1944 1251/1277/1251 1514/1547/1514 
f 1989/2055/1989 1990/2056/1990 1991/2057/1991 
f 1992/2058/1992 1993/2059/1993 1994/2060/1994 
f 1810/1863/1810 756/767/756 248/250/248 
f 1091/1108/1091 1995/2061/1995 1996/2062/1996 
f 1997/2063/1997 1998/2064/1998 58/2065/58 
f 1999/2066/1999 2000/2067/2000 743/754/743 
f 1027/1044/1027 1026/1043/1026 2001/2068/2001 
f 2002/2069/2002 2003/2070/2003 2004/2071/2004 
f 877/888/877 2005/2072/2005 653/658/653 
f 993/1010/993 995/1012/995 2006/2073/2006 
f 2007/2074/2007 331/334/331 1849/2075/1849 
f 1059/1076/1059 2008/2076/2008 1995/2061/1995 
f 2009/2077/2009 2010/2078/2010 2011/2079/2011 
f 2012/2080/2012 1155/1175/1155 1154/1174/1154 
f 2013/2081/2013 2014/2082/2014 876/887/876 
f 515/519/515 1486/1519/1486 1124/1144/1124 
f 2015/2083/2015 1319/1347/1319 504/507/504 
f 2016/2084/2016 2017/2085/2017 2018/2086/2018 
f 610/614/610 236/236/236 757/768/757 
f 524/528/524 2019/2087/2019 2020/2088/2020 
f 464/467/464 1339/1368/1339 660/665/660 
f 2021/2089/2021 2022/2090/2022 2023/2091/2023 
f 2024/2092/2024 2025/2093/2025 2026/2094/2026 
f 224/224/224 226/226/226 2027/2095/2027 
f 1884/1941/1884 410/2096/410 1885/1942/1885 
f 2028/2097/2028 202/202/202 1308/1336/1308 
f 24/24/24 2029/2098/2029 22/22/22 
f 2030/2099/2030 2031/2100/2031 2026/2094/2026 
f 1855/1909/1855 2032/2101/2032 2033/2102/2033 
f 761/772/761 2034/2103/2034 322/325/322 
f 16/16/16 18/18/18 1357/1388/1357 
f 2035/2104/2035 373/376/373 2036/2105/2036 
f 2037/2106/2037 2038/2107/2038 2039/2108/2039 
f 1539/1573/1539 618/622/618 617/621/617 
f 143/143/143 142/142/142 495/498/495 
f 2040/2109/2040 2041/2110/2041 2042/2111/2042 
f 2043/2112/2043 1421/1453/1421 256/258/256 
f 2044/2113/2044 2045/2114/2045 1992/2058/1992 
f 2046/2115/2046 2047/2116/2047 2048/2117/2048 
f 914/926/914 1446/1479/1446 1445/1478/1445 
f 514/518/514 2049/2118/2049 1487/1520/1487 
f 2050/2119/2050 2051/2120/2051 2052/2121/2052 
f 2053/2122/2053 2054/2123/2054 2055/2124/2055 
f 1193/1214/1193 2056/2125/2056 1194/1215/1194 
f 826/837/826 1386/1417/1386 1868/1923/1868 
f 1818/1871/1818 1823/1876/1823 2057/2126/2057 
f 2043/2112/2043 256/258/256 255/257/255 
f 1676/1716/1676 1783/1835/1783 1580/1617/1580 
f 2058/2127/2058 2059/2128/2059 2060/2129/2060 
f 130/2130/130 1908/2131/1908 131/2132/131 
f 1616/1653/1616 2061/2133/2061 1011/1028/1011 
f 2062/2134/2062 1491/1524/1491 2063/2135/2063 
f 179/179/179 220/220/220 1192/1213/1192 
f 1954/2018/1954 2064/2136/2064 1546/1581/1546 
f 953/965/953 2065/2137/2065 2066/2138/2066 
f 1115/1135/1115 704/713/704 703/712/703 
f 118/118/118 1091/1108/1091 119/119/119 
f 310/313/310 898/909/898 308/311/308 
f 2067/2139/2067 2068/2140/2068 2069/2141/2069 
f 2070/2142/2070 982/997/982 2071/2143/2071 
f 1022/1039/1022 1408/1440/1408 1475/1508/1475 
f 156/156/156 1072/1089/1072 1680/1720/1680 
f 1837/1891/1837 626/630/626 1396/1427/1396 
f 1409/1441/1409 824/835/824 2072/2144/2072 
f 1330/1359/1330 173/173/173 2073/2145/2073 
f 1451/1484/1451 2074/2146/2074 2075/2147/2075 
f 2076/2148/2076 2077/2149/2077 2078/2150/2078 
f 2079/2151/2079 2080/2152/2080 2081/2153/2081 
f 1454/1487/1454 1172/1192/1172 585/589/585 
f 1537/1571/1537 2082/2154/2082 1538/1572/1538 
f 2083/2155/2083 2084/2156/2084 2085/2157/2085 
f 2086/2158/2086 1179/1199/1179 1178/1198/1178 
f 1539/1573/1539 129/2159/129 670/675/670 
f 2087/2160/2087 2088/2161/2088 1423/2162/1423 
f 1963/2027/1963 1412/1444/1412 1411/1443/1411 
f 1106/2163/1106 667/2164/667 1940/2004/1940 
f 2089/2165/2089 919/931/919 1307/1335/1307 
f 1844/2166/1844 2090/2167/2090 1751/2168/1751 
f 1797/1850/1797 420/423/420 2091/2169/2091 
f 2092/2170/2092 1667/1706/1667 1562/1597/1562 
f 1636/1673/1636 2093/2171/2093 2094/2172/2094 
f 2095/2173/2095 2096/2174/2096 2097/2175/2097 
f 1139/1159/1139 888/899/888 609/613/609 
f 1156/1176/1156 444/447/444 258/260/258 
f 2098/2176/2098 475/478/475 2099/2177/2099 
f 815/826/815 1295/1322/1295 2100/2178/2100 
f 2101/2179/2101 2102/2180/2102 2103/2181/2103 
f 2104/2182/2104 2105/2183/2105 2106/2184/2106 
f 1104/1122/1104 2107/2185/2107 2108/2186/2108 
f 1862/1916/1862 1535/1569/1535 2109/2187/2109 
f 2110/2188/2110 2111/2189/2111 1952/2016/1952 
f 650/655/650 649/654/649 2112/2190/2112 
f 692/700/692 1181/1201/1181 993/1010/993 
f 285/287/285 287/289/287 1380/1411/1380 
f 1299/1327/1299 427/430/427 986/1001/986 
f 2113/2191/2113 281/283/281 2114/2192/2114 
f 2115/2193/2115 2116/2194/2116 2117/2195/2117 
f 2118/2196/2118 2119/2197/2119 1101/1119/1101 
f 2120/2198/2120 2121/2199/2121 1776/1827/1776 
f 1952/2016/1952 2122/2200/2122 2110/2188/2110 
f 1884/1941/1884 1886/1943/1886 2123/2201/2123 
f 1883/1940/1883 1995/2061/1995 2008/2076/2008 
f 2124/2202/2124 2125/2203/2125 2126/2204/2126 
f 2127/2205/2127 2128/2206/2128 571/575/571 
f 109/2207/109 163/2208/163 1800/1853/1800 
f 1184/1204/1184 2129/2209/2129 1182/1202/1182 
f 2130/2210/2130 62/62/62 2131/2211/2131 
f 2132/2212/2132 2133/2213/2133 2134/2214/2134 
f 2054/2123/2054 2053/2122/2053 2135/2215/2135 
f 1438/1471/1438 2104/2182/2104 1873/1928/1873 
f 2136/2216/2136 2137/2217/2137 1592/1629/1592 
f 951/963/951 1532/1565/1532 2138/2218/2138 
f 308/311/308 898/909/898 1465/2219/1465 
f 2057/2126/2057 900/911/900 849/860/849 
f 1782/1834/1782 1165/1185/1165 120/120/120 
f 2139/2220/2139 1660/1698/1660 2140/2221/2140 
f 2141/2222/2141 2142/2223/2142 2143/2224/2143 
f 2144/2225/2144 892/903/892 891/902/891 
f 352/2226/352 2145/2227/2145 2146/2228/2146 
f 659/664/659 658/663/658 2147/2229/2147 
f 1601/1638/1601 558/562/558 557/561/557 
f 1918/1980/1918 2148/2230/2148 2149/2231/2149 
f 2150/2232/2150 2151/2233/2151 2152/2234/2152 
f 2146/2228/2146 2153/2235/2153 353/2236/353 
f 2154/2237/2154 1618/1655/1618 718/727/718 
f 589/593/589 1762/2238/1762 1111/1130/1111 
f 2155/2239/2155 1197/1218/1197 2156/2240/2156 
f 1178/1198/1178 1180/1200/1180 2141/2222/2141 
f 2157/2241/2157 2158/2242/2158 2159/2243/2159 
f 1010/1027/1010 1595/1632/1595 1554/1589/1554 
f 1306/1334/1306 2160/2244/2160 2161/2245/2161 
f 2162/2246/2162 2163/2247/2163 2164/2248/2164 
f 1619/1656/1619 1257/1283/1257 1256/1282/1256 
f 677/683/677 2165/2249/2165 2166/2250/2166 
f 190/190/190 189/189/189 2097/2175/2097 
f 2167/2251/2167 344/347/344 343/346/343 
f 1198/2252/1198 623/627/623 1836/2253/1836 
f 2168/2254/2168 2169/2255/2169 2170/2256/2170 
f 1839/1893/1839 862/873/862 861/872/861 
f 1905/1963/1905 1644/1681/1644 1643/1680/1643 
f 127/127/127 126/126/126 232/232/232 
f 219/219/219 238/238/238 833/844/833 
f 540/544/540 542/546/542 2171/2257/2171 
f 949/961/949 2121/2199/2121 2172/2258/2172 
f 2173/2259/2173 1847/1901/1847 2174/2260/2174 
f 2175/2261/2175 1834/1887/1834 1833/1886/1833 
f 2176/2262/2176 41/41/41 1715/1758/1715 
f 2177/2263/2177 2178/2264/2178 2179/2265/2179 
f 2180/2266/2180 251/253/251 2181/2267/2181 
f 1219/1242/1219 55/55/55 2182/2268/2182 
f 2183/2269/2183 2184/2270/2184 2185/2271/2185 
f 875/2272/875 2186/2273/2186 2187/2274/2187 
f 95/95/95 2173/2259/2173 7/7/7 
f 2067/2139/2067 2069/2141/2069 2188/2275/2188 
f 2189/2276/2189 2190/2277/2190 461/464/461 
f 1622/1659/1622 2191/2278/2191 2192/2279/2192 
f 2193/2280/2193 2194/2281/2194 2195/2282/2195 
f 690/698/690 884/895/884 691/699/691 
f 2196/2283/2196 2197/2284/2197 2198/2285/2198 
f 806/817/806 808/819/808 731/742/731 
f 851/862/851 1934/1997/1934 852/863/852 
f 861/872/861 904/916/904 903/915/903 
f 1769/1820/1769 2199/2286/2199 1767/1818/1767 
f 2200/2287/2200 511/685/511 679/687/679 
f 2201/2288/2201 102/102/102 101/101/101 
f 2202/2289/2202 409/412/409 2203/2290/2203 
f 2190/2277/2190 183/183/183 1564/1600/1564 
f 952/964/952 927/939/927 926/938/926 
f 670/675/670 129/2159/129 671/676/671 
f 137/137/137 1252/1278/1252 1202/1224/1202 
f 945/957/945 947/959/947 138/138/138 
f 261/263/261 1206/1228/1206 1237/2291/1237 
f 552/556/552 2204/2292/2204 146/146/146 
f 1170/1190/1170 2205/2293/2205 1911/1972/1911 
f 1454/1487/1454 940/952/940 1932/1995/1932 
f 2206/2294/2206 317/320/317 319/322/319 
f 2207/2295/2207 2208/2296/2208 1649/1687/1649 
f 492/495/492 2209/2297/2209 411/1829/411 
f 847/858/847 2210/2298/2210 1490/1523/1490 
f 2211/2299/2211 1932/1995/1932 2212/2300/2212 
f 1657/1695/1657 1181/1201/1181 1791/1844/1791 
f 821/832/821 325/328/325 324/327/324 
f 2213/2301/2213 2214/2302/2214 2215/2303/2215 
f 1953/2017/1953 1411/1443/1411 2216/2304/2216 
f 387/390/387 1604/1641/1604 2086/2158/2086 
f 2217/2305/2217 2218/2306/2218 2219/2307/2219 
f 2220/2308/2220 535/539/535 537/541/537 
f 2221/2309/2221 2222/2310/2222 2223/2311/2223 
f 177/177/177 1787/1839/1787 1786/1838/1786 
f 2224/2312/2224 2091/2169/2091 1605/1642/1605 
f 886/897/886 1974/2039/1974 1096/1114/1096 
f 2225/2313/2225 374/377/374 2226/2314/2226 
f 2227/2315/2227 71/71/71 2228/2316/2228 
f 726/991/726 2229/2317/2229 199/199/199 
f 351/354/351 2230/2318/2230 2221/2309/2221 
f 587/591/587 2231/2319/2231 155/155/155 
f 1651/1689/1651 1924/1986/1924 1652/1690/1652 
f 2232/2320/2232 2233/2321/2233 2234/2322/2234 
f 1148/1168/1148 2235/2323/2235 1146/1166/1146 
f 2236/2324/2236 1603/1640/1603 1892/1949/1892 
f 1414/1446/1414 1659/1697/1659 1052/1069/1052 
f 969/983/969 768/779/768 767/778/767 
f 1041/1058/1041 2237/2325/2237 854/865/854 
f 1042/1059/1042 1041/1058/1041 854/865/854 
f 1414/1446/1414 1052/1069/1052 2238/2326/2238 
f 2239/2327/2239 2240/2328/2240 2241/2329/2241 
f 1824/1877/1824 380/383/380 1125/1145/1125 
f 2242/2330/2242 2243/2331/2243 1136/2332/1136 
f 1300/1328/1300 2244/2333/2244 2245/2334/2245 
f 2246/2335/2246 417/420/417 908/920/908 
f 2247/2336/2247 1680/1720/1680 2248/2337/2248 
f 854/865/854 853/864/853 2249/2338/2249 
f 2250/2339/2250 2251/2340/2251 2252/2341/2252 
f 1289/1315/1289 2253/2342/2253 1287/1313/1287 
f 1828/1881/1828 2189/2276/2189 135/135/135 
f 1078/1095/1078 1860/1914/1860 1079/1096/1079 
f 154/154/154 1658/1696/1658 1934/1997/1934 
f 2177/2263/2177 2254/2343/2254 2255/2344/2255 
f 1664/1702/1664 1309/1337/1309 916/928/916 
f 654/659/654 2256/2345/2256 652/657/652 
f 762/773/762 786/797/786 2251/2340/2251 
f 615/619/615 1651/1689/1651 1781/1833/1781 
f 2237/2325/2237 1530/1563/1530 1818/1871/1818 
f 248/250/248 2257/2346/2257 741/752/741 
f 315/318/315 1220/1243/1220 1737/1783/1737 
f 2258/2347/2258 2243/2331/2243 2259/2348/2259 
f 125/125/125 2260/2349/2260 123/123/123 
f 407/410/407 1838/1892/1838 408/411/408 
f 552/556/552 1045/1062/1045 2261/2350/2261 
f 1783/1835/1783 2006/2073/2006 1578/1615/1578 
f 2220/2308/2220 537/541/537 1541/1575/1541 
f 2262/2351/2262 2263/2352/2263 2264/2353/2264 
f 2265/2354/2265 2266/2355/2266 2170/2356/2170 
f 905/917/905 2267/2357/2267 1816/1869/1816 
f 954/966/954 2066/2138/2066 1555/1590/1555 
f 707/716/707 1215/1238/1215 708/717/708 
f 2268/2358/2268 1516/2359/1516 2269/2360/2269 
f 2270/2361/2270 1026/1043/1026 1028/1045/1028 
f 2271/2362/2271 544/548/544 1546/1581/1546 
f 2272/2363/2272 2273/2364/2273 2274/2365/2274 
f 2275/2366/2275 1548/1583/1548 627/631/627 
f 2276/2367/2276 499/502/499 1826/1879/1826 
f 2267/2357/2267 2277/2368/2277 1814/1867/1814 
f 2278/2369/2278 2099/2177/2099 475/478/475 
f 1073/1090/1073 70/70/70 72/72/72 
f 2279/2370/2279 2280/2371/2280 2281/2372/2281 
f 2000/2067/2000 2282/2373/2282 2283/2374/2283 
f 2284/2375/2284 975/989/975 743/754/743 
f 2285/2376/2285 1274/1300/1274 1276/1302/1276 
f 2282/2373/2282 2000/2067/2000 1999/2066/1999 
f 2286/2377/2286 2287/2378/2287 2288/2379/2288 
f 2289/2380/2289 1965/2381/1965 2290/2382/2290 
f 2291/2383/2291 2292/2384/2292 2293/2385/2293 
f 2294/2386/2294 353/2236/353 2153/2235/2153 
f 1379/1410/1379 975/989/975 2284/2375/2284 
f 1300/1328/1300 1299/1327/1299 985/1000/985 
f 2283/2374/2283 2282/2373/2282 2288/2379/2288 
f 959/972/959 300/303/300 299/302/299 
f 1115/1135/1115 703/712/703 956/969/956 
f 2295/2387/2295 2154/2237/2154 1908/2131/1908 
f 1525/1558/1525 1527/1560/1527 1526/1559/1526 
f 2296/2388/2296 2297/2389/2297 2298/2390/2298 
f 2299/2391/2299 2300/2392/2300 2301/2393/2301 
f 28/28/28 1738/2394/1738 29/29/29 
f 2284/2375/2284 286/288/286 285/287/285 
f 1729/1772/1729 2131/2211/2131 61/61/61 
f 1862/1916/1862 2294/2395/2294 1535/1569/1535 
f 1980/2045/1980 29/29/29 2302/2396/2302 
f 2303/2397/2303 148/148/148 633/637/633 
f 1028/1045/1028 2304/2398/2304 2270/2361/2270 
f 1535/2399/1535 2294/2386/2294 2305/2400/2305 
f 462/2401/462 2306/2402/2306 1900/2403/1900 
f 2307/2404/2307 2308/2405/2308 2309/2406/2309 
f 2310/2407/2310 2311/2408/2311 648/652/648 
f 648/2409/648 1017/1034/1017 264/266/264 
f 899/2410/899 87/87/87 2312/2411/2312 
f 2313/2412/2313 2314/2413/2314 2315/2414/2315 
f 2316/2415/2316 2317/2416/2317 2318/2417/2318 
f 131/2418/131 2319/2419/2319 26/2420/26 
f 354/357/354 353/356/353 1861/1915/1861 
f 2320/2421/2320 2062/2134/2062 2321/2422/2321 
f 1784/1836/1784 568/572/568 570/574/570 
f 1535/1569/1535 2305/2423/2305 2322/2424/2322 
f 2323/2425/2323 465/468/465 924/936/924 
f 2313/2412/2313 1394/1425/1394 2293/2385/2293 
f 777/788/777 86/86/86 2324/2426/2324 
f 1975/2427/1975 2306/2402/2306 462/2401/462 
f 2325/2428/2325 2326/2429/2326 2017/2085/2017 
f 2327/2430/2327 1498/1531/1498 2328/2431/2328 
f 1945/2432/1945 2329/2433/2329 2302/2396/2302 
f 29/29/29 1738/2394/1738 2302/2396/2302 
f 2161/2434/2161 2210/2435/2210 899/2436/899 
f 1610/1647/1610 1612/1649/1612 2330/2437/2330 
f 366/369/366 27/27/27 60/60/60 
f 2321/2422/2321 2062/2134/2062 2063/2135/2063 
f 2314/2413/2314 2313/2412/2313 2331/2438/2331 
f 2332/2439/2332 2333/2440/2333 2334/2441/2334 
f 2292/2384/2292 2291/2383/2291 1274/1300/1274 
f 2335/2442/2335 442/445/442 280/282/280 
f 2336/2443/2336 2337/2444/2337 85/85/85 
f 2338/2445/2338 1545/1580/1545 1544/1579/1544 
f 2339/2446/2339 729/740/729 2340/2447/2340 
f 2341/2448/2341 2342/2449/2342 1281/1307/1281 
f 1493/1526/1493 1975/2450/1975 2343/2451/2343 
f 1406/1438/1406 2086/2158/2086 1604/1641/1604 
f 1798/1851/1798 1380/1411/1380 287/289/287 
f 2344/2452/2344 1992/2058/1992 2045/2114/2045 
f 16/16/16 2345/2453/2345 1964/2454/1964 
f 2346/2455/2346 1617/2456/1617 1011/2457/1011 
f 93/93/93 2347/2458/2347 2348/2459/2348 
f 2349/2460/2349 2350/2461/2350 2351/2462/2351 
f 205/205/205 772/783/772 203/203/203 
f 559/2463/559 2352/2464/2352 877/888/877 
f 65/65/65 355/358/355 1001/1018/1001 
f 525/529/525 823/834/823 526/530/526 
f 2353/2465/2353 2137/2217/2137 2136/2216/2136 
f 730/741/730 2217/2305/2217 731/742/731 
f 1593/1630/1593 1592/1629/1592 970/984/970 
f 2354/2466/2354 2355/2467/2355 2356/2468/2356 
f 1265/1291/1265 816/827/816 255/257/255 
f 2357/2469/2357 1387/1418/1387 1399/2470/1399 
f 1598/1635/1598 1600/1637/1600 1891/1948/1891 
f 1406/1438/1406 2358/2471/2358 1407/1439/1407 
f 192/192/192 191/191/191 1504/1537/1504 
f 234/1002/234 426/429/426 235/2472/235 
f 2359/2473/2359 2182/2268/2182 2360/2474/2360 
f 2361/2475/2361 885/896/885 590/594/590 
f 1367/1398/1367 2049/2118/2049 2246/2335/2246 
f 2362/2476/2362 77/77/77 2363/2477/2363 
f 695/703/695 558/562/558 880/891/880 
f 554/558/554 2364/2478/2364 2267/2357/2267 
f 281/283/281 2113/2191/2113 2365/2479/2365 
f 867/878/867 2366/2480/2366 2367/2481/2367 
f 307/310/307 1358/1389/1358 1069/1086/1069 
f 2368/2482/2368 282/2483/282 309/312/309 
f 2229/2317/2229 1206/1261/1206 199/199/199 
f 990/1006/990 2369/2484/2369 242/242/242 
f 419/422/419 12/12/12 11/11/11 
f 1355/1385/1355 2370/2485/2370 1356/1386/1356 
f 2371/2486/2371 2367/2481/2367 2366/2480/2366 
f 2372/2487/2372 1753/1803/1753 2373/2488/2373 
f 2030/2099/2030 2374/2489/2374 2375/2490/2375 
f 871/882/871 1863/1917/1863 1006/1023/1006 
f 2376/2491/2376 2377/2492/2377 2378/2493/2378 
f 2379/2494/2379 2377/2492/2377 2376/2491/2376 
f 2380/2495/2380 1436/2496/1436 2381/2497/2381 
f 2382/2498/2382 2383/2499/2383 2384/2500/2384 
f 678/2501/678 2385/2502/2385 2386/2503/2386 
f 2387/2504/2387 2388/2505/2388 768/779/768 
f 2160/2506/2160 1490/1523/1490 2210/2298/2210 
f 2389/2507/2389 1865/2508/1865 347/350/347 
f 2032/2101/2032 2367/2481/2367 2371/2486/2371 
f 2390/2509/2390 2391/2510/2391 279/281/279 
f 2392/2511/2392 2389/2507/2389 2388/2505/2388 
f 1521/1554/1521 2393/2512/2393 2394/2513/2394 
f 1764/1815/1764 2395/2514/2395 2019/2087/2019 
f 2074/2146/2074 1866/1920/1866 2396/2515/2396 
f 2225/2516/2225 1742/1792/1742 375/2517/375 
f 858/869/858 2397/2518/2397 2398/2519/2398 
f 2399/2520/2399 1982/2047/1982 1866/1920/1866 
f 247/249/247 246/248/246 661/666/661 
f 2400/2521/2400 944/956/944 2401/2522/2401 
f 1811/1864/1811 779/790/779 778/789/778 
f 2396/2515/2396 1866/1920/1866 1865/1919/1865 
f 2402/2523/2402 2403/2524/2403 2404/2525/2404 
f 1741/1791/1741 2393/2512/2393 1523/1556/1523 
f 2405/2526/2405 2406/2527/2406 374/377/374 
f 1865/2508/1865 2389/2507/2389 2392/2511/2392 
f 2407/2528/2407 2408/2529/2408 494/2530/494 
f 2223/2311/2223 1937/2000/1937 2409/2531/2409 
f 439/442/439 2378/2493/2378 2377/2492/2377 
f 2410/2532/2410 2411/2533/2411 2299/2391/2299 
f 620/624/620 621/625/621 2412/2534/2412 
f 2413/2535/2413 2414/2536/2414 1699/1741/1699 
f 2415/2537/2415 44/44/44 1693/1734/1693 
f 1721/2538/1721 2416/2539/2416 2417/2540/2417 
f 2418/2541/2418 2419/2542/2419 1153/1173/1153 
f 969/983/969 1881/1938/1881 768/779/768 
f 2420/2543/2420 2421/2544/2421 2422/2545/2422 
f 1899/1957/1899 822/833/822 824/835/824 
f 1634/1671/1634 1636/1673/1636 2423/2546/2423 
f 867/878/867 2367/2481/2367 868/879/868 
f 2424/2547/2424 2425/2548/2425 2426/2549/2426 
f 2420/2543/2420 2366/2480/2366 2427/2550/2427 
f 2428/2551/2428 2238/2326/2238 1676/1716/1676 
f 2429/2552/2429 2430/2553/2430 2431/2554/2431 
f 1184/1204/1184 1183/1203/1183 593/597/593 
f 1959/2023/1959 1449/1482/1449 831/842/831 
f 1804/1857/1804 810/821/810 2432/2555/2432 
f 2433/2556/2433 2434/2557/2434 2435/2558/2435 
f 1444/1477/1444 635/639/635 1445/1478/1445 
f 2153/2235/2153 1623/1660/1623 1368/1399/1368 
f 1139/1159/1139 1664/1702/1664 889/900/889 
f 2436/2559/2436 2437/2560/2437 2394/2513/2394 
f 2438/2561/2438 2439/2562/2439 1342/1371/1342 
f 2440/2563/2440 1769/1820/1769 2441/2564/2441 
f 313/316/313 312/315/312 1077/1094/1077 
f 2435/2558/2435 2442/2565/2442 1209/1231/1209 
f 2436/2559/2436 2443/2566/2443 2437/2560/2437 
f 2444/2567/2444 2445/2568/2445 2446/2569/2446 
f 6/6/6 570/574/570 68/68/68 
f 2440/2563/2440 2441/2564/2441 1809/1862/1809 
f 1279/1305/1279 1891/1948/1891 1890/1947/1890 
f 705/714/705 54/54/54 53/53/53 
f 2447/2570/2447 2448/2571/2448 465/2572/465 
f 1266/1292/1266 2449/2573/2449 2450/2574/2450 
f 1199/1221/1199 1949/2013/1949 1948/2012/1948 
f 577/581/577 2281/2372/2281 575/579/575 
f 755/766/755 2451/2575/2451 2452/2576/2452 
f 1169/1189/1169 2453/2577/2453 2454/2578/2454 
f 364/367/364 1829/1882/1829 137/137/137 
f 878/889/878 1027/2579/1027 877/888/877 
f 1441/1474/1441 2455/2580/2455 2456/2581/2456 
f 1743/1793/1743 2457/2582/2457 2458/2583/2458 
f 2459/2584/2459 2460/2585/2460 2315/2414/2315 
f 1885/1942/1885 1079/1096/1079 1860/1914/1860 
f 2101/2179/2101 2461/2586/2461 2102/2180/2102 
f 2462/2587/2462 2463/2588/2463 2464/2589/2464 
f 2281/2372/2281 2465/2590/2465 2279/2370/2279 
f 2466/2591/2466 650/655/650 2112/2190/2112 
f 1817/1870/1817 1953/2017/1953 2216/2304/2216 
f 2467/2592/2467 526/530/526 2082/2154/2082 
f 2468/2593/2468 1126/1146/1126 380/383/380 
f 2469/2594/2469 2092/2170/2092 2470/2595/2470 
f 2143/2224/2143 2471/2596/2471 2472/2597/2472 
f 2473/2598/2473 2474/2599/2474 2475/2600/2475 
f 1139/1159/1139 2476/2601/2476 1664/1702/1664 
f 2477/2602/2477 2478/2603/2478 2479/2604/2479 
f 2480/2605/2480 2481/2606/2481 942/954/942 
f 1446/1479/1446 2482/2607/2482 1444/1477/1444 
f 2483/2608/2483 1040/1057/1040 2484/2609/2484 
f 1982/2047/1982 2399/2520/2399 2165/2249/2165 
f 402/405/402 2485/2610/2485 834/845/834 
f 2385/2502/2385 2486/2611/2486 2487/2612/2487 
f 1434/1467/1434 1433/1466/1433 2488/2613/2488 
f 2240/2328/2240 2239/2327/2239 2489/2614/2489 
f 2490/2615/2490 2226/2314/2226 2406/2527/2406 
f 1748/1798/1748 2491/2616/2491 2492/2617/2492 
f 296/298/296 2485/2610/2485 754/765/754 
f 1095/1112/1095 314/317/314 316/319/316 
f 1383/1414/1383 1382/1413/1382 2493/2618/2493 
f 204/204/204 1924/1986/1924 205/205/205 
f 1300/1328/1300 2494/2619/2494 1298/1326/1298 
f 2028/2097/2028 1308/1336/1308 1309/1337/1309 
f 1989/2055/1989 2495/2620/2495 2496/2621/2496 
f 2497/2622/2497 2498/2623/2498 2499/2624/2499 
f 1951/2015/1951 2122/2200/2122 1952/2016/1952 
f 1166/1186/1166 1168/1188/1168 2500/2625/2500 
f 2428/2551/2428 1676/1716/1676 1580/1617/1580 
f 2501/2626/2501 752/763/752 2502/2627/2502 
f 1893/2628/1893 2503/2629/2503 973/987/973 
f 2504/2630/2504 2505/2631/2505 2506/2632/2506 
f 835/846/835 1830/1883/1830 89/89/89 
f 33/33/33 32/32/32 783/794/783 
f 2507/2633/2507 2508/2634/2508 1233/1256/1233 
f 129/2635/129 131/2418/131 671/2636/671 
f 1318/1346/1318 54/54/54 504/507/504 
f 665/670/665 244/244/244 2509/2637/2509 
f 813/824/813 1374/1405/1374 1373/1404/1373 
f 497/500/497 2510/2638/2510 495/498/495 
f 2511/2639/2511 2512/2640/2512 2513/2641/2513 
f 2514/2642/2514 2507/2633/2507 2515/2643/2515 
f 266/268/266 2516/2644/2516 267/269/267 
f 2517/2645/2517 1878/1935/1878 2361/2475/2361 
f 2518/2646/2518 2519/2647/2519 2520/2648/2520 
f 179/179/179 181/181/181 218/218/218 
f 139/139/139 138/138/138 1216/1239/1216 
f 863/874/863 1548/1583/1548 2521/2649/2521 
f 3/3/3 2/2/2 2522/2650/2522 
f 2523/2651/2523 2524/2652/2524 2525/2653/2525 
f 1493/1526/1493 2526/2654/2526 2063/2135/2063 
f 982/997/982 2527/2655/2527 2071/2143/2071 
f 1718/1761/1718 1480/1513/1480 892/903/892 
f 224/224/224 1120/1140/1120 225/225/225 
f 890/901/890 1480/1513/1480 1479/1512/1479 
f 2528/2656/2528 1942/2006/1942 1746/1796/1746 
f 2441/2564/2441 1121/1141/1121 1809/1862/1809 
f 2529/2657/2529 2530/2658/2530 259/261/259 
f 2531/2659/2531 2521/2649/2521 2532/2660/2532 
f 162/162/162 2533/2661/2533 163/163/163 
f 2534/2662/2534 2535/2663/2535 2536/2664/2536 
f 135/135/135 461/464/461 136/136/136 
f 433/436/433 2537/2665/2537 2356/2666/2356 
f 2538/2667/2538 2381/2497/2381 1436/2496/1436 
f 1323/1351/1323 1807/1860/1807 568/572/568 
f 2065/2137/2065 2286/2377/2286 866/877/866 
f 2425/2548/2425 2539/2668/2539 2540/2669/2540 
f 99/99/99 1660/1698/1660 2139/2220/2139 
f 1611/1648/1611 2541/2670/2541 144/144/144 
f 2542/2671/2542 498/501/498 2543/2672/2543 
f 366/369/366 60/60/60 59/59/59 
f 2544/2673/2544 31/31/31 2545/2674/2545 
f 508/734/508 2546/2675/2546 509/2676/509 
f 840/851/840 2174/2260/2174 841/852/841 
f 842/853/842 1007/1024/1007 840/851/840 
f 2281/2372/2281 2547/2677/2547 2548/2678/2548 
f 2549/2679/2549 1812/1865/1812 1811/1864/1811 
f 2550/2680/2550 2551/2681/2551 1636/1673/1636 
f 458/461/458 658/663/658 602/606/602 
f 1172/1192/1172 1317/1345/1317 584/588/584 
f 2552/2682/2552 2553/2683/2553 383/386/383 
f 1825/1878/1825 2511/2639/2511 1826/1879/1826 
f 2554/2684/2554 2084/2156/2084 2083/2155/2083 
f 900/911/900 1823/1876/1823 2290/2382/2290 
f 962/976/962 2555/2685/2555 2556/2686/2556 
f 1182/1202/1182 1135/1155/1135 1183/1203/1183 
f 232/232/232 1971/2035/1971 233/233/233 
f 2065/2137/2065 105/105/105 2286/2377/2286 
f 2557/2687/2557 1336/1365/1336 965/979/965 
f 2558/2688/2558 2559/2689/2559 2463/2588/2463 
f 887/898/887 422/425/422 262/264/262 
f 2301/2393/2301 1872/1927/1872 1871/1926/1871 
f 2246/2335/2246 401/404/401 417/420/417 
f 2560/2690/2560 1864/1918/1864 1731/1774/1731 
f 232/232/232 126/126/126 1310/1338/1310 
f 2561/2691/2561 2125/2203/2125 2562/2692/2562 
f 1839/1893/1839 1799/1852/1799 862/873/862 
f 1878/1935/1878 675/681/675 2361/2475/2361 
f 2563/2693/2563 2438/2561/2438 1362/1393/1362 
f 1473/1506/1473 747/758/747 2564/2694/2564 
f 2565/2695/2565 2566/2696/2566 2567/2697/2567 
f 2115/2193/2115 501/504/501 502/505/502 
f 187/187/187 1382/1413/1382 2568/2698/2568 
f 449/452/449 1482/1515/1482 2569/2699/2569 
f 2446/2569/2446 2570/2700/2570 2444/2567/2444 
f 2571/2701/2571 2572/2702/2572 2573/2703/2573 
f 2574/2704/2574 2575/2705/2575 188/188/188 
f 2280/2371/2280 575/579/575 2281/2372/2281 
f 2576/2706/2576 2577/2707/2577 2578/2708/2578 
f 481/484/481 1947/2011/1947 603/607/603 
f 386/2709/386 1305/1333/1305 2145/2227/2145 
f 2505/2631/2505 493/496/493 492/495/492 
f 2434/2557/2434 2433/2556/2433 1048/1065/1048 
f 1988/2053/1988 2579/2710/2579 1959/2023/1959 
f 1414/1446/1414 1413/1445/1413 1659/1697/1659 
f 2070/2142/2070 1793/1846/1793 646/650/646 
f 1364/1395/1364 2580/2711/2580 2581/2712/2581 
f 1782/1834/1782 120/120/120 693/701/693 
f 2582/2713/2582 2583/2714/2583 2077/2149/2077 
f 2549/2679/2549 2584/2715/2584 2117/2195/2117 
f 2517/2645/2517 2361/2475/2361 590/594/590 
f 739/750/739 738/749/738 908/920/908 
f 443/446/443 1080/1097/1080 444/447/444 
f 2468/2593/2468 379/382/379 2585/2716/2585 
f 1694/2717/1694 151/151/151 2586/2718/2586 
f 1049/1066/1049 1048/1065/1048 2587/2719/2587 
f 1988/2053/1988 2588/2720/2588 2579/2710/2579 
f 906/918/906 908/920/908 738/749/738 
f 607/611/607 2589/2721/2589 608/612/608 
f 586/590/586 2231/2319/2231 587/591/587 
f 2590/2722/2590 2591/2723/2591 2592/2724/2592 
f 1817/1870/1817 2593/2725/2593 2594/2726/2594 
f 2595/2727/2595 2596/2728/2596 383/386/383 
f 202/202/202 2597/2729/2597 645/649/645 
f 2028/2097/2028 2597/2729/2597 202/202/202 
f 619/623/619 2598/2730/2598 617/621/617 
f 2599/2731/2599 2600/2732/2600 2601/2733/2601 
f 853/864/853 1489/1522/1489 2602/2734/2602 
f 2603/2735/2603 2604/2736/2604 2235/2323/2235 
f 1943/2007/1943 1448/1481/1448 1875/1930/1875 
f 2008/2076/2008 1717/1760/1717 1716/1759/1716 
f 2248/2337/2248 1680/1720/1680 1413/1445/1413 
f 1183/1203/1183 2605/2737/2605 593/597/593 
f 2606/2738/2606 1914/1976/1914 1913/1975/1913 
f 699/707/699 69/69/69 569/573/569 
f 791/802/791 547/551/547 2607/2739/2607 
f 1103/1121/1103 432/435/432 431/434/431 
f 2608/2740/2608 2508/2634/2508 2609/2741/2609 
f 2608/2740/2608 1232/1255/1232 2508/2634/2508 
f 341/344/341 1372/1403/1372 1371/1402/1371 
f 1419/1451/1419 2610/2742/2610 1481/1514/1481 
f 2611/2743/2611 2184/2270/2184 2612/2744/2612 
f 1602/1639/1602 1959/2023/1959 1656/1694/1656 
f 265/267/265 320/323/320 1987/2052/1987 
f 1493/1526/1493 1492/1525/1492 1975/2450/1975 
f 728/739/728 2613/2745/2613 2614/2746/2614 
f 1153/1173/1153 2615/2747/2615 2418/2541/2418 
f 571/575/571 2128/2206/2128 2616/2748/2616 
f 2081/2153/2081 178/178/178 2079/2151/2079 
f 2617/2749/2617 2403/2524/2403 2402/2523/2402 
f 2618/2750/2618 2033/2102/2033 2032/2101/2032 
f 1289/1315/1289 1461/1494/1461 2038/2751/2038 
f 2109/2187/2109 1006/1023/1006 1863/1917/1863 
f 2619/2752/2619 2620/2753/2620 2083/2155/2083 
f 2621/2754/2621 2622/2755/2622 1361/1392/1361 
f 27/27/27 366/369/366 302/305/302 
f 1403/1434/1403 2069/2141/2069 1402/1433/1402 
f 553/557/553 2623/2756/2623 2624/2757/2624 
f 2458/2583/2458 2048/2117/2048 2625/2758/2625 
f 2343/2759/2343 1975/2040/1975 1752/1802/1752 
f 2626/2760/2626 2627/2761/2627 2628/2762/2628 
f 1400/1431/1400 674/680/674 673/679/673 
f 398/401/398 913/925/913 396/399/396 
f 454/457/454 453/456/453 1166/1186/1166 
f 726/737/726 1761/1811/1761 2229/2763/2229 
f 1251/1277/1251 1944/2008/1944 1392/1423/1392 
f 216/216/216 1060/1077/1060 117/117/117 
f 399/402/399 513/517/513 1002/1019/1002 
f 2508/2634/2508 2507/2633/2507 2629/2764/2629 
f 2002/2069/2002 2630/2765/2630 2003/2070/2003 
f 899/910/899 849/860/849 900/911/900 
f 2256/2766/2256 2631/2767/2631 1678/2768/1678 
f 1314/1342/1314 2632/2769/2632 2608/2740/2608 
f 2633/2770/2633 2634/2771/2634 2635/2772/2635 
f 990/1006/990 207/207/207 206/206/206 
f 2636/2773/2636 1296/1324/1296 371/2774/371 
f 2637/2775/2637 983/998/983 982/997/982 
f 1444/1477/1444 2482/2607/2482 2638/2776/2638 
f 2639/2777/2639 350/353/350 2640/2778/2640 
f 831/842/831 1449/1482/1449 832/843/832 
f 392/395/392 567/2779/567 566/2780/566 
f 2641/2781/2641 2642/2782/2642 2556/2783/2556 
f 1982/2784/1982 348/351/348 347/350/347 
f 2115/2193/2115 2643/2785/2643 501/504/501 
f 1258/1284/1258 1802/1855/1802 2644/2786/2644 
f 904/916/904 2645/2787/2645 2646/2788/2646 
f 529/533/529 1954/2018/1954 1331/1360/1331 
f 26/26/26 58/58/58 60/60/60 
f 2647/2789/2647 1655/1693/1655 1654/1692/1654 
f 1277/1303/1277 2648/2790/2648 2649/2791/2649 
f 2289/2380/2289 1966/2792/1966 1965/2381/1965 
f 2650/2793/2650 36/36/36 873/884/873 
f 1164/1184/1164 2651/2794/2651 2232/2320/2232 
f 1077/1094/1077 1079/1096/1079 2652/2795/2652 
f 2310/2407/2310 2653/2796/2653 2311/2408/2311 
f 1559/1594/1559 2654/2797/2654 2655/2798/2655 
f 2212/2300/2212 1932/1995/1932 1933/1996/1933 
f 2656/2799/2656 2657/2800/2657 1235/1258/1235 
f 2658/2801/2658 2659/2802/2659 1512/1545/1512 
f 2660/2803/2660 1269/1295/1269 2661/2804/2661 
f 1846/1900/1846 1847/1901/1847 2662/2805/2662 
f 1414/1446/1414 2238/2326/2238 1582/1619/1582 
f 1591/2806/1591 2663/2807/2663 2664/2808/2664 
f 2665/2809/2665 1884/1941/1884 1938/2810/1938 
f 2666/2811/2666 2101/2179/2101 2667/2812/2667 
f 2668/2813/2668 1692/1733/1692 483/486/483 
f 2669/2814/2669 1664/1702/1664 2476/2601/2476 
f 2129/2209/2129 2442/2565/2442 1182/1202/1182 
f 1824/1877/1824 2261/2350/2261 381/384/381 
f 1225/1248/1225 751/2815/751 2670/2816/2670 
f 2588/2817/2588 1023/1040/1023 1171/1191/1171 
f 988/1004/988 2481/2606/2481 1345/1374/1345 
f 953/965/953 622/967/622 2498/2623/2498 
f 1473/1506/1473 2671/2818/2671 2525/2653/2525 
f 97/97/97 2139/2220/2139 2672/2819/2672 
f 1697/1739/1697 1696/1738/1696 2673/2820/2673 
f 994/1011/994 1657/1695/1657 1874/1929/1874 
f 2674/2821/2674 1793/1846/1793 2070/2142/2070 
f 800/811/800 1579/1616/1579 2675/2822/2675 
f 2676/2823/2676 2677/2824/2677 2678/2825/2678 
f 2679/2826/2679 2680/2827/2680 2681/2828/2681 
f 2682/2829/2682 2014/2082/2014 2013/2081/2013 
f 408/411/408 842/853/842 2203/2290/2203 
f 2683/2830/2683 2684/2831/2684 2021/2832/2021 
f 137/137/137 1829/1882/1829 135/135/135 
f 959/2833/959 1234/2834/1234 2685/2835/2685 
f 1372/1403/1372 1732/1775/1732 1597/1634/1597 
f 2686/2836/2686 2687/2837/2687 2688/2838/2688 
f 1990/2056/1990 1989/2055/1989 2496/2621/2496 
f 1043/1060/1043 1045/1062/1045 552/556/552 
f 925/937/925 924/936/924 659/664/659 
f 2018/2086/2018 2017/2085/2017 2689/2839/2689 
f 2669/2814/2669 2476/2601/2476 2690/2840/2690 
f 1375/1406/1375 1200/1222/1200 1373/1404/1373 
f 408/411/408 1838/1892/1838 1551/1586/1551 
f 440/443/440 1615/1652/1615 870/881/870 
f 2691/2841/2691 2692/2842/2692 196/196/196 
f 1296/1324/1296 2636/2773/2636 627/631/627 
f 2693/2843/2693 1373/1404/1373 2655/2798/2655 
f 1924/1986/1924 2694/2844/2694 2695/2845/2695 
f 1946/2010/1946 1392/1423/1392 1944/2008/1944 
f 835/846/835 1831/1884/1831 1830/1883/1830 
f 861/872/861 1840/1894/1840 1839/1893/1839 
f 140/140/140 139/139/139 263/265/263 
f 2696/2846/2696 384/1009/384 2697/2847/2697 
f 1910/1971/1910 976/990/976 2698/2848/2698 
f 501/504/501 2522/2650/2522 2/2/2 
f 2699/2849/2699 2700/2850/2700 429/432/429 
f 1779/1831/1779 2104/2182/2104 2701/2851/2701 
f 25/25/25 27/27/27 301/304/301 
f 2702/2852/2702 1672/2853/1672 2703/2854/2703 
f 2251/2340/2251 2250/2339/2250 762/773/762 
f 2238/2326/2238 1052/1069/1052 856/867/856 
f 695/703/695 45/45/45 44/44/44 
f 525/529/525 2704/2855/2704 823/834/823 
f 1066/1083/1066 2347/2856/2347 1822/1875/1822 
f 42/2857/42 284/1970/284 40/2858/40 
f 2705/2859/2705 1159/1179/1159 2706/2860/2706 
f 2707/2861/2707 2708/2862/2708 2709/2863/2709 
f 2710/2864/2710 2711/2865/2711 1129/1149/1129 
f 2712/2866/2712 2713/2867/2713 2325/2428/2325 
f 645/649/645 644/648/644 200/200/200 
f 1174/1194/1174 2714/2868/2714 1175/1195/1175 
f 666/671/666 46/46/46 48/48/48 
f 2715/2869/2715 2716/2870/2716 67/67/67 
f 2244/2333/2244 985/1000/985 635/2871/635 
f 694/702/694 2717/2872/2717 2718/2873/2718 
f 2719/2874/2719 2720/2875/2720 2721/2876/2721 
f 784/795/784 2483/2608/2483 2484/2609/2484 
f 2722/2877/2722 2723/2878/2723 2724/2879/2724 
f 2725/2880/2725 2726/2881/2726 2415/2537/2415 
f 1026/1043/1026 2727/2882/2727 2001/2068/2001 
f 2242/2330/2242 1136/2332/1136 2426/2883/2426 
f 2728/2884/2728 576/580/576 1691/2885/1691 
f 242/242/242 244/244/244 1389/1420/1389 
f 2729/2886/2729 2730/2887/2730 2731/2888/2731 
f 2732/2889/2732 2733/2890/2733 1513/2891/1513 
f 354/357/354 2734/2892/2734 2697/2847/2697 
f 2735/2893/2735 167/167/167 1624/1661/1624 
f 2629/2764/2629 2609/2741/2609 2508/2634/2508 
f 2736/2894/2736 1483/1516/1483 2737/2895/2737 
f 2738/2896/2738 414/417/414 2739/2897/2739 
f 2740/2898/2740 1235/1258/1235 2201/2288/2201 
f 2449/2573/2449 987/1003/987 2741/2899/2741 
f 2668/2813/2668 846/857/846 644/648/644 
f 2742/2900/2742 688/696/688 1815/1868/1815 
f 437/440/437 2409/2531/2409 1936/1999/1936 
f 1341/1370/1341 2382/2498/2382 2384/2500/2384 
f 1988/2053/1988 1959/2023/1959 1602/1639/1602 
f 1343/1372/1343 1342/1371/1342 2743/2901/2743 
f 1263/1289/1263 2744/2902/2744 1264/1290/1264 
f 295/297/295 294/296/294 616/620/616 
f 1129/1149/1129 2711/2865/2711 2745/2903/2745 
f 145/145/145 144/144/144 2541/2670/2541 
f 1869/1924/1869 1402/1433/1402 1993/2059/1993 
f 482/485/482 2746/2904/2746 1912/1974/1912 
f 1297/1325/1297 2747/2905/2747 2748/2906/2748 
f 2749/2907/2749 1796/1849/1796 2750/2908/2750 
f 336/339/336 539/543/539 2751/2909/2751 
f 2442/2565/2442 2129/2209/2129 1207/1229/1207 
f 478/481/478 2752/2910/2752 479/482/479 
f 1646/1683/1646 1182/1202/1182 2442/2565/2442 
f 749/760/749 748/759/748 278/280/278 
f 2753/2911/2753 2754/2912/2754 500/503/500 
f 1602/1639/1602 1601/1638/1601 1988/2053/1988 
f 2268/2358/2268 2207/2913/2207 1516/2359/1516 
f 1249/1273/1249 25/677/25 301/2914/301 
f 693/701/693 435/438/435 2717/2872/2717 
f 1084/1101/1084 1086/1103/1086 2755/2915/2755 
f 2756/2916/2756 2001/2068/2001 2727/2882/2727 
f 1196/1217/1196 1359/1390/1359 157/157/157 
f 2055/2124/2055 2757/2917/2757 2758/2918/2758 
f 655/2919/655 657/2920/657 724/733/724 
f 1875/1930/1875 1657/1695/1657 1943/2007/1943 
f 1517/1550/1517 1518/1551/1518 1901/1959/1901 
f 2435/2558/2435 2434/2557/2434 1086/1103/1086 
f 2141/2222/2141 2759/2921/2759 37/37/37 
f 2732/2889/2732 1286/1312/1286 2760/2922/2760 
f 1647/1684/1647 1034/1051/1034 1033/1050/1033 
f 31/31/31 2544/2673/2544 2761/2923/2761 
f 1031/1048/1031 1030/1047/1030 1573/1609/1573 
f 1336/1365/1336 2557/2687/2557 2762/2924/2762 
f 2016/2084/2016 2763/2925/2763 2764/2926/2764 
f 816/827/816 815/826/815 83/83/83 
f 2506/2927/2506 2765/2928/2765 2504/2929/2504 
f 2447/2570/2447 2323/2930/2323 1583/1620/1583 
f 2062/2134/2062 2766/2931/2766 2767/2932/2767 
f 2162/2246/2162 2561/2691/2561 2163/2247/2163 
f 2768/2933/2768 2769/2934/2769 2770/2935/2770 
f 1699/1741/1699 509/2936/509 1700/1742/1700 
f 2771/2937/2771 2772/2938/2772 745/756/745 
f 2773/2939/2773 2774/2940/2774 478/481/478 
f 508/511/508 510/513/510 2775/2941/2775 
f 461/464/461 2190/2277/2190 462/465/462 
f 2776/2942/2776 2777/2943/2777 2778/2944/2778 
f 2779/2945/2779 965/979/965 1204/1226/1204 
f 865/876/865 1201/1223/1201 2066/2138/2066 
f 2780/2946/2780 2769/2934/2769 2781/2947/2781 
f 774/785/774 773/784/773 70/70/70 
f 1196/1217/1196 1567/1603/1567 2782/2948/2782 
f 254/256/254 1595/2949/1595 1012/2950/1012 
f 2783/2951/2783 2784/2952/2784 2119/2197/2119 
f 856/867/856 1676/1716/1676 2238/2326/2238 
f 2785/2953/2785 2786/2954/2786 795/806/795 
f 1300/1328/1300 985/1000/985 2244/2333/2244 
f 2140/2221/2140 1660/1698/1660 12/12/12 
f 2532/2660/2532 2521/2649/2521 1548/1583/1548 
f 822/833/822 2082/2154/2082 526/530/526 
f 1755/1805/1755 2249/2338/2249 853/864/853 
f 95/95/95 2662/2805/2662 1847/1901/1847 
f 757/768/757 236/236/236 925/937/925 
f 2087/2160/2087 150/516/150 2088/2161/2088 
f 2787/2955/2787 2788/2956/2788 934/946/934 
f 2789/2957/2789 1573/1609/1573 1030/1047/1030 
f 690/698/690 422/425/422 887/898/887 
f 2790/2958/2790 2791/2959/2791 2792/2960/2792 
f 2581/2712/2581 2672/2819/2672 1364/1395/1364 
f 2793/2961/2793 1552/1587/1552 565/569/565 
f 436/439/436 1408/1440/1408 434/437/434 
f 784/795/784 2484/2609/2484 2794/2962/2794 
f 2795/2963/2795 1946/2010/1946 1945/2009/1945 
f 641/645/641 2796/2964/2796 2477/2602/2477 
f 2797/2965/2797 2798/2966/2798 2799/2967/2799 
f 1327/1355/1327 1326/1354/1326 553/557/553 
f 481/484/481 295/297/295 1780/1832/1780 
f 384/1009/384 2696/2846/2696 385/2968/385 
f 2434/2557/2434 2755/2915/2755 1086/1103/1086 
f 1857/1911/1857 2254/2343/2254 1168/1188/1168 
f 2800/2969/2800 2801/2970/2801 2707/2861/2707 
f 2691/2841/2691 195/195/195 2802/2971/2802 
f 119/119/119 2361/2475/2361 675/681/675 
f 1158/1178/1158 1157/1177/1157 1633/1670/1633 
f 2202/2289/2202 2515/2643/2515 2507/2633/2507 
f 2803/2972/2803 2804/2973/2804 2805/2974/2805 
f 2806/2975/2806 2807/2976/2807 2702/2977/2702 
f 2382/2498/2382 1343/1372/1343 2113/2191/2113 
f 2190/2277/2190 1564/1600/1564 1752/1802/1752 
f 1579/1616/1579 1578/1615/1578 2808/2978/2808 
f 1136/2332/1136 2243/2331/2243 1724/2979/1724 
f 2809/2980/2809 1717/1760/1717 2587/2719/2587 
f 2810/2981/2810 1789/1841/1789 2044/2113/2044 
f 2811/2982/2811 2812/2983/2812 2813/2984/2813 
f 718/727/718 1618/1655/1618 2814/2985/2814 
f 2028/2097/2028 2815/2986/2815 2816/2987/2816 
f 2236/2324/2236 1892/1949/1892 1891/1948/1891 
f 1674/1714/1674 762/773/762 2250/2339/2250 
f 1882/1939/1882 2144/2225/2144 1412/1444/1412 
f 2238/2326/2238 2428/2551/2428 1582/1619/1582 
f 2817/2988/2817 1607/1644/1607 1302/1330/1302 
f 2245/2334/2245 2818/2989/2818 2819/2990/2819 
f 2718/2873/2718 1261/1287/1261 694/702/694 
f 2433/2556/2433 711/720/711 1048/1065/1048 
f 2820/2991/2820 1164/1184/1164 2232/2320/2232 
f 1464/2992/1464 1962/2026/1962 308/311/308 
f 2821/2993/2821 2187/2274/2187 2186/2273/2186 
f 2275/2366/2275 2532/2660/2532 1548/1583/1548 
f 1151/1171/1151 1564/1600/1564 183/183/183 
f 1406/1438/1406 1576/1613/1576 2086/2158/2086 
f 2784/2952/2784 2362/2476/2362 1102/1120/1102 
f 929/941/929 1819/1872/1819 1570/1606/1570 
f 419/422/419 421/424/421 1247/1271/1247 
f 1484/1517/1484 527/531/527 1485/1518/1485 
f 2822/2994/2822 276/278/276 2675/2822/2675 
f 2823/2995/2823 2824/2996/2824 2334/2441/2334 
f 364/367/364 2825/2997/2825 1829/1882/1829 
f 1469/1502/1469 689/697/689 2569/2699/2569 
f 2826/2998/2826 2827/2999/2827 1230/1253/1230 
f 2828/3000/2828 2829/3001/2829 2830/3002/2830 
f 1184/1204/1184 999/1016/999 2129/2209/2129 
f 1469/1502/1469 1932/1995/1932 2211/2299/2211 
f 1012/1029/1012 1011/1028/1011 2061/2133/2061 
f 2831/3003/2831 2832/3004/2832 2833/3005/2833 
f 2834/3006/2834 2835/3007/2835 2836/3008/2836 
f 2652/2795/2652 1594/1631/1594 1077/1094/1077 
f 2837/3009/2837 2838/3010/2838 2648/2790/2648 
f 1739/3011/1739 928/940/928 2795/2963/2795 
f 607/611/607 2839/3012/2839 2829/3001/2829 
f 1508/1541/1508 1082/1099/1082 2840/3013/2840 
f 706/715/706 293/295/293 292/294/292 
f 2841/3014/2841 2242/2330/2242 2426/2883/2426 
f 2007/3015/2007 2842/3016/2842 2843/3017/2843 
f 2844/3018/2844 1673/3019/1673 2845/3020/2845 
f 457/460/457 2673/2820/2673 1696/1738/1696 
f 254/256/254 1596/3021/1596 1595/2949/1595 
f 2846/3022/2846 2781/2947/2781 991/1007/991 
f 1896/1954/1896 1976/2041/1976 1897/1955/1897 
f 598/602/598 1184/1204/1184 593/597/593 
f 2847/3023/2847 2597/2729/2597 2816/2987/2816 
f 1468/1501/1468 2569/2699/2569 1482/1515/1482 
f 2493/2618/2493 187/187/187 405/408/405 
f 2161/2245/2161 2312/2411/2312 1145/1165/1145 
f 2188/2275/2188 2848/3024/2848 2674/2821/2674 
f 2849/3025/2849 2637/2775/2637 2070/2142/2070 
f 2850/3026/2850 2851/3027/2851 1367/1398/1367 
f 1864/1918/1864 2560/2690/2560 1041/1058/1041 
f 1875/1930/1875 1448/1481/1448 2852/3028/2852 
f 1338/1367/1338 466/469/466 2853/3029/2853 
f 2833/3005/2833 2494/2619/2494 2854/3030/2854 
f 1420/1452/1420 661/666/661 1428/1461/1428 
f 1277/1303/1277 2317/2416/2317 2316/2415/2316 
f 647/651/647 263/653/263 2855/3031/2855 
f 1379/1410/1379 2856/3032/2856 976/990/976 
f 1533/1566/1533 2568/2698/2568 1382/1413/1382 
f 670/675/670 1249/1273/1249 141/141/141 
f 2857/3033/2857 2858/3034/2858 2859/3035/2859 
f 1846/1900/1846 2860/3036/2860 841/852/841 
f 2012/2080/2012 1154/1174/1154 2228/2316/2228 
f 1447/1480/1447 2852/3028/2852 1448/1481/1448 
f 627/631/627 2636/2773/2636 2275/2366/2275 
f 614/618/614 2861/3037/2861 1085/1102/1085 
f 229/229/229 1447/1480/1447 1960/2024/1960 
f 1465/2219/1465 1766/1817/1766 894/3038/894 
f 2410/2532/2410 2711/2865/2711 2862/3039/2862 
f 1045/1062/1045 2863/3040/2863 381/384/381 
f 2864/3041/2864 2248/2337/2248 1413/1445/1413 
f 2865/3042/2865 2866/3043/2866 2867/3044/2867 
f 1663/1701/1663 2868/3045/2868 2869/3046/2869 
f 1654/1692/1654 112/112/112 2870/3047/2870 
f 1933/1996/1933 1332/1361/1332 2871/3048/2871 
f 831/842/831 1656/1694/1656 1959/2023/1959 
f 2266/2355/2266 2872/3049/2872 2873/3050/2873 
f 2874/3051/2874 2875/3052/2875 1843/1897/1843 
f 2876/3053/2876 2877/3054/2877 2878/3055/2878 
f 2879/3056/2879 2576/2706/2576 2880/3057/2880 
f 344/347/344 2167/2251/2167 293/295/293 
f 2881/3058/2881 1849/2075/1849 331/334/331 
f 2002/2069/2002 2882/3059/2882 2601/2733/2601 
f 1475/1508/1475 436/439/436 1506/1539/1506 
f 2883/3060/2883 2624/2757/2624 2884/3061/2884 
f 1186/1207/1186 1185/1206/1185 1901/1959/1901 
f 2885/3062/2885 2886/3063/2886 1895/1953/1895 
f 830/841/830 832/843/832 531/535/531 
f 1504/1537/1504 2887/3064/2887 304/307/304 
f 889/900/889 916/928/916 690/698/690 
f 1807/1860/1807 1087/1104/1087 164/164/164 
f 2668/2813/2668 1795/1848/1795 1692/1733/1692 
f 2888/3065/2888 2889/3066/2889 2890/3067/2890 
f 1976/2041/1976 1157/1177/1157 2891/3068/2891 
f 429/432/429 2579/2710/2579 2588/2720/2588 
f 1155/1175/1155 389/392/389 1153/1173/1153 
f 2091/2169/2091 420/423/420 2892/3069/2892 
f 2893/3070/2893 2894/3071/2894 2895/3072/2895 
f 1309/1337/1309 1664/1702/1664 2669/2814/2669 
f 469/472/469 2197/2284/2197 2896/3073/2896 
f 2897/3074/2897 2898/3075/2898 2899/3076/2899 
f 2813/2984/2813 1846/1900/1846 2662/2805/2662 
f 418/421/418 739/750/739 417/420/417 
f 1566/1602/1566 2900/3077/2900 1903/1961/1903 
f 2717/2872/2717 435/438/435 434/437/434 
f 437/440/437 439/442/439 2377/2492/2377 
f 237/237/237 2901/3078/2901 1070/1087/1070 
f 1614/1651/1614 870/881/870 1615/1652/1615 
f 2836/3008/2836 2902/3079/2902 2903/3080/2903 
f 2904/3081/2904 2768/2933/2768 1173/1193/1173 
f 2712/2866/2712 2905/3082/2905 1709/3083/1709 
f 2906/3084/2906 2545/2674/2545 2796/2964/2796 
f 2907/3085/2907 2908/3086/2908 2359/2473/2359 
f 2909/3087/2909 2910/3088/2910 1631/1668/1631 
f 868/879/868 2384/2500/2384 2383/2499/2383 
f 1460/1493/1460 391/394/391 1346/1375/1346 
f 1953/2017/1953 1974/2039/1974 1963/2027/1963 
f 1661/1699/1661 2631/2767/2631 1496/1529/1496 
f 2247/2336/2247 156/156/156 1680/1720/1680 
f 934/946/934 2911/3089/2911 935/947/935 
f 2912/3090/2912 2913/3091/2913 2250/2339/2250 
f 1041/1058/1041 1530/1563/1530 2237/2325/2237 
f 1859/1913/1859 1632/1669/1632 1860/1914/1860 
f 413/416/413 2739/2897/2739 414/417/414 
f 358/361/358 2142/2223/2142 1180/1200/1180 
f 2469/2594/2469 2914/3092/2914 2303/2397/2303 
f 133/133/133 470/473/470 2893/3070/2893 
f 2091/2169/2091 2915/3093/2915 1605/1642/1605 
f 1268/1294/1268 1058/1075/1058 1057/1074/1057 
f 1164/1184/1164 1679/1719/1679 2916/3094/2916 
f 2442/2565/2442 1207/1229/1207 1209/1231/1209 
f 2511/2639/2511 2917/3095/2917 2512/2640/2512 
f 995/1012/995 2918/3096/2918 2808/2978/2808 
f 868/879/868 2383/2499/2383 869/880/869 
f 2919/3097/2919 2920/3098/2920 2921/3099/2921 
f 2097/2175/2097 2096/2174/2096 2922/3100/2922 
f 1716/1759/1716 2144/2225/2144 1882/1939/1882 
f 892/903/892 2144/2225/2144 1716/1759/1716 
f 1229/1252/1229 2923/3101/2923 1230/1253/1230 
f 2924/3102/2924 2925/3103/2925 2926/3104/2926 
f 1492/3105/1492 2927/3106/2927 2928/3107/2928 
f 2106/2184/2106 2105/2183/2105 662/667/662 
f 2446/2569/2446 1957/2021/1957 2929/3108/2929 
f 1591/2806/1591 673/3109/673 2663/2807/2663 
f 2930/3110/2930 1410/1442/1410 1412/1444/1412 
f 955/968/955 956/969/956 2456/2581/2456 
f 2931/3111/2931 550/554/550 785/796/785 
f 1122/1142/1122 1695/1737/1695 1697/1739/1697 
f 2070/2142/2070 2637/2775/2637 982/997/982 
f 1048/1065/1048 711/720/711 2587/2719/2587 
f 539/543/539 2932/3112/2932 2933/3113/2933 
f 2934/3114/2934 2809/2980/2809 711/720/711 
f 1541/1575/1541 537/541/537 1542/1576/1542 
f 2935/3115/2935 301/304/301 302/305/302 
f 2482/2607/2482 2318/2417/2318 2936/3116/2936 
f 2825/2997/2825 364/367/364 363/366/363 
f 2252/2341/2252 1313/1341/1313 1312/1340/1312 
f 2034/2103/2034 1581/1618/1581 1582/1619/1582 
f 580/3117/580 528/532/528 1484/1517/1484 
f 2937/3118/2937 827/838/827 1290/1316/1290 
f 2938/3119/2938 697/705/697 1014/1031/1014 
f 2939/3120/2939 1207/1229/1207 2129/2209/2129 
f 484/487/484 1692/1733/1692 1147/1167/1147 
f 1905/1963/1905 2940/3121/2940 2692/2842/2692 
f 2572/2702/2572 2690/2840/2690 2573/2703/2573 
f 2941/3122/2941 1685/1725/1685 2942/3123/2942 
f 2943/3124/2943 416/419/416 71/71/71 
f 2944/3125/2944 2945/3126/2945 1894/1952/1894 
f 2946/3127/2946 2662/2805/2662 94/94/94 
f 2947/3128/2947 2830/3129/2830 2948/3130/2948 
f 1813/1866/1813 1899/1957/1899 1409/1441/1409 
f 2387/2504/2387 768/779/768 1881/1938/1881 
f 2949/3131/2949 2831/3003/2831 2854/3030/2854 
f 1384/1415/1384 2603/2735/2603 1403/1434/1403 
f 2770/2935/2770 2950/3132/2950 2951/3133/2951 
f 999/1016/999 2939/3120/2939 2129/2209/2129 
f 1716/1759/1716 1718/1761/1718 892/903/892 
f 1774/1825/1774 2506/2632/2506 2505/2631/2505 
f 1355/1385/1355 2769/2934/2769 2952/3134/2952 
f 1771/1822/1771 1933/1996/1933 940/952/940 
f 327/330/327 2953/3135/2953 2954/3136/2954 
f 2797/2965/2797 1594/3137/1594 2652/3138/2652 
f 2955/3139/2955 1588/1625/1588 2575/2705/2575 
f 304/307/304 2887/3064/2887 211/211/211 
f 2228/2316/2228 71/71/71 70/70/70 
f 1700/1742/1700 2546/3140/2546 2956/3141/2956 
f 2178/2264/2178 33/33/33 2957/3142/2957 
f 1410/1442/1410 1941/2005/1941 1411/1443/1411 
f 460/463/460 2147/2229/2147 658/663/658 
f 1134/1154/1134 2782/2948/2782 1567/1603/1567 
f 382/385/382 2595/2727/2595 383/386/383 
f 1076/1093/1076 2428/2551/2428 1074/1091/1074 
f 398/401/398 397/400/397 2958/3143/2958 
f 2959/3144/2959 2960/3145/2960 2961/3146/2961 
f 1226/1249/1226 1228/1251/1228 2962/3147/2962 
f 1855/1909/1855 2621/2754/2621 1361/1392/1361 
f 2963/3148/2963 90/90/90 89/89/89 
f 1579/1616/1579 2808/2978/2808 2675/2822/2675 
f 1755/1805/1755 472/475/472 2249/2338/2249 
f 2232/2320/2232 859/870/859 2820/2991/2820 
f 2094/2172/2094 2954/3136/2954 2550/2680/2550 
f 1717/1760/1717 2809/2980/2809 1718/1761/1718 
f 159/159/159 715/1275/715 1515/1548/1515 
f 1375/1406/1375 1836/1890/1836 1200/1222/1200 
f 2752/2910/2752 2628/2762/2628 2964/3149/2964 
f 1981/2046/1981 1500/1533/1500 30/30/30 
f 2563/2693/2563 2965/3150/2965 2132/2212/2132 
f 971/985/971 2966/3151/2966 972/986/972 
f 2262/2351/2262 38/38/38 2759/2921/2759 
f 2372/3152/2372 103/3153/103 2967/3154/2967 
f 780/791/780 1961/3155/1961 1962/3156/1962 
f 2864/3041/2864 1413/1445/1413 1415/1447/1415 
f 1537/1571/1537 806/817/806 2219/2307/2219 
f 777/788/777 776/787/776 1671/1710/1671 
f 1710/1753/1710 2968/3157/2968 2099/2177/2099 
f 2969/3158/2969 2970/3159/2970 2463/2588/2463 
f 701/709/701 700/708/700 2971/3160/2971 
f 2472/2597/2472 2972/3161/2972 2544/2673/2544 
f 740/751/740 737/748/737 1213/1236/1213 
f 2289/2380/2289 1569/1605/1569 1966/2792/1966 
f 272/274/272 271/273/271 424/427/424 
f 2245/2334/2245 2244/2333/2244 2638/3162/2638 
f 2973/3163/2973 2523/2651/2523 2671/2818/2671 
f 2476/2601/2476 608/612/608 2573/2703/2573 
f 2588/2720/2588 1988/2053/1988 1023/2054/1023 
f 2493/2618/2493 405/408/405 404/407/404 
f 1699/1741/1699 1698/1740/1698 2974/3164/2974 
f 2158/3165/2158 516/3166/516 518/3167/518 
f 2285/2376/2285 2975/3168/2975 2976/3169/2976 
f 2977/3170/2977 2978/3171/2978 2979/3172/2979 
f 986/1001/986 426/429/426 234/1002/234 
f 1638/1675/1638 2980/3173/2980 1639/1676/1639 
f 1827/1880/1827 146/146/146 145/145/145 
f 394/397/394 2981/3174/2981 2020/2088/2020 
f 599/603/599 1669/1708/1669 342/345/342 
f 1298/1326/1298 2494/2619/2494 2833/3005/2833 
f 2376/2491/2376 2982/3175/2982 2983/3176/2983 
f 1995/2061/1995 1883/1940/1883 1996/2062/1996 
f 607/611/607 609/613/609 332/1568/332 
f 2271/2362/2271 2064/2136/2064 2718/2873/2718 
f 571/575/571 573/577/573 2127/2205/2127 
f 1674/1714/1674 63/63/63 762/773/762 
f 2984/3177/2984 1712/1755/1712 1711/1754/1711 
f 2278/2369/2278 2331/2438/2331 1710/1753/1710 
f 2717/2872/2717 434/437/434 2072/2144/2072 
f 332/1568/332 2839/3012/2839 607/611/607 
f 402/405/402 833/844/833 169/169/169 
f 1160/1180/1160 2705/2859/2705 2985/3178/2985 
f 1131/1151/1131 2794/2962/2794 2484/2609/2484 
f 73/73/73 342/345/342 1669/1708/1669 
f 1658/1696/1658 2986/3179/2986 1446/1479/1446 
f 1251/1277/1251 1252/1278/1252 1514/1547/1514 
f 1420/1452/1420 2968/3157/2968 256/258/256 
f 2463/2588/2463 2970/3159/2970 2558/2688/2558 
f 1059/1076/1059 1995/2061/1995 118/118/118 
f 1652/1690/1652 1923/1985/1923 2231/2319/2231 
f 778/789/778 2987/3180/2987 1811/1864/1811 
f 260/262/260 355/358/355 1142/1162/1142 
f 2443/2566/2443 2370/2485/2370 2988/3181/2988 
f 2584/2715/2584 1244/1268/1244 2643/2785/2643 
f 1893/2628/1893 973/987/973 1713/1756/1713 
f 1549/1584/1549 1798/1851/1798 1633/1670/1633 
f 2855/3182/2855 909/921/909 647/3183/647 
f 1067/1084/1067 2247/2336/2247 2989/3184/2989 
f 2968/3157/2968 1712/1755/1712 257/259/257 
f 1125/1145/1125 947/959/947 946/958/946 
f 2160/2506/2160 385/2968/385 1488/1521/1488 
f 736/747/736 1321/1349/1321 1350/1379/1350 
f 1517/1550/1517 1901/1959/1901 1331/1360/1331 
f 622/967/622 954/966/954 623/1889/623 
f 362/365/362 1202/1224/1202 1392/1423/1392 
f 2189/2276/2189 183/183/183 2190/2277/2190 
f 1976/2041/1976 1896/1954/1896 1550/1585/1550 
f 2553/2683/2553 2552/2682/2552 1322/1350/1322 
f 2990/3185/2990 1226/1249/1226 2991/3186/2991 
f 371/2774/371 1296/1324/1296 372/1323/372 
f 2763/2925/2763 641/645/641 2764/2926/2764 
f 2308/2405/2308 2992/3187/2992 2993/3188/2993 
f 850/861/850 459/462/459 901/913/901 
f 145/145/145 2541/2670/2541 2499/3189/2499 
f 2994/3190/2994 2487/2612/2487 2995/3191/2995 
f 53/53/53 370/1387/370 18/18/18 
f 1672/3192/1672 2702/3193/2702 2845/3194/2845 
f 2273/2364/2273 2996/3195/2996 2274/2365/2274 
f 1507/1540/1507 2958/3143/2958 397/400/397 
f 1298/1326/1298 2454/2578/2454 2997/3196/2997 
f 14/14/14 1723/1766/1723 2998/3197/2998 
f 297/299/297 756/767/756 1810/1863/1810 
f 1852/1906/1852 1531/1564/1531 929/941/929 
f 561/3198/561 1291/3199/1291 2352/2464/2352 
f 648/2409/648 264/266/264 263/265/263 
f 2654/2797/2654 1559/1594/1559 1092/1109/1092 
f 2999/3200/2999 1094/1111/1094 3000/3201/3000 
f 2868/3045/2868 1055/1072/1055 3001/3202/3001 
f 2353/2465/2353 2630/2765/2630 2137/2217/2137 
f 879/890/879 1602/1639/1602 1187/1208/1187 
f 2812/2983/2812 2515/2643/2515 2202/2289/2202 
f 1937/2000/1937 2223/2311/2223 3002/3203/3002 
f 2206/2294/2206 3003/3204/3003 3004/3205/3004 
f 2899/3076/2899 2840/3013/2840 3005/3206/3005 
f 301/2914/301 3006/3207/3006 1249/1273/1249 
f 2599/2731/2599 2601/2733/2601 3007/3208/3007 
f 3008/3209/3008 3009/3210/3009 1628/1665/1628 
f 1068/1085/1068 123/123/123 305/308/305 
f 1058/1075/1058 2761/2923/2761 1056/1073/1056 
f 3010/3211/3010 3011/3212/3011 3012/3213/3012 
f 1705/1747/1705 3013/3214/3013 3014/3215/3014 
f 3015/3216/3015 2332/2439/2332 3016/3217/3016 
f 2036/2105/2036 2022/2090/2022 3017/3218/3017 
f 686/694/686 179/179/179 1192/1213/1192 
f 3018/3219/3018 1470/1503/1470 3019/3220/3019 
f 57/57/57 56/56/56 3020/3221/3020 
f 356/359/356 358/361/358 1435/1468/1435 
f 1273/1317/1273 1292/1319/1292 3021/3222/3021 
f 1571/1607/1571 1840/1894/1840 1572/1608/1572 
f 101/101/101 3022/3223/3022 2201/2288/2201 
f 3023/3224/3023 3024/3225/3024 676/682/676 
f 3025/3226/3025 1742/1792/1742 1523/1556/1523 
f 2662/2805/2662 95/95/95 94/94/94 
f 377/380/377 1407/1439/1407 378/381/378 
f 1534/1567/1534 1237/2291/1237 332/1568/332 
f 2271/2362/2271 2072/2144/2072 544/548/544 
f 2227/2315/2227 2228/2316/2228 1154/1174/1154 
f 2107/3227/2107 2487/2612/2487 2486/2611/2486 
f 3026/3228/3026 2724/2879/2724 3027/3229/3027 
f 1868/1923/1868 1386/1417/1386 1385/1416/1385 
f 1807/1860/1807 1323/1351/1323 1087/1104/1087 
f 863/874/863 904/916/904 861/872/861 
f 523/527/523 522/526/522 1644/1681/1644 
f 3028/3230/3028 1811/1864/1811 2987/3180/2987 
f 2027/2095/2027 2241/2329/2241 451/454/451 
f 218/218/218 181/181/181 2901/3078/2901 
f 2785/2953/2785 794/805/794 3029/3231/3029 
f 2313/2412/2313 2293/2385/2293 2331/2438/2331 
f 495/498/495 3030/3232/3030 143/143/143 
f 546/550/546 548/552/548 2350/2461/2350 
f 2207/2295/2207 1649/1687/1649 160/160/160 
f 1970/2034/1970 2519/2647/2519 1749/1799/1749 
f 712/721/712 1209/1231/1209 1208/1230/1208 
f 2318/2417/2318 2482/2607/2482 2316/2415/2316 
f 2216/2304/2216 1411/1443/1411 1941/2005/1941 
f 2816/2987/2816 1777/1828/1777 1776/1827/1776 
f 786/797/786 2483/2608/2483 784/795/784 
f 2669/2814/2669 2903/3080/2903 1777/1828/1777 
f 1852/1906/1852 1570/1606/1570 2289/2380/2289 
f 2301/2393/2301 1871/1926/1871 2025/2093/2025 
f 2161/2245/2161 899/2410/899 2312/2411/2312 
f 1000/1017/1000 999/1016/999 598/602/598 
f 2579/2710/2579 429/432/429 2700/2850/2700 
f 890/901/890 892/903/892 1480/1513/1480 
f 2924/3102/2924 2864/3041/2864 3031/3233/3031 
f 2239/2327/2239 2027/2095/2027 226/226/226 
f 1280/1306/1280 3032/3234/3032 1281/1307/1281 
f 141/141/141 1249/1273/1249 142/142/142 
f 2205/2293/2205 1170/1190/1170 2832/3004/2832 
f 989/1005/989 2741/2899/2741 987/1003/987 
f 2677/2824/2677 2745/2903/2745 2711/2865/2711 
f 3033/3235/3033 2629/2764/2629 2514/2642/2514 
f 2843/3017/2843 2842/3016/2842 2948/3130/2948 
f 3034/3236/3034 3035/3237/3035 3036/3238/3036 
f 3037/3239/3037 1897/1955/1897 2891/3068/2891 
f 712/721/712 711/720/711 2433/2556/2433 
f 1882/1939/1882 1963/2027/1963 1996/2062/1996 
f 3038/3240/3038 2421/2544/2421 2982/3175/2982 
f 1539/1573/1539 141/141/141 618/622/618 
f 2235/2323/2235 1148/1168/1148 1794/1847/1794 
f 3039/3241/3039 1736/3242/1736 1821/1874/1821 
f 3040/3243/3040 174/174/174 3041/3244/3041 
f 2843/3017/2843 2948/3130/2948 2830/3129/2830 
f 3042/3245/3042 1299/1327/1299 1298/1326/1298 
f 3043/3246/3043 2911/3089/2911 1973/2037/1973 
f 2724/2879/2724 3044/3247/3044 3045/3248/3045 
f 3046/3249/3046 3047/3250/3047 2186/2273/2186 
f 102/102/102 681/689/681 100/100/100 
f 1441/1474/1441 1670/1709/1670 1584/1621/1584 
f 3048/3251/3048 3049/3252/3049 3050/3253/3050 
f 3051/3254/3051 1592/1629/1592 2137/2217/2137 
f 3052/3255/3052 3053/3256/3053 3054/3257/3054 
f 118/118/118 117/117/117 1060/1077/1060 
f 443/446/443 2088/3258/2088 1080/1097/1080 
f 3055/3259/3055 928/940/928 927/939/927 
f 3056/3260/3056 920/932/920 770/781/770 
f 2809/2980/2809 1478/1511/1478 1718/1761/1718 
f 2203/2290/2203 409/412/409 408/411/408 
f 3057/3261/3057 3058/3262/3058 3059/3263/3059 
f 2/2/2 1/1/1 640/644/640 
f 3060/3264/3060 687/695/687 2211/2299/2211 
f 3061/3265/3061 3062/3266/3062 3063/3267/3063 
f 514/518/514 399/402/399 401/404/401 
f 2970/3159/2970 1687/1728/1687 2585/2716/2585 
f 1758/1808/1758 490/493/490 1467/1500/1467 
f 1650/1688/1650 1762/2238/1762 589/593/589 
f 1647/1684/1647 2861/3037/2861 1034/1051/1034 
f 2378/2493/2378 439/442/439 3064/3268/3064 
f 1777/1828/1777 2903/3080/2903 1775/1826/1775 
f 1094/1111/1094 3065/3269/3065 3066/3270/3066 
f 1415/1447/1415 760/771/760 2864/3041/2864 
f 3067/3271/3067 2102/2180/2102 3068/3272/3068 
f 972/986/972 1980/2045/1980 1713/1756/1713 
f 761/772/761 760/771/760 1581/1618/1581 
f 3069/3273/3069 338/341/338 2701/2851/2701 
f 2034/2103/2034 1582/1619/1582 1076/1093/1076 
f 3070/3274/3070 2524/2652/2524 1698/1740/1698 
f 2892/3069/2892 11/11/11 2915/3093/2915 
f 1164/1184/1164 1163/1183/1163 1679/1719/1679 
f 3071/3275/3071 2564/2694/2564 3049/3252/3049 
f 2339/2446/2339 2340/2447/2340 835/846/835 
f 2287/2378/2287 104/104/104 2373/2488/2373 
f 1447/1480/1447 3072/3276/3072 2852/3028/2852 
f 229/229/229 3072/3276/3072 1447/1480/1447 
f 990/1006/990 992/1008/992 2369/2484/2369 
f 2923/3101/2923 3073/3277/3073 3074/3278/3074 
f 3075/3279/3075 3076/3280/3076 3077/3281/3077 
f 994/1011/994 1874/1929/1874 3078/3282/3078 
f 2260/3283/2260 2927/3284/2927 1491/1524/1491 
f 3079/3285/3079 594/598/594 2925/3103/2925 
f 2224/2312/2224 798/809/798 3080/3286/3080 
f 688/696/688 2742/2900/2742 689/697/689 
f 26/2420/26 671/2636/671 131/2418/131 
f 1571/1607/1571 1275/1301/1275 2291/2383/2291 
f 2390/2509/2390 3081/3287/3081 2391/2510/2391 
f 2748/2906/2748 3082/3288/3082 1630/1667/1630 
f 294/296/294 49/49/49 1254/1280/1254 
f 2240/2328/2240 3083/3289/3083 2241/2329/2241 
f 3084/3290/3084 2053/2122/2053 2055/2124/2055 
f 1370/1401/1370 3085/3291/3085 1371/1402/1371 
f 1116/1136/1116 3086/3292/3086 3087/3293/3087 
f 477/480/477 479/482/479 1773/3294/1773 
f 3057/3261/3057 3059/3263/3059 1109/3295/1109 
f 2558/2688/2558 3088/3296/3088 2559/2689/2559 
f 1323/1351/1323 568/572/568 1784/1836/1784 
f 1142/1162/1142 1456/1489/1456 1140/1160/1140 
f 2897/3074/2897 2899/3076/2899 828/839/828 
f 422/425/422 1001/1018/1001 355/358/355 
f 3089/3297/3089 2740/2898/2740 1614/1651/1614 
f 1518/1551/1518 45/45/45 880/891/880 
f 3090/3298/3090 1629/1666/1629 3091/3299/3091 
f 256/258/256 1421/1453/1421 1420/1452/1420 
f 1614/1651/1614 2201/2288/2201 3022/3223/3022 
f 2162/2246/2162 2164/2248/2164 2218/2306/2218 
f 154/154/154 1934/1997/1934 155/155/155 
f 1146/1166/1146 2235/2323/2235 2604/2736/2604 
f 1257/1283/1257 1369/1400/1369 1688/1729/1688 
f 1292/1319/1292 1286/1312/1286 1285/1311/1285 
f 2320/2421/2320 3092/3300/3092 2978/3171/2978 
f 2773/2939/2773 478/481/478 3093/3301/3093 
f 1906/1964/1906 2824/2996/2824 1329/1358/1329 
f 1165/1185/1165 1783/1835/1783 1676/1716/1676 
f 361/364/361 2125/2203/2125 503/506/503 
f 370/373/370 372/375/372 3094/3302/3094 
f 1943/2007/1943 531/535/531 832/843/832 
f 2371/2486/2371 2366/2480/2366 2420/2543/2420 
f 3095/3303/3095 3096/3304/3096 1/1/1 
f 2387/2504/2387 3051/3254/3051 3097/3305/3097 
f 3098/3306/3098 1987/2052/1987 1986/2051/1986 
f 2468/2593/2468 2585/2716/2585 1687/1728/1687 
f 702/710/702 701/709/701 3032/3234/3032 
f 3099/3307/3099 1894/1952/1894 2945/3126/2945 
f 2936/3116/2936 2638/2776/2638 2482/2607/2482 
f 428/431/428 3100/3308/3100 2699/2849/2699 
f 2046/3309/2046 1616/1653/1616 1617/1654/1617 
f 3101/3310/3101 2025/2093/2025 2024/2092/2024 
f 2233/2321/2233 2651/2794/2651 2916/3094/2916 
f 3102/3311/3102 1764/1815/1764 2019/2087/2019 
f 339/342/339 338/341/338 1440/1473/1440 
f 707/716/707 709/718/709 3069/3273/3069 
f 2266/2355/2266 1765/1816/1765 3103/3312/3103 
f 56/56/56 1219/1242/1219 1218/1241/1218 
f 3104/3313/3104 578/1437/578 1405/1436/1405 
f 48/48/48 47/47/47 1060/1077/1060 
f 1488/1521/1488 1490/1523/1490 2160/2506/2160 
f 1618/1934/1618 2295/3314/2295 1877/1932/1877 
f 1775/1826/1775 2120/2198/2120 1776/1827/1776 
f 1234/2834/1234 2157/2241/2157 3105/3315/3105 
f 1716/1759/1716 1883/1940/1883 2008/2076/2008 
f 508/734/508 724/733/724 2546/2675/2546 
f 2683/2830/2683 3106/3316/3106 2684/2831/2684 
f 3107/3317/3107 3108/3318/3108 1956/2020/1956 
f 3109/3319/3109 727/738/727 2339/2446/2339 
f 3110/3320/3110 3111/3321/3111 3112/3322/3112 
f 2925/3103/2925 3031/3233/3031 3113/3323/3113 
f 23/23/23 550/554/550 2931/3111/2931 
f 3112/3322/3112 3114/3324/3114 3110/3320/3110 
f 2069/2141/2069 1403/1434/1403 2188/2275/2188 
f 2046/2115/2046 1617/2456/1617 2047/2116/2047 
f 2888/3065/2888 3115/3325/3115 2889/3066/2889 
f 289/291/289 675/681/675 1466/1499/1466 
f 2326/2429/2326 2689/2839/2689 2017/2085/2017 
f 1699/1741/1699 2414/2536/2414 509/2936/509 
f 2626/2760/2626 2752/2910/2752 2774/2940/2774 
f 2082/2154/2082 822/833/822 1538/1572/1538 
f 800/811/800 1074/1091/1074 1579/1616/1579 
f 3116/3326/3116 3117/3327/3117 3118/3328/3118 
f 1607/1644/1607 1609/1646/1609 3119/3329/3119 
f 1688/1729/1688 1369/1400/1369 169/169/169 
f 915/927/915 758/769/758 850/861/850 
f 3120/3330/3120 3121/3331/3121 876/887/876 
f 754/765/754 2485/2610/2485 403/406/403 
f 392/395/392 394/397/394 2395/2514/2395 
f 3122/3332/3122 3123/3333/3123 134/134/134 
f 3060/3264/3060 826/837/826 687/695/687 
f 1419/1451/1419 1481/1514/1481 403/406/403 
f 2930/3110/2930 1973/2037/1973 1410/1442/1410 
f 3041/3244/3041 2939/3120/2939 998/1015/998 
f 1549/1584/1549 1633/1670/1633 1157/1177/1157 
f 2758/2918/2758 2757/2917/2757 3124/3334/3124 
f 2852/3028/2852 1238/1262/1238 1876/1931/1876 
f 245/3335/245 684/3336/684 152/3337/152 
f 667/672/667 1107/3338/1107 668/673/668 
f 3125/3339/3125 3126/3340/3126 3127/3341/3127 
f 514/518/514 513/517/513 399/402/399 
f 3128/3342/3128 1760/1810/1760 921/933/921 
f 1003/1020/1003 3129/3343/3129 3130/3344/3130 
f 3131/3345/3131 2068/2140/2068 2067/2139/2067 
f 1581/1618/1581 2034/2103/2034 761/772/761 
f 1020/1037/1020 1475/1508/1475 1507/1540/1507 
f 1014/1031/1014 122/122/122 1071/1088/1071 
f 2929/3108/2929 2639/2777/2639 2640/2778/2640 
f 1241/1265/1241 773/784/773 772/783/772 
f 1537/1571/1537 807/818/807 806/817/806 
f 378/381/378 423/426/423 376/379/376 
f 2735/2893/2735 2145/2227/2145 1305/1333/1305 
f 2699/2849/2699 932/944/932 2700/2850/2700 
f 3132/3346/3132 606/610/606 605/609/605 
f 2342/2449/2342 2341/2448/2341 3133/3347/3133 
f 2287/2378/2287 2286/2377/2286 104/104/104 
f 3134/3348/3134 2368/3349/2368 1961/3155/1961 
f 1528/1561/1528 1542/1576/1542 537/541/537 
f 3135/3350/3135 2775/2941/2775 510/513/510 
f 3136/3351/3136 891/902/891 890/901/890 
f 594/598/594 3079/3285/3079 592/596/592 
f 449/452/449 2742/2900/2742 450/453/450 
f 2909/3087/2909 1859/1913/1859 3137/3352/3137 
f 34/34/34 2697/2847/2697 35/35/35 
f 506/509/506 2422/2545/2422 3038/3240/3038 
f 2205/2293/2205 2831/3003/2831 3138/3353/3138 
f 1899/1957/1899 1538/1572/1538 822/833/822 
f 711/720/711 710/719/710 2934/3114/2934 
f 3139/3354/3139 3140/3355/3140 2642/2782/2642 
f 2572/2702/2572 2836/3008/2836 2690/2840/2690 
f 2538/2667/2538 1873/3356/1873 1778/3357/1778 
f 1314/1342/1314 1805/1858/1805 1315/1343/1315 
f 1253/1279/1253 49/49/49 390/393/390 
f 950/962/950 949/961/949 1681/1721/1681 
f 2864/3041/2864 760/771/760 3031/3233/3031 
f 3141/3358/3141 3136/3351/3136 3015/3216/3015 
f 529/533/529 1790/1843/1790 1954/2018/1954 
f 1940/2004/1940 2593/2725/2593 2216/2304/2216 
f 3078/3282/3078 3142/3359/3142 2822/2994/2822 
f 1719/3360/1719 1721/2538/1721 2417/2540/2417 
f 2648/2790/2648 1277/1303/1277 153/153/153 
f 3113/3323/3113 3031/3233/3031 3143/3361/3143 
f 2597/2729/2597 2847/3023/2847 2849/3025/2849 
f 2797/2965/2797 2408/2529/2408 2798/2966/2798 
f 2989/3184/2989 1195/1216/1195 1067/1084/1067 
f 2204/2292/2204 552/556/552 1334/1363/1334 
f 3144/3362/3144 1613/1650/1613 1615/1652/1615 
f 120/120/120 696/704/696 693/701/693 
f 661/666/661 1421/1453/1421 247/249/247 
f 323/326/323 395/398/395 628/632/628 
f 196/196/196 2940/3121/2940 3145/3363/3145 
f 3146/3364/3146 3147/3365/3147 3148/3366/3148 
f 1990/2056/1990 2496/2621/2496 1509/1542/1509 
f 2174/2260/2174 840/851/840 1536/1570/1536 
f 3099/3307/3099 2550/2680/2550 2954/3136/2954 
f 960/974/960 3149/3367/3149 961/975/961 
f 1026/1043/1026 3150/3368/3150 2727/2882/2727 
f 2829/3001/2829 2839/3012/2839 2843/3369/2843 
f 3151/3370/3151 3152/3371/3152 3039/3241/3039 
f 2016/2084/2016 2018/2086/2018 3153/3372/3153 
f 2833/3005/2833 2832/3004/2832 2454/2578/2454 
f 1923/1985/1923 2695/2845/2695 2987/3180/2987 
f 1573/1609/1573 2789/2957/2789 2200/3373/2200 
f 3154/3374/3154 2045/2114/2045 2884/3061/2884 
f 3081/3287/3081 2390/2509/2390 2166/2250/2166 
f 815/826/815 2100/2178/2100 83/83/83 
f 2642/2782/2642 3155/3375/3155 3139/3354/3139 
f 1653/1691/1653 112/112/112 1654/1692/1654 
f 2603/2735/2603 2235/2323/2235 2848/3024/2848 
f 3156/3376/3156 937/949/937 3157/3377/3157 
f 1694/3378/1694 3107/3317/3107 1956/2020/1956 
f 818/829/818 820/831/820 3158/3379/3158 
f 2757/2917/2757 2054/2123/2054 77/77/77 
f 842/853/842 841/852/841 2860/3036/2860 
f 1841/1895/1841 1843/1897/1843 3159/3380/3159 
f 3041/3244/3041 3160/3381/3160 1208/1230/1208 
f 3161/3382/3161 1665/1704/1665 3162/3383/3162 
f 1910/1971/1910 1949/2013/1949 865/876/865 
f 1037/1054/1037 2525/2653/2525 2524/2652/2524 
f 2453/2577/2453 1114/1134/1114 2997/3196/2997 
f 3163/3384/3163 3036/3238/3036 2942/3123/2942 
f 223/223/223 304/307/304 303/306/303 
f 2615/2747/2615 1459/1492/1459 958/971/958 
f 3164/3385/3164 3165/3386/3165 3166/3387/3166 
f 2360/2474/2360 2686/2836/2686 3167/3388/3167 
f 2900/3077/2900 1566/1602/1566 1529/1562/1529 
f 101/101/101 621/625/621 3022/3223/3022 
f 143/143/143 3030/3232/3030 1648/1685/1648 
f 1906/1964/1906 2334/2441/2334 2824/2996/2824 
f 1455/1488/1455 481/484/481 603/607/603 
f 3042/3245/3042 1114/1134/1114 1115/1135/1115 
f 640/644/640 2607/2739/2607 3168/3389/3168 
f 1380/1411/1380 1161/1181/1161 1160/1180/1160 
f 3169/3390/3169 3170/3391/3170 2703/3392/2703 
f 2838/3010/2838 2837/3009/2837 2627/2761/2627 
f 3118/3328/3118 2933/3113/2933 2932/3112/2932 
f 3171/3393/3171 3172/3394/3172 3173/3395/3173 
f 98/98/98 2191/2278/2191 2660/2803/2660 
f 2903/3080/2903 2669/2814/2669 2690/2840/2690 
f 1940/2004/1940 667/2164/667 2593/2725/2593 
f 778/789/778 155/155/155 2231/2319/2231 
f 666/671/666 1348/1377/1348 613/617/613 
f 1652/1690/1652 2231/2319/2231 586/590/586 
f 3174/3396/3174 3175/3397/3175 1542/1576/1542 
f 3176/3398/3176 2729/2886/2729 3177/3399/3177 
f 332/335/332 331/334/331 2839/3400/2839 
f 378/381/378 424/427/424 423/426/423 
f 1303/1331/1303 3084/3290/3084 3178/3401/3178 
f 2337/2444/2337 2324/2426/2324 85/85/85 
f 1034/1051/1034 3179/3402/3179 1032/1049/1032 
f 1422/1454/1422 1438/1471/1438 1437/1470/1437 
f 1951/3403/1951 1950/3404/1950 3180/3405/3180 
f 2164/2248/2164 2163/2247/2163 1471/1504/1471 
f 1902/1960/1902 2928/3107/2928 2927/3106/2927 
f 3181/3406/3181 2907/3085/2907 3182/3407/3182 
f 3183/3408/3183 3184/3409/3184 3185/3410/3185 
f 3186/3411/3186 1351/1380/1351 3187/3412/3187 
f 3188/3413/3188 3189/3414/3189 252/254/252 
f 800/811/800 2675/2822/2675 801/812/801 
f 1613/1650/1613 3089/3297/3089 1614/1651/1614 
f 3190/3415/3190 2867/3044/2867 3191/3416/3191 
f 1021/1038/1021 807/818/807 1537/1571/1537 
f 1794/1847/1794 2674/2821/2674 2848/3024/2848 
f 3079/3285/3079 3192/3417/3192 3193/3418/3193 
f 2627/2761/2627 1747/1797/1747 2628/2762/2628 
f 3194/3419/3194 2693/2843/2693 2654/2797/2654 
f 1238/1262/1238 2852/3028/2852 3072/3276/3072 
f 2818/2989/2818 3195/3420/3195 3196/3421/3196 
f 2773/2939/2773 2804/2973/2804 3197/3422/3197 
f 1238/1262/1238 3072/3276/3072 3198/3423/3198 
f 2843/3369/2843 2830/3002/2830 2829/3001/2829 
f 181/181/181 3199/3424/3199 2901/3078/2901 
f 2742/2900/2742 1815/1868/1815 450/453/450 
f 1318/1346/1318 52/52/52 54/54/54 
f 3143/3361/3143 3031/3233/3031 759/770/759 
f 2265/2354/2265 2169/3425/2169 3200/3426/3200 
f 3201/3427/3201 2524/2652/2524 3070/3274/3070 
f 1075/1092/1075 322/325/322 2034/2103/2034 
f 824/835/824 544/548/544 2072/2144/2072 
f 2922/3100/2922 3202/3428/3202 2097/2175/2097 
f 362/365/362 2466/2591/2466 3203/3429/3203 
f 3204/3430/3204 3205/3431/3205 3206/3432/3206 
f 2865/3042/2865 2867/3044/2867 3190/3415/3190 
f 685/1686/685 161/161/161 160/160/160 
f 2202/2289/2202 2507/2633/2507 1233/1256/1233 
f 53/53/53 18/18/18 705/714/705 
f 971/985/971 535/539/535 2966/3151/2966 
f 1869/1924/1869 1385/1416/1385 1402/1433/1402 
f 170/170/170 3004/3433/3004 171/171/171 
f 132/132/132 3123/3333/3123 2112/2190/2112 
f 3207/3434/3207 3208/3435/3208 2622/2755/2622 
f 853/864/853 2602/2734/2602 1755/1805/1755 
f 2943/3124/2943 71/71/71 2227/2315/2227 
f 1670/1709/1670 2726/3436/2726 74/74/74 
f 2626/2760/2626 3197/3422/3197 2649/2791/2649 
f 3209/3437/3209 3210/3438/3210 3211/3439/3211 
f 2930/3110/2930 3043/3246/3043 1973/2037/1973 
f 3212/3440/3212 2749/2907/2749 208/208/208 
f 1212/1235/1212 2595/2727/2595 1192/1213/1192 
f 1544/1579/1544 3213/3441/3213 3214/3442/3214 
f 2157/2241/2157 2159/2243/2159 3215/3443/3215 
f 2020/2088/2020 525/529/525 524/528/524 
f 1785/1837/1785 1787/1839/1787 3216/3444/3216 
f 3078/3282/3078 1876/1931/1876 3142/3359/3142 
f 2225/2313/2225 2226/2314/2226 2457/3445/2457 
f 3217/3446/3217 2275/2366/2275 2636/2773/2636 
f 1092/1109/1092 3066/3270/3066 3218/3447/3218 
f 1059/1076/1059 1049/1066/1049 2008/2076/2008 
f 2529/2657/2529 2077/2149/2077 2583/2714/2583 
f 2220/2308/2220 1500/1533/1500 1981/2046/1981 
f 23/23/23 2931/3111/2931 24/24/24 
f 1959/2023/1959 2579/2710/2579 1960/2024/1960 
f 2948/3130/2948 3219/3448/3219 2947/3128/2947 
f 1790/1843/1790 1791/1844/1791 1181/1201/1181 
f 1733/1776/1733 2571/2701/2571 3220/3449/3220 
f 2270/2361/2270 3221/3450/3221 979/994/979 
f 2549/2679/2549 1811/1864/1811 3028/3230/3028 
f 2706/2860/2706 1896/1954/1896 3222/3451/3222 
f 98/98/98 97/97/97 3223/3452/3223 
f 3224/3453/3224 713/722/713 2685/2835/2685 
f 1379/1410/1379 976/990/976 975/989/975 
f 2440/2563/2440 1809/1862/1809 2277/2368/2277 
f 3225/3454/3225 2736/3455/2736 198/735/198 
f 1348/1377/1348 666/671/666 1349/1378/1349 
f 2242/2330/2242 2821/2993/2821 1224/1247/1224 
f 3226/3456/3226 3227/3457/3227 2756/2916/2756 
f 1479/1512/1479 1478/1511/1478 2333/2440/2333 
f 1327/1355/1327 2095/2173/2095 3228/3458/3228 
f 1067/1084/1067 156/156/156 2247/2336/2247 
f 2474/2599/2474 1107/1126/1107 1106/1125/1106 
f 3229/3459/3229 2704/2855/2704 525/529/525 
f 1075/1092/1075 2034/2103/2034 1076/1093/1076 
f 2265/2354/2265 3200/3426/3200 1763/1814/1763 
f 1256/1282/1256 1255/1281/1255 1320/1348/1320 
f 173/173/173 3160/3381/3160 174/174/174 
f 3037/3239/3037 1898/1956/1898 1897/1955/1897 
f 2064/2136/2064 1954/2018/1954 1790/1843/1790 
f 1972/2036/1972 1942/2006/1942 1941/2005/1941 
f 139/3460/139 1216/1842/1216 3230/3461/3230 
f 2865/3042/2865 3181/3406/3181 2866/3043/2866 
f 2795/2963/2795 1945/2009/1945 1738/3462/1738 
f 759/770/759 3231/3463/3231 3143/3361/3143 
f 1898/1956/1898 3067/3271/3067 3232/3464/3232 
f 2058/2127/2058 1661/3465/1661 1271/3466/1271 
f 659/664/659 464/467/464 660/665/660 
f 1070/1087/1070 2901/3078/2901 3199/3424/3199 
f 910/922/910 1500/1533/1500 911/923/911 
f 1195/1216/1195 1567/1603/1567 1196/1217/1196 
f 1244/1268/1244 2584/2715/2584 1245/1269/1245 
f 800/811/800 632/636/632 1074/1091/1074 
f 2425/3467/2425 2269/2360/2269 3233/3468/3233 
f 2262/2351/2262 2472/2597/2472 2263/2352/2263 
f 1697/1739/1697 1609/1646/1609 1122/1142/1122 
f 3234/3469/3234 2782/2948/2782 1134/1154/1134 
f 2925/3103/2925 3113/3323/3113 3079/3285/3079 
f 2213/2301/2213 3235/3470/3235 3013/3214/3013 
f 1059/1076/1059 1050/1067/1050 1049/1066/1049 
f 2549/2679/2549 2837/3009/2837 1812/1865/1812 
f 2584/2715/2584 2549/2679/2549 3028/3230/3028 
f 3188/3413/3188 1012/2950/1012 2061/3471/2061 
f 2860/3036/2860 1846/1900/1846 3236/3472/3236 
f 3237/3473/3237 2304/2398/2304 3238/3474/3238 
f 651/656/651 3239/3475/3239 951/963/951 
f 1628/1665/1628 1630/1667/1630 3008/3209/3008 
f 683/3476/683 1573/3477/1573 679/3478/679 
f 379/382/379 381/384/381 2863/3040/2863 
f 640/644/640 3168/3389/3168 1008/1025/1008 
f 1560/1595/1560 2795/2963/2795 928/940/928 
f 1141/1161/1141 1140/1160/1140 1205/1227/1205 
f 3140/3355/3140 3139/3354/3139 1110/1129/1110 
f 3117/3327/3117 3131/3345/3131 948/960/948 
f 482/485/482 1912/1974/1912 182/182/182 
f 3240/3479/3240 3106/3480/3106 3241/3481/3241 
f 1885/1942/1885 1860/1914/1860 1632/1669/1632 
f 1038/1055/1038 3201/3427/3201 3242/3482/3242 
f 2953/3483/2953 3243/3484/3243 3244/3485/3244 
f 1407/1439/1407 913/925/913 378/381/378 
f 1354/1384/1354 1527/1560/1527 3245/3486/3245 
f 3246/3487/3246 3247/3488/3247 2871/3048/2871 
f 502/505/502 1009/1026/1009 2115/2193/2115 
f 712/721/712 2433/2556/2433 1209/1231/1209 
f 1180/1200/1180 2142/2223/2142 2141/2222/2141 
f 200/200/200 202/202/202 645/649/645 
f 1184/1204/1184 598/602/598 999/1016/999 
f 1620/1657/1620 1008/1025/1008 3168/3389/3168 
f 2233/2321/2233 2232/2320/2232 2651/2794/2651 
f 819/830/819 882/893/882 3248/3489/3248 
f 568/572/568 698/706/698 569/573/569 
f 2445/2568/2445 3249/3490/3249 1957/2021/1957 
f 1539/1573/1539 1540/1574/1540 129/2159/129 
f 3250/3491/3250 3251/3492/3251 3252/3493/3252 
f 449/452/449 2241/2329/2241 3083/3289/3083 
f 1739/3011/1739 2795/2963/2795 1738/3462/1738 
f 3253/3494/3253 3254/3495/3254 3255/3496/3255 
f 2425/3467/2425 2424/3497/2424 2269/2360/2269 
f 2526/2654/2526 2090/2167/2090 1401/1432/1401 
f 2552/2682/2552 383/386/383 2596/2728/2596 
f 2533/2661/2533 3256/3498/3256 2538/2667/2538 
f 3257/3499/3257 522/526/522 1317/1345/1317 
f 1647/1684/1647 1646/1683/1646 3258/3500/3258 
f 1309/1337/1309 2669/2814/2669 2815/2986/2815 
f 3259/3501/3259 1660/1698/1660 99/99/99 
f 2637/2775/2637 2849/3025/2849 2847/3023/2847 
f 2817/2988/2817 1302/1330/1302 1301/1329/1301 
f 2604/2736/2604 2603/2735/2603 3246/3487/3246 
f 1468/1501/1468 1469/1502/1469 2569/2699/2569 
f 665/670/665 3260/3502/3260 663/668/663 
f 909/921/909 2855/3182/2855 910/922/910 
f 2698/2848/2698 976/990/976 2856/3032/2856 
f 114/114/114 2452/2576/2452 115/115/115 
f 3261/3503/3261 805/3504/805 804/3505/804 
f 229/229/229 2700/2850/2700 932/944/932 
f 1789/1841/1789 1376/1407/1376 2044/2113/2044 
f 3262/3506/3262 3014/3215/3014 3263/3507/3263 
f 886/897/886 1996/2062/1996 1974/2039/1974 
f 1887/1944/1887 3194/3419/3194 3218/3447/3218 
f 2900/3077/2900 1529/1562/1529 536/540/536 
f 218/218/218 220/220/220 179/179/179 
f 1993/2059/1993 2068/2140/2068 1994/2060/1994 
f 1271/1297/1271 1273/1299/1273 3021/3508/3021 
f 2310/3509/2310 647/3183/647 3264/3510/3264 
f 2935/3115/2935 3265/3511/3265 3006/3512/3006 
f 519/523/519 3266/3513/3266 2418/2541/2418 
f 2355/2467/2355 2354/2466/2354 2280/2371/2280 
f 960/3514/960 3267/3515/3267 3268/3516/3268 
f 2063/2135/2063 1401/1432/1401 2321/2422/2321 
f 3269/3517/3269 1587/1624/1587 938/950/938 
f 284/1970/284 42/2857/42 1909/1968/1909 
f 780/791/780 1962/3156/1962 781/792/781 
f 2532/2660/2532 2275/2366/2275 3270/3518/3270 
f 1497/1530/1497 438/441/438 437/440/437 
f 76/76/76 3271/3519/3271 2616/2748/2616 
f 3048/3251/3048 1430/1463/1430 3272/3520/3272 
f 1239/1263/1239 3273/3521/3273 3274/3522/3274 
f 1721/1764/1721 1715/1758/1715 2416/3523/2416 
f 528/532/528 453/456/453 452/455/452 
f 3246/3487/3246 2603/2735/2603 1384/1415/1384 
f 3275/3524/3275 2353/2465/2353 3276/3525/3276 
f 771/782/771 2567/3526/2567 3277/3527/3277 
f 3042/3245/3042 1298/1326/1298 2997/3196/2997 
f 3079/3285/3079 3113/3323/3113 3192/3417/3192 
f 2706/2860/2706 1159/1179/1159 1550/1585/1550 
f 592/596/592 3193/3418/3193 3172/3394/3172 
f 1019/1036/1019 1324/1352/1324 5/5/5 
f 3258/3500/3258 1085/1102/1085 2861/3037/2861 
f 706/715/706 3278/3528/3278 293/295/293 
f 3279/3529/3279 3280/3530/3280 3281/3531/3281 
f 659/664/659 924/936/924 464/467/464 
f 2595/2727/2595 1212/1235/1212 2596/2728/2596 
f 3282/3532/3282 2935/3115/2935 3283/3533/3283 
f 125/125/125 1903/1961/1903 1902/1960/1902 
f 1074/1091/1074 632/636/632 1075/1092/1075 
f 2607/2739/2607 640/644/640 3096/3304/3096 
f 379/382/379 2863/3040/2863 3088/3296/3088 
f 2433/2556/2433 2435/2558/2435 1209/1231/1209 
f 83/83/83 82/82/82 816/827/816 
f 1240/1264/1240 3142/3359/3142 1238/1262/1238 
f 2306/3534/2306 1492/3105/1492 2928/3107/2928 
f 2680/2827/2680 3254/3495/3254 3284/3535/3284 
f 759/770/759 761/772/761 321/324/321 
f 3285/3536/3285 2518/2646/2518 3286/3537/3286 
f 724/733/724 657/2920/657 2546/2675/2546 
f 1091/1108/1091 885/896/885 119/119/119 
f 3043/3246/3043 2930/3110/2930 891/902/891 
f 1236/3538/1236 3287/3539/3287 638/1782/638 
f 229/229/229 932/944/932 230/230/230 
f 959/2833/959 713/722/713 715/724/715 
f 16/16/16 1357/1388/1357 2345/2453/2345 
f 282/284/282 518/522/518 283/285/283 
f 1790/1843/1790 1181/1201/1181 1261/1287/1261 
f 3288/3540/3288 1417/1449/1417 1416/1448/1416 
f 3161/3382/3161 2949/3131/2949 3196/3421/3196 
f 2592/2724/2592 3110/3320/3110 2590/2722/2590 
f 3289/3541/3289 1303/1331/1303 3290/3542/3290 
f 1185/1206/1185 1656/1694/1656 830/841/830 
f 3291/3543/3291 3292/3544/3292 3293/3545/3293 
f 298/300/298 297/299/297 1213/1236/1213 
f 2209/3546/2209 494/3547/494 2408/3548/2408 
f 847/858/847 849/860/849 2210/2298/2210 
f 2649/2791/2649 2648/2790/2648 2838/3010/2838 
f 159/159/159 1516/1549/1516 160/160/160 
f 3294/3549/3294 656/661/656 1188/1209/1188 
f 2400/2521/2400 1792/1845/1792 3295/3550/3295 
f 3296/3551/3296 2670/2816/2670 751/2815/751 
f 1972/2036/1972 1941/2005/1941 1410/1442/1410 
f 1775/1826/1775 3297/3552/3297 2120/2198/2120 
f 82/82/82 84/84/84 2257/2346/2257 
f 710/719/710 2823/2995/2823 2934/3114/2934 
f 1509/1542/1509 2496/2621/2496 1457/1490/1457 
f 2380/2495/2380 2381/2497/2381 2990/3185/2990 
f 684/3553/684 245/3554/245 3287/3539/3287 
f 1537/1571/1537 2219/2307/2219 3298/3555/3298 
f 2728/2884/2728 1690/3556/1690 3299/3557/3299 
f 3160/3381/3160 3300/3558/3300 710/719/710 
f 94/94/94 96/96/96 617/621/617 
f 1345/1374/1345 3301/3559/3301 2056/2125/2056 
f 3242/3482/3242 765/776/765 1038/1055/1038 
f 3297/3552/3297 1775/1826/1775 2902/3079/2902 
f 1742/1792/1742 3025/3226/3025 375/2517/375 
f 2704/2855/2704 3229/3459/3229 3302/3560/3302 
f 1188/1209/1188 656/661/656 3303/3561/3303 
f 895/906/895 3304/3562/3304 3305/3563/3305 
f 2934/3114/2934 2823/2995/2823 2333/2440/2333 
f 2069/2141/2069 1993/2059/1993 1402/1433/1402 
f 3095/3303/3095 3306/3564/3306 3307/3565/3307 
f 1719/1762/1719 2962/3566/2962 2980/3567/2980 
f 1790/1843/1790 1261/1287/1261 2064/2136/2064 
f 2473/3568/2473 1107/3338/1107 2474/3569/2474 
f 428/431/428 3308/3570/3308 3100/3308/3100 
f 2708/2862/2708 2801/2970/2801 957/970/957 
f 428/431/428 2699/2849/2699 429/432/429 
f 3195/3420/3195 3161/3382/3161 3196/3421/3196 
f 879/890/879 1186/1207/1186 880/891/880 
f 2964/3149/2964 1284/1310/1284 479/482/479 
f 3309/3571/3309 3310/3572/3310 396/399/396 
f 346/349/346 2431/3573/2431 2430/3574/2430 
f 2860/3036/2860 2203/2290/2203 842/853/842 
f 2847/3023/2847 983/998/983 2637/2775/2637 
f 442/445/442 441/444/441 280/282/280 
f 998/1015/998 1000/1017/1000 3171/3393/3171 
f 3311/3575/3311 3312/3576/3312 3313/3577/3313 
f 461/464/461 463/466/463 136/136/136 
f 1385/1416/1385 1869/1924/1869 1868/1923/1868 
f 1065/3578/1065 1064/3579/1064 579/3580/579 
f 770/781/770 2659/2802/2659 771/782/771 
f 1031/1048/1031 1649/1687/1649 2208/2296/2208 
f 1619/1656/1619 1368/1399/1368 1257/1283/1257 
f 1838/1892/1838 407/410/407 1921/1983/1921 
f 816/827/816 1265/1291/1265 817/828/817 
f 3314/3581/3314 3315/3582/3315 734/745/734 
f 1093/1110/1093 1948/2012/1948 2698/2848/2698 
f 2834/3006/2834 2572/2702/2572 1733/1776/1733 
f 948/960/948 950/962/950 3117/3327/3117 
f 2636/2773/2636 3316/3583/3316 3217/3446/3217 
f 2174/2260/2174 1847/1901/1847 841/852/841 
f 2320/2421/2320 2978/3171/2978 3317/3584/3317 
f 996/3585/996 1704/1746/1704 3318/3586/3318 
f 1298/1326/1298 2833/3005/2833 2454/2578/2454 
f 574/578/574 1019/1036/1019 5/5/5 
f 2852/3028/2852 1876/1931/1876 1875/1930/1875 
f 1097/1115/1097 1099/1117/1099 2123/2201/2123 
f 1560/1595/1560 3055/3259/3055 2466/2591/2466 
f 225/225/225 194/194/194 226/226/226 
f 2675/2822/2675 2808/2978/2808 2918/3096/2918 
f 205/205/205 616/620/616 772/783/772 
f 3310/3572/3310 1020/1037/1020 1507/1540/1507 
f 219/219/219 218/218/218 2901/3078/2901 
f 2818/2989/2818 3196/3421/3196 2819/2990/2819 
f 1819/1872/1819 3319/3587/3319 3278/3528/3278 
f 10/10/10 3320/3588/3320 11/11/11 
f 2832/3004/2832 1170/1190/1170 1169/1189/1169 
f 2918/3096/2918 2822/2994/2822 2675/2822/2675 
f 3321/3589/3321 3150/3368/3150 979/994/979 
f 799/810/799 1606/1643/1606 966/980/966 
f 960/974/960 3268/3590/3268 3149/3367/3149 
f 3322/3591/3322 3323/3592/3323 1835/1888/1835 
f 449/452/449 2569/2699/2569 2742/2900/2742 
f 2388/2505/2388 766/777/766 768/779/768 
f 3324/3593/3324 2792/2960/2792 750/761/750 
f 3325/3594/3325 2457/3445/2457 2226/2314/2226 
f 2850/3026/2850 3271/3519/3271 455/458/455 
f 2963/3148/2963 89/89/89 1830/1883/1830 
f 1825/1878/1825 2917/3095/2917 2511/2639/2511 
f 429/432/429 2588/2720/2588 430/433/430 
f 1553/1588/1553 2168/2254/2168 3326/3595/3326 
f 2354/3596/2354 2356/2666/2356 2537/2665/2537 
f 1596/3021/1596 3327/3597/3327 3328/3598/3328 
f 219/219/219 2901/3078/2901 237/237/237 
f 2400/2521/2400 3329/3599/3329 1792/1845/1792 
f 863/874/863 2521/2649/2521 2645/2787/2645 
f 3330/3600/3330 1968/2032/1968 541/545/541 
f 2071/2143/2071 2188/2275/2188 2674/2821/2674 
f 3031/3233/3031 2925/3103/2925 2924/3102/2924 
f 1484/1517/1484 2736/2894/2736 3225/3601/3225 
f 2270/2361/2270 979/994/979 3150/3368/3150 
f 3060/3264/3060 2211/2299/2211 2212/2300/2212 
f 290/292/290 1268/1294/1268 288/290/288 
f 2062/2134/2062 2767/2932/2767 1491/1524/1491 
f 3331/3602/3331 3332/3603/3332 3333/3604/3333 
f 1521/1554/1521 1754/1804/1754 1522/1555/1522 
f 960/974/960 962/976/962 2556/2686/2556 
f 2500/2625/2500 1757/1807/1757 1756/1806/1756 
f 223/223/223 303/306/303 221/221/221 
f 3334/3605/3334 605/609/605 2383/2499/2383 
f 3287/3539/3287 245/3554/245 1577/1736/1577 
f 2504/2630/2504 2807/3606/2807 2505/2631/2505 
f 2833/3005/2833 2854/3030/2854 2831/3003/2831 
f 2100/2178/2100 164/164/164 166/166/166 
f 2316/2415/2316 2986/3179/2986 1277/1303/1277 
f 2299/2391/2299 2301/2393/2301 3101/3310/3101 
f 116/116/116 776/787/776 775/786/775 
f 1354/1384/1354 3245/3486/3245 1353/1382/1353 
f 205/205/205 1924/1986/1924 1651/1689/1651 
f 3335/3607/3335 3336/3608/3336 3250/3491/3250 
f 3047/3250/3047 2502/3609/2502 3337/3610/3337 
f 3143/3361/3143 3231/3463/3231 3338/3611/3338 
f 1840/1894/1840 1158/1178/1158 1572/1608/1572 
f 3338/3611/3338 2516/2644/2516 3339/3612/3339 
f 346/349/346 2430/3574/2430 3340/3613/3340 
f 2695/2845/2695 1246/1270/1246 1245/1269/1245 
f 1178/1198/1178 37/37/37 387/390/387 
f 682/690/682 2657/2800/2657 3341/3614/3341 
f 1777/1828/1777 2816/2987/2816 2815/2986/2815 
f 148/148/148 3342/3615/3342 149/149/149 
f 607/611/607 2829/3001/2829 2589/2721/2589 
f 1246/1270/1246 2695/2845/2695 2694/2844/2694 
f 2883/3060/2883 1378/1409/1378 2052/2121/2052 
f 1683/1723/1683 3343/3616/3343 3344/3617/3344 
f 1857/1911/1857 1167/1187/1167 1626/1663/1626 
f 3345/3618/3345 2131/2211/2131 1731/1774/1731 
f 592/596/592 1000/1017/1000 598/602/598 
f 483/486/483 739/750/739 846/857/846 
f 3343/3616/3343 3346/3619/3346 3347/3620/3347 
f 1620/1657/1620 2349/2460/2349 3348/3621/3348 
f 1265/1291/1265 3349/3622/3349 2975/3168/2975 
f 464/467/464 466/469/466 1339/1368/1339 
f 744/755/744 3350/3623/3350 742/753/742 
f 1211/1233/1211 1252/1278/1252 136/136/136 
f 800/811/800 802/813/802 632/636/632 
f 2210/3624/2210 2161/3625/2161 2160/3626/2160 
f 3083/3289/3083 1317/1345/1317 1482/1515/1482 
f 427/430/427 1299/1327/1299 3042/3245/3042 
f 217/217/217 288/290/288 1349/1378/1349 
f 1837/1891/1837 3094/3627/3094 372/1323/372 
f 2796/2964/2796 643/647/643 2906/3084/2906 
f 288/290/288 217/217/217 289/291/289 
f 419/422/419 2892/3069/2892 420/423/420 
f 3138/3353/3138 2949/3131/2949 3162/3383/3162 
f 2298/2390/2298 2297/2389/2297 3351/3628/3351 
f 370/373/370 3094/3302/3094 1357/3629/1357 
f 3304/3562/3304 1690/1731/1690 2876/3053/2876 
f 1634/1671/1634 2423/2546/2423 3352/3630/3352 
f 2716/2870/2716 2373/2488/2373 67/67/67 
f 2724/2879/2724 3045/3248/3045 2722/2877/2722 
f 2443/2566/2443 3353/3631/3353 3354/3632/3354 
f 1791/1844/1791 1943/2007/1943 1657/1695/1657 
f 1060/1077/1060 216/216/216 48/48/48 
f 2299/2391/2299 3101/3310/3101 2678/2825/2678 
f 474/477/474 476/479/476 2337/2444/2337 
f 2007/3633/2007 1849/3634/1849 1848/3635/1848 
f 1751/1801/1751 2343/2759/2343 1752/1802/1752 
f 261/263/261 260/262/260 1141/1161/1141 
f 736/747/736 1350/1379/1350 1069/1086/1069 
f 1470/1503/1470 3018/3219/3018 2164/2248/2164 
f 842/853/842 1551/1586/1551 1007/1024/1007 
f 269/271/269 484/487/484 1147/1167/1147 
f 3355/3636/3355 1663/1701/1663 1662/1700/1662 
f 1730/1773/1730 1729/1772/1729 3356/3637/3356 
f 550/554/550 3357/3638/3357 1311/1339/1311 
f 464/467/464 924/936/924 465/468/465 
f 3358/3639/3358 3359/3640/3359 3360/3641/3360 
f 3224/3453/3224 3361/3642/3361 3362/3643/3362 
f 3303/3561/3303 656/661/656 2888/3644/2888 
f 2695/2845/2695 1245/1269/1245 2987/3180/2987 
f 906/918/906 738/749/738 270/272/270 
f 787/798/787 1801/1854/1801 788/799/788 
f 2245/2334/2245 2819/2990/2819 2494/2619/2494 
f 3338/3611/3338 3363/3645/3363 3143/3361/3143 
f 1606/1643/1606 2915/3093/2915 3320/3588/3320 
f 2218/2306/2218 3018/3219/3018 2219/2307/2219 
f 916/928/916 1308/1336/1308 884/895/884 
f 2498/3646/2498 622/3647/622 1519/1552/1519 
f 462/465/462 2190/2277/2190 1752/1802/1752 
f 2146/2228/2146 1624/1661/1624 2153/2235/2153 
f 3364/3648/3364 1965/2029/1965 2336/2443/2336 
f 3136/3351/3136 3043/3246/3043 891/902/891 
f 3131/3345/3131 1994/2060/1994 2068/2140/2068 
f 72/72/72 369/372/369 3365/3649/3365 
f 3363/3645/3363 3113/3323/3113 3143/3361/3143 
f 3366/3650/3366 3367/3651/3367 2450/2574/2450 
f 774/785/774 523/527/523 1644/1681/1644 
f 2539/3652/2539 3368/3653/3368 3120/3330/3120 
f 3142/3359/3142 1240/1264/1240 277/279/277 
f 791/802/791 790/801/790 547/551/547 
f 3206/3432/3206 1301/1329/1301 3289/3541/3289 
f 883/894/883 1351/1380/1351 3369/3654/3369 
f 2822/2994/2822 277/279/277 276/278/276 
f 339/342/339 1270/1296/1270 337/340/337 
f 2079/2151/2079 1063/3655/1063 2080/2152/2080 
f 1064/3579/1064 1822/3656/1822 1645/1780/1645 
f 2156/2240/2156 1198/1220/1198 2720/2875/2720 
f 231/231/231 3198/3423/3198 3072/3276/3072 
f 1248/3657/1248 3006/3512/3006 3265/3511/3265 
f 1217/1240/1217 1978/2043/1978 1218/1241/1218 
f 2836/3008/2836 2835/3007/2835 2902/3079/2902 
f 761/772/761 322/325/322 321/324/321 
f 1424/1456/1424 1955/2019/1955 543/547/543 
f 2439/2562/2439 2743/2901/2743 1342/1371/1342 
f 207/207/207 242/242/242 1389/1420/1389 
f 1572/1608/1572 1158/1178/1158 1633/1670/1633 
f 634/638/634 1668/1707/1668 1667/1706/1667 
f 3370/3658/3370 334/337/334 1495/1528/1495 
f 3229/3459/3229 2020/2088/2020 2981/3174/2981 
f 3371/3659/3371 3372/3660/3372 3373/3661/3373 
f 3374/3662/3374 2473/3568/2473 3219/3448/3219 
f 2935/3115/2935 3282/3532/3282 3265/3511/3265 
f 722/731/722 1034/1051/1034 2861/3037/2861 
f 3300/3558/3300 3160/3381/3160 173/173/173 
f 114/114/114 246/248/246 2452/2576/2452 
f 239/239/239 2789/2957/2789 1919/1981/1919 
f 596/600/596 1925/1987/1925 3281/3531/3281 
f 2910/3088/2910 428/3663/428 1911/1972/1911 
f 3375/3664/3375 1734/1777/1734 3220/3449/3220 
f 3219/3448/3219 3376/3665/3376 2947/3128/2947 
f 233/233/233 519/523/519 113/113/113 
f 452/455/452 1756/1806/1756 3377/3666/3377 
f 1218/1241/1218 3378/3667/3378 56/56/56 
f 3341/3614/3341 680/688/680 682/690/682 
f 2212/2300/2212 2871/3048/2871 3247/3488/3247 
f 2275/2366/2275 3217/3446/3217 3270/3518/3270 
f 3015/3216/3015 890/901/890 1479/1512/1479 
f 1891/1948/1891 1600/1637/1600 2236/2324/2236 
f 804/3505/804 3379/3668/3379 3261/3503/3261 
f 2156/2240/2156 1197/1218/1197 1198/1220/1198 
f 3183/3408/3183 2081/2153/2081 3184/3409/3184 
f 2100/2178/2100 166/166/166 83/83/83 
f 3380/3669/3380 1754/1804/1754 1521/1554/1521 
f 710/719/710 3300/3558/3300 2823/2995/2823 
f 3381/3670/3381 1118/1138/1118 2111/2189/2111 
f 3099/3307/3099 2954/3136/2954 3382/3671/3382 
f 1056/1073/1056 1347/1376/1347 1057/1074/1057 
f 231/231/231 230/230/230 3383/3672/3383 
f 2531/2659/2531 3384/3673/3384 2776/2942/2776 
f 1605/1642/1605 798/809/798 2224/2312/2224 
f 88/88/88 836/847/836 89/89/89 
f 1781/1833/1781 295/297/295 615/619/615 
f 2418/2541/2418 958/971/958 520/524/520 
f 1016/1033/1016 1334/1363/1334 946/958/946 
f 3385/3674/3385 2834/3006/2834 1735/1778/1735 
f 1504/1537/1504 191/191/191 395/398/395 
f 3082/3288/3082 1767/1818/1767 1630/1667/1630 
f 2722/2877/2722 3386/3675/3386 2723/2878/2723 
f 752/763/752 3387/3676/3387 753/764/753 
f 344/347/344 3278/3528/3278 3319/3587/3319 
f 2066/2138/2066 1201/1223/1201 1555/1590/1555 
f 1376/1407/1376 2045/2114/2045 2044/2113/2044 
f 2819/2990/2819 2854/3030/2854 2494/2619/2494 
f 2919/3097/2919 3213/3441/3213 3388/3677/3388 
f 1068/1085/1068 3199/3424/3199 124/124/124 
f 2914/3092/2914 2534/2662/2534 2536/2664/2536 
f 2506/2927/2506 1773/3294/1773 3389/3678/3389 
f 3390/3679/3390 2407/2528/2407 2806/2975/2806 
f 3104/3680/3104 1065/3578/1065 578/3681/578 
f 2809/2980/2809 2934/3114/2934 1478/1511/1478 
f 2848/3024/2848 1403/1434/1403 2603/2735/2603 
f 697/705/697 1506/1539/1506 436/439/436 
f 561/565/561 560/564/560 2733/3682/2733 
f 327/330/327 326/329/326 2953/3135/2953 
f 3391/3683/3391 3032/3234/3032 701/709/701 
f 2694/2844/2694 2691/2841/2691 1246/1270/1246 
f 3041/3244/3041 1208/1230/1208 2939/3120/2939 
f 836/847/836 3109/3319/3109 2339/2446/2339 
f 3188/3413/3188 2061/3471/2061 3392/3684/3392 
f 3145/3363/3145 226/226/226 194/194/194 
f 2569/2699/2569 689/697/689 2742/2900/2742 
f 1513/2891/1513 968/982/968 2732/2889/2732 
f 977/1727/977 695/703/695 44/44/44 
f 3393/3685/3393 3394/3686/3394 923/3687/923 
f 1018/1035/1018 1542/1576/1542 3175/3397/3175 
f 2900/3077/2900 971/985/971 1904/1962/1904 
f 2026/2094/2026 3395/3688/3395 2030/2099/2030 
f 915/927/915 610/614/610 758/769/758 
f 674/680/674 2090/2167/2090 1844/2166/1844 
f 1920/1982/1920 2712/3689/2712 1709/1751/1709 
f 2607/2739/2607 547/551/547 546/550/546 
f 3000/3201/3000 2698/2848/2698 2985/3178/2985 
f 1151/1171/1151 182/182/182 1152/1172/1152 
f 2528/2656/2528 1106/2163/1106 1942/2006/1942 
f 2765/2928/2765 3389/3678/3389 479/482/479 
f 150/516/150 2087/2160/2087 2586/3690/2586 
f 1241/1265/1241 294/296/294 1254/1280/1254 
f 733/744/733 727/738/727 3109/3319/3109 
f 3174/3396/3174 214/214/214 215/215/215 
f 2761/2923/2761 2972/3161/2972 2471/2596/2471 
f 2012/2080/2012 773/784/773 1241/1265/1241 
f 2257/2346/2257 248/250/248 247/249/247 
f 1982/2047/1982 2165/2249/2165 3024/3225/3024 
f 474/477/474 2314/2413/2314 475/478/475 
f 1265/1291/1265 257/259/257 3349/3622/3349 
f 2975/3168/2975 3396/3691/3396 3397/3692/3397 
f 2131/2211/2131 3345/3618/3345 2130/2210/2130 
f 2789/2957/2789 1502/1535/1502 1919/1981/1919 
f 2480/2605/2480 3295/3550/3295 1792/1845/1792 
f 3398/3693/3398 839/850/839 3399/3694/3399 
f 3024/3695/3024 3023/3696/3023 348/351/348 
f 1455/1488/1455 51/51/51 50/50/50 
f 2485/2610/2485 296/298/296 1191/1212/1191 
f 1454/1487/1454 1468/1501/1468 1172/1192/1172 
f 1781/1833/1781 1651/1689/1651 586/590/586 
f 3400/3697/3400 1290/1316/1290 829/840/829 
f 3237/3473/3237 3238/3474/3238 1785/1837/1785 
f 1771/1822/1771 1293/1320/1293 1332/1361/1332 
f 425/428/425 3393/3685/3393 426/429/426 
f 610/614/610 915/927/915 611/615/611 
f 377/380/377 1576/1613/1576 1406/1438/1406 
f 2818/2989/2818 2936/3698/2936 3195/3420/3195 
f 2486/3699/2486 2108/2186/2108 2107/2185/2107 
f 1087/1104/1087 1323/1351/1323 1322/1350/1322 
f 2831/3003/2831 2949/3131/2949 3138/3353/3138 
f 1101/1119/1101 1100/1118/1100 3401/3700/3401 
f 2024/2092/2024 3402/3701/3402 81/81/81 
f 2939/3120/2939 999/1016/999 998/1015/998 
f 1464/2992/1464 308/311/308 1465/2219/1465 
f 2438/2561/2438 1360/1391/1360 1362/1393/1362 
f 1207/1229/1207 2939/3120/2939 1208/1230/1208 
f 724/733/724 3403/3702/3403 655/2919/655 
f 1497/1530/1497 1936/1999/1936 3404/3703/3404 
f 3302/3560/3302 2725/2880/2725 1426/1458/1426 
f 374/377/374 373/376/373 2405/2526/2405 
f 612/616/612 635/639/635 985/3704/985 
f 725/736/725 1111/1812/1111 726/737/726 
f 590/594/590 1112/1131/1112 2517/2645/2517 
f 3339/3612/3339 266/268/266 3391/3683/3391 
f 2482/2607/2482 2986/3179/2986 2316/2415/2316 
f 1288/1314/1288 3405/3705/3405 1462/1495/1462 
f 1613/1650/1613 721/730/721 2488/2613/2488 
f 2764/2926/2764 3332/3603/3332 2016/2084/2016 
f 3378/3667/3378 3020/3221/3020 56/56/56 
f 518/3167/518 2368/3706/2368 2158/3165/2158 
f 3406/3707/3406 1312/1340/1312 3407/3708/3407 
f 1619/1656/1619 2305/2400/2305 1368/1399/1368 
f 634/638/634 1667/1706/1667 633/637/633 
f 3273/3521/3273 1239/1263/1239 3198/3423/3198 
f 2043/2112/2043 247/249/247 1421/1453/1421 
f 3225/3709/3225 1404/3710/1404 580/584/580 
f 1972/2036/1972 3408/3711/3408 1746/1796/1746 
f 3409/3712/3409 3269/3517/3269 3213/3713/3213 
f 3338/3611/3338 3231/3463/3231 2516/2644/2516 
f 1193/1214/1193 989/1005/989 988/1004/988 
f 3040/3243/3040 175/175/175 174/174/174 
f 2842/3016/2842 1848/1993/1848 668/673/668 
f 3193/3418/3193 3192/3417/3192 3410/3714/3410 
f 1793/1846/1793 2668/2813/2668 646/650/646 
f 236/236/236 612/616/612 234/234/234 
f 971/985/971 536/540/536 535/539/535 
f 3411/3715/3411 3297/3552/3297 2902/3079/2902 
f 337/340/337 2701/2851/2701 338/341/338 
f 409/412/409 1232/1255/1232 407/410/407 
f 1615/1652/1615 440/443/440 3144/3362/3144 
f 802/813/802 630/634/630 632/636/632 
f 3169/3390/3169 1641/3716/1641 1985/2050/1985 
f 2850/3026/2850 2616/2748/2616 3271/3519/3271 
f 1139/1159/1139 608/612/608 2476/2601/2476 
f 1169/1189/1169 1025/1042/1025 2453/2577/2453 
f 1284/1310/1284 2844/3018/2844 2765/2928/2765 
f 1526/1559/1526 2859/3035/2859 2858/3034/2858 
f 1355/1385/1355 2952/3134/2952 2988/3181/2988 
f 281/283/281 2365/2479/2365 3412/3717/3412 
f 1954/2018/1954 1546/1581/1546 1955/2019/1955 
f 1524/1557/1524 230/230/230 933/945/933 
f 1053/1070/1053 3413/3718/3413 3414/3719/3414 
f 3285/3536/3285 3286/3537/3286 2798/2966/2798 
f 327/330/327 2954/3136/2954 2094/2172/2094 
f 2610/2742/2610 1143/1163/1143 2451/2575/2451 
f 2259/2348/2259 3415/3720/3415 2258/2347/2258 
f 2104/2182/2104 2106/2184/2106 3069/3273/3069 
f 3084/3290/3084 1303/1331/1303 1302/1330/1302 
f 2116/2194/2116 2837/3009/2837 2117/2195/2117 
f 748/759/748 801/812/801 278/280/278 
f 450/453/450 1133/1153/1133 451/454/451 
f 393/396/393 2981/3174/2981 394/397/394 
f 3100/3308/3100 1525/1558/1525 933/945/933 
f 1241/1265/1241 616/620/616 294/296/294 
f 855/866/855 854/865/854 2237/2325/2237 
f 2172/2258/2172 2120/2198/2120 3054/3257/3054 
f 1809/1862/1809 1808/1861/1808 1132/1152/1132 
f 1479/1512/1479 2333/2440/2333 2332/2439/2332 
f 961/975/961 3149/3367/3149 2920/3098/2920 
f 2272/2363/2272 2274/2365/2274 3416/3721/3416 
f 1590/1627/1590 3092/3300/3092 1400/1431/1400 
f 1075/1092/1075 631/635/631 322/325/322 
f 949/961/949 981/996/981 2121/2199/2121 
f 325/328/325 906/918/906 330/333/330 
f 235/2472/235 426/429/426 3393/3685/3393 
f 2294/2386/2294 2153/2235/2153 1368/1399/1368 
f 1063/1080/1063 1062/1079/1062 2080/3722/2080 
f 622/3647/622 624/1599/624 1519/1552/1519 
f 3417/3723/3417 1872/1927/1872 2301/2393/2301 
f 2562/2692/2562 3418/3724/3418 1851/1905/1851 
f 210/210/210 941/953/941 211/211/211 
f 35/35/35 871/882/871 873/884/873 
f 3419/3725/3419 1423/1455/1423 1437/1470/1437 
f 2473/2598/2473 2475/2600/2475 3139/3354/3139 
f 329/332/329 395/398/395 323/326/323 
f 1070/1087/1070 3199/3424/3199 1068/1085/1068 
f 2441/2564/2441 1119/1139/1119 1121/1141/1121 
f 112/112/112 111/111/111 2870/3047/2870 
f 3300/3558/3300 173/173/173 1330/1359/1330 
f 3420/3726/3420 2780/2946/2780 3421/3727/3421 
f 1045/1062/1045 381/384/381 2261/2350/2261 
f 276/278/276 278/280/278 801/812/801 
f 2331/2438/2331 2278/2369/2278 2314/2413/2314 
f 2867/3044/2867 1648/1685/1648 3030/3232/3030 
f 3102/3311/3102 3422/3728/3422 1764/1815/1764 
f 52/52/52 3316/3729/3316 371/1577/371 
f 934/946/934 3408/3711/3408 2911/3089/2911 
f 2823/2995/2823 3300/3558/3300 2824/2996/2824 
f 3423/3730/3423 3424/3731/3424 843/854/843 
f 962/976/962 3351/3628/3351 2555/2685/2555 
f 3425/3732/3425 3040/3243/3040 3171/3393/3171 
f 601/605/601 2447/2570/2447 1583/1620/1583 
f 2924/3102/2924 2247/2336/2247 2248/2337/2248 
f 1259/1285/1259 225/225/225 1120/1140/1120 
f 874/885/874 3426/3733/3426 875/886/875 
f 3408/3711/3408 1972/2036/1972 1973/2037/1973 
f 471/474/471 1130/1150/1130 472/475/472 
f 2727/2882/2727 3427/3734/3427 3284/3535/3284 
f 2326/2429/2326 3007/3208/3007 2689/2839/2689 
f 1149/1169/1149 318/321/318 3428/3735/3428 
f 2882/3059/2882 3429/3736/3429 2689/2839/2689 
f 2764/2926/2764 3430/3737/3430 3332/3603/3332 
f 3002/3203/3002 2222/2310/2222 3431/3738/3431 
f 1132/1152/1132 1808/1861/1808 1133/1153/1133 
f 3247/3488/3247 1386/1417/1386 826/837/826 
f 164/164/164 2100/2178/2100 1807/1860/1807 
f 826/837/826 3060/3264/3060 3247/3488/3247 
f 1578/1615/1578 1580/1617/1580 1783/1835/1783 
f 3202/3428/3202 2922/3100/2922 2464/2589/2464 
f 3432/3739/3432 540/544/540 2895/3072/2895 
f 1807/1860/1807 2100/2178/2100 698/706/698 
f 885/896/885 2361/2475/2361 119/119/119 
f 2432/2555/2432 3357/3638/3357 549/553/549 
f 1834/1887/1834 2175/2261/2175 763/774/763 
f 2012/2080/2012 1241/1265/1241 1254/1280/1254 
f 274/276/274 1771/1822/1771 210/210/210 
f 2888/3644/2888 487/3740/487 3303/3561/3303 
f 3433/3741/3433 1439/1472/1439 1440/1473/1440 
f 3434/3742/3434 1745/1795/1745 1917/1979/1917 
f 156/156/156 158/158/158 1113/1132/1113 
f 1524/1557/1524 3383/3672/3383 230/230/230 
f 2296/2388/2296 2298/2390/2298 3435/3743/3435 
f 1784/1836/1784 5/5/5 1324/1352/1324 
f 3436/3744/3436 3437/3745/3437 3438/3746/3438 
f 564/568/564 1279/1305/1279 1281/1307/1281 
f 61/61/61 63/63/63 3439/3747/3439 
f 2276/2367/2276 547/551/547 790/801/790 
f 1281/1307/1281 2342/2449/2342 562/566/562 
f 419/422/419 11/11/11 2892/3069/2892 
f 2572/2702/2572 2571/2701/2571 1733/1776/1733 
f 3381/3670/3381 2663/2807/2663 3086/3292/3086 
f 2600/2732/2600 3051/3254/3051 2137/2217/2137 
f 377/380/377 376/379/376 3440/3748/3440 
f 1638/3749/1638 2465/2590/2465 3441/3750/3441 
f 2775/3751/2775 723/732/723 508/734/508 
f 1131/1151/1131 2484/2609/2484 1040/1057/1040 
f 1183/1203/1183 1195/1216/1195 2605/2737/2605 
f 392/395/392 74/3752/74 393/396/393 
f 2716/2870/2716 2283/2374/2283 2288/2379/2288 
f 257/259/257 1712/1755/1712 3349/3622/3349 
f 918/930/918 3442/3753/3442 1890/1947/1890 
f 3437/3745/3437 3263/3507/3263 3014/3215/3014 
f 1380/1411/1380 1160/1180/1160 2856/3032/2856 
f 233/233/233 113/113/113 127/127/127 
f 3370/3658/3370 2462/2587/2462 2051/2120/2051 
f 3202/3428/3202 2464/2589/2464 2559/2689/2559 
f 980/995/980 979/994/979 3221/3450/3221 
f 796/807/796 970/984/970 794/805/794 
f 2230/2318/2230 2031/2100/2031 2030/2099/2030 
f 3322/3591/3322 825/836/825 826/837/826 
f 1463/3754/1463 2372/3152/2372 2967/3154/2967 
f 1246/1270/1246 2802/2971/2802 1244/1268/1244 
f 3253/3494/3253 3227/3457/3227 3226/3456/3226 
f 977/1727/977 44/44/44 1442/3755/1442 
f 1419/1451/1419 1304/1332/1304 2610/2742/2610 
f 1877/3756/1877 2322/2424/2322 2305/2423/2305 
f 2803/3757/2803 3195/3420/3195 2936/3698/2936 
f 1878/1935/1878 2517/2645/2517 1879/1936/1879 
f 403/406/403 1481/1514/1481 754/765/754 
f 2095/2173/2095 2097/2175/2097 189/189/189 
f 1533/1566/1533 2970/3159/2970 2969/3158/2969 
f 1898/1956/1898 3222/3451/3222 1896/1954/1896 
f 2493/2618/2493 1382/1413/1382 187/187/187 
f 3049/3252/3049 3048/3251/3048 3272/3520/3272 
f 1150/1170/1150 3443/3758/3443 1117/1137/1117 
f 1384/1415/1384 1402/1433/1402 1385/1416/1385 
f 1655/1693/1655 2647/2789/2647 2118/2196/2118 
f 819/830/819 3444/3759/3444 820/831/820 
f 1928/1990/1928 3445/3760/3445 2390/3761/2390 
f 2527/2655/2527 2067/2139/2067 2071/2143/2071 
f 2781/2947/2781 2769/2934/2769 1355/1385/1355 
f 1051/1068/1051 1071/1088/1071 121/121/121 
f 1981/2046/1981 30/30/30 29/29/29 
f 1124/1144/1124 66/66/66 515/519/515 
f 1868/1923/1868 3322/3591/3322 826/837/826 
f 3053/3256/3053 1681/1721/1681 2172/2258/2172 
f 3374/3662/3374 1107/3338/1107 2473/3568/2473 
f 3394/3686/3394 2455/2580/2455 1583/1620/1583 
f 28/28/28 30/30/30 3230/3762/3230 
f 344/347/344 293/295/293 3278/3528/3278 
f 2619/2752/2619 2085/2157/2085 3446/3763/3446 
f 3447/3764/3447 1856/1910/1856 2384/2500/2384 
f 3423/3730/3423 843/854/843 3448/3765/3448 
f 1788/1840/1788 1609/1646/1609 1608/1645/1608 
f 3000/3201/3000 1094/1111/1094 1093/1110/1093 
f 981/996/981 2527/2655/2527 982/997/982 
f 2273/2364/2273 2272/2363/2272 3449/3766/3449 
f 321/324/321 320/323/320 267/269/267 
f 965/979/965 2779/2945/2779 2613/2745/2613 
f 905/917/905 554/558/554 2267/2357/2267 
f 1068/1085/1068 307/310/307 1069/1086/1069 
f 749/760/749 3450/3767/3450 581/585/581 
f 3273/3521/3273 3383/3672/3383 2858/3034/2858 
f 3120/3768/3120 2540/2669/2540 2539/2668/2539 
f 1548/1583/1548 862/873/862 625/629/625 
f 2800/2969/2800 2195/2282/2195 2647/2789/2647 
f 2158/3165/2158 2368/3706/2368 3134/3769/3134 
f 2952/3134/2952 2437/2560/2437 2988/3181/2988 
f 3451/3770/3451 1306/1334/1306 1305/1333/1305 
f 2789/2957/2789 1503/1536/1503 1502/1535/1502 
f 3114/3324/3114 3112/3322/3112 3164/3385/3164 
f 25/3771/25 671/2636/671 26/2420/26 
f 2979/3172/2979 3283/3533/3283 2935/3115/2935 
f 69/69/69 68/68/68 570/574/570 
f 2772/2938/2772 3452/3772/3452 3453/3773/3453 
f 438/441/438 1081/1098/1081 3064/3268/3064 
f 1677/3774/1677 1397/1428/1397 1678/2768/1678 
f 1235/1258/1235 102/102/102 2201/2288/2201 
f 3172/3394/3172 3454/3775/3454 3173/3395/3173 
f 2641/3776/2641 2011/2079/2011 1734/1777/1734 
f 416/419/416 1971/2035/1971 369/372/369 
f 1814/1867/1814 1809/1862/1809 1132/1152/1132 
f 445/448/445 1422/1454/1422 443/446/443 
f 2464/2589/2464 2922/3100/2922 2051/2120/2051 
f 3455/3777/3455 3456/3778/3456 1634/1671/1634 
f 2341/2448/2341 3391/3683/3391 3133/3347/3133 
f 143/143/143 1648/1685/1648 618/622/618 
f 2332/2439/2332 2334/2441/2334 3457/3779/3457 
f 3075/3279/3075 3458/3780/3458 1243/1267/1243 
f 3238/3474/3238 1958/3781/1958 3459/3782/3459 
f 971/985/971 3460/3783/3460 1904/1962/1904 
f 2402/2523/2402 2404/2525/2404 3461/3784/3461 
f 3214/3785/3214 3269/3517/3269 3180/3405/3180 
f 3462/3786/3462 3463/3787/3463 2998/3197/2998 
f 1557/1592/1557 2059/2128/2059 1285/1311/1285 
f 76/76/76 78/78/78 3271/3519/3271 
f 175/175/175 3040/3243/3040 3425/3732/3425 
f 2605/2737/2605 2989/3184/2989 2926/3104/2926 
f 3335/3607/3335 175/175/175 3425/3732/3425 
f 1315/1343/1315 1804/1857/1804 480/483/480 
f 1459/1492/1459 2615/2747/2615 391/394/391 
f 229/229/229 1960/2024/1960 2700/2850/2700 
f 2981/3174/2981 2725/2880/2725 3302/3560/3302 
f 3463/3787/3463 3464/3788/3464 2215/2303/2215 
f 2895/3072/2895 2894/3071/2894 3465/3789/3465 
f 3466/3790/3466 1909/3791/1909 42/42/42 
f 3467/3792/3467 318/3793/318 3034/3794/3034 
f 1240/1264/1240 1239/1263/1239 582/586/582 
f 1638/3749/1638 3441/3750/3441 2980/3567/2980 
f 2460/2585/2460 1357/3795/1357 3094/3627/3094 
f 3468/3796/3468 2835/3007/2835 3385/3674/3385 
f 3469/3797/3469 3217/3446/3217 3316/3583/3316 
f 3470/3798/3470 812/823/812 814/825/814 
f 1631/1668/1631 1098/1116/1098 1097/1115/1097 
f 3471/3799/3471 651/656/651 951/963/951 
f 3472/3800/3472 3473/3801/3473 2461/2586/2461 
f 404/407/404 132/132/132 2112/2190/2112 
f 3387/3676/3387 2501/2626/2501 3474/3802/3474 
f 3015/3216/3015 3136/3351/3136 890/901/890 
f 1810/1863/1810 1213/1236/1213 297/299/297 
f 2091/2169/2091 2892/3069/2892 2915/3093/2915 
f 965/979/965 1336/1365/1336 963/977/963 
f 3317/3584/3317 2977/3170/2977 365/368/365 
f 1945/2432/1945 2302/2396/2302 1738/2394/1738 
f 1845/1899/1845 1915/1977/1915 1653/1691/1653 
f 2246/2335/2246 907/919/907 1367/1398/1367 
f 3475/3803/3475 3476/3804/3476 3477/3805/3477 
f 673/3109/673 672/3806/672 3086/3292/3086 
f 783/794/783 2957/3142/2957 33/33/33 
f 52/52/52 371/1577/371 53/53/53 
f 132/132/132 134/134/134 3123/3333/3123 
f 2043/2112/2043 82/82/82 2257/2346/2257 
f 726/737/726 1111/1812/1111 1761/1811/1761 
f 1071/1088/1071 1072/1089/1072 1113/1132/1113 
f 683/1610/683 1649/1687/1649 1031/1048/1031 
f 969/983/969 970/984/970 1881/1938/1881 
f 1910/1971/1910 865/876/865 864/875/864 
f 2445/2568/2445 2427/2550/2427 3478/3807/3478 
f 3066/3270/3066 3479/3808/3479 1888/1945/1888 
f 545/549/545 823/834/823 2704/2855/2704 
f 1735/1778/1735 3480/3809/3480 3385/3674/3385 
f 1236/1259/1236 638/642/638 299/302/299 
f 3043/3246/3043 935/947/935 2911/3089/2911 
f 3274/3522/3274 582/586/582 1239/1263/1239 
f 2773/2939/2773 3197/3422/3197 2774/2940/2774 
f 2045/2114/2045 1867/1922/1867 2344/2452/2344 
f 345/348/345 344/347/344 3319/3587/3319 
f 3481/3810/3481 52/52/52 1318/1346/1318 
f 2693/2843/2693 814/825/814 813/824/813 
f 2825/2997/2825 3482/3811/3482 1829/1882/1829 
f 3483/3812/3483 583/587/583 3484/3813/3484 
f 783/794/783 489/492/489 491/494/491 
f 3117/3327/3117 1994/2060/1994 3131/3345/3131 
f 1151/1171/1151 183/183/183 182/182/182 
f 388/391/388 269/271/269 274/276/274 
f 3447/3764/3447 1855/1909/1855 1856/1910/1856 
f 1819/1872/1819 931/943/931 3319/3587/3319 
f 302/305/302 2979/3172/2979 2935/3115/2935 
f 2626/2760/2626 2649/2791/2649 2838/3010/2838 
f 2749/2907/2749 2402/2523/2402 3461/3784/3461 
f 3485/3814/3485 3112/3322/3112 3111/3321/3111 
f 1263/1289/1263 3406/3707/3406 3407/3708/3407 
f 288/290/288 1268/1294/1268 1057/1074/1057 
f 3486/3815/3486 3063/3267/3063 3062/3266/3062 
f 918/930/918 1890/1947/1890 1892/1949/1892 
f 993/1010/993 1657/1695/1657 994/1011/994 
f 1887/1944/1887 814/825/814 3194/3419/3194 
f 951/963/951 2138/2218/2138 3471/3799/3471 
f 955/968/955 2456/2581/2456 2455/2580/2455 
f 1727/1770/1727 3363/3645/3363 3338/3611/3338 
f 2720/2875/2720 1374/3816/1374 2721/2876/2721 
f 3323/3592/3323 555/559/555 1835/1888/1835 
f 3336/3608/3336 3425/3732/3425 2397/2518/2397 
f 684/3817/684 679/3818/679 152/686/152 
f 840/851/840 2109/2187/2109 1535/1569/1535 
f 801/812/801 748/759/748 802/813/802 
f 3487/3819/3487 1304/1332/1304 1306/1334/1306 
f 501/504/501 2644/2786/2644 2522/2650/2522 
f 1739/3011/1739 1216/1239/1216 926/938/926 
f 3193/3418/3193 592/596/592 3079/3285/3079 
f 2432/2555/2432 810/821/810 3488/3820/3488 
f 3397/3692/3397 742/753/742 3350/3623/3350 
f 1248/1272/1248 496/499/496 142/142/142 
f 1533/1566/1533 2969/3158/2969 2568/2698/2568 
f 1236/3538/1236 684/3553/684 3287/3539/3287 
f 706/715/706 292/294/292 705/714/705 
f 1629/1666/1629 3090/3298/3090 2753/2911/2753 
f 3489/3821/3489 2777/3822/2777 1222/1245/1222 
f 1862/1916/1862 1861/1915/1861 353/356/353 
f 2974/3164/2974 1698/1740/1698 2523/2651/2523 
f 2968/3157/2968 1710/1753/1710 1712/1755/1712 
f 3015/3216/3015 1479/1512/1479 2332/2439/2332 
f 1294/1321/1294 744/755/744 1547/1582/1547 
f 2113/2191/2113 2114/2192/2114 3334/3605/3334 
f 3490/3823/3490 3491/3824/3491 1498/1531/1498 
f 2232/2320/2232 2234/2322/2234 859/870/859 
f 913/925/913 424/427/424 378/381/378 
f 1575/1612/1575 3234/3469/3234 3179/3402/3179 
f 860/871/860 859/870/859 2234/2322/2234 
f 3438/3746/3438 3014/3215/3014 3013/3214/3013 
f 3424/3731/3424 3492/3825/3492 3493/3826/3493 
f 359/362/359 1831/1884/1831 360/363/360 
f 475/478/475 2314/2413/2314 2278/2369/2278 
f 454/457/454 1166/1186/1166 2500/2625/2500 
f 3247/3488/3247 3060/3264/3060 2212/2300/2212 
f 3279/3529/3279 918/930/918 917/929/917 
f 2446/2569/2446 2640/2778/2640 2570/2700/2570 
f 2320/2421/2320 3317/3584/3317 2766/2931/2766 
f 1231/1254/1231 3346/3619/3346 3343/3616/3343 
f 1294/1321/1294 3350/3623/3350 744/755/744 
f 1283/1309/1283 3348/3621/3348 3494/3827/3494 
f 2138/2218/2138 1532/1565/1532 1126/1146/1126 
f 2240/2328/2240 3257/3499/3257 3083/3289/3083 
f 2749/2907/2749 3461/3784/3461 3495/3828/3495 
f 1900/1958/1900 463/466/463 462/465/462 
f 3185/3829/3185 2890/3067/2890 2889/3066/2889 
f 3496/3830/3496 912/924/912 2963/3148/2963 
f 2115/2193/2115 2117/2195/2117 2643/2785/2643 
f 764/775/764 2175/2261/2175 3416/3721/3416 
f 3231/3463/3231 321/324/321 2516/2644/2516 
f 1536/1570/1536 2173/2259/2173 2174/2260/2174 
f 1422/1454/1422 1437/1470/1437 1423/1455/1423 
f 3497/3831/3497 3384/3673/3384 3270/3518/3270 
f 838/849/838 3498/3832/3498 3003/3204/3003 
f 2467/2592/2467 524/528/524 526/530/526 
f 3219/3833/3219 3155/3375/3155 3376/3834/3376 
f 762/773/762 2130/2210/2130 786/797/786 
f 154/154/154 2986/3179/2986 1658/1696/1658 
f 3440/3748/3440 2782/2948/2782 1574/1611/1574 
f 2315/2414/2315 1837/1891/1837 1395/1426/1395 
f 1211/1233/1211 1713/1951/1713 1514/1547/1514 
f 981/996/981 983/998/983 2121/2199/2121 
f 3447/3764/3447 2032/2101/2032 1855/1909/1855 
f 3040/3243/3040 998/1015/998 3171/3393/3171 
f 404/407/404 406/409/406 132/132/132 
f 2576/2706/2576 2578/2708/2578 3073/3277/3073 
f 1968/2032/1968 3499/3835/3499 2746/2904/2746 
f 3500/3836/3500 1707/1749/1707 2687/2837/2687 
f 657/662/657 656/661/656 3294/3549/3294 
f 339/342/339 1440/1473/1440 1210/1232/1210 
f 3309/3571/3309 3496/3830/3496 1047/1064/1047 
f 3403/3702/3403 997/1014/997 3115/3325/3115 
f 3501/3837/3501 3109/3319/3109 836/847/836 
f 1681/1721/1681 949/961/949 2172/2258/2172 
f 3502/3838/3502 1229/1252/1229 1682/1722/1682 
f 1098/1116/1098 3503/3839/3503 3138/3353/3138 
f 3504/3840/3504 1929/1991/1929 3242/3482/3242 
f 3505/3841/3505 2461/2586/2461 2101/2179/2101 
f 1832/1885/1832 2908/3086/2908 3190/3415/3190 
f 2942/3123/2942 3036/3238/3036 2941/3122/2941 
f 362/365/362 364/367/364 1202/1224/1202 
f 2214/2302/2214 3506/3842/3506 3448/3765/3448 
f 3507/3843/3507 93/93/93 92/92/92 
f 3171/3393/3171 1000/1017/1000 3172/3394/3172 
f 1924/1986/1924 204/204/204 2694/2844/2694 
f 3508/3844/3508 2472/2597/2472 2544/2673/2544 
f 2006/2073/2006 1783/1835/1783 1782/1834/1782 
f 996/3585/996 3506/3842/3506 1704/1746/1704 
f 929/941/929 1531/1564/1531 930/942/930 
f 1976/2041/1976 2891/3068/2891 1897/1955/1897 
f 3218/3447/3218 2654/2797/2654 1092/1109/1092 
f 685/1686/685 1649/1687/1649 683/1610/683 
f 1819/1872/1819 3278/3528/3278 1568/1604/1568 
f 1224/1247/1224 3047/3250/3047 3337/3610/3337 
f 2999/3200/2999 3127/3341/3127 3065/3269/3065 
f 2646/2788/2646 3509/3845/3509 902/914/902 
f 3210/3438/3210 1356/1386/1356 3354/3632/3354 
f 394/397/394 2020/2088/2020 2019/2087/2019 
f 2043/2112/2043 255/257/255 82/82/82 
f 672/3806/672 3087/3293/3087 3086/3292/3086 
f 1248/1272/1248 1249/1273/1249 3006/3207/3006 
f 3066/3270/3066 1092/1109/1092 1094/1111/1094 
f 1510/1543/1510 1788/1840/1788 1511/1544/1511 
f 650/655/650 3055/3259/3055 3239/3475/3239 
f 1041/1058/1041 2560/2690/2560 1530/1563/1530 
f 2380/2495/2380 2990/3185/2990 2991/3186/2991 
f 2177/2263/2177 2479/2604/2479 2178/2264/2178 
f 3145/3363/3145 2489/2614/2489 2239/2327/2239 
f 224/224/224 2027/2095/2027 1133/1153/1133 
f 923/935/923 925/937/925 235/235/235 
f 2149/2231/2149 2148/2230/2148 1109/3295/1109 
f 3363/3645/3363 3510/3846/3510 3192/3417/3192 
f 279/281/279 1928/3847/1928 2390/2509/2390 
f 1727/1770/1727 3510/3846/3510 3363/3645/3363 
f 3511/3848/3511 2014/2082/2014 1722/1765/1722 
f 686/694/686 2595/2727/2595 382/385/382 
f 3508/3844/3508 2263/2352/2263 2472/2597/2472 
f 1643/1680/1643 522/526/522 3257/3499/3257 
f 2073/2145/2073 175/175/175 3335/3607/3335 
f 3417/3723/3417 2301/2393/2301 2300/2392/2300 
f 2576/2706/2576 3052/3255/3052 2577/2707/2577 
f 582/586/582 581/585/581 3450/3767/3450 
f 572/576/572 571/575/571 821/832/821 
f 1263/1289/1263 1262/1288/1262 3252/3493/3252 
f 1727/1770/1727 3338/3611/3338 3339/3612/3339 
f 267/269/267 2516/2644/2516 321/324/321 
f 602/606/602 658/663/658 660/665/660 
f 1519/1552/1519 145/145/145 2499/3189/2499 
f 3408/3711/3408 934/946/934 2788/2956/2788 
f 353/356/353 2294/2395/2294 1862/1916/1862 
f 969/983/969 767/778/767 3029/3231/3029 
f 1524/1557/1524 2858/3034/2858 3383/3672/3383 
f 1629/1666/1629 2753/2911/2753 2748/2906/2748 
f 190/190/190 2097/2175/2097 3202/3428/3202 
f 2475/2600/2475 1108/1127/1108 1110/1129/1110 
f 2767/2932/2767 2766/2931/2766 305/3849/305 
f 2597/2729/2597 2849/3025/2849 645/649/645 
f 3410/3714/3410 3512/3850/3512 2398/2519/2398 
f 3431/3738/3431 2309/2406/2309 2308/2405/2308 
f 2929/3108/2929 3402/3701/3402 2639/2777/2639 
f 1788/1840/1788 1122/1142/1122 1609/1646/1609 
f 3162/3383/3162 1099/1117/1099 1098/1116/1098 
f 260/262/260 262/264/262 422/425/422 
f 17/17/17 1569/1605/1569 706/715/706 
f 1016/1033/1016 945/957/945 264/266/264 
f 1487/1520/1487 2851/3027/2851 457/460/457 
f 500/503/500 1297/1325/1297 2753/2911/2753 
f 1867/1922/1867 1869/1924/1869 2344/2452/2344 
f 770/781/770 2152/3851/2152 3056/3260/3056 
f 3513/3852/3513 1970/2034/1970 1969/2033/1969 
f 587/591/587 155/155/155 1934/1997/1934 
f 1087/1104/1087 1322/1350/1322 2552/2682/2552 
f 1948/2012/1948 1910/1971/1910 2698/2848/2698 
f 3353/3631/3353 2436/2559/2436 3514/3853/3514 
f 500/503/500 2543/2672/2543 498/501/498 
f 2013/2081/2013 876/887/876 3121/3331/3121 
f 2947/3854/2947 3220/3449/3220 2828/3000/2828 
f 3408/3711/3408 2788/2956/2788 1744/1794/1744 
f 1791/1844/1791 531/535/531 1943/2007/1943 
f 377/380/377 3440/3748/3440 1574/1611/1574 
f 1319/1347/1319 1895/1953/1895 2886/3063/2886 
f 2039/2108/2039 3515/3855/3515 3516/3856/3516 
f 580/3857/580 579/3580/579 528/3858/528 
f 430/1973/430 1171/1191/1171 1170/1190/1170 
f 2626/2760/2626 2774/2940/2774 3197/3422/3197 
f 3517/3859/3517 3323/3592/3323 3322/3591/3322 
f 1330/1359/1330 2073/2145/2073 1264/1290/1264 
f 1219/1242/1219 2182/2268/2182 1832/1885/1832 
f 361/364/361 2126/2204/2126 2125/2203/2125 
f 551/555/551 1589/1626/1589 1043/1060/1043 
f 694/702/694 693/701/693 2717/2872/2717 
f 2364/2478/2364 554/558/554 1326/1354/1326 
f 1994/2060/1994 3116/3326/3116 1992/2058/1992 
f 2553/2683/2553 215/215/215 383/386/383 
f 1339/1368/1339 1338/1367/1338 989/1005/989 
f 1119/1139/1119 1803/1856/1803 1120/1140/1120 
f 92/92/92 1608/1645/1608 2817/2988/2817 
f 2357/2469/2357 1399/2470/1399 1398/3860/1398 
f 3425/3732/3425 3336/3608/3336 3335/3607/3335 
f 1524/1557/1524 1525/1558/1525 1526/1559/1526 
f 2809/2980/2809 2587/2719/2587 711/720/711 
f 2772/2938/2772 2771/2937/2771 3452/3772/3452 
f 2028/2097/2028 2816/2987/2816 2597/2729/2597 
f 2287/2378/2287 2373/2488/2373 2716/2870/2716 
f 3518/3861/3518 2274/2365/2274 2996/3195/2996 
f 1658/1696/1658 1446/1479/1446 914/926/914 
f 2781/2947/2781 1355/1385/1355 991/1007/991 
f 433/436/433 2356/2666/2356 431/434/431 
f 1484/1517/1484 1483/1516/1483 2736/2894/2736 
f 592/596/592 3172/3394/3172 1000/1017/1000 
f 145/145/145 1520/1553/1520 1827/1880/1827 
f 2517/2645/2517 2737/2895/2737 1879/1936/1879 
f 261/263/261 1534/1567/1534 262/264/262 
f 69/69/69 2715/2869/2715 67/67/67 
f 3193/3418/3193 3410/3714/3410 3454/3775/3454 
f 2957/3142/2957 783/794/783 1757/1807/1757 
f 1887/1944/1887 1889/1946/1889 3470/3798/3470 
f 59/3862/59 58/2065/58 1998/2064/1998 
f 1689/1730/1689 2876/3053/2876 1690/1731/1690 
f 1015/1032/1015 51/51/51 3301/3559/3301 
f 187/187/187 2568/2698/2568 185/185/185 
f 1620/1657/1620 3168/3389/3168 2349/2460/2349 
f 2501/2626/2501 2502/2627/2502 3492/3863/3492 
f 3519/3864/3519 2679/2826/2679 2681/2828/2681 
f 1710/1753/1710 2099/2177/2099 2278/2369/2278 
f 3520/3865/3520 1984/3866/1984 1889/1946/1889 
f 1471/1504/1471 1088/1105/1088 3521/3867/3521 
f 2296/2388/2296 3435/3743/3435 3248/3489/3248 
f 2794/2962/2794 24/24/24 2931/3111/2931 
f 2283/2374/2283 1547/1582/1547 2000/2067/2000 
f 1332/1361/1332 1933/1996/1933 1771/1822/1771 
f 286/288/286 1276/1302/1276 287/289/287 
f 2283/2374/2283 2716/2870/2716 2715/2869/2715 
f 1199/1221/1199 1201/1223/1201 1949/2013/1949 
f 2667/2812/2667 2646/2788/2646 3522/3868/3522 
f 3219/3448/3219 2948/3130/2948 3374/3662/3374 
f 847/858/847 1489/1522/1489 855/866/855 
f 1229/1252/1229 3502/3838/3502 2880/3057/2880 
f 2012/2080/2012 2228/2316/2228 773/784/773 
f 3150/3368/3150 3321/3589/3321 3427/3734/3427 
f 2688/2838/2688 3523/3869/3523 3033/3235/3033 
f 2015/2083/2015 2167/2251/2167 2236/2324/2236 
f 3190/3415/3190 1217/1240/1217 1832/1885/1832 
f 2109/2187/2109 1007/1024/1007 1006/1023/1006 
f 3323/3592/3323 2623/2756/2623 555/559/555 
f 320/323/320 631/635/631 1987/2052/1987 
f 1272/3870/1272 2352/2464/2352 1291/3199/1291 
f 317/3871/317 3034/3794/3034 318/3793/318 
f 900/911/900 3364/3872/3364 87/912/87 
f 1200/1222/1200 2655/2798/2655 1373/1404/1373 
f 816/827/816 82/82/82 255/257/255 
f 2612/2744/2612 3524/3873/3524 2611/2743/2611 
f 2120/2198/2120 2172/2258/2172 2121/2199/2121 
f 2773/2939/2773 2805/2974/2805 2804/2973/2804 
f 2768/2933/2768 2770/2935/2770 2951/3133/2951 
f 638/1782/638 3287/3539/3287 1737/1783/1737 
f 785/796/785 2251/2340/2251 786/797/786 
f 1463/3754/1463 1610/3874/1610 2653/2796/2653 
f 2155/2239/2155 2156/2240/2156 3525/3875/3525 
f 2992/3876/2992 2046/3309/2046 3526/3877/3526 
f 3527/3878/3527 520/524/520 957/970/957 
f 1098/1116/1098 3138/3353/3138 3162/3383/3162 
f 1922/1984/1922 1921/1983/1921 1316/1344/1316 
f 1735/1778/1735 2010/2078/2010 3480/3809/3480 
f 3161/3382/3161 3195/3420/3195 3528/3879/3528 
f 1198/3880/1198 1836/3881/1836 1375/3882/1375 
f 1673/1712/1673 3494/3883/3494 3529/3884/3529 
f 2974/3164/2974 3296/3885/3296 2413/2535/2413 
f 2131/2211/2131 1729/1772/1729 1731/1774/1731 
f 3430/3737/3430 2479/2604/2479 2177/2263/2177 
f 3163/3384/3163 3467/3886/3467 3034/3236/3034 
f 1455/1488/1455 1194/1215/1194 3301/3559/3301 
f 3242/3482/3242 1930/1992/1930 765/776/765 
f 2522/2650/2522 2644/2786/2644 1802/1855/1802 
f 3413/3718/3413 1055/1072/1055 3355/3636/3355 
f 20/20/20 19/19/19 1701/1743/1701 
f 1731/1774/1731 1730/1773/1730 2560/2690/2560 
f 1846/1900/1846 2813/2984/2813 3236/3472/3236 
f 471/474/471 3530/3887/3530 22/22/22 
f 3198/3423/3198 3383/3672/3383 3273/3521/3273 
f 3256/3498/3256 2533/2661/2533 162/162/162 
f 220/220/220 834/845/834 1191/1212/1191 
f 472/475/472 36/36/36 2650/2793/2650 
f 2155/2239/2155 1562/1597/1562 1197/1218/1197 
f 757/768/757 925/937/925 2147/2229/2147 
f 2847/3023/2847 2816/2987/2816 1776/1827/1776 
f 2664/2808/2664 2110/2188/2110 2122/2200/2122 
f 190/190/190 3531/3888/3531 2574/2704/2574 
f 3367/3651/3367 3366/3650/3366 1370/3889/1370 
f 1660/1698/1660 3259/3501/3259 1556/1591/1556 
f 2541/2670/2541 1611/1648/1611 103/3890/103 
f 471/474/471 2029/2098/2029 1130/1150/1130 
f 3532/3891/3532 3533/3892/3533 3432/3739/3432 
f 2323/2425/2323 924/936/924 923/935/923 
f 3087/3293/3087 672/3806/672 1565/1601/1565 
f 265/267/265 267/269/267 320/323/320 
f 1214/1237/1214 3453/3773/3453 3452/3772/3452 
f 688/696/688 3534/3893/3534 1815/1868/1815 
f 3457/3779/3457 3016/3217/3016 2332/2439/2332 
f 1425/1457/1425 2704/2855/2704 3302/3560/3302 
f 3535/3894/3535 3536/3895/3536 3505/3841/3505 
f 50/50/50 49/49/49 294/296/294 
f 3457/3779/3457 3537/3896/3537 3016/3217/3016 
f 197/197/197 1140/3897/1140 3538/3898/3538 
f 85/85/85 2324/2426/2324 86/86/86 
f 413/416/413 3539/3899/3539 3480/3809/3480 
f 3059/3263/3059 3267/3515/3267 1110/3900/1110 
f 1939/3901/1939 3528/3879/3528 3540/3902/3540 
f 3541/3903/3541 3407/3708/3407 1931/1994/1931 
f 2048/3904/2048 3526/3877/3526 2046/3309/2046 
f 1906/1964/1906 3457/3779/3457 2334/2441/2334 
f 2247/2336/2247 2924/3102/2924 2926/3104/2926 
f 3/3/3 1802/1855/1802 3542/3905/3542 
f 1159/1179/1159 2705/2859/2705 1160/1180/1160 
f 593/597/593 2605/2737/2605 594/598/594 
f 2202/2289/2202 1233/1256/1233 409/412/409 
f 1288/1314/1288 2392/2511/2392 3543/3906/3543 
f 1730/1773/1730 931/943/931 930/942/930 
f 970/984/970 796/807/796 1593/1630/1593 
f 3266/3513/3266 519/523/519 233/233/233 
f 1005/1022/1005 2124/2202/2124 1477/1510/1477 
f 1534/1567/1534 261/263/261 1237/2291/1237 
f 3142/3359/3142 1876/1931/1876 1238/1262/1238 
f 3544/3907/3544 3545/3908/3545 3436/3744/3436 
f 748/759/748 750/761/750 2791/2959/2791 
f 295/297/295 616/620/616 615/619/615 
f 1076/1093/1076 1582/1619/1582 2428/2551/2428 
f 1370/3889/1370 3366/3650/3366 3085/3909/3085 
f 3277/3910/3277 3400/3697/3400 769/3911/769 
f 1255/1281/1255 1688/1729/1688 238/238/238 
f 2709/2863/2709 3329/3599/3329 3546/3912/3546 
f 1861/1915/1861 1863/1917/1863 2734/2892/2734 
f 675/681/675 1878/1935/1878 1466/1499/1466 
f 440/443/440 870/881/870 606/610/606 
f 2252/2341/2252 1312/1340/1312 3406/3707/3406 
f 2919/3097/2919 3435/3743/3435 2920/3098/2920 
f 453/456/453 3547/3913/3547 3548/3914/3548 
f 2195/2282/2195 2118/2196/2118 2647/2789/2647 
f 31/31/31 2761/2923/2761 32/32/32 
f 2110/2188/2110 2664/2808/2664 2663/2807/2663 
f 1557/1592/1557 1285/1311/1285 1558/1593/1558 
f 3549/3915/3549 258/260/258 259/261/259 
f 3550/3916/3550 1938/2001/1938 1939/2003/1939 
f 1330/1359/1330 1329/1358/1329 2824/2996/2824 
f 1560/1595/1560 928/940/928 3055/3259/3055 
f 2044/2113/2044 1992/2058/1992 3116/3326/3116 
f 123/123/123 2260/2349/2260 2767/3917/2767 
f 1040/1057/1040 1042/1059/1042 1131/1151/1131 
f 1045/1062/1045 1044/1061/1044 2863/3040/2863 
f 3410/3714/3410 3510/3846/3510 3512/3850/3512 
f 1441/1474/1441 1443/1476/1443 1670/1709/1670 
f 1759/1809/1759 1513/1546/1513 922/934/922 
f 3551/3918/3551 1964/2028/1964 2345/3919/2345 
f 3224/3453/3224 3362/3643/3362 3552/3920/3552 
f 2600/2732/2600 2137/2217/2137 2630/2765/2630 
f 902/914/902 904/916/904 2646/2788/2646 
f 2486/3699/2486 678/684/678 1927/3921/1927 
f 2905/3082/2905 1858/1912/1858 1709/3083/1709 
f 3344/3617/3344 3117/3327/3117 950/962/950 
f 2151/2233/2151 2150/2232/2150 829/840/829 
f 3448/3765/3448 843/854/843 3553/3922/3553 
f 581/585/581 2198/2285/2198 749/760/749 
f 3554/3923/3554 1969/2033/1969 1749/1799/1749 
f 2453/2577/2453 2997/3196/2997 2454/2578/2454 
f 1159/1179/1159 1161/1181/1161 1550/1585/1550 
f 2168/2254/2168 2793/2961/2793 2169/2255/2169 
f 3232/3464/3232 3513/3852/3513 3222/3451/3222 
f 763/774/763 765/776/765 3555/3924/3555 
f 3173/3395/3173 2398/2519/2398 2397/2518/2397 
f 259/261/259 240/240/240 239/239/239 
f 2560/2690/2560 930/942/930 1530/1563/1530 
f 1015/1032/1015 1346/1375/1346 391/394/391 
f 913/925/913 1407/1439/1407 912/924/912 
f 2464/2589/2464 2051/2120/2051 2462/2587/2462 
f 1937/2000/1937 2405/3925/2405 1935/1998/1935 
f 1400/1431/1400 673/679/673 1591/1628/1591 
f 2716/2870/2716 2288/2379/2288 2287/2378/2287 
f 222/222/222 221/221/221 584/588/584 
f 1694/3378/1694 1956/2020/1956 1095/1788/1095 
f 1827/1880/1827 1668/1707/1668 551/555/551 
f 70/70/70 773/784/773 2228/2316/2228 
f 3539/3899/3539 413/416/413 2577/2707/2577 
f 2128/2206/2128 1100/1118/1100 2363/2477/2363 
f 3235/3470/3235 1842/1896/1842 3438/3746/3438 
f 2907/3085/2907 3556/3926/3556 3557/3927/3557 
f 1563/1598/1563 1562/1597/1562 1667/1706/1667 
f 1620/1657/1620 3348/3621/3348 1283/1309/1283 
f 1825/1878/1825 498/501/498 3558/3928/3558 
f 2790/2958/2790 1986/2051/1986 2791/2959/2791 
f 2015/2083/2015 291/293/291 2167/2251/2167 
f 2108/2186/2108 1105/1123/1105 1104/1122/1104 
f 647/3183/647 909/921/909 3264/3510/3264 
f 813/824/813 3559/3929/3559 1374/1405/1374 
f 87/87/87 3364/3648/3364 85/85/85 
f 2844/3018/2844 2845/3020/2845 2504/2929/2504 
f 1781/1833/1781 1780/1832/1780 295/297/295 
f 3169/3390/3169 1672/3930/1672 1642/3931/1642 
f 1978/2043/1978 3191/3416/3191 2510/2638/2510 
f 1504/1537/1504 304/307/304 1505/1538/1505 
f 2413/2535/2413 1699/1741/1699 2974/3164/2974 
f 386/389/386 352/3932/352 384/387/384 
f 2594/2726/2594 1850/3933/1850 3560/3934/3560 
f 3220/3449/3220 2947/3854/2947 3375/3664/3375 
f 1148/1168/1148 1692/1733/1692 1795/1848/1795 
f 955/968/955 3393/3685/3393 425/428/425 
f 2006/2073/2006 1782/1834/1782 692/700/692 
f 1363/1394/1363 1365/1396/1365 3561/3935/3561 
f 3523/3869/3523 2688/2838/2688 1707/1749/1707 
f 2224/2312/2224 3080/3286/3080 3562/3936/3562 
f 121/121/121 1071/1088/1071 122/122/122 
f 2961/3146/2961 3073/3277/3073 3563/3937/3563 
f 3487/3819/3487 1145/1165/1145 1144/1164/1144 
f 2418/2541/2418 520/524/520 519/523/519 
f 3523/3869/3523 1706/1748/1706 3564/3938/3564 
f 1832/1885/1832 2359/2473/2359 2908/3086/2908 
f 2550/2680/2550 1636/1673/1636 2094/2172/2094 
f 1265/1291/1265 2975/3168/2975 817/828/817 
f 3227/3457/3227 3565/3939/3565 2756/2916/2756 
f 2349/2460/2349 2351/2462/2351 3348/3621/3348 
f 3284/3535/3284 3254/3495/3254 3226/3456/3226 
f 1/1/1 3096/3304/3096 640/644/640 
f 109/109/109 106/106/106 163/163/163 
f 2469/2594/2469 3566/3940/3566 2914/3092/2914 
f 1753/1803/1753 68/68/68 67/67/67 
f 1630/1667/1630 1767/1818/1767 3008/3209/3008 
f 126/126/126 128/128/128 192/192/192 
f 392/395/392 75/3941/75 74/3752/74 
f 3432/3739/3432 3330/3600/3330 540/544/540 
f 2907/3085/2907 3181/3406/3181 2865/3042/2865 
f 2367/2481/2367 3447/3764/3447 868/879/868 
f 2834/3006/2834 2836/3008/2836 2572/2702/2572 
f 2585/2716/2585 3088/3296/3088 2558/2688/2558 
f 69/69/69 570/574/570 569/573/569 
f 2805/2974/2805 3528/3942/3528 2803/2972/2803 
f 2888/3065/2888 2890/3067/2890 487/3943/487 
f 3289/3541/3289 1301/1329/1301 1303/1331/1303 
f 3567/3944/3567 208/208/208 2750/2908/2750 
f 3322/3591/3322 1835/1888/1835 825/836/825 
f 2604/2736/2604 2871/3048/2871 1332/1361/1332 
f 2200/3945/2200 679/3478/679 1573/3477/1573 
f 737/748/737 367/370/367 2596/2728/2596 
f 584/588/584 521/525/521 3365/3649/3365 
f 1576/1613/1576 1179/1199/1179 2086/2158/2086 
f 3317/3584/3317 2978/3171/2978 2977/3170/2977 
f 3568/3946/3568 771/782/771 2659/2802/2659 
f 224/224/224 1808/1861/1808 1120/1140/1120 
f 1405/1436/1405 1989/3947/1989 3104/3313/3104 
f 1453/1486/1453 2074/2146/2074 1451/1484/1451 
f 3175/3397/3175 1019/1036/1019 1018/1035/1018 
f 1075/1092/1075 632/636/632 631/635/631 
f 3569/3948/3569 1442/1475/1442 2456/2581/2456 
f 1081/1098/1081 1083/1100/1083 3064/3268/3064 
f 3549/3915/3549 2530/2658/2530 3453/3773/3453 
f 2173/2259/2173 8/8/8 7/7/7 
f 1272/3870/1272 2005/2072/2005 2352/2464/2352 
f 2693/2843/2693 2655/2798/2655 2654/2797/2654 
f 1951/2015/1951 3156/3949/3156 2122/2200/2122 
f 899/910/899 2210/2298/2210 849/860/849 
f 3474/3802/3474 2501/2626/2501 3492/3863/3492 
f 2250/2339/2250 2252/2341/2252 2912/3090/2912 
f 2543/2672/2543 2721/2876/2721 2542/2671/2542 
f 3229/3459/3229 2981/3174/2981 3302/3560/3302 
f 2626/2760/2626 2628/2762/2628 2752/2910/2752 
f 538/542/538 124/124/124 3199/3424/3199 
f 169/169/169 1369/1400/1369 1623/1660/1623 
f 834/845/834 2485/2610/2485 1191/1212/1191 
f 3342/3615/3342 2303/2397/2303 2536/2664/2536 
f 64/64/64 1142/1162/1142 355/358/355 
f 3133/3347/3133 265/267/265 533/537/533 
f 1996/2062/1996 1963/2027/1963 1974/2039/1974 
f 1750/1800/1750 1749/1799/1749 2519/2647/2519 
f 2135/2215/2135 456/459/456 78/78/78 
f 1429/1462/1429 3570/3950/3570 3415/3951/3415 
f 3139/3354/3139 3155/3375/3155 2473/2598/2473 
f 1106/1125/1106 2528/3952/2528 2474/2599/2474 
f 2989/3184/2989 2605/2737/2605 1195/1216/1195 
f 935/947/935 3136/3351/3136 3571/3953/3571 
f 2345/3919/2345 2459/2584/2459 3551/3918/3551 
f 3161/3382/3161 3162/3383/3162 2949/3131/2949 
f 320/323/320 322/325/322 631/635/631 
f 1225/1248/1225 1224/1247/1224 3337/3610/3337 
f 3397/3692/3397 3396/3691/3396 742/753/742 
f 3365/3649/3365 1073/1090/1073 72/72/72 
f 2111/2189/2111 2338/2445/2338 1950/2014/1950 
f 1425/1457/1425 1424/1456/1424 543/547/543 
f 2271/2362/2271 2718/2873/2718 2072/2144/2072 
f 1035/1052/1035 3572/3954/3572 1036/1053/1036 
f 2644/2786/2644 2643/2785/2643 1244/1268/1244 
f 2285/2376/2285 286/288/286 3396/3691/3396 
f 1867/1922/1867 3322/3591/3322 1868/1923/1868 
f 1138/1158/1138 1137/1157/1137 1853/1907/1853 
f 2835/3007/2835 3468/3796/3468 3411/3715/3411 
f 1932/1995/1932 1469/1502/1469 1454/1487/1454 
f 1737/1783/1737 316/319/316 315/318/315 
f 422/425/422 691/699/691 1001/1018/1001 
f 3297/3552/3297 3411/3715/3411 3054/3257/3054 
f 698/706/698 2100/2178/2100 1295/1322/1295 
f 1319/1347/1319 2886/3063/2886 1318/1346/1318 
f 863/874/863 2645/2787/2645 904/916/904 
f 2474/2599/2474 3434/3955/3434 2475/2600/2475 
f 2482/2607/2482 1446/1479/1446 2986/3179/2986 
f 481/484/481 1780/1832/1780 1947/2011/1947 
f 2055/2124/2055 3178/3401/3178 3084/3290/3084 
f 1734/1777/1734 1733/1776/1733 3220/3449/3220 
f 1700/1742/1700 2956/3141/2956 3070/3274/3070 
f 3225/3601/3225 580/3117/580 1484/1517/1484 
f 540/544/540 3330/3600/3330 541/545/541 
f 3294/3549/3294 2956/3141/2956 657/662/657 
f 3530/3887/3530 1316/1344/1316 1315/1343/1315 
f 2283/2374/2283 2715/2869/2715 1547/1582/1547 
f 1259/1285/1259 1802/1855/1802 1258/1284/1258 
f 3410/3714/3410 3192/3417/3192 3510/3846/3510 
f 1918/1980/1918 2149/2231/2149 1917/1979/1917 
f 2218/2306/2218 2164/2248/2164 3018/3219/3018 
f 2776/2942/2776 3384/3673/3384 3312/3576/3312 
f 2532/2660/2532 3270/3518/3270 3384/3673/3384 
f 1264/1290/1264 2073/2145/2073 1262/1288/1262 
f 2788/2956/2788 3573/3956/3573 1918/1980/1918 
f 3376/3957/3376 3375/3664/3375 2947/3854/2947 
f 1821/1874/1821 1736/3242/1736 1822/1875/1822 
f 1727/1770/1727 1726/1769/1726 3510/3846/3510 
f 3098/3306/3098 1986/2051/1986 2790/2958/2790 
f 3439/3747/3439 1675/1715/1675 3280/3530/3280 
f 1677/3774/1677 3574/3958/3574 1397/1428/1397 
f 643/647/643 642/646/642 3315/3582/3315 
f 1590/1627/1590 3283/3533/3283 2979/3172/2979 
f 3575/3959/3575 3564/3938/3564 3576/3960/3576 
f 265/267/265 3133/3347/3133 266/268/266 
f 3169/3390/3169 2703/3392/2703 1672/3930/1672 
f 3274/3522/3274 3484/3813/3484 583/587/583 
f 3014/3215/3014 3262/3506/3262 3577/3961/3577 
f 395/398/395 2887/3064/2887 1504/1537/1504 
f 1558/1593/1558 1036/1053/1036 3572/3954/3572 
f 2560/2690/2560 1730/1773/1730 930/942/930 
f 1964/2028/1964 2336/2443/2336 1965/2029/1965 
f 1193/1214/1193 988/1004/988 2056/2125/2056 
f 3042/3245/3042 2997/3196/2997 1114/1134/1114 
f 199/199/199 1206/1261/1206 1205/3962/1205 
f 1130/1150/1130 2029/2098/2029 1131/1151/1131 
f 1243/1267/1243 3571/3953/3571 3141/3358/3141 
f 3118/3328/3118 3117/3327/3117 3344/3617/3344 
f 871/882/871 2734/2892/2734 1863/1917/1863 
f 2632/2769/2632 407/410/407 1232/1255/1232 
f 424/427/424 398/401/398 272/274/272 
f 2179/2265/2179 1168/1188/1168 2254/2343/2254 
f 2677/2824/2677 2711/2865/2711 2410/2532/2410 
f 1957/2021/1957 3249/3490/3249 79/79/79 
f 1886/1943/1886 1097/1115/1097 2123/2201/2123 
f 3198/3423/3198 231/231/231 3383/3672/3383 
f 3265/3511/3265 3282/3532/3282 3156/3963/3156 
f 3517/3859/3517 2045/2114/2045 3154/3374/3154 
f 2073/2145/2073 3335/3607/3335 1262/1288/1262 
f 912/924/912 2358/2471/2358 2963/3148/2963 
f 514/518/514 401/404/401 2049/2118/2049 
f 3571/3953/3571 936/948/936 935/947/935 
f 1242/1266/1242 2787/2955/2787 936/948/936 
f 531/535/531 1791/1844/1791 529/533/529 
f 2451/2575/2451 1143/1163/1143 115/115/115 
f 2946/3127/2946 94/94/94 2598/2730/2598 
f 1141/1161/1141 1205/1227/1205 261/263/261 
f 148/148/148 2303/2397/2303 3342/3615/3342 
f 3377/3666/3377 1880/1937/1880 1485/1518/1485 
f 2098/2176/2098 775/786/775 476/479/476 
f 1110/1129/1110 3267/3964/3267 3140/3355/3140 
f 652/657/652 1399/2470/1399 1387/1418/1387 
f 1906/1964/1906 1907/1965/1907 3537/3896/3537 
f 266/268/266 3339/3612/3339 2516/2644/2516 
f 3223/3452/3223 2581/2712/2581 1800/1853/1800 
f 1343/1372/1343 2365/2479/2365 2113/2191/2113 
f 1720/1763/1720 2548/2678/2548 2176/2262/2176 
f 3578/3965/3578 3522/3868/3522 2531/2659/2531 
f 3077/3281/3077 3579/3966/3579 3580/3967/3580 
f 2192/2279/2192 98/98/98 3223/3452/3223 
f 2938/3119/2938 1013/1030/1013 2958/3143/2958 
f 3563/3937/3563 3581/3968/3581 2959/3144/2959 
f 3098/3306/3098 265/267/265 1987/2052/1987 
f 2606/2738/2606 1913/1975/1913 2139/2220/2139 
f 1108/3969/1108 3434/3742/3434 1917/1979/1917 
f 2132/2212/2132 3582/3970/3582 3583/3971/3583 
f 1509/1542/1509 1457/1490/1457 1123/1143/1123 
f 191/191/191 193/193/193 629/633/629 
f 521/525/521 1073/1090/1073 3365/3649/3365 
f 3453/3773/3453 2583/2714/2583 3584/3972/3584 
f 3140/3973/3140 960/974/960 2556/2686/2556 
f 992/1008/992 3210/3438/3210 3209/3437/3209 
f 402/405/402 403/406/403 2485/2610/2485 
f 1084/1101/1084 46/46/46 614/618/614 
f 3585/3974/3585 1768/1819/1768 3082/3288/3082 
f 2675/2822/2675 276/278/276 801/812/801 
f 467/470/467 1635/1672/1635 468/471/468 
f 2122/3975/2122 3282/3532/3282 2664/3976/2664 
f 2955/3139/2955 2575/2705/2575 2574/2704/2574 
f 3043/3246/3043 3136/3351/3136 935/947/935 
f 3184/3409/3184 2081/2153/2081 2080/2152/2080 
f 2594/2726/2594 1650/1688/1650 1817/1870/1817 
f 1036/1053/1036 1286/1312/1286 967/981/967 
f 3586/3977/3586 3210/3438/3210 3354/3632/3354 
f 1952/2016/1952 2111/2189/2111 1950/2014/1950 
f 188/188/188 190/190/190 2574/2704/2574 
f 3270/3518/3270 3217/3446/3217 3497/3831/3497 
f 858/869/858 3336/3608/3336 2397/2518/2397 
f 1681/1721/1681 3502/3838/3502 1682/1722/1682 
f 2225/2313/2225 375/378/375 374/377/374 
f 2398/2519/2398 3512/3850/3512 858/869/858 
f 1223/1246/1223 2242/2330/2242 1224/1247/1224 
f 1129/1149/1129 2193/2280/2193 2710/2864/2710 
f 1264/1290/1264 2744/2902/2744 1329/1358/1329 
f 1485/1518/1485 1880/1937/1880 1879/1936/1879 
f 1728/1771/1728 3339/3612/3339 3391/3683/3391 
f 1151/1171/1151 1150/1170/1150 3087/3293/3087 
f 503/506/503 730/741/730 732/743/732 
f 1088/1105/1088 2163/2247/2163 1089/1106/1089 
f 3587/3978/3587 3469/3979/3469 3481/3810/3481 
f 2116/2194/2116 1009/1026/1009 1747/1797/1747 
f 2857/3033/2857 3484/3813/3484 3274/3522/3274 
f 3588/3980/3588 3093/3301/3093 477/480/477 
f 2198/2285/2198 750/761/750 749/760/749 
f 1508/1541/1508 1083/1100/1083 1082/1099/1082 
f 205/205/205 1651/1689/1651 615/619/615 
f 2336/2443/2336 85/85/85 3364/3648/3364 
f 549/553/549 480/483/480 1804/1857/1804 
f 2319/3981/2319 131/2132/131 1908/2131/1908 
f 1852/1906/1852 2289/2380/2289 2290/2382/2290 
f 2644/2786/2644 501/504/501 2643/2785/2643 
f 357/360/357 3589/3982/3589 358/361/358 
f 3073/3277/3073 2880/3057/2880 2576/2706/2576 
f 15/15/15 844/855/844 13/13/13 
f 1134/1154/1134 1032/1049/1032 3234/3469/3234 
f 2565/3983/2565 877/888/877 1027/2579/1027 
f 1517/1550/1517 3590/3984/3590 43/43/43 
f 3591/3985/3591 1439/1472/1439 1834/1887/1834 
f 1034/1051/1034 722/731/722 3179/3402/3179 
f 3592/3986/3592 3106/3480/3106 3240/3479/3240 
f 3314/3581/3314 3593/3987/3593 2906/3084/2906 
f 3494/3827/3494 1284/1310/1284 1283/1309/1283 
f 2744/2902/2744 3407/3708/3407 3541/3903/3541 
f 3058/3262/3058 3057/3261/3057 3020/3221/3020 
f 3369/3654/3369 3186/3411/3186 2960/3145/2960 
f 1148/1168/1148 1795/1848/1795 1794/1847/1794 
f 619/623/619 2866/3043/2866 2598/2730/2598 
f 452/455/452 454/457/454 1756/1806/1756 
f 1921/1983/1921 2632/2769/2632 1316/1344/1316 
f 314/317/314 40/1113/40 284/286/284 
f 2119/2197/2119 1102/1120/1102 1101/1119/1101 
f 3109/3319/3109 2264/2353/2264 733/744/733 
f 26/26/26 60/60/60 27/27/27 
f 3103/3312/3103 1472/1505/1472 2872/3049/2872 
f 1399/2470/1399 652/657/652 2256/2345/2256 
f 3594/3988/3594 1082/1099/1082 3491/3824/3491 
f 2363/2477/2363 1102/1120/1102 2362/2476/2362 
f 2116/2194/2116 1747/1797/1747 2627/2761/2627 
f 2057/2126/2057 848/859/848 1818/1871/1818 
f 1366/1397/1366 325/328/325 821/832/821 
f 3558/3989/3558 3595/3990/3595 812/823/812 
f 3059/3263/3059 1110/3900/1110 1109/3295/1109 
f 2910/3991/2910 3308/3570/3308 428/431/428 
f 2709/2863/2709 2708/2862/2708 3329/3599/3329 
f 3515/3855/3515 2712/3689/2712 1920/1982/1920 
f 2398/2519/2398 3173/3395/3173 3454/3775/3454 
f 1497/1530/1497 1499/1532/1499 438/441/438 
f 404/407/404 2112/2190/2112 649/654/649 
f 1023/1040/1023 1025/1042/1025 1171/1191/1171 
f 524/528/524 2467/2592/2467 3102/3311/3102 
f 3113/3323/3113 3363/3645/3363 3192/3417/3192 
f 2582/2713/2582 2077/2149/2077 2076/2148/2076 
f 845/856/845 2215/2303/2215 3553/3922/3553 
f 2885/3062/2885 1895/1953/1895 1894/1952/1894 
f 3596/3992/3596 802/813/802 748/759/748 
f 1660/1698/1660 1556/1591/1556 10/10/10 
f 2114/2192/2114 441/444/441 3132/3346/3132 
f 3268/3516/3268 3267/3515/3267 3059/3263/3059 
f 1905/1963/1905 1643/1680/1643 2940/3121/2940 
f 1035/1052/1035 1606/1643/1606 3320/3588/3320 
f 1330/1359/1330 2824/2996/2824 3300/3558/3300 
f 498/501/498 1825/1878/1825 499/502/499 
f 591/595/591 590/594/590 885/896/885 
f 550/554/550 1311/1339/1311 1313/1341/1313 
f 3512/3850/3512 595/599/595 858/869/858 
f 1242/1266/1242 3458/3780/3458 1706/1748/1706 
f 1991/3993/1991 2347/2856/2347 1066/1083/1066 
f 2109/2187/2109 1863/1917/1863 1862/1916/1862 
f 391/394/391 2615/2747/2615 389/392/389 
f 2233/2321/2233 2916/3094/2916 1661/3465/1661 
f 2517/2645/2517 1112/1131/1112 2737/2895/2737 
f 2378/2493/2378 3038/3240/3038 2982/3175/2982 
f 435/438/435 693/701/693 696/704/696 
f 3054/3257/3054 3411/3715/3411 3052/3255/3052 
f 1628/1665/1628 2534/2662/2534 3091/3299/3091 
f 2641/2781/2641 3376/3834/3376 2642/2782/2642 
f 2642/2782/2642 3376/3834/3376 3155/3375/3155 
f 3371/3659/3371 3358/3639/3358 3372/3660/3372 
f 3480/3809/3480 3539/3899/3539 3385/3674/3385 
f 1628/1665/1628 3091/3299/3091 1629/1666/1629 
f 905/917/905 1816/1869/1816 3534/3893/3534 
f 2214/2302/2214 2213/2301/2213 3597/3994/3597 
f 3171/3393/3171 3173/3395/3173 3425/3732/3425 
f 3468/3796/3468 3385/3674/3385 3539/3899/3539 
f 594/598/594 2605/2737/2605 2926/3104/2926 
f 2914/3092/2914 3091/3299/3091 2534/2662/2534 
f 2752/2910/2752 2964/3149/2964 479/482/479 
f 3116/3326/3116 1994/2060/1994 3117/3327/3117 
f 2274/2365/2274 1740/1787/1740 3416/3721/3416 
f 3093/3301/3093 3588/3980/3588 3540/3995/3540 
f 2095/2173/2095 1327/1355/1327 3598/3996/3598 
f 1923/1985/1923 1924/1986/1924 2695/2845/2695 
f 173/173/173 175/175/175 2073/2145/2073 
f 1360/1391/1360 1856/1910/1856 1361/1392/1361 
f 1939/3901/1939 1665/1704/1665 3528/3879/3528 
f 3537/3896/3537 3076/3280/3076 3016/3217/3016 
f 990/1006/990 206/206/206 2846/3022/2846 
f 458/461/458 603/607/603 1947/2011/1947 
f 3503/3839/3503 1098/1116/1098 1631/1668/1631 
f 1280/1306/1280 702/710/702 3032/3234/3032 
f 1099/1117/1099 3162/3383/3162 1665/1704/1665 
f 3599/3997/3599 3600/3998/3600 1119/1139/1119 
f 266/268/266 3133/3347/3133 3391/3683/3391 
f 3571/3953/3571 1243/1267/1243 936/948/936 
f 3089/3297/3089 2488/2613/2488 1433/1466/1433 
f 3483/3812/3483 2196/2283/2196 583/587/583 
f 155/155/155 779/790/779 153/153/153 
f 1013/1030/1013 2938/3119/2938 1014/1031/1014 
f 750/761/750 2198/2285/2198 3324/3593/3324 
f 815/826/815 1344/1373/1344 1295/1322/1295 
f 3575/3959/3575 3033/3235/3033 3523/3869/3523 
f 2799/2967/2799 3286/3537/3286 3601/3999/3601 
f 2350/2461/2350 2513/2641/2513 2351/2462/2351 
f 1417/1449/1417 1227/1250/1227 108/108/108 
f 2790/2958/2790 2792/2960/2792 3455/3777/3455 
f 1101/1119/1101 1655/1693/1655 2118/2196/2118 
f 1989/3947/1989 1405/1436/1405 2495/4000/2495 
f 3510/3846/3510 1726/1769/1726 3512/3850/3512 
f 3216/3444/3216 1787/1839/1787 3292/4001/3292 
f 1923/1985/1923 2987/3180/2987 778/789/778 
f 3602/4002/3602 307/310/307 306/309/306 
f 316/319/316 1737/1783/1737 1577/1736/1577 
f 3077/3281/3077 3537/3896/3537 1907/1965/1907 
f 177/177/177 3292/4001/3292 1787/1839/1787 
f 178/178/178 2081/2153/2081 3603/4003/3603 
f 2500/2625/2500 2179/2265/2179 2957/3142/2957 
f 595/599/595 3512/3850/3512 1726/1769/1726 
f 1769/1820/1769 2440/2563/2440 2199/2286/2199 
f 2935/3115/2935 3006/3512/3006 301/304/301 
f 2143/2224/2143 2759/2921/2759 2141/2222/2141 
f 1352/1381/1352 691/699/691 884/895/884 
f 1740/1787/1740 764/775/764 3416/3721/3416 
f 1612/1649/1612 144/144/144 2204/2292/2204 
f 477/480/477 1772/4004/1772 3588/3980/3588 
f 299/302/299 639/643/639 959/972/959 
f 1327/1355/1327 3228/3458/3228 1325/1353/1325 
f 1772/1823/1772 3550/4005/3550 3588/4006/3588 
f 1095/1112/1095 316/319/316 1694/1735/1694 
f 1438/1471/1438 1873/1928/1873 1436/1469/1436 
f 2565/3983/2565 559/2463/559 877/888/877 
f 73/73/73 1669/1708/1669 1670/1709/1670 
f 1886/1943/1886 1885/1942/1885 1632/1669/1632 
f 3167/3388/3167 3033/3235/3033 3604/4007/3604 
f 683/691/683 679/4008/679 684/692/684 
f 1049/1066/1049 2587/2719/2587 1717/1760/1717 
f 879/890/879 1187/1208/1187 1186/1207/1186 
f 2434/2557/2434 1048/1065/1048 1050/1067/1050 
f 3010/3211/3010 597/601/597 596/600/596 
f 2575/2705/2575 1588/1625/1588 147/147/147 
f 236/236/236 235/235/235 925/937/925 
f 2790/2958/2790 534/538/534 3098/3306/3098 
f 3/3/3 2522/2650/2522 1802/1855/1802 
f 2623/2756/2623 553/557/553 555/559/555 
f 2557/2687/2557 965/979/965 2613/2745/2613 
f 265/267/265 3098/3306/3098 533/537/533 
f 2296/2388/2296 3248/3489/3248 882/893/882 
f 1108/1127/1108 2149/4009/2149 1109/1128/1109 
f 86/86/86 2312/2411/2312 87/87/87 
f 3097/3305/3097 2600/2732/2600 2599/2731/2599 
f 2859/3035/2859 1526/1559/1526 1354/1384/1354 
f 2593/4010/2593 667/1124/667 669/4011/669 
f 1584/1621/1584 1583/1620/1583 2455/2580/2455 
f 2023/4012/2023 1522/1555/1522 1175/1195/1175 
f 2732/2889/2732 2760/2922/2760 2733/2890/2733 
f 3605/4013/3605 1571/1607/1571 2291/2383/2291 
f 3095/3303/3095 3/3/3 3542/3905/3542 
f 3/3/3 3095/3303/3095 1/1/1 
f 2336/2443/2336 3551/3918/3551 2337/2444/2337 
f 3474/3802/3474 3492/3863/3492 3424/4014/3424 
f 1679/1719/1679 2631/4015/2631 2916/3094/2916 
f 365/368/365 3602/4016/3602 306/4017/306 
f 2717/2872/2717 2072/2144/2072 2718/2873/2718 
f 2317/2416/2317 1277/1303/1277 2649/2791/2649 
f 404/407/404 649/654/649 2493/2618/2493 
f 240/240/240 512/1205/512 241/241/241 
f 534/538/534 2790/2958/2790 3455/3777/3455 
f 719/728/719 20/20/20 720/729/720 
f 438/441/438 1499/1532/1499 1081/1098/1081 
f 1005/1022/1005 3418/3724/3418 2124/2202/2124 
f 3053/3256/3053 2879/3056/2879 3502/3838/3502 
f 3606/4018/3606 1918/1980/1918 3573/3956/3573 
f 1675/1715/1675 3010/3211/3010 3280/3530/3280 
f 1262/1288/1262 3335/3607/3335 3250/3491/3250 
f 3511/3848/3511 3607/4019/3607 874/885/874 
f 728/739/728 734/745/734 2613/2745/2613 
f 3099/3307/3099 2885/3062/2885 1894/1952/1894 
f 3289/3541/3289 1701/1743/1701 3206/3432/3206 
f 2039/4020/2039 3516/4021/3516 2592/4022/2592 
f 934/946/934 936/948/936 2787/2955/2787 
f 314/317/314 284/286/284 283/285/283 
f 744/755/744 2000/2067/2000 1547/1582/1547 
f 2787/2955/2787 3500/3836/3500 3573/3956/3573 
f 2614/2746/2614 3129/3343/3129 1003/1020/1003 
f 2318/2417/2318 2317/2416/2317 2804/2973/2804 
f 1813/1866/1813 1409/1441/1409 1408/1440/1408 
f 310/313/310 3466/3790/3466 898/909/898 
f 728/739/728 727/738/727 734/745/734 
f 3582/3970/3582 2679/2826/2679 735/746/735 
f 1739/3011/1739 926/938/926 928/940/928 
f 1269/1295/1269 860/871/860 2234/2322/2234 
f 1727/1770/1727 3339/3612/3339 1728/1771/1728 
f 2629/2764/2629 3575/3959/3575 2609/2741/2609 
f 1333/1362/1333 2204/2292/2204 1334/1363/1334 
f 2350/2461/2350 2511/2639/2511 2513/2641/2513 
f 3252/3493/3252 3406/3707/3406 1263/1289/1263 
f 2606/2738/2606 2139/2220/2139 2140/2221/2140 
f 1059/1076/1059 47/47/47 1050/1067/1050 
f 3497/3831/3497 3313/3577/3313 3312/3576/3312 
f 2728/2884/2728 1766/1817/1766 897/908/897 
f 3608/4023/3608 3609/4024/3609 3610/4025/3610 
f 2026/2094/2026 2031/2100/2031 3402/3701/3402 
f 1673/3019/1673 2844/3018/2844 3494/3827/3494 
f 402/405/402 169/169/169 168/168/168 
f 1183/1203/1183 1567/1603/1567 1195/1216/1195 
f 3374/3662/3374 2948/3130/2948 2842/3016/2842 
f 3037/3239/3037 3509/3845/3509 2103/2181/2103 
f 394/397/394 2019/2087/2019 2395/2514/2395 
f 3442/3753/3442 918/930/918 3279/3529/3279 
f 1879/1936/1879 2737/2895/2737 1483/1516/1483 
f 917/929/917 919/931/919 2089/2165/2089 
f 521/525/521 523/527/523 1073/1090/1073 
f 3611/4026/3611 1302/1330/1302 1607/1644/1607 
f 1343/1372/1343 2382/2498/2382 1341/1370/1341 
f 2753/2911/2753 3090/3298/3090 2754/2912/2754 
f 3612/4027/3612 3613/4028/3613 636/640/636 
f 2060/2129/2060 2234/2322/2234 2233/2321/2233 
f 2870/3047/2870 3527/3878/3527 3614/4029/3614 
f 3469/3797/3469 3244/3485/3244 3243/3484/3243 
f 222/222/222 368/371/368 223/223/223 
f 2378/2493/2378 3064/3268/3064 3615/4030/3615 
f 3366/3650/3366 2450/2574/2450 3616/4031/3616 
f 133/133/133 132/132/132 406/409/406 
f 2027/2095/2027 451/454/451 1133/1153/1133 
f 3256/3498/3256 2381/2497/2381 2538/2667/2538 
f 224/224/224 1133/1153/1133 1808/1861/1808 
f 165/165/165 741/752/741 84/84/84 
f 2537/2665/2537 3617/4032/3617 2354/3596/2354 
f 1200/1222/1200 1199/1221/1199 2655/2798/2655 
f 1426/1458/1426 2725/2880/2725 1693/1734/1693 
f 2838/3010/2838 2627/2761/2627 2626/2760/2626 
f 3337/3610/3337 752/4033/752 751/2815/751 
f 805/816/805 782/793/782 781/792/781 
f 937/949/937 3180/3405/3180 938/950/938 
f 757/768/757 460/463/460 758/769/758 
f 1364/1395/1364 1363/1394/1363 2580/2711/2580 
f 2702/2977/2702 2491/2616/2491 2806/2975/2806 
f 1125/1145/1125 1532/1565/1532 947/959/947 
f 1494/1527/1494 2568/2698/2568 2969/3158/2969 
f 1058/1075/1058 489/492/489 32/32/32 
f 3618/4034/3618 3619/4035/3619 2439/2562/2439 
f 614/618/614 722/731/722 2861/3037/2861 
f 2011/2079/2011 1735/1778/1735 1734/1777/1734 
f 3620/4036/3620 1928/3847/1928 279/281/279 
f 1986/2051/1986 630/634/630 3596/3992/3596 
f 1966/2792/1966 17/17/17 16/16/16 
f 3621/4037/3621 3619/4035/3619 1105/1123/1105 
f 839/850/839 838/849/838 319/322/319 
f 1039/1056/1039 2525/2653/2525 1037/1054/1037 
f 2750/2908/2750 208/208/208 2749/2907/2749 
f 149/149/149 3342/3615/3342 188/188/188 
f 1839/1893/1839 3605/4013/3605 1799/1852/1799 
f 2066/2138/2066 866/877/866 865/876/865 
f 971/985/971 973/987/973 3460/3783/3460 
f 1527/1560/1527 3308/3570/3308 3622/4038/3622 
f 2528/3952/2528 3434/3955/3434 2474/2599/2474 
f 1142/1162/1142 1141/1161/1141 260/262/260 
f 2005/2072/2005 877/888/877 2352/2464/2352 
f 995/1012/995 1578/1615/1578 2006/2073/2006 
f 3074/3278/3074 2826/2998/2826 2923/3101/2923 
f 1115/1135/1115 956/969/956 425/428/425 
f 417/420/417 401/404/401 400/403/400 
f 2128/2206/2128 2127/2205/2127 1100/1118/1100 
f 1735/1778/1735 2011/2079/2011 2010/2078/2010 
f 88/88/88 90/90/90 39/39/39 
f 3579/3966/3579 1907/1965/1907 2744/2902/2744 
f 2132/2212/2132 2134/2214/2134 3582/3970/3582 
f 1015/1032/1015 3301/3559/3301 1345/1374/1345 
f 2475/2600/2475 3434/3955/3434 1108/1127/1108 
f 2058/2127/2058 3021/3222/3021 2059/2128/2059 
f 1766/1817/1766 1465/2219/1465 898/909/898 
f 1524/1557/1524 1526/1559/1526 2858/3034/2858 
f 840/851/840 1007/1024/1007 2109/2187/2109 
f 142/142/142 496/499/496 495/498/495 
f 3182/3407/3182 2811/2982/2811 3181/3406/3181 
f 3139/3354/3139 2475/2600/2475 1110/1129/1110 
f 2648/2790/2648 1812/1865/1812 2837/3009/2837 
f 1595/1632/1595 1597/1634/1597 1554/1589/1554 
f 3100/3308/3100 933/945/933 932/944/932 
f 427/430/427 426/429/426 986/1001/986 
f 2692/2842/2692 2694/2844/2694 204/204/204 
f 1243/1267/1243 3076/3280/3076 3075/3279/3075 
f 1714/1757/1714 2416/3523/2416 1715/1758/1715 
f 3318/3586/3318 1704/1746/1704 1703/1745/1703 
f 3468/3796/3468 3539/3899/3539 2577/2707/2577 
f 1189/1210/1189 3303/3561/3303 2185/2271/2185 
f 3596/3992/3596 630/634/630 802/813/802 
f 1673/1712/1673 3529/3884/3529 1642/1713/1642 
f 3580/3967/3580 811/822/811 3623/4039/3623 
f 3009/3210/3009 2534/2662/2534 1628/1665/1628 
f 2425/2548/2425 2540/2669/2540 2841/4040/2841 
f 3141/3358/3141 3571/3953/3571 3136/3351/3136 
f 1973/2037/1973 2911/3089/2911 3408/3711/3408 
f 2931/3111/2931 785/796/785 784/795/784 
f 2320/2421/2320 2321/2422/2321 3092/3300/3092 
f 1809/1862/1809 1814/1867/1814 2277/2368/2277 
f 3601/3999/3601 1686/1726/1686 2799/2967/2799 
f 3390/3679/3390 2491/2616/2491 1748/1798/1748 
f 2514/2642/2514 3557/3927/3557 3604/4007/3604 
f 2249/2338/2249 1130/1150/1130 1042/1059/1042 
f 595/599/595 597/601/597 858/869/858 
f 2092/2170/2092 633/637/633 1667/1706/1667 
f 2765/2928/2765 479/482/479 1284/1310/1284 
f 601/605/601 1584/1621/1584 1669/1708/1669 
f 1303/1331/1303 3178/3401/3178 3290/3542/3290 
f 929/941/929 931/943/931 1819/1872/1819 
f 2774/2940/2774 2752/2910/2752 478/481/478 
f 1016/1033/1016 946/958/946 945/957/945 
f 359/362/359 1047/1064/1047 1831/1884/1831 
f 3605/4013/3605 1394/1425/1394 1799/1852/1799 
f 1444/1477/1444 2244/4041/2244 635/639/635 
f 3188/3413/3188 3392/3684/3392 2307/2404/2307 
f 2116/2194/2116 2115/2193/2115 1009/1026/1009 
f 532/536/532 2342/2449/2342 533/537/533 
f 468/471/468 1635/1672/1635 3456/3778/3456 
f 1242/1266/1242 3500/3836/3500 2787/2955/2787 
f 1242/1266/1242 1707/1749/1707 3500/3836/3500 
f 651/656/651 3471/3799/3471 1383/1414/1383 
f 3324/3593/3324 2198/2285/2198 2197/2284/2197 
f 2500/2625/2500 2957/3142/2957 1757/1807/1757 
f 1682/1722/1682 1231/1254/1231 3343/3616/3343 
f 1758/1808/1758 491/494/491 490/493/490 
f 3559/4042/3559 2721/2876/2721 1374/3816/1374 
f 3579/3966/3579 3077/3281/3077 1907/1965/1907 
f 491/494/491 1758/1808/1758 1757/1807/1757 
f 2095/2173/2095 3598/3996/3598 2096/2174/2096 
f 3343/3616/3343 2933/3113/2933 3344/3617/3344 
f 532/536/532 3352/3630/3352 3624/4043/3624 
f 1723/1766/1723 3625/4044/3625 2998/3197/2998 
f 2810/2981/2810 3118/3328/3118 2932/3112/2932 
f 1064/1081/1064 1066/1083/1066 1822/1875/1822 
f 2103/2181/2103 3067/3271/3067 3037/3239/3037 
f 2719/2874/2719 2156/2240/2156 2720/2875/2720 
f 212/212/212 1566/1602/1566 1340/1369/1340 
f 1196/1217/1196 2782/2948/2782 3440/3748/3440 
f 3550/4045/3550 2665/4046/2665 1938/4047/1938 
f 2744/2902/2744 3541/3903/3541 3579/3966/3579 
f 3626/4048/3626 1248/3657/1248 3265/3511/3265 
f 496/4049/496 1248/4050/1248 3626/4051/3626 
f 1671/1710/1671 1143/1163/1143 1145/1165/1145 
f 2510/2638/2510 1979/2044/1979 1978/2043/1978 
f 3498/3832/3498 3483/3812/3483 3484/3813/3484 
f 3606/4018/3606 3627/4052/3627 1918/1980/1918 
f 3329/3599/3329 1561/1596/1561 1458/1491/1458 
f 1999/2066/1999 743/754/743 975/989/975 
f 1871/1926/1871 3395/3688/3395 2025/2093/2025 
f 2909/3087/2909 3245/4053/3245 3622/4054/3622 
f 296/298/296 298/300/298 1191/1212/1191 
f 3628/4055/3628 978/4056/978 1689/1730/1689 
f 2276/2367/2276 793/804/793 499/502/499 
f 3023/3224/3023 676/682/676 2386/4057/2386 
f 1242/1266/1242 1243/1267/1243 3458/3780/3458 
f 803/814/803 1464/1497/1464 893/904/893 
f 2813/2984/2813 2662/2805/2662 2946/3127/2946 
f 1588/1625/1588 1043/1060/1043 1589/1626/1589 
f 3629/4058/3629 486/489/486 1061/1078/1061 
f 2052/2121/2052 2922/3100/2922 2096/2174/2096 
f 2738/2896/2738 3630/4059/3630 414/417/414 
f 2520/2648/2520 3601/3999/3601 2518/2646/2518 
f 2435/2558/2435 1086/1103/1086 3258/3500/3258 
f 766/777/766 2389/2507/2389 346/349/346 
f 722/731/722 356/359/356 1435/1468/1435 
f 704/713/704 557/1133/557 556/711/556 
f 3631/4060/3631 3158/3379/3158 3443/3758/3443 
f 1517/1550/1517 1331/1360/1331 3590/3984/3590 
f 3133/3347/3133 533/537/533 2342/2449/2342 
f 572/576/572 324/327/324 628/632/628 
f 3176/3398/3176 2346/2455/2346 3632/4061/3632 
f 1394/1425/1394 1396/1427/1396 1799/1852/1799 
f 496/499/496 3626/4062/3626 3157/3377/3157 
f 2317/2416/2317 2649/2791/2649 3197/3422/3197 
f 779/790/779 1812/1865/1812 153/153/153 
f 109/2207/109 2580/2711/2580 110/4063/110 
f 415/418/415 2578/2708/2578 413/416/413 
f 1319/1347/1319 1600/1637/1600 1895/1953/1895 
f 1415/1447/1415 1581/1618/1581 760/771/760 
f 860/871/860 1270/1296/1270 339/342/339 
f 2538/2667/2538 1778/3357/1778 2533/2661/2533 
f 1779/1831/1779 2701/2851/2701 789/800/789 
f 3206/3432/3206 3205/3431/3205 1301/1329/1301 
f 1802/1855/1802 1803/1856/1803 3542/3905/3542 
f 2961/3146/2961 3563/3937/3563 2959/3144/2959 
f 962/976/962 961/975/961 3351/3628/3351 
f 2867/3044/2867 2866/3043/2866 1648/1685/1648 
f 3513/3852/3513 3232/3464/3232 1970/2034/1970 
f 3540/3902/3540 3588/4006/3588 1939/3901/1939 
f 1148/1168/1148 1147/1167/1147 1692/1733/1692 
f 1566/1602/1566 1903/1961/1903 1340/1369/1340 
f 939/951/939 1586/1623/1586 1979/2044/1979 
f 3356/3637/3356 931/943/931 1730/1773/1730 
f 939/951/939 1979/2044/1979 497/500/497 
f 410/2096/410 1079/1096/1079 1885/1942/1885 
f 3582/3970/3582 735/746/735 432/435/432 
f 3633/4064/3633 2707/2861/2707 3634/4065/3634 
f 3544/3907/3544 3436/3744/3436 1841/1895/1841 
f 2176/2262/2176 2548/2678/2548 2547/2677/2547 
f 1631/1668/1631 1859/1913/1859 2909/3087/2909 
f 1393/1424/1393 1275/1301/1275 1572/1608/1572 
f 107/107/107 110/110/110 2429/2552/2429 
f 2467/2592/2467 3019/3220/3019 3102/3311/3102 
f 3635/4066/3635 2894/3071/2894 2827/2999/2827 
f 1278/1304/1278 3466/3790/3466 42/42/42 
f 1097/1115/1097 1886/1943/1886 1632/1669/1632 
f 73/73/73 1670/1709/1670 74/74/74 
f 34/34/34 2696/2846/2696 2697/2847/2697 
f 3098/3306/3098 534/538/534 533/537/533 
f 1322/1350/1322 1324/1352/1324 1019/1036/1019 
f 3612/4027/3612 1231/1254/1231 1230/1253/1230 
f 2577/2707/2577 3052/3255/3052 3468/3796/3468 
f 2793/2961/2793 1553/1588/1553 1552/1587/1552 
f 3303/3561/3303 1189/1210/1189 1188/1209/1188 
f 2718/2873/2718 2064/2136/2064 1261/1287/1261 
f 1705/1747/1705 3597/3994/3597 3013/3214/3013 
f 2641/3776/2641 2555/2685/2555 2011/2079/2011 
f 756/767/756 755/766/755 246/248/246 
f 1887/1944/1887 3470/3798/3470 814/825/814 
f 209/209/209 211/211/211 2887/3064/2887 
f 88/88/88 39/39/39 38/38/38 
f 3592/3986/3592 3240/3479/3240 2327/4067/2327 
f 491/494/491 1757/1807/1757 783/794/783 
f 2063/2135/2063 1491/1524/1491 1493/1526/1493 
f 650/655/650 3239/3475/3239 651/656/651 
f 2862/3039/2862 2711/2865/2711 3633/4064/3633 
f 3140/3355/3140 2556/2783/2556 2642/2782/2642 
f 398/401/398 2958/3143/2958 272/274/272 
f 3346/3619/3346 636/640/636 3636/4068/3636 
f 2093/2171/2093 467/470/467 3637/4069/3637 
f 1272/4070/1272 1291/1318/1291 1273/1317/1273 
f 912/924/912 1407/1439/1407 2358/2471/2358 
f 1054/1071/1054 3130/3344/3130 3129/3343/3129 
f 66/66/66 1123/1143/1123 1457/1490/1457 
f 3028/3230/3028 2987/3180/2987 1245/1269/1245 
f 1938/2810/1938 2123/2201/2123 1666/1705/1666 
f 1477/1510/1477 2126/2204/2126 2340/2447/2340 
f 2252/2341/2252 2251/2340/2251 1313/1341/1313 
f 1997/2063/1997 717/726/717 1998/2064/1998 
f 991/1007/991 1356/1386/1356 992/1008/992 
f 553/557/553 1326/1354/1326 554/558/554 
f 2941/3122/2941 1686/1726/1686 1685/1725/1685 
f 1186/1207/1186 1901/1959/1901 1518/1551/1518 
f 3323/3592/3323 3517/3859/3517 2623/2756/2623 
f 2175/2261/2175 1833/1886/1833 3416/3721/3416 
f 31/31/31 2478/2603/2478 2477/2602/2477 
f 701/709/701 2971/3160/2971 1728/1771/1728 
f 3433/3741/3433 3449/3766/3449 2272/2363/2272 
f 2447/2570/2447 465/2572/465 2323/2930/2323 
f 1726/1769/1726 1728/1771/1728 1925/1987/1925 
f 1592/1629/1592 663/668/663 3260/3502/3260 
f 3394/3686/3394 1583/1620/1583 2323/2930/2323 
f 3352/3630/3352 534/538/534 3455/3777/3455 
f 596/600/596 595/599/595 1925/1987/1925 
f 2052/2121/2052 2096/2174/2096 2883/3060/2883 
f 1772/1823/1772 1774/1825/1774 411/1829/411 
f 2658/2801/2658 2733/3682/2733 560/564/560 
f 809/820/809 3580/3967/3580 3579/3966/3579 
f 3394/3686/3394 955/968/955 2455/2580/2455 
f 1043/1060/1043 1588/1625/1588 1044/1061/1044 
f 1636/1673/1636 1635/1672/1635 2093/2171/2093 
f 3606/4018/3606 3638/4071/3638 3627/4052/3627 
f 2687/2837/2687 3638/4071/3638 3606/4018/3606 
f 701/709/701 1728/1771/1728 3391/3683/3391 
f 725/736/725 198/735/198 2736/3455/2736 
f 3073/3277/3073 2578/2708/2578 3563/3937/3563 
f 838/849/838 2896/3073/2896 3483/3812/3483 
f 3107/3317/3107 1694/3378/1694 2586/3690/2586 
f 3176/3398/3176 1617/2456/1617 2346/2455/2346 
f 2179/2265/2179 2500/2625/2500 1168/1188/1168 
f 3199/3424/3199 181/181/181 538/542/538 
f 471/474/471 473/476/473 3530/3887/3530 
f 357/360/357 613/617/613 1348/1377/1348 
f 3547/4072/3547 579/3580/579 1064/3579/1064 
f 172/172/172 171/171/171 1353/1459/1353 
f 3598/3996/3598 2624/2757/2624 2883/3060/2883 
f 3406/3707/3406 2912/3090/2912 2252/2341/2252 
f 3639/4073/3639 763/774/763 3524/3873/3524 
f 3252/3493/3252 3251/3492/3251 2912/3090/2912 
f 746/757/746 3584/3972/3584 3640/4074/3640 
f 1307/1335/1307 1603/1640/1603 343/346/343 
f 2797/2965/2797 412/415/412 2408/2529/2408 
f 2438/2561/2438 2563/2693/2563 3618/4034/3618 
f 3608/4023/3608 3610/4025/3610 2374/2489/2374 
f 2506/2632/2506 1774/1825/1774 1773/1824/1773 
f 2859/3035/2859 3003/3204/3003 3498/3832/3498 
f 272/274/272 2958/3143/2958 1013/1030/1013 
f 289/291/289 1466/1499/1466 290/292/290 
f 1556/1591/1556 3572/3954/3572 10/10/10 
f 1828/1881/1828 1829/1882/1829 3482/3811/3482 
f 2476/2601/2476 2573/2703/2573 2690/2840/2690 
f 171/1383/171 3004/3205/3004 1354/1384/1354 
f 2090/2167/2090 2343/2451/2343 1751/2168/1751 
f 3641/4075/3641 2199/2286/2199 3642/4076/3642 
f 3309/3571/3309 396/399/396 3496/3830/3496 
f 3269/3517/3269 3409/3712/3409 1587/1624/1587 
f 1536/1570/1536 2322/2424/2322 8/8/8 
f 170/170/170 2206/4077/2206 3004/3433/3004 
f 1770/1821/1770 3025/4078/3025 2023/2091/2023 
f 1238/1262/1238 3198/3423/3198 1239/1263/1239 
f 2896/3073/2896 2196/2283/2196 3483/3812/3483 
f 3073/3277/3073 2923/3101/2923 2880/3057/2880 
f 1179/1199/1179 1435/1468/1435 1180/1200/1180 
f 3453/3773/3453 2530/2658/2530 2583/2714/2583 
f 3606/4018/3606 3500/3836/3500 2687/2837/2687 
f 3250/3491/3250 857/868/857 3251/3492/3251 
f 2009/2077/2009 3351/3628/3351 2297/2389/2297 
f 1761/1811/1761 3560/4079/3560 2881/4080/2881 
f 103/103/103 2372/2487/2372 104/104/104 
f 3569/3948/3569 2456/2581/2456 956/969/956 
f 1674/1714/1674 2250/2339/2250 2913/3091/2913 
f 2966/3151/2966 1981/2046/1981 1980/2045/1980 
f 2378/2493/2378 2982/3175/2982 2376/2491/2376 
f 3174/3396/3174 2553/2683/2553 3175/3397/3175 
f 2529/2657/2529 259/261/259 1919/1981/1919 
f 2187/2274/2187 2540/4081/2540 875/2272/875 
f 493/4082/493 2505/4083/2505 2807/4084/2807 
f 1618/1655/1618 2154/2237/2154 2295/2387/2295 
f 207/207/207 1389/1420/1389 3643/4085/3643 
f 421/424/421 1796/1849/1796 3495/3828/3495 
f 1204/1226/1204 3644/4086/3644 2779/2945/2779 
f 3299/3557/3299 895/4087/895 894/3038/894 
f 1236/3538/1236 685/4088/685 684/3553/684 
f 2665/2809/2665 1772/1823/1772 411/1829/411 
f 1668/1707/1668 1589/1626/1589 551/555/551 
f 639/643/639 516/4089/516 1234/1257/1234 
f 3569/3948/3569 977/992/977 1442/1475/1442 
f 1118/1138/1118 2338/2445/2338 2111/2189/2111 
f 2436/2559/2436 2394/2513/2394 3514/3853/3514 
f 1470/1503/1470 1472/1505/1472 3645/4090/3645 
f 3277/3910/3277 3565/3939/3565 3400/3697/3400 
f 1961/3155/1961 780/791/780 3134/3348/3134 
f 3102/3311/3102 3645/4090/3645 3422/3728/3422 
f 341/344/341 599/603/599 342/345/342 
f 2295/4091/2295 1908/1967/1908 9/9/9 
f 3145/3363/3145 194/194/194 196/196/196 
f 1478/1511/1478 1480/1513/1480 1718/1761/1718 
f 1134/1154/1134 1033/1050/1033 1032/1049/1032 
f 3274/3522/3274 3273/3521/3273 2857/3033/2857 
f 1622/1659/1622 337/340/337 1270/1296/1270 
f 2907/3085/2907 2865/3042/2865 2908/3086/2908 
f 3255/3496/3255 3254/3495/3254 2133/2213/2133 
f 3364/3872/3364 2290/2382/2290 1965/2381/1965 
f 2072/2144/2072 434/437/434 1409/1441/1409 
f 1108/3969/1108 1917/1979/1917 2149/2231/2149 
f 2957/3142/2957 2179/2265/2179 2178/2264/2178 
f 2670/2816/2670 3646/4092/3646 1225/1248/1225 
f 532/536/532 534/538/534 3352/3630/3352 
f 1058/1075/1058 32/32/32 2761/2923/2761 
f 2691/2841/2691 196/196/196 195/195/195 
f 838/849/838 3483/3812/3483 3498/3832/3498 
f 3455/3777/3455 2792/2960/2792 3456/3778/3456 
f 2196/2283/2196 2896/3073/2896 2197/2284/2197 
f 3629/4093/3629 3574/3958/3574 2183/4094/2183 
f 1837/1891/1837 2460/2585/2460 3094/3627/3094 
f 1325/1353/1325 3009/3210/3009 3641/4075/3641 
f 3612/4027/3612 1230/1253/1230 2827/2999/2827 
f 2015/2083/2015 504/507/504 291/293/291 
f 2328/2431/2328 1498/1531/1498 1497/1530/1497 
f 1379/1410/1379 1380/1411/1380 2856/3032/2856 
f 3391/3683/3391 2341/2448/2341 3032/3234/3032 
f 3647/4095/3647 1462/1495/1462 3405/3705/3405 
f 2912/3090/2912 3251/3492/3251 2913/3091/2913 
f 2009/2077/2009 2555/2685/2555 3351/3628/3351 
f 3475/3803/3475 3477/3805/3477 3147/3365/3147 
f 453/456/453 3548/3914/3548 1166/1186/1166 
f 376/379/376 1359/1390/1359 3440/3748/3440 
f 69/69/69 699/707/699 2715/2869/2715 
f 3314/3581/3314 2906/3084/2906 643/647/643 
f 737/748/737 2596/2728/2596 1212/1235/1212 
f 2885/3062/2885 3587/3978/3587 2886/3063/2886 
f 3092/3300/3092 2321/2422/2321 1400/1431/1400 
f 1050/1067/1050 2755/2915/2755 2434/2557/2434 
f 1094/1111/1094 2999/3200/2999 3065/3269/3065 
f 3201/3427/3201 1037/1054/1037 2524/2652/2524 
f 1888/1945/1888 3218/3447/3218 3066/3270/3066 
f 3066/3270/3066 3065/3269/3065 3479/3808/3479 
f 2203/2290/2203 2860/3036/2860 3236/3472/3236 
f 368/371/368 369/372/369 1971/2035/1971 
f 3542/3905/3542 1803/1856/1803 3600/3998/3600 
f 1146/1166/1146 2604/2736/2604 1332/1361/1332 
f 3368/3653/3368 2539/3652/2539 3233/3468/3233 
f 1160/1180/1160 2985/3178/2985 2856/3032/2856 
f 3102/3311/3102 2019/2087/2019 524/528/524 
f 1828/1881/1828 3482/3811/3482 1967/2031/1967 
f 2189/2276/2189 1828/1881/1828 184/184/184 
f 1898/1956/1898 3037/3239/3037 3067/3271/3067 
f 2531/2659/2531 3522/3868/3522 2521/2649/2521 
f 374/377/374 2406/2527/2406 2226/2314/2226 
f 3311/4096/3311 326/329/326 1222/1245/1222 
f 3479/3808/3479 3065/3269/3065 3126/3340/3126 
f 2693/2843/2693 3194/3419/3194 814/825/814 
f 1375/4097/1375 1374/3816/1374 2720/2875/2720 
f 91/91/91 1511/1544/1511 1788/1840/1788 
f 3613/4028/3613 2893/3070/2893 470/473/470 
f 227/227/227 1352/1381/1352 884/895/884 
f 874/885/874 3607/4019/3607 3426/3733/3426 
f 977/992/977 3569/3948/3569 703/712/703 
f 3049/3252/3049 2564/2694/2564 3050/3253/3050 
f 2879/3056/2879 3053/3256/3053 3052/3255/3052 
f 2009/2077/2009 2739/2897/2739 2010/2078/2010 
f 2555/2685/2555 2009/2077/2009 2011/2079/2011 
f 2610/2742/2610 2451/2575/2451 1481/1514/1481 
f 2189/2276/2189 184/184/184 183/183/183 
f 2323/2930/2323 923/3687/923 3394/3686/3394 
f 628/632/628 191/191/191 629/633/629 
f 1130/1150/1130 2249/2338/2249 472/475/472 
f 1813/1866/1813 1021/1038/1021 1538/1572/1538 
f 3417/3723/3417 2300/2392/2300 3546/3912/3546 
f 905/917/905 3534/3893/3534 1835/1888/1835 
f 3356/3637/3356 1729/1772/1729 1335/1364/1335 
f 2787/2955/2787 3573/3956/3573 2788/2956/2788 
f 3090/3298/3090 3091/3299/3091 3566/3940/3566 
f 2225/2516/2225 2457/2582/2457 1743/1793/1743 
f 960/3514/960 3140/4098/3140 3267/3515/3267 
f 981/996/981 948/960/948 2527/2655/2527 
f 413/416/413 3480/3809/3480 2739/2897/2739 
f 1693/1734/1693 43/43/43 3590/3984/3590 
f 1744/1794/1744 2788/2956/2788 1918/1980/1918 
f 2036/2105/2036 3648/4099/3648 2035/2104/2035 
f 1913/1975/1913 2672/2819/2672 2139/2220/2139 
f 140/140/140 945/957/945 138/138/138 
f 776/787/776 1143/1163/1143 1671/1710/1671 
f 3052/3255/3052 2576/2706/2576 2879/3056/2879 
f 3649/4100/3649 19/19/19 21/21/21 
f 3053/3256/3053 3502/3838/3502 1681/1721/1681 
f 3472/3800/3472 1685/1725/1685 3473/3801/3473 
f 2744/2902/2744 1907/1965/1907 1329/1358/1329 
f 2345/3919/2345 2460/2585/2460 2459/2584/2459 
f 2065/2137/2065 2497/2622/2497 105/105/105 
f 3028/3230/3028 1245/1269/1245 2584/2715/2584 
f 3350/3623/3350 1294/1321/1294 1344/1373/1344 
f 1338/1367/1338 2853/3029/2853 3616/4031/3616 
f 1691/2885/1691 1690/3556/1690 2728/2884/2728 
f 3556/3926/3556 3604/4007/3604 3557/3927/3557 
f 950/962/950 1681/1721/1681 1683/1723/1683 
f 3183/3408/3183 3185/3410/3185 3650/4101/3650 
f 1085/1102/1085 3258/3500/3258 1086/1103/1086 
f 2337/2444/2337 3551/3918/3551 474/477/474 
f 864/875/864 866/877/866 2288/2379/2288 
f 1912/1974/1912 3631/4060/3631 3443/3758/3443 
f 1366/1397/1366 2616/2748/2616 2850/3026/2850 
f 2571/2701/2571 2573/2703/2573 2589/2721/2589 
f 277/279/277 2822/2994/2822 3142/3359/3142 
f 3096/3304/3096 3307/3565/3307 791/802/791 
f 3580/3967/3580 3623/4039/3623 3075/3279/3075 
f 3580/3967/3580 809/820/809 811/822/811 
f 293/295/293 2167/2251/2167 291/293/291 
f 1634/1671/1634 3456/3778/3456 1635/1672/1635 
f 1763/1814/1763 3200/3426/3200 567/2779/567 
f 2896/3073/2896 837/848/837 469/472/469 
f 3469/3797/3469 3243/3484/3243 3217/3446/3217 
f 3598/3996/3598 2883/3060/2883 2096/2174/2096 
f 3651/4102/3651 1725/4103/1725 3570/4104/3570 
f 3642/4076/3642 2199/2286/2199 2440/2563/2440 
f 664/669/664 3643/4085/3643 1389/1420/1389 
f 834/845/834 220/220/220 219/219/219 
f 2206/2294/2206 319/322/319 3003/3204/3003 
f 387/390/387 39/39/39 1604/1641/1604 
f 2284/2375/2284 3396/3691/3396 286/288/286 
f 2825/2997/2825 3122/3332/3122 542/546/542 
f 857/868/857 597/601/597 3012/3213/3012 
f 1494/1527/1494 185/185/185 2568/2698/2568 
f 1044/1061/1044 3088/3296/3088 2863/3040/2863 
f 1389/1420/1389 244/244/244 665/670/665 
f 2483/2608/2483 1864/1918/1864 1040/1057/1040 
f 2468/2593/2468 380/383/380 379/382/379 
f 708/717/708 3652/4105/3652 3449/3766/3449 
f 415/418/415 3630/4059/3630 3581/3968/3581 
f 1424/1456/1424 3590/3984/3590 1331/1360/1331 
f 1808/1861/1808 1121/1141/1121 1120/1140/1120 
f 2161/2245/2161 1145/1165/1145 3487/3819/3487 
f 3555/3924/3555 2611/2743/2611 3524/3873/3524 
f 3653/4106/3653 3599/3997/3599 1768/1819/1768 
f 2176/2262/2176 1278/1304/1278 41/41/41 
f 3012/3213/3012 597/601/597 3010/3211/3010 
f 900/911/900 2290/2382/2290 3364/3872/3364 
f 3541/3903/3541 809/820/809 3579/3966/3579 
f 357/360/357 1348/1377/1348 3589/3982/3589 
f 2800/2969/2800 3614/4029/3614 2801/2970/2801 
f 3175/3397/3175 1322/1350/1322 1019/1036/1019 
f 1499/1532/1499 1498/1531/1498 3491/3824/3491 
f 2910/3088/2910 3503/3839/3503 1631/1668/1631 
f 2736/2894/2736 2737/2895/2737 725/1357/725 
f 3067/3271/3067 3654/4107/3654 3232/3464/3232 
f 1383/1414/1383 2493/2618/2493 649/654/649 
f 3282/3532/3282 2122/3975/2122 3156/3963/3156 
f 3627/4052/3627 3638/4071/3638 55/55/55 
f 3475/3803/3475 2084/2156/2084 3655/4108/3655 
f 2828/3000/2828 2830/3002/2830 2947/3854/2947 
f 2480/2605/2480 942/954/942 3295/3550/3295 
f 2177/2263/2177 2179/2265/2179 2254/2343/2254 
f 2269/2360/2269 1515/4109/1515 3233/3468/3233 
f 1839/1893/1839 1571/1607/1571 3605/4013/3605 
f 1339/1368/1339 989/1005/989 1193/1214/1193 
f 3324/3593/3324 468/471/468 3456/3778/3456 
f 689/697/689 1469/1502/1469 2211/2299/2211 
f 3306/3564/3306 3600/3998/3600 3653/4106/3653 
f 2399/2520/2399 1866/1920/1866 2074/2146/2074 
f 3157/3377/3157 937/949/937 939/951/939 
f 3035/4110/3035 2206/4077/2206 170/170/170 
f 2371/2486/2371 2618/2750/2618 2032/2101/2032 
f 3378/3667/3378 3656/4111/3656 3020/3221/3020 
f 3067/3271/3067 2103/2181/2103 2102/2180/2102 
f 2650/2793/2650 1922/1984/1922 473/476/473 
f 415/418/415 3563/3937/3563 2578/2708/2578 
f 1196/1217/1196 3440/3748/3440 1359/1390/1359 
f 2849/3025/2849 646/650/646 645/649/645 
f 1814/1867/1814 1816/1869/1816 2267/2357/2267 
f 2678/2825/2678 2410/2532/2410 2299/2391/2299 
f 3096/3304/3096 791/802/791 2607/2739/2607 
f 3504/3840/3504 2956/3141/2956 3294/3549/3294 
f 2688/2838/2688 2687/2837/2687 1707/1749/1707 
f 3058/3262/3058 3656/4111/3656 3657/4112/3657 
f 1267/1293/1267 3658/4113/3658 3659/4114/3659 
f 3289/3541/3289 1702/1744/1702 1701/1743/1701 
f 3324/3593/3324 2197/2284/2197 468/471/468 
f 3061/3265/3061 3063/3267/3063 3655/4108/3655 
f 2961/3146/2961 3074/3278/3074 3073/3277/3073 
f 1920/1982/1920 3516/3856/3516 3515/3855/3515 
f 3613/4028/3613 470/473/470 636/640/636 
f 1128/1148/1128 1127/1147/1127 681/689/681 
f 1052/1069/1052 1659/1697/1659 1051/1068/1051 
f 1906/1964/1906 3537/3896/3537 3457/3779/3457 
f 1116/1136/1116 3087/3293/3087 1150/1170/1150 
f 3243/3484/3243 3497/3831/3497 3217/3446/3217 
f 3251/3492/3251 3012/3213/3012 2913/3091/2913 
f 3324/3593/3324 3456/3778/3456 2792/2960/2792 
f 3252/3493/3252 2912/3090/2912 3406/3707/3406 
f 2453/2577/2453 1024/1041/1024 1114/1134/1114 
f 2582/2713/2582 3640/4074/3640 3584/3972/3584 
f 94/94/94 617/621/617 2598/2730/2598 
f 2557/2687/2557 3315/3582/3315 642/646/642 
f 3660/4115/3660 3625/4044/3625 3661/4116/3661 
f 2971/3160/2971 3281/3531/3281 1925/1987/1925 
f 1455/1488/1455 3301/3559/3301 51/51/51 
f 3233/3468/3233 2539/3652/2539 2425/3467/2425 
f 2341/2448/2341 1281/1307/1281 3032/3234/3032 
f 40/40/40 1714/1757/1714 41/41/41 
f 3358/3639/3358 3360/3641/3360 3662/4117/3662 
f 857/868/857 3012/3213/3012 3251/3492/3251 
f 776/787/776 115/115/115 1143/1163/1143 
f 562/566/562 3624/4043/3624 563/567/563 
f 1211/1233/1211 463/466/463 1893/1950/1893 
f 2117/2195/2117 2837/3009/2837 2549/2679/2549 
f 9/9/9 8/8/8 2295/4091/2295 
f 396/399/396 3310/3572/3310 397/400/397 
f 559/2463/559 561/3198/561 2352/2464/2352 
f 3630/4059/3630 415/418/415 414/417/414 
f 102/102/102 682/690/682 681/689/681 
f 3122/3332/3122 363/366/363 3123/3333/3123 
f 3074/3278/3074 3663/4118/3663 3635/4066/3635 
f 1194/1215/1194 2056/2125/2056 3301/3559/3301 
f 3556/3926/3556 2360/2474/2360 3167/3388/3167 
f 1623/1660/1623 1369/1400/1369 1368/1399/1368 
f 2789/2957/2789 239/239/239 2200/3373/2200 
f 692/700/692 993/1010/993 2006/2073/2006 
f 3556/3926/3556 3167/3388/3167 3604/4007/3604 
f 334/337/334 3664/4119/3664 335/338/335 
f 3587/3978/3587 3382/3671/3382 3244/4120/3244 
f 550/554/550 1313/1341/1313 785/796/785 
f 2009/2077/2009 2297/2389/2297 2738/2896/2738 
f 3600/3998/3600 3599/3997/3599 3653/4106/3653 
f 1913/1975/1913 1364/1395/1364 2672/2819/2672 
f 1850/4121/1850 669/674/669 1848/1993/1848 
f 3116/3326/3116 3118/3328/3118 2810/2981/2810 
f 3375/3664/3375 3376/3957/3376 2641/3776/2641 
f 2620/2753/2620 2619/2752/2619 3586/3977/3586 
f 859/870/859 1210/1232/1210 2820/2991/2820 
f 2880/3057/2880 3502/3838/3502 2879/3056/2879 
f 3084/3290/3084 3611/4026/3611 2053/2122/2053 
f 3493/3826/3493 3046/4122/3046 3426/3733/3426 
f 3105/3315/3105 2685/2835/2685 1234/2834/1234 
f 3230/3762/3230 910/922/910 2855/3182/2855 
f 219/219/219 833/844/833 834/845/834 
f 1926/4123/1926 3620/4036/3620 3665/4124/3665 
f 1456/1489/1456 2496/2621/2496 2495/2620/2495 
f 3313/3577/3313 326/4125/326 3311/3575/3311 
f 3393/3685/3393 955/968/955 3394/3686/3394 
f 1024/1041/1024 2453/2577/2453 1025/1042/1025 
f 1383/1414/1383 3471/3799/3471 1381/1412/1381 
f 2876/3053/2876 2878/3055/2878 3304/3562/3304 
f 755/766/755 1481/1514/1481 2451/2575/2451 
f 1043/1060/1043 552/556/552 551/555/551 
f 3253/3494/3253 3255/3496/3255 2937/3118/2937 
f 2196/2283/2196 581/585/581 583/587/583 
f 3486/3815/3486 3062/3266/3062 3521/3867/3521 
f 3606/4018/3606 3573/3956/3573 3500/3836/3500 
f 2037/2106/2037 2039/2108/2039 2591/4126/2591 
f 3498/3832/3498 3484/3813/3484 2857/3033/2857 
f 306/4017/306 2766/2931/2766 3317/3584/3317 
f 1621/1658/1621 1283/1309/1283 1282/1308/1282 
f 1376/1407/1376 2884/3061/2884 2045/2114/2045 
f 392/395/392 566/2780/566 75/3941/75 
f 994/1011/994 2918/3096/2918 995/1012/995 
f 2005/4127/2005 1272/1298/1272 654/4128/654 
f 1614/1651/1614 3022/3223/3022 870/881/870 
f 2616/2748/2616 821/832/821 571/575/571 
f 3642/4076/3642 2277/2368/2277 2364/2478/2364 
f 3666/4129/3666 1381/1412/1381 3471/3799/3471 
f 564/568/564 2944/3125/2944 1598/1635/1598 
f 1071/1088/1071 273/275/273 1014/1031/1014 
f 423/426/423 158/158/158 1359/1390/1359 
f 2104/2182/2104 1438/1471/1438 2105/2183/2105 
f 2552/2682/2552 2596/2728/2596 367/370/367 
f 1008/1025/1008 502/505/502 640/644/640 
f 196/196/196 2692/2842/2692 2940/3121/2940 
f 2909/3087/2909 3137/3352/3137 3245/4053/3245 
f 1078/1095/1078 3137/3352/3137 1859/1913/1859 
f 2905/3082/2905 3333/3604/3333 1858/1912/1858 
f 2018/2086/2018 3429/3736/3429 3153/3372/3153 
f 1545/1580/1545 1118/1138/1118 1117/1137/1117 
f 2644/2786/2644 1244/1268/1244 2802/2971/2802 
f 844/855/844 3493/3826/3493 13/13/13 
f 3345/3618/3345 2483/2608/2483 2130/2210/2130 
f 2489/2614/2489 2940/3121/2940 1643/1680/1643 
f 3344/3617/3344 2933/3113/2933 3118/3328/3118 
f 2938/3119/2938 1507/1540/1507 1506/1539/1506 
f 2719/2874/2719 3525/3875/3525 2156/2240/2156 
f 3114/4130/3114 19/19/19 3649/4100/3649 
f 3380/3669/3380 2437/2560/2437 2904/3081/2904 
f 3377/3666/3377 527/531/527 452/455/452 
f 2196/2283/2196 2198/2285/2198 581/585/581 
f 2362/2476/2362 2784/2952/2784 3124/3334/3124 
f 3625/4044/3625 3261/3503/3261 2875/3052/2875 
f 771/782/771 3568/3946/3568 2567/3526/2567 
f 454/457/454 2500/2625/2500 1756/1806/1756 
f 198/198/198 197/197/197 3667/4131/3667 
f 3462/3786/3462 2875/3052/2875 2874/3051/2874 
f 3336/3608/3336 858/869/858 857/868/857 
f 108/108/108 1418/1450/1418 1417/1449/1417 
f 1093/1110/1093 2698/2848/2698 3000/3201/3000 
f 1282/1308/1282 2628/2762/2628 1747/1797/1747 
f 1009/1026/1009 1621/1658/1621 1747/1797/1747 
f 1619/1933/1619 1877/1932/1877 2305/4132/2305 
f 340/343/340 1552/1587/1552 1732/1775/1732 
f 3069/3273/3069 2701/2851/2701 2104/2182/2104 
f 2624/2757/2624 2623/2756/2623 3154/3374/3154 
f 2441/2564/2441 1769/1820/1769 3599/3997/3599 
f 3392/4133/3392 2061/2133/2061 1616/1653/1616 
f 2459/2584/2459 474/477/474 3551/3918/3551 
f 659/664/659 2147/2229/2147 925/937/925 
f 1182/1202/1182 1543/1578/1543 1135/1155/1135 
f 2739/2897/2739 3480/3809/3480 2010/2078/2010 
f 2050/2119/2050 1377/1408/1377 3370/3658/3370 
f 1590/1627/1590 2978/3171/2978 3092/3300/3092 
f 2415/2537/2415 1693/1734/1693 2725/2880/2725 
f 1256/1282/1256 1320/1348/1320 2814/2985/2814 
f 1150/1170/1150 1152/1172/1152 3443/3758/3443 
f 1697/1739/1697 2673/2820/2673 1609/1646/1609 
f 2506/2927/2506 3389/3678/3389 2765/2928/2765 
f 1113/1132/1113 271/273/271 273/275/273 
f 3458/3780/3458 3564/3938/3564 1706/1748/1706 
f 2918/3096/2918 994/1011/994 3078/3282/3078 
f 3488/3820/3488 809/820/809 3541/3903/3541 
f 2876/3053/2876 1689/1730/1689 978/4056/978 
f 2648/2790/2648 153/153/153 1812/1865/1812 
f 1347/1376/1347 1349/1378/1349 1057/1074/1057 
f 2967/3154/2967 103/3153/103 1611/4134/1611 
f 2691/2841/2691 2802/2971/2802 1246/1270/1246 
f 1326/1354/1326 3668/4135/3668 2364/2478/2364 
f 1658/1696/1658 852/863/852 1934/1997/1934 
f 561/3198/561 2760/4136/2760 1291/3199/1291 
f 3090/3298/3090 3566/3940/3566 2470/2595/2470 
f 1805/1858/1805 1314/1342/1314 2608/2740/2608 
f 2817/2988/2817 1608/1645/1608 1607/1644/1607 
f 3669/4137/3669 2004/2071/2004 963/977/963 
f 3641/4075/3641 3008/3209/3008 2199/2286/2199 
f 3527/3878/3527 111/111/111 520/524/520 
f 3082/3288/3082 2747/2905/2747 3585/3974/3585 
f 2826/2998/2826 1230/1253/1230 2923/3101/2923 
f 1078/1095/1078 1077/1094/1077 312/315/312 
f 1309/1337/1309 2815/2986/2815 2028/2097/2028 
f 2556/2686/2556 2555/2685/2555 2641/3776/2641 
f 2897/3074/2897 827/838/827 3670/4138/3670 
f 3624/4043/3624 562/566/562 532/536/532 
f 1784/1836/1784 6/6/6 5/5/5 
f 362/365/362 1560/1595/1560 2466/2591/2466 
f 2589/2721/2589 2829/3001/2829 2828/3000/2828 
f 2735/2893/2735 1419/1451/1419 167/167/167 
f 2319/3981/2319 1908/2131/1908 2154/2237/2154 
f 3671/4139/3671 1677/1717/1677 1163/1183/1163 
f 346/349/346 348/351/348 2431/3573/2431 
f 527/531/527 1484/1517/1484 528/532/528 
f 3333/3604/3333 3430/3737/3430 2255/2344/2255 
f 2336/2443/2336 1964/2028/1964 3551/3918/3551 
f 3635/4066/3635 2827/2999/2827 2826/2998/2826 
f 3523/3869/3523 1707/1749/1707 1706/1748/1706 
f 3344/3617/3344 950/962/950 1683/1723/1683 
f 2260/2349/2260 1902/1960/1902 2927/3106/2927 
f 3627/4052/3627 55/55/55 57/57/57 
f 3585/3974/3585 2747/2905/2747 3307/3565/3307 
f 1968/2032/1968 2746/2904/2746 482/485/482 
f 1333/1362/1333 1017/1034/1017 2330/2437/2330 
f 3008/3209/3008 3641/4075/3641 3009/3210/3009 
f 3370/3658/3370 1377/1408/1377 334/337/334 
f 838/849/838 837/848/837 2896/3073/2896 
f 2761/2923/2761 2544/2673/2544 2972/3161/2972 
f 3668/4135/3668 1325/1353/1325 3641/4075/3641 
f 2292/2384/2292 2984/3177/2984 1711/1754/1711 
f 2703/4140/2703 2492/2617/2492 2491/2616/2491 
f 1123/1143/1123 1510/1543/1510 1509/1542/1509 
f 1584/1621/1584 2455/2580/2455 1441/1474/1441 
f 59/3862/59 1998/2064/1998 3602/4002/3602 
f 985/3704/985 234/234/234 612/616/612 
f 3663/4118/3663 3074/3278/3074 2961/3146/2961 
f 1939/3901/1939 1666/1705/1666 1665/1704/1665 
f 1606/1643/1606 1605/1642/1605 2915/3093/2915 
f 1463/1496/1463 1391/1422/1391 1753/1803/1753 
f 2230/2318/2230 2030/2099/2030 2375/2490/2375 
f 3150/3368/3150 1026/1043/1026 2270/2361/2270 
f 2881/4080/2881 3560/4079/3560 1849/1903/1849 
f 105/105/105 2497/2622/2497 103/103/103 
f 511/514/511 2200/3945/2200 241/1234/241 
f 1222/1245/1222 1221/1244/1221 3489/3821/3489 
f 2464/2589/2464 2463/2588/2463 2559/2689/2559 
f 2799/2967/2799 1594/3137/1594 2797/2965/2797 
f 3099/3307/3099 3382/3671/3382 2885/3062/2885 
f 1525/1558/1525 3100/3308/3100 3308/3570/3308 
f 1970/2034/1970 3232/3464/3232 3654/4107/3654 
f 759/770/759 321/324/321 3231/3463/3231 
f 857/868/857 3250/3491/3250 3336/3608/3336 
f 2256/2766/2256 1678/2768/1678 1397/1428/1397 
f 2887/3064/2887 395/398/395 275/277/275 
f 741/752/741 740/751/740 1810/1863/1810 
f 714/723/714 3552/3920/3552 3368/3653/3368 
f 228/228/228 418/421/418 227/227/227 
f 2806/4141/2806 494/497/494 493/496/493 
f 2629/2764/2629 2507/2633/2507 2514/2642/2514 
f 2952/3134/2952 2904/3081/2904 2437/2560/2437 
f 2141/2222/2141 37/37/37 1178/1198/1178 
f 103/103/103 2497/2622/2497 2499/2624/2499 
f 3283/3533/3283 2664/3976/2664 3282/3532/3282 
f 1020/1037/1020 1022/1039/1022 1475/1508/1475 
f 940/952/940 1454/1487/1454 941/953/941 
f 2971/3160/2971 1925/1987/1925 1728/1771/1728 
f 707/716/707 3069/3273/3069 2106/2184/2106 
f 1274/1300/1274 2291/2383/2291 1275/1301/1275 
f 1769/1820/1769 1768/1819/1768 3599/3997/3599 
f 2118/2196/2118 2195/2282/2195 2194/2281/2194 
f 1772/4004/1772 477/480/477 1773/3294/1773 
f 470/473/470 133/133/133 406/409/406 
f 1427/1460/1427 1353/1459/1353 3137/3352/3137 
f 347/350/347 346/349/346 2389/2507/2389 
f 1683/1723/1683 1682/1722/1682 3343/3616/3343 
f 2664/3976/2664 3283/3533/3283 1591/1628/1591 
f 2682/2829/2682 3361/3642/3361 3672/4142/3672 
f 3634/4065/3634 2411/2533/2411 2862/3039/2862 
f 1810/1863/1810 740/751/740 1213/1236/1213 
f 686/694/686 1192/1213/1192 2595/2727/2595 
f 3407/3708/3407 1312/1340/1312 1931/1994/1931 
f 108/108/108 107/107/107 1418/1450/1418 
f 3252/3493/3252 1262/1288/1262 3250/3491/3250 
f 2739/2897/2739 2009/2077/2009 2738/2896/2738 
f 3187/3412/3187 3631/4060/3631 3499/3835/3499 
f 474/477/474 2459/2584/2459 2314/2413/2314 
f 161/161/161 300/1276/300 159/159/159 
f 559/563/559 3673/4143/3673 560/564/560 
f 3402/3701/3402 2024/2092/2024 2026/2094/2026 
f 3490/3823/3490 3594/3988/3594 3491/3824/3491 
f 2668/2813/2668 1793/1846/1793 1795/1848/1795 
f 881/892/881 2959/3144/2959 3581/3968/3581 
f 2751/2909/2751 539/543/539 3636/4068/3636 
f 2969/3158/2969 1495/1528/1495 1494/1527/1494 
f 1171/1191/1171 430/1973/430 2588/2817/2588 
f 3469/3979/3469 3587/3978/3587 3244/4120/3244 
f 3595/3990/3595 3559/3929/3559 813/824/813 
f 1203/1225/1203 3644/4086/3644 1204/1226/1204 
f 792/803/792 3307/3565/3307 2747/2905/2747 
f 596/600/596 3281/3531/3281 3280/3530/3280 
f 1864/1918/1864 2483/2608/2483 3345/3618/3345 
f 100/100/100 1127/1147/1127 2181/2267/2181 
f 3203/3429/3203 3123/3333/3123 363/366/363 
f 3541/3903/3541 1931/1994/1931 3488/3820/3488 
f 2813/2984/2813 2812/2983/2812 3236/3472/3236 
f 3382/3671/3382 2953/3135/2953 3244/4120/3244 
f 2921/3099/2921 2920/3098/2920 3149/3367/3149 
f 914/926/914 1445/1478/1445 611/615/611 
f 3674/4144/3674 3578/3965/3578 2531/2659/2531 
f 771/782/771 3277/3527/3277 769/780/769 
f 530/534/530 1185/1206/1185 830/841/830 
f 2797/2965/2797 2652/3138/2652 412/415/412 
f 3674/4144/3674 2531/2659/2531 2776/2942/2776 
f 3590/3984/3590 1424/1456/1424 1426/1458/1426 
f 3019/3220/3019 2467/2592/2467 3298/3555/3298 
f 1675/1715/1675 3011/3212/3011 3010/3211/3010 
f 3012/3213/3012 3011/3212/3011 2913/3091/2913 
f 1337/1366/1337 3429/3736/3429 3669/4137/3669 
f 1131/1151/1131 2029/2098/2029 2794/2962/2794 
f 2144/2225/2144 891/902/891 2930/3110/2930 
f 3675/4145/3675 3520/3865/3520 3676/4146/3676 
f 2687/2837/2687 2686/2836/2686 3638/4071/3638 
f 1491/1524/1491 2767/2932/2767 2260/3283/2260 
f 3451/4147/3451 385/388/385 2160/3626/2160 
f 2979/3172/2979 302/305/302 2977/3170/2977 
f 2810/2981/2810 2932/3112/2932 3664/4119/3664 
f 2886/3063/2886 3587/3978/3587 3481/3810/3481 
f 1089/1106/1089 2562/2692/2562 1851/1905/1851 
f 580/584/580 1404/3710/1404 578/582/578 
f 1625/1662/1625 1709/3083/1709 1858/1912/1858 
f 1237/1260/1237 333/336/333 332/335/332 
f 1501/1534/1501 2076/2148/2076 2078/2150/2078 
f 2026/2094/2026 2025/2093/2025 3395/3688/3395 
f 1274/1300/1274 2976/3169/2976 2292/2384/2292 
f 3445/4148/3445 677/683/677 2166/2250/2166 
f 1116/1136/1116 3381/3670/3381 3086/3292/3086 
f 460/463/460 757/768/757 2147/2229/2147 
f 1753/1803/1753 67/67/67 2373/2488/2373 
f 2235/2323/2235 1794/1847/1794 2848/3024/2848 
f 3058/3262/3058 3020/3221/3020 3656/4111/3656 
f 1889/4149/1889 1984/2049/1984 1983/2048/1983 
f 2738/2896/2738 2297/2389/2297 1328/1356/1328 
f 2960/3145/2960 3532/3891/3532 3663/4118/3663 
f 2921/3099/2921 3149/3367/3149 3657/4150/3657 
f 2338/2445/2338 1118/1138/1118 1545/1580/1545 
f 2756/2916/2756 2727/2882/2727 3226/3456/3226 
f 3598/3996/3598 1327/1355/1327 553/557/553 
f 2162/2246/2162 2218/2306/2218 2217/2305/2217 
f 1768/1819/1768 3585/3974/3585 3653/4106/3653 
f 3096/3304/3096 3095/3303/3095 3307/3565/3307 
f 2757/2917/2757 2055/2124/2055 2054/2123/2054 
f 2529/2657/2529 2078/2150/2078 2077/2149/2077 
f 15/15/15 14/14/14 2998/3197/2998 
f 978/4056/978 980/4151/980 2876/3053/2876 
f 2310/2407/2310 648/652/648 647/651/647 
f 2933/3113/2933 3343/3616/3343 3347/3620/3347 
f 2801/2970/2801 3614/4029/3614 3527/3878/3527 
f 3327/3597/3327 3658/4113/3658 3367/3651/3367 
f 1940/2004/1940 1942/2006/1942 1106/2163/1106 
f 3216/3444/3216 3237/3473/3237 1785/1837/1785 
f 594/598/594 2926/3104/2926 2925/3103/2925 
f 546/550/546 3168/3389/3168 2607/2739/2607 
f 3114/3324/3114 3649/4152/3649 3110/3320/3110 
f 2923/3101/2923 1229/1252/1229 2880/3057/2880 
f 2359/2473/2359 1832/1885/1832 2182/2268/2182 
f 1916/1978/1916 3401/3700/3401 2127/2205/2127 
f 410/413/410 2665/4153/2665 411/414/411 
f 3369/3654/3369 881/892/881 883/894/883 
f 2298/2390/2298 3351/3628/3351 961/975/961 
f 1295/1322/1295 699/707/699 698/706/698 
f 766/777/766 2388/2505/2388 2389/2507/2389 
f 3119/3329/3119 1609/1646/1609 2673/2820/2673 
f 795/806/795 2404/2525/2404 2403/2524/2403 
f 3307/3565/3307 3306/3564/3306 3585/3974/3585 
f 1169/1189/1169 2454/2578/2454 2832/3004/2832 
f 1613/1650/1613 2488/2613/2488 3089/3297/3089 
f 3077/3281/3077 3580/3967/3580 3075/3279/3075 
f 362/365/362 3203/3429/3203 363/366/363 
f 3214/3785/3214 3180/3405/3180 1950/3404/1950 
f 2067/2139/2067 2527/2655/2527 3131/3345/3131 
f 3380/3669/3380 2394/2513/2394 2437/2560/2437 
f 3620/4036/3620 3621/4037/3621 3665/4124/3665 
f 1736/1781/1736 1645/1780/1645 1822/3656/1822 
f 1416/4154/1416 348/351/348 3023/3696/3023 
f 3627/4052/3627 57/57/57 2148/2230/2148 
f 920/932/920 1512/1545/1512 2659/2802/2659 
f 1434/1467/1434 1702/1744/1702 3290/3542/3290 
f 1505/1538/1505 223/223/223 1310/1338/1310 
f 1231/1254/1231 1682/1722/1682 1229/1252/1229 
f 627/631/627 1548/1583/1548 625/629/625 
f 872/883/872 1551/1586/1551 1838/1892/1838 
f 2317/2416/2317 3197/3422/3197 2804/2973/2804 
f 2229/2317/2229 2881/3058/2881 333/336/333 
f 1620/1657/1620 1283/1309/1283 1621/1658/1621 
f 1214/1237/1214 3549/3915/3549 3453/3773/3453 
f 1439/1472/1439 3433/3741/3433 1833/1886/1833 
f 3677/4155/3677 1267/1293/1267 3659/4114/3659 
f 3423/3730/3423 3448/3765/3448 3678/4156/3678 
f 2850/3026/2850 1367/1398/1367 1366/1397/1366 
f 2189/2276/2189 461/464/461 135/135/135 
f 795/806/795 2403/2524/2403 796/807/796 
f 1225/1248/1225 3337/3610/3337 751/2815/751 
f 1078/1095/1078 312/315/312 1427/1460/1427 
f 3667/4131/3667 3538/3898/3538 1404/1435/1404 
f 1528/1561/1528 214/214/214 3174/3396/3174 
f 2920/3098/2920 3435/3743/3435 2298/2390/2298 
f 3057/3261/3057 2148/2230/2148 57/57/57 
f 1416/4154/1416 2431/3573/2431 348/351/348 
f 703/712/703 3569/3948/3569 956/969/956 
f 3679/4157/3679 188/188/188 3342/3615/3342 
f 2794/2962/2794 2931/3111/2931 784/795/784 
f 3387/3676/3387 3474/3802/3474 3135/3350/3135 
f 319/322/319 838/849/838 3003/3204/3003 
f 379/382/379 3088/3296/3088 2585/2716/2585 
f 742/753/742 3396/3691/3396 2284/2375/2284 
f 2435/2558/2435 3258/3500/3258 1646/1683/1646 
f 277/279/277 1240/1264/1240 3450/3767/3450 
f 1320/1348/1320 238/238/238 237/237/237 
f 2823/2995/2823 2334/2441/2334 2333/2440/2333 
f 1267/1293/1267 1266/1292/1266 3658/4113/3658 
f 1158/1178/1158 1840/1894/1840 903/915/903 
f 1306/1334/1306 2161/2245/2161 3487/3819/3487 
f 2663/2807/2663 3381/3670/3381 2110/2188/2110 
f 668/673/668 3374/3662/3374 2842/3016/2842 
f 2667/2812/2667 3522/3868/3522 3578/3965/3578 
f 921/933/921 3680/4158/3680 3128/3342/3128 
f 3664/4119/3664 1789/1841/1789 2810/2981/2810 
f 3653/4106/3653 3585/3974/3585 3306/3564/3306 
f 2050/2119/2050 1378/1409/1378 1377/1408/1377 
f 513/517/513 515/519/515 65/65/65 
f 553/557/553 2624/2757/2624 3598/3996/3598 
f 1782/1834/1782 693/701/693 692/700/692 
f 1325/1353/1325 3668/4135/3668 1326/1354/1326 
f 1646/1683/1646 1543/1578/1543 1182/1202/1182 
f 2315/2414/2315 2314/2413/2314 2459/2584/2459 
f 2976/3169/2976 1274/1300/1274 2285/2376/2285 
f 329/332/329 330/333/330 388/391/388 
f 2919/3097/2919 3388/3677/3388 3435/3743/3435 
f 3431/3738/3431 2490/4159/2490 3002/3203/3002 
f 837/848/837 3398/3693/3398 469/472/469 
f 3422/3728/3422 1765/1816/1765 1764/1815/1764 
f 1852/1906/1852 2290/2382/2290 1823/1876/1823 
f 2913/3091/2913 3011/3212/3011 1674/1714/1674 
f 2467/2592/2467 2082/2154/2082 3298/3555/3298 
f 1325/1353/1325 2535/2663/2535 3009/3210/3009 
f 119/119/119 675/681/675 117/117/117 
f 2536/2664/2536 2303/2397/2303 2914/3092/2914 
f 1368/1399/1368 2305/2400/2305 2294/2386/2294 
f 3464/3788/3464 2213/2301/2213 2215/2303/2215 
f 584/588/584 3365/3649/3365 222/222/222 
f 311/314/311 172/172/172 312/315/312 
f 3141/3358/3141 3015/3216/3015 3016/3217/3016 
f 3368/3653/3368 3233/3468/3233 714/723/714 
f 695/703/695 880/891/880 45/45/45 
f 2444/2567/2444 2427/2550/2427 2445/2568/2445 
f 2526/2654/2526 1401/1432/1401 2063/2135/2063 
f 2906/3084/2906 3593/3987/3593 3508/3844/3508 
f 1784/1836/1784 570/574/570 6/6/6 
f 3681/4160/3681 3657/4112/3657 3656/4111/3656 
f 2355/2467/2355 2280/2371/2280 2279/2370/2279 
f 564/568/564 1281/1307/1281 562/566/562 
f 1837/1891/1837 1396/1427/1396 1395/1426/1395 
f 3107/3317/3107 2586/3690/2586 2087/2160/2087 
f 309/312/309 308/311/308 1962/2026/1962 
f 55/55/55 3638/4071/3638 2182/2268/2182 
f 2844/3018/2844 2504/2929/2504 2765/2928/2765 
f 809/820/809 3488/3820/3488 810/821/810 
f 2819/2990/2819 3196/3421/3196 2854/3030/2854 
f 1343/1372/1343 2743/2901/2743 2365/2479/2365 
f 3656/4111/3656 3378/3667/3378 1585/1622/1585 
f 55/55/55 1219/1242/1219 56/56/56 
f 682/690/682 1235/1258/1235 2657/2800/2657 
f 207/207/207 3643/4085/3643 208/208/208 
f 36/36/36 1755/1805/1755 34/34/34 
f 2206/4161/2206 3035/3237/3035 317/4162/317 
f 923/3687/923 235/2472/235 3393/3685/3393 
f 2636/2773/2636 371/2774/371 3316/3583/3316 
f 467/470/467 469/472/469 3398/3693/3398 
f 1505/1538/1505 126/126/126 192/192/192 
f 3068/3272/3068 2520/2648/2520 3654/4107/3654 
f 240/240/240 258/260/258 1080/1097/1080 
f 3238/3474/3238 1388/4163/1388 1958/3781/1958 
f 3630/4059/3630 2738/2896/2738 1328/1356/1328 
f 3165/3386/3165 3112/3322/3112 3151/3370/3151 
f 2762/2924/2762 3153/3372/3153 1337/1366/1337 
f 3148/3366/3148 3147/3365/3147 3477/3805/3477 
f 1760/4164/1760 3371/3659/3371 1759/4165/1759 
f 2035/2104/2035 2405/2526/2405 373/376/373 
f 3489/3821/3489 3428/3735/3428 3682/4166/3682 
f 2071/2143/2071 2067/2139/2067 2188/2275/2188 
f 170/170/170 311/314/311 3035/4110/3035 
f 2209/3546/2209 2408/3548/2408 412/4167/412 
f 1680/1720/1680 1659/1697/1659 1413/1445/1413 
f 3065/3269/3065 3127/3341/3127 3126/3340/3126 
f 1196/1217/1196 157/157/157 1067/1084/1067 
f 3448/3765/3448 3553/3922/3553 2214/2302/2214 
f 356/359/356 613/617/613 357/360/357 
f 3093/3301/3093 3540/3995/3540 2805/2974/2805 
f 3255/3496/3255 2133/2213/2133 2965/3150/2965 
f 197/197/197 1205/3962/1205 1140/3897/1140 
f 2946/3127/2946 3181/3406/3181 2811/2982/2811 
f 3600/3998/3600 3306/3564/3306 3542/3905/3542 
f 546/550/546 2350/2461/2350 2349/2460/2349 
f 1122/1142/1122 1510/1543/1510 1123/1143/1123 
f 996/3585/996 3678/4156/3678 3506/3842/3506 
f 3679/4157/3679 189/189/189 188/188/188 
f 2589/2721/2589 2828/3000/2828 2571/2701/2571 
f 457/460/457 1696/1738/1696 1487/1520/1487 
f 3475/3803/3475 3147/3365/3147 2084/2156/2084 
f 3683/4168/3683 3272/3520/3272 1429/1462/1429 
f 843/854/843 3424/3731/3424 844/855/844 
f 2583/2714/2583 2530/2658/2530 2529/2657/2529 
f 1232/1255/1232 1233/1256/1233 2508/2634/2508 
f 3342/3615/3342 2536/2664/2536 3679/4157/3679 
f 3281/3531/3281 2971/3160/2971 700/708/700 
f 2342/2449/2342 532/536/532 562/566/562 
f 3186/3411/3186 3499/3835/3499 3533/3892/3533 
f 3019/3220/3019 3298/3555/3298 3018/3219/3018 
f 948/960/948 3131/3345/3131 2527/2655/2527 
f 149/149/149 2575/2705/2575 147/147/147 
f 811/822/811 3576/3960/3576 3623/4039/3623 
f 2751/2909/2751 3636/4068/3636 637/641/637 
f 1372/1403/1372 1597/1634/1597 3328/4169/3328 
f 2577/2707/2577 413/416/413 2578/2708/2578 
f 34/34/34 1755/1805/1755 2602/2734/2602 
f 467/470/467 2093/2171/2093 1635/1672/1635 
f 1151/1171/1151 3087/3293/3087 1565/1601/1565 
f 1640/4170/1640 1642/4171/1642 3529/4172/3529 
f 3497/3831/3497 3243/3484/3243 3313/3577/3313 
f 811/822/811 1806/1859/1806 3576/3960/3576 
f 1212/1235/1212 298/300/298 1213/1236/1213 
f 471/474/471 22/22/22 2029/2098/2029 
f 2778/2944/2778 3674/4144/3674 2776/2942/2776 
f 2812/2983/2812 2202/2289/2202 3236/3472/3236 
f 2882/3059/2882 3669/4137/3669 3429/3736/3429 
f 2399/2520/2399 2166/2250/2166 2165/2249/2165 
f 1794/1847/1794 1793/1846/1793 2674/2821/2674 
f 2423/2546/2423 2551/2681/2551 3624/4043/3624 
f 65/65/65 1001/1018/1001 513/517/513 
f 410/413/410 412/415/412 2652/3138/2652 
f 507/510/507 3615/4030/3615 1083/1100/1083 
f 3564/3938/3564 3575/3959/3575 3523/3869/3523 
f 2856/3032/2856 2985/3178/2985 2698/2848/2698 
f 1636/1673/1636 2551/2681/2551 2423/2546/2423 
f 3635/4066/3635 2826/2998/2826 3074/3278/3074 
f 3472/3800/3472 2461/2586/2461 3536/3895/3536 
f 1556/1591/1556 1558/1593/1558 3572/3954/3572 
f 509/512/509 2414/4173/2414 510/513/510 
f 837/848/837 839/850/839 3398/3693/3398 
f 2264/2353/2264 3593/3987/3593 733/744/733 
f 2845/3194/2845 2702/3193/2702 2807/4174/2807 
f 298/300/298 1192/1213/1192 1191/1212/1191 
f 1931/1994/1931 1311/1339/1311 3357/3638/3357 
f 3215/3443/3215 3672/4142/3672 3361/3642/3361 
f 3385/3674/3385 2835/3007/2835 2834/3006/2834 
f 2943/3124/2943 233/233/233 1971/2035/1971 
f 2256/2766/2256 1496/1529/1496 2631/2767/2631 
f 3279/3529/3279 3281/3531/3281 700/708/700 
f 958/971/958 1561/1596/1561 957/970/957 
f 2921/4175/2921 3657/4112/3657 3681/4160/3681 
f 1185/1206/1185 1187/1208/1187 1656/1694/1656 
f 3409/3712/3409 2921/4175/2921 3681/4160/3681 
f 382/385/382 215/215/215 213/213/213 
f 3602/4002/3602 1358/1389/1358 307/310/307 
f 2748/2906/2748 2747/2905/2747 3082/3288/3082 
f 1218/1241/1218 1977/2042/1977 3378/3667/3378 
f 1422/1454/1422 2105/2183/2105 1438/1471/1438 
f 718/727/718 2814/2985/2814 716/725/716 
f 806/817/806 731/742/731 2217/2305/2217 
f 1140/3897/1140 2495/4000/2495 3538/3898/3538 
f 633/637/633 2092/2170/2092 2469/2594/2469 
f 601/605/601 600/604/600 2447/2570/2447 
f 3228/3458/3228 2095/2173/2095 189/189/189 
f 1844/1898/1844 1565/1601/1565 672/3806/672 
f 3608/4023/3608 2374/2489/2374 3395/3688/3395 
f 610/614/610 612/616/612 236/236/236 
f 2182/2268/2182 3638/4071/3638 2686/2836/2686 
f 1837/1891/1837 2315/2414/2315 2460/2585/2460 
f 2887/3064/2887 275/277/275 209/209/209 
f 2360/2474/2360 2182/2268/2182 2686/2836/2686 
f 1639/1676/1639 1228/1251/1228 3684/4176/3684 
f 2941/3122/2941 3685/4177/3685 1686/1726/1686 
f 3129/3343/3129 3644/4086/3644 1054/1071/1054 
f 54/54/54 292/294/292 504/507/504 
f 2023/4012/2023 3025/3226/3025 1522/1555/1522 
f 990/1006/990 2846/3022/2846 991/1007/991 
f 1991/3993/1991 3104/3313/3104 1989/3947/1989 
f 1904/1962/1904 1903/1961/1903 2900/3077/2900 
f 271/273/271 1113/1132/1113 158/158/158 
f 2881/4080/2881 2229/2763/2229 1761/1811/1761 
f 881/892/881 3369/3654/3369 2959/3144/2959 
f 2257/2346/2257 84/84/84 741/752/741 
f 1856/1910/1856 1341/1370/1341 2384/2500/2384 
f 1923/1985/1923 778/789/778 2231/2319/2231 
f 882/893/882 819/830/819 883/894/883 
f 1585/1622/1585 3378/3667/3378 1977/2042/1977 
f 1149/1169/1149 3399/3694/3399 839/850/839 
f 808/819/808 3686/4178/3686 1046/1063/1046 
f 2936/3116/2936 2318/2417/2318 2803/2972/2803 
f 2551/2681/2551 563/567/563 3624/4043/3624 
f 644/648/644 646/650/646 2668/2813/2668 
f 2858/3034/2858 2857/3033/2857 3273/3521/3273 
f 1600/1637/1600 1319/1347/1319 2015/2083/2015 
f 2007/3015/2007 2843/3017/2843 2839/4179/2839 
f 700/708/700 702/710/702 3442/3753/3442 
f 3420/3726/3420 3687/4180/3687 2950/3132/2950 
f 3088/3296/3088 2955/3139/2955 3531/3888/3531 
f 3503/3839/3503 1911/1972/1911 2205/2293/2205 
f 538/542/538 1340/1369/1340 124/124/124 
f 2020/2088/2020 3229/3459/3229 525/529/525 
f 3174/3396/3174 215/215/215 2553/2683/2553 
f 663/668/663 2617/2749/2617 664/669/664 
f 1139/1159/1139 889/900/889 888/899/888 
f 3298/3555/3298 2219/2307/2219 3018/3219/3018 
f 2668/2813/2668 483/486/483 846/857/846 
f 3488/3820/3488 1931/1994/1931 3357/3638/3357 
f 3488/3820/3488 3357/3638/3357 2432/2555/2432 
f 549/553/549 3357/3638/3357 550/554/550 
f 8/8/8 1877/3756/1877 2295/4091/2295 
f 3167/3388/3167 2686/2836/2686 2688/2838/2688 
f 3033/3235/3033 3167/3388/3167 2688/2838/2688 
f 1243/1267/1243 3141/3358/3141 3076/3280/3076 
f 500/503/500 499/502/499 793/804/793 
f 733/744/733 3314/3581/3314 734/745/734 
f 3035/3237/3035 3034/3236/3034 317/4162/317 
f 2246/2335/2246 908/920/908 907/919/907 
f 2155/2239/2155 2470/2595/2470 2092/2170/2092 
f 304/307/304 223/223/223 1505/1538/1505 
f 318/321/318 1149/1169/1149 319/322/319 
f 1719/3360/1719 2417/2540/2417 2991/3186/2991 
f 2246/2335/2246 2049/2118/2049 401/404/401 
f 3021/3222/3021 1285/1311/1285 2059/2128/2059 
f 870/881/870 3022/3223/3022 621/625/621 
f 3552/3920/3552 3362/3643/3362 3121/3331/3121 
f 572/576/572 629/633/629 573/577/573 
f 1008/1025/1008 1621/1658/1621 1009/1026/1009 
f 2465/2590/2465 1637/4181/1637 2279/2370/2279 
f 1306/1334/1306 3451/3770/3451 2160/2244/2160 
f 2640/2778/2640 350/353/350 2983/3176/2983 
f 2227/2315/2227 2419/2542/2419 3266/3513/3266 
f 3027/3229/3027 2723/2878/2723 719/728/719 
f 1804/1857/1804 1806/1859/1806 810/821/810 
f 3554/3923/3554 3126/3340/3126 1969/2033/1969 
f 160/160/160 1516/1549/1516 2207/2295/2207 
f 2821/2993/2821 2186/2273/2186 3047/3250/3047 
f 2827/2999/2827 3613/4028/3613 3612/4027/3612 
f 1434/1467/1434 2488/2613/2488 720/729/720 
f 3399/3694/3399 328/331/328 3637/4069/3637 
f 637/641/637 3636/4068/3636 636/640/636 
f 3442/3753/3442 702/710/702 1280/1306/1280 
f 620/624/620 447/450/447 604/608/604 
f 328/331/328 1222/1245/1222 326/329/326 
f 638/1782/638 1220/1243/1220 639/4182/639 
f 2747/2905/2747 1297/1325/1297 792/803/792 
f 3356/3637/3356 1335/1364/1335 345/348/345 
f 35/35/35 873/884/873 36/36/36 
f 886/897/886 1091/1108/1091 1996/2062/1996 
f 3465/3789/3465 3532/3891/3532 3432/3739/3432 
f 2280/2371/2280 2354/2466/2354 3617/4183/3617 
f 442/445/442 3144/3362/3144 440/443/440 
f 3157/3377/3157 3626/4062/3626 3156/3376/3156 
f 996/1013/996 723/732/723 2775/3751/2775 
f 353/2236/353 352/2226/352 2146/2228/2146 
f 2902/3079/2902 1775/1826/1775 2903/3080/2903 
f 2593/2725/2593 669/4184/669 2594/2726/2594 
f 1367/1398/1367 2851/3027/2851 2049/2118/2049 
f 2446/2569/2446 2445/2568/2445 1957/2021/1957 
f 1767/1818/1767 3082/3288/3082 1768/1819/1768 
f 3607/4019/3607 3511/3848/3511 13/13/13 
f 619/623/619 1648/1685/1648 2866/3043/2866 
f 1441/1474/1441 2456/2581/2456 1442/1475/1442 
f 3304/3562/3304 3299/4185/3299 1690/1731/1690 
f 3173/3395/3173 2397/2518/2397 3425/3732/3425 
f 3277/3910/3277 2566/2696/2566 3565/3939/3565 
f 2325/2428/2325 2017/2085/2017 3331/3602/3331 
f 630/634/630 1987/2052/1987 631/635/631 
f 410/2096/410 2652/2795/2652 1079/1096/1079 
f 2756/2916/2756 2566/2696/2566 2001/2068/2001 
f 2751/2909/2751 1494/1527/1494 336/339/336 
f 2142/2223/2142 3589/3982/3589 3688/4186/3688 
f 124/124/124 123/123/123 1068/1085/1068 
f 76/76/76 2363/2477/2363 77/77/77 
f 1627/1779/1627 1736/1781/1736 3152/4187/3152 
f 359/362/359 503/506/503 732/743/732 
f 3161/3382/3161 3528/3879/3528 1665/1704/1665 
f 719/728/719 21/21/21 20/20/20 
f 1767/1818/1767 2199/2286/2199 3008/3209/3008 
f 1395/1426/1395 2313/2412/2313 2315/2414/2315 
f 2236/2324/2236 343/346/343 1603/1640/1603 
f 1259/1285/1259 1120/1140/1120 1803/1856/1803 
f 3268/3516/3268 3059/3263/3059 3058/3262/3058 
f 3596/3992/3596 2791/2959/2791 1986/2051/1986 
f 197/197/197 199/199/199 1205/3962/1205 
f 986/1001/986 985/1000/985 1299/1327/1299 
f 1936/1999/1936 2409/2531/2409 1937/2000/1937 
f 3119/3329/3119 2673/2820/2673 456/459/456 
f 2070/2142/2070 646/650/646 2849/3025/2849 
f 1817/1870/1817 2216/2304/2216 2593/2725/2593 
f 3033/3235/3033 3575/3959/3575 2629/2764/2629 
f 1827/1880/1827 1520/1553/1520 1668/1707/1668 
f 274/276/274 210/210/210 209/209/209 
f 2813/2984/2813 2946/3127/2946 2811/2982/2811 
f 455/458/455 78/78/78 456/459/456 
f 2571/2701/2571 2828/3000/2828 3220/3449/3220 
f 3398/3693/3398 3399/3694/3399 3637/4069/3637 
f 3520/3865/3520 3675/4145/3675 1984/3866/1984 
f 3576/3960/3576 1806/1859/1806 2609/2741/2609 
f 311/4188/311 2941/3122/2941 3036/3238/3036 
f 3381/3670/3381 2111/2189/2111 2110/2188/2110 
f 1087/1104/1087 2552/2682/2552 367/370/367 
f 1352/1381/1352 1002/1019/1002 691/699/691 
f 678/684/678 2386/4057/2386 676/682/676 
f 2579/2710/2579 2700/2850/2700 1960/2024/1960 
f 803/814/803 805/816/805 781/792/781 
f 2973/3163/2973 2671/2818/2671 3071/3275/3071 
f 2449/2573/2449 2741/2899/2741 3616/4031/3616 
f 2360/2474/2360 3556/3926/3556 2359/2473/2359 
f 480/483/480 3530/3887/3530 1315/1343/1315 
f 2535/2663/2535 2534/2662/2534 3009/3210/3009 
f 3127/3341/3127 2706/2860/2706 3125/3339/3125 
f 2946/3127/2946 2598/2730/2598 3181/3406/3181 
f 1599/1636/1599 1895/1953/1895 1600/1637/1600 
f 313/4189/313 2941/3122/2941 311/4188/311 
f 3377/3666/3377 1485/1518/1485 527/531/527 
f 2535/2663/2535 3228/3458/3228 3679/4157/3679 
f 561/565/561 2733/3682/2733 2760/4190/2760 
f 3331/3602/3331 2016/2084/2016 3332/3603/3332 
f 3575/3959/3575 3576/3960/3576 2609/2741/2609 
f 819/830/819 3248/3489/3248 3444/3759/3444 
f 1044/1061/1044 2955/3139/2955 3088/3296/3088 
f 3211/3439/3211 3689/4191/3689 3690/4192/3690 
f 1101/1119/1101 1845/1899/1845 1655/1693/1655 
f 3011/3212/3011 1675/1715/1675 1674/1714/1674 
f 3222/3451/3222 3125/3339/3125 2706/2860/2706 
f 128/128/128 127/127/127 3691/4193/3691 
f 2432/2555/2432 549/553/549 1804/1857/1804 
f 3439/3747/3439 63/63/63 1675/1715/1675 
f 845/856/845 15/15/15 3463/3787/3463 
f 1338/1367/1338 2741/2899/2741 989/1005/989 
f 1279/1305/1279 1890/1947/1890 1280/1306/1280 
f 3671/4139/3671 2612/2744/2612 2183/2269/2183 
f 3615/4030/3615 3064/3268/3064 1083/1100/1083 
f 2800/2969/2800 2710/2864/2710 2195/2282/2195 
f 2601/2733/2601 2630/2765/2630 2002/2069/2002 
f 3485/4194/3485 3111/4195/3111 3516/3856/3516 
f 3525/3875/3525 2470/2595/2470 2155/2239/2155 
f 1084/1101/1084 614/618/614 1085/1102/1085 
f 2237/2325/2237 848/859/848 855/866/855 
f 488/4196/488 2890/3067/2890 3185/3829/3185 
f 3135/3350/3135 3678/4197/3678 2775/2941/2775 
f 1976/2041/1976 1550/1585/1550 1549/1584/1549 
f 866/877/866 2066/2138/2066 2065/2137/2065 
f 3260/3502/3260 2509/2637/2509 3276/3525/3276 
f 3037/3239/3037 2891/3068/2891 3509/3845/3509 
f 2505/2631/2505 492/495/492 1774/1825/1774 
f 2510/2638/2510 497/500/497 1979/2044/1979 
f 3560/3934/3560 1762/2238/1762 2594/2726/2594 
f 3158/3379/3158 1117/1137/1117 3443/3758/3443 
f 2101/2179/2101 2666/2811/2666 3505/3841/3505 
f 1587/1624/1587 3681/4160/3681 1585/1622/1585 
f 1125/1145/1125 1126/1146/1126 1532/1565/1532 
f 2976/3169/2976 3349/3622/3349 2984/3177/2984 
f 1967/2031/1967 184/184/184 1828/1881/1828 
f 3093/3301/3093 2805/2974/2805 2773/2939/2773 
f 3170/4198/3170 1984/3866/1984 3675/4145/3675 
f 2945/3126/2945 563/567/563 2551/2681/2551 
f 1997/2063/1997 718/727/718 717/726/717 
f 785/796/785 1313/1341/1313 2251/2340/2251 
f 1297/1325/1297 2748/2906/2748 2753/2911/2753 
f 3152/4187/3152 1625/1752/1625 1627/1779/1627 
f 792/803/792 1297/1325/1297 793/804/793 
f 3674/4144/3674 3692/4199/3692 2666/2811/2666 
f 2257/2346/2257 247/249/247 2043/2112/2043 
f 2285/2376/2285 1276/1302/1276 286/288/286 
f 2400/2521/2400 3295/3550/3295 944/956/944 
f 24/24/24 2794/2962/2794 2029/2098/2029 
f 790/801/790 793/804/793 2276/2367/2276 
f 883/894/883 819/830/819 1351/1380/1351 
f 833/844/833 238/238/238 1688/1729/1688 
f 2806/2975/2806 2407/2528/2407 494/2530/494 
f 1505/1538/1505 1310/1338/1310 126/126/126 
f 1214/1237/1214 1156/1176/1156 3549/3915/3549 
f 1288/1314/1288 1462/1495/1462 1289/1315/1289 
f 1538/1572/1538 1899/1957/1899 1813/1866/1813 
f 313/4189/313 3685/4177/3685 2941/3122/2941 
f 3019/3220/3019 3645/4090/3645 3102/3311/3102 
f 2799/2967/2799 1686/1726/1686 3685/4177/3685 
f 2719/2874/2719 2754/2912/2754 3525/3875/3525 
f 2368/2482/2368 309/312/309 1961/2025/1961 
f 2462/2587/2462 1495/1528/1495 2969/3158/2969 
f 3215/3443/3215 3105/3315/3105 2157/2241/2157 
f 3458/3780/3458 3075/3279/3075 3623/4039/3623 
f 1869/1924/1869 1993/2059/1993 2344/2452/2344 
f 2776/2942/2776 3312/3576/3312 2777/2943/2777 
f 3522/3868/3522 2645/2787/2645 2521/2649/2521 
f 2407/2528/2407 2798/2966/2798 2408/2529/2408 
f 3594/3988/3594 2840/3013/2840 1082/1099/1082 
f 1598/1635/1598 1279/1305/1279 564/568/564 
f 3395/3688/3395 1871/1926/1871 1870/1925/1870 
f 2050/2119/2050 2052/2121/2052 1378/1409/1378 
f 3186/3411/3186 3532/3891/3532 2960/3145/2960 
f 1978/2043/1978 1977/2042/1977 1218/1241/1218 
f 896/907/896 576/580/576 897/908/897 
f 564/568/564 563/567/563 2944/3125/2944 
f 3223/3452/3223 2672/2819/2672 2581/2712/2581 
f 1600/1637/1600 2015/2083/2015 2236/2324/2236 
f 2543/2672/2543 2719/2874/2719 2721/2876/2721 
f 2262/2351/2262 2759/2921/2759 2472/2597/2472 
f 3637/4069/3637 467/470/467 3398/3693/3398 
f 1260/1286/1260 878/889/878 653/658/653 
f 2945/3126/2945 2551/2681/2551 2550/2680/2550 
f 2956/3141/2956 2546/3140/2546 657/662/657 
f 3448/3765/3448 3506/3842/3506 3678/4156/3678 
f 2721/2876/2721 3559/4042/3559 2542/2671/2542 
f 1639/1676/1639 2980/3173/2980 1228/1251/1228 
f 2778/2944/2778 3692/4199/3692 3674/4144/3674 
f 3334/3605/3334 2114/2192/2114 3132/3346/3132 
f 105/105/105 104/104/104 2286/2377/2286 
f 3041/3244/3041 174/174/174 3160/3381/3160 
f 473/476/473 1922/1984/1922 1316/1344/1316 
f 458/461/458 1947/2011/1947 459/462/459 
f 1687/1728/1687 1381/1412/1381 3666/4129/3666 
f 3030/3232/3030 495/498/495 2510/2638/2510 
f 3045/3248/3045 3693/4200/3693 1452/1485/1452 
f 3390/3679/3390 1750/1800/1750 3285/3536/3285 
f 1916/1978/1916 1845/1899/1845 3401/3700/3401 
f 2311/4201/2311 2330/2437/2330 1017/1034/1017 
f 2705/2859/2705 2999/3200/2999 2985/3178/2985 
f 2415/2537/2415 1442/3755/1442 44/44/44 
f 1038/1055/1038 1037/1054/1037 3201/3427/3201 
f 2557/2687/2557 2613/2745/2613 3315/3582/3315 
f 341/344/341 1732/1775/1732 1372/1403/1372 
f 2650/2793/2650 473/476/473 472/475/472 
f 1405/1436/1405 3538/3898/3538 2495/4000/2495 
f 1601/1638/1601 879/890/879 558/562/558 
f 399/402/399 1352/1381/1352 400/403/400 
f 185/185/185 1494/1527/1494 2751/2909/2751 
f 686/694/686 213/213/213 180/180/180 
f 2155/2239/2155 2092/2170/2092 1562/1597/1562 
f 720/729/720 20/20/20 1702/1744/1702 
f 2825/2997/2825 542/546/542 3482/3811/3482 
f 2217/2305/2217 2219/2307/2219 806/817/806 
f 736/747/736 1358/1389/1358 717/726/717 
f 3466/3790/3466 896/907/896 898/909/898 
f 3334/3605/3334 2383/2499/2383 2382/2498/2382 
f 2984/3177/2984 2292/2384/2292 2976/3169/2976 
f 1911/1972/1911 428/3663/428 430/1973/430 
f 3274/3522/3274 583/587/583 582/586/582 
f 1824/1877/1824 946/958/946 2261/2350/2261 
f 2492/2617/2492 3554/3923/3554 1748/1798/1748 
f 1477/1510/1477 2124/2202/2124 2126/2204/2126 
f 2640/2778/2640 2983/3176/2983 2570/2700/2570 
f 1290/1316/1290 3400/3697/3400 3227/3457/3227 
f 3533/3892/3533 1968/2032/1968 3330/3600/3330 
f 3467/4202/3467 3428/3735/3428 318/321/318 
f 549/553/549 23/23/23 480/483/480 
f 1193/1214/1193 602/606/602 660/665/660 
f 1333/1362/1333 2330/2437/2330 1612/1649/1612 
f 996/1013/996 2775/3751/2775 3678/4203/3678 
f 327/330/327 2094/2172/2094 2093/2171/2093 
f 22/22/22 3530/3887/3530 480/483/480 
f 1922/1984/1922 2650/2793/2650 873/884/873 
f 3465/3789/3465 3432/3739/3432 2895/3072/2895 
f 3482/3811/3482 541/545/541 1967/2031/1967 
f 3191/3416/3191 1978/2043/1978 1217/1240/1217 
f 2007/3015/2007 1848/1993/1848 2842/3016/2842 
f 1880/1937/1880 3377/3666/3377 1467/1500/1467 
f 2511/2639/2511 2350/2461/2350 548/552/548 
f 2340/2447/2340 729/740/729 1477/1510/1477 
f 186/186/186 637/641/637 470/473/470 
f 3564/3938/3564 3458/3780/3458 3623/4039/3623 
f 3694/4204/3694 1741/1791/1741 1743/1793/1743 
f 1599/1636/1599 2944/3125/2944 1894/1952/1894 
f 940/952/940 210/210/210 1771/1822/1771 
f 2513/2641/2513 1640/4170/1640 2351/2462/2351 
f 2514/2642/2514 3604/4007/3604 3033/3235/3033 
f 3518/3861/3518 1474/1507/1474 1473/1506/1473 
f 1053/1070/1053 3130/3344/3130 1054/1071/1054 
f 1805/1858/1805 2609/2741/2609 1806/1859/1806 
f 2525/2653/2525 2671/2818/2671 2523/2651/2523 
f 3489/3821/3489 2778/4205/2778 2777/3822/2777 
f 2240/2328/2240 2489/2614/2489 3257/3499/3257 
f 2936/3698/2936 2818/2989/2818 2638/3162/2638 
f 1874/1929/1874 1876/1931/1876 3078/3282/3078 
f 2181/2267/2181 250/252/250 100/100/100 
f 3453/3773/3453 3584/3972/3584 2772/2938/2772 
f 2799/2967/2799 3685/4177/3685 1594/3137/1594 
f 2329/2433/2329 1713/1756/1713 1980/2045/1980 
f 3122/3332/3122 134/134/134 2171/2257/2171 
f 1640/4170/1640 3529/4172/3529 2351/2462/2351 
f 2970/3159/2970 2585/2716/2585 2558/2688/2558 
f 3000/3201/3000 2985/3178/2985 2999/3200/2999 
f 3439/3747/3439 3280/3530/3280 917/929/917 
f 1689/1730/1689 3695/4206/3695 3628/4055/3628 
f 1587/1624/1587 1586/1623/1586 938/950/938 
f 2371/2486/2371 2422/2545/2422 2618/2750/2618 
f 3444/3759/3444 3388/3677/3388 1544/1579/1544 
f 1528/1561/1528 537/541/537 536/540/536 
f 2988/3181/2988 2370/2485/2370 1355/1385/1355 
f 3366/3650/3366 3616/4031/3616 2853/3029/2853 
f 72/72/72 416/419/416 369/372/369 
f 150/150/150 2586/2718/2586 151/151/151 
f 1435/1468/1435 3179/3402/3179 722/731/722 
f 2483/2608/2483 786/797/786 2130/2210/2130 
f 1992/2058/1992 2344/2452/2344 1993/2059/1993 
f 760/771/760 759/770/759 3031/3233/3031 
f 3311/3575/3311 2777/2943/2777 3312/3576/3312 
f 2666/2811/2666 3692/4199/3692 3505/3841/3505 
f 2167/2251/2167 343/346/343 2236/2324/2236 
f 3676/4146/3676 2492/2617/2492 3675/4145/3675 
f 2827/2999/2827 2894/3071/2894 3613/4028/3613 
f 1054/1071/1054 3644/4086/3644 3001/3202/3001 
f 708/717/708 3433/3741/3433 709/718/709 
f 2979/3172/2979 2978/3171/2978 1590/1627/1590 
f 2104/2182/2104 1779/1831/1779 1873/1928/1873 
f 1889/4207/1889 1983/4208/1983 3696/4209/3696 
f 1277/1303/1277 2986/3179/2986 154/154/154 
f 708/717/708 1215/1238/1215 3652/4105/3652 
f 3045/3248/3045 1452/1485/1452 2722/2877/2722 
f 2953/3483/2953 3313/3577/3313 3243/3484/3243 
f 2604/2736/2604 3246/3487/3246 2871/3048/2871 
f 1729/1772/1729 61/61/61 1335/1364/1335 
f 3595/3990/3595 813/824/813 812/823/812 
f 1844/2166/1844 672/678/672 674/680/674 
f 3156/3376/3156 1951/3403/1951 937/949/937 
f 1103/1121/1103 3583/3971/3583 432/435/432 
f 2311/2408/2311 2653/2796/2653 2330/4210/2330 
f 3390/3679/3390 3285/3536/3285 2407/2528/2407 
f 3535/3894/3535 3467/3886/3467 3163/3384/3163 
f 2845/3020/2845 2807/4211/2807 2504/2929/2504 
f 774/785/774 203/203/203 772/783/772 
f 3341/3614/3341 2657/2800/2657 3697/4212/3697 
f 2293/2385/2293 1711/1754/1711 2331/2438/2331 
f 901/913/901 588/592/588 587/591/587 
f 2654/2797/2654 3218/3447/3218 3194/3419/3194 
f 1396/1427/1396 625/629/625 1799/1852/1799 
f 747/758/747 3050/3253/3050 2564/2694/2564 
f 706/715/706 1568/1604/1568 3278/3528/3278 
f 2727/2882/2727 3150/3368/3150 3427/3734/3427 
f 1796/1849/1796 421/424/421 420/423/420 
f 1629/1666/1629 2748/2906/2748 1630/1667/1630 
f 1672/3192/1672 2845/3020/2845 1673/3019/1673 
f 3465/3789/3465 3663/4118/3663 3532/3891/3532 
f 944/956/944 943/955/943 3698/4213/3698 
f 3679/4157/3679 3228/3458/3228 189/189/189 
f 541/545/541 3482/3811/3482 542/546/542 
f 3078/3282/3078 2822/2994/2822 2918/3096/2918 
f 3369/3654/3369 2960/3145/2960 2959/3144/2959 
f 3370/3658/3370 1495/1528/1495 2462/2587/2462 
f 3699/4214/3699 2159/2243/2159 3134/4215/3134 
f 2704/2855/2704 1425/1457/1425 545/549/545 
f 3507/3843/3507 3166/4216/3166 3700/4217/3700 
f 516/4218/516 2158/4219/2158 2157/4220/2157 
f 3268/3590/3268 3657/4150/3657 3149/3367/3149 
f 363/366/363 3122/3332/3122 2825/2997/2825 
f 1308/1336/1308 202/202/202 201/201/201 
f 1743/1793/1743 1742/1792/1742 2225/2516/2225 
f 2466/2591/2466 3055/3259/3055 650/655/650 
f 3513/3852/3513 1969/2033/1969 3125/3339/3125 
f 984/999/984 2893/3070/2893 2895/3072/2895 
f 1315/1343/1315 1805/1858/1805 1804/1857/1804 
f 2812/2983/2812 2811/2982/2811 3182/3407/3182 
f 2093/2171/2093 3637/4069/3637 327/330/327 
f 3169/3390/3169 1642/3931/1642 1641/3716/1641 
f 987/1003/987 943/955/943 942/954/942 
f 1031/1048/1031 2208/2296/2208 1029/1046/1029 
f 2943/3124/2943 3266/3513/3266 233/233/233 
f 1734/1777/1734 3375/3664/3375 2641/3776/2641 
f 3530/3887/3530 473/476/473 1316/1344/1316 
f 639/4182/639 1220/1243/1220 517/521/517 
f 2511/2639/2511 548/552/548 1826/1879/1826 
f 487/3740/487 486/4221/486 2185/2271/2185 
f 3190/3415/3190 2908/3086/2908 2865/3042/2865 
f 1940/2004/1940 2216/2304/2216 1941/2005/1941 
f 2542/2671/2542 3595/4222/3595 498/501/498 
f 749/760/749 278/280/278 3450/3767/3450 
f 788/799/788 1801/1854/1801 1778/1830/1778 
f 1268/1294/1268 490/493/490 489/492/489 
f 1958/2022/1958 1387/1418/1387 2357/2469/2357 
f 820/831/820 3444/3759/3444 1544/1579/1544 
f 1684/1724/1684 3473/3801/3473 1685/1725/1685 
f 3068/3272/3068 1684/1724/1684 2520/2648/2520 
f 3221/3450/3221 3291/4223/3291 980/995/980 
f 579/583/579 578/582/578 1065/4224/1065 
f 2134/2214/2134 2133/2213/2133 3254/3495/3254 
f 1013/1030/1013 273/275/273 272/274/272 
f 2239/2327/2239 226/226/226 3145/3363/3145 
f 747/758/747 1474/1507/1474 745/756/745 
f 1586/1623/1586 1977/2042/1977 1979/2044/1979 
f 3190/3415/3190 3191/3416/3191 1217/1240/1217 
f 2945/3126/2945 2944/3125/2944 563/567/563 
f 995/1012/995 2808/2978/2808 1578/1615/1578 
f 2758/2918/2758 3178/3401/3178 2055/2124/2055 
f 1221/1244/1221 1149/1169/1149 3428/3735/3428 
f 203/203/203 1905/1963/1905 204/204/204 
f 3434/3742/3434 2528/2656/2528 1745/1795/1745 
f 3311/4096/3311 1222/1245/1222 2777/3822/2777 
f 3476/3804/3476 1090/1107/1090 1851/1905/1851 
f 932/944/932 2699/2849/2699 3100/3308/3100 
f 3701/4225/3701 1641/4226/1641 1640/4170/1640 
f 2245/2334/2245 2638/3162/2638 2818/2989/2818 
f 2682/2829/2682 2013/2081/2013 3362/3643/3362 
f 448/451/448 3478/3807/3478 446/449/446 
f 3587/3978/3587 2885/3062/2885 3382/3671/3382 
f 3558/3928/3558 3696/4227/3696 2917/3095/2917 
f 1145/1165/1145 2312/2411/2312 1671/1710/1671 
f 3702/4228/3702 3360/3641/3360 3703/4229/3703 
f 2489/2614/2489 3145/3363/3145 2940/3121/2940 
f 1424/1456/1424 1331/1360/1331 1955/2019/1955 
f 1501/1534/1501 2078/2150/2078 1502/1535/1502 
f 3685/4177/3685 313/4189/313 1594/3137/1594 
f 449/452/449 3083/3289/3083 1482/1515/1482 
f 2859/3035/2859 1354/1384/1354 3004/3205/3004 
f 497/500/497 496/499/496 3157/3377/3157 
f 1030/1047/1030 1503/1536/1503 2789/2957/2789 
f 3605/4013/3605 2293/2385/2293 1394/1425/1394 
f 3105/3315/3105 3224/3453/3224 2685/2835/2685 
f 1463/3754/1463 2967/3154/2967 1610/3874/1610 
f 2090/2167/2090 674/680/674 1401/1432/1401 
f 744/755/744 743/754/743 2000/2067/2000 
f 3126/3340/3126 3125/3339/3125 1969/2033/1969 
f 3186/3411/3186 3187/3412/3187 3499/3835/3499 
f 1585/1622/1585 1977/2042/1977 1586/1623/1586 
f 987/1003/987 2449/2573/2449 943/955/943 
f 3445/4148/3445 1927/3921/1927 677/683/677 
f 1314/1342/1314 1316/1344/1316 2632/2769/2632 
f 2046/3309/2046 2992/3876/2992 1616/1653/1616 
f 1221/1244/1221 3399/3694/3399 1149/1169/1149 
f 1485/1518/1485 1879/1936/1879 1483/1516/1483 
f 2906/3084/2906 3508/3844/3508 2545/2674/2545 
f 1434/1467/1434 3290/3542/3290 1432/1465/1432 
f 3637/4069/3637 328/331/328 327/330/327 
f 1880/1937/1880 1467/1500/1467 1466/1499/1466 
f 2512/2640/2512 2917/3095/2917 1983/4230/1983 
f 847/858/847 1490/1523/1490 1489/1522/1489 
f 3313/3577/3313 2953/3483/2953 326/4125/326 
f 3607/4019/3607 13/13/13 3493/3826/3493 
f 2609/2741/2609 1805/1858/1805 2608/2740/2608 
f 3535/3894/3535 3692/4199/3692 3682/4231/3682 
f 3499/3835/3499 1968/2032/1968 3533/3892/3533 
f 3420/3726/3420 3704/4232/3704 3687/4180/3687 
f 3090/3298/3090 2470/2595/2470 3525/3875/3525 
f 1915/1977/1915 193/193/193 128/128/128 
f 3537/3896/3537 3077/3281/3077 3076/3280/3076 
f 599/603/599 1371/1402/1371 600/604/600 
f 2258/2347/2258 1724/2979/1724 2243/2331/2243 
f 1714/1789/1714 1956/2020/1956 2416/4233/2416 
f 1081/1098/1081 3491/3824/3491 1082/1099/1082 
f 3621/4037/3621 3620/4036/3620 3412/3717/3412 
f 1210/1232/1210 1439/1472/1439 3591/3985/3591 
f 118/118/118 1995/2061/1995 1091/1108/1091 
f 3473/3801/3473 2102/2180/2102 2461/2586/2461 
f 3411/3715/3411 3468/3796/3468 3052/3255/3052 
f 3673/4143/3673 2565/4234/2565 2567/3526/2567 
f 686/694/686 382/385/382 213/213/213 
f 3245/4053/3245 3137/3352/3137 1353/1459/1353 
f 2920/3098/2920 2298/2390/2298 961/975/961 
f 2910/3088/2910 1911/1972/1911 3503/3839/3503 
f 712/721/712 1208/1230/1208 3160/3381/3160 
f 1513/1546/1513 2658/2801/2658 1512/1545/1512 
f 3536/3895/3536 3163/3384/3163 2942/3123/2942 
f 3285/3536/3285 1750/1800/1750 2518/2646/2518 
f 3535/3894/3535 3505/3841/3505 3692/4199/3692 
f 887/898/887 262/264/262 888/899/888 
f 3048/3251/3048 3050/3253/3050 3640/4074/3640 
f 1039/1056/1039 1740/1787/1740 3518/3861/3518 
f 2598/2730/2598 2866/3043/2866 3181/3406/3181 
f 1279/1305/1279 1598/1635/1598 1891/1948/1891 
f 3489/3821/3489 3682/4166/3682 2778/4205/2778 
f 1875/1930/1875 1874/1929/1874 1657/1695/1657 
f 1435/1468/1435 1575/1612/1575 3179/3402/3179 
f 2907/3085/2907 2359/2473/2359 3556/3926/3556 
f 3099/3307/3099 2945/3126/2945 2550/2680/2550 
f 3182/3407/3182 2515/2643/2515 2812/2983/2812 
f 2415/2537/2415 2726/2881/2726 1443/4235/1443 
f 3184/4236/3184 2080/3722/2080 1062/1079/1062 
f 2457/2582/2457 3705/4237/3705 2458/2583/2458 
f 641/645/641 2477/2602/2477 2479/2604/2479 
f 3170/4198/3170 1985/4238/1985 1984/3866/1984 
f 1100/1118/1100 1102/1120/1102 2363/2477/2363 
f 1577/1736/1577 1737/1783/1737 3287/3539/3287 
f 3605/4013/3605 2291/2383/2291 2293/2385/2293 
f 2135/2215/2135 3119/3329/3119 456/459/456 
f 705/714/705 18/18/18 17/17/17 
f 1602/1639/1602 1656/1694/1656 1187/1208/1187 
f 3163/3384/3163 3034/3236/3034 3036/3238/3036 
f 2085/2157/2085 2084/2156/2084 3147/3365/3147 
f 2864/3041/2864 2924/3102/2924 2248/2337/2248 
f 2639/2777/2639 3402/3701/3402 2031/2100/2031 
f 2768/2933/2768 2951/3133/2951 1173/1193/1173 
f 3535/3894/3535 3163/3384/3163 3536/3895/3536 
f 1647/1684/1647 1033/1050/1033 1543/1578/1543 
f 2461/2586/2461 3505/3841/3505 3536/3895/3536 
f 2910/3991/2910 3622/4038/3622 3308/3570/3308 
f 2921/4175/2921 3409/3712/3409 2919/4239/2919 
f 2988/3181/2988 2437/2560/2437 2443/2566/2443 
f 2898/3075/2898 1508/1541/1508 2899/3076/2899 
f 477/480/477 3093/3301/3093 478/481/478 
f 3682/4231/3682 3692/4199/3692 2778/2944/2778 
f 3264/3510/3264 574/578/574 4/4/4 
f 2286/2377/2286 2288/2379/2288 866/877/866 
f 2661/2804/2661 1269/1295/1269 2060/2129/2060 
f 2565/2695/2565 2001/2068/2001 2566/2696/2566 
f 2877/3054/2877 3291/3543/3291 3293/3545/3293 
f 3473/3801/3473 1684/1724/1684 3068/3272/3068 
f 3706/4240/3706 177/177/177 176/176/176 
f 3235/3470/3235 3464/3788/3464 2874/3051/2874 
f 1966/2792/1966 1569/1605/1569 17/17/17 
f 1335/1364/1335 61/61/61 2089/2165/2089 
f 399/402/399 1002/1019/1002 1352/1381/1352 
f 3359/4241/3359 3241/3481/3241 3106/3480/3106 
f 2746/2904/2746 3499/3835/3499 3631/4060/3631 
f 3241/3481/3241 3680/4158/3680 2634/2771/2634 
f 1432/1465/1432 3290/3542/3290 3178/3401/3178 
f 1232/1255/1232 2608/2740/2608 2632/2769/2632 
f 303/306/303 211/211/211 941/953/941 
f 3001/3202/3001 3707/4242/3707 2868/3045/2868 
f 3249/3490/3249 3708/4243/3708 3709/4244/3709 
f 755/766/755 2452/2576/2452 246/248/246 
f 3682/4166/3682 3428/3735/3428 3467/4202/3467 
f 1287/1313/1287 2396/4245/2396 1865/2508/1865 
f 628/632/628 324/327/324 323/326/323 
f 3557/3927/3557 3182/3407/3182 2907/3085/2907 
f 540/544/540 2171/2257/2171 2895/3072/2895 
f 1156/1176/1156 1215/1238/1215 662/667/662 
f 2271/2362/2271 1546/1581/1546 2064/2136/2064 
f 2682/2829/2682 1722/1765/1722 2014/2082/2014 
f 3518/3861/3518 2996/3195/2996 1474/1507/1474 
f 469/472/469 468/471/468 2197/2284/2197 
f 2764/2926/2764 641/645/641 2479/2604/2479 
f 149/149/149 188/188/188 2575/2705/2575 
f 328/331/328 3399/3694/3399 1221/1244/1221 
f 3517/3859/3517 3154/3374/3154 2623/2756/2623 
f 3030/3232/3030 3191/3416/3191 2867/3044/2867 
f 3489/3821/3489 1221/1244/1221 3428/3735/3428 
f 2089/2165/2089 1307/1335/1307 1335/1364/1335 
f 2448/2571/2448 2447/2570/2447 600/604/600 
f 492/495/492 494/497/494 2209/2297/2209 
f 2116/2194/2116 2627/2761/2627 2837/3009/2837 
f 3679/4157/3679 2536/2664/2536 2535/2663/2535 
f 818/829/818 3158/3379/3158 3631/4060/3631 
f 2792/2960/2792 2791/2959/2791 750/761/750 
f 939/951/939 497/500/497 3157/3377/3157 
f 3285/3536/3285 2798/2966/2798 2407/2528/2407 
f 3536/3895/3536 2942/3123/2942 3472/3800/3472 
f 1519/1552/1519 2499/3189/2499 2498/3646/2498 
f 21/21/21 719/728/719 2723/2878/2723 
f 1124/1144/1124 1123/1143/1123 66/66/66 
f 2802/2971/2802 1258/1284/1258 2644/2786/2644 
f 2514/2642/2514 2515/2643/2515 3557/3927/3557 
f 3531/3888/3531 2559/2689/2559 3088/3296/3088 
f 2804/2973/2804 2803/2972/2803 2318/2417/2318 
f 3660/4115/3660 805/3504/805 3261/3503/3261 
f 864/875/864 2282/2373/2282 974/988/974 
f 1985/4246/1985 3701/4225/3701 1983/4230/1983 
f 2661/2804/2661 3259/3501/3259 2660/2803/2660 
f 186/186/186 405/408/405 187/187/187 
f 3504/3840/3504 3201/3427/3201 3070/3274/3070 
f 2520/2648/2520 1684/1724/1684 3601/3999/3601 
f 2469/2594/2469 2470/2595/2470 3566/3940/3566 
f 1338/1367/1338 3616/4031/3616 2741/2899/2741 
f 1345/1374/1345 2056/2125/2056 988/1004/988 
f 3182/3407/3182 3557/3927/3557 2515/2643/2515 
f 1598/1635/1598 2944/3125/2944 1599/1636/1599 
f 984/999/984 2895/3072/2895 2171/2257/2171 
f 997/1014/997 3403/3702/3403 723/732/723 
f 789/800/789 788/799/788 1779/1831/1779 
f 3235/3470/3235 2874/3051/2874 1842/1896/1842 
f 1463/1496/1463 2653/4247/2653 1390/1421/1390 
f 2229/2317/2229 333/336/333 1206/1261/1206 
f 938/950/938 1586/1623/1586 939/951/939 
f 2955/3139/2955 2574/2704/2574 3531/3888/3531 
f 1533/1566/1533 1687/1728/1687 2970/3159/2970 
f 3329/3599/3329 2708/2862/2708 1561/1596/1561 
f 746/757/746 3640/4074/3640 3050/3253/3050 
f 3310/3572/3310 1507/1540/1507 397/400/397 
f 3647/4095/3647 1461/1494/1461 1462/1495/1462 
f 2237/2325/2237 1818/1871/1818 848/859/848 
f 3091/3299/3091 2914/3092/2914 3566/3940/3566 
f 1720/1763/1720 2176/2262/2176 1715/1758/1715 
f 2974/3164/2974 2973/3163/2973 3296/3885/3296 
f 2513/2641/2513 2512/2640/2512 3701/4225/3701 
f 3439/3747/3439 2089/2165/2089 61/61/61 
f 2138/2218/2138 1126/1146/1126 3666/4129/3666 
f 2035/4248/2035 1935/1998/1935 2405/3925/2405 
f 3642/4076/3642 2364/2478/2364 3668/4135/3668 
f 2106/2184/2106 1215/1238/1215 707/716/707 
f 217/217/217 1349/1378/1349 666/671/666 
f 1304/1332/1304 3487/3819/3487 1144/1164/1144 
f 1406/1438/1406 1604/1641/1604 2358/2471/2358 
f 1093/1110/1093 1559/1594/1559 1948/2012/1948 
f 3704/4232/3704 798/809/798 797/808/797 
f 1118/1138/1118 3381/3670/3381 1116/1136/1116 
f 2099/2177/2099 1428/1461/1428 2098/2176/2098 
f 3390/3679/3390 1748/1798/1748 1750/1800/1750 
f 3187/3412/3187 818/829/818 3631/4060/3631 
f 2159/2243/2159 3710/4249/3710 3215/3443/3215 
f 3160/3381/3160 710/719/710 712/721/712 
f 2725/2880/2725 393/396/393 2726/2881/2726 
f 2499/3189/2499 2541/2670/2541 103/3890/103 
f 2543/2672/2543 500/503/500 2754/2912/2754 
f 2850/3026/2850 455/458/455 2851/3027/2851 
f 3154/3374/3154 2884/3061/2884 2624/2757/2624 
f 1703/1745/1703 3711/4250/3711 3318/3586/3318 
f 1545/1580/1545 3158/3379/3158 820/831/820 
f 1535/1569/1535 2322/2424/2322 1536/1570/1536 
f 3674/4144/3674 2666/2811/2666 3578/3965/3578 
f 43/43/43 45/45/45 1518/1551/1518 
f 3176/3398/3176 3177/3399/3177 2047/2116/2047 
f 458/461/458 460/463/460 658/663/658 
f 3374/3662/3374 668/673/668 1107/3338/1107 
f 1269/1295/1269 2234/2322/2234 2060/2129/2060 
f 1603/1640/1603 919/931/919 1892/1949/1892 
f 2143/2224/2143 2472/2597/2472 2759/2921/2759 
f 2680/2827/2680 3284/3535/3284 3427/3734/3427 
f 753/764/753 3387/3676/3387 2414/4173/2414 
f 3055/3259/3055 927/939/927 3239/3475/3239 
f 3442/3753/3442 1280/1306/1280 1890/1947/1890 
f 3504/3840/3504 3242/3482/3242 3201/3427/3201 
f 1084/1101/1084 2755/2915/2755 46/46/46 
f 2449/2573/2449 1266/1292/1266 943/955/943 
f 3120/3330/3120 3368/3653/3368 3121/3331/3121 
f 3218/3447/3218 1888/1945/1888 1887/1944/1887 
f 2289/2380/2289 1570/1606/1570 1569/1605/1569 
f 1643/1680/1643 3257/3499/3257 2489/2614/2489 
f 3070/3274/3070 2956/3141/2956 3504/3840/3504 
f 644/648/644 228/228/228 200/200/200 
f 204/204/204 1905/1963/1905 2692/2842/2692 
f 3260/3502/3260 2136/2216/2136 1592/1629/1592 
f 3712/4251/3712 2404/2525/2404 2786/2954/2786 
f 1761/1811/1761 1762/1813/1762 3560/4079/3560 
f 1393/1424/1393 287/289/287 1276/1302/1276 
f 1116/1136/1116 1150/1170/1150 1117/1137/1117 
f 927/939/927 951/963/951 3239/3475/3239 
f 282/4252/282 2368/3706/2368 518/3167/518 
f 1376/1407/1376 1378/1409/1378 2884/3061/2884 
f 3555/3924/3555 1930/1992/1930 2611/2743/2611 
f 2230/2318/2230 2309/2406/2309 2221/2309/2221 
f 751/2815/751 753/4253/753 3296/3551/3296 
f 3041/3244/3041 998/1015/998 3040/3243/3040 
f 3535/3894/3535 3682/4231/3682 3467/3886/3467 
f 2553/2683/2553 1322/1350/1322 3175/3397/3175 
f 1585/1622/1585 3681/4160/3681 3656/4111/3656 
f 3600/3998/3600 1803/1856/1803 1119/1139/1119 
f 3388/3677/3388 3248/3489/3248 3435/3743/3435 
f 1544/1579/1544 3388/3677/3388 3213/3441/3213 
f 465/468/465 2448/4254/2448 466/469/466 
f 952/964/952 947/959/947 1532/1565/1532 
f 881/892/881 3581/3968/3581 3630/4059/3630 
f 52/52/52 3481/3810/3481 3316/3729/3316 
f 966/980/966 1606/1643/1606 1035/1052/1035 
f 197/197/197 3538/3898/3538 3667/4131/3667 
f 2270/2361/2270 3237/3473/3237 3221/3450/3221 
f 3296/4255/3296 2973/4256/2973 2670/4257/2670 
f 2735/2893/2735 1624/1661/1624 2145/2227/2145 
f 1970/2034/1970 3654/4107/3654 2519/2647/2519 
f 1169/1189/1169 1171/1191/1171 1025/1042/1025 
f 952/964/952 138/138/138 947/959/947 
f 3713/4258/3713 206/206/206 3567/3944/3567 
f 398/401/398 424/427/424 913/925/913 
f 1482/1515/1482 1172/1192/1172 1468/1501/1468 
f 457/460/457 456/459/456 2673/2820/2673 
f 4/4/4 6/6/6 1390/1421/1390 
f 3193/3418/3193 3454/3775/3454 3172/3394/3172 
f 1360/1391/1360 2438/2561/2438 1342/1371/1342 
f 184/184/184 1967/2031/1967 482/485/482 
f 1178/1198/1178 387/390/387 2086/2158/2086 
f 3670/4138/3670 3207/3434/3207 3714/4259/3714 
f 1527/1560/1527 3622/4038/3622 3245/3486/3245 
f 1963/2027/1963 1411/1443/1411 1953/2017/1953 
f 415/418/415 3581/3968/3581 3563/3937/3563 
f 1379/1410/1379 2284/2375/2284 285/287/285 
f 2735/2893/2735 1304/1332/1304 1419/1451/1419 
f 2806/4260/2806 493/4082/493 2807/4084/2807 
f 1912/1974/1912 3443/3758/3443 1152/1172/1152 
f 2853/3029/2853 2448/4254/2448 3085/3909/3085 
f 3387/3676/3387 3135/3350/3135 510/513/510 
f 3595/4222/3595 2542/2671/2542 3559/4042/3559 
f 997/1014/997 3318/4261/3318 3711/4262/3711 
f 747/758/747 746/757/746 3050/3253/3050 
f 2076/2148/2076 1430/1463/1430 2582/2713/2582 
f 3158/3379/3158 1545/1580/1545 1117/1137/1117 
f 1544/1579/1544 3214/3442/3214 2338/2445/2338 
f 1394/1425/1394 2313/2412/2313 1395/1426/1395 
f 2024/2092/2024 80/80/80 3101/3310/3101 
f 3529/4172/3529 3494/3827/3494 3348/3621/3348 
f 361/364/361 360/363/360 2126/2204/2126 
f 2934/3114/2934 2333/2440/2333 1478/1511/1478 
f 2520/2648/2520 2519/2647/2519 3654/4107/3654 
f 1611/4134/1611 1610/3874/1610 2967/3154/2967 
f 1162/1182/1162 3715/4263/3715 1163/1183/1163 
f 34/34/34 2602/2734/2602 2696/2846/2696 
f 1884/1941/1884 2665/2809/2665 410/2096/410 
f 3249/3490/3249 3478/3807/3478 3708/4243/3708 
f 2490/2615/2490 3325/3594/3325 2226/2314/2226 
f 2395/2514/2395 567/2779/567 392/395/392 
f 1999/2066/1999 974/988/974 2282/2373/2282 
f 3577/3961/3577 1705/1747/1705 3014/3215/3014 
f 864/875/864 2288/2379/2288 2282/2373/2282 
f 1507/1540/1507 2938/3119/2938 2958/3143/2958 
f 1112/1131/1112 725/1357/725 2737/2895/2737 
f 2537/2665/2537 3695/4206/3695 3617/4032/3617 
f 2799/2967/2799 2798/2966/2798 3286/3537/3286 
f 3062/3266/3062 2872/3049/2872 3521/3867/3521 
f 3068/3272/3068 2102/2180/2102 3473/3801/3473 
f 282/2483/282 310/313/310 309/312/309 
f 1748/1798/1748 3554/3923/3554 1749/1799/1749 
f 1534/1567/1534 609/613/609 888/899/888 
f 2518/2646/2518 1750/1800/1750 2519/2647/2519 
f 2310/3509/2310 4/4/4 1390/1421/1390 
f 3334/3605/3334 2382/2498/2382 2113/2191/2113 
f 2886/3063/2886 3481/3810/3481 1318/1346/1318 
f 3419/3725/3419 1437/1470/1437 2380/4264/2380 
f 1420/1452/1420 1428/1461/1428 2099/2177/2099 
f 74/3752/74 2726/2881/2726 393/396/393 
f 3327/3597/3327 3367/3651/3367 3328/3598/3328 
f 1841/1895/1841 3716/4265/3716 3544/3907/3544 
f 460/463/460 459/462/459 758/769/758 
f 423/426/423 1359/1390/1359 376/379/376 
f 1684/1724/1684 1686/1726/1686 3601/3999/3601 
f 2281/2372/2281 2548/2678/2548 2465/2590/2465 
f 2124/2202/2124 3418/3724/3418 2562/2692/2562 
f 3676/4146/3676 3554/3923/3554 2492/2617/2492 
f 1912/1974/1912 2746/2904/2746 3631/4060/3631 
f 3663/4118/3663 3465/3789/3465 3635/4066/3635 
f 2617/2749/2617 3212/3440/3212 664/669/664 
f 443/4266/443 1423/2162/1423 2088/2161/2088 
f 2423/2546/2423 3624/4043/3624 3352/3630/3352 
f 1284/1310/1284 2964/3149/2964 1282/1308/1282 
f 2772/2938/2772 3584/3972/3584 746/757/746 
f 1772/1823/1772 2665/2809/2665 3550/4005/3550 
f 490/493/490 290/292/290 1467/1500/1467 
f 3396/3691/3396 2975/3168/2975 2285/2376/2285 
f 3186/3411/3186 3533/3892/3533 3532/3891/3532 
f 2857/3033/2857 2859/3035/2859 3498/3832/3498 
f 1321/1349/1321 716/725/716 2814/2985/2814 
f 3717/4267/3717 2152/2234/2152 2151/2233/2151 
f 1440/1473/1440 709/718/709 3433/3741/3433 
f 3718/4268/3718 3545/3908/3545 3544/3907/3544 
f 3675/4145/3675 2492/2617/2492 3170/4198/3170 
f 3021/3222/3021 1292/1319/1292 1285/1311/1285 
f 3373/3661/3373 1759/4165/1759 3371/3659/3371 
f 1487/1520/1487 2049/2118/2049 2851/3027/2851 
f 433/436/433 735/746/735 3519/3864/3519 
f 3047/3250/3047 3046/3249/3046 2502/3609/2502 
f 3062/3266/3062 3061/3265/3061 2873/3050/2873 
f 2409/2531/2409 437/440/437 2377/2492/2377 
f 3554/3923/3554 3676/4146/3676 3126/3340/3126 
f 1789/1841/1789 3664/4119/3664 1377/1408/1377 
f 1564/1600/1564 1565/1601/1565 1751/1801/1751 
f 1321/1349/1321 2814/2985/2814 1320/1348/1320 
f 2893/3070/2893 3613/4028/3613 2894/3071/2894 
f 2203/2290/2203 3236/3472/3236 2202/2289/2202 
f 3232/3464/3232 3222/3451/3222 1898/1956/1898 
f 1128/1148/1128 2193/2280/2193 1129/1149/1129 
f 2213/2301/2213 3464/3788/3464 3235/3470/3235 
f 1946/2010/1946 1560/1595/1560 1392/1423/1392 
f 3330/3600/3330 3432/3739/3432 3533/3892/3533 
f 3204/3430/3204 3206/3432/3206 19/19/19 
f 3392/4133/3392 1616/1653/1616 2992/3876/2992 
f 449/452/449 451/454/451 2241/2329/2241 
f 1816/1869/1816 1815/1868/1815 3534/3893/3534 
f 2050/2119/2050 3370/3658/3370 2051/2120/2051 
f 812/4269/812 3696/4270/3696 3558/4271/3558 
f 1473/1506/1473 2564/2694/2564 2671/2818/2671 
f 3030/3232/3030 2510/2638/2510 3191/3416/3191 
f 3696/4272/3696 1983/4273/1983 2917/4274/2917 
f 457/460/457 2851/3027/2851 455/458/455 
f 3382/3671/3382 2954/3136/2954 2953/3135/2953 
f 2855/3031/2855 263/653/263 139/3460/139 
f 393/396/393 2725/2880/2725 2981/3174/2981 
f 1288/1314/1288 1287/1313/1287 2392/2511/2392 
f 3719/4275/3719 2898/3075/2898 3720/4276/3720 
f 90/90/90 2963/3148/2963 2358/2471/2358 
f 1937/2000/1937 3002/3203/3002 2406/4277/2406 
f 2329/4278/2329 1945/2009/1945 1944/2008/1944 
f 1074/1091/1074 1580/1617/1580 1579/1616/1579 
f 2960/3145/2960 3663/4118/3663 2961/3146/2961 
f 1744/1794/1744 1746/1796/1746 3408/3711/3408 
f 1967/2031/1967 541/545/541 1968/2032/1968 
f 3389/3678/3389 1773/3294/1773 479/482/479 
f 2142/2223/2142 358/361/358 3589/3982/3589 
f 2633/2770/2633 3240/3479/3240 2634/2771/2634 
f 3558/3928/3558 2917/3095/2917 1825/1878/1825 
f 3479/3808/3479 3126/3340/3126 3676/4146/3676 
f 186/186/186 185/185/185 637/641/637 
f 1521/1554/1521 1523/1556/1523 2393/2512/2393 
f 515/519/515 66/66/66 65/65/65 
f 3721/4279/3721 3651/4280/3651 1501/1534/1501 
f 2491/2616/2491 3390/3679/3390 2806/2975/2806 
f 3707/4242/3707 3001/3202/3001 1203/1225/1203 
f 3279/3529/3279 700/708/700 3442/3753/3442 
f 3202/3428/3202 3531/3888/3531 190/190/190 
f 206/206/206 3713/4258/3713 2846/3022/2846 
f 2969/3158/2969 2463/2588/2463 2462/2587/2462 
f 1339/1368/1339 1193/1214/1193 660/665/660 
f 1366/1397/1366 907/919/907 325/328/325 
f 2889/3066/2889 3711/4262/3711 3650/4281/3650 
f 3439/3747/3439 917/929/917 2089/2165/2089 
f 2563/2693/2563 3208/3435/3208 2965/3150/2965 
f 2786/2954/2786 1914/1976/1914 2606/2738/2606 
f 2233/2321/2233 2058/2127/2058 2060/2129/2060 
f 2703/4140/2703 2491/2616/2491 2702/2977/2702 
f 228/228/228 846/857/846 418/421/418 
f 3479/3808/3479 3676/4146/3676 3520/3865/3520 
f 51/51/51 390/393/390 49/49/49 
f 979/994/979 978/993/978 3321/3589/3321 
f 2714/2868/2714 2021/4282/2021 2023/4012/2023 
f 3203/3429/3203 2112/2190/2112 3123/3333/3123 
f 1231/1254/1231 3612/4027/3612 3346/3619/3346 
f 3707/4242/3707 1203/1225/1203 3722/4283/3722 
f 3628/4284/3628 3321/3589/3321 978/993/978 
f 574/578/574 909/921/909 911/923/911 
f 1017/1034/1017 648/2409/648 2311/4201/2311 
f 2486/2611/2486 2385/2502/2385 678/2501/678 
f 3701/4225/3701 1985/4246/1985 1641/4226/1641 
f 3701/4225/3701 2512/2640/2512 1983/4230/1983 
f 2098/2176/2098 476/479/476 475/478/475 
f 259/261/259 2530/2658/2530 3549/3915/3549 
f 2498/2623/2498 2497/2622/2497 953/965/953 
f 116/116/116 1428/1461/1428 114/114/114 
f 2204/2292/2204 144/144/144 146/146/146 
f 1695/1737/1695 1486/1519/1486 1696/1738/1696 
f 1552/1587/1552 1554/1589/1554 1732/1775/1732 
f 911/923/911 1500/1533/1500 1541/1575/1541 
f 1700/1742/1700 509/2936/509 2546/3140/2546 
f 3345/3618/3345 1731/1774/1731 1864/1918/1864 
f 3318/4261/3318 997/1014/997 996/1013/996 
f 2164/2248/2164 1471/1504/1471 1470/1503/1470 
f 1420/1452/1420 2099/2177/2099 2968/3157/2968 
f 3525/3875/3525 2754/2912/2754 3090/3298/3090 
f 2557/2687/2557 642/646/642 2762/2924/2762 
f 1537/1571/1537 3298/3555/3298 2082/2154/2082 
f 2038/2107/2038 2037/2106/2037 1289/4285/1289 
f 1763/1814/1763 567/2779/567 2395/2514/2395 
f 1612/1649/1612 2204/2292/2204 1333/1362/1333 
f 2324/2426/2324 2337/2444/2337 476/479/476 
f 825/836/825 1835/1888/1835 3534/3893/3534 
f 3114/4130/3114 3204/3430/3204 19/19/19 
f 2220/2308/2220 2966/3151/2966 535/539/535 
f 1078/1095/1078 1427/1460/1427 3137/3352/3137 
f 811/822/811 810/821/810 1806/1859/1806 
f 1143/1163/1143 2610/2742/2610 1144/1164/1144 
f 3265/3511/3265 3156/3963/3156 3626/4048/3626 
f 3388/3677/3388 3444/3759/3444 3248/3489/3248 
f 185/185/185 2751/2909/2751 637/641/637 
f 365/368/365 59/59/59 3602/4016/3602 
f 2928/3107/2928 3460/3783/3460 2503/2629/2503 
f 50/50/50 481/484/481 1455/1488/1455 
f 1347/1376/1347 3688/4186/3688 3589/3982/3589 
f 2154/2237/2154 1997/2063/1997 2319/3981/2319 
f 973/987/973 2503/2629/2503 3460/3783/3460 
f 1292/1319/1292 2760/2922/2760 1286/1312/1286 
f 2735/2893/2735 1305/1333/1305 1304/1332/1304 
f 1904/1962/1904 3460/3783/3460 2928/3107/2928 
f 1101/1119/1101 3401/3700/3401 1845/1899/1845 
f 2048/3904/2048 3705/4286/3705 3526/3877/3526 
f 1980/2045/1980 972/986/972 2966/3151/2966 
f 1902/1960/1902 1904/1962/1904 2928/3107/2928 
f 2065/2137/2065 953/965/953 2497/2622/2497 
f 2319/3981/2319 1997/2063/1997 58/2065/58 
f 1997/2063/1997 2154/2237/2154 718/727/718 
f 365/368/365 306/4017/306 3317/3584/3317 
f 2589/2721/2589 2573/2703/2573 608/612/608 
f 2929/3108/2929 2640/2778/2640 2446/2569/2446 
f 3550/4005/3550 1939/3901/1939 3588/4006/3588 
f 2062/2134/2062 2320/2421/2320 2766/2931/2766 
f 3224/3453/3224 3552/3920/3552 713/722/713 
f 3602/4002/3602 1998/2064/1998 1358/1389/1358 
f 1998/2064/1998 717/726/717 1358/1389/1358 
f 1720/1763/1720 3441/3750/3441 2548/2678/2548 
f 352/2226/352 386/2709/386 2145/2227/2145 
f 1491/1524/1491 2927/3284/2927 1492/1525/1492 
f 2260/2349/2260 125/125/125 1902/1960/1902 
f 3046/3249/3046 2186/2273/2186 3426/4287/3426 
f 2847/3023/2847 1776/1827/1776 983/998/983 
f 2888/3644/2888 656/661/656 655/660/655 
f 1624/1661/1624 2146/2228/2146 2145/2227/2145 
f 237/237/237 1350/1379/1350 1321/1349/1321 
f 2859/3035/2859 3004/3205/3004 3003/3204/3003 
f 306/4017/306 305/3849/305 2766/2931/2766 
f 2127/2205/2127 573/577/573 1916/1978/1916 
f 2529/2657/2529 1919/1981/1919 2078/2150/2078 
f 2993/3188/2993 3723/4288/3723 2308/2405/2308 
f 305/308/305 123/123/123 2767/3917/2767 
f 100/100/100 681/689/681 1127/1147/1127 
f 968/982/968 1759/4165/1759 3373/3661/3373 
f 86/86/86 1671/1710/1671 2312/2411/2312 
f 2324/2426/2324 775/786/775 777/788/777 
f 1521/1554/1521 2394/2513/2394 3380/3669/3380 
f 587/591/587 851/862/851 901/913/901 
f 3522/3868/3522 2646/2788/2646 2645/2787/2645 
f 2855/3031/2855 139/3460/139 3230/3461/3230 
f 1711/1754/1711 1710/1753/1710 2331/2438/2331 
f 386/389/386 385/388/385 3451/4147/3451 
f 3451/3770/3451 1305/1333/1305 386/2709/386 
f 3635/4066/3635 3465/3789/3465 2894/3071/2894 
f 2324/2426/2324 476/479/476 775/786/775 
f 1366/1397/1366 821/832/821 2616/2748/2616 
f 2310/3509/2310 1390/1421/1390 2653/4247/2653 
f 1528/1561/1528 3174/3396/3174 1542/1576/1542 
f 2984/3177/2984 3349/3622/3349 1712/1755/1712 
f 3085/3291/3085 600/604/600 1371/1402/1371 
f 403/406/403 168/168/168 1419/1451/1419 
f 754/765/754 756/767/756 297/299/297 
f 574/578/574 911/923/911 1018/1035/1018 
f 3005/3206/3005 2151/2233/2151 828/839/828 
f 2706/2860/2706 1550/1585/1550 1896/1954/1896 
f 2900/3077/2900 536/540/536 971/985/971 
f 1610/3874/1610 2330/4210/2330 2653/2796/2653 
f 1256/1282/1256 2814/2985/2814 1618/1655/1618 
f 1536/1570/1536 8/8/8 2173/2259/2173 
f 516/520/516 639/4182/639 517/521/517 
f 1272/1298/1272 1496/1529/1496 654/4128/654 
f 1910/1971/1910 974/988/974 976/990/976 
f 736/747/736 716/725/716 1321/1349/1321 
f 3421/3727/3421 3080/3286/3080 3420/3726/3420 
f 1028/1045/1028 3724/4289/3724 2304/2398/2304 
f 1661/3465/1661 2058/2127/2058 2233/2321/2233 
f 180/180/180 212/212/212 538/542/538 
f 1777/1828/1777 2815/2986/2815 2669/2814/2669 
f 3299/3557/3299 1766/1817/1766 2728/2884/2728 
f 3725/4290/3725 2037/4291/2037 2591/4292/2591 
f 3299/4185/3299 3304/3562/3304 895/906/895 
f 893/904/893 1465/1498/1465 894/905/894 
f 1457/1490/1457 64/64/64 66/66/66 
f 2495/2620/2495 1140/1160/1140 1456/1489/1456 
f 1304/1332/1304 1144/1164/1144 2610/2742/2610 
f 1461/1494/1461 2326/2429/2326 2713/2867/2713 
f 3721/4279/3721 1030/1047/1030 1029/1046/1029 
f 3247/3488/3247 3246/3487/3246 1386/1417/1386 
f 2299/2391/2299 2411/2533/2411 2300/2392/2300 
f 1285/1311/1285 1036/1053/1036 1558/1593/1558 
f 844/855/844 3424/3731/3424 3493/3826/3493 
f 2903/3080/2903 2690/2840/2690 2836/3008/2836 
f 1255/1281/1255 238/238/238 1320/1348/1320 
f 1529/1562/1529 1528/1561/1528 536/540/536 
f 2106/2184/2106 662/667/662 1215/1238/1215 
f 2220/2308/2220 1541/1575/1541 1500/1533/1500 
f 804/3505/804 3159/3380/3159 3379/3668/3379 
f 1547/1582/1547 2715/2869/2715 699/707/699 
f 312/315/312 172/172/172 1427/1460/1427 
f 1344/1373/1344 815/826/815 817/828/817 
f 256/258/256 2968/3157/2968 257/259/257 
f 1499/1532/1499 3491/3824/3491 1081/1098/1081 
f 1518/1551/1518 880/891/880 1186/1207/1186 
f 1820/1873/1820 1822/1875/1822 2347/2856/2347 
f 1981/2046/1981 2966/3151/2966 2220/2308/2220 
f 3264/3510/3264 909/921/909 574/578/574 
f 2310/3509/2310 3264/3510/3264 4/4/4 
f 1344/1373/1344 3397/3692/3397 3350/3623/3350 
f 1344/1373/1344 817/828/817 3397/3692/3397 
f 1884/1941/1884 2123/2201/2123 1938/2810/1938 
f 817/828/817 2975/3168/2975 3397/3692/3397 
f 57/57/57 3020/3221/3020 3057/3261/3057 
f 2707/2861/2707 2801/2970/2801 2708/2862/2708 
f 311/314/311 170/170/170 172/172/172 
f 2533/2661/2533 1778/3357/1778 1801/4293/1801 
f 2296/2388/2296 1328/1356/1328 2297/2389/2297 
f 116/116/116 775/786/775 2098/2176/2098 
f 3024/3225/3024 2165/2249/2165 676/682/676 
f 400/403/400 227/227/227 418/421/418 
f 2083/2155/2083 2085/2157/2085 2619/2752/2619 
f 2928/3107/2928 2503/2629/2503 2306/3534/2306 
f 1463/1496/1463 1753/1803/1753 2372/2487/2372 
f 1915/1977/1915 1845/1899/1845 1916/1978/1916 
f 486/489/486 1062/1079/1062 1061/1078/1061 
f 3299/3557/3299 894/3038/894 1766/1817/1766 
f 35/35/35 2697/2847/2697 2734/2892/2734 
f 2208/4294/2208 2207/4295/2207 1854/1908/1854 
f 1972/2036/1972 1746/1796/1746 1942/2006/1942 
f 366/369/366 365/368/365 2977/3170/2977 
f 2372/2487/2372 2373/2488/2373 104/104/104 
f 3349/3622/3349 2976/3169/2976 2975/3168/2975 
f 742/753/742 2284/2375/2284 743/754/743 
f 586/590/586 588/592/588 1781/1833/1781 
f 2293/2385/2293 2292/2384/2292 1711/1754/1711 
f 1797/1850/1797 2750/2908/2750 1796/1849/1796 
f 1653/1691/1653 1915/1977/1915 3691/4193/3691 
f 26/26/26 2319/4296/2319 58/58/58 
f 1893/2628/1893 1900/4297/1900 2503/2629/2503 
f 2306/3534/2306 2503/2629/2503 1900/4297/1900 
f 28/1785/28 3230/3461/3230 1216/1842/1216 
f 1364/1395/1364 1914/1976/1914 1365/1396/1365 
f 3056/3260/3056 3680/4158/3680 921/933/921 
f 974/988/974 1999/2066/1999 975/989/975 
f 732/743/732 731/742/731 1046/1063/1046 
f 354/357/354 2697/2847/2697 384/1009/384 
f 1189/1210/1189 2185/2271/2185 2184/2270/2184 
f 2977/3170/2977 302/305/302 366/369/366 
f 685/4298/685 1236/1259/1236 161/301/161 
f 1980/2045/1980 2302/2396/2302 2329/2433/2329 
f 2526/2654/2526 1493/1526/1493 2343/2451/2343 
f 1713/1951/1713 2329/4278/2329 1514/1547/1514 
f 1514/1547/1514 2329/4278/2329 1944/2008/1944 
f 3027/3229/3027 2724/2879/2724 2723/2878/2723 
f 861/872/861 903/915/903 1840/1894/1840 
f 1506/1539/1506 697/705/697 2938/3119/2938 
f 2205/2293/2205 3138/3353/3138 3503/3839/3503 
f 2247/2336/2247 2926/3104/2926 2989/3184/2989 
f 2696/2846/2696 1488/1521/1488 385/2968/385 
f 3673/4143/3673 3568/3946/3568 560/564/560 
f 1574/1611/1574 3234/3469/3234 1575/1612/1575 
f 2762/2924/2762 642/646/642 2763/2925/2763 
f 3309/3571/3309 1047/1064/1047 1046/1063/1046 
f 2617/2749/2617 1593/1630/1593 2403/2524/2403 
f 2385/2502/2385 2487/2612/2487 3726/4299/3726 
f 3377/3666/3377 1756/1806/1756 1758/1808/1758 
f 3134/4215/3134 2159/2243/2159 2158/2242/2158 
f 1476/1509/1476 729/740/729 728/739/728 
f 354/357/354 1861/1915/1861 2734/2892/2734 
f 1400/1431/1400 2321/2422/2321 1401/1432/1401 
f 2090/2167/2090 2526/2654/2526 2343/2451/2343 
f 2616/2748/2616 2128/2206/2128 76/76/76 
f 966/980/966 1035/1052/1035 967/981/967 
f 1877/3756/1877 8/8/8 2322/2424/2322 
f 3641/4075/3641 3642/4076/3642 3668/4135/3668 
f 1488/1521/1488 2602/2734/2602 1489/1522/1489 
f 1488/1521/1488 2696/2846/2696 2602/2734/2602 
f 3664/4119/3664 2932/3112/2932 335/338/335 
f 130/1966/130 1540/1574/1540 9/9/9 
f 1556/1591/1556 3259/3501/3259 1557/1592/1557 
f 1017/1034/1017 1333/1362/1333 1016/1033/1016 
f 1798/1851/1798 287/289/287 1393/1424/1393 
f 2272/2363/2272 1833/1886/1833 3433/3741/3433 
f 871/882/871 35/35/35 2734/2892/2734 
f 1612/1649/1612 1611/1648/1611 144/144/144 
f 2057/2126/2057 849/860/849 848/859/848 
f 3255/3496/3255 2965/3150/2965 3207/3434/3207 
f 3234/3469/3234 1574/1611/1574 2782/2948/2782 
f 2270/2361/2270 2304/2398/2304 3237/3473/3237 
f 2460/2585/2460 2345/3919/2345 1357/3795/1357 
f 900/911/900 2057/2126/2057 1823/1876/1823 
f 873/884/873 1838/1892/1838 1922/1984/1922 
f 606/610/606 3132/3346/3132 440/443/440 
f 745/756/745 2772/2938/2772 746/757/746 
f 1201/1223/1201 865/876/865 1949/2013/1949 
f 3636/4068/3636 539/543/539 3347/3620/3347 
f 1964/2454/1964 1966/2792/1966 16/16/16 
f 3627/4052/3627 2148/2230/2148 1918/1980/1918 
f 129/2159/129 1540/1574/1540 130/1966/130 
f 547/551/547 2276/2367/2276 548/552/548 
f 109/2207/109 2581/2712/2581 2580/2711/2580 
f 3341/3614/3341 2783/2951/2783 1450/1483/1450 
f 2877/3054/2877 2876/3053/2876 980/4151/980 
f 1760/1810/1760 922/934/922 921/933/921 
f 1253/1279/1253 1254/1280/1254 49/49/49 
f 2943/3124/2943 1971/2035/1971 416/419/416 
f 315/318/315 283/285/283 517/521/517 
f 1549/1584/1549 1161/1181/1161 1798/1851/1798 
f 1733/1776/1733 1735/1778/1735 2834/3006/2834 
f 1820/4300/1820 2347/2458/2347 93/93/93 
f 1560/1595/1560 1946/2010/1946 2795/2963/2795 
f 952/964/952 926/938/926 138/138/138 
f 2261/2350/2261 946/958/946 1334/1363/1334 
f 847/858/847 855/866/855 848/859/848 
f 853/864/853 855/866/855 1489/1522/1489 
f 1847/1901/1847 2173/2259/2173 95/95/95 
f 80/80/80 2678/2825/2678 3101/3310/3101 
f 1880/1937/1880 1466/1499/1466 1878/1935/1878 
f 3223/3452/3223 787/798/787 2192/2279/2192 
f 3053/3256/3053 2172/2258/2172 3054/3257/3054 
f 3700/4301/3700 3166/3387/3166 3165/3386/3165 
f 2707/2861/2707 3633/4064/3633 2800/2969/2800 
f 1179/1199/1179 1575/1612/1575 1435/1468/1435 
f 1199/1221/1199 1948/2012/1948 1559/1594/1559 
f 2041/2110/2041 2040/2109/2040 3727/4302/3727 
f 2053/2122/2053 3611/4026/3611 2135/2215/2135 
f 2390/2509/2390 3445/4148/3445 2166/2250/2166 
f 2143/2224/2143 3688/4186/3688 2471/2596/2471 
f 1503/1536/1503 1030/1047/1030 3721/4279/3721 
f 3616/4031/3616 2450/2574/2450 2449/2573/2449 
f 3711/4262/3711 2889/3066/2889 3115/3325/3115 
f 530/534/530 1331/1360/1331 1901/1959/1901 
f 2617/2749/2617 2402/2523/2402 3212/3440/3212 
f 2138/2218/2138 3666/4129/3666 3471/3799/3471 
f 2171/2257/2171 542/546/542 3122/3332/3122 
f 807/818/807 1021/1038/1021 1020/1037/1020 
f 3276/3525/3276 2136/2216/2136 3260/3502/3260 
f 1039/1056/1039 1473/1506/1473 2525/2653/2525 
f 1501/1534/1501 1503/1536/1503 3721/4279/3721 
f 2547/2677/2547 1278/1304/1278 2176/2262/2176 
f 2705/2859/2705 3127/3341/3127 2999/3200/2999 
f 2428/2551/2428 1580/1617/1580 1074/1091/1074 
f 2679/2826/2679 3582/3970/3582 2134/2214/2134 
f 1596/3021/1596 253/255/253 3659/4114/3659 
f 3127/3341/3127 2705/2859/2705 2706/2860/2706 
f 3511/3848/3511 874/885/874 2014/2082/2014 
f 1520/1553/1520 624/1599/624 1563/1598/1563 
f 2392/2511/2392 2388/2505/2388 3543/3906/3543 
f 1064/3579/1064 3548/4303/3548 3547/4072/3547 
f 902/914/902 3509/3845/3509 2891/3068/2891 
f 3203/3429/3203 2466/2591/2466 2112/2190/2112 
f 3025/3226/3025 1523/1556/1523 1522/1555/1522 
f 1590/1627/1590 1591/1628/1591 3283/3533/3283 
f 516/4218/516 2157/4220/2157 1234/4304/1234 
f 623/1219/623 1197/1218/1197 624/1599/624 
f 14/14/14 3511/3848/3511 1722/1765/1722 
f 222/222/222 3365/3649/3365 369/372/369 
f 654/4128/654 1496/1529/1496 2256/2766/2256 
f 589/593/589 591/595/591 1650/1688/1650 
f 3064/3268/3064 439/442/439 438/441/438 
f 3486/3815/3486 3521/3867/3521 1088/1105/1088 
f 3353/3631/3353 3514/3853/3514 3728/4305/3728 
f 3652/4105/3652 1215/1238/1215 1214/1237/1214 
f 813/824/813 1373/1404/1373 2693/2843/2693 
f 1375/4097/1375 2720/2875/2720 1198/1220/1198 
f 3509/3845/3509 2667/2812/2667 2103/2181/2103 
f 2667/2812/2667 3509/3845/3509 2646/2788/2646 
f 1695/1737/1695 1124/1144/1124 1486/1519/1486 
f 147/147/147 634/638/634 148/148/148 
f 959/2833/959 2685/2835/2685 713/722/713 
f 1857/1911/1857 1168/1188/1168 1167/1187/1167 
f 2468/2593/2468 3666/4129/3666 1126/1146/1126 
f 2955/3139/2955 1044/1061/1044 1588/1625/1588 
f 2667/2812/2667 2101/2179/2101 2103/2181/2103 
f 3356/3637/3356 3319/3587/3319 931/943/931 
f 1691/2885/1691 576/580/576 575/579/575 
f 803/814/803 781/792/781 1464/1497/1464 
f 1004/1021/1004 3729/4306/3729 3418/3724/3418 
f 2400/2521/2400 2401/2522/2401 3417/3723/3417 
f 1661/3465/1661 2916/3094/2916 2631/4015/2631 
f 3686/4178/3686 3309/3571/3309 1046/1063/1046 
f 1888/1945/1888 3479/3808/3479 3520/3865/3520 
f 2140/2221/2140 1247/1271/1247 2606/2738/2606 
f 2183/2269/2183 2612/2744/2612 2184/2270/2184 
f 3520/3865/3520 1889/1946/1889 1888/1945/1888 
f 724/733/724 723/732/723 3403/3702/3403 
f 42/42/42 41/41/41 1278/1304/1278 
f 901/913/901 1250/1274/1250 588/592/588 
f 910/922/910 3230/3762/3230 30/30/30 
f 1719/3360/1719 2991/3186/2991 2962/3147/2962 
f 1502/1535/1502 2078/2150/2078 1919/1981/1919 
f 850/861/850 758/769/758 459/462/459 
f 2469/2594/2469 2303/2397/2303 633/637/633 
f 3470/4307/3470 3696/4209/3696 812/4308/812 
f 3696/4209/3696 3470/4307/3470 1889/4207/1889 
f 589/593/589 1112/1131/1112 590/594/590 
f 1317/1345/1317 3083/3289/3083 3257/3499/3257 
f 47/47/47 46/46/46 2755/2915/2755 
f 1050/1067/1050 47/47/47 2755/2915/2755 
f 3683/4168/3683 3071/3275/3071 3049/3252/3049 
f 2400/2521/2400 3417/3723/3417 3546/3912/3546 
f 3108/4309/3108 2417/2540/2417 2416/2539/2416 
f 3437/3745/3437 3436/3744/3436 3545/3908/3545 
f 2719/2874/2719 2543/2672/2543 2754/2912/2754 
f 3553/3922/3553 2215/2303/2215 2214/2302/2214 
f 2933/3113/2933 3347/3620/3347 539/543/539 
f 2242/2330/2242 2841/3014/2841 2821/2993/2821 
f 804/3505/804 3730/4310/3730 3159/3380/3159 
f 2805/2974/2805 3540/3995/3540 3528/3942/3528 
f 488/4196/488 487/3943/487 2890/3067/2890 
f 3595/4222/3595 3558/3928/3558 498/501/498 
f 2670/4311/2670 3071/3275/3071 3646/4312/3646 
f 1127/1147/1127 1129/1149/1129 2745/2903/2745 
f 61/61/61 2131/2211/2131 62/62/62 
f 2442/2565/2442 2435/2558/2435 1646/1683/1646 
f 3275/3524/3275 3707/4242/3707 3722/4283/3722 
f 2171/2257/2171 134/134/134 984/999/984 
f 2949/3131/2949 2854/3030/2854 3196/3421/3196 
f 2492/2617/2492 2703/4313/2703 3170/4198/3170 
f 3169/3390/3169 1985/2050/1985 3170/3391/3170 
f 1685/1725/1685 3472/3800/3472 2942/3123/2942 
f 1950/2014/1950 2338/2445/2338 3214/3442/3214 
f 2893/3070/2893 984/999/984 133/133/133 
f 3601/3999/3601 3286/3537/3286 2518/2646/2518 
f 748/759/748 2791/2959/2791 3596/3992/3596 
f 3701/4225/3701 1640/4170/1640 2513/2641/2513 
f 938/950/938 3180/3405/3180 3269/3517/3269 
f 3269/3517/3269 3214/3785/3214 3213/3713/3213 
f 3731/4314/3731 110/110/110 1363/4315/1363 
f 3507/3843/3507 1820/4300/1820 93/93/93 
f 2159/2243/2159 3699/4214/3699 3710/4249/3710 
f 3186/3411/3186 3369/3654/3369 1351/1380/1351 
f 1487/1520/1487 1696/1738/1696 1486/1519/1486 
f 2018/2086/2018 2689/2839/2689 3429/3736/3429 
f 539/543/539 335/338/335 2932/3112/2932 
f 3280/3530/3280 3279/3529/3279 917/929/917 
f 1826/1879/1826 548/552/548 2276/2367/2276 
f 3732/4316/3732 3733/4317/3733 3305/3563/3305 
f 2349/2460/2349 3168/3389/3168 546/550/546 
f 3681/4160/3681 1587/1624/1587 3409/3712/3409 
f 2280/2371/2280 3617/4183/3617 575/579/575 
f 2087/2160/2087 3419/4318/3419 3107/3317/3107 
f 125/125/125 1340/1369/1340 1903/1961/1903 
f 2535/2663/2535 1325/1353/1325 3228/3458/3228 
f 3492/4319/3492 2502/3609/2502 3046/3249/3046 
f 3564/3938/3564 3623/4039/3623 3576/3960/3576 
f 2899/3076/2899 3005/3206/3005 828/839/828 
f 636/640/636 3346/3619/3346 3612/4027/3612 
f 336/339/336 1495/1528/1495 334/337/334 
f 3664/4119/3664 334/337/334 1377/1408/1377 
f 2922/3100/2922 2052/2121/2052 2051/2120/2051 
f 3450/3767/3450 278/280/278 277/279/277 
f 3307/3565/3307 792/803/792 791/802/791 
f 829/840/829 828/839/828 2151/2233/2151 
f 3636/4068/3636 3347/3620/3347 3346/3619/3346 
f 2399/2520/2399 3081/3287/3081 2166/2250/2166 
f 2296/2388/2296 882/893/882 1328/1356/1328 
f 1284/1310/1284 3494/3827/3494 2844/3018/2844 
f 1450/1483/1450 2193/2280/2193 1128/1148/1128 
f 2209/3546/2209 412/4167/412 411/4320/411 
f 280/282/280 2114/2192/2114 281/283/281 
f 2001/2068/2001 2565/2695/2565 1027/1044/1027 
f 1511/1544/1511 1990/2056/1990 1509/1542/1509 
f 3095/3303/3095 3542/3905/3542 3306/3564/3306 
f 2346/2455/2346 3326/4321/3326 3734/4322/3734 
f 2810/2981/2810 2044/2113/2044 3116/3326/3116 
f 1282/1308/1282 2964/3149/2964 2628/2762/2628 
f 1440/1473/1440 338/341/338 709/718/709 
f 2440/2563/2440 2277/2368/2277 3642/4076/3642 
f 2910/3088/2910 2909/3087/2909 3622/4054/3622 
f 2045/2114/2045 3517/3859/3517 1867/1922/1867 
f 391/394/391 1460/1493/1460 1459/1492/1459 
f 3308/3570/3308 1527/1560/1527 1525/1558/1525 
f 3517/3859/3517 3322/3591/3322 1867/1922/1867 
f 3297/3552/3297 3054/3257/3054 2120/2198/2120 
f 1563/1598/1563 1668/1707/1668 1520/1553/1520 
f 3340/3613/3340 3561/3935/3561 767/778/767 
f 1814/1867/1814 1132/1152/1132 1815/1868/1815 
f 3219/3833/3219 2473/2598/2473 3155/3375/3155 
f 688/696/688 825/836/825 3534/3893/3534 
f 3224/3453/3224 3105/3315/3105 3361/3642/3361 
f 3411/3715/3411 2902/3079/2902 2835/3007/2835 
f 1132/1152/1132 450/453/450 1815/1868/1815 
f 2417/2540/2417 3108/4309/3108 2380/2495/2380 
f 1993/2059/1993 2069/2141/2069 2068/2140/2068 
f 3069/3273/3069 709/718/709 338/341/338 
f 3528/3879/3528 3195/3420/3195 2803/3757/2803 
f 1719/1762/1719 3441/3750/3441 1720/1763/1720 
f 2802/2971/2802 195/195/195 1258/1284/1258 
f 3223/3452/3223 1800/1853/1800 787/798/787 
f 1047/1064/1047 359/362/359 732/743/732 
f 1384/1415/1384 1386/1417/1386 3246/3487/3246 
f 2121/2199/2121 983/998/983 1776/1827/1776 
f 687/695/687 689/697/689 2211/2299/2211 
f 2848/3024/2848 2188/2275/2188 1403/1434/1403 
f 2348/2459/2348 1511/1544/1511 91/91/91 
f 1134/1154/1134 1567/1603/1567 1135/1155/1135 
f 1122/1142/1122 1124/1144/1124 1695/1737/1695 
f 2071/2143/2071 2674/2821/2674 2070/2142/2070 
f 3057/3261/3057 1109/3295/1109 2148/2230/2148 
f 2241/2329/2241 2027/2095/2027 2239/2327/2239 
f 3120/3330/3120 876/887/876 875/886/875 
f 2694/2844/2694 2692/2842/2692 2691/2841/2691 
f 3560/4079/3560 1850/1904/1850 1849/1903/1849 
f 2494/2619/2494 1300/1328/1300 2245/2334/2245 
f 2594/2726/2594 1762/2238/1762 1650/1688/1650 
f 2759/2921/2759 38/38/38 37/37/37 
f 331/334/331 2007/2074/2007 2839/3400/2839 
f 3735/4323/3735 1137/4324/1137 1725/4325/1725 
f 2594/2726/2594 669/4184/669 1850/3933/1850 
f 3582/3970/3582 432/435/432 3583/3971/3583 
f 3549/3915/3549 1156/1176/1156 258/260/258 
f 1023/2054/1023 1601/1638/1601 1024/1703/1024 
f 2042/2111/2042 3736/4326/3736 2040/2109/2040 
f 2224/2312/2224 1797/1850/1797 2091/2169/2091 
f 1515/4109/1515 715/724/715 714/723/714 
f 512/1205/512 1080/1097/1080 2088/3258/2088 
f 2581/2712/2581 109/2207/109 1800/1853/1800 
f 3464/3788/3464 3462/3786/3462 2874/3051/2874 
f 1780/1832/1780 588/592/588 1250/1274/1250 
f 3042/3245/3042 1115/1135/1115 427/430/427 
f 1022/1039/1022 1021/1038/1021 1813/1866/1813 
f 2339/2446/2339 727/738/727 729/740/729 
f 3202/3428/3202 2559/2689/2559 3531/3888/3531 
f 1166/1186/1166 3548/3914/3548 1167/1187/1167 
f 1056/1073/1056 2471/2596/2471 3688/4186/3688 
f 1153/1173/1153 2419/2542/2419 1154/1174/1154 
f 1645/1780/1645 3548/4303/3548 1064/3579/1064 
f 2253/2342/2253 2075/4327/2075 2396/4245/2396 
f 807/818/807 1020/1037/1020 3686/4178/3686 
f 487/3740/487 2185/2271/2185 3303/3561/3303 
f 2853/3029/2853 3085/3909/3085 3366/3650/3366 
f 1289/1315/1289 2037/4291/2037 2253/2342/2253 
f 2729/2886/2729 3176/3398/3176 3632/4061/3632 
f 1575/1612/1575 1179/1199/1179 1576/1613/1576 
f 1515/4109/1515 2269/2360/2269 1516/2359/1516 
f 3699/4328/3699 3134/3348/3134 780/791/780 
f 1250/1274/1250 459/462/459 1947/2011/1947 
f 1032/1049/1032 3179/3402/3179 3234/3469/3234 
f 2672/2819/2672 3223/3452/3223 97/97/97 
f 2398/2519/2398 3454/3775/3454 3410/3714/3410 
f 2676/2823/2676 2678/2825/2678 80/80/80 
f 106/106/106 1176/1196/1176 162/162/162 
f 2974/3164/2974 2523/2651/2523 2973/3163/2973 
f 2992/3876/2992 3526/3877/3526 2993/4329/2993 
f 543/547/543 1955/2019/1955 1546/1581/1546 
f 3463/3787/3463 3462/3786/3462 3464/3788/3464 
f 2420/2543/2420 2422/2545/2422 2371/2486/2371 
f 3611/4026/3611 3119/3329/3119 2135/2215/2135 
f 3659/4114/3659 253/255/253 3677/4155/3677 
f 738/749/738 485/488/485 268/270/268 
f 90/90/90 2358/2471/2358 1604/1641/1604 
f 3105/3315/3105 3215/3443/3215 3361/3642/3361 
f 3716/4265/3716 3732/4330/3732 3544/3907/3544 
f 968/982/968 3373/3661/3373 966/980/966 
f 1991/3993/1991 1066/1083/1066 3104/3313/3104 
f 2221/2309/2221 2223/2311/2223 349/352/349 
f 2384/2500/2384 868/879/868 3447/3764/3447 
f 377/380/377 1574/1611/1574 1576/1613/1576 
f 3590/3984/3590 1426/1458/1426 1693/1734/1693 
f 1623/1660/1623 2153/2235/2153 1624/1661/1624 
f 3108/3318/3108 2416/4233/2416 1956/2020/1956 
f 3546/3912/3546 3634/4065/3634 2709/2863/2709 
f 1347/1376/1347 3589/3982/3589 1348/1377/1348 
f 88/88/88 38/38/38 3501/3837/3501 
f 1404/3710/1404 3225/3709/3225 3667/4331/3667 
f 2227/2315/2227 1154/1174/1154 2419/2542/2419 
f 1422/1454/1422 445/448/445 2105/2183/2105 
f 1456/1489/1456 1142/1162/1142 64/64/64 
f 3463/3787/3463 2215/2303/2215 845/856/845 
f 2088/2161/2088 150/516/150 512/515/512 
f 2227/2315/2227 3266/3513/3266 2943/3124/2943 
f 1194/1215/1194 603/607/603 602/606/602 
f 1444/1477/1444 2638/2776/2638 2244/4041/2244 
f 2087/2160/2087 1423/2162/1423 3419/4318/3419 
f 1425/1457/1425 3302/3560/3302 1426/1458/1426 
f 3527/3878/3527 957/970/957 2801/2970/2801 
f 2496/2621/2496 1456/1489/1456 1457/1490/1457 
f 1758/1808/1758 1467/1500/1467 3377/3666/3377 
f 2998/3197/2998 3463/3787/3463 15/15/15 
f 3688/4186/3688 2143/2224/2143 2142/2223/2142 
f 1056/1073/1056 3688/4186/3688 1347/1376/1347 
f 3628/4055/3628 3695/4206/3695 3519/4332/3519 
f 902/914/902 2891/3068/2891 1157/1177/1157 
f 774/785/774 1644/1681/1644 203/203/203 
f 1271/3466/1271 3021/3222/3021 2058/2127/2058 
f 3501/3837/3501 2264/2353/2264 3109/3319/3109 
f 3310/3572/3310 3686/4178/3686 1020/1037/1020 
f 912/924/912 3496/3830/3496 396/399/396 
f 2418/2541/2418 3266/3513/3266 2419/2542/2419 
f 1703/1745/1703 1705/1747/1705 3577/3961/3577 
f 2615/2747/2615 1153/1173/1153 389/392/389 
f 3104/3313/3104 1066/1083/1066 1065/1082/1065 
f 3691/4193/3691 127/127/127 113/113/113 
f 2205/2293/2205 2832/3004/2832 2831/3003/2831 
f 528/532/528 3547/3913/3547 453/456/453 
f 2223/2311/2223 2409/2531/2409 2379/2494/2379 
f 3309/3571/3309 3686/4178/3686 3310/3572/3310 
f 111/111/111 113/113/113 519/523/519 
f 1099/1117/1099 1666/1705/1666 2123/2201/2123 
f 2471/2596/2471 1056/1073/1056 2761/2923/2761 
f 582/586/582 3450/3767/3450 1240/1264/1240 
f 3547/4072/3547 528/3858/528 579/3580/579 
f 573/577/573 193/193/193 1916/1978/1916 
f 3039/4333/3039 3152/4187/3152 1736/1781/1736 
f 128/128/128 3691/4193/3691 1915/1977/1915 
f 113/113/113 112/112/112 3691/4193/3691 
f 2853/3029/2853 466/469/466 2448/4254/2448 
f 601/605/601 1669/1708/1669 599/603/599 
f 1088/1105/1088 1471/1504/1471 2163/2247/2163 
f 1122/1142/1122 1788/1840/1788 1510/1543/1510 
f 807/818/807 3686/4178/3686 808/819/808 
f 2666/2811/2666 2667/2812/2667 3578/3965/3578 
f 3691/4193/3691 112/112/112 1653/1691/1653 
f 2480/2605/2480 1346/1375/1346 2481/2606/2481 
f 987/1003/987 2481/2606/2481 988/1004/988 
f 600/604/600 3085/3291/3085 2448/2571/2448 
f 198/4334/198 3667/4331/3667 3225/3709/3225 
f 1047/1064/1047 3496/3830/3496 1830/1883/1830 
f 3711/4262/3711 3115/3325/3115 997/1014/997 
f 1792/1845/1792 1460/1493/1460 2480/2605/2480 
f 1345/1374/1345 2481/2606/2481 1346/1375/1346 
f 194/194/194 225/225/225 195/195/195 
f 836/847/836 88/88/88 3501/3837/3501 
f 1741/1791/1741 1523/1556/1523 1742/1792/1742 
f 3108/4335/3108 3419/3725/3419 2380/4264/2380 
f 1991/2057/1991 1990/2056/1990 2348/2459/2348 
f 1100/1118/1100 2127/2205/2127 3401/3700/3401 
f 111/111/111 3527/3878/3527 2870/3047/2870 
f 1346/1375/1346 2480/2605/2480 1460/1493/1460 
f 987/1003/987 942/954/942 2481/2606/2481 
f 1371/1402/1371 599/603/599 341/344/341 
f 2264/2353/2264 3501/3837/3501 2262/2351/2262 
f 38/38/38 2262/2351/2262 3501/3837/3501 
f 2348/2459/2348 1990/2056/1990 1511/1544/1511 
f 1991/2057/1991 2348/2459/2348 2347/2458/2347 
f 342/345/342 73/73/73 3737/4336/3737 
f 73/73/73 75/75/75 3737/4336/3737 
f 2708/2862/2708 957/970/957 1561/1596/1561 
f 2363/2477/2363 76/76/76 2128/2206/2128 
f 3737/4336/3737 75/75/75 566/570/566 
f 953/965/953 2066/2138/2066 954/966/954 
f 455/458/455 3271/3519/3271 78/78/78 
f 2054/2123/2054 2135/2215/2135 78/78/78 
f 342/345/342 3737/4336/3737 340/343/340 
f 93/93/93 2348/2459/2348 91/91/91 
f 77/77/77 2054/2123/2054 78/78/78 
f 2249/2338/2249 1042/1059/1042 854/865/854 
f 1763/1814/1763 2395/2514/2395 1764/1815/1764 
f 2263/2352/2263 3508/3844/3508 3593/3987/3593 
f 1607/1644/1607 3119/3329/3119 3611/4026/3611 
f 3618/4034/3618 3583/3971/3583 3619/4035/3619 
f 1654/1692/1654 2870/3047/2870 3614/4029/3614 
f 3737/4336/3737 566/570/566 340/343/340 
f 3698/4213/3698 943/955/943 1267/1293/1267 
f 2450/2574/2450 3658/4113/3658 1266/1292/1266 
f 3328/3598/3328 3367/3651/3367 1370/3889/1370 
f 1370/1401/1370 1372/1403/1372 3328/4169/3328 
f 3645/4090/3645 3019/3220/3019 1470/1503/1470 
f 730/741/730 2162/2246/2162 2217/2305/2217 
f 3570/4104/3570 2258/4337/2258 3415/4338/3415 
f 360/363/360 835/846/835 2340/2447/2340 
f 2545/2674/2545 31/31/31 2477/2602/2477 
f 31/31/31 33/33/33 2478/2603/2478 
f 2532/2660/2532 3384/3673/3384 2531/2659/2531 
f 2178/2264/2178 2478/2603/2478 33/33/33 
f 3738/4339/3738 244/244/244 243/243/243 
f 3658/4113/3658 2450/2574/2450 3367/3651/3367 
f 3200/4340/3200 565/569/565 567/571/567 
f 2630/2765/2630 2353/2465/2353 2003/2070/2003 
f 565/569/565 340/343/340 566/570/566 
f 2561/2691/2561 2162/2246/2162 730/741/730 
f 503/506/503 2561/2691/2561 730/741/730 
f 2528/2656/2528 1746/1796/1746 1745/1795/1745 
f 2400/2521/2400 3546/3912/3546 3329/3599/3329 
f 3314/3581/3314 733/744/733 3593/3987/3593 
f 2264/2353/2264 2263/2352/2263 3593/3987/3593 
f 3548/3914/3548 1645/1682/1645 1167/1187/1167 
f 340/343/340 565/569/565 1552/1587/1552 
f 2793/2961/2793 3200/4340/3200 2169/2255/2169 
f 2784/2952/2784 1102/1120/1102 2119/2197/2119 
f 2118/2196/2118 2194/2281/2194 2119/2197/2119 
f 3599/3997/3599 1119/1139/1119 2441/2564/2441 
f 3422/3728/3422 3103/3312/3103 1765/1816/1765 
f 3422/3728/3422 3645/4090/3645 3103/3312/3103 
f 2415/2537/2415 1443/4235/1443 1442/3755/1442 
f 2178/2264/2178 2479/2604/2479 2478/2603/2478 
f 1821/1874/1821 1820/1873/1820 3700/4301/3700 
f 3621/4037/3621 3412/3717/3412 2743/2901/2743 
f 3084/3290/3084 1302/1330/1302 3611/4026/3611 
f 2561/2691/2561 503/506/503 2125/2203/2125 
f 1857/1911/1857 2255/2344/2255 2254/2343/2254 
f 1820/4300/1820 3507/3843/3507 3700/4217/3700 
f 92/92/92 2817/2988/2817 3739/4341/3739 
f 2265/2354/2265 1765/1816/1765 2266/2355/2266 
f 643/647/643 3315/3582/3315 3314/3581/3314 
f 2545/2674/2545 3508/3844/3508 2544/2673/2544 
f 281/283/281 3412/3717/3412 279/281/279 
f 3205/3431/3205 3507/3843/3507 3739/4341/3739 
f 1554/1589/1554 1597/1634/1597 1732/1775/1732 
f 565/569/565 3200/4340/3200 2793/2961/2793 
f 3403/3702/3403 3115/3325/3115 655/2919/655 
f 2757/2917/2757 2362/2476/2362 3124/3334/3124 
f 944/956/944 3698/4213/3698 2401/2522/2401 
f 3328/4169/3328 1597/1634/1597 1596/1633/1596 
f 3103/3312/3103 3645/4090/3645 1472/1505/1472 
f 1214/1237/1214 3452/3772/3452 3652/4105/3652 
f 1821/1874/1821 3700/4301/3700 3039/3241/3039 
f 3698/4213/3698 1267/1293/1267 3677/4155/3677 
f 1763/1814/1763 1765/1816/1765 2265/2354/2265 
f 1471/1504/1471 3521/3867/3521 1472/1505/1472 
f 360/363/360 2340/2447/2340 2126/2204/2126 
f 440/443/440 3132/3346/3132 441/444/441 
f 3430/3737/3430 2764/2926/2764 2479/2604/2479 
f 2255/2344/2255 1857/1911/1857 1858/1912/1858 
f 2817/2988/2817 1301/1329/1301 3739/4341/3739 
f 2709/2863/2709 3634/4065/3634 2707/2861/2707 
f 3634/4065/3634 3546/3912/3546 2411/2533/2411 
f 2411/2533/2411 3546/3912/3546 2300/2392/2300 
f 3698/4213/3698 3677/4155/3677 3740/4342/3740 
f 3327/3597/3327 3659/4114/3659 3658/4113/3658 
f 1670/1709/1670 1443/1476/1443 2726/3436/2726 
f 1627/1664/1627 1626/1663/1626 1167/1187/1167 
f 92/92/92 3739/4341/3739 3507/3843/3507 
f 3124/3334/3124 2784/2952/2784 3697/4212/3697 
f 331/334/331 333/336/333 2881/3058/2881 
f 2193/2280/2193 2195/2282/2195 2710/2864/2710 
f 3659/4114/3659 3327/3597/3327 1596/3021/1596 
f 2265/2354/2265 2170/2356/2170 2169/3425/2169 
f 1089/1106/1089 2163/2247/2163 2561/2691/2561 
f 3430/3737/3430 2177/2263/2177 2255/2344/2255 
f 2783/2951/2783 3697/4212/3697 2784/2952/2784 
f 2119/2197/2119 2194/2281/2194 2783/2951/2783 
f 3633/4064/3633 2710/2864/2710 2800/2969/2800 
f 2401/2522/2401 3698/4213/3698 3740/4342/3740 
f 2796/2964/2796 641/645/641 643/647/643 
f 1625/1662/1625 1858/1912/1858 1626/1663/1626 
f 3507/3843/3507 3205/3431/3205 3166/4216/3166 
f 3205/3431/3205 3739/4341/3739 1301/1329/1301 
f 2862/3039/2862 3633/4064/3633 3634/4065/3634 
f 3740/4342/3740 1872/1927/1872 2401/2522/2401 
f 2124/2202/2124 2562/2692/2562 2125/2203/2125 
f 3417/3723/3417 2401/2522/2401 1872/1927/1872 
f 2168/2254/2168 1553/1588/1553 2793/2961/2793 
f 1089/1106/1089 2561/2691/2561 2562/2692/2562 
f 3051/3254/3051 1881/1938/1881 1592/1629/1592 
f 2255/2344/2255 1858/1912/1858 3333/3604/3333 
f 3039/3241/3039 3700/4301/3700 3165/3386/3165 
f 3650/4101/3650 3577/3961/3577 3183/3408/3183 
f 445/448/445 662/667/662 2105/2183/2105 
f 2758/2918/2758 3124/3334/3124 2656/2799/2656 
f 3124/3334/3124 3697/4212/3697 2656/2799/2656 
f 3341/3614/3341 3697/4212/3697 2783/2951/2783 
f 2783/2951/2783 2194/2281/2194 1450/1483/1450 
f 212/212/212 1340/1369/1340 538/542/538 
f 1553/1588/1553 1010/1027/1010 1554/1589/1554 
f 1477/1510/1477 1476/1509/1476 1005/1022/1005 
f 641/645/641 2763/2925/2763 642/646/642 
f 1625/1752/1625 3152/4187/3152 1708/1750/1708 
f 3152/3371/3152 3151/3370/3151 1708/4343/1708 
f 3151/3370/3151 3039/3241/3039 3165/3386/3165 
f 3166/4216/3166 3205/3431/3205 3204/3430/3204 
f 2194/2281/2194 2193/2280/2193 1450/1483/1450 
f 3740/4342/3740 3677/4155/3677 3741/4344/3741 
f 3486/3815/3486 1088/1105/1088 1090/1107/1090 
f 1476/1509/1476 728/739/728 2614/2746/2614 
f 1708/4343/1708 3151/3370/3151 3485/3814/3485 
f 2170/2356/2170 2266/2355/2266 3742/4345/3742 
f 3275/3524/3275 3722/4283/3722 2003/2070/2003 
f 3485/3814/3485 3151/3370/3151 3112/3322/3112 
f 2656/2799/2656 3697/4212/3697 2657/2800/2657 
f 2710/2864/2710 3633/4064/3633 2711/2865/2711 
f 2410/2532/2410 2862/3039/2862 2411/2533/2411 
f 1872/1927/1872 3740/4342/3740 1870/1925/1870 
f 2266/2355/2266 3103/3312/3103 2872/3049/2872 
f 3521/3867/3521 2872/3049/2872 1472/1505/1472 
f 734/745/734 3315/3582/3315 2613/2745/2613 
f 3204/3430/3204 3164/4346/3164 3166/4216/3166 
f 2758/2918/2758 1432/1465/1432 3178/3401/3178 
f 3341/3614/3341 1450/1483/1450 680/688/680 
f 1870/1925/1870 3740/4342/3740 3741/4344/3741 
f 3609/4024/3609 3741/4344/3741 3677/4155/3677 
f 3609/4024/3609 3677/4155/3677 253/255/253 
f 1596/3021/1596 254/256/254 253/255/253 
f 1010/1027/1010 3326/3595/3326 1011/1028/1011 
f 3742/4345/3742 2266/2355/2266 2873/3050/2873 
f 1005/1022/1005 1004/1021/1004 3418/3724/3418 
f 2614/2746/2614 1003/1020/1003 1476/1509/1476 
f 2762/2924/2762 2763/2925/2763 3153/3372/3153 
f 3430/3737/3430 3333/3604/3333 3332/3603/3332 
f 2905/3082/2905 3331/3602/3331 3333/3604/3333 
f 3165/3386/3165 3164/3385/3164 3112/3322/3112 
f 3289/3541/3289 3290/3542/3290 1702/1744/1702 
f 3743/4347/3743 2758/2918/2758 2656/2799/2656 
f 252/254/252 3609/4024/3609 253/255/253 
f 3734/4322/3734 2170/2356/2170 3742/4345/3742 
f 2132/2212/2132 2965/3150/2965 2133/2213/2133 
f 1476/1509/1476 1003/1020/1003 1005/1022/1005 
f 2779/2945/2779 2614/2746/2614 2613/2745/2613 
f 3164/4346/3164 3204/3430/3204 3114/4130/3114 
f 1432/1465/1432 2758/2918/2758 3743/4347/3743 
f 3741/4344/3741 3608/4023/3608 1870/1925/1870 
f 3609/4024/3609 252/254/252 3610/4025/3610 
f 1595/1632/1595 1010/1027/1010 1012/1029/1012 
f 2168/4348/2168 2170/2356/2170 3734/4322/3734 
f 3062/3266/3062 2873/3050/2873 2872/3049/2872 
f 1428/1461/1428 116/116/116 2098/2176/2098 
f 3485/4194/3485 1920/1982/1920 1708/1750/1708 
f 3741/4344/3741 3609/4024/3609 3608/4023/3608 
f 2168/4348/2168 3734/4322/3734 3326/4321/3326 
f 2873/3050/2873 2730/2887/2730 3742/4345/3742 
f 3486/3815/3486 1090/1107/1090 3744/4349/3744 
f 3729/4306/3729 1851/1905/1851 3418/3724/3418 
f 2614/2746/2614 2779/2945/2779 3129/3343/3129 
f 3516/3856/3516 1920/1982/1920 3485/4194/3485 
f 1433/1466/1433 1432/1465/1432 3743/4347/3743 
f 2615/2747/2615 958/971/958 2418/2541/2418 
f 2346/2455/2346 1011/2457/1011 3326/4321/3326 
f 1003/1020/1003 3130/3344/3130 1004/1021/1004 
f 2762/2924/2762 1337/1366/1337 1336/1365/1336 
f 1433/1466/1433 3743/4347/3743 2740/2898/2740 
f 3486/3815/3486 3744/4349/3744 3063/3267/3063 
f 2016/2084/2016 3153/3372/3153 2763/2925/2763 
f 2325/2428/2325 3331/3602/3331 2905/3082/2905 
f 2325/2428/2325 2905/3082/2905 2712/2866/2712 
f 2656/2799/2656 1235/1258/1235 3743/4347/3743 
f 3744/4349/3744 1090/1107/1090 3476/3804/3476 
f 1337/1366/1337 3153/3372/3153 3429/3736/3429 
f 2016/2084/2016 3331/3602/3331 2017/2085/2017 
f 1870/1925/1870 3608/4023/3608 3395/3688/3395 
f 252/254/252 254/256/254 3188/3413/3188 
f 3188/3413/3188 254/256/254 1012/2950/1012 
f 3734/4322/3734 3742/4345/3742 3632/4061/3632 
f 2730/2887/2730 2873/3050/2873 3061/3265/3061 
f 1654/1692/1654 3614/4029/3614 2647/2789/2647 
f 3207/3434/3207 2622/2755/2622 3714/4259/3714 
f 2025/2093/2025 3101/3310/3101 2301/2393/2301 
f 2021/4282/2021 2714/2868/2714 2683/4350/2683 
f 3632/4061/3632 3742/4345/3742 2730/2887/2730 
f 1851/1905/1851 3729/4306/3729 3477/3805/3477 
f 3729/4306/3729 1004/1021/1004 3745/4351/3745 
f 1004/1021/1004 3130/3344/3130 3745/4351/3745 
f 3129/3343/3129 2779/2945/2779 3644/4086/3644 
f 2677/2824/2677 2410/2532/2410 2678/2825/2678 
f 3516/4021/3516 3111/4352/3111 2592/4022/2592 
f 2180/2266/2180 2745/2903/2745 2677/2824/2677 
f 3734/4322/3734 3632/4061/3632 2346/2455/2346 
f 3063/3267/3063 3744/4349/3744 3655/4108/3655 
f 3476/3804/3476 1851/1905/1851 3477/3805/3477 
f 1235/1258/1235 2740/2898/2740 3743/4347/3743 
f 3610/4025/3610 252/254/252 3189/3414/3189 
f 3475/3803/3475 3655/4108/3655 3744/4349/3744 
f 3477/3805/3477 3729/4306/3729 3148/3366/3148 
f 3729/4306/3729 3745/4351/3745 3148/3366/3148 
f 2325/2428/2325 2713/2867/2713 2326/2429/2326 
f 3110/3320/3110 2592/2724/2592 3111/3321/3111 
f 720/729/720 1702/1744/1702 1434/1467/1434 
f 1785/1837/1785 3238/3474/3238 3459/3782/3459 
f 2180/2266/2180 2677/2824/2677 2676/2823/2676 
f 3189/3414/3189 2374/2489/2374 3610/4025/3610 
f 3188/3413/3188 2307/2404/2307 3189/3414/3189 
f 2730/2887/2730 3061/3265/3061 2731/2888/2731 
f 1204/1226/1204 965/979/965 964/978/964 
f 2712/2866/2712 3515/4353/3515 2713/2867/2713 
f 3089/3297/3089 1433/1466/1433 2740/2898/2740 
f 1127/1147/1127 2745/2903/2745 2181/2267/2181 
f 1647/1684/1647 3258/3500/3258 2861/3037/2861 
f 3061/3265/3061 2554/2684/2554 2731/2888/2731 
f 3669/4137/3669 963/977/963 1337/1366/1337 
f 1614/1651/1614 2740/2898/2740 2201/2288/2201 
f 2181/2267/2181 2745/2903/2745 2180/2266/2180 
f 2030/2099/2030 3395/3688/3395 2374/2489/2374 
f 3632/4061/3632 2730/2887/2730 2729/2886/2729 
f 3061/3265/3061 3655/4108/3655 2554/2684/2554 
f 2468/2593/2468 1687/1728/1687 3666/4129/3666 
f 2267/2357/2267 2364/2478/2364 2277/2368/2277 
f 79/79/79 2676/2823/2676 80/80/80 
f 3148/3366/3148 3745/4351/3745 3414/3719/3414 
f 3649/4152/3649 2590/2722/2590 3110/3320/3110 
f 3649/4100/3649 21/21/21 3386/3675/3386 
f 552/556/552 2261/2350/2261 1334/1363/1334 
f 3189/3414/3189 2375/2490/2375 2374/2489/2374 
f 3414/3719/3414 3745/4351/3745 1053/1070/1053 
f 3080/3286/3080 3704/4232/3704 3420/3726/3420 
f 3649/4152/3649 3386/4354/3386 2590/2722/2590 
f 2488/2613/2488 721/730/721 720/729/720 
f 3497/3831/3497 3312/3576/3312 3384/3673/3384 
f 3189/3414/3189 2307/2404/2307 2375/2490/2375 
f 2042/2111/2042 2729/2886/2729 2731/2888/2731 
f 3130/3344/3130 1053/1070/1053 3745/4351/3745 
f 1203/1225/1203 3001/3202/3001 3644/4086/3644 
f 3722/4283/3722 964/978/964 2004/2071/2004 
f 964/978/964 3722/4283/3722 1203/1225/1203 
f 3206/3432/3206 1701/1743/1701 19/19/19 
f 3176/3398/3176 2047/2116/2047 1617/2456/1617 
f 2042/2111/2042 2731/2888/2731 3736/4326/3736 
f 2689/2839/2689 3007/3208/3007 2882/3059/2882 
f 3027/3229/3027 3144/3362/3144 3026/3228/3026 
f 3515/3855/3515 2039/2108/2039 2038/2107/2038 
f 2039/4355/2039 2592/2724/2592 2591/2723/2591 
f 3386/3675/3386 21/21/21 2723/2878/2723 
f 101/101/101 100/100/100 2412/2534/2412 
f 2181/2267/2181 251/253/251 250/252/250 
f 2180/2266/2180 3708/4243/3708 251/253/251 
f 2180/2266/2180 2676/2823/2676 3709/4244/3709 
f 2676/2823/2676 79/79/79 3709/4244/3709 
f 2554/2684/2554 3655/4108/3655 2084/2156/2084 
f 3146/3364/3146 2085/2157/2085 3147/3365/3147 
f 3148/3366/3148 3414/3719/3414 3146/3364/3146 
f 3669/4137/3669 2002/2069/2002 2004/2071/2004 
f 3177/3399/3177 2729/2886/2729 2042/2111/2042 
f 2713/2867/2713 3515/4353/3515 2038/2751/2038 
f 249/251/249 2412/2534/2412 250/252/250 
f 100/100/100 250/252/250 2412/2534/2412 
f 3392/3684/3392 2308/2405/2308 2307/2404/2307 
f 229/229/229 231/231/231 3072/3276/3072 
f 1054/1071/1054 3001/3202/3001 1055/1072/1055 
f 963/977/963 2004/2071/2004 964/978/964 
f 2713/2867/2713 2038/2751/2038 1461/1494/1461 
f 719/728/719 721/730/721 3027/3229/3027 
f 2180/2266/2180 3709/4244/3709 3708/4243/3708 
f 2024/2092/2024 81/81/81 80/80/80 
f 2308/2405/2308 3392/3684/3392 2992/3187/2992 
f 2554/2684/2554 2083/2155/2083 3736/4326/3736 
f 3689/4191/3689 3414/3719/3414 3413/3718/3413 
f 3669/4137/3669 2882/3059/2882 2002/2069/2002 
f 2281/2372/2281 577/581/577 2547/2677/2547 
f 2590/2722/2590 3746/4356/3746 2591/2723/2591 
f 101/101/101 2412/2534/2412 621/625/621 
f 3709/4244/3709 79/79/79 3249/3490/3249 
f 2375/2490/2375 2307/2404/2307 2309/2406/2309 
f 3016/3217/3016 3076/3280/3076 3141/3358/3141 
f 2554/2684/2554 3736/4326/3736 2731/2888/2731 
f 3728/4305/3728 3736/4326/3736 2083/2155/2083 
f 2326/2429/2326 3647/4095/3647 3007/3208/3007 
f 3146/3364/3146 3414/3719/3414 3689/4191/3689 
f 1053/1070/1053 1055/1072/1055 3413/3718/3413 
f 3007/3208/3007 3647/4095/3647 2599/2731/2599 
f 1461/1494/1461 3647/4095/3647 2326/2429/2326 
f 721/730/721 1613/1650/1613 3144/3362/3144 
f 3146/3364/3146 3689/4191/3689 3446/3763/3446 
f 2869/3046/2869 3707/4242/3707 3275/3524/3275 
f 2882/3059/2882 3007/3208/3007 2601/2733/2601 
f 2339/2446/2339 835/846/835 836/847/836 
f 2590/2722/2590 3386/4354/3386 3746/4356/3746 
f 3746/4357/3746 3386/3675/3386 2722/2877/2722 
f 251/253/251 448/451/448 249/251/249 
f 251/253/251 3708/4243/3708 448/451/448 
f 351/354/351 2031/2100/2031 2230/2318/2230 
f 2047/2116/2047 2625/2758/2625 2048/2117/2048 
f 2047/2116/2047 3177/3399/3177 2625/2758/2625 
f 3177/3399/3177 2042/2111/2042 2041/2110/2041 
f 2004/2071/2004 2003/2070/2003 3722/4283/3722 
f 2630/2765/2630 2601/2733/2601 2600/2732/2600 
f 2412/2534/2412 249/251/249 620/624/620 
f 448/451/448 3708/4243/3708 3478/3807/3478 
f 239/239/239 241/241/241 2200/3373/2200 
f 2929/3108/2929 81/81/81 3402/3701/3402 
f 2375/2490/2375 2309/2406/2309 2230/2318/2230 
f 3177/3399/3177 2041/2110/2041 2625/2758/2625 
f 3736/4326/3736 3728/4305/3728 2040/2109/2040 
f 3493/3826/3493 3426/3733/3426 3607/4019/3607 
f 3146/3364/3146 3446/3763/3446 2085/2157/2085 
f 2591/4358/2591 3746/4357/3746 3725/4359/3725 
f 3705/4286/3705 2993/4329/2993 3526/3877/3526 
f 3325/3594/3325 2993/4329/2993 3705/4286/3705 
f 3689/4191/3689 3413/3718/3413 3690/4192/3690 
f 2869/3046/2869 2868/3045/2868 3707/4242/3707 
f 762/773/762 62/62/62 2130/2210/2130 
f 3027/3229/3027 721/730/721 3144/3362/3144 
f 81/81/81 2929/3108/2929 1957/2021/1957 
f 2031/2100/2031 351/354/351 2639/2777/2639 
f 2458/2583/2458 3705/4237/3705 2048/2117/2048 
f 3728/4305/3728 2083/2155/2083 2620/2753/2620 
f 3690/4192/3690 3413/3718/3413 3355/3636/3355 
f 2584/2715/2584 2643/2785/2643 2117/2195/2117 
f 2253/2342/2253 2037/4291/2037 3725/4290/3725 
f 3746/4357/3746 2722/2877/2722 1452/1485/1452 
f 620/624/620 249/251/249 447/450/447 
f 1831/1884/1831 835/846/835 360/363/360 
f 200/200/200 228/228/228 201/201/201 
f 2868/3045/2868 3355/3636/3355 1055/1072/1055 
f 3355/3636/3355 2868/3045/2868 1663/1701/1663 
f 2599/2731/2599 3647/4095/3647 3405/3705/3405 
f 448/451/448 447/450/447 249/251/249 
f 2639/2777/2639 351/354/351 350/353/350 
f 2308/2405/2308 3723/4288/3723 3431/3738/3431 
f 3211/3439/3211 3446/3763/3446 3689/4191/3689 
f 3275/3524/3275 2003/2070/2003 2353/2465/2353 
f 3026/3228/3026 3144/3362/3144 442/445/442 
f 604/608/604 447/450/447 869/880/869 
f 2445/2568/2445 3478/3807/3478 3249/3490/3249 
f 2993/4329/2993 3325/3594/3325 3723/4360/3723 
f 2457/3445/2457 3325/3594/3325 3705/4286/3705 
f 2458/2583/2458 2625/2758/2625 3747/4361/3747 
f 3747/4361/3747 2625/2758/2625 2041/2110/2041 
f 2619/2752/2619 3446/3763/3446 3586/3977/3586 
f 3725/4359/3725 3746/4357/3746 1451/1484/1451 
f 2889/3066/2889 3650/4281/3650 3185/3829/3185 
f 3478/3807/3478 2427/2550/2427 446/449/446 
f 2221/2309/2221 2309/2406/2309 2222/2310/2222 
f 2040/2109/2040 3728/4305/3728 3514/3853/3514 
f 3586/3977/3586 3446/3763/3446 3211/3439/3211 
f 3690/4192/3690 3355/3636/3355 1662/1700/1662 
f 1663/1701/1663 2869/3046/2869 3738/4339/3738 
f 2136/2216/2136 3276/3525/3276 2353/2465/2353 
f 2599/2731/2599 3405/3705/3405 3097/3305/3097 
f 2253/2342/2253 2396/4245/2396 1287/1313/1287 
f 1453/1486/1453 1452/1485/1452 3693/4200/3693 
f 3026/3228/3026 3044/3247/3044 2724/2879/2724 
f 3514/3853/3514 3727/4302/3727 2040/2109/2040 
f 141/141/141 143/143/143 618/622/618 
f 3693/4200/3693 3045/3248/3045 3044/3247/3044 
f 446/449/446 869/880/869 447/450/447 
f 3431/3738/3431 3723/4288/3723 2490/4159/2490 
f 2490/2615/2490 3723/4360/3723 3325/3594/3325 
f 2041/2110/2041 3727/4302/3727 3747/4361/3747 
f 3690/4192/3690 3209/3437/3209 3211/3439/3211 
f 1451/1484/1451 3746/4357/3746 1452/1485/1452 
f 2458/2583/2458 3747/4361/3747 1743/1793/1743 
f 3728/4305/3728 2620/2753/2620 3353/3631/3353 
f 3125/3339/3125 3222/3451/3222 3513/3852/3513 
f 3209/3437/3209 3690/4192/3690 1662/1700/1662 
f 3058/3262/3058 3657/4112/3657 3268/3516/3268 
f 2869/3046/2869 3275/3524/3275 3276/3525/3276 
f 3097/3305/3097 3051/3254/3051 2600/2732/2600 
f 2253/2342/2253 3725/4290/3725 2075/4327/2075 
f 350/353/350 349/352/349 2983/3176/2983 
f 351/354/351 2221/2309/2221 349/352/349 
f 3586/3977/3586 3354/3632/3354 2620/2753/2620 
f 3586/3977/3586 3211/3439/3211 3210/3438/3210 
f 3738/4339/3738 2869/3046/2869 2509/2637/2509 
f 1451/1484/1451 2075/2147/2075 3725/4359/3725 
f 3387/3676/3387 510/513/510 2414/4173/2414 
f 3747/4361/3747 3727/4302/3727 3694/4204/3694 
f 243/243/243 1663/1701/1663 3738/4339/3738 
f 2383/2499/2383 605/609/605 869/880/869 
f 3002/3203/3002 2223/2311/2223 2222/2310/2222 
f 1743/1793/1743 3747/4361/3747 3694/4204/3694 
f 3694/4204/3694 3727/4302/3727 3514/3853/3514 
f 3543/3906/3543 3405/3705/3405 1288/1314/1288 
f 3026/3228/3026 2335/2442/2335 3044/3247/3044 
f 2451/2575/2451 115/115/115 2452/2576/2452 
f 604/608/604 869/880/869 605/609/605 
f 867/878/867 2427/2550/2427 2366/2480/2366 
f 446/449/446 2427/2550/2427 867/878/867 
f 3405/3705/3405 3543/3906/3543 3097/3305/3097 
f 2114/2192/2114 280/282/280 441/444/441 
f 869/880/869 446/449/446 867/878/867 
f 2421/2544/2421 2444/2567/2444 2570/2700/2570 
f 3353/3631/3353 2443/2566/2443 2436/2559/2436 
f 2620/2753/2620 3354/3632/3354 3353/3631/3353 
f 3209/3437/3209 1662/1700/1662 2369/2484/2369 
f 1662/1700/1662 243/243/243 2369/2484/2369 
f 3744/4349/3744 3476/3804/3476 3475/3803/3475 
f 2427/2550/2427 2444/2567/2444 2420/2543/2420 
f 349/352/349 2223/2311/2223 2379/2494/2379 
f 2490/4159/2490 2406/4277/2406 3002/3203/3002 
f 2370/2485/2370 3354/3632/3354 1356/1386/1356 
f 3210/3438/3210 992/1008/992 1356/1386/1356 
f 3067/3271/3067 3068/3272/3068 3654/4107/3654 
f 2335/2442/2335 3026/3228/3026 442/445/442 
f 349/352/349 2379/2494/2379 2983/3176/2983 
f 3431/3738/3431 2222/2310/2222 2309/2406/2309 
f 3276/3525/3276 2509/2637/2509 2869/3046/2869 
f 1287/1313/1287 1865/2508/1865 2392/2511/2392 
f 2396/2515/2396 2075/2147/2075 2074/2146/2074 
f 1453/1486/1453 2399/2520/2399 2074/2146/2074 
f 3693/4200/3693 3044/3247/3044 2391/2510/2391 
f 2391/2510/2391 3044/3247/3044 2335/2442/2335 
f 3334/3605/3334 3132/3346/3132 605/609/605 
f 2982/3175/2982 2421/2544/2421 2570/2700/2570 
f 1741/1791/1741 3694/4204/3694 2393/2512/2393 
f 3694/4204/3694 3514/3853/3514 2393/2512/2393 
f 2786/2954/2786 2606/2738/2606 3712/4251/3712 
f 3543/3906/3543 2387/2504/2387 3097/3305/3097 
f 2420/2543/2420 2444/2567/2444 2421/2544/2421 
f 2982/3175/2982 2570/2700/2570 2983/3176/2983 
f 2393/2512/2393 3514/3853/3514 2394/2513/2394 
f 3260/3502/3260 665/670/665 2509/2637/2509 
f 3693/4200/3693 2391/2510/2391 3081/3287/3081 
f 2443/2566/2443 3354/3632/3354 2370/2485/2370 
f 243/243/243 242/242/242 2369/2484/2369 
f 2387/2504/2387 3543/3906/3543 2388/2505/2388 
f 2399/2520/2399 1453/1486/1453 3081/3287/3081 
f 2379/2494/2379 2376/2491/2376 2983/3176/2983 
f 2632/2769/2632 1921/1983/1921 407/410/407 
f 2387/2504/2387 1881/1938/1881 3051/3254/3051 
f 3209/3437/3209 2369/2484/2369 992/1008/992 
f 279/281/279 2391/2510/2391 2335/2442/2335 
f 279/281/279 2335/2442/2335 280/282/280 
f 3493/3826/3493 3492/3825/3492 3046/4122/3046 
f 2377/2492/2377 2379/2494/2379 2409/2531/2409 
f 3620/4036/3620 279/281/279 3412/3717/3412 
f 1937/2000/1937 2406/4277/2406 2405/3925/2405 
f 990/1006/990 242/242/242 207/207/207 
f 2367/2481/2367 2032/2101/2032 3447/3764/3447 
f 3038/3240/3038 2422/2545/2422 2421/2544/2421 
f 208/208/208 3643/4085/3643 3212/3440/3212 
f 1593/1630/1593 2617/2749/2617 663/668/663 
f 3029/3231/3029 794/805/794 969/983/969 
f 3029/3231/3029 767/778/767 3561/3935/3561 
f 1982/2784/1982 3024/3695/3024 348/351/348 
f 3706/4240/3706 3292/4001/3292 177/177/177 
f 1634/1671/1634 3352/3630/3352 3455/3777/3455 
f 2378/2493/2378 3615/4030/3615 3038/3240/3038 
f 1770/1821/1770 2036/2105/2036 373/376/373 
f 1770/1821/1770 375/378/375 3025/4078/3025 
f 2904/3081/2904 1754/1804/1754 3380/3669/3380 
f 2365/2479/2365 2743/2901/2743 3412/3717/3412 
f 2422/2545/2422 506/509/506 2618/2750/2618 
f 2749/2907/2749 3212/3440/3212 2402/2523/2402 
f 3445/3760/3445 1928/1990/1928 1927/1989/1927 
f 664/669/664 3212/3440/3212 3643/4085/3643 
f 2273/2364/2273 3449/3766/3449 3748/4362/3748 
f 1593/1630/1593 796/807/796 2403/2524/2403 
f 782/4363/782 3660/4115/3660 3661/4116/3661 
f 1360/1391/1360 1342/1371/1342 1341/1370/1341 
f 3038/3240/3038 3615/4030/3615 506/509/506 
f 1497/1530/1497 437/440/437 1936/1999/1936 
f 1936/1999/1936 1935/1998/1935 3404/3703/3404 
f 1754/1804/1754 2904/3081/2904 1173/1193/1173 
f 1744/1794/1744 1917/1979/1917 1745/1795/1745 
f 1856/1910/1856 1360/1391/1360 1341/1370/1341 
f 2618/2750/2618 506/509/506 505/508/505 
f 2952/3134/2952 2768/2933/2768 2904/3081/2904 
f 2768/2933/2768 2952/3134/2952 2769/2934/2769 
f 2439/2562/2439 3621/4037/3621 2743/2901/2743 
f 505/508/505 2033/2102/2033 2618/2750/2618 
f 1935/1998/1935 2035/4248/2035 3404/3703/3404 
f 766/777/766 346/349/346 3340/3613/3340 
f 1928/3847/1928 3620/4036/3620 1926/4123/1926 
f 3421/3727/3421 2781/2947/2781 3713/4258/3713 
f 766/777/766 3340/3613/3340 767/778/767 
f 677/683/677 676/682/676 2165/2249/2165 
f 673/3109/673 3086/3292/3086 2663/2807/2663 
f 2846/3022/2846 3713/4258/3713 2781/2947/2781 
f 1855/1909/1855 2033/2102/2033 2621/2754/2621 
f 3615/4030/3615 507/510/507 506/509/506 
f 2036/2105/2036 1770/1821/1770 2022/2090/2022 
f 1175/1195/1175 1754/1804/1754 1173/1193/1173 
f 3665/4124/3665 3621/4037/3621 1105/1123/1105 
f 2780/2946/2780 2770/2935/2770 2769/2934/2769 
f 3404/3703/3404 2035/4248/2035 3648/4364/3648 
f 2780/2946/2780 2781/2947/2781 3421/3727/3421 
f 794/805/794 2785/2953/2785 795/806/795 
f 3561/3935/3561 3340/3613/3340 3731/4365/3731 
f 2386/2503/2386 3288/3540/3288 3023/4366/3023 
f 1926/1988/1926 2486/4367/2486 1927/1989/1927 
f 3621/4037/3621 2439/2562/2439 3619/4035/3619 
f 2328/2431/2328 3404/3703/3404 3648/4364/3648 
f 2023/2091/2023 2022/2090/2022 1770/1821/1770 
f 3731/4365/3731 3340/3613/3340 2430/3574/2430 
f 1416/1448/1416 1418/1450/1418 2431/2554/2431 
f 3010/3211/3010 596/600/596 3280/3530/3280 
f 3404/3703/3404 2328/2431/2328 1497/1530/1497 
f 1175/1195/1175 2714/2868/2714 2023/4012/2023 
f 2212/2300/2212 1933/1996/1933 2871/3048/2871 
f 2404/2525/2404 795/806/795 2786/2954/2786 
f 2486/3699/2486 1926/4123/1926 2108/2186/2108 
f 1926/4123/1926 3665/4124/3665 2108/2186/2108 
f 2108/2186/2108 3665/4124/3665 1105/1123/1105 
f 2621/2754/2621 2033/2102/2033 3749/4368/3749 
f 2033/2102/2033 505/508/505 3749/4368/3749 
f 3029/3231/3029 1365/1396/1365 2785/2953/2785 
f 3029/3231/3029 3561/3935/3561 1365/1396/1365 
f 1927/3921/1927 678/684/678 677/683/677 
f 958/971/958 1459/1492/1459 1561/1596/1561 
f 3329/3599/3329 1458/1491/1458 1792/1845/1792 
f 2021/2089/2021 3017/3218/3017 2022/2090/2022 
f 3567/3944/3567 206/206/206 208/208/208 
f 3712/4251/3712 3461/3784/3461 2404/2525/2404 
f 2429/2552/2429 3731/4314/3731 2430/2553/2430 
f 2439/2562/2439 2438/2561/2438 3618/4034/3618 
f 1508/1541/1508 3719/4275/3719 507/510/507 
f 3648/4099/3648 2036/2105/2036 3017/3218/3017 
f 1173/1193/1173 2951/3133/2951 1174/1194/1174 
f 2770/2935/2770 2780/2946/2780 2950/3132/2950 
f 3713/4258/3713 3562/3936/3562 3421/3727/3421 
f 3713/4258/3713 3567/3944/3567 3562/3936/3562 
f 3561/3935/3561 3731/4365/3731 1363/1394/1363 
f 1362/1393/1362 1361/1392/1361 2622/2755/2622 
f 2621/2754/2621 3749/4368/3749 3714/4259/3714 
f 505/508/505 3719/4275/3719 3749/4368/3749 
f 505/508/505 507/510/507 3719/4275/3719 
f 3592/3986/3592 3648/4369/3648 3017/4370/3017 
f 1914/1976/1914 2786/2954/2786 2785/2953/2785 
f 2429/2552/2429 2431/2554/2431 1418/1450/1418 
f 2005/2072/2005 654/659/654 653/658/653 
f 3495/3828/3495 3461/3784/3461 3712/4251/3712 
f 3108/3318/3108 3107/3317/3107 3419/4318/3419 
f 2785/2953/2785 1365/1396/1365 1914/1976/1914 
f 3731/4314/3731 2429/2552/2429 110/110/110 
f 2386/2503/2386 2385/2502/2385 3750/4371/3750 
f 2714/2868/2714 1174/1194/1174 3703/4229/3703 
f 1174/1194/1174 2951/3133/2951 3703/4229/3703 
f 3420/3726/3420 2950/3132/2950 2780/2946/2780 
f 1028/1045/1028 878/4372/878 3724/4289/3724 
f 3288/3540/3288 2386/2503/2386 3750/4371/3750 
f 1105/1123/1105 3619/4035/3619 1103/1121/1103 
f 3583/3971/3583 1103/1121/1103 3619/4035/3619 
f 2132/2212/2132 3583/3971/3583 3618/4034/3618 
f 2132/2212/2132 3618/4034/3618 2563/2693/2563 
f 2328/4373/2328 3648/4369/3648 3592/3986/3592 
f 3592/3986/3592 3017/4370/3017 2684/4374/2684 
f 3562/3936/3562 3567/3944/3567 1797/1850/1797 
f 3567/3944/3567 2750/2908/2750 1797/1850/1797 
f 2684/4374/2684 3017/4370/3017 2021/4375/2021 
f 2951/3133/2951 2950/3132/2950 3702/4228/3702 
f 3421/3727/3421 3562/3936/3562 3080/3286/3080 
f 3495/3828/3495 3712/4251/3712 1247/1271/1247 
f 3738/4339/3738 2509/2637/2509 244/244/244 
f 3749/4368/3749 3719/4275/3719 3720/4276/3720 
f 3749/4368/3749 3720/4276/3720 3714/4259/3714 
f 2714/2868/2714 3703/4229/3703 2683/4350/2683 
f 3703/4229/3703 2951/3133/2951 3702/4228/3702 
f 3704/4232/3704 3080/3286/3080 798/809/798 
f 2429/2552/2429 1418/1450/1418 107/107/107 
f 1417/1449/1417 3288/3540/3288 3684/4176/3684 
f 2487/2612/2487 2107/3227/2107 2995/3191/2995 
f 2563/2693/2563 1362/1393/1362 3208/3435/3208 
f 3714/4259/3714 2622/2755/2622 2621/2754/2621 
f 918/930/918 1892/1949/1892 919/931/919 
f 2328/4373/2328 3592/3986/3592 2327/4067/2327 
f 3719/4275/3719 1508/1541/1508 2898/3075/2898 
f 2327/2430/2327 3490/3823/3490 1498/1531/1498 
f 2683/4350/2683 3703/4229/3703 3360/3641/3360 
f 2840/3013/2840 2899/3076/2899 1508/1541/1508 
f 3702/4228/3702 2950/3132/2950 3687/4180/3687 
f 3495/3828/3495 1247/1271/1247 421/424/421 
f 3750/4371/3750 3684/4176/3684 3288/3540/3288 
f 3714/4259/3714 3720/4276/3720 3670/4138/3670 
f 822/833/822 526/530/526 823/834/823 
f 797/808/797 3687/4180/3687 3704/4232/3704 
f 2224/2312/2224 3562/3936/3562 1797/1850/1797 
f 787/798/787 789/800/789 2192/2279/2192 
f 1417/1449/1417 3684/4176/3684 1227/1250/1227 
f 2622/2755/2622 3208/3435/3208 1362/1393/1362 
f 1363/1394/1363 110/4063/110 2580/2711/2580 
f 106/106/106 109/109/109 107/107/107 
f 275/277/275 388/391/388 274/276/274 
f 3750/4371/3750 2385/2502/2385 3726/4299/3726 
f 3592/3986/3592 2684/4374/2684 3106/3480/3106 
f 2683/4350/2683 3360/3641/3360 3359/3640/3359 
f 345/348/345 3319/3587/3319 3356/3637/3356 
f 3750/4371/3750 3726/4299/3726 1639/1676/1639 
f 2994/3190/2994 3726/4299/3726 2487/2612/2487 
f 1103/1121/1103 431/434/431 1104/1122/1104 
f 3207/3434/3207 2965/3150/2965 3208/3435/3208 
f 3720/4276/3720 2898/3075/2898 2897/3074/2897 
f 3720/4276/3720 2897/3074/2897 3670/4138/3670 
f 2840/3013/2840 3594/3988/3594 3751/4376/3751 
f 3594/3988/3594 3490/3823/3490 3751/4376/3751 
f 3662/4117/3662 3702/4228/3702 3687/4180/3687 
f 108/108/108 1176/1196/1176 106/106/106 
f 3750/4371/3750 1639/1676/1639 3684/4176/3684 
f 3726/4299/3726 1637/1674/1637 1639/1676/1639 
f 1104/1122/1104 2995/4377/2995 2107/2185/2107 
f 2757/2917/2757 77/77/77 2362/2476/2362 
f 3702/4228/3702 3662/4117/3662 3360/3641/3360 
f 1416/1448/1416 3023/4366/3023 3288/3540/3288 
f 1104/1122/1104 431/434/431 2995/4377/2995 
f 3751/4376/3751 3005/3206/3005 2840/3013/2840 
f 3490/3823/3490 2633/4378/2633 3751/4376/3751 
f 3490/3823/3490 2327/2430/2327 2633/4378/2633 
f 3106/3316/3106 2683/2830/2683 3359/4379/3359 
f 3687/4180/3687 797/808/797 3662/4117/3662 
f 1247/1271/1247 2140/2221/2140 12/12/12 
f 3712/4251/3712 2606/2738/2606 1247/1271/1247 
f 2633/2770/2633 2327/4067/2327 3240/3479/3240 
f 3240/3479/3240 3241/3481/3241 2634/2771/2634 
f 3662/4117/3662 797/808/797 3372/3660/3372 
f 2728/2884/2728 897/908/897 576/580/576 
f 1226/1249/1226 1176/1196/1176 1227/1250/1227 
f 1176/1196/1176 108/108/108 1227/1250/1227 
f 3726/4299/3726 2994/3190/2994 1637/1674/1637 
f 1882/1939/1882 1996/2062/1996 1883/1940/1883 
f 2355/4380/2355 2994/3190/2994 2995/3191/2995 
f 3005/3206/3005 3751/4376/3751 3717/4267/3717 
f 3751/4376/3751 2633/4378/2633 3717/4267/3717 
f 3371/3659/3371 3128/4381/3128 3358/3639/3358 
f 3358/3639/3358 3662/4117/3662 3372/3660/3372 
f 3187/3412/3187 1351/1380/1351 818/829/818 
f 3207/3434/3207 3670/4138/3670 2937/3118/2937 
f 2897/3074/2897 828/839/828 827/838/827 
f 3128/3342/3128 3241/3481/3241 3359/4241/3359 
f 1177/1197/1177 1176/1196/1176 1226/1249/1226 
f 405/408/405 186/186/186 406/409/406 
f 3372/3660/3372 797/808/797 799/810/799 
f 2962/3147/2962 1228/1251/1228 2980/3173/2980 
f 431/434/431 2356/2666/2356 2995/4377/2995 
f 2937/3118/2937 3255/3496/3255 3207/3434/3207 
f 2937/3118/2937 3670/4138/3670 827/838/827 
f 3241/3481/3241 3128/3342/3128 3680/4158/3680 
f 3359/3640/3359 3358/3639/3358 3128/4381/3128 
f 1605/1642/1605 799/810/799 798/809/798 
f 3320/3588/3320 2915/3093/2915 11/11/11 
f 1909/3791/1909 310/313/310 282/2483/282 
f 3684/4176/3684 1228/1251/1228 1227/1250/1227 
f 1637/1674/1637 2994/3190/2994 2279/4382/2279 
f 3005/3206/3005 3717/4267/3717 2151/2233/2151 
f 2994/3190/2994 2355/4380/2355 2279/4382/2279 
f 2995/3191/2995 2356/4383/2356 2355/4380/2355 
f 2633/2770/2633 2635/2772/2635 3717/4384/3717 
f 3469/3979/3469 3316/3729/3316 3481/3810/3481 
f 162/162/162 1177/1197/1177 3256/3498/3256 
f 2634/2771/2634 3680/4158/3680 2635/2772/2635 
f 799/810/799 3373/3661/3373 3372/3660/3372 
f 1801/1854/1801 1800/1853/1800 163/2208/163 
f 1801/4293/1801 163/163/163 2533/2661/2533 
f 3717/4384/3717 2635/2772/2635 2152/3851/2152 
f 3056/3260/3056 2635/2772/2635 3680/4158/3680 
f 3128/4381/3128 3371/3659/3371 1760/4164/1760 
f 1177/1197/1177 1226/1249/1226 2990/3185/2990 
f 2962/3147/2962 2991/3186/2991 1226/1249/1226 
f 3373/3661/3373 799/810/799 966/980/966 
f 2465/2590/2465 1638/3749/1638 1637/4181/1637 
f 2635/2772/2635 3056/3260/3056 2152/3851/2152 
f 99/99/99 2139/2220/2139 97/97/97 
f 2937/3118/2937 1290/1316/1290 3253/3494/3253 
f 3256/3498/3256 1177/1197/1177 2990/3185/2990 
f 1719/1762/1719 2980/3567/2980 3441/3750/3441 
f 2679/2826/2679 3519/3864/3519 735/746/735 
f 2679/2826/2679 2134/2214/2134 2680/2827/2680 
f 2134/2214/2134 3254/3495/3254 2680/2827/2680 
f 3227/3457/3227 3400/3697/3400 3565/3939/3565 
f 770/781/770 769/780/769 2152/3851/2152 
f 2150/2232/2150 2152/2234/2152 769/3911/769 
f 3056/3260/3056 921/933/921 920/932/920 
f 3320/3588/3320 10/10/10 3572/3954/3572 
f 2537/2665/2537 433/436/433 3519/4332/3519 
f 3256/3498/3256 2990/3185/2990 2381/2497/2381 
f 2150/2232/2150 3400/3697/3400 829/840/829 
f 2150/2232/2150 769/3911/769 3400/3697/3400 
f 3180/3405/3180 937/949/937 1951/3403/1951 
f 968/982/968 1513/2891/1513 1759/4165/1759 
f 3253/3494/3253 3226/3456/3226 3254/3495/3254 
f 1553/1588/1553 3326/3595/3326 1010/1027/1010 
f 770/781/770 920/932/920 2659/2802/2659 
f 2465/2590/2465 2548/2678/2548 3441/3750/3441 
f 3259/3501/3259 99/99/99 2660/2803/2660 
f 2660/2803/2660 99/99/99 98/98/98 
f 1622/1659/1622 2192/2279/2192 789/800/789 
f 2883/3060/2883 2884/3061/2884 1378/1409/1378 
f 3253/3494/3253 1290/1316/1290 3227/3457/3227 
f 967/981/967 2732/2889/2732 968/982/968 
f 2538/2667/2538 1436/2496/1436 1873/3356/1873 
f 3320/3588/3320 3572/3954/3572 1035/1052/1035 
f 2732/2889/2732 967/981/967 1286/1312/1286 
f 2417/2540/2417 2380/2495/2380 2991/3186/2991 
f 3427/3734/3427 2681/2828/2681 2680/2827/2680 
f 2567/2697/2567 2566/2696/2566 3277/3910/3277 
f 1513/1546/1513 2733/3682/2733 2658/2801/2658 
f 98/98/98 2192/2279/2192 2191/2278/2191 
f 2537/2665/2537 3519/4332/3519 3695/4206/3695 
f 3519/3864/3519 2681/2828/2681 3628/4284/3628 
f 2566/2696/2566 2756/2916/2756 3565/3939/3565 
f 2661/2804/2661 1557/1592/1557 3259/3501/3259 
f 3617/4032/3617 3695/4206/3695 1691/1732/1691 
f 3284/3535/3284 3226/3456/3226 2727/2882/2727 
f 3673/4143/3673 2567/3526/2567 3568/3946/3568 
f 2380/4264/2380 1437/1470/1437 1436/1469/1436 
f 3628/4284/3628 2681/2828/2681 3321/3589/3321 
f 2681/2828/2681 3427/3734/3427 3321/3589/3321 
f 2660/2803/2660 2191/2278/2191 1269/1295/1269 
f 1269/1295/1269 2191/2278/2191 1270/1296/1270 
f 2647/2789/2647 3614/4029/3614 2800/2969/2800 
f 1720/1763/1720 1715/1758/1715 1721/1764/1721 
f 3617/4183/3617 1691/2885/1691 575/579/575 
f 560/564/560 3568/3946/3568 2658/2801/2658 
f 152/4385/152 511/514/511 150/516/150 
f 2661/2804/2661 2059/2128/2059 1557/1592/1557 
f 1689/1730/1689 1691/1732/1691 3695/4206/3695 
f 3423/4386/3423 3678/4197/3678 3135/3350/3135 
f 1622/1659/1622 1270/1296/1270 2191/2278/2191 
f 2059/2128/2059 2661/2804/2661 2060/2129/2060 
f 1453/1486/1453 3693/4200/3693 3081/3287/3081 
f 1278/1304/1278 2547/2677/2547 577/581/577 
f 3466/3790/3466 1278/1304/1278 896/907/896 
f 577/581/577 576/580/576 896/907/896 
f 559/563/559 2565/4234/2565 3673/4143/3673 
f 2760/2922/2760 1292/1319/1292 1291/1318/1291 
f 3466/3790/3466 310/313/310 1909/3791/1909 
f 1027/1044/1027 878/4372/878 1028/1045/1028 
f 3748/4362/3748 3652/4105/3652 3452/3772/3452 
f 2878/3055/2878 3305/3563/3305 3304/3562/3304 
f 980/4151/980 3291/3543/3291 2877/3054/2877 
f 3733/4317/3733 893/904/893 895/906/895 
f 3724/4387/3724 878/889/878 1260/1286/1260 
f 1668/1707/1668 634/638/634 1589/1626/1589 
f 3544/3907/3544 3732/4330/3732 3718/4268/3718 
f 1029/1046/1029 2208/2296/2208 1853/4388/1853 
f 3291/4223/3291 3221/3450/3221 3216/3444/3216 
f 1405/1436/1405 1404/1435/1404 3538/3898/3538 
f 3433/3741/3433 708/717/708 3449/3766/3449 
f 1464/1497/1464 781/792/781 1962/3156/1962 
f 3733/4317/3733 895/906/895 3305/3563/3305 
f 3238/3474/3238 2304/2398/2304 1388/4163/1388 
f 3652/4105/3652 3748/4362/3748 3449/3766/3449 
f 893/904/893 3733/4317/3733 3730/4389/3730 
f 3215/3443/3215 3710/4249/3710 3672/4142/3672 
f 3305/3563/3305 2878/3055/2878 3752/4390/3752 
f 3710/4249/3710 3699/4214/3699 3753/4391/3753 
f 3630/4059/3630 1328/1356/1328 881/892/881 
f 3724/4387/3724 1260/1286/1260 1388/1419/1388 
f 714/723/714 3233/3468/3233 1515/4109/1515 
f 803/814/803 893/904/893 3730/4389/3730 
f 3237/3473/3237 3216/3444/3216 3221/3450/3221 
f 3724/4289/3724 1388/4163/1388 2304/2398/2304 
f 1164/1184/1164 2916/3094/2916 2651/2794/2651 
f 2877/3054/2877 3752/4390/3752 2878/3055/2878 
f 3591/3985/3591 2820/2991/2820 1210/1232/1210 
f 714/723/714 713/722/713 3552/3920/3552 
f 876/887/876 2014/2082/2014 874/885/874 
f 3672/4142/3672 3710/4249/3710 3753/4391/3753 
f 1350/1379/1350 1070/1087/1070 1069/1086/1069 
f 2583/2714/2583 2582/2713/2582 3584/3972/3584 
f 1501/1534/1501 1431/1464/1431 2076/2148/2076 
f 1853/1907/1853 2208/4294/2208 1854/1908/1854 
f 2268/4392/2268 1854/1908/1854 2207/4295/2207 
f 942/954/942 944/956/944 3295/3550/3295 
f 3651/4280/3651 3721/4279/3721 3735/4323/3735 
f 3699/4328/3699 780/791/780 782/793/782 
f 804/815/804 803/814/803 3730/4389/3730 
f 2424/3497/2424 2268/2358/2268 2269/2360/2269 
f 3753/4391/3753 3699/4214/3699 782/4363/782 
f 3305/3563/3305 3752/4390/3752 3732/4316/3732 
f 2877/3054/2877 3293/3545/3293 3752/4390/3752 
f 652/657/652 1387/1418/1387 1260/1286/1260 
f 805/3504/805 3660/4115/3660 782/4363/782 
f 1164/1184/1164 2820/2991/2820 1162/1182/1162 
f 1162/1182/1162 2820/2991/2820 3591/3985/3591 
f 3748/4362/3748 3452/3772/3452 2771/2937/2771 
f 2682/2829/2682 3672/4142/3672 3754/4393/3754 
f 2477/2602/2477 2796/2964/2796 2545/2674/2545 
f 1163/1183/1163 1677/1717/1677 1679/1719/1679 
f 2930/3110/2930 1412/1444/1412 2144/2225/2144 
f 1431/1464/1431 1501/1534/1501 3651/4280/3651 
f 1029/1046/1029 1853/4388/1853 3735/4323/3735 
f 1854/1908/1854 2268/4392/2268 2424/2547/2424 
f 3362/3643/3362 3361/3642/3361 2682/2829/2682 
f 3733/4317/3733 3732/4316/3732 3716/4394/3716 
f 2256/2766/2256 1397/1428/1397 1399/1430/1399 
f 1833/1886/1833 2272/2363/2272 3416/3721/3416 
f 2012/2080/2012 1254/1280/1254 1155/1175/1155 
f 1029/1046/1029 3735/4323/3735 3721/4279/3721 
f 3733/4317/3733 3716/4394/3716 3730/4389/3730 
f 2631/4015/2631 1679/1719/1679 1678/1718/1678 
f 2996/3195/2996 2273/2364/2273 2771/2937/2771 
f 3748/4362/3748 2771/2937/2771 2273/2364/2273 
f 3672/4142/3672 3753/4391/3753 3754/4393/3754 
f 3732/4316/3732 3752/4390/3752 3718/4395/3718 
f 3291/4223/3291 3216/3444/3216 3292/4001/3292 
f 1162/1182/1162 3591/3985/3591 3639/4073/3639 
f 3651/4280/3651 3735/4323/3735 1725/4325/1725 
f 3121/3331/3121 3368/3653/3368 3552/3920/3552 
f 3753/4391/3753 782/4363/782 3661/4116/3661 
f 3718/4395/3718 3752/4390/3752 3293/3545/3293 
f 1398/1429/1398 1397/1428/1397 3574/3958/3574 
f 3735/4323/3735 1853/4388/1853 1137/4324/1137 
f 1854/1908/1854 2424/2547/2424 1138/1158/1138 
f 1975/2450/1975 1492/1525/1492 2306/4396/2306 
f 3639/4073/3639 3591/3985/3591 1834/1887/1834 
f 2582/2713/2582 3048/3251/3048 3640/4074/3640 
f 2076/2148/2076 1431/1464/1431 1430/1463/1430 
f 1431/1464/1431 3651/4280/3651 3570/3950/3570 
f 3730/4310/3730 3716/4265/3716 3159/3380/3159 
f 3718/4268/3718 3293/4397/3293 3706/4240/3706 
f 3574/4398/3574 1677/1717/1677 3671/4139/3671 
f 3715/4263/3715 3671/4139/3671 1163/1183/1163 
f 3570/4104/3570 1725/4103/1725 2258/4337/2258 
f 1138/1158/1138 2424/2547/2424 2426/2549/2426 
f 1841/1895/1841 3159/3380/3159 3716/4265/3716 
f 3293/4397/3293 3292/4001/3292 3706/4240/3706 
f 1785/1837/1785 3459/3782/3459 1786/1838/1786 
f 3048/3251/3048 2582/2713/2582 1430/1463/1430 
f 3121/3331/3121 3362/3643/3362 2013/2081/2013 
f 3718/4268/3718 3706/4240/3706 3545/3908/3545 
f 1958/2022/1958 2357/2469/2357 1063/1080/1063 
f 3524/3873/3524 3715/4263/3715 3639/4073/3639 
f 1162/1182/1162 3639/4073/3639 3715/4263/3715 
f 3524/3873/3524 763/774/763 3555/3924/3555 
f 1431/1464/1431 3570/3950/3570 1429/1462/1429 
f 3459/3782/3459 1958/3781/1958 1063/3655/1063 
f 3409/3712/3409 3213/3713/3213 2919/4239/2919 
f 2426/2549/2426 2425/2548/2425 2841/4040/2841 
f 1723/1766/1723 3661/4116/3661 3625/4044/3625 
f 1398/1429/1398 3574/3958/3574 3629/4093/3629 
f 2472/2597/2472 2471/2596/2471 2972/3161/2972 
f 2996/3195/2996 2771/2937/2771 745/756/745 
f 1429/1462/1429 3272/3520/3272 1430/1463/1430 
f 1136/1156/1136 1724/1767/1724 1137/1157/1137 
f 1128/1148/1128 681/689/681 680/688/680 
f 1138/1158/1138 2426/2549/2426 1136/1156/1136 
f 13/13/13 3511/3848/3511 14/14/14 
f 3753/4391/3753 3661/4116/3661 3754/4393/3754 
f 1843/1897/1843 3379/3668/3379 3159/3380/3159 
f 1786/1838/1786 178/178/178 177/177/177 
f 3459/3782/3459 2079/2151/2079 1786/1838/1786 
f 2357/2469/2357 1398/3860/1398 1061/1078/1061 
f 3715/4263/3715 2612/2744/2612 3671/4139/3671 
f 2187/2274/2187 2841/3014/2841 2540/4081/2540 
f 3660/4115/3660 3261/3503/3261 3625/4044/3625 
f 2079/2151/2079 3459/3782/3459 1063/3655/1063 
f 1063/1080/1063 2357/2469/2357 1061/1078/1061 
f 1061/1078/1061 1398/3860/1398 3629/4058/3629 
f 3715/4263/3715 3524/3873/3524 2612/2744/2612 
f 3639/4073/3639 1834/1887/1834 763/774/763 
f 763/774/763 2175/2261/2175 764/775/764 
f 2682/2829/2682 3754/4393/3754 1722/1765/1722 
f 1723/1766/1723 3754/4393/3754 3661/4116/3661 
f 178/178/178 1786/1838/1786 2079/2151/2079 
f 3671/4139/3671 2183/2269/2183 3574/4398/3574 
f 2274/2365/2274 3518/3861/3518 1740/1787/1740 
f 1449/1482/1449 1960/2024/1960 1447/1480/1447 
f 1724/2979/1724 2258/2347/2258 1725/4399/1725 
f 3754/4393/3754 1723/1766/1723 1722/1765/1722 
f 3545/3908/3545 3706/4240/3706 3263/3507/3263 
f 1263/1289/1263 3407/3708/3407 2744/2902/2744 
f 3263/3507/3263 3706/4240/3706 176/176/176 
f 3683/4168/3683 3646/4312/3646 3071/3275/3071 
f 3120/4400/3120 875/2272/875 2540/4081/2540 
f 2186/2273/2186 875/2272/875 3426/4287/3426 
f 2875/3052/2875 3261/3503/3261 3379/3668/3379 
f 3263/3507/3263 3437/3745/3437 3545/3908/3545 
f 3683/4168/3683 3049/3252/3049 3272/3520/3272 
f 3683/4168/3683 1429/1462/1429 3415/3951/3415 
f 2242/2330/2242 1223/1246/1223 2243/2331/2243 
f 2185/2271/2185 3629/4401/3629 2183/2269/2183 
f 2963/3148/2963 1830/1883/1830 3496/3830/3496 
f 3436/3744/3436 1842/1896/1842 1841/1895/1841 
f 176/176/176 178/178/178 3603/4003/3603 
f 1038/1055/1038 764/775/764 1039/1056/1039 
f 2821/2993/2821 2841/3014/2841 2187/2274/2187 
f 3263/3507/3263 176/176/176 3262/3506/3262 
f 745/756/745 1474/1507/1474 2996/3195/2996 
f 3646/4092/3646 3415/3720/3415 2259/2348/2259 
f 1223/1246/1223 2259/2348/2259 2243/2331/2243 
f 3379/3668/3379 1843/1897/1843 2875/3052/2875 
f 1842/1896/1842 2874/3051/2874 1843/1897/1843 
f 3438/3746/3438 1842/1896/1842 3436/3744/3436 
f 176/176/176 3603/4003/3603 3262/3506/3262 
f 3183/3408/3183 3603/4003/3603 2081/2153/2081 
f 3518/3861/3518 1473/1506/1473 1039/1056/1039 
f 3683/4168/3683 3415/3951/3415 3646/4312/3646 
f 3629/4401/3629 2185/2271/2185 486/4221/486 
f 3625/4044/3625 3462/3786/3462 2998/3197/2998 
f 2875/3052/2875 3462/3786/3462 3625/4044/3625 
f 3438/3746/3438 3437/3745/3437 3014/3215/3014 
f 765/776/765 764/775/764 1038/1055/1038 
f 3529/4172/3529 3348/3621/3348 2351/2462/2351 
f 2259/2348/2259 1223/1246/1223 1225/1248/1225 
f 2259/2348/2259 1225/1248/1225 3646/4092/3646 
f 3047/3250/3047 1224/1247/1224 2821/2993/2821 
f 2658/2801/2658 3568/3946/3568 2659/2802/2659 
f 3555/3924/3555 765/776/765 1930/1992/1930 
f 3603/4003/3603 3183/3408/3183 3262/3506/3262 
f 1062/1079/1062 486/489/486 488/491/488 
f 2611/2743/2611 1190/1211/1190 2184/2270/2184 
f 3071/3275/3071 2671/2818/2671 2564/2694/2564 
f 311/4188/311 3036/3238/3036 3035/3237/3035 
f 2008/2076/2008 1049/1066/1049 1717/1760/1717 
f 3235/3470/3235 3438/3746/3438 3013/3214/3013 
f 1062/1079/1062 488/491/488 3184/4236/3184 
f 2184/2270/2184 1190/1211/1190 1189/1210/1189 
f 2611/2743/2611 1930/1992/1930 1190/1211/1190 
f 3262/3506/3262 3183/3408/3183 3577/3961/3577 
f 337/340/337 789/800/789 2701/2851/2701 
f 3242/3482/3242 1929/1991/1929 1930/1992/1930 
f 3071/3275/3071 2670/4311/2670 2973/3163/2973 
f 845/856/845 844/855/844 15/15/15 
f 3184/4236/3184 488/491/488 3185/4402/3185 
f 1190/1211/1190 1929/1991/1929 1188/1209/1188 
f 3597/3994/3597 2213/2301/2213 3013/3214/3013 
f 3337/3610/3337 2502/3609/2502 752/4033/752 
f 2523/2651/2523 1698/1740/1698 2524/2652/2524 
f 3296/3885/3296 753/4403/753 2413/2535/2413 
f 845/856/845 3553/3922/3553 843/854/843 
f 1188/1209/1188 1929/1991/1929 3294/3549/3294 
f 3294/3549/3294 1929/1991/1929 3504/3840/3504 
f 1559/1594/1559 2655/2798/2655 1199/1221/1199 
f 2214/2302/2214 3597/3994/3597 3506/3842/3506 
f 752/763/752 2501/2626/2501 3387/3676/3387 
f 3424/4014/3424 3423/4386/3423 3474/3802/3474 
f 1705/1747/1705 1704/1746/1704 3597/3994/3597 
f 2413/2535/2413 753/4403/753 2414/2536/2414 
f 3577/3961/3577 3650/4101/3650 1703/1745/1703 
f 1704/1746/1704 3506/3842/3506 3597/3994/3597 
f 3711/4250/3711 1703/1745/1703 3650/4101/3650 
f 1698/1740/1698 1700/1742/1700 3070/3274/3070 
f 3474/3802/3474 3423/4386/3423 3135/3350/3135 
f 2888/3065/2888 655/2919/655 3115/3325/3115 
f 2749/2907/2749 3495/3828/3495 1796/1849/1796 
