$MeshFormat
4.1 0 8
$EndMeshFormat
$Entities
0 0 1 2
1 -0.0253623835742 -0.0525651313365 -0.003045657183969999 0.0266184620559 0.0330494195223 0.101835049689 0 0 
1 -0.0253623835742 -0.0525651313365 -0.003045657183969999 0.0266184620559 0.0330494195223 0.101835049689 0 1 1 
2 -0.0253623835742 -0.0525651313365 -0.003045657183969999 0.0266184620559 0.0330494195223 0.101835049689 0 1 1 
$EndEntities
$Nodes
3 2980 1 2980
2 1 0 1838
1
2
3
4
5
6
7
8
9
10
11
12
13
14
15
16
17
18
19
20
21
22
23
24
25
26
27
28
29
30
31
32
33
34
35
36
37
38
39
40
41
42
43
44
45
46
47
48
49
50
51
52
53
54
55
56
57
58
59
60
61
62
63
64
65
66
67
68
69
70
71
72
73
74
75
76
77
78
79
80
81
82
83
84
85
86
87
88
89
90
91
92
93
94
95
96
97
98
99
100
101
102
103
104
105
106
107
108
109
110
111
112
113
114
115
116
117
118
119
120
121
122
123
124
125
126
127
128
129
130
131
132
133
134
135
136
137
138
139
140
141
142
143
144
145
146
147
148
149
150
151
152
153
154
155
156
157
158
159
160
161
162
163
164
165
166
167
168
169
170
171
172
173
174
175
176
177
178
179
180
181
182
183
184
185
186
187
188
189
190
191
192
193
194
195
196
197
198
199
200
201
202
203
204
205
206
207
208
209
210
211
212
213
214
215
216
217
218
219
220
221
222
223
224
225
226
227
228
229
230
231
232
233
234
235
236
237
238
239
240
241
242
243
244
245
246
247
248
249
250
251
252
253
254
255
256
257
258
259
260
261
262
263
264
265
266
267
268
269
270
271
272
273
274
275
276
277
278
279
280
281
282
283
284
285
286
287
288
289
290
291
292
293
294
295
296
297
298
299
300
301
302
303
304
305
306
307
308
309
310
311
312
313
314
315
316
317
318
319
320
321
322
323
324
325
326
327
328
329
330
331
332
333
334
335
336
337
338
339
340
341
342
343
344
345
346
347
348
349
350
351
352
353
354
355
356
357
358
359
360
361
362
363
364
365
366
367
368
369
370
371
372
373
374
375
376
377
378
379
380
381
382
383
384
385
386
387
388
389
390
391
392
393
394
395
396
397
398
399
400
401
402
403
404
405
406
407
408
409
410
411
412
413
414
415
416
417
418
419
420
421
422
423
424
425
426
427
428
429
430
431
432
433
434
435
436
437
438
439
440
441
442
443
444
445
446
447
448
449
450
451
452
453
454
455
456
457
458
459
460
461
462
463
464
465
466
467
468
469
470
471
472
473
474
475
476
477
478
479
480
481
482
483
484
485
486
487
488
489
490
491
492
493
494
495
496
497
498
499
500
501
502
503
504
505
506
507
508
509
510
511
512
513
514
515
516
517
518
519
520
521
522
523
524
525
526
527
528
529
530
531
532
533
534
535
536
537
538
539
540
541
542
543
544
545
546
547
548
549
550
551
552
553
554
555
556
557
558
559
560
561
562
563
564
565
566
567
568
569
570
571
572
573
574
575
576
577
578
579
580
581
582
583
584
585
586
587
588
589
590
591
592
593
594
595
596
597
598
599
600
601
602
603
604
605
606
607
608
609
610
611
612
613
614
615
616
617
618
619
620
621
622
623
624
625
626
627
628
629
630
631
632
633
634
635
636
637
638
639
640
641
642
643
644
645
646
647
648
649
650
651
652
653
654
655
656
657
658
659
660
661
662
663
664
665
666
667
668
669
670
671
672
673
674
675
676
677
678
679
680
681
682
683
684
685
686
687
688
689
690
691
692
693
694
695
696
697
698
699
700
701
702
703
704
705
706
707
708
709
710
711
712
713
714
715
716
717
718
719
720
721
722
723
724
725
726
727
728
729
730
731
732
733
734
735
736
737
738
739
740
741
742
743
744
745
746
747
748
749
750
751
752
753
754
755
756
757
758
759
760
761
762
763
764
765
766
767
768
769
770
771
772
773
774
775
776
777
778
779
780
781
782
783
784
785
786
787
788
789
790
791
792
793
794
795
796
797
798
799
800
801
802
803
804
805
806
807
808
809
810
811
812
813
814
815
816
817
818
819
820
821
822
823
824
825
826
827
828
829
830
831
832
833
834
835
836
837
838
839
840
841
842
843
844
845
846
847
848
849
850
851
852
853
854
855
856
857
858
859
860
861
862
863
864
865
866
867
868
869
870
871
872
873
874
875
876
877
878
879
880
881
882
883
884
885
886
887
888
889
890
891
892
893
894
895
896
897
898
899
900
901
902
903
904
905
906
907
908
909
910
911
912
913
914
915
916
917
918
919
920
921
922
923
924
925
926
927
928
929
930
931
932
933
934
935
936
937
938
939
940
941
942
943
944
945
946
947
948
949
950
951
952
953
954
955
956
957
958
959
960
961
962
963
964
965
966
967
968
969
970
971
972
973
974
975
976
977
978
979
980
981
982
983
984
985
986
987
988
989
990
991
992
993
994
995
996
997
998
999
1000
1001
1002
1003
1004
1005
1006
1007
1008
1009
1010
1011
1012
1013
1014
1015
1016
1017
1018
1019
1020
1021
1022
1023
1024
1025
1026
1027
1028
1029
1030
1031
1032
1033
1034
1035
1036
1037
1038
1039
1040
1041
1042
1043
1044
1045
1046
1047
1048
1049
1050
1051
1052
1053
1054
1055
1056
1057
1058
1059
1060
1061
1062
1063
1064
1065
1066
1067
1068
1069
1070
1071
1072
1073
1074
1075
1076
1077
1078
1079
1080
1081
1082
1083
1084
1085
1086
1087
1088
1089
1090
1091
1092
1093
1094
1095
1096
1097
1098
1099
1100
1101
1102
1103
1104
1105
1106
1107
1108
1109
1110
1111
1112
1113
1114
1115
1116
1117
1118
1119
1120
1121
1122
1123
1124
1125
1126
1127
1128
1129
1130
1131
1132
1133
1134
1135
1136
1137
1138
1139
1140
1141
1142
1143
1144
1145
1146
1147
1148
1149
1150
1151
1152
1153
1154
1155
1156
1157
1158
1159
1160
1161
1162
1163
1164
1165
1166
1167
1168
1169
1170
1171
1172
1173
1174
1175
1176
1177
1178
1179
1180
1181
1182
1183
1184
1185
1186
1187
1188
1189
1190
1191
1192
1193
1194
1195
1196
1197
1198
1199
1200
1201
1202
1203
1204
1205
1206
1207
1208
1209
1210
1211
1212
1213
1214
1215
1216
1217
1218
1219
1220
1221
1222
1223
1224
1225
1226
1227
1228
1229
1230
1231
1232
1233
1234
1235
1236
1237
1238
1239
1240
1241
1242
1243
1244
1245
1246
1247
1248
1249
1250
1251
1252
1253
1254
1255
1256
1257
1258
1259
1260
1261
1262
1263
1264
1265
1266
1267
1268
1269
1270
1271
1272
1273
1274
1275
1276
1277
1278
1279
1280
1281
1282
1283
1284
1285
1286
1287
1288
1289
1290
1291
1292
1293
1294
1295
1296
1297
1298
1299
1300
1301
1302
1303
1304
1305
1306
1307
1308
1309
1310
1311
1312
1313
1314
1315
1316
1317
1318
1319
1320
1321
1322
1323
1324
1325
1326
1327
1328
1329
1330
1331
1332
1333
1334
1335
1336
1337
1338
1339
1340
1341
1342
1343
1344
1345
1346
1347
1348
1349
1350
1351
1352
1353
1354
1355
1356
1357
1358
1359
1360
1361
1362
1363
1364
1365
1366
1367
1368
1369
1370
1371
1372
1373
1374
1375
1376
1377
1378
1379
1380
1381
1382
1383
1384
1385
1386
1387
1388
1389
1390
1391
1392
1393
1394
1395
1396
1397
1398
1399
1400
1401
1402
1403
1404
1405
1406
1407
1408
1409
1410
1411
1412
1413
1414
1415
1416
1417
1418
1419
1420
1421
1422
1423
1424
1425
1426
1427
1428
1429
1430
1431
1432
1433
1434
1435
1436
1437
1438
1439
1440
1441
1442
1443
1444
1445
1446
1447
1448
1449
1450
1451
1452
1453
1454
1455
1456
1457
1458
1459
1460
1461
1462
1463
1464
1465
1466
1467
1468
1469
1470
1471
1472
1473
1474
1475
1476
1477
1478
1479
1480
1481
1482
1483
1484
1485
1486
1487
1488
1489
1490
1491
1492
1493
1494
1495
1496
1497
1498
1499
1500
1501
1502
1503
1504
1505
1506
1507
1508
1509
1510
1511
1512
1513
1514
1515
1516
1517
1518
1519
1520
1521
1522
1523
1524
1525
1526
1527
1528
1529
1530
1531
1532
1533
1534
1535
1536
1537
1538
1539
1540
1541
1542
1543
1544
1545
1546
1547
1548
1549
1550
1551
1552
1553
1554
1555
1556
1557
1558
1559
1560
1561
1562
1563
1564
1565
1566
1567
1568
1569
1570
1571
1572
1573
1574
1575
1576
1577
1578
1579
1580
1581
1582
1583
1584
1585
1586
1587
1588
1589
1590
1591
1592
1593
1594
1595
1596
1597
1598
1599
1600
1601
1602
1603
1604
1605
1606
1607
1608
1609
1610
1611
1612
1613
1614
1615
1616
1617
1618
1619
1620
1621
1622
1623
1624
1625
1626
1627
1628
1629
1630
1631
1632
1633
1634
1635
1636
1637
1638
1639
1640
1641
1642
1643
1644
1645
1646
1647
1648
1649
1650
1651
1652
1653
1654
1655
1656
1657
1658
1659
1660
1661
1662
1663
1664
1665
1666
1667
1668
1669
1670
1671
1672
1673
1674
1675
1676
1677
1678
1679
1680
1681
1682
1683
1684
1685
1686
1687
1688
1689
1690
1691
1692
1693
1694
1695
1696
1697
1698
1699
1700
1701
1702
1703
1704
1705
1706
1707
1708
1709
1710
1711
1712
1713
1714
1715
1716
1717
1718
1719
1720
1721
1722
1723
1724
1725
1726
1727
1728
1729
1730
1731
1732
1733
1734
1735
1736
1737
1738
1739
1740
1741
1742
1743
1744
1745
1746
1747
1748
1749
1750
1751
1752
1753
1754
1755
1756
1757
1758
1759
1760
1761
1762
1763
1764
1765
1766
1767
1768
1769
1770
1771
1772
1773
1774
1775
1776
1777
1778
1779
1780
1781
1782
1783
1784
1785
1786
1787
1788
1789
1790
1791
1792
1793
1794
1795
1796
1797
1798
1799
1800
1801
1802
1803
1804
1805
1806
1807
1808
1809
1810
1811
1812
1813
1814
1815
1816
1817
1818
1819
1820
1821
1822
1823
1824
1825
1826
1827
1828
1829
1830
1831
1832
1833
1834
1835
1836
1837
1838
0.0106529276818 0.00581966014579 0.0557792745531
0.00936711486429 0.00407684501261 0.0530864372849
0.0114312777296 0.00685804849491 0.0530113391578
0.0193223357201 -0.0182281527668 0.00123365328182
0.0183421298862 -0.0155196916312 0.000621319573838
0.0203989576548 -0.0157519429922 0.00239001144655
-0.0113075394183 0.0295315422118 0.0835276767612
-0.009363076649609999 0.0308757610619 0.08173684775829999
-0.0117435818538 0.0296849086881 0.0805034041405
-0.0142638394609 -0.0360192842782 0.020704779774
-0.0162440221757 -0.0377395451069 0.0211794096977
-0.0139160957187 -0.0384970717132 0.0218407399952
0.0114908423275 -0.00293455948122 0.0120280152187
0.0128625007346 -0.00448202248663 0.0108444225043
0.0115881357342 -0.00220668036491 0.009926554746929999
0.0103099513799 0.0313406735659 0.0823310464621
0.0106324367225 0.0311527233571 0.07889250665899999
0.008115151897069999 0.0325972475111 0.0806569829583
0.0129202706739 0.0111912610009 0.0600038655102
0.0125389816239 0.009772224351760001 0.0578910782933
0.0129931699485 0.0119144693017 0.0578889735043
-0.000834217469674 0.0245175436139 0.0576732456684
-0.00114537996706 0.0238628871739 0.0550336018205
-0.00339067308232 0.0241460502148 0.0568592250347
0.0224736537784 -0.0204990915954 0.0117870690301
0.0244008116424 -0.0225582886487 0.0106402467936
0.0238032024354 -0.0202003121376 0.00911207124591
0.007898005656899999 -0.00764130614698 -0.00270411116071
0.009744745679199999 -0.009886650368569999 -0.00253976276144
0.00675043603405 -0.0102634746581 -0.00304565718397
0.0110138487071 -0.0517139844596 0.0246744342148
0.0115592256188 -0.0512755513191 0.0224344059825
0.0136849079281 -0.0508409105241 0.0245470888913
-0.00880077201873 -0.00238318694755 0.018552435562
-0.009554828517140001 -0.00215899595059 0.0163600239903
-0.0100716147572 -0.00442203413695 0.0168220531195
0.009110988117749999 -0.0519693382084 0.0234142225236
0.0067565953359 -0.0517332106829 0.022344475612
0.00916818063706 -0.0507594048977 0.0212265979499
0.0141691518947 -0.0382595546544 0.0235301647335
0.0173826664686 -0.0394048020244 0.0235352814198
0.0172503292561 -0.0370210632682 0.0224533695728
0.0201971475035 -0.0187759008259 0.0126037420705
0.0218607224524 -0.0181023832411 0.0104633588344
0.0184473320842 -0.0475881546736 0.0246172621846
0.01663595438 -0.0499205477536 0.0231002885848
0.0187503062189 -0.0486855134368 0.0223134476691
0.0143226282671 0.0276413504034 0.0829072594643
0.0137798050418 0.0277475398034 0.0860023126006
0.0156394932419 0.0255459379405 0.0846447199583
-0.00792936421931 -0.023760670796 0.0188891794533
-0.0107473907992 -0.023821471259 0.0181437600404
-0.009654316119849999 -0.0263015460223 0.0188005995005
-0.00721280416474 -0.00511195603758 -0.000876182049979
-0.009091080166399999 -0.00365225272253 0.00032075229683
-0.00666318275034 -0.00258570630103 3.4820921428e-05
0.0138652101159 0.0142019083723 0.0666906014085
0.014263221994 0.016482276842 0.0683715865016
0.0142421927303 0.0136455511674 0.0695960819721
0.00811598729342 -0.000631852541119 0.0188765060157
0.00751429749653 -0.000816190149635 0.0215329546481
0.00811635237187 -0.00329305045307 0.0199048966169
-0.00785694457591 0.0036377706565 0.0532982349396
-0.0059522963129 0.00291876285337 0.0550794936717
-0.00854690838605 0.0043548331596 0.0563418678939
0.010239914991 0.0125518562272 0.0348301194608
0.008854303508999999 0.015058843419 0.0336911976337
0.0101817268878 0.0146057317033 0.0361200235784
-0.0123989963904 0.00853733625263 0.0464215092361
-0.0109628774226 0.00600977847353 0.0465645976365
-0.0118235256523 0.00718283141032 0.0488453321159
0.0115028275177 0.00732710072771 0.0581326335669
0.009979783557359999 0.00517406826839 0.0584970004857
-0.00395352672786 0.0162932854146 0.09931737184519999
-0.00143498717807 0.0160185992718 0.0995245724916
-0.00239629414864 0.0177656169981 0.0985857918859
0.0185940023512 -0.0109611600637 0.00376202887855
0.0190573558211 -0.0113854464144 0.00657377811149
0.0204774122685 -0.0136384265497 0.004649088718
0.007983519695700001 -0.042815387249 0.0262845363468
0.00599231617525 -0.0448719970882 0.0270963609219
0.008984008803959999 -0.045235298574 0.0272214952856
0.0220135953277 -0.0384303331375 0.013054783456
0.0214065238833 -0.0357384644449 0.0112231168896
0.0241469964385 -0.0358697883785 0.012086564675
-0.00386600103229 -0.0228911917657 0.00474173109978
-0.00152932200581 -0.0240623094141 0.00554135022685
-0.00395941641182 -0.0250538568944 0.00620293850079
-0.00669868569821 0.026382368058 0.0650951042771
-0.00843469053507 0.0246730390936 0.0636493116617
-0.00921561382711 0.0254695992917 0.0662648379803
-0.00710660638288 0.00475216843188 0.0766253247857
-0.00915224663913 0.00580128096044 0.0782753676176
-0.009664983488620001 0.00609812652692 0.07574612647289999
0.0168889444321 -0.0490992553532 0.0207728166133
0.00983958877623 -0.0408887863159 0.0252791587263
0.0108259674162 -0.0431524962187 0.0261967536062
0.0161618757993 0.0192585494369 0.0766385346651
0.0163356289268 0.0173067562282 0.0777491480112
0.0158155821264 0.0175504628569 0.0752655342221
0.0147612160072 -0.0457564555109 0.0264709051698
0.0171608645469 -0.0460181385279 0.0258173123002
0.0164753906429 -0.0437552891672 0.0255224779248
0.016041200608 -0.00730664329603 0.00751887680963
0.0173860453069 -0.009895769879219999 0.00869760196656
0.0175084620714 -0.00895558577031 0.0057156435214
0.00698716146871 0.0120884738863 0.101575896144
0.00643777800724 0.0095478836447 0.101835049689
0.008823748677970001 0.0104272179306 0.101065441966
0.0204462762922 -0.0242471750826 0.0154876671731
0.0234559644014 -0.0255964957178 0.014544358477
0.0228710342199 -0.0230370704085 0.013215075247
0.0264315586537 -0.0365167036653 0.0169702321291
0.0254857260734 -0.0378759726882 0.0142915723845
0.0263120029122 -0.0348788239062 0.0142140546814
-0.0051147909835 -0.00259019061923 0.0306914616376
-0.00700466986746 -0.00110516895074 0.0293642301112
-0.00555454893038 -0.00281306169927 0.028392881155
-0.00976052787155 -0.0133067509159 0.0177685394883
-0.00751906260848 -0.0145896151662 0.0188651587814
-0.00788575876504 -0.0117024322972 0.0190435387194
-0.0101647237316 0.0051083303988 0.0488926880062
-0.0111352875829 0.0063042412512 0.0512355417013
-0.0102692535147 -0.0475826412439 0.0247725751251
-0.00984091311693 -0.0484498739243 0.022041298449
-0.008359309285880001 -0.0493112020195 0.0241607129574
0.00329218595289 0.031389914453 0.07291391491889999
0.00513546774164 0.0308085791767 0.0712200030684
0.00271895364858 0.0305539406836 0.0710305422544
-0.0217165239155 -0.0382111258805 0.0182904936373
-0.0223054029047 -0.0351524688303 0.0184394605458
-0.0228474363685 -0.0373572707176 0.0155969001353
0.0158996563405 -0.0481216236949 0.0260444395244
0.00813424494117 0.00356719945557 0.0592355541885
0.00866224151105 0.00369824329391 0.0564157888293
0.0262617133558 -0.0337121076882 0.0163689404726
0.0266184620559 -0.0321062244475 0.0140281291679
0.025468731299 -0.0307633634657 0.0160359218717
0.00565855717286 0.00278092455119 0.00929582025856
0.00642877677456 0.00271767005324 0.0122573841363
0.0082696210593 0.00136829237454 0.0104105807841
-0.0130491927266 0.0239506345242 0.0915268287063
-0.0114587219432 0.0254897940904 0.0909545719624
-0.0132328784093 0.025632886216 0.08946499973539999
-0.00870441272855 -0.0413667410612 0.0235595628619
-0.00620268518105 -0.0429310202599 0.0243488010019
-0.00590828340501 -0.0401564650238 0.0231271144003
0.0193083044142 -0.0445721782744 0.0246496237814
0.0132186766714 0.009860922582450001 0.09581826627249999
0.0116723747924 0.00789839960635 0.0958554968238
0.0125528415665 0.00822883006185 0.09371855854989999
-0.000424398487667 0.00137515517417 0.0477563664317
0.00162525800988 0.00154264306184 0.0485563874245
-0.000562464469112 0.00159460876603 0.0499475374818
0.014267030172 -0.0504977405071 0.0217846110463
-0.0115233575925 -0.0472700744867 0.0211871266365
-0.0092055387795 -0.0467156693339 0.0206396132708
0.00717233587056 0.0209402702749 0.09790069609880001
0.00564643833786 0.0185415688902 0.09931842982770001
0.009074056521059999 0.0182047449052 0.0990255624056
-0.0206488370895 -0.013999087736 0.00623234035447
-0.0214332025498 -0.0160639025271 0.008052392862739999
-0.0196651779115 -0.0138368951157 0.00879997294396
-0.0144713036716 0.0219530910254 0.07169212400909999
-0.0145333558321 0.0198487844318 0.0699585974216
-0.015352698043 0.0202398337424 0.07293884456160001
0.00192209216766 0.00203090975992 0.00556707661599
0.000117028437671 0.00269931484945 0.00747193815187
0.00271799066104 0.00277580576949 0.00826546084136
0.008843477815389999 0.00463180523366 0.0299644377083
0.00943993870169 0.00490788929164 0.0324201323092
0.00865885615349 0.00223563681357 0.0321633927524
-0.009057700634 0.0069839367643 0.0969344899058
-0.0100356610492 0.00891866907477 0.098603926599
-0.0115557042882 0.008621156215670001 0.0963731110096
-8.88402864803e-05 -0.00052433332894 0.000724480079953
0.000962925085332 0.001039335737 0.00303548737429
0.00295455590822 6.247030978559999e-05 0.00114618148655
0.0191284213215 -0.0309435334057 0.00784188881516
0.0189515519887 -0.0279609560966 0.00585912913084
0.021741149947 -0.028824377805 0.00673115393147
-0.00149644864723 0.02344154194 0.0524427294731
-0.00363702489994 0.0235186107457 0.0541682392359
-0.0103268800303 0.0237919036299 0.0649730339646
-0.0115501983091 0.0238440409303 0.0674265176058
-0.0110767297447 -0.0170584935695 0.000955592549872
-0.0132265379652 -0.0177513267845 0.00145173375495
-0.012865755707 -0.0153718302026 0.000323842337821
0.0213636029512 -0.0184135753661 0.00281768245623
0.0216184780002 -0.0162761844695 0.00414798082784
-0.00436698226258 -0.00416023377329 -0.00108067621477
-0.00359032256529 -0.0009854420786719999 0.000508118071593
-0.0238276869059 -0.0266673713923 0.0136720146984
-0.0215547401458 -0.0259185675532 0.0144858052954
-0.0227616447955 -0.0241268612444 0.0128945903853
0.020518573001 -0.0212599281222 0.0138607807457
0.0166650414467 0.0196311566979 0.078950278461
0.0168027505279 0.0172819700092 0.08046606928110001
0.0165427327156 0.0233122706413 0.0862382501364
0.0172311794013 0.020938610658 0.0851353406906
0.0167537741363 0.0229352228343 0.0832671001554
0.0106893749908 -0.00729611748829 -0.0017438903451
-0.0117675969377 0.00799133069813 0.0680673867464
-0.0129367318004 0.009570738300680001 0.070016041398
-0.0132770296186 0.0104339681566 0.0674333050847
-0.0100153656676 0.0219047218561 0.0602293461561
-0.008009877055880001 0.0227957312018 0.0581369772553
-0.00999740324914 0.0210427884012 0.0575850754976
-0.0105794463307 0.028868060559 0.0865782424808
-0.0127339698374 0.0282225757837 0.08508888632059999
0.00688316486776 0.0161703340709 0.100316561759
0.00937235541642 0.0153482854366 0.100096039474
-0.00942568294704 0.0201877150685 0.0472238883376
-0.0114904465154 0.0179624371231 0.0469196587801
-0.0108254216611 0.01908313483 0.04957171157
0.0116216586903 -0.0406310074031 0.0143234701827
0.0101765925065 -0.0384433604777 0.0128151001409
0.0130839534104 -0.0383658930659 0.0128328632563
0.00869207177311 5.37218911631e-05 0.00298868771642
0.00994620844722 -0.000209953723243 0.00568703748286
0.0111019648612 -0.00187473511323 0.00280642765574
0.00841805431992 -0.0126156527549 -0.0027556696441
-0.00869459565729 -0.0178343504667 0.00132824026514
-0.0108966641128 -0.0190658979118 0.00213692197576
-0.008421017788349999 -0.0202184207737 0.0028713340871
-0.00316943321377 -0.0293339341879 0.0200676172972
-0.00406491570175 -0.0266270190477 0.0197144076228
-0.00589765002951 -0.0289457719773 0.019823661074
-0.00454151676968 0.000837173836771 0.00326217524707
-0.00667371507734 -0.00054116215324 0.00189461337868
-0.00707356166095 0.00058695365442 0.00475397659466
0.0161696523428 0.0150739392266 0.0791471973062
0.0157466381788 0.015207179822 0.0764702707529
0.0133434366435 0.008924243971710001 0.08123528212309999
0.0131466211751 0.008911322802310001 0.0786117091775
0.0144843813032 0.0108445351943 0.07961449772119999
0.008427832275629999 0.00173866515979 0.0354852601886
0.00953009258956 0.00406651897356 0.0346767455339
0.00764049170539 0.0036368293222 0.0648778900504
0.00563178071752 0.00283522950485 0.0632766932249
0.007870443165300001 0.00361584289931 0.062003467232
-0.008961718529460001 -0.0392187535763 0.0156899951398
-0.00641993666068 -0.0405634753406 0.0166365727782
-0.00958393514156 -0.0417930744588 0.0173922870308
0.0129133136943 -0.0148788187653 -0.00152793398593
0.0138190267608 -0.0174983032048 -0.000613977143075
0.0111048389226 -0.0171042196453 -0.00114921457134
0.00689264107496 -0.0181014742702 -0.000779678521212
0.00880108308047 -0.0169134512544 -0.0014347092947
0.009275940246880001 -0.018808670342 -0.000394367205445
0.0100644342601 0.00571900419891 0.08615777641529999
0.0106980642304 0.00624379981309 0.08872551470990001
0.00829016231 0.00475354027003 0.08809430152180001
-0.0203826129436 -0.0174164772034 0.0030532379169
-0.0215845126659 -0.0192010644823 0.00410750694573
-0.0218193996698 -0.0164652913809 0.0050731645897
-0.0122012589127 0.0108232917264 0.09780871868130001
-0.0136919301003 0.0103667490184 0.09536771476270001
0.0085065132007 0.027854193002 0.0917451605201
0.00727725541219 0.02962109074 0.0899463444948
0.00564598338678 0.0283341854811 0.0915397703648
-0.00683975964785 0.00198013312183 0.0109180379659
-0.00893977191299 0.000285733840428 0.00993332918733
-0.00836267881095 0.0008809484425 0.0128224045038
0.0165405403823 0.0149885397404 0.0819189324975
0.0167567115277 0.0149347055703 0.0848120972514
0.0159131046385 0.0128733916208 0.0834833011031
0.0193324703723 -0.0139978379011 0.0100278295577
0.0211510472 -0.0158184021711 0.009078845381739999
0.0203046910465 -0.0136561235413 0.00762892328203
-0.00182815629523 0.0231738574803 0.0501970760524
-0.00385495135561 0.0231007169932 0.0514700785279
0.00571105722338 -0.0237799156457 0.00319786649197
0.00327763031237 -0.0223471503705 0.00318482192233
0.00534268282354 -0.0215738136321 0.00175299146213
-0.0044997385703 0.0117455376312 0.100775972009
-0.00295980041847 0.0139745976776 0.100323550403
-0.00563010666519 0.0142419105396 0.0999952331185
0.0122269298881 0.008553178049620001 0.0470046065748
0.0126598859206 0.011161739938 0.0450717955828
0.0128789981827 0.0108372448012 0.0483529902995
-0.0140217347071 0.009972078725700001 0.0810286179185
-0.015291695483 0.0120312301442 0.0799080654979
-0.0141048841178 0.0103045282885 0.0788068249822
0.0140773551539 -0.0124817732722 0.0148317608982
0.0142110725865 -0.0100502185524 0.0135736446828
0.0124898022041 -0.0104249157012 0.0157129410654
-0.000546319177374 0.0089283073321 0.10106036067
-0.00178278831299 0.0114436652511 0.100963823497
-0.00332440296188 0.00919024366885 0.100908964872
0.0157143119723 -0.0146620990708 0.0142495939508
0.0159225873649 -0.01226959005 0.0128561193123
0.0077504250221 0.0139972241595 0.0314085707068
0.00912940595299 0.0122822672129 0.0322328545153
0.000338617246598 0.0239689331502 0.0942918360233
0.00331873237155 0.0244707874954 0.0944146215916
0.00152178504504 0.0260341763496 0.0926120281219
0.012081053108 0.00750018516555 0.0801747143269
0.0104177203029 0.00592261785641 0.0807015895844
0.0113845858723 0.00684641115367 0.077848918736
-0.008260776288809999 -0.0087462970987 0.0192136559635
-0.0101644368842 -0.0105464542285 0.0175273492932
0.0237316451967 -0.02058265917 0.00620994530618
0.024554617703 -0.0229125376791 0.00769153889269
-0.00281253410503 0.00377584272064 0.011967533268
-0.00507154595107 0.00313101382926 0.0120311202481
-0.00433669378981 0.00384113611653 0.0143146608025
0.0038089051377 -0.0214114114642 0.0201283469796
0.00632053799927 -0.0225291848183 0.0204975698143
0.00593039952219 -0.0196952726692 0.0202536135912
0.00651310570538 0.0159878823906 0.0317740216851
0.00660448335111 0.0180124212056 0.0343144051731
-0.009713557548819999 -0.015982657671 0.0177772305906
-0.0073991175741 -0.0179878454655 0.0186689682305
0.0080744381994 -0.0322494804859 0.00862088333815
0.010436328128 -0.0340532287955 0.00984804332256
0.00721516041085 -0.0344421938062 0.01016226504
0.0155902523547 0.0200483351946 0.07459614425900001
0.0027619288303 0.0276375729591 0.0656950175762
0.00225551030599 0.0264508277178 0.0632483288646
0.000169800259755 0.0273092165589 0.0647240281105
-0.00125301175285 0.00455036200583 0.014869931154
3.71353016817e-05 0.00385370384902 0.0119345551357
-0.0175980422646 0.0196019895375 0.0882583111525
-0.017578098923 0.0168797038496 0.0890567153692
-0.0171134378761 0.0185523964465 0.0910462290049
-0.0128432465717 0.0163621213287 0.0566967315972
-0.0133674023673 0.0139891114086 0.0563387721777
-0.0134502639994 0.014071771875 0.0591259300709
0.0144137330353 -0.0362980924547 0.0114579200745
0.0116742765531 -0.0363813526928 0.011455418542
0.0228169485927 -0.0178931131959 0.00786381959915
-0.00355572090484 0.00322816614062 0.06609503179789999
-0.00577923515812 0.00376565451734 0.0666673332453
-0.00497767841443 0.00337875937112 0.0643059685826
-0.00256990687922 0.0294698365033 0.068673633039
-0.00174825405702 0.0310087855905 0.071473620832
0.000526914896909 0.030096122995 0.0698728263378
0.00198063766584 0.00381199130788 0.0779870375991
-0.000733185152058 0.00373228313401 0.07768874615430001
0.00113054399844 0.00367125007324 0.07540083676580001
-0.000969204585999 0.0304252896458 0.08722294867039999
-0.00337821431458 0.0306474138051 0.08675605803729999
-0.00206503388472 0.0292730741203 0.08892133831979999
-0.00644138315693 0.0270503778011 0.0910321250558
-0.00339083815925 0.0275277122855 0.09092345833779999
-0.00545804249123 0.0292231868953 0.08864141255620001
-0.009366837330159999 0.0304704010487 0.0757502168417
-0.0111405001953 0.0287277717143 0.0743214264512
-0.0115571441129 0.0294078029692 0.0773154422641
0.009075615555049999 -0.0386608503759 0.0243439879268
0.0110599221662 -0.0370817929506 0.0234336759895
0.008464043959979999 -0.0363291315734 0.0234214328229
0.0240253172815 -0.0324372202158 0.018141021952
-0.00585407670587 -0.0100613655522 0.0203919783235
0.0145956696942 0.0133154336363 0.0724630653858
0.0149457445368 0.013089033775 0.07524023950100001
0.0139238694683 0.0109170954674 0.074080273509
0.000992967863567 0.0234750248492 0.0532512553036
0.000435003108578 0.0231807716191 0.0506696850061
0.0126160439104 -0.009468435309829999 -0.0013885073131
0.0206174198538 -0.046724691987 0.0227003265172
0.0194588247687 -0.047517567873 0.0200325231999
-0.0233550593257 -0.0309533309191 0.0161895547062
-0.0237523987889 -0.0335586667061 0.0169988423586
-0.0217313412577 -0.0325142517686 0.0176126584411
-0.00757002970204 -0.0356028452516 0.0212333314121
-0.00684738811105 -0.0332504697144 0.0205531157553
-0.009286791086199999 -0.0336066372693 0.0204018838704
-0.00535027356818 -0.0128806373104 0.0199249703437
0.00716643873602 0.00370481796563 0.0707560107112
0.00727430079132 0.00361282099038 0.0677577629685
0.008916344493629999 0.00465737422928 0.06892047077419999
0.0150515958667 -0.0170032344759 0.0156696978956
0.0135485129431 -0.0146541977301 0.0160345807672
0.0140318432823 -0.00732080731541 0.0118561740965
0.0158757064492 -0.00993679277599 0.0113086998463
0.0232827793807 -0.0336430706084 0.0103315524757
0.0249900817871 -0.0314235836267 0.009792754426600001
0.0256859492511 -0.0332975201309 0.0117936264724
-0.00337729440071 0.00216451706365 0.0539739206433
-0.00304442667402 0.00182779040188 0.0510806404054
-0.000745621451642 0.00186407438014 0.052730537951
0.0145405381918 0.0178397689015 0.0957402810454
0.0129683781415 0.0205294005573 0.0957200974226
0.0120701268315 0.0182353388518 0.09760230034590001
-0.016319654882 0.0163340196013 0.07663947343829999
-0.0160427056253 0.0182761754841 0.0747453942895
-0.0157006848603 0.0156012596563 0.0741166248918
0.0129839405417 -0.00683172466233 -0.000195124288439
-0.0133777344599 0.0123060848564 0.0546737276018
-0.0130488751456 0.0153379943222 0.0537996850908
0.0125740151852 0.009567753411830001 0.052932575345
0.0128990551457 0.0113397473469 0.0554223582149
0.0121062193066 0.008366992697120001 0.055537737906
-0.00613618036732 -0.0457059517503 0.0255194082856
-0.009021180681880001 -0.044523306191 0.0249001439661
-0.008050137199459999 -0.0471089407802 0.0258491318673
-0.0160345900804 0.0208950005472 0.07555495947599999
0.012522418052 -0.0238308161497 0.0188160520047
0.0108320284635 -0.0224212482572 0.0192376021296
0.0108998566866 -0.0249172579497 0.0196666289121
-0.0112598417327 -0.0397398993373 0.0226613916457
-0.0140974968672 -0.041053339839 0.0229355897754
-0.0115951038897 -0.042539678514 0.0238652955741
-0.0191892534494 -0.0416952185333 0.0200257524848
-0.0191871076822 -0.0385071262717 0.0206283144653
-0.019811399281 -0.0403737276793 0.0174305569381
0.00549377780408 0.0281282085925 0.06643886119130001
0.00637133792043 0.0294642858207 0.06883133947849999
0.00799843948334 0.0278660356998 0.0672537088394
-0.0046581979841 -0.00192551105283 0.0339424200356
-0.00216697645374 -0.00342686125077 0.0314331315458
-0.012128809467 0.0172419510782 0.0493781752884
-0.00255097239278 0.00151299813297 0.0483553446829
0.011831946671 0.00716522941366 0.0824183598161
-0.00807784404606 0.0237180199474 0.0609081536531
-0.00559527333826 0.0254176575691 0.0619957745075
-0.00571960909292 0.0241678599268 0.0588772632182
-0.0118482615799 0.0181689560413 0.0544218569994
0.0242324192077 -0.0426798835397 0.0208433419466
0.0219947248697 -0.0437715984881 0.022991148755
0.0223217513412 -0.0453594885767 0.0197547208518
0.00151876790915 0.00538466637954 0.0194228552282
0.00349215115421 0.00426580384374 0.0181960891932
0.0012836814858 0.00466274144128 0.0168018341064
-0.0027905809693 0.0223089568317 0.0421361513436
-0.00492200022563 0.0222609490156 0.0450526736677
-0.00173712638207 0.0227610077709 0.0454353503883
-0.0125030903146 0.00867028534412 0.0936651304364
0.0143037009984 0.0105765555054 0.0935804247856
0.013671877794 0.00919200479984 0.0913799479604
0.0152375046164 0.0115655595437 0.0913472771645
0.0115134976804 0.00697959912941 0.0913465246558
0.0089205224067 0.00518424715847 0.0908322632313
0.0164179522544 0.0144102200866 0.09139689803120001
0.017191445455 0.0175494942814 0.0896511822939
0.0162954311818 0.0173461548984 0.0930382162333
0.0066774468869 -0.0525651313365 0.0248061846942
-0.0160207021981 -0.0131054520607 0.0126144764945
-0.0165657047182 -0.0111961569637 0.010930435732
-0.0179971586913 -0.0135633479804 0.0108205750585
-0.00827191676944 -0.0347098708153 0.0126717882231
-0.008590550161899999 -0.0369182899594 0.0141518143937
-0.0109164491296 -0.0355264097452 0.0132049322128
-0.0040145884268 0.00395019352436 0.0778372734785
-0.00690085068345 0.00477093318477 0.0794691294432
-0.0100668771192 0.0113023882732 0.0334040932357
-0.00899274367839 0.0141512136906 0.0333197228611
-0.00826022028923 0.0124878203496 0.0311092250049
-0.00737150292844 0.0107340551913 0.0290571711957
-0.008656458929180001 0.00838037393987 0.0294632092118
-0.009013606235380001 0.010305121541 0.0309573896229
-0.0145757663995 0.0144115714356 0.06866624951359999
-0.0142985666171 0.0156682115048 0.06677132099870001
-0.0140754589811 0.0130328973755 0.0668943822384
0.007876693271100001 0.0325554572046 0.0778591185808
0.00563023518771 0.0330494195223 0.079282566905
0.0260520335287 -0.0268318913877 0.011250924319
0.0261984784156 -0.0291250161827 0.0102192237973
0.0255437046289 -0.0273285564035 0.00881928764284
0.00735145993531 0.0101313712075 0.0285697672516
0.00818829797208 0.00744010228664 0.0284045487642
0.00612310832366 0.00906112976372 0.0266974121332
-0.0166816487908 -0.0422586798668 0.0227870736271
-0.0166469216347 -0.0398193150759 0.021983537823
-0.00876294355839 0.0304434299469 0.0845905542374
-0.0193167272955 -0.0121525721624 0.00736014219001
-0.0180059038103 -0.0101662483066 0.00722654582933
-0.019144769758 -0.0116834733635 0.00459628552198
0.00713295675814 0.00409235851839 0.0243249479681
0.00626270566136 0.0036644290667 0.0217554215342
0.00518846511841 0.00572137767449 0.0231028683484
-0.0201071556658 -0.0276807975024 0.0158669818193
-0.0184862837195 -0.0293604116887 0.0170751679689
-0.0176140200347 -0.0269192829728 0.0164012927562
0.00688201235607 0.0268753748387 0.0930896624923
0.008106283843519999 0.0219911057502 0.0501611083746
0.00747257005423 0.0221321564168 0.0473626069725
0.00528847845271 0.0228892508894 0.0493083782494
-0.0133040612563 0.0116127664223 0.0573509633541
-0.012471656315 0.00899211503565 0.0582853294909
-0.0131190698594 0.0108586652204 0.0600981712341
0.0130333080888 0.0137883331627 0.0568257756531
0.0131355058402 0.0136026125401 0.0593340285122
0.00404294533655 0.00482816714793 0.0206852667034
0.00212967023253 0.00664090784267 0.0222566071898
0.0197396241128 -0.0163205061108 0.0113991471007
0.0117825623602 -0.0193564742804 8.193018584279999e-05
-0.0197132863104 -0.0159909557551 0.0104710161686
0.0248879007995 -0.0351312197745 0.0188368931413
0.017717955634 -0.0171345379204 0.0137221124023
0.016575075686 -0.0194026045501 0.0154938604683
-0.0169181842357 -0.0098487213254 0.00921750999987
-0.0154183516279 -0.00877671130002 0.0106136221439
0.0157078802586 -0.0265159383416 0.0182996205986
0.0145690049976 -0.0240110289305 0.0179761853069
0.013124383986 -0.0258971080184 0.0190807487816
-0.0103894025087 -0.0312292147428 0.0195507798344
-0.00862891320139 -0.0287889391184 0.0193978380412
-0.0113887218758 -0.0287758521736 0.0187876839191
-0.00777231063694 0.00140922155697 0.0155502147973
-0.00599840702489 0.0031996620819 0.0163326840848
-0.00652913702652 0.00255358102731 0.0136763686314
0.00289699458517 0.0322619341314 0.08287304639820001
0.000793041603174 0.0324951559305 0.0813925638795
0.000671296787914 0.0318837277591 0.0839181765914
0.0136812441051 0.0110818324611 0.0711854100227
0.0138494735584 -0.0278611350805 0.00577637925744
0.0141996992752 -0.025452459231 0.0041344598867
0.0164320860058 -0.0268118139356 0.00505423732102
-0.00378398085013 0.00343204871751 0.06893106549980001
-0.00702697271481 0.00441117212176 0.06900867819790001
-0.00228426791728 -0.00489865476266 0.0264387708157
-0.00469650235027 -0.00391269708052 0.0265927705914
-0.00380576169118 -0.00518767861649 0.0248874705285
0.00884021446109 0.00983937550336 0.0305865071714
0.0075739310123 0.0121222706512 0.0299390088767
-0.0117799947038 -0.00618060259148 0.0147411897779
-0.0103077180684 -0.00747614819556 0.0172451101243
0.0105330171064 0.00619514845312 0.0685154348612
0.00966283213347 0.00531689776108 0.0709223821759
-0.00552864652127 0.0024978951551 0.0522784218192
-0.00540283229202 0.0021722544916 0.049197755754
-0.00606310600415 0.0227477345616 0.0533571653068
-0.00583779159933 0.0233348831534 0.056084908545
-0.0109727839008 -0.036541018635 0.0213068332523
-0.00830030720681 -0.0384618081152 0.0223144814372
0.0172189213336 -0.0132955908775 0.000268376345048
0.0148353232071 -0.0120258908719 -0.0008167002233680001
0.017146660015 -0.0110181020573 0.00127599434927
0.0142142502591 0.0108767449856 0.0768873989582
-0.00677898526192 -0.0018336038338 0.0264927987009
0.00337110715918 -0.0299323927611 0.00826060213149
-3.11551666528e-05 -0.0302046425641 0.00958531256765
0.000630854687188 -0.0277589596808 0.007849790155889999
0.011766249314 -0.0476008951664 0.0188040416688
0.0143971294165 -0.0462503358722 0.0179664343596
0.0143604967743 -0.0485319048166 0.0196096897125
0.0101170344278 0.0287898667157 0.0896593630314
0.008638272061940001 0.0305078793317 0.0878771319985
-0.0106057282537 0.0180738456547 0.0423294492066
-0.008702239021660001 0.0199857838452 0.0422429591417
-0.00941669102758 0.0185636151582 0.0399770028889
0.0226674806327 -0.0182022992522 0.00516448216513
0.00227701175027 0.0122760077938 0.0278665330261
0.00119250128046 0.0147246737033 0.029457570985
0.0037265107967 0.0136510580778 0.0292716603726
-0.0102073485032 0.0057659773156 0.0339384935796
-0.0099832797423 0.008410345762969999 0.0321925058961
-0.00945117883384 0.00589510146528 0.0306844487786
-0.009973951615389999 0.00657984986901 0.087356351316
-0.0122749842703 0.00815008487552 0.0878444314003
-0.0116371400654 0.00758822355419 0.0848440080881
0.00168778188527 0.0246273297817 0.058552455157
-0.000521851587109 0.025374609977 0.060195479542
0.00187118968461 0.0255018956959 0.0609761327505
0.010012447834 -0.00015113450354 0.00879148952663
0.00777247501537 0.00158885365818 0.00740158511326
-4.90719648951e-05 0.022047303617 0.0406013466418
-0.00205623009242 0.0217019636184 0.0394271835685
-0.00124502007384 -0.0270857363939 0.0198616608977
-0.000432016153354 -0.0299314018339 0.0202434975654
0.00165285961702 -0.0276583638042 0.0201322939247
-0.0135640567169 0.0155565030873 0.0619168877602
-0.0137544292957 0.0169668812305 0.06445856392380001
-0.0129143698141 0.0183247327805 0.0620574653149
0.01064870134 0.02026485838 0.0560656115413
0.0117838364094 0.0188944749534 0.0583412460983
0.0120248943567 0.0178252235055 0.0559291541576
0.000319337734254 0.0286281220615 0.06722003221510001
-0.00351053173654 0.0326143801212 0.0778821110725
-0.00440958421677 0.0324047841132 0.0808370411396
-0.00144275603816 0.0327121131122 0.0797251611948
-0.005685120821 0.0322400256991 0.0783491134644
-0.00676222890615 0.0315765589476 0.0828693211079
-0.00732857873663 0.0318087674677 0.0799798890948
0.00542304571718 -0.0127858649939 -0.00274644908495
0.00679488712922 -0.0154441809282 -0.00209358870052
-0.0050880801864 -0.0315050259233 0.0203051194549
-0.00454243365675 -0.0343559682369 0.0210021976382
-0.00246081803925 -0.0320298150182 0.0205127596855
-0.000716120994184 0.007877604104580001 0.022858614102
-0.00127716397401 0.00947872269899 0.0247400254011
0.00141357653774 0.008751138113440001 0.0244533680379
-0.00280465488322 0.0206491909921 0.0370360128582
0.000307342008455 0.0197913106531 0.035291980952
-0.00266967294738 0.0192454960197 0.0343693085015
0.000958984543104 0.0309285670519 0.0861870199442
0.00260584265925 0.0315924361348 0.0849274396896
0.0175950713456 -0.0120722334832 0.0107013331726
0.0142230950296 -0.044029276818 0.0165366176516
0.0160841718316 -0.042751930654 0.0157068278641
0.01720543392 -0.0445645712316 0.0169034060091
0.0218110866845 -0.0157717429101 0.00638879975304
-0.0130169885233 -0.0192168969661 0.0164927560836
-0.0104671316221 -0.018743198365 0.0175842791796
-0.0119362520054 -0.0167655665427 0.0166217554361
0.0253833886236 -0.0250122305006 0.00944192893803
-0.00737603567541 0.0167099460959 0.0338940508664
-0.00949559360743 0.0155743779615 0.0356089249253
-0.00834043230861 0.0174243412912 0.036105260253
-0.00277645443566 0.0236422922462 0.0945112630725
-0.000874033255968 0.0217976476997 0.0959416851401
0.0198329426348 -0.0456140860915 0.0180103834718
-0.0201325956732 -0.0148738082498 0.00338811473921
-0.00799090322107 -0.0286090280861 0.008538270369170001
-0.0109544806182 -0.0287603512406 0.008626420050859999
-0.009805328212680001 -0.0266361031681 0.00719143124297
0.0173231102526 0.0193265527487 0.0871322825551
0.0173692200333 0.018783967942 0.0847596824169
0.00714162085205 -0.0404407158494 0.0252345316112
-0.0129620246589 0.015412831679 0.0506766997278
-0.0127994185314 0.0156246107072 0.047988884151
-0.0133481686935 0.0132478754967 0.0491799116135
0.00312217627652 -0.0341215543449 0.0218561515212
0.00164896005299 -0.037048753351 0.0223901383579
0.00382403144613 -0.0373574011028 0.0234178043902
0.00646158540621 -0.0380071587861 0.0241790991277
-0.00652585504577 0.0166812743992 0.0988460853696
0.0125567596406 -0.0410218052566 0.0250282026827
0.0127461943775 0.0161886941642 0.0582443699241
0.0127094211057 0.0156925637275 0.0558022558689
0.0104731824249 0.0221955198795 0.0611169338226
0.0103925829753 0.023697251454 0.0639220103621
0.0119231501594 0.0208923015743 0.063299909234
0.00498373061419 -0.00811118725687 -0.00278201256879
0.0146120972931 0.0102907093242 0.08917880058289999
0.0128590669483 0.00816147681326 0.0890580862761
0.0139591153711 0.00939874537289 0.0869293957949
-0.00151092140004 0.0257714912295 0.0927045419812
-0.000260187895037 0.0276960544288 0.0907985344529
-0.00735488533974 0.00509283365682 0.08247304707770001
-0.00682323100045 0.0050309645012 0.0849947556853
-0.00894809607416 0.00591596402228 0.0848489329219
0.00215487950481 -0.00209227297455 -0.0006627676775679999
0.00188840925694 -0.00437608128414 -0.00140766985714
-0.000829876575153 -0.00348855531774 -0.00101209140848
-0.0120155913755 0.0176136102527 0.0516937486827
0.00183995719999 -0.0161631479859 -0.000197307133931
-0.000970280321781 -0.0152653800324 -0.000365448329831
0.00135505665094 -0.0137885017321 -0.00127142923884
0.00313256541267 0.00337482267059 0.011413866654
0.000879449769855 0.0032473038882 0.00971195753664
0.0112948575988 0.0299442168325 0.0760666206479
0.0129392547533 0.0287978071719 0.0779909268022
-0.00721293920651 0.0203107818961 0.0398215539753
-0.00572621775791 0.0201092865318 0.0375358872116
-0.00796465110034 0.0188192334026 0.0377719476819
-0.00504002999514 -0.0285625979304 0.00854457728565
-0.00656124670058 -0.0263086669147 0.00700320489705
-0.00388768664561 -0.0269170813262 0.00745883164927
-0.00349857239053 -0.00388032244518 0.0287165921181
-0.000817161169834 -0.00423234328628 0.028561854735
-0.00106339924969 0.00534100178629 0.0180454384536
-0.00347472983412 0.00561320921406 0.0197870563716
-0.000780453381594 0.00640135351568 0.0206680074334
-0.00600930768996 -0.0494339615107 0.0247680209577
-0.00756416795775 0.0274178832769 0.0677419230342
-0.00485638808459 0.0279873926193 0.0667758062482
0.00995210744441 -0.0149130448699 -0.00206655240618
0.0115108266473 -0.0122944042087 -0.00211590342224
0.014710303396 -0.00642641680315 0.00202954746783
0.0125338155776 -0.00443180697039 0.001148847281
0.0113074854016 0.0266578737646 0.0915042907
0.0128015410155 0.0273667853326 0.0889829099178
0.0170521121472 -0.0358271934092 0.0111411847174
0.0191430132836 -0.0372754745185 0.0121040865779
0.016201891005 -0.0383697599173 0.0128426132724
-0.00399336684495 0.0317282900214 0.0840991139412
-0.00165395031217 0.0322741381824 0.0825901553035
0.0130371814594 -0.0480220466852 0.027031108737
0.0143005363643 -0.0400500632823 0.013963795267
6.70857407385e-05 0.0211970731616 0.0380881763995
0.00274492707103 0.0205264613032 0.0371434390545
-0.00613856129348 0.0214761272073 0.0422213859856
-0.00453870464116 0.0213704127818 0.0396130308509
-0.00400466565043 0.0268540941179 0.0642485618591
-0.010926370509 0.00663455715403 0.0370914228261
-0.0113419406116 0.00723138824105 0.0394892469049
-0.0116169415414 0.00908540934324 0.0380969010293
0.0117732463405 0.0198724493384 0.0607875064015
0.0129168191925 0.0179927609861 0.0628909394145
0.0125404633582 0.0177510157228 0.0603017993271
-0.0100396526977 0.00642913300544 0.08238371461629999
-0.00888219103217 0.0056942361407 0.08048211783170001
0.0212956480682 -0.0261357519776 0.00508701102808
0.0241083968431 -0.0261804275215 0.00693847797811
0.0124628087506 -0.00255545694381 0.00581819703802
0.0129978870973 -0.00355711695738 0.00838471483439
0.0144264940172 -0.00492755137384 0.00660931691527
-0.0142053244635 -0.00623239250854 0.0100411130115
-0.0135886101052 -0.00766234053299 0.0126004656777
-0.0125655699521 -0.00492820097134 0.0121053401381
-0.00319355493411 0.00699721975252 0.0221150033176
0.009410703554750001 0.0035261278972 0.0373192802072
0.00927183311433 0.003402546281 0.039914291352
0.00802466645837 0.00160573830362 0.0384363643825
0.00651743588969 0.0234732851386 0.0551562979817
0.008953320793809999 0.0216955337673 0.0534326806664
0.00599722843617 0.0231160689145 0.0522120110691
-0.014122614637 0.0121496487409 0.0693581625819
0.0111960582435 0.0229927077889 0.09506906569
0.00825678929687 0.0231997482479 0.09602253139020001
0.0102378530428 0.0208089649677 0.0971025526524
0.000467179546831 -0.0420323386788 0.0241381917149
0.00164574175142 -0.0397456400096 0.0234007965773
-0.00114328449126 -0.0406967028975 0.023420099169
-0.0017608263297 -0.0426110252738 0.0180718190968
-0.00125844345894 -0.0445015840232 0.0192988701165
-0.00386644061655 -0.0439151152968 0.0189174730331
0.0146834030747 0.0209381133318 0.07206657528880001
0.0149974022061 0.0226813293993 0.07434321194890001
-0.0134105226025 0.0129271037877 0.0519381389022
0.00743878725916 0.0312753729522 0.0728760883212
0.00954268500209 0.0307597387582 0.07434494048360001
0.009319142438470001 0.0297773852944 0.0719518736005
0.00802460499108 0.00436745304614 0.0270743332803
-0.000961694575381 0.0326385013759 0.0769084021449
0.0188828613609 -0.0397694036365 0.013739593327
0.0163552071899 -0.0408700183034 0.0144852045923
-0.0231512654573 -0.0186945982277 0.00688084447756
0.0134692694992 0.0151658868417 0.09752926230429999
0.0144263952971 0.0124373156577 0.0956184864044
0.0154939731583 0.0149556072429 0.0946763530374
-0.0126111507416 0.0113267712295 0.0422537066042
-0.0120560927317 0.0114855216816 0.0394096896052
-0.0120375771075 0.009042863734069999 0.0408054254949
0.00220387335867 0.0221946630627 0.0958198681474
0.0130065903068 0.0129351122305 0.0499623306096
0.0128569593653 0.0135276140645 0.047202154994
-0.00323175615631 0.0131826829165 0.0282051730901
-0.0058954549022 0.013094291091 0.0293921735138
-0.00399535428733 0.0154340360314 0.0302398148924
-0.00496798800305 0.0111500145867 0.0273891855031
-0.00491870101541 0.00447015836835 0.0840047523379
-0.00519589520991 0.00470596784726 0.08654017001390001
-0.00752408849075 0.0054221698083 0.0870703533292
-0.00713735911995 0.0119406748563 0.100303523242
0.009431445039809999 0.00476212752983 0.0607678256929
0.0108619239181 0.00646088318899 0.0607174858451
0.009840626269580001 0.00534132681787 0.0634179785848
0.0152943031862 0.0129558769986 0.0779692307115
0.0156326703727 0.0128782261163 0.0807056948543
-0.00768463406712 -0.0312085282058 0.0199945885688
-0.0122555000708 0.008072037249800001 0.0818367004395
-0.0137478662655 0.00951033364981 0.0836837664247
0.0149789759889 -0.0228521432728 0.00240224786103
0.0172893665731 -0.0206717029214 0.00135871651582
0.0180690027773 -0.0231578797102 0.00275881984271
0.0121633075178 0.0162588376552 0.04646705091
0.0108569506556 0.01877162233 0.0458890981972
0.0114313699305 0.0181408822536 0.0485678948462
0.0137172890827 0.0225916709751 0.09357734024519999
0.0151794496924 0.0200264751911 0.0937995910645
0.015694802627 0.0218251794577 0.0916002094746
-0.00423163827509 0.00153112586122 0.0462625324726
-0.00576669210568 0.00168935523834 0.0439096987247
-0.00316167576239 0.000863558379933 0.0436601936817
-0.000591265270486 -0.0381580926478 0.0224120598286
-0.00321284332313 -0.0391161106527 0.0227174796164
-0.0107822865248 0.00688891019672 0.07993698120120001
-0.014639553614 -0.0426678545773 0.0178903825581
-0.0171306729317 -0.0416101813316 0.0173169504851
-0.0144774392247 -0.0406245589256 0.0165106579661
-0.00645290780813 -0.0455004200339 0.0198710802943
-0.00668792333454 -0.0481991507113 0.0216850731522
0.0172496046871 0.0170370731503 0.0862501636147
-0.0130039332435 0.0195966679603 0.0646666064858
-0.0117011060938 0.0207877382636 0.062368683517
-0.0118827149272 -0.0214124545455 0.0173830762506
-0.009076280519369999 -0.0211369600147 0.0183147676289
0.0220797415823 -0.0441789999604 0.0174918938428
0.0242633540183 -0.0430153384805 0.01804228127
-0.0199002437294 -0.0357586927712 0.0195301659405
-0.0202842000872 -0.0337375514209 0.0185999106616
0.00667113205418 -9.01935709408e-05 0.0366270318627
0.0071030263789 -0.000228898061323 0.0336716584861
-0.0142350876704 -0.0173102840781 0.0154075212777
-0.0130812004209 -0.0148161249235 0.0156017951667
-0.0112692266703 -0.0146480351686 0.0168297011405
-0.00842587277293 -0.00528439227492 0.0194936636835
-0.00360367191024 -0.0469117499888 0.0260480195284
-0.000988318584859 -0.0480429269373 0.0265138465911
-0.00140721199568 -0.0455272831023 0.0255778171122
0.0140490084887 0.0247056335211 0.0909827575088
0.0161521490663 0.0230067782104 0.0890334099531
0.0150684053078 0.0254613738507 0.0877481177449
0.00746172340587 0.00424143951386 0.0851529091597
0.00992799270898 0.00556012848392 0.0834688544273
-0.0166378151625 0.0215616822243 0.0781819969416
-0.0172491874546 0.0195309724659 0.0800422132015
-0.0170463472605 0.0222193766385 0.0808681696653
-0.0124006960541 -0.009596482850610001 0.0151288295165
-0.00487240916118 0.000713111425284 0.0414191521704
-0.00721480045468 0.00200125086121 0.0414740629494
0.009454239159820001 0.00717594055459 0.0314310193062
0.0101611809805 0.009649859741329999 0.0336068272591
0.0101287160069 0.00660314597189 0.0341418087482
0.0168757792562 -0.0294441841543 0.019076956436
0.0142954867333 -0.0311827454716 0.0204150732607
0.0168738160282 -0.0322685986757 0.0203062966466
-0.00603542337194 -0.0359694026411 0.0135422768071
-0.00603012135252 -0.0341313183308 0.0123030170798
-0.00372793781571 -0.034735109657 0.012750887312
-0.0140931420028 0.0275974553078 0.0824891403317
0.00929028354585 0.018344713375 0.0384938493371
0.00887634605169 0.0199894607067 0.0407466553152
0.0106493383646 0.0176354404539 0.0410291366279
-0.0136011838913 0.0278961807489 0.07888424396510001
-0.0151144573465 0.0261754058301 0.07989592105149999
0.00321874814108 0.0326845757663 0.0803967416286
0.00350238266401 0.0327028594911 0.07813292741779999
0.00120069610421 0.0326865576208 0.07867846637960001
0.0115472599864 0.00714755291119 0.07511720061299999
0.0125338640064 0.00861586816609 0.0728961974382
0.0128857437521 0.008829684928059999 0.0759068801999
-0.00566151039675 0.00500053027645 0.08906708657740001
0.0119526097551 0.0174131020904 0.0512261129916
0.0128131238744 0.0147969545797 0.0518164001405
0.0125633785501 0.0155518976972 0.0491742640734
-0.0143247190863 -0.0436085090041 0.0238621104509
0.0150380171835 -0.008911308832470001 0.000447391532362
0.0167223382741 -0.0086198374629 0.0028956704773
0.0183589681983 -0.042158935219 0.015314287506
0.0181995667517 -0.0418455004692 0.0244004614651
0.0204464215785 -0.0422582104802 0.0238058883697
-0.00234033842571 6.0197021412e-06 0.0410788320005
0.00193062191829 -0.0497561506927 0.0220490265638
-0.000693440029863 -0.0489343367517 0.0221623983234
0.00168761471286 -0.0476161576807 0.0207155700773
0.00270154816099 0.000343131890986 0.0414132624865
-6.440048309739999e-05 0.0006144869839769999 0.0432063750923
0.000121090553876 -0.000362537102774 0.0400560200214
0.008986127562820001 -0.00868481211364 0.0190482046455
0.0108554596081 -0.00822345726192 0.0169234760106
0.00932773482054 -0.00579100614414 0.0183653011918
0.000149899715325 -0.0148300444707 0.0200929380953
-0.00043504909263 -0.0121049955487 0.0207460336387
-0.00262055662461 -0.0139192091301 0.0202248618007
0.00440592831001 0.00847397465259 0.101591959596
0.00607396289706 0.00733917765319 0.101134076715
-0.00600942363963 0.009549059905109999 0.100605018437
0.00341152073815 -0.00396567955613 0.0256855543703
0.00585102429613 -0.00280101108365 0.0252211783081
0.00506054004654 -0.00269414135255 0.0285977739841
-0.0201429501176 -0.038460098207 0.0152940377593
-0.0207297522575 -0.0361562483013 0.0135320341215
0.0147209297866 0.0108036370948 0.08237352222200001
0.0159103516489 0.0125109087676 0.08892534673209999
-0.0109235374257 0.008765052072699999 0.0351659916341
-0.00867508910596 0.00537707004696 0.0712098181248
-0.00582017283887 0.00409567495808 0.0716782286763
0.00151436042506 -0.0452893264592 0.019355321303
0.00104550947435 -0.0426165685058 0.0177537705749
-0.00384332565591 -0.0416763983667 0.0174403041601
-0.00355330761522 -0.0486047901213 0.0220487266779
-0.0164040736854 0.0213092342019 0.0903770849109
-0.0151230199262 0.0199786536396 0.0933091118932
-0.0146932052448 0.0222805310041 0.0918066799641
-0.012312470004 0.00885139405727 0.0434844456613
0.00710462545976 -0.0062658181414 0.0208254214376
0.00951613858342 0.0314817205071 0.07648745924229999
0.00756452372298 0.0321131311357 0.0753457844257
0.0137771824375 -0.0284766647965 0.0195976980031
0.0112010827288 -0.0274316836149 0.0200924519449
0.0119760315865 -0.0239779744297 0.00310154235922
-0.0131467506289 0.0274283103645 0.07589011639359999
0.00766855571419 0.00176769390237 0.0413897484541
0.009326598607000001 0.00365044502541 0.0426044985652
0.00742513500154 0.00201021530665 0.044592961669
-0.00730850035325 0.00192239205353 0.0182134937495
0.0114952400327 -0.00162925221957 0.00772064970806
0.0129635874182 0.0140513814986 0.0543431602418
0.0148072075099 0.01595065929 0.0711142346263
0.0152249364182 0.0181133039296 0.07274364680049999
0.0152898896486 0.0154998144135 0.0738201886415
0.0116620445624 -0.0431172959507 0.0159504991025
0.0140772927552 -0.0419293642044 0.0151968654245
0.009342664852740001 -0.00290236016735 0.0172591730952
0.0125008849427 -0.00775055401027 0.0145823182538
0.0120854480192 -0.005025066901 0.0132885985076
0.010816805996 -0.0053454330191 0.0158222373575
-0.00366798997857 -0.008630616590380001 -0.00173485244159
-0.00526032969356 -0.00688008544967 -0.00149111659266
-0.00241471175104 -0.00649574724957 -0.00161418272182
-0.00378339504823 -0.0443015135825 0.0249905418605
0.00783063750714 0.00426664110273 0.0815845727921
0.00626864051446 0.0308193825185 0.0882775261998
0.00444710860029 0.0296812634915 0.0894739255309
-0.00467054545879 -0.032588865608 0.0112804127857
0.0132164275274 -0.0327197536826 0.009032488800590001
0.010840521194 -0.0313701443374 0.00806356128305
0.0135670825839 -0.0303120464087 0.00743017299101
-0.00180238764733 0.00362224457785 0.0750590711832
-0.00536568881944 -0.0373653396964 0.0219977330416
-0.00258915312588 -0.0364804156125 0.0217189509422
0.0144782941788 -0.0200513284653 0.000680284341797
0.0122060300782 -0.0216458626091 0.0015361928381
0.0107835363597 0.00588624784723 0.0433850735426
0.0104033984244 0.00540023762733 0.0408249646425
-0.0225545614958 -0.0284288451076 0.0152952270582
-0.020986713469 -0.0301198810339 0.016715567559
-0.0166909731925 0.0189163256437 0.0773851051927
-0.0158625151962 -0.0270935669541 0.00743472762406
-0.0127391861752 -0.0268460810184 0.00731546944007
-0.0137633290142 -0.0289318449795 0.008719285018739999
0.00133365718648 0.0226967614144 0.0458664037287
0.00297708506696 0.0223931334913 0.0435684472322
0.000283327826764 0.0225073881447 0.043183773756
0.0106028635055 -0.0112263755873 0.0177586711943
0.0124075114727 -0.0126350168139 0.0163799077272
0.00181732873898 0.00407857727259 0.0142321614549
-0.0204769540578 -0.0234253872186 0.0138272941113
-0.0191345363855 -0.0252056196332 0.0151841770858
0.0121369641274 0.00742198340595 0.08664474636320001
0.0117385843769 -0.045369181782 0.0173751618713
-0.0121521772817 -0.00270922156051 0.00705305393785
-0.0141468914226 -0.00496953865513 0.00738715054467
-0.0127221383154 -0.00378713686951 0.00956491753459
-0.00613761460409 -0.0211491752416 0.0190068800002
0.0105019882321 0.0211636647582 0.0586659349501
0.00970657356083 0.0204604435712 0.048019759357
0.010375241749 0.0199524946511 0.0507839657366
-0.00681179435924 0.01492902264 0.0315066240728
0.0165645219386 0.0223730020225 0.0801705345511
0.0171675439924 0.0198415145278 0.0822065398097
-0.0169001687318 0.0168118160218 0.0793299823999
0.008941069245339999 -0.00520225893706 -0.0018372326158
0.00671768235043 -0.0516549013555 0.0268520191312
0.008956946432590001 -0.0518296249211 0.025892695412
0.00823999196291 -0.0500172935426 0.0278111472726
-0.00141705363058 0.0314355231822 0.0852081254125
0.000927789602429 -0.0203872695565 0.00280993571505
-0.00159264670219 -0.0217945743352 0.00400208961219
-0.00225802743807 -0.0194829180837 0.0024370062165
-0.000127439270727 0.0262815132737 0.0624935477972
0.0102664986625 0.00569379655644 0.0366847589612
-0.000242761860136 0.0137457409874 0.10044375807
0.000549935677554 -0.00643505109474 -0.00165577454027
0.0169154293835 0.0204669553787 0.0895113497972
0.0165029130876 0.0194560550153 0.0916682183743
0.00426550069824 -0.00362130464055 -0.00171417265665
0.00520412344486 -0.00115359493066 -0.000606750545558
0.00712394155562 -0.00305857998319 -0.00152067944873
0.0101137496531 0.00702456897125 0.09750522673129999
0.009962311945859999 0.00868048146367 0.09969687461850001
0.0081713758409 0.00667652208358 0.0995386391878
-0.00700439186767 0.0311693362892 0.0743816718459
-0.00747781433165 0.0316134691238 0.07716771960259999
-0.0052100289613 0.0321247093379 0.0760440379381
0.00246895942837 0.00561886606738 0.09836044162510001
0.00115827447735 0.00497821997851 0.09566873312
0.00448411889374 0.00477645685896 0.09660013765100001
-0.011323322542 0.00732934242114 0.07752722501750001
-0.0156012177467 -0.0372540391982 0.0142616629601
-0.0179301463068 -0.0368373580277 0.0139354681596
-0.0157844368368 -0.0353539772332 0.013001775369
-0.0127139249817 0.008567128330470001 0.0793196931481
-0.00686619989574 -0.0263623613864 0.0193751398474
-0.00318451761268 -0.0111712580547 0.0208673030138
-0.0153230158612 0.011658933945 0.0828013792634
-0.0149784181267 0.010975879617 0.08565482497220001
-0.00974066834897 -0.0151287969202 -4.62014322693e-05
-0.00648564519361 -0.016243500635 0.000320832798025
0.0110771805048 -0.0502099059522 0.0269498638809
-0.00301402527839 0.0323770456016 0.07560460269450001
-0.00855194963515 -0.000253834383329 0.0172906406224
-0.00932546611875 -0.000639178208075 0.0147489765659
0.0127164302394 0.00923375971615 0.0701626315713
0.0114677939564 0.00727894157171 0.0706354230642
0.00174223945942 -0.0102296164259 0.0211103279144
-0.0009945344645530001 -0.00940431468189 0.0216634944081
0.0118937501684 0.00828641746193 0.0441332645714
0.011401087977 0.00777069572359 0.041351556778
0.009640819393100001 0.00587339233607 0.0942339748144
-0.00629126047716 -0.0306150540709 0.009914835914969999
-0.009253829717639999 -0.0307399518788 0.00997895561159
0.0112139405683 -0.00523195974529 -0.000704303733073
0.0192643851042 -0.0381737910211 0.0225669145584
-0.011484879069 0.0144115751609 0.0983063355088
-0.0140890069306 0.0128872329369 0.0965222939849
0.00487615074962 -0.00129939289764 0.0349398851395
0.00509246345609 -0.00192092556972 0.0321184694767
0.01773192361 -0.0143882278353 0.0121976332739
-0.014242018573 0.0269046779722 0.0854279920459
-0.0149175152183 0.0254282467067 0.08737948536869999
-0.0129704503343 0.0272221267223 0.0872585698962
-0.00153832091019 0.0146455541253 0.0291280560195
-0.00110353517812 0.0164705943316 0.0306717213243
0.00382632692344 0.0309629552066 0.0869557112455
0.00677184341475 0.0317132174969 0.08624450862410001
0.0047852024436 0.0322133600712 0.0845414027572
-0.00963909365237 0.00593481818214 0.06863604485990001
-0.0105209648609 0.00657757278532 0.06600394099949999
-0.012363890186 0.00887060165405 0.06545041501520001
0.00229805381969 -0.0130194956437 0.0204701740295
-0.00100665166974 -0.0467981472611 0.0207601487637
-0.00375905283727 -0.04628976807 0.0204517636448
-0.0124769769609 -0.0476958602667 0.0230228155851
-0.0121694393456 -0.0452167540789 0.0247777663171
-0.01279543899 0.00956627819687 0.0555876009166
-0.0111825065687 0.00681876810268 0.0565504580736
-0.0113054690883 0.00712118390948 0.0591658689082
-0.0120501285419 0.008350656367839999 0.0608430095017
-0.00976527575403 0.0116876605898 0.099466919899
0.0149818109348 0.0109362863004 0.0850808545947
0.0152209289372 0.0111936992034 0.0872855558991
0.0101489098743 -0.0227296743542 0.00221517309546
0.009777600876990001 -0.0208799671382 0.00094919570256
-0.00780168035999 0.0210379548371 0.044795550406
-0.0100589720532 0.0192989949137 0.0446176789701
-0.008277557790280001 0.00587355298921 0.0895674750209
-0.0134810712188 0.009202348068360001 0.0860347822309
-0.00301413214765 -0.00147233332973 0.0367376804352
-0.00554452184588 -0.000495289859828 0.0367933325469
-0.00385269988328 -0.0209709405899 0.00343703222461
-0.0111981825903 0.00752444239333 0.0921972319484
-0.0102309240028 0.00715074222535 0.0943883210421
0.00290125096217 0.00102975906339 0.0442304387689
-0.0138860316947 -0.0468211360276 0.0210657324642
-0.0149182509631 -0.044761531055 0.0195245202631
-0.0117902467027 -0.0456780903041 0.0199364349246
-0.0192525200546 -0.0322575122118 0.0108069078997
-0.0214068703353 -0.0337865874171 0.0118791414425
-0.0220459457487 -0.03142619133 0.0103150308132
0.0222265347838 -0.034145206213 0.0198176447302
0.0212793108076 -0.0317070148885 0.0189303532243
0.000983054167591 0.00122958561406 0.0460650213063
-0.00157834321726 0.00113469513599 0.0458908192813
-0.00918775051832 -0.0444245301187 0.0191130936146
0.0111965173855 0.01906731911 0.0534846149385
0.0129379443824 -0.0354011468589 0.022429170087
0.00913045369089 -0.0444374755025 0.0167700182647
-0.00186088960618 -0.034248739481 0.021040584892
0.0136655643582 -0.0433888919652 0.0259160641581
0.0119222281501 -0.0455254875124 0.0269448850304
0.000367668078979 0.00385080254637 0.07975947856899999
-0.00573689024895 0.0291727744043 0.06926164776090001
-0.00416767969728 0.0304479319602 0.0708172246814
0.0231573805213 -0.0423139594495 0.0161628369242
0.021111452952 -0.0411769524217 0.0147681701928
0.0237215850502 -0.0401825234294 0.01478215307
0.0152757633477 -0.0358123220503 0.022231509909
0.00282236584462 -0.00213868007995 0.0336081460118
0.000568376504816 -0.00291968602687 0.0326489284635
0.00272230640985 -0.00289316661656 0.030961221084
0.0131229814142 -0.0217910353094 0.018097570166
0.0156293343753 -0.0217406451702 0.0167964249849
-0.0169393513352 -0.0106670539826 0.00199484801851
-0.0179947819561 -0.0136017426848 0.00172272266354
-4.39143295807e-05 -0.0505592636764 0.0233965795487
-0.00296686217189 -0.0500589124858 0.0243599098176
-0.0148006975651 0.0258143283427 0.0774352625012
-0.0142748169601 0.0250968988985 0.074750483036
-0.0156263355166 0.0234349314123 0.0764291733503
-0.00389448879287 0.00250711734407 0.0567077249289
-0.00621207337826 0.00326193054207 0.0577546097338
0.00226701120846 0.0216009095311 0.0395454578102
0.011367703788 -0.0391899310052 0.0243281889707
-0.0240571592003 -0.0218991562724 0.00676351552829
-0.0237136147916 -0.0208096541464 0.00954081024975
-0.0181510448456 -0.0117269270122 0.00915100891143
0.00109383475501 -0.0466188304126 0.0263000819832
0.000727749662474 -0.0440839678049 0.0251335427165
0.0117923831567 0.0126968584955 0.0402009151876
0.0110888779163 0.0126990424469 0.037450004369
0.0108126401901 0.01547784172 0.0386742800474
0.0123387705535 0.0126981781796 0.0426505431533
0.0120932999998 0.0103947753087 0.0420274622738
-0.00664657820016 0.008583976887170001 0.0267569683492
-0.00389647390693 0.009520305320620001 0.0253914725035
0.008295169100170001 -0.00100586796179 0.000606179004535
0.0141001818702 0.025235529989 0.0745501667261
0.01263748575 0.0264982562512 0.0726509392262
0.0129082882777 0.0276907794178 0.07527554780240001
-0.000486767152324 0.0128887798637 0.0277468394488
0.0170471388847 -0.0470778718591 0.0187732055783
0.0087492801249 0.028811359778 0.0696058496833
0.00749732740223 0.0302488636225 0.0707972943783
-0.0112576819956 0.0114007173106 0.0364924632013
-0.0108664007857 -0.00313528231345 0.0141052836552
0.008814727887509999 -0.0247561074793 0.00359386904165
0.0114288171753 -0.0264206007123 0.00475513143465
0.008643933571879999 0.000713719055057 0.0132805891335
0.0101691149175 -0.000811873236671 0.0114955054596
0.0165834296495 -0.0180011522025 0.000119725962577
-0.0216575656086 -0.0212411694229 0.0120004517958
-0.0237014163285 -0.0228145178407 0.0112231634557
-0.00454770866781 0.0254580564797 0.0928593873978
0.00493050972 -0.0141014745459 0.0204962790012
0.00748384278268 -0.0151495328173 0.0198133755475
0.00698724249378 -0.0124021843076 0.0202451106161
-0.00630945432931 -0.0238056965172 0.00531476736069
-0.00643754610792 0.0302623677999 0.0717361345887
-0.0083056660369 0.0285604838282 0.0702886655927
-0.00888701807708 0.029654296115 0.0729074776173
0.0258385036141 -0.0399628616869 0.0169905964285
0.025480248034 -0.03799360618 0.0193636119366
-0.0217459890991 -0.0184136684984 0.0100115314126
-0.00221149809659 -0.0283549763262 0.00844176672399
0.00507359858602 0.00119784532581 0.0451510883868
0.00349675724283 0.00139901333023 0.0467865243554
0.0188426077366 -0.0121332919225 0.00878256279975
0.0067834937945 -0.00959186628461 0.0205613989383
0.00405310885981 -0.00795127637684 0.0215795878321
-0.00659081526101 0.0186290629208 0.0357385277748
0.000304875837173 0.00350490165874 0.0727147907019
-0.000432077737059 0.00330492644571 0.0697759464383
0.00245315488428 0.0034517981112 0.0705945193768
0.00695835473016 0.00235980143771 0.0150340003893
0.00529482914135 0.00344149838202 0.0167712382972
0.00720934895799 0.00177726289257 0.0178193394095
-0.0117794182152 -0.039949785918 0.0161279626191
-0.0112711740658 -0.0377728864551 0.014695755206
-0.0162494126707 -0.0449801161885 0.0227948501706
0.0124107412994 0.0165195986629 0.0537453182042
-0.009368263185019999 -0.012291688472 -0.000971382076386
-0.00859768223017 -0.00986655056477 -0.00123979186174
-0.00658160215244 -0.0117907803506 -0.00136095075868
-0.0090793101117 0.00632825586945 0.0921231284738
-0.00722813094035 0.00579135259613 0.0947118401527
-0.00462429970503 0.0195432920009 0.0356588326395
0.0147709418088 -0.0337143577635 0.0213729199022
0.0121196033433 -0.0328550413251 0.021511439234
0.00180378288496 0.00178853631951 0.0512828379869
0.00171322189271 0.00206750188954 0.054236214608
-0.00224270112813 0.0112821077928 0.0264364518225
0.0121400253847 0.0252669174224 0.0699882358313
0.0137832369655 0.0238249339163 0.0720383375883
0.0133489342406 0.0220820866525 0.0691581591964
0.0109494877979 0.0111594703048 0.09969791769980001
0.0113910902292 0.013851496391 0.09936448931690001
0.00933694280684 0.0128948520869 0.100709885359
0.00764671666548 0.0323719829321 0.08362509310250001
0.009581327438349999 0.0310843661427 0.08529253303999999
-0.00611825240776 0.0307675842196 0.0857312828302
0.00934494100511 0.00496345711872 0.066574588418
0.00601456081495 -0.00553060555831 -0.00248642708175
0.00208002864383 -0.00583196384832 0.0234341062605
0.000551843782887 -0.00487332232296 0.0259966868907
-0.0014440130908 -0.00662193354219 0.0236884560436
0.0206930693239 -0.0235700346529 0.00358268222772
0.018691053614 -0.0254733022302 0.00422698166221
0.009801439009610001 0.00541324494407 0.07576326280829999
-0.00607665115967 -0.0215730853379 0.00380655587651
0.00786244310439 -0.0223765447736 0.00198307912797
-0.00507405726239 -0.0239248163998 0.0193659774959
-0.00415385887027 0.0315894074738 0.0733454078436
-0.00178751687054 0.0269194375724 0.06385848671200001
0.00860979687423 -8.65438778419e-05 0.0161187984049
0.0164958704263 -0.0247724615037 0.00367767480202
-0.00836912821978 0.0144079104066 0.099397405982
-0.009267959743739999 0.0169663913548 0.0980766043067
0.0133605776355 0.0110684912652 0.0679807513952
0.0102544398978 -0.0346359461546 0.0225263610482
-0.00965524744242 -0.000530961609911 0.00666292523965
-0.0112862540409 -0.00220010941848 0.0044904560782
-0.0150741087273 0.0237071029842 0.08972672373060001
-0.0167745016515 0.0227618962526 0.0871616527438
0.011567203328 0.0169654544443 0.0437525063753
-0.0145058725029 -0.0462328754365 0.0236681178212
-0.0158294904977 0.0252418071032 0.0846938118339
-0.0234736986458 -0.0349928736687 0.0132851311937
-0.0245713721961 -0.0299978144467 0.0103474361822
-0.0225016996264 -0.0290437545627 0.00885128136724
-0.00744150392711 0.0249294303358 0.0928858071566
-0.0253474973142 -0.0307378116995 0.0122088007629
-0.0253623835742 -0.0278656072915 0.0121285589412
-0.0249330066144 -0.0293953921646 0.0142306042835
0.00328021217138 0.00406002765521 0.0160723738372
0.00455535575747 0.00354927708395 0.0143060255796
0.012871879153 0.010733736679 0.0507949143648
0.0130265271291 0.0121956542134 0.0525498278439
0.00168503110763 -0.0501176379621 0.0269499532878
-0.00778317637742 0.00497258175164 0.0738553404808
-0.00582900643349 0.0233296323568 0.094535857439
-0.0082935821265 0.0230831466615 0.0942863151431
-0.0226559117436 -0.0270107593387 0.0076853800565
-0.0245585795492 -0.027079699561 0.008772527799009999
-0.0237145535648 -0.0248986501247 0.00717243272811
-0.0121995955706 -0.0127277653664 -0.000374768016627
-0.00436282344162 0.0211345162243 0.0963238999248
-0.00730951083824 -0.0139631098136 -0.000725447898731
-0.00424620090052 -0.0140588646755 -0.000861834094394
-0.00241868477315 0.00249239546247 0.0069533213973
-0.00146898534149 0.00329178152606 0.00951678678393
0.0126841617748 0.0294989999384 0.0810368806124
-0.0101236188784 0.00541497254744 0.0537285804749
0.0123779335991 0.0216964185238 0.0659759119153
0.0113820880651 0.0243418794125 0.0671544969082
0.0131251178682 0.0155992917717 0.0611166320741
-0.0131927607581 0.0211045164615 0.0672543123364
-0.0133605999872 0.0227088443935 0.0697491317987
0.00716580636799 0.00157388567459 0.0204290561378
0.0108117684722 0.008223853074009999 0.0363842658699
0.0109137529507 0.0106398016214 0.0362031944096
0.0114764822647 0.009899934753779999 0.0389055982232
-0.0112770395353 -0.0100705530494 -0.000660222547594
-0.0141508020461 -0.0102130677551 0.000335248885676
-0.012479538098 -0.00735502270982 0.000315460842103
0.007962215691799999 -0.0342039093375 0.0226210281253
0.00906405877322 -0.0319102220237 0.021741380915
0.0205759685487 -0.0334791243076 0.00961056258529
-0.00232657883316 0.00245741568506 0.0582334250212
-0.00101257604547 0.00218765903264 0.0559564605355
-0.000275366153801 0.00247505819425 0.0587745532393
-0.0124724311754 -0.0417252369225 0.0172813031822
-0.0121275419369 -0.0307787060738 0.00999283324927
0.0203264821321 -0.0434693098068 0.0163411088288
2.48305732384e-05 0.00396592076868 0.0821087658405
-0.00195012602489 0.00387409399264 0.080254457891
-0.00632940465584 0.0222965013236 0.05053909868
-0.000560115848202 0.00559431873262 0.09808648377659999
-0.00352367013693 0.00570054911077 0.0980877950788
-0.00223287008703 0.0050498964265 0.09590680152180001
-0.0240666717291 -0.0325697734952 0.0116548407823
-0.0250451527536 -0.0325472019613 0.0138837452978
0.009014311246569999 0.0208426676691 0.0454257018864
0.00515107251704 0.0229010842741 0.09625278413299999
0.00399580784142 0.0205177497119 0.0975741893053
-0.00641468260437 0.00354355666786 0.0602139867842
-0.00448998250067 0.00308217084967 0.061774790287
-0.00678882468492 0.00388752552681 0.0626471489668
0.0133092384785 0.00870105344802 0.084197871387
-0.00375450635329 -0.00841646082699 0.0217501781881
-0.00690778624266 0.0217842906713 0.0476190857589
-0.00375336757861 0.0228073019534 0.0483230426908
-0.0152965756133 -0.00620674248785 0.0048813065514
-0.0171963535249 -0.008785980753600001 0.00472995312884
-0.0160996466875 -0.00769586535171 0.0077954265289
-0.00427917856723 0.00281252874993 0.0592128634453
0.00997313950211 -0.0161569807678 0.0187026392668
0.00810216553509 -0.0180307459086 0.0196941383183
0.0110329743475 -0.0193670596927 0.0185952093452
0.0076970285736 0.0141514316201 0.100973144174
0.00538291456178 0.0139541272074 0.101034760475
-0.000524837058038 0.0229866337031 0.0481739081442
-0.0118063101545 -0.0125391511247 0.0162420868874
-0.0138977291062 -0.0125874411315 0.0144154373556
0.0194117799401 -0.0333087854087 0.0202344600111
0.0188677441329 -0.0312239713967 0.0193720590323
0.00906972866505 -0.0421932972968 0.0153135443106
0.00658050132915 -0.0410609357059 0.0146738030016
0.00887938402593 -0.0402181744576 0.0139930946752
-0.00271944981068 0.00349006918259 0.0721639469266
-0.00487321801484 0.00398600613698 0.0745661854744
-0.0131076555699 0.0102907372639 0.0528571605682
-0.0132538247854 0.0108289364725 0.050280276686
-0.0125390719622 0.00854134559631 0.0509738847613
0.015129474923 0.0241573303938 0.07625415176149999
-0.00500760553405 0.00755735067651 0.0240666680038
-0.00287599279545 0.00840681418777 0.0237246323377
-0.0133482478559 -0.0342593118548 0.0123315174133
-0.0134597923607 -0.0364414565265 0.0137807894498
0.00217774463817 0.00316976639442 0.0673133358359
-0.00112419831567 0.00309899565764 0.066702529788
-0.0120422123 -0.0435457788408 0.0185011066496
-0.00441959220916 0.0185271650553 0.0980635583401
0.0255643203855 -0.0409274213016 0.0192553438246
0.00225168373436 -0.00868328288198 -0.0020864889957
0.00394552759826 -0.0106875617057 -0.00276838894933
0.00144339934923 -0.0112993950024 -0.0019166325219
0.00439637387171 -0.0399864539504 0.0246803127229
0.008875749073920001 0.00343381823041 0.0499187856913
0.0068463482894 0.00217324448749 0.0515145212412
0.00694291386753 0.00206499476917 0.049127291888
-0.00502178119496 0.0182904116809 0.0338752008975
-0.00319643132389 0.0176107753068 0.0321872569621
-0.00538450665772 0.0167302042246 0.0322081781924
0.0144579336047 -0.00590982101858 0.009222343564030001
-0.0114611433819 0.0175235420465 0.0443791858852
0.0111295031384 -0.0289137009531 0.00642701052129
0.008471388369799999 -0.0299604628235 0.00708577223122
0.00861294660717 -0.0275362525135 0.00545904878527
0.0181889738888 -0.0217249002308 0.015444394201
0.0186574459076 -0.0196239966899 0.0142231239006
0.00389494607225 -0.0472271367908 0.0273354072124
0.00706051103771 -0.0474728122354 0.027986580506
0.00517480820417 -0.042415112257 0.0259227901697
-0.00712200580165 3.51475609932e-05 0.0348071679473
-0.0073360754177 0.0008593552629459999 0.0370217673481
-0.0111072100699 0.0271149035543 0.089184217155
-0.00835199654102 0.0214554760605 0.0527157261968
-0.0081049837172 0.0220479108393 0.0554292313755
-0.0124114006758 -0.0263517964631 0.0180229656398
-0.0135144814849 -0.0239635966718 0.0171687491238
0.0144715970382 0.0188186895102 0.0700538232923
0.013650033623 0.0193010643125 0.0673482120037
-0.00119031080976 -0.0407042652369 0.0167500935495
-0.000944561325014 -0.0383281521499 0.0151667734608
0.0015550769167 -0.0400089845061 0.0157820452005
0.0101155033335 -0.0477077588439 0.0277035236359
0.000916890508961 -0.0230289660394 0.00460777850822
-0.00751921441406 -0.0326368734241 0.0112777901813
0.00921114068478 -0.0133500760421 0.018980788067
0.010138457641 -0.00315127219073 -0.000135035588755
0.020082488656 -0.0294042341411 0.0181680489331
0.0229505281895 -0.0299036949873 0.0173420384526
0.000780067057349 -0.01756779477 0.0196207519621
0.00286440737545 -0.0158007442951 0.0199863221496
0.0230899509043 -0.0235120262951 0.00520212622359
-0.00463342247531 0.00425519468263 0.0811808854342
-0.00222821044736 -0.0243200603873 0.0195778384805
0.0244495756924 -0.0280855447054 0.0154107697308
0.0253089871258 -0.0267337877303 0.0134470397606
-0.00149383407552 -0.0430935844779 0.0244801547378
-0.00710939941928 0.00136628525797 0.007862361147999999
-0.0185010507703 -0.0345511473715 0.0123873613775
-0.00810618326068 0.00307255377993 0.0440280586481
-0.009102673269809999 0.00406445981935 0.046508602798
-0.0101060448214 0.0049564242363 0.0441887378693
-0.0122142350301 -0.0337265208364 0.0200499892235
0.00481722597033 0.00315788923763 0.0690338909626
0.00466160057113 0.00332277314737 0.0714420378208
0.0033301175572 -0.00612822314724 -0.0020160372369
-0.0120300017297 0.00773211941123 0.0535301119089
-0.0021636870224 0.00290768151172 0.0636057034135
-0.00761962356046 0.0213205534965 0.09575590491289999
-0.0146812722087 -0.010443020612 0.0127555718645
-0.0151441572234 -0.013129142113 0.000401325698476
0.0113318003714 0.02944634296 0.0871017500758
0.0121702626348 0.029693858698 0.0841809138656
-0.000547637522686 0.0182750597596 0.0327930934727
-0.024657940492 -0.0250251404941 0.0117082074285
-0.010410612449 0.0197184886783 0.052224598825
-0.00877725705504 0.0209062900394 0.0499662160873
-0.0152974203229 -0.0152969360352 0.0140952952206
-0.0175981484354 -0.0157776363194 0.0124255130067
0.00698152929544 -0.0385084226727 0.0129019068554
0.00409288331866 -0.0394651293755 0.0141494981945
0.00419513322413 -0.0369711481035 0.0125300977379
-0.00286759249866 0.00430115498602 0.08570265024900001
-0.00325269601308 -0.0305275991559 0.009902531281110001
0.0154106803238 -0.0412427671254 0.0247193723917
0.00190110690892 -0.0226838160306 0.019681788981
0.00138903676998 -0.0202850177884 0.0195041783154
-0.000455317902379 -0.0221508070827 0.01946724765
-0.00635731127113 -0.00718545727432 0.0210321377963
-0.0147833907977 0.0167506746948 0.0692660063505
-0.0149636417627 0.014371634461 0.0713232383132
-0.0116385286674 0.0197521392256 0.0597779899836
-0.00633616279811 0.00531978765503 0.0917524173856
0.0116551565006 0.00780126778409 0.0630765482783
0.0111147528514 0.00693194335327 0.0658590197563
-0.0213611442596 -0.0256994236261 0.00665433611721
-0.00961113907397 0.0308611039072 0.078757725656
0.0200592055917 -0.0360172875226 0.0213661361486
0.0117751406506 0.009291243739429999 0.09791281074289999
-0.0137146282941 0.0102864727378 0.07459601014849999
-0.0124733820558 0.008744474500419999 0.0725726410747
-0.0119045283645 0.00795765873045 0.0750811994076
0.0100575424731 0.0193855594844 0.0432645566761
-0.0107206832618 0.00712830992416 0.0899754092097
-0.0132136074826 0.00930584408343 0.0770072788
0.0264564361423 -0.0290306005627 0.0132139017805
0.00566743081436 0.00340878055431 0.0192904733121
-0.00126850244123 -0.0194583944976 0.0194460563362
-0.00321789854206 -0.0215761139989 0.0193635597825
-0.00597698055208 -0.009310267865660001 -0.00158170319628
-0.00852095428854 -0.0224236231297 0.00435305712745
0.00890904478729 -0.0261387322098 0.0204936098307
0.008975360542540001 -0.0288052242249 0.0209653954953
0.0158019252121 0.025157622993 0.0815377980471
-0.00248536211438 0.00407673371956 0.0830253213644
0.00125296926126 0.0159547924995 0.0995946973562
0.00267205270939 0.018164165318 0.09863491356369999
-0.000121942124679 0.0179636161774 0.098490871489
0.00121440493967 0.029515100643 0.0886423960328
0.00629095593467 0.00247782235965 0.0574674978852
0.00667641730979 0.00233803479932 0.0545002184808
-0.008908979594709999 -0.0245146788657 0.00576264737174
0.00854304432869 -0.0209274906665 0.0198600254953
0.00876582693309 -0.0236244238913 0.0201538931578
0.0108806304634 0.0069698644802 0.0388259217143
-0.0227122344077 -0.0209417622536 0.00504712527618
-0.0204956792295 -0.0217283777893 0.0044202208519
0.008144022896890001 0.00838465616107 0.101004548371
-0.0177234709263 0.0182908847928 0.08415911346670001
-0.0177030283958 0.0201951917261 0.08537808805700001
-0.0175942052156 0.0200787559152 0.08267946541310001
0.0125175490975 -0.0168054047972 0.0173011831939
0.00770964287221 0.0189114119858 0.036607991904
0.009150520898400001 0.0168898589909 0.0361875966191
-0.00421862211078 0.00502499192953 0.0938570648432
0.00218972796574 0.0322812497616 0.0755153745413
0.00259259622544 0.0136825302616 0.100608229637
0.00409208983183 0.0111394179985 0.101495184004
0.0157918408513 -0.0151483984664 -0.000619417231064
0.000637297751382 -0.0247851740569 0.0197082608938
0.00447232928127 0.00153221341316 0.0496104620397
-0.0120806265622 0.0252450481057 0.0704059824347
-0.0174267496914 0.0175018310547 0.0820214524865
0.00349200330675 0.019156543538 0.0348094291985
0.00399139570072 0.0175150297582 0.0326423235238
0.00175687402952 0.0184373799711 0.0333803370595
0.0101388832554 0.00475430954248 0.0479189939797
0.0114211076871 0.00666260439903 0.048326164484
0.0107266567647 0.00558613380417 0.0504298955202
-0.00185789878014 0.0196086000651 0.0974546819925
0.00447855750099 -0.0112238293514 0.0209161899984
-0.0132572185248 -0.0312061216682 0.0189926438034
0.0120410248637 0.0245925467461 0.0930911302567
0.0115499245003 -0.0301411245018 0.0207136776298
-0.0155977820978 -0.0231971181929 0.00486723380163
-0.0156673751771 -0.0211854465306 0.00360549543984
-0.0131249604747 -0.0226571019739 0.0045058010146
0.0156460460275 -0.00805953424424 0.00978022068739
0.0172588918358 -0.0346787124872 0.0213395319879
0.00598159385845 -0.0354110598564 0.0231043267995
0.0159907322377 0.02184269391 0.0769926905632
0.0143473604694 0.0263405647129 0.0770511999726
0.014496281743 0.0271515883505 0.07983773201699999
0.0155885340646 0.0245897229761 0.0785793289542
0.00185852800496 -0.0349239073694 0.0123498290777
0.00174108764622 -0.0374785363674 0.0140745444223
-0.0009419977432120001 -0.0358235612512 0.0134709142148
-0.0183840431273 -0.0230316482484 0.0146822528914
-0.0167412813753 -0.0212813038379 0.0149951493368
-0.0189763139933 -0.0209873151034 0.0136178405955
-0.00489787617698 0.00723883928731 0.09983214735980001
0.0160673111677 0.0128828007728 0.08623643964530001
0.00934071931988 0.0255122184753 0.0937788039446
0.00618374813348 0.0251296013594 0.094663836062
-0.0177594851702 0.0176525656134 0.0864068493247
0.00618366990238 -0.0307756736875 0.00780527573079
0.00519849499688 -0.0325498729944 0.00920642912388
0.00600297469646 0.00403821608052 0.0875285044312
0.00618356047198 0.00420086784288 0.0898458734155
0.000953092938289 0.00296936393715 0.0642238408327
0.00341747724451 0.00295511353761 0.0645395368338
0.008993496187029999 0.00483427289873 0.0785968378186
0.0249714348465 -0.024789750576 0.0121562639251
0.0113578466699 -0.0141707360744 0.0175244621933
0.00540258176625 0.00561264110729 0.0991462543607
0.00762878824025 0.00528272613883 0.0971449688077
-0.00200170045719 0.00701091438532 0.0999577268958
0.0008258275920529999 0.00701236026362 0.09994647651910001
0.0122088231146 0.008310508914290001 0.0501435622573
0.00684059783816 -0.00319128017873 0.0224815513939
0.00492834718898 -0.00498164491728 0.0231495182961
0.0103154368699 -0.0022836017888 0.0142425773665
0.00694100558758 0.00375061924569 0.07640539854760001
0.00391349243 0.00355237931944 0.07583709806199999
0.00571453198791 0.00338847073726 0.07352326065299999
-0.00973466504365 0.0169561896473 0.0378571823239
-0.0110606355593 0.0163644589484 0.0402533560991
0.00964410416782 0.00415485026315 0.04532815516
0.00217063119635 0.008903740905230001 0.101110979915
0.00101679505315 0.01125719212 0.101096913218
0.015930660069 -0.0318146534264 0.008446667343379999
0.0178901497275 -0.0335757918656 0.009620228782300001
0.0152888894081 -0.0341502092779 0.010011639446
-0.00728609133512 0.0031212545 0.0509812347591
-0.012594403699 0.0264940615743 0.0731057375669
-0.0106015419587 0.0276375673711 0.0715797394514
0.00683307321742 0.00378486979753 0.0791639685631
0.00459309061989 0.00357189658098 0.07849676161999999
0.00917085725814 -0.0466510690749 0.018173456192
0.00137680862099 0.00478288298473 0.0931768864393
0.0038795848377 0.00458894716576 0.09403718262910001
0.0130075197667 0.019443243742 0.0650506839156
-0.0160853341222 0.0240936353803 0.0790548250079
-0.0171369444579 -0.0358678027987 0.0202022753656
-0.0180344227701 -0.0336243696511 0.0190388411283
-0.0135501921177 0.0126209789887 0.062198843807
-0.0135074788705 0.0114420661703 0.0648714154959
0.00726540153846 0.0203383695334 0.038463242352
-0.008002093061799999 5.31630212208e-05 0.019814889878
-0.008455972187220001 0.00146287633106 0.0332125015557
-0.00697922008112 -0.000694845512044 0.0321029983461
0.00369604723528 0.00425134738907 0.0884002223611
0.00104387104511 0.00452955532819 0.0891006961465
0.00162482145242 0.00431642122567 0.0865982174873
-0.0206378549337 -0.0278547983617 0.00789900869131
-0.0181675627828 -0.0285740084946 0.008361657150089999
-0.020044464618 -0.0300263427198 0.00929596554488
0.00437600025907 -0.0171690620482 -0.000720636337064
-0.00119049381465 -0.0125143155456 -0.00149953213986
0.00425491901115 0.00393604347482 0.085822455585
-0.0115192085505 -0.00285885948688 0.0114411571994
-0.0109347756952 -0.00167374510784 0.00942893046886
0.0190144684166 -0.0131836785004 0.00201232312247
0.0154133522883 0.012730400078 0.0934076234698
-0.000192999854335 -0.0177464503795 0.00119040813297
-0.00329191982746 -0.0170181822032 0.000766722019762
0.00915268342942 0.0229367744178 0.0591189824045
0.008896062150599999 0.0224391687661 0.056709818542
0.00595376221463 -0.0287106689066 0.00645572505891
0.0199821162969 -0.0210074875504 0.00225834385492
0.0222654696554 -0.0209660865366 0.00382904382423
-0.00764633109793 0.00771303568035 0.09924703091379999
0.00141006347258 0.0239458940923 0.0559183768928
0.00365822319873 0.0235143527389 0.0541144199669
-0.0111147882417 0.0142400544137 0.0379061773419
-0.0156536009163 -0.0159275811166 0.0009837559191510001
0.00589927565306 -0.0262199491262 0.00478645926341
0.0033393765334 -0.0271419845521 0.00636250013486
0.00335376290604 -0.0246668085456 0.00474646547809
-0.0139292133972 -0.0385324470699 0.0151450503618
-0.00292275380343 0.0017035654746 0.00471759913489
-0.00185612391215 0.000879830680788 0.0027166584041
0.00400079041719 -0.0249181389809 0.020422141999
0.0244319140911 -0.0291952285916 0.008132421411569999
0.0080107524991 0.0212827492505 0.043059848249
0.00652995612472 0.0216279327869 0.0408156178892
0.00557348039001 0.022323988378 0.0432861372828
0.00322743644938 0.00455715507269 0.0912349447608
-0.00683173630387 0.00253204046749 0.0464668907225
0.00333904917352 0.029252236709 0.06862147152420001
0.00681591313332 0.0241994168609 0.0584094151855
0.00853746570647 0.024178577587 0.0610694251955
0.0111652193591 0.00632892129943 0.0460206344724
0.0163250733167 -0.0292787663639 0.00673503009602
-0.0137288002297 0.024091841653 0.0721876099706
0.0101311644539 0.00496959267184 0.0387376882136
0.0124701587483 0.014306107536 0.0444282889366
0.00657904474065 -0.0300079919398 0.021541763097
-0.010008264333 0.0264165904373 0.0688998997211
-0.0132105527446 0.0110212825239 0.0477062612772
-0.0127880889922 0.00915195327252 0.0488586127758
-0.01614398323 0.0248430706561 0.08177445083859999
-0.0247930809855 -0.0235557369888 0.009354233741760001
-0.0170243773609 -0.0247169788927 0.0058488836512
-0.0143402824178 -0.0248818527907 0.00597738707438
-0.00699416408315 0.0041184136644 0.0648082643747
-0.0150095093995 0.022679194808 0.073876708746
0.00595599459484 0.00158052635379 0.0471551530063
-0.000741221709177 0.00191218138207 0.00500553380698
-0.0100983856246 -0.0081443246454 -0.000768092402723
-0.00980932451785 -0.00600863620639 -0.000414641370298
-0.0019931930583 -0.016686912626 0.0197264552116
-0.00405458640307 -0.000317554193316 0.0390147678554
0.00438436307013 0.0265271514654 0.0929125621915
-0.0182024277747 -0.043435074389 0.0213567633182
-0.00312814232893 0.0250496510416 0.0595575161278
-0.00257343519479 0.0260869376361 0.062011372298
0.00530881388113 0.0327280499041 0.0766833499074
0.0117193209007 -0.0497179254889 0.0204039458185
0.00656542181969 -0.0456553325057 0.0176651217043
-0.00770938768983 0.000423651887104 0.0224102400243
-0.00720236683264 -0.00186699838378 0.0236437469721
-0.00779658230022 0.000671730202157 0.025101762265
0.00545809790492 -0.0168858710676 0.0201539061964
0.00736850639805 0.00160710525233 0.0230501908809
0.00408037658781 0.0249171685427 0.0595883987844
0.00195979559794 -0.00370469409972 0.0283394157887
-0.008330120705070001 0.00115608319174 0.0305696446449
0.013743753545 -0.0042591621168 0.00381242320873
-0.0114779071882 -0.00458223791793 0.00108322571032
-0.0104361958802 -0.00256222905591 0.00218634703197
0.0121555915102 0.008766956627370001 0.0604056641459
0.013034645468 -0.0347120426595 0.0103618083522
-0.0021671927534 0.027931496501 0.0658814236522
0.00237524323165 -0.0323944799602 0.0105185220018
-0.00119370245375 -0.0329282917082 0.0115250404924
1.71037463588e-05 -0.0355263911188 0.0215280074626
0.00384714826941 0.0155675569549 0.0307152420282
-0.016048386693 -0.032892499119 0.0113447867334
-0.0147914253175 -0.0308215487748 0.009981717914340001
-0.0133750513196 -0.0323586240411 0.0110505204648
-0.000423836900154 0.00416456442326 0.08481436222789999
0.0187004413456 -0.0268630757928 0.0174219533801
0.0217600874603 -0.0273190103471 0.0164955649525
0.00392710603774 -0.0443440414965 0.0175483878702
0.00397144630551 -0.0418684370816 0.0160018596798
0.0065388539806 -0.0433870926499 0.0162107348442
0.010820755735 0.0277599357069 0.07094489783049999
0.00630368664861 -0.0362918898463 0.0114557091147
0.00448907027021 -0.0346747003496 0.0109055517241
-0.00787015724927 -0.00754710286856 -0.00120737112593
-0.0174076873809 -0.0306553579867 0.009786165319379999
-0.00468040490523 -0.00600865250453 0.0230092350394
-0.00573478266597 -0.00391560094431 0.0244689714164
-0.00680611981079 -0.00442605512217 0.0221461653709
0.00515308603644 0.0029210394714 0.06615871191019999
-0.0103590348735 0.0133717190474 0.0352741144598
-0.00706577347592 0.0190836023539 0.0973972901702
-0.00980435218662 0.0194059051573 0.0965382009745
-0.00630116369575 0.00604127766564 0.09757271409029999
-0.00475791655481 0.00534772546962 0.0960563272238
-0.00557307573035 -0.0190698429942 0.00211703474633
0.00484441872686 0.00234262901358 0.00628869188949
0.00701429601759 0.00133648479823 0.00446729315445
0.00172799639404 0.00234872312285 0.057109605521
-0.009399727918209999 0.00334260473028 0.0342524982989
-0.00929682981223 0.00348014873452 0.031928293407
0.013522349298 0.0149800349027 0.0638513639569
0.0136621091515 0.0170754753053 0.06569250673059999
-0.008844272233550001 0.00342999445274 0.0291541125625
0.00599191943184 0.0140120750293 0.0300051886588
-0.015324681066 0.0123664615676 0.0940109267831
-0.0164967384189 0.0143883246928 0.09257133305070001
-0.0158667918295 0.0123255494982 0.0913181975484
-0.0101405326277 0.0203491058201 0.0549142025411
0.009183164685959999 -0.0488208010793 0.0195999909192
-0.00649792188779 -0.0429993756115 0.0182523578405
-0.009227833710609999 0.00438245153055 0.0511995404959
-0.00807781983167 0.00343564664945 0.0488811992109
-0.00787824392319 -0.00222831685096 0.021062226966
0.00680824043229 0.00652155699208 0.0255431495607
0.000151440719492 -0.0327942222357 0.0208056475967
0.00226393807679 -0.03070839867 0.020782103762
0.010689011775 0.00628186622635 0.0731453970075
-0.0103596542031 0.00658714305609 0.0731861665845
-0.0164019297808 0.0133528225124 0.08498992770909999
-0.0166015811265 0.014464603737 0.08166513592000001
-0.0124346222728 0.0197479277849 0.09529732912780001
-0.0102415801957 0.0216367114335 0.0948418825865
-0.0127427345142 0.0220134090632 0.0934444740415
-0.0103773921728 0.0239792317152 0.0928579419851
-0.0150904105976 -0.019548535347 0.0154392765835
-0.0144721753895 -0.0215875208378 0.016257442534
0.0120575036854 0.00830462481827 0.0681017413735
-0.01280507911 0.00985515397042 0.0628088265657
-0.008547604084010001 0.00250653689727 0.0387037582695
-0.009334516711529999 0.00389711768366 0.0416069664061
-0.0103264590725 0.00506860855967 0.0392473228276
-0.0111358184367 0.00648134294897 0.0419300124049
-0.0173712074757 0.0160230919719 0.08439277857539999
-0.016088694334 0.0142419841141 0.07838958501819999
0.00616485252976 -0.0327504836023 0.0222174115479
-0.0116764223203 0.0189069993794 0.0571322180331
0.00473456503823 -0.0523277707398 0.0238476768136
0.00431976420805 -0.0509801283479 0.0218658838421
0.0112383151427 0.0288457162678 0.0734987854958
0.00422504218295 0.007832068018620001 0.0246428195387
0.00826418679208 0.00281594926491 0.0473703555763
0.00108063232619 -0.00792784709483 0.0221577044576
-0.0100835906342 -0.00110107113142 0.012086559087
-0.0121553931385 -0.00362199894153 0.0029843468219
0.00587332062423 0.00264017120935 0.0603700652719
0.00385324028321 0.00237016775645 0.0586294047534
-0.0164415519685 -0.0240851193666 0.0159608870745
0.008804830722509999 -0.0363999977708 0.0113983489573
0.00721355807036 -0.000502742477693 0.030462000519
0.0085819400847 -0.0110277803615 0.019397135824
0.00351451523602 0.00694951275364 0.100450515747
0.0140157742426 -0.0193509105593 0.0170172993094
0.008452868089080001 0.00443309964612 0.0734458863735
0.00648267148063 0.0046190242283 0.0949075445533
0.000226701653446 0.00273370929062 0.0613870546222
0.00313414656557 0.00276530883275 0.0616895668209
0.0264275893569 -0.0311888884753 0.0114012407139
-0.014398609288 0.0104127991945 0.09260071069
-0.0130021683872 0.008846225216979999 0.09068971872330001
-0.011602033861 -0.0247752964497 0.00592189328745
0.011827852577 0.0149991931394 0.0417383573949
-0.00374327925965 0.00463065830991 0.0170504413545
0.00491469120607 -0.0194649994373 0.000454193970654
0.00716935843229 -0.0007158294902179999 0.0271719433367
-0.0171802081168 0.0150569733232 0.08719004690649999
0.00259498949163 -0.001437308616 0.0360667668283
-5.75943777221e-05 -0.00144457013812 0.037109721452
0.000893130491022 -0.00214478420094 0.0348036065698
-0.010666792281 -0.0330075882375 0.0115142287686
-0.0110897775739 0.00725013902411 0.0706400349736
0.00775641715154 0.00171095691621 0.0257713291794
0.008212549611929999 0.00189546868205 0.028722377494
0.00340814399533 -0.0185861568898 0.0198488794267
0.000489458092488 -0.00356214400381 0.0303976368159
0.0101430509239 0.0267828255892 0.0683813169599
-0.0168154593557 -0.0183784775436 0.0140272956342
0.0199096351862 -0.0401667617261 0.0232864320278
-0.00924794562161 0.0262301526964 0.09111459553240001
-0.0171611662954 0.0162073224783 0.0912685394287
-0.0169572290033 0.0144463982433 0.0899756923318
-0.009090491570529999 0.00527087040246 0.063673235476
-0.0113643854856 0.00742965750396 0.0633522346616
-0.0115171289071 0.00688822614029 0.0445068031549
0.00605598930269 0.0254493318498 0.0611638724804
0.00783020537347 0.0257816016674 0.06330238282679999
0.00101220048964 0.0313452929258 0.0724667832255
-0.00712025398389 0.00254014716484 0.0208997055888
-0.0221860259771 -0.0233248863369 0.00564818596467
0.0239874105901 -0.0394941344857 0.0211829487234
0.0232007261366 -0.0367692299187 0.0206225272268
0.0215349514037 -0.0385245345533 0.0220613591373
0.0132516222075 0.0129556637257 0.0619531422853
-0.0170358810574 -0.0433698371053 0.0187804941088
0.0127684315667 0.0103100128472 0.06260588020089999
-0.009057234972720001 -0.00094891426852 0.00346856727265
0.022428587079 -0.0313853546977 0.008491297252480001
0.0055326083675 0.019962368533 0.0365272201598
0.00731978239492 -0.0202775783837 0.000551960780285
0.00652720266953 0.00442272424698 0.0925500765443
-0.00823470484465 0.0048696519807 0.06652344763280001
-0.0185937378556 -0.0197262763977 0.00311951292679
-4.05210630561e-05 0.00467117549852 0.0913007333875
-0.00127494067419 0.00454494683072 0.0894603654742
0.0115031152964 0.00683980062604 0.08460862934589999
-0.019644709304 -0.0241225939244 0.00555397337303
-0.0128240734339 0.0172161255032 0.0594216920435
0.00728024868295 -0.000813855614979 0.0242562498897
-0.00567007809877 0.00398131506518 0.019065566361
-0.00481820432469 0.00180965883192 0.00605603447184
-0.00443911319599 0.0027814656496 0.00926452688873
0.012498613447 0.009376211091880001 0.065402559936
-0.0151915932074 -0.0336026474833 0.0195222645998
-0.0163842905313 -0.0310038905591 0.0182437971234
-0.0108008002862 -0.0212747864425 0.00358026102185
-0.0106020746753 -0.0231279842556 0.00481777777895
0.00694756116718 -0.0248428098857 0.0206884592772
0.0065945442766 -0.027169238776 0.0210460685194
0.0192285478115 -0.0352151021361 0.0107256472111
-0.00821272004396 0.00983793474734 0.0999881029129
-0.0124874124303 0.0157786104828 0.0453747473657
-0.0127992518246 0.0136246690527 0.0437946356833
-0.0131428334862 0.0134772984311 0.0464890561998
0.0066006090492 -0.0478455014527 0.0190709624439
0.0112366955727 0.0162224117666 0.0989320427179
0.00341140432283 -0.020451342687 0.00190993666183
0.00411453424022 0.00206877058372 0.055766493082
0.0133667485788 0.0121240969747 0.06474781036380001
0.00554049853235 0.000124702375615 0.0396371893585
-0.0139595344663 0.0142088579014 0.0644867867231
-0.0163911804557 0.0169015731663 0.09330113977189999
0.00235997093841 0.0228556990623 0.0486082695425
-0.0129788015038 0.0111186206341 0.0450026504695
-0.00853182934225 0.0282191671431 0.08903927356000001
-0.007950793020430001 0.0296855736524 0.086985886097
0.00433936854824 -0.0519706532359 0.0266852080822
0.0171447042376 0.0170870926231 0.0833291262388
0.000530105433427 0.0107850274071 0.0261928904802
-0.00574978068471 0.00521157262847 0.0220566652715
0.00256380019709 -0.0516827739775 0.0239549614489
-0.0171783212572 0.0226676408201 0.08376196771860001
0.00665068766102 -0.0499535724521 0.0205350127071
0.00926078576595 0.0260190181434 0.0658001676202
-0.0182084105909 -0.0167529229075 0.00199148221873
-0.0157490316778 -0.0186617914587 0.00216216244735
-0.00414335727692 -0.0187309123576 0.0193125642836
-0.00844836514443 -0.00192072277423 0.00145361002069
0.00254809460603 -0.000615316268522 0.0385981984437
0.00425110058859 -0.0285458508879 0.021007148549
0.0168106425554 0.0148550346494 0.08789738267659999
0.015782693401 -0.00659164274111 0.00474572228268
0.0222217179835 -0.0410647206008 0.0226715337485
-0.0193402376026 -0.0317386426032 0.0179111398757
0.01287121512 0.01194421947 0.0979184359312
-0.0154444035143 0.0148495780304 0.09499238431449999
-0.0136212678626 0.0155218038708 0.0967340394855
-0.0143417716026 0.0175401661545 0.0954012125731
-0.0101540209725 0.0228678993881 0.06279789656400001
-0.00748880393803 0.00306481169537 0.023653537035
-0.00354814971797 -0.0370638854802 0.0143281137571
-0.0121748838574 0.0138693600893 0.0410339608788
-0.0119521776214 0.0159533340484 0.0428180098534
0.00405395450071 0.0161684267223 0.100067637861
-0.00816869083792 0.00332441576757 0.0264146644622
-0.00713383499533 0.00571438157931 0.0250723455101
-0.008578497916460001 0.00196816306561 0.0357455462217
0.0172193199396 -0.0241928547621 0.0168761909008
-0.0014265665086 -0.00245704990812 0.0344910472631
-0.0178310349584 -0.0224942937493 0.0044863903895
-0.0188096091151 -0.0263875052333 0.00691736163571
0.00528880720958 0.000885715067852 0.0427911616862
0.00334186526015 0.0100322933868 0.0263287629932
-0.000865525391418 0.00437882402912 0.0873632058501
0.00516483327374 0.03202464059 0.0740647688508
0.00403133081272 -0.0466493889689 0.0190130975097
-0.00985794328153 0.00412353780121 0.0365009754896
-0.00110250303987 0.0320717617869 0.07416190952060001
-0.00633383961394 0.000742675096262 0.0391031242907
-0.00364084891044 -0.0394077673554 0.0159118771553
-0.008394168689850001 0.00593270221725 0.0278492812067
-0.0163367111236 -0.0285257082433 0.0173558965325
0.00701885530725 0.0220884084702 0.0450772456825
-0.00977723672986 0.00548134185374 0.0588523373008
0.00411089928821 -0.0488761179149 0.0203555915505
-0.001907036989 -0.000829341413919 0.038826406002
0.00445485208184 -0.0311750229448 0.0215636473149
-0.0119050163776 0.0173453986645 0.096927203238
-0.0153626473621 -0.007842158898710001 0.0022174611222
-0.0140663273633 0.0183661431074 0.0670425221324
0.00191969471052 0.0221603438258 0.0416130125523
-0.0160228200257 -0.0292351115495 0.00887227617204
0.0027341581881 0.0038710704539 0.0808635875583
-0.0117726093158 0.0220159534365 0.06487946957350001
-0.0150753194466 -0.026453351602 0.0171440374106
-0.0141234416515 -0.0287445243448 0.0180517118424
-0.0156973097473 0.0141769805923 0.07602614164349999
-0.0148583818227 0.0118475956842 0.0769492760301
-0.0136491116136 -0.00538987992331 0.00253957835957
-0.00794256944209 0.00418092636392 0.0588388442993
-0.0170068889856 -0.0391870327294 0.015537080355
-0.0132292155176 -0.0201258808374 0.00286730262451
0.0010336341802 0.0200186781585 0.097235687077
-0.00220781657845 0.00265851477161 0.0605108812451
0.00281508942135 0.0279314797372 0.0909370332956
-0.019471777603 -0.0184619184583 0.0121415229514
-0.0016702725552 -0.0262469686568 0.00701812235638
-0.000960152305197 -0.009319041855629999 -0.00183450791519
-0.00377505482174 -0.010984160006 -0.00167376059107
0.00317120784894 -0.012688039802 -0.00219614244998
0.00215321499854 0.00404850207269 0.0839029997587
0.00262659043074 -0.0422159545124 0.0247788503766
0.000872787844855 -0.0254023596644 0.00619950192049
0.00387845165096 0.0257498528808 0.0617340989411
-0.0133009925485 -0.00399904279038 0.00487786671147
-0.0104781175032 0.00628663459793 0.0611631684005
0.00488451868296 0.00366239179857 0.08304487913850001
-0.00485116802156 -0.0157811641693 0.0195318814367
-0.008494202047590001 0.00467280717567 0.0609248019755
-0.0140289152041 0.0112911518663 0.0719865709543
-0.00617592269555 -0.0382034629583 0.0150496894494
-0.00363983982243 -0.0417244657874 0.0238364115357
-0.0031965484377 0.00453309249133 0.08824241161349999
0.00403866777197 0.024154311046 0.0569006130099
0.00612618401647 0.000572050688788 0.0017630046932
0.00391156040132 0.00139347335789 0.00357829174027
-0.0159612335265 0.0123325269669 0.08823166042570001
0.00153176137246 0.0169499907643 0.0315293669701
0.00318358978257 -0.0445795804262 0.0261357668787
-0.0149731682613 0.0129055324942 0.07414470613
0.00538161117584 0.00362259428948 0.0806739851832
-0.00123113929294 0.00479845097288 0.0935216397047
-0.00317933782935 0.00473915506154 0.0910671204329
0.00258218427189 -0.0185022968799 0.00104285997804
-0.0148238660768 0.0107078999281 0.0902317836881
0.00540727842599 0.0328603424132 0.081938020885
-0.0142188742757 0.009975299239160001 0.0881378129125
-0.0153797259554 0.0175421964377 0.0720208361745
0.00428204517812 0.00181418168359 0.0528004392982
0.00177055050153 0.00258870562539 0.0594979375601
0.0030563720502 0.00356300408021 0.07324192672969999
0.00526876281947 -0.0500040538609 0.027952644974
0.00509742414579 0.0267404466867 0.06372217088940001
0.00723641784862 0.0270611271262 0.06518753618000001
0.00309901195578 0.0231382809579 0.0513625107706
0.00451296940446 -0.000866380927619 0.0372370220721
-0.00807712692767 0.000887667236384 0.0278397575021
0.00376463984139 -0.0147357387468 -0.00170045322739
0.00532588968053 0.0117013910785 0.0282075703144
0.00458817230538 0.0226201936603 0.0461654178798
0.017051525414 0.0214147325605 0.0874281674623
0.00479150936007 0.0213186182082 0.038834169507
0.00404062215239 0.0220768135041 0.0412421785295
3 1 0 1142
1839
1840
1841
1842
1843
1844
1845
1846
1847
1848
1849
1850
1851
1852
1853
1854
1855
1856
1857
1858
1859
1860
1861
1862
1863
1864
1865
1866
1867
1868
1869
1870
1871
1872
1873
1874
1875
1876
1877
1878
1879
1880
1881
1882
1883
1884
1885
1886
1887
1888
1889
1890
1891
1892
1893
1894
1895
1896
1897
1898
1899
1900
1901
1902
1903
1904
1905
1906
1907
1908
1909
1910
1911
1912
1913
1914
1915
1916
1917
1918
1919
1920
1921
1922
1923
1924
1925
1926
1927
1928
1929
1930
1931
1932
1933
1934
1935
1936
1937
1938
1939
1940
1941
1942
1943
1944
1945
1946
1947
1948
1949
1950
1951
1952
1953
1954
1955
1956
1957
1958
1959
1960
1961
1962
1963
1964
1965
1966
1967
1968
1969
1970
1971
1972
1973
1974
1975
1976
1977
1978
1979
1980
1981
1982
1983
1984
1985
1986
1987
1988
1989
1990
1991
1992
1993
1994
1995
1996
1997
1998
1999
2000
2001
2002
2003
2004
2005
2006
2007
2008
2009
2010
2011
2012
2013
2014
2015
2016
2017
2018
2019
2020
2021
2022
2023
2024
2025
2026
2027
2028
2029
2030
2031
2032
2033
2034
2035
2036
2037
2038
2039
2040
2041
2042
2043
2044
2045
2046
2047
2048
2049
2050
2051
2052
2053
2054
2055
2056
2057
2058
2059
2060
2061
2062
2063
2064
2065
2066
2067
2068
2069
2070
2071
2072
2073
2074
2075
2076
2077
2078
2079
2080
2081
2082
2083
2084
2085
2086
2087
2088
2089
2090
2091
2092
2093
2094
2095
2096
2097
2098
2099
2100
2101
2102
2103
2104
2105
2106
2107
2108
2109
2110
2111
2112
2113
2114
2115
2116
2117
2118
2119
2120
2121
2122
2123
2124
2125
2126
2127
2128
2129
2130
2131
2132
2133
2134
2135
2136
2137
2138
2139
2140
2141
2142
2143
2144
2145
2146
2147
2148
2149
2150
2151
2152
2153
2154
2155
2156
2157
2158
2159
2160
2161
2162
2163
2164
2165
2166
2167
2168
2169
2170
2171
2172
2173
2174
2175
2176
2177
2178
2179
2180
2181
2182
2183
2184
2185
2186
2187
2188
2189
2190
2191
2192
2193
2194
2195
2196
2197
2198
2199
2200
2201
2202
2203
2204
2205
2206
2207
2208
2209
2210
2211
2212
2213
2214
2215
2216
2217
2218
2219
2220
2221
2222
2223
2224
2225
2226
2227
2228
2229
2230
2231
2232
2233
2234
2235
2236
2237
2238
2239
2240
2241
2242
2243
2244
2245
2246
2247
2248
2249
2250
2251
2252
2253
2254
2255
2256
2257
2258
2259
2260
2261
2262
2263
2264
2265
2266
2267
2268
2269
2270
2271
2272
2273
2274
2275
2276
2277
2278
2279
2280
2281
2282
2283
2284
2285
2286
2287
2288
2289
2290
2291
2292
2293
2294
2295
2296
2297
2298
2299
2300
2301
2302
2303
2304
2305
2306
2307
2308
2309
2310
2311
2312
2313
2314
2315
2316
2317
2318
2319
2320
2321
2322
2323
2324
2325
2326
2327
2328
2329
2330
2331
2332
2333
2334
2335
2336
2337
2338
2339
2340
2341
2342
2343
2344
2345
2346
2347
2348
2349
2350
2351
2352
2353
2354
2355
2356
2357
2358
2359
2360
2361
2362
2363
2364
2365
2366
2367
2368
2369
2370
2371
2372
2373
2374
2375
2376
2377
2378
2379
2380
2381
2382
2383
2384
2385
2386
2387
2388
2389
2390
2391
2392
2393
2394
2395
2396
2397
2398
2399
2400
2401
2402
2403
2404
2405
2406
2407
2408
2409
2410
2411
2412
2413
2414
2415
2416
2417
2418
2419
2420
2421
2422
2423
2424
2425
2426
2427
2428
2429
2430
2431
2432
2433
2434
2435
2436
2437
2438
2439
2440
2441
2442
2443
2444
2445
2446
2447
2448
2449
2450
2451
2452
2453
2454
2455
2456
2457
2458
2459
2460
2461
2462
2463
2464
2465
2466
2467
2468
2469
2470
2471
2472
2473
2474
2475
2476
2477
2478
2479
2480
2481
2482
2483
2484
2485
2486
2487
2488
2489
2490
2491
2492
2493
2494
2495
2496
2497
2498
2499
2500
2501
2502
2503
2504
2505
2506
2507
2508
2509
2510
2511
2512
2513
2514
2515
2516
2517
2518
2519
2520
2521
2522
2523
2524
2525
2526
2527
2528
2529
2530
2531
2532
2533
2534
2535
2536
2537
2538
2539
2540
2541
2542
2543
2544
2545
2546
2547
2548
2549
2550
2551
2552
2553
2554
2555
2556
2557
2558
2559
2560
2561
2562
2563
2564
2565
2566
2567
2568
2569
2570
2571
2572
2573
2574
2575
2576
2577
2578
2579
2580
2581
2582
2583
2584
2585
2586
2587
2588
2589
2590
2591
2592
2593
2594
2595
2596
2597
2598
2599
2600
2601
2602
2603
2604
2605
2606
2607
2608
2609
2610
2611
2612
2613
2614
2615
2616
2617
2618
2619
2620
2621
2622
2623
2624
2625
2626
2627
2628
2629
2630
2631
2632
2633
2634
2635
2636
2637
2638
2639
2640
2641
2642
2643
2644
2645
2646
2647
2648
2649
2650
2651
2652
2653
2654
2655
2656
2657
2658
2659
2660
2661
2662
2663
2664
2665
2666
2667
2668
2669
2670
2671
2672
2673
2674
2675
2676
2677
2678
2679
2680
2681
2682
2683
2684
2685
2686
2687
2688
2689
2690
2691
2692
2693
2694
2695
2696
2697
2698
2699
2700
2701
2702
2703
2704
2705
2706
2707
2708
2709
2710
2711
2712
2713
2714
2715
2716
2717
2718
2719
2720
2721
2722
2723
2724
2725
2726
2727
2728
2729
2730
2731
2732
2733
2734
2735
2736
2737
2738
2739
2740
2741
2742
2743
2744
2745
2746
2747
2748
2749
2750
2751
2752
2753
2754
2755
2756
2757
2758
2759
2760
2761
2762
2763
2764
2765
2766
2767
2768
2769
2770
2771
2772
2773
2774
2775
2776
2777
2778
2779
2780
2781
2782
2783
2784
2785
2786
2787
2788
2789
2790
2791
2792
2793
2794
2795
2796
2797
2798
2799
2800
2801
2802
2803
2804
2805
2806
2807
2808
2809
2810
2811
2812
2813
2814
2815
2816
2817
2818
2819
2820
2821
2822
2823
2824
2825
2826
2827
2828
2829
2830
2831
2832
2833
2834
2835
2836
2837
2838
2839
2840
2841
2842
2843
2844
2845
2846
2847
2848
2849
2850
2851
2852
2853
2854
2855
2856
2857
2858
2859
2860
2861
2862
2863
2864
2865
2866
2867
2868
2869
2870
2871
2872
2873
2874
2875
2876
2877
2878
2879
2880
2881
2882
2883
2884
2885
2886
2887
2888
2889
2890
2891
2892
2893
2894
2895
2896
2897
2898
2899
2900
2901
2902
2903
2904
2905
2906
2907
2908
2909
2910
2911
2912
2913
2914
2915
2916
2917
2918
2919
2920
2921
2922
2923
2924
2925
2926
2927
2928
2929
2930
2931
2932
2933
2934
2935
2936
2937
2938
2939
2940
2941
2942
2943
2944
2945
2946
2947
2948
2949
2950
2951
2952
2953
2954
2955
2956
2957
2958
2959
2960
2961
2962
2963
2964
2965
2966
2967
2968
2969
2970
2971
2972
2973
2974
2975
2976
2977
2978
2979
2980
0.00228725306696494 0.01851284083934142 0.07946291385095022
-0.0005235151469513374 0.01641113991202237 0.06846595130260344
-0.0007852341297160106 -0.008497284913847963 0.009851079263261692
0.002232625913110901 0.01327679647680184 0.0577001320567547
-0.0008882383661956016 0.0118531203280612 0.04778865908910506
-0.006123911832533521 0.01693145198620225 0.08583916829598899
0.006524699196624711 0.01579964716237486 0.08794569540146371
0.007553870891232116 -0.01468634943524235 0.008255571965197116
-0.001253953524487765 0.008853114270054949 0.03702039443369526
-0.006360254036450303 0.01944003966103387 0.07580494262096867
-0.001151702565064448 0.0132897229283878 0.09156907756630157
-0.007439019213002154 -0.01459170008587434 0.009207511020527604
0.004343295542259291 0.0120558260985777 0.07411291654724142
-0.00488021859746673 0.01273118261102163 0.06223000391219347
-6.835229434154358e-05 0.0121098107540769 0.08369949002701661
0.00355113840781212 0.01443710056149839 0.0420545707322473
0.005080255023917234 0.02241346498001791 0.07294267687986755
0.0002729778905000456 -0.01778857411060324 0.01119604446523939
-0.004995952019101919 0.01401527602445656 0.05432082434172372
0.008578692723951115 -0.02491307363642099 0.01257737451831057
0.005160129152193984 0.02506575895238392 0.0820055666991544
-0.003433715238579894 0.02376445399078314 0.08215060268979724
0.004191334359379742 0.01090046959811498 0.06508538929389805
0.005687088166372672 0.01257520002726246 0.05116386505204062
-0.005934608422987799 0.01259726796683856 0.0789697697497582
-0.001235902424272479 0.003373209236490586 0.02878816160972561
0.00690663428989661 0.01282040322544029 0.081096771996648
-0.001356230024079189 -0.003365840962627289 0.01591005782390574
0.006457866377139685 -0.007246241895953635 0.007642938922098412
-0.003900210604351312 0.01401013495283122 0.04148634499255818
0.009131016265818068 0.01854875383283977 0.07750221237096312
-0.007489779904396056 0.01500530458284589 0.06871214768197856
0.004402029285231104 0.01815200895196482 0.0630281273868456
0.0004215888741340452 0.02028426436290603 0.08766973414427182
-0.006260421700692151 -0.006933315537595948 0.005801823988095652
0.00435040662964075 -0.01149358556841218 0.01372165250159285
0.006749159393584391 0.01260733453690954 0.09420052621929291
-0.008133417393539562 0.01380838917069943 0.09177762034673795
-0.002877029563275048 0.0108054309072886 0.07255620987765556
-0.01004560876620364 0.02115830272957909 0.08165479069539423
0.004364483558466563 0.007650717885815604 0.04004245935082896
0.007202812370720787 0.01659143921478775 0.06940359415129485
-0.001426922344884296 0.02476866364610938 0.07521958675462931
0.01396539829453164 -0.0163772312343101 0.00646156283460868
0.01015652953269976 0.02057018767526079 0.08419905448461065
-0.01112727116346768 -0.01985237339848044 0.01035417019007162
0.0006779069847230724 0.01676159866152201 0.052285755721725
-0.002779359007120447 0.008857620510614315 0.05751069507434438
-0.001663500530824277 0.01825823440051964 0.0600645246112648
-0.005117389580791601 -0.0223333358448536 0.0123173212906242
-0.005091455673210093 0.02123578217977081 0.06945737367638412
0.002194736314806765 -0.01218977662575154 0.005155355255927334
-0.003726960537462636 0.007846555797863997 0.04353403270624491
-0.007104065529737295 0.01289708990129051 0.04826343941125281
0.004331323725804611 0.008031076112078504 0.0466075940160944
0.01429170447616699 -0.02207859013354113 0.009857438221698862
0.002567408533048594 0.004664520412956142 0.03387694655674822
0.001240059851972321 0.008219397400955251 0.05258947678439627
-0.004989984828919637 0.01103925036139164 0.0872545775821098
-0.0004974577431276808 0.02173061299789057 0.0660115089909122
-0.003145841677933116 -0.01299034472149642 0.0138512606281375
0.004896581361123792 0.01001803778369829 0.0866529451947789
-0.01293306329959647 -0.01372290967842122 0.006772615106983234
0.000576890361701954 0.009685891088041704 0.07820153673790647
0.00656477692788439 0.02196854620332184 0.08916859216395885
-0.001061376384457512 0.01637395690036696 0.07466905743805269
0.007374440098635954 0.01317043769593631 0.06063688666594387
0.006436312932177477 -0.01872327457641564 0.01335016848540767
-0.01184199822119436 0.01782087323529846 0.08749472731241012
-0.001090788833242258 -0.0001978816005948876 0.02163312462409399
0.002194750528244114 -0.02369067918084691 0.01323356784162982
-0.001568148322135164 -0.003592963776625155 0.006775633843378625
-0.004453041902765199 0.008326379687555762 0.05094697309599547
-0.006342000894601628 0.01833661387894883 0.06384023809485874
-0.003442726273980464 0.01768734280141461 0.08063151820496137
0.003859418095463929 0.01203253294450075 0.03575189062130766
-0.01046013103501643 0.01515013924967116 0.08203896142948029
-0.003189926582988513 0.009186744495641675 0.0667780659763986
0.005259061456872688 0.008425160871489614 0.05819716480454374
0.005136579475597819 0.02207742209885966 0.06718696267298112
0.002853657213988967 -0.003563448301253757 0.01124480811671146
0.006401113080452155 0.02682676344943448 0.07682441161142704
-0.003892854124528594 0.004971721394825621 0.03365828813272134
-0.007214749297993739 0.02275746989192122 0.0866818616234962
-0.009229265659252523 0.01443166423882371 0.0743705601176218
-0.00531739076719805 -0.004778530617494514 0.01138725107524091
0.006766386843491148 -0.03047740203000086 0.01516369158851766
-0.007000663190228384 0.0251989493640397 0.07749689675105619
0.01131942651206855 -0.01092682873845289 0.005018933533468038
0.006855396479264915 0.01569206400892624 0.05566540437711262
0.005219337539099679 0.01676084326296323 0.04713372237768237
0.002887080041441053 0.01751720956873654 0.09224140744552994
0.01107003354113055 0.0185508540719309 0.09008987860081144
0.009554714708676488 -0.02001488224084097 0.007277743759499803
0.009300378471516581 0.01322310118707024 0.07616989007009965
-0.004732540634930552 0.01091566034619628 0.09521043700508951
0.01082628976406343 0.0150139067293617 0.08444428093161865
-0.0007381297079430987 0.006610849549123614 0.04766432504726428
0.01012101645510933 0.02365898146289411 0.07954011883996386
-0.003978828616666712 0.01843106459259426 0.09111042768629944
0.002256600098868782 -0.006637032376219817 0.003823350056959558
-0.00319949567639737 0.01709984523877597 0.04806689500756202
0.01387367329816904 -0.03069131532348529 0.01433248317879612
0.007496970818983604 0.01101801893303285 0.06968179604139338
0.007625343522836957 -0.03721229112520147 0.01822337343713894
0.000379344320826782 0.01400138906083963 0.0627594891349432
3.395525111011665e-05 0.008464772506785855 0.06229790793855711
1.75045999401362e-05 0.02099438796050865 0.07141313086956684
-0.003827744921364184 -0.01237934279723741 0.004914690463642147
-0.01012303673278941 -0.0249010092293019 0.01264798285598403
0.0004159348838044504 0.02712880659474619 0.07992389413963376
-0.003303435482727257 0.01374155287142678 0.03615560463359849
0.004652411347548886 0.01737955861938573 0.07477301901989955
-0.006290270760826893 0.009039249153495852 0.03894108926971056
-0.00712081729723868 0.01635905622325937 0.05879211698699834
-0.0002538418830068901 0.00937908849096147 0.08818165700167825
0.001871685702409799 0.009073221113412508 0.06994726490101352
0.0115296650794597 -0.01690017053248304 0.01140026407409913
-0.01140821098172379 0.01825611685711866 0.07736548857772978
0.004733664617360177 0.0195417718392371 0.08430361709372144
0.002628821473827665 0.0187938260809964 0.0568677221910131
0.00249720147742141 -0.0006485499943969528 0.01768915269846084
-0.0003992699850138083 0.008520023202271656 0.03118483857993721
0.009291576620549217 -0.01539581611041006 0.003460954317785422
0.0006036574589945022 0.01043214352892985 0.09578745381434838
-0.002362741971283417 -0.02680603475926965 0.01434874338428209
0.006494533159894394 -0.00994308402608517 0.002479535578011869
-0.007591562418040067 0.01109973998014468 0.05794512997099756
-0.009883968400283306 0.01296450033687608 0.08687616311630678
0.003883382527821147 -0.01847600345732309 0.006950907209263824
-4.244499929082694e-05 -0.008823281139570868 0.01597697763580394
0.009178002097565878 -0.01063839663744665 0.01144719512909393
-0.003994981792028357 -0.01903646677325804 0.00834826006180309
-0.004190545137586234 0.009313222631872712 0.08249608001783598
-0.00764395058736075 0.01114387408526103 0.04348301260847048
0.002540581282194464 0.001311650816665939 0.02513990983694405
0.009905796027794685 0.01234237918038 0.08976818855681135
-0.009499350620683232 0.01906480839295016 0.07151672053446179
-0.008648350542778521 -0.009210786867311905 0.01037158236354168
0.005183407336652538 0.008442623423926494 0.07954013973706585
0.000946236308676899 0.01010261193208041 0.04325232343345384
0.001415069076869091 0.01522431479609969 0.08753455099439636
0.0002644309380875062 0.02599549164902333 0.08493233786489196
0.007376712294530838 0.01223500189799694 0.04515066191464635
0.005529775384222052 0.02201226081949748 0.07792028339092151
-0.00303207567632441 0.01859864166223054 0.05520134704356313
-0.01567584947808965 -0.02178036379441644 0.009651314691557946
-0.001943413361262084 0.004073465218885279 0.03812230154629564
-0.009260859753750661 -0.0109640546705316 0.004148177198192854
0.01244868249901341 -0.03567514448113798 0.0171962092141786
0.004773882423499264 -0.006374000883951859 0.01547151017533031
0.009618256125278616 0.01994278943419436 0.07253390828678213
0.007960078878124876 -0.04152161502525935 0.02052771706159015
0.0179709311581844 -0.01973607939377261 0.006937122202952459
0.001373805280321179 -0.01516555104628111 0.01528023147716495
0.01891787944224667 -0.03366806467492848 0.01525045500188424
0.008341231181276927 0.01365619350579255 0.0655187754099711
-0.0004940112629419203 0.01735799355715551 0.04360467656926282
-0.007804639591040646 0.01090118973269243 0.06585997362334479
-0.007414413810821707 -0.01774286864038402 0.01340216574766263
0.008661023232938304 0.02524057140839805 0.08578347540757
-0.008280989433369197 0.01088523330340067 0.05254316029694722
0.001339840073970121 -0.01303379982319912 0.01002175168757278
-0.005288732226739077 0.009687096381367628 0.03414548576192222
-0.01022333810386013 0.02241796792470377 0.0751275434116552
0.01696787073428423 -0.02670616411252139 0.01174626936261501
-0.0001691703821760263 0.01433027717676446 0.07938754145001525
0.008029768644512597 0.01099760701997079 0.05512961749817151
-0.008600250493359708 0.01997933856877851 0.09049000879246731
0.01151846018543107 0.01521743974091642 0.07980090037387251
-0.002447870333527633 0.0135053320917463 0.05826042283783939
-0.007139362087634034 -0.02859184612773385 0.01452162022269956
-0.0005192504336183198 0.01244533095599482 0.05390332675515275
0.006098989987041586 0.007527625822200133 0.05132956596130082
-0.00769364838257033 0.010802681911346 0.07134907677732491
-0.003549544418599783 0.01538835144806756 0.09485136669816466
-0.00724523135222766 0.0156540859368576 0.0443594719918193
-0.005718279038048703 0.02501076213857763 0.07267090220996446
0.00527253031242123 -0.02290061549278326 0.009184183209896805
-0.004651961485698592 0.00802302975746416 0.06177906361354721
-0.0004309804064717513 -0.01611007700292774 0.006595636328340266
-0.005127305905889162 -0.008374487783192736 0.01510814546559145
0.003275441694962669 0.0153150225188544 0.08279111549872817
0.002764752843216423 0.02655588214532973 0.07369532834446288
0.007749086979885465 0.01764180370468361 0.09390778068131113
0.003316695420970216 0.01369693074651135 0.06966316073835904
-0.0163002259591303 -0.01748706445478043 0.007050957967152917
-0.001646554207805461 -0.001388820179383508 0.01126080605446721
0.009018894382704673 0.01075198522853344 0.08466606393404194
0.0003372511332900502 0.005369813973042436 0.04318343542942911
-0.00148944365231381 0.0204120428539361 0.07721002694741923
0.007887780691819663 0.01725867327472473 0.08172690312850164
-0.008081118832630066 0.02572018580621926 0.08266230840465057
0.008490055532345581 0.01830938609971601 0.06526468416073335
-0.004820691178069185 0.01721458033521919 0.07192849113091185
-0.004233586872394651 0.01386883338172756 0.08301897757079492
0.004319327193833007 -0.002792861014536805 0.006436551947366494
0.003235562303134928 0.01116790739563176 0.09111146704943825
-0.006833129344005364 0.008084237752672096 0.0469719638186188
-5.576632310696182e-05 0.01566802349657388 0.03912765850005124
0.001471955296586726 -0.03033252593927566 0.01531511883921907
0.0011333884546156 0.006716459772462796 0.05788792645771113
-0.0002971932062401017 0.0203211255342906 0.0829917257174633
0.004343756422023672 0.008829988981400571 0.03214349390478836
0.003459580501871194 0.005067684885003922 0.02897832851966147
-0.01339920063737357 0.01895536417189043 0.08351416806862808
0.005314729680233004 0.01827848818024397 0.05179520039390424
-0.009123140686743636 0.01457232779228971 0.06319422359151813
-0.006964798827605637 0.009188043193951459 0.07572443802394006
-0.01002780202507497 -0.01742202225954063 0.00646813827325975
0.01547632514842365 -0.0393048107618229 0.01879183844225587
0.0012440695636153 0.02114902231847421 0.06190807827223088
-0.008613081681486808 0.0108934980720249 0.08284233274472104
0.007525841758660038 0.01781752559931188 0.05967972690950947
-0.001944566075948408 0.02473727656434355 0.06933479853575965
-0.01486656679204241 -0.02728948029043601 0.01274341790706864
-0.001498701548558025 -0.02103183551282129 0.01502178184161882
-0.007032703340447038 0.01668237523548166 0.051038581581096
-0.01035268127005914 0.01267762815534896 0.07832122255444651
0.006821109272388327 0.01181764314563509 0.03959630681278557
0.009508114315060958 0.02392468198058424 0.07493646473216685
-0.0008063195578180433 -0.022217285779425 0.009858744779625481
-0.002025881692332205 -0.008499431885795194 0.002761931204086276
0.01986381821077795 -0.02371218592641793 0.009129389180432783
0.006796697181560006 -0.005087957963373146 0.002909058495013158
-0.003679636472883296 0.01372707128817985 0.06652920425862013
0.006786099494135927 0.02647077006853303 0.07248761924959632
0.004061219182658202 -0.03418344639781968 0.01682821739285211
0.008077744332156474 -0.01436457151551026 0.01413219084978077
0.004398036533264974 0.007154968275353495 0.06249176855216569
0.005207492354300152 0.009743765133570585 0.09733330106802358
0.002572205577637545 0.007892429738637447 0.07453408217438628
0.01015624694335553 0.01406435656670913 0.07177668423012133
0.008264777711696526 -0.04555066680559439 0.02264483484585634
-0.001964869185105815 0.0178086442163606 0.06448767430505614
0.004073302363503355 0.01430502082091179 0.07796997826070631
-0.003284643638333657 0.02270083589682634 0.08926465015112478
0.007295572980325689 -0.005049834786630509 0.01172241322051117
-0.006089477603121955 -0.03274458608731257 0.01634235549976018
-0.007845116656075499 -0.01265910119122646 0.0134990284107565
0.012901382032696 -0.01294409186712484 0.009397998732710036
-0.01164079712144467 -0.01526703845517413 0.0111665993517987
0.01200106580478552 -0.02561002606052522 0.0149945625146087
0.001653016118805216 0.008209521771363667 0.08229989283131148
0.003237258121232504 0.01866142449895721 0.06936311454523905
-0.01224585818387533 0.0158495977454968 0.09162427762264098
0.007908767286731885 0.009485996077344294 0.07431152417557327
-0.003765654134639158 0.02815968598095745 0.07856971835198835
0.00168776715236901 0.02287955658348388 0.07996032780057764
0.01135004894001201 -0.02116692916722505 0.01346553818557806
0.004789268572452689 -0.01555171906189321 0.003641007814894802
-0.002590015544457047 -0.0001642810731090328 0.02674747937055662
-0.003521776460517814 0.009568122153108391 0.09116726953013556
-0.01169570371137134 0.0226296894210115 0.08568088569930668
-0.007509736236632461 0.01674131983234523 0.07913307482991695
0.02146782913981642 -0.03059975206321713 0.01313264027062972
0.0008304339415156772 0.01507864794354592 0.09529042784689236
-0.001828656455297896 0.01683744336281362 0.0851137289056926
0.003498687001797595 0.0123348031955533 0.04730895103296082
0.01240458941287272 0.019592475859471 0.08041789639292364
-0.009373481003817562 0.01869535604765958 0.06708144613752409
0.005969841357066102 0.006851571103686594 0.03589377940096718
-0.005979540878276879 0.02031360391189216 0.0830555230721452
0.01243977409719326 -0.04418992469855695 0.02166094517179525
-0.004769497058225816 0.0139958594945231 0.07494856496663244
0.01243275463484728 -0.02691232309708694 0.0104877563588634
-0.001452464630869167 0.003440087130076583 0.02428023185190216
0.00250142429096098 0.02430810839569364 0.06991888110401873
-0.0005524564540200087 0.001618626026457219 0.03285210832624982
4.567756958281672e-05 0.01254088174608674 0.03329733015228039
0.004261929890726415 0.02551331664570682 0.08724592204304923
0.004809791860941654 0.01579338668780173 0.03798112211371108
0.009302767432870257 0.01025964051792488 0.0789902357543293
0.002873600969260258 0.01831877979206648 0.04167406099693423
0.00522986854177232 0.02895287040389673 0.08030108191608194
-0.002947421182230168 0.02146169303138999 0.06254735125827529
-0.004448990394134539 -0.00119733881540796 0.01785232298433451
0.003834103128989773 0.01090460454990635 0.05458251114911424
-0.01100228622949044 0.0243635674183903 0.07891181807426796
-0.003084041539913557 -0.01236126791100136 0.009374366844357832
-0.009193458352422169 0.01408110507530353 0.05528194731809979
0.0003238990388178746 0.01191919802892081 0.0669507392606533
0.001129289737666893 0.01850337618638587 0.04810577265742947
0.008255171455911658 0.02321199424175714 0.07000377245329142
0.002576802363783977 -0.01940015511754399 0.01535793396091981
-0.003523290943939105 0.01482789765842352 0.08842508213605413
0.005260963395542944 -0.01110203812162337 0.009422381253472601
0.00542600805651556 0.007621201323345549 0.06776968089652546
0.007012500326714044 -0.02626089173170301 0.01649394664323675
-0.01032400794973068 -0.00695235766741587 0.004760051085885213
-0.002310009742040917 0.006321055717209365 0.05407956958321237
0.00460121565376574 0.005113967939402844 0.04348429374155905
-0.006002536695086916 0.008202466611343344 0.05486885300322895
0.003742018827873241 0.01115629479696006 0.06095218946993891
-0.01147628531664733 -0.02969064475392092 0.01440764522120613
0.007319084054542244 0.008443835477339515 0.04308768879133006
0.002560951758865137 0.003888811693859775 0.03832235517783116
0.002676013532393727 0.02171444556131551 0.09110760961684489
-0.004182026295748646 0.01248967543374209 0.0453406583702811
-0.007669750035755497 -0.02112226401831969 0.008282523862739734
0.007803237655493948 0.009690933456230479 0.06311043602306131
0.004244031513534708 -0.0161846817653326 0.01060010665783428
0.01936781548064077 -0.04057738300429033 0.01922573894230958
0.01182194018317463 0.01732946233280822 0.07475863411873963
0.004016460857211727 0.006154875847660665 0.05492321605368649
0.001836827360713628 -0.005047926259416023 0.01870101568727701
0.004937604899930418 0.02213964838864825 0.06316653926599519
0.006941637817596351 -0.01890494982765895 0.00433823512017797
0.01324624089739508 0.01991780947721984 0.08685864336869734
0.008492396678652057 0.01447083850729591 0.04859126546101981
-0.003965146127496412 0.02565722693832711 0.08608282235754136
0.008363990408305875 0.01017267784656178 0.04879835440430476
0.002731329707262091 0.01555130401454475 0.06591056335467731
0.0028204331549015 0.005431050037678404 0.04950759927886729
-0.008343247395752373 0.009926317367971968 0.06185823781773606
-0.003786455297203189 0.01240860241166251 0.050697743757947
-0.005803392122637449 0.01564050246261642 0.03848559976176941
0.003190748489504241 -0.007900949507915435 0.01153934654939842
0.006566260402227908 0.01709369513483294 0.04319396550177269
-0.004008368123149524 0.006632186646605992 0.02962809059683838
0.01134598535738626 0.01512781010317458 0.09297639037889265
-0.002535582223957098 -0.01690234853115561 0.01548374439946984
0.002328783478046256 0.02073889226515005 0.07558145454680799
-0.007647800205469351 0.009939562608243973 0.09028221457001365
0.01119967723844599 -0.03958602154885418 0.0184709627148024
0.008956215027181968 0.02722066251460941 0.08178919828351662
0.01073295995466561 -0.008033600837655645 0.008271032946885668
0.0002209584133595517 0.01236427524848441 0.07496019994858429
0.004685065595494187 -0.02753992920146998 0.01211126352606357
-0.005870585997713096 -0.002853646358667471 0.007450088959302655
0.01337985568902846 -0.014064531481562 0.002829207003355088
0.01016310723484226 -0.03322848866088679 0.01423748063454058
-0.00775595760532268 0.009221189981899944 0.07939288214747885
-0.01781885204029796 -0.02495994427918753 0.01110689942498786
-0.004437519348309302 0.01756702444973299 0.0677487316122548
-0.006039426638452602 -0.004291859621473686 0.01549737680513941
0.009836954615681241 -0.007696626976211852 0.00218285647739086
0.001302442900757934 0.01156725549227184 0.0392032881810881
-0.003642119216698345 0.02145775935655711 0.07336447823689732
-0.0002121771591678781 0.0159426506139433 0.0560660974655543
0.003017001570589939 0.01174891200539575 0.08091304280305715
0.02176582953821836 -0.02714260267364285 0.01071326426038284
0.005574158540740539 0.007222769874229909 0.07192362335988746
0.002153750155868895 0.01648503415240433 0.06013276255745447
-0.005087942233520803 0.01992408193945881 0.05850874898147541
-0.004957139476352592 0.0211957204918455 0.07920764988351785
0.01079429931442808 0.022702197656769 0.08902278927313538
-0.002280386759752228 0.01932202092016736 0.05130511803011007
-0.00507217757060538 0.005398441018796381 0.0404824504415647
0.009022835908419317 0.01404061845061475 0.05276490163212086
-0.002308285440395548 -0.03418922866339845 0.01696947022276845
-0.01214171159856758 -0.009544251329312112 0.007770111291606189
0.002543871801022486 -0.008720212372054493 0.007393848741878982
-0.002713319550774319 0.0278818575347292 0.0826343732058441
0.007023379137678564 0.009102382870126061 0.0903683775110142
0.004607241650265015 0.02832036446975573 0.08411915121354101
0.001792455183557576 0.01325942213881115 0.05077602458157348
0.002248989912939699 0.001015064240675974 0.02936687609613578
0.01549439901613352 -0.01796713240619446 0.01014498708464965
0.003554042054767829 -0.01256417213577204 0.001603797345947011
0.01270976535213794 0.01401193734690794 0.08757136815380429
-0.003440937132644433 0.00945166455207677 0.07853060321608862
0.007167906673154826 0.02124255884683375 0.08154607258676941
0.003344856660409476 0.0008586560827259174 0.02127104743676807
-0.01110646162296083 0.01544439495524139 0.07054533969566333
0.001674072280773487 0.007755181811497947 0.06602994960292707
0.005971808764754192 -0.02202898466043135 0.01617033156965416
-0.002234374784061323 0.01039575425982248 0.04077346608232445
0.01210964649914868 0.02100401321063361 0.07604475021116122
-0.00590943666757061 -0.01633011560263609 0.005503078105767539
-0.006517946817822075 -0.008778858632581902 0.002306261219401952
-0.00157215268680367 0.007839930434211932 0.08490622833612831
-0.007007154469517081 0.01775001867816139 0.05496740170153116
0.002840658810849534 0.0286131416327068 0.07711822629400442
-0.002152168452064188 -0.004084858973392581 0.02008946985774634
0.003345967958394172 0.01475118961357167 0.05427754032395412
-0.008869189971641564 0.01170093284361785 0.09535049064889248
-0.009118226711401906 -0.005543694680785888 0.008477342332210886
0.01358457592978746 -0.02063855743797089 0.005843425886269155
0.009593666746597052 -0.02431075856643119 0.008317719158310876
-0.006896830889013938 0.01226917053470888 0.03678006179976589
-0.00376184151934228 0.02007634579440275 0.08633250893664052
0.001746178856747256 -0.0001282485973119361 0.0135210070318237
0.004779708504628927 -0.04372546075694824 0.02170563463563671
0.004030992690221805 -0.03993335643976043 0.01983489979325229
-0.003616127430475159 -0.01638350324837932 0.01151343896730689
-0.004296233406410919 0.02318360957882485 0.06597646667708069
-0.005216611879115744 0.01762588933899345 0.04173895691684261
0.0118736674419309 0.02427276563839487 0.08328719904032907
0.009425211666476965 -0.02970534860582675 0.01184400696746081
0.008754475335860129 0.009954308941952254 0.05894397374002383
0.001193579308228032 -0.001100232135855884 0.008383772839470838
0.005091613015932861 -0.01506162027922729 0.01665311869156148
0.02044984702911481 -0.03700241500516682 0.01729927142679801
0.01055342800989093 -0.02925572306291326 0.016401840130579
0.01627509503598944 -0.04281984197611292 0.0208526033665673
-0.009528076577503788 0.0182616134244183 0.08430847501714912
0.006067562799834502 0.01334358575888303 0.08490548754912498
-0.009692917685208724 -0.02107135808008624 0.01396595452576119
-0.001958841642183618 0.007272438722523014 0.0703719461016564
-0.004456768649296679 0.002162242636911213 0.03085062173193693
0.004792124140921958 0.01578980374098414 0.09605544063392858
0.006349315657789991 0.00784039477643902 0.08345719793985072
0.004057536304039113 0.01888737037256843 0.08862214219035905
0.0004752949909783873 0.02423168868199047 0.08874796105349138
-0.003767005559149875 -0.004564306679591922 0.003181938197064986
0.009485830396225945 0.01589110483365772 0.06240837330397315
0.001631284386788084 0.009272585942920504 0.0489658502872191
-0.004618193365598674 -0.0009383678880026556 0.0138785831791992
-0.001817481599117824 0.006313414475443249 0.02660005775737565
-0.0105297068580768 -0.01460034591712772 0.003881663724115734
-0.002916995776236713 -0.03031128254537672 0.01619617823798118
0.0003979794903625068 0.01024628910477748 0.05899379620789922
-0.001563466567532567 0.007796318125898847 0.07514606183590401
-0.000337884845584238 0.01354644353067597 0.07121023713829325
-0.01065334648783885 0.01464161932075141 0.06665943759494339
-0.002003918424993221 -0.006435576712956862 0.01321948257696797
-0.008484940013399313 0.0164190793954247 0.0889012040173673
-0.004164006986765343 0.005370012973441799 0.04644077022224024
-0.01348658858706611 0.02023128094828884 0.07990432095178818
0.005428697249048231 -0.002314895233012514 0.01438915270482897
0.008278001242142135 -0.0331598427871542 0.01789755199749862
-0.007594668132630968 0.01747178961433999 0.0936236011485654
-0.01218030368014662 -0.02355032841040816 0.009598771484369118
-0.006732345968020198 0.006483083802791594 0.03595730230669669
-0.001146625484950796 0.001243142883844167 0.01778786118117722
-0.008619519062323652 0.02296629177315447 0.07062150269859498
0.0003776285849894795 0.008564514698059737 0.09222979143508404
-0.005945897656290477 -0.02479942481251806 0.01546973631317421
-0.009196834855181388 0.009970969928817967 0.04908695102096383
-0.01000506228122612 -0.03295398819715353 0.01603704909071507
-0.00422938051572715 0.01371120934779496 0.0703698119325025
-0.007466896245858331 0.007367445282289452 0.04276276992450963
0.0008251926447452932 0.01371472314052342 0.04478635377722678
-0.004818977986700039 -0.008273491074702388 0.009363443231477047
0.007488030904623636 -0.01131296109352189 0.006105125549902553
0.004932566906708778 0.02083072465944807 0.05940250007357264
-0.003301811977696324 0.009178988913720831 0.04695642872064464
-0.006433672065643193 -0.02606657811090588 0.01142456881640319
0.007967835313158339 -0.003538261137621002 0.008053503415828989
0.0111025401924681 -0.01870421032974925 0.003744968104051993
0.00822842045146183 0.01626864062466125 0.07418372815140238
-0.008146877120920997 0.01402330084609046 0.04102800585301447
-0.005965923571260068 0.007258686911999143 0.05842660754630405
-0.01938504068206259 -0.02114207263025359 0.008238981063360866
0.00256377128363086 0.02286716580545355 0.08406662500781853
-0.008047294894755232 -0.004720774909419661 0.003433803663180249
0.001174029733517568 -0.002813562035879013 0.004001534668373229
-0.0113341061766581 0.01227312887302573 0.09034909169424821
0.001909296312577241 0.0164870574263848 0.07223719026262634
0.007528200932696141 -0.00927572132688847 0.01487916247850015
0.006107450058469124 -0.04836833688793379 0.02390889849709979
0.01639450426348496 -0.03563885270315172 0.01759025674618385
0.01505504753416929 -0.01218774518637781 0.006028483780064911
-0.002483790204542508 0.02722921110744878 0.07233418391058551
0.001635335139925136 0.0152438505354323 0.03562991096184404
0.005774494160450177 0.01751868740212383 0.07869216003677679
-0.004388832039148155 0.003524113744392896 0.02668220517041223
0.00450205321674296 0.01437903514469702 0.06278055502197094
-0.0006480272376248996 0.02071449888117054 0.05731461334403805
0.009936487286275344 0.01991687981734474 0.06858466439981067
-0.01311601010739082 -0.01970521474915853 0.007025002614823047
-0.001014768707995601 0.01828356326719136 0.09378282574258344
0.01337865116547076 0.01778109075244404 0.08366568805803391
0.009354938423319855 0.01358465675383059 0.05748787007933899
0.0005136526987289274 -0.01181575531748215 0.01358232309673264
0.008418639671557947 0.0191147895682748 0.08733200124352561
-0.01791860654225795 -0.0294464530212396 0.01333512345507403
-0.0009724896171552642 -0.01268011849816553 0.01700112502035583
0.01116658174614279 0.01200783264465327 0.08179817485622842
0.008934578693612827 0.02113668674591054 0.09230958932026888
-0.01467939445500201 -0.01804265750948937 0.01066381757907056
0.01050733345460333 0.01603506815345409 0.0675742357055801
0.003185715881354265 0.02484767287686304 0.07704320217237419
0.00732518749940772 0.01261617966909352 0.09774655022390266
-0.006570219169522496 0.008343002733800143 0.06853566152406813
-0.01353761634846818 -0.02146704853282309 0.01266810704170693
0.006134530996609044 0.01126716517931746 0.07729197443662891
-0.01206387122474147 0.02097232144271474 0.08949346121263822
-0.0009346679415733244 -0.01014141570848445 0.006303886028069168
0.00236226260867305 0.008394133299691348 0.03552223346680917
0.002330057055371877 0.01996934945944569 0.05331656499788272
-0.001339581567718999 0.005009598168632222 0.0508513636431401
0.005633987948917643 0.0120002715714653 0.05767020285308386
0.002607019066385243 0.0197141620395535 0.06586752824420621
0.006361086480249889 0.01955303644348111 0.05599822821683238
0.004768716647323396 0.008448433505084734 0.09358947643758926
-0.009971015192122009 0.013222206053641 0.05040242687911488
0.002579219718843919 -0.01134001705071709 0.01707657690021137
-0.006790237197073233 -0.01110969544060896 0.007312323630560094
-0.003882090496333585 0.01695168984461579 0.07701665872452314
-0.009617705579051236 0.01325016364691662 0.04567563725938675
0.007207187639098042 -0.01336840238652466 0.001041609244359688
-0.007700750820742178 0.02201562126911817 0.06692138537143655
0.01717020867525971 -0.01696738706845166 0.004268226708682666
-0.002748766983600442 -0.02537157289613321 0.01074988367654762
0.003501735360936951 -0.01998972006185835 0.01109994082536994
-0.005178255498062365 0.008026664596146763 0.08555624913404913
-0.01322188216745394 -0.01075940401997554 0.00415234495016367
0.0002685439389188286 -0.01993397474165859 0.006887564929401148
0.003076348694891947 0.007898269802927196 0.08920845950876816
-0.02078777606590807 -0.02728949646385453 0.01135376292432475
-0.001861678679897008 0.006293813520670072 0.05999738776356969
-0.002829961078879905 0.01574126941084693 0.05190883085902941
-0.008556519982731948 0.0212160481387127 0.07823779658995052
-0.004496477059197279 0.01629942981161933 0.0613820793034895
0.007140136947176708 -0.03533627927755294 0.01499779419084361
-0.01221299485768887 0.01494602192072263 0.0762749125009157
-0.009557231035802475 0.01082975878595126 0.07520254866343525
0.006932987854641449 0.02018000500867197 0.07512060825497059
-0.005090350332832312 0.02794310477444811 0.0750107642141625
-0.01281108979350613 0.01486799574714004 0.08513819570661529
0.01750254212611629 -0.03096665593406659 0.01264341159039458
-0.005327734604058089 0.007896443265720927 0.07212842892351022
-0.00188288882434834 0.0112467367339968 0.06392844367793558
-0.0002923125591825196 0.01744914044258699 0.09012679779556464
-0.006357741179071516 0.00769093258889616 0.06496868547456894
-0.008238048641684223 0.009808489647297922 0.08626629299886465
-0.003047868941502737 0.01124594577940211 0.03148395917880863
0.003992712984092151 -0.0147383908649076 0.007182268876759222
0.00511229649318442 0.01452367752072047 0.09129123906537603
0.01505009430022654 -0.02366903387226254 0.01339535194130713
0.008366615769527668 -0.02112338156953627 0.01087767103703925
-0.007594356921288622 0.01402322578447453 0.08430521181827871
-0.0143011070676046 -0.03343341401147903 0.01587345828448024
0.0005130721798777865 0.007796141845413341 0.04023808224243092
0.01653285310439873 -0.02379133761237574 0.007333296558574362
0.002833691904527078 -0.02649024634078455 0.01628525173199252
-0.004148552954316488 0.0009351242092557893 0.02350635523382597
-0.0001834613980293443 -0.01182343796330044 0.002150877372437794
-0.002770457305148493 0.01703534764542491 0.03732299210400039
0.005732512217606381 0.005339987861083671 0.03196184637758365
-0.00810176276160051 -0.006702326570351894 0.01327320268103136
0.00593617079749253 0.01905449661343772 0.07179216729802174
6.694203922004253e-05 0.01683843778415293 0.08201022005976602
0.006500473557779813 0.01400226348441478 0.07189043197809537
-0.01004332413435242 0.01163711213946506 0.06866500499568877
0.01086992158004231 -0.01435512946447416 0.006643695670993757
0.007256466675336665 0.00603232402984322 0.03999917668102868
0.00248319158106722 0.02356239893208612 0.06532564818057725
0.01698295083808595 -0.0148705299563751 0.007530512565964049
-0.001753820231212859 0.02378053051078801 0.07881054793032395
-0.002034020447340675 0.01274931957858344 0.09695672980378968
-0.002240993996408862 0.01182329188213194 0.08089623599790552
0.0153265835792982 -0.03412724615695021 0.01435119666128892
-0.0008952156010809443 0.02858418510745466 0.07593628733489149
-0.02091308107978808 -0.02422994559807743 0.00975056892056035
-0.00788676406064439 0.007618873569619803 0.05133236761835583
-0.003080480838674354 0.006381387602892435 0.06451676911575717
0.001860513601845161 0.007774854645883238 0.08581985922124287
0.001637558614310212 0.005105906557444676 0.02567123547087349
0.009706855065051955 -0.04852033926548281 0.02390822063299008
0.004517909265218008 0.01083141250118088 0.04238309315236687
0.01778600691192907 -0.0210900064737584 0.01086304828359352
0.007184994711269647 0.01037627516249892 0.03616636713763365
0.01130441311140442 -0.01346607351569794 0.01265182639000621
0.01553496957357474 -0.04608301305091857 0.02247404855251602
-0.01210670408694818 0.01767933282733613 0.07376598270586365
0.009842417312330229 -0.01769485062470502 0.01472940383454985
0.001628788277584067 0.01787761874667873 0.08509517909683167
-0.001027489641829252 0.01267478500641851 0.08708075928580047
0.007807563924997546 0.007237250579192276 0.04683842023017755
-0.008424698091187524 0.01622251163247723 0.04773158160187812
-0.009087060452414234 0.01780103432318398 0.06150206694516969
-0.008901013997644119 0.0257879676217891 0.07438191210472019
-0.002711868211216446 0.01061970841911801 0.06051139228827254
0.009871611491043437 0.01126825240133275 0.09551645375203664
-0.009723211062405063 0.01374815334861409 0.05956772557745049
-0.003673664904119686 0.01593833911012068 0.04450090914019541
-0.002930972083164534 0.009829307345432076 0.05408632542029562
0.001365233616875089 -0.01491350151677209 0.003069363294950752
-0.008004927403701935 -0.03565140000296154 0.01756855494196807
0.001305624930286689 -0.03675491958508204 0.0180039956226314
0.005210317187089391 0.01529612487000643 0.05884340521352168
0.005771035059446567 0.02568778214252304 0.06910042797847628
-0.001770305739334675 0.0197210611773944 0.06863449019189591
0.003245662620004899 0.01914591064242047 0.04520626413902729
-0.01327689452667986 0.01653321579065481 0.08006455630600116
-0.005048327263691774 0.003481011429319014 0.03661096443226992
0.02261537502918306 -0.03457360013461155 0.01532240723971378
0.001070367553251878 -0.005506735665615543 0.008599876602218389
-0.004681007987057392 0.01283655308679544 0.09215822888495358
0.009992989545533593 -0.005524358536617075 0.005399472238996656
-0.001338381283545513 0.02274089636271433 0.08556514296135964
0.0001459819555142245 0.009207455374339656 0.05571117621168414
0.008209113744396392 0.01508700578004752 0.07885344396340777
-0.002721683291215444 0.01276142119305964 0.07753517073148972
-0.007268315506026198 0.02807251621349909 0.0798729475471525
-0.006257931341720905 0.01662400649193482 0.08237664695143711
0.001137249695738955 0.007763075930814607 0.02803110999737218
0.006887982648672126 -0.01821178285356632 0.009049838611148884
-0.01144993575522957 -0.01806933122770497 0.01338050149268748
-0.001573658840425596 0.007418955129148512 0.08086862139621223
-0.0163751668655203 -0.01400971163731659 0.007212254877266386
0.005759888464731877 0.007192801326511852 0.07616252888911247
-0.009378179075197317 0.02318586035540916 0.08937674078733987
0.005070154150271618 0.02025057895406823 0.09359826685430389
-0.01319334308917931 -0.01677661778417655 0.004905437677260373
0.006000477794422238 0.0227208563363433 0.08562335588288225
0.005450807767383803 -0.001161169960238636 0.009732216166736843
-0.005787074441618309 -0.01508281095208203 0.01544190323051143
-0.001302090240837642 0.009907226167391222 0.0508195881269465
0.006325919071752259 -0.01183073510674677 0.01689033782265129
0.009104516257209403 0.01021044520647384 0.06649298785163107
0.01003286940987667 0.02662973022580201 0.07737301782828802
0.007792258447008819 0.02018764372821618 0.06232236864021042
-0.0009482760270038087 0.02146540030317621 0.09187162100443207
0.007545873083935304 -0.02725593215382703 0.009607851207058453
-0.0006644051343539552 0.005772029508956937 0.03515750209656954
-0.0125786893376352 0.0238372212535313 0.08225762496522772
-0.007043588523756149 -0.01370066667520685 0.002969744772260855
0.009333976242161071 0.01512436142002312 0.09601952113612089
-0.002383897888371309 0.008877097527476079 0.09694759809760591
0.007397882703609282 0.007420053758487049 0.05542243709481403
-0.006278766086753916 0.01383714121946338 0.09652219691672934
0.001814194452092245 0.01657489777260523 0.07661437876329763
0.005353549419471289 0.01772097853163673 0.06667113107615555
-0.001959298534617367 0.01833014886563568 0.04052414172596812
-0.005053498823946716 -0.01977004154922613 0.0156151946304435
-0.001417860449363908 0.01781272815381976 0.07152178860319354
0.0006577031457642805 -0.02703653337576706 0.01182687444609645
-0.002914078256547667 -0.007338513319430716 0.01812027073326348
0.003236516600307755 -0.009012138921374278 0.001335729667959532
0.002238779059792746 0.004646487497100125 0.0460936935672047
0.003111792402924266 0.01272736753199096 0.09712157371486123
-0.00552854216352683 0.02478275511710468 0.06909059481102882
0.002754993613473704 0.01259165325491037 0.08568518764649821
0.009545608649328725 0.009431584793641182 0.08786210987175513
-0.004416904731489248 -0.02258813014814347 0.008791275966715278
-0.01296013778649087 0.02142340664598284 0.07680615341785013
-0.003065823307977231 0.004378887492820249 0.04322021596111591
-0.00319797132397893 -0.009726730831556025 0.01226628301014975
0.001800167800565796 0.02908092897253359 0.08234703781984691
0.006755569876908694 0.02542514220243052 0.08987114231070847
0.007338107571185852 0.007411883386543028 0.06066003365493723
-0.006557124356984041 0.01526322911162233 0.06539813876544621
-0.01019051001048045 0.01504244167618465 0.09456563849648665
-0.0009893158479216341 -0.0003578382794921044 0.02992245104697905
0.004410169453860719 0.001887749982508226 0.0322509419005917
-0.003808633492172672 0.01664304205411027 0.05791906869325983
-0.008030831563577038 0.01946094945772688 0.087149531681045
-0.002742122262269022 -0.00702075482937412 0.006669650171174899
-0.004310096787270356 -0.01139902067953395 0.01683784583044126
0.008302116214999532 0.0140521057926309 0.04210090853362949
0.005450345454172445 -0.0184417631598193 0.01709906386780811
0.006475497430984207 0.0123524490725641 0.0888244190536657
0.008481312563644886 0.01701455524059301 0.05099758071612802
0.01039229196380922 -0.01135181716671164 0.001374470790833254
0.0005519343452307878 0.01504381496558699 0.04802175286202993
-0.01114796292092667 -0.01158653397603586 0.01196199769650005
0.00182799398820132 -0.00257954181535096 0.02154808957202502
0.01230756675720718 0.01460012690701723 0.07661723373644173
-0.02100826368376636 -0.03073598959049832 0.01342365778238525
0.009957579123735995 0.01235769418887815 0.06276704168538839
0.001407050540831658 -0.005274575613900923 0.01424817519154762
0.007018372715698095 0.01824231053896252 0.09048094048303797
-0.01485560437146614 -0.03008619665818012 0.01470353731643382
0.00565782467511603 0.004867447711264672 0.04782291966691437
-0.009639834732536504 -0.01538264109741182 0.01404685500491608
-0.0005088660791948952 0.01328703691445074 0.04161188976507736
0.009458286961494818 -0.02313389272253372 0.01591388606295885
-0.005994460344542978 0.01836615045372554 0.0462800270098819
0.003162458214058583 0.01632294090633452 0.0499091973962492
-0.004566143588415844 0.01153637142521666 0.0565487951257261
-0.003246788945717877 0.00788102064381898 0.0882878115018268
-0.004354178298981129 0.02317387768384898 0.07635662315530457
0.001763286481893239 0.02327793434042964 0.07331786603073494
0.008826338489982355 0.01542918981916793 0.04525817079701569
-0.002615926988840788 -0.01981005957326152 0.01184232781401835
-0.004137663957477376 -0.03691518618176312 0.0184819522229853
0.009212240576815536 -0.03843273902646252 0.02091640235952835
-0.00223498940979629 -0.005295575932661452 0.0097780493623699
0.003831013926946493 -0.005255344846522249 0.00119264440318995
-0.006647930141088535 0.01395396439754835 0.08753346150217624
0.003335673464328648 0.01212458294250118 0.03234202084057225
-0.009622013943245283 0.02529199654286333 0.08659630869182829
-0.008120979593841145 -0.01800461264752692 0.009928646809991892
-0.000993651190804629 0.005149658906851574 0.03175941015234475
-0.001210460417377026 0.02484237866325057 0.06622255779955548
0.001036548587479145 0.01795074052326501 0.06295687510565662
0.0001993673270679647 -0.001454665220526755 0.0247966091830791
0.005011856209618141 -0.003340899316055838 0.01790972732062155
0.01032725175062318 0.01271048657758688 0.06857811571374633
0.0003136445167521181 0.002006847776207184 0.03629024673636658
0.009666425629818374 0.01086720739800301 0.05182863895205721
0.008910348228333824 0.0134252706055517 0.08672765693766447
0.01321192718570797 0.01822587341251665 0.07756916204475113
0.002016690984142509 -0.02451751532611503 0.009555256080567216
0.01309127091466857 -0.02484339299772506 0.007604884038593523
0.005275886460772898 -0.02153699416372909 0.005951985620768067
-0.01504780294639575 -0.01389123568548968 0.00389384601359513
-0.005557323203132705 0.005544030372553251 0.0494693907561116
-0.006589878775345255 0.006885695540606557 0.03246878269704614
-0.01141208528244706 0.01201431100721342 0.08141435150606646
0.0112025488859136 0.01722323960306147 0.08697990005832283
-0.005547336664676129 0.01948756222755883 0.05237850316340245
0.01062097982094749 0.01136449714011365 0.07371074303910878
0.003888884292965196 0.005631421213876293 0.05951762263172883
-0.007143670283639205 0.02199393968021242 0.07360027721951606
-0.006339375944729444 0.02251138125329872 0.09075687252248302
0.007971543197903835 0.01669091485216518 0.08504199433910599
-0.0006046986192879717 -0.02430828329470349 0.01632326150786602
0.003330306452490984 0.02214946869780079 0.08774197453836058
-0.008745057014161225 -0.02422512438228131 0.00949990479948391
0.01351422708445657 0.02124398666772518 0.08366811483848943
0.008408224889028409 0.02172174017659458 0.0660123571439163
-0.005051621150633926 -0.001024083603124362 0.01036700388399899
-0.001604613819966156 0.001018711424763149 0.01421505914431897
0.01334636282982393 0.0145798540978297 0.08242317191884556
0.001735602927123591 0.006813397332314827 0.07931889590629958
-0.00954755483470076 -0.01310936781540813 0.006823266769676902
-0.0139237366186013 0.01518501600890849 0.08842610715248532
-0.003703794214563441 0.001612868119542693 0.03411522730041031
0.004864580505796199 0.009995536938218922 0.04923554535370205
-0.00352712992660492 -0.01558620843335814 0.008117434105032186
-0.0007756531853153662 0.01751283170034855 0.07866193965424681
0.001636936124859424 0.02143415122044336 0.0685235553391149
0.009226506998879676 0.01567796847330483 0.09002924224255454
0.006587043977190334 -0.008375291886506535 0.01108696476596007
-0.01875433146373165 -0.03412700120488273 0.01567456963924373
-0.006493074194593447 0.02179844954721336 0.06367666032407224
0.01153718340189587 0.01726561394729137 0.07124383722415059
0.006920701432830648 0.02771139661527364 0.08722116705796125
-0.00078262742462404 0.02067659583822687 0.05404378760919572
-0.002059200267477405 0.01132555566502002 0.06929925766328328
-0.00727326783801299 0.009110965498705607 0.09364780402497797
-0.009553182618696381 0.01000439404411159 0.04585533033934806
-0.003049586941869671 0.01137930693613465 0.08469778247366157
0.005584909503318258 0.01442248724491354 0.0672877520683982
0.01171451138826363 -0.03226905516937929 0.01787671428763013
0.005212370884873738 0.003320395524049101 0.0359366312936996
0.008706672193277382 0.02175776716462419 0.07732806645432037
0.003876401213409772 0.02077143964818315 0.08132759445959888
0.006978879846266753 0.02466743447241695 0.07926733872191917
-0.00696271824224801 0.01468732244806536 0.07196759462850276
0.01111332106880622 -0.0411110673023345 0.0215917396908125
-0.0006963825468756344 -0.01468166256921573 0.01219747328659184
-0.01209309278082975 0.01254627047644421 0.09352152610785676
-0.004311308307004908 0.01208283652070762 0.0388318863373413
0.001331015010118475 0.007691214067772099 0.04540003471593696
0.01637489322170476 -0.03233785145356838 0.01698893988271033
0.000776021974044532 0.005237228439646683 0.05488321602476258
0.005751781018114553 0.01801320247318918 0.0401745201505655
-0.01273052099508306 -0.03616717848756934 0.01750597195203082
-0.00562023253124655 0.01345428508352747 0.05911209759603016
-0.01434207547832443 -0.01336888426353742 0.009760008767263576
-0.01421953752196949 0.02033660626006253 0.08668528973965292
0.005586165988346502 -0.02237963102216887 0.01267023499855313
0.0005356964755040749 0.002839431403877713 0.02152924213321802
-0.008862232949347917 0.01077391350412153 0.04033104012423467
0.009076967512593575 0.008889969802449925 0.08196412035048797
0.004381007886847558 0.0107481735455274 0.06844125269721622
0.009571163916748679 -0.007452237114924521 0.01275417195616246
0.004841459726922763 0.002287508680802889 0.02750104982879393
-0.00345506678203605 0.005709274142653225 0.05706049460602076
0.01248158561797355 -0.01868651173778428 0.008582916205405765
-0.01072383627466287 0.01233996323791146 0.07204294845668256
0.01254485868159384 -0.04672191324684679 0.02386735890771486
-0.005510970675775468 0.01149761088975942 0.06821754126760665
0.001799680127049535 0.01468588694853363 0.09081864241709824
0.006412605152977308 -0.01368317976965365 0.01127285082445438
0.006207191490834178 -0.007436188364587485 0.0002682778663338622
-0.01024461886751974 0.01806546821804723 0.08046774726117994
0.00685776880695483 0.006920346177589214 0.0647930728865912
-0.001766867785619955 -0.03986631349689351 0.01986944635754557
-0.003853905302751092 0.006813068521603742 0.03767746846377112
0.01102582335014529 0.01867746182008009 0.09354308151822684
0.0003036298697955356 0.009733922019896962 0.07285571927048701
0.01179075570378524 0.01225307753056194 0.07869370537858496
-0.002688457304978095 0.0147238971910286 0.06358891856376146
-0.009916250960290056 -0.02684139948801303 0.01544409957148852
0.007071102210643976 0.01364076175276273 0.03681957103109637
0.01349622521649793 -0.009940162586108026 0.007994568836499816
-0.003779212713241307 0.001307250027609701 0.02010924353024727
-0.007317574963046021 0.02297845252517798 0.08084094835053567
0.006267493176642613 0.01415447339602822 0.07561758600291765
0.01196031151462704 0.01203770985705894 0.08491874720895214
0.008539261262661475 0.02780371745223494 0.0747339292204689
-0.009067937438099092 0.01766381508697663 0.07509252598166714
-0.004226509649777261 -0.002123479450487128 0.0219751547449007
0.013408215311931 -0.0420673662358881 0.01918952607270082
0.005030102524667115 0.003614925201992687 0.04054099486279144
0.002790268526899325 0.01963546305933646 0.0725251546442261
0.01458964076509425 -0.02012460461802008 0.0127250078273628
0.01200304020645487 0.02412566292881243 0.07698175913745198
0.01516963901774009 -0.02734836641543102 0.0148197343730211
-0.002135645996230619 -0.01521870466194946 0.00360615155100007
-0.01170369524230626 -0.02770547440987306 0.01171755491460548
-0.006742198687341269 0.01348957175774549 0.05141603802260557
-0.005541082959190017 0.01297009222546957 0.0338472578844561
0.01003016294688453 -0.01154493541340888 0.008311147981806894
0.003456709127410093 -0.04638028753742986 0.02330206320767908
-0.008384488331587898 -0.003699850777809852 0.0110719381672874
0.01251915999309217 -0.007727857885625124 0.004390290673791349
0.005203911040958687 0.02871381335745052 0.07436313613094313
-0.01128910925327245 0.0220034860030168 0.07212596753134311
-0.005966566731774869 -0.01130245611491069 0.01094446351880585
-0.003657722665110005 0.01458177646466868 0.07997163345111621
0.008518240172534729 0.008420275382267637 0.07131799770461469
0.00016218242206187 0.003035314225426637 0.04064983033836746
0.004446114048060199 -0.002406658831408312 0.003020521137412602
-0.006327755360072416 0.009906521271358873 0.09759871783574101
0.000650063991977875 0.02691661350565821 0.07106172190077749
-0.01037242163542378 0.01167014971162443 0.06400219259776033
0.003228486265575072 0.01323621974105027 0.09378329684526003
-0.00700642745539177 0.01807310160199583 0.06967820727402946
0.008771188287418529 -0.01699520475269692 0.006273710917166581
0.004117876836672866 -0.01475437667639221 0.0135424292247079
-0.001834988064141492 -0.0005195594607116812 0.00657058188228985
-0.004134566795611519 0.01996449831571332 0.06557917020021165
0.008272489529022964 0.008956389205524277 0.0389155472415141
-0.0005381446006462935 0.02329575363935752 0.06330992009780761
-0.0006705551596910185 0.003962331086897668 0.04626999336229603
0.01423851322349221 -0.02989784592411212 0.01084799403181198
0.004305833691757891 0.01963152055224261 0.04879657132588243
-0.005289024626218856 0.005739289154228117 0.05280393716264264
0.004075546671824694 0.01592149482730365 0.08585391720883417
-0.01323162655922966 -0.02458458123036548 0.01388001945461561
0.002942146958175417 0.01147141868244051 0.07694940075911261
-0.01487275990091452 -0.01114055532978119 0.00705874805250122
-0.002813807885054152 0.01910715936713752 0.04535811169251057
-0.0003918565911044103 0.01952899733359841 0.07428307403952447
0.006558640994015281 0.007172757703563449 0.08667730633325985
0.006347084104056205 0.02391853659103943 0.07547485282738386
-0.01094648086348445 0.01071715565456508 0.08494646558718372
0.004878509146098428 0.01504762535830372 0.03472037510209164
-0.009163625099681421 0.009352362965317003 0.05546591334618987
0.008229899869812939 -0.01646233699692269 0.01154797055617964
0.01409714523748776 -0.0173953077578485 0.002780574676103492
-0.002547768720474031 0.007965062374870921 0.03360317561606107
0.009916272444383853 -0.03788426549141634 0.01601103434090184
-0.002022949122285002 0.01040124522321748 0.04432472177065977
0.004835043885386916 -0.008439710148096885 0.00496865118841177
0.005262539104843169 0.01084426368960529 0.08303874055123457
0.006726120827793542 0.01975710784904375 0.0687520498387769
0.004848988640909087 -0.008875789102020892 0.01781905255012615
-0.01051168230913565 0.01726883844291735 0.06438295618590956
-0.004626532932067005 -0.01160571986857068 0.001629966645082028
0.004101207415368962 -0.03240944459890713 0.01368680181463938
-0.01069604786001898 -0.02163720756273189 0.007588091133596677
-0.001848036268414809 0.01087003878251794 0.09366200379261895
0.0007111379313352569 -0.04161978145721101 0.02095135018244272
0.00537480417489616 -0.03129997484643005 0.01822685572943541
0.01122568811421989 0.01108756960680195 0.09251615331396985
0.009362266533077618 0.01676074373135284 0.05730672185228745
-0.005777588277109559 0.01574846129620772 0.09060612055165446
-0.001293004086529692 0.01539919442416504 0.03417151543737517
-0.01136775908113281 0.0190558815954318 0.09217655931421991
-0.0126914644439933 -0.01666402205115906 0.008326336032794389
-0.00994269273442246 0.01042573960169553 0.09252980394358362
-0.0002544497574095913 0.02463060963301503 0.08197305812570051
0.004462073176138333 -0.03757632421778389 0.01697621372025399
-0.0002239560144509157 0.01271727464340539 0.03655073637554283
-0.001110898611076398 0.02224761329157178 0.06006722035944938
0.004804932447416191 0.01779960601600826 0.08165571600094149
-0.004818352864107029 -0.0276573718153449 0.01667210392143637
-0.01638105017524186 -0.02068336407963237 0.006712486645591693
0.01324436218177548 0.02286038375578732 0.08054372557532431
-0.007249510324166234 0.01455571289990371 0.07684733171220189
-0.002390658501251968 0.01098505258997147 0.03473960780457525
0.001564445240060939 0.01108545379142077 0.06328346572370604
0.01387944570708754 0.01685489474762319 0.08909238838893678
0.005206270303746994 -0.01249666285529588 0.004284686198861748
0.007940482733645298 0.0292928792680524 0.07840346555460222
-0.0003610197407745428 0.01477706597940089 0.06574824979061278
0.0009566630726836527 0.006638234656309014 0.07195905750468981
0.003468504598348788 0.02477645393897425 0.09032023573559672
0.008605661836911882 0.02402785019044175 0.08267935551134134
0.003022362094684895 0.01034965650897246 0.05746042694583928
-0.007638931190177225 0.01407370988506845 0.08116142326631645
-0.002053632151962937 0.02053978537768959 0.08034286948989822
-0.005224622745693529 0.01001569890192142 0.04176653703129598
0.002530977518088718 0.008348195246737137 0.06027926514923713
0.01150331756077266 -0.02365937978352212 0.01110188672321021
0.01018202904723972 -0.03571049195787351 0.01948802416003461
-0.005563069444619562 0.01025611792357843 0.0487866305183643
0.005969744320698261 0.01311155693639125 0.05419886333033344
0.008315530120459569 0.01756115827622931 0.04764104092251017
-0.002048481014417506 0.008861049458521775 0.0284881094495981
6.458660232702121e-05 -0.04431620922715011 0.02218224812545868
0.001592809761178672 0.005650147597976431 0.06183165461848731
-0.003540759902227229 0.008186916239942773 0.09404935380459715
0.006256544512242702 0.01226020327171249 0.03364344593536455
0.007333450524886683 -0.00239608378081328 0.004914914935179395
0.0006170249786486446 -0.02081116505038949 0.01249080614137625
-0.0139367437960127 0.01826558075514885 0.0900571770260174
0.01293347791582275 0.02324737454242381 0.08633420350901957
-0.004962958754092146 0.01050580973170465 0.06449572874621727
0.009819244258373149 -0.04402155009778552 0.0198542256999995
-0.004189407866596478 0.0140994254417999 0.04805932584142143
-0.0008660439712548725 -0.005673686372163813 0.004307618387735821
0.000602763674418376 -0.005148516327937631 0.001466041610174294
0.009318915697894798 0.01455651157284227 0.08182179309192754
0.00648014858777619 0.01908714087781418 0.04554712443312479
-0.01477970743131096 -0.02546608803192372 0.01004302973095298
-0.004133872926624615 -0.02948160731090283 0.01307307544987959
0.008145975663025801 -0.008265286153857737 0.004977492061566169
0.01463568907338559 -0.03718874877078364 0.01539044539696314
0.004922473749201954 0.0101227639870559 0.07147027156536015
0.006852953288641057 0.01595992245358719 0.06405767158334513
0.004833234854569818 0.01427756388760806 0.04505155842355286
-0.007063784131463282 0.00816796841320078 0.08304714604499165
0.0001053302359004379 0.01314053568869707 0.05986140393903706
-0.008220306128278426 -0.03048114462773823 0.01678465803395512
-0.003132537912171475 0.01909039326970521 0.08339815916874659
-0.005124473368298307 0.02564384860202877 0.08011091478986745
-0.008616819584424902 0.008526041469025761 0.05918109783225829
0.002656448305707889 -0.02260896616142966 0.01639509333955399
-0.009194885245260064 0.02019271453262331 0.06426236198650991
0.001930522088423147 0.02152862298550906 0.05888244060763977
-0.007242104095276224 0.02037762443336754 0.06087343576695816
-0.006365815021087957 0.007932710805595541 0.08836906747745966
0.000604199914428872 0.01500726423234398 0.08455537592986631
0.007751360884919707 0.008549252288698926 0.09532673994616092
-0.009385067255642855 0.01651686414096231 0.05320841329076949
-0.005058513565733223 -0.03992903053519893 0.01995345905118379
-0.01628118498971955 -0.03573223728592633 0.01706131889165336
0.005868326013725774 -0.03472967314624178 0.01956374085503449
0.003362823231192942 0.007970069769317299 0.04301062197460859
0.002740729615177923 0.007977866858000199 0.09611167973055459
-0.003333646915558971 0.01849020460464612 0.07435753352373924
-0.008768908235248443 -0.008515530929186532 0.007169095917186155
0.02042998690880035 -0.02189156933988808 0.006423529226992984
-0.00644828138370814 0.003502338152064847 0.03399515677396214
-0.005253445985247537 0.007407466370367498 0.08017261721713075
0.002478474790424989 -0.01772452809621482 0.004159610883759344
0.007750557618105933 -0.04033974754352938 0.01756245795050005
0.002334039605460231 0.01771190932464583 0.03858865145931369
0.0008470911139834702 -0.03373684079249593 0.01559260511827966
0.001682340098476925 0.01228949527524096 0.0886221062395878
0.003465668392377958 0.026421226952353 0.07974142259539085
0.01410924956257328 -0.01074574850515892 0.003125603912293386
0.01810052815604788 -0.03677886025071979 0.01510935216958507
0.00300752208239175 0.01055774838641708 0.0516321233310309
-0.002930191308051369 -0.01796893834068687 0.005352832513636156
-0.001185708778368575 0.006588393717774285 0.06722511908656952
0.005669721194571413 0.02312092521085293 0.09211364860917207
0.004296994951848808 0.0214721001801081 0.07010203038259494
0.002436549322414647 0.01783313037307262 0.09538348573193553
-0.005749340882304072 0.01048625042269727 0.06036728431545697
0.009258761843330613 0.009653897752450034 0.04532559157433253
0.009569902951579553 0.02513806033366439 0.07206849769193448
-0.00254358203759826 0.01775004695560468 0.08800074835612368
-0.006012994598916204 0.01069425876829257 0.08444840679302615
0.0006724889913248342 0.02298286680578082 0.07700159847794984
-0.0005054481213741386 -0.02809981533581946 0.01678340466776439
-0.002957501536242613 0.01196462592822621 0.08934821116704184
-0.005782740575328705 0.02777737766537921 0.08412174163056439
-0.0194656786370754 -0.01831609550772492 0.006502426927121536
-0.006146692656295975 0.02340533715769883 0.08376202827295239
0.002654527954075261 0.006133850116827962 0.06871138977318708
0.00989777963800724 -0.004743484116988562 0.01014866603310469
-0.009590736169854485 -0.008567202283934794 0.00224098719803137
-0.001092838155943275 -0.02358997845007015 0.0129786066616581
-0.005793408533638781 0.02029846013069938 0.09317483652193247
0.005552248096205702 -0.0110987429052023 -0.000194653413240931
0.01089399740164669 0.01713090013473012 0.08206254486649382
0.002179255776888428 0.01009343551487756 0.03018132817178257
-0.008242434445671902 -0.009634165107588693 0.01491967420136755
0.01430258517419838 -0.01516777467011225 0.01134359808959391
-0.008616254158257335 0.02121542741312661 0.08439666917348426
-0.002554810632231665 0.007270570789843691 0.04067511152094289
-0.01589824215240458 -0.02340791545570524 0.0129257965242064
-0.01047270712573957 0.0156790399963582 0.0786314339808207
0.00702866195516253 -0.01688880789419582 0.002031660447567041
-8.274358150842228e-05 -0.01842838506400349 0.01672312870868322
-0.006663225149965443 0.02573641059047156 0.0879618428818896
-0.004762236554362956 0.01974506942587766 0.04920722207611729
-0.005258763448886331 -0.004342840029180411 0.01878485061499311
0.001351518888889383 0.001686410072338827 0.01608000715864176
0.002437813352128022 0.01444571219716752 0.07448014716390987
0.004365222835790984 0.006355766194747441 0.08164116702480932
-0.01463741668169522 0.01724486575420007 0.08613848130688549
0.000657224597701023 0.02009504151902258 0.05071672680176107
0.00638264600836979 0.005592174778533844 0.0576957266780465
0.01950564765128758 -0.0434126211544451 0.02087829586526407
-0.000743002254407113 0.02987749773567372 0.08076483121914289
-0.005522689138301936 0.02008757571596067 0.08893357153778698
-5.699957874690485e-05 -0.01303653528224953 0.007194406970081235
0.000380994601994426 -0.008719918760537944 0.01281447811969958
0.01021773535493446 -0.01448489583448711 0.009894371907686267
0.01981892789559931 -0.0275475979646029 0.01359281935704435
0.01216663632998791 -0.03209118772409832 0.01200102040552832
-0.009399517377830059 0.01682719018476762 0.05672767099738738
-0.006885367893769007 0.005601573450248862 0.04514594442969278
-0.01172607788308363 0.01835678283135389 0.06927769464781255
0.007232589096342949 -0.04273921936169148 0.02322951196461196
-0.001573119162459045 0.02360100360140473 0.07227342992980602
0.005274109251052967 0.02495257348270114 0.06618443772511146
0.001844596465969696 -0.01679410966006385 0.008658121674539079
-0.0003104143732725394 0.01209220273986175 0.05681600371959672
-0.009747518675738372 0.02679065073706013 0.07728078900410047
-0.007517016856245709 0.01946992644428268 0.0805372842081845
-0.007914384780583154 0.009413769925750977 0.03588408822444879
0.0139049806342944 0.01983505174016112 0.08999419556499444
0.009372209290746844 0.019526122748798 0.08036389440808242
0.009645428878444693 -0.02671011795071189 0.01771054056593412
-0.001355382271045591 -0.01001374272285673 0.01860176828870645
-0.007761000949076889 -0.02078133258167238 0.01144903035563655
-0.0003316267734916529 -0.001701066683170795 0.01886572627673559
-0.009288778709722903 0.01580913147086651 0.08605465050312287
-0.005437674772265806 0.009812302449095032 0.04497820913397533
-0.00896383711758445 -0.0238115904682889 0.01539724694079713
0.002445656820312829 0.01618451647042694 0.04581086552418947
-0.007419573631628242 -0.01916227691579246 0.005741939582722477
0.01032917969972331 0.01397157340965355 0.06028314721869377
-0.008777771006754486 -0.03116150858328875 0.0137720643454293
0.002749903520453319 0.004550671649265362 0.05252909290312038
-0.01034600518753534 0.009841532384793128 0.07841366873312904
0.005175367268827592 -0.004719165754133415 0.00926273182473978
-0.006235289361760049 0.01664824335341309 0.07457457007737711
0.009695610615937924 -0.01162433980012412 0.01471583258510582
0.007689386241156242 0.01559717150507062 0.0393652645021016
-0.001143453438087684 0.0138400389731366 0.05023999291174987
0.0123266409707755 -0.0102045125027136 0.01097563318894296
0.007636197030521918 0.009758899440662282 0.09865787173944512
0.002980867146440007 -0.008951399444367377 0.01503077049009202
-0.009291150792903305 -0.03848110405150092 0.01902710745516697
0.003735388199705083 -0.005909170804827812 0.006533549930085907
0.02245633360592946 -0.03962693127535987 0.0181400605203217
-0.001700345722458441 0.01534704165143923 0.06081779248250246
-0.007106721249039101 0.0122408955997609 0.07400027152191146
0.00975360272899909 0.02572838868621517 0.08876286255537109
-0.002314036693186572 -0.02149564904287144 0.006922006953037628
-0.003307441912253721 0.0104227940950324 0.07559606861707539
0.01837541925064699 -0.02381048578509029 0.01278658179552218
0.002155220548291698 0.006638866259666046 0.03141722385187371
0.004184976164221391 0.01042076164594482 0.03848003134823591
0.0063464999352875 0.01240593184961833 0.04824395760719093
0.008933765869131357 0.01091780717297869 0.04183674610816845
0.01730737936071642 -0.01383762589963953 0.004574826588045973
-0.00351732002019199 -0.02300603720722237 0.01652037027752914
0.002190183478431979 0.01196767896357474 0.07193122310143615
-0.005337852520124348 0.01130965183501598 0.05303684235353465
0.002599646644821926 -0.02199758078067012 0.007658638781436597
0.00436651461438217 0.0007052440592929202 0.01558420016773683
0.002159770222753752 0.000823755617094873 0.03404163810744197
0.006208877305837614 0.01013053248233487 0.05287173674319992
0.007639094865840476 -0.004729079609760255 0.0150232141125151
-0.001843823019286293 0.01420965234771433 0.04616450975450712
0.006374279029356017 0.01528361478131257 0.05219927855528066
-0.002683015826530972 0.0145896500163912 0.07282769386385128
0.0001590954558172728 0.001195722063854613 0.02710143787070923
0.008385080304640694 -0.01986776278274689 0.01671619808091046
-0.005506589919683009 0.02039589290237269 0.05530021192959243
-0.001416990920650223 0.01430298370754482 0.08226236518250747
0.007080009533378137 -0.01459120129711124 0.005305055710337193
0.001037106056997287 -0.00953442717829622 0.003929642432895675
0.004733056617063927 0.01634892374677574 0.07114404382554447
-0.001700473676121408 0.020004769277357 0.04822712765906577
0.007833952627518476 -0.02929805823818497 0.01804249036278217
0.001322228535391659 0.01058926943110828 0.04619342177174837
0.004070922066547696 0.005801521003263664 0.06563117538622014
-0.004992558022577493 0.01606181973217387 0.0357322269708923
0.00265822347561354 -0.01715923050832152 0.01733287648629187
-0.001478478480996983 0.01587067284763138 0.09670669672473643
-0.008627133299871227 -0.0282668875566888 0.01178913409585675
0.01310906099322496 -0.03737712579940759 0.01987010776617229
0.004335491696223295 0.008083911907236726 0.02909050675761218
0.008233683917626597 -0.02166103277956712 0.004989750236353892
0.007747472474851385 0.02868937573280415 0.08432309550796184
-0.004092345473312337 0.002558638049771907 0.03933119485855503
0.009986730717822597 0.01227447933848377 0.04690631695907462
-0.01006223268379179 0.01268673171246238 0.0428203740663241
0.01563345262642578 -0.02668656834063973 0.008700187200790679
-0.003036736196536423 -0.003500322023447611 0.01308035110954313
0.006034868418191928 0.01990407705424022 0.06478020965704172
0.002761071587594409 -0.01745840790573222 0.01297721160130891
-0.008052388813183372 0.01680428185439983 0.04182800453505814
0.005362474768821734 0.01520799217296845 0.08043009031509263
0.009388442990621193 0.01670628039001598 0.05423924007044124
0.002349257171134967 0.02609492054691346 0.08255345065885419
-0.006259499152853717 0.004634972313736972 0.03036523161653739
0.007546797956424905 -0.03226517149977669 0.01255858325897645
-0.008409722313643573 0.007223093671395427 0.03995170560408796
-0.001831993857192321 0.006280021135198279 0.04502549752917409
0.01845390930116474 -0.01729144388347506 0.008763192051510032
0.004396981988146154 0.01761348508546394 0.05465034671642823
-0.004448015136872018 -0.009276485335237457 0.004660956716715325
-0.01072392593836742 0.01250422001419544 0.0532260894748523
-0.01342669128485609 0.01425178656992975 0.08216099395913644
0.008902543421772576 0.02211458940666752 0.08660743556973075
0.005163622732988701 -0.000102765994264676 0.01895184108330593
0.003123767207056768 0.01593116341916551 0.05692352046095987
-0.004297171621231358 0.00636820647463403 0.06762739658166105
0.01089530701486489 -0.01443739220207719 0.0009120045548021479
-0.01250776470987571 0.01465458020529347 0.07319932241156722
0.007174196762434333 0.008600396021031598 0.03354464008411907
-0.01454036281219902 0.02153793733395598 0.0824231451342637
0.002401153038138721 0.01562298634701232 0.07999952742953151
-0.005686219934743177 0.01169500561499319 0.08173030721123437
0.001467198622667652 0.02017389244240481 0.093547739596771
0.01104170148118951 0.0224622474290126 0.07127812750065249
0.01274589377870703 0.01342261963630543 0.09069189951686429
0.001608064598156259 0.003590213043350247 0.03101425892488537
-0.01013421754880184 0.01013971130660132 0.08858765213524998
0.004677372092707625 0.01945620605729357 0.07681482282228123
0.01382171580436325 0.0169529276117554 0.08064307894629566
0.006090849855866211 -0.03777416016844579 0.02096356741787356
0.0004587451376481222 0.01976871851816399 0.04229552496846728
-0.00187399758386709 -0.002249652929111053 0.003998865338517298
0.006640861048612848 0.01241204802081163 0.06341846389833913
0.0005750805011112781 0.01757113675437823 0.06597970700485797
0.004065336570356772 0.01413513749000743 0.08848053456590553
-0.004279249869831197 0.006949004326259252 0.07667178955277616
0.01643114470701214 -0.02168102240431012 0.005002347005929082
0.004194197795286023 0.02752265668277479 0.07108500799782647
-0.01733069772065838 -0.02781001888140262 0.01102327137229878
0.008637796166306836 0.008029036675307862 0.07694621410075955
-0.003006180750070047 0.01423078095186983 0.08562828578072229
-0.01115568314574553 -0.007202317883087667 0.01032677798287752
0.01858567583338879 -0.03052650314484389 0.01559877671029143
-0.0002278134904964105 -0.004107447254464588 0.0118559091050182
0.003179483973761429 0.00854635840347627 0.07735972610754799
-0.01098685804786078 0.02658550356250862 0.08135430332997264
0.01229433795724749 0.01464520060748632 0.07369013570450265
0.001781269147183425 -0.008261316537399312 0.0185664439594899
-0.005927717694465409 -0.002504348807366273 0.004286664915682647
-0.01492005381163569 -0.03819064564637006 0.01839914831078235
0.002631634828003412 0.005400238624956543 0.04116686003414656
-0.01289507999931903 0.01257228308755745 0.08722011322566313
0.0181239631135346 -0.03762436932778302 0.01939802587805796
0.003671764224868304 0.003162462800320791 0.02311380904180058
-0.004480487122817259 0.005468322961952387 0.05988926229828614
-0.002609552944080273 0.001415445169887946 0.03707099875013364
-0.0004669478224368867 -0.03170521929875956 0.01762708185255714
-0.00722252551821523 -0.002383107207890756 0.01350600136728243
0.021282153826821 -0.03196349394293038 0.01594505108315352
0.01168755663292233 0.02609358108448926 0.08074229389654297
0.01890859982256236 -0.02687294051477142 0.00907961500880234
-0.004140513580332705 0.009736716718386707 0.03693813340906107
0.008815591171198582 -0.02765161279389461 0.01423303932812891
-0.01040867919362141 0.02117348012211819 0.06873883968817454
0.001802016393231996 0.001966356732958381 0.01899589070350951
-0.00131015275945838 0.009686733522393316 0.08267282637838812
0.01193261807645839 -0.02834539764550865 0.01331619011056138
-0.02144585276979909 -0.03331231900429509 0.01478880247718536
0.01026386905867335 0.01077020106559492 0.07082412467626777
-0.00198894350300746 0.02798471504346762 0.08563268897172818
0.008276229953725404 0.008099935108155406 0.06838952240809991
-0.001043333448049781 0.007346300759806506 0.09005104252325512
0.007691142359405854 0.02049669238177709 0.05861036457588666
3 2 0 0
$EndNodes
$Elements
2 15971 1 15971
2 1 2 3672
1 1 2 3 
2 2 1 135 
3 1 3 395 
4 72 73 1 
5 1 395 72 
6 135 1 73 
7 3 2 1399 
8 2 135 1371 
9 2 1266 1265 
10 1399 2 1265 
11 2 1371 1266 
12 395 3 393 
13 1439 393 3 
14 1439 3 1399 
15 4 5 6 
16 5 4 1087 
17 189 4 6 
18 1490 4 189 
19 4 749 1087 
20 4 1490 749 
21 1483 6 5 
22 1389 529 5 
23 1483 5 529 
24 1389 5 1087 
25 79 190 6 
26 1483 79 6 
27 189 6 190 
28 7 8 9 
29 8 7 467 
30 7 9 806 
31 209 7 210 
32 209 467 7 
33 7 806 210 
34 1347 9 8 
35 8 467 576 
36 8 576 577 
37 8 577 1347 
38 810 9 350 
39 1347 350 9 
40 810 806 9 
41 10 11 12 
42 1464 11 10 
43 527 10 12 
44 10 527 1313 
45 10 1313 1699 
46 1464 10 1699 
47 11 466 12 
48 407 466 11 
49 1464 407 11 
50 403 12 404 
51 527 12 403 
52 404 12 466 
53 13 14 15 
54 14 13 882 
55 13 15 1086 
56 1442 882 13 
57 1086 1442 13 
58 690 15 14 
59 882 376 14 
60 376 1271 14 
61 1271 690 14 
62 558 15 873 
63 558 1086 15 
64 873 15 690 
65 16 17 18 
66 17 16 1188 
67 18 1135 16 
68 16 1135 1136 
69 16 1136 1323 
70 1188 16 1323 
71 457 18 17 
72 457 17 863 
73 645 17 646 
74 645 863 17 
75 1188 646 17 
76 18 457 458 
77 1821 18 458 
78 1821 1135 18 
79 19 20 21 
80 19 1552 20 
81 19 21 485 
82 19 485 1679 
83 19 1681 1552 
84 1679 1681 19 
85 394 21 20 
86 72 395 20 
87 72 20 1552 
88 395 394 20 
89 484 21 394 
90 484 485 21 
91 22 23 24 
92 1493 23 22 
93 1536 22 24 
94 22 556 555 
95 22 555 1493 
96 22 1536 556 
97 23 183 24 
98 182 183 23 
99 182 23 359 
100 23 1493 359 
101 24 183 526 
102 526 419 24 
103 1536 24 419 
104 25 26 27 
105 25 112 26 
106 44 25 27 
107 43 25 44 
108 25 43 196 
109 25 196 112 
110 27 26 304 
111 1433 26 112 
112 304 26 599 
113 1433 599 26 
114 44 27 332 
115 303 27 304 
116 332 27 303 
117 28 29 30 
118 28 202 29 
119 28 30 627 
120 28 929 202 
121 28 627 1139 
122 28 1139 929 
123 222 30 29 
124 29 202 361 
125 662 222 29 
126 662 29 361 
127 222 578 30 
128 30 578 1262 
129 627 30 1262 
130 31 32 33 
131 31 37 32 
132 33 966 31 
133 31 931 37 
134 931 31 966 
135 33 32 155 
136 39 32 37 
137 39 1539 32 
138 1539 155 32 
139 133 33 46 
140 33 155 46 
141 672 33 133 
142 966 33 672 
143 34 35 36 
144 34 968 35 
145 782 34 36 
146 34 782 1600 
147 1469 968 34 
148 1600 1469 34 
149 1082 36 35 
150 968 969 35 
151 969 1082 35 
152 36 519 520 
153 1082 519 36 
154 782 36 520 
155 37 38 39 
156 38 37 439 
157 931 439 37 
158 1728 39 38 
159 38 439 1624 
160 1624 1625 38 
161 1728 38 1625 
162 39 1596 1539 
163 1728 1596 39 
164 40 41 42 
165 1335 41 40 
166 1044 40 42 
167 40 1033 352 
168 352 1060 40 
169 1060 621 40 
170 1335 40 621 
171 40 1044 1033 
172 42 41 980 
173 1335 826 41 
174 1664 41 826 
175 1664 980 41 
176 980 1348 42 
177 1044 42 1409 
178 1348 1409 42 
179 43 44 488 
180 43 1277 196 
181 488 492 43 
182 1277 43 492 
183 332 269 44 
184 488 44 269 
185 45 46 47 
186 46 45 133 
187 45 47 362 
188 133 45 102 
189 102 45 148 
190 362 148 45 
191 47 46 95 
192 95 46 155 
193 47 95 363 
194 362 47 363 
195 48 49 50 
196 49 48 1323 
197 1364 48 50 
198 1188 1323 48 
199 1188 48 1413 
200 1413 48 1364 
201 788 50 49 
202 788 49 666 
203 666 49 1322 
204 1322 49 1323 
205 199 201 50 
206 199 50 788 
207 1364 50 201 
208 51 52 53 
209 51 772 52 
210 51 53 960 
211 51 921 772 
212 51 1148 921 
213 1148 51 960 
214 53 52 1286 
215 771 52 772 
216 771 1287 52 
217 1286 52 1287 
218 500 53 501 
219 500 960 53 
220 53 1286 501 
221 54 55 56 
222 54 1531 55 
223 191 54 56 
224 885 54 191 
225 885 1571 54 
226 54 1571 1531 
227 1733 56 55 
228 1531 1550 55 
229 55 1550 1551 
230 1733 55 1551 
231 191 56 192 
232 192 56 230 
233 56 1733 230 
234 57 58 59 
235 58 57 1589 
236 1155 57 59 
237 1155 1714 57 
238 1588 1589 57 
239 1588 57 1714 
240 875 59 58 
241 875 58 1288 
242 58 1289 1288 
243 58 1589 1289 
244 356 508 59 
245 875 356 59 
246 1155 59 508 
247 60 61 62 
248 61 60 1195 
249 60 62 880 
250 1151 60 880 
251 60 1151 1113 
252 1113 1195 60 
253 1440 62 61 
254 61 1195 1545 
255 61 1694 1440 
256 1694 61 1545 
257 862 837 62 
258 62 837 880 
259 62 1440 862 
260 63 64 65 
261 63 523 64 
262 63 65 1189 
263 523 63 1454 
264 1598 63 1189 
265 1598 1454 63 
266 64 1058 65 
267 523 381 64 
268 64 381 1057 
269 1057 1058 64 
270 65 1003 1189 
271 1003 65 1769 
272 1785 65 1058 
273 65 1785 1769 
274 66 67 68 
275 66 294 67 
276 66 68 1067 
277 294 66 798 
278 1197 798 66 
279 1197 66 1067 
280 1384 68 67 
281 293 67 294 
282 311 67 293 
283 311 312 67 
284 1384 67 312 
285 1068 1067 68 
286 1068 68 1384 
287 69 70 71 
288 69 1670 70 
289 69 71 1521 
290 861 1670 69 
291 861 69 1719 
292 1520 69 1521 
293 1520 1719 69 
294 71 70 122 
295 122 70 1311 
296 70 1312 1311 
297 1312 70 1670 
298 71 122 123 
299 71 123 1250 
300 1250 1521 71 
301 72 741 73 
302 72 1552 741 
303 73 134 135 
304 73 740 134 
305 740 73 741 
306 74 75 76 
307 277 75 74 
308 76 1259 74 
309 277 74 278 
310 278 74 620 
311 620 74 1259 
312 1368 76 75 
313 75 277 939 
314 75 939 1366 
315 75 1366 1368 
316 76 1400 1259 
317 1368 1400 76 
318 77 78 79 
319 78 77 106 
320 77 79 1483 
321 106 77 824 
322 531 824 77 
323 77 1483 531 
324 78 270 79 
325 78 106 105 
326 78 105 1104 
327 78 1104 270 
328 595 190 79 
329 270 595 79 
330 80 81 82 
331 80 1280 81 
332 80 82 97 
333 96 80 97 
334 96 612 80 
335 80 612 1280 
336 81 1279 82 
337 81 1278 1279 
338 1278 81 1814 
339 1814 81 1280 
340 1037 97 82 
341 1293 1037 82 
342 1293 82 1279 
343 83 84 85 
344 83 668 84 
345 83 85 114 
346 1043 83 114 
347 83 720 668 
348 720 83 1042 
349 1042 83 1043 
350 84 378 85 
351 378 84 1204 
352 1705 84 668 
353 1705 1204 84 
354 115 114 85 
355 380 115 85 
356 380 85 378 
357 86 87 88 
358 935 87 86 
359 86 88 1094 
360 86 1017 935 
361 1146 1017 86 
362 1094 1146 86 
363 88 87 1792 
364 1294 87 935 
365 87 1294 1798 
366 87 1798 1792 
367 88 652 651 
368 1094 88 651 
369 88 1792 652 
370 89 90 91 
371 89 418 90 
372 659 89 91 
373 418 89 678 
374 659 660 89 
375 678 89 660 
376 184 91 90 
377 184 90 1744 
378 417 90 418 
379 1744 90 417 
380 184 185 91 
381 91 185 1519 
382 659 91 1519 
383 92 93 94 
384 93 92 447 
385 94 1176 92 
386 92 446 447 
387 1247 446 92 
388 1176 1247 92 
389 93 955 94 
390 93 447 686 
391 762 93 686 
392 762 955 93 
393 955 1352 94 
394 94 1605 1176 
395 1605 94 1352 
396 155 539 95 
397 1078 363 95 
398 1078 95 539 
399 96 97 621 
400 351 612 96 
401 351 96 1060 
402 621 1060 96 
403 1036 621 97 
404 97 1037 1036 
405 98 99 100 
406 98 197 99 
407 100 318 98 
408 98 1411 197 
409 98 318 1411 
410 233 100 99 
411 99 197 198 
412 99 198 232 
413 232 233 99 
414 233 877 100 
415 100 876 318 
416 100 877 876 
417 101 102 103 
418 101 133 102 
419 101 103 1036 
420 672 133 101 
421 101 1037 672 
422 101 1036 1037 
423 148 103 102 
424 148 826 103 
425 1335 103 826 
426 103 1335 1036 
427 104 105 106 
428 105 104 1408 
429 104 106 1737 
430 1271 104 691 
431 691 104 1737 
432 1408 104 1271 
433 105 377 591 
434 377 105 1408 
435 105 591 1104 
436 106 824 1737 
437 107 108 109 
438 107 1388 108 
439 1134 107 109 
440 1134 1236 107 
441 1237 107 1236 
442 1237 1388 107 
443 1378 109 108 
444 841 842 108 
445 1388 841 108 
446 1378 108 842 
447 109 947 1132 
448 1378 947 109 
449 1134 109 1132 
450 110 111 112 
451 110 1564 111 
452 110 112 196 
453 1276 110 196 
454 1753 110 1276 
455 1563 1564 110 
456 1753 1563 110 
457 112 111 1433 
458 111 1305 1306 
459 1305 111 1564 
460 111 1306 1433 
461 113 114 115 
462 1098 114 113 
463 113 115 136 
464 491 113 136 
465 113 491 1099 
466 1098 113 1099 
467 114 1098 1043 
468 115 137 136 
469 115 380 137 
470 116 117 118 
471 1471 117 116 
472 116 118 653 
473 412 116 413 
474 412 1471 116 
475 653 413 116 
476 117 533 118 
477 533 117 1832 
478 1548 117 1471 
479 1548 1832 117 
480 118 533 515 
481 515 653 118 
482 119 120 121 
483 313 120 119 
484 119 121 302 
485 302 1239 119 
486 119 781 313 
487 119 1239 781 
488 121 120 370 
489 120 313 314 
490 1803 120 314 
491 370 120 1803 
492 121 301 302 
493 301 121 355 
494 370 355 121 
495 1598 123 122 
496 122 1311 1599 
497 122 1599 1598 
498 1189 1317 123 
499 1598 1189 123 
500 1250 123 1317 
501 124 125 126 
502 124 1000 125 
503 398 124 126 
504 397 124 398 
505 397 1001 124 
506 1000 124 1001 
507 126 125 767 
508 125 156 157 
509 156 125 1000 
510 157 767 125 
511 398 126 658 
512 126 767 658 
513 127 128 129 
514 127 1760 128 
515 127 129 1673 
516 127 1673 1386 
517 1760 127 1386 
518 129 128 1510 
519 128 1080 410 
520 410 1510 128 
521 1080 128 715 
522 1760 715 128 
523 338 129 1510 
524 129 338 1673 
525 130 131 132 
526 131 130 775 
527 132 847 130 
528 407 130 408 
529 407 775 130 
530 408 130 847 
531 131 365 132 
532 131 366 365 
533 366 131 776 
534 775 776 131 
535 1164 132 365 
536 847 132 848 
537 132 1164 848 
538 135 134 1370 
539 740 241 134 
540 134 241 1632 
541 1632 1370 134 
542 1370 1371 135 
543 136 137 138 
544 136 138 354 
545 491 136 354 
546 1356 138 137 
547 1644 137 380 
548 1356 137 1644 
549 138 1299 354 
550 1305 1299 138 
551 1305 138 1356 
552 139 140 141 
553 643 140 139 
554 141 559 139 
555 139 169 643 
556 139 1583 169 
557 559 1583 139 
558 1085 141 140 
559 643 1172 140 
560 1085 140 1111 
561 140 1172 1111 
562 558 559 141 
563 558 141 1086 
564 1085 1086 141 
565 142 143 144 
566 142 1611 143 
567 142 144 1159 
568 142 1159 860 
569 1610 142 860 
570 142 1610 1611 
571 1283 144 143 
572 1283 143 1665 
573 1611 1665 143 
574 144 988 987 
575 987 1159 144 
576 1283 988 144 
577 145 146 147 
578 397 146 145 
579 145 147 528 
580 397 145 405 
581 145 403 405 
582 528 403 145 
583 146 1807 147 
584 397 396 146 
585 396 887 146 
586 1807 146 887 
587 528 147 896 
588 147 761 896 
589 147 1807 761 
590 148 362 422 
591 148 422 827 
592 826 148 827 
593 149 150 151 
594 1349 150 149 
595 149 151 431 
596 149 431 724 
597 724 1740 149 
598 1349 149 1740 
599 150 976 151 
600 946 976 150 
601 150 1349 946 
602 432 431 151 
603 151 434 432 
604 976 434 151 
605 152 153 154 
606 153 152 1029 
607 152 154 415 
608 415 1030 152 
609 1029 152 1030 
610 1126 154 153 
611 1029 1103 153 
612 1391 153 1103 
613 1126 153 1391 
614 382 154 383 
615 382 415 154 
616 1126 383 154 
617 1539 539 155 
618 1023 157 156 
619 156 1000 1021 
620 1021 1023 156 
621 766 767 157 
622 766 157 1031 
623 1031 157 1023 
624 158 159 160 
625 159 158 1221 
626 158 160 705 
627 158 705 704 
628 704 1220 158 
629 1220 1221 158 
630 159 211 160 
631 1749 211 159 
632 1221 1367 159 
633 1749 159 1367 
634 160 211 212 
635 1711 160 212 
636 160 386 705 
637 386 160 1711 
638 161 162 163 
639 162 161 256 
640 161 163 468 
641 256 161 606 
642 468 470 161 
643 470 606 161 
644 490 163 162 
645 162 256 722 
646 490 162 1100 
647 722 1100 162 
648 163 490 442 
649 1063 163 442 
650 1063 468 163 
651 164 165 166 
652 165 164 1194 
653 1527 164 166 
654 164 1515 1194 
655 1527 1515 164 
656 1823 166 165 
657 165 1194 1193 
658 165 1193 1775 
659 1340 165 1775 
660 1340 1823 165 
661 388 399 166 
662 388 166 1823 
663 166 399 1527 
664 167 168 169 
665 168 167 1529 
666 1583 167 169 
667 177 1529 167 
668 177 167 1811 
669 1583 1811 167 
670 169 168 644 
671 644 168 1187 
672 168 1186 1187 
673 1186 168 1529 
674 644 643 169 
675 170 171 172 
676 170 797 171 
677 170 172 1659 
678 463 170 718 
679 797 170 463 
680 170 1659 718 
681 171 238 172 
682 799 238 171 
683 799 171 797 
684 237 172 238 
685 172 237 778 
686 1636 172 778 
687 172 1636 1659 
688 173 174 175 
689 173 1492 174 
690 1019 173 175 
691 173 1019 1122 
692 1122 1580 173 
693 1492 173 1580 
694 257 175 174 
695 174 1006 257 
696 1706 1006 174 
697 1706 174 1492 
698 257 258 175 
699 258 430 175 
700 175 430 1019 
701 176 177 178 
702 177 176 1502 
703 636 176 178 
704 638 192 176 
705 176 192 1502 
706 638 176 636 
707 1811 178 177 
708 1529 177 1502 
709 636 178 944 
710 944 178 1810 
711 1811 1810 178 
712 179 180 181 
713 1514 180 179 
714 179 181 1683 
715 179 1204 1452 
716 1204 179 1683 
717 179 1452 1451 
718 1451 1514 179 
719 180 687 181 
720 511 1144 180 
721 1514 511 180 
722 180 1144 687 
723 687 688 181 
724 1504 181 688 
725 1683 181 1504 
726 182 272 183 
727 182 271 272 
728 360 271 182 
729 182 359 360 
730 525 183 272 
731 183 525 526 
732 184 1779 185 
733 1744 1779 184 
734 1193 1194 185 
735 1193 185 1779 
736 185 1194 1392 
737 185 1392 1519 
738 186 187 188 
739 224 187 186 
740 186 188 964 
741 186 223 224 
742 223 186 964 
743 1496 188 187 
744 187 224 1787 
745 1731 1496 187 
746 187 1787 1731 
747 188 1182 964 
748 1182 188 1321 
749 1496 1321 188 
750 189 190 545 
751 189 545 1491 
752 1490 189 1491 
753 190 595 545 
754 191 192 638 
755 191 638 886 
756 885 191 886 
757 230 229 192 
758 1502 192 229 
759 193 194 195 
760 194 193 902 
761 195 1325 193 
762 193 1170 902 
763 193 1169 1170 
764 193 1325 1169 
765 914 195 194 
766 194 902 474 
767 915 194 474 
768 914 194 915 
769 195 914 1088 
770 1088 1089 195 
771 195 1089 1325 
772 1277 1276 196 
773 197 927 198 
774 197 926 927 
775 926 197 1411 
776 232 198 265 
777 198 1723 265 
778 1723 198 927 
779 199 200 201 
780 1836 200 199 
781 199 788 787 
782 1836 199 787 
783 927 201 200 
784 610 611 200 
785 1836 610 200 
786 927 200 611 
787 927 926 201 
788 1364 201 926 
789 361 202 390 
790 979 390 202 
791 979 202 929 
792 203 204 205 
793 203 1657 204 
794 996 203 205 
795 994 203 995 
796 203 994 1657 
797 996 995 203 
798 204 702 205 
799 204 1805 702 
800 1351 204 1657 
801 204 1351 1805 
802 456 205 702 
803 456 1467 205 
804 996 205 1467 
805 206 207 208 
806 417 207 206 
807 208 1342 206 
808 1744 417 206 
809 1342 770 206 
810 1744 206 770 
811 207 1285 208 
812 417 419 207 
813 419 526 207 
814 1285 207 526 
815 1595 208 1285 
816 1342 208 1623 
817 1623 208 1595 
818 209 210 988 
819 209 1721 467 
820 209 988 1283 
821 1283 1720 209 
822 209 1720 1721 
823 210 806 986 
824 988 210 986 
825 211 1236 212 
826 1236 211 1237 
827 1749 1237 211 
828 1134 1133 212 
829 1711 212 1133 
830 1236 1134 212 
831 213 214 215 
832 214 213 1012 
833 215 1327 213 
834 1011 1012 213 
835 1011 213 1227 
836 1227 213 1327 
837 414 215 214 
838 414 214 614 
839 214 1707 614 
840 1272 214 1012 
841 214 1272 1707 
842 215 414 639 
843 215 639 1326 
844 1326 1327 215 
845 216 217 218 
846 216 1245 217 
847 216 218 673 
848 216 673 879 
849 878 216 879 
850 216 878 1243 
851 1245 216 1243 
852 218 217 331 
853 217 1635 331 
854 1330 217 1245 
855 1330 1635 217 
856 330 218 331 
857 330 669 218 
858 669 673 218 
859 219 220 221 
860 220 219 1584 
861 221 1073 219 
862 1810 219 1073 
863 1810 1584 219 
864 689 221 220 
865 558 220 559 
866 558 873 220 
867 220 1584 559 
868 689 220 873 
869 221 664 1297 
870 664 221 1549 
871 689 1549 221 
872 221 1297 1073 
873 578 222 579 
874 661 579 222 
875 662 661 222 
876 223 225 224 
877 223 1582 225 
878 223 964 965 
879 965 1582 223 
880 1701 224 225 
881 224 1701 1787 
882 225 1146 1361 
883 225 1582 1146 
884 1701 225 1361 
885 226 227 228 
886 562 227 226 
887 226 228 580 
888 226 563 562 
889 226 582 563 
890 580 582 226 
891 960 228 227 
892 562 1304 227 
893 960 227 1148 
894 1304 1148 227 
895 500 745 228 
896 960 500 228 
897 580 228 745 
898 229 230 231 
899 231 1696 229 
900 1501 1502 229 
901 1501 229 1696 
902 1682 231 230 
903 230 1733 1682 
904 1157 1308 231 
905 1157 231 1682 
906 231 1308 1696 
907 743 233 232 
908 265 744 232 
909 743 232 744 
910 743 357 233 
911 357 877 233 
912 234 235 236 
913 234 298 235 
914 236 849 234 
915 234 416 298 
916 1225 416 234 
917 1225 234 849 
918 532 236 235 
919 235 298 300 
920 235 300 817 
921 532 235 817 
922 532 743 236 
923 744 236 743 
924 236 744 849 
925 237 238 696 
926 237 696 698 
927 777 237 698 
928 237 777 778 
929 696 238 938 
930 799 938 238 
931 239 240 241 
932 240 239 1576 
933 239 241 742 
934 239 1138 372 
935 239 372 1576 
936 1138 239 742 
937 240 1632 241 
938 240 1576 1431 
939 240 1431 1643 
940 240 1643 1632 
941 740 742 241 
942 242 243 244 
943 243 242 1806 
944 242 244 1114 
945 242 1115 444 
946 444 1806 242 
947 1114 1115 242 
948 1597 244 243 
949 243 856 1597 
950 1765 856 243 
951 243 1806 1765 
952 244 1031 1258 
953 244 1597 1031 
954 1208 1114 244 
955 1208 244 1258 
956 245 246 247 
957 1389 246 245 
958 245 247 661 
959 662 530 245 
960 245 530 1389 
961 245 661 662 
962 247 246 489 
963 898 489 246 
964 898 246 1087 
965 1087 246 1389 
966 247 250 249 
967 661 247 249 
968 247 489 250 
969 248 249 250 
970 579 249 248 
971 250 1685 248 
972 1478 579 248 
973 1478 248 1650 
974 1685 1650 248 
975 249 579 661 
976 1010 250 489 
977 1685 250 1010 
978 251 252 253 
979 251 916 252 
980 789 251 253 
981 789 790 251 
982 790 1691 251 
983 916 251 1691 
984 435 253 252 
985 252 434 435 
986 629 434 252 
987 629 252 916 
988 435 1429 253 
989 789 253 1428 
990 1428 253 1429 
991 254 255 256 
992 255 254 1688 
993 254 256 606 
994 254 606 1730 
995 254 1730 1688 
996 722 256 255 
997 722 255 1376 
998 1376 255 1377 
999 1688 1377 255 
1000 258 257 982 
1001 257 981 982 
1002 1006 981 257 
1003 258 1645 430 
1004 258 982 1592 
1005 258 1592 1645 
1006 259 260 261 
1007 259 540 260 
1008 261 477 259 
1009 259 477 1423 
1010 665 540 259 
1011 665 259 1423 
1012 890 261 260 
1013 260 540 541 
1014 260 541 889 
1015 260 889 890 
1016 261 1534 477 
1017 1790 261 890 
1018 1790 1534 261 
1019 262 263 264 
1020 263 262 1308 
1021 262 264 504 
1022 504 306 262 
1023 1697 262 306 
1024 1697 1308 262 
1025 1630 264 263 
1026 1157 263 1308 
1027 263 1157 1482 
1028 1482 1630 263 
1029 502 504 264 
1030 264 969 502 
1031 969 264 1630 
1032 265 266 267 
1033 1723 266 265 
1034 265 267 744 
1035 267 266 1422 
1036 266 1723 768 
1037 266 768 1736 
1038 1736 1422 266 
1039 849 744 267 
1040 849 267 1007 
1041 267 1422 1007 
1042 268 269 270 
1043 488 269 268 
1044 268 270 1104 
1045 985 488 268 
1046 268 591 985 
1047 268 1104 591 
1048 269 595 270 
1049 269 332 595 
1050 1228 272 271 
1051 360 1238 271 
1052 1238 1228 271 
1053 1213 525 272 
1054 1228 1213 272 
1055 273 274 275 
1056 274 273 1499 
1057 1147 273 275 
1058 1083 273 1147 
1059 1083 1497 273 
1060 1497 1499 273 
1061 275 274 1712 
1062 934 274 1294 
1063 274 934 1712 
1064 1499 1294 274 
1065 1147 275 1685 
1066 1650 1685 275 
1067 275 1712 1650 
1068 276 277 278 
1069 277 276 289 
1070 276 278 739 
1071 276 290 289 
1072 276 843 290 
1073 276 739 843 
1074 277 289 939 
1075 278 620 1153 
1076 278 1153 739 
1077 279 280 281 
1078 974 280 279 
1079 281 1439 279 
1080 974 279 1513 
1081 279 1439 1398 
1082 279 1398 1513 
1083 731 281 280 
1084 731 280 1517 
1085 1070 280 974 
1086 1070 1069 280 
1087 1069 1517 280 
1088 730 281 731 
1089 730 1173 281 
1090 1439 281 1173 
1091 282 283 284 
1092 282 962 283 
1093 282 284 959 
1094 746 747 282 
1095 746 282 959 
1096 282 747 962 
1097 1783 284 283 
1098 283 962 1607 
1099 1621 283 1607 
1100 1783 283 1621 
1101 1355 959 284 
1102 1783 1355 284 
1103 285 286 287 
1104 286 285 292 
1105 285 287 912 
1106 291 292 285 
1107 375 291 285 
1108 375 285 912 
1109 286 881 287 
1110 377 286 292 
1111 376 286 377 
1112 376 881 286 
1113 836 287 881 
1114 911 287 836 
1115 911 912 287 
1116 288 289 290 
1117 289 288 1450 
1118 1437 288 290 
1119 1437 1438 288 
1120 1449 288 1438 
1121 288 1449 1450 
1122 1450 939 289 
1123 843 1421 290 
1124 1437 290 1421 
1125 292 291 985 
1126 374 291 375 
1127 291 374 492 
1128 291 492 985 
1129 292 591 377 
1130 985 591 292 
1131 518 293 294 
1132 1591 311 293 
1133 1591 293 518 
1134 294 517 518 
1135 294 798 517 
1136 295 296 297 
1137 729 296 295 
1138 295 297 631 
1139 295 603 604 
1140 295 631 603 
1141 604 729 295 
1142 1534 297 296 
1143 1220 296 729 
1144 1220 1424 296 
1145 296 1424 1534 
1146 297 632 631 
1147 297 1790 632 
1148 1534 1790 297 
1149 298 299 300 
1150 299 298 416 
1151 300 299 1432 
1152 299 416 790 
1153 888 299 790 
1154 1432 299 888 
1155 815 817 300 
1156 300 1145 815 
1157 300 1432 1145 
1158 520 302 301 
1159 1339 301 355 
1160 520 301 782 
1161 1339 782 301 
1162 520 794 302 
1163 302 794 1239 
1164 1302 303 304 
1165 332 303 545 
1166 545 303 1491 
1167 1302 1491 303 
1168 599 688 304 
1169 1302 304 688 
1170 305 306 307 
1171 305 1697 306 
1172 307 322 305 
1173 305 322 323 
1174 305 323 1187 
1175 1187 1697 305 
1176 306 504 307 
1177 322 307 1649 
1178 503 307 504 
1179 1649 307 503 
1180 308 309 310 
1181 1503 309 308 
1182 308 310 1660 
1183 308 1337 1336 
1184 1336 1503 308 
1185 308 1660 1337 
1186 1373 310 309 
1187 1373 309 1374 
1188 1703 1374 309 
1189 309 1503 1703 
1190 1373 1234 310 
1191 1544 310 1234 
1192 1544 1660 310 
1193 311 1395 312 
1194 1395 311 1558 
1195 1558 311 1591 
1196 1384 312 1383 
1197 1684 1383 312 
1198 1395 1394 312 
1199 1684 312 1394 
1200 597 314 313 
1201 598 597 313 
1202 598 313 781 
1203 597 772 314 
1204 921 314 772 
1205 314 921 1732 
1206 1732 1803 314 
1207 315 316 317 
1208 316 315 893 
1209 315 317 1427 
1210 1274 893 315 
1211 1426 1274 315 
1212 1426 315 1427 
1213 317 316 1635 
1214 331 316 1553 
1215 331 1635 316 
1216 892 316 893 
1217 1553 316 892 
1218 1427 317 1570 
1219 317 1569 1570 
1220 1635 1569 317 
1221 318 712 713 
1222 712 318 876 
1223 318 713 1411 
1224 319 320 321 
1225 1828 320 319 
1226 319 321 571 
1227 1510 409 319 
1228 1828 319 409 
1229 571 1510 319 
1230 321 320 937 
1231 320 557 937 
1232 320 1799 557 
1233 1799 320 1828 
1234 321 1554 571 
1235 321 937 1150 
1236 1554 321 1150 
1237 913 323 322 
1238 426 322 655 
1239 913 322 426 
1240 655 322 1649 
1241 643 644 323 
1242 643 323 913 
1243 323 644 1187 
1244 324 325 326 
1245 325 324 1425 
1246 858 324 326 
1247 324 858 1160 
1248 1160 1380 324 
1249 324 1380 1425 
1250 1666 326 325 
1251 325 1425 1652 
1252 325 1652 1667 
1253 1666 325 1667 
1254 858 326 859 
1255 326 1717 859 
1256 1717 326 1666 
1257 327 328 329 
1258 328 327 392 
1259 327 329 1693 
1260 420 392 327 
1261 327 1623 420 
1262 327 1693 1623 
1263 329 328 481 
1264 391 328 392 
1265 391 481 328 
1266 483 329 481 
1267 483 1466 329 
1268 329 1466 565 
1269 1693 329 565 
1270 330 331 1553 
1271 669 330 667 
1272 667 330 1453 
1273 1453 330 1553 
1274 332 545 595 
1275 333 334 335 
1276 512 334 333 
1277 1318 333 335 
1278 333 1257 512 
1279 333 1318 1257 
1280 1526 335 334 
1281 334 512 513 
1282 334 513 1687 
1283 1687 1526 334 
1284 1223 335 1224 
1285 1223 1318 335 
1286 1526 1224 335 
1287 336 337 338 
1288 336 1040 337 
1289 336 338 571 
1290 336 571 1554 
1291 1039 336 660 
1292 660 336 1554 
1293 336 1039 1040 
1294 337 1673 338 
1295 1149 337 1040 
1296 1149 1763 337 
1297 1763 1673 337 
1298 571 338 1510 
1299 339 340 341 
1300 339 1038 340 
1301 341 1444 339 
1302 339 1778 1038 
1303 1458 339 1444 
1304 1458 1778 339 
1305 340 895 341 
1306 340 446 895 
1307 446 340 1212 
1308 1212 340 1038 
1309 341 895 1108 
1310 1826 341 1108 
1311 341 1826 1444 
1312 342 343 344 
1313 343 342 933 
1314 344 1369 342 
1315 589 933 342 
1316 1369 589 342 
1317 347 344 343 
1318 343 1137 347 
1319 933 670 343 
1320 1137 343 670 
1321 344 347 346 
1322 632 344 346 
1323 344 632 1369 
1324 345 346 347 
1325 346 345 1090 
1326 345 347 1720 
1327 1167 1090 345 
1328 345 1665 1167 
1329 345 1720 1665 
1330 346 631 632 
1331 346 1090 631 
1332 347 1137 1721 
1333 347 1721 1720 
1334 348 349 350 
1335 1097 349 348 
1336 350 1347 348 
1337 950 949 348 
1338 348 949 1097 
1339 950 348 1347 
1340 350 349 868 
1341 349 1455 868 
1342 1097 1456 349 
1343 1456 1455 349 
1344 868 810 350 
1345 351 352 353 
1346 1060 352 351 
1347 619 351 353 
1348 612 351 619 
1349 1156 353 352 
1350 1033 1156 352 
1351 619 353 1410 
1352 1202 353 1156 
1353 353 1202 1410 
1354 354 1027 491 
1355 1027 354 1028 
1356 1299 1028 354 
1357 370 961 355 
1358 355 961 1226 
1359 1339 355 1226 
1360 356 357 358 
1361 356 877 357 
1362 356 358 508 
1363 356 875 877 
1364 532 358 357 
1365 743 532 357 
1366 816 508 358 
1367 532 817 358 
1368 358 817 816 
1369 359 1830 360 
1370 1493 1494 359 
1371 359 1494 1830 
1372 1238 360 1718 
1373 360 1830 1718 
1374 361 390 823 
1375 662 361 530 
1376 823 530 361 
1377 362 363 423 
1378 362 423 422 
1379 605 423 363 
1380 1078 605 363 
1381 364 365 366 
1382 364 1218 365 
1383 366 903 364 
1384 902 364 903 
1385 364 902 1170 
1386 364 1170 1218 
1387 1164 365 1218 
1388 776 1739 366 
1389 366 1739 903 
1390 367 368 369 
1391 368 367 581 
1392 369 527 367 
1393 367 527 528 
1394 367 528 896 
1395 367 896 581 
1396 368 745 369 
1397 368 581 580 
1398 580 745 368 
1399 499 369 745 
1400 499 1313 369 
1401 369 1313 527 
1402 370 840 961 
1403 370 1803 840 
1404 371 372 373 
1405 371 1314 372 
1406 371 373 522 
1407 371 522 1640 
1408 371 1315 1314 
1409 371 1445 1315 
1410 1640 1445 371 
1411 1138 373 372 
1412 372 1314 1576 
1413 521 522 373 
1414 1138 521 373 
1415 374 375 1382 
1416 492 374 493 
1417 1639 493 374 
1418 374 1382 1639 
1419 912 1434 375 
1420 1382 375 1434 
1421 377 1408 376 
1422 376 882 881 
1423 376 1408 1271 
1424 378 379 380 
1425 378 1683 379 
1426 378 1204 1683 
1427 1644 380 379 
1428 1504 460 379 
1429 460 1644 379 
1430 1504 379 1683 
1431 381 382 383 
1432 523 382 381 
1433 1206 381 383 
1434 1206 1057 381 
1435 415 382 524 
1436 382 523 524 
1437 1126 1127 383 
1438 383 1127 1206 
1439 384 385 386 
1440 384 755 385 
1441 723 384 386 
1442 438 384 725 
1443 438 755 384 
1444 723 725 384 
1445 385 705 386 
1446 703 705 385 
1447 754 703 385 
1448 755 754 385 
1449 1711 723 386 
1450 387 388 389 
1451 388 387 904 
1452 389 1782 387 
1453 928 904 387 
1454 928 387 1621 
1455 1621 387 1782 
1456 389 388 1823 
1457 388 904 399 
1458 389 1341 1815 
1459 1341 389 1823 
1460 389 1815 1782 
1461 663 390 664 
1462 663 823 390 
1463 664 390 979 
1464 714 391 392 
1465 391 1002 481 
1466 1248 391 714 
1467 391 1248 1002 
1468 392 420 639 
1469 639 613 392 
1470 714 392 613 
1471 393 394 395 
1472 1174 394 393 
1473 1173 1174 393 
1474 393 1439 1173 
1475 484 394 874 
1476 1174 874 394 
1477 396 397 398 
1478 398 658 396 
1479 783 396 658 
1480 783 887 396 
1481 405 1001 397 
1482 791 399 904 
1483 399 791 1056 
1484 399 1056 1527 
1485 400 401 402 
1486 400 1048 401 
1487 498 400 402 
1488 497 400 498 
1489 497 1048 400 
1490 1374 402 401 
1491 401 1048 1235 
1492 401 1235 1373 
1493 401 1373 1374 
1494 498 402 866 
1495 866 402 1362 
1496 1374 1362 402 
1497 403 404 405 
1498 528 527 403 
1499 822 405 404 
1500 465 404 466 
1501 465 822 404 
1502 1001 405 822 
1503 406 407 408 
1504 406 466 407 
1505 408 764 406 
1506 406 465 466 
1507 406 1535 465 
1508 764 1680 406 
1509 406 1680 1535 
1510 775 407 1464 
1511 764 408 1786 
1512 847 1786 408 
1513 409 410 411 
1514 409 1510 410 
1515 409 411 1829 
1516 1828 409 1829 
1517 1079 411 410 
1518 1079 410 1080 
1519 411 1079 1662 
1520 1662 1729 411 
1521 1729 1829 411 
1522 412 413 1754 
1523 412 1015 1016 
1524 412 1754 1015 
1525 412 1016 1281 
1526 1471 412 1281 
1527 653 654 413 
1528 1661 413 654 
1529 413 1661 1046 
1530 413 1046 1754 
1531 414 614 613 
1532 414 613 639 
1533 757 415 524 
1534 1030 415 757 
1535 790 416 1691 
1536 1225 1691 416 
1537 417 418 419 
1538 1536 419 418 
1539 418 678 1537 
1540 1536 418 1537 
1541 420 1326 639 
1542 420 1595 1326 
1543 1595 420 1623 
1544 421 422 423 
1545 1738 422 421 
1546 423 774 421 
1547 774 1260 421 
1548 1676 421 1260 
1549 1676 1738 421 
1550 1738 827 422 
1551 605 773 423 
1552 773 774 423 
1553 424 425 426 
1554 424 486 425 
1555 426 655 424 
1556 487 486 424 
1557 487 424 657 
1558 655 657 424 
1559 1171 426 425 
1560 425 486 1357 
1561 1171 425 1112 
1562 425 1357 1112 
1563 426 1171 913 
1564 427 428 429 
1565 676 428 427 
1566 427 429 910 
1567 560 561 427 
1568 560 427 910 
1569 427 561 677 
1570 427 677 676 
1571 428 1228 429 
1572 428 676 1011 
1573 428 1011 1227 
1574 1227 1228 428 
1575 429 908 910 
1576 1238 908 429 
1577 1238 429 1228 
1578 1018 1019 430 
1579 1646 1018 430 
1580 430 1645 1646 
1581 431 432 433 
1582 433 1484 431 
1583 1484 724 431 
1584 628 433 432 
1585 629 432 434 
1586 629 628 432 
1587 436 433 850 
1588 1484 433 436 
1589 628 850 433 
1590 976 435 434 
1591 435 976 1686 
1592 435 1686 1429 
1593 436 437 438 
1594 436 1736 437 
1595 725 436 438 
1596 1484 436 725 
1597 436 850 1736 
1598 942 438 437 
1599 610 437 768 
1600 437 610 941 
1601 1736 768 437 
1602 941 942 437 
1603 438 942 755 
1604 930 439 931 
1605 1722 439 930 
1606 1722 1624 439 
1607 440 441 442 
1608 441 440 1320 
1609 440 442 1329 
1610 440 1240 1320 
1611 440 1328 1240 
1612 1328 440 1329 
1613 1063 442 441 
1614 494 441 495 
1615 1063 441 494 
1616 1320 495 441 
1617 1329 442 490 
1618 443 444 445 
1619 443 803 444 
1620 445 1656 443 
1621 443 804 803 
1622 1295 804 443 
1623 1295 443 1656 
1624 445 444 1115 
1625 803 1806 444 
1626 445 1115 1255 
1627 1254 445 1255 
1628 1656 445 1254 
1629 1303 447 446 
1630 1247 895 446 
1631 446 1212 1303 
1632 686 447 633 
1633 633 447 1303 
1634 448 449 450 
1635 448 1577 449 
1636 448 450 453 
1637 448 453 550 
1638 448 550 851 
1639 448 851 1081 
1640 1577 448 1081 
1641 925 450 449 
1642 449 601 600 
1643 925 449 600 
1644 601 449 1577 
1645 451 453 450 
1646 451 450 733 
1647 733 450 925 
1648 451 452 453 
1649 1071 452 451 
1650 733 735 451 
1651 735 1071 451 
1652 550 453 452 
1653 550 452 551 
1654 1766 551 452 
1655 1766 452 1071 
1656 454 455 456 
1657 1340 455 454 
1658 454 456 702 
1659 1341 454 702 
1660 1340 454 1341 
1661 1716 456 455 
1662 455 566 1716 
1663 455 1775 566 
1664 1340 1775 455 
1665 1467 456 1716 
1666 458 457 1538 
1667 457 863 864 
1668 864 1538 457 
1669 812 458 813 
1670 1821 458 812 
1671 1538 813 458 
1672 459 460 461 
1673 459 1356 460 
1674 461 599 459 
1675 1433 459 599 
1676 459 1306 1356 
1677 1306 459 1433 
1678 461 460 1504 
1679 460 1356 1644 
1680 461 688 599 
1681 688 461 1504 
1682 462 463 464 
1683 462 517 463 
1684 464 1834 462 
1685 517 462 518 
1686 1834 518 462 
1687 1601 464 463 
1688 797 463 517 
1689 463 718 1601 
1690 1627 464 1601 
1691 464 1627 1758 
1692 1758 1834 464 
1693 822 465 1116 
1694 1535 1116 465 
1695 467 1137 576 
1696 467 1721 1137 
1697 468 469 470 
1698 468 1063 469 
1699 469 1230 470 
1700 494 469 1063 
1701 469 494 1231 
1702 469 1231 1230 
1703 470 1051 606 
1704 470 1050 1051 
1705 470 1230 1050 
1706 471 472 473 
1707 1545 472 471 
1708 473 1601 471 
1709 471 1601 718 
1710 1658 471 718 
1711 1545 471 1658 
1712 486 473 472 
1713 486 472 1357 
1714 1195 1357 472 
1715 1545 1195 472 
1716 486 487 473 
1717 473 487 1627 
1718 473 1627 1601 
1719 474 475 476 
1720 475 474 903 
1721 474 476 915 
1722 903 474 902 
1723 476 475 1767 
1724 1739 475 903 
1725 1739 1700 475 
1726 1700 1767 475 
1727 1634 915 476 
1728 1634 476 1780 
1729 476 1767 1780 
1730 1424 1423 477 
1731 477 1534 1424 
1732 478 479 480 
1733 479 478 923 
1734 701 478 480 
1735 478 701 700 
1736 700 924 478 
1737 923 478 924 
1738 480 479 1835 
1739 923 1219 479 
1740 1768 479 1219 
1741 1835 479 1768 
1742 701 480 1830 
1743 480 1718 1830 
1744 480 1835 1718 
1745 481 482 483 
1746 481 1002 482 
1747 482 1005 483 
1748 482 1002 1003 
1749 1003 1004 482 
1750 482 1004 1005 
1751 1005 1615 483 
1752 1466 483 1615 
1753 622 485 484 
1754 484 623 622 
1755 874 623 484 
1756 1192 485 622 
1757 1192 1679 485 
1758 487 583 585 
1759 487 657 583 
1760 585 1627 487 
1761 488 985 492 
1762 489 898 899 
1763 899 1010 489 
1764 1791 490 1100 
1765 490 1791 1329 
1766 1677 491 1027 
1767 491 1677 1099 
1768 492 493 1277 
1769 1276 493 1049 
1770 1639 1049 493 
1771 493 1276 1277 
1772 495 1231 494 
1773 692 495 693 
1774 692 1231 495 
1775 1320 693 495 
1776 496 497 498 
1777 496 1753 497 
1778 498 865 496 
1779 800 496 865 
1780 496 800 1563 
1781 496 1563 1753 
1782 1048 497 1049 
1783 1753 1049 497 
1784 865 498 866 
1785 499 500 501 
1786 499 745 500 
1787 501 1402 499 
1788 1313 499 1402 
1789 1781 501 1286 
1790 1402 501 1781 
1791 502 503 504 
1792 503 502 872 
1793 502 968 872 
1794 968 502 969 
1795 1695 503 872 
1796 1695 1649 503 
1797 505 506 507 
1798 505 812 506 
1799 507 590 505 
1800 993 505 590 
1801 1821 812 505 
1802 505 993 1821 
1803 671 507 506 
1804 671 506 574 
1805 574 506 814 
1806 506 812 814 
1807 507 589 590 
1808 589 507 933 
1809 507 671 933 
1810 970 508 816 
1811 508 970 1155 
1812 509 510 511 
1813 509 1084 510 
1814 509 511 1514 
1815 509 894 1273 
1816 894 509 1514 
1817 1084 509 1273 
1818 510 1152 511 
1819 510 867 748 
1820 1152 510 748 
1821 867 510 1084 
1822 1144 511 1152 
1823 512 853 513 
1824 853 512 1246 
1825 512 1109 1246 
1826 512 1257 1109 
1827 852 513 853 
1828 513 852 994 
1829 994 1687 513 
1830 514 515 516 
1831 653 515 514 
1832 514 516 1142 
1833 653 514 654 
1834 1141 654 514 
1835 1141 514 1142 
1836 516 515 1574 
1837 515 533 1574 
1838 1573 1142 516 
1839 1574 1573 516 
1840 797 517 798 
1841 1591 518 1834 
1842 520 519 794 
1843 519 694 693 
1844 794 519 693 
1845 1082 694 519 
1846 521 971 522 
1847 971 521 1614 
1848 521 1138 1345 
1849 1345 1614 521 
1850 971 1604 522 
1851 1604 1640 522 
1852 1454 524 523 
1853 757 524 1509 
1854 524 1454 1599 
1855 524 1599 1509 
1856 525 1285 526 
1857 1213 1284 525 
1858 525 1284 1285 
1859 529 530 531 
1860 530 529 1389 
1861 529 531 1483 
1862 823 531 530 
1863 824 531 823 
1864 533 1543 1542 
1865 1574 533 1542 
1866 533 1832 1543 
1867 534 535 536 
1868 1555 535 534 
1869 534 536 1498 
1870 1427 534 1426 
1871 1489 1426 534 
1872 1555 534 1427 
1873 1498 1489 534 
1874 1101 536 535 
1875 535 1334 1101 
1876 1334 535 1556 
1877 1555 1556 535 
1878 1101 1792 536 
1879 1798 1498 536 
1880 1798 536 1792 
1881 537 538 539 
1882 538 537 917 
1883 1539 537 539 
1884 1459 917 537 
1885 537 1596 1459 
1886 1539 1596 537 
1887 539 538 1078 
1888 592 594 538 
1889 917 592 538 
1890 1078 538 594 
1891 540 1322 541 
1892 540 665 666 
1893 540 666 1322 
1894 992 889 541 
1895 1136 992 541 
1896 1136 541 1322 
1897 542 543 544 
1898 542 1012 543 
1899 542 544 1447 
1900 542 1272 1012 
1901 542 1748 1272 
1902 542 1447 1748 
1903 647 544 543 
1904 647 543 676 
1905 676 543 1011 
1906 1011 543 1012 
1907 649 544 647 
1908 1446 544 649 
1909 1446 1447 544 
1910 546 547 548 
1911 547 546 1077 
1912 548 1834 546 
1913 1077 546 1724 
1914 1724 546 1758 
1915 1758 546 1834 
1916 1558 548 547 
1917 547 989 990 
1918 1077 989 547 
1919 990 1813 547 
1920 1558 547 1813 
1921 1591 548 1558 
1922 1834 548 1591 
1923 549 550 551 
1924 549 851 550 
1925 549 551 1587 
1926 679 851 549 
1927 679 549 1762 
1928 549 1587 1586 
1929 1762 549 1586 
1930 1590 1587 551 
1931 1590 551 1766 
1932 552 553 554 
1933 1354 553 552 
1934 635 552 554 
1935 635 738 552 
1936 738 1013 552 
1937 1354 552 1013 
1938 1014 554 553 
1939 553 1822 1014 
1940 553 1354 1646 
1941 1646 1822 553 
1942 554 685 635 
1943 554 746 685 
1944 746 554 747 
1945 554 1014 747 
1946 555 556 557 
1947 555 557 1546 
1948 1493 555 1809 
1949 1546 1809 555 
1950 556 937 557 
1951 556 1537 937 
1952 1536 1537 556 
1953 1799 1546 557 
1954 1583 559 1584 
1955 674 561 560 
1956 1059 674 560 
1957 560 910 1776 
1958 1059 560 1776 
1959 561 674 586 
1960 561 586 677 
1961 562 563 564 
1962 562 564 1390 
1963 1390 1304 562 
1964 1603 564 563 
1965 1602 563 582 
1966 1602 1603 563 
1967 1503 1390 564 
1968 1503 564 1735 
1969 1735 564 1603 
1970 565 566 567 
1971 566 565 1716 
1972 565 567 1693 
1973 1716 565 1466 
1974 566 769 567 
1975 769 566 1775 
1976 567 769 770 
1977 1342 567 770 
1978 1342 1693 567 
1979 568 569 570 
1980 569 568 922 
1981 1032 568 570 
1982 1032 700 568 
1983 700 1488 568 
1984 568 1488 922 
1985 622 570 569 
1986 569 684 622 
1987 684 569 682 
1988 569 922 682 
1989 622 623 570 
1990 623 1117 570 
1991 1032 570 1117 
1992 572 573 574 
1993 573 572 575 
1994 572 574 719 
1995 572 951 575 
1996 719 967 572 
1997 572 967 951 
1998 574 573 671 
1999 573 575 577 
2000 576 573 577 
2001 670 573 576 
2002 670 671 573 
2003 574 814 719 
2004 577 575 950 
2005 575 951 950 
2006 576 1137 670 
2007 950 1347 577 
2008 579 1833 578 
2009 1795 1262 578 
2010 1795 578 1833 
2011 1833 579 1478 
2012 580 581 582 
2013 1035 582 581 
2014 896 897 581 
2015 1035 581 897 
2016 1602 582 1035 
2017 583 584 585 
2018 584 583 1253 
2019 695 583 657 
2020 695 1253 583 
2021 585 584 1724 
2022 1128 584 1072 
2023 1253 1072 584 
2024 584 1128 1724 
2025 585 1758 1627 
2026 1724 1758 585 
2027 586 587 588 
2028 587 586 674 
2029 586 588 1123 
2030 586 648 677 
2031 1123 648 586 
2032 1324 588 587 
2033 587 674 675 
2034 587 675 1394 
2035 1324 587 1396 
2036 587 1394 1396 
2037 1123 588 1268 
2038 588 1269 1268 
2039 588 1324 1269 
2040 589 991 590 
2041 1369 991 589 
2042 993 590 991 
2043 592 593 594 
2044 593 592 879 
2045 592 878 879 
2046 878 592 917 
2047 825 594 593 
2048 593 721 825 
2049 721 593 879 
2050 1078 594 605 
2051 594 1210 605 
2052 825 1210 594 
2053 596 597 598 
2054 771 597 596 
2055 779 596 598 
2056 596 1613 771 
2057 779 1612 596 
2058 1612 1613 596 
2059 771 772 597 
2060 779 598 780 
2061 781 780 598 
2062 600 601 602 
2063 1107 600 602 
2064 925 600 1270 
2065 1107 1268 600 
2066 1268 1270 600 
2067 1446 602 601 
2068 1446 601 1495 
2069 1577 1495 601 
2070 649 1107 602 
2071 1446 649 602 
2072 603 1183 604 
2073 631 1090 603 
2074 1177 603 1090 
2075 1177 1183 603 
2076 604 1788 729 
2077 604 1183 1400 
2078 1788 604 1400 
2079 773 605 1210 
2080 1051 1730 606 
2081 607 608 609 
2082 607 978 608 
2083 607 609 651 
2084 651 650 607 
2085 977 607 650 
2086 977 978 607 
2087 608 906 609 
2088 608 907 906 
2089 608 1209 907 
2090 978 1209 608 
2091 609 1372 651 
2092 906 1647 609 
2093 1647 1372 609 
2094 610 768 611 
2095 1836 941 610 
2096 611 768 1723 
2097 1723 927 611 
2098 1264 612 619 
2099 1280 612 1264 
2100 613 614 615 
2101 613 615 714 
2102 1709 615 614 
2103 1709 614 1707 
2104 1249 714 615 
2105 1249 615 1520 
2106 1709 1520 615 
2107 616 617 618 
2108 1557 617 616 
2109 1410 616 618 
2110 616 1410 1622 
2111 1602 1557 616 
2112 1602 616 1603 
2113 616 1772 1603 
2114 616 1622 1772 
2115 707 618 617 
2116 707 617 760 
2117 617 1557 760 
2118 618 1264 619 
2119 618 619 1410 
2120 707 1264 618 
2121 1153 620 1154 
2122 1154 620 1578 
2123 620 1259 1578 
2124 1335 621 1036 
2125 684 1192 622 
2126 874 1117 623 
2127 624 625 626 
2128 1512 625 624 
2129 626 682 624 
2130 624 682 922 
2131 624 922 1487 
2132 1487 1512 624 
2133 626 625 1190 
2134 625 1191 1190 
2135 625 1729 1191 
2136 1512 1672 625 
2137 625 1672 1729 
2138 682 626 683 
2139 1462 683 626 
2140 626 1190 1462 
2141 1316 1139 627 
2142 1261 627 1262 
2143 1261 1316 627 
2144 628 629 630 
2145 628 630 1008 
2146 850 628 1008 
2147 629 916 630 
2148 1225 630 916 
2149 630 1007 1008 
2150 1225 1007 630 
2151 1790 1369 632 
2152 633 634 635 
2153 633 736 634 
2154 633 635 685 
2155 685 686 633 
2156 736 633 1303 
2157 635 634 738 
2158 634 736 737 
2159 737 738 634 
2160 636 637 638 
2161 636 943 637 
2162 944 943 636 
2163 940 638 637 
2164 1316 940 637 
2165 943 1316 637 
2166 638 940 886 
2167 640 641 642 
2168 641 640 1485 
2169 640 642 1833 
2170 1819 640 1478 
2171 1478 640 1833 
2172 640 1819 1485 
2173 641 1479 642 
2174 641 1185 1479 
2175 641 1486 1185 
2176 641 1485 1486 
2177 1479 1263 642 
2178 1795 642 1263 
2179 1833 642 1795 
2180 913 1172 643 
2181 645 646 1076 
2182 645 716 863 
2183 1626 716 645 
2184 1626 645 1076 
2185 1412 1076 646 
2186 1413 646 1188 
2187 1412 646 1413 
2188 647 648 649 
2189 647 677 648 
2190 647 676 677 
2191 649 648 1107 
2192 1107 648 1123 
2193 650 651 652 
2194 1101 650 652 
2195 1334 977 650 
2196 650 1101 1334 
2197 1094 651 1372 
2198 1101 652 1792 
2199 654 1141 1547 
2200 654 1547 1661 
2201 655 656 657 
2202 655 1649 656 
2203 695 657 656 
2204 695 656 1725 
2205 1695 656 1649 
2206 1725 656 1695 
2207 857 658 767 
2208 658 1053 783 
2209 1053 658 857 
2210 659 1039 660 
2211 1096 1039 659 
2212 659 1519 1096 
2213 1554 678 660 
2214 1549 663 664 
2215 823 663 824 
2216 1737 824 663 
2217 1549 1737 663 
2218 979 1297 664 
2219 666 665 786 
2220 786 665 1403 
2221 1403 665 1423 
2222 666 786 788 
2223 667 668 669 
2224 667 1705 668 
2225 1453 1452 667 
2226 667 1452 1705 
2227 669 668 720 
2228 673 669 721 
2229 669 720 721 
2230 933 671 670 
2231 966 672 1293 
2232 1293 672 1037 
2233 673 721 879 
2234 1059 675 674 
2235 675 1059 1837 
2236 1684 1394 675 
2237 1837 1684 675 
2238 1150 1537 678 
2239 678 1554 1150 
2240 679 680 681 
2241 1618 680 679 
2242 851 679 681 
2243 1762 1618 679 
2244 728 681 680 
2245 728 680 1619 
2246 1618 1619 680 
2247 728 727 681 
2248 681 727 1081 
2249 1081 851 681 
2250 682 683 684 
2251 684 683 1192 
2252 1588 1192 683 
2253 1589 683 1462 
2254 1588 683 1589 
2255 685 762 686 
2256 685 746 762 
2257 688 687 1302 
2258 1143 687 1144 
2259 1143 1302 687 
2260 689 690 691 
2261 873 690 689 
2262 689 691 1549 
2263 1271 691 690 
2264 1549 691 1737 
2265 692 693 694 
2266 692 694 920 
2267 692 920 919 
2268 692 919 1231 
2269 794 693 1320 
2270 920 694 1481 
2271 1082 1481 694 
2272 695 1252 1253 
2273 1725 1252 695 
2274 696 697 698 
2275 696 1516 697 
2276 696 938 1516 
2277 869 698 697 
2278 869 697 870 
2279 901 870 697 
2280 901 697 1516 
2281 1715 777 698 
2282 869 1715 698 
2283 699 700 701 
2284 700 699 1488 
2285 1494 699 701 
2286 1511 1488 699 
2287 1809 699 1494 
2288 1809 1511 699 
2289 700 1032 924 
2290 701 1830 1494 
2291 1341 702 1805 
2292 703 704 705 
2293 704 703 1423 
2294 754 1403 703 
2295 1423 703 1403 
2296 1220 704 1424 
2297 1423 1424 704 
2298 706 707 708 
2299 706 1797 707 
2300 708 1307 706 
2301 1065 706 1307 
2302 1065 1797 706 
2303 760 708 707 
2304 1797 1264 707 
2305 760 761 708 
2306 708 761 1807 
2307 708 1807 1307 
2308 709 710 711 
2309 855 710 709 
2310 856 709 711 
2311 855 709 1290 
2312 709 856 1290 
2313 999 711 710 
2314 854 710 855 
2315 854 998 710 
2316 710 998 999 
2317 999 766 711 
2318 1597 711 766 
2319 856 711 1597 
2320 712 1130 713 
2321 712 876 1288 
2322 1130 712 1131 
2323 1131 712 1288 
2324 1130 1074 713 
2325 1074 1251 713 
2326 1411 713 1251 
2327 714 1249 1248 
2328 715 716 717 
2329 715 864 716 
2330 715 717 1080 
2331 715 1760 864 
2332 1626 717 716 
2333 863 716 864 
2334 1079 1080 717 
2335 1079 717 1568 
2336 1626 1568 717 
2337 1658 718 1659 
2338 719 814 1386 
2339 967 719 1763 
2340 719 1386 1763 
2341 825 721 720 
2342 825 720 1042 
2343 722 1061 1062 
2344 1061 722 1376 
2345 722 1062 1100 
2346 723 724 725 
2347 724 723 1740 
2348 1133 723 1711 
2349 1133 1740 723 
2350 724 1484 725 
2351 726 727 728 
2352 1747 727 726 
2353 861 726 728 
2354 1719 726 861 
2355 1719 1708 726 
2356 1747 726 1708 
2357 1081 727 1495 
2358 1495 727 1747 
2359 861 728 1619 
2360 1220 729 1221 
2361 1221 729 1788 
2362 730 731 821 
2363 820 730 821 
2364 1174 730 820 
2365 730 1174 1173 
2366 731 751 821 
2367 731 1517 751 
2368 732 733 734 
2369 735 733 732 
2370 732 734 989 
2371 1128 735 732 
2372 1077 732 989 
2373 732 1077 1128 
2374 734 733 925 
2375 734 925 1270 
2376 990 989 734 
2377 1269 990 734 
2378 734 1270 1269 
2379 1071 735 1072 
2380 1128 1072 735 
2381 737 736 1333 
2382 736 1303 1365 
2383 1365 1333 736 
2384 737 818 738 
2385 737 1808 818 
2386 1808 737 1333 
2387 738 818 1013 
2388 1706 843 739 
2389 739 1153 1006 
2390 1706 739 1006 
2391 740 741 742 
2392 1344 742 741 
2393 1344 741 1552 
2394 742 1345 1138 
2395 742 1344 1345 
2396 959 762 746 
2397 962 747 963 
2398 747 1014 963 
2399 748 749 750 
2400 749 748 898 
2401 748 750 1152 
2402 748 867 899 
2403 748 899 898 
2404 1490 750 749 
2405 749 898 1087 
2406 1144 750 1143 
2407 750 1490 1143 
2408 1152 750 1144 
2409 751 752 753 
2410 1161 752 751 
2411 753 821 751 
2412 1161 751 1517 
2413 752 923 753 
2414 1219 923 752 
2415 1353 752 1161 
2416 1353 1219 752 
2417 753 819 821 
2418 924 819 753 
2419 924 753 923 
2420 754 755 756 
2421 786 754 756 
2422 1403 754 786 
2423 756 755 942 
2424 786 756 787 
2425 756 941 787 
2426 756 942 941 
2427 757 758 759 
2428 757 1509 758 
2429 759 1030 757 
2430 795 759 758 
2431 795 758 796 
2432 758 1310 796 
2433 758 1509 1310 
2434 795 828 759 
2435 828 833 759 
2436 833 1030 759 
2437 761 760 897 
2438 897 760 1557 
2439 896 761 897 
2440 959 955 762 
2441 763 764 765 
2442 764 763 1680 
2443 763 765 1208 
2444 1022 763 1258 
2445 1022 1680 763 
2446 1208 1258 763 
2447 1786 765 764 
2448 1114 1208 765 
2449 1114 765 1500 
2450 1786 1500 765 
2451 766 999 767 
2452 1597 766 1031 
2453 857 767 999 
2454 1779 770 769 
2455 1775 1193 769 
2456 1779 769 1193 
2457 1779 1744 770 
2458 771 1613 1287 
2459 773 1041 774 
2460 1041 773 1210 
2461 1098 774 1041 
2462 1098 1260 774 
2463 775 1465 776 
2464 775 1464 1465 
2465 1739 776 1465 
2466 983 778 777 
2467 1831 983 777 
2468 1715 1831 777 
2469 983 984 778 
2470 1636 778 984 
2471 780 1328 779 
2472 1663 779 1328 
2473 1612 779 1663 
2474 780 781 1239 
2475 1240 780 1239 
2476 780 1240 1328 
2477 1339 1575 782 
2478 1575 1600 782 
2479 783 784 785 
2480 783 1053 784 
2481 783 785 887 
2482 1064 785 784 
2483 1053 1052 784 
2484 1175 784 1052 
2485 1064 784 1175 
2486 785 1307 887 
2487 1064 1065 785 
2488 1065 1307 785 
2489 786 787 788 
2490 787 941 1836 
2491 888 790 789 
2492 888 789 1802 
2493 789 1428 1480 
2494 1480 1802 789 
2495 791 792 793 
2496 904 792 791 
2497 791 793 1463 
2498 1463 1056 791 
2499 1381 793 792 
2500 792 904 928 
2501 928 1393 792 
2502 792 1393 1381 
2503 1727 793 1381 
2504 793 1522 1463 
2505 1727 1522 793 
2506 1239 794 1240 
2507 1320 1240 794 
2508 796 1764 795 
2509 828 795 1533 
2510 1533 795 1764 
2511 1617 796 1310 
2512 1617 1616 796 
2513 1764 796 1616 
2514 797 798 799 
2515 1196 799 798 
2516 798 1197 1196 
2517 799 1196 938 
2518 800 801 802 
2519 801 800 865 
2520 800 802 1242 
2521 1298 800 1242 
2522 1298 1563 800 
2523 1124 802 801 
2524 865 1404 801 
2525 1124 801 1125 
2526 1404 1125 801 
2527 1124 1409 802 
2528 802 1241 1242 
2529 802 1409 1241 
2530 803 804 805 
2531 803 805 1746 
2532 1746 1806 803 
2533 804 891 805 
2534 804 1295 891 
2535 1556 805 891 
2536 1556 1417 805 
2537 1746 805 1417 
2538 806 810 811 
2539 806 811 1522 
2540 806 1163 986 
2541 806 1522 1163 
2542 807 808 809 
2543 1468 808 807 
2544 1068 807 809 
2545 1068 1384 807 
2546 1383 807 1384 
2547 1468 807 1383 
2548 1353 809 808 
2549 1353 808 1505 
2550 1468 1506 808 
2551 808 1506 1505 
2552 809 1648 1068 
2553 1353 1161 809 
2554 1161 1648 809 
2555 811 810 1054 
2556 868 1054 810 
2557 1463 811 1054 
2558 1463 1522 811 
2559 812 813 814 
2560 1386 814 813 
2561 1538 1386 813 
2562 815 816 817 
2563 815 1604 816 
2564 1145 1604 815 
2565 970 816 971 
2566 971 816 1604 
2567 818 1343 1013 
2568 818 1818 1343 
2569 1818 818 1808 
2570 819 820 821 
2571 819 1117 820 
2572 924 1032 819 
2573 1032 1117 819 
2574 874 820 1117 
2575 1174 820 874 
2576 822 1162 1001 
2577 822 1116 1162 
2578 825 1042 1210 
2579 826 827 1664 
2580 1738 1664 827 
2581 828 834 833 
2582 1771 834 828 
2583 1533 1771 828 
2584 829 830 831 
2585 1052 830 829 
2586 1770 829 831 
2587 1726 1052 829 
2588 829 1625 1726 
2589 829 1770 1625 
2590 998 831 830 
2591 998 830 857 
2592 1053 857 830 
2593 1052 1053 830 
2594 854 831 998 
2595 854 1761 831 
2596 1770 831 1761 
2597 832 833 834 
2598 1020 833 832 
2599 832 834 1734 
2600 1020 832 1757 
2601 1715 832 1734 
2602 1757 832 1715 
2603 1029 833 1020 
2604 1029 1030 833 
2605 1654 1734 834 
2606 1771 1654 834 
2607 835 836 837 
2608 836 835 911 
2609 862 835 837 
2610 862 1105 835 
2611 911 835 1637 
2612 1637 835 1105 
2613 883 837 836 
2614 883 836 881 
2615 880 837 883 
2616 838 839 840 
2617 997 839 838 
2618 1532 838 840 
2619 838 1301 997 
2620 838 1300 1301 
2621 1532 1300 838 
2622 961 840 839 
2623 839 973 961 
2624 839 972 973 
2625 997 972 839 
2626 840 1803 1532 
2627 841 1638 842 
2628 1388 1449 841 
2629 841 1449 1638 
2630 1378 842 948 
2631 1435 948 842 
2632 1435 842 1638 
2633 1492 1421 843 
2634 1492 843 1706 
2635 844 845 846 
2636 844 1441 845 
2637 844 846 1547 
2638 1140 844 1141 
2639 1140 1441 844 
2640 844 1547 1141 
2641 1651 846 845 
2642 1440 845 1441 
2643 845 1440 1694 
2644 1694 1651 845 
2645 984 1047 846 
2646 984 846 1636 
2647 1047 1547 846 
2648 1651 1636 846 
2649 847 848 957 
2650 957 1786 847 
2651 848 1309 957 
2652 848 1164 1025 
2653 848 1025 1309 
2654 849 1007 1225 
2655 1422 850 1008 
2656 850 1422 1736 
2657 852 853 1176 
2658 994 852 1657 
2659 1176 1605 852 
2660 1605 1657 852 
2661 1176 853 1247 
2662 853 1246 1247 
2663 854 855 1565 
2664 854 1565 1761 
2665 855 1290 1292 
2666 855 1292 1566 
2667 1566 1565 855 
2668 1765 1290 856 
2669 857 999 998 
2670 858 859 860 
2671 860 1159 858 
2672 1159 1160 858 
2673 1610 860 859 
2674 1610 859 1608 
2675 1608 859 1743 
2676 1717 1743 859 
2677 861 1619 1670 
2678 1105 862 1106 
2679 1441 1106 862 
2680 1440 1441 862 
2681 1760 1538 864 
2682 1404 865 866 
2683 866 1362 1363 
2684 1404 866 1363 
2685 1009 899 867 
2686 1009 867 1083 
2687 1083 867 1084 
2688 868 1055 1054 
2689 1055 868 1455 
2690 869 870 871 
2691 869 871 1757 
2692 1757 1715 869 
2693 870 1448 871 
2694 900 870 901 
2695 870 900 1448 
2696 1102 871 1528 
2697 871 1102 1757 
2698 871 1448 1628 
2699 871 1628 1528 
2700 1469 872 968 
2701 872 1469 1674 
2702 1695 872 1674 
2703 875 876 877 
2704 875 1288 876 
2705 917 1034 878 
2706 1034 1243 878 
2707 880 883 1442 
2708 1442 1151 880 
2709 881 882 883 
2710 1442 883 882 
2711 884 885 886 
2712 884 1360 885 
2713 886 1793 884 
2714 884 1794 1360 
2715 884 1793 1794 
2716 1360 1571 885 
2717 886 940 1793 
2718 1807 887 1307 
2719 1432 888 1457 
2720 1816 1457 888 
2721 1802 1816 888 
2722 991 890 889 
2723 992 991 889 
2724 991 1369 890 
2725 1790 890 1369 
2726 1295 977 891 
2727 1334 891 977 
2728 1334 1556 891 
2729 892 893 894 
2730 892 894 1451 
2731 892 1451 1453 
2732 1453 1553 892 
2733 893 1273 894 
2734 1273 893 1274 
2735 894 1514 1451 
2736 895 1246 1108 
2737 1247 1246 895 
2738 1035 897 1557 
2739 1009 1010 899 
2740 901 975 900 
2741 974 900 975 
2742 974 1513 900 
2743 900 1513 1448 
2744 901 1375 975 
2745 1516 1375 901 
2746 905 906 907 
2747 905 1525 906 
2748 1777 905 907 
2749 1476 1756 905 
2750 905 1777 1476 
2751 1525 905 1524 
2752 1756 1524 905 
2753 1525 1647 906 
2754 1209 1560 907 
2755 1777 907 1560 
2756 908 909 910 
2757 1835 909 908 
2758 908 1238 1718 
2759 1718 1835 908 
2760 1776 910 909 
2761 1507 909 1835 
2762 909 1507 1838 
2763 909 1838 1776 
2764 1434 912 911 
2765 1434 911 1296 
2766 911 1637 1296 
2767 1172 913 1171 
2768 914 915 1418 
2769 914 1420 1088 
2770 914 1418 1420 
2771 915 1634 1418 
2772 1225 916 1691 
2773 1034 917 1459 
2774 918 919 920 
2775 1800 919 918 
2776 918 920 1482 
2777 1157 1158 918 
2778 1157 918 1482 
2779 918 1158 1800 
2780 1231 919 1229 
2781 1800 1229 919 
2782 1481 1482 920 
2783 1359 921 1148 
2784 1732 921 1359 
2785 1487 922 1488 
2786 1414 1364 926 
2787 1411 1414 926 
2788 1393 928 1607 
2789 1621 1607 928 
2790 945 929 1139 
2791 945 1297 929 
2792 979 929 1297 
2793 930 931 932 
2794 930 932 1827 
2795 1722 930 1827 
2796 931 966 932 
2797 1293 932 966 
2798 1293 1279 932 
2799 1279 1827 932 
2800 934 935 936 
2801 934 1294 935 
2802 934 936 1485 
2803 934 1485 1819 
2804 1819 1712 934 
2805 1017 936 935 
2806 936 1017 1582 
2807 936 1486 1485 
2808 1486 936 1582 
2809 1150 937 1537 
2810 1196 1375 938 
2811 1516 938 1375 
2812 1366 939 1387 
2813 1450 1387 939 
2814 1316 1261 940 
2815 1793 940 1261 
2816 943 944 945 
2817 945 1139 943 
2818 1316 943 1139 
2819 944 1073 945 
2820 944 1810 1073 
2821 1297 945 1073 
2822 946 947 948 
2823 1349 947 946 
2824 948 1436 946 
2825 976 946 1436 
2826 948 947 1378 
2827 1349 1132 947 
2828 1435 1436 948 
2829 949 950 951 
2830 1149 949 951 
2831 1095 1097 949 
2832 1149 1095 949 
2833 967 1149 951 
2834 952 953 954 
2835 953 952 1214 
2836 952 954 1435 
2837 1438 1214 952 
2838 952 1435 1638 
2839 1438 952 1638 
2840 1461 954 953 
2841 1214 1216 953 
2842 1817 953 1216 
2843 1460 1461 953 
2844 1460 953 1817 
2845 1436 1435 954 
2846 1436 954 1641 
2847 1461 1641 954 
2848 955 959 1355 
2849 1355 1352 955 
2850 956 957 958 
2851 956 1786 957 
2852 956 958 1255 
2853 956 1255 1500 
2854 956 1500 1786 
2855 1309 958 957 
2856 1254 1255 958 
2857 1559 1254 958 
2858 958 1309 1559 
2859 973 1226 961 
2860 962 963 1606 
2861 1606 1607 962 
2862 1822 963 1014 
2863 963 1812 1606 
2864 1822 1812 963 
2865 1184 965 964 
2866 1118 964 1182 
2867 964 1118 1184 
2868 965 1184 1185 
2869 1185 1486 965 
2870 965 1486 1582 
2871 967 1763 1149 
2872 969 1630 1082 
2873 971 1614 970 
2874 1614 1155 970 
2875 1629 973 972 
2876 997 1401 972 
2877 1401 1106 972 
2878 972 1106 1629 
2879 973 1142 1226 
2880 1142 973 1629 
2881 1070 974 975 
2882 1070 975 1198 
2883 1375 1198 975 
2884 1436 1641 976 
2885 1641 1686 976 
2886 977 1295 978 
2887 1209 978 1656 
2888 1656 978 1295 
2889 1678 1348 980 
2890 1678 980 1664 
2891 1742 982 981 
2892 1006 1153 981 
2893 981 1153 1154 
2894 981 1154 1773 
2895 1773 1742 981 
2896 1592 982 1741 
2897 1742 1741 982 
2898 984 983 1045 
2899 1045 983 1653 
2900 1831 1653 983 
2901 984 1045 1047 
2902 986 987 988 
2903 987 986 1163 
2904 987 1160 1159 
2905 1163 1160 987 
2906 1269 1324 990 
2907 1813 990 1324 
2908 991 992 993 
2909 1135 993 992 
2910 1135 992 1136 
2911 1821 993 1135 
2912 1687 994 995 
2913 996 1669 995 
2914 1668 995 1669 
2915 995 1668 1687 
2916 1467 1615 996 
2917 1615 1669 996 
2918 1091 997 1301 
2919 1401 997 1091 
2920 1000 1001 1162 
2921 1162 1021 1000 
2922 1317 1003 1002 
2923 1317 1002 1248 
2924 1003 1769 1004 
2925 1317 1189 1003 
2926 1005 1004 1801 
2927 1801 1004 1769 
2928 1669 1615 1005 
2929 1005 1801 1669 
2930 1422 1008 1007 
2931 1009 1147 1010 
2932 1009 1083 1147 
2933 1010 1147 1685 
2934 1121 1013 1343 
2935 1354 1013 1121 
2936 1016 1015 1533 
2937 1771 1533 1015 
2938 1015 1754 1654 
2939 1771 1015 1654 
2940 1281 1016 1282 
2941 1016 1764 1282 
2942 1016 1533 1764 
2943 1017 1146 1582 
2944 1018 1121 1019 
2945 1354 1121 1018 
2946 1646 1354 1018 
2947 1019 1121 1122 
2948 1029 1020 1103 
2949 1102 1103 1020 
2950 1102 1020 1757 
2951 1021 1022 1023 
2952 1021 1116 1022 
2953 1116 1021 1162 
2954 1258 1023 1022 
2955 1535 1022 1116 
2956 1022 1535 1680 
2957 1023 1258 1031 
2958 1024 1025 1026 
2959 1025 1024 1309 
2960 1026 1477 1024 
2961 1309 1024 1559 
2962 1477 1572 1024 
2963 1572 1559 1024 
2964 1217 1026 1025 
2965 1025 1164 1217 
2966 1026 1165 1166 
2967 1217 1165 1026 
2968 1026 1166 1477 
2969 1241 1027 1028 
2970 1241 1348 1027 
2971 1348 1677 1027 
2972 1242 1241 1028 
2973 1298 1242 1028 
2974 1298 1028 1299 
2975 1033 1044 1124 
2976 1124 1125 1033 
2977 1033 1125 1156 
2978 1243 1034 1567 
2979 1459 1540 1034 
2980 1540 1567 1034 
2981 1602 1035 1557 
2982 1038 1211 1212 
2983 1211 1038 1778 
2984 1095 1040 1039 
2985 1095 1039 1096 
2986 1149 1040 1095 
2987 1041 1042 1043 
2988 1041 1210 1042 
2989 1043 1098 1041 
2990 1124 1044 1409 
2991 1045 1046 1047 
2992 1046 1045 1655 
2993 1653 1655 1045 
2994 1661 1047 1046 
2995 1046 1655 1754 
2996 1661 1547 1047 
2997 1048 1049 1639 
2998 1048 1639 1235 
2999 1753 1276 1049 
3000 1050 1321 1051 
3001 1050 1200 1321 
3002 1050 1774 1200 
3003 1230 1774 1050 
3004 1321 1496 1051 
3005 1496 1730 1051 
3006 1175 1052 1726 
3007 1054 1055 1056 
3008 1463 1054 1056 
3009 1056 1055 1527 
3010 1055 1455 1515 
3011 1515 1527 1055 
3012 1057 1232 1058 
3013 1205 1057 1206 
3014 1232 1057 1205 
3015 1222 1058 1232 
3016 1785 1058 1222 
3017 1059 1776 1838 
3018 1059 1838 1837 
3019 1523 1062 1061 
3020 1523 1061 1181 
3021 1675 1181 1061 
3022 1376 1675 1061 
3023 1088 1062 1089 
3024 1088 1100 1062 
3025 1523 1089 1062 
3026 1814 1065 1064 
3027 1278 1064 1175 
3028 1814 1064 1278 
3029 1814 1797 1065 
3030 1066 1067 1068 
3031 1198 1067 1066 
3032 1068 1648 1066 
3033 1066 1069 1070 
3034 1069 1066 1648 
3035 1198 1066 1070 
3036 1197 1067 1198 
3037 1069 1648 1517 
3038 1071 1072 1252 
3039 1071 1252 1751 
3040 1071 1751 1766 
3041 1252 1072 1253 
3042 1074 1075 1076 
3043 1130 1075 1074 
3044 1076 1412 1074 
3045 1251 1074 1412 
3046 1076 1075 1626 
3047 1130 1129 1075 
3048 1075 1129 1568 
3049 1075 1568 1626 
3050 1724 1128 1077 
3051 1568 1662 1079 
3052 1577 1081 1495 
3053 1630 1481 1082 
3054 1083 1084 1275 
3055 1083 1275 1497 
3056 1275 1084 1273 
3057 1086 1085 1442 
3058 1111 1151 1085 
3059 1151 1442 1085 
3060 1088 1791 1100 
3061 1791 1088 1420 
3062 1523 1325 1089 
3063 1177 1090 1167 
3064 1091 1092 1093 
3065 1544 1092 1091 
3066 1401 1091 1093 
3067 1544 1091 1301 
3068 1296 1093 1092 
3069 1234 1233 1092 
3070 1092 1233 1296 
3071 1544 1234 1092 
3072 1093 1105 1401 
3073 1637 1105 1093 
3074 1296 1637 1093 
3075 1361 1146 1094 
3076 1094 1372 1361 
3077 1095 1096 1097 
3078 1097 1096 1456 
3079 1456 1096 1519 
3080 1098 1099 1260 
3081 1260 1099 1676 
3082 1676 1099 1677 
3083 1102 1528 1103 
3084 1391 1103 1528 
3085 1401 1105 1106 
3086 1441 1140 1106 
3087 1106 1140 1629 
3088 1123 1268 1107 
3089 1108 1109 1110 
3090 1109 1108 1246 
3091 1826 1108 1110 
3092 1256 1110 1109 
3093 1256 1109 1257 
3094 1256 1314 1110 
3095 1110 1314 1315 
3096 1110 1315 1826 
3097 1111 1112 1113 
3098 1111 1172 1112 
3099 1151 1111 1113 
3100 1113 1112 1357 
3101 1171 1112 1172 
3102 1195 1113 1357 
3103 1114 1500 1115 
3104 1500 1255 1115 
3105 1118 1119 1120 
3106 1118 1199 1119 
3107 1120 1184 1118 
3108 1118 1182 1199 
3109 1360 1120 1119 
3110 1530 1119 1199 
3111 1571 1360 1119 
3112 1119 1530 1571 
3113 1120 1185 1184 
3114 1185 1120 1794 
3115 1120 1360 1794 
3116 1343 1122 1121 
3117 1343 1385 1122 
3118 1581 1122 1385 
3119 1580 1122 1581 
3120 1156 1125 1203 
3121 1404 1203 1125 
3122 1126 1824 1127 
3123 1824 1126 1391 
3124 1585 1206 1127 
3125 1127 1713 1585 
3126 1127 1824 1713 
3127 1129 1130 1131 
3128 1129 1131 1191 
3129 1662 1129 1191 
3130 1568 1129 1662 
3131 1190 1191 1131 
3132 1131 1289 1190 
3133 1131 1288 1289 
3134 1132 1133 1134 
3135 1132 1740 1133 
3136 1349 1740 1132 
3137 1322 1323 1136 
3138 1140 1141 1142 
3139 1142 1629 1140 
3140 1226 1142 1573 
3141 1143 1491 1302 
3142 1490 1491 1143 
3143 1432 1443 1145 
3144 1443 1640 1145 
3145 1640 1604 1145 
3146 1359 1148 1304 
3147 1578 1579 1154 
3148 1773 1154 1579 
3149 1698 1155 1614 
3150 1698 1714 1155 
3151 1202 1156 1203 
3152 1158 1157 1682 
3153 1551 1631 1158 
3154 1158 1682 1551 
3155 1631 1800 1158 
3156 1160 1163 1727 
3157 1160 1727 1380 
3158 1161 1517 1648 
3159 1727 1163 1522 
3160 1164 1218 1217 
3161 1166 1165 1180 
3162 1165 1168 1169 
3163 1217 1168 1165 
3164 1169 1180 1165 
3165 1166 1180 1179 
3166 1475 1166 1179 
3167 1475 1477 1166 
3168 1177 1167 1178 
3169 1178 1167 1611 
3170 1167 1665 1611 
3171 1170 1169 1168 
3172 1170 1168 1218 
3173 1217 1218 1168 
3174 1169 1325 1180 
3175 1278 1175 1827 
3176 1726 1722 1175 
3177 1722 1827 1175 
3178 1177 1178 1319 
3179 1177 1319 1183 
3180 1178 1609 1319 
3181 1178 1611 1609 
3182 1179 1180 1181 
3183 1179 1181 1346 
3184 1179 1346 1475 
3185 1523 1181 1180 
3186 1523 1180 1325 
3187 1675 1346 1181 
3188 1200 1199 1182 
3189 1200 1182 1321 
3190 1183 1259 1400 
3191 1183 1578 1259 
3192 1183 1319 1578 
3193 1794 1479 1185 
3194 1697 1187 1186 
3195 1529 1501 1186 
3196 1186 1501 1696 
3197 1186 1696 1697 
3198 1462 1190 1289 
3199 1662 1191 1729 
3200 1588 1679 1192 
3201 1392 1194 1515 
3202 1196 1197 1198 
3203 1196 1198 1375 
3204 1199 1200 1201 
3205 1201 1530 1199 
3206 1774 1201 1200 
3207 1530 1201 1531 
3208 1550 1531 1201 
3209 1784 1550 1201 
3210 1784 1201 1774 
3211 1202 1203 1622 
3212 1202 1622 1410 
3213 1203 1404 1363 
3214 1363 1518 1203 
3215 1518 1622 1203 
3216 1204 1705 1452 
3217 1205 1206 1207 
3218 1789 1205 1207 
3219 1232 1205 1789 
3220 1206 1585 1207 
3221 1825 1207 1585 
3222 1789 1207 1642 
3223 1825 1642 1207 
3224 1209 1561 1560 
3225 1656 1561 1209 
3226 1211 1365 1212 
3227 1562 1365 1211 
3228 1562 1211 1796 
3229 1211 1778 1796 
3230 1303 1212 1365 
3231 1227 1213 1228 
3232 1327 1213 1227 
3233 1327 1284 1213 
3234 1214 1215 1216 
3235 1437 1215 1214 
3236 1437 1214 1438 
3237 1215 1581 1216 
3238 1437 1421 1215 
3239 1421 1580 1215 
3240 1215 1580 1581 
3241 1385 1216 1581 
3242 1817 1216 1385 
3243 1353 1505 1219 
3244 1505 1768 1219 
3245 1367 1221 1788 
3246 1222 1223 1224 
3247 1223 1222 1232 
3248 1224 1804 1222 
3249 1785 1222 1804 
3250 1232 1789 1223 
3251 1223 1789 1318 
3252 1224 1526 1668 
3253 1668 1804 1224 
3254 1339 1226 1573 
3255 1229 1230 1231 
3256 1774 1230 1229 
3257 1774 1229 1784 
3258 1800 1784 1229 
3259 1233 1234 1235 
3260 1382 1233 1235 
3261 1434 1296 1233 
3262 1382 1434 1233 
3263 1373 1235 1234 
3264 1382 1235 1639 
3265 1387 1388 1237 
3266 1749 1387 1237 
3267 1348 1241 1409 
3268 1243 1244 1245 
3269 1243 1567 1244 
3270 1245 1244 1330 
3271 1330 1244 1331 
3272 1244 1566 1331 
3273 1244 1567 1566 
3274 1248 1249 1250 
3275 1250 1317 1248 
3276 1521 1250 1249 
3277 1521 1249 1520 
3278 1411 1251 1414 
3279 1251 1412 1414 
3280 1252 1725 1751 
3281 1559 1561 1254 
3282 1656 1254 1561 
3283 1256 1257 1430 
3284 1576 1314 1256 
3285 1256 1430 1431 
3286 1256 1431 1576 
3287 1430 1257 1318 
3288 1261 1262 1263 
3289 1263 1793 1261 
3290 1795 1263 1262 
3291 1263 1479 1793 
3292 1280 1264 1797 
3293 1265 1266 1267 
3294 1265 1267 1628 
3295 1399 1265 1397 
3296 1265 1628 1397 
3297 1391 1267 1266 
3298 1266 1371 1824 
3299 1824 1391 1266 
3300 1391 1528 1267 
3301 1528 1628 1267 
3302 1268 1269 1270 
3303 1272 1748 1707 
3304 1273 1274 1275 
3305 1275 1274 1489 
3306 1426 1489 1274 
3307 1489 1497 1275 
3308 1278 1827 1279 
3309 1814 1280 1797 
3310 1752 1281 1282 
3311 1281 1470 1471 
3312 1752 1470 1281 
3313 1616 1752 1282 
3314 1764 1616 1282 
3315 1283 1665 1720 
3316 1285 1284 1595 
3317 1326 1284 1327 
3318 1326 1595 1284 
3319 1286 1287 1780 
3320 1780 1781 1286 
3321 1613 1634 1287 
3322 1780 1287 1634 
3323 1589 1462 1289 
3324 1290 1291 1292 
3325 1291 1290 1765 
3326 1416 1292 1291 
3327 1416 1291 1417 
3328 1746 1417 1291 
3329 1746 1291 1765 
3330 1292 1416 1331 
3331 1292 1331 1566 
3332 1499 1798 1294 
3333 1299 1564 1298 
3334 1564 1563 1298 
3335 1305 1564 1299 
3336 1660 1301 1300 
3337 1358 1337 1300 
3338 1660 1300 1337 
3339 1358 1300 1532 
3340 1544 1301 1660 
3341 1359 1304 1338 
3342 1390 1338 1304 
3343 1306 1305 1356 
3344 1697 1696 1308 
3345 1310 1311 1312 
3346 1509 1311 1310 
3347 1310 1312 1617 
3348 1509 1599 1311 
3349 1312 1619 1617 
3350 1312 1670 1619 
3351 1313 1402 1699 
3352 1826 1315 1445 
3353 1430 1318 1642 
3354 1642 1318 1789 
3355 1579 1578 1319 
3356 1579 1319 1609 
3357 1813 1324 1396 
3358 1328 1329 1663 
3359 1663 1329 1791 
3360 1330 1331 1332 
3361 1569 1330 1332 
3362 1569 1635 1330 
3363 1416 1332 1331 
3364 1415 1332 1416 
3365 1570 1332 1415 
3366 1569 1332 1570 
3367 1562 1333 1365 
3368 1333 1562 1759 
3369 1759 1808 1333 
3370 1336 1337 1338 
3371 1390 1336 1338 
3372 1390 1503 1336 
3373 1358 1338 1337 
3374 1338 1358 1359 
3375 1573 1575 1339 
3376 1341 1823 1340 
3377 1341 1805 1815 
3378 1342 1623 1693 
3379 1818 1385 1343 
3380 1698 1345 1344 
3381 1344 1552 1681 
3382 1681 1698 1344 
3383 1614 1345 1698 
3384 1346 1756 1475 
3385 1692 1346 1675 
3386 1756 1346 1692 
3387 1348 1678 1677 
3388 1350 1351 1352 
3389 1351 1350 1805 
3390 1355 1350 1352 
3391 1350 1355 1783 
3392 1783 1815 1350 
3393 1805 1350 1815 
3394 1351 1605 1352 
3395 1657 1605 1351 
3396 1732 1359 1358 
3397 1358 1532 1732 
3398 1702 1361 1372 
3399 1701 1361 1702 
3400 1362 1704 1363 
3401 1374 1703 1362 
3402 1362 1703 1704 
3403 1518 1363 1704 
3404 1364 1414 1413 
3405 1366 1367 1368 
3406 1367 1366 1749 
3407 1387 1749 1366 
3408 1368 1367 1788 
3409 1368 1788 1400 
3410 1370 1713 1371 
3411 1632 1633 1370 
3412 1713 1370 1633 
3413 1824 1371 1713 
3414 1372 1647 1702 
3415 1376 1377 1675 
3416 1692 1675 1377 
3417 1688 1755 1377 
3418 1692 1377 1755 
3419 1379 1380 1381 
3420 1379 1425 1380 
3421 1379 1381 1393 
3422 1393 1620 1379 
3423 1425 1379 1620 
3424 1727 1381 1380 
3425 1684 1468 1383 
3426 1817 1385 1818 
3427 1538 1760 1386 
3428 1763 1386 1673 
3429 1388 1387 1450 
3430 1388 1450 1449 
3431 1455 1456 1392 
3432 1455 1392 1515 
3433 1519 1392 1456 
3434 1393 1607 1620 
3435 1394 1395 1396 
3436 1813 1396 1395 
3437 1813 1395 1558 
3438 1397 1398 1399 
3439 1397 1513 1398 
3440 1397 1448 1513 
3441 1448 1397 1628 
3442 1399 1398 1439 
3443 1699 1402 1700 
3444 1402 1781 1700 
3445 1405 1406 1407 
3446 1405 1755 1406 
3447 1407 1525 1405 
3448 1524 1405 1525 
3449 1524 1755 1405 
3450 1787 1407 1406 
3451 1688 1731 1406 
3452 1688 1406 1755 
3453 1787 1406 1731 
3454 1525 1407 1647 
3455 1647 1407 1702 
3456 1701 1702 1407 
3457 1701 1407 1787 
3458 1412 1413 1414 
3459 1415 1416 1417 
3460 1415 1417 1556 
3461 1556 1555 1415 
3462 1570 1415 1555 
3463 1418 1419 1420 
3464 1419 1418 1634 
3465 1663 1420 1419 
3466 1419 1613 1612 
3467 1612 1663 1419 
3468 1419 1634 1613 
3469 1791 1420 1663 
3470 1580 1421 1492 
3471 1652 1425 1620 
3472 1555 1427 1570 
3473 1428 1429 1472 
3474 1428 1472 1480 
3475 1472 1429 1508 
3476 1429 1686 1508 
3477 1643 1431 1430 
3478 1642 1643 1430 
3479 1443 1432 1457 
3480 1438 1638 1449 
3481 1443 1444 1445 
3482 1443 1458 1444 
3483 1640 1443 1445 
3484 1443 1457 1458 
3485 1445 1444 1826 
3486 1495 1447 1446 
3487 1495 1747 1447 
3488 1447 1747 1748 
3489 1451 1452 1453 
3490 1598 1599 1454 
3491 1816 1458 1457 
3492 1778 1458 1816 
3493 1540 1459 1710 
3494 1710 1459 1596 
3495 1461 1460 1508 
3496 1508 1460 1689 
3497 1689 1460 1817 
3498 1461 1508 1686 
3499 1461 1686 1641 
3500 1464 1699 1465 
3501 1699 1700 1465 
3502 1700 1739 1465 
3503 1467 1466 1615 
3504 1467 1716 1466 
3505 1468 1837 1506 
3506 1684 1837 1468 
3507 1600 1541 1469 
3508 1541 1674 1469 
3509 1548 1471 1470 
3510 1470 1587 1548 
3511 1470 1586 1587 
3512 1752 1586 1470 
3513 1472 1473 1474 
3514 1472 1508 1473 
3515 1474 1480 1472 
3516 1759 1474 1473 
3517 1689 1473 1508 
3518 1689 1690 1473 
3519 1473 1690 1759 
3520 1474 1796 1480 
3521 1759 1562 1474 
3522 1796 1474 1562 
3523 1475 1476 1477 
3524 1475 1756 1476 
3525 1572 1477 1476 
3526 1572 1476 1777 
3527 1478 1650 1819 
3528 1794 1793 1479 
3529 1802 1480 1796 
3530 1630 1482 1481 
3531 1487 1488 1511 
3532 1487 1511 1512 
3533 1489 1498 1497 
3534 1493 1809 1494 
3535 1730 1496 1731 
3536 1497 1498 1499 
3537 1499 1498 1798 
3538 1502 1501 1529 
3539 1703 1503 1704 
3540 1735 1704 1503 
3541 1505 1506 1507 
3542 1507 1768 1505 
3543 1838 1507 1506 
3544 1506 1837 1838 
3545 1835 1768 1507 
3546 1512 1511 1671 
3547 1546 1671 1511 
3548 1546 1511 1809 
3549 1512 1671 1672 
3550 1518 1772 1622 
3551 1735 1518 1704 
3552 1735 1772 1518 
3553 1709 1719 1520 
3554 1755 1524 1692 
3555 1524 1756 1692 
3556 1526 1687 1668 
3557 1571 1530 1531 
3558 1532 1803 1732 
3559 1565 1567 1540 
3560 1565 1540 1761 
3561 1540 1710 1761 
3562 1541 1542 1543 
3563 1541 1600 1542 
3564 1543 1745 1541 
3565 1541 1745 1674 
3566 1574 1542 1575 
3567 1575 1542 1600 
3568 1745 1543 1750 
3569 1750 1543 1832 
3570 1694 1545 1658 
3571 1799 1671 1546 
3572 1590 1548 1587 
3573 1590 1832 1548 
3574 1631 1551 1550 
3575 1631 1550 1784 
3576 1551 1682 1733 
3577 1559 1560 1561 
3578 1572 1560 1559 
3579 1572 1777 1560 
3580 1565 1566 1567 
3581 1573 1574 1575 
3582 1609 1608 1579 
3583 1608 1773 1579 
3584 1583 1584 1811 
3585 1810 1811 1584 
3586 1713 1633 1585 
3587 1825 1585 1633 
3588 1752 1762 1586 
3589 1588 1714 1679 
3590 1590 1766 1750 
3591 1750 1832 1590 
3592 1592 1593 1594 
3593 1741 1593 1592 
3594 1592 1594 1645 
3595 1594 1593 1667 
3596 1666 1667 1593 
3597 1666 1593 1717 
3598 1741 1717 1593 
3599 1820 1645 1594 
3600 1594 1667 1812 
3601 1594 1812 1820 
3602 1710 1596 1728 
3603 1735 1603 1772 
3604 1606 1620 1607 
3605 1620 1606 1652 
3606 1652 1606 1812 
3607 1608 1609 1610 
3608 1743 1773 1608 
3609 1611 1610 1609 
3610 1616 1617 1618 
3611 1762 1616 1618 
3612 1762 1752 1616 
3613 1618 1617 1619 
3614 1621 1782 1783 
3615 1726 1625 1624 
3616 1722 1726 1624 
3617 1728 1625 1770 
3618 1631 1784 1800 
3619 1633 1632 1643 
3620 1633 1643 1825 
3621 1651 1659 1636 
3622 1825 1643 1642 
3623 1820 1646 1645 
3624 1646 1820 1822 
3625 1712 1819 1650 
3626 1651 1658 1659 
3627 1694 1658 1651 
3628 1812 1667 1652 
3629 1653 1654 1655 
3630 1653 1734 1654 
3631 1734 1653 1831 
3632 1754 1655 1654 
3633 1664 1738 1678 
3634 1669 1801 1668 
3635 1668 1801 1804 
3636 1828 1672 1671 
3637 1799 1828 1671 
3638 1672 1829 1729 
3639 1828 1829 1672 
3640 1695 1674 1725 
3641 1674 1745 1725 
3642 1676 1677 1678 
3643 1678 1738 1676 
3644 1681 1679 1714 
3645 1681 1714 1698 
3646 1688 1730 1731 
3647 1689 1818 1690 
3648 1689 1817 1818 
3649 1808 1759 1690 
3650 1808 1690 1818 
3651 1767 1700 1781 
3652 1707 1708 1709 
3653 1707 1748 1708 
3654 1719 1709 1708 
3655 1747 1708 1748 
3656 1728 1770 1710 
3657 1761 1710 1770 
3658 1715 1734 1831 
3659 1741 1743 1717 
3660 1745 1751 1725 
3661 1741 1742 1743 
3662 1773 1743 1742 
3663 1745 1750 1751 
3664 1746 1765 1806 
3665 1750 1766 1751 
3666 1780 1767 1781 
3667 1785 1804 1769 
3668 1801 1769 1804 
3669 1796 1778 1802 
3670 1802 1778 1816 
3671 1783 1782 1815 
3672 1812 1822 1820 
3 1 4 12299
3673 1996 2659 2415 2938 
3674 1055 2117 2003 2830 
3675 451 2357 2002 2531 
3676 2077 2734 804 2845 
3677 1730 2432 2025 2529 
3678 721 2141 825 2771 
3679 319 2378 2106 2517 
3680 1987 2209 1119 2791 
3681 1705 1994 84 2094 
3682 2009 2011 1857 2178 
3683 812 2212 2113 2471 
3684 1119 1987 1118 2209 
3685 1967 2287 2256 2550 
3686 2168 2216 1157 2285 
3687 537 2072 2390 2596 
3688 348 2349 950 2426 
3689 1911 2276 1936 2530 
3690 475 2306 2495 2558 
3691 1449 2463 2069 2758 
3692 2000 2119 1966 2872 
3693 1966 2119 481 2406 
3694 451 2158 2357 2531 
3695 288 289 1963 2451 
3696 1911 1936 2321 2530 
3697 1807 146 147 2754 
3698 1933 2280 1869 2490 
3699 537 2072 1596 2390 
3700 1449 1438 288 1963 
3701 481 2119 1966 2665 
3702 1868 2155 2369 2577 
3703 1869 2424 1933 2490 
3704 2152 2246 1936 2321 
3705 721 2049 2141 2771 
3706 1158 1157 2216 2285 
3707 1804 2153 2018 2745 
3708 97 2102 2072 2825 
3709 2070 2252 341 2548 
3710 1933 2374 2085 2614 
3711 2119 2502 1966 2872 
3712 1832 2239 2090 2296 
3713 515 2090 516 2618 
3714 1668 2018 1804 2153 
3715 1849 2014 1938 2684 
3716 1899 2224 2078 2635 
3717 1807 711 146 2754 
3718 1933 2085 2374 2535 
3719 97 2574 2102 2825 
3720 117 2090 1832 2239 
3721 516 2090 2519 2618 
3722 1850 2078 1998 2224 
3723 2224 2515 2507 2837 
3724 1448 2134 2130 2400 
3725 2132 2229 2139 2473 
3726 1605 2047 2013 2347 
3727 1971 2507 2224 2515 
3728 2001 1841 2156 2191 
3729 2121 2415 1996 2659 
3730 1994 2094 1705 2351 
3731 1118 1987 1119 2791 
3732 1842 2182 2132 2412 
3733 2507 2515 1971 2837 
3734 908 2415 2659 2938 
3735 1917 2229 2132 2473 
3736 1426 2446 2167 2912 
3737 2274 2331 1962 2885 
3738 537 2102 2072 2596 
3739 628 1975 630 2466 
3740 2108 2513 1961 2796 
3741 54 2209 2244 2285 
3742 1848 2033 1976 2537 
3743 1938 2014 1849 2301 
3744 838 1993 1532 2307 
3745 289 1450 288 1963 
3746 1966 2406 482 2745 
3747 1905 2139 2132 2229 
3748 2033 2537 1889 2644 
3749 1976 2033 1848 2849 
3750 1842 2132 2182 2741 
3751 2111 2535 1933 2607 
3752 1559 2495 2306 2558 
3753 1449 1963 2463 2758 
3754 2108 2319 1961 2513 
3755 1998 2224 2078 2439 
3756 1869 2280 2142 2490 
3757 1350 2346 2057 2347 
3758 25 2062 44 2761 
3759 1984 2178 1857 2342 
3760 1890 2191 2125 2701 
3761 387 388 1957 2346 
3762 2032 2245 1589 2311 
3763 1950 2369 2155 2577 
3764 2115 2247 503 2546 
3765 1961 2513 2319 2796 
3766 331 2383 1988 2736 
3767 2167 2366 2127 2586 
3768 1874 2156 2001 2304 
3769 1791 2283 2025 2310 
3770 394 2188 2006 2303 
3771 845 1974 2202 2489 
3772 25 44 2062 2392 
3773 557 2145 1799 2378 
3774 1949 1881 2312 2783 
3775 1426 2228 2446 2912 
3776 208 2183 1953 2822 
3777 2128 1158 2216 2285 
3778 1936 2276 2257 2530 
3779 2135 2364 2319 2447 
3780 1849 1938 2124 2684 
3781 874 2188 394 2303 
3782 885 2209 2061 2244 
3783 1857 2502 2119 2872 
3784 1857 2178 2011 2342 
3785 1668 2018 2153 2355 
3786 414 2056 2326 2401 
3787 1992 44 2392 2761 
3788 2062 2392 44 2761 
3789 1956 2645 2429 2819 
3790 2183 2344 2114 2749 
3791 2182 2275 2052 2412 
3792 1871 2052 2182 2275 
3793 2013 2047 1605 2352 
3794 908 2415 2121 2659 
3795 1962 2331 2274 2486 
3796 1055 868 2117 2830 
3797 1850 2078 2224 2635 
3798 2115 503 2264 2546 
3799 208 2211 2183 2822 
3800 1849 1938 2301 2354 
3801 1912 2114 2344 2749 
3802 2106 2517 2053 2641 
3803 1853 2082 2179 2672 
3804 1874 2125 2001 2156 
3805 1936 2321 2257 2651 
3806 27 25 44 2761 
3807 1949 2312 1881 2384 
3808 1853 2465 2082 2672 
3809 116 118 117 2090 
3810 630 1975 628 2199 
3811 1463 2117 2258 2468 
3812 2030 2236 2021 2908 
3813 2152 2321 1936 2651 
3814 2082 2465 2388 2672 
3815 1249 1250 2268 2918 
3816 838 1532 1993 2804 
3817 644 2221 2026 2230 
3818 1965 2600 29 2794 
3819 1853 2179 2465 2672 
3820 1507 2157 2112 2581 
3821 331 2170 1988 2383 
3822 1857 1953 2119 2583 
3823 1932 2217 1894 2527 
3824 1984 1857 2178 2478 
3825 1961 2319 2108 2698 
3826 348 2349 2426 2830 
3827 1855 2059 1990 2122 
3828 1890 2671 2191 2701 
3829 54 2209 885 2244 
3830 1841 2118 2001 2304 
3831 414 2326 2056 2753 
3832 2033 2177 1889 2537 
3833 1909 2366 2167 2586 
3834 1780 1286 2133 2656 
3835 2153 2406 1852 2778 
3836 1852 2153 2046 2406 
3837 2046 2344 1852 2583 
3838 1885 2178 2320 2562 
3839 266 2302 2199 2700 
3840 1953 2344 2046 2583 
3841 1854 2176 2110 2866 
3842 1893 2097 1982 2391 
3843 1817 2451 2266 2720 
3844 1853 2388 2082 2465 
3845 812 814 2212 2471 
3846 2021 2236 2030 2539 
3847 2001 2156 2125 2191 
3848 1871 2182 2050 2275 
3849 1780 2133 2054 2656 
3850 1086 2076 2259 2438 
3851 1961 2668 2319 2698 
3852 1869 2280 1933 2424 
3853 1932 1894 2218 2527 
3854 2191 2671 2125 2701 
3855 763 404 1258 1208 
3856 1849 2124 1938 2354 
3857 49 1999 1323 2227 
3858 96 2574 97 2825 
3859 1142 516 2519 2618 
3860 2406 2583 1852 2778 
3861 1791 1985 2283 2310 
3862 2099 2332 2173 2648 
3863 121 119 2078 2439 
3864 1964 2459 2039 2734 
3865 1266 2143 2012 2846 
3866 1868 2015 1973 2137 
3867 1783 2057 1350 2346 
3868 2224 2507 1998 2837 
3869 1883 1958 2030 2539 
3870 1885 2342 1940 2852 
3871 2017 1498 2446 2526 
3872 2172 2283 1756 2385 
3873 1118 2209 1987 2449 
3874 1691 2241 2027 2589 
3875 1959 2275 2182 2412 
3876 1999 2164 1323 2227 
3877 1956 2594 2429 2645 
3878 1887 2114 2183 2344 
3879 1427 1426 2167 2912 
3880 2373 2571 2398 2693 
3881 2178 1959 2320 2562 
3882 1993 2160 1532 2307 
3883 1902 2431 2252 2548 
3884 1077 2108 2357 2796 
3885 2224 1998 2515 2837 
3886 1556 2039 2459 2734 
3887 1449 1963 1450 2463 
3888 1911 2321 1936 2440 
3889 1897 2162 2420 2512 
3890 2078 2224 1899 2439 
3891 997 1301 838 1993 
3892 2374 2535 2085 2976 
3893 1851 2085 2070 2737 
3894 2182 2297 2132 2412 
3895 2127 2366 2205 2586 
3896 1954 2388 1853 2465 
3897 1849 2420 2014 2684 
3898 1055 2003 2117 2468 
3899 1924 2216 2168 2273 
3900 1301 1993 997 2327 
3901 1449 288 1450 1963 
3902 340 2252 2431 2548 
3903 2036 2643 1849 2679 
3904 1887 2178 1959 2182 
3905 1959 2052 2275 2412 
3906 1120 1119 1118 2209 
3907 2132 2297 2182 2741 
3908 1953 2183 208 2749 
3909 2256 2287 2084 2550 
3910 404 763 12 1208 
3911 283 2057 1783 2346 
3912 2009 2178 1857 2478 
3913 1871 2182 2052 2412 
3914 475 2495 1700 2558 
3915 643 2221 2230 2438 
3916 1539 537 2390 2596 
3917 1861 2442 1995 2590 
3918 2072 2222 1710 2630 
3919 1960 2221 2259 2493 
3920 1986 2364 2135 2447 
3921 589 1369 1981 2194 
3922 1150 2517 1537 2650 
3923 1694 845 1974 2202 
3924 606 2025 1730 2432 
3925 1976 2537 2033 2644 
3926 1861 1995 2567 2590 
3927 1207 2040 2580 2593 
3928 266 2199 2302 2547 
3929 1956 2429 2666 2819 
3930 1839 2571 2373 2693 
3931 2001 2125 1890 2191 
3932 1539 537 1596 2390 
3933 940 2061 2461 2730 
3934 1883 2030 1958 2201 
3935 1432 1978 2589 2947 
3936 673 879 2049 2163 
3937 1997 2046 1852 2153 
3938 2173 2332 2099 2644 
3939 2190 2488 1901 2549 
3940 2050 2275 2182 2748 
3941 1448 2400 2130 2496 
3942 251 2027 1691 2241 
3943 481 482 1966 2406 
3944 1857 2119 2502 2583 
3945 1369 2109 1981 2194 
3946 1885 1940 2487 2852 
3947 1532 2160 1993 2804 
3948 1942 2374 2085 2976 
3949 1940 1885 2186 2342 
3950 1365 1972 736 2210 
3951 1507 2112 2157 2415 
3952 629 628 630 2466 
3953 1966 2502 2119 2583 
3954 2118 2304 1841 2470 
3955 388 904 387 1957 
3956 1927 1962 2274 2486 
3957 1929 2867 2148 2879 
3958 870 2130 1448 2134 
3959 1547 2196 1974 2881 
3960 2050 2182 1887 2748 
3961 2014 2261 1259 2793 
3962 2361 2499 1906 2586 
3963 2049 2141 2771 2960 
3964 2041 2398 2373 2571 
3965 1861 2120 2024 2151 
3966 2021 2539 2030 2693 
3967 1301 2231 1993 2327 
3968 997 1993 838 2327 
3969 1983 2295 1869 2834 
3970 803 2077 2410 2508 
3971 817 2535 2111 2607 
3972 1856 1971 2019 2338 
3973 1669 2153 1997 2355 
3974 415 2321 2257 2530 
3975 1962 2279 1882 2376 
3976 1873 2168 2216 2273 
3977 1520 2326 2268 2330 
3978 153 154 2321 2651 
3979 121 2439 2078 2481 
3980 2594 2645 1956 2819 
3981 2075 2149 346 2243 
3982 1885 2121 1940 2186 
3983 1124 2291 1988 2579 
3984 289 2381 1963 2451 
3985 1979 1891 2800 2914 
3986 1862 2867 2501 2879 
3987 1876 2162 1967 2512 
3988 571 2517 2106 2641 
3989 2070 2085 1851 2433 
3990 2452 2523 2012 2876 
3991 1208 2856 1114 2957 
3992 27 2062 25 2761 
3993 145 2754 1597 2856 
3994 94 2171 2047 2847 
3995 1208 12 2856 2957 
3996 1841 2001 2156 2818 
3997 1286 2609 2133 2656 
3998 1917 2132 2229 2322 
3999 683 1589 2032 2245 
4000 2038 2110 1854 2176 
4001 2050 2145 557 2378 
4002 1905 2229 2132 2322 
4003 40 2234 2574 2619 
4004 2052 2412 1905 2738 
4005 374 2397 1956 2622 
4006 606 2432 1730 2529 
4007 2072 2102 537 2727 
4008 276 2453 2381 2640 
4009 1960 1866 2221 2493 
4010 1840 2173 2270 2458 
4011 1463 2258 2117 2448 
4012 2012 2143 2 2452 
4013 884 2061 885 2209 
4014 288 1963 1438 2451 
4015 593 2141 2049 2234 
4016 1959 1887 2182 2748 
4017 2273 2470 2371 2635 
4018 1559 2363 2495 2558 
4019 1901 2488 2190 2584 
4020 2110 2176 2038 2294 
4021 1935 2302 2199 2547 
4022 2346 2416 2057 2802 
4023 1854 2110 2058 2866 
4024 29 1965 2486 2600 
4025 615 1520 1709 2330 
4026 711 1597 146 2754 
4027 1887 1959 2178 2298 
4028 319 2106 571 2517 
4029 1799 557 1546 2145 
4030 1957 2346 388 2396 
4031 1494 1809 1959 2324 
4032 1855 1990 2059 2348 
4033 157 156 1001 1023 
4034 1905 2412 2297 2738 
4035 1456 1096 2016 2265 
4036 2553 2575 2019 2817 
4037 1142 2519 2213 2618 
4038 2023 1875 2359 2556 
4039 904 1957 388 2468 
4040 1959 2324 2052 2412 
4041 1963 2266 953 2451 
4042 1804 2018 2282 2745 
4043 1861 2024 2120 2590 
4044 1975 1875 2159 2556 
4045 721 825 720 2771 
4046 2381 2451 276 2640 
4047 1954 2210 1853 2388 
4048 1906 2499 2361 2882 
4049 2155 1868 2369 2456 
4050 1973 2015 1868 2281 
4051 2015 2137 1892 2330 
4052 1524 2172 1985 2283 
4053 1221 2023 2240 2435 
4054 2086 2192 573 2426 
4055 683 2245 2032 2444 
4056 1953 2402 208 2822 
4057 629 1975 628 2466 
4058 1975 2359 1875 2556 
4059 1940 2121 1885 2487 
4060 1896 2246 2152 2321 
4061 1929 2501 2867 2879 
4062 730 2188 2148 2523 
4063 1861 2151 2024 2567 
4064 1456 2265 2016 2403 
4065 1953 208 2402 2749 
4066 1449 1438 1963 2758 
4067 673 2163 2049 2736 
4068 2000 2268 1250 2918 
4069 2006 2229 20 2303 
4070 2080 2488 1901 2584 
4071 153 2321 2152 2651 
4072 179 2351 2180 2968 
4073 166 2468 2396 2634 
4074 29 2486 1965 2794 
4075 762 746 2171 2847 
4076 1856 2019 2553 2575 
4077 1791 2025 2283 2787 
4078 986 2448 210 2514 
4079 2183 2211 1953 2822 
4080 1547 1974 2519 2881 
4081 1901 2488 2080 2549 
4082 70 1670 2565 2823 
4083 1493 1494 1959 2320 
4084 1350 2346 2347 2925 
4085 2023 2159 1875 2556 
4086 1856 2019 2575 2828 
4087 2167 2446 1498 2526 
4088 989 2357 2108 2685 
4089 1893 2097 2391 2890 
4090 1931 2605 2700 2833 
4091 953 2266 1817 2451 
4092 2021 2179 1853 2884 
4093 1450 1963 289 2381 
4094 190 1992 595 2333 
4095 938 696 1516 2377 
4096 1455 1055 2003 2403 
4097 1881 2086 2349 2504 
4098 2074 2005 2454 2657 
4099 1953 1857 2119 2211 
4100 2088 2361 2499 2882 
4101 1896 2772 2116 2876 
4102 643 2221 644 2230 
4103 1493 1959 1809 2748 
4104 190 189 1992 2333 
4105 939 1963 1450 2381 
4106 1963 2643 2036 2679 
4107 1960 2493 2259 2520 
4108 140 2221 2259 2874 
4109 2271 2565 1670 2823 
4110 375 1956 374 2397 
4111 442 1329 2025 2310 
4112 2001 2304 2156 2818 
4113 620 2261 2014 2453 
4114 1973 1892 2137 2330 
4115 2033 2270 2173 2458 
4116 1124 1988 2568 2579 
4117 939 1963 2381 2463 
4118 2021 2693 2030 2908 
4119 460 379 1644 2094 
4120 2106 2517 2378 2555 
4121 1890 2125 2001 2358 
4122 1973 2137 2015 2330 
4123 368 2410 2077 2508 
4124 2099 2173 1912 2648 
4125 2042 2319 2513 2796 
4126 1896 2116 2143 2876 
4127 1839 2041 2373 2571 
4128 1756 2172 1524 2283 
4129 2085 2181 2070 2737 
4130 1859 2109 1999 2194 
4131 2273 2480 2168 2510 
4132 266 768 2302 2700 
4133 2309 2605 1931 2833 
4134 1493 1494 1809 1959 
4135 1914 2176 2110 2294 
4136 2039 2250 1964 2734 
4137 897 1035 2411 2508 
4138 2125 2671 2274 2701 
4139 1985 2262 1525 2300 
4140 189 545 190 1992 
4141 763 12 1208 2957 
4142 2463 2643 2069 2758 
4143 2072 1710 2290 2630 
4144 1756 2283 1692 2385 
4145 2257 2321 1936 2530 
4146 516 2090 514 2519 
4147 2371 1977 2797 2949 
4148 1694 1974 1545 2202 
4149 1525 1407 1405 2695 
4150 29 2486 2175 2600 
4151 1669 1997 995 2355 
4152 2166 2454 2005 2657 
4153 2125 1867 2557 2629 
4154 2167 2446 2228 2912 
4155 989 734 2357 2685 
4156 2085 2374 1851 2614 
4157 140 2259 2221 2438 
4158 179 2094 2180 2351 
4159 1863 2347 2057 2697 
4160 1450 1963 939 2463 
4161 1967 1876 2287 2934 
4162 1849 2124 1980 2399 
4163 2183 2211 208 2883 
4164 1999 2109 1859 2437 
4165 2017 2446 2167 2526 
4166 1879 2319 2135 2364 
4167 950 2349 2086 2426 
4168 415 2257 2321 2651 
4169 1959 2320 1494 2324 
4170 1861 2567 2024 2590 
4171 2020 2371 2470 2635 
4172 1882 2169 1962 2376 
4173 387 1957 904 2416 
4174 331 1988 2170 2669 
4175 1884 2262 2542 2837 
4176 2352 2563 2314 2597 
4177 1883 1937 2696 2834 
4178 1906 2586 2499 2882 
4179 1972 2210 1365 2431 
4180 404 1258 1208 403 
4181 1668 1224 1804 2018 
4182 1872 2445 2075 2781 
4183 1856 2019 1971 2553 
4184 861 1973 2271 2588 
4185 1889 2177 2033 2458 
4186 1588 2245 1995 2311 
4187 2302 2533 2199 2700 
4188 940 2061 1793 2461 
4189 116 2090 117 2239 
4190 1597 711 146 766 
4191 483 482 2406 2745 
4192 127 1673 2022 2212 
4193 498 2233 2081 2624 
4194 1856 1993 2160 2804 
4195 1832 2090 1543 2296 
4196 475 2491 2306 2558 
4197 1924 2273 2168 2510 
4198 2325 2069 2643 2758 
4199 2217 2279 1009 2898 
4200 81 2072 2630 2825 
4201 2051 2171 2057 2708 
4202 1911 1936 2276 2440 
4203 825 2141 720 2771 
4204 1993 2307 838 2327 
4205 481 2119 2665 2918 
4206 341 2252 340 2548 
4207 483 2406 2153 2745 
4208 1894 1932 2218 2712 
4209 1456 2016 1096 2403 
4210 1912 2114 2073 2344 
4211 1984 1857 2211 2342 
4212 2396 2468 2003 2634 
4213 1983 1869 2570 2834 
4214 1803 2307 2160 2439 
4215 1710 2222 1761 2630 
4216 1967 1915 2362 2663 
4217 250 1685 1010 2803 
4218 1399 2150 2012 2523 
4219 339 2070 341 2548 
4220 145 528 2754 2856 
4221 1839 2161 2087 2935 
4222 1419 1985 2315 2801 
4223 267 1422 2547 2615 
4224 1967 2162 1876 2934 
4225 1955 2563 2120 2774 
4226 1077 2108 989 2357 
4227 870 2130 2134 2377 
4228 1916 2204 1945 2353 
4229 2175 2486 1965 2600 
4230 1495 2219 2155 2281 
4231 1791 490 2025 2787 
4232 1455 868 1055 2403 
4233 1902 2179 2382 2973 
4234 516 515 514 2090 
4235 144 2317 2092 2434 
4236 1876 2420 2162 2512 
4237 1897 2512 2420 2785 
4238 1182 1118 1987 2249 
4239 1960 2144 2493 2520 
4240 1936 1843 2276 2440 
4241 2077 2250 805 2734 
4242 2498 2577 2038 2691 
4243 1881 2312 2022 2384 
4244 1949 2086 2380 2744 
4245 2087 2161 1983 2935 
4246 166 1527 2468 2634 
4247 1856 1993 2804 2906 
4248 1875 2193 2682 2752 
4249 576 573 2192 2426 
4250 986 2092 2448 2514 
4251 1869 2295 2280 2424 
4252 1840 2083 2024 2151 
4253 1857 2011 2009 2502 
4254 1896 2152 2246 2772 
4255 1856 2160 2055 2804 
4256 1216 2451 1817 2720 
4257 2307 2439 1803 2481 
4258 2488 2797 1977 2949 
4259 1874 2599 1970 2850 
4260 684 2245 2683 2844 
4261 375 2394 1956 2397 
4262 1899 1969 2470 2481 
4263 2088 1906 2361 2882 
4264 840 2307 1803 2481 
4265 1322 1323 49 1999 
4266 1420 2283 2172 2385 
4267 2273 2318 2118 2917 
4268 1863 2347 2697 2860 
4269 2117 2343 2258 2468 
4270 1780 2054 2133 2495 
4271 1949 2212 2312 2384 
4272 1120 2209 1118 2449 
4273 203 2314 1997 2375 
4274 1273 1274 2228 2446 
4275 1855 2059 2122 2780 
4276 2361 2594 2088 2712 
4277 1323 2164 1999 2899 
4278 1077 2357 1961 2796 
4279 1028 1027 1241 1994 
4280 203 995 1997 2314 
4281 1875 2193 1975 2682 
4282 1028 1027 1994 2966 
4283 1907 2235 2092 2479 
4284 1849 2266 1954 2768 
4285 1869 2008 2424 2490 
4286 1849 2643 2095 2679 
4287 760 2603 2411 2680 
4288 615 2326 1520 2330 
4289 1869 1951 2280 2295 
4290 557 2050 1546 2145 
4291 1885 2178 1959 2320 
4292 482 481 1966 2665 
4293 595 190 545 1992 
4294 1982 2134 1893 2391 
4295 2090 2239 116 2476 
4296 2125 2274 1867 2629 
4297 1987 2249 1118 2449 
4298 1874 2067 2599 2850 
4299 2099 1912 2332 2648 
4300 1854 2038 1996 2112 
4301 228 2694 2077 2742 
4302 1849 1980 2124 2354 
4303 1071 2248 2158 2296 
4304 735 2357 2158 2717 
4305 1629 2460 2144 2955 
4306 1959 2275 2052 2324 
4307 1507 2415 2157 2732 
4308 451 2002 453 2531 
4309 710 2603 708 2680 
4310 2178 2298 1959 2562 
4311 1873 2168 2273 2480 
4312 1863 2047 2347 2860 
4313 684 2245 2052 2683 
4314 1889 2332 2173 2644 
4315 379 2094 460 2180 
4316 3 2012 2452 2523 
4317 1183 2301 2014 2793 
4318 2070 2181 2085 2433 
4319 1966 2665 2000 2872 
4320 2454 2657 2166 2809 
4321 2206 2577 2498 2691 
4322 394 2006 20 2303 
4323 1891 1979 2670 2914 
4324 1852 2406 2046 2583 
4325 1055 2117 1054 2468 
4326 1979 2800 2028 2914 
4327 1845 1958 2242 2305 
4328 250 1010 2279 2803 
4329 2088 2361 1956 2594 
4330 754 2309 2185 2833 
4331 2057 2171 1863 2708 
4332 1540 2222 2072 2727 
4333 244 145 1597 2856 
4334 1977 1850 2488 2549 
4335 1858 2167 2127 2586 
4336 1187 168 2230 2647 
4337 2191 2480 2419 2729 
4338 2063 2175 1297 2421 
4339 70 71 122 2268 
4340 1889 2173 2332 2648 
4341 712 1990 2142 2207 
4342 2036 2266 1963 2679 
4343 674 2456 2369 2766 
4344 1889 2414 2177 2458 
4345 145 1597 1031 244 
4346 1266 1371 2143 2846 
4347 1852 2046 1997 2474 
4348 1942 1880 2521 2567 
4349 1984 2342 2211 2534 
4350 368 2077 581 2508 
4351 1904 2329 2425 2554 
4352 2074 2657 2454 2809 
4353 1150 678 1537 2517 
4354 1845 1958 2305 2539 
4355 121 2481 2078 2797 
4356 589 2194 1981 2471 
4357 451 2158 735 2357 
4358 1853 2399 1954 2465 
4359 2319 2364 1847 2447 
4360 1629 2213 2144 2460 
4361 1616 2263 2187 2417 
4362 1849 2301 2095 2598 
4363 1096 2016 2265 2464 
4364 2272 2391 2097 2890 
4365 2213 2519 1908 2618 
4366 1904 2425 2005 2554 
4367 1853 2210 1954 2566 
4368 1556 2459 535 2734 
4369 1856 1971 2338 2507 
4370 1983 2201 2295 2834 
4371 2174 2255 1866 2460 
4372 1900 2388 2465 2672 
4373 283 2532 2057 2919 
4374 1540 1991 2222 2727 
4375 1224 2018 1668 2355 
4376 323 2026 644 2221 
4377 1956 1882 2594 2819 
4378 331 218 1988 2669 
4379 846 1974 1547 2196 
4380 576 2426 2192 2786 
4381 2054 2495 1560 2626 
4382 169 643 2230 2438 
4383 1883 2305 1958 2539 
4384 1543 2296 2090 2367 
4385 1183 2014 1259 2793 
4386 442 2025 490 2432 
4387 1975 2159 1875 2682 
4388 1849 1954 2266 2785 
4389 1366 2095 939 2894 
4390 1949 2380 2086 2384 
4391 2056 2211 1857 2342 
4392 1866 1960 2144 2493 
4393 1616 2187 2263 2913 
4394 1904 2005 2166 2454 
4395 1966 2119 2000 2665 
4396 2005 1904 2166 2425 
4397 1958 1845 2242 2655 
4398 1423 2185 2309 2472 
4399 301 2020 520 2174 
4400 2268 2326 1249 2918 
4401 840 1532 2160 2307 
4402 2273 2118 2328 2917 
4403 1221 2023 158 2240 
4404 1497 2218 2017 2446 
4405 967 2086 951 2349 
4406 1685 2146 1010 2803 
4407 70 122 2037 2268 
4408 1306 1356 2094 2180 
4409 2006 2188 394 2523 
4410 2314 2352 2238 2563 
4411 1878 2258 2117 2343 
4412 2040 1886 2423 2593 
4413 2185 2472 1423 2861 
4414 1451 2652 2351 2968 
4415 1936 2246 1843 2440 
4416 1296 1233 1092 2231 
4417 1971 1146 2467 2843 
4418 736 2210 1972 2336 
4419 1999 2725 49 2861 
4420 2138 2467 1146 2843 
4421 1949 2192 2086 2744 
4422 434 2682 2193 2752 
4423 1880 2374 1942 2521 
4424 1887 1959 2298 2748 
4425 1932 2429 2594 2645 
4426 1490 1992 189 2333 
4427 1366 939 2095 2463 
4428 340 2431 2252 2943 
4429 1843 1936 2276 2890 
4430 1856 2055 2723 2804 
4431 498 865 2233 2624 
4432 571 2053 2517 2641 
4433 1907 2044 2092 2235 
4434 2025 2432 606 2787 
4435 968 2247 2115 2965 
4436 2037 2268 122 2386 
4437 2185 2309 1931 2833 
4438 2064 1840 2563 2703 
4439 1907 2092 2317 2479 
4440 1845 1958 2539 2655 
4441 861 2271 1973 2565 
4442 734 2628 2357 2685 
4443 438 2700 2605 2833 
4444 817 2111 2535 2947 
4445 2318 2480 2191 2729 
4446 1867 2165 2557 2629 
4447 2022 2212 1673 2384 
4448 1567 2223 1991 2765 
4449 1883 2696 2098 2834 
4450 94 2047 2347 2847 
4451 1879 2100 2135 2319 
4452 1187 2026 1697 2647 
4453 1420 1985 2172 2283 
4454 754 2605 2309 2833 
4455 1933 2535 2111 2947 
4456 1856 2338 2060 2507 
4457 1525 1985 2300 2695 
4458 1266 1371 2012 2143 
4459 1859 1983 2087 2769 
4460 218 331 1988 2736 
4461 1803 840 2160 2307 
4462 228 2250 2077 2694 
4463 1874 1970 2289 2850 
4464 939 2381 2095 2463 
4465 1860 2220 2101 2743 
4466 1881 2380 2086 2504 
4467 1848 2177 2033 2537 
4468 1266 2152 2012 2496 
4469 1187 2230 2026 2647 
4470 1865 1978 2111 2589 
4471 730 2523 2148 2901 
4472 1756 1524 1692 2283 
4473 210 2514 2448 2953 
4474 1462 2299 2032 2311 
4475 1809 2275 1959 2324 
4476 1949 2380 2192 2744 
4477 557 2050 2378 2650 
4478 1280 2630 2222 2825 
4479 1894 2594 1932 2712 
4480 2116 2423 2143 2707 
4481 2093 2184 1913 2329 
4482 2189 2411 1035 2508 
4483 1556 2250 2039 2734 
4484 968 2115 2174 2965 
4485 2105 656 2587 2612 
4486 1853 1954 2399 2566 
4487 1969 2144 1866 2460 
4488 5 529 2169 2869 
4489 1350 2057 1355 2347 
4490 1793 2061 2368 2461 
4491 2013 2314 1657 2375 
4492 1857 2478 1953 2583 
4493 1292 2411 2603 2680 
4494 2162 2287 1876 2934 
4495 1272 1748 2015 2330 
4496 1432 1978 888 2589 
4497 1826 2181 2070 2433 
4498 1097 2016 1095 2349 
4499 1842 2116 2011 2214 
4500 490 442 1329 2025 
4501 1712 2146 1650 2764 
4502 2248 2516 2428 2717 
4503 1956 2429 2361 2666 
4504 1875 2359 1975 2484 
4505 1422 2199 266 2547 
4506 1273 1274 893 2228 
4507 919 2190 2128 2216 
4508 2211 2342 2056 2534 
4509 1588 1589 2245 2311 
4510 2038 2498 1868 2577 
4511 1963 2643 2463 2758 
4512 2100 2569 2377 2620 
4513 2212 2471 814 2815 
4514 1880 1942 2374 2567 
4515 1264 619 2825 2937 
4516 2274 2331 1965 2486 
4517 1273 2228 2104 2446 
4518 403 1031 1258 244 
4519 623 874 2303 2909 
4520 1207 2341 2040 2593 
4521 1369 2243 632 2977 
4522 2053 2225 1898 2414 
4523 2042 1961 2319 2796 
4524 2060 2338 1971 2507 
4525 1216 953 1817 2451 
4526 1705 667 1994 2351 
4527 1840 2270 2064 2563 
4528 1991 2825 619 2937 
4529 1887 2178 1984 2298 
4530 2 2012 1371 2143 
4531 1883 1958 2305 2437 
4532 1933 2085 2535 2947 
4533 1849 2266 2036 2679 
4534 1932 2594 2361 2712 
4535 2280 2424 2295 2614 
4536 2092 2434 2317 2479 
4537 1948 2542 2262 2837 
4538 644 2026 1187 2230 
4539 1896 2012 2772 2876 
4540 203 1657 2314 2375 
4541 1735 2681 2366 2889 
4542 1248 1250 1249 2918 
4543 2026 1910 2510 2545 
4544 2067 2231 1906 2483 
4545 1890 2125 2358 2701 
4546 1887 2073 2114 2344 
4547 2205 2499 2586 2882 
4548 597 2237 1998 2457 
4549 2132 1944 2297 2741 
4550 2110 2176 1914 2866 
4551 711 1807 2603 2754 
4552 1182 2249 1987 2337 
4553 1540 1991 1565 2222 
4554 1864 2428 2248 2516 
4555 1951 1869 2280 2348 
4556 153 152 154 2651 
4557 682 2245 683 2444 
4558 861 2271 728 2588 
4559 403 145 1031 244 
4560 21 2229 19 2844 
4561 1953 1857 2211 2478 
4562 1556 2039 535 2459 
4563 1922 2149 2075 2220 
4564 2199 2547 1422 2615 
4565 1849 2266 2091 2785 
4566 2120 2563 1840 2703 
4567 2092 2448 2031 2799 
4568 183 2298 24 2883 
4569 1896 2143 2012 2876 
4570 1971 2467 2138 2843 
4571 2077 2189 805 2250 
4572 21 394 20 2303 
4573 2200 2252 1902 2431 
4574 2051 2171 746 2847 
4575 1887 2178 2182 2859 
4576 405 1031 1258 403 
4577 589 933 507 2471 
4578 1463 1054 2117 2468 
4579 1877 2563 2352 2597 
4580 2032 1995 2567 2738 
4581 2091 2266 1954 2785 
4582 1559 2306 1309 2558 
4583 157 397 766 1031 
4584 1957 2396 388 2468 
4585 1259 2014 1183 2301 
4586 2012 2400 1265 2496 
4587 1691 790 2241 2589 
4588 2046 2153 1997 2642 
4589 1840 2083 2414 2458 
4590 2237 1888 2457 2841 
4591 2072 2102 97 2596 
4592 2351 2820 2180 2968 
4593 1350 1783 1355 2057 
4594 1561 2495 2133 2626 
4595 1885 1984 2178 2562 
4596 1926 2349 2086 2504 
4597 1875 1975 2193 2484 
4598 1910 2545 2026 2647 
4599 2490 2535 532 2607 
4600 373 2126 2181 2978 
4601 595 2333 1992 2915 
4602 1865 1978 2589 2672 
4603 1982 1893 2150 2867 
4604 86 1017 1146 2862 
4605 1840 2024 2083 2288 
4606 1250 2268 2000 2386 
4607 1017 1971 1146 2862 
4608 93 2047 94 2171 
4609 2012 2246 2152 2772 
4610 2369 2456 2038 2766 
4611 1759 1473 1954 2979 
4612 1876 2261 2420 2684 
4613 451 450 2002 2357 
4614 70 2565 2037 2823 
4615 2014 2420 2261 2684 
4616 2075 2445 1938 2781 
4617 1791 2025 490 2310 
4618 1856 2055 2160 2507 
4619 1999 2227 49 2725 
4620 1872 2041 2096 2220 
4621 1969 1899 2307 2481 
4622 1961 2357 1077 2717 
4623 1448 2130 871 2496 
4624 2016 2349 1097 2403 
4625 1335 40 2234 2574 
4626 2242 2305 1958 2437 
4627 1962 2376 2274 2885 
4628 167 2035 2230 2286 
4629 1407 1525 2262 2300 
4630 93 2171 94 2847 
4631 1931 2605 2159 2700 
4632 2182 2297 1944 2741 
4633 897 1035 1557 2411 
4634 1266 2012 2152 2846 
4635 1875 2682 2405 2752 
4636 1770 2290 1710 2630 
4637 1992 2392 44 2915 
4638 1301 997 2231 2327 
4639 1945 2204 1916 2774 
4640 547 2108 1077 2796 
4641 2102 2574 2234 2619 
4642 1933 2374 2071 2535 
4643 2046 2344 1953 2402 
4644 1520 2330 2268 2565 
4645 2095 2381 939 2894 
4646 1208 12 403 2856 
4647 161 606 2432 2787 
4648 442 1329 2310 2584 
4649 1981 2243 1369 2977 
4650 2025 2436 1731 2529 
4651 1596 2072 537 2727 
4652 1438 1214 2451 2758 
4653 1208 12 404 403 
4654 683 1589 1462 2032 
4655 2011 2009 2502 2829 
4656 1878 2031 2448 2799 
4657 1884 2262 2237 2315 
4658 1545 2202 1974 2961 
4659 1926 2426 2349 2830 
4660 1876 2256 2084 2261 
4661 908 2659 2121 2888 
4662 1902 2179 2005 2382 
4663 1880 2032 1995 2567 
4664 2022 2312 2212 2384 
4665 1919 2076 1989 2156 
4666 673 216 2163 2736 
4667 1998 2078 1850 2497 
4668 673 216 879 2163 
4669 2178 2741 2182 2859 
4670 2092 2479 2235 2799 
4671 2097 2391 2272 2739 
4672 2229 73 2473 2813 
4673 84 2094 1994 2418 
4674 1296 2067 1233 2231 
4675 1048 2081 2088 2360 
4676 1735 2366 2127 2889 
4677 1896 2012 2152 2772 
4678 81 2630 1280 2825 
4679 1887 1984 2178 2478 
4680 1922 2149 2220 2788 
4681 2120 2563 1916 2774 
4682 1950 2038 2577 2691 
4683 1849 2095 2014 2381 
4684 1497 2017 1498 2446 
4685 1963 2325 2643 2758 
4686 1849 2354 2301 2598 
4687 664 1297 2175 2421 
4688 223 2048 2208 2249 
4689 1996 1868 2456 2498 
4690 1925 2366 2039 2681 
4691 250 249 2803 2924 
4692 1399 2150 1398 2400 
4693 5 2169 2333 2869 
4694 1936 2578 2276 2890 
4695 1848 2184 2093 2329 
4696 1859 2572 1983 2769 
4697 97 82 2072 2596 
4698 2064 2563 2120 2703 
4699 1142 2489 2213 2519 
4700 1730 2025 1731 2529 
4701 1963 2095 2643 2679 
4702 183 2534 2186 2562 
4703 2159 2605 438 2700 
4704 1097 1096 1095 2016 
4705 1853 2382 2179 2973 
4706 1813 2294 2108 2513 
4707 375 1434 2394 2397 
4708 1869 2008 2490 2525 
4709 1605 2013 1351 2347 
4710 915 2054 2306 2946 
4711 1905 2245 2052 2738 
4712 450 2002 2357 2628 
4713 1871 2050 2182 2518 
4714 2011 2178 2009 2829 
4715 1770 1710 1761 2630 
4716 2381 2453 1934 2640 
4717 1252 2248 1071 2296 
4718 1953 2046 2406 2583 
4719 1725 2105 2367 2612 
4720 1942 2085 2374 2737 
4721 1839 2087 2029 2709 
4722 2192 2380 1949 2689 
4723 594 2141 593 2234 
4724 375 374 1956 2798 
4725 1241 1994 1027 2232 
4726 40 2049 2234 2619 
4727 1809 1959 2275 2748 
4728 339 2070 2548 2952 
4729 1885 1959 2178 2916 
4730 967 2086 2349 2384 
4731 2012 2150 1399 2400 
4732 1889 1946 2414 2826 
4733 1844 2684 2781 2816 
4734 250 2279 1962 2803 
4735 2222 2630 2072 2825 
4736 1585 2143 2040 2536 
4737 710 2680 708 2718 
4738 1915 1967 2350 2663 
4739 1323 1999 1322 2899 
4740 1272 2330 2015 2401 
4741 2040 2423 2129 2593 
4742 2 2143 1371 2452 
4743 1207 2580 1206 2593 
4744 2111 2589 1978 2947 
4745 2115 2264 503 2612 
4746 2032 2567 2455 2738 
4747 1669 1997 2153 2642 
4748 580 2077 228 2250 
4749 215 2056 414 2401 
4750 1957 2258 904 2416 
4751 24 2298 2183 2883 
4752 1894 2365 2392 2864 
4753 121 2078 119 2797 
4754 1546 2145 2050 2748 
4755 2274 2701 2331 2885 
4756 414 2056 215 2753 
4757 1889 2033 2414 2458 
4758 865 2568 1941 2579 
4759 146 145 1597 766 
4760 696 2377 2100 2569 
4761 2461 2730 2061 2886 
4762 1949 2380 1881 2783 
4763 1889 2414 2053 2826 
4764 1849 2095 2381 2679 
4765 1335 2234 2102 2574 
4766 2024 2120 1840 2703 
4767 1157 2168 2285 2956 
4768 1897 2420 2162 2785 
4769 1932 1894 2217 2594 
4770 1936 1843 2246 2890 
4771 1859 2087 1983 2571 
4772 1846 2429 2358 2885 
4773 1463 1056 1054 2468 
4774 1495 601 2155 2219 
4775 1995 2245 1588 2492 
4776 395 2229 2006 2452 
4777 1847 2319 2668 2698 
4778 938 2100 696 2377 
4779 1977 2216 1924 2273 
4780 1891 2670 1979 2800 
4781 1558 2294 1813 2513 
4782 2024 1840 2151 2703 
4783 1851 2433 2316 2952 
4784 1473 1759 1954 2388 
4785 897 2508 2411 2603 
4786 2101 2220 1860 2788 
4787 276 2451 290 2640 
4788 1946 2414 2083 2458 
4789 1407 2300 2262 2678 
4790 2016 1889 2464 2826 
4791 2120 2204 1955 2774 
4792 1449 1388 2069 2463 
4793 1893 2552 2150 2867 
4794 1916 2314 2238 2563 
4795 1552 2229 2139 2492 
4796 1009 867 2217 2898 
4797 2020 2255 2174 2460 
4798 2205 2586 1906 2882 
4799 643 644 169 2230 
4800 2368 2461 2061 2886 
4801 2522 2569 1831 2875 
4802 1552 2139 2229 2473 
4803 267 1422 266 2547 
4804 904 2258 1957 2468 
4805 1697 2026 2545 2647 
4806 2267 2457 1888 2841 
4807 1027 2232 1994 2966 
4808 2027 2241 251 2661 
4809 1545 1694 1658 1974 
4810 387 2346 1957 2416 
4811 999 711 1807 2718 
4812 2004 2351 2652 2968 
4813 1199 2337 1987 2791 
4814 2070 2433 1851 2952 
4815 1478 2198 2089 2331 
4816 1176 1605 2047 2352 
4817 1949 2471 2212 2815 
4818 1883 2437 2305 2920 
4819 1759 2210 1954 2388 
4820 886 885 2061 2244 
4821 1186 1187 1697 2647 
4822 2180 2351 2094 2820 
4823 1903 2305 2242 2437 
4824 1531 2209 2285 2791 
4825 626 683 2032 2444 
4826 2040 2143 2423 2707 
4827 478 2485 2045 2716 
4828 711 1807 146 999 
4829 1916 2120 2204 2353 
4830 2067 1906 2397 2483 
4831 2284 2398 1958 2541 
4832 1561 2133 1209 2626 
4833 224 1701 2048 2436 
4834 2358 2429 1968 2885 
4835 167 2286 2230 2647 
4836 1882 1956 2594 2798 
4837 301 2460 2020 2807 
4838 2050 1887 2182 2518 
4839 473 471 2592 2961 
4840 1994 2232 1241 2291 
4841 520 2174 2020 2371 
4842 1567 1565 1540 1991 
4843 160 2240 2023 2450 
4844 2146 2279 1010 2803 
4845 1842 2011 2116 2829 
4846 1927 2274 1962 2376 
4847 933 507 2471 2815 
4848 2084 2261 2256 2686 
4849 1844 2096 2034 2427 
4850 1880 2280 1990 2372 
4851 617 760 2411 2680 
4852 1969 1866 2144 2493 
4853 2319 2691 2108 2698 
4854 1889 2225 2053 2414 
4855 1077 547 989 2108 
4856 1981 2109 1369 2243 
4857 2155 2226 1868 2456 
4858 1889 1946 2177 2414 
4859 1912 2173 2099 2474 
4860 1995 2032 1880 2311 
4861 1872 2354 2445 2781 
4862 2001 2191 1890 2817 
4863 887 146 1807 999 
4864 1883 1937 2227 2696 
4865 1880 2455 2032 2567 
4866 950 951 575 2086 
4867 1705 84 1204 2094 
4868 1337 2746 1338 2804 
4869 1881 2086 2380 2384 
4870 958 2363 1559 2558 
4871 276 278 2381 2453 
4872 1945 1916 2387 2774 
4873 1966 2153 2406 2745 
4874 1508 2325 2193 2339 
4875 1902 2082 2179 2973 
4876 1970 2557 2165 2629 
4877 2003 2396 1957 2468 
4878 951 2086 950 2349 
4879 766 397 145 1031 
4880 1301 1993 2231 2893 
4881 2111 2607 2424 2731 
4882 1923 2203 1976 2573 
4883 2014 2301 1938 2793 
4884 2034 2096 1913 2743 
4885 2129 2423 1886 2593 
4886 1831 2522 2135 2569 
4887 2001 2599 1874 2646 
4888 794 2371 2797 2949 
4889 1872 2398 2284 2541 
4890 1008 630 628 2199 
4891 1977 2488 2190 2549 
4892 1883 2201 1958 2437 
4893 2085 2316 1851 2433 
4894 2429 2645 1968 2885 
4895 2053 2517 2106 2555 
4896 1069 2482 1982 2901 
4897 1849 2036 2266 2768 
4898 1976 1848 2617 2849 
4899 1229 2128 2190 2337 
4900 2168 2510 1910 2545 
4901 1860 2422 2220 2743 
4902 2118 2575 2553 2817 
4903 1870 1997 2254 2474 
4904 1899 1969 2304 2470 
4905 1204 1705 2094 2351 
4906 704 2309 2023 2435 
4907 1883 2706 1937 2834 
4908 2039 1925 2167 2366 
4909 21 2303 2229 2844 
4910 1309 2306 2491 2558 
4911 1725 656 2105 2612 
4912 2113 2164 18 2899 
4913 1304 562 227 2784 
4914 696 698 2377 2569 
4915 1399 2012 3 2523 
4916 1926 2504 2343 2537 
4917 375 1956 2394 2798 
4918 1893 2134 1982 2779 
4919 2034 1913 2427 2743 
4920 183 2534 2562 2883 
4921 2020 2470 1969 2481 
4922 736 1365 1303 1972 
4923 2079 2292 591 2379 
4924 1839 2029 2087 2783 
4925 251 1691 790 2241 
4926 1342 208 2402 2822 
4927 845 844 1974 2489 
4928 2088 2397 1639 2622 
4929 336 2053 2293 2464 
4930 1865 2111 2424 2731 
4931 1923 2573 1976 2617 
4932 289 290 276 2451 
4933 1531 2209 54 2285 
4934 1703 1374 2127 2205 
4935 1856 2160 1993 2575 
4936 1264 619 612 2825 
4937 1438 2451 1963 2758 
4938 1849 2381 2014 2679 
4939 1801 2153 1804 2745 
4940 2001 2125 1874 2599 
4941 2021 2655 2539 2693 
4942 2030 2539 2236 2731 
4943 1839 2161 2454 2554 
4944 145 1597 766 1031 
4945 1992 2333 1490 2944 
4946 1048 2088 1049 2360 
4947 97 1037 82 2596 
4948 804 2734 891 2845 
4949 2038 2369 1868 2456 
4950 1097 1096 2016 2403 
4951 1894 2004 2365 2864 
4952 1926 2343 2003 2537 
4953 1889 2016 2177 2826 
4954 1495 2155 1446 2281 
4955 1854 1996 2038 2498 
4956 2306 2340 915 2946 
4957 968 502 2115 2247 
4958 1565 1991 1567 2223 
4959 351 1991 619 2509 
4960 1207 1206 1205 2593 
4961 86 1146 1094 2467 
4962 2173 2474 2073 2608 
4963 1885 2011 2178 2342 
4964 1540 1710 2072 2222 
4965 2273 2371 1977 2635 
4966 1875 2159 2023 2450 
4967 1940 1996 2487 2878 
4968 1954 2210 1759 2503 
4969 1852 2344 2046 2474 
4970 1956 2397 2088 2622 
4971 1847 2364 1986 2447 
4972 1861 2120 2151 2699 
4973 1650 2764 2146 2803 
4974 2252 2431 2200 2943 
4975 1996 2121 1940 2487 
4976 348 2403 2349 2830 
4977 1187 644 323 2026 
4978 1270 2628 734 2685 
4979 1861 2442 2126 2602 
4980 1982 2097 1893 2867 
4981 2148 2188 821 2485 
4982 374 1639 2397 2622 
4983 745 2077 368 2410 
4984 1846 2645 2429 2885 
4985 564 2039 2366 2681 
4986 533 1543 1832 2090 
4987 451 450 453 2002 
4988 1961 2357 2108 2796 
4989 1211 1562 2082 2210 
4990 1565 2222 1991 2223 
4991 1889 2177 1946 2826 
4992 1673 2022 2384 2641 
4993 1862 2148 2867 2879 
4994 2037 2386 122 2530 
4995 614 2326 2330 2401 
4996 997 838 2307 2327 
4997 1970 2125 2557 2629 
4998 1974 2489 844 2519 
4999 1873 2216 2168 2285 
5000 159 1221 158 2240 
5001 1896 2143 2116 2423 
5002 1880 1990 2280 2560 
5003 1601 473 471 2592 
5004 1307 1807 708 2718 
5005 1531 1571 54 2209 
5006 2051 2362 1915 2663 
5007 2149 2422 2220 2788 
5008 1840 2253 2270 2563 
5009 20 2006 395 2229 
5010 887 785 998 2718 
5011 1462 2032 1589 2311 
5012 2162 2356 1967 2512 
5013 1233 1092 2231 2483 
5014 1272 1707 2330 2401 
5015 1856 2335 2060 2338 
5016 1221 158 2023 2435 
5017 1992 2197 1882 2217 
5018 2052 2303 1905 2412 
5019 2158 2516 2248 2717 
5020 1811 2035 167 2286 
5021 1095 2016 1039 2293 
5022 1885 2178 1984 2342 
5023 1700 2495 2363 2558 
5024 299 1432 2589 2947 
5025 1086 2259 1085 2438 
5026 289 276 2381 2451 
5027 2012 2552 2246 2772 
5028 2236 2539 2021 2655 
5029 1959 2324 2412 2922 
5030 1826 1445 2181 2433 
5031 1419 1420 1985 2801 
5032 2048 1850 2549 2687 
5033 1840 2120 2024 2253 
5034 794 2797 2488 2949 
5035 1258 1208 403 244 
5036 328 481 2119 2406 
5037 1948 2277 1888 2841 
5038 1888 2837 1948 2841 
5039 503 2115 502 2247 
5040 2034 2427 2096 2743 
5041 734 989 990 2685 
5042 332 44 1992 2761 
5043 144 2434 2092 2514 
5044 1480 2388 2241 2810 
5045 2367 2519 2090 2618 
5046 2082 2388 2241 2672 
5047 460 2094 1356 2180 
5048 251 1691 2027 2466 
5049 1086 2278 2076 2438 
5050 405 822 404 1258 
5051 1910 2286 2230 2419 
5052 1694 1440 845 2202 
5053 2114 2183 419 2692 
5054 2229 2452 73 2813 
5055 1031 405 145 403 
5056 1848 2033 2177 2759 
5057 2024 2151 2120 2703 
5058 1916 2314 2563 2597 
5059 1804 2282 2018 2962 
5060 1912 2344 2046 2402 
5061 5 529 1389 2169 
5062 2380 2689 2192 2744 
5063 1919 2230 2221 2438 
5064 2056 2401 1327 2806 
5065 1427 2167 2677 2912 
5066 2052 1905 2303 2844 
5067 3 2452 2006 2523 
5068 1840 2173 2064 2270 
5069 478 2045 2653 2716 
5070 170 2370 2043 2592 
5071 1017 1146 1971 2843 
5072 1984 2298 2178 2562 
5073 1668 1804 1801 2153 
5074 1881 2380 1949 2384 
5075 373 2126 371 2181 
5076 2024 2151 2083 2567 
5077 1907 2256 2084 2550 
5078 1855 2065 2413 2945 
5079 2016 2293 1095 2349 
5080 395 72 2229 2452 
5081 2105 2248 1252 2296 
5082 1669 996 1997 2642 
5083 2160 2307 1899 2439 
5084 684 682 2052 2245 
5085 81 2072 2290 2630 
5086 1899 2304 1969 2307 
5087 2003 2396 1976 2617 
5088 2411 2756 617 2937 
5089 1583 2230 2035 2438 
5090 1273 893 2104 2228 
5091 1729 2544 2122 2827 
5092 1248 2000 1250 2918 
5093 2014 2095 1849 2301 
5094 845 2202 1440 2489 
5095 2132 2139 2068 2473 
5096 2039 2167 1555 2459 
5097 1957 2396 2003 2617 
5098 813 2113 812 2212 
5099 1601 2043 2389 2592 
5100 82 2390 2072 2596 
5101 1174 394 2188 2523 
5102 1839 2029 2161 2554 
5103 2013 1870 2375 2573 
5104 1517 2482 1069 2901 
5105 1525 2300 1407 2695 
5106 2196 2476 1046 2875 
5107 1881 2384 2022 2641 
5108 1456 1519 1096 2265 
5109 495 2190 2488 2584 
5110 2001 2304 2118 2575 
5111 1911 2129 2321 2440 
5112 2206 2498 2176 2691 
5113 1514 2903 2652 2968 
5114 1933 2535 2490 2607 
5115 2137 2498 1868 2878 
5116 2071 2535 2374 2976 
5117 483 2153 1005 2745 
5118 1303 1972 1365 2431 
5119 939 1450 289 2381 
5120 700 2045 2485 2909 
5121 1669 996 995 1997 
5122 918 2128 1158 2216 
5123 247 489 2667 2924 
5124 1973 1892 2565 2840 
5125 1734 2135 1831 2522 
5126 1558 2294 2513 2664 
5127 1985 2172 1524 2733 
5128 1967 1876 2256 2287 
5129 1612 2315 2310 2430 
5130 1966 2502 2665 2872 
5131 2073 2173 1912 2474 
5132 497 2081 1048 2360 
5133 94 2047 1605 2347 
5134 1924 2216 1977 2371 
5135 915 2172 2054 2946 
5136 1956 2361 2397 2666 
5137 1974 2196 846 2592 
5138 1947 2118 2318 2917 
5139 1863 2103 2047 2860 
5140 968 502 2247 2965 
5141 1853 2388 2210 2973 
5142 1159 2092 144 2317 
5143 1913 2096 2034 2884 
5144 1999 2194 2109 2561 
5145 1883 2227 1937 2706 
5146 2064 2474 2173 2608 
5147 2053 2414 1898 2555 
5148 1968 2645 2146 2885 
5149 803 2410 1806 2508 
5150 1983 2312 2087 2769 
5151 2411 2508 1291 2603 
5152 1912 2073 2474 2608 
5153 2022 2065 1855 2945 
5154 1821 2194 2113 2899 
5155 2213 2489 1908 2519 
5156 599 26 2062 2180 
5157 2022 1855 2106 2945 
5158 1055 868 1054 2117 
5159 1322 1999 49 2861 
5160 1877 2352 2013 2597 
5161 1842 2011 2178 2214 
5162 283 1783 1621 2346 
5163 1869 2142 1990 2207 
5164 701 2320 2045 2324 
5165 336 2293 1039 2464 
5166 2017 2167 1858 2586 
5167 1990 2142 1869 2280 
5168 1856 2804 2723 2906 
5169 1888 2542 1948 2837 
5170 2190 2216 919 2949 
5171 1947 2328 2208 2553 
5172 1978 2548 2179 2952 
5173 1861 2126 2442 2590 
5174 473 2592 2389 2961 
5175 1399 1265 2012 2400 
5176 283 284 1783 2057 
5177 1305 1306 2094 2180 
5178 1419 1985 1663 2315 
5179 92 2047 93 2171 
5180 2128 2337 1201 2791 
5181 2100 2135 2569 2620 
5182 1821 2113 1135 2899 
5183 1957 2258 2343 2468 
5184 73 2229 72 2452 
5185 1574 515 516 2618 
5186 1897 1954 2503 2566 
5187 644 1187 168 2230 
5188 1893 2400 2134 2779 
5189 953 2266 1963 2758 
5190 1947 2328 2118 2917 
5191 307 503 2247 2546 
5192 1514 2652 1451 2968 
5193 2066 2681 2039 2964 
5194 2016 1039 2293 2464 
5195 2279 2667 489 2924 
5196 1948 2237 2262 2315 
5197 2093 1913 2184 2831 
5198 1861 2151 2297 2699 
5199 1493 2298 1959 2748 
5200 1929 2148 2485 2879 
5201 1963 2325 2036 2643 
5202 1318 2341 2387 2719 
5203 1826 2070 1444 2433 
5204 57 1588 1995 2311 
5205 1860 2220 2422 2788 
5206 2029 2454 2161 2554 
5207 1865 1978 2179 2316 
5208 127 2212 2022 2633 
5209 167 2035 1583 2230 
5210 1444 2070 339 2952 
5211 2145 2275 2050 2748 
5212 331 2170 2383 2821 
5213 2006 2116 1917 2322 
5214 580 2189 2077 2250 
5215 874 1174 394 2188 
5216 2280 2295 1951 2614 
5217 1869 2295 1983 2935 
5218 2162 1967 2356 2934 
5219 1960 2221 1866 2808 
5220 1049 497 1048 2360 
5221 1943 2690 1330 2765 
5222 1850 2080 2488 2549 
5223 1101 2459 2334 2734 
5224 1701 2300 2048 2436 
5225 224 1787 1701 2436 
5226 2182 2275 1959 2748 
5227 852 2013 1605 2352 
5228 1976 2396 2003 2634 
5229 1982 2868 1069 2901 
5230 179 1451 2351 2968 
5231 2086 2504 2380 2744 
5232 1077 1961 2717 2796 
5233 933 2192 2471 2977 
5234 2037 2565 2271 2823 
5235 1854 2157 2112 2842 
5236 1531 1571 2209 2791 
5237 700 2324 2045 2909 
5238 395 3 2006 2523 
5239 1948 1888 2277 2542 
5240 1847 2691 2319 2698 
5241 2249 2337 1182 2529 
5242 2260 2345 2170 2669 
5243 1899 2118 2304 2575 
5244 601 1446 1495 2155 
5245 595 2379 2333 2915 
5246 2029 2177 1881 2660 
5247 1892 1973 2137 2840 
5248 2318 2729 2191 2886 
5249 189 1992 1490 2761 
5250 1874 2557 1970 2599 
5251 2232 2771 2141 2960 
5252 2375 2573 1870 2595 
5253 1096 2265 1519 2464 
5254 593 2234 2049 2619 
5255 2047 2103 1863 2863 
5256 755 438 2605 2833 
5257 2188 2303 874 2909 
5258 2151 2455 2083 2567 
5259 2168 2545 1910 2647 
5260 1893 2391 2757 2890 
5261 2236 2524 2027 2731 
5262 483 2153 2406 2642 
5263 1839 2161 2029 2783 
5264 1844 2256 2684 2816 
5265 2052 2303 2683 2844 
5266 1956 2361 2088 2397 
5267 1411 2098 2207 2525 
5268 387 389 388 2346 
5269 2230 2286 2035 2419 
5270 1896 2321 2129 2440 
5271 2281 2577 1868 2710 
5272 2118 2224 1899 2635 
5273 1965 2331 2274 2701 
5274 628 629 432 1975 
5275 1855 2662 2059 2780 
5276 1912 2046 2344 2474 
5277 244 403 145 2856 
5278 2031 2514 210 2953 
5279 403 244 1208 2856 
5280 2125 2140 2001 2358 
5281 2041 2096 2220 2743 
5282 1858 2167 2017 2446 
5283 1254 2269 2133 2363 
5284 989 2108 990 2685 
5285 1892 2714 2565 2840 
5286 1899 2439 2307 2481 
5287 2183 2298 24 2692 
5288 1915 2532 2051 2663 
5289 1399 1397 1265 2400 
5290 1825 2040 1207 2719 
5291 1888 2267 2277 2334 
5292 2130 2462 1102 2496 
5293 1894 2197 1992 2217 
5294 2136 2242 1903 2435 
5295 1086 2076 1442 2259 
5296 1963 2451 953 2758 
5297 1839 2041 2087 2709 
5298 2144 2520 862 2674 
5299 1670 2271 861 2565 
5300 390 2632 2175 2770 
5301 137 2094 380 2418 
5302 140 2221 643 2438 
5303 1880 2071 2374 2521 
5304 1954 2503 1759 2979 
5305 1850 1977 2488 2635 
5306 2042 463 2370 2897 
5307 250 2803 1962 2924 
5308 1975 2484 2359 2556 
5309 1229 1784 2128 2337 
5310 1840 2414 2083 2941 
5311 1552 2229 741 2473 
5312 1547 1974 844 2519 
5313 1508 2193 1429 2339 
5314 299 1432 888 2589 
5315 1875 2193 2036 2484 
5316 2067 2231 1296 2441 
5317 2177 2414 1946 2458 
5318 1855 2413 2106 2945 
5319 1922 2434 2092 2479 
5320 2414 2555 2083 2941 
5321 2082 2210 1562 2388 
5322 814 812 506 2471 
5323 2001 2575 2140 2646 
5324 1920 2633 2212 2702 
5325 2075 2220 2149 2422 
5326 1988 2383 2170 2568 
5327 2532 2802 2057 2919 
5328 2027 251 2466 2661 
5329 1984 2562 2534 2883 
5330 2303 2412 2052 2683 
5331 397 145 146 766 
5332 1997 2314 995 2355 
5333 2017 2526 2167 2586 
5334 339 341 340 2548 
5335 2378 2517 1898 2555 
5336 1979 2391 2272 2890 
5337 1944 2699 2151 2703 
5338 2136 2242 1930 2354 
5339 589 933 2471 2977 
5340 1285 208 2211 2883 
5341 1601 2389 473 2592 
5342 1899 2304 2118 2470 
5343 2152 2246 2012 2552 
5344 1659 2477 2370 2592 
5345 2064 2173 2073 2608 
5346 1844 2684 2124 2781 
5347 1978 2082 2179 2548 
5348 1620 2044 2811 2919 
5349 1556 2250 2189 2767 
5350 1182 1987 1199 2337 
5351 2141 2232 720 2771 
5352 2276 2578 1936 2914 
5353 1399 1439 2150 2523 
5354 921 2457 2267 2841 
5355 1146 2138 1094 2467 
5356 1867 2722 2063 2857 
5357 2031 2514 2092 2799 
5358 361 390 2175 2770 
5359 1861 2139 2442 2602 
5360 1977 2328 1850 2549 
5361 1973 2281 1868 2710 
5362 1453 2383 2652 2821 
5363 1393 2044 1620 2919 
5364 399 904 388 2468 
5365 1923 2347 2346 2925 
5366 1894 2360 2104 2903 
5367 1945 1916 2353 2387 
5368 1097 2349 348 2403 
5369 1729 2122 2413 2827 
5370 712 2142 318 2207 
5371 1960 2808 1866 2838 
5372 1885 2178 2214 2916 
5373 1999 1859 2194 2899 
5374 701 1494 2320 2324 
5375 2120 2253 1840 2563 
5376 1874 2125 2557 2599 
5377 61 1440 1694 2202 
5378 1833 2198 1478 2331 
5379 1852 2474 1997 2726 
5380 1855 2065 2662 2780 
5381 1861 2068 2132 2139 
5382 1856 1971 2224 2553 
5383 1254 2133 1561 2495 
5384 399 388 166 2468 
5385 1939 2191 2729 2886 
5386 1545 1974 1658 2961 
5387 902 193 2340 2491 
5388 1979 2364 2028 2800 
5389 1350 2347 2595 2925 
5390 163 2432 2025 2787 
5391 1457 1978 1432 2433 
5392 1945 2387 2341 2719 
5393 2147 2533 2302 2700 
5394 1881 2293 2384 2641 
5395 1855 2348 2059 2662 
5396 1917 2143 2116 2452 
5397 1250 2000 1317 2386 
5398 2024 2567 2083 2887 
5399 419 2183 2114 2749 
5400 1850 2208 2328 2553 
5401 2404 2608 2353 2859 
5402 2113 2212 1538 2702 
5403 2000 2326 2268 2918 
5404 1856 2055 2507 2723 
5405 1885 2320 1959 2916 
5406 1934 2451 2381 2640 
5407 40 2619 2574 2896 
5408 870 1448 900 2134 
5409 395 2006 3 2452 
5410 2042 2370 463 2926 
5411 1538 2212 2633 2702 
5412 838 1993 1300 2804 
5413 1976 2573 2033 2849 
5414 1546 2275 2145 2748 
5415 331 2383 1553 2821 
5416 1859 2201 2437 2571 
5417 2077 2269 745 2742 
5418 1869 2490 2142 2525 
5419 2151 2699 2120 2703 
5420 1980 1872 2398 2781 
5421 1201 2128 1784 2337 
5422 1968 2146 2089 2885 
5423 2482 2506 1982 2901 
5424 1273 2104 2218 2446 
5425 1941 2233 865 2624 
5426 1851 2374 2085 2737 
5427 625 2145 2444 2544 
5428 415 524 2321 2530 
5429 1878 2044 2235 2799 
5430 374 2622 1956 2798 
5431 996 203 1997 2375 
5432 1868 2137 1973 2710 
5433 1343 2162 2091 2750 
5434 1730 2025 606 2787 
5435 278 276 739 2640 
5436 1872 2242 2136 2354 
5437 1449 1450 1388 2463 
5438 2067 2394 1434 2397 
5439 2097 2501 1862 2867 
5440 991 2109 1369 2194 
5441 1205 2341 1207 2593 
5442 1842 2182 2178 2741 
5443 476 915 2054 2306 
5444 1270 2628 2685 2892 
5445 460 1644 1356 2094 
5446 2052 2245 682 2444 
5447 405 397 157 1031 
5448 929 979 1297 2175 
5449 205 1467 2254 2375 
5450 1852 1997 2153 2726 
5451 2038 2456 1868 2498 
5452 1978 2241 888 2589 
5453 2001 2575 2118 2817 
5454 1312 2271 1670 2823 
5455 1881 2660 2505 2783 
5456 1537 2517 2225 2650 
5457 2416 2057 2802 2919 
5458 1861 1995 2442 2940 
5459 1310 2187 2271 2823 
5460 591 2292 1104 2379 
5461 2006 1917 2116 2452 
5462 1840 2458 2270 2880 
5463 1850 2488 2078 2635 
5464 2140 2646 2575 2906 
5465 1780 1286 1781 2133 
5466 1330 2669 1943 2765 
5467 1485 2764 2019 2773 
5468 900 2134 901 2377 
5469 852 1657 2013 2314 
5470 412 2476 2239 2551 
5471 589 991 1369 2194 
5472 161 2432 163 2787 
5473 2398 2571 1958 2693 
5474 1989 2289 837 2674 
5475 211 2313 2240 2450 
5476 1842 2178 2011 2829 
5477 1651 1974 846 2592 
5478 1388 2313 2069 2463 
5479 846 844 1547 1974 
5480 1990 2280 1869 2348 
5481 1860 2689 2380 2744 
5482 1712 2528 2146 2764 
5483 1887 2050 2114 2518 
5484 865 2233 1941 2568 
5485 2023 2240 1930 2359 
5486 1243 878 2163 2727 
5487 861 1619 728 2271 
5488 121 120 119 2439 
5489 1440 2489 2202 2921 
5490 2723 2804 2123 2906 
5491 1889 2033 2173 2414 
5492 995 996 203 1997 
5493 1875 2036 2359 2484 
5494 274 934 2338 2764 
5495 779 1612 2310 2430 
5496 2364 2391 1979 2757 
5497 2130 2134 1893 2400 
5498 1507 2157 1505 2732 
5499 1895 2135 2100 2319 
5500 117 533 1832 2090 
5501 1339 2460 301 2807 
5502 19 2229 1552 2492 
5503 1924 2255 2020 2470 
5504 639 414 215 2753 
5505 1850 2224 2118 2635 
5506 1917 2132 2068 2473 
5507 1475 2340 2172 2385 
5508 2254 2375 1467 2642 
5509 1983 2295 2201 2571 
5510 2199 2302 1935 2533 
5511 1903 2435 2242 2494 
5512 591 2079 105 2292 
5513 454 2203 702 2254 
5514 1908 2105 1974 2587 
5515 1075 2059 1076 2616 
5516 803 1806 1746 2508 
5517 70 2268 2037 2565 
5518 1420 1088 2283 2385 
5519 2159 2405 724 2450 
5520 1957 2343 2258 2601 
5521 2004 1894 2365 2903 
5522 532 2535 817 2607 
5523 2388 2465 1954 2768 
5524 1243 1034 878 2727 
5525 1517 2506 2482 2901 
5526 1978 1865 2111 2316 
5527 1780 2133 1781 2495 
5528 1199 1987 1118 2791 
5529 2073 2173 2064 2703 
5530 1258 405 822 1023 
5531 1964 2277 2267 2334 
5532 1055 1527 1515 2003 
5533 1988 2260 2170 2669 
5534 1885 2178 2011 2214 
5535 2357 2685 2628 2698 
5536 1423 2185 1403 2309 
5537 1703 309 1374 2205 
5538 557 1546 2050 2748 
5539 189 545 1992 2761 
5540 1869 2098 2008 2525 
5541 2222 2223 1264 2825 
5542 1839 2087 2161 2783 
5543 1855 2122 1990 2372 
5544 157 405 1031 1023 
5545 1556 805 2189 2250 
5546 1954 1897 2399 2566 
5547 950 2086 575 2426 
5548 1878 2092 2044 2799 
5549 2209 2760 2128 2791 
5550 1888 1964 2267 2334 
5551 1872 2041 2284 2398 
5552 1984 2211 1857 2478 
5553 1878 2117 2031 2613 
5554 1135 2113 18 2899 
5555 1246 2252 2238 2352 
5556 2376 2594 1882 2819 
5557 915 2306 474 2340 
5558 70 1312 1670 2823 
5559 1658 1974 1694 2592 
5560 2005 1902 2166 2657 
5561 2157 2415 2112 2842 
5562 358 532 2490 2535 
5563 2031 2448 2092 2514 
5564 1956 2088 2594 2622 
5565 861 1973 2588 2902 
5566 1889 2332 2644 2971 
5567 1840 2173 2073 2703 
5568 481 483 482 2406 
5569 2036 1963 2266 2325 
5570 284 2057 283 2532 
5571 1292 2411 1290 2603 
5572 1243 2727 2163 2765 
5573 1864 2248 2158 2516 
5574 2242 1930 2598 2942 
5575 1343 2091 2503 2750 
5576 1547 2519 2476 2881 
5577 2068 2473 241 2536 
5578 1971 2515 2224 2553 
5579 2251 2404 2699 2741 
5580 1940 2056 2401 2728 
5581 2008 1869 2424 2834 
5582 886 885 884 2061 
5583 272 183 2186 2562 
5584 1882 2279 2594 2645 
5585 1882 2079 2376 2819 
5586 2172 915 2340 2946 
5587 2256 2261 2007 2686 
5588 1124 2568 801 2579 
5589 2652 2903 2004 2968 
5590 1967 2256 1876 2512 
5591 330 2383 331 2736 
5592 2210 2503 1954 2566 
5593 1979 2364 2176 2391 
5594 1997 1870 2254 2375 
5595 454 702 456 2254 
5596 1866 2808 2264 2838 
5597 1748 2015 2330 2902 
5598 82 2290 2072 2390 
5599 589 590 2194 2471 
5600 597 772 2237 2457 
5601 1976 2203 1923 2617 
5602 1938 2445 2354 2781 
5603 1944 2297 2151 2699 
5604 1875 2325 2069 2643 
5605 2005 2166 1902 2425 
5606 2033 2573 1976 2644 
5607 1903 2309 2185 2472 
5608 320 557 1799 2378 
5609 1844 2096 2427 2743 
5610 1967 2362 1915 2839 
5611 1957 2343 2093 2617 
5612 1866 2546 2264 2808 
5613 2006 2523 2452 2876 
5614 2053 2414 1946 2826 
5615 2209 2449 1120 2676 
5616 918 1158 1157 2216 
5617 419 2114 2559 2749 
5618 2092 2235 2044 2799 
5619 209 1721 2514 2786 
5620 2540 2694 1304 2870 
5621 2043 1864 2389 2881 
5622 2051 746 2532 2847 
5623 1841 2001 2118 2817 
5624 1878 2258 2343 2601 
5625 899 1009 2217 2279 
5626 1935 2027 2524 2731 
5627 2099 2474 2173 2644 
5628 193 1169 2340 2491 
5629 2097 2195 1862 2501 
5630 1859 1983 2201 2571 
5631 1673 2384 2293 2641 
5632 1932 2017 2429 2528 
5633 1804 2018 1224 2962 
5634 1803 840 1532 2160 
5635 626 682 683 2444 
5636 2111 2308 2607 2731 
5637 1976 2537 2003 2617 
5638 1900 2465 2388 2768 
5639 2179 2548 1902 2952 
5640 814 2384 2212 2815 
5641 1656 2133 1254 2269 
5642 1330 1943 2345 2690 
5643 2137 1868 2498 2670 
5644 1182 1118 1199 1987 
5645 639 2326 414 2753 
5646 1480 2241 2388 2661 
5647 2221 2546 1866 2808 
5648 1853 2082 2388 2973 
5649 2086 1926 2504 2744 
5650 2170 2383 1941 2568 
5651 2001 2140 2125 2599 
5652 887 1307 785 2718 
5653 2091 2162 1343 2564 
5654 1953 2406 2119 2583 
5655 1930 2095 2301 2598 
5656 712 2142 1990 2560 
5657 754 1403 2185 2309 
5658 272 2186 183 2534 
5659 2505 2660 1881 2826 
5660 117 118 533 2090 
5661 2226 2500 543 2907 
5662 2037 2565 2714 2840 
5663 1946 2414 2053 2555 
5664 1701 1787 2300 2436 
5665 1840 2064 2173 2703 
5666 2168 2244 1910 2480 
5667 388 2396 166 2468 
5668 2116 2143 1917 2707 
5669 1892 2137 2015 2728 
5670 1338 2746 2055 2804 
5671 1849 1980 2354 2598 
5672 1485 2625 2019 2764 
5673 1932 2218 2017 2898 
5674 640 2089 1478 2198 
5675 1888 2277 2267 2841 
5676 1237 2240 2313 2463 
5677 1980 2399 2124 2948 
5678 1982 2482 1069 2868 
5679 2040 1917 2143 2707 
5680 2512 2782 2362 2948 
5681 805 2077 803 2189 
5682 301 520 782 2174 
5683 169 2230 1583 2438 
5684 1986 1921 2447 2963 
5685 1915 2350 2532 2663 
5686 565 2402 2046 2406 
5687 1907 2092 2044 2585 
5688 1975 2466 629 2682 
5689 2137 2670 2498 2878 
5690 1472 2388 2339 2661 
5691 1888 1998 2507 2837 
5692 2376 2645 2594 2819 
5693 1882 2217 2197 2594 
5694 915 2054 2172 2801 
5695 1879 2391 2364 2757 
5696 1867 2278 2722 2857 
5697 968 2174 35 2965 
5698 1411 2207 2098 2696 
5699 1859 2201 1983 2572 
5700 1444 339 2433 2952 
5701 2105 2296 1725 2367 
5702 1887 2114 2073 2518 
5703 1657 2013 2375 2595 
5704 1987 2760 2209 2791 
5705 1292 2603 855 2680 
5706 1440 2202 61 2921 
5707 18 2164 2113 2702 
5708 2343 2504 1848 2537 
5709 2241 2388 1900 2672 
5710 1844 2034 2096 2948 
5711 1880 2280 2071 2560 
5712 1841 2304 2001 2818 
5713 1862 2148 2188 2523 
5714 1865 2236 2027 2731 
5715 1897 2356 2162 2512 
5716 209 2514 2031 2786 
5717 2061 2209 884 2676 
5718 1055 1054 1056 2468 
5719 116 653 118 2090 
5720 21 20 2229 2303 
5721 456 205 1467 2254 
5722 1878 2031 2117 2448 
5723 1872 2096 2041 2398 
5724 768 2147 2302 2700 
5725 2127 2167 1925 2366 
5726 1292 1290 855 2603 
5727 1476 2172 1475 2340 
5728 481 2665 1002 2918 
5729 1870 2203 2099 2254 
5730 2043 2370 2477 2592 
5731 1867 2278 2421 2722 
5732 1860 2192 2689 2744 
5733 1933 2280 2071 2374 
5734 210 2031 7 2514 
5735 1792 2060 87 2862 
5736 1947 1987 2328 2917 
5737 331 330 1553 2383 
5738 1992 2217 1882 2333 
5739 1055 1515 1455 2003 
5740 1259 1400 2014 2301 
5741 1869 2008 2098 2834 
5742 2428 2516 1864 2933 
5743 1856 2553 2224 2575 
5744 2242 2359 1930 2942 
5745 1393 2416 2044 2919 
5746 1852 2608 2404 2859 
5747 2011 1896 2116 2423 
5748 2611 2632 106 2770 
5749 2371 2635 2020 2797 
5750 1482 2216 2168 2631 
5751 2034 2362 2782 2948 
5752 1929 2485 2045 2879 
5753 20 394 395 2006 
5754 1440 2520 2489 2921 
5755 1458 2548 1978 2952 
5756 250 247 249 2924 
5757 1079 2065 2413 2780 
5758 1453 2383 2351 2652 
5759 1351 2347 2013 2595 
5760 2084 2256 1876 2287 
5761 2690 2756 2411 2937 
5762 2106 2378 319 2827 
5763 57 2311 1995 2521 
5764 710 709 711 2603 
5765 2057 2532 2051 2708 
5766 2215 2420 1876 2453 
5767 232 233 2490 2525 
5768 1292 2223 2411 2680 
5769 591 2079 2379 2798 
5770 380 2094 378 2418 
5771 1849 2124 2420 2684 
5772 2090 2239 1864 2296 
5773 278 74 277 2381 
5774 933 2471 2192 2815 
5775 1995 2521 1880 2567 
5776 1881 2029 2660 2783 
5777 421 2141 773 2814 
5778 2080 2549 1850 2687 
5779 1657 1605 852 2013 
5780 2090 2367 2105 2519 
5781 475 1700 1739 2558 
5782 2204 2353 2120 2699 
5783 1848 2029 2184 2329 
5784 209 2031 467 2786 
5785 30 29 2600 2794 
5786 227 1304 2694 2870 
5787 2046 2254 1997 2474 
5788 2007 1907 2256 2686 
5789 1507 909 1838 2112 
5790 1555 2167 2039 2677 
5791 792 2044 1393 2258 
5792 1934 2420 2215 2453 
5793 1792 87 2467 2862 
5794 2119 2406 1966 2583 
5795 1272 1707 1748 2330 
5796 1714 1995 1588 2492 
5797 1480 1796 2388 2810 
5798 960 2609 2267 2694 
5799 1657 2375 204 2595 
5800 2122 2780 2059 2931 
5801 1455 2403 2003 2634 
5802 1867 2421 2063 2722 
5803 1987 2449 2209 2917 
5804 1467 2375 205 2642 
5805 871 2130 1102 2496 
5806 1585 1633 2143 2536 
5807 2013 2270 1877 2597 
5808 704 705 2023 2309 
5809 2131 2665 2502 2872 
5810 1898 2050 2323 2518 
5811 1358 2055 2457 2804 
5812 2099 1870 2474 2644 
5813 1329 490 2025 2310 
5814 2013 2573 2375 2595 
5815 203 1657 994 2314 
5816 2167 2526 1909 2586 
5817 1863 2708 2171 2929 
5818 2242 2354 1980 2598 
5819 1996 1868 2407 2456 
5820 1872 2242 1980 2398 
5821 2060 2335 1856 2723 
5822 93 94 955 2847 
5823 1305 111 1306 2180 
5824 1859 2437 2284 2571 
5825 94 1176 1605 2047 
5826 160 211 2240 2450 
5827 2195 2214 1862 2879 
5828 1961 2428 2516 2717 
5829 1211 2210 2082 2431 
5830 2185 2305 1931 2309 
5831 158 704 2023 2435 
5832 2193 2466 1975 2682 
5833 1848 2093 2184 2831 
5834 345 2075 1090 2538 
5835 2208 2515 1971 2553 
5836 2015 2500 2401 2728 
5837 1989 2076 1919 2259 
5838 2003 2343 1957 2617 
5839 1908 1974 2105 2519 
5840 2281 2588 2577 2710 
5841 1445 1826 1444 2433 
5842 495 2488 1320 2584 
5843 1990 2122 2059 2931 
5844 188 2249 1182 2529 
5845 2183 2298 1984 2883 
5846 2053 2464 1889 2826 
5847 1874 2289 2557 2855 
5848 1882 2376 2279 2645 
5849 2476 2519 2090 2881 
5850 2578 2670 2276 2890 
5851 278 2453 276 2640 
5852 2107 1046 2476 2875 
5853 631 2075 346 2243 
5854 81 1814 1280 2630 
5855 2100 2377 938 2649 
5856 2023 386 2450 2605 
5857 1330 2345 1943 2669 
5858 1854 2176 1979 2498 
5859 1980 2242 1872 2354 
5860 301 355 2020 2460 
5861 668 2418 1994 2771 
5862 2040 2129 2580 2593 
5863 2077 2694 2010 2742 
5864 19 2229 2492 2844 
5865 1888 2507 1971 2837 
5866 183 23 2298 2562 
5867 1243 1034 2727 2765 
5868 773 2141 421 2858 
5869 2377 2569 698 2620 
5870 209 467 1721 2786 
5871 2011 2116 1896 2772 
5872 1457 888 1432 1978 
5873 1910 2230 2026 2951 
5874 1969 1866 2255 2460 
5875 865 801 2568 2579 
5876 382 2321 524 2530 
5877 2140 2358 2125 2599 
5878 1458 2433 339 2952 
5879 1921 1986 2417 2963 
5880 1297 221 2063 2421 
5881 2078 2080 1850 2497 
5882 223 2208 2048 2843 
5883 2203 2396 1923 2617 
5884 749 1490 2333 2944 
5885 344 1369 632 2977 
5886 2113 2471 2212 2769 
5887 1821 1135 2194 2899 
5888 1932 2017 2528 2898 
5889 1448 900 2134 2400 
5890 1115 444 2269 2410 
5891 1973 1892 2330 2565 
5892 1725 2105 1252 2296 
5893 355 2020 2460 2481 
5894 297 2243 2136 2445 
5895 2029 1848 2504 2759 
5896 1874 2156 2304 2818 
5897 2216 2371 1924 2631 
5898 2015 2401 1892 2728 
5899 1856 2338 2019 2828 
5900 580 581 2077 2189 
5901 1609 2007 1178 2793 
5902 2043 2196 1864 2881 
5903 2111 2316 1865 2424 
5904 1742 1741 2475 2576 
5905 2466 2524 1975 2615 
5906 2277 2334 652 2467 
5907 1382 375 374 2397 
5908 2533 2539 1883 2795 
5909 2083 2567 2455 2887 
5910 1876 2420 2215 2564 
5911 1995 2245 2032 2311 
5912 1897 2782 2512 2948 
5913 660 2464 2225 2517 
5914 1603 2681 2066 2964 
5915 1976 2617 2573 2849 
5916 1853 2751 2021 2884 
5917 1955 2238 2563 2774 
5918 1537 2225 2114 2650 
5919 2010 2734 2077 2845 
5920 2328 2449 2208 2549 
5921 1840 2270 2253 2880 
5922 1300 1993 838 2893 
5923 2098 2570 2207 2834 
5924 65 2131 2282 2593 
5925 1388 1237 2313 2463 
5926 1958 2398 2041 2571 
5927 724 2405 1740 2450 
5928 1393 2258 2044 2416 
5929 1900 2466 2027 2484 
5930 2218 2527 1894 2712 
5931 2019 2625 1485 2773 
5932 2050 2114 1898 2650 
5933 1657 1351 1605 2013 
5934 2053 1898 2517 2555 
5935 1629 973 2213 2460 
5936 1857 2011 2154 2342 
5937 1079 2413 1662 2780 
5938 1881 2660 2177 2826 
5939 1444 341 339 2070 
5940 964 1118 2249 2449 
5941 2214 2916 2178 2922 
5942 2040 2143 1585 2580 
5943 1055 1527 2003 2468 
5944 2258 2448 1463 2927 
5945 1259 2261 1578 2793 
5946 999 146 711 766 
5947 1918 2122 2544 2827 
5948 1017 1971 2773 2843 
5949 2419 2729 2286 2857 
5950 1987 2128 2760 2791 
5951 2117 2426 1926 2830 
5952 1221 2435 2240 2777 
5953 2215 2420 1934 2564 
5954 1914 2108 2319 2691 
5955 1872 1980 2354 2781 
5956 938 2377 1516 2649 
5957 2099 2203 1870 2644 
5958 1748 2015 2902 2907 
5959 1903 2305 2185 2309 
5960 1902 2179 2082 2548 
5961 1854 1979 2176 2391 
5962 2127 2205 1374 2499 
5963 1458 1978 2433 2952 
5964 1233 2483 2397 2882 
5965 40 2049 2619 2896 
5966 2274 2358 2125 2701 
5967 1964 1888 2267 2792 
5968 1873 2244 2168 2480 
5969 1980 2398 2096 2781 
5970 331 2170 217 2669 
5971 2097 2552 1893 2867 
5972 179 2094 1683 2180 
5973 2155 2226 649 2907 
5974 1854 2112 1996 2842 
5975 2035 2722 2278 2857 
5976 575 2086 577 2426 
5977 2149 2243 1981 2977 
5978 1961 2447 2319 2668 
5979 2060 2338 2335 2873 
5980 870 900 901 2377 
5981 82 81 2072 2290 
5982 2312 2505 2022 2662 
5983 1847 2577 2206 2691 
5984 2322 2715 2214 2922 
5985 1998 2497 1850 2515 
5986 1301 838 1993 2893 
5987 1241 1242 1028 1994 
5988 1885 1984 2186 2342 
5989 1246 1247 2252 2352 
5990 24 419 2183 2692 
5991 1929 2501 2097 2867 
5992 1940 2121 1996 2659 
5993 276 278 277 2381 
5994 867 1083 2218 2898 
5995 1848 2093 2343 2617 
5996 1214 953 2451 2758 
5997 1944 2353 2608 2859 
5998 2671 2701 1890 2886 
5999 1902 2005 2179 2657 
6000 967 572 951 2086 
6001 1958 2398 2242 2541 
6002 315 2228 1426 2912 
6003 203 994 995 2314 
6004 1874 2289 1970 2557 
6005 1841 2470 2304 2818 
6006 1323 2227 2164 2967 
6007 2267 2277 2010 2609 
6008 1885 2011 2195 2214 
6009 1910 2419 2230 2951 
6010 572 2086 967 2384 
6011 684 2052 569 2683 
6012 1851 2606 2070 2657 
6013 1651 1694 1974 2592 
6014 2212 2384 1949 2815 
6015 1596 2072 1728 2390 
6016 1857 2009 2478 2583 
6017 34 968 2115 2174 
6018 2267 2792 1888 2870 
6019 2186 2534 1984 2562 
6020 1945 2353 2018 2387 
6021 87 2060 1798 2873 
6022 1970 2557 2125 2599 
6023 1872 2075 2220 2781 
6024 829 1726 2290 2630 
6025 572 2086 719 2815 
6026 412 116 2239 2476 
6027 655 2264 2587 2612 
6028 1048 2088 2081 2499 
6029 1929 2045 2501 2879 
6030 2137 1868 2670 2710 
6031 1866 2255 2174 2904 
6032 1086 2076 2278 2790 
6033 595 545 332 1992 
6034 1556 2039 2250 2767 
6035 1938 2261 2014 2793 
6036 137 1644 380 2094 
6037 1638 1449 2069 2758 
6038 1987 1947 2449 2917 
6039 1229 2128 919 2190 
6040 2318 2273 2480 2917 
6041 2236 2484 2027 2524 
6042 2125 2191 2156 2557 
6043 1855 2122 2065 2780 
6044 1857 2154 2011 2872 
6045 792 2258 1393 2416 
6046 2090 2476 654 2519 
6047 2019 2764 2338 2773 
6048 2335 2338 1856 2828 
6049 2056 2342 2627 2728 
6050 865 1941 800 2579 
6051 1933 2316 2111 2424 
6052 2024 2809 2374 2887 
6053 2146 2764 2089 2803 
6054 852 2314 2013 2352 
6055 224 2048 223 2249 
6056 1980 2242 2598 2942 
6057 2109 1859 2284 2910 
6058 92 2171 93 2763 
6059 1455 2003 1515 2634 
6060 609 2542 2262 2626 
6061 2052 2683 2245 2844 
6062 2208 2249 2048 2549 
6063 87 2862 2060 2873 
6064 1843 2276 2714 2728 
6065 1840 2288 2083 2458 
6066 1855 2065 2022 2662 
6067 1834 2042 518 2513 
6068 1885 2186 1984 2562 
6069 1849 2091 2266 2679 
6070 306 1697 305 2545 
6071 1889 2265 2332 2971 
6072 1114 2856 2582 2957 
6073 388 2346 389 2396 
6074 2159 2405 1875 2682 
6075 1335 1036 2102 2395 
6076 1983 2572 2312 2769 
6077 2026 2221 323 2546 
6078 2083 2458 2288 2621 
6079 1928 2715 2322 2922 
6080 1910 2026 2510 2951 
6081 83 2232 1043 2418 
6082 2099 2675 2254 2824 
6083 2084 2256 1907 2686 
6084 2083 2414 1946 2555 
6085 589 2471 1981 2977 
6086 2454 2621 2288 2660 
6087 2077 2189 581 2508 
6088 1987 1947 2328 2449 
6089 379 460 1504 2180 
6090 520 2371 2020 2797 
6091 216 2669 2163 2736 
6092 1183 2445 2301 2793 
6093 533 1543 2090 2367 
6094 2062 2392 2365 2864 
6095 1914 2319 2108 2513 
6096 651 2277 652 2467 
6097 1850 2497 2080 2515 
6098 2166 2425 1904 2880 
6099 1964 2250 2039 2784 
6100 44 332 1992 2915 
6101 1616 2263 1618 2913 
6102 2028 2130 1020 2958 
6103 1420 2172 1985 2801 
6104 1703 2127 1503 2205 
6105 1419 1420 1663 1985 
6106 345 2075 2538 2805 
6107 1976 2396 2203 2617 
6108 1369 2109 1790 2243 
6109 2024 2374 2809 2871 
6110 1928 2412 2324 2922 
6111 2077 2250 2010 2694 
6112 1091 2231 997 2327 
6113 278 739 2453 2640 
6114 412 2107 2476 2551 
6115 1881 2349 2016 2504 
6116 2225 2464 2053 2517 
6117 1359 1358 2055 2457 
6118 1924 1977 2273 2371 
6119 332 27 44 2761 
6120 1877 2238 2352 2563 
6121 1250 1248 1317 2000 
6122 1855 2348 1983 2935 
6123 702 2254 2203 2375 
6124 2266 2451 1963 2720 
6125 278 74 2381 2453 
6126 1315 1110 1826 2181 
6127 2232 2418 1994 2966 
6128 2107 2476 2196 2875 
6129 902 1170 193 2491 
6130 2128 2209 1873 2760 
6131 415 524 382 2321 
6132 170 1659 2370 2592 
6133 2083 1946 2458 2621 
6134 1927 1965 2274 2735 
6135 1887 2478 2178 2859 
6136 674 2369 587 2766 
6137 867 2218 1084 2527 
6138 813 812 814 2212 
6139 771 2315 2237 2656 
6140 595 1992 332 2915 
6141 2009 2741 2178 2859 
6142 1945 2251 2404 2699 
6143 1983 2570 2201 2834 
6144 2051 2171 2708 2929 
6145 743 744 232 2008 
6146 865 800 1941 2624 
6147 1959 2178 2916 2922 
6148 1848 2343 2003 2617 
6149 28 30 29 2600 
6150 721 2736 2049 2771 
6151 1913 2184 2029 2329 
6152 1853 2179 2021 2465 
6153 581 368 580 2077 
6154 1950 2628 2685 2698 
6155 1985 2310 1663 2315 
6156 1945 2353 2204 2699 
6157 2118 2328 1947 2553 
6158 1868 2498 2407 2878 
6159 614 414 2326 2401 
6160 2268 2326 1892 2330 
6161 2173 2474 1870 2644 
6162 1851 2316 2657 2952 
6163 886 2244 2061 2730 
6164 1095 1096 1039 2016 
6165 660 2053 2464 2517 
6166 1115 2410 2269 2582 
6167 683 1588 1589 2245 
6168 2017 2361 1932 2429 
6169 772 2237 2457 2841 
6170 999 710 711 2718 
6171 2161 2454 2029 2660 
6172 1995 2311 1880 2521 
6173 916 2027 2466 2615 
6174 597 1998 314 2457 
6175 1865 2308 2111 2731 
6176 2008 2424 2795 2834 
6177 2115 2247 2174 2965 
6178 1930 2354 2242 2598 
6179 361 2175 2486 2770 
6180 1254 2363 2133 2495 
6181 232 2525 2490 2936 
6182 105 2292 2079 2611 
6183 1854 2110 2038 2766 
6184 1877 2270 2013 2860 
6185 655 2587 656 2612 
6186 2321 2530 382 2654 
6187 351 2574 96 2825 
6188 1927 2274 1965 2486 
6189 434 2466 2193 2682 
6190 2105 2367 1908 2519 
6191 1609 2261 2007 2793 
6192 1872 2041 2220 2422 
6193 1632 2068 241 2536 
6194 2031 2448 2514 2953 
6195 57 1588 1714 1995 
6196 444 445 1115 2269 
6197 1979 2670 2206 2800 
6198 1295 804 891 2845 
6199 2017 2218 1932 2361 
6200 1931 2185 2147 2305 
6201 2086 1881 2349 2384 
6202 2010 2267 1964 2277 
6203 1851 2166 2606 2657 
6204 1865 2179 2074 2316 
6205 1423 2472 2309 2775 
6206 2135 2319 1895 2447 
6207 2007 2317 1611 2434 
6208 719 2086 2384 2815 
6209 1859 1999 2706 2899 
6210 616 617 2756 2937 
6211 1855 2022 2505 2662 
6212 1819 1712 1650 2764 
6213 1791 1663 1985 2310 
6214 1458 1978 1457 2433 
6215 2071 2311 59 2521 
6216 1854 2272 1996 2498 
6217 1851 2809 2374 2871 
6218 331 217 218 2669 
6219 223 2249 2208 2449 
6220 712 876 2142 2560 
6221 2280 2374 1933 2614 
6222 1897 1954 2399 2785 
6223 518 2513 2042 2721 
6224 2161 2312 1983 2662 
6225 1075 1076 1626 2616 
6226 495 2488 2190 2949 
6227 2402 2406 1693 2822 
6228 1237 1749 2240 2463 
6229 1888 1998 2457 2507 
6230 361 823 390 2770 
6231 616 617 2411 2756 
6232 2461 2701 2671 2886 
6233 1939 2730 2461 2886 
6234 2353 2699 2404 2741 
6235 2420 2512 2124 2785 
6236 1900 2027 2236 2484 
6237 1796 2082 1562 2388 
6238 728 2588 2271 2913 
6239 1797 707 1264 2222 
6240 1873 2244 2209 2285 
6241 2010 2694 500 2742 
6242 2129 2423 2040 2580 
6243 1592 1593 1741 2576 
6244 688 599 2062 2180 
6245 2212 2471 1949 2769 
6246 482 2665 1966 2745 
6247 1984 2183 1887 2298 
6248 2224 2457 1998 2507 
6249 1792 2467 2060 2862 
6250 1090 2075 603 2538 
6251 2031 2426 8 2786 
6252 1596 537 1459 2727 
6253 2121 2186 1885 2812 
6254 813 1538 2113 2212 
6255 2130 2400 1893 2496 
6256 1668 2153 1669 2355 
6257 1974 2592 1658 2961 
6258 1049 2360 2088 2622 
6259 2040 2341 1207 2719 
6260 2359 2598 1930 2942 
6261 1388 2069 2313 2854 
6262 1742 1741 2084 2475 
6263 1989 2557 2289 2855 
6264 2170 2345 1635 2669 
6265 1842 2322 2214 2922 
6266 2042 2319 1961 2865 
6267 1603 2039 564 2681 
6268 1272 2015 1748 2907 
6269 1272 2015 1012 2401 
6270 400 402 2499 2835 
6271 1259 1183 1400 2301 
6272 1924 2174 2020 2255 
6273 1850 2224 2515 2553 
6274 379 1683 2094 2180 
6275 592 2234 593 2619 
6276 1223 1224 2018 2962 
6277 1887 2183 1984 2478 
6278 1990 2207 712 2931 
6279 189 1490 1491 2761 
6280 2267 2609 2010 2694 
6281 1914 2610 2110 2866 
6282 934 2338 2764 2773 
6283 1996 2112 2456 2938 
6284 467 2031 8 2786 
6285 2292 2611 106 2770 
6286 1988 2260 2669 2713 
6287 2243 2284 2109 2541 
6288 691 1271 2165 2611 
6289 996 2375 1997 2642 
6290 1343 2503 818 2750 
6291 1244 1330 2690 2765 
6292 1916 2204 2120 2774 
6293 1104 591 105 2292 
6294 1855 1983 2161 2935 
6295 87 1792 1798 2060 
6296 2282 2665 65 2745 
6297 1547 654 2476 2519 
6298 26 304 599 2062 
6299 1874 2557 2156 2855 
6300 2133 2269 1402 2363 
6301 1990 2207 2059 2570 
6302 2050 2145 1871 2275 
6303 1937 2706 2201 2834 
6304 1558 1813 2294 2664 
6305 82 1037 2390 2596 
6306 2048 2249 224 2436 
6307 145 397 405 1031 
6308 1982 2391 2097 2739 
6309 1821 505 2113 2194 
6310 915 1634 2054 2801 
6311 960 500 53 2609 
6312 1001 405 157 1023 
6313 2219 2577 2281 2588 
6314 1870 2254 2099 2474 
6315 2054 2133 2626 2656 
6316 1889 2644 2265 2971 
6317 2110 2610 2058 2866 
6318 1989 2076 2289 2557 
6319 1047 2196 1046 2875 
6320 59 2311 2071 2560 
6321 1512 625 2145 2444 
6322 1585 1633 1713 2143 
6323 1869 1983 2570 2935 
6324 2132 2139 1905 2940 
6325 1883 2201 2706 2834 
6326 1894 1992 2365 2944 
6327 2025 2432 2584 2687 
6328 1898 2073 2518 2941 
6329 2001 2140 2599 2646 
6330 1967 1915 2350 2839 
6331 1495 2219 2281 2588 
6332 1908 2519 2367 2618 
6333 1841 2818 2419 2951 
6334 170 463 2043 2370 
6335 351 1991 2574 2825 
6336 1995 2442 1714 2521 
6337 1994 2351 667 2383 
6338 668 84 1994 2418 
6339 2073 2114 1912 2648 
6340 1878 2448 2092 2799 
6341 1291 2411 2189 2508 
6342 2003 2468 1527 2634 
6343 2276 2670 2578 2914 
6344 1297 664 221 2421 
6345 1790 2243 2109 2705 
6346 1460 2325 2266 2758 
6347 594 825 593 2141 
6348 2135 2364 1986 2638 
6349 1936 2246 2152 2578 
6350 2155 2281 2219 2577 
6351 2118 2273 1841 2318 
6352 1178 2007 1611 2538 
6353 2176 2364 2319 2866 
6354 1223 2387 2341 2962 
6355 1850 2080 2078 2488 
6356 2024 2120 1955 2871 
6357 1305 1306 1356 2094 
6358 1839 2087 2041 2571 
6359 1841 2156 2419 2818 
6360 617 2411 2223 2680 
6361 1515 2003 1527 2634 
6362 1252 2105 695 2248 
6363 1458 339 2548 2952 
6364 1921 2551 2447 2963 
6365 1980 1849 2399 2768 
6366 2043 2428 1864 2933 
6367 2024 2253 2120 2871 
6368 65 2282 1058 2593 
6369 1982 2779 2868 2901 
6370 2022 2106 1855 2505 
6371 771 2656 2237 2841 
6372 34 35 968 2174 
6373 792 2044 2258 2927 
6374 2429 2645 1846 2819 
6375 92 2047 2171 2943 
6376 1045 1047 1046 2875 
6377 1840 2253 2458 2880 
6378 2102 2234 1335 2395 
6379 1142 516 514 2519 
6380 2010 500 2609 2742 
6381 565 1693 2402 2406 
6382 908 2659 429 2938 
6383 2267 1964 2792 2870 
6384 1962 2169 1927 2376 
6385 2161 2621 2454 2660 
6386 1300 2804 1993 2893 
6387 1458 1444 339 2433 
6388 1856 2140 2575 2906 
6389 1953 2211 2119 2822 
6390 792 1381 2044 2927 
6391 2078 2439 119 2497 
6392 2336 2503 2210 2566 
6393 122 2268 71 2386 
6394 2203 1870 2573 2595 
6395 678 2225 1537 2517 
6396 346 2149 2075 2805 
6397 1908 1974 2202 2587 
6398 1910 2510 2419 2951 
6399 1791 1985 1420 2283 
6400 2090 1864 2239 2476 
6401 2125 1867 2191 2557 
6402 2116 2214 1842 2322 
6403 2029 1848 2184 2504 
6404 2022 2312 1881 2505 
6405 2374 2614 1951 2809 
6406 1407 2262 1647 2678 
6407 2156 2419 2818 2951 
6408 973 2460 1629 2955 
6409 2078 2481 2020 2797 
6410 2319 2447 1961 2865 
6411 1266 1371 2 2012 
6412 297 2136 295 2445 
6413 1855 2065 2122 2413 
6414 1998 2430 597 2497 
6415 864 1538 2633 2702 
6416 1080 717 715 2065 
6417 2033 1870 2173 2270 
6418 1649 503 2264 2612 
6419 1968 2089 2358 2885 
6420 451 733 450 2357 
6421 547 1813 2108 2513 
6422 575 573 577 2086 
6423 1997 2474 2064 2726 
6424 1611 2317 2007 2686 
6425 1991 2223 2222 2825 
6426 628 2199 1975 2932 
6427 837 1989 862 2520 
6428 2039 2167 1925 2677 
6429 870 2134 900 2377 
6430 1959 2412 2182 2922 
6431 2007 2261 1609 2686 
6432 1926 2117 2003 2343 
6433 1983 2161 2087 2783 
6434 862 1106 2144 2674 
6435 2130 2620 1020 2958 
6436 2239 2296 1832 2911 
6437 1475 2172 1756 2385 
6438 1862 2150 2148 2523 
6439 2019 1890 2358 2409 
6440 1872 2354 2136 2445 
6441 684 2683 622 2844 
6442 2027 2308 1225 2589 
6443 1989 2156 2076 2557 
6444 1938 2445 2075 2793 
6445 1793 2368 1263 2461 
6446 1644 379 380 2094 
6447 2012 1896 2152 2846 
6448 2074 2179 2005 2657 
6449 301 2020 355 2481 
6450 408 847 775 2755 
6451 2203 2375 1870 2595 
6452 2195 2501 2214 2879 
6453 1852 2353 2404 2608 
6454 1989 2156 2557 2855 
6455 2287 2550 1967 2959 
6456 1061 1675 2283 2385 
6457 1866 2026 2221 2951 
6458 1211 1365 1562 2210 
6459 1930 2301 2354 2598 
6460 1996 2112 2038 2456 
6461 1165 2340 1169 2491 
6462 815 2535 2085 2947 
6463 837 2289 1989 2877 
6464 1875 2036 2193 2325 
6465 94 2347 955 2847 
6466 2407 2500 2015 2728 
6467 1229 2337 2190 2658 
6468 1499 2017 1497 2528 
6469 2168 2480 1910 2510 
6470 2177 2504 1848 2759 
6471 838 1300 1532 2804 
6472 1596 1459 2072 2727 
6473 2319 2393 2100 2926 
6474 846 1651 845 1974 
6475 1939 2286 2729 2857 
6476 2109 2284 1859 2437 
6477 870 2130 2377 2620 
6478 1912 2344 2073 2608 
6479 929 2175 2063 2600 
6480 550 2002 453 2832 
6481 70 71 2268 2565 
6482 1933 2085 2316 2614 
6483 1858 2499 2361 2586 
6484 2068 2132 1917 2711 
6485 1095 1039 1040 2293 
6486 2131 2593 64 2654 
6487 1861 2068 2204 2699 
6488 1990 2059 2348 2570 
6489 183 23 24 2298 
6490 1994 2291 1241 2579 
6491 2195 1862 2501 2879 
6492 1910 2286 2419 2729 
6493 2012 1893 2400 2496 
6494 1954 1849 2768 2785 
6495 1998 2224 2160 2457 
6496 1714 2442 1995 2492 
6497 2035 2419 2286 2857 
6498 1874 2304 2001 2646 
6499 1945 2204 2068 2699 
6500 1157 2285 1682 2956 
6501 1388 2313 107 2854 
6502 2279 2376 1962 2645 
6503 958 1559 1309 2558 
6504 1048 2081 400 2499 
6505 232 2490 2008 2936 
6506 2116 2452 2143 2876 
6507 1843 2137 2276 2728 
6508 1869 2207 2570 2834 
6509 232 743 2008 2490 
6510 2005 2454 1904 2554 
6511 2044 2092 1878 2927 
6512 1872 2242 2398 2541 
6513 323 1187 2026 2546 
6514 1430 1318 2387 2719 
6515 2015 2500 2226 2907 
6516 2239 2476 2107 2551 
6517 1815 2346 1350 2925 
6518 1866 1969 2255 2493 
6519 2058 2134 1879 2649 
6520 170 2043 718 2592 
6521 1977 1850 2328 2635 
6522 1632 240 241 2068 
6523 2030 2795 2424 2834 
6524 481 1002 391 2918 
6525 2187 1891 2271 2823 
6526 1908 2202 1974 2519 
6527 1879 2319 2364 2866 
6528 2018 2355 1224 2387 
6529 837 862 1989 2674 
6530 861 2565 1973 2902 
6531 1888 1964 2334 2792 
6532 1996 2456 2038 2498 
6533 1020 2130 2028 2462 
6534 601 2155 2219 2892 
6535 2056 1940 2342 2728 
6536 1441 2144 2489 2520 
6537 2106 319 2413 2827 
6538 1478 2331 2089 2803 
6539 2350 2811 2044 2919 
6540 1343 2091 1818 2503 
6541 463 517 2042 2926 
6542 2109 2243 1981 2284 
6543 2029 2504 2177 2759 
6544 1101 1334 2459 2734 
6545 2059 2443 1076 2616 
6546 712 2207 713 2931 
6547 1705 668 84 1994 
6548 1974 2592 2389 2881 
6549 580 228 2077 2742 
6550 1893 2012 2400 2552 
6551 1714 57 1995 2521 
6552 2288 2454 1951 2621 
6553 1968 2335 2017 2429 
6554 1701 2048 2300 2678 
6555 210 7 2031 2953 
6556 1696 2545 2168 2647 
6557 2151 2297 1944 2518 
6558 2109 2194 1859 2910 
6559 1580 1581 1122 2720 
6560 803 2077 443 2410 
6561 2058 2110 1854 2851 
6562 1884 2048 2515 2678 
6563 1096 1039 2016 2464 
6564 1966 2502 2131 2665 
6565 1867 2557 2165 2790 
6566 2025 2584 2310 2687 
6567 684 682 569 2052 
6568 4 1490 189 2333 
6569 2231 2327 1091 2441 
6570 1237 2240 211 2313 
6571 2137 1868 2407 2878 
6572 929 1297 2063 2175 
6573 519 2371 794 2949 
6574 691 2611 2165 2632 
6575 1884 2262 1985 2300 
6576 2103 1904 2425 2880 
6577 1701 2048 2678 2843 
6578 1712 274 2528 2764 
6579 988 144 2092 2514 
6580 114 113 2418 2858 
6581 2156 2191 1867 2557 
6582 1894 2104 2360 2712 
6583 665 1403 1423 2185 
6584 1508 2266 1460 2325 
6585 1915 2235 2044 2350 
6586 736 2336 1972 2740 
6587 165 2634 2396 2824 
6588 539 2102 537 2596 
6589 1866 2221 2026 2546 
6590 862 2144 1441 2520 
6591 1863 2697 2103 2860 
6592 1850 2515 2208 2553 
6593 1402 2133 501 2269 
6594 2004 1894 2360 2864 
6595 1697 2026 305 2545 
6596 2067 1906 2231 2646 
6597 1821 1135 993 2194 
6598 1863 2171 2047 2200 
6599 1327 2056 215 2401 
6600 1931 2309 2305 2494 
6601 2539 2655 1958 2693 
6602 205 2254 456 2375 
6603 1560 2054 2306 2495 
6604 609 2262 906 2626 
6605 1943 2345 2260 2669 
6606 2396 2634 1976 2824 
6607 628 1975 432 2932 
6608 1848 2003 2537 2617 
6609 2491 2558 903 2975 
6610 797 463 2370 2926 
6611 1857 2408 2011 2502 
6612 1888 1971 2467 2837 
6613 1223 2018 1224 2387 
6614 2294 2369 587 2685 
6615 1996 2407 1868 2498 
6616 1870 1997 2474 2597 
6617 1843 2714 2154 2728 
6618 864 2633 2616 2702 
6619 2065 2633 2022 2662 
6620 1855 2161 1983 2662 
6621 17 2164 2443 2967 
6622 1850 2224 1998 2515 
6623 2162 2420 2091 2785 
6624 400 1048 497 2081 
6625 2208 2328 1947 2449 
6626 1857 2502 2009 2583 
6627 412 2107 1754 2476 
6628 1455 1392 2403 2634 
6629 2012 2143 1896 2846 
6630 463 2042 517 2897 
6631 456 2254 702 2375 
6632 1075 2059 2616 2780 
6633 1429 2339 2193 2661 
6634 1842 2132 2322 2412 
6635 2108 2685 2357 2698 
6636 559 1583 2035 2438 
6637 2178 2478 2009 2859 
6638 1976 2573 2203 2644 
6639 967 2349 1149 2384 
6640 1871 2297 2182 2412 
6641 1932 2279 2217 2898 
6642 2609 2626 2133 2656 
6643 631 2243 297 2445 
6644 2197 2217 1894 2594 
6645 127 1386 1673 2212 
6646 2265 2403 1392 2634 
6647 152 415 154 2651 
6648 1876 2162 2420 2564 
6649 625 1672 2145 2544 
6650 1619 728 2271 2913 
6651 936 2764 1485 2773 
6652 415 2257 524 2530 
6653 1865 2179 1978 2672 
6654 1848 2537 1976 2617 
6655 160 2023 386 2450 
6656 378 2094 84 2418 
6657 1862 2116 2214 2772 
6658 1157 1158 1682 2285 
6659 1958 2284 2041 2398 
6660 1351 2013 1657 2595 
6661 2304 2575 2001 2646 
6662 1602 1603 2066 2964 
6663 2014 2381 74 2453 
6664 2160 2457 2224 2507 
6665 466 12 763 2957 
6666 266 2199 1736 2700 
6667 1499 2526 2017 2873 
6668 1927 2169 1962 2486 
6669 1165 1026 2340 2491 
6670 1877 2103 2270 2860 
6671 916 1225 1691 2027 
6672 2219 2628 601 2892 
6673 1814 2222 1280 2630 
6674 2072 2290 1728 2390 
6675 1524 2283 1985 2695 
6676 1432 2433 1978 2947 
6677 1897 2503 2336 2566 
6678 1994 2418 2094 2966 
6679 144 1159 987 2092 
6680 1928 2324 2916 2922 
6681 743 744 2008 2607 
6682 2078 2020 2635 2797 
6683 629 432 1975 2682 
6684 2041 2284 1958 2571 
6685 2015 2137 1868 2407 
6686 2161 1951 2454 2621 
6687 1314 371 2126 2181 
6688 534 2167 1498 2526 
6689 1876 2420 2512 2684 
6690 1462 1289 2299 2311 
6691 1794 2368 2061 2676 
6692 2270 2573 1870 2597 
6693 450 2357 733 2628 
6694 1966 2406 2153 2778 
6695 712 876 318 2142 
6696 1691 2027 1225 2589 
6697 1703 1503 309 2205 
6698 1962 2667 2279 2924 
6699 1854 2058 2391 2866 
6700 1968 2338 2335 2828 
6701 1920 2022 2633 2662 
6702 1124 1988 2291 2896 
6703 1912 2474 2344 2608 
6704 2137 2714 2276 2728 
6705 1301 997 1091 2231 
6706 1864 2043 2389 2428 
6707 1879 2134 2058 2391 
6708 1948 2837 2237 2841 
6709 1499 1498 1497 2017 
6710 390 823 2632 2770 
6711 17 2443 2164 2702 
6712 1935 2539 2533 2795 
6713 274 2338 1294 2873 
6714 2268 2565 1892 2714 
6715 1866 2247 2115 2546 
6716 1463 2258 791 2468 
6717 452 2158 451 2531 
6718 1498 2167 534 2446 
6719 74 2381 2014 2894 
6720 1881 2022 2505 2641 
6721 2206 2670 1868 2710 
6722 2080 2497 2430 2515 
6723 1611 1178 1609 2007 
6724 2469 2638 1986 2800 
6725 1977 2635 2371 2797 
6726 1266 1391 2152 2496 
6727 2241 2388 2082 2810 
6728 1898 2323 2050 2378 
6729 2060 2334 1792 2526 
6730 490 163 2025 2787 
6731 1846 2125 2599 2629 
6732 1375 938 1516 2649 
6733 1017 2773 1971 2862 
6734 656 657 2105 2587 
6735 1875 2240 2023 2359 
6736 454 455 2203 2254 
6737 1741 2084 2475 2576 
6738 1335 103 1036 2395 
6739 2272 2391 1854 2739 
6740 888 2241 1978 2810 
6741 1893 2391 2134 2757 
6742 1987 2760 2328 2917 
6743 1400 2014 2301 2894 
6744 1472 1480 2388 2661 
6745 1259 2014 1400 2894 
6746 1866 2115 2264 2546 
6747 1862 2214 2195 2772 
6748 1746 805 803 2189 
6749 1930 2023 2359 2494 
6750 1011 543 2226 2500 
6751 1850 2328 2118 2553 
6752 1303 1972 2431 2763 
6753 609 906 608 2626 
6754 730 281 1173 2523 
6755 1514 1451 179 2968 
6756 630 2199 1008 2615 
6757 1862 2148 2150 2867 
6758 814 2471 506 2815 
6759 40 2049 41 2234 
6760 2013 1870 2573 2597 
6761 1847 2319 2176 2364 
6762 557 2378 320 2650 
6763 1857 2627 2119 2753 
6764 490 2025 163 2432 
6765 2237 2457 1888 2837 
6766 1567 1991 1540 2727 
6767 2056 2534 2342 2806 
6768 1917 2229 2473 2813 
6769 1903 2305 2309 2494 
6770 1935 2547 2199 2615 
6771 910 908 429 2938 
6772 1951 2374 2809 2887 
6773 1756 1475 1476 2172 
6774 165 164 166 2634 
6775 1991 619 2509 2937 
6776 1954 2339 1473 2388 
6777 1865 2308 2027 2589 
6778 209 210 7 2514 
6779 2165 2591 376 2790 
6780 559 2438 2035 2722 
6781 2373 2398 2021 2693 
6782 1851 2316 2085 2614 
6783 1459 1540 2072 2727 
6784 1868 2281 2015 2907 
6785 1444 2433 2070 2952 
6786 2095 2240 1366 2463 
6787 373 371 522 2181 
6788 1074 1076 2059 2623 
6789 1866 2174 2460 2807 
6790 870 871 1448 2130 
6791 2187 2469 1891 2823 
6792 142 144 143 2434 
6793 1941 2652 2383 2821 
6794 1190 2032 1462 2299 
6795 2081 2233 498 2835 
6796 763 12 466 404 
6797 1793 2061 1794 2368 
6798 1102 2462 1103 2496 
6799 1864 2196 2043 2933 
6800 372 371 373 2126 
6801 1848 2029 2329 2759 
6802 1850 2328 2208 2549 
6803 2582 2856 527 2957 
6804 1989 862 2520 2674 
6805 897 2411 1557 2603 
6806 2028 2578 1979 2914 
6807 1242 1994 1241 2579 
6808 1990 2299 1880 2673 
6809 1920 2633 2065 2662 
6810 462 518 1834 2042 
6811 2231 2483 2893 2906 
6812 2092 2585 1163 2927 
6813 1882 2197 1992 2915 
6814 1990 1880 2372 2673 
6815 1866 2144 1960 2838 
6816 1989 2520 2144 2674 
6817 792 1381 1393 2044 
6818 1840 2253 2024 2288 
6819 1926 2016 2504 2537 
6820 2144 2213 1866 2460 
6821 2173 2414 2033 2458 
6822 1366 2240 2095 2777 
6823 1309 2306 1024 2491 
6824 1996 2407 2498 2878 
6825 2053 2106 1946 2555 
6826 2075 2149 2243 2422 
6827 1360 884 2209 2676 
6828 194 915 474 2340 
6829 2027 2484 2466 2524 
6830 1279 2290 82 2390 
6831 171 238 2100 2370 
6832 1928 2322 2412 2922 
6833 1885 2214 2501 2916 
6834 1833 640 1478 2198 
6835 1149 2349 2293 2384 
6836 1358 2457 1732 2804 
6837 1265 2400 1397 2496 
6838 65 64 2131 2593 
6839 591 377 105 2079 
6840 189 1491 545 2761 
6841 145 528 147 2754 
6842 1920 2212 2113 2702 
6843 705 386 2023 2605 
6844 224 2249 186 2436 
6845 2028 1020 2638 2958 
6846 2101 2220 1922 2479 
6847 1593 2084 1741 2576 
6848 2045 2320 1830 2653 
6849 2449 2676 2209 2917 
6850 483 1615 2153 2642 
6851 962 2350 963 2663 
6852 1954 2266 2036 2768 
6853 1225 2027 916 2615 
6854 1865 2316 2074 2424 
6855 1035 2189 1602 2411 
6856 1890 2368 2409 2817 
6857 1986 2469 2187 2900 
6858 1894 2365 2217 2944 
6859 1459 1540 1710 2072 
6860 1854 2391 2176 2866 
6861 1839 2373 2041 2709 
6862 1928 2214 2715 2922 
6863 1140 2144 1629 2213 
6864 1556 805 2250 2734 
6865 1633 2143 2536 2813 
6866 1926 2003 2403 2537 
6867 2099 2332 1912 2747 
6868 171 2370 2100 2926 
6869 2084 1876 2261 2475 
6870 1873 2128 2216 2285 
6871 2094 2418 138 2966 
6872 1473 1474 1759 2388 
6873 405 157 397 1001 
6874 1871 2052 2444 2738 
6875 736 1972 1303 2763 
6876 165 166 2396 2634 
6877 1258 1031 405 1023 
6878 2145 2544 1672 2827 
6879 1943 2669 2260 2713 
6880 1898 2518 2323 2941 
6881 1894 2217 1992 2944 
6882 1792 2334 2060 2467 
6883 749 2333 2667 2944 
6884 736 2740 1972 2763 
6885 138 2094 137 2418 
6886 158 704 705 2023 
6887 597 2430 598 2497 
6888 404 405 1258 403 
6889 2092 1922 2479 2799 
6890 1924 2273 2255 2470 
6891 2052 2324 1928 2412 
6892 1897 2162 2091 2785 
6893 2302 2533 1883 2795 
6894 1898 2225 2053 2517 
6895 1980 2598 1849 2768 
6896 2265 2332 91 2464 
6897 1966 2583 2406 2778 
6898 2334 2459 1964 2734 
6899 534 1427 1426 2167 
6900 835 837 2289 2674 
6901 1211 1562 1796 2082 
6902 1902 2070 2252 2606 
6903 434 629 2466 2682 
6904 2124 2512 2420 2684 
6905 1926 2403 2016 2537 
6906 1617 1310 2187 2271 
6907 861 728 726 2902 
6908 811 1463 2117 2448 
6909 934 2764 936 2773 
6910 1233 1234 1092 2483 
6911 1182 964 1118 2249 
6912 54 885 191 2244 
6913 2049 2163 879 2619 
6914 2194 2561 1999 2899 
6915 1457 888 1978 2810 
6916 2430 2497 1998 2515 
6917 1977 2549 2190 2760 
6918 1252 1071 1751 2296 
6919 2086 2349 1926 2426 
6920 1933 2424 2111 2607 
6921 1846 2125 2274 2358 
6922 1211 1365 2210 2431 
6923 2031 2426 2117 2953 
6924 2428 2865 2516 2933 
6925 1930 2240 2023 2435 
6926 932 931 930 2290 
6927 1953 2406 2402 2822 
6928 1594 2084 1593 2576 
6929 2021 2179 1865 2672 
6930 1884 2515 2138 2678 
6931 26 112 2062 2180 
6932 1958 2242 2437 2541 
6933 1906 2088 2397 2882 
6934 1930 2136 2354 2930 
6935 2006 2303 2188 2715 
6936 1869 2098 2207 2834 
6937 2226 2407 1868 2456 
6938 845 1651 1694 1974 
6939 2124 2354 1980 2781 
6940 1229 1774 1784 2337 
6941 1857 2056 2627 2753 
6942 341 2252 2070 2704 
6943 1911 2037 2276 2530 
6944 1273 2218 2104 2527 
6945 1249 2268 1520 2326 
6946 1647 1407 1525 2262 
6947 2026 2221 1919 2230 
6948 1886 2502 2282 2778 
6949 1811 167 177 2286 
6950 1498 2017 1499 2526 
6951 2217 2667 2333 2944 
6952 1954 1473 2339 2979 
6953 2127 2205 1858 2586 
6954 620 1154 2261 2453 
6955 1594 2084 2287 2550 
6956 1855 1983 2348 2662 
6957 2013 2375 1870 2597 
6958 2145 2275 1512 2444 
6959 2018 2387 2353 2726 
6960 872 2115 503 2612 
6961 2203 2573 1870 2644 
6962 919 2128 918 2216 
6963 1921 2417 2551 2963 
6964 1861 2297 2151 2567 
6965 121 301 2481 2797 
6966 2179 2021 2465 2672 
6967 1616 1762 1618 2263 
6968 1844 2220 2101 2479 
6969 503 872 502 2115 
6970 2188 2303 1928 2715 
6971 2007 2684 2256 2816 
6972 1028 1994 1242 2966 
6973 2017 1968 2429 2528 
6974 822 1022 404 1258 
6975 1265 1266 2012 2496 
6976 2085 2181 1640 2433 
6977 1914 2319 2176 2691 
6978 730 281 2523 2901 
6979 1953 2344 2183 2749 
6980 2038 2294 2176 2691 
6981 1077 2717 1724 2796 
6982 1944 2297 2182 2518 
6983 1839 2554 2373 2709 
6984 2064 2173 1870 2270 
6985 1986 2187 2469 2800 
6986 1852 2064 2474 2726 
6987 639 613 414 2326 
6988 2099 2474 2254 2675 
6989 211 1237 1749 2240 
6990 602 2155 601 2892 
6991 539 2395 2102 2596 
6992 2191 2419 2156 2857 
6993 1932 2361 2218 2712 
6994 2557 2591 2165 2790 
6995 1246 2238 2252 2704 
6996 232 2008 744 2547 
6997 2056 1857 2211 2753 
6998 2128 2285 2209 2791 
6999 1965 1927 2486 2735 
7000 2110 2112 1854 2581 
7001 1603 2039 2681 2964 
7002 1323 48 2227 2967 
7003 1990 1880 2299 2560 
7004 1076 1075 1074 2059 
7005 501 2269 2133 2742 
7006 647 649 2226 2907 
7007 1046 2196 1047 2476 
7008 1775 2254 2675 2824 
7009 2295 2571 1983 2935 
7010 1774 1201 1784 2337 
7011 2221 2259 1919 2438 
7012 2159 2450 386 2605 
7013 690 691 2165 2421 
7014 1893 2152 2012 2552 
7015 1732 2439 2160 2457 
7016 1945 2018 2353 2404 
7017 884 885 1360 2209 
7018 1841 2118 2318 2817 
7019 167 1811 1583 2035 
7020 1903 2437 2242 2541 
7021 1861 2068 2602 2891 
7022 874 394 484 2303 
7023 1854 2391 2482 2739 
7024 2033 2173 1870 2644 
7025 443 2077 2269 2410 
7026 1997 2254 2046 2642 
7027 1949 2471 2192 2689 
7028 16 18 2164 2899 
7029 899 1009 867 2217 
7030 1953 2402 2344 2749 
7031 1967 2350 2550 2839 
7032 1245 2669 1330 2765 
7033 1954 1897 2503 2785 
7034 1993 2327 2231 2646 
7035 1847 1986 2364 2800 
7036 2043 2370 463 2897 
7037 1540 1761 1710 2222 
7038 2178 2182 1842 2922 
7039 1157 2168 1482 2216 
7040 2035 2286 1811 2639 
7041 1594 2287 2084 2576 
7042 1579 2261 2475 2686 
7043 1497 2218 1083 2898 
7044 1942 2521 1995 2567 
7045 1979 1854 2272 2391 
7046 2012 2152 1893 2496 
7047 988 2092 986 2514 
7048 2024 2374 1942 2567 
7049 1694 1545 61 2202 
7050 1919 2156 1989 2493 
7051 623 874 484 2303 
7052 353 1202 2713 2937 
7053 2004 2360 1894 2903 
7054 375 1434 912 2394 
7055 1853 2179 2082 2973 
7056 1713 2143 1633 2813 
7057 1225 2308 2027 2615 
7058 1547 2476 2196 2881 
7059 1638 1438 1449 2758 
7060 1555 1427 2167 2677 
7061 697 696 698 2377 
7062 2245 2444 2052 2738 
7063 1402 2133 2363 2495 
7064 1158 2128 1631 2285 
7065 2342 2534 2186 2806 
7066 1560 2306 2054 2946 
7067 2366 2540 1964 2784 
7068 2021 1865 2236 2672 
7069 1876 2453 2261 2475 
7070 217 2170 1635 2669 
7071 667 668 1705 1994 
7072 547 1558 1813 2513 
7073 1791 1663 1420 1985 
7074 665 2185 1423 2861 
7075 1949 2471 2689 2910 
7076 1259 1400 76 2894 
7077 2148 2523 2150 2901 
7078 677 2226 648 2456 
7079 2079 1882 2379 2798 
7080 1124 1988 1125 2568 
7081 1845 2359 2242 2942 
7082 2176 2294 1914 2691 
7083 564 2366 1735 2681 
7084 20 19 21 2229 
7085 1856 2224 1971 2507 
7086 2010 2277 1964 2734 
7087 962 2350 2663 2919 
7088 137 1356 1644 2094 
7089 2128 2216 2190 2760 
7090 2223 2411 617 2937 
7091 1871 2145 2050 2323 
7092 2243 2422 2284 2541 
7093 1996 2498 2272 2878 
7094 817 2535 815 2947 
7095 209 7 2031 2514 
7096 3 2012 2 2452 
7097 820 730 1174 2188 
7098 169 167 1583 2230 
7099 1366 1367 2240 2777 
7100 2144 2460 1969 2955 
7101 56 54 2244 2285 
7102 1857 2011 2408 2872 
7103 1840 2083 2151 2941 
7104 1725 656 695 2105 
7105 695 1252 1725 2105 
7106 1881 2505 2312 2783 
7107 2004 2104 2360 2903 
7108 1869 2570 2348 2935 
7109 2138 2515 2048 2678 
7110 2062 2365 1144 2968 
7111 1882 2594 2376 2645 
7112 1865 2027 2308 2731 
7113 1913 2029 2184 2709 
7114 321 2378 319 2517 
7115 1990 2372 2122 2673 
7116 1904 2329 2103 2425 
7117 1954 2465 2399 2768 
7118 2160 2224 1998 2439 
7119 719 2086 572 2384 
7120 631 2075 2243 2445 
7121 536 2459 2167 2526 
7122 1889 2177 2016 2537 
7123 2011 2440 2195 2772 
7124 1933 2280 2490 2954 
7125 1866 2221 2493 2951 
7126 1140 2144 2213 2489 
7127 1968 2335 2338 2873 
7128 1759 2210 1333 2503 
7129 1855 2122 2372 2776 
7130 905 1524 2172 2733 
7131 1896 2321 2152 2846 
7132 346 1090 345 2075 
7133 2193 2325 1686 2752 
7134 1996 2121 2487 2842 
7135 573 2192 2086 2815 
7136 1986 2638 2469 2900 
7137 1027 2418 2232 2966 
7138 1887 2183 2114 2692 
7139 1344 2139 1698 2492 
7140 580 582 2189 2250 
7141 2011 2423 2116 2829 
7142 348 949 950 2349 
7143 1507 909 2112 2415 
7144 105 2079 377 2611 
7145 2045 2324 2320 2916 
7146 1125 1988 1124 2896 
7147 976 434 2193 2752 
7148 419 2559 417 2749 
7149 1592 1594 1593 2576 
7150 691 104 1271 2611 
7151 336 660 2053 2464 
7152 1923 2595 2347 2925 
7153 1698 2139 2442 2492 
7154 1759 1562 2210 2388 
7155 921 772 2457 2841 
7156 1875 2069 2463 2643 
7157 2461 2600 2511 2671 
7158 2309 2472 1903 2775 
7159 1855 2413 2122 2776 
7160 2016 1881 2293 2349 
7161 2016 2349 1926 2504 
7162 1859 2706 2164 2899 
7163 2007 2434 1611 2538 
7164 416 1691 1225 2589 
7165 2142 2490 2280 2954 
7166 2132 2297 1905 2412 
7167 2120 2204 1861 2590 
7168 1508 1686 2193 2325 
7169 1266 2152 1391 2846 
7170 1187 305 1697 2026 
7171 571 2106 1510 2641 
7172 1132 2313 1133 2405 
7173 775 847 2558 2755 
7174 1844 2479 2256 2816 
7175 2167 2228 1925 2912 
7176 142 2317 144 2434 
7177 1936 2462 2152 2651 
7178 1850 2118 2224 2553 
7179 1508 2266 2325 2339 
7180 1942 2374 2071 2521 
7181 427 2226 2456 2659 
7182 1716 2254 2046 2675 
7183 1525 1985 1524 2733 
7184 1947 2625 2368 2817 
7185 2019 2409 2358 2764 
7186 2014 2261 1938 2684 
7187 1439 1398 1399 2150 
7188 1978 2179 2082 2672 
7189 1938 2075 2781 2816 
7190 2383 2568 1988 2579 
7191 1290 1291 2508 2603 
7192 2112 2766 2456 2938 
7193 1593 1594 1667 2550 
7194 2301 2445 1938 2793 
7195 1729 2122 1662 2413 
7196 688 2180 2062 2968 
7197 1775 2254 455 2675 
7198 2103 2425 1863 2863 
7199 2199 1975 2524 2615 
7200 2091 2564 1343 2720 
7201 2050 2323 2145 2378 
7202 583 1253 695 2248 
7203 1949 2312 2087 2783 
7204 1902 2382 2005 2425 
7205 121 120 2439 2481 
7206 1919 2259 2221 2493 
7207 1856 2160 2224 2507 
7208 2038 2456 2112 2766 
7209 218 330 331 2736 
7210 2266 1963 2679 2720 
7211 2155 1868 2281 2577 
7212 1854 1979 2272 2498 
7213 474 2340 2306 2491 
7214 554 2356 2051 2663 
7215 1864 2239 2158 2296 
7216 2217 2333 1992 2944 
7217 1860 2041 2422 2743 
7218 2159 1875 2405 2450 
7219 1656 1561 1254 2133 
7220 87 1294 2862 2873 
7221 453 2002 550 2531 
7222 2401 2500 1940 2728 
7223 415 2321 154 2651 
7224 483 1005 482 2745 
7225 916 2027 1691 2466 
7226 2451 2679 1963 2720 
7227 478 2653 479 2716 
7228 1579 2475 1773 2686 
7229 1993 1874 2327 2646 
7230 1988 2669 218 2736 
7231 2203 2644 2099 2824 
7232 450 448 453 2002 
7233 2100 2135 1895 2569 
7234 1852 2404 2009 2859 
7235 542 1272 1748 2907 
7236 1947 2368 2318 2817 
7237 474 902 2340 2491 
7238 1486 2449 2208 2625 
7239 495 693 2488 2949 
7240 1997 1870 2375 2597 
7241 1902 2252 2166 2606 
7242 1970 2599 2125 2629 
7243 471 1545 1658 2961 
7244 1962 2486 2169 2924 
7245 1314 2181 2126 2789 
7246 2046 2254 1716 2642 
7247 1673 2212 1386 2384 
7248 923 478 479 2716 
7249 518 2042 517 2721 
7250 611 2302 2147 2543 
7251 1861 2139 2132 2940 
7252 2093 2343 1957 2601 
7253 2351 2383 1941 2652 
7254 1411 2623 2207 2696 
7255 1248 2665 2000 2918 
7256 2010 2250 2077 2734 
7257 2138 2467 1971 2837 
7258 916 2466 630 2615 
7259 2083 2288 2024 2887 
7260 1660 308 1337 2123 
7261 1223 2018 2387 2962 
7262 2591 2850 1970 2853 
7263 2071 2280 1880 2374 
7264 1290 2508 1765 2603 
7265 2003 2117 1926 2830 
7266 2045 2485 1929 2716 
7267 2149 1981 2243 2422 
7268 275 2146 1712 2528 
7269 2056 2342 1940 2806 
7270 2031 2514 2788 2805 
7271 547 2513 2108 2796 
7272 1634 476 915 2054 
7273 2007 1938 2261 2684 
7274 65 2282 2131 2665 
7275 1890 2019 2358 2817 
7276 2163 2727 1991 2765 
7277 1901 2549 2080 2687 
7278 962 2663 2532 2919 
7279 666 49 2725 2861 
7280 881 2850 2591 2853 
7281 2013 2573 2270 2597 
7282 2203 2254 455 2824 
7283 301 1339 355 2460 
7284 1930 2359 2242 2494 
7285 723 2159 724 2450 
7286 600 601 2628 2892 
7287 2070 2181 1826 2704 
7288 1875 2325 2193 2752 
7289 1884 2515 2430 2837 
7290 2136 2445 2354 2930 
7291 2270 2458 2033 2880 
7292 1359 1732 1358 2457 
7293 2214 2322 2116 2715 
7294 2147 2305 2185 2920 
7295 533 1574 1542 2367 
7296 2064 2474 1997 2597 
7297 597 1998 2237 2430 
7298 419 2114 418 2559 
7299 2201 1958 2437 2571 
7300 1955 2120 2024 2590 
7301 1632 240 2068 2536 
7302 1874 2304 1993 2327 
7303 653 2090 116 2476 
7304 1847 2176 2319 2691 
7305 1906 2397 2361 2666 
7306 631 297 295 2445 
7307 2442 2590 2126 2978 
7308 831 830 2630 2718 
7309 2045 2909 2324 2916 
7310 2104 2360 2081 2624 
7311 1911 2276 2037 2714 
7312 1959 2182 2178 2922 
7313 1877 2352 2047 2860 
7314 1963 2381 2095 2679 
7315 88 1792 87 2467 
7316 1918 2413 2122 2827 
7317 1792 1798 2060 2526 
7318 2154 2408 2011 2872 
7319 345 346 2075 2805 
7320 348 950 1347 2426 
7321 1942 2590 2442 2978 
7322 873 2421 2278 2722 
7323 1885 2011 2342 2852 
7324 2240 2435 1930 2777 
7325 453 2002 448 2832 
7326 328 2119 327 2406 
7327 1872 2284 2041 2422 
7328 846 845 844 1974 
7329 2317 2434 2007 2479 
7330 577 2086 573 2426 
7331 2011 1896 2440 2772 
7332 1859 2164 2113 2194 
7333 304 688 599 2062 
7334 2020 2481 301 2797 
7335 1342 1623 208 2822 
7336 222 2486 29 2794 
7337 1012 543 1011 2500 
7338 2076 2289 2557 2591 
7339 1710 1728 1596 2072 
7340 70 122 1311 2037 
7341 1314 1315 2181 2789 
7342 340 446 1212 2431 
7343 2119 2211 1857 2753 
7344 234 2111 298 2589 
7345 2044 2235 1915 2601 
7346 2344 2402 1912 2749 
7347 1881 2177 2029 2504 
7348 425 1171 1112 2972 
7349 471 1658 2592 2961 
7350 92 2171 2763 2943 
7351 2154 2627 2342 2728 
7352 599 1433 26 2180 
7353 1250 1317 123 2386 
7354 193 1170 1169 2491 
7355 2197 2622 492 2798 
7356 2112 2581 2110 2766 
7357 1797 707 2222 2680 
7358 2013 2352 2314 2597 
7359 1924 2174 2255 2904 
7360 1821 993 505 2194 
7361 2165 690 2421 2790 
7362 1861 2442 2139 2940 
7363 1930 2242 2136 2435 
7364 1887 2298 2183 2692 
7365 800 2579 1941 2624 
7366 1094 2467 2138 2542 
7367 2449 2625 1185 2676 
7368 1688 1731 1730 2025 
7369 580 2077 745 2742 
7370 505 2113 2194 2471 
7371 1864 2090 2296 2881 
7372 1010 2279 2146 2898 
7373 2089 2198 640 2409 
7374 921 2267 51 2841 
7375 106 2632 1737 2770 
7376 873 690 2278 2421 
7377 1896 2011 2408 2423 
7378 1688 2025 1730 2787 
7379 307 503 504 2247 
7380 2042 2100 1895 2370 
7381 878 2619 2163 2727 
7382 1864 2389 2248 2428 
7383 2007 1938 2684 2816 
7384 379 1504 1683 2180 
7385 996 205 2375 2642 
7386 1873 2209 2128 2285 
7387 641 2625 2368 2676 
7388 1839 2029 2554 2709 
7389 861 2588 728 2902 
7390 1355 2347 2057 2847 
7391 535 2039 1555 2459 
7392 171 2100 799 2926 
7393 2037 2565 2268 2714 
7394 1229 2190 1231 2658 
7395 299 2589 2111 2947 
7396 2157 1854 2581 2851 
7397 1180 2340 1179 2385 
7398 1924 2510 2168 2545 
7399 2349 2403 1926 2830 
7400 74 620 2014 2453 
7401 1510 2106 319 2413 
7402 1270 734 1269 2685 
7403 1787 1406 2300 2436 
7404 1854 2038 2112 2766 
7405 416 1225 2308 2589 
7406 1917 2229 2006 2322 
7407 2020 2255 1969 2470 
7408 2129 2321 381 2654 
7409 263 1482 2168 2631 
7410 1861 2132 2068 2699 
7411 2259 2493 1989 2520 
7412 647 544 649 2907 
7413 2368 2625 2409 2817 
7414 505 812 2113 2471 
7415 1252 695 1253 2248 
7416 1264 2222 707 2223 
7417 2429 1846 2666 2819 
7418 1877 2013 2352 2860 
7419 2217 1882 2333 2667 
7420 2092 2317 1159 2585 
7421 1602 2066 616 2411 
7422 768 2147 611 2302 
7423 2117 2258 1878 2448 
7424 1161 2157 809 2506 
7425 1858 2017 2218 2446 
7426 337 2293 1673 2384 
7427 1862 2214 2116 2715 
7428 1856 2224 2160 2575 
7429 1342 2402 208 2749 
7430 1917 2452 2229 2813 
7431 2052 2245 1905 2844 
7432 2223 2690 2411 2937 
7433 1611 2007 1609 2686 
7434 1353 2506 752 2732 
7435 2192 2426 2086 2744 
7436 2106 2413 1855 2776 
7437 1854 2739 2157 2842 
7438 129 2022 1673 2641 
7439 960 53 2267 2609 
7440 564 563 2784 2964 
7441 1292 855 2223 2680 
7442 1066 1067 2058 2851 
7443 2070 2181 1955 2737 
7444 1872 2220 2096 2781 
7445 1351 1657 204 2595 
7446 1920 2312 2022 2662 
7447 1903 1999 2437 2472 
7448 2046 2406 2153 2642 
7449 1671 1512 2145 2275 
7450 1244 1245 1330 2765 
7451 408 1786 847 2755 
7452 1934 2640 2564 2720 
7453 1639 1049 2088 2622 
7454 504 503 502 2247 
7455 1355 1783 284 2057 
7456 2029 2454 2554 2660 
7457 1593 2084 1594 2550 
7458 2137 2407 2015 2728 
7459 2011 1896 2408 2440 
7460 65 1058 64 2593 
7461 2063 2722 2035 2857 
7462 2006 2452 2116 2876 
7463 416 2308 234 2589 
7464 2201 2571 2295 2693 
7465 13 2076 1086 2790 
7466 620 1259 74 2014 
7467 1357 425 1112 2921 
7468 559 2035 1584 2722 
7469 2152 2462 153 2651 
7470 1985 1884 2300 2310 
7471 313 2439 1998 2497 
7472 559 2278 2438 2722 
7473 988 144 987 2092 
7474 2058 1854 2482 2851 
7475 1993 2307 2304 2575 
7476 2117 2448 2031 2953 
7477 881 287 2850 2853 
7478 1034 1567 1540 2727 
7479 1064 830 785 2718 
7480 1745 1725 2296 2367 
7481 499 1402 501 2269 
7482 1858 2088 2361 2499 
7483 1038 340 2431 2548 
7484 1854 1996 2272 2842 
7485 1845 2533 2524 2539 
7486 2262 2542 1948 2626 
7487 1913 2373 2096 2884 
7488 1955 2204 2120 2590 
7489 2100 2370 238 2569 
7490 1884 2138 2542 2678 
7491 305 2026 1187 2546 
7492 1333 2210 736 2336 
7493 1999 2561 1322 2899 
7494 2132 1905 2322 2412 
7495 685 2171 2051 2740 
7496 2076 2156 1919 2848 
7497 867 1083 1084 2218 
7498 1860 2149 1981 2192 
7499 2109 2194 991 2561 
7500 2098 1883 2543 2696 
7501 2540 2694 1964 2784 
7502 898 2667 2217 2944 
7503 127 1673 129 2022 
7504 2088 2361 1906 2397 
7505 1326 2534 2211 2753 
7506 1964 2459 2366 2784 
7507 274 934 1294 2338 
7508 1574 1542 2367 2618 
7509 720 2141 1042 2232 
7510 2242 2359 1845 2494 
7511 2045 1928 2909 2916 
7512 1397 1399 1398 2400 
7513 1914 2042 2721 2926 
7514 1855 1990 2348 2372 
7515 241 2473 2068 2602 
7516 2010 1964 2267 2694 
7517 650 2334 2277 2734 
7518 1971 2515 2208 2843 
7519 1457 1978 1458 2810 
7520 1908 2105 2587 2612 
7521 446 2431 340 2943 
7522 723 724 1740 2450 
7523 1335 2102 621 2574 
7524 572 719 574 2815 
7525 1847 2206 2176 2691 
7526 157 397 767 766 
7527 1144 2365 2062 2761 
7528 1140 2489 1142 2519 
7529 744 2547 2008 2607 
7530 2044 2235 1907 2350 
7531 1982 2482 2391 2739 
7532 382 381 2321 2654 
7533 1890 2358 2001 2817 
7534 1434 1233 1296 2067 
7535 1620 2044 1379 2811 
7536 1888 2237 2837 2841 
7537 691 104 2611 2632 
7538 2021 2884 2373 2928 
7539 2208 2449 2249 2549 
7540 2578 2670 1979 2914 
7541 510 2527 2365 2944 
7542 2105 2519 1974 2881 
7543 438 2159 384 2605 
7544 2057 2346 1923 2347 
7545 1566 2223 1567 2765 
7546 2242 2435 1930 2494 
7547 436 2159 2700 2932 
7548 1978 2179 2316 2657 
7549 2018 2282 1886 2962 
7550 1868 2015 2226 2907 
7551 1196 2100 938 2649 
7552 2090 2519 2105 2881 
7553 1863 2171 2200 2929 
7554 2320 2501 1885 2812 
7555 718 170 463 2043 
7556 1343 1818 818 2503 
7557 1854 2112 2110 2766 
7558 2051 2356 554 2740 
7559 93 92 94 2047 
7560 1865 2179 2021 2908 
7561 1476 2172 2340 2946 
7562 1847 2604 1986 2800 
7563 1942 2637 2181 2978 
7564 2190 2584 495 2658 
7565 164 1527 166 2634 
7566 429 2659 908 2888 
7567 2365 2527 2217 2944 
7568 197 2098 1411 2525 
7569 443 2077 804 2845 
7570 2059 2207 1990 2931 
7571 1831 2135 1715 2569 
7572 266 1736 768 2700 
7573 1594 2287 1820 2550 
7574 1877 2863 2166 2880 
7575 1900 2027 2466 2661 
7576 517 2042 462 2897 
7577 1793 884 1794 2061 
7578 545 332 1992 2761 
7579 559 1583 1584 2035 
7580 313 1998 597 2497 
7581 771 596 2237 2315 
7582 1662 2413 2122 2780 
7583 2059 2570 2443 2572 
7584 1085 2259 140 2438 
7585 100 2142 233 2525 
7586 1866 2174 2115 2247 
7587 49 1323 48 2227 
7588 1250 123 2268 2386 
7589 1290 1291 1765 2508 
7590 1399 3 1439 2523 
7591 1318 1642 2341 2719 
7592 1235 2088 1048 2499 
7593 1115 2269 445 2582 
7594 1175 2290 1726 2630 
7595 2107 2447 1921 2551 
7596 2267 2457 921 2870 
7597 1981 2689 2471 2910 
7598 813 1538 458 2113 
7599 1881 2641 2505 2826 
7600 1005 483 1615 2153 
7601 1937 2443 2570 2572 
7602 1668 1669 995 2355 
7603 1638 1449 841 2069 
7604 2020 1969 2460 2481 
7605 534 536 2167 2526 
7606 1881 2016 2177 2504 
7607 614 2330 1707 2401 
7608 1971 2338 2060 2862 
7609 1942 2071 2374 2976 
7610 1940 2186 2121 2888 
7611 775 407 408 2755 
7612 1456 1392 2265 2403 
7613 1861 2602 2126 2891 
7614 2122 2673 2372 2776 
7615 1064 2630 830 2718 
7616 2070 1851 2657 2952 
7617 14 2165 376 2790 
7618 2514 2786 1721 2805 
7619 905 1524 1756 2172 
7620 1640 2181 2085 2637 
7621 632 631 346 2243 
7622 2045 2501 2320 2812 
7623 1861 2204 2068 2891 
7624 1066 2058 2482 2851 
7625 1989 2289 2076 2877 
7626 520 2020 301 2797 
7627 2424 2607 2008 2731 
7628 1929 2485 2148 2716 
7629 1258 822 1022 1023 
7630 1539 539 537 2596 
7631 2169 2667 1962 2924 
7632 2325 2752 2069 2758 
7633 400 2499 2081 2835 
7634 2329 2636 2093 2697 
7635 1099 491 113 2858 
7636 374 492 2622 2798 
7637 1887 2692 2050 2748 
7638 1950 2685 2369 2691 
7639 1296 2067 2441 2850 
7640 887 396 146 999 
7641 763 1208 765 2957 
7642 1986 2638 2364 2800 
7643 1333 2336 737 2503 
7644 1895 2100 2042 2319 
7645 1821 18 1135 2113 
7646 1326 2056 2534 2753 
7647 1907 2317 2007 2479 
7648 336 1039 660 2464 
7649 2019 1947 2553 2817 
7650 1981 2284 2243 2422 
7651 359 2320 1493 2562 
7652 1743 2475 2084 2686 
7653 1393 1379 1620 2044 
7654 2158 2239 1864 2516 
7655 771 1613 2315 2656 
7656 1979 2757 2391 2890 
7657 1189 2386 2131 2654 
7658 2160 2457 2055 2804 
7659 780 2080 1240 2497 
7660 2063 2639 1939 2857 
7661 395 393 3 2523 
7662 724 2405 2159 2682 
7663 1290 2411 1291 2603 
7664 2511 2600 2063 2671 
7665 626 683 1462 2032 
7666 2101 2235 1844 2479 
7667 2031 2788 2786 2805 
7668 1864 2296 2105 2881 
7669 337 1149 2293 2384 
7670 1670 1619 861 2271 
7671 1975 2682 432 2932 
7672 400 498 402 2835 
7673 36 2174 520 2371 
7674 1880 2311 2071 2521 
7675 2084 2550 1666 2724 
7676 2046 2402 565 2675 
7677 1983 2087 2312 2783 
7678 2366 2459 1964 2540 
7679 1686 1429 1508 2193 
7680 758 795 796 2469 
7681 1469 2115 2612 2618 
7682 448 2002 450 2628 
7683 1964 2694 2540 2870 
7684 716 863 864 2616 
7685 1978 2672 2082 2810 
7686 962 747 2532 2663 
7687 1914 2721 2393 2926 
7688 462 517 518 2042 
7689 2210 2336 1333 2503 
7690 1305 2180 2094 2820 
7691 1510 571 319 2106 
7692 2419 2848 2156 2857 
7693 2099 2254 2203 2824 
7694 1704 1735 2127 2889 
7695 1847 2577 2691 2969 
7696 2249 2337 1901 2549 
7697 873 2278 690 2790 
7698 41 2049 2141 2234 
7699 1886 2040 2251 2341 
7700 2019 2625 2409 2764 
7701 1786 2755 407 2957 
7702 442 490 163 2432 
7703 1223 1318 2341 2387 
7704 2073 1912 2173 2648 
7705 1536 2114 419 2692 
7706 1054 811 1463 2117 
7707 1894 1992 2197 2392 
7708 2331 2803 249 2924 
7709 1845 2524 2533 2556 
7710 2359 2494 2023 2556 
7711 1072 2158 2248 2717 
7712 496 865 498 2624 
7713 730 1174 2188 2523 
7714 1912 2474 2099 2675 
7715 1896 2129 2408 2440 
7716 1732 2457 2160 2804 
7717 1512 625 1672 2145 
7718 2324 2909 1928 2916 
7719 1893 2134 2130 2757 
7720 335 1223 1224 2387 
7721 1728 2072 1710 2290 
7722 2192 2471 1981 2689 
7723 1961 2357 2158 2668 
7724 940 1793 1261 2461 
7725 1207 2040 1585 2580 
7726 1741 1743 1742 2084 
7727 1898 2555 2414 2941 
7728 2045 1929 2653 2716 
7729 1966 2282 2502 2778 
7730 676 2500 2226 2659 
7731 2096 2398 1872 2781 
7732 370 840 1803 2481 
7733 160 211 159 2240 
7734 1342 2402 1693 2822 
7735 2146 2528 1968 2764 
7736 2040 2423 2143 2580 
7737 1893 2400 2150 2552 
7738 1886 2341 2251 2404 
7739 2163 2669 1988 2736 
7740 2348 2621 1951 2935 
7741 418 2114 1537 2225 
7742 1842 2116 2707 2829 
7743 1497 1498 1489 2446 
7744 72 2229 73 2473 
7745 1353 2157 2506 2732 
7746 597 314 772 2457 
7747 1989 2520 837 2877 
7748 899 2279 2217 2667 
7749 1754 2107 412 2551 
7750 1366 2240 1749 2463 
7751 1528 871 1102 2496 
7752 1945 2404 2353 2699 
7753 1759 1474 1562 2388 
7754 2167 1925 2677 2912 
7755 896 2508 2754 2856 
7756 1935 2308 2027 2731 
7757 1957 2343 2003 2468 
7758 976 2682 434 2752 
7759 369 745 368 2410 
7760 313 119 2439 2497 
7761 1395 2294 1813 2664 
7762 799 171 238 2100 
7763 1048 1639 1049 2088 
7764 592 594 593 2234 
7765 374 1639 1382 2397 
7766 1538 458 2113 2702 
7767 1931 2305 2147 2533 
7768 2062 2180 112 2864 
7769 1006 2453 739 2640 
7770 348 1097 949 2349 
7771 2038 2369 2685 2691 
7772 2498 2670 2272 2878 
7773 1843 2097 2195 2246 
7774 1886 2040 2341 2593 
7775 855 854 2222 2680 
7776 1199 1200 2337 2791 
7777 1871 2297 2151 2518 
7778 1110 1826 2181 2704 
7779 701 1830 2045 2320 
7780 651 2277 2467 2542 
7781 1932 2594 2279 2645 
7782 1936 2152 2462 2578 
7783 2306 2340 1477 2491 
7784 17 1188 2164 2967 
7785 855 2222 2223 2680 
7786 2514 2788 1922 2799 
7787 1966 2282 2131 2502 
7788 936 934 1485 2764 
7789 1595 1285 208 2211 
7790 2066 1925 2260 2345 
7791 531 2169 529 2869 
7792 1854 2391 2058 2482 
7793 416 1225 234 2308 
7794 1791 2283 1100 2787 
7795 1885 2195 2011 2852 
7796 945 2511 2063 2639 
7797 2016 2464 2053 2826 
7798 1620 2811 2350 2919 
7799 2426 2830 2117 2953 
7800 103 1335 2234 2395 
7801 8 2426 576 2786 
7802 1926 2426 2613 2744 
7803 501 499 2269 2742 
7804 1921 2239 2158 2516 
7805 1879 2134 2130 2377 
7806 1086 1442 1085 2259 
7807 576 573 670 2192 
7808 1900 2388 2241 2661 
7809 1907 2007 2317 2686 
7810 1861 2567 1995 2940 
7811 1993 2575 2304 2646 
7812 2304 2307 1899 2575 
7813 887 998 999 2718 
7814 2181 2637 1942 2737 
7815 12 527 2856 2957 
7816 674 2456 2766 2938 
7817 1897 2566 2782 2948 
7818 1881 2177 2016 2826 
7819 2033 2458 2177 2759 
7820 1503 2127 1735 2366 
7821 1505 1506 808 2581 
7822 2032 2245 1995 2738 
7823 2003 2403 2265 2634 
7824 2092 2448 1878 2927 
7825 213 1327 215 2401 
7826 2185 2725 787 2833 
7827 2105 2296 2090 2881 
7828 1865 2589 2027 2672 
7829 2064 2120 1916 2353 
7830 179 1204 2094 2351 
7831 1072 2158 1071 2248 
7832 1941 2568 2383 2579 
7833 603 2445 1183 2793 
7834 1701 2678 1361 2843 
7835 1860 1981 2149 2422 
7836 358 2535 2490 2954 
7837 1275 2218 1497 2446 
7838 688 2062 687 2968 
7839 2469 2638 828 2900 
7840 1187 1186 168 2647 
7841 1987 2337 2249 2549 
7842 25 27 26 2062 
7843 715 2065 717 2616 
7844 1404 2568 2260 2889 
7845 2257 2276 2037 2530 
7846 681 2832 2588 2913 
7847 2031 2788 2514 2799 
7848 1860 2192 1981 2689 
7849 353 2713 2509 2937 
7850 1344 1698 1681 2492 
7851 1858 2218 2017 2361 
7852 1908 2367 2105 2612 
7853 82 1279 81 2290 
7854 893 2104 2228 2652 
7855 1651 1658 1694 2592 
7856 1446 2281 2155 2907 
7857 2164 2572 2113 2702 
7858 1841 2318 2273 2480 
7859 97 2072 80 2825 
7860 1434 912 2394 2850 
7861 1505 808 2157 2581 
7862 1441 2489 1440 2520 
7863 327 2406 2119 2822 
7864 1133 2405 2313 2450 
7865 2050 2692 557 2748 
7866 754 755 2605 2833 
7867 1907 2550 2350 2839 
7868 988 986 210 2514 
7869 1978 2548 1458 2810 
7870 1880 2280 2372 2887 
7871 534 535 2167 2459 
7872 866 498 2233 2835 
7873 209 7 467 2031 
7874 14 376 2591 2790 
7875 2008 2547 232 2936 
7876 596 2237 2315 2430 
7877 224 225 223 2048 
7878 2007 2261 2256 2684 
7879 2157 2482 1854 2851 
7880 241 2068 240 2602 
7881 2008 2795 2098 2834 
7882 2073 2173 1840 2414 
7883 41 2141 1664 2234 
7884 1775 2675 2099 2824 
7885 83 1043 114 2418 
7886 351 1991 2509 2574 
7887 376 2591 2165 2853 
7888 100 877 233 2142 
7889 357 358 532 2490 
7890 1922 2101 2479 2799 
7891 2220 2781 2075 2816 
7892 730 2148 821 2901 
7893 1992 1894 2365 2392 
7894 1898 2414 2225 2648 
7895 1580 1421 2451 2640 
7896 1558 1395 1813 2664 
7897 1697 2545 1696 2647 
7898 1849 2036 2598 2643 
7899 1986 2447 2522 2963 
7900 723 386 2159 2450 
7901 1867 2076 2557 2790 
7902 1550 2285 2128 2791 
7903 829 1175 1726 2630 
7904 1871 2052 2275 2444 
7905 1627 1601 2043 2389 
7906 2100 2393 2319 2866 
7907 705 386 160 2023 
7908 1938 2075 2538 2793 
7909 26 1433 112 2180 
7910 701 2045 700 2324 
7911 523 382 2530 2654 
7912 1685 1147 1010 2146 
7913 2018 1886 2341 2962 
7914 2152 2246 1893 2578 
7915 1896 2580 2321 2846 
7916 795 2187 796 2469 
7917 1080 2065 715 2633 
7918 2040 2143 1917 2536 
7919 222 2331 2486 2794 
7920 1796 2082 2388 2810 
7921 1273 2218 1275 2446 
7922 2059 2572 2443 2662 
7923 565 1716 2046 2675 
7924 2074 1865 2424 2908 
7925 2206 2498 1868 2670 
7926 1844 2512 2362 2948 
7927 1979 2206 2364 2800 
7928 2201 2295 2030 2693 
7929 1766 2296 2158 2911 
7930 1854 2038 2176 2498 
7931 1946 2106 2053 2826 
7932 1844 2362 2034 2948 
7933 1197 1067 2393 2649 
7934 2091 2420 2162 2564 
7935 1883 2201 2437 2706 
7936 2266 2325 1963 2758 
7937 771 1287 2656 2841 
7938 2236 2465 2021 2672 
7939 2005 2179 2074 2928 
7940 2490 2525 2008 2936 
7941 1986 1921 2417 2604 
7942 2125 1867 2274 2671 
7943 1571 885 54 2209 
7944 2443 2572 1920 2662 
7945 1859 2113 2164 2572 
7946 1861 2068 2139 2602 
7947 901 2134 975 2377 
7948 1441 862 1106 2144 
7949 1987 2190 2128 2337 
7950 691 1271 690 2165 
7951 1247 2252 2352 2943 
7952 308 2123 1660 2483 
7953 2039 2767 2066 2964 
7954 1673 2293 337 2641 
7955 1525 2262 1985 2733 
7956 1892 2330 2326 2401 
7957 626 1462 1190 2032 
7958 693 794 2488 2949 
7959 1830 701 2045 2653 
7960 1889 2016 2265 2537 
7961 1872 2284 2422 2541 
7962 2227 2543 1883 2696 
7963 1874 2067 2441 2646 
7964 1932 2429 2146 2528 
7965 1950 2685 2628 2892 
7966 1272 214 1707 2401 
7967 1853 2210 2566 2973 
7968 1235 2088 2499 2882 
7969 384 2159 386 2605 
7970 2039 2250 2767 2964 
7971 2030 2295 2201 2834 
7972 564 2784 2039 2964 
7973 1585 2040 1825 2536 
7974 1981 2194 2109 2910 
7975 1959 2916 2324 2922 
7976 1687 995 2314 2355 
7977 1886 2009 2404 2829 
7978 2157 2482 809 2506 
7979 2000 2386 2268 2714 
7980 1701 225 224 2048 
7981 2002 2604 2263 2668 
7982 379 378 380 2094 
7983 1886 2131 2282 2502 
7984 2174 2371 36 2965 
7985 444 803 443 2410 
7986 2034 2782 2566 2948 
7987 1161 809 2482 2506 
7988 1977 2328 2549 2760 
7989 1928 2879 2045 2909 
7990 1952 2263 2187 2913 
7991 1305 111 2180 2820 
7992 1885 2501 2045 2916 
7993 146 396 397 766 
7994 535 1555 2167 2459 
7995 825 1042 720 2141 
7996 2060 2526 2335 2723 
7997 1472 2339 1429 2661 
7998 2158 2357 1961 2717 
7999 832 1020 2620 2958 
8000 1937 2443 2059 2570 
8001 938 238 696 2100 
8002 1919 2230 2035 2419 
8003 1791 1100 490 2787 
8004 1595 2211 208 2822 
8005 510 2217 2527 2944 
8006 1664 2234 2141 2814 
8007 1666 1717 1593 2084 
8008 2026 2230 1910 2647 
8009 1942 2085 2637 2976 
8010 2362 2512 2356 2782 
8011 1794 2061 884 2676 
8012 2563 2606 1955 2871 
8013 1743 1773 2475 2686 
8014 1748 2902 2281 2907 
8015 2006 2229 1917 2452 
8016 235 817 2111 2607 
8017 1404 2260 1203 2889 
8018 2058 2393 1067 2649 
8019 1967 2356 2362 2512 
8020 1911 2408 2129 2440 
8021 1926 2184 2343 2504 
8022 1847 2319 2447 2668 
8023 1457 1458 1816 2810 
8024 2570 2572 2059 2662 
8025 2024 2288 2809 2887 
8026 1859 1999 2437 2706 
8027 2134 2400 900 2779 
8028 1882 2292 2169 2376 
8029 1616 2417 2187 2900 
8030 965 2208 1486 2449 
8031 968 969 502 2965 
8032 1934 2420 2014 2679 
8033 2144 1989 2493 2520 
8034 1314 1315 371 2181 
8035 1579 1773 1608 2686 
8036 979 664 1297 2175 
8037 1696 2647 2168 2956 
8038 247 489 246 2667 
8039 292 2079 2394 2853 
8040 1754 1655 2107 2522 
8041 1775 455 2254 2824 
8042 903 2558 1739 2975 
8043 2234 2395 1078 2814 
8044 1799 2145 1828 2378 
8045 2108 2294 1813 2685 
8046 1886 2282 2018 2778 
8047 2020 2174 1924 2371 
8048 1848 2343 2184 2504 
8049 448 2002 2628 2832 
8050 2049 2736 2163 2896 
8051 744 2308 2547 2607 
8052 2138 1884 2542 2837 
8053 2284 2437 1958 2571 
8054 2098 1869 2207 2525 
8055 536 1792 2334 2526 
8056 2253 2606 2563 2871 
8057 2101 2709 1860 2743 
8058 2061 2244 2209 2917 
8059 1176 2352 2047 2943 
8060 832 2638 1020 2958 
8061 2123 1909 2335 2586 
8062 232 99 233 2525 
8063 604 2301 1183 2445 
8064 474 902 194 2340 
8065 693 519 794 2949 
8066 2104 2527 1894 2903 
8067 1153 2453 2215 2475 
8068 2115 1908 2618 2838 
8069 2202 2489 1974 2519 
8070 1861 2297 2567 2940 
8071 2107 2239 1921 2516 
8072 479 2716 2653 2732 
8073 963 2663 2350 2959 
8074 1610 2317 1611 2686 
8075 2060 2335 2526 2873 
8076 1955 2606 2070 2737 
8077 103 2234 148 2395 
8078 1830 2653 2320 2812 
8079 674 2766 1059 2938 
8080 1851 2737 2070 2871 
8081 761 2603 1807 2754 
8082 1820 2550 2287 2959 
8083 985 2197 2379 2915 
8084 2241 2589 1978 2672 
8085 1902 2425 2166 2863 
8086 2050 2650 557 2692 
8087 2168 2216 1924 2631 
8088 1216 1214 953 2451 
8089 1692 2283 1675 2385 
8090 1362 1703 1374 2835 
8091 1333 1365 736 2210 
8092 1322 2561 1999 2861 
8093 463 797 517 2926 
8094 438 436 2159 2700 
8095 577 573 576 2426 
8096 2460 2481 1969 2836 
8097 863 864 2616 2702 
8098 1486 1185 2449 2625 
8099 2278 2421 690 2790 
8100 1284 2211 1326 2534 
8101 623 2303 2683 2909 
8102 1879 2649 2100 2866 
8103 1731 2025 1688 2695 
8104 348 2426 1347 2830 
8105 234 235 298 2111 
8106 2319 2393 1914 2866 
8107 1095 2293 1040 2349 
8108 1929 2097 2501 2842 
8109 1380 1379 1381 2044 
8110 1469 2612 1541 2618 
8111 2073 1898 2414 2941 
8112 719 2384 814 2815 
8113 2063 2421 1867 2735 
8114 1602 2411 2189 2964 
8115 2289 2591 2076 2877 
8116 1930 2359 2240 2643 
8117 1898 2378 2050 2650 
8118 2000 1317 2386 2665 
8119 75 1366 939 2894 
8120 1843 2246 2195 2440 
8121 1865 2021 2236 2908 
8122 1925 2170 2228 2233 
8123 1379 2044 1380 2811 
8124 985 2379 2197 2798 
8125 375 291 374 2798 
8126 1233 1234 2483 2882 
8127 1642 1825 1207 2719 
8128 927 2302 2098 2936 
8129 1815 1783 1350 2346 
8130 1434 2067 1296 2850 
8131 1884 2542 2262 2678 
8132 87 1798 1294 2873 
8133 1858 2104 2228 2446 
8134 2261 2453 1154 2475 
8135 1631 2128 1550 2285 
8136 1968 2017 2335 2873 
8137 1560 2306 1559 2495 
8138 1769 2282 65 2745 
8139 1846 2274 2125 2629 
8140 1808 1759 1333 2503 
8141 2123 2893 2483 2906 
8142 2235 2362 1915 2427 
8143 72 20 395 2229 
8144 1915 2350 2044 2919 
8145 1800 918 919 2128 
8146 1903 2437 1999 2920 
8147 8 467 7 2031 
8148 1144 687 2062 2968 
8149 288 1438 1437 2451 
8150 1997 2064 2597 2726 
8151 186 224 223 2249 
8152 2235 2427 1915 2601 
8153 1893 2246 2152 2552 
8154 400 2081 498 2835 
8155 1850 2208 2048 2549 
8156 1235 1639 2088 2397 
8157 1916 2120 2064 2563 
8158 2138 2542 2467 2837 
8159 1296 2231 1092 2441 
8160 2080 2430 1884 2515 
8161 2023 2309 705 2605 
8162 466 763 764 2957 
8163 2378 2517 321 2650 
8164 1919 2259 2076 2438 
8165 1929 2506 2148 2739 
8166 1983 2312 2161 2783 
8167 1889 2225 2414 2648 
8168 2187 2469 795 2900 
8169 1896 2143 2423 2580 
8170 1889 2173 2033 2644 
8171 1867 2278 2165 2421 
8172 2032 2299 1880 2311 
8173 2348 2570 1983 2935 
8174 1081 2219 1495 2588 
8175 1918 2378 2106 2827 
8176 1907 2007 2256 2479 
8177 1939 2639 2286 2857 
8178 2532 2663 2350 2919 
8179 445 2269 2363 2582 
8180 754 2185 786 2833 
8181 1955 2181 2070 2704 
8182 2353 1944 2699 2741 
8183 1878 2613 2031 2799 
8184 2004 2820 2351 2968 
8185 1288 2299 2560 2931 
8186 276 290 843 2640 
8187 1775 455 566 2675 
8188 1976 2265 2644 2971 
8189 1858 2205 2127 2499 
8190 1900 2193 2036 2339 
8191 1803 2160 1732 2439 
8192 2423 2707 2116 2829 
8193 79 190 595 2333 
8194 2078 2439 1899 2481 
8195 2165 2278 1867 2790 
8196 1971 2515 2138 2837 
8197 591 2379 985 2798 
8198 1903 1999 2472 2920 
8199 1130 1074 1075 2059 
8200 483 2406 1466 2642 
8201 749 2667 898 2944 
8202 1374 2205 1373 2499 
8203 1879 2364 2135 2958 
8204 290 2451 1421 2640 
8205 2075 1872 2243 2445 
8206 1971 1888 2467 2507 
8207 270 2379 595 2915 
8208 803 804 443 2077 
8209 2057 2532 284 2847 
8210 1884 1985 2262 2315 
8211 780 1240 1239 2497 
8212 2129 2321 1896 2580 
8213 1934 2014 2381 2679 
8214 2341 2387 2018 2962 
8215 2031 2786 2514 2805 
8216 1110 2181 1315 2789 
8217 254 1730 606 2787 
8218 1727 1163 2585 2927 
8219 2024 2567 1942 2590 
8220 502 872 968 2115 
8221 2045 2501 2214 2916 
8222 1846 2358 2274 2885 
8223 407 2755 1464 2957 
8224 2136 2435 1903 2775 
8225 886 191 885 2244 
8226 208 2183 207 2749 
8227 1317 2000 1248 2665 
8228 1086 13 1442 2076 
8229 1513 900 2400 2779 
8230 1844 2235 2101 2427 
8231 1767 476 1780 2495 
8232 1949 2087 2380 2783 
8233 121 301 355 2481 
8234 2003 1926 2403 2830 
8235 1902 2166 2252 2863 
8236 2231 2441 2067 2646 
8237 1494 699 1809 2324 
8238 1754 2522 2107 2963 
8239 2190 2337 1987 2549 
8240 1569 1570 2345 2912 
8241 1915 2416 2044 2601 
8242 842 1638 841 2069 
8243 1908 2489 2202 2519 
8244 1266 1824 1371 2846 
8245 1850 2048 2208 2515 
8246 987 2092 1159 2585 
8247 1844 2512 2124 2684 
8248 2251 2341 1945 2404 
8249 1411 2098 197 2696 
8250 580 745 228 2742 
8251 1876 2162 2564 2688 
8252 893 894 1273 2104 
8253 712 2560 1990 2931 
8254 2039 2366 2167 2459 
8255 555 557 2692 2748 
8256 1920 2113 2572 2702 
8257 1314 371 372 2126 
8258 593 2049 879 2619 
8259 2071 2311 1880 2560 
8260 1012 2401 2015 2500 
8261 1938 2781 2684 2816 
8262 2011 2502 2408 2829 
8263 2042 2319 2100 2926 
8264 2046 2402 1953 2406 
8265 1941 2624 2579 2950 
8266 631 603 1090 2075 
8267 930 931 439 2290 
8268 1263 2368 2198 2461 
8269 931 2290 932 2390 
8270 288 290 289 2451 
8271 1924 2510 2545 2904 
8272 1681 19 1552 2492 
8273 2189 2767 2250 2964 
8274 2263 2604 1921 2668 
8275 2073 2518 1944 2859 
8276 1965 2671 2461 2701 
8277 1094 651 2467 2542 
8278 2002 550 2531 2832 
8279 1922 2788 2514 2805 
8280 1925 2228 2167 2970 
8281 1888 2467 2277 2542 
8282 445 2363 1255 2582 
8283 2038 2369 2294 2685 
8284 749 1490 4 2333 
8285 589 590 991 2194 
8286 1911 2386 2037 2530 
8287 1512 2444 2275 2980 
8288 2267 2609 53 2841 
8289 2063 2511 1939 2639 
8290 1865 2111 2308 2589 
8291 1067 2610 2058 2851 
8292 2046 1466 2406 2642 
8293 1871 2182 2297 2518 
8294 1388 1237 107 2313 
8295 148 103 826 2234 
8296 678 660 2225 2517 
8297 1565 1567 1566 2223 
8298 2002 2263 1921 2668 
8299 648 2155 1107 2892 
8300 1734 1715 1831 2135 
8301 2047 1863 2200 2863 
8302 1080 410 1079 2065 
8303 1911 2037 2386 2714 
8304 1329 1791 490 2310 
8305 1640 2085 1604 2637 
8306 954 2069 2752 2758 
8307 2101 2184 1860 2709 
8308 43 2392 2197 2915 
8309 1485 2409 2625 2764 
8310 707 2223 2222 2680 
8311 2170 2233 1925 2260 
8312 897 1557 760 2603 
8313 809 2157 808 2581 
8314 1873 2273 2216 2760 
8315 2068 1945 2699 2711 
8316 234 235 2111 2607 
8317 2163 2736 1988 2896 
8318 1338 2540 2055 2746 
8319 2626 2656 2262 2733 
8320 1241 2291 2232 2960 
8321 1846 2629 2599 2819 
8322 1939 2461 2511 2671 
8323 1883 2539 2030 2795 
8324 1898 2323 2555 2941 
8325 455 1340 454 2203 
8326 2113 2194 2164 2899 
8327 573 2086 572 2815 
8328 1326 2056 1327 2534 
8329 2142 2490 233 2525 
8330 2073 1944 2608 2859 
8331 1990 2560 2299 2931 
8332 1427 315 1426 2912 
8333 975 2377 2134 2649 
8334 1705 1452 667 2351 
8335 962 963 747 2663 
8336 2197 2379 1882 2798 
8337 2147 1883 2305 2920 
8338 2103 2573 2270 2860 
8339 1754 1654 1655 2522 
8340 2209 2244 1873 2917 
8341 1884 2080 2515 2687 
8342 2083 2555 2323 2941 
8343 1911 2530 2321 2654 
8344 2020 2460 2174 2807 
8345 2110 2581 1854 2851 
8346 58 2311 59 2560 
8347 188 2436 2249 2529 
8348 1601 2043 463 2897 
8349 2104 2624 2081 2974 
8350 1879 2100 2319 2866 
8351 1886 2018 2404 2778 
8352 2070 2737 2606 2871 
8353 1892 2401 2326 2627 
8354 611 2147 200 2543 
8355 1884 2515 2048 2687 
8356 1901 2337 2190 2549 
8357 2103 1877 2270 2880 
8358 2304 2470 1969 2818 
8359 2187 2417 2263 2604 
8360 2165 2557 1970 2591 
8361 2186 2342 1984 2534 
8362 596 2315 1612 2430 
8363 467 8 576 2786 
8364 603 1177 2538 2793 
8365 2047 2860 2103 2863 
8366 744 236 2308 2607 
8367 1849 2014 2420 2679 
8368 1891 2206 2670 2800 
8369 1531 2285 1550 2791 
8370 1947 2019 2625 2817 
8371 144 1283 143 2434 
8372 1954 2266 2091 2979 
8373 796 1617 1310 2187 
8374 890 2109 991 2561 
8375 589 1981 1369 2977 
8376 631 603 2075 2445 
8377 1434 2394 2067 2850 
8378 97 82 80 2072 
8379 449 601 2219 2628 
8380 517 2721 2042 2926 
8381 2098 2302 927 2543 
8382 1086 558 2278 2438 
8383 173 2564 2215 2640 
8384 331 1635 217 2170 
8385 247 2667 246 2924 
8386 321 319 571 2517 
8387 39 1596 1728 2390 
8388 1968 2429 2146 2645 
8389 1353 2157 1161 2506 
8390 1165 1170 1168 2491 
8391 2208 2515 2048 2843 
8392 243 2754 2508 2856 
8393 1022 763 404 1258 
8394 2045 2653 2501 2812 
8395 1076 2443 2059 2623 
8396 1916 2563 2238 2774 
8397 1904 2454 2288 2660 
8398 172 2370 1659 2477 
8399 1970 2394 2599 2819 
8400 1915 2044 2416 2919 
8401 2078 2488 1977 2635 
8402 1882 2292 2079 2379 
8403 1161 1353 809 2157 
8404 1913 2329 2029 2554 
8405 81 80 2072 2825 
8406 1996 2659 2407 2878 
8407 488 43 2197 2915 
8408 2171 2763 2200 2929 
8409 1928 2322 2303 2412 
8410 2180 2820 112 2864 
8411 2169 1882 2333 2869 
8412 826 2234 1664 2814 
8413 828 795 2469 2900 
8414 297 2136 2243 2705 
8415 1546 1671 2145 2275 
8416 1965 2461 2198 2701 
8417 2158 2296 2239 2911 
8418 833 2028 2469 2651 
8419 1059 1837 2112 2766 
8420 2068 2699 2132 2711 
8421 2018 2341 1945 2387 
8422 1189 2131 2386 2665 
8423 1919 1989 2259 2493 
8424 2335 2361 2017 2429 
8425 1880 2374 2280 2887 
8426 2579 2624 800 2950 
8427 212 2313 211 2450 
8428 976 151 2682 2752 
8429 945 944 2511 2639 
8430 2117 2003 2343 2468 
8431 1955 2181 2126 2737 
8432 1837 1838 2112 2581 
8433 1124 2291 1044 2896 
8434 470 2432 606 2529 
8435 1607 1393 1620 2919 
8436 2125 2191 1867 2671 
8437 2004 2360 2104 2624 
8438 1852 2344 2474 2608 
8439 1490 2761 1992 2944 
8440 1952 2187 2263 2604 
8441 886 2061 940 2730 
8442 1839 2571 2295 2935 
8443 648 2369 2155 2892 
8444 1371 2452 2143 2813 
8445 2255 2273 1924 2510 
8446 2231 2893 2646 2906 
8447 2133 2495 2054 2626 
8448 8 2426 2031 2953 
8449 1029 1020 2028 2462 
8450 1135 993 2194 2899 
8451 2493 2855 1989 2955 
8452 1880 2299 2032 2673 
8453 1036 97 2102 2596 
8454 172 238 2370 2569 
8455 1888 2467 2542 2837 
8456 1913 2636 2005 2884 
8457 977 2734 2010 2845 
8458 1969 2255 2020 2460 
8459 2271 2565 2037 2840 
8460 538 2234 2102 2395 
8461 2158 1961 2516 2717 
8462 1278 2290 1175 2630 
8463 1344 1698 2139 2442 
8464 2139 2229 1905 2492 
8465 1928 2412 2303 2683 
8466 589 1369 342 2977 
8467 2093 2329 1913 2636 
8468 1202 2756 2713 2937 
8469 1909 2459 2366 2540 
8470 2038 1950 2369 2691 
8471 1430 2719 2204 2891 
8472 1918 2106 2378 2555 
8473 855 2222 1565 2223 
8474 682 922 569 2052 
8475 2426 2744 2192 2786 
8476 1904 2166 2253 2809 
8477 1818 2091 1343 2720 
8478 2265 2403 2003 2537 
8479 583 2248 2105 2389 
8480 1882 2379 2197 2915 
8481 2109 2437 1999 2472 
8482 1953 2211 2183 2478 
8483 1948 2626 2542 2895 
8484 1886 2404 2251 2829 
8485 2016 2293 2053 2464 
8486 2123 2335 1909 2723 
8487 929 202 2175 2600 
8488 2019 2553 1947 2625 
8489 1743 1742 2084 2475 
8490 1942 2374 2024 2737 
8491 1075 2616 1626 2780 
8492 695 656 657 2105 
8493 2074 2424 2316 2614 
8494 1598 122 2386 2530 
8495 1071 735 451 2158 
8496 1178 2007 2538 2793 
8497 576 2192 670 2786 
8498 1374 2127 2499 2835 
8499 1913 2096 2373 2743 
8500 1185 2625 641 2676 
8501 2119 2753 2627 2918 
8502 1866 2546 2026 2904 
8503 1006 2215 2453 2640 
8504 841 1449 1388 2069 
8505 227 2694 1148 2870 
8506 1981 2109 2284 2910 
8507 2281 1973 2588 2710 
8508 1189 2131 63 2654 
8509 1981 2471 2192 2977 
8510 2100 2649 2393 2866 
8511 2032 2444 2245 2738 
8512 1925 2167 2127 2970 
8513 313 314 1998 2439 
8514 991 890 1369 2109 
8515 1851 2614 2374 2809 
8516 1928 2045 2879 2916 
8517 721 673 879 2049 
8518 2026 2545 2510 2904 
8519 2303 2322 1928 2715 
8520 1902 2382 2431 2973 
8521 830 1064 829 2630 
8522 812 1821 505 2113 
8523 1884 2310 1985 2315 
8524 1927 2292 2079 2376 
8525 463 517 462 2897 
8526 2114 1912 2559 2749 
8527 1466 565 2046 2406 
8528 1235 2397 2088 2882 
8529 1520 1249 1521 2268 
8530 1903 2309 2435 2494 
8531 1996 1940 2659 2878 
8532 1144 2062 687 2761 
8533 1915 2802 2532 2919 
8534 1874 1993 2304 2646 
8535 1565 855 854 2222 
8536 2338 2862 1294 2873 
8537 174 173 2215 2640 
8538 2165 2421 691 2632 
8539 1337 2123 308 2746 
8540 358 2490 357 2954 
8541 2099 2644 2332 2971 
8542 2011 2154 2342 2852 
8543 1712 275 1650 2146 
8544 1836 199 200 2147 
8545 1898 2073 2414 2648 
8546 2036 2325 1875 2643 
8547 1319 2261 1609 2793 
8548 2270 2563 1877 2597 
8549 1239 119 781 2497 
8550 1125 2713 1988 2896 
8551 91 1519 2265 2464 
8552 1115 2410 2582 2856 
8553 1762 2263 1616 2417 
8554 1787 1731 1406 2436 
8555 2023 1930 2435 2494 
8556 2228 2233 2170 2974 
8557 2115 1908 2612 2618 
8558 977 2845 2010 2895 
8559 1876 2215 2453 2475 
8560 1484 2682 2159 2932 
8561 1940 2342 2186 2806 
8562 1852 2009 2583 2859 
8563 2110 2294 2038 2766 
8564 1887 2298 2692 2748 
8565 16 1135 18 2899 
8566 1929 2739 2148 2867 
8567 1926 2349 2016 2403 
8568 1947 2676 2449 2917 
8569 2095 2381 1963 2463 
8570 929 2063 945 2600 
8571 1981 2422 1860 2689 
8572 24 1536 419 2692 
8573 2031 2613 2426 2744 
8574 1628 1448 871 2496 
8575 1920 2212 2022 2312 
8576 1864 2239 2107 2516 
8577 1872 2422 2243 2541 
8578 421 1738 2141 2814 
8579 2144 2493 1989 2955 
8580 2081 2360 2104 2712 
8581 1889 2265 2016 2464 
8582 1460 1461 2325 2758 
8583 534 1498 536 2526 
8584 1927 2169 2292 2376 
8585 700 2485 1032 2909 
8586 615 1249 1520 2326 
8587 1900 2036 2193 2484 
8588 1656 1254 445 2269 
8589 25 2062 196 2392 
8590 2087 2041 2689 2709 
8591 2146 2429 1968 2528 
8592 177 2647 1529 2939 
8593 1921 2447 2107 2516 
8594 1904 2554 2454 2660 
8595 2262 2626 1948 2656 
8596 852 994 1657 2314 
8597 1849 2598 2095 2643 
8598 2222 2630 1797 2718 
8599 2244 2729 2061 2730 
8600 1913 2005 2373 2884 
8601 2019 2338 1971 2773 
8602 1848 2343 2093 2831 
8603 1795 1263 2198 2794 
8604 2075 1938 2538 2816 
8605 842 841 108 2854 
8606 1890 2318 2368 2817 
8607 2588 2832 1952 2913 
8608 1246 895 1108 2704 
8609 2091 1934 2420 2564 
8610 1949 2384 2086 2815 
8611 1732 314 2439 2457 
8612 1528 1102 1103 2496 
8613 41 1664 826 2234 
8614 407 1786 408 2755 
8615 682 2052 2444 2980 
8616 2262 2300 1884 2678 
8617 187 186 2249 2436 
8618 2074 1951 2295 2614 
8619 177 2286 2647 2939 
8620 234 2111 2308 2607 
8621 667 2351 1453 2383 
8622 2023 2240 1875 2450 
8623 233 2142 877 2490 
8624 1861 2126 2204 2891 
8625 2147 2305 1883 2533 
8626 1066 1068 1067 2851 
8627 1729 1662 411 2413 
8628 1704 1735 1503 2127 
8629 937 320 321 2650 
8630 1800 1631 1158 2128 
8631 1970 2599 2629 2819 
8632 1874 2125 2156 2557 
8633 2029 2329 1904 2554 
8634 1939 2061 2730 2886 
8635 1399 2 3 2012 
8636 1931 2159 2556 2700 
8637 1165 1169 1170 2491 
8638 2150 2523 281 2901 
8639 2148 2506 1982 2739 
8640 1998 2457 2237 2837 
8641 36 782 520 2174 
8642 870 869 2130 2620 
8643 1252 1072 1071 2248 
8644 1976 2003 2537 2634 
8645 1998 2430 2515 2837 
8646 1921 1986 2447 2604 
8647 2036 2325 2266 2339 
8648 1345 2442 2139 2602 
8649 1935 2533 2302 2795 
8650 1091 2327 1401 2441 
8651 1050 2529 2337 2658 
8652 425 2921 1357 2972 
8653 1337 2123 2746 2804 
8654 318 2207 2142 2525 
8655 1906 2646 2067 2666 
8656 583 695 2105 2248 
8657 696 2100 238 2569 
8658 1557 2411 760 2603 
8659 1246 2252 895 2704 
8660 1797 2680 2222 2718 
8661 194 914 915 2340 
8662 804 803 805 2077 
8663 1877 2103 2863 2880 
8664 1851 2606 2166 2871 
8665 1956 2622 2197 2798 
8666 1124 802 2291 2579 
8667 2007 1922 2434 2538 
8668 1892 2326 2268 2627 
8669 1842 2741 2178 2829 
8670 1866 2174 2247 2904 
8671 632 1369 1790 2243 
8672 1435 1638 2069 2758 
8673 80 82 81 2072 
8674 882 2076 13 2790 
8675 1355 2057 284 2847 
8676 1838 1059 1837 2112 
8677 1793 1263 1261 2461 
8678 16 2164 18 2702 
8679 906 2626 2262 2733 
8680 2018 2341 1886 2404 
8681 1141 1140 1142 2519 
8682 873 2278 220 2722 
8683 2019 2764 2358 2828 
8684 1912 2559 2332 2648 
8685 2147 2725 2185 2833 
8686 2060 2862 2338 2873 
8687 724 2159 1484 2682 
8688 2281 2902 2015 2907 
8689 223 2048 225 2843 
8690 25 43 44 2392 
8691 842 2069 841 2854 
8692 2080 2310 1328 2584 
8693 1892 2137 2714 2840 
8694 448 2628 2219 2832 
8695 534 2167 1426 2446 
8696 1973 2565 2271 2840 
8697 2238 2314 1916 2923 
8698 773 421 774 2858 
8699 1621 2346 387 2416 
8700 1081 2219 2588 2832 
8701 2487 2501 2097 2842 
8702 1876 2564 2215 2688 
8703 1233 2067 1434 2397 
8704 370 1803 2439 2481 
8705 1863 2093 2636 2697 
8706 1426 2228 315 2446 
8707 866 498 865 2233 
8708 1907 2317 2092 2585 
8709 2627 2753 2326 2918 
8710 2041 1860 2709 2743 
8711 2127 2167 1858 2970 
8712 2045 1885 2320 2501 
8713 2451 2640 1934 2720 
8714 556 557 2650 2692 
8715 1851 2070 2606 2871 
8716 1239 2078 119 2497 
8717 2087 2312 1949 2769 
8718 29 202 2175 2486 
8719 2027 2308 1935 2615 
8720 1345 2139 742 2602 
8721 2268 2330 1892 2565 
8722 1067 2393 2058 2610 
8723 1902 2382 2200 2431 
8724 1978 2179 2657 2952 
8725 1142 1629 973 2213 
8726 445 2269 1254 2363 
8727 1867 2063 2671 2857 
8728 2166 1904 2454 2809 
8729 1426 315 1274 2446 
8730 1921 2239 2107 2551 
8731 721 673 2049 2736 
8732 1110 2704 2181 2789 
8733 1898 2114 2073 2648 
8734 1998 2439 2078 2497 
8735 1872 2220 2075 2422 
8736 2148 2739 1982 2867 
8737 2165 2421 2278 2790 
8738 2150 2400 2012 2552 
8739 1067 2058 1198 2868 
8740 292 285 286 2394 
8741 1918 2544 2145 2827 
8742 853 2352 2238 2923 
8743 1555 1427 534 2167 
8744 1870 2173 2064 2474 
8745 535 1555 534 2167 
8746 852 1605 1176 2352 
8747 1259 76 74 2894 
8748 320 2378 321 2650 
8749 1754 2107 2551 2963 
8750 2370 2477 172 2569 
8751 1402 1781 2133 2495 
8752 1269 1270 2685 2892 
8753 1857 2056 2342 2627 
8754 1463 791 1056 2468 
8755 1335 40 41 2234 
8756 2060 2526 1798 2873 
8757 983 1831 2569 2875 
8758 234 2308 2111 2589 
8759 999 396 146 766 
8760 1830 480 701 2653 
8761 721 879 593 2049 
8762 636 2511 2286 2730 
8763 1905 2303 2322 2412 
8764 1900 2241 2027 2661 
8765 226 580 228 2250 
8766 742 2139 1344 2473 
8767 148 2395 2234 2814 
8768 1082 36 2371 2965 
8769 41 2141 2049 2960 
8770 188 187 186 2249 
8771 1096 1519 659 2464 
8772 2059 2662 2065 2780 
8773 1346 1692 1675 2385 
8774 1864 2105 2248 2389 
8775 2326 2401 2056 2627 
8776 2006 2322 2303 2715 
8777 59 875 2071 2954 
8778 37 2290 931 2390 
8779 2407 2659 1940 2878 
8780 2575 2646 1993 2906 
8781 2411 2767 2189 2964 
8782 383 2321 2129 2580 
8783 2036 2484 1900 2768 
8784 2063 2511 945 2600 
8785 1602 1603 616 2066 
8786 2136 2243 1872 2445 
8787 2048 1884 2300 2678 
8788 919 2216 920 2949 
8789 2132 2297 1944 2699 
8790 308 2123 2483 2746 
8791 710 709 2603 2680 
8792 2074 2316 2179 2657 
8793 27 304 26 2062 
8794 2036 2266 1954 2339 
8795 2160 2439 1998 2457 
8796 2216 2273 1977 2760 
8797 451 453 452 2531 
8798 1908 2202 2838 2972 
8799 2100 1196 2393 2649 
8800 2074 2295 1951 2454 
8801 2057 2708 2697 2802 
8802 1130 2059 1075 2780 
8803 534 2167 536 2459 
8804 1044 2896 2291 2960 
8805 2091 2162 1897 2750 
8806 1554 2053 660 2517 
8807 1911 2386 2131 2872 
8808 1257 1430 2387 2774 
8809 1841 2273 2470 2510 
8810 2124 1938 2354 2781 
8811 2079 2292 1882 2376 
8812 168 1529 167 2647 
8813 1800 1158 918 2128 
8814 2107 2239 1864 2476 
8815 954 2752 2325 2758 
8816 1319 1609 1178 2793 
8817 1902 2431 2082 2973 
8818 1203 2260 1404 2568 
8819 2238 2252 1877 2352 
8820 1059 2766 2112 2938 
8821 1466 2046 1716 2642 
8822 621 2102 97 2574 
8823 1921 2263 2002 2531 
8824 973 1226 2213 2460 
8825 809 2157 2581 2851 
8826 2038 2685 2294 2691 
8827 682 922 2052 2980 
8828 1843 2276 2670 2890 
8829 742 1345 1344 2139 
8830 425 1112 2921 2972 
8831 2043 2865 2428 2933 
8832 563 564 1603 2964 
8833 2211 2478 1984 2883 
8834 1945 2341 2018 2404 
8835 1880 2311 2299 2560 
8836 1887 2114 2050 2692 
8837 1332 2345 2066 2690 
8838 1145 2085 1640 2433 
8839 2270 2573 2013 2860 
8840 1011 2226 676 2500 
8841 1884 2430 2237 2837 
8842 2427 2601 2235 2831 
8843 1904 2253 2288 2809 
8844 731 730 821 2901 
8845 1579 1609 2261 2686 
8846 1328 2310 1329 2584 
8847 381 2129 64 2593 
8848 490 162 163 2787 
8849 1941 2170 2233 2974 
8850 2078 2488 1239 2797 
8851 1922 2220 2101 2788 
8852 1144 2365 2761 2944 
8853 1199 1118 1119 2791 
8854 2029 1904 2329 2759 
8855 1145 2085 2433 2947 
8856 1683 179 1204 2094 
8857 2007 2261 1938 2793 
8858 1753 2820 2624 2864 
8859 2129 64 2593 2654 
8860 1913 2184 2101 2709 
8861 1035 1602 1557 2411 
8862 1840 2414 2173 2458 
8863 419 418 417 2559 
8864 1879 2377 2100 2649 
8865 2183 2478 2211 2883 
8866 893 894 2104 2652 
8867 1917 2322 2116 2707 
8868 1309 2558 2491 2975 
8869 2047 2013 2347 2860 
8870 1322 49 666 2861 
8871 2021 2751 2373 2884 
8872 1642 1207 2341 2719 
8873 421 2141 1738 2858 
8874 1008 1422 1007 2615 
8875 1858 2218 2104 2446 
8876 1933 2424 2280 2614 
8877 1913 2709 2101 2743 
8878 2203 2254 1870 2375 
8879 1844 2256 2512 2684 
8880 535 2459 1334 2734 
8881 613 2326 2753 2918 
8882 1845 2305 2533 2539 
8883 973 2836 2460 2955 
8884 899 2217 898 2667 
8885 2268 2326 2000 2627 
8886 2045 2320 2653 2812 
8887 1366 2095 1368 2777 
8888 1844 2781 2124 2948 
8889 2078 1239 2488 2497 
8890 1911 2440 2276 2714 
8891 1126 2152 2321 2846 
8892 2164 2194 1859 2899 
8893 1382 1434 375 2397 
8894 909 1776 1838 2112 
8895 1858 2228 2104 2974 
8896 2301 2777 1368 2894 
8897 51 960 53 2267 
8898 1548 2239 1832 2911 
8899 1020 1102 2130 2462 
8900 554 685 2051 2740 
8901 1922 2220 2075 2816 
8902 1844 2096 2781 2948 
8903 127 2022 129 2945 
8904 1861 2204 2120 2699 
8905 2003 2343 1848 2537 
8906 2066 2345 1332 2677 
8907 1913 2373 2005 2554 
8908 896 367 2508 2856 
8909 1846 2125 2358 2599 
8910 175 430 2576 2688 
8911 1865 2074 2179 2908 
8912 2070 2657 1902 2952 
8913 449 600 601 2628 
8914 1958 2201 2030 2693 
8915 1886 2408 2502 2829 
8916 1991 2727 2574 2825 
8917 771 1613 596 2315 
8918 1201 2337 1200 2791 
8919 1997 2375 2254 2642 
8920 1804 1224 1222 2962 
8921 1882 2594 2197 2798 
8922 1090 603 1177 2538 
8923 1844 2235 2427 2839 
8924 1845 2533 2305 2556 
8925 2068 2204 1945 2719 
8926 1762 2263 2417 2762 
8927 2358 2701 2274 2885 
8928 1840 2073 2414 2941 
8929 2039 2459 1964 2784 
8930 1841 2470 2255 2510 
8931 1848 2329 2093 2849 
8932 914 2172 915 2340 
8933 2404 2741 2009 2859 
8934 1860 2786 2744 2788 
8935 1900 2339 2036 2768 
8936 550 453 448 2832 
8937 24 2183 526 2883 
8938 89 2332 2225 2464 
8939 2164 2706 1999 2899 
8940 1771 828 2638 2963 
8941 1853 2465 2021 2751 
8942 799 938 1196 2100 
8943 2505 2660 2161 2783 
8944 567 565 2402 2675 
8945 2168 2545 263 2631 
8946 1453 1553 2383 2821 
8947 2042 2513 1834 2796 
8948 591 292 2079 2798 
8949 1569 1570 1332 2345 
8950 509 1273 894 2104 
8951 1844 2427 2362 2839 
8952 626 2444 2032 2544 
8953 2004 2903 2365 2968 
8954 1990 2122 2299 2673 
8955 1251 1411 1414 2623 
8956 1029 2462 2028 2651 
8957 2313 2405 1132 2854 
8958 302 121 119 2797 
8959 2028 2638 2469 2800 
8960 1878 2235 2044 2601 
8961 1048 1235 1639 2088 
8962 1470 2239 1548 2762 
8963 1951 2348 2372 2621 
8964 1859 2284 2087 2571 
8965 2075 2149 1922 2805 
8966 1616 1617 2187 2913 
8967 1417 1556 2189 2767 
8968 2011 2408 2154 2440 
8969 2229 1905 2492 2844 
8970 1601 718 463 2043 
8971 1860 2422 2149 2788 
8972 2032 2299 1190 2544 
8973 1132 1134 1133 2313 
8974 1762 2417 1752 2762 
8975 977 1295 2734 2845 
8976 1061 2283 1062 2385 
8977 1871 2275 2145 2444 
8978 1913 2554 2005 2636 
8979 685 686 762 2171 
8980 2257 2469 758 2823 
8981 723 386 384 2159 
8982 1886 2131 2129 2593 
8983 1882 2279 2217 2594 
8984 2115 2618 2213 2838 
8985 1941 2383 2170 2821 
8986 1338 1359 1358 2055 
8987 1130 712 713 2931 
8988 732 1077 2357 2717 
8989 1229 1230 2337 2658 
8990 1026 1166 1165 2340 
8991 2147 787 2725 2833 
8992 510 2217 867 2527 
8993 1859 2437 2201 2706 
8994 1450 939 1387 2463 
8995 1520 2268 1521 2565 
8996 2210 2388 2082 2973 
8997 1922 2007 2434 2479 
8998 1996 2842 2487 2878 
8999 2353 2387 1916 2726 
9000 2259 2520 1151 2921 
9001 2055 2746 2123 2804 
9002 292 2394 2079 2798 
9003 755 438 384 2605 
9004 1906 2123 2335 2586 
9005 2176 2498 2038 2691 
9006 597 313 314 1998 
9007 1489 1498 534 2446 
9008 323 305 1187 2546 
9009 985 2379 268 2915 
9010 764 466 1680 763 
9011 1866 2904 2026 2951 
9012 1911 2321 2129 2654 
9013 833 2028 1020 2638 
9014 1965 2486 2175 2735 
9015 1974 2105 2389 2587 
9016 1956 2397 2394 2666 
9017 697 2377 698 2620 
9018 2230 2286 1910 2647 
9019 1906 2205 2123 2586 
9020 719 572 967 2384 
9021 2255 2470 2273 2510 
9022 407 775 1464 2755 
9023 1998 1888 2457 2837 
9024 1724 2717 2428 2796 
9025 1885 2045 2320 2916 
9026 304 2062 27 2761 
9027 1903 2435 2309 2775 
9028 2035 2286 2639 2857 
9029 175 2576 2215 2688 
9030 842 1435 2069 2854 
9031 1084 2218 1273 2527 
9032 462 2042 1834 2897 
9033 2168 2244 1873 2956 
9034 2027 2236 1865 2672 
9035 2008 2490 743 2607 
9036 2030 2539 1958 2693 
9037 2042 1961 2796 2865 
9038 1435 1638 842 2069 
9039 418 1537 678 2225 
9040 387 904 928 2416 
9041 701 699 1494 2324 
9042 2128 2190 1987 2760 
9043 495 693 1320 2488 
9044 1952 2577 2219 2588 
9045 1910 2244 2168 2956 
9046 1272 1012 214 2401 
9047 2027 2524 2466 2615 
9048 355 961 2481 2836 
9049 123 71 2268 2386 
9050 1942 2024 2590 2737 
9051 1398 2150 279 2400 
9052 2035 2438 2278 2722 
9053 2307 1969 2481 2836 
9054 1952 2577 2588 2710 
9055 989 547 990 2108 
9056 676 2226 427 2659 
9057 2084 2475 2261 2686 
9058 1871 2323 2050 2518 
9059 1896 2408 2129 2423 
9060 1328 2310 2080 2430 
9061 1817 2720 2266 2979 
9062 2045 2214 2501 2879 
9063 2064 2608 2073 2703 
9064 89 91 2332 2464 
9065 2195 2440 2011 2852 
9066 1344 2139 1345 2442 
9067 997 2307 839 2327 
9068 1969 2493 2144 2955 
9069 976 2193 1686 2752 
9070 1266 1267 1391 2496 
9071 2085 1942 2637 2737 
9072 1627 2428 2043 2897 
9073 2176 2319 1914 2866 
9074 2169 531 2770 2869 
9075 779 1612 1663 2310 
9076 1066 2058 1067 2868 
9077 1149 1040 2293 2349 
9078 1020 833 1029 2028 
9079 793 2258 1463 2927 
9080 746 554 2051 2663 
9081 829 1064 1175 2630 
9082 2000 2714 2627 2872 
9083 2211 2534 2056 2753 
9084 1886 2502 2009 2829 
9085 546 547 1077 2796 
9086 2410 2508 367 2856 
9087 427 2659 2456 2938 
9088 2235 2479 2101 2799 
9089 1643 2068 240 2536 
9090 1510 2106 2413 2945 
9091 123 122 71 2386 
9092 2067 2599 2394 2819 
9093 1730 1731 1496 2529 
9094 1147 1010 2146 2898 
9095 1665 2538 2434 2805 
9096 2080 2488 1240 2497 
9097 443 2269 444 2410 
9098 1338 2055 1358 2804 
9099 1863 2697 2057 2708 
9100 2024 2809 2288 2871 
9101 51 2267 53 2841 
9102 1033 1125 1124 2896 
9103 1328 2080 780 2430 
9104 668 83 2418 2771 
9105 1064 785 1065 2718 
9106 1250 123 71 2268 
9107 959 284 2532 2847 
9108 1811 1584 1583 2035 
9109 1825 2536 2040 2719 
9110 1886 2404 2009 2502 
9111 1663 2310 1612 2315 
9112 1754 1654 2522 2963 
9113 1974 2196 2592 2881 
9114 1894 2392 2360 2864 
9115 1140 2213 1142 2489 
9116 14 690 1271 2165 
9117 573 572 574 2815 
9118 1936 2246 2578 2890 
9119 1969 2855 2493 2955 
9120 2123 1909 2586 2746 
9121 173 1580 1122 2640 
9122 682 2444 922 2980 
9123 1933 2071 2280 2954 
9124 1981 2471 2194 2910 
9125 162 161 163 2787 
9126 1856 2575 1993 2906 
9127 864 715 716 2616 
9128 2049 2736 2291 2771 
9129 169 139 643 2438 
9130 1878 2044 2258 2601 
9131 780 2430 2080 2497 
9132 1677 2232 491 2858 
9133 318 2142 100 2525 
9134 1994 2383 667 2771 
9135 2343 2601 2093 2831 
9136 1406 1731 1688 2695 
9137 1678 2232 2141 2960 
9138 951 572 575 2086 
9139 1036 2102 2395 2596 
9140 1837 2581 2112 2766 
9141 1908 2115 2612 2838 
9142 1919 2419 2035 2848 
9143 1899 2224 2118 2575 
9144 1477 2340 2306 2946 
9145 2078 2488 2080 2497 
9146 2016 2053 2293 2826 
9147 786 2185 787 2833 
9148 1386 2212 814 2384 
9149 1951 2374 2280 2614 
9150 181 2180 688 2968 
9151 482 1002 481 2665 
9152 875 2560 2071 2954 
9153 1870 2474 2064 2597 
9154 2183 1984 2478 2883 
9155 2170 2260 1925 2345 
9156 1637 2289 911 2441 
9157 144 1283 2434 2514 
9158 2124 2399 1849 2785 
9159 990 2108 1813 2685 
9160 2131 2386 2000 2872 
9161 1928 2303 2188 2909 
9162 1883 2302 2147 2533 
9163 1374 2499 402 2835 
9164 1914 2042 2319 2513 
9165 1818 2091 2720 2979 
9166 70 69 71 2565 
9167 882 1442 13 2076 
9168 914 2172 2340 2385 
9169 1952 2206 2800 2969 
9170 608 607 609 2895 
9171 1955 2563 2238 2606 
9172 635 554 2356 2740 
9173 1548 2762 2239 2911 
9174 1883 2030 2201 2834 
9175 2178 2741 2009 2829 
9176 1585 1207 1825 2040 
9177 2259 1151 2874 2921 
9178 1927 2079 2292 2611 
9179 1316 940 2461 2511 
9180 2015 2330 1892 2401 
9181 602 1446 601 2155 
9182 2156 2818 2493 2951 
9183 2047 1877 2860 2863 
9184 1870 2270 2033 2573 
9185 607 2542 609 2895 
9186 715 2065 2616 2633 
9187 1009 2279 1010 2898 
9188 2237 2315 1948 2656 
9189 2257 2276 1891 2840 
9190 1151 2520 60 2921 
9191 287 2394 2850 2853 
9192 2087 2380 2029 2709 
9193 1548 1832 1590 2911 
9194 1882 2169 2333 2667 
9195 1866 2115 2174 2807 
9196 2314 2375 2013 2597 
9197 613 2326 639 2753 
9198 2047 2352 2863 2943 
9199 2057 1923 2346 2802 
9200 932 2290 1279 2390 
9201 1930 2643 2240 2777 
9202 1749 1366 1367 2240 
9203 1636 2196 2477 2592 
9204 748 898 2217 2944 
9205 2017 1968 2528 2873 
9206 2025 2432 1901 2436 
9207 258 175 430 2576 
9208 2037 2276 2257 2840 
9209 1986 2447 2135 2522 
9210 439 931 37 2290 
9211 492 2197 43 2392 
9212 1171 2874 1112 2972 
9213 1209 2133 978 2626 
9214 263 1482 1157 2168 
9215 1140 1629 1142 2213 
9216 380 378 85 2418 
9217 1499 2017 2528 2873 
9218 2320 2324 1959 2916 
9219 2028 2364 2638 2800 
9220 1918 2122 2413 2776 
9221 1198 2058 1067 2649 
9222 2616 2633 1920 2702 
9223 2022 2212 1920 2633 
9224 2039 2366 2459 2784 
9225 2158 2239 1921 2911 
9226 1417 1556 805 2189 
9227 440 1328 1329 2584 
9228 2018 2745 2153 2778 
9229 488 43 492 2197 
9230 1462 1589 1289 2311 
9231 2299 2311 1289 2560 
9232 1920 2572 2113 2769 
9233 1985 2310 2300 2695 
9234 70 2037 1311 2823 
9235 272 182 183 2562 
9236 1580 1421 1215 2451 
9237 1930 2095 2643 2777 
9238 767 397 396 766 
9239 2175 2486 1927 2735 
9240 841 2069 108 2854 
9241 355 2481 2460 2836 
9242 2002 1921 2531 2668 
9243 1939 2511 2063 2671 
9244 564 2039 1603 2964 
9245 94 1352 955 2347 
9246 836 2289 837 2877 
9247 1881 2016 2293 2826 
9248 1966 2665 2282 2745 
9249 718 2043 1601 2592 
9250 2131 2000 2665 2872 
9251 1980 2655 2242 2942 
9252 2506 2716 752 2732 
9253 1321 1182 2337 2529 
9254 1929 2415 2157 2842 
9255 1580 1215 1581 2451 
9256 1855 2372 2348 2621 
9257 1883 2706 2437 2920 
9258 1834 518 1591 2513 
9259 2102 2234 538 2619 
9260 273 2528 1497 2898 
9261 1204 1452 1705 2351 
9262 1987 2337 2128 2791 
9263 1206 2580 2129 2593 
9264 378 1204 84 2094 
9265 2195 2440 2246 2772 
9266 1366 1387 939 2463 
9267 313 597 598 2497 
9268 833 1029 2028 2651 
9269 443 2269 2077 2845 
9270 1429 2193 253 2661 
9271 2117 2343 1926 2613 
9272 2364 2638 2135 2958 
9273 2280 2348 1990 2372 
9274 1858 2970 2228 2974 
9275 1997 2375 2314 2597 
9276 72 73 741 2473 
9277 1839 2693 2373 2928 
9278 383 2321 2580 2846 
9279 2087 2284 2041 2571 
9280 1900 2027 2241 2672 
9281 1183 1259 1578 2793 
9282 870 869 871 2130 
9283 1442 2259 2076 2877 
9284 2129 2131 1886 2408 
9285 1919 2221 2026 2951 
9286 919 1229 1800 2128 
9287 495 2584 441 2658 
9288 1967 2550 2350 2959 
9289 1888 2457 2267 2870 
9290 232 233 743 2490 
9291 1974 2587 2389 2961 
9292 1902 2200 2382 2425 
9293 792 1393 928 2416 
9294 2293 2349 1881 2384 
9295 412 1754 413 2476 
9296 1279 82 1293 2390 
9297 901 900 975 2134 
9298 2053 2225 1889 2464 
9299 1906 2140 2646 2666 
9300 547 1813 990 2108 
9301 1020 2130 1757 2620 
9302 2443 2572 2164 2702 
9303 1962 2279 2146 2803 
9304 92 93 447 2763 
9305 2456 2659 1996 2938 
9306 1862 2188 2715 2876 
9307 82 1037 1293 2390 
9308 2081 2088 1858 2499 
9309 886 1793 940 2061 
9310 1976 2644 2203 2824 
9311 2489 2520 1960 2921 
9312 267 1007 1422 2615 
9313 671 507 933 2815 
9314 1893 2462 2152 2578 
9315 1256 2204 1430 2774 
9316 2291 2383 1988 2579 
9317 403 528 145 2856 
9318 363 1078 2395 2814 
9319 967 951 1149 2349 
9320 2335 2526 1909 2723 
9321 753 2148 821 2485 
9322 1743 1608 1773 2686 
9323 1163 2448 2092 2927 
9324 1842 2412 2322 2922 
9325 2014 2381 2095 2894 
9326 1627 2389 2043 2428 
9327 292 2394 286 2853 
9328 221 2063 2421 2722 
9329 1139 945 2511 2600 
9330 2362 2427 2235 2839 
9331 1923 2057 2347 2697 
9332 173 1122 2564 2640 
9333 565 1716 1466 2046 
9334 1120 1118 1184 2449 
9335 833 2469 1030 2651 
9336 1428 1472 1429 2661 
9337 1951 2280 2374 2887 
9338 1999 2861 2472 2920 
9339 72 741 2229 2473 
9340 1342 1693 1623 2822 
9341 315 2228 1274 2446 
9342 1885 2214 2195 2501 
9343 1922 2538 2007 2816 
9344 1479 1793 1794 2368 
9345 1980 2398 2242 2655 
9346 1011 543 676 2226 
9347 2075 1922 2538 2805 
9348 2081 2360 497 2624 
9349 1475 1179 2340 2385 
9350 1689 2266 2339 2979 
9351 519 794 2371 2797 
9352 1843 2195 2097 2487 
9353 1890 2409 2019 2817 
9354 1598 1599 122 2530 
9355 1273 2104 509 2527 
9356 1284 1326 1327 2534 
9357 2394 2397 2067 2666 
9358 466 465 763 404 
9359 699 2275 1809 2324 
9360 1900 2236 2027 2672 
9361 840 838 1532 2307 
9362 1903 2472 2861 2920 
9363 717 2065 1568 2616 
9364 1879 2130 2134 2757 
9365 976 151 434 2682 
9366 2156 1919 2419 2951 
9367 1897 2356 2512 2782 
9368 1926 2343 2184 2613 
9369 2604 2668 2002 2969 
9370 1265 1267 1266 2496 
9371 1666 1717 2084 2724 
9372 1277 2392 1276 2622 
9373 702 2375 2203 2595 
9374 1460 2266 953 2758 
9375 2109 2472 1790 2705 
9376 1848 2093 2617 2849 
9377 1578 620 1154 2261 
9378 1558 2513 1591 2721 
9379 2093 1915 2427 2601 
9380 2083 2323 1918 2455 
9381 1906 2361 2335 2429 
9382 2118 2553 1947 2817 
9383 1891 2187 2271 2710 
9384 1277 492 2392 2622 
9385 1003 65 2665 2745 
9386 890 261 1790 2472 
9387 1852 2583 2344 2859 
9388 1601 1627 2043 2897 
9389 1191 2122 1729 2544 
9390 1393 1607 2416 2919 
9391 1922 2007 2479 2816 
9392 2786 2788 2149 2805 
9393 2010 1964 2694 2734 
9394 2083 2323 2151 2941 
9395 43 44 2392 2915 
9396 816 2085 815 2535 
9397 65 2131 64 2654 
9398 1065 1797 2630 2718 
9399 1295 891 2734 2845 
9400 815 816 1604 2085 
9401 1904 2288 2253 2458 
9402 1604 2085 816 2637 
9403 981 2475 2215 2576 
9404 879 2163 878 2619 
9405 791 2258 904 2468 
9406 1912 2046 2474 2675 
9407 1887 2518 2073 2859 
9408 1909 2459 2540 2792 
9409 816 2085 2535 2637 
9410 2115 1866 2264 2838 
9411 2455 2567 1880 2887 
9412 1946 2660 2505 2826 
9413 1240 2488 1239 2497 
9414 612 351 96 2825 
9415 2556 2700 2159 2932 
9416 1860 2689 2041 2709 
9417 2380 2504 2184 2744 
9418 978 2626 2133 2895 
9419 2315 2733 2656 2801 
9420 1313 2363 2269 2582 
9421 1687 995 994 2314 
9422 2268 2386 2037 2714 
9423 1933 2008 2424 2607 
9424 1844 2427 2101 2743 
9425 1584 2035 2639 2722 
9426 1901 2048 2249 2549 
9427 1254 1561 1559 2495 
9428 2008 1933 2424 2490 
9429 1225 916 630 2615 
9430 1701 225 2048 2843 
9431 2087 2029 2380 2783 
9432 2447 2516 1961 2865 
9433 865 496 800 2624 
9434 1988 2170 2260 2568 
9435 1946 2106 2505 2776 
9436 2165 1927 2629 2735 
9437 2103 2329 1904 2759 
9438 2057 2697 1923 2802 
9439 5 1087 2333 2667 
9440 1388 108 841 2069 
9441 1539 155 539 2596 
9442 583 2105 487 2389 
9443 1872 2075 2243 2422 
9444 684 683 682 2245 
9445 2373 2693 2021 2928 
9446 1271 1408 376 2611 
9447 1858 2088 2081 2712 
9448 1881 2293 2641 2826 
9449 1584 2035 1811 2639 
9450 148 362 2395 2814 
9451 1103 2462 2152 2496 
9452 2339 2388 1900 2661 
9453 137 138 1356 2094 
9454 1864 2105 2389 2881 
9455 1926 2184 2504 2744 
9456 2251 2699 2132 2741 
9457 988 987 986 2092 
9458 466 465 1680 763 
9459 2224 2553 2118 2575 
9460 446 2763 2431 2943 
9461 2461 2511 940 2730 
9462 375 285 291 2394 
9463 1925 2039 2677 2681 
9464 1901 2048 2549 2687 
9465 8 2031 7 2953 
9466 759 828 795 2469 
9467 1366 1368 1367 2777 
9468 929 28 202 2600 
9469 1913 2427 2093 2636 
9470 1996 2272 2842 2878 
9471 957 2558 847 2755 
9472 2063 1867 2671 2735 
9473 1987 2449 2328 2549 
9474 272 2186 182 2562 
9475 1900 2768 2484 2942 
9476 2332 2559 1912 2747 
9477 1090 346 631 2075 
9478 1952 2271 2187 2710 
9479 2112 2157 1854 2581 
9480 1671 1511 1512 2275 
9481 2073 2344 1887 2859 
9482 216 218 2669 2736 
9483 2168 1873 2285 2956 
9484 1792 88 2334 2467 
9485 2201 2570 1983 2572 
9486 1852 2474 2064 2608 
9487 2202 1960 2838 2972 
9488 2121 2415 1718 2653 
9489 1199 1201 1200 2791 
9490 2151 2323 2083 2455 
9491 1560 907 2054 2626 
9492 381 2129 383 2321 
9493 616 2066 1603 2681 
9494 2638 2900 1986 2963 
9495 1042 2232 2141 2858 
9496 893 2652 2228 2821 
9497 1971 2138 2515 2843 
9498 2025 1901 2432 2687 
9499 1876 2084 2287 2576 
9500 1340 2203 455 2824 
9501 1919 2493 2221 2951 
9502 1066 1067 1198 2868 
9503 1463 793 791 2258 
9504 699 2275 2324 2980 
9505 1393 1381 1379 2044 
9506 2134 2377 1879 2649 
9507 1585 2143 1713 2580 
9508 821 753 751 2148 
9509 1939 2671 2063 2857 
9510 2100 2393 1196 2926 
9511 1960 2259 2221 2874 
9512 1817 1818 2720 2979 
9513 1883 2533 2305 2539 
9514 2314 2352 513 2923 
9515 2081 2624 2233 2974 
9516 1876 2256 2261 2684 
9517 1826 341 2070 2704 
9518 336 2293 2053 2641 
9519 2047 2352 2013 2860 
9520 155 2395 539 2596 
9521 2066 2681 616 2756 
9522 1265 1266 2 2012 
9523 112 196 25 2062 
9524 1558 2664 2513 2721 
9525 2432 2529 470 2658 
9526 724 1484 431 2682 
9527 1858 2104 2081 2974 
9528 2104 1894 2527 2712 
9529 461 460 459 2180 
9530 548 2513 547 2796 
9531 636 2286 2511 2639 
9532 1474 2339 1472 2388 
9533 1291 2189 1746 2508 
9534 1142 514 1141 2519 
9535 754 1403 786 2185 
9536 564 2366 2039 2784 
9537 2101 2184 1913 2831 
9538 1740 2405 1133 2450 
9539 1955 2126 2590 2737 
9540 2169 2292 1882 2869 
9541 2606 2737 1955 2871 
9542 2295 2424 2074 2614 
9543 616 2411 2066 2756 
9544 314 1998 2439 2457 
9545 2123 2483 1906 2906 
9546 694 2631 2371 2949 
9547 685 686 2171 2740 
9548 2073 1944 2518 2703 
9549 215 2056 1326 2753 
9550 2191 2318 1890 2817 
9551 1996 2415 2121 2842 
9552 795 796 2187 2900 
9553 1858 2081 2104 2712 
9554 2130 1893 2462 2496 
9555 381 1206 2129 2593 
9556 2158 2248 1864 2296 
9557 1925 2345 2066 2677 
9558 2199 2533 2524 2556 
9559 738 2336 635 2356 
9560 1474 1472 1480 2388 
9561 2153 2355 2018 2726 
9562 2289 1874 2441 2855 
9563 1559 1024 1309 2306 
9564 2237 2656 1948 2841 
9565 1297 945 929 2063 
9566 2066 2260 1925 2681 
9567 1402 2269 1313 2363 
9568 1862 2523 2188 2876 
9569 1937 2570 2201 2572 
9570 603 604 1183 2445 
9571 2141 2232 1678 2858 
9572 1840 2253 2288 2458 
9573 1931 2309 2494 2605 
9574 1064 1065 2630 2718 
9575 690 2165 14 2790 
9576 1875 2069 2313 2463 
9577 535 1101 1334 2459 
9578 2103 2759 1904 2880 
9579 1079 2065 410 2413 
9580 2029 2554 1904 2660 
9581 2143 2452 2012 2876 
9582 2041 1860 2422 2689 
9583 591 292 377 2079 
9584 1384 2610 2110 2664 
9585 2041 2284 2087 2689 
9586 1627 473 1601 2389 
9587 2126 2181 1955 2789 
9588 2262 2656 2315 2733 
9589 1335 621 40 2574 
9590 337 1763 1149 2384 
9591 1115 242 2410 2856 
9592 1560 1572 2306 2946 
9593 1944 2132 2699 2741 
9594 131 775 847 2558 
9595 1903 2437 2109 2472 
9596 1469 1600 2115 2618 
9597 1886 2404 2502 2778 
9598 1941 2821 2170 2974 
9599 1556 1555 535 2039 
9600 977 2734 2277 2895 
9601 610 611 768 2147 
9602 1679 2492 2245 2844 
9603 1308 2168 1696 2545 
9604 1987 2190 2549 2760 
9605 1332 2066 1416 2690 
9606 1770 1728 1710 2290 
9607 1823 2396 2203 2824 
9608 1893 2757 2578 2890 
9609 96 621 97 2574 
9610 2300 2310 2025 2695 
9611 648 2369 586 2456 
9612 170 718 1659 2592 
9613 1844 2220 2096 2743 
9614 2018 2282 2745 2778 
9615 2341 2040 2711 2719 
9616 1965 2600 2461 2671 
9617 1848 2184 2343 2831 
9618 2277 2334 1964 2734 
9619 1726 1625 829 2290 
9620 2232 2418 83 2771 
9621 2260 2713 1202 2756 
9622 1965 2063 2600 2671 
9623 2101 2427 2235 2831 
9624 2112 2415 1996 2842 
9625 2015 2281 1973 2902 
9626 1456 1455 1392 2403 
9627 199 2147 1836 2725 
9628 1908 2202 2489 2838 
9629 1886 2251 2040 2423 
9630 1807 761 708 2603 
9631 875 59 2071 2560 
9632 965 1486 1185 2449 
9633 2079 1927 2376 2629 
9634 94 1605 1352 2347 
9635 46 2395 155 2596 
9636 1715 2569 2135 2620 
9637 1826 341 1444 2070 
9638 1117 819 820 2188 
9639 1862 2188 2148 2879 
9640 929 202 979 2175 
9641 2240 2313 1875 2450 
9642 2391 2482 1982 2868 
9643 668 1994 667 2771 
9644 2624 2820 2004 2864 
9645 839 2327 2307 2836 
9646 1844 2781 2220 2816 
9647 2082 2672 2241 2810 
9648 2193 2325 2036 2339 
9649 183 525 2534 2883 
9650 1247 2352 1176 2943 
9651 168 167 2230 2647 
9652 959 2532 746 2847 
9653 1435 952 1638 2758 
9654 91 2265 185 2332 
9655 487 2389 2105 2587 
9656 1844 2101 2220 2743 
9657 2076 2591 2557 2790 
9658 1958 2242 2398 2655 
9659 1181 1675 1061 2385 
9660 1901 2337 2249 2529 
9661 1843 2440 2195 2852 
9662 1664 41 980 2141 
9663 1288 2560 712 2931 
9664 155 1539 32 2596 
9665 1919 2438 2076 2848 
9666 694 1082 2371 2631 
9667 1291 2189 2411 2767 
9668 846 2196 1636 2592 
9669 742 1344 741 2473 
9670 1521 1249 1250 2268 
9671 2350 1915 2532 2919 
9672 539 538 2102 2395 
9673 1046 1754 2107 2476 
9674 2389 2592 1974 2961 
9675 395 1 72 2452 
9676 822 405 1001 1023 
9677 2055 1359 2457 2870 
9678 2233 2260 2170 2568 
9679 1836 2147 787 2725 
9680 1467 1716 2254 2642 
9681 1093 1092 1091 2231 
9682 1097 1456 1096 2403 
9683 41 980 2141 2960 
9684 476 2054 1780 2495 
9685 2228 2170 2821 2974 
9686 1328 779 2310 2430 
9687 591 268 985 2379 
9688 2123 2586 2205 2746 
9689 1223 1318 1789 2341 
9690 745 2269 499 2742 
9691 1271 376 2165 2611 
9692 487 2105 657 2587 
9693 1985 2733 2315 2801 
9694 381 64 2129 2654 
9695 1994 2950 1242 2966 
9696 952 1438 1638 2758 
9697 1655 2107 2522 2875 
9698 1887 2344 2183 2478 
9699 2131 2282 1966 2665 
9700 112 25 26 2062 
9701 532 358 817 2535 
9702 1902 2200 2425 2863 
9703 399 166 1527 2468 
9704 978 1209 1656 2133 
9705 1148 2694 2267 2870 
9706 1460 1817 953 2266 
9707 387 1621 1782 2346 
9708 1459 1710 1596 2072 
9709 2119 2406 1953 2822 
9710 1904 2253 2166 2880 
9711 1875 2313 2240 2463 
9712 1697 1696 1186 2647 
9713 2061 2318 1947 2368 
9714 2035 2230 1919 2438 
9715 1493 359 1494 2320 
9716 227 1148 1304 2870 
9717 1327 1326 215 2056 
9718 626 2032 1190 2544 
9719 1905 2303 2229 2322 
9720 1803 1732 314 2439 
9721 633 2740 736 2763 
9722 1520 1719 2330 2565 
9723 1900 2193 2466 2484 
9724 998 785 830 2718 
9725 1904 2458 2253 2880 
9726 2035 2639 2063 2857 
9727 783 887 785 857 
9728 2026 2230 1919 2951 
9729 890 1790 2109 2472 
9730 2358 2409 2089 2764 
9731 381 1057 1206 2593 
9732 1940 2500 2407 2728 
9733 685 746 554 2051 
9734 2252 2863 2352 2943 
9735 494 495 441 2658 
9736 886 638 2244 2730 
9737 1951 2372 2280 2887 
9738 1394 2294 2110 2766 
9739 1839 2454 2295 2928 
9740 1556 891 805 2734 
9741 1964 2540 2459 2792 
9742 1858 2205 2499 2586 
9743 181 688 687 2968 
9744 1539 2390 32 2596 
9745 427 2226 677 2456 
9746 1086 1085 141 2438 
9747 1631 1550 1551 2285 
9748 1487 2444 1512 2980 
9749 2329 2697 2093 2849 
9750 1200 1182 1199 2337 
9751 2104 2652 2624 2974 
9752 1081 2588 681 2832 
9753 1841 2156 2191 2419 
9754 2080 2310 1884 2430 
9755 650 2277 977 2734 
9756 1132 2405 1349 2854 
9757 1868 2498 2206 2577 
9758 1212 1038 340 2431 
9759 1923 2617 2346 2802 
9760 2135 2522 1734 2638 
9761 21 484 394 2303 
9762 2015 1973 2330 2902 
9763 771 52 1287 2841 
9764 2487 2842 2272 2878 
9765 2025 2436 1901 2687 
9766 1374 309 1373 2205 
9767 2195 2246 2097 2772 
9768 448 449 2219 2628 
9769 1668 1801 1669 2153 
9770 382 523 381 2654 
9771 112 2180 111 2820 
9772 2049 2771 2291 2960 
9773 2006 2715 2188 2876 
9774 2274 2629 1927 2735 
9775 2295 2454 2074 2928 
9776 1343 1013 2162 2750 
9777 2093 2427 1915 2708 
9778 2156 2818 1874 2855 
9779 2183 2344 1953 2478 
9780 1445 1640 2181 2433 
9781 734 733 2357 2628 
9782 1846 2140 2358 2429 
9783 580 582 581 2189 
9784 864 715 2616 2633 
9785 1202 2260 1203 2713 
9786 296 729 2136 2435 
9787 2235 1915 2362 2839 
9788 2190 2760 2216 2949 
9789 131 776 775 2558 
9790 1198 2058 2649 2868 
9791 2135 2447 1895 2522 
9792 1995 1942 2442 2521 
9793 945 2063 1073 2639 
9794 697 1516 696 2377 
9795 2163 2574 1991 2727 
9796 890 2472 2109 2561 
9797 1700 2558 2363 2755 
9798 1512 1511 1487 2980 
9799 1698 2442 1714 2492 
9800 1842 2251 2132 2741 
9801 2103 2860 1877 2863 
9802 945 944 943 2511 
9803 1276 2392 2360 2622 
9804 1401 1091 997 2327 
9805 2089 2358 1890 2409 
9806 1863 2636 2093 2708 
9807 705 160 158 2023 
9808 2229 2303 2006 2322 
9809 842 948 1435 2854 
9810 170 1659 172 2370 
9811 1918 2083 2455 2673 
9812 859 2686 2084 2724 
9813 1551 1158 1631 2285 
9814 1470 1471 2239 2762 
9815 88 2467 87 2862 
9816 1998 2237 2430 2837 
9817 1771 2638 834 2963 
9818 1718 2121 908 2415 
9819 2309 2435 704 2775 
9820 830 829 831 2630 
9821 1144 2761 750 2944 
9822 2154 2011 2440 2852 
9823 1860 2192 2744 2786 
9824 434 252 2193 2466 
9825 197 927 2098 2936 
9826 1486 2625 2208 2773 
9827 1907 2350 2235 2839 
9828 1947 2625 2449 2676 
9829 34 2174 2115 2807 
9830 567 565 1693 2402 
9831 571 336 2053 2641 
9832 664 2421 2175 2632 
9833 228 500 2694 2742 
9834 1847 2691 2698 2969 
9835 1203 2260 2568 2713 
9836 2110 2294 1394 2664 
9837 1008 2199 1422 2615 
9838 1560 1559 1561 2495 
9839 200 2147 199 2543 
9840 759 828 2469 2638 
9841 949 951 950 2349 
9842 1722 1624 1726 2290 
9843 1689 2339 1473 2979 
9844 290 1421 843 2640 
9845 746 2051 2532 2663 
9846 299 298 2111 2589 
9847 2009 2502 2404 2583 
9848 1933 2316 2424 2614 
9849 655 1649 2264 2612 
9850 878 879 216 2163 
9851 2108 2294 1914 2513 
9852 1854 2482 2157 2739 
9853 1508 1460 1461 2325 
9854 501 2133 2609 2742 
9855 809 2581 808 2851 
9856 657 487 583 2105 
9857 476 2306 2054 2495 
9858 1093 2231 1091 2441 
9859 2133 2269 1656 2845 
9860 1858 2361 2017 2586 
9861 2009 2404 1852 2583 
9862 140 2259 1085 2874 
9863 978 2133 1656 2845 
9864 2262 2315 1985 2733 
9865 1061 1675 1376 2283 
9866 2104 2218 1858 2712 
9867 30 222 29 2794 
9868 1861 2204 2126 2590 
9869 1003 1769 65 2745 
9870 1911 2129 2408 2654 
9871 1679 1588 2245 2492 
9872 1866 2247 2546 2904 
9873 1843 2097 2246 2890 
9874 2036 2339 1954 2768 
9875 287 286 2394 2853 
9876 2206 2577 1847 2969 
9877 108 2069 1388 2854 
9878 1092 2231 1093 2441 
9879 1808 1333 737 2503 
9880 1884 2048 2300 2687 
9881 1611 1609 1610 2686 
9882 1560 2054 1777 2946 
9883 5 1389 1087 2667 
9884 1923 2697 2617 2802 
9885 2090 2296 2105 2367 
9886 1981 2192 2149 2977 
9887 2081 2088 2360 2712 
9888 828 2900 2638 2963 
9889 1206 383 2129 2580 
9890 688 1302 687 2062 
9891 1864 2248 2105 2296 
9892 1246 1247 895 2252 
9893 1700 1465 2558 2755 
9894 1679 2245 1192 2844 
9895 968 35 969 2965 
9896 1212 2431 446 2763 
9897 501 1402 1781 2133 
9898 65 2131 1189 2665 
9899 1900 2236 2465 2942 
9900 1107 648 649 2155 
9901 1050 2337 1230 2658 
9902 2373 2884 2005 2928 
9903 1103 2152 1391 2496 
9904 1531 54 55 2285 
9905 65 63 2131 2654 
9906 1965 2486 2331 2794 
9907 36 35 2174 2965 
9908 1907 2084 2686 2724 
9909 2235 2350 1915 2839 
9910 275 1712 274 2528 
9911 2280 2560 2142 2954 
9912 1289 2311 58 2560 
9913 127 2633 2022 2945 
9914 2008 1933 2490 2607 
9915 2059 2780 1130 2931 
9916 1929 2157 2739 2842 
9917 1106 2144 2674 2955 
9918 308 2483 2205 2746 
9919 1951 2348 2280 2372 
9920 1263 2461 2198 2794 
9921 1954 2768 2399 2785 
9922 1841 2255 2818 2951 
9923 1632 1643 240 2536 
9924 1895 2447 2319 2865 
9925 1510 2641 2106 2945 
9926 738 2336 2356 2750 
9927 1819 2089 640 2409 
9928 1839 2454 2161 2935 
9929 410 2065 1080 2945 
9930 299 298 300 2111 
9931 2114 2225 418 2559 
9932 2018 2353 2404 2726 
9933 2029 1913 2554 2709 
9934 1145 1604 1640 2085 
9935 688 304 1302 2062 
9936 2093 2697 2617 2849 
9937 1696 229 2647 2956 
9938 787 2147 1836 2833 
9939 845 1440 1441 2489 
9940 1867 2156 2557 2848 
9941 1288 1131 2299 2931 
9942 1543 1745 2296 2367 
9943 1928 2324 2052 2683 
9944 2159 2556 2023 2605 
9945 1555 2039 1556 2767 
9946 934 936 2338 2773 
9947 2087 2689 2380 2709 
9948 614 414 613 2326 
9949 978 2133 2845 2895 
9950 782 1339 301 2807 
9951 1842 2214 2178 2922 
9952 2000 2119 2627 2918 
9953 1903 2185 2305 2920 
9954 1788 1368 2301 2777 
9955 2060 2334 2526 2792 
9956 1934 2014 2420 2453 
9957 2404 2583 2502 2778 
9958 2164 2443 1937 2572 
9959 1125 2568 1988 2713 
9960 1227 213 2500 2806 
9961 1591 2513 518 2721 
9962 1948 2315 2262 2656 
9963 751 2148 2506 2901 
9964 1399 1265 2 2012 
9965 99 2525 232 2936 
9966 412 413 116 2476 
9967 2093 2636 2427 2708 
9968 2405 2682 151 2752 
9969 1703 2127 1374 2835 
9970 2022 2641 129 2945 
9971 307 504 306 2247 
9972 2297 2738 2567 2940 
9973 977 2010 2734 2895 
9974 1870 2064 2270 2597 
9975 1080 1079 717 2065 
9976 2163 2574 2619 2896 
9977 2225 2517 1898 2650 
9978 1227 1327 213 2806 
9979 559 2278 558 2438 
9980 921 51 772 2841 
9981 1955 2181 2704 2789 
9982 2114 2225 1898 2650 
9983 996 205 203 2375 
9984 1978 2316 2111 2947 
9985 905 2172 1476 2946 
9986 1859 2113 2572 2769 
9987 2233 2624 1941 2974 
9988 1560 907 1777 2054 
9989 2203 1923 2396 2925 
9990 753 751 2148 2716 
9991 536 2334 2459 2526 
9992 2097 2487 2195 2501 
9993 1264 1280 2222 2825 
9994 2059 2616 2065 2662 
9995 1414 1412 2623 2967 
9996 2046 1912 2402 2675 
9997 1229 919 1231 2190 
9998 674 586 2369 2456 
9999 2091 1818 2503 2979 
10000 1956 2594 2197 2622 
10001 1901 2249 2048 2436 
10002 1044 2049 2896 2960 
10003 986 2092 1163 2448 
10004 859 1743 2084 2686 
10005 1066 2482 1068 2851 
10006 1913 2034 2636 2884 
10007 1696 229 1501 2647 
10008 1859 2087 2284 2910 
10009 2134 2649 2058 2868 
10010 1650 275 1685 2146 
10011 1729 1672 2544 2827 
10012 877 2142 876 2954 
10013 1254 1559 2363 2495 
10014 1899 2224 2160 2439 
10015 75 939 2381 2894 
10016 501 2133 1286 2609 
10017 501 1781 1286 2133 
10018 2533 2556 2199 2700 
10019 1926 2613 2184 2744 
10020 1941 2233 2170 2568 
10021 125 157 398 767 
10022 514 2090 654 2519 
10023 663 390 823 2632 
10024 1961 2108 2357 2698 
10025 1153 1154 2453 2475 
10026 307 2247 306 2546 
10027 2076 2557 2156 2848 
10028 2874 2921 1112 2972 
10029 47 362 363 2395 
10030 2015 1868 2226 2407 
10031 1927 2079 2611 2629 
10032 799 2100 1196 2926 
10033 1599 2530 1509 2823 
10034 355 2460 961 2836 
10035 187 2249 188 2436 
10036 813 458 812 2113 
10037 1968 2358 2140 2429 
10038 1381 1380 2044 2927 
10039 2044 2350 1907 2811 
10040 2291 2896 2049 2960 
10041 1645 1820 1594 2287 
10042 452 1071 451 2158 
10043 2167 2228 2446 2970 
10044 1814 1797 1280 2222 
10045 1844 2096 2220 2781 
10046 2263 2604 2002 2969 
10047 919 918 920 2216 
10048 1211 2431 2082 2548 
10049 65 63 1189 2131 
10050 1930 2095 2598 2643 
10051 1877 2252 2238 2606 
10052 2216 2631 1481 2949 
10053 1411 2207 98 2525 
10054 1848 2033 2759 2849 
10055 2103 2849 2759 2880 
10056 2145 2323 1918 2378 
10057 1946 2505 2621 2776 
10058 1677 491 1099 2858 
10059 614 1707 214 2401 
10060 1895 2569 2522 2875 
10061 1722 1726 1175 2290 
10062 2056 1327 2534 2806 
10063 1951 2454 2295 2935 
10064 2060 2334 1888 2467 
10065 2041 2422 2284 2689 
10066 1686 976 435 2193 
10067 2141 2234 594 2814 
10068 1794 1479 2368 2676 
10069 2573 2617 1923 2849 
10070 470 161 606 2432 
10071 2220 2422 2041 2743 
10072 1537 2650 2114 2692 
10073 1474 1473 2339 2388 
10074 1086 141 558 2438 
10075 1556 535 1334 2734 
10076 679 2263 2832 2913 
10077 1929 2097 2739 2867 
10078 1273 1275 1274 2446 
10079 2091 1897 2503 2750 
10080 901 2377 975 2649 
10081 2484 2768 2036 2942 
10082 1605 1351 1352 2347 
10083 920 2216 1481 2949 
10084 508 2071 59 2521 
10085 1435 1436 954 2069 
10086 613 2753 392 2918 
10087 1359 2055 1338 2870 
10088 1480 2241 1802 2810 
10089 1043 2232 1042 2858 
10090 717 1079 1568 2065 
10091 655 657 656 2587 
10092 1229 1231 1230 2658 
10093 2409 2625 2019 2817 
10094 1961 2516 2428 2865 
10095 1960 2489 2202 2838 
10096 1819 1478 640 2089 
10097 1893 2130 2578 2757 
10098 2151 2518 1944 2703 
10099 441 495 1320 2584 
10100 1957 2617 2093 2802 
10101 240 2602 2068 2891 
10102 1013 2162 2750 2934 
10103 1012 213 2401 2500 
10104 2071 2521 508 2976 
10105 1885 2487 2121 2501 
10106 2036 1849 2598 2768 
10107 266 1723 265 2547 
10108 2170 2345 1925 2912 
10109 2411 2690 2066 2756 
10110 1886 2423 2408 2829 
10111 859 2084 1717 2724 
10112 1731 2436 1496 2529 
10113 1900 2466 2193 2661 
10114 1371 2143 1713 2813 
10115 2310 2315 1884 2430 
10116 1448 1513 900 2400 
10117 182 2186 271 2812 
10118 2254 2474 2046 2675 
10119 1471 2551 2239 2762 
10120 2161 1951 2621 2935 
10121 1157 1482 918 2216 
10122 1321 188 1182 2529 
10123 1404 2233 2568 2889 
10124 2004 2624 2104 2652 
10125 1251 2207 1411 2623 
10126 1828 2378 2145 2827 
10127 1142 973 1226 2213 
10128 1952 2710 2187 2800 
10129 2006 2188 2523 2876 
10130 836 2591 881 2850 
10131 556 555 557 2692 
10132 1911 2408 2131 2654 
10133 2130 2462 1893 2578 
10134 376 2165 2611 2853 
10135 2021 2398 1958 2693 
10136 1026 1477 2340 2491 
10137 1880 2032 2455 2673 
10138 14 1271 376 2165 
10139 2126 2602 2442 2978 
10140 1874 2818 2304 2855 
10141 1337 1660 2123 2893 
10142 1450 1387 1388 2463 
10143 509 2104 894 2903 
10144 74 277 2381 2894 
10145 2713 2756 1943 2937 
10146 2126 2204 1955 2590 
10147 1153 2215 981 2475 
10148 1797 706 2680 2718 
10149 1902 2657 2179 2952 
10150 362 363 2395 2814 
10151 1958 2398 2021 2655 
10152 2244 2730 638 2939 
10153 1860 2149 2786 2788 
10154 2200 2763 1972 2929 
10155 2373 2709 1913 2743 
10156 2240 2643 2095 2777 
10157 308 2205 1503 2746 
10158 537 539 538 2102 
10159 1844 2034 2362 2427 
10160 1946 2505 2106 2826 
10161 742 2139 2473 2602 
10162 272 183 525 2534 
10163 1863 2425 2200 2863 
10164 2063 2175 1965 2600 
10165 1871 2151 2323 2518 
10166 1396 2294 587 2685 
10167 679 2832 681 2913 
10168 1149 1095 1040 2349 
10169 1806 2410 242 2856 
10170 865 800 801 2579 
10171 651 652 88 2467 
10172 2744 2786 2031 2788 
10173 266 1422 1736 2199 
10174 1860 2184 2101 2613 
10175 934 274 1712 2764 
10176 1066 2482 2058 2868 
10177 438 436 725 2159 
10178 243 1597 2754 2856 
10179 2424 2731 2008 2795 
10180 439 37 38 2290 
10181 1877 2352 2252 2863 
10182 1 73 72 2452 
10183 1778 1211 2082 2548 
10184 1470 1548 1587 2762 
10185 1994 2418 2232 2771 
10186 1079 411 1662 2413 
10187 699 1511 2275 2980 
10188 1392 1455 1515 2634 
10189 2055 1888 2792 2870 
10190 1777 2054 2733 2946 
10191 352 2574 2509 2896 
10192 1925 2233 2228 2970 
10193 2263 2531 549 2832 
10194 1944 2073 2608 2703 
10195 1083 1497 1275 2218 
10196 1203 2568 1125 2713 
10197 235 817 300 2111 
10198 611 927 2302 2543 
10199 1819 1650 1478 2803 
10200 62 1440 61 2921 
10201 2071 2535 508 2954 
10202 199 2543 2147 2725 
10203 1155 1714 2442 2521 
10204 1940 2121 2659 2888 
10205 557 555 1546 2748 
10206 983 2569 2477 2875 
10207 1866 2460 2213 2807 
10208 735 2158 1071 2717 
10209 1997 2314 2355 2726 
10210 2045 2879 2485 2909 
10211 1841 2273 2118 2470 
10212 489 250 1010 2279 
10213 91 659 1519 2464 
10214 2118 2328 1850 2635 
10215 2205 2483 2123 2746 
10216 1645 2287 1594 2576 
10217 569 2052 922 2980 
10218 2089 2146 1968 2764 
10219 942 438 755 2833 
10220 1891 2187 2710 2800 
10221 1852 2353 2064 2726 
10222 229 2939 2647 2956 
10223 2071 2560 2280 2954 
10224 1520 1719 1709 2330 
10225 1021 822 1162 1001 
10226 1499 1798 2526 2873 
10227 2138 2678 2048 2843 
10228 369 2410 527 2582 
10229 965 1582 1486 2208 
10230 1541 2612 2367 2618 
10231 836 2289 2591 2850 
10232 1860 2149 2192 2786 
10233 2106 2505 2641 2826 
10234 1903 2472 2185 2861 
10235 1013 1354 2162 2934 
10236 1900 2484 2236 2942 
10237 2142 2207 1869 2525 
10238 1946 2555 2106 2776 
10239 1206 383 381 2129 
10240 1852 2064 2353 2608 
10241 1883 2227 2706 2920 
10242 1751 1725 1252 2296 
10243 1124 1409 1044 2291 
10244 833 2469 2028 2638 
10245 961 840 2481 2836 
10246 572 573 575 2086 
10247 882 2076 2591 2877 
10248 2177 2458 1946 2660 
10249 1189 63 2386 2654 
10250 2122 2413 2065 2780 
10251 2304 2307 1993 2327 
10252 1888 2334 2060 2792 
10253 666 2725 2185 2861 
10254 2140 2335 1968 2429 
10255 754 703 2309 2605 
10256 2341 2711 1945 2719 
10257 655 656 1649 2612 
10258 1993 2646 2893 2906 
10259 173 175 174 2215 
10260 2131 2408 2129 2654 
10261 2044 1878 2258 2927 
10262 1484 2159 725 2932 
10263 1999 2227 2725 2920 
10264 671 933 2192 2815 
10265 2217 2279 1882 2667 
10266 148 2234 826 2814 
10267 1387 1237 1388 2463 
10268 1338 1358 1337 2804 
10269 854 2222 2680 2718 
10270 2432 2436 2025 2529 
10271 1328 780 779 2430 
10272 1078 2234 538 2395 
10273 2000 2665 2119 2918 
10274 2151 2297 1871 2738 
10275 1867 2848 2278 2857 
10276 2076 1867 2278 2790 
10277 285 2394 292 2798 
10278 2074 2454 2005 2928 
10279 1913 2427 2101 2831 
10280 2199 2700 2556 2932 
10281 1875 2240 2359 2643 
10282 2444 2738 2032 2905 
10283 1846 2358 2140 2599 
10284 2217 2365 1894 2527 
10285 1903 2861 2185 2920 
10286 180 1144 2365 2968 
10287 140 643 139 2438 
10288 206 1342 208 2749 
10289 2058 2482 2391 2868 
10290 1092 1544 2231 2483 
10291 370 2439 120 2481 
10292 2163 2619 2574 2727 
10293 1414 2623 1411 2696 
10294 2198 2368 642 2409 
10295 1847 2447 1986 2604 
10296 334 1526 2355 2387 
10297 972 2327 839 2836 
10298 153 2152 1103 2462 
10299 836 883 2289 2877 
10300 2213 2618 1908 2838 
10301 2180 2864 2062 2968 
10302 676 428 2500 2659 
10303 2151 1871 2455 2738 
10304 1257 1430 1318 2387 
10305 173 1019 175 2215 
10306 1871 2738 2444 2905 
10307 1757 2130 869 2620 
10308 375 2394 291 2798 
10309 1927 2165 2632 2735 
10310 2043 2477 2196 2592 
10311 1191 2299 2122 2544 
10312 568 2324 700 2909 
10313 1792 88 652 2334 
10314 1860 2380 2184 2744 
10315 2374 2567 2024 2887 
10316 1437 1438 1214 2451 
10317 2107 1895 2447 2522 
10318 276 277 289 2381 
10319 1843 2272 2097 2890 
10320 498 400 497 2081 
10321 945 1073 944 2639 
10322 2024 2737 2374 2871 
10323 2160 2055 2457 2507 
10324 176 2730 2286 2939 
10325 954 2069 1436 2752 
10326 2197 2392 492 2622 
10327 2371 2631 2216 2949 
10328 839 997 838 2307 
10329 252 253 435 2193 
10330 679 1618 2263 2913 
10331 266 2302 1723 2547 
10332 1839 2295 2454 2935 
10333 1955 2590 2024 2871 
10334 1189 2386 1317 2665 
10335 1819 1478 2089 2803 
10336 2317 2686 860 2724 
10337 2030 2731 2424 2795 
10338 2278 2848 2035 2857 
10339 2251 2404 2009 2829 
10340 2431 2763 2200 2943 
10341 2238 2352 2314 2923 
10342 59 2071 356 2954 
10343 853 2238 512 2923 
10344 92 1176 94 2047 
10345 1420 1418 2172 2801 
10346 96 97 80 2825 
10347 1097 348 349 2403 
10348 1909 2167 2366 2459 
10349 2697 2708 2093 2802 
10350 2132 2251 1842 2707 
10351 381 64 1057 2593 
10352 932 1279 1293 2390 
10353 2397 2483 1906 2882 
10354 2066 2677 2039 2681 
10355 2255 1969 2470 2818 
10356 1693 2406 327 2822 
10357 1797 1264 1280 2222 
10358 2399 2768 1849 2785 
10359 642 2198 1263 2368 
10360 2147 2185 1931 2833 
10361 1952 2800 2604 2969 
10362 976 434 435 2193 
10363 1796 1778 1211 2082 
10364 1520 1521 69 2565 
10365 1999 2706 2227 2920 
10366 2044 2416 2258 2601 
10367 2029 2660 1904 2759 
10368 2055 2723 2123 2746 
10369 311 1558 1591 2721 
10370 571 2053 1554 2517 
10371 1509 2530 2257 2823 
10372 2169 2486 530 2924 
10373 2086 2192 1949 2815 
10374 2107 2447 1895 2516 
10375 2204 2719 2068 2891 
10376 1568 2616 2065 2780 
10377 1937 2201 2570 2834 
10378 1364 2543 2227 2696 
10379 476 1634 1780 2054 
10380 1259 74 2014 2894 
10381 1570 2677 2345 2912 
10382 1207 1585 1206 2580 
10383 1885 2186 2562 2812 
10384 758 1509 2257 2823 
10385 1570 1332 2345 2677 
10386 2374 2737 1851 2871 
10387 456 1467 1716 2254 
10388 1932 2217 2279 2594 
10389 2135 2522 1895 2569 
10390 909 1776 2112 2938 
10391 1383 2581 2110 2851 
10392 2617 2697 2093 2802 
10393 1684 2110 1383 2581 
10394 2122 2299 1191 2931 
10395 263 2631 2545 2965 
10396 1363 1404 1203 2889 
10397 1139 945 943 2511 
10398 834 1734 2522 2638 
10399 1911 2154 2408 2440 
10400 1603 564 1735 2681 
10401 343 347 2786 2977 
10402 1072 1071 2158 2717 
10403 2119 2753 392 2822 
10404 325 1666 2550 2724 
10405 2307 2481 840 2836 
10406 2599 2646 2140 2666 
10407 2509 2713 1943 2937 
10408 1837 1684 2581 2766 
10409 754 703 1403 2309 
10410 1287 2609 1286 2656 
10411 1843 2097 2272 2487 
10412 2073 2173 2414 2648 
10413 1999 2164 2227 2706 
10414 719 1386 814 2384 
10415 1883 2147 2725 2920 
10416 1019 2215 173 2564 
10417 2018 2726 2404 2778 
10418 1741 1593 1717 2084 
10419 2025 2695 2283 2787 
10420 1997 2355 2153 2726 
10421 1563 2624 1753 2820 
10422 1883 2098 2302 2795 
10423 2193 2339 1900 2661 
10424 2109 2472 1999 2561 
10425 2021 1958 2655 2693 
10426 1880 2567 2374 2887 
10427 678 1554 660 2517 
10428 829 1625 1770 2290 
10429 1965 2175 2063 2735 
10430 1915 2057 2532 2802 
10431 241 742 2473 2602 
10432 796 1616 2187 2900 
10433 1913 2093 2427 2831 
10434 1790 1369 890 2109 
10435 1920 2572 2443 2702 
10436 171 172 238 2370 
10437 1354 1018 2162 2688 
10438 1330 2345 1332 2690 
10439 461 1504 460 2180 
10440 967 1149 1763 2384 
10441 2012 2523 2150 2876 
10442 809 2482 2157 2851 
10443 898 899 748 2217 
10444 196 2392 2062 2864 
10445 1657 203 204 2375 
10446 100 318 876 2142 
10447 2297 2151 2567 2738 
10448 1120 1360 1119 2209 
10449 1997 2597 2314 2726 
10450 1838 1776 1059 2112 
10451 1864 2107 2476 2933 
10452 1857 2408 2502 2872 
10453 74 75 277 2894 
10454 588 587 2369 2685 
10455 2246 2552 2097 2772 
10456 493 2360 1049 2622 
10457 2061 2368 1947 2676 
10458 1823 2203 2396 2925 
10459 1914 2513 2294 2664 
10460 62 2520 1440 2921 
10461 1582 1486 2208 2773 
10462 853 513 2352 2923 
10463 1973 2710 2137 2840 
10464 1124 801 802 2579 
10465 1911 2154 2440 2714 
10466 1146 1361 1094 2138 
10467 1322 540 2561 2861 
10468 1960 2489 2144 2520 
10469 2106 2641 2053 2826 
10470 1952 2206 2710 2800 
10471 1766 1750 2296 2911 
10472 2338 2764 2019 2828 
10473 1719 2565 861 2902 
10474 2219 2628 1950 2969 
10475 1833 2198 2331 2794 
10476 1080 128 2065 2633 
10477 986 806 210 2448 
10478 2123 2205 1906 2483 
10479 2074 1951 2614 2809 
10480 668 83 84 2418 
10481 752 1219 1353 2732 
10482 2323 2518 2151 2941 
10483 1955 2238 2774 2789 
10484 677 647 648 2226 
10485 251 916 1691 2466 
10486 1895 2319 2042 2865 
10487 1109 2238 2704 2789 
10488 872 1469 2115 2612 
10489 541 1322 2561 2899 
10490 2136 2435 729 2930 
10491 1964 2267 2694 2870 
10492 610 2147 768 2700 
10493 2132 2699 2251 2711 
10494 1476 905 1756 2172 
10495 622 623 2303 2683 
10496 1371 1713 1370 2813 
10497 580 368 745 2077 
10498 1343 2162 1121 2564 
10499 2443 2623 1412 2967 
10500 1918 2106 2413 2827 
10501 876 2142 2560 2954 
10502 1785 1769 1804 2282 
10503 2092 2434 1922 2514 
10504 2156 2493 1919 2951 
10505 1863 2200 2382 2929 
10506 1324 1396 587 2685 
10507 2066 2345 1943 2690 
10508 2142 2280 1990 2560 
10509 384 438 725 2159 
10510 786 787 2185 2725 
10511 1881 2029 2380 2504 
10512 654 2090 653 2476 
10513 1077 989 732 2357 
10514 2025 1688 2695 2787 
10515 859 1743 1717 2084 
10516 106 1737 824 2770 
10517 1558 311 2664 2721 
10518 854 2630 2222 2718 
10519 936 935 2338 2773 
10520 1918 2413 2106 2776 
10521 2326 2627 2056 2753 
10522 2289 2441 2674 2855 
10523 1771 828 834 2638 
10524 1094 2138 1372 2542 
10525 1046 2107 1655 2875 
10526 2259 2874 2520 2921 
10527 1414 2623 2696 2967 
10528 959 284 282 2532 
10529 2213 2460 1226 2807 
10530 1949 2312 2212 2769 
10531 2256 2479 2007 2816 
10532 1837 1506 1838 2581 
10533 569 2683 2052 2980 
10534 1876 2475 2084 2576 
10535 1036 2395 101 2596 
10536 2149 2786 347 2977 
10537 1611 2317 142 2434 
10538 1911 2408 2154 2872 
10539 1266 1391 1824 2846 
10540 1550 2128 1201 2791 
10541 1789 1318 1642 2341 
10542 1910 2939 2244 2956 
10543 137 380 115 2418 
10544 1883 2795 2030 2834 
10545 1538 2212 1760 2633 
10546 2230 2419 1919 2951 
10547 142 1159 144 2317 
10548 2008 2547 2308 2607 
10549 320 1799 1828 2378 
10550 107 108 1388 2854 
10551 2208 2449 1947 2625 
10552 1588 1192 1679 2245 
10553 2041 2709 2373 2743 
10554 491 2232 1027 2418 
10555 1598 2386 1454 2530 
10556 2146 2279 1962 2645 
10557 1548 1587 2762 2911 
10558 667 1452 1453 2351 
10559 1861 2297 2132 2699 
10560 2017 2361 2335 2586 
10561 121 370 120 2481 
10562 318 98 2207 2525 
10563 138 1305 1356 2094 
10564 478 700 701 2045 
10565 550 549 2531 2832 
10566 981 2215 257 2576 
10567 1033 2713 1125 2896 
10568 39 2290 38 2390 
10569 1968 2358 2764 2828 
10570 643 323 644 2221 
10571 965 223 2208 2449 
10572 1795 1262 1263 2794 
10573 39 1728 2290 2390 
10574 950 575 577 2426 
10575 2244 2480 1873 2917 
10576 1367 1221 2240 2777 
10577 883 2591 2289 2877 
10578 1348 2232 1678 2960 
10579 1927 2632 2611 2770 
10580 2123 2804 1993 2906 
10581 1978 2241 2672 2810 
10582 1144 180 687 2968 
10583 1885 2487 2195 2852 
10584 1931 2556 2533 2700 
10585 361 2175 202 2486 
10586 476 474 915 2306 
10587 2308 2008 2607 2731 
10588 2329 2759 2103 2849 
10589 1925 2260 2233 2889 
10590 240 2068 1431 2891 
10591 306 504 262 2247 
10592 2265 2537 2003 2634 
10593 226 2250 228 2694 
10594 835 2289 1637 2441 
10595 197 1411 98 2525 
10596 622 623 484 2303 
10597 1915 2532 2057 2708 
10598 1708 1748 2330 2902 
10599 573 671 2192 2815 
10600 2143 1917 2536 2813 
10601 1977 2371 2216 2949 
10602 306 2247 262 2545 
10603 451 735 733 2357 
10604 2522 2638 1986 2963 
10605 2055 1909 2723 2746 
10606 617 707 760 2680 
10607 372 1314 2126 2891 
10608 1001 1021 822 1023 
10609 1708 1748 1707 2330 
10610 1688 1730 254 2787 
10611 1715 698 2569 2620 
10612 1151 2259 880 2520 
10613 1847 2800 2206 2969 
10614 2404 2726 1852 2778 
10615 2229 2303 1905 2844 
10616 580 226 582 2250 
10617 1979 2206 2176 2364 
10618 1943 2345 2066 2756 
10619 1430 2204 1256 2891 
10620 2016 2403 2265 2537 
10621 1044 2049 40 2896 
10622 2061 2480 2244 2917 
10623 2165 2591 1970 2853 
10624 2274 2376 1846 2885 
10625 400 402 401 2499 
10626 1634 1780 2054 2656 
10627 1823 2203 1340 2824 
10628 1548 117 1832 2239 
10629 36 1082 35 2965 
10630 1877 2238 2563 2606 
10631 2153 2726 2018 2778 
10632 1325 2340 1180 2385 
10633 1917 2707 2040 2711 
10634 2067 2646 2599 2666 
10635 2058 1879 2391 2866 
10636 1435 2069 954 2758 
10637 2242 2655 1845 2942 
10638 1977 2078 2635 2797 
10639 836 2289 883 2591 
10640 1176 2047 92 2943 
10641 1914 2042 2513 2721 
10642 2028 2578 2130 2757 
10643 1454 2530 2386 2654 
10644 1859 2113 2769 2910 
10645 2442 1614 2976 2978 
10646 1546 1511 1671 2275 
10647 177 1811 2286 2639 
10648 1875 2313 2069 2752 
10649 1524 1755 1692 2283 
10650 399 791 904 2468 
10651 1962 2803 2331 2924 
10652 1512 2275 1511 2980 
10653 2368 2625 1947 2676 
10654 2158 2531 1921 2668 
10655 1849 2420 2124 2785 
10656 583 585 2248 2389 
10657 421 773 423 2814 
10658 785 830 857 998 
10659 2820 2864 2180 2968 
10660 246 2667 2169 2924 
10661 2023 2494 2309 2605 
10662 1614 2521 2442 2976 
10663 1709 1707 614 2330 
10664 1915 2416 2802 2919 
10665 2120 2353 2064 2703 
10666 1777 2054 907 2733 
10667 249 661 2331 2924 
10668 1167 1178 1611 2538 
10669 1115 242 444 2410 
10670 1339 1226 2460 2807 
10671 819 2188 1117 2909 
10672 1906 2335 2140 2429 
10673 397 398 157 767 
10674 1888 2060 2507 2792 
10675 328 329 481 2406 
10676 750 2761 1490 2944 
10677 652 2277 650 2334 
10678 228 500 960 2694 
10679 2150 2523 1862 2876 
10680 1762 679 1618 2263 
10681 240 1643 1431 2068 
10682 259 1423 2472 2861 
10683 60 1151 880 2520 
10684 1636 2477 1659 2592 
10685 2185 2725 1999 2861 
10686 530 2486 2169 2770 
10687 1862 2552 2150 2876 
10688 2079 2394 1970 2819 
10689 1371 135 2452 2813 
10690 1160 1727 1163 2585 
10691 1916 2355 2314 2726 
10692 1955 2704 2238 2789 
10693 261 1790 2472 2705 
10694 1084 1275 1273 2218 
10695 1559 1560 1572 2306 
10696 1713 1633 1370 2813 
10697 808 1353 1505 2157 
10698 527 2582 2410 2856 
10699 757 2469 2257 2651 
10700 180 1144 511 2365 
10701 1915 2362 2051 2708 
10702 1103 153 1391 2152 
10703 1073 2063 221 2722 
10704 47 45 362 2395 
10705 565 566 1716 2675 
10706 877 876 875 2954 
10707 1343 1013 1121 2162 
10708 2351 2820 2624 2950 
10709 1910 2419 2480 2729 
10710 1883 2725 2227 2920 
10711 687 2062 1302 2761 
10712 1319 1579 1609 2261 
10713 1775 769 2099 2675 
10714 2001 2817 2358 2828 
10715 1191 1662 1729 2122 
10716 1729 2413 411 2827 
10717 182 2562 2186 2812 
10718 471 718 1601 2592 
10719 2095 2301 2014 2894 
10720 1852 2726 2153 2778 
10721 1887 2182 2518 2859 
10722 692 2190 919 2949 
10723 1598 1454 2386 2654 
10724 1498 1499 1798 2526 
10725 2335 2361 1906 2586 
10726 1905 2245 2738 2940 
10727 378 379 1683 2094 
10728 2613 2788 2031 2799 
10729 1554 336 660 2053 
10730 2490 2535 1933 2954 
10731 1864 2476 2196 2933 
10732 2051 2362 2356 2782 
10733 1180 1179 1181 2385 
10734 196 2062 112 2864 
10735 2069 2325 1875 2752 
10736 2202 2489 1960 2921 
10737 187 2436 188 2529 
10738 548 547 546 2796 
10739 1725 2367 1674 2612 
10740 1870 2573 2033 2644 
10741 1843 2670 2272 2890 
10742 655 2587 2264 2972 
10743 1689 2266 1508 2339 
10744 2061 2729 1939 2730 
10745 2250 2694 226 2784 
10746 866 2233 1404 2889 
10747 1109 2774 2238 2789 
10748 1210 2141 773 2858 
10749 1903 2242 2305 2494 
10750 1922 2075 2538 2816 
10751 37 39 38 2390 
10752 1925 2228 2170 2912 
10753 1878 2343 2117 2613 
10754 1921 2604 2447 2668 
10755 2077 2742 2010 2845 
10756 2081 2835 2499 2970 
10757 1240 2080 440 2584 
10758 1968 2764 2338 2828 
10759 1740 1132 1133 2405 
10760 1195 61 1545 2202 
10761 1820 1812 2550 2959 
10762 396 999 767 766 
10763 1757 871 869 2130 
10764 1932 2528 2146 2898 
10765 1436 2752 2069 2854 
10766 732 1128 1077 2717 
10767 1024 2306 1477 2491 
10768 37 38 2290 2390 
10769 2147 2700 610 2833 
10770 759 2469 833 2638 
10771 834 2638 2522 2963 
10772 1013 2750 552 2934 
10773 1226 1339 1573 2807 
10774 465 1022 763 404 
10775 1754 2551 1015 2963 
10776 968 1469 34 2115 
10777 356 2071 508 2954 
10778 2076 2259 1989 2877 
10779 2028 2364 1979 2757 
10780 1096 659 1039 2464 
10781 1441 2144 1140 2489 
10782 699 1511 1809 2275 
10783 2060 2467 1888 2507 
10784 2129 2408 1886 2423 
10785 935 934 936 2338 
10786 1368 2095 1366 2894 
10787 754 786 756 2833 
10788 172 237 238 2569 
10789 1965 2063 2671 2735 
10790 419 1536 418 2114 
10791 59 508 356 2071 
10792 2288 2621 2458 2660 
10793 1101 536 1792 2334 
10794 817 300 2111 2947 
10795 1333 736 737 2336 
10796 1898 2225 2114 2648 
10797 1931 2556 2159 2605 
10798 2097 1929 2739 2842 
10799 1332 1415 1416 2066 
10800 492 374 291 2798 
10801 874 623 1117 2909 
10802 1895 2042 2370 2865 
10803 201 2227 1364 2543 
10804 975 2649 2134 2868 
10805 559 220 2278 2722 
10806 1148 2267 921 2870 
10807 1934 2564 2091 2720 
10808 1361 2678 2138 2843 
10809 345 2538 1665 2805 
10810 1889 2332 2225 2648 
10811 1944 2518 2182 2859 
10812 2171 2740 686 2763 
10813 984 2196 1047 2477 
10814 2266 2720 2091 2979 
10815 372 2126 1138 2602 
10816 1017 2773 1582 2843 
10817 313 119 120 2439 
10818 2160 2224 1899 2575 
10819 1286 1287 52 2609 
10820 179 1683 181 2180 
10821 629 434 432 2682 
10822 2359 2484 1845 2556 
10823 1086 2278 15 2790 
10824 1568 2065 1079 2780 
10825 1995 2492 2139 2940 
10826 2028 2462 2130 2578 
10827 849 744 236 2308 
10828 1345 2442 2602 2978 
10829 2759 2849 2033 2880 
10830 1291 1417 2189 2767 
10831 1650 2146 1685 2803 
10832 1994 2579 1242 2950 
10833 1211 1038 2431 2548 
10834 2166 2606 2252 2863 
10835 2126 2602 372 2891 
10836 2078 1977 2488 2797 
10837 448 449 1577 2219 
10838 2176 2206 1847 2364 
10839 309 1503 308 2205 
10840 2058 2391 2134 2868 
10841 1884 2310 2080 2687 
10842 2130 1879 2377 2620 
10843 881 286 287 2853 
10844 1888 2334 2277 2467 
10845 1947 2318 2118 2817 
10846 1879 2058 2649 2866 
10847 2518 2703 2151 2941 
10848 1495 1577 601 2219 
10849 1380 2585 2044 2927 
10850 2203 2573 1923 2595 
10851 476 1767 2306 2495 
10852 751 2506 2148 2716 
10853 1901 2584 2190 2658 
10854 914 2340 195 2385 
10855 1134 2313 1132 2854 
10856 1226 1573 2213 2807 
10857 1934 2381 2014 2453 
10858 2214 2879 2045 2916 
10859 1420 1418 914 2172 
10860 1695 872 503 2612 
10861 1431 2068 2719 2891 
10862 1006 1706 174 2640 
10863 110 112 2820 2864 
10864 1349 2405 946 2854 
10865 296 2435 2136 2775 
10866 1617 2271 2187 2913 
10867 325 1666 1667 2550 
10868 2459 2526 2334 2792 
10869 1843 2272 2670 2878 
10870 1006 1153 739 2453 
10871 712 318 713 2207 
10872 749 2333 1087 2667 
10873 2146 2429 1932 2645 
10874 1999 2725 2185 2920 
10875 1070 280 1069 2868 
10876 1203 2260 1622 2681 
10877 909 2415 908 2938 
10878 297 296 295 2136 
10879 2134 2779 974 2868 
10880 1229 1784 1800 2128 
10881 1197 1198 1067 2649 
10882 1916 2314 2597 2726 
10883 915 2172 1418 2801 
10884 1952 2588 2219 2832 
10885 837 835 862 2674 
10886 621 1036 97 2102 
10887 597 2237 596 2430 
10888 2358 2817 2019 2828 
10889 295 296 729 2136 
10890 1740 1133 723 2450 
10891 1881 2380 2029 2783 
10892 348 349 2403 2830 
10893 829 2290 1770 2630 
10894 2158 2531 452 2911 
10895 1133 2313 212 2450 
10896 2129 2593 2131 2654 
10897 1505 2157 1353 2732 
10898 1920 2113 2212 2769 
10899 285 291 2394 2798 
10900 1192 2245 684 2844 
10901 2042 2796 1834 2897 
10902 477 2472 1423 2775 
10903 2219 2628 2002 2832 
10904 336 1040 1039 2293 
10905 778 2477 983 2569 
10906 1244 1330 1331 2690 
10907 1908 2587 2264 2612 
10908 579 2331 1478 2803 
10909 169 1583 139 2438 
10910 396 887 857 999 
10911 304 1302 2062 2761 
10912 2257 1891 2469 2823 
10913 2028 1979 2578 2757 
10914 2110 2581 1684 2766 
10915 9 1347 2426 2830 
10916 1044 2291 1409 2960 
10917 2335 2017 2526 2873 
10918 1387 1366 1749 2463 
10919 118 515 533 2090 
10920 1839 2295 2571 2693 
10921 996 1467 205 2642 
10922 1628 2400 1448 2496 
10923 1284 1595 1326 2211 
10924 972 997 839 2327 
10925 2000 2386 2131 2665 
10926 1971 2467 2060 2507 
10927 1561 1656 1209 2133 
10928 2088 2622 2360 2712 
10929 1968 2335 2140 2828 
10930 1453 1553 330 2383 
10931 1896 2423 2129 2580 
10932 1888 2055 2457 2870 
10933 1924 2545 2168 2631 
10934 280 1517 1069 2901 
10935 2162 1876 2287 2688 
10936 1115 2582 1114 2856 
10937 1939 2511 2286 2639 
10938 1753 2624 2360 2864 
10939 592 538 2234 2619 
10940 2122 1918 2544 2673 
10941 1026 1165 1168 2491 
10942 1885 2562 2320 2812 
10943 770 2747 2402 2749 
10944 2444 2544 2145 2905 
10945 2356 2663 553 2934 
10946 1423 2309 704 2775 
10947 10 2582 527 2957 
10948 937 2517 1150 2650 
10949 1859 2194 2113 2910 
10950 1174 393 394 2523 
10951 2166 2253 1877 2880 
10952 1947 2553 2208 2625 
10953 2055 2123 2723 2804 
10954 1890 2409 2198 2701 
10955 1827 1722 1175 2290 
10956 2198 2409 2089 2701 
10957 1241 2291 802 2579 
10958 408 847 130 775 
10959 1698 1155 1714 2442 
10960 510 748 2217 2944 
10961 2185 2725 2147 2920 
10962 1833 1795 2198 2794 
10963 264 263 2545 2965 
10964 1866 2213 2115 2807 
10965 1662 1568 1079 2780 
10966 1909 2055 2540 2746 
10967 237 2477 778 2569 
10968 2808 2874 1171 2972 
10969 1762 1616 1752 2417 
10970 2034 2427 1913 2636 
10971 1376 722 1061 2283 
10972 610 200 611 2147 
10973 1524 1755 2283 2695 
10974 1918 2323 2083 2555 
10975 1082 2371 2631 2965 
10976 2360 2622 1894 2712 
10977 1728 38 39 2290 
10978 334 335 1526 2387 
10979 1361 2138 1146 2843 
10980 1750 1832 1543 2296 
10981 1891 2271 2823 2840 
10982 238 938 799 2100 
10983 2065 2616 1920 2662 
10984 886 884 1793 2061 
10985 157 125 124 156 
10986 1844 2124 2512 2948 
10987 2079 1970 2629 2819 
10988 2235 2799 2101 2831 
10989 1203 2260 1202 2756 
10990 579 249 2331 2803 
10991 1885 2195 2487 2501 
10992 1841 2419 2510 2951 
10993 1928 2052 2412 2683 
10994 568 2683 2324 2909 
10995 2064 2353 1916 2726 
10996 1845 2305 2242 2494 
10997 2186 2812 2121 2888 
10998 212 1236 211 2313 
10999 181 179 2180 2968 
11000 264 2545 2247 2965 
11001 968 872 1469 2115 
11002 128 1080 2065 2945 
11003 652 2334 88 2467 
11004 1013 552 1354 2934 
11005 1518 1203 1622 2681 
11006 926 1411 197 2696 
11007 1392 1519 1456 2265 
11008 771 1287 1613 2656 
11009 677 648 586 2456 
11010 1237 1387 1749 2463 
11011 1550 1631 1784 2128 
11012 2628 2698 1950 2969 
11013 2007 2793 1938 2816 
11014 1755 2283 2695 2787 
11015 1400 2301 1368 2894 
11016 808 809 1353 2157 
11017 862 1441 1440 2520 
11018 29 361 202 2486 
11019 1972 2431 2382 2973 
11020 1902 2252 2200 2863 
11021 2057 1915 2708 2802 
11022 165 2396 1823 2824 
11023 299 2111 300 2947 
11024 2074 2454 1951 2809 
11025 890 261 2472 2561 
11026 835 911 1637 2289 
11027 1316 2461 627 2600 
11028 2098 1883 2302 2543 
11029 2134 2391 1982 2868 
11030 1871 2323 2151 2455 
11031 237 172 2477 2569 
11032 598 2430 780 2497 
11033 505 2194 590 2471 
11034 1001 156 1021 1023 
11035 1922 2479 2220 2816 
11036 1457 1816 888 2810 
11037 501 2609 500 2742 
11038 279 2400 2150 2779 
11039 584 2248 585 2428 
11040 1594 1820 1812 2550 
11041 1874 2599 2067 2646 
11042 1315 1826 1445 2181 
11043 1835 1718 2415 2653 
11044 1974 2389 2105 2881 
11045 1921 2516 2158 2668 
11046 1508 1689 1460 2266 
11047 2157 2415 1929 2732 
11048 1724 546 1077 2796 
11049 345 1167 1665 2538 
11050 51 921 1148 2267 
11051 1876 2215 2576 2688 
11052 1919 2035 2438 2848 
11053 617 2223 707 2680 
11054 770 2402 206 2749 
11055 1350 2347 1351 2595 
11056 700 924 1032 2485 
11057 1918 2323 2145 2905 
11058 513 2314 852 2352 
11059 187 224 186 2436 
11060 2132 1842 2322 2707 
11061 1779 2747 2332 2971 
11062 2097 2246 1893 2552 
11063 1335 1036 621 2102 
11064 440 2080 1328 2584 
11065 2251 2699 1945 2711 
11066 1978 2433 2316 2947 
11067 2472 2561 260 2861 
11068 634 2336 736 2740 
11069 1398 279 1513 2400 
11070 2192 2471 1949 2815 
11071 1495 1081 1577 2219 
11072 201 2543 1364 2696 
11073 50 2227 201 2543 
11074 119 313 781 2497 
11075 635 2356 2336 2740 
11076 216 673 218 2736 
11077 1979 2272 2498 2670 
11078 1950 2219 2155 2892 
11079 1167 2434 1665 2538 
11080 2262 2542 1647 2678 
11081 832 1715 2135 2620 
11082 588 2685 2369 2892 
11083 1569 2345 1635 2912 
11084 1993 2646 2231 2893 
11085 1995 2442 2139 2492 
11086 1952 2577 2206 2969 
11087 1115 445 1255 2582 
11088 1893 2246 2097 2890 
11089 1086 558 15 2278 
11090 1269 588 1268 2892 
11091 295 2136 729 2930 
11092 1778 2082 1796 2810 
11093 2458 2660 2177 2759 
11094 873 689 690 2421 
11095 2312 2505 2161 2783 
11096 2176 2206 1979 2498 
11097 1962 2803 2146 2885 
11098 1078 594 2234 2814 
11099 1333 1759 1562 2210 
11100 2148 2485 753 2716 
11101 1755 1377 2283 2787 
11102 17 2164 16 2702 
11103 222 2486 2331 2924 
11104 377 2079 292 2853 
11105 387 1782 389 2346 
11106 1886 2282 2131 2593 
11107 347 2149 346 2805 
11108 2226 2500 2407 2659 
11109 882 2591 2076 2790 
11110 140 1085 1111 2874 
11111 2167 2446 1858 2970 
11112 1905 2492 2245 2940 
11113 1677 1678 2232 2858 
11114 702 2203 1341 2595 
11115 1857 2342 2154 2627 
11116 85 378 84 2418 
11117 2199 2524 1975 2556 
11118 1256 1430 1257 2774 
11119 2008 2525 2098 2936 
11120 1952 2588 2271 2710 
11121 2067 2666 2599 2819 
11122 1346 1756 1692 2385 
11123 1829 1729 411 2827 
11124 1616 1618 1617 2913 
11125 383 1126 2321 2846 
11126 2312 2572 1983 2662 
11127 640 2198 642 2409 
11128 582 2189 2250 2964 
11129 744 2308 849 2547 
11130 1660 2483 2123 2893 
11131 2373 2554 1913 2709 
11132 1884 2315 2237 2430 
11133 554 635 685 2740 
11134 1384 1383 2110 2851 
11135 557 320 937 2650 
11136 832 2620 2638 2958 
11137 1878 2799 2235 2831 
11138 694 1481 2631 2949 
11139 1145 815 1604 2085 
11140 1014 2934 2663 2959 
11141 1240 2488 2080 2584 
11142 2277 2542 607 2895 
11143 1842 2116 2322 2707 
11144 757 758 2257 2469 
11145 1952 2832 2263 2913 
11146 2071 1933 2535 2954 
11147 1217 1026 1168 2491 
11148 1918 2673 2122 2776 
11149 1918 2145 2544 2905 
11150 975 2134 974 2868 
11151 682 624 922 2444 
11152 497 2360 1753 2624 
11153 1555 1556 1415 2767 
11154 2027 1935 2524 2615 
11155 328 327 329 2406 
11156 1861 2132 2297 2940 
11157 684 569 622 2683 
11158 1806 242 243 2856 
11159 2524 2533 1935 2539 
11160 1751 1745 1725 2296 
11161 2137 2710 2670 2840 
11162 1042 1043 83 2232 
11163 1834 1591 548 2513 
11164 584 2248 2428 2717 
11165 1586 2263 1762 2762 
11166 197 198 927 2936 
11167 1970 2394 2079 2853 
11168 1554 571 336 2053 
11169 2095 1368 2777 2894 
11170 288 1437 290 2451 
11171 2137 1892 2714 2728 
11172 2156 2419 1919 2848 
11173 1419 1663 1612 2315 
11174 2327 2441 1874 2855 
11175 1560 1209 907 2626 
11176 1779 2332 184 2971 
11177 1447 1748 2281 2907 
11178 1972 2336 2210 2566 
11179 1138 2602 2126 2978 
11180 1961 2516 2447 2668 
11181 1293 2390 1037 2596 
11182 1363 866 1404 2889 
11183 1348 1677 1678 2232 
11184 2108 1914 2294 2691 
11185 1633 1585 1825 2536 
11186 1930 2301 2095 2777 
11187 1875 2359 2036 2643 
11188 1828 1799 1671 2145 
11189 1144 1143 750 2761 
11190 56 2285 2244 2956 
11191 1495 2281 727 2588 
11192 1989 2674 2144 2955 
11193 1408 376 2611 2853 
11194 1414 1413 1412 2967 
11195 1978 2657 2316 2952 
11196 56 54 191 2244 
11197 1754 1015 1654 2963 
11198 1354 1018 1121 2162 
11199 1000 156 1021 1001 
11200 2139 2442 1995 2940 
11201 149 2405 724 2682 
11202 1844 2220 2479 2816 
11203 1972 2382 2200 2929 
11204 1804 2282 1769 2745 
11205 1582 2208 223 2843 
11206 392 2753 420 2822 
11207 1276 2360 2392 2864 
11208 220 558 559 2278 
11209 917 2619 878 2727 
11210 1610 142 1611 2317 
11211 1888 2457 2055 2507 
11212 499 745 369 2269 
11213 725 2159 436 2932 
11214 1060 352 40 2574 
11215 1386 2212 127 2633 
11216 160 212 211 2450 
11217 1920 2572 2312 2662 
11218 1049 493 1276 2360 
11219 210 2448 806 2953 
11220 1165 1166 1169 2340 
11221 1649 1695 503 2612 
11222 356 508 2535 2954 
11223 221 1073 1297 2063 
11224 1277 1276 493 2622 
11225 1246 2238 853 2352 
11226 1566 2690 2223 2765 
11227 141 1085 140 2438 
11228 531 530 529 2169 
11229 431 2682 1484 2932 
11230 1616 1617 796 2187 
11231 538 917 2102 2619 
11232 2627 2714 2154 2872 
11233 635 738 634 2336 
11234 2092 2044 2585 2927 
11235 1472 1474 1473 2339 
11236 2200 2382 1972 2431 
11237 2083 2455 1880 2887 
11238 2331 2803 1962 2885 
11239 954 1641 2325 2752 
11240 50 49 2227 2725 
11241 264 262 504 2247 
11242 492 43 1277 2392 
11243 1948 2626 2609 2656 
11244 1251 713 2207 2623 
11245 836 881 287 2850 
11246 794 1239 2488 2797 
11247 1814 1797 2222 2630 
11248 2232 2291 1994 2771 
11249 882 1442 2076 2877 
11250 2187 2271 1952 2913 
11251 1846 2376 2274 2629 
11252 1646 2287 1645 2688 
11253 2138 2048 2515 2843 
11254 1867 2076 2278 2848 
11255 2190 2488 1977 2949 
11256 287 286 285 2394 
11257 407 408 1786 2957 
11258 1133 1134 212 2313 
11259 549 2263 1586 2762 
11260 2287 2576 1645 2688 
11261 1396 1813 2294 2685 
11262 2351 2624 2004 2652 
11263 369 527 1313 2582 
11264 1971 2553 2019 2773 
11265 704 2435 1220 2775 
11266 408 764 1786 2957 
11267 1022 1680 465 763 
11268 1903 2305 2437 2920 
11269 1841 2510 2255 2951 
11270 1941 2624 2351 2652 
11271 264 262 2247 2545 
11272 1920 2312 2572 2769 
11273 2458 2621 1946 2660 
11274 1431 2068 1643 2719 
11275 1636 2196 984 2477 
11276 1875 2405 2313 2752 
11277 1046 1754 1655 2107 
11278 2069 2752 2313 2854 
11279 1376 1675 1377 2283 
11280 1051 606 1730 2529 
11281 1501 2647 229 2939 
11282 1400 1788 1368 2301 
11283 1107 649 602 2155 
11284 1900 2465 2768 2942 
11285 876 2560 875 2954 
11286 1167 1611 2434 2538 
11287 454 456 455 2254 
11288 1866 2213 2144 2838 
11289 352 40 2574 2896 
11290 2061 2729 2318 2886 
11291 1409 2291 1241 2960 
11292 832 1020 1757 2620 
11293 836 835 837 2289 
11294 412 116 1471 2239 
11295 296 2136 297 2705 
11296 937 321 2517 2650 
11297 1121 2162 1018 2688 
11298 1915 2051 2532 2708 
11299 2145 2323 1871 2905 
11300 177 2286 178 2639 
11301 1480 1802 1796 2810 
11302 955 2347 1352 2847 
11303 1719 861 726 2902 
11304 322 2264 1649 2546 
11305 2203 1341 2595 2925 
11306 540 260 2561 2861 
11307 900 974 975 2134 
11308 848 132 2558 2975 
11309 1020 1103 1102 2462 
11310 1429 435 253 2193 
11311 1621 1783 1782 2346 
11312 407 764 408 2957 
11313 1943 2260 2345 2756 
11314 1672 1828 2145 2827 
11315 2073 2608 2344 2859 
11316 947 1132 1349 2854 
11317 2015 2407 2226 2500 
11318 2194 2471 2113 2910 
11319 770 206 2747 2749 
11320 711 709 856 2603 
11321 1484 725 436 2932 
11322 1630 2631 263 2965 
11323 2301 2354 1938 2445 
11324 1901 2436 2432 2529 
11325 1766 2158 452 2911 
11326 59 356 875 2954 
11327 1127 1713 2143 2580 
11328 487 2389 2587 2961 
11329 1860 2380 2689 2709 
11330 833 759 1030 2469 
11331 2109 2541 1903 2705 
11332 652 651 650 2277 
11333 1890 2191 2671 2886 
11334 2223 2690 1943 2765 
11335 1907 2686 2317 2724 
11336 1244 2690 1566 2765 
11337 1239 781 780 2497 
11338 734 925 733 2628 
11339 594 1210 2141 2814 
11340 2482 2506 2157 2739 
11341 1937 2059 2443 2623 
11342 1791 1420 1088 2283 
11343 1833 1478 579 2331 
11344 2095 2463 1963 2643 
11345 554 553 2356 2663 
11346 831 998 830 2718 
11347 2082 2431 1902 2548 
11348 2161 2454 1951 2935 
11349 321 1150 937 2517 
11350 1941 2351 2624 2950 
11351 1073 2639 2063 2722 
11352 1139 929 945 2600 
11353 2123 1906 2335 2906 
11354 1895 2370 2100 2569 
11355 1006 174 2215 2640 
11356 1889 2332 2265 2464 
11357 2054 1634 2656 2801 
11358 748 867 510 2217 
11359 1962 2146 2645 2885 
11360 1955 2204 2126 2789 
11361 2099 1912 2675 2747 
11362 874 1117 2188 2909 
11363 2047 2352 1877 2863 
11364 410 2413 2065 2945 
11365 1236 1237 211 2313 
11366 2158 2516 1961 2668 
11367 836 837 883 2877 
11368 1201 1550 1784 2128 
11369 602 601 600 2892 
11370 2271 2588 1952 2913 
11371 1950 2155 2219 2577 
11372 1470 1281 1471 2762 
11373 2001 2358 2140 2828 
11374 1323 2164 1188 2967 
11375 2273 2328 2118 2635 
11376 1224 1668 1526 2355 
11377 2044 2585 1380 2811 
11378 1336 2366 1390 2746 
11379 845 1441 844 2489 
11380 205 456 702 2375 
11381 199 1836 787 2725 
11382 1546 1671 1799 2145 
11383 1415 2066 1332 2677 
11384 1903 2242 2136 2541 
11385 337 1673 1763 2384 
11386 50 1364 201 2227 
11387 2271 2588 1973 2710 
11388 2055 1909 2540 2792 
11389 1195 1545 472 2202 
11390 628 850 1008 2199 
11391 2002 2628 2219 2969 
11392 1375 901 975 2649 
11393 1205 2341 2593 2962 
11394 40 1044 42 2049 
11395 735 732 2357 2717 
11396 556 2650 1537 2692 
11397 1469 1541 1600 2618 
11398 1701 1702 1361 2678 
11399 109 1134 1132 2854 
11400 701 1494 1830 2320 
11401 1912 2114 2559 2648 
11402 670 573 671 2192 
11403 1055 1056 1527 2468 
11404 118 653 515 2090 
11405 1360 885 1571 2209 
11406 2004 2624 2351 2820 
11407 936 1485 2625 2773 
11408 1827 932 930 2290 
11409 1376 2283 1377 2787 
11410 1385 1818 1343 2720 
11411 2089 2803 2331 2885 
11412 324 2724 325 2811 
11413 1160 987 1159 2585 
11414 832 2620 2135 2638 
11415 1917 2473 2068 2536 
11416 2095 2777 2301 2894 
11417 2291 2736 2049 2896 
11418 1847 2604 2800 2969 
11419 694 1481 1082 2631 
11420 1863 2382 2200 2425 
11421 1949 2380 2087 2689 
11422 1703 1704 1503 2127 
11423 808 2581 807 2851 
11424 275 2146 2528 2898 
11425 475 2306 1767 2495 
11426 360 182 271 2812 
11427 1872 2243 2136 2541 
11428 2260 2568 2233 2889 
11429 1411 318 98 2207 
11430 1036 103 101 2395 
11431 974 2134 900 2779 
11432 1661 1547 654 2476 
11433 762 959 746 2847 
11434 2055 2540 1338 2870 
11435 1819 2089 2409 2764 
11436 50 2227 2543 2725 
11437 1669 2153 1615 2642 
11438 2499 2835 2127 2970 
11439 1927 2611 2292 2770 
11440 1897 2512 2124 2948 
11441 971 2976 1614 2978 
11442 1958 2437 2284 2541 
11443 1937 2443 2164 2967 
11444 2009 2404 2251 2741 
11445 819 2485 2188 2909 
11446 1938 2793 2538 2816 
11447 2245 2492 1995 2940 
11448 2471 2769 2113 2910 
11449 1821 812 458 2113 
11450 2345 2677 1925 2912 
11451 965 223 1582 2208 
11452 1917 2132 2322 2707 
11453 1760 2212 1386 2633 
11454 458 18 2113 2702 
11455 1093 1091 1401 2441 
11456 2096 2373 2041 2398 
11457 1269 2685 588 2892 
11458 753 821 819 2485 
11459 1525 1524 905 2733 
11460 2135 2638 2620 2958 
11461 252 2466 251 2661 
11462 1734 832 1715 2135 
11463 2238 2606 2252 2704 
11464 2270 2573 2103 2880 
11465 1889 2414 2173 2648 
11466 2026 2546 2247 2904 
11467 1006 2215 1153 2453 
11468 1949 2087 2769 2910 
11469 1248 1002 2665 2918 
11470 1477 2306 1572 2946 
11471 2351 2383 1994 2579 
11472 2052 2324 2275 2980 
11473 677 427 676 2226 
11474 1991 2509 2765 2937 
11475 2245 1995 2738 2940 
11476 2066 2690 1943 2756 
11477 243 244 1597 2856 
11478 1835 1718 908 2415 
11479 2045 1929 2501 2653 
11480 1961 2357 2668 2698 
11481 1684 1394 2110 2766 
11482 505 993 590 2194 
11483 390 664 2175 2632 
11484 1261 1316 940 2461 
11485 1296 2441 911 2850 
11486 1886 2282 2593 2962 
11487 1205 2593 1232 2962 
11488 148 362 45 2395 
11489 279 1398 1439 2150 
11490 190 6 189 2333 
11491 1848 2504 2177 2537 
11492 165 166 1823 2396 
11493 777 983 1831 2569 
11494 2079 2629 1970 2853 
11495 1441 1106 1140 2144 
11496 2277 2734 2010 2895 
11497 870 2377 869 2620 
11498 1373 2499 2205 2882 
11499 1243 2163 2669 2765 
11500 2264 2612 2115 2838 
11501 1859 2769 2087 2910 
11502 1579 2261 1154 2475 
11503 2061 2480 2318 2729 
11504 2248 2389 585 2428 
11505 1470 1471 1548 2239 
11506 509 2527 2104 2903 
11507 1322 540 541 2561 
11508 1823 1341 2203 2925 
11509 1223 2341 1789 2962 
11510 1971 2060 2467 2862 
11511 2198 2461 2368 2886 
11512 877 2490 2142 2954 
11513 494 441 1063 2658 
11514 2004 2864 2820 2968 
11515 2093 2601 2427 2831 
11516 1374 401 402 2499 
11517 2054 2656 2626 2733 
11518 184 2559 2332 2747 
11519 2313 2752 2405 2854 
11520 1326 2211 1595 2753 
11521 952 1214 1438 2758 
11522 2059 1937 2570 2623 
11523 1923 2697 2347 2860 
11524 1531 55 1550 2285 
11525 1669 1005 1615 2153 
11526 985 488 2197 2915 
11527 1635 2345 2170 2912 
11528 347 344 346 2149 
11529 2115 2213 1866 2838 
11530 1306 1433 459 2180 
11531 1951 2809 2288 2887 
11532 1969 2307 2304 2327 
11533 2136 2242 1872 2541 
11534 2100 2370 2042 2926 
11535 221 2421 689 2722 
11536 403 12 527 2856 
11537 2196 2477 2043 2933 
11538 1291 1746 1765 2508 
11539 1070 2779 280 2868 
11540 987 1163 986 2092 
11541 2332 2747 2099 2971 
11542 2109 1903 2472 2705 
11543 2024 2288 2253 2871 
11544 183 24 526 2883 
11545 91 1519 185 2265 
11546 1932 2279 2146 2645 
11547 2421 2632 2165 2735 
11548 2177 2504 2016 2537 
11549 992 2561 2194 2899 
11550 1988 2568 2260 2713 
11551 907 2626 906 2733 
11552 1469 1600 34 2115 
11553 596 1612 779 2430 
11554 2244 2480 2061 2729 
11555 1147 1685 275 2146 
11556 2455 2567 2151 2738 
11557 1221 159 1367 2240 
11558 2002 2698 2628 2969 
11559 778 237 172 2477 
11560 1877 2563 2253 2606 
11561 42 41 40 2049 
11562 1957 2346 2617 2802 
11563 511 180 2365 2968 
11564 1890 2358 2089 2701 
11565 909 2112 2415 2938 
11566 815 2085 1145 2947 
11567 1651 846 1636 2592 
11568 179 1452 1204 2351 
11569 14 376 882 2591 
11570 549 1586 1587 2762 
11571 1929 2506 2157 2732 
11572 1988 2736 2291 2896 
11573 764 407 466 2957 
11574 1877 2253 2166 2606 
11575 1166 1180 1169 2340 
11576 151 150 2405 2752 
11577 327 2119 392 2822 
11578 2051 2740 2171 2929 
11579 1757 1020 1102 2130 
11580 1843 2276 2137 2670 
11581 1144 1152 2365 2944 
11582 1571 1119 2209 2791 
11583 2578 2757 1979 2890 
11584 593 879 592 2619 
11585 340 341 895 2252 
11586 1243 2163 216 2669 
11587 909 908 910 2938 
11588 1455 349 868 2403 
11589 445 1254 1255 2363 
11590 312 1384 1383 2110 
11591 1750 1543 1745 2296 
11592 133 2395 46 2596 
11593 1166 1179 1180 2340 
11594 24 419 526 2183 
11595 743 236 744 2607 
11596 1238 908 2121 2888 
11597 622 484 485 2303 
11598 241 240 239 2602 
11599 1876 2215 2475 2576 
11600 773 2141 1210 2814 
11601 1394 587 2294 2766 
11602 1996 2415 2112 2938 
11603 1915 2427 2362 2708 
11604 533 1542 1543 2367 
11605 1738 2141 1678 2858 
11606 1940 2487 2852 2878 
11607 1761 2222 854 2630 
11608 584 583 585 2248 
11609 1936 2257 2276 2914 
11610 874 1117 820 2188 
11611 9 2830 2426 2953 
11612 2427 2636 2034 2708 
11613 1929 2157 2506 2739 
11614 1845 2494 2359 2556 
11615 2263 2417 1921 2604 
11616 776 2558 131 2975 
11617 310 2205 308 2483 
11618 2070 2606 1955 2704 
11619 757 2257 415 2651 
11620 1235 1048 401 2499 
11621 2247 2545 1924 2965 
11622 1616 1764 2417 2900 
11623 2305 2533 1931 2556 
11624 1281 2551 1471 2762 
11625 1482 1481 920 2216 
11626 1104 2292 78 2379 
11627 835 2441 1637 2674 
11628 193 194 902 2340 
11629 1771 834 2522 2963 
11630 835 2289 2441 2674 
11631 11 466 407 2957 
11632 2363 2558 958 2755 
11633 511 2365 2903 2968 
11634 1036 1037 97 2596 
11635 1430 1431 2719 2891 
11636 2729 2730 2244 2939 
11637 769 1779 1193 2099 
11638 2066 2411 1416 2690 
11639 1333 1562 1365 2210 
11640 1897 2785 2399 2948 
11641 1019 175 2215 2688 
11642 1278 81 2290 2630 
11643 1899 2470 2118 2635 
11644 2150 2552 2012 2876 
11645 627 2600 2461 2794 
11646 442 440 1329 2584 
11647 992 991 2194 2561 
11648 1291 2411 1416 2767 
11649 2244 2285 1873 2956 
11650 448 2219 1577 2832 
11651 661 222 2331 2924 
11652 1897 2124 2785 2948 
11653 1890 2089 2409 2701 
11654 847 131 130 775 
11655 1330 1332 1331 2690 
11656 2092 2514 1922 2799 
11657 537 2102 917 2727 
11658 711 2603 856 2754 
11659 523 382 524 2530 
11660 1906 2646 2140 2906 
11661 483 1466 1615 2642 
11662 485 2303 21 2844 
11663 2634 2824 165 2971 
11664 589 507 590 2471 
11665 267 2547 849 2615 
11666 93 762 2171 2847 
11667 264 2247 502 2965 
11668 1404 2233 865 2568 
11669 2206 2577 1952 2710 
11670 1241 2232 1348 2960 
11671 1741 1717 1743 2084 
11672 1947 2318 2061 2917 
11673 1901 2249 2436 2529 
11674 1897 2124 2512 2785 
11675 1995 2567 2738 2940 
11676 1883 2098 2795 2834 
11677 1940 2852 2728 2878 
11678 764 763 765 2957 
11679 1860 2613 2101 2788 
11680 777 1831 1715 2569 
11681 2348 2570 2059 2662 
11682 622 2683 2303 2844 
11683 1916 2563 2064 2597 
11684 1805 1350 2595 2925 
11685 23 1493 2298 2562 
11686 1067 66 2393 2610 
11687 1878 2448 2258 2927 
11688 1030 2469 757 2651 
11689 2184 2380 2029 2504 
11690 654 514 653 2090 
11691 2274 2376 1927 2629 
11692 234 2308 236 2607 
11693 1834 2513 548 2796 
11694 2167 2459 1909 2526 
11695 1954 2503 2091 2785 
11696 1918 2555 2083 2776 
11697 1446 1447 2281 2907 
11698 941 787 1836 2833 
11699 297 2243 632 2705 
11700 1545 472 2202 2961 
11701 1474 1796 1562 2388 
11702 1946 2177 2660 2826 
11703 1873 2216 2128 2760 
11704 1779 2099 2747 2971 
11705 226 2250 563 2964 
11706 1867 2421 2165 2735 
11707 549 2531 2263 2762 
11708 874 820 1174 2188 
11709 1344 1345 1698 2442 
11710 1901 2584 2432 2687 
11711 602 649 1446 2155 
11712 1255 956 2582 2755 
11713 1852 2404 2353 2726 
11714 235 532 817 2607 
11715 1353 1161 752 2506 
11716 1888 2507 2055 2792 
11717 1779 2099 769 2747 
11718 1316 2511 2461 2600 
11719 1687 2355 2314 2923 
11720 1453 2351 1451 2652 
11721 485 622 2303 2844 
11722 2501 2653 2121 2812 
11723 2434 2514 1665 2805 
11724 563 2250 226 2784 
11725 1194 2634 165 2971 
11726 185 2332 2265 2971 
11727 2071 508 2535 2976 
11728 1522 1463 2448 2927 
11729 2102 2619 917 2727 
11730 1624 1625 1726 2290 
11731 759 833 828 2638 
11732 1373 2205 310 2882 
11733 1886 2408 2131 2502 
11734 1923 2396 2346 2617 
11735 568 700 1032 2909 
11736 19 20 1552 2229 
11737 2354 2445 2301 2930 
11738 727 2281 1747 2588 
11739 1275 1497 1489 2446 
11740 1376 722 2283 2787 
11741 1181 1346 1675 2385 
11742 1416 2411 2066 2767 
11743 75 2381 277 2894 
11744 1276 2360 493 2622 
11745 911 2441 2289 2850 
11746 816 2637 2535 2976 
11747 1914 2294 2110 2664 
11748 22 24 2298 2692 
11749 234 236 235 2607 
11750 594 1210 825 2141 
11751 1940 2342 2728 2852 
11752 642 1795 1263 2198 
11753 1886 2593 2341 2962 
11754 2225 2332 1889 2464 
11755 971 2637 2976 2978 
11756 1009 1083 867 2898 
11757 1122 1343 2564 2720 
11758 2355 2387 2018 2726 
11759 1360 1794 884 2676 
11760 246 1389 2169 2667 
11761 592 538 594 2234 
11762 1976 2537 2265 2634 
11763 1396 1394 587 2294 
11764 440 1240 1328 2080 
11765 2101 2427 1913 2743 
11766 1878 2235 2601 2831 
11767 1908 2587 2202 2972 
11768 1628 1397 2400 2496 
11769 1719 2330 2565 2902 
11770 1918 2378 2323 2555 
11771 1309 2491 1025 2975 
11772 2509 2574 2163 2896 
11773 2186 2806 271 2888 
11774 1916 2597 2064 2726 
11775 110 112 111 2820 
11776 1247 1246 853 2352 
11777 1503 2366 1336 2746 
11778 1882 2292 2379 2869 
11779 832 2135 1734 2638 
11780 530 361 2486 2770 
11781 1821 458 18 2113 
11782 1968 2358 2089 2764 
11783 660 89 2225 2464 
11784 1011 676 428 2500 
11785 2166 1877 2606 2863 
11786 868 810 1054 2117 
11787 2082 2431 2210 2973 
11788 271 2186 272 2806 
11789 1949 2689 2087 2910 
11790 1677 1027 491 2232 
11791 485 21 19 2844 
11792 1469 1674 1541 2612 
11793 2035 2848 2419 2857 
11794 1939 2511 2461 2730 
11795 1759 1690 1473 2979 
11796 1883 2147 2302 2543 
11797 1113 2874 1151 2921 
11798 201 2543 199 2725 
11799 633 736 1303 2763 
11800 158 1220 704 2435 
11801 1901 2436 2048 2687 
11802 1701 2300 1407 2678 
11803 2228 2652 2104 2974 
11804 625 2444 626 2544 
11805 992 889 991 2561 
11806 2205 2483 310 2882 
11807 2121 1885 2501 2812 
11808 2132 1905 2297 2940 
11809 674 586 587 2369 
11810 66 1197 1067 2393 
11811 1986 2604 2417 2900 
11812 259 2472 260 2861 
11813 859 860 2686 2724 
11814 2027 2589 2241 2672 
11815 1396 1813 1395 2294 
11816 1884 2300 2310 2687 
11817 1251 713 1411 2207 
11818 390 663 664 2632 
11819 344 2149 347 2977 
11820 2505 2621 2161 2660 
11821 536 2334 1101 2459 
11822 1205 1232 1789 2962 
11823 1841 2419 2480 2510 
11824 1846 2140 2429 2666 
11825 977 2277 607 2895 
11826 2146 2279 1932 2898 
11827 1761 1540 1565 2222 
11828 1481 2216 1482 2631 
11829 1270 925 734 2628 
11830 2089 2331 2198 2701 
11831 2257 2530 2037 2823 
11832 2197 2594 1894 2622 
11833 657 583 695 2105 
11834 1610 860 2317 2686 
11835 1943 2765 2509 2937 
11836 2199 1935 2524 2533 
11837 347 1721 2786 2805 
11838 632 2243 1790 2705 
11839 1890 2198 2368 2886 
11840 1858 2361 2088 2712 
11841 59 2311 57 2521 
11842 409 2413 319 2827 
11843 134 241 740 2473 
11844 1696 2168 231 2956 
11845 469 2432 470 2658 
11846 1299 2094 138 2966 
11847 1907 2479 2256 2839 
11848 2324 2683 568 2980 
11849 2 1371 135 2452 
11850 2288 2809 2253 2871 
11851 1913 2329 2554 2636 
11852 1384 2110 312 2664 
11853 1235 1382 1639 2397 
11854 746 2532 747 2663 
11855 960 2267 1148 2694 
11856 2286 2511 1939 2730 
11857 875 58 59 2560 
11858 2083 2372 1880 2673 
11859 846 984 1636 2196 
11860 2073 2703 2518 2941 
11861 2065 2616 2059 2780 
11862 1564 2950 2094 2966 
11863 627 1316 1261 2461 
11864 1475 1346 1179 2385 
11865 1243 878 216 2163 
11866 737 2503 2336 2750 
11867 1261 1262 627 2794 
11868 1851 2074 2614 2809 
11869 2076 2438 2278 2848 
11870 2074 2424 2295 2908 
11871 896 2754 528 2856 
11872 441 2584 1063 2658 
11873 325 2724 2550 2811 
11874 1718 2653 1830 2812 
11875 1907 2235 2479 2839 
11876 475 1767 1700 2495 
11877 1274 315 893 2228 
11878 1875 2463 2240 2643 
11879 177 178 1811 2639 
11880 1836 200 610 2147 
11881 1713 1127 2143 2846 
11882 723 384 725 2159 
11883 1310 2271 1312 2823 
11884 2187 2417 2604 2900 
11885 1051 470 606 2529 
11886 1747 2281 1748 2902 
11887 1124 802 1409 2291 
11888 1890 2368 2318 2886 
11889 2196 2107 2875 2933 
11890 1538 457 458 2702 
11891 2435 2777 729 2930 
11892 769 1193 1775 2099 
11893 801 1124 1125 2568 
11894 1946 2621 2505 2660 
11895 46 155 33 2596 
11896 2360 2624 2004 2864 
11897 1747 2588 2281 2902 
11898 125 124 126 398 
11899 2068 1917 2536 2711 
11900 1897 2162 2356 2750 
11901 259 665 1423 2861 
11902 674 1059 560 2938 
11903 2310 2584 2080 2687 
11904 1136 1323 1322 2899 
11905 964 2249 223 2449 
11906 1860 2184 2613 2744 
11907 1296 1092 1093 2441 
11908 2029 2177 2660 2759 
11909 2136 1903 2541 2705 
11910 1743 1773 1742 2475 
11911 176 636 2286 2730 
11912 537 538 917 2102 
11913 2021 2908 2179 2928 
11914 1360 1571 1119 2209 
11915 514 515 653 2090 
11916 1000 124 156 1001 
11917 1962 2331 2486 2924 
11918 342 1369 344 2977 
11919 287 285 912 2394 
11920 505 506 812 2471 
11921 616 2681 1772 2756 
11922 565 329 1693 2406 
11923 1822 2934 1014 2959 
11924 1960 2144 2489 2838 
11925 1873 2480 2273 2917 
11926 1922 2149 2788 2805 
11927 2073 1840 2703 2941 
11928 1846 2599 2140 2666 
11929 811 2448 2117 2953 
11930 5 1483 529 2869 
11931 2066 2345 2260 2756 
11932 1757 1102 871 2130 
11933 1563 800 2624 2950 
11934 761 897 2603 2754 
11935 315 316 2228 2912 
11936 105 106 2292 2611 
11937 349 868 2403 2830 
11938 880 837 2520 2877 
11939 2067 2394 2666 2819 
11940 1697 1308 1696 2545 
11941 1284 1285 2211 2883 
11942 270 595 269 2915 
11943 2091 2503 1897 2785 
11944 1026 1477 1166 2340 
11945 252 435 434 2193 
11946 2204 2774 1256 2789 
11947 1314 2789 2126 2891 
11948 273 1497 1083 2898 
11949 1880 2372 2083 2887 
11950 2089 2146 2803 2885 
11951 2010 2694 2250 2734 
11952 670 2786 2192 2977 
11953 942 2700 438 2833 
11954 552 2750 2356 2934 
11955 1784 1631 1800 2128 
11956 1661 1046 1047 2476 
11957 2196 2476 2107 2933 
11958 2055 2723 1909 2792 
11959 1689 1508 1473 2339 
11960 1918 2455 2323 2905 
11961 356 2535 358 2954 
11962 1917 2040 2536 2711 
11963 2060 1909 2526 2723 
11964 2165 2611 1927 2632 
11965 264 1630 263 2965 
11966 1894 2527 2365 2903 
11967 1563 2624 2820 2950 
11968 1827 1175 1278 2290 
11969 670 343 2786 2977 
11970 2484 2524 1845 2556 
11971 1600 2115 2618 2807 
11972 510 2365 1152 2944 
11973 1098 1099 113 2858 
11974 540 259 260 2861 
11975 1955 2774 2204 2789 
11976 758 1509 757 2257 
11977 1240 780 1328 2080 
11978 930 1722 1827 2290 
11979 190 79 6 2333 
11980 1156 353 1202 2713 
11981 1876 2576 2287 2688 
11982 1092 1234 1544 2483 
11983 522 2181 1640 2637 
11984 110 2820 1753 2864 
11985 89 659 91 2464 
11986 1098 113 114 2858 
11987 1538 1386 1760 2212 
11988 1495 1747 727 2281 
11989 2037 2823 2271 2840 
11990 1443 1457 1432 2433 
11991 246 2169 245 2924 
11992 1536 1537 2114 2692 
11993 269 595 332 2915 
11994 616 1603 1772 2681 
11995 1876 2512 2256 2684 
11996 607 977 650 2277 
11997 1924 2371 2174 2965 
11998 1970 2850 2394 2853 
11999 1823 1341 1340 2203 
12000 191 886 638 2244 
12001 316 2821 2228 2912 
12002 50 201 199 2725 
12003 848 132 847 2558 
12004 1699 1700 2363 2755 
12005 982 981 257 2576 
12006 880 2520 2259 2877 
12007 182 360 2562 2812 
12008 945 1297 1073 2063 
12009 1372 2138 1361 2678 
12010 751 2506 1517 2901 
12011 2028 2800 2469 2914 
12012 988 1283 144 2514 
12013 1906 2429 2140 2666 
12014 1284 1285 1595 2211 
12015 1599 1509 1311 2823 
12016 332 303 27 2761 
12017 830 783 785 857 
12018 777 778 983 2569 
12019 1855 2505 2106 2776 
12020 1299 1305 138 2094 
12021 2022 2106 2505 2641 
12022 1557 1602 616 2411 
12023 214 1012 213 2401 
12024 1924 2545 2247 2904 
12025 1416 2066 1415 2767 
12026 1098 114 1043 2858 
12027 1931 2494 2305 2556 
12028 1975 2466 2484 2524 
12029 922 2444 624 2980 
12030 1292 2411 2223 2690 
12031 390 202 361 2175 
12032 1127 2580 2143 2846 
12033 1755 2695 1688 2787 
12034 138 137 136 2418 
12035 1373 309 310 2205 
12036 1701 1407 1702 2678 
12037 1948 2656 2609 2841 
12038 2276 2714 2137 2840 
12039 452 1766 1071 2158 
12040 664 1549 2421 2632 
12041 907 2054 2626 2733 
12042 599 461 459 2180 
12043 1903 2109 2437 2541 
12044 1855 2621 2505 2776 
12045 972 2327 2836 2955 
12046 1626 717 1568 2616 
12047 636 178 2286 2639 
12048 1577 2219 1081 2832 
12049 322 1649 307 2546 
12050 504 502 264 2247 
12051 176 638 2730 2939 
12052 1360 2209 1120 2676 
12053 1846 2645 2376 2819 
12054 1035 581 2189 2508 
12055 849 2547 2308 2615 
12056 1647 2542 1372 2678 
12057 187 1496 2436 2529 
12058 2327 2674 2441 2855 
12059 334 2387 2355 2923 
12060 584 2428 1724 2717 
12061 370 961 840 2481 
12062 1837 675 1684 2766 
12063 1778 2548 2082 2810 
12064 729 2435 1221 2777 
12065 1954 2339 2266 2979 
12066 2148 2506 1929 2716 
12067 2043 2477 2370 2933 
12068 1318 1430 1642 2719 
12069 10 527 12 2957 
12070 2089 2331 2701 2885 
12071 866 2835 2233 2889 
12072 1200 1321 1182 2337 
12073 1922 2434 2538 2805 
12074 1192 684 622 2844 
12075 1851 2657 2074 2809 
12076 2083 2555 1946 2621 
12077 1238 908 1718 2121 
12078 263 2168 1308 2545 
12079 492 985 488 2197 
12080 796 1764 1616 2900 
12081 1699 1465 1700 2755 
12082 2353 2608 2064 2703 
12083 338 1673 337 2641 
12084 412 2239 1471 2551 
12085 809 808 807 2851 
12086 2116 2322 2006 2715 
12087 1858 2446 2228 2970 
12088 2223 2765 1943 2937 
12089 754 755 385 2605 
12090 2653 2716 1929 2732 
12091 914 194 195 2340 
12092 1626 2616 1568 2780 
12093 1897 2399 2566 2948 
12094 1951 2454 2288 2809 
12095 1115 1114 242 2856 
12096 2152 2462 1893 2496 
12097 2122 2544 2299 2673 
12098 1901 2080 2584 2687 
12099 50 2543 201 2725 
12100 2214 2715 1862 2879 
12101 863 2616 645 2702 
12102 1404 866 865 2233 
12103 1620 2350 1606 2919 
12104 479 923 2716 2732 
12105 646 2443 1412 2967 
12106 1906 2361 2429 2666 
12107 42 41 2049 2960 
12108 748 749 898 2944 
12109 2288 2454 1904 2809 
12110 1858 2081 2499 2970 
12111 2040 2423 2251 2707 
12112 568 2683 569 2980 
12113 802 1241 1409 2291 
12114 2110 2058 2610 2851 
12115 1081 1495 727 2588 
12116 1976 2099 2644 2824 
12117 1238 2121 1718 2812 
12118 1859 2201 2572 2706 
12119 2184 2380 1860 2709 
12120 1489 534 1426 2446 
12121 1156 1202 1203 2713 
12122 499 1313 1402 2269 
12123 2067 2397 1906 2666 
12124 1354 1646 1018 2688 
12125 2013 2573 2595 2860 
12126 530 2169 531 2770 
12127 17 1188 16 2164 
12128 1856 2507 2060 2723 
12129 949 1097 1095 2349 
12130 651 607 2277 2542 
12131 632 297 631 2243 
12132 266 768 1723 2302 
12133 1094 1372 651 2542 
12134 1078 605 594 2814 
12135 1672 1828 1671 2145 
12136 73 134 740 2473 
12137 1612 596 1613 2315 
12138 1059 2112 1776 2938 
12139 392 2119 328 2918 
12140 2324 2683 1928 2909 
12141 1978 2316 2433 2952 
12142 1991 2765 2223 2937 
12143 2215 2564 1019 2688 
12144 870 697 869 2377 
12145 117 1471 116 2239 
12146 2083 1880 2455 2673 
12147 2179 2908 2074 2928 
12148 2110 2610 1384 2851 
12149 1269 734 990 2685 
12150 768 611 1723 2302 
12151 395 3 1 2452 
12152 2041 2373 2096 2743 
12153 239 372 2602 2891 
12154 253 252 251 2661 
12155 2272 2670 1979 2890 
12156 14 2591 882 2790 
12157 1982 2506 2482 2739 
12158 1062 1061 722 2283 
12159 1261 627 2461 2794 
12160 2405 2752 946 2854 
12161 1536 1537 418 2114 
12162 829 830 1052 1064 
12163 1733 2285 56 2956 
12164 1987 2249 2449 2549 
12165 1354 2688 2162 2934 
12166 149 724 431 2682 
12167 401 1374 1373 2499 
12168 703 705 2309 2605 
12169 1785 65 1769 2282 
12170 1941 2383 2351 2579 
12171 315 316 893 2228 
12172 2197 2594 1956 2798 
12173 2061 1939 2729 2886 
12174 187 188 1496 2529 
12175 1920 2212 2312 2769 
12176 65 64 63 2654 
12177 1635 2170 316 2912 
12178 1175 1064 1278 2630 
12179 2009 2741 2251 2829 
12180 1905 2738 2297 2940 
12181 347 2786 2149 2805 
12182 184 2332 1779 2747 
12183 204 2375 702 2595 
12184 1072 735 1071 2717 
12185 1833 2331 578 2794 
12186 894 2104 2652 2903 
12187 981 982 2475 2576 
12188 182 360 359 2562 
12189 552 2356 553 2934 
12190 1755 1688 1377 2787 
12191 337 1149 1040 2293 
12192 1225 849 2308 2615 
12193 639 215 1326 2753 
12194 2428 2717 1961 2796 
12195 1423 704 1424 2775 
12196 694 1082 519 2371 
12197 1981 2284 2422 2689 
12198 681 2588 680 2913 
12199 168 169 644 2230 
12200 614 214 414 2401 
12201 1401 2441 2327 2674 
12202 913 323 2221 2546 
12203 1937 2572 2201 2706 
12204 62 880 837 2520 
12205 2323 2378 1898 2555 
12206 71 1521 1250 2268 
12207 184 1744 2559 2747 
12208 1975 2524 2484 2556 
12209 611 927 1723 2302 
12210 1946 2621 2555 2776 
12211 702 454 1341 2203 
12212 760 1557 617 2411 
12213 1564 2094 1299 2966 
12214 32 2390 33 2596 
12215 1127 1585 1713 2580 
12216 1622 2681 2260 2756 
12217 449 601 1577 2219 
12218 526 2183 207 2883 
12219 1856 2140 2335 2828 
12220 1930 2354 2301 2930 
12221 47 363 95 2395 
12222 1720 2514 1721 2805 
12223 1742 2475 982 2576 
12224 1647 2262 609 2542 
12225 1980 2096 2398 2751 
12226 485 484 21 2303 
12227 409 1510 319 2413 
12228 674 560 2456 2938 
12229 1044 42 2049 2960 
12230 905 2733 2172 2946 
12231 1303 2431 1212 2763 
12232 294 2393 66 2721 
12233 416 234 298 2589 
12234 2083 2673 1918 2776 
12235 1856 2335 2140 2906 
12236 1622 1203 1202 2756 
12237 891 977 1295 2734 
12238 340 2252 895 2943 
12239 2093 2601 1957 2802 
12240 1803 120 370 2439 
12241 1402 2363 1700 2495 
12242 297 632 1790 2705 
12243 360 359 2562 2812 
12244 893 2228 316 2821 
12245 864 1538 1760 2633 
12246 2197 2392 1992 2915 
12247 1306 111 1433 2180 
12248 1238 2121 2812 2888 
12249 2010 2609 2133 2742 
12250 1466 329 565 2406 
12251 2082 2548 1978 2810 
12252 1914 2393 2610 2866 
12253 1357 2921 2202 2972 
12254 1048 400 401 2499 
12255 92 2763 447 2943 
12256 62 837 862 2520 
12257 862 1440 62 2520 
12258 355 1226 961 2460 
12259 730 1173 1174 2523 
12260 1017 1582 1146 2843 
12261 2034 2708 2636 2929 
12262 552 554 553 2356 
12263 789 2241 1480 2661 
12264 131 847 132 2558 
12265 2106 2555 1918 2776 
12266 1144 687 1143 2761 
12267 2131 2408 1911 2872 
12268 449 448 450 2628 
12269 913 2546 2221 2808 
12270 920 1481 694 2949 
12271 470 468 161 2432 
12272 1904 2288 2458 2660 
12273 327 392 420 2822 
12274 2154 2714 1911 2872 
12275 1858 2081 2970 2974 
12276 2350 2663 1967 2959 
12277 1559 958 1254 2363 
12278 1246 512 853 2238 
12279 1062 2283 1088 2385 
12280 1458 2548 1778 2810 
12281 877 100 876 2142 
12282 2169 2770 2292 2869 
12283 957 847 1786 2755 
12284 57 1589 1588 2311 
12285 1354 1646 2688 2934 
12286 1513 974 900 2779 
12287 131 2558 132 2975 
12288 582 1035 581 2189 
12289 545 303 332 2761 
12290 783 396 887 857 
12291 1805 1815 1350 2925 
12292 1929 2716 2506 2732 
12293 1428 1480 1472 2661 
12294 1868 2577 2206 2710 
12295 2250 2784 563 2964 
12296 2469 2800 1891 2914 
12297 2096 2034 2884 2948 
12298 1005 2153 1801 2745 
12299 1822 553 1014 2934 
12300 530 2486 662 2924 
12301 155 32 33 2596 
12302 2508 2603 897 2754 
12303 1693 329 327 2406 
12304 611 200 927 2543 
12305 1107 2155 602 2892 
12306 2099 1976 2644 2971 
12307 989 734 732 2357 
12308 943 944 636 2511 
12309 1895 2516 2447 2865 
12310 1895 2107 2516 2933 
12311 1972 2210 2431 2973 
12312 1345 2602 1138 2978 
12313 2031 2744 2426 2786 
12314 1166 1475 1179 2340 
12315 89 418 2225 2559 
12316 1648 1161 809 2482 
12317 48 1323 1188 2967 
12318 1851 2614 2074 2657 
12319 1942 2442 2976 2978 
12320 1692 1377 1675 2283 
12321 594 538 1078 2234 
12322 980 1678 2141 2960 
12323 2316 2433 2085 2947 
12324 1924 2904 2247 2965 
12325 1114 765 1208 2957 
12326 34 36 35 2174 
12327 1879 2134 2391 2757 
12328 1947 2061 2676 2917 
12329 1979 2498 2206 2670 
12330 443 445 444 2269 
12331 1508 1429 1472 2339 
12332 2028 2638 2364 2958 
12333 568 569 922 2980 
12334 1898 2517 2378 2650 
12335 1063 2584 2432 2658 
12336 2555 2621 2083 2776 
12337 1910 2480 2419 2510 
12338 1765 2603 2508 2754 
12339 701 700 699 2324 
12340 679 2263 851 2832 
12341 983 1653 1831 2875 
12342 197 2098 2525 2936 
12343 1652 2550 2350 2811 
12344 56 55 54 2285 
12345 1779 1193 2099 2971 
12346 933 670 2192 2977 
12347 260 2472 261 2561 
12348 1960 2921 2874 2972 
12349 1936 2578 2651 2914 
12350 1934 2453 2215 2640 
12351 1325 195 2340 2385 
12352 655 424 2587 2972 
12353 1858 2218 2361 2712 
12354 1602 2189 1035 2964 
12355 1987 2549 2328 2760 
12356 1517 1648 2482 2506 
12357 1701 1361 225 2843 
12358 382 381 383 2321 
12359 182 272 271 2186 
12360 2023 2435 2309 2494 
12361 105 78 1104 2292 
12362 2131 2386 1911 2654 
12363 389 2396 2346 2925 
12364 1383 1684 312 2110 
12365 1061 1523 1181 2385 
12366 1189 123 1317 2386 
12367 1814 1065 1797 2630 
12368 1948 2542 2277 2895 
12369 2187 2604 1986 2900 
12370 2011 2408 2423 2829 
12371 81 1280 80 2825 
12372 1305 2094 1564 2820 
12373 1184 1118 964 2449 
12374 1950 2577 2219 2969 
12375 206 2402 1342 2749 
12376 1930 2598 2359 2643 
12377 77 2292 106 2770 
12378 1849 2091 2420 2785 
12379 398 126 125 767 
12380 2382 2566 2034 2929 
12381 851 2263 549 2832 
12382 723 725 724 2159 
12383 184 2332 185 2971 
12384 227 960 1148 2694 
12385 1774 1200 1201 2337 
12386 694 2371 519 2949 
12387 1586 1762 1752 2762 
12388 1943 2509 2163 2713 
12389 34 2115 1600 2807 
12390 1926 2086 2426 2744 
12391 915 1418 1634 2801 
12392 692 1231 919 2190 
12393 2175 1927 2632 2735 
12394 588 1324 587 2685 
12395 2199 2556 1975 2932 
12396 1882 2379 2333 2869 
12397 1287 1286 1780 2656 
12398 2198 2331 1965 2701 
12399 1910 2647 2286 2939 
12400 1288 2299 1289 2560 
12401 1595 2753 2211 2822 
12402 249 661 579 2331 
12403 669 2736 721 2771 
12404 2091 2420 1934 2679 
12405 1864 2476 2090 2881 
12406 850 2700 2199 2932 
12407 2188 2485 2148 2879 
12408 1434 1296 911 2850 
12409 1517 1648 1069 2482 
12410 2136 1903 2705 2775 
12411 2318 2368 2061 2886 
12412 549 1587 2531 2762 
12413 524 415 757 2257 
12414 750 1143 1490 2761 
12415 1480 1796 1474 2388 
12416 597 771 596 2237 
12417 282 746 959 2532 
12418 868 810 2117 2830 
12419 16 2164 1323 2899 
12420 48 50 49 2227 
12421 428 2500 2659 2806 
12422 188 964 1182 2249 
12423 457 1538 864 2702 
12424 1059 675 1837 2766 
12425 2208 2625 2553 2773 
12426 2103 2849 2573 2860 
12427 1742 982 1741 2576 
12428 791 792 904 2258 
12429 1278 1814 81 2630 
12430 2573 2849 1923 2860 
12431 2123 2723 1909 2746 
12432 93 955 762 2847 
12433 372 1576 1314 2891 
12434 756 786 787 2833 
12435 510 511 2365 2527 
12436 1989 2493 2156 2855 
12437 1957 2346 2396 2617 
12438 1539 1596 39 2390 
12439 77 2292 2770 2869 
12440 630 1008 1007 2615 
12441 1847 2447 2604 2668 
12442 318 100 98 2525 
12443 1952 2187 2604 2800 
12444 1361 1372 1094 2138 
12445 275 1147 2146 2898 
12446 73 134 2473 2813 
12447 1337 2123 2804 2893 
12448 786 666 2185 2861 
12449 1242 1241 802 2579 
12450 2087 2689 2284 2910 
12451 2284 2437 2109 2541 
12452 1336 1503 1390 2366 
12453 2074 2614 2316 2657 
12454 501 53 500 2609 
12455 680 2588 728 2913 
12456 1291 1416 1417 2767 
12457 1910 2480 2244 2729 
12458 1601 464 1627 2897 
12459 642 2368 641 2409 
12460 419 207 2183 2749 
12461 1923 2595 2573 2860 
12462 1628 871 1528 2496 
12463 630 916 629 2466 
12464 738 2356 552 2750 
12465 2246 2440 1896 2772 
12466 2545 2631 1924 2965 
12467 2052 2683 2324 2980 
12468 2539 2731 2030 2795 
12469 1845 2305 2494 2556 
12470 635 2336 634 2740 
12471 2320 2562 359 2812 
12472 1443 1458 1457 2433 
12473 492 985 2197 2798 
12474 980 1678 1664 2141 
12475 1357 1195 472 2202 
12476 486 425 1357 2972 
12477 1738 1664 1678 2141 
12478 688 461 599 2180 
12479 1582 2773 2208 2843 
12480 2058 2610 2393 2866 
12481 1131 1191 2299 2931 
12482 1935 2731 2539 2795 
12483 754 385 703 2605 
12484 1153 981 1154 2475 
12485 177 1529 1502 2939 
12486 1909 2060 2526 2792 
12487 1986 2522 2135 2638 
12488 1628 1265 1397 2496 
12489 212 1134 1236 2313 
12490 1924 2631 2371 2965 
12491 1950 2628 2219 2892 
12492 1255 2363 956 2755 
12493 1284 2211 2534 2883 
12494 2098 2795 2008 2936 
12495 2023 2450 2159 2605 
12496 1094 651 88 2467 
12497 1392 2265 2634 2971 
12498 354 138 2418 2966 
12499 666 49 788 2725 
12500 246 1389 245 2169 
12501 1205 1789 2341 2962 
12502 263 1157 1308 2168 
12503 740 241 742 2473 
12504 2021 2465 2236 2655 
12505 1161 2482 1648 2506 
12506 1972 2566 2382 2929 
12507 1046 413 1754 2476 
12508 1826 1108 341 2704 
12509 1407 1701 1787 2300 
12510 1241 1027 1348 2232 
12511 1944 2182 2741 2859 
12512 1851 2316 2614 2657 
12513 1990 2299 2122 2931 
12514 2163 2669 1943 2713 
12515 103 148 102 2395 
12516 1908 2489 2213 2838 
12517 1975 2466 2193 2484 
12518 2029 2380 2184 2709 
12519 1475 1756 1346 2385 
12520 2351 2579 1994 2950 
12521 1979 2670 2578 2890 
12522 58 57 59 2311 
12523 1849 2420 2091 2679 
12524 1858 2499 2127 2970 
12525 312 2110 1394 2664 
12526 1513 2400 279 2779 
12527 298 235 300 2111 
12528 552 738 635 2356 
12529 256 606 161 2787 
12530 1942 2521 2071 2976 
12531 1147 1009 1010 2898 
12532 103 1335 826 2234 
12533 1862 2552 2097 2867 
12534 2540 2792 1964 2870 
12535 1396 1324 1813 2685 
12536 1971 2773 2338 2862 
12537 1295 2845 977 2895 
12538 1493 22 2298 2748 
12539 2133 2609 2010 2895 
12540 1695 656 1725 2612 
12541 725 1484 724 2159 
12542 2203 2396 1976 2824 
12543 1853 2399 2465 2751 
12544 2346 2396 1923 2925 
12545 356 508 358 2535 
12546 524 2257 1509 2530 
12547 1155 2442 1614 2521 
12548 2215 2564 1934 2640 
12549 1871 2444 2145 2905 
12550 1725 1745 1674 2367 
12551 1281 1282 2417 2762 
12552 849 234 1225 2308 
12553 702 1341 1805 2595 
12554 1641 1686 2325 2752 
12555 2124 2684 1938 2781 
12556 2085 2637 2181 2737 
12557 1738 1678 1676 2858 
12558 1928 2683 2303 2909 
12559 1317 1248 1002 2665 
12560 136 137 115 2418 
12561 1765 856 2603 2754 
12562 1582 223 225 2843 
12563 739 1706 1006 2640 
12564 265 232 744 2547 
12565 2097 2272 2487 2842 
12566 415 382 154 2321 
12567 2032 2673 2544 2905 
12568 295 2445 2136 2930 
12569 1380 1727 2585 2927 
12570 128 2065 2633 2945 
12571 112 1433 111 2180 
12572 1077 1128 1724 2717 
12573 77 2770 531 2869 
12574 559 139 1583 2438 
12575 354 2418 1027 2966 
12576 1010 1009 899 2279 
12577 273 1499 1497 2528 
12578 1908 2264 2587 2972 
12579 594 605 1210 2814 
12580 1392 2634 1194 2971 
12581 692 495 2190 2949 
12582 1886 2251 2423 2829 
12583 1301 1300 838 2893 
12584 2068 2473 2139 2602 
12585 1843 2670 2137 2878 
12586 822 1021 1022 1023 
12587 2360 2392 1894 2622 
12588 1572 1477 1024 2306 
12589 221 689 220 2722 
12590 1891 2276 2257 2914 
12591 541 1136 1322 2899 
12592 1758 2428 1627 2897 
12593 1447 1748 1747 2281 
12594 2342 2154 2728 2852 
12595 1208 244 1114 2856 
12596 833 1020 832 2638 
12597 1863 2093 2697 2708 
12598 1822 2287 1646 2934 
12599 518 517 294 2721 
12600 1337 1336 1338 2746 
12601 1046 1655 1045 2875 
12602 1532 1732 1803 2160 
12603 61 2202 1195 2921 
12604 1144 750 1152 2944 
12605 1859 2572 2164 2706 
12606 2163 2509 1943 2765 
12607 1992 2761 2365 2944 
12608 1552 72 741 2229 
12609 1937 2164 2572 2706 
12610 548 1558 547 2513 
12611 906 2262 1525 2733 
12612 171 797 2370 2926 
12613 1664 2141 1738 2814 
12614 324 2585 2724 2811 
12615 1908 2838 2264 2972 
12616 2182 2412 1842 2922 
12617 444 1806 803 2410 
12618 2145 2378 1918 2827 
12619 486 1357 2202 2972 
12620 1255 2582 2363 2755 
12621 1372 2542 2138 2678 
12622 1423 1403 703 2309 
12623 1977 2273 2328 2760 
12624 1283 1665 2434 2514 
12625 582 1035 2189 2964 
12626 475 476 1767 2306 
12627 1255 956 1500 2582 
12628 831 1761 854 2630 
12629 1853 2399 2751 2948 
12630 91 90 89 2332 
12631 1895 2477 2370 2569 
12632 869 2377 697 2620 
12633 1270 600 2628 2892 
12634 1155 2521 1614 2976 
12635 1775 2099 1193 2824 
12636 1879 2135 2620 2958 
12637 669 667 2383 2771 
12638 1792 536 1798 2526 
12639 690 689 691 2421 
12640 2107 1895 2522 2875 
12641 2208 2773 1971 2843 
12642 1383 807 2581 2851 
12643 798 2393 294 2721 
12644 105 104 106 2611 
12645 939 277 75 2381 
12646 1243 216 1245 2669 
12647 396 398 397 767 
12648 1945 2711 2068 2719 
12649 1617 1312 1310 2271 
12650 1312 1619 1670 2271 
12651 143 1611 142 2434 
12652 790 888 2241 2589 
12653 1833 642 640 2198 
12654 1447 1495 1446 2281 
12655 331 316 1635 2170 
12656 2253 2809 2166 2871 
12657 1401 2674 2327 2955 
12658 2063 2639 2035 2722 
12659 1628 1397 1448 2400 
12660 1674 2367 1541 2612 
12661 77 106 824 2770 
12662 2213 2489 2144 2838 
12663 1320 2488 1240 2584 
12664 584 1253 583 2248 
12665 1954 2091 2503 2979 
12666 881 2591 376 2853 
12667 2304 2327 1874 2855 
12668 2365 2527 511 2903 
12669 192 2244 638 2939 
12670 377 2611 2079 2853 
12671 239 2602 240 2891 
12672 1168 1218 1217 2491 
12673 1269 1268 1270 2892 
12674 1921 2239 2762 2911 
12675 1892 2154 2627 2714 
12676 1676 421 1738 2858 
12677 1922 2788 2101 2799 
12678 1845 2236 2484 2942 
12679 34 782 36 2174 
12680 851 549 550 2832 
12681 1991 2509 2163 2765 
12682 2032 2299 2544 2673 
12683 312 1684 1394 2110 
12684 2202 2587 1974 2961 
12685 375 912 285 2394 
12686 2040 2707 2251 2711 
12687 1122 1385 1343 2720 
12688 599 459 1433 2180 
12689 2460 2836 1969 2955 
12690 1395 1394 1396 2294 
12691 1863 2636 2708 2929 
12692 1744 2747 206 2749 
12693 1425 1379 1380 2811 
12694 858 1159 2317 2585 
12695 1249 2326 714 2918 
12696 2140 2335 1906 2906 
12697 645 1626 1076 2616 
12698 1983 2572 2570 2662 
12699 279 2779 2150 2901 
12700 1686 435 1429 2193 
12701 553 2663 1014 2934 
12702 2025 2310 2300 2687 
12703 2228 2821 2652 2974 
12704 1503 1735 564 2366 
12705 1853 2751 2884 2948 
12706 1853 2884 2566 2948 
12707 770 567 2402 2675 
12708 1785 1058 65 2282 
12709 670 671 933 2192 
12710 1352 2347 1355 2847 
12711 1830 2320 359 2812 
12712 1929 2121 2415 2842 
12713 2287 2934 1822 2959 
12714 681 728 680 2588 
12715 2307 2327 1969 2836 
12716 2458 2759 2033 2880 
12717 442 2432 1063 2584 
12718 239 1576 372 2891 
12719 1637 2441 1105 2674 
12720 1299 1564 1305 2094 
12721 1047 846 1547 2196 
12722 2133 2010 2742 2845 
12723 407 408 130 775 
12724 1028 354 1027 2966 
12725 1656 445 443 2269 
12726 1569 1635 317 2912 
12727 1941 2579 2351 2950 
12728 1845 2539 2236 2655 
12729 777 1715 698 2569 
12730 2093 2708 1915 2802 
12731 1169 1325 193 2340 
12732 316 2170 2821 2912 
12733 1507 1835 2415 2732 
12734 1924 2174 2904 2965 
12735 2185 2861 1999 2920 
12736 93 762 686 2171 
12737 981 1153 1006 2215 
12738 712 1131 1288 2931 
12739 1750 1751 1766 2296 
12740 1391 2152 1126 2846 
12741 2099 2675 769 2747 
12742 353 351 619 2509 
12743 430 1646 1645 2688 
12744 1683 1204 378 2094 
12745 9 350 1347 2830 
12746 1841 2480 2273 2510 
12747 522 371 1640 2181 
12748 479 2653 1835 2732 
12749 324 325 1425 2811 
12750 604 1400 1183 2301 
12751 1316 637 940 2511 
12752 6 5 2333 2869 
12753 846 1047 984 2196 
12754 1698 1714 1681 2492 
12755 277 939 289 2381 
12756 1957 2416 2346 2802 
12757 1296 1637 911 2441 
12758 2196 2875 2477 2933 
12759 1352 1351 1350 2347 
12760 1835 2653 2415 2732 
12761 1598 2386 63 2654 
12762 2094 2351 1994 2950 
12763 2253 2270 1877 2880 
12764 1879 2620 2130 2958 
12765 360 1830 359 2812 
12766 912 287 2394 2850 
12767 1916 2387 2355 2726 
12768 1867 2557 2076 2848 
12769 271 2812 2186 2888 
12770 2000 2627 2326 2918 
12771 2338 2773 935 2862 
12772 1936 2578 2462 2651 
12773 2161 2660 2029 2783 
12774 1357 472 486 2202 
12775 321 320 319 2378 
12776 1228 2806 2659 2888 
12777 582 2250 226 2964 
12778 1864 2516 2107 2933 
12779 4 1087 749 2333 
12780 2381 2451 1934 2679 
12781 1863 2382 2425 2636 
12782 2493 2818 2255 2951 
12783 1573 2618 2213 2807 
12784 1960 2520 2259 2874 
12785 678 660 89 2225 
12786 720 1042 83 2232 
12787 1890 2318 2191 2886 
12788 1341 1805 2595 2925 
12789 559 558 141 2438 
12790 1988 2383 2291 2736 
12791 662 2486 222 2924 
12792 1671 1512 1672 2145 
12793 184 90 2332 2559 
12794 15 873 690 2790 
12795 1243 2669 1245 2765 
12796 294 798 66 2393 
12797 513 852 853 2352 
12798 2032 2455 2673 2905 
12799 1778 1038 1211 2548 
12800 327 328 392 2119 
12801 1749 159 211 2240 
12802 1277 493 492 2622 
12803 1925 2677 2066 2681 
12804 1883 2147 2543 2725 
12805 1205 1789 1207 2341 
12806 992 2194 993 2899 
12807 858 2585 2317 2724 
12808 2520 2874 1960 2921 
12809 2424 2731 2030 2908 
12810 972 1401 2327 2955 
12811 947 1349 946 2854 
12812 636 2511 944 2639 
12813 1303 1212 446 2763 
12814 1309 1024 1025 2491 
12815 1843 2154 2440 2852 
12816 1980 2465 2399 2751 
12817 1951 2288 2621 2887 
12818 616 618 617 2937 
12819 1929 2415 2121 2653 
12820 2209 2676 2061 2917 
12821 2163 2619 2049 2896 
12822 1845 2524 2236 2539 
12823 1622 2260 1203 2756 
12824 792 791 793 2258 
12825 1877 2270 2253 2563 
12826 915 914 1418 2172 
12827 867 748 899 2217 
12828 1395 1394 2294 2664 
12829 1251 1074 713 2623 
12830 781 598 780 2497 
12831 1908 2612 2264 2838 
12832 282 284 283 2532 
12833 1168 1170 1218 2491 
12834 676 427 428 2659 
12835 8 9 2426 2953 
12836 1445 1443 1640 2433 
12837 1810 2639 1073 2722 
12838 1288 876 712 2560 
12839 1845 2484 2236 2524 
12840 985 268 488 2915 
12841 1290 1292 1291 2411 
12842 1468 1684 1383 2581 
12843 331 316 2170 2821 
12844 1927 2292 2169 2770 
12845 591 1104 268 2379 
12846 2140 2358 1968 2828 
12847 1219 1505 1353 2732 
12848 279 2150 281 2901 
12849 55 1551 1550 2285 
12850 334 2355 1687 2923 
12851 752 2716 1219 2732 
12852 907 608 906 2626 
12853 1853 2382 2566 2884 
12854 1847 2364 2206 2800 
12855 1080 715 128 2633 
12856 443 1656 2269 2845 
12857 2402 770 2675 2747 
12858 1654 1771 834 2522 
12859 1480 789 1802 2241 
12860 2119 392 2753 2918 
12861 2034 2566 2382 2884 
12862 1917 2132 2707 2711 
12863 231 1696 1308 2168 
12864 1563 800 496 2624 
12865 890 260 261 2561 
12866 1890 2368 2198 2409 
12867 999 857 396 767 
12868 692 919 920 2949 
12869 1564 1298 2950 2966 
12870 679 549 851 2263 
12871 758 759 795 2469 
12872 19 2492 1679 2844 
12873 70 1311 1312 2823 
12874 2287 2688 1646 2934 
12875 4 189 6 2333 
12876 1005 1669 1801 2153 
12877 823 663 2632 2770 
12878 720 2232 83 2771 
12879 1247 895 2252 2943 
12880 2154 1843 2728 2852 
12881 434 629 252 2466 
12882 751 1517 731 2901 
12883 1847 2668 2604 2969 
12884 1891 2670 2276 2914 
12885 1235 2499 401 2882 
12886 186 223 964 2249 
12887 1918 2673 2455 2905 
12888 1452 179 1451 2351 
12889 468 470 469 2432 
12890 1005 1004 482 2745 
12891 1988 2669 2163 2713 
12892 172 1659 1636 2477 
12893 2399 2785 2124 2948 
12894 74 278 620 2453 
12895 1833 578 1795 2794 
12896 296 2136 2705 2775 
12897 197 2525 99 2936 
12898 2019 2553 2625 2773 
12899 1766 1590 1750 2911 
12900 2190 2337 1901 2658 
12901 645 2616 2443 2702 
12902 1061 1062 1523 2385 
12903 1809 2275 1546 2748 
12904 827 826 1664 2814 
12905 2068 2536 1643 2719 
12906 1852 2344 2608 2859 
12907 11 407 1464 2957 
12908 786 1403 665 2185 
12909 469 470 1230 2658 
12910 383 1126 154 2321 
12911 1779 184 185 2971 
12912 111 1305 1564 2820 
12913 219 1073 221 2722 
12914 723 1711 386 2450 
12915 2133 2626 2609 2895 
12916 691 1737 104 2632 
12917 770 1342 206 2402 
12918 1951 2621 2372 2887 
12919 1402 1700 1781 2495 
12920 2169 2486 1927 2770 
12921 614 613 615 2326 
12922 2313 2405 1875 2450 
12923 1229 1230 1774 2337 
12924 1507 1768 1835 2732 
12925 1477 1476 2340 2946 
12926 110 1563 1753 2820 
12927 2158 1921 2531 2911 
12928 1598 63 1454 2654 
12929 1496 1731 187 2436 
12930 574 719 814 2815 
12931 1586 549 1762 2263 
12932 1852 2583 2404 2778 
12933 308 1503 1336 2746 
12934 743 2490 532 2607 
12935 2370 2865 2043 2933 
12936 25 196 43 2392 
12937 863 716 645 2616 
12938 2417 2551 1281 2762 
12939 579 248 249 2803 
12940 1175 829 1052 1064 
12941 811 1522 1463 2448 
12942 1610 859 860 2686 
12943 1083 1275 1084 2218 
12944 2531 2762 1587 2911 
12945 1390 2540 2366 2784 
12946 34 782 2174 2807 
12947 1639 493 1049 2622 
12948 1137 343 347 2786 
12949 641 2409 2368 2625 
12950 1953 2478 2344 2583 
12951 1190 1462 1289 2299 
12952 1943 2690 2223 2937 
12953 23 359 1493 2562 
12954 1966 2745 2282 2778 
12955 1672 625 1729 2544 
12956 1477 1476 1475 2340 
12957 237 696 238 2569 
12958 1843 2137 2728 2878 
12959 265 232 2547 2936 
12960 1184 1120 2449 2676 
12961 1810 1073 219 2722 
12962 1976 2824 2634 2971 
12963 1958 2571 2201 2693 
12964 2033 2573 2270 2880 
12965 1737 2632 824 2770 
12966 1172 2808 2221 2874 
12967 735 1128 732 2717 
12968 1904 2759 2458 2880 
12969 334 1526 1687 2355 
12970 1210 1042 825 2141 
12971 786 2185 665 2861 
12972 1965 2331 2198 2794 
12973 2121 1929 2501 2842 
12974 839 2307 840 2836 
12975 1863 2382 2636 2929 
12976 1575 2618 1573 2807 
12977 275 2528 273 2898 
12978 2393 2721 798 2926 
12979 1121 2564 2162 2688 
12980 6 1483 5 2869 
12981 1564 1299 1298 2966 
12982 1915 2601 2093 2802 
12983 1855 2161 2505 2621 
12984 279 1439 281 2150 
12985 933 589 342 2977 
12986 367 896 528 2856 
12987 1417 1746 1291 2189 
12988 880 2259 1151 2877 
12989 1937 2696 2623 2967 
12990 1993 2804 2123 2893 
12991 813 1386 1538 2212 
12992 2118 2470 2273 2635 
12993 2362 2034 2782 2929 
12994 2266 2679 2091 2720 
12995 304 27 303 2761 
12996 69 70 1670 2565 
12997 274 1499 2528 2873 
12998 2393 2610 66 2721 
12999 2133 2010 2845 2895 
13000 597 596 598 2430 
13001 1517 1161 1648 2506 
13002 1003 65 1189 2665 
13003 1720 1665 2514 2805 
13004 913 2221 1172 2808 
13005 797 463 170 2370 
13006 1453 2652 892 2821 
13007 704 703 705 2309 
13008 1920 2616 2065 2633 
13009 430 1645 2576 2688 
13010 688 1504 461 2180 
13011 1548 1471 117 2239 
13012 1895 2370 2477 2933 
13013 1079 410 411 2413 
13014 1844 2256 2479 2839 
13015 1042 2141 1210 2858 
13016 556 557 937 2650 
13017 1320 1240 440 2584 
13018 231 2168 1157 2956 
13019 831 2630 854 2718 
13020 1483 531 529 2869 
13021 56 1733 55 2285 
13022 2258 2416 1957 2601 
13023 1912 2402 2675 2747 
13024 2274 2671 1965 2701 
13025 509 511 2527 2903 
13026 1896 2143 2580 2846 
13027 634 736 633 2740 
13028 1927 2611 2165 2629 
13029 1288 1289 58 2560 
13030 1049 1753 497 2360 
13031 633 686 2740 2763 
13032 2275 2444 2052 2980 
13033 1782 1783 1815 2346 
13034 2060 1909 2723 2792 
13035 1281 1282 1016 2417 
13036 1571 1530 1119 2791 
13037 115 380 85 2418 
13038 45 102 148 2395 
13039 1864 2196 2476 2881 
13040 1647 906 609 2262 
13041 598 779 780 2430 
13042 1773 1579 1154 2475 
13043 1744 770 206 2747 
13044 24 23 22 2298 
13045 1763 1673 1386 2384 
13046 1210 773 1041 2858 
13047 1406 1407 2300 2695 
13048 661 662 222 2924 
13049 645 1076 2443 2616 
13050 1969 2327 2304 2855 
13051 1900 2465 2236 2672 
13052 1155 1614 970 2976 
13053 1970 2591 2289 2850 
13054 577 576 8 2426 
13055 1421 290 1437 2451 
13056 1930 2435 2136 2930 
13057 293 311 1591 2721 
13058 308 310 309 2205 
13059 1013 1354 1121 2162 
13060 1058 2593 2282 2962 
13061 1844 2479 2235 2839 
13062 169 168 167 2230 
13063 2289 2674 1989 2855 
13064 1169 1180 1325 2340 
13065 1718 2121 2653 2812 
13066 510 509 511 2527 
13067 1791 1329 1663 2310 
13068 1196 938 1375 2649 
13069 1414 2696 1413 2967 
13070 1247 1176 92 2943 
13071 2366 2540 1390 2746 
13072 320 2378 1828 2827 
13073 669 2383 2736 2771 
13074 245 2169 530 2924 
13075 1206 1057 1205 2593 
13076 481 329 483 2406 
13077 1156 1203 1125 2713 
13078 1739 1700 1465 2558 
13079 591 985 292 2798 
13080 1782 389 2346 2925 
13081 2110 2610 1914 2664 
13082 1021 1162 1000 1001 
13083 2509 2713 352 2896 
13084 1564 2820 2094 2950 
13085 1839 2295 2693 2928 
13086 1058 2282 1785 2962 
13087 1729 1829 1672 2827 
13088 618 1264 2223 2937 
13089 1606 1652 2350 2811 
13090 1389 529 530 2169 
13091 1944 2608 2353 2703 
13092 2002 2832 2263 2969 
13093 428 2659 1228 2806 
13094 1895 2865 2370 2933 
13095 2535 2637 2085 2976 
13096 1101 652 650 2334 
13097 155 95 539 2395 
13098 1350 1355 1352 2347 
13099 176 636 178 2286 
13100 1566 1244 1331 2690 
13101 1285 526 207 2883 
13102 186 964 188 2249 
13103 79 6 2333 2869 
13104 517 294 2721 2926 
13105 637 940 2511 2730 
13106 1253 1072 1252 2248 
13107 810 811 1054 2117 
13108 2186 2534 272 2806 
13109 1865 2731 2424 2908 
13110 1544 1301 2231 2893 
13111 625 624 626 2444 
13112 679 681 680 2913 
13113 420 2753 1595 2822 
13114 17 16 18 2702 
13115 954 1436 1641 2752 
13116 1781 1767 1780 2495 
13117 927 201 926 2543 
13118 1883 2543 2227 2725 
13119 1833 1795 642 2198 
13120 1909 2526 2459 2792 
13121 383 2580 1127 2846 
13122 1668 995 1687 2355 
13123 786 788 787 2725 
13124 850 2199 628 2932 
13125 296 1220 729 2435 
13126 1948 2609 2626 2895 
13127 1820 2287 1822 2959 
13128 2442 2521 1942 2976 
13129 1775 566 769 2675 
13130 2332 2559 2225 2648 
13131 147 761 1807 2754 
13132 1522 793 1463 2927 
13133 1203 1518 1363 2889 
13134 1129 1662 2122 2780 
13135 1956 2666 2394 2819 
13136 1616 1282 1752 2417 
13137 436 2700 850 2932 
13138 1991 2163 2509 2574 
13139 2166 2606 2253 2871 
13140 1007 267 849 2615 
13141 1452 1451 1453 2351 
13142 1744 2559 2747 2749 
13143 1190 2299 1191 2544 
13144 817 816 815 2535 
13145 898 749 1087 2667 
13146 785 784 830 1064 
13147 73 2452 135 2813 
13148 1168 1165 1169 1170 
13149 872 1674 1469 2612 
13150 1952 2263 2832 2969 
13151 2195 2487 1843 2852 
13152 215 414 214 2401 
13153 1797 1065 706 2718 
13154 1907 2550 2084 2724 
13155 1273 509 1084 2527 
13156 2274 2671 1867 2735 
13157 1493 555 22 2748 
13158 1479 1263 1793 2368 
13159 1279 932 1827 2290 
13160 264 502 969 2965 
13161 2187 1986 2604 2800 
13162 2139 2492 1905 2940 
13163 613 714 2326 2918 
13164 1123 588 2369 2892 
13165 958 956 1255 2363 
13166 1782 2346 1815 2925 
13167 486 2202 2587 2972 
13168 2286 2730 2729 2939 
13169 99 100 233 2525 
13170 1364 2227 48 2967 
13171 202 390 979 2175 
13172 17 645 2443 2702 
13173 1977 2328 2273 2635 
13174 67 2610 1384 2664 
13175 2255 2493 1969 2818 
13176 1820 1646 1822 2287 
13177 2028 2651 2578 2914 
13178 1407 1787 1406 2300 
13179 1487 624 2444 2980 
13180 1050 1321 2337 2529 
13181 1541 2367 1542 2618 
13182 2097 2739 2272 2842 
13183 2021 2465 2655 2751 
13184 1629 1140 1106 2144 
13185 2454 2554 2005 2928 
13186 818 2503 737 2750 
13187 133 46 33 2596 
13188 896 897 761 2754 
13189 357 233 877 2490 
13190 834 832 1734 2638 
13191 534 536 535 2459 
13192 1406 1405 1407 2695 
13193 1935 2547 2308 2731 
13194 1442 1151 2259 2877 
13195 2002 2531 2263 2832 
13196 2291 2383 1994 2771 
13197 1646 1820 1645 2287 
13198 1941 2624 2652 2974 
13199 798 1196 2393 2926 
13200 2437 2706 1999 2920 
13201 330 669 667 2383 
13202 1967 2256 2512 2839 
13203 1616 1764 1282 2417 
13204 906 1647 1525 2262 
13205 1465 775 2558 2755 
13206 941 610 437 2833 
13207 184 1744 90 2559 
13208 2159 2682 1975 2932 
13209 1109 1256 2774 2789 
13210 8 9 1347 2426 
13211 979 390 664 2175 
13212 1135 992 993 2899 
13213 530 823 361 2770 
13214 1292 2223 1566 2690 
13215 448 1577 1081 2832 
13216 792 2258 793 2927 
13217 1460 953 1461 2758 
13218 2143 2452 1917 2813 
13219 2493 2818 2156 2855 
13220 1500 2582 956 2755 
13221 2022 2106 2641 2945 
13222 1156 2509 353 2713 
13223 961 2460 1226 2836 
13224 2566 2884 2034 2948 
13225 1760 1386 127 2633 
13226 2131 2502 2408 2872 
13227 1892 2627 2154 2728 
13228 543 647 2226 2907 
13229 2121 2501 1929 2653 
13230 33 2390 672 2596 
13231 610 2700 437 2833 
13232 259 1423 477 2472 
13233 1884 2138 2515 2837 
13234 1172 913 643 2221 
13235 926 2543 201 2696 
13236 2154 2714 1892 2728 
13237 482 1003 2665 2745 
13238 1091 1544 1301 2231 
13239 1376 1377 255 2787 
13240 1082 36 519 2371 
13241 532 743 357 2490 
13242 1515 1527 164 2634 
13243 809 1068 2482 2851 
13244 858 2317 860 2724 
13245 627 30 2600 2794 
13246 981 982 1742 2475 
13247 1220 2435 296 2775 
13248 2070 2252 2606 2704 
13249 1547 1141 654 2519 
13250 1424 477 1423 2775 
13251 1382 1233 1434 2397 
13252 1512 624 625 2444 
13253 1078 95 363 2395 
13254 371 1315 1445 2181 
13255 844 2489 1140 2519 
13256 136 354 138 2418 
13257 1188 1323 16 2164 
13258 495 1231 2190 2658 
13259 221 664 1549 2421 
13260 1336 2540 1338 2746 
13261 2064 2563 2270 2597 
13262 1963 2451 2381 2679 
13263 1606 963 962 2350 
13264 684 1192 683 2245 
13265 1016 2417 1764 2900 
13266 2155 2369 1950 2892 
13267 366 776 131 2975 
13268 683 1192 1588 2245 
13269 1719 1708 2330 2902 
13270 1716 455 456 2254 
13271 442 1063 441 2584 
13272 669 2383 330 2736 
13273 2063 2175 2421 2735 
13274 1180 1181 1523 2385 
13275 495 1231 692 2190 
13276 961 839 840 2836 
13277 319 2378 320 2827 
13278 2308 2547 2008 2731 
13279 2205 1906 2483 2882 
13280 893 892 2652 2821 
13281 1221 1220 158 2435 
13282 1833 579 578 2331 
13283 1579 1608 1609 2686 
13284 1619 680 728 2913 
13285 2465 2236 2655 2942 
13286 2228 2970 2233 2974 
13287 2252 2606 1877 2863 
13288 1339 1226 355 2460 
13289 2247 2904 2174 2965 
13290 655 2264 426 2972 
13291 1601 463 464 2897 
13292 1113 1151 60 2921 
13293 1642 1207 1789 2341 
13294 1721 1720 209 2514 
13295 1385 1817 1818 2720 
13296 1606 2350 1652 2550 
13297 1093 1401 1105 2441 
13298 772 314 921 2457 
13299 22 2692 2298 2748 
13300 2094 2950 1994 2966 
13301 1557 616 617 2411 
13302 584 585 1724 2428 
13303 1465 775 776 2558 
13304 1878 2601 2343 2831 
13305 1295 443 804 2845 
13306 1442 1151 1085 2259 
13307 2059 2570 2207 2623 
13308 1364 2696 2227 2967 
13309 256 254 606 2787 
13310 482 1004 1003 2745 
13311 1894 2392 2197 2622 
13312 2039 2677 2066 2767 
13313 2028 2757 2130 2958 
13314 1126 1391 153 2152 
13315 1313 499 369 2269 
13316 1752 2417 1282 2762 
13317 1928 2879 2214 2916 
13318 835 836 911 2289 
13319 713 318 1411 2207 
13320 1679 1714 1588 2492 
13321 1891 2670 2206 2710 
13322 1606 2350 2550 2959 
13323 836 911 2289 2850 
13324 1283 1720 1665 2514 
13325 1185 1486 641 2625 
13326 1012 542 543 2907 
13327 89 418 678 2225 
13328 2359 2484 2036 2942 
13329 920 918 1482 2216 
13330 1295 977 978 2895 
13331 2091 2679 1934 2720 
13332 1845 2655 2236 2942 
13333 2013 2595 2347 2860 
13334 2213 2618 2115 2807 
13335 513 1687 2314 2923 
13336 1714 1155 57 2521 
13337 1328 779 1663 2310 
13338 640 642 641 2409 
13339 1699 2363 1313 2582 
13340 2165 1970 2629 2853 
13341 1993 2893 2123 2906 
13342 1228 271 2806 2888 
13343 351 2509 1060 2574 
13344 1854 2272 2739 2842 
13345 2007 2538 2793 2816 
13346 439 38 1624 2290 
13347 207 526 419 2183 
13348 1435 954 952 2758 
13349 2308 2547 1935 2615 
13350 1167 345 1090 2538 
13351 428 1227 2500 2806 
13352 1939 2671 2191 2886 
13353 835 1637 1105 2674 
13354 161 468 163 2432 
13355 129 1673 338 2641 
13356 732 734 733 2357 
13357 1999 2561 2472 2861 
13358 1123 1268 588 2892 
13359 1943 2713 2260 2756 
13360 882 2591 883 2877 
13361 1560 1777 1572 2946 
13362 2004 2652 2104 2903 
13363 577 1347 950 2426 
13364 1862 2150 2552 2867 
13365 1362 1374 402 2835 
13366 2370 2865 2042 2897 
13367 165 1194 164 2634 
13368 351 1060 96 2574 
13369 486 2587 2202 2961 
13370 1158 1551 1682 2285 
13371 1711 160 386 2450 
13372 404 465 1022 822 
13373 15 2278 873 2790 
13374 699 2324 1488 2980 
13375 1984 2534 2211 2883 
13376 2204 2789 1256 2891 
13377 261 2472 1534 2705 
13378 752 2506 751 2716 
13379 42 980 41 2960 
13380 274 1294 1499 2873 
13381 1253 584 1072 2248 
13382 585 2389 1627 2428 
13383 1724 2428 1758 2796 
13384 1148 960 51 2267 
13385 355 961 370 2481 
13386 1806 243 1765 2508 
13387 1413 646 1412 2967 
13388 1034 917 878 2727 
13389 1072 2248 584 2717 
13390 355 370 121 2481 
13391 2199 2524 1935 2615 
13392 313 120 314 2439 
13393 1695 1725 1674 2612 
13394 1569 317 1570 2912 
13395 958 2558 957 2755 
13396 2066 2677 1415 2767 
13397 1106 1629 2144 2955 
13398 1357 1112 1113 2921 
13399 833 1030 1029 2651 
13400 971 970 1614 2976 
13401 78 2379 2292 2869 
13402 1989 2855 2674 2955 
13403 1019 430 175 2688 
13404 1222 1058 1785 2962 
13405 1445 1444 1443 2433 
13406 618 1264 707 2223 
13407 1508 1461 1686 2325 
13408 1536 556 1537 2692 
13409 2103 2697 2329 2849 
13410 2318 2480 2061 2917 
13411 2095 2240 2463 2643 
13412 2257 2651 2469 2914 
13413 2356 2750 2162 2934 
13414 607 650 651 2277 
13415 1893 2578 2246 2890 
13416 1931 2533 2147 2700 
13417 433 628 432 2932 
13418 2172 2733 1985 2801 
13419 1181 1179 1346 2385 
13420 1635 316 317 2912 
13421 1955 2606 2238 2704 
13422 790 299 888 2589 
13423 824 2632 663 2770 
13424 1392 185 2265 2971 
13425 1573 1142 1226 2213 
13426 954 2325 1461 2758 
13427 1504 181 1683 2180 
13428 1909 2540 2366 2746 
13429 1654 1771 2522 2963 
13430 1410 1202 353 2937 
13431 2044 1907 2585 2811 
13432 431 1484 433 2932 
13433 176 2286 177 2939 
13434 1100 1062 722 2283 
13435 2728 2852 1843 2878 
13436 493 374 492 2622 
13437 231 1308 1157 2168 
13438 215 214 213 2401 
13439 1544 2231 2483 2893 
13440 733 735 732 2357 
13441 1702 1407 1647 2678 
13442 552 635 554 2356 
13443 946 1349 150 2405 
13444 1279 1278 81 2290 
13445 1236 1134 107 2313 
13446 2251 2707 2132 2711 
13447 1446 544 1447 2907 
13448 123 1598 122 2386 
13449 1895 2477 2569 2875 
13450 571 338 336 2641 
13451 335 1318 1223 2387 
13452 715 717 716 2616 
13453 1592 1645 1594 2576 
13454 1293 672 2390 2596 
13455 478 480 479 2653 
13456 1412 2443 1076 2623 
13457 1432 1443 2433 2947 
13458 1566 855 1565 2223 
13459 2271 2710 1973 2840 
13460 2054 2656 2733 2801 
13461 89 90 418 2559 
13462 1012 1011 213 2500 
13463 560 561 674 2456 
13464 1030 759 757 2469 
13465 699 1488 1511 2980 
13466 983 984 1045 2875 
13467 2117 2830 810 2953 
13468 1912 2402 2747 2749 
13469 896 2508 897 2754 
13470 310 308 1660 2483 
13471 1598 1454 1599 2530 
13472 2462 2578 2028 2651 
13473 613 392 714 2918 
13474 2461 2671 1939 2886 
13475 392 328 391 2918 
13476 2053 2641 2293 2826 
13477 512 2238 1109 2774 
13478 2362 2427 2034 2708 
13479 2025 2300 2436 2687 
13480 1994 2383 2291 2579 
13481 3 2 1 2452 
13482 811 2117 810 2953 
13483 1969 2836 2327 2955 
13484 2162 2688 2287 2934 
13485 1195 2202 1357 2921 
13486 561 560 427 2456 
13487 809 1068 1648 2482 
13488 1424 704 1220 2775 
13489 1598 1189 63 2386 
13490 798 2721 294 2926 
13491 1139 2511 1316 2600 
13492 48 1364 50 2227 
13493 33 32 31 2390 
13494 1595 208 1623 2822 
13495 264 263 262 2545 
13496 1149 951 949 2349 
13497 643 913 323 2221 
13498 727 2588 1747 2902 
13499 2393 2649 2058 2866 
13500 1862 2116 2772 2876 
13501 2054 2733 2172 2801 
13502 737 2336 738 2750 
13503 1943 2669 2163 2765 
13504 1236 107 1237 2313 
13505 1897 2356 2336 2750 
13506 1891 2710 2271 2840 
13507 2552 2772 2012 2876 
13508 1060 2509 352 2574 
13509 1897 2566 2336 2782 
13510 2335 2723 2123 2906 
13511 2295 2908 2693 2928 
13512 1197 2393 1196 2649 
13513 522 1640 1604 2637 
13514 2663 2934 1967 2959 
13515 956 2363 958 2755 
13516 1295 978 2845 2895 
13517 2043 2865 2370 2897 
13518 813 814 1386 2212 
13519 1228 271 272 2806 
13520 512 2238 2774 2923 
13521 2159 1975 2556 2932 
13522 1983 2570 2348 2662 
13523 302 301 121 2797 
13524 2295 2424 2030 2908 
13525 1427 2677 1570 2912 
13526 1141 514 654 2519 
13527 413 653 116 2476 
13528 1338 2540 1304 2870 
13529 1372 1647 609 2542 
13530 1955 2737 2590 2871 
13531 2590 2737 2024 2871 
13532 1952 2604 2263 2969 
13533 1100 2283 722 2787 
13534 2394 2798 1956 2819 
13535 88 86 1094 2467 
13536 1972 2336 2566 2782 
13537 1203 1404 1125 2568 
13538 975 974 1070 2868 
13539 1970 2557 2289 2591 
13540 2269 2742 2077 2845 
13541 1851 2166 2657 2809 
13542 1853 2566 2399 2948 
13543 816 971 2637 2976 
13544 1579 1578 1154 2261 
13545 268 2379 270 2915 
13546 980 1348 1678 2960 
13547 538 592 917 2619 
13548 1487 624 1512 2444 
13549 1724 1758 546 2796 
13550 1665 143 1283 2434 
13551 613 639 392 2753 
13552 2187 1891 2469 2800 
13553 1091 1092 1544 2231 
13554 1740 724 149 2405 
13555 1943 2756 2690 2937 
13556 773 1210 605 2814 
13557 1797 706 707 2680 
13558 1050 1321 1200 2337 
13559 1217 2491 1218 2975 
13560 772 771 2237 2841 
13561 1606 2350 1620 2811 
13562 483 329 1466 2406 
13563 974 2779 1070 2868 
13564 62 61 60 2921 
13565 1377 1692 1755 2283 
13566 2008 2731 2547 2795 
13567 1289 1288 1131 2299 
13568 1669 1615 996 2642 
13569 1921 2417 2263 2762 
13570 2364 2757 2028 2958 
13571 1740 1349 1132 2405 
13572 1768 1507 1505 2732 
13573 1808 1818 1690 2979 
13574 1289 1589 58 2311 
13575 491 1027 354 2418 
13576 2107 1895 2875 2933 
13577 2362 2708 2034 2929 
13578 306 262 1697 2545 
13579 44 269 332 2915 
13580 2369 2685 1950 2892 
13581 742 741 740 2473 
13582 357 2490 877 2954 
13583 869 697 698 2620 
13584 1217 1025 2491 2975 
13585 1607 1620 1606 2919 
13586 299 300 1432 2947 
13587 344 347 343 2977 
13588 2200 2431 1972 2763 
13589 1918 2544 2673 2905 
13590 2198 2461 1965 2794 
13591 496 497 1753 2624 
13592 1029 152 153 2651 
13593 830 1053 783 857 
13594 1972 2566 2210 2973 
13595 519 2371 520 2797 
13596 353 2509 619 2937 
13597 714 1249 615 2326 
13598 285 292 291 2798 
13599 1093 1105 1637 2441 
13600 894 2652 1514 2903 
13601 1621 387 928 2416 
13602 579 1478 248 2803 
13603 755 754 756 2833 
13604 15 558 873 2278 
13605 645 646 17 2443 
13606 1468 1383 807 2581 
13607 2074 2908 2295 2928 
13608 1988 2713 2163 2896 
13609 2263 2531 1921 2762 
13610 1936 2651 2257 2914 
13611 1581 2451 1216 2720 
13612 286 377 292 2853 
13613 1709 1719 1708 2330 
13614 307 306 305 2546 
13615 935 2773 1017 2862 
13616 1765 2508 243 2754 
13617 1844 2512 2256 2839 
13618 1736 2199 850 2700 
13619 1665 1167 1611 2434 
13620 91 185 184 2332 
13621 890 991 889 2561 
13622 1075 1626 1568 2780 
13623 656 1695 1649 2612 
13624 933 343 670 2977 
13625 479 1219 923 2732 
13626 988 210 209 2514 
13627 2243 2541 2109 2705 
13628 1702 1372 1361 2678 
13629 1016 1281 2417 2551 
13630 582 1602 1035 2964 
13631 23 1493 22 2298 
13632 1248 1249 714 2918 
13633 2096 2884 2751 2948 
13634 1066 1069 2482 2868 
13635 5 1087 4 2333 
13636 1935 2547 2731 2795 
13637 1145 1640 1443 2433 
13638 928 1393 1607 2416 
13639 1276 2392 1277 2864 
13640 1923 2203 2595 2925 
13641 1839 2554 2454 2928 
13642 1969 2818 2493 2855 
13643 2670 2710 1891 2840 
13644 1711 723 1133 2450 
13645 1699 1402 1313 2363 
13646 539 1078 538 2395 
13647 2455 2738 1871 2905 
13648 937 1150 1537 2650 
13649 151 976 150 2752 
13650 1839 2373 2554 2928 
13651 1552 20 72 2229 
13652 1777 2733 905 2946 
13653 1314 1110 1315 2789 
13654 1966 2502 2583 2778 
13655 1679 19 1681 2492 
13656 2239 2551 1921 2762 
13657 450 733 925 2628 
13658 1359 1338 1304 2870 
13659 746 282 747 2532 
13660 1016 2417 2900 2963 
13661 2021 2398 2373 2751 
13662 2473 2536 1917 2813 
13663 562 563 226 2784 
13664 1862 2715 2116 2876 
13665 1788 2777 2301 2930 
13666 2357 2628 2002 2698 
13667 1089 1523 1062 2385 
13668 1928 2715 2214 2879 
13669 495 494 1231 2658 
13670 1761 1565 854 2222 
13671 818 1808 737 2503 
13672 426 2264 322 2808 
13673 962 747 282 2532 
13674 1062 1088 1089 2385 
13675 1531 1530 1571 2791 
13676 2031 2613 2744 2788 
13677 1408 1271 104 2611 
13678 1749 1367 159 2240 
13679 472 486 2202 2961 
13680 674 561 586 2456 
13681 2097 1982 2739 2867 
13682 1937 2623 2443 2967 
13683 1921 2762 2531 2911 
13684 348 1347 350 2830 
13685 1851 2166 2809 2871 
13686 1549 691 2421 2632 
13687 1866 2493 2255 2951 
13688 173 1492 1580 2640 
13689 1390 2366 564 2784 
13690 2114 2650 2050 2692 
13691 2034 2636 2382 2929 
13692 1550 1201 1531 2791 
13693 1363 2835 866 2889 
13694 1198 2649 975 2868 
13695 406 764 466 1680 
13696 1467 1466 1716 2642 
13697 739 276 843 2640 
13698 1534 2472 477 2775 
13699 605 1078 363 2814 
13700 1184 2449 1185 2676 
13701 2228 2821 2170 2912 
13702 1860 2744 2613 2788 
13703 2359 2036 2598 2942 
13704 1744 417 2559 2749 
13705 1139 943 1316 2511 
13706 407 406 764 466 
13707 1652 325 2550 2811 
13708 2184 2101 2613 2831 
13709 401 2499 1373 2882 
13710 2336 2503 1897 2750 
13711 1219 2716 923 2732 
13712 598 781 313 2497 
13713 1584 2639 1810 2722 
13714 921 2457 1359 2870 
13715 1509 524 757 2257 
13716 1397 1398 1513 2400 
13717 962 282 283 2532 
13718 1239 794 302 2797 
13719 1149 949 1095 2349 
13720 627 30 28 2600 
13721 1238 429 908 2888 
13722 1817 2266 1689 2979 
13723 618 2223 617 2937 
13724 703 704 1423 2309 
13725 1211 1038 1212 2431 
13726 618 619 1264 2937 
13727 174 1492 173 2640 
13728 458 457 18 2702 
13729 2399 2465 1980 2768 
13730 187 1787 224 2436 
13731 991 993 992 2194 
13732 1604 816 971 2637 
13733 1137 347 1721 2786 
13734 293 1591 518 2721 
13735 1599 524 1509 2530 
13736 1664 1738 827 2814 
13737 925 1270 600 2628 
13738 1442 880 1151 2877 
13739 1982 2506 2148 2901 
13740 555 2692 22 2748 
13741 749 750 1490 2944 
13742 1543 1542 1541 2367 
13743 2079 2798 2394 2819 
13744 853 512 513 2923 
13745 250 249 248 2803 
13746 2051 2708 2362 2929 
13747 192 56 2244 2956 
13748 2233 2835 2081 2970 
13749 192 2244 2939 2956 
13750 1982 2779 2134 2868 
13751 1178 2538 1177 2793 
13752 446 340 895 2943 
13753 2314 2355 1916 2923 
13754 1410 2756 1202 2937 
13755 738 737 634 2336 
13756 1528 1103 1391 2496 
13757 366 903 1739 2975 
13758 155 46 95 2395 
13759 560 427 2456 2938 
13760 1136 16 1323 2899 
13761 1084 510 867 2527 
13762 1401 1105 2441 2674 
13763 849 236 234 2308 
13764 40 621 1060 2574 
13765 1614 1155 1698 2442 
13766 322 426 655 2264 
13767 902 474 903 2491 
13768 1180 1523 1325 2385 
13769 330 667 1453 2383 
13770 1545 471 472 2961 
13771 2574 2619 2102 2727 
13772 1624 38 1625 2290 
13773 1782 1815 389 2925 
13774 1016 1764 1533 2900 
13775 1137 670 343 2786 
13776 1191 1129 1662 2122 
13777 1572 1024 1559 2306 
13778 755 384 385 2605 
13779 1518 2681 1735 2889 
13780 1100 1791 1088 2283 
13781 1228 2659 429 2888 
13782 427 677 561 2456 
13783 1775 1340 455 2824 
13784 1016 1282 1764 2417 
13785 1170 364 1218 2491 
13786 650 977 1334 2734 
13787 2051 2362 2782 2929 
13788 510 1152 748 2944 
13789 162 490 1100 2787 
13790 322 655 1649 2264 
13791 1235 1233 2397 2882 
13792 1212 1303 1365 2431 
13793 108 1378 842 2854 
13794 275 273 1147 2898 
13795 1903 2472 2705 2775 
13796 786 665 666 2861 
13797 1340 1341 454 2203 
13798 2099 1193 2824 2971 
13799 1425 1380 2585 2811 
13800 1461 954 1641 2325 
13801 1684 675 1394 2766 
13802 1806 1765 1746 2508 
13803 1298 1028 1242 2966 
13804 1392 1194 185 2971 
13805 1905 2245 2492 2844 
13806 2032 2544 2444 2905 
13807 1439 3 393 2523 
13808 2136 2541 2243 2705 
13809 817 815 300 2947 
13810 2264 2546 322 2808 
13811 570 623 2683 2909 
13812 269 268 270 2915 
13813 558 220 873 2278 
13814 2032 2738 2455 2905 
13815 33 31 966 2390 
13816 1292 855 1566 2223 
13817 893 892 894 2652 
13818 858 1159 860 2317 
13819 703 385 705 2605 
13820 340 1038 339 2548 
13821 43 488 44 2915 
13822 2315 2656 1613 2801 
13823 1458 339 1778 2548 
13824 1962 2645 2376 2885 
13825 2323 2455 1871 2905 
13826 651 609 607 2542 
13827 331 1553 316 2821 
13828 626 624 682 2444 
13829 1409 1241 1348 2960 
13830 1931 2700 2147 2833 
13831 737 736 634 2336 
13832 217 216 218 2669 
13833 512 2774 333 2923 
13834 1866 2255 2904 2951 
13835 1155 508 59 2521 
13836 842 1378 948 2854 
13837 1447 542 1748 2907 
13838 62 60 2520 2921 
13839 2219 2832 2002 2969 
13840 2005 2554 2373 2928 
13841 1684 1468 1837 2581 
13842 171 799 797 2926 
13843 1034 1243 1567 2765 
13844 637 2511 636 2730 
13845 1965 2671 2274 2735 
13846 511 1152 510 2365 
13847 2163 2713 2509 2896 
13848 840 839 838 2307 
13849 513 994 852 2314 
13850 1342 567 1693 2402 
13851 530 361 662 2486 
13852 758 1310 1509 2823 
13853 1293 1037 672 2596 
13854 972 1401 997 2327 
13855 1081 727 681 2588 
13856 222 662 29 2486 
13857 1841 2255 2470 2818 
13858 366 2558 776 2975 
13859 1123 586 648 2369 
13860 487 2587 486 2961 
13861 1381 1727 1380 2927 
13862 2104 2527 2218 2712 
13863 1520 69 1719 2565 
13864 175 257 174 2215 
13865 1529 2647 1502 2939 
13866 2347 2595 1923 2860 
13867 1582 936 1486 2773 
13868 1584 1811 1810 2639 
13869 2225 2559 2114 2648 
13870 1614 521 971 2978 
13871 176 178 177 2286 
13872 1976 2099 2824 2971 
13873 101 103 102 2395 
13874 270 2379 78 2869 
13875 229 1696 231 2956 
13876 1511 1546 1809 2275 
13877 9 810 350 2830 
13878 1112 2874 1113 2921 
13879 200 199 201 2543 
13880 1973 2565 2330 2902 
13881 1964 2459 2334 2792 
13882 2151 2703 1840 2941 
13883 1788 729 1221 2777 
13884 371 1445 1640 2181 
13885 1952 2832 2219 2969 
13886 2116 2715 2006 2876 
13887 1980 2655 2465 2751 
13888 1682 231 1157 2956 
13889 334 333 335 2387 
13890 2164 2706 1937 2967 
13891 931 932 966 2390 
13892 2175 2632 2421 2735 
13893 1857 2627 2154 2872 
13894 2214 1928 2916 2922 
13895 530 245 1389 2169 
13896 271 1238 2812 2888 
13897 1808 2503 1818 2979 
13898 1709 1708 1707 2330 
13899 955 1352 1355 2847 
13900 1215 1216 1581 2451 
13901 1428 1429 253 2661 
13902 826 1335 41 2234 
13903 698 696 237 2569 
13904 36 520 519 2371 
13905 55 1733 1551 2285 
13906 1131 1191 1190 2299 
13907 1152 511 1144 2365 
13908 2083 2621 2288 2887 
13909 1247 853 1176 2352 
13910 91 184 90 2332 
13911 245 530 662 2924 
13912 1733 1682 1551 2285 
13913 73 740 741 2473 
13914 1762 549 679 2263 
13915 1413 2696 1364 2967 
13916 60 880 62 2520 
13917 1059 674 675 2766 
13918 818 1818 1808 2503 
13919 620 1153 1154 2453 
13920 192 2939 229 2956 
13921 73 1 135 2452 
13922 1805 1350 1351 2595 
13923 2536 2711 2040 2719 
13924 1853 2566 2382 2973 
13925 583 487 585 2389 
13926 511 2903 180 2968 
13927 1024 1477 1026 2491 
13928 1806 444 242 2410 
13929 798 799 1196 2926 
13930 2251 2707 2423 2829 
13931 1066 1648 1068 2482 
13932 709 855 1290 2603 
13933 1801 1804 1769 2745 
13934 2005 2425 2382 2636 
13935 192 638 176 2939 
13936 181 1504 688 2180 
13937 831 1770 1761 2630 
13938 769 2675 770 2747 
13939 1844 2362 2512 2839 
13940 1058 1232 2593 2962 
13941 416 790 1691 2589 
13942 1606 2550 1812 2959 
13943 360 271 1238 2812 
13944 2026 2247 2545 2904 
13945 742 241 239 2602 
13946 1925 2127 2889 2970 
13947 1510 129 2641 2945 
13948 191 638 192 2244 
13949 141 140 139 2438 
13950 2101 2788 2613 2799 
13951 1846 2376 2629 2819 
13952 261 1534 1790 2705 
13953 956 958 957 2755 
13954 2153 2745 1966 2778 
13955 2344 2478 1887 2859 
13956 1682 2285 1733 2956 
13957 2002 2668 2357 2698 
13958 133 101 2395 2596 
13959 2376 2645 1846 2885 
13960 824 1737 663 2632 
13961 1421 1437 1215 2451 
13962 523 2530 1454 2654 
13963 106 78 105 2292 
13964 419 417 207 2749 
13965 2211 2753 2119 2822 
13966 1443 1444 1458 2433 
13967 578 2331 222 2794 
13968 1633 2536 1632 2813 
13969 1500 1114 2582 2957 
13970 266 265 267 2547 
13971 1325 195 193 2340 
13972 319 320 1828 2827 
13973 858 324 2585 2724 
13974 206 208 207 2749 
13975 1802 2241 888 2810 
13976 1641 976 1686 2752 
13977 492 291 985 2798 
13978 1290 1765 856 2603 
13979 1685 250 248 2803 
13980 113 491 136 2418 
13981 844 1140 1141 2519 
13982 508 2521 1155 2976 
13983 859 1608 1743 2686 
13984 2255 2510 1924 2904 
13985 855 2603 709 2680 
13986 1191 1129 2122 2931 
13987 2386 2530 1911 2654 
13988 847 957 848 2558 
13989 2415 2653 1929 2732 
13990 325 326 1666 2724 
13991 1960 2874 2808 2972 
13992 160 1711 212 2450 
13993 1507 1835 909 2415 
13994 1109 2704 1110 2789 
13995 1063 468 469 2432 
13996 336 337 1040 2293 
13997 128 127 129 2945 
13998 239 372 1138 2602 
13999 1039 659 660 2464 
14000 2083 2372 2621 2887 
14001 204 702 1805 2595 
14002 278 739 1153 2453 
14003 2382 2566 1972 2973 
14004 924 753 2485 2716 
14005 770 567 1342 2402 
14006 1027 1677 1348 2232 
14007 1901 2529 2432 2658 
14008 333 2774 2387 2923 
14009 2219 2577 1952 2969 
14010 1901 2337 2529 2658 
14011 1391 1126 1824 2846 
14012 205 702 204 2375 
14013 1145 2433 1443 2947 
14014 1014 2663 963 2959 
14015 2121 2501 2487 2842 
14016 324 1425 2585 2811 
14017 584 1724 1128 2717 
14018 1337 2804 1300 2893 
14019 193 195 194 2340 
14020 2301 2777 1930 2930 
14021 1495 1447 1747 2281 
14022 913 322 2546 2808 
14023 2089 2701 2358 2885 
14024 1008 850 1422 2199 
14025 475 474 476 2306 
14026 399 1056 791 2468 
14027 543 647 676 2226 
14028 1430 1256 1431 2891 
14029 2048 2436 2300 2687 
14030 1006 257 981 2215 
14031 9 810 2830 2953 
14032 165 1823 1340 2824 
14033 1385 1122 1581 2720 
14034 1606 2350 962 2919 
14035 543 544 647 2907 
14036 1897 2336 2356 2782 
14037 1213 2534 1327 2806 
14038 431 433 2682 2932 
14039 13 1086 15 2790 
14040 1281 1752 1282 2762 
14041 1817 1460 1689 2266 
14042 1967 2934 2287 2959 
14043 2036 2768 2598 2942 
14044 2260 2681 2066 2756 
14045 1891 2257 2469 2914 
14046 2373 2398 2096 2751 
14047 2599 2666 1846 2819 
14048 1218 2491 364 2975 
14049 1264 612 1280 2825 
14050 1029 153 2462 2651 
14051 246 245 247 2924 
14052 196 1277 2392 2864 
14053 1330 1569 1332 2345 
14054 2133 2742 2269 2845 
14055 174 1706 1492 2640 
14056 994 513 1687 2314 
14057 1667 1594 1812 2550 
14058 541 2561 992 2899 
14059 1016 2900 1533 2963 
14060 551 452 2531 2911 
14061 1067 68 66 2610 
14062 1816 1458 1778 2810 
14063 1035 897 581 2508 
14064 655 424 657 2587 
14065 2367 2612 1908 2618 
14066 39 32 1539 2390 
14067 1788 729 2777 2930 
14068 1823 166 388 2396 
14069 870 901 697 2377 
14070 1750 1745 1751 2296 
14071 1937 2706 2227 2967 
14072 1928 2188 2715 2879 
14073 983 2477 984 2875 
14074 1417 805 1746 2189 
14075 771 597 772 2237 
14076 489 1010 899 2279 
14077 2165 2629 2611 2853 
14078 1625 1728 1770 2290 
14079 798 1196 1197 2393 
14080 2190 1977 2760 2949 
14081 1109 1256 1257 2774 
14082 965 1185 1184 2449 
14083 757 759 758 2469 
14084 367 527 2410 2856 
14085 374 493 1639 2622 
14086 770 769 567 2675 
14087 1763 1386 719 2384 
14088 1030 757 415 2651 
14089 1519 1392 185 2265 
14090 586 561 677 2456 
14091 507 506 2471 2815 
14092 660 659 89 2464 
14093 642 1263 1479 2368 
14094 2302 2547 1935 2795 
14095 946 2405 150 2752 
14096 1298 1242 2950 2966 
14097 198 265 1723 2936 
14098 50 788 49 2725 
14099 1862 2715 2188 2879 
14100 1621 2416 1607 2919 
14101 197 99 198 2936 
14102 677 676 647 2226 
14103 86 2467 88 2862 
14104 2034 2566 2782 2929 
14105 469 1063 2432 2658 
14106 334 333 2387 2923 
14107 1614 2442 1345 2978 
14108 1634 1613 2656 2801 
14109 1500 2755 956 2957 
14110 1212 1365 1211 2431 
14111 1529 1501 1502 2647 
14112 585 1627 1758 2428 
14113 519 520 794 2797 
14114 205 204 203 2375 
14115 864 1760 715 2633 
14116 1576 239 240 2891 
14117 2443 2616 1920 2702 
14118 2022 2633 2065 2945 
14119 437 438 942 2700 
14120 1711 1133 212 2450 
14121 2359 2598 2036 2643 
14122 1654 834 1734 2522 
14123 1891 2710 2206 2800 
14124 473 2389 487 2961 
14125 131 130 132 847 
14126 1534 2705 2472 2775 
14127 1699 2363 2582 2755 
14128 422 1738 421 2814 
14129 1964 2694 2250 2784 
14130 1293 966 932 2390 
14131 1370 1633 1632 2813 
14132 1578 2261 1319 2793 
14133 64 1058 1057 2593 
14134 479 1835 1768 2732 
14135 452 453 550 2531 
14136 718 471 1658 2592 
14137 1834 2796 1758 2897 
14138 142 1610 860 2317 
14139 424 655 426 2972 
14140 433 432 2682 2932 
14141 1829 411 409 2827 
14142 33 966 672 2390 
14143 862 835 1105 2674 
14144 436 1736 850 2700 
14145 1408 105 377 2611 
14146 679 851 681 2832 
14147 1971 2208 2553 2773 
14148 952 953 1214 2758 
14149 2021 2655 2398 2751 
14150 1492 1421 1580 2640 
14151 944 1073 1810 2639 
14152 1376 255 722 2787 
14153 1617 1619 1312 2271 
14154 1666 326 1717 2724 
14155 913 322 323 2546 
14156 965 964 223 2449 
14157 1106 2674 1401 2955 
14158 1033 352 2713 2896 
14159 926 1414 1411 2696 
14160 521 2637 971 2978 
14161 1617 1619 2271 2913 
14162 2130 2757 1879 2958 
14163 2060 2723 2507 2792 
14164 2259 2520 1989 2877 
14165 2278 2438 2035 2848 
14166 548 1591 1558 2513 
14167 1862 2772 2552 2876 
14168 128 2633 127 2945 
14169 1912 2747 2559 2749 
14170 522 971 521 2637 
14171 163 1063 442 2432 
14172 1842 2707 2251 2829 
14173 2355 2387 1916 2923 
14174 1235 1233 1382 2397 
14175 1823 388 389 2396 
14176 115 113 136 2418 
14177 1019 1121 1018 2688 
14178 1166 1165 1169 1180 
14179 587 675 674 2766 
14180 1404 865 801 2568 
14181 567 566 565 2675 
14182 1922 2514 2434 2805 
14183 1109 512 1246 2238 
14184 1718 480 1830 2653 
14185 1553 1453 892 2821 
14186 522 2637 521 2978 
14187 1541 1674 1745 2367 
14188 1331 1332 1416 2690 
14189 314 120 1803 2439 
14190 1062 1100 1088 2283 
14191 1787 187 1731 2436 
14192 1294 2338 935 2862 
14193 1223 1222 1224 2962 
14194 1491 303 545 2761 
14195 1907 2724 2585 2811 
14196 1364 1413 1414 2696 
14197 1371 1370 135 2813 
14198 2233 2889 2835 2970 
14199 616 2756 1410 2937 
14200 2164 2227 2706 2967 
14201 2150 2867 2148 2901 
14202 359 1830 1494 2320 
14203 345 347 346 2805 
14204 1405 1755 1524 2695 
14205 2617 2697 1923 2849 
14206 1368 1366 75 2894 
14207 1394 675 587 2766 
14208 1734 1653 1654 2522 
14209 115 114 113 2418 
14210 753 752 751 2716 
14211 2026 2904 2510 2951 
14212 1823 2396 389 2925 
14213 246 1087 1389 2667 
14214 1788 2301 604 2930 
14215 608 2626 978 2895 
14216 982 257 258 2576 
14217 2317 2585 1907 2724 
14218 1307 708 706 2718 
14219 2301 2445 604 2930 
14220 148 826 827 2814 
14221 1097 349 1456 2403 
14222 1925 2889 2233 2970 
14223 792 793 1381 2927 
14224 1408 2611 377 2853 
14225 1384 2610 68 2851 
14226 2407 2728 2137 2878 
14227 106 77 78 2292 
14228 1034 1540 1459 2727 
14229 2272 1843 2487 2878 
14230 23 183 182 2562 
14231 1119 1530 1199 2791 
14232 1292 1416 2411 2690 
14233 1499 1294 1798 2873 
14234 367 527 369 2410 
14235 1016 2551 2417 2963 
14236 174 257 1006 2215 
14237 1928 2188 2879 2909 
14238 2507 2723 2055 2792 
14239 66 2610 67 2721 
14240 1534 296 2705 2775 
14241 608 1209 978 2626 
14242 972 1106 1401 2955 
14243 1156 352 353 2509 
14244 2469 2651 2028 2914 
14245 963 2350 1606 2959 
14246 2284 2689 1981 2910 
14247 457 864 863 2702 
14248 902 364 1170 2491 
14249 1526 1668 1687 2355 
14250 486 2587 424 2972 
14251 579 661 222 2331 
14252 1930 2777 2435 2930 
14253 1485 2409 641 2625 
14254 1156 352 2509 2713 
14255 2286 1939 2729 2730 
14256 270 1104 78 2379 
14257 882 883 1442 2877 
14258 1802 789 888 2241 
14259 921 1732 1359 2457 
14260 1976 2634 2265 2971 
14261 1777 907 905 2733 
14262 1514 894 1451 2652 
14263 1432 1145 1443 2947 
14264 1257 1318 333 2387 
14265 1527 1056 399 2468 
14266 1652 1425 325 2811 
14267 1336 1390 2540 2746 
14268 1982 2148 2867 2901 
14269 570 2683 568 2909 
14270 1257 2387 333 2774 
14271 553 1822 1646 2934 
14272 2304 2818 1969 2855 
14273 2336 2740 2356 2782 
14274 2373 2751 2096 2884 
14275 1940 2728 2407 2878 
14276 2487 1843 2852 2878 
14277 2150 2779 1982 2901 
14278 1330 1635 1569 2345 
14279 962 2532 283 2919 
14280 2447 2516 1921 2668 
14281 1044 1409 42 2960 
14282 523 524 1454 2530 
14283 1390 1338 1336 2540 
14284 2835 2889 2127 2970 
14285 2372 2673 2083 2776 
14286 937 1537 556 2650 
14287 1744 206 417 2749 
14288 1070 974 280 2779 
14289 1412 646 1076 2443 
14290 1967 2512 2362 2839 
14291 936 2625 1486 2773 
14292 806 986 1163 2448 
14293 991 590 993 2194 
14294 1809 1546 555 2748 
14295 562 1390 564 2784 
14296 752 1161 751 2506 
14297 192 230 56 2956 
14298 1257 333 512 2774 
14299 631 295 603 2445 
14300 1651 1636 1659 2592 
14301 1855 2372 2621 2776 
14302 136 491 354 2418 
14303 774 1041 773 2858 
14304 604 1788 1400 2301 
14305 2477 2875 1895 2933 
14306 1847 2698 2668 2969 
14307 1741 982 1592 2576 
14308 924 923 753 2716 
14309 1217 1026 1165 1168 
14310 777 237 778 2569 
14311 1400 1368 76 2894 
14312 1172 1171 2808 2874 
14313 692 693 495 2949 
14314 1579 1319 1578 2261 
14315 1183 1177 603 2793 
14316 1066 1069 1648 2482 
14317 1794 1185 1479 2676 
14318 1925 2681 2260 2889 
14319 1949 2769 2471 2910 
14320 747 963 1014 2663 
14321 428 429 1228 2659 
14322 998 710 999 2718 
14323 882 376 881 2591 
14324 1487 922 624 2980 
14325 582 226 563 2964 
14326 1819 2409 1485 2764 
14327 1345 742 1138 2602 
14328 1163 1522 2448 2927 
14329 128 410 1080 2945 
14330 2250 2694 1964 2734 
14331 222 578 579 2331 
14332 1982 2867 2150 2901 
14333 426 1171 425 2972 
14334 549 1587 551 2531 
14335 588 587 586 2369 
14336 2039 2784 2250 2964 
14337 1330 1245 217 2669 
14338 226 228 227 2694 
14339 338 1510 129 2641 
14340 1502 2647 1501 2939 
14341 1005 1801 1004 2745 
14342 917 592 878 2619 
14343 1541 1542 1600 2618 
14344 1543 1541 1745 2367 
14345 1554 678 1150 2517 
14346 426 2264 2808 2972 
14347 2291 2771 2232 2960 
14348 428 1228 1227 2806 
14349 852 1176 853 2352 
14350 437 2700 942 2833 
14351 5 4 6 2333 
14352 1485 1819 640 2409 
14353 689 1549 691 2421 
14354 487 424 486 2587 
14355 913 1172 1171 2808 
14356 87 1294 935 2862 
14357 1325 1523 1089 2385 
14358 1967 2663 2356 2934 
14359 172 171 170 2370 
14360 1160 1380 1727 2585 
14361 1914 2610 2393 2721 
14362 78 2292 77 2869 
14363 2610 2664 67 2721 
14364 1468 1506 1837 2581 
14365 1792 652 1101 2334 
14366 592 879 878 2619 
14367 373 522 521 2978 
14368 1643 2536 1825 2719 
14369 52 53 2609 2841 
14370 546 1834 548 2796 
14371 356 358 357 2954 
14372 83 85 84 2418 
14373 808 1506 1468 2581 
14374 1500 2582 2755 2957 
14375 860 1159 142 2317 
14376 731 281 730 2901 
14377 1942 2976 2637 2978 
14378 513 334 1687 2923 
14379 1116 1021 822 1162 
14380 10 1699 2582 2755 
14381 1111 1151 1113 2874 
14382 437 610 768 2700 
14383 67 1384 312 2664 
14384 1178 1167 1177 2538 
14385 267 744 849 2547 
14386 1143 687 1302 2761 
14387 38 1728 1625 2290 
14388 721 669 673 2736 
14389 1380 324 1425 2585 
14390 2081 2233 2970 2974 
14391 2037 2714 2276 2840 
14392 2291 2736 2383 2771 
14393 1848 2759 2329 2849 
14394 1704 1518 1735 2889 
14395 1634 1287 1780 2656 
14396 1448 1397 1513 2400 
14397 1502 176 177 2939 
14398 2294 2685 2108 2691 
14399 2513 2664 1914 2721 
14400 280 2779 279 2901 
14401 746 747 554 2663 
14402 1700 1767 1781 2495 
14403 1459 537 917 2727 
14404 1879 2757 2364 2958 
14405 1093 1637 1296 2441 
14406 1663 1329 1328 2310 
14407 1074 1412 1076 2623 
14408 1934 2679 2451 2720 
14409 181 687 180 2968 
14410 823 824 663 2770 
14411 47 46 45 2395 
14412 729 1220 1221 2435 
14413 2191 2671 1939 2857 
14414 2172 2733 2054 2946 
14415 83 114 85 2418 
14416 1670 861 69 2565 
14417 275 274 273 2528 
14418 1606 1652 1812 2550 
14419 831 829 1770 2630 
14420 934 935 1294 2338 
14421 539 95 1078 2395 
14422 507 505 590 2471 
14423 101 1037 1036 2596 
14424 500 228 745 2742 
14425 1453 1451 892 2652 
14426 2055 2792 2540 2870 
14427 1052 829 1175 1726 
14428 2398 2655 1980 2751 
14429 925 600 449 2628 
14430 1972 2782 2566 2929 
14431 811 806 2448 2953 
14432 554 1014 553 2663 
14433 354 1299 138 2966 
14434 2281 2588 1973 2902 
14435 1650 1685 248 2803 
14436 411 2413 409 2827 
14437 2461 2600 1965 2794 
14438 1197 66 798 2393 
14439 2668 2698 2002 2969 
14440 790 888 789 2241 
14441 1044 1033 1124 2896 
14442 551 2531 1587 2911 
14443 992 541 889 2561 
14444 956 2755 1786 2957 
14445 1355 284 959 2847 
14446 1193 1194 165 2971 
14447 1256 2789 1314 2891 
14448 836 883 881 2591 
14449 315 317 316 2912 
14450 2137 2670 2276 2840 
14451 385 384 386 2605 
14452 1575 1573 1339 2807 
14453 1845 2484 2359 2942 
14454 705 385 386 2605 
14455 669 721 720 2771 
14456 261 260 259 2472 
14457 559 1584 220 2722 
14458 1570 1415 1332 2677 
14459 1835 479 480 2653 
14460 540 260 541 2561 
14461 1475 1166 1477 2340 
14462 1817 1689 1818 2979 
14463 2407 2500 1940 2659 
14464 1384 807 1383 2851 
14465 1503 564 1390 2366 
14466 233 357 743 2490 
14467 1730 1496 1051 2529 
14468 151 2405 149 2682 
14469 1544 2483 1660 2893 
14470 1940 2659 2500 2806 
14471 1325 1089 195 2385 
14472 1362 2835 1363 2889 
14473 1230 1050 1774 2337 
14474 1050 470 1051 2529 
14475 568 1488 700 2324 
14476 1502 1501 229 2939 
14477 22 1536 24 2692 
14478 658 396 857 767 
14479 2227 2696 1937 2967 
14480 1834 546 1758 2796 
14481 2192 2786 2149 2977 
14482 310 2483 1234 2882 
14483 689 221 1549 2421 
14484 2005 2636 2382 2884 
14485 1419 2315 1613 2801 
14486 2184 2613 2343 2831 
14487 52 51 53 2841 
14488 1 2 135 2452 
14489 2083 2621 2372 2776 
14490 555 1493 1809 2748 
14491 1015 1754 412 2551 
14492 1049 1276 1753 2360 
14493 1878 2343 2613 2831 
14494 858 1160 1159 2585 
14495 1082 2631 1630 2965 
14496 1193 165 2824 2971 
14497 896 367 581 2508 
14498 383 1127 1126 2846 
14499 668 720 83 2771 
14500 622 570 623 2683 
14501 162 256 161 2787 
14502 1856 2723 2335 2906 
14503 1248 391 1002 2918 
14504 521 1614 1345 2978 
14505 1613 1419 1612 2315 
14506 2030 2693 2295 2908 
14507 1628 1267 1265 2496 
14508 577 8 1347 2426 
14509 681 851 1081 2832 
14510 201 927 200 2543 
14511 1702 1647 1372 2678 
14512 858 860 859 2724 
14513 2238 1916 2774 2923 
14514 1019 2564 1121 2688 
14515 420 1326 1595 2753 
14516 410 1510 2413 2945 
14517 641 642 1479 2368 
14518 349 1455 1456 2403 
14519 77 824 531 2770 
14520 1491 1490 1143 2761 
14521 1337 1300 1660 2893 
14522 1758 1627 464 2897 
14523 1213 272 2534 2806 
14524 311 293 67 2721 
14525 1842 2251 2741 2829 
14526 1600 2618 1575 2807 
14527 1041 1042 1210 2858 
14528 104 105 1408 2611 
14529 1758 2796 2428 2897 
14530 931 31 37 2390 
14531 324 326 325 2724 
14532 338 571 1510 2641 
14533 1907 2550 2724 2811 
14534 1584 1810 219 2722 
14535 1621 1607 283 2919 
14536 171 797 170 2370 
14537 409 410 1510 2413 
14538 2244 1910 2729 2939 
14539 28 929 1139 2600 
14540 760 708 2603 2680 
14541 413 654 653 2476 
14542 230 1733 56 2956 
14543 618 707 617 2223 
14544 1214 1215 1437 2451 
14545 1156 1033 352 2713 
14546 2051 2782 2740 2929 
14547 1167 1090 1177 2538 
14548 1867 2671 2191 2857 
14549 693 794 1320 2488 
14550 1129 2780 2122 2931 
14551 191 192 56 2244 
14552 1622 1772 2681 2756 
14553 139 559 141 2438 
14554 1563 2820 1564 2950 
14555 2051 2356 2740 2782 
14556 1699 1700 1402 2363 
14557 47 95 46 2395 
14558 1205 1057 1232 2593 
14559 432 431 433 2682 
14560 1057 1058 1232 2593 
14561 506 505 507 2471 
14562 1279 1827 1278 2290 
14563 2079 2611 2629 2853 
14564 1337 308 1336 2746 
14565 1413 1364 48 2967 
14566 196 1276 1277 2864 
14567 970 508 1155 2976 
14568 1225 1007 849 2615 
14569 664 663 1549 2632 
14570 1155 59 57 2521 
14571 1980 2465 2655 2942 
14572 1206 1127 383 2580 
14573 912 1434 911 2850 
14574 719 967 1763 2384 
14575 19 1679 485 2844 
14576 990 1813 1324 2685 
14577 2740 2782 1972 2929 
14578 10 2755 2582 2957 
14579 366 1739 2558 2975 
14580 2276 2670 1891 2840 
14581 2216 2760 1977 2949 
14582 851 550 448 2832 
14583 1217 1025 1026 2491 
14584 252 916 251 2466 
14585 508 816 2535 2976 
14586 808 1468 807 2581 
14587 501 1286 53 2609 
14588 551 1766 452 2911 
14589 360 1718 1830 2812 
14590 862 1105 1106 2674 
14591 1835 908 909 2415 
14592 1275 1489 1274 2446 
14593 295 604 2445 2930 
14594 2286 2729 1910 2939 
14595 486 424 425 2972 
14596 658 396 783 857 
14597 1895 2516 2865 2933 
14598 381 523 64 2654 
14599 1500 956 1786 2957 
14600 571 1554 321 2517 
14601 2094 2820 2351 2950 
14602 866 402 498 2835 
14603 1244 1566 1567 2765 
14604 1225 630 1007 2615 
14605 2221 2808 1960 2874 
14606 1693 327 1623 2822 
14607 1915 2416 2601 2802 
14608 53 1286 52 2609 
14609 1488 2324 568 2980 
14610 1598 123 1189 2386 
14611 261 477 1534 2472 
14612 1351 204 1805 2595 
14613 1516 697 901 2377 
14614 926 201 1364 2696 
14615 1739 776 366 2558 
14616 1548 1590 1587 2911 
14617 1298 1563 1564 2950 
14618 1472 1473 1508 2339 
14619 1713 1824 1127 2846 
14620 1267 1528 1391 2496 
14621 694 519 693 2949 
14622 99 197 98 2525 
14623 101 102 133 2395 
14624 86 88 87 2862 
14625 596 779 598 2430 
14626 1753 2360 1276 2864 
14627 1627 487 473 2389 
14628 708 2680 706 2718 
14629 819 1032 2485 2909 
14630 1534 296 297 2705 
14631 1904 2660 2458 2759 
14632 618 616 1410 2937 
14633 573 574 671 2815 
14634 1343 818 1013 2750 
14635 1238 1718 360 2812 
14636 1141 1547 844 2519 
14637 1777 905 1476 2946 
14638 1088 914 195 2385 
14639 421 1676 1260 2858 
14640 2126 2789 2204 2891 
14641 2796 2865 2428 2897 
14642 75 74 76 2894 
14643 1309 957 958 2558 
14644 1292 1416 1291 2411 
14645 536 1101 535 2459 
14646 1573 1574 516 2618 
14647 906 1525 905 2733 
14648 576 670 1137 2786 
14649 714 615 613 2326 
14650 509 894 1514 2903 
14651 176 638 636 2730 
14652 311 67 2664 2721 
14653 772 52 771 2841 
14654 2428 2796 1961 2865 
14655 973 1226 2460 2836 
14656 672 966 1293 2390 
14657 2659 2806 1940 2888 
14658 1292 1566 1331 2690 
14659 512 1109 1257 2774 
14660 2200 2863 2252 2943 
14661 625 626 1190 2544 
14662 1914 2664 2610 2721 
14663 1489 1426 1274 2446 
14664 1129 1130 1075 2780 
14665 501 500 499 2742 
14666 1798 536 1498 2526 
14667 752 923 1219 2716 
14668 636 944 178 2639 
14669 441 1320 440 2584 
14670 1140 844 1441 2489 
14671 487 657 424 2587 
14672 1161 1517 751 2506 
14673 556 22 555 2692 
14674 1544 1660 1301 2893 
14675 856 1765 243 2754 
14676 1652 325 1667 2550 
14677 408 407 406 764 
14678 1427 1570 317 2912 
14679 1576 1256 1314 2891 
14680 430 1018 1646 2688 
14681 447 2763 446 2943 
14682 2200 2047 2863 2943 
14683 1500 765 1114 2957 
14684 1606 1620 1652 2811 
14685 1200 1774 1050 2337 
14686 1004 1769 1003 2745 
14687 383 154 382 2321 
14688 881 376 286 2853 
14689 1138 521 1345 2978 
14690 143 1665 1611 2434 
14691 485 1192 622 2844 
14692 1198 975 1070 2868 
14693 1957 2601 2416 2802 
14694 1578 1319 1183 2793 
14695 861 1719 69 2565 
14696 1214 1216 1215 2451 
14697 1284 2534 525 2883 
14698 511 1514 180 2903 
14699 761 897 760 2603 
14700 1641 1686 1461 2325 
14701 1719 726 1708 2902 
14702 107 109 108 2854 
14703 1634 1613 1287 2656 
14704 1729 625 1191 2544 
14705 1122 1343 1121 2564 
14706 2350 2550 1907 2811 
14707 699 700 1488 2324 
14708 633 447 686 2763 
14709 1556 1334 891 2734 
14710 1029 1103 1020 2462 
14711 1307 1065 785 2718 
14712 1921 2551 2417 2762 
14713 850 1736 1422 2199 
14714 149 1349 1740 2405 
14715 465 1116 1022 822 
14716 2485 2879 2188 2909 
14717 437 436 438 2700 
14718 2043 2428 2865 2897 
14719 1060 351 352 2509 
14720 423 422 421 2814 
14721 936 1017 935 2773 
14722 58 1589 57 2311 
14723 1621 928 1607 2416 
14724 1255 1254 958 2363 
14725 2079 2629 2376 2819 
14726 1439 393 1173 2523 
14727 778 172 1636 2477 
14728 1063 163 468 2432 
14729 1969 2327 2855 2955 
14730 1622 1772 1518 2681 
14731 1122 1019 173 2564 
14732 1072 584 1128 2717 
14733 12 466 11 2957 
14734 817 358 816 2535 
14735 1414 1412 1251 2623 
14736 1115 1500 1114 2582 
14737 947 109 1132 2854 
14738 2202 2921 1960 2972 
14739 1367 1368 1788 2777 
14740 1755 1406 1688 2695 
14741 262 1308 1697 2545 
14742 1197 1196 1198 2649 
14743 1362 1363 1704 2889 
14744 2382 2636 2034 2884 
14745 784 1052 830 1064 
14746 1425 1620 1379 2811 
14747 1033 1156 1125 2713 
14748 1213 1284 1327 2534 
14749 1582 1017 936 2773 
14750 115 85 114 2418 
14751 364 2491 903 2975 
14752 140 1111 1172 2874 
14753 661 249 247 2924 
14754 1321 1496 188 2529 
14755 280 279 281 2901 
14756 800 1242 2579 2950 
14757 1597 711 856 2754 
14758 270 268 1104 2379 
14759 17 863 645 2702 
14760 1322 666 540 2861 
14761 77 531 1483 2869 
14762 2547 2795 2302 2936 
14763 588 1269 1324 2685 
14764 270 78 79 2869 
14765 629 916 252 2466 
14766 685 633 686 2740 
14767 9 8 7 2953 
14768 1139 1316 627 2600 
14769 1570 1427 1555 2677 
14770 134 1370 1632 2813 
14771 1136 541 992 2899 
14772 627 1262 30 2794 
14773 429 428 427 2659 
14774 1059 1776 560 2938 
14775 2098 2302 2795 2936 
14776 1486 936 1485 2625 
14777 196 1277 43 2392 
14778 843 1421 1492 2640 
14779 1240 794 1239 2488 
14780 1630 1082 1481 2631 
14781 868 350 810 2830 
14782 426 2808 1171 2972 
14783 1563 496 1753 2624 
14784 1198 1375 975 2649 
14785 1373 310 1234 2882 
14786 236 743 532 2607 
14787 1029 153 1103 2462 
14788 420 1595 1623 2822 
14789 517 798 294 2926 
14790 1465 1464 775 2755 
14791 1424 1534 477 2775 
14792 1477 1572 1476 2946 
14793 151 150 149 2405 
14794 1698 1345 1614 2442 
14795 1478 1650 248 2803 
14796 2008 2795 2547 2936 
14797 348 350 349 2830 
14798 2432 2584 1901 2658 
14799 99 98 100 2525 
14800 973 972 2836 2955 
14801 816 358 508 2535 
14802 1186 1529 168 2647 
14803 1135 16 1136 2899 
14804 1688 255 1377 2787 
14805 872 1695 1674 2612 
14806 409 411 410 2413 
14807 859 1717 326 2724 
14808 79 1483 6 2869 
14809 299 416 298 2589 
14810 412 1471 1281 2551 
14811 869 698 1715 2620 
14812 816 970 971 2976 
14813 1532 1300 1358 2804 
14814 773 774 421 423 
14815 258 430 1645 2576 
14816 931 966 31 2390 
14817 1814 1064 1065 2630 
14818 236 532 235 2607 
14819 1395 1558 311 2664 
14820 965 1184 964 2449 
14821 1011 1227 213 2500 
14822 737 738 818 2750 
14823 304 303 1302 2761 
14824 836 287 911 2850 
14825 1013 738 552 2750 
14826 1131 1190 1289 2299 
14827 1363 1362 866 2835 
14828 1630 1482 263 2631 
14829 983 778 984 2477 
14830 943 636 637 2511 
14831 229 230 192 2956 
14832 507 671 506 2815 
14833 1720 1721 347 2805 
14834 1714 1679 1681 2492 
14835 1129 1130 2780 2931 
14836 1089 1088 195 2385 
14837 1068 1384 68 2851 
14838 465 406 466 1680 
14839 469 494 1063 2658 
14840 1189 1317 1003 2665 
14841 1823 389 1341 2925 
14842 99 232 198 2936 
14843 640 641 1485 2409 
14844 570 1117 623 2909 
14845 1021 1022 1116 822 
14846 2186 1940 2806 2888 
14847 467 576 1137 2786 
14848 433 850 628 2932 
14849 1255 1500 1115 2582 
14850 1408 377 376 2853 
14851 314 1732 921 2457 
14852 774 421 1260 2858 
14853 32 39 37 2390 
14854 1235 1234 1233 2882 
14855 2510 2904 2255 2951 
14856 1794 1360 1120 2676 
14857 1576 240 1431 2891 
14858 1235 401 1373 2882 
14859 262 263 1308 2545 
14860 981 1742 1773 2475 
14861 29 662 361 2486 
14862 1424 1220 296 2775 
14863 2674 2855 2327 2955 
14864 605 423 773 2814 
14865 294 293 518 2721 
14866 246 489 898 2667 
14867 551 550 549 2531 
14868 467 1137 1721 2786 
14869 428 1227 1011 2500 
14870 180 2903 1514 2968 
14871 1677 1676 1678 2858 
14872 46 133 45 2395 
14873 35 1082 969 2965 
14874 562 564 563 2784 
14875 80 612 96 2825 
14876 2693 2908 2021 2928 
14877 1292 1331 1416 2690 
14878 1163 1727 1522 2927 
14879 848 2558 1309 2975 
14880 180 1514 179 2968 
14881 832 1757 1715 2620 
14882 1201 1530 1531 2791 
14883 1627 585 487 2389 
14884 669 668 667 2771 
14885 988 209 1283 2514 
14886 156 125 124 1000 
14887 1153 620 278 2453 
14888 1030 415 152 2651 
14889 2336 1972 2740 2782 
14890 133 102 45 2395 
14891 909 910 1776 2938 
14892 482 1003 1002 2665 
14893 1072 1128 735 2717 
14894 68 67 66 2610 
14895 30 578 222 2794 
14896 32 37 31 2390 
14897 1419 1418 1420 2801 
14898 716 717 1626 2616 
14899 1634 1419 1613 2801 
14900 1427 317 315 2912 
14901 681 727 728 2588 
14902 463 462 464 2897 
14903 1201 1199 1530 2791 
14904 925 449 450 2628 
14905 1835 480 1718 2653 
14906 1980 2768 2465 2942 
14907 727 1747 726 2902 
14908 892 893 316 2821 
14909 651 1372 609 2542 
14910 1108 1826 1110 2704 
14911 1283 209 1720 2514 
14912 2652 2821 1941 2974 
14913 1015 2551 1016 2963 
14914 854 2680 710 2718 
14915 608 907 1209 2626 
14916 608 978 607 2895 
14917 521 1138 373 2978 
14918 243 242 244 2856 
14919 806 1163 1522 2448 
14920 147 528 896 2754 
14921 716 1626 645 2616 
14922 996 1615 1467 2642 
14923 182 359 23 2562 
14924 1127 1206 1585 2580 
14925 1154 981 1773 2475 
14926 1213 272 525 2534 
14927 806 1522 811 2448 
14928 2042 2865 2796 2897 
14929 2068 2711 2536 2719 
14930 227 228 960 2694 
14931 1428 789 1480 2661 
14932 1219 1768 1505 2732 
14933 819 924 753 2485 
14934 907 906 905 2733 
14935 1431 1643 1430 2719 
14936 273 274 1499 2528 
14937 568 570 569 2683 
14938 219 221 220 2722 
14939 1148 921 1359 2870 
14940 777 698 237 2569 
14941 1812 1820 1822 2959 
14942 181 180 179 2968 
14943 1129 1568 1662 2780 
14944 1758 1724 585 2428 
14945 903 364 902 2491 
14946 33 672 133 2596 
14947 441 440 442 2584 
14948 1417 1415 1556 2767 
14949 569 570 622 2683 
14950 413 1661 654 2476 
14951 1395 312 1394 2664 
14952 149 150 1349 2405 
14953 356 877 875 2954 
14954 760 708 761 2603 
14955 669 330 218 2736 
14956 1812 963 1606 2959 
14957 1643 1633 1825 2536 
14958 1108 1110 1109 2704 
14959 760 707 708 2680 
14960 40 352 1033 2896 
14961 1100 722 162 2787 
14962 1284 525 1285 2883 
14963 294 66 67 2721 
14964 1184 1185 1120 2676 
14965 957 1786 956 2755 
14966 889 260 890 2561 
14967 1032 924 819 2485 
14968 413 1046 1661 2476 
14969 1338 1390 1304 2540 
14970 1216 1817 1385 2720 
14971 843 1706 739 2640 
14972 1544 310 1660 2483 
14973 90 417 418 2559 
14974 1198 1070 1066 2868 
14975 755 756 942 2833 
14976 658 126 398 767 
14977 335 333 1318 2387 
14978 465 1535 406 1680 
14979 1313 527 10 2582 
14980 464 462 1834 2897 
14981 588 586 1123 2369 
14982 1622 616 1772 2756 
14983 795 1764 796 2900 
14984 199 787 788 2725 
14985 645 1076 646 2443 
14986 96 1060 621 2574 
14987 581 897 896 2508 
14988 349 350 868 2830 
14989 802 801 800 2579 
14990 448 1081 851 2832 
14991 886 940 638 2730 
14992 603 295 604 2445 
14993 553 1646 1354 2934 
14994 1247 446 895 2943 
14995 67 68 1384 2610 
14996 1744 417 90 2559 
14997 858 326 324 2724 
14998 196 112 110 2864 
14999 731 1517 280 2901 
15000 1513 279 974 2779 
15001 1173 393 1174 2523 
15002 973 1629 972 2955 
15003 848 1309 1025 2975 
15004 858 324 1160 2585 
15005 242 1114 244 2856 
15006 1786 764 765 2957 
15007 973 961 1226 2836 
15008 10 1464 2755 2957 
15009 265 744 267 2547 
15010 1222 1232 1058 2962 
15011 508 970 816 2976 
15012 322 305 323 2546 
15013 1107 602 600 2892 
15014 1779 769 770 2747 
15015 876 1288 875 2560 
15016 86 935 1017 2862 
15017 1191 1131 1129 2931 
15018 1303 446 447 2763 
15019 10 1699 1313 2582 
15020 1358 1300 1337 2804 
15021 464 1834 1758 2897 
15022 1980 2598 2768 2942 
15023 969 1082 1630 2965 
15024 295 729 604 2930 
15025 307 305 322 2546 
15026 510 1084 509 2527 
15027 1779 185 1193 2971 
15028 1802 888 1816 2810 
15029 1633 1643 1632 2536 
15030 710 854 855 2680 
15031 800 1298 1242 2950 
15032 625 1190 1191 2544 
15033 566 567 769 2675 
15034 1484 436 433 2932 
15035 526 525 183 2883 
15036 1829 1828 1672 2827 
15037 469 1230 1231 2658 
15038 946 948 947 2854 
15039 1146 1582 225 2843 
15040 1544 1234 310 2483 
15041 978 1656 1295 2845 
15042 1819 1485 934 2764 
15043 1604 971 522 2637 
15044 339 1038 1778 2548 
15045 109 1378 108 2854 
15046 1232 1223 1789 2962 
15047 823 530 531 2770 
15048 210 806 7 2953 
15049 1485 641 1486 2625 
15050 353 352 351 2509 
15051 92 447 446 2943 
15052 366 364 903 2975 
15053 1219 479 1768 2732 
15054 1064 1814 1278 2630 
15055 184 1779 1744 2747 
15056 1138 742 239 2602 
15057 790 416 299 2589 
15058 859 1610 1608 2686 
15059 398 396 658 767 
15060 1563 1298 800 2950 
15061 10 1464 1699 2755 
15062 520 301 302 2797 
15063 367 369 368 2410 
15064 1708 1747 1748 2902 
15065 1111 1113 1112 2874 
15066 1679 1192 485 2844 
15067 953 954 1461 2758 
15068 1986 2900 2417 2963 
15069 50 199 788 2725 
15070 710 855 709 2680 
15071 1018 430 1019 2688 
15072 207 417 206 2749 
15073 551 452 550 2531 
15074 978 977 607 2895 
15075 570 568 1032 2909 
15076 819 1117 1032 2909 
15077 1148 1359 1304 2870 
15078 437 942 941 2833 
15079 1615 1466 1467 2642 
15080 1135 1136 992 2899 
15081 990 1324 1269 2685 
15082 345 1665 1720 2805 
15083 1186 1696 1501 2647 
15084 875 1288 58 2560 
15085 1109 1110 1256 2789 
15086 1066 1070 1069 2868 
15087 833 834 828 2638 
15088 2387 2774 1916 2923 
15089 254 255 1688 2787 
15090 1651 1659 1658 2592 
15091 635 634 633 2740 
15092 574 814 506 2815 
15093 1227 1213 1327 2806 
15094 1105 1401 1106 2674 
15095 944 1810 178 2639 
15096 192 1502 229 2939 
15097 858 859 326 2724 
15098 1534 1424 296 2775 
15099 265 198 232 2936 
15100 1139 627 28 2600 
15101 1602 563 1603 2964 
15102 1016 1015 412 2551 
15103 1412 1074 1251 2623 
15104 1026 1025 1024 2491 
15105 1367 1788 1221 2777 
15106 794 520 302 2797 
15107 1575 1574 1573 2618 
15108 1113 1195 1357 2921 
15109 959 762 955 2847 
15110 528 403 527 2856 
15111 1609 1608 1610 2686 
15112 280 974 279 2779 
15113 1811 178 1810 2639 
15114 639 420 392 2753 
15115 34 1600 782 2807 
15116 1502 192 176 2939 
15117 1554 1150 321 2517 
15118 1736 437 768 2700 
15119 778 1636 984 2477 
15120 985 291 292 2798 
15121 1052 784 1175 1064 
15122 261 259 477 2472 
15123 1581 1216 1385 2720 
15124 1617 1618 1619 2913 
15125 1320 794 1240 2488 
15126 110 111 1564 2820 
15127 1316 943 637 2511 
15128 856 709 1290 2603 
15129 431 151 149 2682 
15130 1645 1592 258 2576 
15131 552 553 1354 2934 
15132 500 745 499 2742 
15133 52 772 51 2841 
15134 646 1413 1188 2967 
15135 1123 1107 1268 2892 
15136 811 810 806 2953 
15137 1549 1737 691 2632 
15138 443 1295 1656 2845 
15139 1050 1051 1321 2529 
15140 1606 962 1607 2919 
15141 679 680 1618 2913 
15142 1659 718 1658 2592 
15143 1654 1015 1771 2963 
15144 715 1760 128 2633 
15145 423 605 363 2814 
15146 913 426 322 2808 
15147 1630 1481 1482 2631 
15148 1704 1363 1518 2889 
15149 809 807 1068 2851 
15150 473 472 471 2961 
15151 1599 1454 524 2530 
15152 433 436 850 2932 
15153 1361 1146 225 2843 
15154 1267 1628 1528 2496 
15155 1268 600 1270 2892 
15156 801 1125 1404 2568 
15157 44 488 269 2915 
15158 436 437 1736 2700 
15159 1392 1515 1194 2634 
15160 834 833 832 2638 
15161 356 357 877 2954 
15162 1801 1769 1004 2745 
15163 1025 1217 1164 2975 
15164 1375 1198 1196 2649 
15165 312 311 67 2664 
15166 509 1514 511 2903 
15167 230 1682 1733 2956 
15168 1121 1019 1122 2564 
15169 423 363 362 2814 
15170 1178 1177 1319 2793 
15171 1653 983 1045 2875 
15172 1689 1690 1818 2979 
15173 1642 1643 1825 2719 
15174 1280 612 80 2825 
15175 217 1245 216 2669 
15176 1262 1795 578 2794 
15177 246 898 1087 2667 
15178 756 787 941 2833 
15179 432 434 151 2682 
15180 523 1454 63 2654 
15181 1630 264 969 2965 
15182 1757 869 1715 2620 
15183 1802 1778 1796 2810 
15184 1788 604 729 2930 
15185 1099 1260 1676 2858 
15186 973 972 839 2836 
15187 1652 1620 1425 2811 
15188 882 881 883 2591 
15189 843 1492 1706 2640 
15190 148 827 422 2814 
15191 1033 1044 40 2896 
15192 1341 1815 1805 2925 
15193 133 672 101 2596 
15194 1735 1518 1772 2681 
15195 560 910 427 2938 
15196 1034 1459 917 2727 
15197 1735 1772 1603 2681 
15198 1311 1310 1312 2823 
15199 73 135 134 2813 
15200 1812 1652 1667 2550 
15201 269 488 268 2915 
15202 18 457 17 2702 
15203 1712 1819 934 2764 
15204 1228 429 1238 2888 
15205 251 789 253 2661 
15206 132 365 131 2975 
15207 1677 1099 1676 2858 
15208 1188 1413 48 2967 
15209 638 637 636 2730 
15210 802 800 1242 2579 
15211 1243 1245 1244 2765 
15212 1016 412 1281 2551 
15213 750 749 748 2944 
15214 1172 1112 1171 2874 
15215 1564 1563 110 2820 
15216 469 1231 494 2658 
15217 541 260 889 2561 
15218 923 752 753 2716 
15219 692 920 694 2949 
15220 424 426 425 2972 
15221 1228 272 1213 2806 
15222 827 1738 422 2814 
15223 1410 353 619 2937 
15224 1465 776 1739 2558 
15225 848 957 1309 2558 
15226 1416 1415 1417 2767 
15227 982 258 1592 2576 
15228 1213 525 1284 2534 
15229 1473 1690 1689 2979 
15230 110 1753 1276 2864 
15231 926 1364 1414 2696 
15232 1470 1587 1586 2762 
15233 1160 324 1380 2585 
15234 473 487 486 2961 
15235 15 690 14 2790 
15236 1533 795 828 2900 
15237 1083 1147 273 2898 
15238 420 1623 327 2822 
15239 162 722 256 2787 
15240 1575 782 1600 2807 
15241 259 540 665 2861 
15242 714 392 391 2918 
15243 1488 1487 1511 2980 
15244 774 1260 1098 2858 
15245 554 747 1014 2663 
15246 256 722 255 2787 
15247 148 422 362 2814 
15248 1334 977 891 2734 
15249 1003 1317 1002 2665 
15250 831 854 998 2718 
15251 1238 271 1228 2888 
15252 343 933 342 2977 
15253 220 1584 219 2722 
15254 953 952 954 2758 
15255 782 1575 1339 2807 
15256 280 281 731 2901 
15257 633 685 635 2740 
15258 1574 1575 1542 2618 
15259 1299 354 1028 2966 
15260 633 1303 447 2763 
15261 1218 1164 1217 2975 
15262 376 377 286 2853 
15263 294 67 293 2721 
15264 1470 1752 1281 2762 
15265 64 523 63 2654 
15266 14 882 13 2790 
15267 367 528 527 2856 
15268 1597 856 243 2754 
15269 543 542 544 2907 
15270 948 1378 947 2854 
15271 1447 544 542 2907 
15272 1618 680 1619 2913 
15273 896 761 147 2754 
15274 1600 1542 1575 2618 
15275 1368 75 76 2894 
15276 61 1195 60 2921 
15277 22 556 1536 2692 
15278 892 1451 894 2652 
15279 1311 1509 1310 2823 
15280 465 1535 1680 1022 
15281 663 1737 1549 2632 
15282 1099 1098 1260 2858 
15283 345 1720 347 2805 
15284 128 1760 127 2633 
15285 1653 1045 1655 2875 
15286 164 1194 1515 2634 
15287 1534 297 1790 2705 
15288 1202 1410 1622 2756 
15289 959 955 1355 2847 
15290 1037 101 672 2596 
15291 551 1587 1590 2911 
15292 1106 972 1629 2955 
15293 1567 1243 1244 2765 
15294 165 1775 1193 2824 
15295 256 255 254 2787 
15296 1014 963 1822 2959 
15297 1488 568 922 2980 
15298 1185 1794 1120 2676 
15299 1500 1786 765 2957 
15300 1186 1501 1529 2647 
15301 551 1590 1766 2911 
15302 807 1384 1068 2851 
15303 866 1362 402 2835 
15304 1436 976 1641 2752 
15305 1009 1147 1083 2898 
15306 1053 658 783 857 
15307 1299 1028 1298 2966 
15308 1491 1302 303 2761 
15309 422 423 362 2814 
15310 798 797 799 2926 
15311 1130 1131 712 2931 
15312 1051 1496 1321 2529 
15313 1129 1075 1568 2780 
15314 1430 1643 1642 2719 
15315 880 883 837 2877 
15316 1491 1143 1302 2761 
15317 365 366 131 2975 
15318 1232 1222 1223 2962 
15319 410 128 1510 2945 
15320 1247 92 446 2943 
15321 639 1326 420 2753 
15322 824 823 531 2770 
15323 673 669 218 2736 
15324 1442 883 880 2877 
15325 892 316 1553 2821 
15326 312 1395 311 2664 
15327 79 78 77 2869 
15328 409 319 1828 2827 
15329 334 513 512 2923 
15330 1660 1300 1301 2893 
15331 1727 1381 793 2927 
15332 1419 1634 1418 2801 
15333 517 797 798 2926 
15334 1622 1410 616 2756 
15335 253 789 1428 2661 
15336 389 1815 1341 2925 
15337 1744 1779 770 2747 
15338 1041 1043 1042 2858 
15339 708 707 706 2680 
15340 1164 132 848 2975 
15341 793 1522 1727 2927 
15342 1314 1256 1110 2789 
15343 912 911 287 2850 
15344 1607 962 283 2919 
15345 863 17 457 2702 
15346 165 1340 1775 2824 
15347 1177 1183 1319 2793 
15348 1234 1235 1373 2882 
15349 600 1268 1107 2892 
15350 334 512 333 2923 
15351 946 150 976 2752 
15352 1470 1586 1752 2762 
15353 300 1145 1432 2947 
15354 344 343 342 2977 
15355 1193 185 1194 2971 
15356 1262 578 30 2794 
15357 1576 1431 1256 2891 
15358 1699 1464 1465 2755 
15359 1164 365 132 2975 
15360 720 668 669 2771 
15361 1602 582 563 2964 
15362 1030 152 1029 2651 
15363 748 1152 750 2944 
15364 1098 1043 1041 2858 
15365 935 86 87 2862 
15366 1533 1764 795 2900 
15367 526 1285 525 2883 
15368 1013 818 738 2750 
15369 1436 946 976 2752 
15370 706 1065 1307 2718 
15371 714 391 1248 2918 
15372 79 77 1483 2869 
15373 60 1195 1113 2921 
15374 129 1510 128 2945 
15375 135 1370 134 2813 
15376 973 839 961 2836 
15377 815 1145 300 2947 
15378 1041 774 1098 2858 
15379 1708 726 1747 2902 
15380 947 1378 109 2854 
15381 9 806 810 2953 
15382 1406 1755 1405 2695 
15383 1829 409 1828 2827 
15384 1348 42 1409 2960 
15385 666 665 540 2861 
15386 1053 784 1052 830 
15387 10 11 1464 2957 
15388 365 1218 364 2975 
15389 1126 1127 1824 2846 
15390 1227 1228 1213 2806 
15391 570 1032 1117 2909 
15392 245 662 661 2924 
15393 1555 1415 1570 2677 
15394 7 806 9 2953 
15395 42 1348 980 2960 
15396 661 247 245 2924 
15397 431 432 151 2682 
15398 1812 1822 963 2959 
15399 1476 1572 1777 2946 
15400 229 231 230 2956 
15401 574 506 671 2815 
15402 1533 1015 1016 2963 
15403 110 1276 196 2864 
15404 1802 1816 1778 2810 
15405 14 13 15 2790 
15406 1535 465 1116 1022 
15407 693 692 694 2949 
15408 940 637 638 2730 
15409 231 1682 230 2956 
15410 1112 1172 1111 2874 
15411 941 942 756 2833 
15412 1129 1131 1130 2931 
15413 426 913 1171 2808 
15414 998 854 710 2718 
15415 472 473 486 2961 
15416 1533 1771 1015 2963 
15417 365 1164 1218 2975 
15418 10 12 11 2957 
15419 619 618 1410 2937 
15420 1488 922 1487 2980 
15421 560 1776 910 2938 
15422 848 1025 1164 2975 
15423 365 364 366 2975 
15424 2321 2246 2440 1896 
15425 2321 2440 2246 1936 
15426 2830 1055 2403 2003 
15427 2830 2403 1055 868 
15428 2825 2102 2727 2574 
15429 2825 2727 2102 2072 
15430 2369 2577 2038 1868 
15431 2038 2577 2369 1950 
15432 1146 2862 2467 86 
15433 2467 2862 1146 1971 
15434 2141 721 593 2049 
15435 2141 593 721 825 
15436 2924 250 2279 1962 
15437 2590 1995 1942 2442 
15438 2590 1942 1995 2567 
15439 2581 1838 1507 1506 
15440 2581 1507 1838 2112 
15441 2754 146 145 1597 
15442 2754 145 146 147 
15443 2623 713 2059 1074 
15444 2623 2059 713 2207 
15445 1130 2059 713 1074 
15446 2825 2937 2223 1264 
15447 2223 2937 2825 1991 
15448 2330 615 614 1709 
15449 2330 614 615 2326 
15450 2620 2100 1879 2377 
15451 2620 1879 2100 2135 
15452 2718 711 708 710 
15453 2718 708 711 1807 
15454 2603 708 711 710 
15455 2603 711 708 1807 
15456 2357 2531 2668 2002 
15457 2668 2531 2357 2158 
15458 2738 2412 1871 2052 
15459 2738 1871 2412 2297 
15460 2928 2884 2179 2021 
15461 2928 2179 2884 2005 
15462 2734 804 805 2077 
15463 2734 805 804 891 
15464 2188 821 730 2148 
15465 2188 730 821 820 
15466 2261 2420 2453 1876 
15467 2453 2420 2261 2014 
15468 2889 2366 1925 2681 
15469 2889 1925 2366 2127 
15470 2371 2470 1924 2020 
15471 1924 2470 2371 2273 
15472 2483 2067 1233 2397 
15473 2483 1233 2067 2231 
15474 2618 515 2367 1574 
15475 2618 2367 515 2090 
15476 533 2367 515 1574 
15477 533 515 2367 2090 
15478 867 2527 2898 2218 
15479 867 2898 2527 2217 
15480 1932 2898 2527 2218 
15481 1932 2527 2898 2217 
15482 2174 301 2807 782 
15483 2174 2807 301 2020 
15484 746 2171 685 762 
15485 685 2171 746 2051 
15486 2262 2237 2837 1884 
15487 2262 2837 2237 1948 
15488 2626 1561 1560 1209 
15489 2626 1560 1561 2495 
15490 2779 1893 2150 1982 
15491 2779 2150 1893 2400 
15492 2908 2731 2236 1865 
15493 2908 2236 2731 2030 
15494 2615 1975 630 2199 
15495 2615 630 1975 2466 
15496 1001 157 124 156 
15497 1001 124 157 397 
15498 2793 2075 603 2445 
15499 2793 603 2075 2538 
15500 2924 489 250 247 
15501 2924 250 489 2279 
15502 2321 153 1126 154 
15503 2321 1126 153 2152 
15504 2696 2834 2570 2098 
15505 2570 2834 2696 1937 
15506 2570 2207 2696 2098 
15507 803 2189 2508 1746 
15508 2508 2189 803 2077 
15509 2429 2594 2361 1932 
15510 2361 2594 2429 1956 
15511 2647 177 167 2286 
15512 2647 167 177 1529 
15513 2550 2839 2256 1967 
15514 2256 2839 2550 1907 
15515 2825 619 351 1991 
15516 2825 351 619 612 
15517 2425 2554 2636 2005 
15518 2636 2554 2425 2329 
15519 2599 2850 2394 1970 
15520 2394 2850 2599 2067 
15521 158 2240 160 159 
15522 160 2240 158 2023 
15523 1304 2694 2784 227 
15524 2784 2694 1304 2540 
15525 2817 1841 2191 2318 
15526 2817 2191 1841 2001 
15527 2618 1142 1573 2213 
15528 2618 1573 1142 516 
15529 632 2977 2149 344 
15530 2149 2977 632 2243 
15531 2149 346 632 344 
15532 632 346 2149 2243 
15533 2545 2247 2546 306 
15534 2546 2247 2545 2026 
15535 2546 305 2545 306 
15536 2545 305 2546 2026 
15537 2114 2518 1898 2073 
15538 1898 2518 2114 2050 
15539 2884 2179 2382 2005 
15540 2884 2382 2179 1853 
15541 2366 2205 1503 2127 
15542 2366 1503 2205 2746 
15543 2562 2883 2298 183 
15544 2298 2883 2562 1984 
15545 2667 5 2169 2333 
15546 2667 2169 5 1389 
15547 2418 2858 491 2232 
15548 491 2858 2418 113 
15549 2480 2191 1841 2318 
15550 2480 1841 2191 2419 
15551 2847 2051 2057 2532 
15552 2847 2057 2051 2171 
15553 2764 2338 2873 1968 
15554 2873 2338 2764 274 
15555 2873 2528 2764 1968 
15556 2764 2528 2873 274 
15557 2720 1580 2451 2640 
15558 2720 2451 1580 1581 
15559 2584 2025 442 2432 
15560 2584 442 2025 2310 
15561 887 2718 1807 1307 
15562 1807 2718 887 999 
15563 2907 2500 1012 2015 
15564 2907 1012 2500 543 
15565 2926 1914 2319 2393 
15566 2926 2319 1914 2042 
15567 459 1356 2180 460 
15568 2180 1356 459 1306 
15569 2687 1850 2515 2048 
15570 2687 2515 1850 2080 
15571 2388 2768 2339 1900 
15572 2339 2768 2388 1954 
15573 1902 2070 2548 2252 
15574 2548 2070 1902 2952 
15575 2906 2231 1906 2646 
15576 2906 1906 2231 2483 
15577 2947 1933 2316 2111 
15578 2947 2316 1933 2085 
15579 2600 202 29 28 
15580 2600 29 202 2175 
15581 2703 2699 2353 1944 
15582 2703 2353 2699 2120 
15583 2694 2609 500 960 
15584 2694 500 2609 2010 
15585 649 2226 648 647 
15586 648 2226 649 2155 
15587 2898 2017 1497 2218 
15588 2898 1497 2017 2528 
15589 2741 2353 2859 2404 
15590 2741 2859 2353 1944 
15591 2558 903 475 2491 
15592 2558 475 903 1739 
15593 2886 2701 2198 2461 
15594 2886 2198 2701 1890 
15595 2508 368 367 581 
15596 2508 367 368 2410 
15597 2418 1043 2858 2232 
15598 2418 2858 1043 114 
15599 2850 1874 2441 2289 
15600 2850 2441 1874 2067 
15601 2609 2277 2895 1948 
15602 2609 2895 2277 2010 
15603 2261 1259 620 2014 
15604 2261 620 1259 1578 
15605 2119 2872 2627 1857 
15606 2627 2872 2119 2000 
15607 2881 2043 2592 2389 
15608 2881 2592 2043 2196 
15609 2369 2766 2294 587 
15610 2294 2766 2369 2038 
15611 2784 1304 1390 2540 
15612 2784 1390 1304 562 
15613 887 998 857 999 
15614 857 998 887 785 
15615 2524 2731 2539 1935 
15616 2539 2731 2524 2236 
15617 2570 1990 1869 2348 
15618 2570 1869 1990 2207 
15619 2581 1505 1507 2157 
15620 2581 1507 1505 1506 
15621 2695 1525 1524 1405 
15622 2695 1524 1525 1985 
15623 2760 2209 2917 1987 
15624 2760 2917 2209 1873 
15625 2546 1649 503 2264 
15626 2546 503 1649 307 
15627 1863 2103 2636 2425 
15628 1863 2636 2103 2697 
15629 2329 2636 2103 2425 
15630 2329 2103 2636 2697 
15631 2425 2880 2863 2103 
15632 2863 2880 2425 2166 
15633 2978 522 2181 373 
15634 2978 2181 522 2637 
15635 1831 2522 1653 1734 
15636 1831 1653 2522 2875 
15637 241 2536 2813 1632 
15638 2813 2536 241 2473 
15639 2813 134 241 1632 
15640 241 134 2813 2473 
15641 2644 2265 2537 1889 
15642 2644 2537 2265 1976 
15643 2523 395 394 2006 
15644 2523 394 395 393 
15645 2667 1962 1882 2169 
15646 2667 1882 1962 2279 
15647 2823 1599 2037 1311 
15648 2823 2037 1599 2530 
15649 122 2037 1599 1311 
15650 122 1599 2037 2530 
15651 2911 1750 1832 1590 
15652 2911 1832 1750 2296 
15653 2907 649 1446 544 
15654 2907 1446 649 2155 
15655 2214 2772 2011 2195 
15656 2011 2772 2214 2116 
15657 713 2931 2059 1130 
15658 2059 2931 713 2207 
15659 2562 1959 1493 2298 
15660 2562 1493 1959 2320 
15661 2803 1819 2764 2089 
15662 2803 2764 1819 1650 
15663 2935 2571 2087 1839 
15664 2935 2087 2571 1983 
15665 1635 2669 1330 217 
15666 1330 2669 1635 2345 
15667 2917 2760 2273 1873 
15668 2917 2273 2760 2328 
15669 2563 2871 2120 2253 
15670 2120 2871 2563 1955 
15671 2714 1843 2440 2276 
15672 2714 2440 1843 2154 
15673 2456 2155 648 2369 
15674 2456 648 2155 2226 
15675 2606 2657 1902 2070 
15676 1902 2657 2606 2166 
15677 2727 1567 2765 1034 
15678 2727 2765 1567 1991 
15679 2915 2333 1882 2379 
15680 2915 1882 2333 1992 
15681 2296 1071 1766 2158 
15682 2296 1766 1071 1751 
15683 2847 2047 2057 2171 
15684 2847 2057 2047 2347 
15685 1863 2057 2047 2171 
15686 1863 2047 2057 2347 
15687 2505 2662 2161 1855 
15688 2161 2662 2505 2312 
15689 1430 2774 2719 2387 
15690 1430 2719 2774 2204 
15691 1945 2719 2774 2387 
15692 1945 2774 2719 2204 
15693 2902 728 727 2588 
15694 2902 727 728 726 
15695 2626 609 2895 608 
15696 2626 2895 609 2542 
15697 2385 1420 914 2172 
15698 2385 914 1420 1088 
15699 2675 455 1716 2254 
15700 2675 1716 455 566 
15701 1516 2649 901 1375 
15702 901 2649 1516 2377 
15703 2828 2817 2575 2001 
15704 2828 2575 2817 2019 
15705 2156 2857 1867 2191 
15706 1867 2857 2156 2848 
15707 2575 2307 2160 1993 
15708 2575 2160 2307 1899 
15709 819 2188 821 820 
15710 821 2188 819 2485 
15711 2875 2477 1047 2196 
15712 2410 745 2269 369 
15713 2410 2269 745 2077 
15714 2806 213 2401 1327 
15715 2806 2401 213 2500 
15716 2806 2401 1940 2056 
15717 2806 1940 2401 2500 
15718 2550 1593 1666 1667 
15719 2550 1666 1593 2084 
15720 2838 2808 2972 1960 
15721 2838 2972 2808 2264 
15722 2948 1980 2751 2096 
15723 2948 2751 1980 2399 
15724 2907 1272 1012 542 
15725 2907 1012 1272 2015 
15726 2967 17 646 2443 
15727 2967 646 17 1188 
15728 2632 104 106 1737 
15729 2632 106 104 2611 
15730 2268 2627 2714 1892 
15731 2714 2627 2268 2000 
15732 2640 1122 2720 1580 
15733 2640 2720 1122 2564 
15734 2729 2857 2191 1939 
15735 2191 2857 2729 2419 
15736 2181 2978 2737 1942 
15737 2181 2737 2978 2126 
15738 2590 2737 2978 1942 
15739 2590 2978 2737 2126 
15740 2964 2411 2066 1602 
15741 2964 2066 2411 2767 
15742 2492 1344 1552 1681 
15743 2492 1552 1344 2139 
15744 2907 1868 2155 2226 
15745 2907 2155 1868 2281 
15746 2426 2613 2117 1926 
15747 2117 2613 2426 2031 
15748 2819 2798 1882 2079 
15749 2819 1882 2798 1956 
15750 2441 2646 2327 1874 
15751 2327 2646 2441 2231 
15752 2935 1855 2621 2161 
15753 2935 2621 1855 2348 
15754 2485 478 700 924 
15755 2485 700 478 2045 
15756 2341 2711 2251 1945 
15757 2251 2711 2341 2040 
15758 2695 2310 2283 1985 
15759 2695 2283 2310 2025 
15760 2469 2823 1310 758 
15761 1310 2823 2469 2187 
15762 1310 796 2469 758 
15763 2469 796 1310 2187 
15764 2221 1172 140 643 
15765 2221 140 1172 2874 
15766 2364 2866 2391 1879 
15767 2391 2866 2364 2176 
15768 2841 2277 2609 1948 
15769 2841 2609 2277 2267 
15770 641 2676 1479 1185 
15771 1479 2676 641 2368 
15772 2969 1950 2691 2698 
15773 2969 2691 1950 2577 
15774 2491 475 474 903 
15775 2491 474 475 2306 
15776 2424 2834 2295 2030 
15777 2295 2834 2424 1869 
15778 2868 280 2901 2779 
15779 2868 2901 280 1069 
15780 2481 2078 2635 1899 
15781 2635 2078 2481 2020 
15782 2635 2470 2481 1899 
15783 2481 2470 2635 2020 
15784 2575 2828 2140 1856 
15785 2140 2828 2575 2001 
15786 2300 2695 2436 1406 
15787 2300 2436 2695 2025 
15788 1731 2436 2695 1406 
15789 1731 2695 2436 2025 
15790 2586 2746 2366 2205 
15791 2366 2746 2586 1909 
15792 2956 1910 2647 2168 
15793 2956 2647 1910 2939 
15794 2658 1050 470 1230 
15795 2658 470 1050 2529 
15796 2854 1435 1436 948 
15797 2854 1436 1435 2069 
15798 2473 1344 1552 2139 
15799 2473 1552 1344 741 
15800 2770 2175 1927 2632 
15801 2770 1927 2175 2486 
15802 2494 2605 2556 1931 
15803 2556 2605 2494 2023 
15804 2734 1101 650 2334 
15805 2734 650 1101 1334 
15806 2407 2456 2659 1996 
15807 2659 2456 2407 2226 
15808 2443 2662 2616 2059 
15809 2616 2662 2443 1920 
15810 2935 1869 1951 2348 
15811 2935 1951 1869 2295 
15812 2872 2386 2714 1911 
15813 2872 2714 2386 2000 
15814 2892 648 1123 1107 
15815 2892 1123 648 2369 
15816 2576 175 257 258 
15817 2576 257 175 2215 
15818 2392 2761 2365 1992 
15819 2365 2761 2392 2062 
15820 2257 2840 2823 2037 
15821 2823 2840 2257 1891 
15822 2943 2171 2200 2047 
15823 2943 2200 2171 2763 
15824 2627 2401 2728 1892 
15825 2627 2728 2401 2056 
15826 821 2901 751 731 
15827 751 2901 821 2148 
15828 2841 1287 2609 52 
15829 2841 2609 1287 2656 
15830 429 2938 427 910 
15831 427 2938 429 2659 
15832 124 157 398 125 
15833 398 157 124 397 
15834 2629 2735 1867 2165 
15835 1867 2735 2629 2274 
15836 2653 701 478 480 
15837 2653 478 701 2045 
15838 119 2797 1239 302 
15839 1239 2797 119 2078 
15840 2523 281 1439 2150 
15841 2523 1439 281 1173 
15842 2661 252 2193 253 
15843 2661 2193 252 2466 
15844 2704 895 341 2252 
15845 2704 341 895 1108 
15846 2547 1723 2936 2302 
15847 2547 2936 1723 265 
15848 2416 792 904 928 
15849 2416 904 792 2258 
15850 2586 2526 2335 2017 
15851 2586 2335 2526 1909 
15852 2582 369 2269 1313 
15853 2582 2269 369 2410 
15854 373 2126 1138 372 
15855 373 1138 2126 2978 
15856 1785 2962 1804 1222 
15857 1804 2962 1785 2282 
15858 2097 2772 1862 2195 
15859 1862 2772 2097 2552 
15860 2889 2835 1704 1362 
15861 2889 1704 2835 2127 
15862 1703 1704 2835 1362 
15863 1703 2835 1704 2127 
15864 2767 1555 2677 1415 
15865 2767 2677 1555 2039 
15866 1047 2476 1547 1661 
15867 1547 2476 1047 2196 
15868 207 2883 208 1285 
15869 208 2883 207 2183 
15870 2856 1806 2508 243 
15871 2856 2508 1806 2410 
15872 2565 1521 71 2268 
15873 2565 71 1521 69 
15874 1723 2936 927 198 
15875 927 2936 1723 2302 
15876 498 2624 497 496 
15877 497 2624 498 2081 
15878 2784 227 226 562 
15879 2784 226 227 2694 
15880 2362 2663 2356 1967 
15881 2356 2663 2362 2051 
15882 2681 1203 2889 1518 
15883 2681 2889 1203 2260 
15884 2929 2763 2740 2171 
15885 2929 2740 2763 1972 
15886 2763 93 686 2171 
15887 2763 686 93 447 
15888 2583 2859 2478 2344 
15889 2478 2859 2583 2009 
15890 1836 2833 610 941 
15891 610 2833 1836 2147 
15892 2846 1371 1713 1824 
15893 2846 1713 1371 2143 
15894 2585 987 1163 1160 
15895 2585 1163 987 2092 
15896 2722 689 873 2421 
15897 2722 873 689 220 
15898 2725 786 666 2185 
15899 2725 666 786 788 
15900 2241 251 789 790 
15901 2241 789 251 2661 
15902 2387 1526 1224 335 
15903 2387 1224 1526 2355 
15904 1732 2804 1532 1358 
15905 1532 2804 1732 2160 
15906 2716 924 478 2485 
15907 2716 478 924 923 
15908 197 2696 2543 926 
15909 2543 2696 197 2098 
15910 2543 927 197 926 
15911 197 927 2543 2098 
15912 2712 2622 2594 2088 
15913 2712 2594 2622 1894 
15914 2667 899 489 898 
15915 2667 489 899 2279 
15916 2333 2869 595 79 
15917 2333 595 2869 2379 
15918 270 595 2869 79 
15919 270 2869 595 2379 
15920 783 830 784 1053 
15921 784 830 783 785 
15922 2727 2825 2222 2072 
15923 2222 2825 2727 1991 
15924 2704 1246 1109 1108 
15925 2704 1109 1246 2238 
15926 439 1722 2290 1624 
15927 2290 1722 439 930 
15928 2057 2919 2346 283 
15929 2057 2346 2919 2416 
15930 1621 2346 2919 283 
15931 1621 2919 2346 2416 
15932 2854 1134 107 109 
15933 2854 107 1134 2313 
15934 2918 328 481 2119 
15935 2918 481 328 391 
15936 2860 2849 2697 2103 
15937 2860 2697 2849 1923 
15938 2874 1085 1151 2259 
15939 2874 1151 1085 1111 
15940 2559 89 2332 2225 
15941 2559 2332 89 90 
15942 68 2851 1067 1068 
15943 1067 2851 68 2610 
15944 2963 828 1533 1771 
15945 2963 1533 828 2900 
15946 2794 1261 1263 2461 
15947 2794 1263 1261 1262 
15948 2854 1436 946 948 
15949 2854 946 1436 2752 
15950 2685 2698 2691 1950 
15951 2691 2698 2685 2108 
15952 2880 2849 2573 2103 
15953 2880 2573 2849 2033 
15954 337 2641 336 338 
15955 336 2641 337 2293 
15956 2963 2107 2447 2522 
15957 2963 2447 2107 2551 
15958 2522 1655 1653 1654 
15959 2522 1653 1655 2875 
15960 2831 2799 2613 1878 
15961 2831 2613 2799 2101 
15962 2968 2864 2365 2004 
15963 2968 2365 2864 2062 
15964 2781 2948 1980 2124 
15965 1980 2948 2781 2096 
15966 2979 1808 1759 1690 
15967 2979 1759 1808 2503 
15968 2875 984 1047 2477 
15969 2875 1047 984 1045 
15970 2696 2570 2623 2207 
15971 2623 2570 2696 1937 
$EndElements
