mtllib level4_fat_update.mtl
v 0.006161721889 0.03283661604 0.02457926609
vn -0.3792499006 0.9111484885 0.161176756
v 0.005378908478 0.03296992555 0.02356795408
vn -0.2095847875 0.9583824277 0.1938486099
v 0.004801644012 0.03258588538 0.02445748635
vn -0.3065905869 0.9026132226 0.3021449149
v 0.004316651728 0.001142832916 0.0249512773
vn -0.7154124379 -0.6039507389 0.3513240218
v 0.00523042446 0.001236321754 0.02631530352
vn -0.5636559725 -0.6164519191 0.5497990251
v 0.004265706055 0.001970372163 0.02594686858
vn -0.7581063509 -0.4395697117 0.481719017
v 0.005383501295 0.00199847063 0.02711167373
vn -0.5427419543 -0.4741936624 0.6932326555
v 0.005807840265 0.002752268221 0.02778570913
vn -0.4662821889 -0.3566549718 0.8095542789
v 0.004586176481 0.002747392515 0.02686058916
vn -0.7099238634 -0.3398146331 0.616874516
v 0.007079959381 0.002852620557 0.02837571874
vn -0.4077602327 -0.2815081179 0.8686108589
v 0.006622578949 0.002089570975 0.02788058855
vn -0.4356268942 -0.3917803764 0.8103933334
v 0.01115617715 0.012851106 0.03434449807
vn -0.6438391209 -0.199670881 0.7386492491
v 0.01193709206 0.01221748255 0.03465884924
vn -0.4390930533 -0.3093142509 0.8435176015
v 0.01201017015 0.01296320558 0.03504327685
vn -0.4440228343 -0.3248821199 0.835042119
v 0.01294061355 0.0184034463 0.004643997177
vn 0.04805614799 0.2776719928 -0.9594732523
v 0.01135131251 0.01853755116 0.004729507025
vn 0.06648124754 0.1413715184 -0.9877218008
v 0.01238067541 0.01931956038 0.004983811639
vn 0.1062244847 0.3406401277 -0.9341737628
v 0.006324747577 0.01858119294 0.03319610655
vn -0.255998522 -0.1434467137 0.9559748173
v 0.005824301858 0.0176760871 0.03290144354
vn -0.2236908376 -0.266864568 0.9374143481
v 0.006828904152 0.01787550375 0.03318011388
vn -0.3494036496 -0.2308437377 0.9080904722
v 0.01496202499 0.01174250152 0.03538831323
vn -0.06271031499 0.04023464024 0.9972204566
v 0.01590236835 0.01258133538 0.03512073308
vn 0.2166365534 0.2514183223 0.9433225393
v 0.01442519389 0.01276755147 0.03529240191
vn 0.07153642178 -0.01584706455 0.9973120689
v 0.005557233933 0.00419999985 0.02817242593
vn -0.4844244719 -0.238409996 0.8417206407
v 0.004590616561 0.004108766094 0.02744682878
vn -0.708343029 -0.184274435 0.6813905835
v 0.005100628361 0.003455820261 0.02764208801
vn -0.571154356 -0.3049580455 0.7620913982
v 0.01559850853 0.01350569911 0.03483593464
vn 0.2800718248 0.2452840656 0.9281139374
v 0.01675850339 0.01335647516 0.03459372744
vn 0.2176079005 0.2121405005 0.9527031183
v 0.01323116198 0.01164697856 0.03495028988
vn -0.2637149394 -0.2111864835 0.9411985278
v 0.01294366363 0.01272458769 0.03527023271
vn -0.1608468592 -0.3250059783 0.9319331646
v 0.01552350353 0.01101228967 0.03542272374
vn 0.1096949056 -0.1594136506 0.9810985327
v 0.01530367695 0.01024052594 0.03517110646
vn 0.03918207064 -0.4346684217 0.8997378349
v 0.01668537222 0.01069252007 0.03489952534
vn 0.4041029811 -0.2812174857 0.8704122901
v 0.01626889221 0.009679135866 0.03460222483
vn 0.281701088 -0.456107527 0.8441625237
v 0.02929246426 0.01839674823 0.01843918674
vn 0.9469355345 0.2623922527 -0.1856431514
v 0.02929775417 0.01775593124 0.01753169112
vn 0.9145337939 0.3451607525 -0.2109313309
v 0.02900715731 0.01857205667 0.01731280051
vn 0.9560143352 0.2043393552 -0.2104329914
v 0.01179072447 -0.001353441621 0.01197818853
vn -0.5524163246 -0.5757603049 -0.6027738452
v 0.0113491863 -0.002079634927 0.01280956622
vn -0.3532046378 -0.4356276095 -0.8279342055
v 0.01075227559 -0.001322646742 0.0127331838
vn -0.3853188455 -0.4489280283 -0.8062214255
v 0.004670833237 0.004950525705 0.0276756566
vn -0.7213767171 -0.1350055039 0.6792562604
v 0.00632553082 0.003528045025 0.02829199657
vn -0.3803168833 -0.2900439799 0.8781990409
v 0.01311671734 -0.0009025542531 0.01012086868
vn -0.405089885 -0.638141036 -0.6547352672
v 0.0133138625 -0.001886253012 0.01086665504
vn -0.424887538 -0.6571701169 -0.6225736737
v 0.01252694055 -0.001426578732 0.01118399203
vn -0.580268383 -0.5931565762 -0.558080554
v 0.01637904719 0.01167039014 0.03520007804
vn 0.3303413391 0.06061878055 0.9419129491
v 0.01262899023 0.01356140152 0.03548111394
vn -0.2092198133 -0.164987132 0.9638497233
v 0.01462825201 0.01389899477 0.03521697596
vn 0.3747936487 0.07943039387 0.923699379
v 0.01363816671 0.0134414304 0.03549671173
vn 0.1048113778 -0.1285866648 0.9861440063
v 0.01753834262 0.01156313065 0.03456963226
vn 0.4545699358 -0.06219557673 0.8885369301
v 0.01715237275 0.01246031746 0.03469263762
vn 0.3645379841 0.1468970329 0.919528842
v 0.01754530892 0.01000961661 0.03413430974
vn 0.4230279028 -0.3633356392 0.8300811052
v 0.0178348273 0.01081840787 0.03424886242
vn 0.4548426867 -0.2379153222 0.858204186
v 0.006124913692 -7.260328857e-05 0.02516211011
vn -0.5063012838 -0.7727312446 0.3828124702
v 0.00623207679 0.0006022109883 0.02642495744
vn -0.5015177727 -0.6887322664 0.5235721469
v 0.005319194868 0.0006191688008 0.0255195424
vn -0.5322843194 -0.7305120826 0.4278148115
v 0.006323505193 0.001343426877 0.02724812552
vn -0.4856028259 -0.5410506725 0.686625123
v 0.007241050713 0.0007103795069 0.02742750198
vn -0.5124672651 -0.5745896697 0.638141036
v 0.006821033079 0.00434757024 0.02874094807
vn -0.4101649821 -0.3485012054 0.8427998424
v 0.007437819615 0.001444534515 0.02802977525
vn -0.4778897464 -0.397080034 0.7835488915
v 0.008125898428 0.000879173167 0.0281769149
vn -0.4749692976 -0.4482479393 0.7572832704
v 0.02683090419 0.007178421598 0.02798172645
vn 0.8314571381 -0.1744714081 0.5274834037
v 0.02728348225 0.006639531348 0.02697603591
vn 0.8410357833 -0.2473974675 0.4810959995
v 0.02766826376 0.007568814792 0.02674346603
vn 0.8448144197 -0.1816037148 0.5032978058
v 0.003686577082 0.02719391882 0.0143134566
vn -0.8224251866 0.3193844855 -0.4707551003
v 0.004409078509 0.02768211812 0.01355390903
vn -0.7328670025 0.4456178844 -0.51413095
v 0.004215131048 0.02688202448 0.01320894063
vn -0.8038990498 0.3642953932 -0.4701438546
v 0.009712848812 -0.005065564997 0.0154272709
vn -0.290684551 -0.9008256793 -0.3225145042
v 0.00880059693 -0.004560712725 0.01571573503
vn -0.5898848176 -0.7596600652 -0.2737745941
v 0.0094475355 -0.004399607424 0.01441062149
vn -0.3555972874 -0.7214916348 -0.5941383839
v 0.0009845200693 0.02164822444 0.01502237841
vn -0.9081351161 0.2798319459 -0.3114236593
v 0.001242303755 0.02281614579 0.01523013227
vn -0.9154849052 0.277425319 -0.2914147675
v 0.001684659976 0.02259493805 0.01406086516
vn -0.8468917012 0.2529937327 -0.4677270651
v 0.01076322515 -0.005416669883 0.01618411765
vn -0.04204905406 -0.9674386382 -0.2495882958
v 0.01026053261 -0.005497460719 0.01780580916
vn -0.2587785125 -0.9658433795 -0.01342515741
v 0.009414955042 -0.00517940009 0.01669982262
vn -0.3845989108 -0.9168497324 -0.1070993021
v 0.009395937435 -0.003431053367 0.01364722941
vn -0.3616991341 -0.5098167062 -0.7805514932
v 0.0108556021 -0.003841388505 0.01359704137
vn 0.005071503576 -0.6224597692 -0.7826353908
v 0.007360072806 -0.004044289701 0.01909455843
vn -0.5789965987 -0.814673245 0.03271774948
v 0.00757926004 -0.004050286952 0.01763602905
vn -0.6006612182 -0.7857849598 -0.1474722475
v 0.008210525848 -0.00458674226 0.01862151548
vn -0.4994999468 -0.8662456274 0.0108779259
v 0.006664883811 -0.003419221379 0.01961240359
vn -0.6446911097 -0.7546190619 0.12216153
v 0.007434610743 -0.003858230077 0.02053122036
vn -0.6101753712 -0.7687295079 0.1916792244
v 0.02604341693 0.02150849253 0.01154206507
vn 0.7328067422 0.3856324852 -0.5606084466
v 0.0250961557 0.02202851139 0.01078370586
vn 0.5725624561 0.474273771 -0.6687575579
v 0.02572834119 0.02229170315 0.01167157944
vn 0.6891730428 0.4158125222 -0.593414247
v 0.01052424125 -0.002791549545 0.01311813109
vn -0.113306269 -0.3697059751 -0.9222142696
v 0.006739840377 -0.003515290329 0.01814917848
vn -0.6299903393 -0.768830061 -0.1096017584
v 0.007113256957 -0.003397457302 0.01673112251
vn -0.6375398636 -0.7156451344 -0.2852980494
v 0.006004740484 -0.002927339869 0.01867000572
vn -0.6940326691 -0.7187152505 -0.04203654826
v 0.01223760191 -0.00369723537 0.01389788277
vn 0.06621734798 -0.7732379436 -0.6306490898
v 0.01173899043 -0.004346183036 0.01441434398
vn 0.2713159621 -0.7690553069 -0.5787413716
v 0.007798324339 -0.003715111408 0.02187315188
vn -0.6130679846 -0.7307463288 0.3002622724
v 0.006821040064 -0.003081052797 0.02114358172
vn -0.6647645235 -0.686201334 0.2953232825
v 0.008472994901 -0.003805200569 0.01483372413
vn -0.6281413436 -0.6247315407 -0.4638415277
v 0.007960100658 -0.00396018615 0.0162164513
vn -0.6514855623 -0.7090989351 -0.2697131932
v 0.008440070786 -0.00462715514 0.0171381887
vn -0.5633770227 -0.8173998594 -0.1202655286
v 0.009183013812 -0.005091490224 0.01819295809
vn -0.4006802738 -0.9155148864 0.03588625416
v 0.01008125115 -0.005277846009 0.01930039749
vn -0.3320854604 -0.9378430843 0.1008442342
v 0.02884471044 0.008848078549 0.02490210347
vn 0.9095883965 -0.2449859083 0.3356051445
v 0.02891951986 0.009843934327 0.02543240786
vn 0.8379305601 -0.2780116796 0.4696614444
v 0.028235998 0.009099868126 0.02626992762
vn 0.8394315243 -0.1547344774 0.5209721327
v 0.02745275199 0.009315141477 0.02737068757
vn 0.7921944261 -0.03071702085 0.6094952226
v 0.02683172375 0.008632560261 0.02822030894
vn 0.8213028908 -0.01046268549 0.5703964233
v 0.0275843218 0.0084207654 0.02710399032
vn 0.8276691437 -0.09762125462 0.5526607037
v 0.006053643767 -0.002067308873 0.01642823778
vn -0.7782185674 -0.4827252924 -0.4016866088
v 0.005586248823 -0.002273696708 0.01775918528
vn -0.7896414399 -0.5670586228 -0.2343306839
v 0.00549563719 -0.001502052066 0.01700280234
vn -0.85524261 -0.3512664139 -0.3810144663
v 0.003883093363 0.004170448519 0.01638222113
vn -0.8802916408 -0.4595589936 -0.1178652495
v 0.00383857172 0.004217567854 0.01487999223
vn -0.7886613011 -0.6128139496 -0.0497232303
v 0.004279219545 0.003514010226 0.01544292737
vn -0.8671837449 -0.4775708616 -0.1411327273
v 0.01076701377 -0.004833397456 0.01467006188
vn 0.04630255327 -0.853730917 -0.5186516643
v 0.01187505666 -0.004877791274 0.01542783808
vn 0.2107160091 -0.8644959927 -0.4563391805
v 0.01556201559 0.007673153654 0.004338971339
vn -0.1753682643 -0.6613021493 -0.729332149
v 0.01615050435 0.007101190276 0.00476726098
vn -0.1493620872 -0.7036170363 -0.6947042346
v 0.01503148209 0.007198648527 0.004988880828
vn -0.2005476505 -0.695368886 -0.6901034117
v 0.03017935716 0.0152099831 0.01692447066
vn 0.9313547015 0.2438873351 -0.2703653276
v 0.02972868644 0.01530510746 0.01557828486
vn 0.8994686604 0.2328272015 -0.3697939813
v 0.02967738174 0.01622058637 0.01630203426
vn 0.8957688808 0.3452533484 -0.2799968421
v 0.009068300016 -0.004892006051 0.01970138028
vn -0.3765930235 -0.9186713696 0.1192503572
v 0.02273459919 0.01852997206 0.03084110841
vn 0.3057885766 0.4559888244 0.8358035088
v 0.02305862121 0.01935303956 0.03049736656
vn 0.1855546683 0.2293850034 0.9554852247
v 0.02173223905 0.01922214217 0.03069865331
vn 0.2564883828 0.4566158652 0.8518894315
v 0.02376819775 0.02079246938 0.03011967801
vn 0.2263667136 0.2413854152 0.9436584115
v 0.02480673417 0.02166096307 0.02947695553
vn 0.445805639 0.3735934198 0.8134403825
v 0.02342011966 0.02149374969 0.02996258251
vn 0.1743254215 0.3322677016 0.9269351959
v 0.006950896233 0.02510345168 0.007456869818
vn -0.5859854817 0.4445454478 -0.6774956584
v 0.008001924492 0.02563419193 0.007166965399
vn -0.3852324486 0.5489759445 -0.7417690754
v 0.007856018841 0.02467728592 0.006557378918
vn -0.4256198704 0.4749606848 -0.7702337503
v 0.02509072982 0.02056330629 0.02966578119
vn 0.5024032593 0.1805922091 0.8455633521
v 0.0260970965 0.02119464241 0.02867166512
vn 0.6356245875 0.3119391203 0.706169486
v 0.02593240142 0.02221038379 0.02823857218
vn 0.6497761011 0.3989759982 0.647000134
v 0.02485196665 0.02273678966 0.02879466675
vn 0.4722162187 0.4345164299 0.766946733
v 0.03016264364 0.009807892144 0.02104680054
vn 0.8782873154 -0.4751932621 0.05294054002
v 0.02965300903 0.00906810537 0.02170358784
vn 0.9011403322 -0.404399842 0.1562269181
v 0.02988667786 0.009141894057 0.02022387274
vn 0.9441525936 -0.3134271801 0.1016819924
v 0.02399898507 0.01989516802 0.03022948466
vn 0.3034366071 0.1293323487 0.9440335631
v 0.02361531183 0.02223997563 0.0295890905
vn 0.2555895448 0.4252473414 0.8682388663
v 0.02682529017 0.02175721154 0.02735682391
vn 0.7808111906 0.3540486097 0.514765501
v 0.02713303454 0.02069094032 0.02760724723
vn 0.7805879116 0.2612074912 0.5678495765
v 0.02614121698 0.02015317045 0.02888583951
vn 0.6817548275 0.1107407734 0.7231506109
v 0.0269451756 0.01959688216 0.02811820805
vn 0.7331113815 0.1177368015 0.6698400974
v 0.02900521643 0.02461310849 0.01950146258
vn 0.9518025517 0.3010370433 -0.05872492492
v 0.02888166159 0.02441339754 0.02120747045
vn 0.9469009638 0.217128098 0.2371370792
v 0.02917084657 0.02376301773 0.02005245723
vn 0.9892676473 0.1287669837 0.06905486435
v 0.02860039659 0.02470981143 0.01783198304
vn 0.8843922019 0.3698654771 -0.2846927345
v 0.0290478915 0.0238995757 0.01860219613
vn 0.9623900056 0.2013575584 -0.1823749989
v 0.02917814814 0.02327980101 0.01917888038
vn 0.9951488972 0.06563397497 -0.0732858032
v 0.02857444808 0.02539132349 0.01905862615
vn 0.8610432744 0.485576719 -0.151061967
v 0.0287457183 0.02529331483 0.02043659426
vn 0.8906558752 0.4456203282 0.09030273557
v 0.02083818614 0.02658054419 0.02912696078
vn 0.1086720303 0.5224151015 0.8457380533
v 0.02225809917 0.0269820448 0.02866566181
vn 0.2875896692 0.5582259893 0.7782518268
v 0.02130435221 0.02757253312 0.02841680869
vn 0.1665350795 0.5802782774 0.7972096205
v 0.01858759671 0.0179796014 0.005699370056
vn 0.4662074745 0.2411183715 -0.8511829972
v 0.01778507419 0.01747234724 0.005119206849
vn 0.3410931826 0.2512969673 -0.9058174491
v 0.01758833416 0.01834944636 0.005326616112
vn 0.2672753036 0.314314723 -0.9109172225
v 0.0006999718025 0.02668649517 0.02519606985
vn -0.9157719612 0.2854251266 0.2826556563
v 0.001181087457 0.02764096484 0.0253748484
vn -0.8384193778 0.3594699502 0.4096758366
v 0.0005568705383 0.02741259895 0.02395845763
vn -0.9605298042 0.1770330817 0.2145735621
v 0.003560895799 0.02950906754 0.02794024721
vn -0.8365778327 0.3925102353 0.3821953535
v 0.003458063118 0.03018875606 0.02693391219
vn -0.7506716251 0.4888716638 0.4444058537
v 0.002982638543 0.02919730172 0.02714822441
vn -0.7688893676 0.4186478555 0.4832630157
v 0.002481664997 0.02977348119 0.02610777318
vn -0.7515307069 0.4042491019 0.5213292837
v 0.002228080062 0.02880665474 0.02630798332
vn -0.8056739569 0.325006783 0.4952374101
v 0.002094872994 0.03047589958 0.02481385693
vn -0.755664587 0.5122213364 0.4081670344
v 0.002873101272 0.03061926551 0.02589475736
vn -0.6573912501 0.5551549196 0.5095485449
v 0.003034228925 0.03136897087 0.02511763386
vn -0.5710769892 0.7038583755 0.4224386811
v 0.001492367708 0.02600896172 0.01875274442
vn -0.9247382879 0.01731484011 -0.3802095652
v 0.001366934041 0.02510663494 0.01895748824
vn -0.9351368546 0.1989789903 -0.2931320071
v 0.0009923822945 0.02564381808 0.02000422217
vn -0.944205761 0.004654133227 -0.329323262
v 0.0004126731656 0.02642388642 0.02373172343
vn -0.9929974675 0.08964948356 0.07693475485
v 0.000383589766 0.027049575 0.02221051976
vn -0.9989994168 -0.0002778362832 -0.0447222814
v 0.004700792953 0.01424476504 0.0303295441
vn -0.652098 -0.3325169086 0.6813227534
v 0.005674623419 0.01411414612 0.0312737599
vn -0.6347324848 -0.2569279671 0.7287679315
v 0.005209482741 0.01501394249 0.03130647913
vn -0.551137805 -0.4570824802 0.6980850101
v 0.01799521409 0.03009355254 0.01087016799
vn 0.2006288022 0.7698338628 -0.6058909893
v 0.0183984004 0.02938227914 0.009915834293
vn 0.1639885902 0.8317112923 -0.5304376483
v 0.01717789657 0.02956885658 0.0100583313
vn 0.1347698122 0.803624928 -0.5796758533
v 0.00389936124 0.02727741189 0.02930580825
vn -0.6500217915 0.1064734682 0.7524194717
v 0.004161554854 0.02831984498 0.02944458835
vn -0.7567334771 0.06498283148 0.650485754
v 0.003173732897 0.02779959515 0.02850546502
vn -0.7543720007 0.2287375331 0.615306437
v 0.01341323927 -0.003785435809 0.01390055008
vn -0.2096284628 -0.8700988293 -0.4460761249
v 0.01427732036 -0.004202715587 0.0140135223
vn -0.4003660679 -0.8054736853 -0.4369429946
v 0.0136605883 -0.004162134137 0.01462597959
vn -0.2612781525 -0.8346022367 -0.4849462509
v 0.004157503601 0.0005301489728 0.02233079448
vn -0.7954102755 -0.5936235189 0.1222033501
v 0.004172826186 0.0002943085856 0.02101901546
vn -0.8583192229 -0.5113369226 0.04269251972
v 0.004757583607 -0.000215652195 0.02218726091
vn -0.7420679927 -0.6270545721 0.2369338274
v 0.02470961399 0.005210774485 0.02978774905
vn 0.6769615412 -0.2561801076 0.6899963021
v 0.02403595485 0.005740180146 0.0305751618
vn 0.6155126691 -0.2544685304 0.7459154725
v 0.02379372902 0.004970174283 0.03056877293
vn 0.6739647388 -0.1939974725 0.7128369212
v 0.001751340576 0.03091292642 0.02208840102
vn -0.7010503411 0.6995974183 -0.1381731778
v 0.002358644735 0.03151533008 0.02237372659
vn -0.6252470016 0.7729305029 -0.1079105064
v 0.00251429202 0.03121897392 0.02126369067
vn -0.5617592931 0.7487684488 -0.3518129587
v 0.001666216529 0.03051883355 0.02124356106
vn -0.6809663773 0.6650366187 -0.3066122234
v 0.01547645312 0.02102499269 0.03394784033
vn 0.09909673035 0.2003248483 0.9747049809
v 0.01418035291 0.0210718289 0.03391924873
vn -0.05514972657 0.2804704905 0.9582769871
v 0.01458359789 0.02020749263 0.03413425758
vn 0.05083900318 0.1662016511 0.9847803712
v 0.01283058804 0.02111446485 0.03377202153
vn -0.1859774888 0.3712709248 0.9097089171
v 0.01379064564 0.02194499224 0.03357968479
vn -0.1640501916 0.3374758363 0.9269291162
v 0.01233722735 0.02205610648 0.03317758441
vn -0.2771306336 0.4108505547 0.8685622811
v 0.0135013042 0.0228102915 0.03320758417
vn -0.2389532477 0.3267236948 0.9144139886
v 0.02464493737 0.03036888316 0.02414816432
vn 0.5900960565 0.7032979131 0.3964323997
v 0.02401875891 0.03118548356 0.02324694768
vn 0.6097219586 0.7622721195 0.2172102332
v 0.02371841855 0.03062976524 0.02486127801
vn 0.5405883193 0.6801863313 0.4950866997
v 0.0175842233 -0.0008211648674 0.02831624821
vn 0.1693986505 -0.8009015322 0.5743350983
v 0.01869857311 -0.0009406425525 0.02779265307
vn 0.1537697613 -0.8253430128 0.5432897806
v 0.01876249351 -0.0003298704978 0.02866598777
vn 0.1874998659 -0.7634956241 0.6179953218
v 0.01257173996 0.03315950558 0.02761385776
vn -0.2172467411 0.874382019 0.4338892698
v 0.01371857058 0.03366920725 0.0273023583
vn -0.1271632314 0.9027638435 0.4109099507
v 0.01266271248 0.03363677859 0.02647553198
vn -0.2033154815 0.9115586877 0.3573844135
v 0.01462973654 0.03270347044 0.02849964611
vn 0.2249200195 0.6527684927 0.7233977318
v 0.01334080193 0.03227965534 0.02907219902
vn -0.02445825748 0.5811338425 0.8134403825
v 0.01454347 0.03182299435 0.02916358598
vn 0.2235901207 0.429821223 0.874792099
v 0.0145953726 0.03335469216 0.02777793072
vn 0.1487749368 0.8150131702 0.5600174665
v 0.01563649997 0.03314318508 0.02757590078
vn 0.3684939444 0.7447921038 0.556324482
v 0.01508117002 0.03391015902 0.02666049451
vn 0.2027712464 0.9138265252 0.3518591523
v 0.012733954 0.03409553319 0.02526158653
vn -0.1326000094 0.9383836985 0.3191445172
v 0.01375329774 0.03411209956 0.02606968768
vn -0.1146042943 0.950948 0.2873390615
v 0.01389200054 0.03443720937 0.02474107966
vn 0.01288186666 0.9866096973 0.1625897139
v 0.005477336235 0.02898961492 0.03124991059
vn -0.6585928798 0.005806770641 0.7524770498
v 0.006460858043 0.02892205678 0.03176600114
vn -0.3191304505 0.02413769811 0.9474033713
v 0.0064141443 0.02975692973 0.03163586184
vn -0.3186496496 0.2979016304 0.8998427987
v 0.02005274035 0.03375213221 0.01692565903
vn 0.6462712288 0.7086602449 -0.2830796838
v 0.01925378107 0.03402791545 0.01615947857
vn 0.4494034648 0.7975966334 -0.4023382962
v 0.01963878609 0.03428510949 0.01757152937
vn 0.5141968131 0.839936614 -0.1735168844
v 0.02644832991 0.02895019017 0.02124725841
vn 0.8626692891 0.5055501461 -0.01485865377
v 0.02640412003 0.02868917026 0.01982752606
vn 0.8366845846 0.518001616 -0.1778573245
v 0.02591074258 0.0295076929 0.02021684311
vn 0.7406597733 0.6458844543 -0.1850848049
v 0.02883528732 0.003230213886 0.01901805401
vn 0.9715783596 -0.1334251612 0.1955332905
v 0.02886161208 0.002555103041 0.01853835955
vn 0.9734211564 -0.1736787707 0.1492882669
v 0.02910483442 0.003259515157 0.01774171367
vn 0.9673269391 -0.1839680821 0.1744544506
v 0.01255783066 -0.006108738482 0.01783252321
vn -0.4027500451 -0.8593784571 -0.3150573075
v 0.01348605752 -0.005706783384 0.01644193381
vn -0.4467706084 -0.6636581421 -0.5999615788
v 0.01353606954 -0.006625870243 0.01745334454
vn -0.5850554109 -0.723795414 -0.3658283353
v 0.00166501943 0.03078225255 0.02329166606
vn -0.7661374211 0.6169484854 0.1800223738
v 0.002429479035 0.03151269257 0.02382982709
vn -0.6535892487 0.7252435088 0.2164322883
v 0.002647152636 0.02828798257 0.02741835266
vn -0.8078535199 0.3445318341 0.4781950414
v 0.003347082762 0.02872582711 0.02830767073
vn -0.8024892211 0.3074583411 0.5113515854
v 0.005297262222 0.02996117249 0.03084182367
vn -0.6671453118 0.3579155505 0.6533097625
v 0.02758575603 0.02138857916 0.02629944496
vn 0.8523615003 0.3589866161 0.380274266
v 0.02730322629 0.02241385169 0.02599794604
vn 0.871008873 0.3073625863 0.3832385242
v 0.002714700764 0.005764663685 0.01762859337
vn -0.8043296337 -0.5939840078 0.01538725384
v 0.002477049362 0.006274458952 0.01902765781
vn -0.8910916448 -0.4486330152 0.06844042987
v 0.001941016177 0.006502099335 0.01741594076
vn -0.7258396745 -0.6797606945 0.1052718982
v 0.003542323597 0.02634338662 0.02921707183
vn -0.5817312002 0.116962336 0.8049277067
v 0.002917848062 0.02690270729 0.02851959318
vn -0.6902865171 0.2491486073 0.6792860031
v 0.002527524717 0.0260613244 0.02844302543
vn -0.61571455 0.2627264261 0.7428798079
v 0.001632312546 0.02842919342 0.02550216019
vn -0.8141453266 0.3161636293 0.4870400131
v 0.0009471481317 0.02855180018 0.02428950742
vn -0.8941495419 0.2677574754 0.3588907421
v 0.003558427328 0.03217348084 0.02417007834
vn -0.4678955078 0.8389093876 0.2780374885
v 0.004201618023 0.03190089762 0.02533393167
vn -0.4479741752 0.8077918291 0.3831337392
v 0.005955035798 0.02286392823 0.03156429902
vn -0.2958438993 0.6553198099 0.6950052381
v 0.005129092839 0.02238618024 0.03156856447
vn -0.4373598695 0.6320052743 0.639754355
v 0.005955711938 0.02211676724 0.03231664374
vn -0.2506906986 0.6144998074 0.7480268478
v 0.001717175008 0.02929996885 0.02518740483
vn -0.8135861754 0.3344325125 0.4756389558
v 0.003974152729 0.02931951359 0.02903002501
vn -0.8413285613 0.2220253795 0.4928194582
v 0.004716331139 0.02916220203 0.03016541339
vn -0.8176574707 0.07105008513 0.5713039041
v 0.004543392453 0.03010306507 0.02963133343
vn -0.7955450416 0.3725261688 0.4778413177
v 0.008992788382 0.02464773506 0.006122116931
vn -0.251437068 0.467893362 -0.8472633362
v 0.008928505704 0.02534297481 0.00657789316
vn -0.3011645973 0.5209243298 -0.7987100482
v 0.00997922197 0.0250749588 0.006085366942
vn -0.1485385001 0.4291348457 -0.89094311
v 0.001966622192 0.02789268456 0.02644933015
vn -0.792547822 0.3918536603 0.467245847
v 0.001451244461 0.02688714489 0.02666940168
vn -0.7861245275 0.4277707934 0.4461170137
v 0.02688618749 0.02798597701 0.02098624222
vn 0.8851062655 0.4652065039 -0.0130315423
v 0.02729829215 0.02724342607 0.02011749335
vn 0.8134297729 0.576720655 -0.07566598058
v 0.02674935386 0.02786767855 0.01931273006
vn 0.8315944672 0.5283296108 -0.1712264717
v 0.005653819535 0.02355875447 0.03074087389
vn -0.3759192526 0.5815458298 0.7214493752
v 0.004862219561 0.02292023972 0.03086694144
vn -0.4516203105 0.5896145105 0.6696221828
v 0.005654276814 0.02707451396 0.03072905913
vn -0.6037935615 -0.2098221183 0.769030571
v 0.004919955973 0.02764381841 0.03015618585
vn -0.6869786382 -0.09593760222 0.7203168273
v 0.004632807802 0.02671056055 0.02990125678
vn -0.5739440322 -0.02560464107 0.8184941411
v 0.02828121372 0.02472292073 0.02255855687
vn 0.892467618 0.2611909807 0.3678054512
v 0.02845678478 0.02516567893 0.02161112241
vn 0.8743332028 0.3908875585 0.2876601219
v 0.02797351964 0.02554484643 0.02248375118
vn 0.8530554771 0.412150234 0.3200445473
v 0.003970738966 0.03019467741 0.02830776386
vn -0.8387061954 0.4232272208 0.3427107334
v 0.001950616715 0.02518464625 0.02835966833
vn -0.626794219 0.2449726015 0.7396738529
v 0.003153491532 0.02539414354 0.02906636707
vn -0.497182548 0.1530370861 0.8540428281
v 0.01760250516 0.01431409549 0.03439502791
vn -0.01172200777 0.03956780583 0.9991481304
v 0.0177537445 0.01553682517 0.03434567153
vn -0.03205734119 0.2772690058 0.9602573514
v 0.01662722416 0.01499253884 0.0342704691
vn 0.05628092214 0.1265644282 0.9903604984
v 0.004662521183 0.0002125588799 0.02326449379
vn -0.6661931276 -0.7139986753 0.2153895497
v 0.002386663808 0.02738573402 0.027575735
vn -0.7661056519 0.370028019 0.5255106688
v 0.001111337682 0.01443587709 0.01305985078
vn -0.7507373095 -0.005260095466 -0.6605799198
v 0.0008212226676 0.01522458438 0.01321445592
vn -0.6938033104 -0.08071443439 -0.7156271338
v 0.001815672615 0.01523912698 0.01229151338
vn -0.7777833343 -0.009848107584 -0.6284553409
v 0.004635269288 0.03102819249 0.0287348181
vn -0.6991180778 0.62675035 0.3441190422
v 0.004173777066 0.03100608289 0.02741576545
vn -0.7261459231 0.6301001906 0.2751106024
v 0.001406793366 0.01289393008 0.02650133148
vn -0.6844201684 -0.5487360358 0.48006019
v 0.0005564652383 0.01272376254 0.02549163438
vn -0.6102446318 -0.6001449227 0.5171339512
v 0.001482013846 0.01222362276 0.02565048449
vn -0.5505153537 -0.6893149614 0.4709327817
v 0.003472335404 0.01589005999 0.03032028116
vn -0.7709652781 -0.4316350818 0.468298763
v 0.004298380576 0.01580816135 0.03127148375
vn -0.5774413347 -0.5324155688 0.6189467907
v 0.003638493596 0.01659291424 0.03116839752
vn -0.741645813 -0.4095361531 0.5312642455
v 0.00501747895 0.009230288677 0.02865706384
vn -0.889687717 -0.1435902864 0.4334023595
v 0.004557887558 0.009198369458 0.027523892
vn -0.9029699564 -0.05625172332 0.4260058403
v 0.004815555178 0.008398080245 0.02809616178
vn -0.8769869208 -0.0198969245 0.4801021814
v 0.02558848448 -0.001945797238 0.01835528202
vn 0.4702041149 -0.8822816014 0.02207383513
v 0.02605310082 -0.001558771939 0.01696930267
vn 0.5362240672 -0.8321348429 -0.1414757073
v 0.02681144699 -0.001226781053 0.01828475855
vn 0.5851091743 -0.8106086254 0.02368428372
v 0.02939387411 0.0191757381 0.02129863761
vn 0.9448773265 0.3269255757 0.01806949079
v 0.02936160751 0.01906133816 0.02249852382
vn 0.9181326032 0.3830287755 0.1015944928
v 0.02972640656 0.01839012653 0.02140459977
vn 0.9074352384 0.4195902944 -0.02247921005
v 0.006167632528 0.01334830467 0.03156944737
vn -0.5986574292 -0.02933528274 0.8004678488
v 0.005247730762 0.01342236251 0.0306250155
vn -0.708429873 -0.1596658826 0.6874837279
v 0.0296501033 0.01356866304 0.01465331018
vn 0.8722188473 0.2583503127 -0.4153184593
v 0.03011696041 0.01383709721 0.01593717374
vn 0.9369841218 0.1559112072 -0.312653929
v 0.03016660735 0.01279782597 0.01546426117
vn 0.9413120151 0.2227403522 -0.2536107004
v 0.001196408528 0.02976981364 0.02390371636
vn -0.846793592 0.4178995192 0.3290905356
v 0.00373522006 0.03114346601 0.02619042806
vn -0.5910976529 0.6892691851 0.418941021
v 0.02196813934 0.02604548261 0.0293002408
vn 0.2563984096 0.3853320181 0.8864418268
v 0.0209051799 0.02554608509 0.02965375036
vn 0.2351510227 0.4047956765 0.883654058
v 0.0008036720683 0.02590812556 0.02627793886
vn -0.8896701336 0.3144690394 0.3310532272
v 0.00617923867 0.0198422391 0.006231774576
vn -0.7824894786 0.2571670711 -0.567076087
v 0.005705237854 0.02051394433 0.007203812711
vn -0.7977480292 0.1128561199 -0.592335701
v 0.006883534603 0.02085406519 0.005985525902
vn -0.6486187577 0.230616048 -0.7253343463
v 0.004710379988 0.03171250597 0.02655594423
vn -0.565662384 0.7852013707 0.2519621551
v 0.005350580905 0.03235652298 0.02570503764
vn -0.430523783 0.8777487278 0.2102533579
v 0.0129605541 0.008664872497 0.03400035575
vn -0.2045163661 -0.2436668873 0.9480503798
v 0.01443627756 0.008675800636 0.03415738046
vn -0.09115213156 -0.3125071824 0.9455319047
v 0.0139000006 0.00932922028 0.03431196511
vn -0.1584842056 -0.3879266977 0.9079623222
v 0.005607628729 0.03225937486 0.02714361809
vn -0.5226587653 0.8327880502 0.182460472
v 0.005765876733 0.03194659203 0.02873430029
vn -0.4702216089 0.8158361316 0.3366052508
v 0.0066566756 0.03267706186 0.02778367512
vn -0.3936629295 0.8752164841 0.2811149955
v 0.0126434546 0.02549071051 0.03178461641
vn -0.1544820517 0.4064024687 0.9005400538
v 0.01332154963 0.02637131326 0.03133337945
vn -0.02450309321 0.5022435784 0.8643789291
v 0.01200054307 0.0261591319 0.03153342754
vn 0.03911725804 0.2558317184 0.9659295678
v 0.01685044169 0.0326924473 0.02722072229
vn 0.4026563466 0.7238894105 0.5602248907
v 0.01753462292 0.03189330548 0.02761677839
vn 0.4041359425 0.6279790998 0.665068686
v 0.01813549548 0.0325506255 0.02647472546
vn 0.4258944094 0.7410297394 0.5191231966
v 0.0015165644 0.02596792392 0.02761022933
vn -0.7389933467 0.3670938015 0.5649167895
v 0.02248401381 0.03212824091 0.01921345294
vn 0.6445719004 0.685053885 -0.3394528925
v 0.02295730636 0.03135058284 0.01855565794
vn 0.6138853431 0.685182929 -0.3920065463
v 0.02192280442 0.03180216998 0.01782739721
vn 0.6893621087 0.6073224545 -0.3948915601
v 0.005431256257 0.0309712626 0.03001569398
vn -0.5796253085 0.6475860476 0.4946380258
v 0.006739283912 0.03172829002 0.03015099652
vn -0.1936041713 0.8283991218 0.525616169
v 0.0007493335288 0.0246101059 0.02021764778
vn -0.898686111 0.3239924908 -0.2956215739
v 0.001104003633 0.0243184492 0.01892090403
vn -0.8894556165 0.3756125867 -0.260353297
v 0.001043341472 0.02822400443 0.01974212937
vn -0.8741416931 0.2191546708 -0.4334138036
v 0.0006706413697 0.02724777907 0.02039742097
vn -0.9593650699 -0.00735716382 -0.2820719481
v 0.0004882823559 0.02803619951 0.02113761939
vn -0.9783653021 0.09612173587 -0.1831991673
v 0.01475550793 0.02273111604 0.03349396586
vn -0.0366711244 0.327429384 0.9441637397
v 0.01599293575 0.02263306826 0.03336397558
vn 0.1984437406 0.3614497185 0.9110292196
v 0.01562419347 0.02346048132 0.03312677518
vn 0.174499765 0.3408772945 0.9237707853
v 0.01060872991 0.03436641768 0.02263386548
vn -0.01111217309 0.9905711412 -0.1365480423
v 0.009492539801 0.03445573896 0.02317770943
vn -0.08948590606 0.9943861365 -0.05646695942
v 0.01060376596 0.03441801667 0.02398294955
vn 0.02171056345 0.9948374629 0.09913176298
v 0.002133067232 0.02663451806 0.02781031467
vn -0.6926175952 0.3983866572 0.6013060808
v 0.01424803585 0.03081999347 0.0103623895
vn 0.1338347495 0.7981149554 -0.5874527693
v 0.01320837811 0.031178426 0.01084757876
vn 0.002650849288 0.8566376567 -0.5159117579
v 0.0141328359 0.03148301691 0.01142472867
vn 0.05034748092 0.8383874297 -0.5427445769
v 0.01334808301 0.005495756399 0.005907975137
vn 0.02405424416 -0.1484973133 -0.9886202216
v 0.01294028573 0.004550651181 0.006106710993
vn -0.1224243715 -0.254881233 -0.9591912627
v 0.0120930858 0.005240685772 0.006014297251
vn -0.1992373168 -0.2300485224 -0.9525660872
v 0.01276264712 0.03441691399 0.02116444707
vn -0.1699840128 0.9833417535 -0.06437681615
v 0.0126183806 0.03434037045 0.01970139705
vn -0.3290562332 0.9442718625 0.008525977843
v 0.01160897687 0.03403565288 0.02059084177
vn -0.2363214493 0.9627358913 -0.1314980239
v -0.0003275024937 0.02118177712 0.02369918488
vn -0.9640657902 0.02092911303 0.2648379207
v -0.0001628328027 0.02034250461 0.0242710989
vn -0.9305824041 0.1587449312 0.3298732936
v 0.000108567845 0.02091583051 0.02489638142
vn -0.9388272762 -0.006594941951 0.344325155
v 0.004953913856 0.03162249923 0.02771951072
vn -0.6180582643 0.756477654 0.2138821632
v 0.02892367728 0.02235406637 0.01762992702
vn 0.9654954672 -0.00409653876 -0.2603875697
v 0.02855732106 0.02299197763 0.01665705256
vn 0.926302731 0.0968689844 -0.3641149402
v 0.02901500463 0.02316886932 0.01799545065
vn 0.9663193822 0.07536671311 -0.2460625023
v 0.006429999135 0.03074649163 0.03114707023
vn -0.2965585887 0.6266028285 0.7207093239
v 0.006347348448 0.01832470298 0.005421341397
vn -0.726410687 0.1961843073 -0.658664763
v 0.005832870957 0.01896718331 0.006422855426
vn -0.8781926036 0.1648547351 -0.4489996433
v 0.006522250827 0.01922157966 0.005560432561
vn -0.6892431974 0.24075827 -0.6833588481
v 0.02864844166 0.007285401691 0.009318294935
vn 0.7861165404 -0.1660718322 -0.595349431
v 0.02923786268 0.00691201305 0.01046964247
vn 0.8976153135 -0.1568241864 -0.4119380414
v 0.02845021151 0.006346695125 0.009480789304
vn 0.7134904861 -0.356844604 -0.6029869914
v 0.01272175089 0.02709770389 0.03107053414
vn 0.1657683104 0.3823391199 0.9090311527
v 0.01422023401 0.01195129845 0.003220479004
vn -0.1225522086 0.1460693479 -0.981654048
v 0.01444858685 0.01125487406 0.003118310822
vn -0.1045215949 0.02227725647 -0.9942730665
v 0.01337983459 0.01123224385 0.003308134619
vn -0.2377969325 -0.06816602498 -0.9689200521
v 0.02778418362 0.02422229014 0.02389868163
vn 0.8872642517 0.190364942 0.4201467931
v 0.02778325044 0.02509845793 0.02340538986
vn 0.8554967642 0.3199282289 0.4071501195
v 0.02722432278 0.0251247976 0.02444894426
vn 0.8339753151 0.3294124305 0.4426879585
v 0.002607631264 0.01708914898 0.0107534593
vn -0.8744050264 -0.06936303526 -0.4802130461
v 0.003275311319 0.01724666543 0.009629196487
vn -0.8201296329 0.06421346217 -0.5685631037
v 0.002975138137 0.01658636145 0.01012464054
vn -0.8818974495 -0.03748777509 -0.469948411
v 0.01347130816 0.02916380763 0.03006185777
vn 0.1008612439 0.3273701072 0.9394976497
v 0.01455197763 0.02895336598 0.0300837718
vn 0.000780313625 0.4005253613 0.916285336
v 0.01454587281 0.02987127192 0.0297545772
vn 0.1030204147 0.3245109916 0.9402549863
v 0.01203693543 0.03112423606 0.01086489111
vn -0.08770401776 0.8617825508 -0.4996387064
v 0.01273373328 0.03068835102 0.01006662194
vn -0.01081115752 0.8116005063 -0.5841127634
v 0.01533447299 0.03119966201 0.01127239596
vn 0.1734706461 0.7673190236 -0.6173568368
v 0.01638094522 0.03155144304 0.01191273145
vn 0.1652533412 0.6646430492 -0.7286569476
v 0.01632928103 0.03090548888 0.01128763985
vn 0.2173621207 0.6969271302 -0.6834078431
v 0.01253469847 0.03263973445 0.02846802026
vn -0.1938304901 0.7723995447 0.6048377752
v 0.01171743963 0.0319414176 0.02900057286
vn -0.06381411105 0.5853082538 0.8082957268
v 0.007362735923 0.03036657907 0.03146676347
vn 0.1382200867 0.5240439177 0.8404006362
v 0.008444500156 0.03045960329 0.03085102886
vn 0.4328588843 0.5406639576 0.721329093
v 0.007793521043 0.03116631694 0.03067466617
vn 0.2349668145 0.7125738263 0.6610817909
v 0.009849140421 -0.0005581675796 0.01271950919
vn -0.3699553609 -0.6016293764 -0.7079372406
v 0.008597438224 -0.001086812234 0.01322042756
vn -0.3482778668 -0.2547516227 -0.9021109343
v 0.00861387141 -0.00022931493 0.01294179726
vn -0.4061219394 -0.4844967723 -0.7748082876
v 0.007673243992 0.02953649871 0.03179927915
vn 0.171217978 0.3520259857 0.9201967716
v 0.009059143253 0.0297122281 0.03098140843
vn 0.4102415442 0.5245653391 0.7460114956
v 0.008855420165 0.03124714456 0.02980493568
vn 0.3204436302 0.6158405542 0.7197612524
v 0.00668251887 0.02269993722 0.006487966981
vn -0.6680377722 0.2169201821 -0.7118083835
v 0.007766021416 0.02301283367 0.005783315282
vn -0.4536604583 0.2941816449 -0.8412189484
v 0.00721725449 0.02201265469 0.005878264084
vn -0.5794702768 0.1405168474 -0.8027884364
v 0.009229130112 0.03209809959 0.02908373438
vn 0.1321751177 0.638790369 0.7579423189
v 0.008037700318 0.03185821325 0.02954332717
vn 0.1644855142 0.7738280892 0.6116654873
v 0.009613617323 0.03057109378 0.02996918745
vn 0.3247198164 0.5231336951 0.7879645824
v 0.01275967062 -0.004275329411 0.01495616604
vn 0.06715136021 -0.836756289 -0.5434423089
v 0.008344026282 0.03259702399 0.02869687974
vn -0.0167585928 0.7764891982 0.6299077272
v 0.007149124052 0.02840604633 0.03197566792
vn -0.1857768595 -0.01595646515 0.9824624062
v 0.008537934162 0.02878796309 0.03184883669
vn 0.2504896224 0.3105077744 0.9169732332
v 0.004120253492 0.02818993479 0.01439624093
vn -0.7273068428 0.4701828659 -0.4999528527
v 0.005061687902 0.02840069681 0.01341980975
vn -0.6565772295 0.5466908216 -0.5196493864
v 0.01730600931 0.009431649931 0.003543908009
vn 0.2511864007 -0.1584995389 -0.9548734426
v 0.01695759781 0.008594972081 0.003673749045
vn 0.1251787245 -0.3639575839 -0.9229654074
v 0.01606387272 0.009188025258 0.003372901818
vn 0.03628061339 -0.3127058148 -0.9491568804
v 0.01031985972 0.02984954603 0.03015017696
vn 0.2542980611 0.5295129418 0.809288919
v 0.007629596163 0.03287418559 0.02811438031
vn -0.2323217541 0.8661760688 0.4424540997
v 0.007213108707 0.03234093264 0.02891190164
vn -0.1632979661 0.8749216795 0.4559011161
v 0.006036975887 0.02168606594 0.006948582362
vn -0.7597589493 0.125767976 -0.6379253864
v 0.005962141324 0.02919002436 0.01316124666
vn -0.6614097953 0.570838511 -0.4864981472
v 0.004887495656 0.02922184207 0.01452522632
vn -0.6321845055 0.6012091637 -0.4887640476
v 0.02138490789 -0.003201274434 0.02355006896
vn 0.5124890208 -0.6400231719 0.5724729896
v 0.02054085024 -0.002755971858 0.0246311184
vn 0.4311047196 -0.6512519121 0.6245155334
v 0.02022761106 -0.003496746067 0.02423036657
vn 0.4968359768 -0.5663645864 0.6575600505
v 0.03112549707 0.01383732352 0.01961938292
vn 0.9902710915 0.0364084132 -0.1343039572
v 0.03082244657 0.01354415342 0.01831230521
vn 0.9673233032 0.02436061576 -0.2523732185
v 0.03086693771 0.01425768621 0.01861988939
vn 0.9583759308 0.1275465041 -0.255435735
v 0.01351428032 0.0186880175 0.03430528194
vn -0.02247436345 0.02666143887 0.9993918538
v 0.01490922645 0.01922150329 0.03419020772
vn 0.1712039411 -0.01543376315 0.9851146936
v 0.01378248632 0.01952442341 0.03429232165
vn 0.003885989543 0.09372251481 0.9955907464
v 0.01403035596 0.02726535127 0.03078355268
vn -0.06466609985 0.4705589414 0.8799957633
v 0.01467398647 0.02654513344 0.0314072594
vn -0.2072770745 0.5583033562 0.8033266068
v 0.00943492353 0.03291427717 0.02830945142
vn 0.07932202518 0.7884835601 0.6099194288
v 0.01448740903 0.03083687276 0.02948864736
vn 0.1812476814 0.308131963 0.9339185953
v 0.01567546465 0.03145756572 0.02884054556
vn 0.3301312327 0.4424361289 0.8338246942
v 0.006417430006 0.03284347057 0.02631412074
vn -0.4647143483 0.8767508864 0.1238887087
v 0.02265317738 -0.002549345605 0.02324275672
vn 0.434016645 -0.7663936019 0.473571986
v 0.02245258726 -0.003280624049 0.0223466251
vn 0.5691713691 -0.7099719048 0.4147093594
v 0.009256259538 0.02809506655 0.03180872649
vn 0.2565717101 0.2300715744 0.9387428164
v 0.009778962471 0.02900533378 0.03111742064
vn 0.3658616543 0.5144073963 0.7755838037
v 0.02264476009 0.01575717703 0.03224791586
vn 0.5596042871 0.1502360106 0.8150289059
v 0.02352580614 0.01536702551 0.03164765611
vn 0.6549040079 0.05793119967 0.7534883618
v 0.02345238067 0.01636411995 0.03152902052
vn 0.6057342887 0.1996885389 0.7702015638
v 0.005020788405 0.0284174066 0.03049882315
vn -0.7606527209 -0.1528555602 0.6309062243
v 0.02935759723 0.003299974371 0.01628576592
vn 0.9727398157 -0.2189234793 0.07648362219
v 0.02954368293 0.004181780852 0.01566942222
vn 0.9831216335 -0.1799470484 0.03302909806
v 0.02939036675 0.004025273025 0.01704282314
vn 0.973302424 -0.173954457 0.1497405916
v 0.004025422502 0.0250049606 0.01231129188
vn -0.8044095635 0.3032617867 -0.5108399987
v 0.004722173326 0.02586471848 0.01160262339
vn -0.8367173672 0.2939949632 -0.4620292187
v 0.004693659488 0.02494067885 0.01121111494
vn -0.851905942 0.2444476783 -0.4631431997
v 0.008453071117 0.03326856345 0.02776178345
vn -0.1166825816 0.8824794888 0.4556480646
v -0.0009361279663 0.01947968267 0.02237967774
vn -0.9615389705 0.2597427964 0.0893112421
v -0.0005545545137 0.02033396997 0.02294521034
vn -0.962031424 0.1872029305 0.1986216158
v -0.0007499580388 0.02036594227 0.02132760361
vn -0.9827552438 0.1829629391 -0.02677002922
v 0.002835864434 0.003191317664 0.02102360688
vn -0.9695847034 -0.2429652512 0.02955259569
v 0.002687761793 0.004075605888 0.02131183259
vn -0.9871336818 -0.1431065351 0.07132775337
v 0.002776416251 0.003797882237 0.01999317855
vn -0.9773076773 -0.1499973238 -0.1495675594
v 0.005832693074 0.02807309665 0.0312708877
vn -0.5804029107 -0.2201911807 0.7839950919
v 0.0004194878275 0.01591838151 0.01352383755
vn -0.7378400564 -0.04612640664 -0.6733976603
v 4.393504787e-05 0.01520509832 0.01404989883
vn -0.8014227748 -0.07337202132 -0.5935807228
v 0.02959374711 0.004857338965 0.01648282632
vn 0.9767638445 -0.1911943108 0.09683565795
v 0.02973635495 0.005177050363 0.01507168822
vn 0.9791433215 -0.2031006366 -0.005339773837
v 0.007958346047 0.02775224485 0.03200649098
vn -0.04854135588 -0.06576765329 0.9966535568
v 0.02967416495 0.005504124798 0.01301463228
vn 0.9623222351 -0.2237414718 -0.1545176953
v 0.02938541025 0.004853125662 0.01250261068
vn 0.9314291477 -0.2626318038 -0.2519211769
v 0.02947480977 0.005687150639 0.01198022813
vn 0.9256387949 -0.2485725582 -0.2853147984
v 0.01428003982 0.002905899892 0.00632168958
vn -0.1133275405 -0.4639325142 -0.8785917759
v 0.01505976915 0.002250246005 0.006816895213
vn 0.06823121011 -0.6108638644 -0.7887901068
v 0.01387933269 0.002027469687 0.007142202463
vn -0.1592968404 -0.6318357587 -0.7585566044
v 0.01109964773 0.003473998513 0.03115789779
vn -0.2646454573 -0.35900262 0.8950306773
v 0.01147868205 0.002470767358 0.03077355586
vn -0.2348416299 -0.4935570955 0.8374071717
v 0.01248823572 0.003337045666 0.03136021271
vn -0.1681043506 -0.3850688636 0.9074485898
v 0.0173636619 0.007080443669 0.00459451694
vn 0.01561206579 -0.6440103054 -0.764857471
v 0.0186788626 0.007239802275 0.004706340842
vn 0.2933053374 -0.507778883 -0.8100201488
v 0.01809688844 0.006273488514 0.005408613011
vn 0.03123632818 -0.6139048934 -0.788761735
v 0.01987479255 0.007547126617 0.005285960622
vn 0.5287226439 -0.2905443013 -0.797518909
v 0.01947199367 0.006568477955 0.0054892716
vn 0.3067249656 -0.3919076025 -0.8673685789
v 0.01942134649 0.009223721921 0.004486531485
vn 0.5604213476 -0.1072633788 -0.8212322593
v 0.01960056275 0.01026178058 0.004554036073
vn 0.5871442556 -0.007771174889 -0.8094450235
v 0.0206175819 0.009655634873 0.005433336366
vn 0.6364377141 -0.05159470066 -0.7696005702
v 0.02022677474 0.008543746546 0.005256952718
vn 0.6167258024 -0.1652782708 -0.7696313262
v 0.01911144145 0.008223690093 0.004487765022
vn 0.4785673022 -0.2732584476 -0.8344478011
v 0.01660125144 0.007784803398 0.00410327781
vn -0.02048060298 -0.5730609298 -0.8192567825
v 0.01785793155 0.007948749699 0.004098928068
vn 0.2021755427 -0.4270042181 -0.8813583255
v 0.01821208186 0.008864251897 0.003898360301
vn 0.3495413959 -0.203197211 -0.9146210551
v 0.01847940125 0.009799406864 0.003908661194
vn 0.422065258 -0.05949902907 -0.9046108723
v 0.01527130231 -0.004188274033 0.01318027265
vn -0.3281068206 -0.7927223444 -0.5137481689
v 0.01425271854 -0.003568285145 0.01275280584
vn -0.2999795973 -0.8304935694 -0.4693534672
v 0.01543921512 -0.003594058799 0.01227482222
vn -0.2828461528 -0.7976397276 -0.5326996446
v 0.02031034976 0.01295209117 0.03386412188
vn 0.3649649322 -0.08999811113 0.9266611934
v 0.02000123449 0.01374433748 0.03407978639
vn 0.3716509044 -0.08753846586 0.924236238
v 0.01918248273 0.01308648661 0.0342107527
vn 0.1797359288 -0.1667649597 0.9694764018
v 0.01654269733 0.009878573939 0.003288635751
vn 0.1757717282 -0.1310887933 -0.9756639004
v 0.01143578533 0.0005058803363 0.009222005494
vn -0.2286573052 -0.7999577522 -0.554782331
v 0.0116092097 0.001262839418 0.008296889253
vn -0.1752808243 -0.6827698946 -0.7092967629
v 0.01279855892 0.0007376817521 0.008583675139
vn -0.1661440283 -0.7096512914 -0.6846833229
v 0.01471565757 0.008931824006 0.003593950532
vn -0.2316220552 -0.4534989893 -0.8606334329
v 0.01568851806 0.008348075673 0.003754195524
vn -0.1028049737 -0.5292131305 -0.8422378898
v 0.008502032608 0.01024091803 0.005738017615
vn -0.589710474 -0.3796427846 -0.7128203511
v 0.009150854312 0.01105761901 0.004792468157
vn -0.5045871735 -0.3005033731 -0.8093760014
v 0.009610757232 0.01007575355 0.005062786397
vn -0.4044704735 -0.5010359287 -0.7650925517
v 0.01190656889 0.01121390052 0.003715373576
vn -0.2584443092 -0.201564461 -0.9447636008
v 0.01169880759 0.01232780423 0.003700571833
vn -0.2154324949 0.1210044995 -0.9689926505
v 0.01299868617 0.01210596133 0.003424270544
vn -0.1882882416 0.1155535504 -0.9752922058
v 0.01162003074 0.01320506353 0.00398260029
vn -0.2133513391 0.3201892972 -0.9230167866
v 0.01045817509 0.012659017 0.00410367595
vn -0.2903752029 0.1863437146 -0.9385937452
v 0.009265502915 0.0121348789 0.004519656766
vn -0.4542843401 -0.07744636387 -0.8874839544
v 0.009334817529 0.01303837635 0.004534839187
vn -0.2899727225 0.0596774593 -0.9551724792
v 0.01019624341 0.009306831285 0.005447674543
vn -0.2958890796 -0.5137958527 -0.8052722812
v 0.01066522393 0.009908982553 0.004768306855
vn -0.2726714313 -0.5917529464 -0.7586031556
v 0.008202956058 0.01168848667 0.00535259489
vn -0.6286206841 -0.2601954341 -0.7328944802
v 0.008205282502 0.01258673705 0.005034284201
vn -0.5166236162 -0.2360223681 -0.8230391741
v 0.01050828863 0.01346060168 0.004366231617
vn -0.195033595 0.3144567609 -0.9290203452
v 0.01046324614 0.01169043966 0.003997175489
vn -0.3344286978 -0.1154448688 -0.9353234172
v 0.01052872837 0.01066820789 0.004298163578
vn -0.3194705546 -0.3950363398 -0.8613273501
v 0.01163988095 0.01014882047 0.00425528083
vn -0.2927236557 -0.494295001 -0.8185263276
v 0.0006130883703 0.02534125187 0.02138490789
vn -0.9736347795 0.09893467277 -0.2055412382
v 0.0004190904729 0.02596645243 0.02245313674
vn -0.9960058928 -0.02071915381 -0.08685030788
v 0.0006052312674 0.02627719752 0.02098911814
vn -0.9721223116 -0.08320234716 -0.2192158848
v 0.006273819134 -0.002867243718 0.01722030714
vn -0.6918055415 -0.6685172319 -0.2729282081
v 0.01394417696 0.03449869156 0.02172317728
vn 0.0444104895 0.9990016222 0.004843317904
v 0.01418879721 0.0345190838 0.02317197621
vn 0.1302397996 0.9913035631 0.01883837022
v 0.01493688207 0.03433515877 0.02207535878
vn 0.1534960121 0.9862236381 0.06165995821
v 0.0005073461216 0.02105545811 0.02600186318
vn -0.9114027023 -0.1150514036 0.3951054513
v 9.78566095e-05 0.02164755948 0.02503659576
vn -0.94868958 -0.05155893415 0.3119772375
v 0.00376213924 0.005343984347 0.02634113282
vn -0.9024277329 -0.05098155886 0.4278143346
v 0.003567622276 0.0062555396 0.02591513284
vn -0.9305760264 -0.01504775696 0.3657892942
v 0.00327738584 0.005682530347 0.02491090819
vn -0.959554255 -0.05150439963 0.2767722905
v 0.007451229263 0.03323863074 0.02708353661
vn -0.3739363253 0.8944917321 0.2450635284
v 0.005407688208 0.02615725435 0.0303235352
vn -0.519726038 -0.1958493739 0.831581533
v 0.00468614744 -0.0002192669199 0.01832104847
vn -0.9428235292 -0.1603292078 -0.2921956182
v 0.00508158002 -0.0009420547285 0.01758758351
vn -0.9186632633 -0.1999189109 -0.3407201469
v 0.004785856698 -0.001291154535 0.01895156316
vn -0.9297938943 -0.3561249673 -0.09305015206
v 0.01288769487 -0.004943954758 0.01589577831
vn -0.07470496744 -0.7889158726 -0.6099433899
v 0.008717318997 0.02709857561 0.03194157779
vn 0.02708364464 -0.08811519295 0.995742023
v 0.009915164672 0.0274114944 0.03175503388
vn 0.2476499975 0.1300604194 0.9600800872
v 0.006162833888 0.02560725063 0.03064858355
vn -0.5266349912 -0.2584590018 0.8098484874
v 0.006406050175 0.02646986954 0.03109654598
vn -0.5023895502 -0.2533409595 0.8266940713
v 0.004633406177 0.00172573328 0.01736910455
vn -0.8123909831 -0.4509249926 -0.3697128296
v 0.004792824388 0.002275049221 0.01592306048
vn -0.8110331297 -0.5109612346 -0.2848576903
v 0.005303165875 0.001492385985 0.01595995389
vn -0.8276106119 -0.4546790719 -0.3291316628
v 0.02611400932 0.00348910247 0.008352708071
vn 0.6258761287 -0.02138225175 -0.7796292901
v 0.02674195729 0.002684117295 0.008968559094
vn 0.6708475351 -0.1204331219 -0.7317509651
v 0.02583652362 0.002338208025 0.008224358782
vn 0.5505471826 -0.2482074201 -0.7970513701
v 0.006688880734 0.02740282007 0.03160141036
vn -0.4138202071 -0.2451118976 0.8767399788
v 0.007513852324 0.02677155472 0.03170749173
vn -0.2661490142 -0.228366062 0.9364900589
v 0.008309030905 0.0261206422 0.03172266111
vn -0.1296431273 -0.19158189 0.972876668
v 0.009515198879 0.02646200359 0.03179883584
vn 0.09984492511 -0.1145326346 0.9883892536
v 0.004682367202 0.02407067269 0.01078311261
vn -0.8370364308 0.2791129649 -0.4706017375
v 0.005132858641 0.02413259447 0.009816534817
vn -0.8913303018 0.2088242173 -0.4023962915
v 0.004785507917 0.02332597971 0.01012971345
vn -0.8285216093 0.31494385 -0.4629928172
v 0.01209939364 0.01698598824 0.0343727693
vn -0.2971395254 0.3075404763 0.9039507508
v 0.01329233591 0.01773991995 0.03434829041
vn -0.07680072635 0.244519785 0.9665980339
v 0.01204687823 0.01820605062 0.03413749859
vn -0.07679206878 0.07485125959 0.994233489
v 0.007138987537 0.02583534643 0.03134220839
vn -0.3974078596 -0.2235649824 0.8899919391
v 0.007901765406 0.02518330514 0.03146807104
vn -0.2629342079 -0.133982718 0.955465436
v 0.01045035664 0.02830676362 0.03125984222
vn 0.3236978948 0.4267042875 0.8444780111
v 0.006173196249 0.01463634055 0.03187149018
vn -0.4658125937 -0.2913646102 0.8355389237
v 0.00672581559 0.01404854376 0.03195346892
vn -0.3962899446 -0.129897058 0.9088900089
v 0.007176775951 0.01476964634 0.03223910183
vn -0.2163204402 -0.2739623487 0.9370966554
v 0.01101602428 0.02761344798 0.03132953867
vn 0.2805594504 0.310880363 0.9080967903
v 0.01048837416 0.02684370428 0.0316276066
vn 0.2174447924 0.04664239287 0.9749575853
v 0.001400397159 0.009334912524 0.02192779072
vn -0.7499738336 -0.5930406451 0.2929881811
v 0.001473447075 0.008794847876 0.02083018795
vn -0.751803875 -0.5978876948 0.2780670524
v 0.002086060587 0.008541393094 0.0221040193
vn -0.817655623 -0.5217505693 0.243342638
v 0.008973350748 0.002150707413 0.02929978073
vn -0.5265493393 -0.4079700708 0.7458593845
v 0.00857394468 0.001447399613 0.02869551815
vn -0.4632166624 -0.3738617599 0.8035283089
v 0.009779282846 0.001420678571 0.02932313643
vn -0.3683363199 -0.5084563494 0.7783318758
v 0.004328959156 0.02575442567 0.0296869278
vn -0.4537067413 -0.03572785109 0.8904345632
v 0.005711586215 -0.001608570223 0.02184280008
vn -0.6796340346 -0.6124919057 0.4036722481
v 0.005854371004 -0.002306525595 0.02085536905
vn -0.6834170818 -0.6666353941 0.2975538969
v 0.006652909331 -0.002276701387 0.0222220514
vn -0.6753869653 -0.6092991233 0.4154599905
v 0.01103167515 0.02913576923 0.03044734895
vn 0.2214709669 0.517963171 0.8262352943
v 0.005154561251 0.02487949654 0.01011950895
vn -0.8917139173 0.216896072 -0.3972434402
v 0.004066524561 0.0246286653 0.02958084084
vn -0.3641905785 0.143054232 0.9202720523
v 0.0004390833201 0.02578301728 0.02482607588
vn -0.9735459685 0.1797071546 0.1411153525
v 0.0002706804953 0.02499868907 0.02422565036
vn -0.9821794033 0.1849034578 0.03368032351
v 0.0004237192916 0.02498688921 0.02574274503
vn -0.9614234567 0.1719602346 0.214696452
v 0.007531284355 -0.003006398911 0.02274340391
vn -0.6827693582 -0.6127768159 0.3979077935
v 0.0008963734726 0.02503560111 0.02726473473
vn -0.8594558239 0.1940525025 0.4729475379
v 0.006045460701 0.02490375936 0.03030132689
vn -0.524243176 -0.07470946759 0.848285079
v 0.005237158854 0.02525902726 0.0299785994
vn -0.3982383013 -0.1284026504 0.9082505107
v 0.005363739561 0.02434258722 0.03001672775
vn -0.3737076521 0.2898067534 0.8811098933
v 0.02431437746 0.01018637419 0.03165947646
vn 0.7364448905 0.1652352363 0.6560077667
v 0.02362240292 0.01058407873 0.03224787116
vn 0.6597650051 0.1373662353 0.7388103008
v 0.02353264391 0.009483912028 0.03236472234
vn 0.512495935 -0.09493798763 0.8534252644
v 0.008168183267 -0.004218226299 0.02119589038
vn -0.4942495227 -0.8411345482 0.219568029
v 0.02957152948 0.01620781235 0.02531233057
vn 0.850356102 0.2115072012 0.4818289876
v 0.02992495894 0.01520822477 0.02515235916
vn 0.8508952856 0.1201198995 0.5114180446
v 0.03030512482 0.01589441486 0.02410273626
vn 0.8939118981 0.2322041094 0.3834094703
v 0.002596352715 0.02441302501 0.0290213041
vn -0.5027918816 0.1643061787 0.8486482501
v 0.007423819974 0.01827673241 0.03356346115
vn -0.4590829015 -0.1380624324 0.8775999546
v 0.007660719566 0.01757297851 0.03359112144
vn -0.4620435834 -0.2670496106 0.845695138
v -0.0009273976902 0.01931677759 0.02083996311
vn -0.9763975739 0.1920004338 -0.09891205281
v 0.007206712384 0.02601772361 0.007921373472
vn -0.4958759248 0.518984139 -0.696248889
v 0.006261028815 0.02541281655 0.008397679776
vn -0.7235532403 0.3617126644 -0.5879070163
v 0.006478205789 0.02635994554 0.008763749152
vn -0.6368771195 0.4666817188 -0.6136739254
v 0.004524173681 0.02362648398 0.03007059172
vn -0.3943805099 0.4373182356 0.8082183003
v 0.02529864013 0.03001464158 0.02361528203
vn 0.7005362511 0.6422906518 0.3109850883
v 0.02496203035 0.03058415838 0.02279649861
vn 0.6197385788 0.7739928961 0.129842639
v 0.003799566766 0.02286270447 0.03009949438
vn -0.5716261268 0.3862411082 0.7239208221
v 0.01113325544 0.014945806 0.004850825295
vn -0.1823928207 0.2157105953 -0.9592714906
v 0.01191732194 0.01449897233 0.004434796516
vn -0.2879369259 0.2825714052 -0.9150113463
v 0.01072786842 0.01418814063 0.004645872861
vn -0.1253317595 0.3298283219 -0.9356843829
v 0.0008434216725 0.02874566056 0.0204446055
vn -0.8908110857 0.2876314223 -0.3517438471
v 0.003292792011 0.0236184001 0.02949168906
vn -0.4721683562 0.1997407675 0.8585805893
v 0.001018020906 0.007546269335 0.01554810908
vn -0.7915667892 -0.5950995684 -0.1388470829
v 0.0005597356358 0.008068006486 0.01655702665
vn -0.8435396552 -0.5367985964 0.0169751402
v 0.0005905283033 0.008332221769 0.01513879932
vn -0.8461309671 -0.4937504232 -0.2006811649
v 0.00640479615 0.02424895018 0.03065151535
vn -0.476770848 0.3138080835 0.821105361
v 0.02132454701 0.01283068117 0.03334726766
vn 0.4640464187 0.05015018955 0.8843901157
v 0.02097582817 0.01363464911 0.03352857009
vn 0.5084756017 -0.002975025913 0.8610712886
v 0.02259720303 0.0100724753 0.03289572522
vn 0.3913756609 -0.1209282801 0.9122507572
v 0.02286548726 0.01093406137 0.03276292235
vn 0.5297735929 0.09273191541 0.8430544138
v 0.001409115037 0.0242129378 0.02811354771
vn -0.7564847469 0.07725653797 0.6494322419
v 0.01311214361 0.02013414353 0.005427921657
vn 0.1356238425 0.3394473493 -0.9307962656
v 0.01184349973 0.0201412309 0.005226480775
vn 0.2221041024 0.2620636523 -0.9391444921
v 0.01983480342 -0.005053599365 0.02305464074
vn 0.5798062086 -0.6231948733 0.5248360634
v 0.02070432156 -0.004812400788 0.02230899036
vn 0.5914931893 -0.6589295864 0.4647015929
v 0.02037134394 -0.00419440493 0.02345566824
vn 0.5485681891 -0.6076484323 0.5743138194
v 0.002054892248 0.01880634762 0.01175390463
vn -0.8447698355 0.1206380427 -0.5213543177
v 0.002828184515 0.01856493391 0.01035351586
vn -0.8139393926 0.111098893 -0.5702278018
v 0.002276823623 0.01782358252 0.01126002334
vn -0.8638474345 -0.01510369498 -0.5035270452
v 0.001145902672 0.02231571823 0.02766114846
vn -0.8300084472 -0.07960288227 0.5520411134
v 0.001181876985 0.02325793914 0.02778953314
vn -0.8259342313 -0.01149622444 0.5636492372
v 0.0005520245177 0.02289378457 0.02659580298
vn -0.9194433093 -0.02768619545 0.3922466934
v 0.03079537116 0.01101253927 0.0210418459
vn 0.9384517074 -0.3447394371 0.02151997574
v 0.03048739582 0.01041848958 0.02057344094
vn 0.8949868083 -0.4452489316 -0.027423352
v 0.03061573952 0.01087268349 0.01967727393
vn 0.9320508242 -0.3546552658 -0.07416818291
v 0.0005256674485 0.02194289304 0.02639140375
vn -0.9187994599 -0.09008855373 0.3843067288
v 0.0001344956399 0.02254824713 0.02525594272
vn -0.9631141424 0.01058464032 0.2688850462
v 0.002725147409 0.01511713304 0.02866233699
vn -0.715034008 -0.01231633034 0.6989811659
v 0.001790782204 0.01512789354 0.02782747336
vn -0.7296071053 0.09296791255 0.6775178909
v 0.002088763751 0.01413261797 0.02831936069
vn -0.6995289922 -0.07229081541 0.7109382749
v 0.002110748319 0.0234835539 0.02878715843
vn -0.6244909167 0.03526837751 0.7802353501
v 0.0006301493268 0.0288576819 0.02152641304
vn -0.9505912662 0.2895316184 -0.11201635
v 0.0004299455322 0.02816685289 0.02269421332
vn -0.9832133055 0.1563881487 0.09399116039
v 0.003258073004 0.03219486773 0.02274023741
vn -0.5393057466 0.8416280746 -0.02848681808
v 0.01876205392 0.01141323335 0.03395536169
vn 0.2909852564 -0.1784617603 0.9399356246
v 0.01986246742 0.0115823783 0.03379864991
vn 0.1899021268 -0.1660603583 0.9676575661
v 0.01951638795 0.01225563791 0.03397766128
vn 0.2062295526 -0.1629154533 0.9648460746
v 0.002640806604 0.03074177727 0.02028727904
vn -0.5571801662 0.7134171724 -0.4249543846
v 0.001667955657 0.03000346571 0.020297179
vn -0.6524258852 0.6327779889 -0.4170520902
v 0.02435582131 0.006617468316 0.0307634566
vn 0.5819311142 -0.3542987108 0.7320030928
v 0.02506741509 0.006234327797 0.02989621833
vn 0.6762729287 -0.3054942787 0.6703194976
v 0.0006876325933 0.02920617163 0.02278813347
vn -0.940737009 0.3177583516 0.1185051575
v 0.001115723047 0.03019893169 0.02248734422
vn -0.8453050852 0.5341555476 0.01171176601
v 0.0009762068512 0.02971174568 0.02146393433
vn -0.8553470373 0.4845712781 -0.1832269579
v 0.01972511597 -0.005782093853 0.02221037261
vn 0.6084207892 -0.6657486558 0.4319755137
v 0.01893457212 -0.005633256864 0.02335365303
vn 0.5378579497 -0.6211745739 0.5699570179
v 0.00310637732 0.006554451771 0.02447437495
vn -0.9594654441 -0.04953977093 0.2774380445
v 0.003387576202 0.007168315817 0.02541575208
vn -0.9354111552 -0.0006137966411 0.3535612524
v 0.002902639564 0.007431394421 0.02398121543
vn -0.9601431489 -0.0911398977 0.2642322183
v 0.004345423076 0.03277862072 0.02321199328
vn -0.3705262542 0.9238135815 0.09632652253
v 0.002732278081 0.030146854 0.01926635392
vn -0.6004397869 0.6402829289 -0.4790718853
v 0.001033595647 0.02933109552 0.02060719021
vn -0.8286504149 0.4520235658 -0.3301714659
v 0.02244459651 0.0209510643 0.030177949
vn 0.08524115384 0.2114655226 0.9736613035
v 0.02241029777 0.02177282237 0.02996905893
vn 0.1549631208 0.2843630016 0.9461100101
v 0.003361412324 0.03190508112 0.02151636966
vn -0.5761828423 0.768271625 -0.278876394
v -1.631083069e-05 0.02145472541 0.01913142949
vn -0.8959861398 0.2900447547 -0.3362779617
v 0.0003737560473 0.02149701864 0.01815256104
vn -0.9166382551 0.3285591006 -0.2276472002
v -0.0001697557018 0.02076814137 0.01882524788
vn -0.9062883854 0.3334724307 -0.2596873045
v 0.001812990638 0.02273184434 0.0284975078
vn -0.7071920037 -0.03368210047 0.7062188387
v 0.00273664901 0.02276731282 0.02924116887
vn -0.6315692663 0.1113044322 0.767288506
v 0.03046890348 0.01424540672 0.01731152646
vn 0.9508392215 0.1323496103 -0.2799792886
v 0.03006447852 0.0146273179 0.01617871597
vn 0.934517622 0.1662687957 -0.3146926165
v 0.001610483974 0.02924344316 0.01945579983
vn -0.7008261085 0.4908690155 -0.5175812244
v 0.004214275628 0.03263123333 0.02186432667
vn -0.4507273436 0.8824164867 -0.1348555684
v 0.004245319869 0.03233480453 0.02054966241
vn -0.5593365431 0.7846295834 -0.267393142
v 0.004411788657 0.03189909458 0.0193341095
vn -0.5991677642 0.6741808057 -0.431831181
v 0.003545707092 0.03148966655 0.02042309009
vn -0.6261251569 0.6841450334 -0.3740492463
v 0.008366606198 0.01975263841 0.004686955363
vn -0.223051548 0.2005078495 -0.9539625645
v 0.007146877702 0.01990304142 0.005263001192
vn -0.5501901507 0.3027169704 -0.7782372832
v 0.008068905212 0.02060562372 0.004999272991
vn -0.3899769783 0.3060280085 -0.868484199
v 0.007418883964 0.01905266382 0.004860389512
vn -0.4281235933 0.214645043 -0.8778597116
v 0.0003699648078 0.02511425316 0.02280218527
vn -0.9807459116 0.1766369343 -0.0832875669
v 0.0003702256072 0.02565699071 0.02361295186
vn -0.9963421822 0.08527930081 -0.005444115493
v 0.007178552914 0.01300170925 0.005609385669
vn -0.6002990007 -0.3986694217 -0.693328023
v 0.008235617541 0.01348222047 0.004791116808
vn -0.3229952753 -0.2209952921 -0.9202364683
v 0.01425377559 -0.002332142554 0.02766312845
vn 0.155957818 -0.7121853232 0.684448123
v 0.0139287468 -0.003041813849 0.02696004137
vn 0.09104225039 -0.7499113083 0.6552437544
v 0.01511003915 -0.002621122869 0.02710466459
vn 0.2182954997 -0.7076010704 0.6720474362
v 0.007092600223 0.01389086433 0.005162576213
vn -0.5055085421 -0.3562941253 -0.7858216166
v 0.006209606305 0.01342530083 0.006356253289
vn -0.645530045 -0.4326093793 -0.6293965578
v 0.01040148828 0.0153747173 0.004920189269
vn 0.1599610448 -0.05001971498 -0.9858552217
v 0.01143458206 0.01577693038 0.004877321422
vn -0.1898609847 -0.001479493803 -0.9818098545
v -0.0002650562674 0.01577469334 0.02527554147
vn -0.7957412601 -0.07751647383 0.6006554961
v -0.0007884080987 0.01657755673 0.0247288961
vn -0.8627932072 -0.01367871556 0.5053719282
v -0.001093305997 0.01580992155 0.02407677658
vn -0.9060277343 -0.07369334996 0.4167529047
v 0.01401951537 0.01779111847 0.004633243196
vn 0.1450409889 0.2712890804 -0.9515069127
v 0.01272159163 0.01728909463 0.004415809177
vn -0.09626480192 0.09245786071 -0.9910522699
v 0.01252123807 0.01628049277 0.00445897365
vn -0.2425897121 0.04529245198 -0.9690710902
v 0.01155158225 0.01668208838 0.00480508199
vn -0.1009710059 -0.09517136961 -0.9903268218
v 0.009899064898 0.01469526812 0.004770407919
vn 0.1395931691 0.07176612318 -0.9876048565
v 0.008468743414 0.01449992787 0.004485351965
vn -0.08543302119 -0.2028813213 -0.9754692912
v 0.005306303035 0.03297183663 0.02109063603
vn -0.3037012815 0.9421577454 -0.141789645
v 0.02909215353 0.005976101849 0.01072129048
vn 0.8470616341 -0.3029738665 -0.4366845787
v 0.02959900163 0.006574123632 0.01170542836
vn 0.9512113929 -0.1526997685 -0.2681037784
v 0.01765177399 -0.0001774360862 0.02918793447
vn 0.1447498053 -0.7525178194 0.6424674988
v 0.01791906916 0.0240359176 0.03205798194
vn 0.4497708976 0.2904132605 0.8446101546
v 0.01723221317 0.02500130795 0.03211759403
vn 0.3859707713 0.2784181237 0.8794941306
v 0.01647145674 0.02419163473 0.0326278396
vn 0.299605757 0.2971989512 0.9065920711
v 0.009493411519 0.01388522703 0.004598191474
vn -0.05019914731 0.08939477801 -0.994730413
v 0.01039974112 0.01607676782 0.004769268911
vn 0.2241558135 -0.1581632346 -0.961633265
v 0.02336934395 3.887780622e-05 0.02709053084
vn 0.5044829845 -0.7123146653 0.4879597127
v 0.02335583605 -0.0006179558113 0.02607255429
vn 0.3912160397 -0.7814233899 0.4861352742
v 0.02451143973 3.583260332e-05 0.02609918825
vn 0.4811483622 -0.6623755097 0.5742428899
v -0.0006281020469 0.02101422288 0.02231595293
vn -0.9908998013 0.06921588629 0.1154417694
v -0.0006049862714 0.02141289786 0.02118388377
vn -0.9827284217 0.1497308314 -0.1087452322
v 0.005114078987 0.01009757258 0.02926505543
vn -0.8792196512 -0.2432811111 0.4096182287
v 0.005270565394 0.01092682872 0.03004219197
vn -0.846049726 -0.2228866965 0.4842740595
v 0.004602490924 0.01095565408 0.0287133567
vn -0.7607457042 -0.456053108 0.4618240893
v 0.02606035769 -0.001204714994 0.01556178275
vn 0.59937644 -0.7988184094 -0.05135206133
v 0.02706346102 -0.0006756112562 0.01678156853
vn 0.668097496 -0.725787878 -0.1639443338
v 0.002471034415 0.006304678507 0.02067663334
vn -0.9898374081 -0.133666724 0.0485297069
v 0.002489084844 0.007012513466 0.02146106958
vn -0.9806589484 -0.1196316406 0.1549075544
v 0.002230935032 0.007073039655 0.01992978714
vn -0.8987659216 -0.3834890723 0.2124993503
v 0.01229636651 -0.002092757262 0.0280854404
vn -0.1136167273 -0.684910655 0.7197142243
v 0.01351095084 -0.002053320641 0.02808384411
vn 0.0755584985 -0.6711673141 0.7374451756
v 0.01344484463 -0.001386706368 0.02861153334
vn 0.03162957728 -0.5964160562 0.802052021
v 0.02968541533 0.01824549586 0.02303295396
vn 0.8933205009 0.419481039 0.1612891257
v 0.0293314755 0.01804857329 0.02445214242
vn 0.8948449492 0.3192893267 0.311940372
v 0.02993809804 0.01739799418 0.02363175154
vn 0.8788625598 0.3945749998 0.2681626379
v 0.005141371395 0.0007397157606 0.01718917862
vn -0.8929859996 -0.2225999236 -0.3911844194
v 0.005707673728 0.0006790906773 0.01584163681
vn -0.898609817 -0.2192875892 -0.3800176084
v 0.002136941301 0.02190428227 0.02876391076
vn -0.748157084 -0.007839409634 0.6634753346
v 0.01307433844 -0.002692132955 0.02746697329
vn -0.01020173356 -0.762475431 0.6469367743
v 0.01153519377 0.01762557961 0.004670596216
vn -0.02425411157 0.01596124284 -0.9995784163
v 0.02678355575 0.02332662046 0.02636643872
vn 0.8235049248 0.2872007191 0.4892396033
v 0.02591209672 0.02315814048 0.0276390966
vn 0.6729530096 0.3675605655 0.641898334
v 0.02659099922 0.02258321643 0.0271425806
vn 0.7756910324 0.3508796394 0.5245825648
v 0.007024433929 0.01480629668 0.004821885843
vn -0.4511789382 -0.3095175028 -0.8370403051
v 0.006850522012 0.01571870968 0.004578474443
vn -0.4939414859 -0.167291984 -0.8532497883
v 0.008174584247 0.01549046393 0.004303145222
vn -0.07027484477 -0.2031256557 -0.9766275883
v 0.02301151305 0.01660213619 0.007056908216
vn 0.5568386912 0.2053021789 -0.8048488498
v 0.02427635528 0.01620876044 0.007915677503
vn 0.5735985637 0.1473919302 -0.8057668805
v 0.02317910083 0.01566220447 0.006963166408
vn 0.5542030334 0.1494106948 -0.818862319
v 0.005420700647 0.01638617367 0.006696899887
vn -0.848572433 0.1184113026 -0.5156584382
v 0.005976656452 0.01598547399 0.005479034502
vn -0.8290560842 -0.04820108041 -0.5570840836
v 0.005478156731 0.01543587167 0.006587348413
vn -0.8125191331 -0.02730277367 -0.5822947621
v 0.006104444619 0.01430307049 0.005878342316
vn -0.696659565 -0.3079292476 -0.6479545236
v 0.0055489433 0.01470968407 0.006563963369
vn -0.7787656188 -0.1174781397 -0.6162166595
v 0.006061947439 0.01515063643 0.005561799742
vn -0.7662774324 -0.2080331594 -0.6078989506
v 0.01034801174 0.01694098301 0.004605644383
vn 0.1948141605 -0.08947154135 -0.9767509103
v 0.004552676342 0.01558577735 0.00757053867
vn -0.7757226825 0.04613926262 -0.6293849945
v 0.004377149045 0.01644974388 0.007951188833
vn -0.7499989271 0.2249890864 -0.6219980121
v 0.02366450615 0.002683658386 0.0297259111
vn 0.5634433627 -0.4986888468 0.6586660743
v 0.02462121472 0.003341468284 0.02910406329
vn 0.6933157444 -0.3889117539 0.606680274
v 0.02387960255 0.003645779099 0.03010048345
vn 0.6371801496 -0.3524253666 0.6854179502
v 0.0005703821662 0.02397940122 0.02664086968
vn -0.9271662831 0.04866590351 0.3714758754
v 0.009453458712 0.01539213397 0.004510782659
vn 0.2554387748 -0.162690416 -0.9530387521
v 0.009287384339 0.01623666845 0.004324778449
vn 0.2163142264 -0.09904500097 -0.9712868929
v 0.006766799837 0.01657459699 0.004632217344
vn -0.5421091914 0.07652705908 -0.8368161321
v 0.006623541471 0.01740422845 0.004915505182
vn -0.6136574149 0.1871549189 -0.7670707703
v 0.007821298204 0.01728035323 0.004319620784
vn -0.2195884138 0.1618855745 -0.9620675445
v 0.01178051252 0.02018519305 0.03386550024
vn -0.09705452621 0.3135668635 0.9445931911
v 0.01168905292 0.02114221267 0.03340966627
vn -0.2074084133 0.4533216357 0.8668801785
v 0.01055545826 0.02074834704 0.03352043405
vn 0.01641828381 0.5207359791 0.8535599113
v 0.0242274981 0.01603429019 0.03088926338
vn 0.6944903731 0.08176011592 0.7148415446
v 0.024291832 0.01506811101 0.03083557077
vn 0.7632824183 -0.04702121392 0.6443516016
v 0.0111260144 0.02204297483 0.00523107592
vn 0.2554789484 0.1066526473 -0.9609140158
v 0.01017814595 0.02214033157 0.005051494576
vn 0.09228534997 0.1356649548 -0.9864473939
v 0.01068606228 0.02284230292 0.005261423532
vn 0.1752040535 0.2278222591 -0.9578102827
v 0.006241204683 0.003538830904 0.01205109898
vn -0.5388000607 -0.7005668879 -0.4678680599
v 0.005011787172 0.003808418522 0.01255295891
vn -0.5046083331 -0.7407140136 -0.4435235858
v 0.005682296585 0.004312015604 0.01132621057
vn -0.4830106497 -0.7015891075 -0.5239021182
v 0.00175260019 0.02552106977 0.01771813072
vn -0.928141892 0.2650577724 -0.2613368928
v 0.002279604552 0.02600608952 0.01653067209
vn -0.8882451653 0.3513580263 -0.2959189415
v 0.001882337965 0.02507498115 0.01654623449
vn -0.8883877993 0.4036764205 -0.2186606079
v 0.01099498849 0.01940973662 0.004806083161
vn 0.1808638126 0.1779358983 -0.9672781825
v 0.02363890409 0.02560922317 0.02846158296
vn 0.5620011687 0.2552631795 0.7867625952
v 0.02464119345 0.02565256506 0.0276582744
vn 0.6215634346 0.3421323597 0.7047016025
v 0.02402534522 0.02637938596 0.02779567242
vn 0.5949739218 0.4174680114 0.6868234873
v -0.0002704318613 0.0186867509 0.01540737599
vn -0.8908606768 0.3160965741 -0.3262670934
v -0.0004400042235 0.01910998859 0.01655536331
vn -0.9179555774 0.3524702489 -0.181995213
v 4.172233457e-05 0.01970321871 0.01571224444
vn -0.8816155791 0.3821829855 -0.2769298553
v 0.01075536571 0.008835673332 0.03301635757
vn -0.5839467645 -0.2273102105 0.7793177962
v 0.01180536579 0.009229196236 0.03374923021
vn -0.4063467681 -0.2269095778 0.8850956559
v 0.01092298049 0.009592545219 0.03333206102
vn -0.521718204 -0.2441987544 0.8174209595
v 0.008287595585 0.002915430581 0.02904524282
vn -0.5810987353 -0.309538275 0.752668798
v 0.007605765015 0.003670367412 0.02881027013
vn -0.5009801984 -0.310320586 0.8079108596
v 0.01119428314 0.001405028277 0.02986992151
vn -0.2825698555 -0.5625153184 0.7770011425
v 0.01012256555 0.002151968423 0.03008319438
vn -0.3645439148 -0.5358882546 0.7615323663
v 0.005163277034 0.01721060835 0.00764561398
vn -0.8216258883 0.2118618935 -0.5291931629
v 0.005732196849 0.01734595373 0.006040934008
vn -0.8827962279 0.1333737969 -0.4504244924
v 0.008132797666 0.01094099693 0.005723859649
vn -0.6726930737 -0.314371556 -0.669816792
v 0.01434948854 0.005132610444 0.03272226453
vn -0.02120490931 -0.5832213163 0.8120365143
v 0.01327464357 0.00547386473 0.03283873945
vn -0.261851728 -0.5137164593 0.817024529
v 0.01324892417 0.004727360327 0.03227274865
vn -0.1987205893 -0.5464506149 0.8135734797
v -9.469206998e-05 0.01971331611 0.0248653926
vn -0.8857685328 0.2367235571 0.3992193341
v 0.0002860881214 0.02027771436 0.0254458636
vn -0.9011284113 0.09824673086 0.4222737849
v 0.006008252967 0.01672492921 0.005452183075
vn -0.8250043988 0.07319711894 -0.5603658557
v 0.009107255377 0.01712178811 0.004294612445
vn 0.1235595271 0.06510819495 -0.9901989698
v 0.008015335537 0.01640098728 0.004167277832
vn -0.1193025038 -0.009344672784 -0.9928140044
v 0.01928223856 -0.004066611174 0.02445841394
vn 0.4535492361 -0.5349621177 0.7128173709
v 0.01939660124 -0.003258598503 0.02495083772
vn 0.4023899734 -0.5373815894 0.7411500216
v 0.005551726092 0.0180938039 0.00683596218
vn -0.9008489251 0.140897423 -0.4106326103
v 0.02994991094 0.009765032679 0.02256787568
vn 0.8439512849 -0.504252553 0.1829633564
v 0.03046332486 0.01042310707 0.02186139114
vn 0.8841244578 -0.450253278 0.1248834953
v 0.03013550863 0.01048855856 0.02332363464
vn 0.8700711727 -0.4020852447 0.2851379216
v 0.003634724068 0.002929407172 0.02531799115
vn -0.906747818 -0.2351324558 0.3500301242
v 0.003484680317 0.003977101762 0.02536087111
vn -0.9405986071 -0.1159911305 0.3190928996
v 0.003169495612 0.003650341183 0.02395857684
vn -0.9718644023 -0.123737298 0.2004213482
v 0.0009266881389 0.01681829058 0.01300218701
vn -0.7113974094 0.01487785298 -0.7026324868
v -6.613750156e-05 0.01655923016 0.01408963464
vn -0.827878356 0.02768640034 -0.560223937
v 0.02816379629 0.01004275307 0.02658489905
vn 0.7676128745 -0.1289561093 0.6278063059
v -0.0009400332347 0.01879252866 0.02350473776
vn -0.9433563948 0.2290591002 0.2400221378
v -0.0007008861285 0.01815194078 0.02449027449
vn -0.8927862644 0.1809552163 0.4125383794
v -0.0003612815635 0.01898973063 0.02475574426
vn -0.8770352602 0.2257026881 0.4241078794
v 0.008897565305 0.01799569093 0.004385582171
vn 0.01679607294 0.1342467666 -0.9908055663
v 0.02961600572 0.007511002477 0.01154264063
vn 0.9633988738 -0.02037252672 -0.2672968209
v 0.02982885763 0.007944013923 0.01249970216
vn 0.9684810638 -0.05307594314 -0.2433666885
v 0.0298525095 0.007126560435 0.0126760425
vn 0.9795666933 -0.07711882889 -0.1857466847
v 0.009311161935 0.02044199966 0.004728495609
vn -0.02073684707 0.2202412933 -0.9752249718
v 0.008433123119 0.03131625429 0.01263920311
vn -0.3600185215 0.6835486889 -0.6349392533
v 0.008701841347 0.03069224395 0.01175159961
vn -0.387085706 0.7382932901 -0.552347362
v 0.00771071529 0.03056053631 0.0123589756
vn -0.5331214666 0.6256423593 -0.5695201159
v 0.01013555657 0.0212683212 0.004982008599
vn 0.1288625002 0.1469755769 -0.980710268
v 0.01059686206 0.02030185051 0.004854679573
vn 0.2129559219 0.1920136362 -0.958008647
v 0.01044483297 0.006292178296 0.00643276982
vn -0.471557796 -0.2619512677 -0.8420301676
v 0.01129014045 0.006845164113 0.005940881092
vn -0.2787565291 -0.2029826939 -0.9386654496
v 0.01121255942 0.005858030636 0.006162962876
vn -0.3636345565 -0.2127064168 -0.9069321156
v 0.004888880067 0.01805661246 0.008171486668
vn -0.7531898618 0.1723483801 -0.6348236799
v 0.01325830165 -0.00676809391 0.01885328442
vn -0.5130255818 -0.8530963063 -0.095033966
v 0.01020197384 0.01782373898 0.004541828763
vn 0.1371224523 0.03942913935 -0.9897690415
v 0.009981367737 0.01869692095 0.004558091052
vn 0.111353077 0.08819969743 -0.9898592234
v 0.00760927191 0.01817050017 0.00455235783
vn -0.3408292234 0.2094451785 -0.916497767
v 0.01342165563 0.01690526307 0.03483327478
vn -0.03875791281 0.5125120878 0.8578048348
v 0.01419190597 0.01745122857 0.03442390263
vn 0.1383534372 0.3445847929 0.9285039902
v 0.008944510482 0.02112395503 0.004937152844
vn -0.1509614736 0.2398011535 -0.9590130448
v 0.02136542834 0.006121887825 0.03218705207
vn 0.1723598391 -0.03052175231 0.9845610857
v 0.02115942165 0.005117587745 0.03208074346
vn 0.07733741403 -0.2589864731 0.96277982
v 0.02230145782 0.005609126296 0.03186706454
vn 0.4233908951 -0.07550223917 0.902795434
v 0.002824204508 0.005260619335 0.01893993467
vn -0.9450590014 -0.2832143903 -0.1632576287
v 0.00968784187 0.01957891323 0.004579829983
vn 0.06832380593 0.1323678344 -0.9888430834
v 0.005993199069 -0.001182172331 0.01576506533
vn -0.8360439539 -0.2768734396 -0.4736787677
v 0.005521493498 -0.0007777824067 0.01650474966
vn -0.8950650692 -0.1564804316 -0.4175792336
v 0.01141774654 0.02106462605 0.005266102962
vn 0.2687964439 0.1274304539 -0.9547303319
v 0.01259016339 0.02091211081 0.005582785234
vn 0.2326792181 0.2012916207 -0.9514946342
v 0.02306122519 0.02632063441 0.02863777801
vn 0.5031988621 0.3987420797 0.7666783333
v 0.02787550539 0.004113362636 0.0240234565
vn 0.8716790676 -0.3087733388 0.3805715144
v 0.02791330777 0.003244376276 0.02324686013
vn 0.9032791257 -0.2916846275 0.3146535456
v 0.02849129587 0.004246509168 0.02243756875
vn 0.9233825803 -0.3053004444 0.2327149212
v 0.0122466702 0.02186252363 0.005569379311
vn 0.327883929 0.1362613738 -0.9348395467
v 0.008668137714 0.01887601241 0.004516915418
vn -0.091675587 0.1469039023 -0.984893322
v 0.01448118687 0.0181972608 0.03423181176
vn 0.1517185867 0.07329782844 0.9857022166
v 0.01519198343 0.01757291704 0.03417877108
vn 0.3213066161 0.2184521407 0.9214340448
v 0.007308640052 0.03355383873 0.02420201898
vn -0.4923386276 0.8624563813 0.1173527092
v 0.007316988427 0.03341325 0.02564053051
vn -0.4607334137 0.8797266483 0.1174977422
v 0.00829707738 0.03397644311 0.02518761717
vn -0.3308981061 0.9260672331 0.1813997775
v 0.005443783943 0.01872725412 0.007494289428
vn -0.8802413344 0.1389064491 -0.4537402093
v 0.01134093665 0.02520094253 0.03162821382
vn -0.1258987784 0.1164129004 0.9851890802
v 0.0105552217 0.02595901489 0.03157518804
vn 0.06925323606 -0.01261917409 0.9975193143
v 0.01746591739 0.0346522741 0.02078877762
vn -0.04533337057 0.9787902236 0.1997862756
v 0.01614580117 0.03425170481 0.02156472206
vn -0.02302075922 0.9812238216 0.1914937198
v 0.01740290783 0.03434055671 0.02214578912
vn -0.09568233043 0.9729078412 0.2104643732
v 0.0281859003 0.02585026436 0.02130311728
vn 0.8388638496 0.5096405745 0.1912431717
v 0.03055402637 0.01495878864 0.02393410727
vn 0.9308889508 0.08513253927 0.3552438021
v 0.03073010035 0.01564493775 0.02305382118
vn 0.9527741671 0.2044982314 0.2245035321
v 0.0100427391 0.02335865423 0.005374364555
vn -0.00579821039 0.3439725935 -0.9389618039
v 0.01100165676 0.02369359322 0.005555318668
vn 0.1505269408 0.2740305662 -0.9498678446
v 0.009207642637 0.02184778266 0.005019626115
vn -0.1409266889 0.1472551972 -0.9790074229
v 0.02643957362 0.02523762174 0.01488353964
vn 0.5397844911 0.535277009 -0.6497008801
v 0.02544675767 0.02574949712 0.01465404034
vn 0.4699769616 0.5794082284 -0.6658887267
v 0.02651024051 0.02597103454 0.01555826422
vn 0.5642026663 0.5786652565 -0.5889158249
v 0.01190616842 0.02293978818 0.005639283918
vn 0.3200308681 0.1779961288 -0.9305362105
v 0.008078664541 0.02146426775 0.005337720271
vn -0.433552742 0.1898707151 -0.8808978796
v 0.001195083605 0.01452735811 0.02708080225
vn -0.7908069491 -0.0406130217 0.6107167602
v 0.001317713992 0.01365689002 0.02705491334
vn -0.7853900194 -0.262447834 0.5606100559
v 0.005528320093 0.01953127794 0.007468963042
vn -0.8559993505 0.06533830613 -0.5128313303
v -0.0009537097649 0.01230460778 0.01664633863
vn -0.9144783616 -0.2486025244 -0.3192587495
v -0.0006302835536 0.01135862246 0.01676631346
vn -0.9400831461 -0.2953179479 -0.1703849584
v -0.0009862510487 0.01165783405 0.01776795276
vn -0.8809236288 -0.4510271549 -0.1433459222
v 0.003838458331 0.01790285856 0.03205565736
vn -0.7038601041 -0.1476924717 0.69481498
v 0.004870208446 0.01824389026 0.0328303054
vn -0.3830047548 -0.184750706 0.9050825834
v 0.003918881528 0.01879227906 0.03226206824
vn -0.7109476924 -0.01170910709 0.7031474113
v 0.02639452182 0.001434945618 0.02542256564
vn 0.778706491 -0.4268123209 0.4598340988
v 0.02555667423 0.0007296386757 0.02588945813
vn 0.6227995753 -0.5474537015 0.5589410663
v 0.02644211054 0.0007118905196 0.0245570112
vn 0.7942996025 -0.4978016615 0.3482552171
v 0.0158698149 0.02014586143 0.0340253599
vn 0.2136026174 0.04057233408 0.976077795
v 0.01629807986 0.01934307441 0.03381804749
vn 0.3547700346 -0.1493583322 0.9229465127
v 0.01707123034 0.02010683715 0.03360769898
vn 0.3950902224 -0.0844636187 0.9147511125
v 0.008953749202 0.02602485754 0.007061719894
vn -0.3434655666 0.5417009592 -0.7671971917
v 0.008351065218 0.0264552813 0.007658509538
vn -0.3766114414 0.5533426404 -0.7429507375
v 0.009675445035 0.02674811706 0.007194499951
vn -0.3130267859 0.5220770836 -0.7933787107
v 0.01008410845 0.02767329477 0.007614423987
vn -0.2677006125 0.5115645528 -0.8164790869
v 0.008829043247 0.02731284499 0.008031049743
vn -0.4069672227 0.5228896737 -0.7489753366
v 0.009307521395 0.02822324261 0.008322549053
vn -0.4126022458 0.5408483744 -0.7329682708
v 0.01981262304 0.02588146552 0.02974909917
vn 0.3280077875 0.5762560368 0.7485585213
v 0.01898452081 0.02543663979 0.03072844818
vn 0.5471454859 0.4848462045 0.6823166013
v 0.01996550523 0.0250186231 0.03032017127
vn 0.4439558387 0.434006989 0.7839267254
v 0.02829430252 0.02133417688 0.0153700104
vn 0.9494746923 0.1521757245 -0.2744819522
v 0.02802170441 0.0210525319 0.01428860147
vn 0.8958421946 0.2282171547 -0.3812921047
v 0.02790026926 0.02193793654 0.01458708942
vn 0.8770518303 0.2470687181 -0.4119916558
v 0.0234952867 -0.002648593625 0.02206729166
vn 0.5268704295 -0.7966126204 0.2963375449
v 0.02457387745 -0.002001953311 0.02188106626
vn 0.5797703862 -0.7923352122 0.1899241954
v 0.02388908342 -0.002036949852 0.02314035036
vn 0.4270845354 -0.8407678008 0.3327286243
v 0.01084186044 0.02719336748 0.0071476046
vn -0.06414370984 0.5395482183 -0.8395077586
v 0.01102350559 0.02648698539 0.006662780885
vn -0.02271678299 0.5213990211 -0.8530105948
v 0.0161514245 0.005773038138 0.006124825217
vn -0.02941343561 -0.4615817666 -0.8866099119
v 0.01559148729 0.006527437363 0.005578292999
vn -0.1257433742 -0.6567332149 -0.7435657978
v 0.01676625758 0.006409915164 0.005381608382
vn -0.118692182 -0.7082618475 -0.6959003806
v 0.01844028756 0.02871207893 0.02915715985
vn 0.5997622013 0.3426645994 0.7230949402
v 0.0191397164 0.02802834846 0.02879701182
vn 0.5268840194 0.3193464875 0.7876617908
v 0.01957851276 0.02890040353 0.02817201056
vn 0.4813893139 0.3562284112 0.8008530736
v 0.02631397173 -0.001218830934 0.01374106109
vn 0.578043282 -0.8139582276 0.0577750057
v 0.02527661249 -0.001796582364 0.01483468339
vn 0.4511969984 -0.8907148838 0.05521118268
v 0.02503853664 -0.002073335228 0.01343958545
vn 0.3749089837 -0.926597178 0.02934178524
v 0.008057844825 0.02779487334 0.008853024803
vn -0.4616534114 0.5796909928 -0.6714420915
v 0.009598977864 0.02267332561 0.005148020107
vn -0.07425247878 0.2627664208 -0.961998105
v 0.01118878368 0.02559202909 0.006202461664
vn 0.06830137968 0.3975708783 -0.9150258303
v 0.009916802868 0.02590796724 0.00655467622
vn -0.2311721295 0.4977171719 -0.8359647393
v 0.008577650413 0.02872167155 0.009280265309
vn -0.4918273985 0.6239265203 -0.6073067784
v 0.009804408997 0.02412263677 0.005692242179
vn -0.09725080431 0.38798967 -0.916518569
v 0.008994468488 0.02328020521 0.005448181648
vn -0.2111084908 0.3585940599 -0.9093093276
v 0.01475656591 -0.003285505576 0.02651081607
vn 0.163485378 -0.7021581531 0.6929981709
v 0.01374823228 -0.003737828461 0.02617654018
vn -0.02302433923 -0.7607127428 0.6486802101
v 0.01115772873 0.02463184483 0.005851388909
vn 0.1127803102 0.3244926333 -0.9391406178
v 0.008421882056 0.02392570116 0.005899831653
vn -0.3140025735 0.417863369 -0.8525213003
v 0.007230184972 0.02365386114 0.006382401567
vn -0.550662756 0.3613898754 -0.752441287
v 0.005267903209 0.03029526956 0.01554603968
vn -0.6500254869 0.6064200997 -0.4579536021
v 0.006374919321 0.03099330515 0.01452658605
vn -0.7451711297 0.497251004 -0.4443663061
v 0.006127073895 0.03003734723 0.01402097475
vn -0.6911209226 0.5466911793 -0.4727373421
v 0.008411365561 0.02239613421 0.005309174769
vn -0.3327762187 0.2089097053 -0.9195742011
v 0.01649969071 0.03410532326 0.02271097712
vn -0.002946732799 0.9917885065 0.1278548688
v 0.01547336206 0.0341979228 0.02292776667
vn 0.1770544052 0.9832042456 0.04428465292
v 0.001393644954 0.01015952509 0.01212436147
vn -0.7723705173 -0.1873542219 -0.6069120169
v 0.002213451313 0.01018832717 0.01116343122
vn -0.7016510963 -0.1424555033 -0.6981347799
v 0.001684807474 0.009366047569 0.01205666643
vn -0.754330337 -0.2975078821 -0.5852134824
v 0.01016597543 0.03151138127 0.02932010405
vn 0.130778268 0.5155124664 0.8468435407
v -0.001518543693 0.01316210255 0.01759745926
vn -0.9603341818 -0.1635165364 -0.2258773744
v -0.001361103496 0.01217964478 0.01840291545
vn -0.9206186533 -0.3821341991 -0.08021704853
v -0.001528264838 0.01273738686 0.01943386719
vn -0.9528512359 -0.2961619794 0.06604985893
v 0.003323250683 0.02507030591 0.01348119602
vn -0.7487406135 0.4072538316 -0.5230026841
v 0.003406510456 0.02603711188 0.01416699961
vn -0.8083663583 0.3694223166 -0.458335042
v 0.004073493648 0.0259375181 0.01277375314
vn -0.8264426589 0.3243428469 -0.460211128
v 0.0305640921 0.01131584216 0.01679658517
vn 0.9992413521 0.02536056191 -0.02955571003
v 0.03064157255 0.01177259628 0.01794704981
vn 0.9882315397 -0.09910771251 -0.1165166497
v 0.03051088005 0.01081442647 0.01816682518
vn 0.9820123315 -0.1886740774 0.007337226532
v 0.01090590376 0.02167260088 0.03287173435
vn -0.08991089463 0.5012127757 0.860640347
v 0.01017043926 0.01285121311 0.03336475044
vn -0.5948886275 0.007072332315 0.8037770391
v 0.009828125127 0.01373441424 0.03304497525
vn -0.599352479 0.09005849808 0.7954030633
v 0.008905416355 0.01298447512 0.03269614652
vn -0.35516119 0.1400021911 0.9242618084
v 0.003737036837 0.001019304735 0.02124582231
vn -0.8736810088 -0.486463517 0.005894479807
v 0.003385017626 0.001787526417 0.02156741358
vn -0.9139917493 -0.4040036201 0.03741843998
v 0.003496869933 0.001614792622 0.02017023042
vn -0.8809312582 -0.4549840689 -0.1301907152
v 0.02898059413 0.01939735562 0.01777177304
vn 0.9738854766 0.1116750762 -0.1976759732
v 0.0287375804 0.01912707649 0.01646845974
vn 0.9741613269 0.1246153042 -0.188363269
v 0.02865637094 0.02006479725 0.01652050205
vn 0.9786511064 0.08105348796 -0.1888711154
v 0.02618813142 0.003748107236 0.02733019926
vn 0.8240107894 -0.2927167714 0.4851011336
v 0.02540357411 0.003103094175 0.02801462822
vn 0.7213617563 -0.4017127752 0.5641489625
v 0.02617192268 0.002913384931 0.02681323141
vn 0.8012134433 -0.3254119754 0.5021594167
v 0.01880805008 0.02958952822 0.0284403041
vn 0.5384845138 0.387796402 0.7480965257
v 0.01983706094 0.02969080023 0.02768581547
vn 0.4645084739 0.3842895329 0.7978429794
v 0.02702434547 0.001488120412 0.02395156585
vn 0.8697109818 -0.4051534832 0.2818749845
v 0.02690792829 0.0008270153776 0.02296614833
vn 0.8381322622 -0.4951256514 0.228877455
v 0.006333175115 0.02331473865 0.007130126469
vn -0.744532764 0.2840536833 -0.6041393876
v 0.006702907849 0.02418718301 0.007145259529
vn -0.6574333906 0.3762182891 -0.6528714299
v 0.007582182996 0.02690768428 0.008387927897
vn -0.4351507723 0.560205102 -0.7048503757
v 0.00298474147 0.002993513364 0.01970597357
vn -0.9500254393 -0.2606649399 -0.1717716008
v 0.0031496312 0.003520949045 0.01879762858
vn -0.9284814596 -0.1527311653 -0.3385193944
v 0.02336127497 0.00843280647 0.006725527346
vn 0.1012525707 0.02819298021 -0.9944611788
v 0.02226961777 0.008867692202 0.006551942322
vn 0.2884866595 -0.01874153502 -0.9573004842
v 0.02303161845 0.009456278756 0.006747297011
vn 0.1831035465 0.07259237021 -0.9804098606
v 0.0291738566 0.002486161888 0.0155504737
vn 0.9493473768 -0.3137404919 0.01750738733
v 0.02904357016 0.002506217221 0.01703146659
vn 0.952678442 -0.2838517129 0.1087748855
v 0.02881439216 0.001698175445 0.01627394184
vn 0.8967627883 -0.4407484829 0.03946269676
v 0.01569038071 0.01847198419 0.03390494734
vn 0.354809463 -0.04585388675 0.9338135123
v 0.006018819753 0.02375890501 0.007814849727
vn -0.8118777871 0.2897282243 -0.5068648458
v 0.0073149167 0.02819153294 0.009817228653
vn -0.5539408922 0.6487511992 -0.5217962861
v 0.006838948 0.02729486115 0.009218529798
vn -0.5605114698 0.584604919 -0.5865697265
v 0.02910129912 0.007449337281 0.02294795029
vn 0.9815613627 -0.07338897884 0.1764973104
v 0.02929238975 0.007630235981 0.02178619243
vn 0.9798299074 -0.07322834432 0.1859327406
v 0.02924229205 0.008265683427 0.02237428166
vn 0.9637324214 -0.1961764395 0.1809271574
v 0.02809336409 0.02096484415 0.02528544143
vn 0.8940692544 0.387257725 0.2251034826
v 0.02785820328 0.02064058557 0.0264135953
vn 0.8548282981 0.3289589882 0.4013161063
v -0.001348324819 0.01659070887 0.02327652648
vn -0.978539288 0.06508459896 0.1955117881
v 0.007846788503 0.0292007681 0.01055031177
vn -0.5629671812 0.6552459002 -0.5037070513
v 0.01692388207 0.02755354904 0.03105158731
vn 0.2911970615 0.5502105355 0.7826063037
v 0.01810436323 0.02783181332 0.02989068441
vn 0.6521636844 0.3500835896 0.6724016666
v 0.01733609661 0.02850900218 0.03018424101
vn 0.4215507209 0.4863247871 0.7653647661
v 0.006623257417 0.02835729532 0.01105299965
vn -0.6553333998 0.6320438981 -0.4135923982
v 0.00619601924 0.02751415409 0.01029978879
vn -0.6948675513 0.5874849558 -0.4147535861
v 0.006817058194 0.0291811619 0.01189174876
vn -0.6646336913 0.5827603936 -0.4676028192
v 0.005917944945 0.02837517299 0.01232397836
vn -0.6825734973 0.5730317235 -0.4535726011
v 0.006118763704 0.02449942753 0.008089562878
vn -0.7869206071 0.3041433394 -0.5368917584
v 0.0192942638 0.02978436835 0.01101801172
vn 0.3972972631 0.7817303538 -0.480679214
v 0.01942458935 0.02914878912 0.01005290914
vn 0.386092335 0.7935487032 -0.4703330398
v 0.01672697254 0.0209525153 0.03370412067
vn 0.2912875712 0.1471487582 0.9452506304
v 0.01634474285 0.02181146108 0.03360615671
vn 0.2228242308 0.2888673842 0.9310773015
v 0.02787343413 0.01158604212 0.009368726984
vn 0.7028027177 0.3030947149 -0.6435852051
v 0.02821774967 0.01214589179 0.01019238401
vn 0.7391824722 0.4650443792 -0.4871785641
v 0.0288311094 0.0113988556 0.01048207935
vn 0.7926850915 0.3474645913 -0.5009178519
v 0.01231088024 0.006036238745 0.0326054357
vn -0.4456683397 -0.4242202044 0.7883000374
v 0.01212245598 0.005080940668 0.03202836588
vn -0.363763392 -0.3794451356 0.8507041931
v 0.005669654813 0.02757492103 0.01153143868
vn -0.7270443439 0.5615841746 -0.3950060308
v 0.005028205458 0.02762574516 0.01266166475
vn -0.7093995214 0.5196992755 -0.4760935009
v 0.004827121273 0.02677791193 0.01206090022
vn -0.7875242829 0.4156397879 -0.4550264478
v 0.003988788463 0.02409384586 0.01185235009
vn -0.7863886356 0.3157089949 -0.5309621096
v 0.003968972247 0.02322400548 0.01125604287
vn -0.7881644368 0.3480717242 -0.5075853467
v 0.005878825206 0.02660058066 0.009762831032
vn -0.7766621113 0.4387739301 -0.4519661367
v 0.005424557719 0.02670601197 0.01093527954
vn -0.8140896559 0.4222045243 -0.3987497389
v 0.02387190051 0.01722918451 0.007842198014
vn 0.5248482823 0.1617150009 -0.8356928825
v 0.02515828796 0.01709869131 0.008573749103
vn 0.5813903213 0.05074403062 -0.8120408654
v 0.01839164086 0.03420526534 0.02301263437
vn 0.07917123288 0.9499274492 0.3022743762
v 0.01722603478 0.03403190523 0.02342669293
vn 0.01822018251 0.9748063087 0.2223075926
v 0.01796901971 0.03370598331 0.02431770414
vn 0.1921329945 0.9089822173 0.3699137866
v 0.005246166606 0.02578974701 0.01047851704
vn -0.870711267 0.2927404344 -0.3951770663
v 0.0184738487 0.01845435798 0.03224088997
vn 0.3454430997 0.151966989 0.926053524
v 0.01968192123 0.01869253069 0.03192012012
vn 0.2778850198 0.3807531297 0.8819336295
v 0.0191019699 0.01954678446 0.03207540512
vn 0.5877563357 -0.04667971283 0.8076902628
v 0.01917200722 0.03234574199 0.02575668693
vn 0.3709887564 0.7456175089 0.5535538197
v 0.0185856726 0.03308144212 0.02510628849
vn 0.3407014608 0.8100905418 0.4771538377
v 0.02355489321 0.03177075833 0.02176144905
vn 0.7050340176 0.7091712952 0.00174216833
v 0.02433545515 0.03106517531 0.02162350528
vn 0.6254993081 0.7794138193 -0.03556336835
v 0.02360297553 0.03150106221 0.02015986294
vn 0.6692042351 0.7094953656 -0.2208665758
v -0.0001438620529 0.009574728087 0.01657845266
vn -0.9413656592 -0.3355653584 -0.03502288833
v -0.0004322059976 0.01045232639 0.01683937013
vn -0.961365819 -0.2709264159 -0.048730243
v -0.0002042880806 0.01022479683 0.01555415522
vn -0.9556894302 -0.2280197889 -0.1861844063
v 0.0273477938 0.01383497566 0.0104977414
vn 0.8279588223 0.368416667 -0.4227923453
v 0.02709534764 0.01319482364 0.009499635547
vn 0.7458171248 0.3893138468 -0.5405474305
v 0.02662354335 0.01398558822 0.00938141346
vn 0.7586385012 0.3291506469 -0.5622521639
v -0.001455922378 0.01552778203 0.01874663122
vn -0.9568617344 0.262814641 -0.1238711029
v -0.001326027792 0.01507427078 0.01749892533
vn -0.9628508687 0.1763827652 -0.204468444
v -0.001698387088 0.01462071575 0.01890221797
vn -0.9883181453 0.1216977239 -0.09174371511
v 0.003441485344 0.0202444531 0.03111939691
vn -0.844024837 0.2323584855 0.4833544791
v 0.003265170148 0.01929028891 0.03117753379
vn -0.879984796 0.1164932922 0.4604954422
v 0.004087132402 0.01975618303 0.03235772252
vn -0.6933636665 0.1702115387 0.7001963258
v 0.005966881756 0.02255851775 0.007299373392
vn -0.8004761934 0.2103870511 -0.5612264872
v 0.01679866947 0.02247120067 0.006480673328
vn 0.01978331804 0.2057440877 -0.9784058332
v 0.01790787466 0.02211426757 0.006528960541
vn 0.2056873292 0.09175075591 -0.9743071795
v 0.01670570485 0.02153577842 0.006239502691
vn 0.1266010702 0.2407703549 -0.9622898698
v 0.00545735145 0.02373216115 0.008878925815
vn -0.8720802069 0.2406679839 -0.4260927141
v 0.005587894935 0.02472072095 0.009096564725
vn -0.8566590548 0.2321086377 -0.4607177675
v 0.005658019334 0.02302544005 0.008042262867
vn -0.852807343 0.2518519759 -0.4574824572
v 0.02369420789 0.02810988575 0.02682365105
vn 0.5083292127 0.4965416193 0.7035963535
v 0.0225000754 0.02783403918 0.02778940462
vn 0.3632605076 0.5889307261 0.7219434977
v 0.02336693369 0.02714966238 0.02780815586
vn 0.5096828938 0.5230141878 0.6831394434
v 0.01295284741 0.009702056646 0.03430962935
vn -0.2781208158 -0.3009538651 0.9121817946
v 0.01176783442 0.01032548584 0.03405307606
vn -0.4152244329 -0.2512243092 0.8743426204
v 0.01533988863 0.002962230239 0.006418630481
vn 0.2203477323 -0.4131121337 -0.8836205602
v 0.01511021983 0.003818216501 0.006080280058
vn 0.1492500454 -0.1592133194 -0.9758973122
v 0.01909145527 0.02452150546 0.03117401898
vn 0.5224502087 0.3270366788 0.7874596715
v 0.0182661321 0.02497292496 0.03153435886
vn 0.5250068307 0.3098368049 0.7926972508
v 0.009031105787 0.006916638929 0.007100708783
vn -0.5427560806 -0.3943114281 -0.7415755391
v 0.01004262548 0.006927288603 0.006445252802
vn -0.4433453083 -0.3139206767 -0.8395825028
v 0.009583179839 0.006217928138 0.007071741857
vn -0.5557898879 -0.345208168 -0.7562598586
v 0.01873105206 0.02168553881 0.03245756403
vn 0.6395264864 0.2301739603 0.7335024476
v 0.01796619594 0.02083978057 0.03324916586
vn 0.5179926157 0.06922844797 0.8525790572
v 0.01905350387 0.02065066434 0.03233312815
vn 0.7102200985 0.001795112505 0.703977406
v 0.02556144446 0.02818628214 0.01700631902
vn 0.6082928181 0.6313455105 -0.4810225666
v 0.02611271665 0.0284623187 0.01836097986
vn 0.7418885827 0.5880277753 -0.3222184479
v 0.02646035142 0.0276969634 0.01783927158
vn 0.7461156249 0.5843811631 -0.3190769553
v 0.02906643599 0.008523052558 0.01009087544
vn 0.898050189 0.09213485569 -0.430136025
v 0.02923890017 0.007821159437 0.01038495265
vn 0.9255773425 -0.002505253768 -0.3785502315
v 0.02876231633 0.008041791618 0.009388980456
vn 0.8269127011 0.03429313749 -0.5612837076
v 0.005309842527 0.03305342793 0.02245069295
vn -0.2556676567 0.9667520523 -0.004955871496
v 0.02328150161 0.0007694471278 0.02828491479
vn 0.538497448 -0.6301359534 0.5594186187
v 0.02227491327 -9.909189248e-05 0.02809503488
vn 0.3797057569 -0.7500870228 0.5414729714
v 0.005364588462 0.02212418988 0.008122193627
vn -0.8492802382 0.2181158662 -0.4807791412
v 0.005035388283 0.0226842761 0.009180746973
vn -0.8467844725 0.2912226617 -0.4451352358
v 0.004068337381 0.02228065766 0.01044808794
vn -0.7907560468 0.3453580737 -0.5054035187
v 0.009554185905 -0.001567227533 0.01303878706
vn -0.2519713044 -0.2107035518 -0.9445181489
v 0.00838004984 -0.001996112755 0.01352684479
vn -0.4715130031 -0.3195273876 -0.8219353557
v -0.0002673939161 0.02219608054 0.02385149151
vn -0.9709018469 0.07690692693 0.2267926037
v 0.02626556158 0.000674830866 0.009730536491
vn 0.4819687903 -0.5765914917 -0.6597335339
v 0.02649456449 -0.0002293962898 0.01074236538
vn 0.5184830427 -0.6531082392 -0.551928401
v 0.02528676018 -0.0003242333769 0.009927474894
vn 0.4336922467 -0.6169249415 -0.6567454934
v 0.0278084036 0.01201316994 0.02700596489
vn 0.5633260012 0.01634903438 0.8260729313
v 0.0267060753 0.01227793936 0.02766327374
vn 0.5906826258 0.1265660822 0.7969159484
v 0.02701258846 0.01128361188 0.0276573766
vn 0.643579483 0.1436649263 0.7517751455
v 0.01142447535 -0.005695085041 0.01764839888
vn -0.1923550963 -0.9666551948 -0.1690481454
v 0.005114540923 0.02114935964 0.00818199385
vn -0.8267618418 0.1597869396 -0.5393820405
v 0.004651958589 0.02170274779 0.009233395569
vn -0.8162771463 0.280066222 -0.5052272081
v 0.02522179671 0.0172951445 0.02975955047
vn 0.615241468 0.1320360452 0.7772029638
v 0.02643368393 0.01740411483 0.02887326665
vn 0.598553896 0.09072908759 0.795928061
v 0.0256774202 0.0182233192 0.02926370688
vn 0.5813633204 0.09117199481 0.8085198402
v 0.002138886834 0.007922926918 0.02074357308
vn -0.8547181487 -0.4435186088 0.269718647
v 0.02438804135 0.001613223576 0.02781956829
vn 0.6211352944 -0.5566110015 0.5517020226
v 0.02543727122 0.001500248909 0.02667107992
vn 0.6316283345 -0.5137952566 0.5805687308
v 0.02537572943 0.002277519088 0.02740743198
vn 0.6735533476 -0.4734096825 0.5676347017
v 0.01629929431 0.01777290925 0.03358058631
vn 0.4602138698 0.1748987436 0.8704100251
v 0.003817459103 0.0211879015 0.01014279481
vn -0.7819895148 0.2962704003 -0.5483760238
v 0.004712141585 0.02007343993 0.008537678048
vn -0.7868248224 0.08985678107 -0.6106000543
v 0.003771230811 0.02024638467 0.009829058312
vn -0.7631685138 0.2399496287 -0.5999983549
v 0.004401272628 0.02086475305 0.009176542051
vn -0.8029740453 0.2112988532 -0.5573019981
v 0.02546738274 0.02588052861 0.02665241063
vn 0.7104024887 0.3863275647 0.5882850885
v 0.02636722848 0.02525515668 0.02587445639
vn 0.7804706097 0.3550468385 0.5145943761
v 0.02600996196 0.02639455907 0.02555942535
vn 0.7707617283 0.3757238388 0.5145463943
v 0.02776948735 0.01991929114 0.02699176595
vn 0.8217729926 0.2163651884 0.52713871
v 0.02789374441 0.02296485193 0.01515473984
vn 0.8600675464 0.2339710444 -0.4533667266
v 0.02845147252 0.02201493271 0.0161641147
vn 0.9431966543 0.08910369873 -0.3200634122
v 0.02054554597 -0.006043388508 0.01880083047
vn 0.6109046936 -0.7826848626 -0.1191632971
v 0.01975251175 -0.006285011303 0.01778344251
vn 0.4812684059 -0.811920166 -0.3304032981
v 0.02079284191 -0.005550216883 0.0176651068
vn 0.5998022556 -0.7533977032 -0.269497931
v 0.02875361592 0.002755330876 0.01193162147
vn 0.9371575117 -0.1527709216 -0.3136826754
v 0.02828412317 0.002116710413 0.01094585937
vn 0.8754826188 -0.1786210537 -0.449026376
v 0.02823676355 0.003156774445 0.01060949266
vn 0.855006814 -0.1067407876 -0.5075132847
v 0.01365573239 -0.004454711918 0.02536341175
vn -0.1787795126 -0.7151040435 0.6757692695
v 0.0125676496 -0.004041395616 0.02545844205
vn -0.2642676532 -0.796884656 0.5432655811
v 0.01161038969 0.02845088765 0.0307482481
vn 0.2375878096 0.4543151855 0.8585742712
v 0.02560135722 -3.589815606e-05 0.02503810264
vn 0.6300852299 -0.6283589602 0.456242919
v 0.004757225048 0.0189736113 0.00847919099
vn -0.7324069738 0.0858124122 -0.6754378676
v 0.02594604157 0.02393149957 0.01336288918
vn 0.5953714252 0.5513073802 -0.5844596624
v 0.02696222067 0.02352318726 0.01410833281
vn 0.7157102227 0.4017346203 -0.5712863803
v 0.02630552649 0.02311274782 0.01303502452
vn 0.6789919734 0.4685578048 -0.5651756525
v 0.01247359067 -0.004813539796 0.02430763654
vn -0.4099444747 -0.7372437119 0.5370448828
v -0.0002158499556 0.01794264093 0.01470166445
vn -0.8666664362 0.2332344204 -0.4410112798
v -0.0004769178631 0.01714225858 0.01490600128
vn -0.905366838 0.1059479639 -0.4112006128
v -0.0007104125689 0.01771470532 0.01582748257
vn -0.9475300312 0.2005023807 -0.2489692569
v 0.02494301833 0.01575172134 0.03015142307
vn 0.747363925 -0.08135862648 0.6594148874
v 0.002877078485 0.005966634955 0.02348788083
vn -0.9695631862 -0.07360932976 0.2335141301
v 0.002577838721 0.006201998796 0.02208306454
vn -0.9892585278 -0.04231877252 0.1399168074
v 0.002701347461 0.005395886488 0.02251527086
vn -0.9760590196 -0.1057381108 0.1900743693
v 0.01315097511 0.0329554826 0.01365709398
vn -0.1124253497 0.8212186098 -0.5594287515
v 0.01163285412 0.03275647759 0.01350146905
vn -0.1164298803 0.8405017853 -0.5291510224
v 0.01218154933 0.03344068304 0.01462473813
vn -0.129426226 0.9005907774 -0.4149518609
v 0.0041153403 0.0139879249 0.008399016224
vn -0.8085225821 -0.228534922 -0.5422757268
v 0.003625849029 0.01332094707 0.009599958546
vn -0.8205878139 -0.1860085428 -0.5404040217
v 0.00342078926 0.01414163783 0.009618694894
vn -0.8752034307 -0.1390985101 -0.4633255005
v 0.02754038759 0.002424973063 0.009816089645
vn 0.7547506094 -0.1487144083 -0.6389331222
v 0.02733661793 0.003398763249 0.009418446571
vn 0.7131183147 -0.04282744601 -0.6997342706
v 0.003749794094 0.01927009411 0.009465261362
vn -0.7295003533 0.1737393588 -0.6615465879
v 0.02820610069 0.008312625811 0.02609439567
vn 0.8678143024 -0.146857366 0.4746906459
v 0.003729421645 0.01817230694 0.009197446518
vn -0.717644155 0.151969254 -0.6796265244
v 0.01749741286 0.03097195178 0.01165839285
vn 0.2514734566 0.6897091866 -0.679015696
v 0.01068580616 0.001843595412 0.00806660112
vn -0.2993094027 -0.5545942187 -0.7764271498
v 0.01181373373 0.002120360034 0.007561644074
vn -0.204169035 -0.5541532636 -0.8069877028
v 0.02666518651 0.001774979522 0.009109693579
vn 0.597176373 -0.3849558234 -0.7036969662
v 0.01424923632 -0.007085131947 0.01722175255
vn -0.5045554638 -0.7857090831 -0.3578896523
v 0.01429013163 -0.006470797583 0.01628936455
vn -0.513027668 -0.6050914526 -0.6088242531
v 0.01510270964 -0.007116647437 0.01644648053
vn -0.1758557856 -0.8252002001 -0.5367675424
v 0.005037520081 0.01142924652 0.009000289254
vn -0.6183020473 -0.2747312784 -0.736359477
v 0.005728159565 0.01200450212 0.0079344837
vn -0.6325446367 -0.4516071081 -0.6292362809
v 0.005969200749 0.01108306088 0.008265114389
vn -0.6693737507 -0.2763182521 -0.6896281838
v 0.008633382618 0.003662039526 0.02981285006
vn -0.6334656477 -0.3276568949 0.7009723186
v 0.009274623357 0.002860663459 0.02999989316
vn -0.5521896482 -0.3948614597 0.7342826724
v 0.009786895476 0.00361818634 0.03066849709
vn -0.4508786201 -0.3330059946 0.828139782
v 0.02565383539 0.02994874865 0.02260051854
vn 0.7610911727 0.6376307607 0.1190260053
v 0.02575651929 0.02933347225 0.0237545073
vn 0.8017043471 0.4828722179 0.3522848189
v 0.002299207263 0.01592412591 0.02816071548
vn -0.7610989213 -0.02777737565 0.6480407715
v 0.001796279103 0.01666015573 0.02772608027
vn -0.7475992441 -0.02478718758 0.6636873484
v 0.001440643566 0.01587207243 0.02734175697
vn -0.7426054478 0.02074174024 0.6694079041
v 0.006683789659 0.0116558671 0.007211007178
vn -0.706793189 -0.3682749867 -0.6040008068
v 0.00644821208 0.0125428224 0.006804153323
vn -0.6483567357 -0.4638694525 -0.6037040949
v 0.0135752717 0.03305109218 0.02830367722
vn -0.07680740952 0.7943012118 0.6026492715
v 0.02919100225 0.01891847141 0.02395883575
vn 0.9213065505 0.3301640451 0.2053921968
v 0.02896011434 0.01976831444 0.02337251976
vn 0.9266120195 0.3470131159 0.1448175013
v 0.004127829801 0.01728342846 0.008549628779
vn -0.7068641186 0.2126758993 -0.6746199131
v 0.001970535377 0.01697133295 0.011988068
vn -0.8046821952 -0.05146105215 -0.5914713144
v 0.001519523212 0.01776678301 0.01250262279
vn -0.7808671594 0.03721240908 -0.6235877275
v 0.0223459769 0.03092095256 0.01719595678
vn 0.6289660335 0.6079314947 -0.484583348
v 0.02324821427 0.03018580377 0.01726685464
vn 0.5471102595 0.6526259184 -0.5241658092
v 0.02230413072 0.03011355177 0.01624399237
vn 0.6072073579 0.56748873 -0.5561076999
v -0.001190819195 0.01843309961 0.02196906693
vn -0.9834327102 0.1812660992 -0.001633936656
v 0.02304499783 0.01377166342 0.006730595138
vn 0.4048426449 -0.06498070806 -0.9120745063
v 0.02179720998 0.01327087265 0.006373248529
vn 0.3924885392 -0.110921137 -0.9130439162
v 0.02196441405 0.01423236262 0.006279008929
vn 0.3298698962 -0.05586082861 -0.9423722029
v 0.01230191812 0.02611701563 0.006680703722
vn 0.2512772381 0.4342689812 -0.8650261164
v 0.008433190174 0.00543320179 0.03038569167
vn -0.5188547373 -0.2945844829 0.8025021553
v 0.00913913548 0.004478304647 0.03063322231
vn -0.5371373296 -0.271597147 0.7985727787
v 0.00984402094 0.00535396859 0.0311891567
vn -0.4211411476 -0.1321648955 0.8973140717
v 0.006498349831 0.03311339766 0.02051915601
vn -0.2190413177 0.9587074518 -0.1813860536
v 0.006380148232 0.03327061236 0.02190472186
vn -0.2743470371 0.959256351 -0.06753515452
v 0.01248459984 0.01099067647 0.034498889
vn -0.350007087 -0.2291047871 0.9082984328
v 0.01315641496 0.01060836762 0.03464985266
vn -0.3270910382 -0.2675333917 0.9063317776
v 0.02901522815 0.01033555437 0.01028947625
vn 0.8232153654 0.1657478809 -0.5429954529
v 0.02965205908 0.009867912158 0.0113638686
vn 0.9138380885 0.007931062952 -0.40600124
v 0.02906472981 0.009331905283 0.01020947564
vn 0.8704621196 0.05355858058 -0.4893130064
v 0.00632731989 0.0332188718 0.02323180996
vn -0.3287214637 0.9377155304 0.1123911366
v 0.01813533343 0.02276873402 0.03243066743
vn 0.5040642619 0.3231455386 0.8009345531
v 0.01688378118 0.02327595465 0.03279612958
vn 0.3413793445 0.3509256244 0.8719583154
v 0.005367804784 0.03269242868 0.01962656341
vn -0.3591564894 0.8790982962 -0.3133573532
v 0.002888727468 0.01777121238 0.01023336407
vn -0.8290435076 0.02057480626 -0.5588054657
v 0.02126782015 0.008769684471 0.006090331357
vn 0.5499290228 -0.09844886512 -0.8293888569
v 0.02206488326 0.00807015691 0.006557163782
vn 0.2934366167 -0.02787537687 -0.9555720091
v 0.0209420193 0.007830001414 0.006006713025
vn 0.5243846178 -0.1265972108 -0.8420177698
v -0.0006392389769 0.01895948313 0.01792874187
vn -0.9603813887 0.2696073651 -0.07056519389
v -0.0002011041215 0.01985637844 0.01702659205
vn -0.9032744765 0.4004781246 -0.1539887488
v 0.005402690265 0.01287213434 0.00753353443
vn -0.6377261281 -0.4594220519 -0.6182529926
v 0.01072495151 0.0136490874 0.03405106068
vn -0.7473139763 -0.06150383502 0.6616185904
v 0.01562570594 0.03052970208 0.01057583001
vn 0.2676612437 0.7388593554 -0.6184207797
v 2.11323586e-05 0.009521953762 0.01542270649
vn -0.9364462495 -0.301220715 -0.1798178852
v 0.007434560917 0.01126584597 0.00639102282
vn -0.7407160401 -0.3029141724 -0.5996521711
v 0.02809250355 0.006887837313 0.02573160082
vn 0.854137063 -0.2476097494 0.4573175013
v 0.004738601856 0.0313112177 0.01826998964
vn -0.5936361551 0.7007648349 -0.395632118
v 0.005610917695 0.03212246671 0.01853413135
vn -0.4658225775 0.7804163694 -0.4170846641
v 0.0001348218066 0.01657488942 0.02585135214
vn -0.762363553 -0.06442097574 0.6439346075
v 0.0006441447767 0.01580523327 0.02635304257
vn -0.7690247893 -0.01970509812 0.6389151216
v 0.000992945279 0.01656663977 0.02684487775
vn -0.7509973645 -0.03993329778 0.6590965986
v 0.01403106749 -0.00723257428 0.01836178452
vn -0.5172576308 -0.8499967456 -0.09975024313
v 0.003558431752 0.01652276702 0.009106223471
vn -0.8366422057 0.07889516652 -0.5420382023
v 0.009698429145 0.03184493259 0.01283985283
vn -0.182695806 0.7765169144 -0.6030288339
v 0.008771616966 0.03213605657 0.01330996398
vn -0.2342189699 0.7288205028 -0.6433989406
v 0.02042041533 0.02730352618 0.008628266864
vn 0.6170961857 0.5134262443 -0.5963101387
v 0.01908887923 0.027744947 0.008017276414
vn 0.3244540393 0.6182790995 -0.7158634663
v 0.01992685348 0.02807931416 0.00889868848
vn 0.5116615891 0.6494404674 -0.5625206232
v 0.007470194716 0.03357236832 0.0214290712
vn -0.3118901849 0.9308952093 -0.1901543587
v 0.007712669671 0.03329161927 0.02013612911
vn -0.1898202747 0.9425525069 -0.2748873234
v 0.005135623738 0.01050955243 0.009103405289
vn -0.5665111542 -0.1239790916 -0.8146743178
v 0.02396908216 0.008723192848 0.03195061907
vn 0.5537397861 -0.1784743071 0.8133382797
v 0.02454523556 0.009371358901 0.03149148077
vn 0.7342357635 0.0381937623 0.6778193116
v 0.004252853338 0.009909740649 0.009624902159
vn -0.5084626675 -0.08966848999 -0.8564025164
v 0.004127249122 0.01078927238 0.009688566439
vn -0.5414753556 -0.0399822332 -0.8397653699
v 0.003884809557 0.01484182477 0.008514923044
vn -0.8512167335 -0.08220995218 -0.518335402
v 0.003714588471 0.01569638029 0.008744844235
vn -0.8545694351 0.01714271493 -0.5190541744
v 0.01129452977 0.00627160864 0.03202917799
vn -0.5330836177 -0.3770367801 0.7574068308
v 0.01113073621 0.005547977984 0.03169978037
vn -0.4220667183 -0.212752521 0.8812468648
v 0.002620154293 0.01515735406 0.01106548496
vn -0.8653621674 -0.01955666021 -0.5007653236
v 0.002443890553 0.0161608085 0.01131177507
vn -0.8560120463 -0.05769108981 -0.5137266517
v 0.001225790591 0.0126795806 0.01242191344
vn -0.8067222238 0.181061998 -0.5625084639
v 0.001881059492 0.01213185117 0.01142486278
vn -0.7319399714 0.08494573087 -0.6760533452
v 0.0008415569318 0.01159162726 0.01263349969
vn -0.8302948475 0.0450428687 -0.5555012226
v 0.001944776974 0.01437173039 0.01195062138
vn -0.8026662469 0.1075519398 -0.5866510868
v 0.001245117281 0.01359991729 0.01277652849
vn -0.8056480289 0.1527598351 -0.5723597407
v 0.003080677707 0.01585494354 0.009993545711
vn -0.8954805136 -0.04078616574 -0.4432280958
v 0.007326291874 0.01212810818 0.006035561208
vn -0.6845039725 -0.3721447587 -0.6268672943
v 0.01880950481 0.03480391949 0.01834208332
vn 0.2902810276 0.9561755657 -0.03827738389
v 0.01993476786 0.03422771767 0.01919706538
vn 0.4938652515 0.8686890006 -0.03842606395
v 0.01701556332 0.02247989736 0.03312515095
vn 0.3349998891 0.3903226852 0.8575682044
v 0.01754382253 0.02178300917 0.03321442381
vn 0.4213749468 0.2942593396 0.8578196764
v 0.001998819876 0.01354523096 0.01161240693
vn -0.7726335526 0.1655420363 -0.6128892899
v 0.003232508432 0.0100832209 0.01026622206
vn -0.6081544161 -0.09436456859 -0.7881900668
v 0.003001972334 0.01097181533 0.01041503809
vn -0.6109063625 -0.02056690492 -0.7914356589
v 0.004520288203 0.009058673866 0.009619328193
vn -0.4820688367 -0.1984968781 -0.8533514142
v 0.005108500831 0.009715719149 0.009207012132
vn -0.5040745139 -0.1441704482 -0.851541996
v 0.005552571733 0.00905949343 0.009098331444
vn -0.5168634057 -0.2280990481 -0.8251200318
v 0.01931764558 0.03062915429 0.02752831019
vn 0.460924685 0.512640357 0.7243951559
v 0.02048291638 0.03013369441 0.02711841092
vn 0.398858428 0.4340443313 0.807785511
v 0.002795117442 0.01428547967 0.01084582973
vn -0.8376890421 -0.00438640127 -0.5461298823
v 0.02835856378 0.01931924745 0.02625223994
vn 0.8726339936 0.2230616063 0.4344576001
v 0.02764092945 0.0189799536 0.02743740007
vn 0.7705344558 0.1676829755 0.614946425
v 0.02058359049 0.01213736087 0.03368710354
vn 0.3151144087 -0.05630448833 0.9473820329
v 0.003246295964 0.01499121357 0.009775226936
vn -0.8955272436 -0.07615438104 -0.438442111
v 0.002436925657 0.02252843045 0.01297039818
vn -0.7514197826 0.2828508019 -0.5961238742
v 0.003239296842 0.02328412421 0.01245935634
vn -0.7477853298 0.3263012469 -0.5782253742
v 0.00326367165 0.02240485698 0.01187964622
vn -0.7831865549 0.3405136764 -0.5202588439
v 0.002914887154 0.01346765179 0.01071063802
vn -0.7895222902 0.02989635989 -0.6129932404
v 0.002121113241 0.01289677154 0.01128728501
vn -0.7248347402 0.1483046114 -0.6727706194
v 0.001757299528 0.01108130906 0.01149642747
vn -0.729649961 -0.03918386251 -0.6826972961
v 0.002867411124 0.01185180619 0.01052615885
vn -0.6411353946 -0.002681421814 -0.7674230933
v 0.005152314436 0.01387276221 0.007156423293
vn -0.7128494978 -0.3026290834 -0.6326620579
v 0.004707687534 0.01473486796 0.007376497146
vn -0.7575447559 -0.1043412015 -0.6443903446
v 0.003989853896 0.01166484319 0.009748566896
vn -0.6074633598 -0.1454319656 -0.7809211612
v 0.004739612341 0.01228569821 0.008735604584
vn -0.6585308313 -0.4182676971 -0.6256111264
v -0.0008440309321 0.01798417233 0.01820417121
vn -0.9855888486 0.1686082184 -0.01363550127
v -0.0009495277191 0.01743765548 0.01720933057
vn -0.9887656569 0.1425615549 -0.04492910951
v -0.0009044482722 0.01716852933 0.01857333072
vn -0.9846199751 0.1675043851 -0.04965663701
v 0.002888524206 0.01268955041 0.01057692245
vn -0.7093443871 0.03357122838 -0.7040621638
v 0.02885473892 0.01869557053 0.02537678368
vn 0.9140985608 0.2239475548 0.3380404413
v 0.02878547274 0.01958158053 0.02488208562
vn 0.918515861 0.3137428164 0.2406118214
v 0.02559731901 0.009087702259 0.007116222754
vn 0.3319441974 0.1507696956 -0.9311721325
v 0.02433819138 0.009229768999 0.006834111642
vn 0.146254003 0.1255736798 -0.9812446237
v 0.02530516312 0.009879869409 0.007178660948
vn 0.3045487404 0.2104992867 -0.9289457202
v 0.003819173435 0.01250691898 0.009681098163
vn -0.712669313 -0.2196672559 -0.6662197113
v 0.02874036133 0.02073991671 0.02260660939
vn 0.9406279325 0.2568564117 0.2219095379
v 0.02854207717 0.02043268643 0.02431614138
vn 0.8990644813 0.3970471323 0.1844901145
v 0.004396216944 0.0131225381 0.008470717818
vn -0.7354339361 -0.3646713197 -0.5710969567
v 0.002575120423 0.009287394583 0.01106601395
vn -0.6996210814 -0.2481803596 -0.6700274944
v 0.003524561413 0.009186225943 0.01021581329
vn -0.5986650586 -0.2051112205 -0.7742929459
v 0.03017265163 0.01751112565 0.02216655761
vn 0.9023603201 0.4266906977 0.06066993997
v 0.01996145211 0.000933428877 0.02935205773
vn 0.1634976268 -0.5937549472 0.7878601551
v 0.02109779045 0.001386210788 0.02971866168
vn 0.05416298658 -0.5920987129 0.8040432334
v 0.02002565563 0.001659290981 0.02988744713
vn 0.1646130681 -0.5659586787 0.8078324795
v 0.0221501682 0.00461240951 0.03173276037
vn 0.3235769868 -0.3427704871 0.8819332719
v 0.01638875157 0.03245541081 0.01261846535
vn 0.148138836 0.6672605872 -0.7299439907
v 0.01763672754 0.03266469762 0.0133493254
vn 0.3542024791 0.6778798699 -0.6442200541
v 0.01752156951 0.03189397603 0.01251324639
vn 0.3125730157 0.6487156749 -0.6938775778
v 0.01412640326 0.01052974444 0.003192871576
vn -0.2011361569 -0.1913869232 -0.9606847763
v 0.01534315944 0.01088786032 0.003092368366
vn 0.03211608902 -0.03641669452 -0.9988204837
v 0.0152387647 0.03381382301 0.01403983869
vn -0.06463390589 0.814573884 -0.5764475465
v 0.01414658222 0.03354986757 0.01413563546
vn -0.238897413 0.7901969552 -0.5643728971
v 0.01447410416 0.03420115262 0.01491683628
vn -0.2168830037 0.8638746738 -0.4546232522
v 0.0269382149 0.01690666564 0.01049874071
vn 0.87061131 0.03604028374 -0.490649581
v 0.02682152949 0.0161246527 0.01029382925
vn 0.85131073 0.02502643131 -0.5240646601
v 0.02607767284 0.01644642837 0.009317469783
vn 0.7306950688 0.03006223589 -0.6820417643
v 0.006825023796 0.02499941364 0.03093491681
vn -0.5086499453 -0.1322726607 0.8507521152
v 0.006743708625 0.007776693441 0.008760854602
vn -0.6121553183 -0.310850352 -0.7270749211
v 0.007548370864 0.007745863404 0.007912115194
vn -0.6551678777 -0.3709595799 -0.658136785
v 0.007029132452 0.007042953745 0.008797710761
vn -0.6053909063 -0.2599907517 -0.7522677183
v 0.02894975245 0.01692548953 0.01506195404
vn 0.892770648 0.3071901202 -0.3295373023
v 0.02921357937 0.01728199236 0.01636833325
vn 0.8983768225 0.3647577167 -0.2446852475
v 0.02316337265 0.03196738288 0.02304159105
vn 0.6722728014 0.7056703568 0.2237825245
v 0.02254337259 0.03269801661 0.02276231162
vn 0.6339390874 0.7462056279 0.2032200992
v 0.0224588681 0.03218605369 0.02407134511
vn 0.5833870173 0.7010056973 0.4101836383
v 0.001444764668 0.01606465876 0.01260436047
vn -0.7204557061 -0.05022566393 -0.6916798353
v 0.01716005988 0.007720191497 0.03317907825
vn 0.4172981381 -0.3292572498 0.8470253348
v 0.0165562965 0.008224384859 0.03369322419
vn 0.3645031452 -0.3772865236 0.8513473868
v 0.01609379798 0.007359012496 0.03356938437
vn 0.300978899 -0.3592995703 0.8833547235
v 0.01283878367 0.03454678878 0.02401717938
vn -0.04914050177 0.9884114265 0.143624723
v 0.02520742081 0.03042563051 0.02153167687
vn 0.6441985965 0.7630535364 -0.05251132697
v 0.0145537965 0.03303633258 0.01336393505
vn -0.159176752 0.7448685169 -0.6479457021
v 0.009758034721 0.01778779738 0.03428962454
vn -0.01507073361 -0.2287076712 0.9733784795
v 0.01074916497 0.01824592426 0.03421561047
vn 0.1216162443 -0.03478301316 0.9919675589
v 0.009928828105 0.0187625587 0.03439613804
vn 0.0460386686 0.0681123659 0.9966148138
v 0.01140724495 0.03371686861 0.01581209712
vn -0.1992597431 0.9609284401 -0.1921253055
v 0.01089766622 0.03322390839 0.01456094906
vn -0.1496938467 0.9067342877 -0.3942394257
v 0.01019651815 0.03345841914 0.01581404358
vn -0.1332660019 0.980219543 -0.1463209093
v 0.01522498112 0.007949898019 0.0340503715
vn 0.0912618041 -0.3155924678 0.944495976
v 0.01577859931 0.008821139112 0.03425480425
vn 0.1720264405 -0.4144409299 0.8936697245
v 0.01043876447 0.0007866955129 0.02914654091
vn -0.2952881455 -0.4776694775 0.8274278045
v 0.01141241007 0.0004091429 0.02928317152
vn -0.2887821198 -0.4600060582 0.8396424055
v 0.02253434807 -0.003177517094 0.01642147079
vn 0.6356835365 -0.7455449104 -0.2001730651
v 0.02174479142 -0.00367720332 0.01509967074
vn 0.6958324313 -0.7014586926 -0.1541847587
v 0.02244936116 -0.002920406871 0.01468255091
vn 0.6158830523 -0.7785049677 -0.1209050342
v 0.01250756904 0.001725454349 0.03054240532
vn -0.2303138673 -0.5284792185 0.8171078563
v 0.002083336469 0.01767580025 0.02800561488
vn -0.8491376638 -0.07651988417 0.5225992203
v 0.001346266363 0.01723023318 0.02725615539
vn -0.7253444195 -0.01829107106 0.6881430745
v -6.263318937e-05 0.01338907145 0.02529739216
vn -0.7825132012 -0.3479871452 0.5163119435
v -0.0004414737923 0.01420149207 0.02503354475
vn -0.8537861109 -0.08887248486 0.5129824281
v -0.0008097666432 0.01358813699 0.02388863824
vn -0.8932304978 -0.3132478893 0.3225135505
v 0.02907242998 0.004014533013 0.01853186823
vn 0.9601764083 -0.2028568238 0.1921207011
v 0.01393557899 0.01941143908 0.005240804516
vn 0.1502887905 0.3608437181 -0.9204374552
v 0.01556895487 0.005521988962 0.03287687898
vn 0.1821655482 -0.4867390096 0.8543423414
v 0.01449625473 0.00592259597 0.03326717392
vn 0.0361155495 -0.4817141593 0.8755838871
v 0.00423248997 0.005957150832 0.02727130428
vn -0.8363239765 -0.05227901414 0.5457372069
v 0.01019975822 0.005556799937 0.006863482296
vn -0.5618014932 -0.283570528 -0.7771530151
v 0.003070771229 0.005126537289 0.02387116663
vn -0.9707633257 -0.0824361816 0.2254391313
v 0.003392336424 0.004833361134 0.02524936758
vn -0.9555857182 -0.04607696831 0.2910890281
v 0.005148787517 -0.001683067298 0.01809800789
vn -0.8733167648 -0.4306361377 -0.2277505547
v 0.02872770652 0.001773776603 0.01773985475
vn 0.9529229999 -0.2992491722 0.04886437953
v 0.02084393241 0.01468229759 0.005999030545
vn 0.2986687124 0.08648601919 -0.950429976
v 0.02073501796 0.01375640836 0.005911624525
vn 0.4605841637 0.07352315634 -0.8845657706
v 0.01358360611 0.01439230889 0.03555595875
vn 0.1509105414 0.02635556646 0.9881960154
v 0.002712056506 0.006813866552 0.02299689688
vn -0.9801833034 -0.04073586687 0.1938590258
v 0.002602000721 0.007694231812 0.02244482376
vn -0.9511171579 -0.2418936491 0.1919991076
v 0.005322786514 -0.002218365902 0.01925907657
vn -0.7838068008 -0.6195625663 0.04229805619
v 0.009509969503 0.008401683532 0.006120668259
vn -0.3931670487 -0.371935904 -0.8408824801
v 0.008019341156 0.008595771156 0.006926644128
vn -0.5860310793 -0.3746258616 -0.7184866071
v 0.008922159672 0.009367903695 0.00594253419
vn -0.4608258307 -0.4338737428 -0.7742048502
v 0.002839477034 0.008993529715 0.02447842807
vn -0.8506595492 -0.1933307499 0.4888778031
v 0.003309632186 0.009769254364 0.02524778619
vn -0.8167265058 -0.1976292729 0.5421258807
v 0.002298044972 0.009895229712 0.0241526179
vn -0.7097139359 -0.4062585831 0.5755519867
v 0.01985665038 0.03157673031 0.02629981562
vn 0.3532924354 0.6714756489 0.6513869166
v 0.01871781982 0.03171818703 0.02703264542
vn 0.4531601071 0.6408187747 0.6196750402
v 0.002908732044 0.004439484328 0.02281497046
vn -0.977343142 -0.1131622046 0.1788705587
v 0.0231014248 0.03141940013 0.02442233264
vn 0.5803821087 0.6893307567 0.4335662425
v 0.02261613496 0.03068441525 0.02573106438
vn 0.4756513834 0.5849593878 0.6569461823
v 0.001941707102 0.02851196006 0.01847698539
vn -0.7482450604 0.3949091136 -0.5330817103
v 0.002873005345 0.02943003736 0.01831211708
vn -0.6761398315 0.5681526661 -0.469081521
v 0.02392083034 0.006714078132 0.006842689123
vn 0.1896058321 -0.175926879 -0.965970695
v 0.02509851009 0.006129402202 0.007330383174
vn 0.3571642637 -0.2736281753 -0.8930628896
v 0.0236270763 0.005608457606 0.007006017026
vn 0.2491300404 -0.1737276614 -0.9527606964
v 0.02937710844 0.003426228184 0.01466749609
vn 0.9754183292 -0.2120414078 -0.05997900292
v 0.02955443785 0.004362947308 0.01451072935
vn 0.9781110883 -0.1985531896 -0.06225176528
v 0.02950429916 0.009763356298 0.0240584109
vn 0.8586648107 -0.4134967923 0.3028451204
v 0.02930316515 0.009005068801 0.02322235331
vn 0.9043986797 -0.3751660287 0.2032570988
v 0.004498282913 0.00355506246 0.01401630882
vn -0.691622436 -0.6773211956 -0.2507875562
v 0.002767361235 0.006326817442 0.01275045518
vn -0.7987152338 -0.454883635 -0.3938715756
v 0.002625924302 0.005840067286 0.01398399379
vn -0.8040644526 -0.5654445291 -0.1837194264
v 0.00216432265 0.006759256124 0.01364291087
vn -0.8172438741 -0.4880254567 -0.306502223
v 0.00212178519 0.006318469066 0.01495051943
vn -0.7814279795 -0.6131666899 -0.115744926
v 0.00158910302 0.007155355997 0.01457779389
vn -0.7860535383 -0.5698147416 -0.2396476269
v 0.002749284729 0.005557770375 0.0153428046
vn -0.7613660097 -0.6482568383 -0.009210832417
v 0.003213228891 0.004986370914 0.01437714696
vn -0.780954361 -0.6192043424 -0.08183055371
v 0.003251070855 0.005388029385 0.01301272307
vn -0.7807489038 -0.5412034392 -0.3122979701
v 0.02718688548 0.02153114602 0.01308497414
vn 0.7934659719 0.3114918768 -0.5228619576
v 0.008942683227 0.007959515788 0.03138381615
vn -0.3384828269 -0.3666493297 0.8666011691
v 0.008757718839 0.008797029965 0.03173694015
vn -0.2881728113 -0.4541731775 0.8430202603
v 0.007702399511 0.008225247264 0.03114618734
vn -0.3605090678 -0.4212185442 0.8322308064
v 0.02716439962 0.02545318753 0.01577266864
vn 0.6826777458 0.5122271776 -0.5211280584
v 0.02735867724 0.0247932896 0.01547792368
vn 0.7168799639 0.4333405495 -0.5461676717
v 0.01069103554 0.01190641616 0.03374799713
vn -0.5457154512 -0.1258300245 0.828469336
v 0.00364028383 0.02129180729 0.03082352877
vn -0.7774456739 0.3141445816 0.5448774099
v 0.002876428422 0.02059266903 0.02989033423
vn -0.8586021662 0.1301444918 0.4958474934
v 0.01286099106 0.01301705744 0.003688668367
vn -0.1661824882 0.2761056423 -0.9466515183
v 0.01408971474 0.01281922124 0.003430420533
vn -0.132727176 0.2489350438 -0.959382534
v 0.003652524669 0.002013313118 0.02446007915
vn -0.8912442923 -0.369792074 0.2625593841
v -0.0001653818617 0.009789565578 0.01811458915
vn -0.9067887068 -0.3937017024 0.150775224
v -0.000553241116 0.01089352369 0.01798122749
vn -0.9119510651 -0.4099166989 0.01770661771
v 0.0008087832248 0.00948392693 0.01321704499
vn -0.8273485899 -0.3029150665 -0.4730081558
v 0.0003440718865 0.009110447951 0.01465665549
vn -0.8893265128 -0.3605151176 -0.2812956274
v 0.0001685572934 0.009964161552 0.01430382393
vn -0.9111013412 -0.2340517342 -0.339284718
v 0.001127125113 0.007979428396 0.01424529403
vn -0.7846742868 -0.5275056362 -0.3256133199
v -0.0009608927066 0.01772298291 0.0195432622
vn -0.979146421 0.1491972208 -0.1378857642
v -0.001010631444 0.01842508465 0.02030054666
vn -0.9754568338 0.1579704434 -0.1533927023
v -0.0007553605246 0.01843187027 0.01910518296
vn -0.9800359607 0.1731204689 -0.09776932001
v -7.139395893e-05 0.0229617022 0.02025462314
vn -0.902908802 0.2941298783 -0.3134378493
v -0.0004743542813 0.02233347297 0.02125428058
vn -0.9739772677 0.1849498302 -0.1310031116
v -0.0003089494421 0.0230914671 0.02140788361
vn -0.9461010695 0.3046269715 -0.1099782437
v 0.001629168517 0.006767723244 0.01595359482
vn -0.7479544878 -0.6616480947 -0.05278159678
v 0.01745917834 0.02621810883 0.006835384294
vn 0.0437438488 0.2691952288 -0.9620916843
v 0.01851585694 0.02641586773 0.007066406775
vn 0.2321276218 0.3169599473 -0.9195940495
v 0.01838698611 0.0256885048 0.00687045604
vn 0.2100080401 0.1648385376 -0.9637037516
v 0.008697992191 0.01720827073 0.03396673501
vn -0.2528535426 -0.3865659833 0.8869226575
v 0.007719044108 0.0166826658 0.03325554729
vn -0.3654304445 -0.4203531742 0.8305202127
v -0.0003927680082 0.0109466603 0.01578749903
vn -0.9680197835 -0.1586632282 -0.1943288445
v 0.0001759109582 0.008856225759 0.0159595944
vn -0.9054986835 -0.4140588045 -0.09288387001
v 0.01127596758 -7.694444503e-05 0.01041559037
vn -0.3695393801 -0.8324871659 -0.4128023088
v 0.01235506963 -9.276903438e-05 0.009678172879
vn -0.3107794523 -0.7511862516 -0.5823532939
v 0.0007756281993 0.008680086583 0.01403367054
vn -0.8206889629 -0.438989073 -0.3657297492
v 0.01945094205 0.02606046572 0.007290330715
vn 0.427301079 0.2404172868 -0.871557951
v 0.01935313828 0.02688040771 0.007529692724
vn 0.4129265845 0.4484905899 -0.7926838994
v 0.00795134902 0.007363037206 0.03087468818
vn -0.354186058 -0.3384007514 0.8718010783
v 0.009223233908 0.007092755288 0.03118818067
vn -0.3749928474 -0.2856692374 0.8819146752
v 0.02449714951 -0.0007191622863 0.02523444407
vn 0.4254694581 -0.7507076263 0.5053848028
v 0.0002013789199 0.008802819066 0.01741241105
vn -0.8766136169 -0.466383189 0.1184706315
v 0.000538756256 0.008908046409 0.01884387992
vn -0.816354692 -0.5010483861 0.2872552574
v 0.02326014079 -0.001252496731 0.02511064522
vn 0.2944617271 -0.8275643587 0.4779430628
v 0.02427328564 -0.001420662738 0.02422425337
vn 0.4015180171 -0.8250737786 0.3975381255
v 0.002968024928 0.003444609931 0.02243602835
vn -0.9759807587 -0.16937235 0.1370201856
v 0.02536370605 -0.001770820119 0.01602833159
vn 0.4510829449 -0.8865911961 -0.1023729369
v 0.00245694397 0.01168310829 0.0259629786
vn -0.608006835 -0.6951317787 0.3835616112
v 0.002135062823 0.01228192076 0.02695127763
vn -0.6822458506 -0.6394846439 0.354400903
v 0.002319462365 0.006033774931 0.01631095819
vn -0.7257009149 -0.6876677275 0.02170907706
v 0.002927577123 0.005427977536 0.01654419675
vn -0.7662733197 -0.6420491934 0.02445380017
v 0.008231489919 0.03422581032 0.02379719168
vn -0.3486120403 0.936101675 0.04672536626
v 0.009456456639 0.03436182812 0.0246551279
vn -0.0809077546 0.9812650681 0.1748509407
v 0.003317482071 0.004871414509 0.01749110408
vn -0.8782917261 -0.451094538 -0.1584845483
v 0.003367796773 0.004878016189 0.01585320197
vn -0.7849333286 -0.6195142865 0.00903915707
v 0.00116325065 0.007264320739 0.01703096181
vn -0.7719759345 -0.6297860146 0.08615524322
v 0.0009134532884 0.007972632535 0.01822874509
vn -0.7988723516 -0.5510241985 0.241195485
v 0.01479946636 0.03511976451 0.01831830665
vn -0.10629531 0.9883714318 0.1087347344
v 0.01524137799 0.03514578566 0.01729644649
vn -0.01986402087 0.9934685826 -0.1123636141
v 0.01408028975 0.03496921435 0.01715256646
vn -0.2825158536 0.9473435283 -0.1507484019
v 0.01614294387 0.03499231488 0.01664631628
vn 0.08331107348 0.9738378525 -0.2114216834
v 0.01608107425 0.03508270159 0.01842612214
vn 0.03463816643 0.9948641658 0.09510806948
v 0.0009130806429 0.009048006497 0.01991514489
vn -0.7721233368 -0.5556737185 0.3083055913
v 0.001281110453 0.008372445591 0.01964907721
vn -0.7628968358 -0.5456931591 0.3467093408
v 0.02138032392 0.03082407638 0.01574872248
vn 0.7393798232 0.4453474581 -0.5049585104
v 0.004480045754 0.000800683687 0.01853173412
vn -0.8819708228 -0.3003496528 -0.3632045388
v 0.004305426497 9.072177636e-05 0.01970648207
vn -0.9334513545 -0.3293926716 -0.1420177966
v 0.0258692801 0.02972426824 0.02144986205
vn 0.7723782063 0.6348152161 -0.02101223543
v 0.02538163215 0.03012510762 0.02058425918
vn 0.6495544314 0.7404808998 -0.1725314409
v 0.006766645238 -0.0007235673256 0.01433337294
vn -0.7486013174 -0.2417581081 -0.6173727512
v 0.005973093677 -0.0001613848581 0.01541948039
vn -0.8709724545 -0.1472828984 -0.468737334
v 0.006703473628 0.0003092905099 0.014089562
vn -0.7468006015 -0.2296943367 -0.6241229177
v 0.002526119817 0.00568501791 0.02137933858
vn -0.995639205 -0.0694367215 0.06229898334
v 0.01995515078 0.00470388215 0.03183748201
vn -0.06326842308 -0.3502878547 0.93450284
v 0.02017293125 0.005661626812 0.03214883804
vn -0.07090656459 -0.152412951 0.9857700467
v 0.008231301792 0.0001861051423 0.02775879018
vn -0.5311257839 -0.5221130848 0.6673104763
v 0.0294717513 0.007321450394 0.02081725188
vn 0.9782428145 -0.09685321152 0.1834679693
v 0.02923096903 0.006907396019 0.02200526372
vn 0.9801805615 -0.09547475725 0.1735818535
v 0.03069132566 0.0139489444 0.02364443243
vn 0.9452395439 -0.01080600731 0.3261984587
v 0.03009601496 0.01420806814 0.02493987232
vn 0.8672705293 -0.00473040808 0.4978146553
v 0.03019936383 0.0131985778 0.02466134913
vn 0.8811639547 -0.08439864963 0.4652170539
v 0.01102275588 -0.005642067175 0.01895235665
vn -0.3570510745 -0.9338707328 0.02000070922
v 0.01090678666 -0.005487098824 0.02041012608
vn -0.438064903 -0.88971138 0.1285020113
v 0.00258525135 0.004963293672 0.02140506543
vn -0.9904243946 -0.1169460192 0.07336968184
v 0.002556830412 0.005533734336 0.02025581151
vn -0.9869152904 -0.1461452991 -0.06811609119
v 0.002656483091 0.004669443239 0.02013819665
vn -0.9849915504 -0.1187027022 -0.1253047138
v 0.02646589838 0.01872935519 0.01004886441
vn 0.8263979554 0.2211662233 -0.5178338885
v 0.02661746368 0.01971538179 0.01108053699
vn 0.8288846612 0.3303640485 -0.4514529407
v 0.02719482034 0.01885570399 0.01172369905
vn 0.883174479 0.2126406133 -0.4180751443
v 0.003177464474 0.004404754844 0.02425673604
vn -0.9756952524 -0.05864182115 0.2111396641
v 0.01649135537 -0.006779519375 0.01611876115
vn 0.1804063767 -0.7766495943 -0.603546977
v 0.01756001078 -0.007009060122 0.01703162678
vn 0.3341818452 -0.8130446672 -0.476739794
v 0.01616471447 -0.007554081269 0.01722948067
vn 0.08284469694 -0.9276067019 -0.3642561734
v 0.02300011739 -0.001873386558 0.02416105941
vn 0.3026960492 -0.8321062922 0.464730233
v 0.0277767349 0.01799189858 0.01266756933
vn 0.9118715525 0.1223357394 -0.3918216228
v 0.02751857229 0.01710676029 0.01184195373
vn 0.9133254886 0.07407163829 -0.4004371464
v 0.02710239589 0.01787142456 0.01101890113
vn 0.8947384953 0.1301939934 -0.4271914959
v 0.02106310055 0.02131277882 0.03030080162
vn 0.4214357734 0.1344799995 0.8968316317
v 0.02151947655 0.02213222533 0.03007036448
vn 0.3296737075 0.1418387294 0.9333793521
v 0.02048282698 0.02222435921 0.03057435527
vn 0.5808321834 0.08365235478 0.8097137213
v 0.02537164651 0.02493210696 0.02734854817
vn 0.6682812572 0.3288501203 0.6672763824
v 0.01351261232 0.006218323484 0.03333989531
vn -0.2329957336 -0.4205729365 0.8768302798
v 0.02828890085 0.01394382399 0.01270192396
vn 0.8279628158 0.3060252666 -0.4699214101
v 0.02846135385 0.01312083285 0.01209212746
vn 0.7653951049 0.5219196677 -0.3765237629
v 0.02786628529 0.01367253717 0.01157281641
vn 0.8341063857 0.4054703414 -0.373979032
v 0.01426627766 0.002540266607 0.03127887473
vn -0.04983055592 -0.401456207 0.9145216346
v 0.01296851411 0.00254572928 0.03112756647
vn -0.1615457833 -0.4224361181 0.891880393
v 0.0135515416 0.001928820275 0.03093058243
vn -0.1358334273 -0.4741373956 0.8699097633
v 0.0002089374466 0.01211088616 0.01379724033
vn -0.8886547685 0.0920220539 -0.4492489994
v 0.009508238174 0.03354543447 0.02719737403
vn 0.06230609491 0.9113895297 0.4068010747
v 0.003001636826 0.004352021962 0.01887754165
vn -0.9406476021 -0.1772476137 -0.2894225419
v 0.03061501309 0.01495898329 0.01827732287
vn 0.9359714389 0.2436113805 -0.2541867793
v 0.03070156835 0.01553534251 0.01930327155
vn 0.9264668226 0.3235705495 -0.1922532022
v 0.03101988696 0.01468157396 0.01958049461
vn 0.9675744176 0.2012634128 -0.1526198983
v 0.02674721926 0.007679020055 0.007570524234
vn 0.5129303336 -0.1187580749 -0.8501758575
v 0.02604258806 0.006898263004 0.007440408692
vn 0.420966953 -0.3185789585 -0.8492904305
v 0.02548297308 0.007669716142 0.007027711254
vn 0.3175027072 -0.1126381084 -0.9415437579
v 0.01345736347 0.02813846804 0.03046515398
vn 0.09955914319 0.3909582794 0.9150079489
v 0.008462923579 0.01826730929 0.03423424065
vn -0.3055848479 -0.09397751093 0.9475157857
v 0.001635432593 0.007670895662 0.01939990744
vn -0.7798175812 -0.5211181641 0.3468723297
v 0.001684475457 0.007104976568 0.01850167476
vn -0.7654673457 -0.5982317924 0.237019971
v 0.02893614024 0.004469401669 0.01982313767
vn 0.9497259855 -0.2711683512 0.156487301
v 0.02887624502 0.004826102406 0.02107410878
vn 0.9423345327 -0.3079879582 0.1309542805
v 0.02867884003 0.00411745999 0.02097497694
vn 0.9583076239 -0.2499300241 0.1384974271
v 0.01636125892 0.0291820839 0.00925198663
vn 0.1489875317 0.784424305 -0.6020641327
v 0.01752299815 0.02891339362 0.009054687805
vn 0.08734322339 0.8201485872 -0.5654445291
v 0.01679106615 0.03126281127 0.02850216441
vn 0.3468449414 0.5297040343 0.7740234137
v 0.01586499624 0.03051921539 0.02928331494
vn 0.2183690965 0.4499808252 0.8659285307
v 0.01439036708 0.02236281708 0.006452813279
vn 0.1526046544 0.3394855261 -0.9281494617
v 0.01337051764 0.02163119428 0.005952761043
vn 0.2475340813 0.2631812692 -0.9324496984
v 0.01307966374 0.02256786078 0.006065118127
vn 0.3605267406 0.2091284841 -0.9090026021
v 0.001090986654 0.01525506563 0.02694216184
vn -0.7789252996 0.02597085945 0.6265787482
v 0.02850889415 0.01970102079 0.01539941132
vn 0.9764345288 0.09490674734 -0.1938255727
v 0.02841920406 0.02058384195 0.01538902894
vn 0.9677530527 0.1223170981 -0.2202102989
v 0.0282016471 0.0236186441 0.01606940664
vn 0.8754967451 0.2171231806 -0.4316977859
v 0.02866075002 0.02379597351 0.01720224321
vn 0.9171767831 0.2145478874 -0.3357915878
v 0.02503907867 0.0128809819 0.02942035347
vn 0.8382347226 0.07165469229 0.540581286
v 0.02555709332 0.01358212531 0.02857780084
vn 0.7500998974 -0.08584050089 0.6557297707
v 0.02492076531 0.01384724118 0.02959703468
vn 0.8460834622 -0.09159333259 0.5251223445
v 0.03106901795 0.01298584417 0.01940911636
vn 0.9855829477 -0.06865173578 -0.1546388268
v 0.01409798115 0.01003147569 0.03476486355
vn -0.2404674739 -0.4093309343 0.8801270127
v 0.02224034071 0.001133796177 0.02931941301
vn 0.3103795052 -0.6164586544 0.7236320376
v 0.02201994322 0.0004414255091 0.02881370485
vn 0.2977012694 -0.658439219 0.6912537813
v 0.007281133905 0.005994041916 0.02991021611
vn -0.4847787023 -0.4085707366 0.7733430862
v 0.007192955818 0.005180886015 0.02934135124
vn -0.4838669002 -0.4136395156 0.7712166905
v 0.02568291686 0.02924197726 0.01890721917
vn 0.6848334074 0.6578192115 -0.3134917319
v 0.02498280816 0.03005807102 0.01938786916
vn 0.6038687825 0.7419552207 -0.2912815809
v -0.001078187488 0.01444731373 0.02364455536
vn -0.9296457767 -0.1408921927 0.3404527903
v -0.001395372907 0.01397343632 0.02218384854
vn -0.9477897882 -0.2431264669 0.2063588947
v 0.01528958231 0.02000887692 0.005664405413
vn 0.1087831706 0.2893510163 -0.9510216713
v 0.01658353209 0.02057168074 0.005955322646
vn 0.1610802859 0.2803024054 -0.9463000298
v 0.01645989902 0.0196398329 0.005633087363
vn 0.1139781252 0.3241181076 -0.9391253591
v 0.02595977671 -0.001422743197 0.01989058219
vn 0.5664616823 -0.7931845188 0.2235610336
v 0.02720768936 -0.000626254594 0.01956061646
vn 0.6414279938 -0.721419394 0.2610061467
v 0.02644264325 -0.0005812913878 0.02094490454
vn 0.6482976079 -0.7055686712 0.2861522436
v 0.01247300208 -0.002237468259 0.01210932992
vn -0.4823516011 -0.6429284215 -0.5949621201
v 0.01584320888 -0.005486756098 0.01468180679
vn -0.1925525367 -0.7613907456 -0.6190376878
v 0.01545104012 -0.006301957648 0.01552378479
vn -0.1524056047 -0.6849756837 -0.7124471068
v 0.01464569848 -0.005602415651 0.01540268864
vn -0.466976732 -0.5741122961 -0.6725531816
v 0.003966344055 0.0008685207576 0.01986131072
vn -0.877245605 -0.4417750537 -0.1878162324
v 0.0224902872 0.0287396051 0.02709228359
vn 0.3721877337 0.5284200311 0.7630521655
v 0.005879519973 0.001352091786 0.01475860272
vn -0.7871676087 -0.4310719669 -0.4410715401
v 0.02608028054 0.008385983296 0.007233930752
vn 0.4141146541 0.04413159937 -0.9091542363
v 0.0272155907 0.008498391137 0.007925711572
vn 0.6029470563 0.09906115383 -0.7916070819
v 0.01681487821 0.01869890094 0.03337165341
vn 0.5037798882 -0.2066088021 0.8387601972
v 0.002445116872 0.007306895684 0.01251109317
vn -0.7942210436 -0.4079905152 -0.4502850771
v 0.001770235831 0.007694464177 0.01332058478
vn -0.7809727192 -0.4757107198 -0.4046985209
v 0.006751613226 0.002648533788 0.01254207361
vn -0.6602970958 -0.5720355511 -0.4866035879
v 0.006247239653 0.002010168973 0.01368118543
vn -0.6592713594 -0.5099419951 -0.5525580645
v 0.005574689712 0.002931179712 0.01347345766
vn -0.5881352425 -0.6553714871 -0.4739041626
v 0.02180680074 -0.004997931421 0.02011642419
vn 0.6940553188 -0.7075321078 0.1329869032
v 0.02087620459 -0.00536485482 0.02119524591
vn 0.6081504226 -0.7200495601 0.3341881037
v 0.02089793421 -0.005730395205 0.01994786039
vn 0.6276482344 -0.7703614235 0.1122540385
v 0.02351854742 0.01155711617 0.03207488731
vn 0.7144793272 0.1838835329 0.6750600934
v 0.0225903485 0.01173481531 0.03279249743
vn 0.5414098501 0.1302497238 0.8306084275
v 0.01732159592 0.003586920677 0.006976732984
vn 0.08134111762 -0.3303562999 -0.9403448105
v 0.01767975464 0.004467356019 0.006613162812
vn -0.1004217193 -0.3720812798 -0.9227518439
v 0.0184575282 0.003832594026 0.006634005811
vn -0.2445933372 -0.3730444908 -0.8949927092
v 0.007355766371 -0.0001341640163 0.02655713819
vn -0.5616515279 -0.6706591845 0.4845243394
v 0.005375006236 0.002122138394 0.01470351033
vn -0.7376351357 -0.5390485525 -0.4065969288
v 0.02819163725 0.000979815959 0.02000758424
vn 0.871011734 -0.3865850568 0.3031344712
v 0.02810103446 0.0001845534862 0.0190787781
vn 0.8250337839 -0.5396022201 0.1677758098
v 0.02855736017 0.0009941004682 0.018410258
vn 0.929718852 -0.3660705686 0.04018913582
v 0.006609886885 0.001175377052 0.01385770272
vn -0.7169715166 -0.3571969867 -0.5986335278
v 0.006157574244 0.0006721634418 0.01476901118
vn -0.84533602 -0.2446191907 -0.4749405086
v 0.02800562978 0.0001879415649 0.01752502285
vn 0.8179510236 -0.5605393052 -0.1294286996
v 0.02767600678 -0.0004815494176 0.01818427071
vn 0.7318407297 -0.6807441115 -0.03156894818
v 0.003926032688 0.00158432324 0.0188195724
vn -0.8146714568 -0.4685724974 -0.3416873217
v 0.0007453279686 0.02245838754 0.01764704287
vn -0.9465582967 0.2655007541 -0.1831302792
v 0.001075162087 0.0231922809 0.01649436913
vn -0.9394563437 0.3044466376 -0.1572704762
v 0.0008838606882 0.02235629782 0.01622516289
vn -0.9536847472 0.2469169348 -0.1718064994
v 0.00426036166 0.002631692216 0.01693916693
vn -0.8417114019 -0.4170218706 -0.3429499567
v 0.01858806796 -0.002246795688 0.02603613399
vn 0.242475912 -0.6768347621 0.6950540543
v 0.01755039766 -0.00294489623 0.02584095299
vn 0.278393954 -0.5436490178 0.7917970419
v 0.01863541268 -0.002927758265 0.02551314607
vn 0.3013618886 -0.5324373245 0.7910066247
v 0.003667997895 0.003121737158 0.01779470593
vn -0.8847170472 -0.2379337549 -0.4008282721
v 0.003573718481 0.003925309982 0.01773604192
vn -0.9109538794 -0.2394501269 -0.3358967304
v 0.003104464617 0.002383508487 0.02059170045
vn -0.9296799898 -0.3666833937 -0.03519069776
v 0.003347634804 0.002271231031 0.01927297749
vn -0.8746537566 -0.4178949296 -0.2456513643
v 0.02005502395 -0.005207486451 0.01555417571
vn 0.4480277896 -0.8615197539 -0.2388615757
v 0.01919884421 -0.005366005469 0.01467037294
vn 0.2468614727 -0.9456840158 -0.2115211636
v 0.02026786096 -0.004826319404 0.01429625507
vn 0.5128144026 -0.8352826238 -0.1983036548
v 0.004779337905 0.00285675819 0.01485427935
vn -0.7694555521 -0.5552990437 -0.315564692
v 0.004433172755 0.002920556348 0.01593019068
vn -0.8759053349 -0.4165152311 -0.2435260564
v 0.003816483542 0.002348674461 0.01808214933
vn -0.8075278997 -0.4338774085 -0.3995611668
v 0.003326351056 0.002852481091 0.01869399846
vn -0.8944699764 -0.2813828886 -0.3474868238
v 0.004101953004 0.00359317963 0.02662841976
vn -0.8276447654 -0.227764979 0.5129593015
v 0.009540841915 0.01461114176 0.03270298243
vn -0.4753420651 -0.02938368358 0.8793102503
v 0.008688574657 0.01391682401 0.0324479416
vn -0.3217608929 0.09996429831 0.9415290952
v 0.005341332406 -0.0001090585356 0.01681001857
vn -0.9146033525 -0.06324980408 -0.3993747234
v 0.01964016259 0.01234791521 0.004766286351
vn 0.6279921532 0.1087361276 -0.7705857158
v 0.02059729211 0.01179162227 0.00553986337
vn 0.6553063989 0.09432946146 -0.7494500875
v 0.01962770335 0.01130874362 0.004623001907
vn 0.6016649008 0.06485914439 -0.7961109281
v 0.003220077604 0.01742997766 0.03105374984
vn -0.8669238687 -0.1956592202 0.4584326148
v 0.003142814385 0.01835167781 0.03107897192
vn -0.8921206594 -0.01405152772 0.4515786767
v 0.00263311225 0.01778486371 0.02967559546
vn -0.9395655394 -0.1076662913 0.3249994218
v -0.0005645436468 0.02180370688 0.02247270383
vn -0.9898110032 0.09992892295 0.1014314741
v -0.0004126221174 0.02272265032 0.02254888602
vn -0.9744839072 0.208731845 0.08253540099
v 0.0007503781235 0.01333066914 0.02613855153
vn -0.6842581034 -0.3994359076 0.6101162434
v 0.02602165937 0.00677487161 0.02905050479
vn 0.7763702869 -0.2177049071 0.5914843678
v 0.02657031268 0.006322452798 0.02807815932
vn 0.8177298903 -0.2374474704 0.5243439078
v -0.001682831324 0.0141906105 0.02041418292
vn -0.9913578629 -0.09712872654 0.08817950636
v -0.00169441069 0.01508207619 0.02012298256
vn -0.9897356629 0.1421058476 -0.01514035743
v -0.0006290159072 0.02007748187 0.01977534965
vn -0.960578382 0.2150365561 -0.1762058139
v 0.0003856811381 0.01761793718 0.01365552191
vn -0.7780197859 0.1366167814 -0.6132056117
v 0.01244792528 0.003662347561 0.006546604447
vn -0.2368021309 -0.4060067534 -0.8826569319
v 0.01363333408 0.00374350464 0.006196035538
vn -0.1675702333 -0.2774116099 -0.9460248351
v 0.01293435507 0.00271655689 0.006897429936
vn -0.2390626967 -0.5066577792 -0.8283398747
v 0.005782171153 0.03165499121 0.01725289226
vn -0.5992682576 0.7582892179 -0.2566612065
v 0.004930166528 0.03089839406 0.01689187251
vn -0.6181262732 0.7104449272 -0.3364340365
v 0.001433198457 0.02462203428 0.0177903641
vn -0.9212043285 0.3474575281 -0.1750882268
v 0.006486339029 0.009437399916 0.03109307587
vn -0.6482627392 -0.4158123732 0.6378522515
v 0.007361172698 0.00981076248 0.03197584301
vn -0.3694584072 -0.3606806099 0.8563935757
v 0.00646861922 0.01011387631 0.03149436414
vn -0.6460077167 -0.288736999 0.70661515
v 0.02273841202 0.02560305037 0.02904016525
vn 0.4762961864 0.1932809651 0.8577787876
v -0.001084022922 0.01191402879 0.01978866197
vn -0.8530466557 -0.4968298078 0.159597978
v -0.0008750481065 0.0113844024 0.01893367805
vn -0.831612885 -0.5513081551 0.06692775339
v 0.02597287297 -0.0006505696801 0.02247272804
vn 0.7112270594 -0.6838256717 0.1629063785
v 0.02507966012 -0.001422417816 0.02291156724
vn 0.5868786573 -0.7824756503 0.2080992311
v 0.02544316649 -0.00128007785 0.02144915611
vn 0.6460164189 -0.7420025468 0.1791508645
v -0.0002242453338 0.01055232435 0.01920236088
vn -0.8400602341 -0.5032398105 0.2026042491
v 0.0003457542916 0.009681861848 0.01954841986
vn -0.8373866081 -0.4629291594 0.2906549275
v 0.01993968524 0.01551482547 0.03396910056
vn 0.3821508884 0.2667229474 0.8847709298
v 0.01907289959 0.01622820459 0.03396217152
vn 0.1458205283 0.5090040565 0.8483226299
v 0.01887116767 0.01501913462 0.03450163826
vn 0.1232345402 0.1606771052 0.979283452
v 0.01865957864 0.01043476164 0.03373333067
vn 0.3060079515 -0.2965545356 0.9046626687
v 0.0261752829 0.02918335423 0.02256162278
vn 0.8499187231 0.5031014085 0.1566112339
v 0.02134268172 0.02025984414 0.03036088869
vn 0.2983134687 0.2550359368 0.9197639823
v 0.004064347129 0.003391144564 0.01670190506
vn -0.9127319455 -0.2985137105 -0.2789444029
v 0.01619390026 0.02587966248 0.006850415375
vn -0.1440396607 0.1669218242 -0.9753920436
v 0.01491509005 0.02572750114 0.007099619135
vn -0.08061759919 0.2084483206 -0.9747051597
v 0.01547269616 0.02643250488 0.007143727969
vn -0.1903411001 0.2900626361 -0.9378880262
v 0.004275460262 0.03021641262 0.0166217275
vn -0.6430737972 0.6597640514 -0.3888026476
v 0.01506148279 -0.00744218193 0.0210378617
vn -0.2328022271 -0.9577803016 0.1687010676
v 0.01596711576 -0.007328812033 0.02221060731
vn -0.05854980648 -0.9453961253 0.3206213713
v 0.01464506052 -0.007107174955 0.02214718238
vn -0.2566269636 -0.927236259 0.2727187574
v 0.01654724218 0.03193503991 0.02813567966
vn 0.3853516579 0.5765426755 0.7204877734
v 0.01938822865 0.008408741094 0.03262476623
vn 0.147105068 -0.4187470078 0.8961088061
v 0.02060827985 0.007729117759 0.03230762854
vn 0.0178177245 -0.3005462289 0.9536008239
v 0.02093422599 0.008725377731 0.03275534511
vn 0.04772889614 -0.4081469178 0.9116677046
v 0.006645400077 -0.001772400923 0.01508560404
vn -0.7484995723 -0.4126147628 -0.519131422
v 0.006794978399 -0.002642462496 0.01588229276
vn -0.6925628781 -0.5971206427 -0.4047266245
v 0.01174697094 -0.002939084778 0.01318867318
vn -0.1321040988 -0.6037761569 -0.7861315608
v 0.0003730906465 0.0206634216 0.016131863
vn -0.9040405154 0.3741741776 -0.2066505253
v -0.0003835052776 0.01381168049 0.01500767842
vn -0.8561818004 -0.1052143425 -0.5058484674
v -0.0002093033545 0.01281522308 0.01490264758
vn -0.8915670514 -0.02854424156 -0.4519883096
v -0.0008801905205 0.01320585143 0.01604527794
vn -0.8958043456 -0.1326062977 -0.424205333
v 0.0004118130892 0.01368015539 0.01387328282
vn -0.8078601956 -0.02017629333 -0.5890287161
v 0.02727660723 0.01029208489 0.02757431939
vn 0.7259036303 0.0483510457 0.6860948205
v 0.02633704804 0.01057480928 0.0285198316
vn 0.7511261106 0.1989392936 0.6294702291
v 0.02661161125 0.009583834559 0.02843283676
vn 0.795699656 0.09332884848 0.5984578133
v 0.0005453638732 0.01295795478 0.01355117746
vn -0.8364582062 0.1597929746 -0.5242174268
v 0.007323522586 0.03369627893 0.02280715667
vn -0.4260029793 0.9042640328 -0.02877457999
v 0.02436480857 0.02710448392 0.02696108632
vn 0.6030809283 0.4607729018 0.6511387825
v 0.02479447611 0.02635533735 0.02708009072
vn 0.647589922 0.4253308177 0.6322348714
v 0.001033339999 0.02657224797 0.01957595348
vn -0.9189417362 -0.08941149712 -0.3841246068
v -3.167413161e-05 0.0109915277 0.01429094933
vn -0.9273106456 -0.08203400671 -0.3651922941
v 0.0007149558514 0.01054440904 0.01291628182
vn -0.8455427289 -0.1286922842 -0.5181658268
v -0.000453381479 0.02100303024 0.01999474503
vn -0.9507535696 0.219650507 -0.2186809331
v 0.0001757896389 0.01450526621 0.01398245059
vn -0.7801064253 -0.1146228537 -0.6150574088
v -0.0003807143366 0.0117425127 0.01536570489
vn -0.9463173747 -0.07797001302 -0.3136942387
v -0.000593147648 0.01473996695 0.01515796874
vn -0.8913701773 -0.05959444493 -0.4493414462
v 0.0285120178 0.007811983582 0.02532581426
vn 0.9068803191 -0.1583145857 0.3905183673
v 0.0286286138 0.001818042365 0.0193346981
vn 0.9587046504 -0.2118285894 0.1897736341
v 0.0114942044 0.01384077873 0.004296565428
vn -0.2364785671 0.3785938919 -0.8948432803
v 0.02919760346 0.01252759993 0.01270744111
vn 0.7780731916 0.5133519173 -0.3620385528
v 0.0298643522 0.01192419603 0.01338559482
vn 0.8601288795 0.4042714834 -0.3110351861
v 0.02942238748 0.0117112007 0.01199994329
vn 0.820572257 0.439245522 -0.3656836152
v 0.000557157502 0.02368678898 0.0195218455
vn -0.8608056903 0.3903493583 -0.3265592158
v 6.821965508e-05 0.02376402915 0.02085295878
vn -0.8781673908 0.4233150482 -0.2227697521
v 0.01302138809 0.01526977681 0.03548522666
vn -0.09145213664 0.1711346954 0.9809941053
v 0.0137828961 0.01609188318 0.03525824472
vn 0.1887854338 0.3541924953 0.9159190655
v 0.01254418027 0.01610511541 0.03522311896
vn -0.2969703674 0.4117082953 0.8615711927
v 0.007399962749 0.03259000555 0.01537319832
vn -0.5622247458 0.7915510535 -0.2394791991
v 0.007869389839 0.03241993114 0.01416191738
vn -0.4583690166 0.7610771656 -0.4589764774
v 0.006790365092 0.0318967998 0.01489255019
vn -0.6797269583 0.6401651502 -0.3579941988
v 0.02656013891 0.008986536413 0.007569344249
vn 0.5115535259 0.1480504423 -0.8464006782
v 0.02888611145 0.01821171492 0.01639084145
vn 0.9459812045 0.2431315333 -0.2144916505
v 0.003699245164 0.03099635988 0.01929082721
vn -0.6211810708 0.6635335088 -0.4169619977
v 0.00674649328 0.01716788113 0.03293498605
vn -0.3287535608 -0.3028987348 0.894524157
v 0.009019495919 0.03270036727 0.01396702416
vn -0.1498615295 0.8362883925 -0.5274118185
v 0.0001013630972 0.0109648183 0.02135757916
vn -0.8051051497 -0.5523066521 0.2162476182
v -3.158042091e-05 0.01158398483 0.02226454951
vn -0.8066818714 -0.5269858241 0.2674888372
v -0.0006104178028 0.01171938051 0.02100662328
vn -0.7897993326 -0.5551452637 0.2608270645
v -0.001106212498 0.01804223843 0.02332418039
vn -0.9636257291 0.1779375523 0.1994083822
v 9.762979062e-06 0.01829868928 0.02568563074
vn -0.8281846046 0.1135979891 0.5488221645
v -0.0003754774807 0.01739316061 0.02531227283
vn -0.8245050311 0.05720233917 0.5629559159
v -0.0001764744666 0.02200201154 0.01990363188
vn -0.9249660969 0.2237354219 -0.3072135746
v 0.0005913281348 0.01747325808 0.02645133249
vn -0.7582997084 -0.01947037689 0.6516153216
v -0.001058852067 0.01737061143 0.02400021069
vn -0.9348202944 0.1288252175 0.3309306502
v 0.0005377501366 0.01208414789 0.02455308847
vn -0.6263154149 -0.640802145 0.4439612925
v 0.000276478153 0.01493508648 0.02595324069
vn -0.792178452 6.597913307e-05 0.6102895141
v -0.0006473459653 0.01504693367 0.02458661981
vn -0.8575850725 -0.05536550656 0.5113536119
v 0.0004909904674 0.0140017122 0.02616196312
vn -0.7641922832 -0.1429234594 0.6289539337
v 0.002003497211 0.01304895058 0.02780993283
vn -0.7288355231 -0.3906471729 0.5623109341
v 0.02047979459 -0.003098731395 0.0114257196
vn 0.5143390298 -0.6372209191 -0.5739380717
v 0.01995340921 -0.0039066975 0.01182234846
vn 0.4539148808 -0.7102676034 -0.5380346179
v 0.01949301548 -0.003356393659 0.01088852622
vn 0.3824914992 -0.669233501 -0.6370453238
v -0.0001643292489 0.01220006589 0.02318814397
vn -0.774939239 -0.5652840734 0.2827066481
v -0.0002751645516 0.01277211681 0.02425067686
vn -0.7707404494 -0.5389270186 0.3398777246
v -0.0008662452456 0.01299470942 0.02269458584
vn -0.8618452549 -0.4462278485 0.2410466075
v 0.005652655382 0.008253837004 0.02945544943
vn -0.7822891474 -0.1768733263 0.5972767472
v 0.005721750204 0.009276754223 0.02994079888
vn -0.803432107 -0.2770712078 0.526999414
v -0.001408734941 0.01653560437 0.0215317402
vn -0.988622427 0.1483670473 -0.0247560367
v -0.00146118761 0.01576094888 0.02269788273
vn -0.98873806 0.04078847542 0.1439909935
v 0.0120592257 0.02457017265 0.03197931871
vn -0.3200542629 0.3132179081 0.8941251636
v 0.01085331477 0.02423059754 0.03157988563
vn -0.1598194689 0.2412118763 0.9572223425
v -0.001590687083 0.0155003462 0.02134676091
vn -0.9910373092 0.126099959 0.04408885539
v -0.001455582445 0.01598263532 0.02007216774
vn -0.9614062905 0.2642635703 -0.07656824589
v 0.006513901055 0.03215962276 0.01622286998
vn -0.6290951967 0.7595831752 -0.1651441157
v 0.006630609743 0.03234368563 0.01761486195
vn -0.4660033584 0.8650925756 -0.1856223941
v 0.0215264 0.03000362031 0.0152472062
vn 0.6968098879 0.5137566924 -0.5005097985
v 0.02222266607 0.02924428135 0.01532723568
vn 0.6064574122 0.6024894118 -0.5188602209
v -0.001405609772 0.01317150239 0.02089410089
vn -0.9344428778 -0.3045167625 0.1846239269
v -0.0006986341905 0.01917159557 0.01940194145
vn -0.9720440507 0.1829484552 -0.1471740752
v 0.013122865 0.02654088847 0.007252227981
vn 0.2160253972 0.4687100947 -0.8565301299
v 0.01355813071 0.02580202371 0.007038261741
vn 0.219810456 0.3192102909 -0.9218395352
v 0.002024298068 0.02640625276 0.01760834642
vn -0.8988113999 0.2043346912 -0.3877955675
v 0.001635288703 0.02688946947 0.01835693233
vn -0.8603419065 0.03717079386 -0.5083602667
v 0.002272552345 0.02715719864 0.01747754589
vn -0.8529240489 0.2057774216 -0.4797668755
v -0.001172773889 0.01687996835 0.01993010379
vn -0.9685078859 0.2125872821 -0.1296113282
v 0.02317580022 -0.002421226352 0.01415865123
vn 0.3529104888 -0.9355439544 -0.0145512512
v 0.02259888873 -0.00263135694 0.01325428765
vn 0.401378721 -0.9026893377 -0.1550711095
v 0.02483698353 0.008404847234 0.006820727605
vn 0.1907709837 0.03554423153 -0.9809908271
v 0.007156517357 0.01064630691 0.03207764775
vn -0.433128953 -0.1563186646 0.8876732588
v -0.001144673326 0.01637249812 0.01872193441
vn -0.9543217421 0.2823046148 -0.09784730524
v 0.02617216296 0.01341652777 0.008576410823
vn 0.6407617331 0.3096748888 -0.7025139332
v 0.02655817196 0.0126250023 0.008568507619
vn 0.6301786304 0.3130962849 -0.710524857
v 0.02530980669 0.01283887867 0.007730681915
vn 0.4878507853 0.208465606 -0.8476696014
v -0.001103904564 0.01602542587 0.01719131507
vn -0.976195097 0.1559869647 -0.1507023424
v -0.001024413388 0.01674984954 0.0176024884
vn -0.9870974422 0.1573310643 -0.02975875884
v 0.01517701522 0.01459674072 0.003809760325
vn -0.05483921245 0.2862022519 -0.9565986395
v 0.01388754044 0.01447148435 0.003933348227
vn -0.1398508102 0.2437284589 -0.9597073197
v 0.01432905346 0.01527648326 0.004072485957
vn -0.07841393352 0.2294038981 -0.9701675773
v 0.00418133894 0.0007826449582 0.02358886041
vn -0.7531450987 -0.6295154691 0.1910046786
v 0.003775672521 0.001418569009 0.02373351902
vn -0.8520843387 -0.4919526279 0.1787034869
v -0.001541492413 0.01418782678 0.0176135432
vn -0.9713705182 0.05640080944 -0.2307775021
v -0.001121961512 0.01467081718 0.01650235988
vn -0.9457992911 0.05410808697 -0.320212394
v -0.001045075245 0.01396201085 0.01629030704
vn -0.9190559387 -0.04646349326 -0.3913787603
v -0.001633446314 0.01472058333 0.02128736489
vn -0.9930935502 -0.0435465537 0.1089443564
v 0.02750136517 0.02644858509 0.01791062951
vn 0.7431874275 0.6131253839 -0.2678613961
v 0.02679459937 0.02706727572 0.01745069958
vn 0.7222591639 0.6105943918 -0.3248324692
v 0.02711535618 0.02714907564 0.01869385876
vn 0.773291707 0.6048896313 -0.1900749803
v 0.01900123432 -0.006809959654 0.02166372724
vn 0.5209789872 -0.7858816981 0.3331227899
v 0.01749318838 -0.007296372671 0.02211008966
vn 0.2085118145 -0.9105324745 0.3570061922
v 0.0180001948 -0.007551983465 0.02084244415
vn 0.2796119452 -0.9456619024 0.165954113
v -0.00174529932 0.01365669537 0.01914219931
vn -0.9944182634 -0.1054138392 -0.004497733433
v 0.01484146249 -0.007600084879 0.01783176325
vn -0.2464403063 -0.945608139 -0.2123497277
v 0.01581950113 -0.007816439494 0.01870647632
vn -0.04748449102 -0.9966522455 -0.06655424833
v 0.01478099823 -0.007606622763 0.0189566128
vn -0.3095139563 -0.9504697919 0.02842954732
v 0.0210453514 0.02922891453 0.02731267735
vn 0.3366397917 0.4550809562 0.8243634105
v 0.02244527079 0.02969730087 0.02652064338
vn 0.3905215263 0.4829719663 0.7837288976
v 0.02857807465 0.02100197226 0.01643235609
vn 0.9722579122 0.05777858198 -0.2266630977
v 0.02886834741 0.02048528753 0.01762772165
vn 0.9755198359 0.03357718885 -0.2173330188
v 0.02437262796 0.0255598817 0.01364619471
vn 0.598756671 0.5928346515 -0.5385513306
v 0.02539566159 0.02483570948 0.01378844399
vn 0.5295494199 0.5990015864 -0.6006451249
v 0.005053536501 -0.001580983284 0.02042002045
vn -0.8170740604 -0.5415651202 0.1977300644
v 0.004603777546 -0.0007373463013 0.01990425773
vn -0.9331103563 -0.3593240082 0.01383172255
v 0.0164213758 -0.007659739349 0.02102333307
vn -0.01899185218 -0.9812083244 0.1920142621
v 0.01686405577 -0.007816299796 0.01974674128
vn 0.08323569596 -0.9958204031 0.03759704903
v 0.007613532245 0.01043324824 0.006589068566
vn -0.730777204 -0.264378041 -0.6293400526
v 0.002599038184 0.01682384871 0.02875991724
vn -0.8872544169 -0.166601792 0.4301435351
v 0.002975199837 0.01597982086 0.02922924794
vn -0.868011415 -0.2208423465 0.4447300732
v 0.01860079356 0.009425047785 0.0333449021
vn 0.2817143798 -0.420501858 0.8624472022
v 0.01712215133 0.009083645418 0.0338835977
vn 0.3776573539 -0.441860497 0.8137162924
v 0.01783376373 0.008428959176 0.03313006461
vn 0.3573428988 -0.4083543718 0.8399719
v 0.01862548292 -0.001543133287 0.02684507892
vn 0.1836311817 -0.800219655 0.5709010959
v 0.01749157719 -0.001445989008 0.02741540968
vn 0.2309816778 -0.787694931 0.5711253881
v 0.01741492562 -0.002145292703 0.02655073069
vn 0.2814302444 -0.6924487948 0.6643128991
v 0.005970515311 0.005013917107 0.02862146869
vn -0.4906704724 -0.3020185828 0.8173293471
v 0.004938499071 0.0003530565591 0.02442858741
vn -0.5836722255 -0.7509937286 0.3087640107
v 0.01650410332 -0.006212618202 0.02407506667
vn 0.1194893941 -0.713299036 0.6905988455
v 0.01555315778 -0.006830689497 0.02331745625
vn -0.08323962241 -0.8686366081 0.4884071648
v 0.01695643552 -0.006828463636 0.02321198583
vn 0.1556117386 -0.8375484347 0.5237343311
v 0.01452916674 -0.002241512993 0.01068035141
vn -0.2614155412 -0.715126276 -0.6482717991
v 0.01493031066 -0.003013297217 0.01155666914
vn -0.2420329899 -0.8035737276 -0.5437731743
v 0.01366286725 -0.002755692927 0.01172089763
vn -0.3502313197 -0.7717503309 -0.5307913423
v -0.000455336296 0.01113925502 0.02014335245
vn -0.7688335776 -0.6025316715 0.2141274065
v 0.008036290295 0.004488300066 0.02954925783
vn -0.5900011063 -0.3507427871 0.7272401452
v 0.02764597721 -1.122854064e-05 0.01186577138
vn 0.7161530852 -0.6406286359 -0.2769831419
v 0.02722777426 -0.000657450466 0.01295622438
vn 0.6493757367 -0.7597856522 -0.03220178559
v 0.02663885057 -0.0009253584431 0.01189420093
vn 0.588406384 -0.7628637552 -0.2679865658
v 0.01048780885 0.006046007853 0.03145692497
vn -0.4195551276 -0.1834848076 0.8889920115
v 0.007459506392 0.02432384342 0.03123936243
vn -0.3772971928 0.154829517 0.9130578637
v 0.02642074972 0.0155095486 0.00966270268
vn 0.78925246 0.08321017772 -0.608404994
v 0.02535926923 0.01556548383 0.008592334576
vn 0.6425910592 0.1346965283 -0.7542768121
v 0.0151060326 0.02188654616 0.03376564011
vn 0.02061906271 0.2883161306 0.9573132396
v 0.007626826875 -0.003211095696 0.01537572313
vn -0.6684336662 -0.6257210374 -0.402081579
v 0.006074380595 -0.002831067424 0.01993368566
vn -0.671346724 -0.7191997766 0.1790119112
v 0.01506878249 0.03429242969 0.02421736345
vn 0.2125166357 0.9755814075 0.05547560379
v 0.02026615664 -0.004436882213 0.01296711713
vn 0.5150886178 -0.7802498341 -0.3548153639
v 0.02108487487 -0.00408821227 0.01396175101
vn 0.6520842314 -0.7258408666 -0.2189547271
v 0.02442177385 0.0008050015895 0.02695718408
vn 0.5649287105 -0.602875948 0.5633792281
v 0.01179303508 0.0113424845 0.0343096517
vn -0.4285820127 -0.2170505375 0.8770442009
v -0.000576300954 0.01961593516 0.02380917594
vn -0.9100598693 0.2947773635 0.2913714647
v -0.001228246372 0.01756324619 0.02096855268
vn -0.9849663377 0.1344647706 -0.1084459051
v -0.001334289438 0.01743051596 0.0225131847
vn -0.9897252917 0.1320212036 0.05490176007
v 0.001260052668 0.02751958184 0.01897438988
vn -0.865593791 0.1224559918 -0.4855428934
v 0.00589453103 0.03132283688 0.01587591507
vn -0.7100642323 0.6209844351 -0.3319445252
v 0.001292351284 0.01788761467 0.02722390182
vn -0.717882812 -0.03657113761 0.6952027082
v 0.02879917808 0.001645285403 0.01485610101
vn 0.8927197456 -0.4506114721 0.0008496120572
v 0.02830448374 0.0008900929242 0.01549221389
vn 0.8111302853 -0.5843239427 0.02516347915
v 0.0003114914289 0.02204822935 0.01878328063
vn -0.9116384983 0.2506195903 -0.325737685
v 0.02937749773 0.004105441738 0.01339094061
vn 0.9584703445 -0.2251850963 -0.1750037223
v 0.01070128381 0.004515003879 0.03136095405
vn -0.3429352343 -0.2586094141 0.9030596018
v 0.0008029405726 0.01849153824 0.02675045282
vn -0.7744986415 0.03519100696 0.6315959692
v 0.0003525820212 0.01934524067 0.0259490665
vn -0.8425329924 0.1559775174 0.5155668259
v 0.01644212566 -0.001338401577 0.027997531
vn 0.2195571065 -0.7453579307 0.6294730306
v 0.01787603833 0.01903058961 0.03279709443
vn 0.5383595228 -0.2821317911 0.794084847
v 0.01812865771 0.01991742849 0.03299804032
vn 0.5693899393 -0.2033870965 0.7965103388
v 0.01726683415 0.0194197204 0.03334779665
vn 0.4772608876 -0.2559043765 0.8406752944
v 0.02038837411 0.03123385459 0.01457412075
vn 0.7310197353 0.4311109483 -0.5289173126
v 0.02091762796 0.03176870942 0.01567187533
vn 0.7763088346 0.4154081643 -0.4741103351
v 0.02819119953 0.001102263224 0.01134288032
vn 0.8403859138 -0.404718101 -0.3604924083
v 0.02864794061 0.001801119419 0.01221958175
vn 0.9383506179 -0.2617048323 -0.2258509547
v 0.02840759605 0.000852742698 0.01272017416
vn 0.870685935 -0.4809238911 -0.1030447111
v 0.01041625161 0.01024787966 0.03321582079
vn -0.5191506743 -0.2710430622 0.8105666041
v -0.001231953385 0.01517865341 0.02351557463
vn -0.9348775744 -0.1055513322 0.3389142752
v 0.02164705656 -0.004715553019 0.0176780764
vn 0.7138700485 -0.6517357826 -0.2561835349
v 0.02238804102 -0.003861960955 0.01780905388
vn 0.714928925 -0.6569281816 -0.2394202501
v 0.02223230712 -0.004463742953 0.0189612247
vn 0.754785955 -0.647759378 -0.1034695804
v 0.003224910004 0.002749693813 0.02352755889
vn -0.9586709142 -0.2290513217 0.1687767208
v 0.003412298858 0.001959673362 0.02297760919
vn -0.92251122 -0.370452404 0.1083422005
v 0.0005313902511 0.0114137996 0.02365586907
vn -0.7189599872 -0.5576497912 0.4148773253
v 0.001518166158 0.01147644687 0.02480415814
vn -0.5439795852 -0.6293489337 0.5549829602
v 0.03047728539 0.01656636968 0.02291470021
vn 0.922228694 0.3435145915 0.1774596721
v 0.03051578254 0.01675673388 0.02131602541
vn 0.9206626415 0.3893329203 -0.02828693576
v 0.0003189170093 0.0103676971 0.02038870566
vn -0.8184555769 -0.5279898047 0.2266213
v -0.0007667066529 0.01234048232 0.02177783102
vn -0.8238090873 -0.5021167397 0.2630920112
v 0.01108434331 0.03083031811 0.0295067206
vn 0.04025216773 0.4367167652 0.8986980915
v -0.001140878536 0.01237982046 0.02058277093
vn -0.8716959357 -0.4368304908 0.2220930159
v 0.02665608376 0.02441324107 0.01442572568
vn 0.6092792749 0.4909922183 -0.6226599216
v 0.027586665 0.02396578714 0.01519800909
vn 0.7705613971 0.3420613706 -0.537800312
v 0.02756247483 0.001432097983 0.01012088638
vn 0.6878719926 -0.3753794134 -0.6212265491
v 0.01262153964 0.02857307903 0.03044069745
vn 0.184994176 0.4018653035 0.8968173862
v 0.01232464705 0.02925632708 0.03018992767
vn 0.1224318221 0.3951463997 0.9104228616
v 0.01215424016 0.02779185027 0.03092134185
vn 0.226442799 0.3840474784 0.8951151967
v -0.001485189656 0.01491326187 0.02244892716
vn -0.9786642194 -0.08051806688 0.1890322864
v 0.02824852057 0.00541041512 0.009925912134
vn 0.7018766999 -0.3519820273 -0.6192558408
v 0.02892917581 0.005015451461 0.01112310588
vn 0.8489796519 -0.2937503755 -0.4392542541
v 0.028051164 0.004318850115 0.01013286877
vn 0.7741265893 -0.1602719277 -0.6124058962
v 0.001441430999 0.01067989133 0.02395175025
vn -0.6128733158 -0.5719543099 0.5452105999
v 0.0005372518208 0.01072784513 0.0227107238
vn -0.7668340802 -0.5527599454 0.326223731
v 0.001383643365 0.009970490821 0.02295740321
vn -0.7060255408 -0.5774855018 0.4099249542
v 0.01469777059 0.001707444666 0.03090434335
vn -0.02332384698 -0.4907523692 0.8709868789
v 0.001130901161 0.01855625026 0.01305147633
vn -0.786432147 0.1476483941 -0.5997703075
v 0.002601761604 0.00830389373 0.02353066206
vn -0.9031282663 -0.3022009432 0.3050146103
v 0.003194321413 0.008082625456 0.02490352094
vn -0.9192284942 -0.07100286335 0.3872693479
v 0.01733306982 0.01811175235 0.03282979503
vn 0.4878070652 0.1267568618 0.8636995554
v 0.01705137081 0.01711941697 0.03352880105
vn 0.2993063033 0.4784205556 0.8255479932
v 0.02834306657 0.008769396693 0.009001344442
vn 0.7477711439 0.1375105232 -0.6495607495
v 0.01382233575 0.02325998619 0.006568766199
vn 0.3337810934 0.21620363 -0.9175217748
v 0.0128768757 0.02338729054 0.006112879608
vn 0.4109610021 0.165776968 -0.896453619
v 0.01336423587 0.02410713956 0.006503143348
vn 0.3833819628 0.183837682 -0.9051088095
v 0.02614723332 0.02414325997 0.02688749321
vn 0.7373474836 0.3135756552 0.5983218551
v 0.02483348362 0.02386240289 0.02823041938
vn 0.5401816368 0.3269100487 0.7754570246
v 0.002673798939 0.01078754012 0.02507718839
vn -0.6470549703 -0.5190699697 0.5584677458
v 0.01950538531 -0.005012616981 0.01351977792
vn 0.2988651395 -0.9131767154 -0.2771062851
v 0.02446685173 0.02631441131 0.01447960921
vn 0.5376586318 0.5681399703 -0.6230089068
v 0.02356224321 0.02624023333 0.01328305993
vn 0.7189089656 0.5468479395 -0.4291005433
v 0.01832889952 0.01234893501 0.03419255093
vn 0.2825148106 -0.07049843669 0.9566689134
v 0.02885791846 0.02144408599 0.01752598211
vn 0.9699456692 -0.01039705984 -0.2430993766
v 0.002079235157 0.009156433865 0.02320888825
vn -0.8010451794 -0.4546995163 0.3893263638
v 0.01792917587 0.03107492812 0.02806915157
vn 0.4164093733 0.5566966534 0.7188130021
v 0.02811744995 0.02435488254 0.01634543389
vn 0.8367230892 0.346616745 -0.4239708781
v 0.02692343853 0.01183450222 0.008565814234
vn 0.6202831864 0.2569387257 -0.7411013842
v 0.02749138325 0.0123976469 0.009435366839
vn 0.7082886696 0.4076279998 -0.5763389468
v 0.01043847855 0.03240902349 0.0286378134
vn 0.1050714329 0.7026752234 0.7037098408
v 0.004193542991 0.02222996578 0.0309351217
vn -0.6379883289 0.4615767598 0.6163746715
v 0.0006693817559 0.01011064835 0.02169622667
vn -0.7916877866 -0.5645025969 0.2335965037
v 0.0209906958 -0.001905494835 0.02544500679
vn 0.3139814734 -0.809679389 0.4958173931
v 0.02173803374 -0.002286853967 0.02426256239
vn 0.3975820541 -0.740457356 0.5418961644
v 0.0221968703 -0.001676302752 0.0249342639
vn 0.3080279231 -0.8351251483 0.4557244182
v 0.000821781985 0.0095358463 0.02072395757
vn -0.797834456 -0.5502276421 0.2463933229
v 0.02780918963 0.02181946672 0.02497710846
vn 0.9220004678 0.300478667 0.2441878766
v 0.02958037518 0.008660068735 0.0114993332
vn 0.943597734 -0.04178662971 -0.3284467161
v 0.01286095753 0.01035233773 0.003681866219
vn -0.3284124732 -0.3496017754 -0.8774530292
v 0.01938410476 0.02524270676 0.0071107978
vn 0.3696658611 0.1519613415 -0.9166541696
v 0.01824882999 0.02482453175 0.00672466727
vn 0.1663522571 0.07607901841 -0.9831271172
v 0.03049628995 0.01226368733 0.0167525243
vn 0.9851014018 0.07888647169 -0.152814135
v 0.01686293259 0.03378373757 0.02478606626
vn 0.2221567929 0.9451851845 0.2393141985
v 0.0157646928 0.03401425108 0.02520390041
vn 0.2826921046 0.9440995455 0.1695914716
v 0.01635490917 0.03351610154 0.02622994222
vn 0.3637530506 0.8576747179 0.3634251356
v 0.02164516412 -0.004116340075 0.01650733314
vn 0.7149586678 -0.6585394144 -0.2348615825
v 0.02782565542 4.919313142e-05 0.0133795999
vn 0.7745355964 -0.6322962642 0.01720577665
v 0.007286572829 -0.000780339411 0.0252959691
vn -0.5956997871 -0.7082881927 0.3787738085
v 0.00645654276 -0.0007788865478 0.024014052
vn -0.560352087 -0.7342970967 0.3831623197
v 0.0275605917 0.005907596555 0.0260001719
vn 0.832588315 -0.3251300752 0.4484273791
v 0.0284324903 0.006263905205 0.02468071319
vn 0.8774863482 -0.280723393 0.3888600171
v 0.02041507699 0.02558425441 0.007755499799
vn 0.5515211821 0.2622803152 -0.7918544412
v 0.004949179012 -0.0009241670487 0.02135735936
vn -0.7994066477 -0.5312373638 0.2805991769
v 0.004494637717 -0.0003245065163 0.0208277721
vn -0.8799027205 -0.4605168402 0.1170273498
v 0.01051459182 0.03313982859 0.02768623084
vn 0.1660640836 0.8577575088 0.4864922762
v 0.02626427636 0.01045214944 0.007756392006
vn 0.4813072085 0.2252566367 -0.8471143842
v 0.02730912715 0.01015194133 0.008419778198
vn 0.6178326607 0.2170681655 -0.7557541132
v 0.02644229494 0.009651863016 0.007628109772
vn 0.4974319041 0.2129646838 -0.8409563303
v 0.0152722979 0.02584361285 0.03212273866
vn -0.1060081646 0.5088223815 0.8543196321
v 0.01395101473 0.02570939995 0.03190214187
vn -0.1737090349 0.5634756088 0.8076635599
v 0.0145428367 0.02502663434 0.03251788765
vn -0.1201341972 0.4885023534 0.8642529845
v 0.02132359706 0.02286076359 0.03005684167
vn 0.4511343539 0.1282086074 0.8831989169
v 0.02245070785 0.0225789398 0.02969107218
vn 0.2696937025 0.2987378538 0.9154348969
v 0.008415204473 0.0337520726 0.02654283121
vn -0.2257725 0.9383972287 0.2616055608
v 0.02495086566 0.007012771908 0.006980400067
vn 0.264631182 -0.2283087522 -0.9369340539
v 0.006579715759 0.008626766503 0.03063348681
vn -0.6270111203 -0.3726327121 0.684106648
v 0.004000680987 0.009504127316 0.02652877942
vn -0.8757650256 -0.09662735462 0.4729680419
v 0.003678988898 0.01042336877 0.02632076107
vn -0.8040640354 -0.4180973768 0.4227004349
v 0.004228067584 0.008577656932 0.0268918518
vn -0.8747004867 0.04787037894 0.4822939634
v 0.003547337605 0.008795304224 0.02573209256
vn -0.8787643909 0.001844551996 0.4772523046
v 0.004526854027 0.01010080986 0.02771228179
vn -0.8604499698 -0.3062934279 0.4071979523
v 0.0162735302 0.004097863566 0.03193964064
vn 0.1014999747 -0.4254758358 0.8992597461
v 0.01653975435 0.003186133923 0.03149370477
vn 0.06774751842 -0.3896128237 0.9184836149
v 0.0176363904 0.003797667334 0.03162830696
vn 0.127273187 -0.3442985117 0.9301935434
v 0.02994682081 0.00749798771 0.01847342215
vn 0.9701343179 -0.1522657722 0.188824147
v 0.03003949113 0.008333776146 0.01852789894
vn 0.9697629213 -0.1132748276 0.2161682099
v 0.02973503433 0.007805715781 0.01965184882
vn 0.9756100178 -0.1073406711 0.1914759278
v 0.006806311663 0.01153890882 0.03200436383
vn -0.5389931202 -0.09463547915 0.836977005
v 0.006043716334 0.01082636975 0.03128669783
vn -0.7405594587 -0.139596805 0.6573312879
v 0.003760078922 0.007849031128 0.02623706125
vn -0.89320153 0.05544457585 0.4462251663
v 0.01087893639 0.01744433492 0.03410122171
vn -0.05672543496 -0.1379723996 0.9888103008
v 0.02274809964 0.00308987312 0.03063422441
vn 0.3721628487 -0.5026603937 0.7802738547
v 0.02226974256 0.002056067809 0.03007552214
vn 0.2722065151 -0.5839191675 0.7648149729
v 0.003371096915 0.01528361998 0.0295585338
vn -0.7760593295 -0.3150788844 0.5463123918
v 0.009912683628 0.02911165729 0.008706200868
vn -0.3208410144 0.6579388976 -0.6813057065
v 0.01061583403 0.02989638597 0.009302653372
vn -0.2007297426 0.7600277662 -0.6181143522
v 0.01130282599 0.02929053083 0.008569234051
vn -0.03545636684 0.6584522128 -0.7517868876
v 0.03022565134 0.01129606273 0.02390870824
vn 0.8919272423 -0.260394752 0.3696760833
v 0.0306460727 0.0111420732 0.02250250615
vn 0.9273670912 -0.304905504 0.2168477625
v 0.01809117571 -0.003781548003 0.02521883696
vn 0.3117545843 -0.4796934128 0.8201849461
v 0.004716405179 0.006684439722 0.02796619572
vn -0.8003467321 -0.04030231014 0.5981812477
v 0.00396514684 0.006905873306 0.02676875331
vn -0.8841109872 0.03287928179 0.4661187232
v 0.01470683143 0.005802821834 0.006075285375
vn 0.06008947641 -0.2450967729 -0.9676346779
v 0.01458176319 0.006659145001 0.005621070974
vn -0.08803399652 -0.5624215007 -0.8221508861
v 0.014556068 0.006924737245 0.03370174393
vn 0.02183559909 -0.3484622836 0.9370684028
v 0.01056901086 0.03406751156 0.02137927152
vn -0.06704970449 0.9679995775 -0.2418287247
v 0.0116965184 0.03430505842 0.02198372781
vn -0.1361771077 0.9788693786 -0.1525468975
v 0.003752063261 0.01097127516 0.02750432119
vn -0.6802741885 -0.6352814436 0.3655742407
v 0.005159800407 0.007432922721 0.02862424031
vn -0.8051785827 -0.07912426442 0.5877302289
v 0.004423189908 0.007635042071 0.02745387144
vn -0.8608760834 0.05423920229 0.505915463
v 0.01526141912 0.01255373098 0.003235662822
vn -0.02349983342 0.1955498159 -0.9804121852
v 0.01642771997 0.01309176348 0.003388450248
vn 0.08371335268 0.1886084974 -0.9784778357
v 0.01636584848 0.01218122244 0.003260225058
vn 0.1307252944 0.09463328123 -0.9868918061
v 0.006045055576 0.00717207836 0.0296005141
vn -0.6704331636 -0.2334003597 0.7043036819
v 0.005608989391 0.006520484108 0.02893417329
vn -0.6807802916 -0.2180885673 0.6992678642
v 0.006439062767 0.00642582681 0.02959701978
vn -0.5569037199 -0.3658597469 0.7456573844
v 0.00520335231 0.005783022381 0.02837268636
vn -0.6619861722 -0.1931575686 0.7241991758
v 0.005775041878 0.01008880604 0.03054677695
vn -0.813985765 -0.2846532762 0.5063592792
v 0.01648265868 0.01057542767 0.003224558663
vn 0.1839274168 -0.03703047335 -0.9822420478
v 0.0175287053 0.01025874168 0.003542527789
vn 0.3159700632 -0.04159488901 -0.9478569627
v 0.01859470084 0.01076338813 0.003944857512
vn 0.4534544051 0.002417203737 -0.8912761807
v 0.02416465245 0.02481833659 0.02832778729
vn 0.534776628 0.2417383045 0.809676826
v 0.02956499159 0.008250785992 0.02086691931
vn 0.9658179879 -0.1864599884 0.1800787002
v 0.01219052356 -0.005427153781 0.01660071127
vn -0.06747985631 -0.8994278908 -0.4318285882
v 0.02099320851 -0.004491178785 0.01532192994
vn 0.6497557759 -0.7362791896 -0.188971892
v 0.01121231634 0.01906618476 0.03406795114
vn 0.055250898 0.1293561608 0.9900577664
v 0.01230972726 0.007621516008 0.03362958506
vn -0.3078059554 -0.3427840471 0.8875554204
v 0.01376423519 0.007797931321 0.03385811299
vn -0.1109731346 -0.2718317211 0.9559249282
v 0.006762025878 0.007718122564 0.03039469011
vn -0.5666301847 -0.3007357419 0.7671298981
v 0.006293633487 0.005790484138 0.02914502285
vn -0.51803267 -0.3691135347 0.7716199756
v 0.005639309995 -0.0008837774512 0.0227066204
vn -0.6416475177 -0.6586412191 0.3930396736
v 0.001019720803 0.02360840328 0.01800205
vn -0.9211162329 0.3346019387 -0.1989633441
v 0.001426525414 0.02414588258 0.01656717062
vn -0.9072528481 0.384788096 -0.1697952151
v 0.02841755003 0.01469605602 0.02703288198
vn 0.655489862 -0.1574676335 0.7386047244
v 0.02930990607 0.014460654 0.02606187761
vn 0.7702524662 -0.02166044712 0.6373711824
v 0.02912434936 0.01539921854 0.02624006197
vn 0.8058207035 0.05628372356 0.5894786716
v 0.02166257985 -0.002712258138 0.01208283566
vn 0.4203927815 -0.8071143031 -0.4145315588
v 0.02081718482 -0.002282634843 0.01083790604
vn 0.366453886 -0.6971866488 -0.6161512136
v 0.01437276136 0.02840815857 0.008268218488
vn 0.01713654958 0.5051410794 -0.8628666401
v 0.01423444133 0.02931496873 0.008797014132
vn 0.1082124114 0.599311471 -0.7931681871
v 0.0153999785 0.02883692645 0.008652052842
vn 0.09819543362 0.6617153883 -0.7432969809
v 0.003125159303 0.002582265763 0.02200424112
vn -0.9518290758 -0.2949556112 0.08380093426
v 0.00253053871 0.02169364877 0.01250785589
vn -0.7746765614 0.3061186969 -0.5533241034
v 0.02890278585 0.01613858901 0.02645914629
vn 0.8347919583 0.1082703844 0.5398147106
v 0.01558378153 0.004900047556 0.006173109636
vn 0.170274511 -0.07491261512 -0.9825450182
v 0.01684027724 0.005083096679 0.006408774294
vn 0.03352093324 -0.3432742059 -0.9386368394
v 0.03036370501 0.008976136334 0.01744991727
vn 0.9803466797 -0.1063849851 0.1661403477
v 0.03028495237 0.008078331128 0.01729757339
vn 0.9777321219 -0.1552985162 0.1411461532
v 0.004705387633 0.01177174784 0.02954276651
vn -0.7197247148 -0.3351852894 0.6079861522
v 0.01134739351 0.03057030588 0.01005430706
vn -0.1295939386 0.824929893 -0.5501781702
v 0.01003897097 0.03036335669 0.01027335785
vn -0.2980866134 0.8032556176 -0.5156790018
v 0.02072148211 0.01875011064 0.03153847158
vn 0.3115990758 0.5616919994 0.76642555
v 0.02037669905 0.01951103844 0.0312016625
vn 0.4675673842 0.3433126807 0.814565599
v 0.009652194567 0.01104025729 0.03294263408
vn -0.4270594716 -0.197284013 0.8824393749
v 0.009261609055 0.01204059646 0.03294144943
vn -0.392588973 -0.02712750621 0.919313848
v 0.008179347962 0.0113139879 0.03251479566
vn -0.3176774979 -0.134457469 0.9386171699
v 0.0218076203 -0.003300626995 0.0135930283
vn 0.6349852085 -0.7357426882 -0.2355345786
v 0.02586822212 0.01205272507 0.007868814282
vn 0.5083211064 0.1919718832 -0.839497745
v 0.0141776856 -0.007302689832 0.01980883256
vn -0.406300962 -0.9112017155 0.06805118918
v 0.008396967314 0.01041980553 0.03239933401
vn -0.2545721233 -0.2599773109 0.9314530492
v 0.01579468139 0.01668639109 0.03421777114
vn 0.3330815732 0.2660291493 0.9045911431
v 0.01081598643 0.01097626705 0.03372137994
vn -0.509542644 -0.1889295578 0.8394473791
v 0.03015663847 0.01210673712 0.01452936698
vn 0.9150137901 0.3218995929 -0.2431674153
v 0.0297001712 0.01272253878 0.0140235927
vn 0.8403097391 0.4078430533 -0.3571324944
v 0.005635557696 0.01184241474 0.03087683767
vn -0.7697924376 -0.1201292425 0.6268879771
v 0.00646977406 0.01248320844 0.03189419582
vn -0.5758221745 -0.0001471943251 0.8175749779
v 0.00567608187 0.01274882071 0.03101849742
vn -0.7448302507 -0.05913007259 0.6646288633
v 0.0105724195 0.006838849746 0.03178558499
vn -0.5203556418 -0.3821267188 0.7636812925
v 0.0088396715 0.01630280539 0.03345631063
vn -0.2097827494 -0.5523349643 0.8067944646
v 0.00915821176 0.0155205559 0.03285118565
vn -0.2411196828 -0.457650423 0.8558138609
v 0.009974305518 0.01606787182 0.03349839523
vn -0.2147384137 -0.4735029936 0.8542144299
v 0.007719553076 0.01416305266 0.03218292072
vn -0.2223201096 -0.04471316934 0.9739478827
v 0.008359116502 0.01478310581 0.03242073208
vn -0.2048782259 -0.2347378284 0.9502226114
v 0.004917524289 0.01262666192 0.0301245302
vn -0.7156720757 -0.1639631093 0.6789179444
v 0.01277641486 0.001669815509 0.007716536988
vn -0.1683634073 -0.6327143908 -0.7558612227
v 0.00782635808 0.01224911213 0.03251299262
vn -0.3388050795 0.02535687946 0.9405148029
v 0.02372234501 -0.002360601211 0.01318682265
vn 0.1951672882 -0.9804380536 -0.02551296912
v 0.02432739921 -0.002180719282 0.01193317305
vn 0.2188073695 -0.9559981227 -0.1954248846
v 0.01373987738 -0.005200966261 0.02465028688
vn -0.2986106575 -0.6768727899 0.6728112102
v 0.007501131855 0.01330393087 0.03224457055
vn -0.3359413743 0.1160220653 0.9347097278
v 0.009830349125 0.01687582955 0.03393537179
vn -0.06689571589 -0.4139702618 0.9078290462
v 0.007336208597 0.02265476435 0.03212670609
vn -0.1605307162 0.5814750791 0.7975692153
v 0.007056461181 0.02161336131 0.03281867504
vn -0.1156456694 0.5051627159 0.8552407026
v 0.0118601257 0.01525079925 0.03512326628
vn -0.5305514336 0.213345468 0.8203650713
v 0.0109779397 0.01522325911 0.03421963006
vn -0.7566613555 0.2316783965 0.6113826036
v 0.01122274809 0.01443035062 0.03474472091
vn -0.7075288296 0.04950031638 0.7049487233
v 0.01970062591 0.01423158124 0.005370687228
vn 0.5299511552 0.2684919536 -0.8044027686
v 0.003686316311 0.01164324209 0.0285590589
vn -0.6113615036 -0.5698111653 0.5491378307
v 0.003893632675 0.01251314674 0.02921988815
vn -0.6064186692 -0.283778131 0.7427828312
v 0.01025996823 0.01532718819 0.03322164342
vn -0.5939599872 -0.07978311181 0.8005287051
v 0.02559464425 0.01647030935 0.0295082964
vn 0.6452827454 -0.0296183899 0.763369441
v 0.02654934116 0.01626261137 0.028811967
vn 0.574775815 -0.09890063852 0.8123123646
v 0.02914102376 0.01983873732 0.0218529515
vn 0.9548466206 0.274417311 0.1138553545
v 0.01328608394 0.02023534663 0.03414084017
vn -0.1012968346 0.2438029498 0.9645200968
v 0.02946229465 0.01346961316 0.02581359446
vn 0.7682988644 -0.07912883162 0.635181427
v 0.02956383489 0.01247052848 0.02550351433
vn 0.7949972749 -0.1154138818 0.5955324769
v 0.01680448838 0.02991775051 0.02941545472
vn 0.2568315566 0.5311086774 0.8074411154
v 0.01650565304 0.02910210937 0.03005173057
vn 0.1708436757 0.5481021404 0.818777442
v 0.01768136956 0.02936686389 0.02940671705
vn 0.447861135 0.4781526029 0.7555067539
v 0.01013045758 0.007695978042 0.03188287094
vn -0.5554614067 -0.3638933301 0.7476926446
v 0.01107480843 0.007519803941 0.03284279257
vn -0.5766968131 -0.4176087081 0.7021565437
v 0.01062944531 0.008140420541 0.03269565478
vn -0.6537832022 -0.2868250906 0.7002134919
v 0.004723895807 0.02172112837 0.0319432877
vn -0.572057724 0.5005483031 0.6497702003
v 0.006767036393 0.02063951828 0.03321933001
vn -0.1733931303 0.2945682406 0.9397682548
v 0.005665920675 0.02124208398 0.03284243494
vn -0.3173053265 0.4198107719 0.8503388762
v 0.02484955639 0.0165303424 0.03023180179
vn 0.684856236 0.08791261166 0.7233555913
v 0.007754839025 0.01567755267 0.03265519068
vn -0.2292612493 -0.4315994978 0.8724455237
v 0.004258788191 0.01342145354 0.02964914031
vn -0.6264387369 -0.1704275459 0.7606109381
v 0.01473043859 0.01490934473 0.03501785174
vn 0.4626742601 0.1129012704 0.8793098927
v 0.01475994568 0.01588835754 0.0347934328
vn 0.4334098995 0.2074371129 0.8769981265
v 0.01404573303 0.01532239094 0.03537692875
vn 0.3317551017 0.1469595134 0.9318484068
v 0.01027954835 0.01977862231 0.03410018235
vn 0.06805192679 0.3369619548 0.9390556812
v 0.008835220709 0.0194073543 0.03423783183
vn -0.1988934875 0.2345002145 0.9515519142
v 0.0227272585 0.0200955458 0.0303722322
vn 0.08226967603 0.2368126065 0.9680658579
v 0.01356706116 0.03481257334 0.01876282133
vn -0.292511791 0.9529240131 0.07982900739
v 0.004680775572 0.01737532392 0.0324831754
vn -0.4038794935 -0.2991268039 0.8645256162
v 0.004080402199 0.01508669555 0.03033563495
vn -0.6392472386 -0.4747931957 0.604925096
v 0.01551228575 -0.001635622582 0.009778833017
vn -0.3054258227 -0.5893172622 -0.7479439974
v 0.01507440768 -0.0007563264808 0.009320328943
vn -0.2279013246 -0.5470614433 -0.8054717779
v 0.0162193533 -0.0007758646389 0.008951226249
vn -0.2494626939 -0.4309748113 -0.8671960831
v 0.002330266638 0.0186169669 0.02871543355
vn -0.9166278243 -0.03277847171 0.3983955681
v 0.002744044876 0.01884883828 0.02996305935
vn -0.9378865957 0.04158507288 0.3444408178
v 0.002465021797 0.01932445914 0.02914903127
vn -0.9230815172 -0.01497680508 0.3843126595
v 0.006340233143 0.01535721868 0.03219438717
vn -0.3322755694 -0.3521736264 0.874966681
v 0.005360500421 0.01592526771 0.03208297119
vn -0.3749748766 -0.4688305557 0.7997447848
v 0.006518800277 0.01963572018 0.03330461681
vn -0.2415477037 0.0590245761 0.9685921669
v 0.00783140026 0.02003630064 0.03365660831
vn -0.2763905525 0.2860894799 0.9174754024
v 0.01229197625 0.01441947743 0.03547272086
vn -0.3335167766 0.02884921618 0.9423026443
v 0.005143851973 0.0191993881 0.03307477012
vn -0.3613879681 -0.01707085036 0.9322592616
v 0.005389093421 0.02022080682 0.03305386752
vn -0.3601030409 0.1970565915 0.9118632078
v 0.004336726386 0.02078062855 0.03219317272
vn -0.6608632803 0.3389555216 0.6696035266
v 0.004480848089 0.01656141877 0.03202808648
vn -0.4873579144 -0.4462813437 0.7505432963
v 0.002989509841 0.01674494147 0.03007246554
vn -0.8930060267 -0.2840230167 0.3491004705
v 0.02569675073 -0.001710892422 0.01212315261
vn 0.5006926656 -0.8466500044 -0.1802516431
v 0.002853317652 0.0197202377 0.03003749251
vn -0.9088954926 0.09502354264 0.4060535133
v 0.02854442596 0.002710100496 0.0202189032
vn 0.9612956047 -0.1738906503 0.2137120366
v 0.006593019236 0.01627120562 0.03258223832
vn -0.2796966434 -0.3644599617 0.8882222176
v 0.003915321548 0.004464537371 0.02654660493
vn -0.8795309663 -0.08229481429 0.4686714113
v 0.0002019339154 0.02335944399 0.02552713454
vn -0.9691687822 0.03910402581 0.2432750463
v 0.0038799576 0.01717099175 0.03186300769
vn -0.6740815639 -0.3125191033 0.6692875624
v 0.02456079237 0.03067911416 0.02040601894
vn 0.6145023704 0.7646817565 -0.1940326691
v 0.01091078389 0.03202368692 0.01264842879
vn -0.1694066525 0.8155465722 -0.5533400178
v 0.01015774067 0.03251639009 0.01362536941
vn -0.1282550842 0.822042644 -0.5547941923
v 0.005592640955 0.01681059413 0.03255985677
vn -0.2593633831 -0.356669724 0.8975061774
v 0.00994345732 0.03130857274 0.01195654646
vn -0.2458302826 0.8124552965 -0.528662324
v 0.01072217524 0.03097930551 0.01096912567
vn -0.203564018 0.8500741124 -0.485732168
v 0.009637759998 0.03071852401 0.01114406809
vn -0.3232601881 0.8099021912 -0.4894499779
v 0.01141292974 0.00937149208 0.004995616153
vn -0.3014710546 -0.5553100109 -0.7750780582
v 0.009185727686 0.02042799629 0.03384788334
vn -0.07318697125 0.4717573822 0.8786857724
v 0.008136907592 0.02101366222 0.03327970952
vn -0.1405818462 0.4691179693 0.8718744516
v 0.02563648485 0.01553746685 0.02927157842
vn 0.6698215604 -0.2308745235 0.7057166696
v 0.012739853 -0.003391599515 0.02652364783
vn -0.1263639778 -0.8123185039 0.5693600178
v 0.01158803795 -0.003547817003 0.02571279928
vn -0.2859738469 -0.8364306092 0.4675497413
v 0.009433337487 0.01015477721 0.032561481
vn -0.3666721582 -0.2940062582 0.8826731443
v 0.009470183402 0.006200389005 0.03107604198
vn -0.4057916403 -0.2043890357 0.8908188939
v 0.008228466846 0.006466733757 0.03064195625
vn -0.3929101527 -0.3135817349 0.8644582629
v 0.01310587302 0.01487385482 0.004149557557
vn -0.2120959163 0.2029830664 -0.9559357762
v 0.01270849351 0.01393552311 0.004002655391
vn -0.2080046982 0.2944109142 -0.9327680469
v 0.02152352966 -0.003981467802 0.02248564735
vn 0.5790970922 -0.6563860774 0.4835327268
v -0.000370087364 0.01567357033 0.01465797424
vn -0.8798827529 -0.02276323736 -0.4746452868
v 0.01962856017 -0.002452224726 0.0254530739
vn 0.3132751882 -0.6709055901 0.6721192598
v 0.02419759892 0.01706279814 0.03070219234
vn 0.6166536212 0.2272365093 0.7537253499
v 0.0246219486 0.01803871244 0.03004181944
vn 0.57646209 0.1724779904 0.7987132072
v 0.02358927019 0.01790744625 0.03080751933
vn 0.4770727754 0.3353667259 0.8123611808
v 0.006054192781 0.01000604499 0.008489581756
vn -0.6540330052 -0.1924723536 -0.731570363
v 0.01810675673 0.01663457602 0.00512589002
vn 0.475589484 0.2064810395 -0.8550907969
v 0.01704883017 0.01676044613 0.00469395984
vn 0.2414062917 0.3007892668 -0.9226314425
v 0.0009393615182 0.0202628877 0.02660361864
vn -0.8701180816 -0.03234488145 0.4917808175
v 0.02521903999 0.01631628536 0.008576410823
vn 0.6068796515 0.06995755434 -0.7917089462
v 0.01557934377 0.02191687934 0.006313120481
vn 0.03469404206 0.3439683914 -0.9383400679
v 0.01545709185 0.02097054385 0.005947180558
vn 0.08611415327 0.3012627065 -0.9496447444
v 0.0144388238 0.0213595517 0.005994879641
vn 0.0965840295 0.3578353524 -0.9287762642
v 0.01353695057 -4.394702046e-05 0.009154976346
vn -0.2171028554 -0.6594229341 -0.7197414637
v 0.02912444063 0.003164939582 0.01314389333
vn 0.9641358852 -0.1851189286 -0.1901919395
v 0.02894409001 0.002360954182 0.01297670603
vn 0.956195116 -0.2373117954 -0.1713883281
v 0.01495841891 0.009443249553 0.03461189941
vn -0.05292582139 -0.4968760014 0.8662061691
v 0.01749147661 0.01256405748 0.003475242993
vn 0.2995427847 0.07032653689 -0.951487422
v 0.01728289016 0.0118095018 0.003437115345
vn 0.2808359563 -0.00831325911 -0.9597197771
v 0.01675176993 -0.005953345913 0.01530076191
vn 0.1204877645 -0.8063798547 -0.5789941549
v 0.02876202017 0.001643460593 0.01350308489
vn 0.9247690439 -0.3757979274 -0.05981728807
v 0.02836480737 0.0008260041941 0.01412293408
vn 0.8382530212 -0.5439261198 0.03842108324
v 0.002158103744 0.008351483382 0.01203837432
vn -0.7529906034 -0.3783742487 -0.5383660793
v 0.003008500906 0.008406198584 0.0109768752
vn -0.6915261149 -0.2922961414 -0.6605713964
v 0.002796767978 0.007716573775 0.01162475348
vn -0.7516564131 -0.3630988896 -0.5506103635
v 0.00290857954 0.01161826681 0.02733126469
vn -0.6643707156 -0.6780475974 0.314424932
v 0.02303400077 0.00843898952 0.03231826425
vn 0.3142666519 -0.3204282224 0.8936231136
v 0.003517902223 0.01436717156 0.02931341529
vn -0.6320024133 -0.1955650896 0.7498847842
v 0.003074025037 0.01329454314 0.02884813584
vn -0.5881395936 -0.2171483785 0.7790625095
v 0.003189555136 0.01113653556 0.02639442682
vn -0.6994526982 -0.6397696733 0.3185289204
v 0.001755529898 0.0217607487 0.01350971218
vn -0.8147751093 0.2744252086 -0.510717392
v 0.001952687046 0.0211204458 0.01293795835
vn -0.771494329 0.2945033014 -0.5639718771
v 0.001303416328 0.02088777721 0.01375455502
vn -0.8405518532 0.284457773 -0.4610383213
v 0.002851643134 0.01236002054 0.02827245928
vn -0.664935112 -0.4713402987 0.5793959498
v 0.01797851175 0.01326539833 0.03431873024
vn 0.1562697589 -0.02872302011 0.9872967005
v 0.006587267388 -0.001498036436 0.02308462933
vn -0.6450525522 -0.6092096567 0.4612708986
v 0.01148616895 0.02689212933 0.0314309299
vn 0.1791317761 0.224612996 0.957841754
v 0.009240270592 0.0006113407435 0.02865309082
vn -0.3906473517 -0.4315608442 0.8131112456
v 0.02448725142 0.0112448493 0.03091688454
vn 0.7980921865 0.2480988503 0.5490863323
v 0.01531516574 0.004713912494 0.03239149973
vn 0.07343702763 -0.5342863202 0.8421075344
v 0.01475145016 0.003998522647 0.03191931546
vn -0.02365229838 -0.4708392322 0.8819019198
v 0.005680703558 0.02564721741 0.00938868057
vn -0.8298333883 0.3027090132 -0.4687683582
v 0.007076921873 0.006825218908 0.03022399358
vn -0.4798690379 -0.3550086915 0.802305758
v 0.01145402156 0.03154570982 0.01173640322
vn -0.1397160888 0.851046443 -0.5061614513
v 0.009870410897 0.009388560429 0.03252345324
vn -0.4652348161 -0.3367617428 0.8186257482
v 0.008571964689 0.009588486515 0.03212786838
vn -0.240427658 -0.395036757 0.8866456747
v 0.0207467787 0.03035991639 0.01437629852
vn 0.7441054583 0.4969979525 -0.4464303553
v 0.01974257454 0.03075845726 0.01318473276
vn 0.6456088424 0.5991847515 -0.4734626114
v 0.02416561358 0.02255500481 0.01051729079
vn 0.4903306663 0.4518528581 -0.7452548742
v 0.02401079983 0.02170284651 0.009917833842
vn 0.3775647581 0.488705188 -0.786518991
v 0.02305913903 0.02224699594 0.009763184935
vn 0.5521403551 0.2456691563 -0.7967356443
v 0.0209598951 -0.003614660352 0.01256375667
vn 0.600823462 -0.6891326308 -0.4051016867
v 0.02961063385 0.01059671212 0.02470114641
vn 0.8448650241 -0.3252364099 0.4247639179
v 0.02893358096 0.01077409554 0.02589951456
vn 0.7738004923 -0.2103675157 0.5974766016
v 0.03101013787 0.01522370055 0.02072984166
vn 0.9716776013 0.233559072 -0.03595564142
v 0.03117343411 0.01424751058 0.02092851698
vn 0.995693922 0.0894529447 0.02432619222
v 0.03067462333 0.01611111499 0.02036439627
vn 0.9276049137 0.3529621959 -0.1223390549
v 0.03084138781 0.01587478071 0.02179929614
vn 0.9602768421 0.2752022147 0.04617488012
v 0.0304600969 0.01323378645 0.01694898494
vn 0.9666280746 0.08144629002 -0.2428923994
v 0.03073942289 0.01266399398 0.01805802248
vn 0.9772865772 -0.04129990563 -0.2078587562
v 0.02034637891 0.03231807798 0.02530662529
vn 0.2358521521 0.7376394272 0.6326625347
v 0.02149922773 0.03231584281 0.02485669218
vn 0.3884592652 0.7197322249 0.5753997564
v 0.02083914913 0.03298592567 0.02436184511
vn 0.2676541507 0.7953613997 0.5438395739
v 0.02026633173 0.01798948832 0.03228961304
vn 0.1867588907 0.5968983173 0.7802778482
v 0.0248764623 0.02962186188 0.01828310825
vn 0.5730884671 0.7177068591 -0.3955584168
v 0.02911434695 0.00244301185 0.01411810517
vn 0.955201745 -0.286719799 -0.07335811853
v 0.007519072853 0.009015669115 0.03158935532
vn -0.3624988496 -0.4869525135 0.7946520448
v 0.02090309002 -0.004970826674 0.01653647609
vn 0.6225233674 -0.7281696796 -0.2867639959
v 0.02890002914 0.003907062113 0.0118081132
vn 0.9111270905 -0.1982664466 -0.3613001704
v 0.01259389892 0.01930328831 0.03418850526
vn -0.1224649623 0.1059465259 0.9868017435
v 0.0142456824 0.004532310646 0.03223267943
vn -0.05529695377 -0.5777564645 0.8143339157
v 0.01427789405 0.02043207362 0.005684453528
vn 0.1097797304 0.3190312684 -0.9413647056
v 0.02406316623 0.01889370941 0.03028693236
vn 0.4197928607 0.141507566 0.8965207934
v 0.006639770232 0.003961155191 0.01069409307
vn -0.6464148164 -0.6096079946 -0.4588311017
v 0.0187817663 0.01704568975 0.03323346376
vn 0.06896918267 0.6956915259 0.7150220871
v 0.01808885671 0.01745534316 0.03284809366
vn 0.205059737 0.5816161633 0.7871931791
v 0.01793108135 0.01660762541 0.03376839682
vn 0.08271414042 0.5874519348 0.8050208688
v 0.01861617528 0.03281360865 0.01415998209
vn 0.429087162 0.6531020999 -0.6239725947
v 0.01892001554 0.03346342593 0.01504778862
vn 0.4200192094 0.7181218863 -0.5548736453
v 0.01960104145 0.03282897547 0.01488724444
vn 0.5703877211 0.589885056 -0.5715710521
v 0.01729766466 -0.007689970545 0.01831596717
vn 0.2270083427 -0.9496186972 -0.2160823196
v 0.02332508378 0.03071889468 0.01805991121
vn 0.584164083 0.6792899966 -0.444204241
v 0.0157844685 0.00642819237 0.03328058124
vn 0.2508333325 -0.3907873631 0.8856454492
v 0.009151836857 0.02548626997 0.03165788949
vn 0.002984031569 -0.1211002991 0.9926357865
v 0.0251397863 0.02277710102 0.01139338221
vn 0.5809750557 0.5072473288 -0.6365281343
v 0.01360534504 0.006408564281 0.005755347665
vn -0.005918868817 -0.3184663057 -0.9479156733
v 0.006758072879 0.03286084905 0.01898187026
vn -0.2467420101 0.9293167591 -0.2747520506
v 0.007964056917 0.03299919516 0.01909024455
vn -0.184251368 0.9652112126 -0.1855228096
v 0.003862514859 0.03039009497 0.01798076555
vn -0.6553928852 0.6620417833 -0.3635393381
v 0.007670491934 0.03278534859 0.01788287051
vn -0.3503792882 0.9357621074 -0.03979418054
v 0.008102547377 0.03327265382 0.01693266444
vn -0.3198622465 0.9439411759 0.08162816614
v 0.007360922173 0.03270271048 0.01664864644
vn -0.5426850319 0.8396121264 -0.02333300188
v 0.01751965284 0.01110311039 0.003526844317
vn 0.3195089102 -0.007956174202 -0.9475498796
v 0.01641908661 0.01137408428 0.00322355167
vn 0.180642128 0.01997999847 -0.9833459258
v 0.0281717144 0.02130606398 0.02389899828
vn 0.9216017127 0.3077276051 0.2365459055
v 0.008997509256 0.03338226303 0.01978308521
vn -0.1737968475 0.9545986652 -0.2419421673
v 0.008693951182 0.03313630819 0.01819749549
vn -0.227082476 0.9734707475 0.02807598002
v 0.007933932357 0.03309408203 0.01580970548
vn -0.4590162933 0.8744098544 -0.1571986079
v 0.002176494105 0.0208965335 0.02875379473
vn -0.8148758411 -0.0393159762 0.5783006549
v 0.002826638753 0.02135442384 0.02961716428
vn -0.7953490019 0.1249508709 0.5931334496
v 0.01325021777 -0.006776933558 0.0203144215
vn -0.4413025081 -0.8963336945 0.04287254065
v 0.01341165416 -0.006707364228 0.02190231904
vn -0.4002822638 -0.8931960464 0.2048778087
v 0.01240288652 -0.006348257419 0.02094519325
vn -0.4773066044 -0.8725375533 0.1041953787
v 0.007968768477 0.005179892294 0.008545450866
vn -0.5621043444 -0.2447207719 -0.7900319099
v 0.007129399106 0.004478042945 0.009517912753
vn -0.6544725299 -0.4055117071 -0.6381425858
v 0.006815650966 0.00539466599 0.009363898076
vn -0.6046110392 -0.286118865 -0.7433582544
v 0.009384366684 -0.002460767515 0.01324195322
vn -0.3216459751 -0.3046730757 -0.8965033293
v 0.00831090752 -0.002937823767 0.01409102604
vn -0.5749201179 -0.4982867241 -0.6489816904
v 0.02010068484 0.02409898303 0.03064707108
vn 0.5325037837 0.2386662662 0.8120825887
v 0.003233022755 0.02206558548 0.02990621515
vn -0.7210031152 0.2481973171 0.6469563842
v 0.001650444348 0.01858987659 0.02762639895
vn -0.7787141204 -0.05126558989 0.6252808571
v 0.02814194188 0.01071284525 0.009334322996
vn 0.7138237953 0.2271750271 -0.6624553204
v 0.02715237066 0.0110041732 0.008525337093
vn 0.6109873652 0.2127778679 -0.762509048
v 0.002021342749 0.01939212717 0.02818138525
vn -0.8440308571 -0.08062779158 0.5301991105
v 0.001225940883 0.0193946436 0.02717078477
vn -0.8046780825 0.02105777711 0.5933378339
v 0.002352188108 0.02003182657 0.02896168828
vn -0.8752305508 -0.04359423369 0.4817374945
v 0.00163999456 0.02021406591 0.02786264569
vn -0.8349734545 -0.121784389 0.5366450548
v 0.01411314867 0.02490005083 0.006953777745
vn 0.1716247797 0.1721514016 -0.9700045586
v 0.01892217621 0.02864988521 0.00892275013
vn 0.2547952533 0.777310133 -0.575211525
v 0.02011985518 0.02861955576 0.009863263927
vn 0.5545046329 0.7089682221 -0.4357621074
v 0.001183082233 0.02121880092 0.02751141042
vn -0.8411077857 -0.135237813 0.5236873627
v 0.01445875689 0.007989314385 0.004407980945
vn -0.2835097611 -0.61338377 -0.7371448874
v 0.002162362915 0.02777212858 0.01784756966
vn -0.8026233912 0.2302639484 -0.5502492189
v 0.03092087992 0.01159924921 0.02014222182
vn 0.9646613002 -0.2525359392 -0.07519435883
v 0.0309073776 0.01214402914 0.01915910654
vn 0.9747722149 -0.1613730341 -0.1542008072
v 0.03111933172 0.01240292098 0.02052809671
vn 0.9902380705 -0.137376681 -0.02358376235
v 0.0001464941161 0.02414372936 0.02494921722
vn -0.9787227511 0.1463558674 0.1438113153
v 0.01285880804 0.03458325565 0.02254747413
vn -0.0557757616 0.9972721934 -0.04834536836
v 0.01971697807 0.03015595302 0.01217364799
vn 0.5835303068 0.701577723 -0.4090001285
v 0.02016155422 0.02964216471 0.01194218639
vn 0.6338309646 0.6892004013 -0.3510855734
v 0.003885326209 0.004410880152 0.01317394152
vn -0.7060799599 -0.6520151496 -0.276274085
v 0.008595795371 0.03381641209 0.02099031955
vn -0.2005761862 0.9301182628 -0.3076510429
v 0.0017493458 0.0233618971 0.01438628044
vn -0.8583683968 0.2986030877 -0.4171808958
v 0.002361782128 0.02337991819 0.01342258137
vn -0.7461264729 0.3006452024 -0.5940603614
v 0.02589787729 0.02737105824 0.01635042578
vn 0.5819926262 0.6050257683 -0.5433492064
v 0.02457532659 0.02710731886 0.01519635599
vn 0.4916443825 0.5717322826 -0.6568165421
v 0.02460843697 0.02791944891 0.01588601246
vn 0.4826904833 0.604931891 -0.6332987547
v 0.03022600338 0.0100101158 0.01942385919
vn 0.9441605806 -0.3274603486 0.03647574037
v 0.02770083398 0.0001684673916 0.01607335731
vn 0.7513486147 -0.6564961076 -0.06699317694
v 0.01489822194 -0.005405395757 0.02479616925
vn -0.0928761065 -0.6326215267 0.7688719034
v 0.0152105419 -0.006148436572 0.02416623756
vn -0.09850210696 -0.7379723787 0.6676032543
v 0.01610618085 -0.005469257478 0.02472420409
vn 0.08714848012 -0.5881927609 0.8040114641
v 0.02794054337 0.007847366855 0.008479124866
vn 0.6755742431 -0.04201768339 -0.7360936999
v 0.01036178879 -0.002023507841 0.01297703199
vn -0.1786033064 -0.2130956054 -0.96056813
v 0.003076360561 0.0287270993 0.01701441407
vn -0.7837786674 0.4597626626 -0.417503655
v 0.009501881897 0.03399675712 0.02596609108
vn -0.01216992643 0.9565390944 0.2913500667
v 0.008428887464 0.03300227225 0.01479572617
vn -0.300540626 0.8853080273 -0.3548309803
v 0.007377144415 0.03165500239 0.0136110438
vn -0.5677922964 0.6017128825 -0.5617414713
v 0.02780089527 0.02658977732 0.02078538947
vn 0.8229176402 0.5645871758 0.06362307072
v 0.02825561911 0.02597329393 0.02000586502
vn 0.8117747307 0.583946228 -0.005347026978
v 0.02773392387 0.0265898481 0.01942159235
vn 0.7727462649 0.6251384616 -0.1098411605
v 0.009454932064 0.03339533508 0.01708383113
vn -0.1419935524 0.9881144166 0.05888754874
v 0.01071985066 0.03364736587 0.01723203249
vn -0.2415405065 0.9703809619 -0.004359381739
v 0.01030156389 0.002887024311 0.0305767525
vn -0.3627263904 -0.4255841374 0.8290402293
v 0.009670347907 0.03310487419 0.01465935167
vn -0.08422794193 0.9192507863 -0.3845564127
v 0.009006700478 0.03341852874 0.01573693939
vn -0.1333108544 0.9818730354 -0.1347351521
v 0.01032144576 -1.107163098e-05 0.02874651924
vn -0.3109442294 -0.399422884 0.8624239564
v 0.00775798969 0.02997570112 0.01164411381
vn -0.5627680421 0.6449443102 -0.5170482993
v 0.008844471537 0.03012855351 0.01080938336
vn -0.446503222 0.7341180444 -0.5115717053
v 0.003701170441 0.02866931073 0.01549093891
vn -0.7428475022 0.5068336129 -0.4373754263
v 0.003171598539 0.02826675028 0.01613652892
vn -0.8619938493 0.3768841624 -0.3390057683
v 0.02998381108 0.01037289295 0.01232770085
vn 0.9411919713 0.09012349695 -0.3256308138
v 0.02958296239 0.01083373837 0.01149310358
vn 0.8753280044 0.2464141697 -0.4160299897
v 0.03001285717 0.01109935343 0.01280069537
vn 0.9117262959 0.2788606882 -0.3016486168
v 0.01178310532 -0.005974377505 0.01873957738
vn -0.3983608782 -0.9111135006 -0.1057394966
v 0.01643402502 0.01766377501 0.004916762002
vn 0.1133632809 0.3377039433 -0.9344007969
v 0.01501229964 0.01725136675 0.004642461427
vn 0.1024894938 0.3228214681 -0.9408943653
v 0.01523881964 0.01820322312 0.005061718635
vn 0.1189069971 0.3587026894 -0.9258474708
v 0.02008563466 0.009438211098 0.03312832862
vn 0.08472940326 -0.4213220775 0.9029444456
v 0.02487754636 0.00037072337 0.009056695737
vn 0.4036470056 -0.6128829122 -0.6792964339
v 0.007042365149 0.03076752461 0.01323359553
vn -0.6613576412 0.5113067031 -0.5487909317
v 0.02748056874 0.006830818485 0.00830326695
vn 0.5800876021 -0.3266394138 -0.746193707
v 0.01846007816 0.0118411677 0.003883806989
vn 0.4768835306 0.0308866892 -0.8784236312
v 0.03007537127 0.009579432197 0.01259969734
vn 0.9526833296 -0.07698039711 -0.2940551639
v 0.01000014506 0.03337239474 0.0185628105
vn -0.2196695209 0.9747081995 -0.04110040143
v 0.006520481315 0.009107329883 0.008324992843
vn -0.6684257388 -0.2633907497 -0.6955806017
v 0.007038349286 0.00843172241 0.008093185723
vn -0.6780053973 -0.3423625827 -0.6504586935
v 0.00612530252 0.008310550824 0.008995611221
vn -0.538238585 -0.3002572358 -0.7874927521
v 0.02640833519 0.006069183815 0.008070442826
vn 0.4878227115 -0.4184652865 -0.7661042809
v 0.0001087421842 0.02427091822 0.02334723249
vn -0.9649758339 0.2622026205 0.00844827015
v -8.24161034e-05 0.0232659895 0.02398470417
vn -0.9757074714 0.1670330763 0.1417564452
v 0.01282784343 0.03161603957 0.01162899844
vn -0.03884340078 0.8572981954 -0.5133526921
v 0.01898686588 -0.00398009643 0.01136779971
vn 0.185539037 -0.7810727358 -0.5962387323
v 0.01904390194 -0.004701768048 0.01235011313
vn 0.1366745979 -0.876901269 -0.4608299732
v 0.02242192812 0.006568835117 0.03174833581
vn 0.3784587681 -0.1535374075 0.9127953053
v 0.0244928021 0.002454169793 0.0285744369
vn 0.6558367014 -0.5015476942 0.5642057657
v -0.0009255576297 0.01685585082 0.0163145382
vn -0.978854537 0.08809235692 -0.1846172214
v 0.0004326057388 0.02280458622 0.01901926659
vn -0.8996358514 0.2833383381 -0.3322269022
v 0.01394265983 -0.004742564633 0.01526254229
vn -0.396802485 -0.6986410618 -0.5953557491
v 0.01861874387 -0.007005457301 0.01799383759
vn 0.4164023697 -0.8436737657 -0.3388563991
v 0.01957432553 -0.006776700728 0.01894964278
vn 0.5260586739 -0.8380374908 -0.1447600275
v 0.01840098575 -0.007477271371 0.01934977807
vn 0.3620194197 -0.9293923378 -0.07191577554
v 0.02742534131 0.00582452165 0.008955628611
vn 0.5508162379 -0.4514718056 -0.7019791007
v 0.002249748213 0.02424028888 0.01405765675
vn -0.7755984068 0.407679975 -0.4819171429
v 0.001537400647 0.02373427898 0.01531726867
vn -0.8934572339 0.360227704 -0.2682726681
v 0.01875138097 0.02629461139 0.03011927754
vn 0.599604547 0.5343639851 0.5957596302
v 0.02791704424 0.01642432436 0.01261499338
vn 0.8963283896 0.07888771594 -0.4363165498
v 0.02801281773 0.01714107022 0.01297148224
vn 0.9076582193 0.1171774641 -0.4030210972
v 0.02847749554 0.01664348319 0.01380106434
vn 0.8854729533 0.1858387738 -0.4259126782
v 0.01778170653 -0.00606182823 0.02376616187
vn 0.3347337544 -0.6749010086 0.6576183438
v 0.01840386167 -0.006518637296 0.02288583107
vn 0.4462989867 -0.7372884154 0.5071716309
v 0.02626912296 0.00215399079 0.02618665807
vn 0.7773180008 -0.3716290295 0.5076106787
v 0.0261018686 0.0112711871 0.00786758773
vn 0.489310503 0.1759106368 -0.8541842103
v 0.0002592784294 0.02446057834 0.02179682069
vn -0.9209436774 0.3652460277 -0.1358604729
v -0.0001543052203 0.02361214906 0.02231280506
vn -0.9400449991 0.3410312235 0.003616823582
v 0.02168832533 -0.004551426042 0.02138111927
vn 0.6486578584 -0.6718121171 0.357647121
v 0.02640943229 0.02231947333 0.01252788212
vn 0.7309362292 0.3891191781 -0.5606411099
v 0.02582773194 0.0227969829 0.01217279397
vn 0.6707997322 0.4763356745 -0.5684470534
v 0.006876024418 0.02994995005 0.0127154151
vn -0.6792340875 0.5446112156 -0.4919752777
v 0.01797192357 0.03021609224 0.02866608649
vn 0.441290766 0.494764775 0.7486456037
v 0.03032356501 0.0103362659 0.01343853679
vn 0.9711663723 0.06212624535 -0.2301655412
v 0.02837990411 0.01749750786 0.01396941021
vn 0.9205690622 0.1692494154 -0.352004528
v 0.002628543647 0.02693960629 0.01656691171
vn -0.8924958706 0.2931898832 -0.3427692652
v 0.002810679143 0.02778293937 0.01676979475
vn -0.8762180209 0.2843295932 -0.3890998065
v 0.01733466238 -0.005461104214 0.02446245588
vn 0.2565374672 -0.5790409446 0.7738863826
v 0.01833253168 -0.005378785077 0.02407176048
vn 0.4258075356 -0.5787249207 0.6955325007
v 0.02325302176 0.006121783517 0.0311951898
vn 0.5238783956 -0.1959847659 0.8289399147
v 0.02353980578 0.00700485101 0.0314690955
vn 0.4292066991 -0.3743711114 0.8219658732
v 0.008367848583 0.03411167115 0.02229068056
vn -0.284135282 0.9443660378 -0.1656499952
v 0.01932894625 -0.006969571579 0.02028684318
vn 0.5371741056 -0.835981071 0.1121587828
v 0.01569236442 0.01550096273 0.03440530226
vn 0.3215044141 0.126624167 0.9384035468
v 0.02805404365 0.002505194396 0.02199058607
vn 0.9112360477 -0.311755538 0.2691789567
v 0.02843962796 0.003409078578 0.02150788903
vn 0.9473787546 -0.2478338182 0.2026126087
v 0.01037204545 0.03370287642 0.02006752975
vn -0.1835222989 0.9631832838 -0.1964624524
v 0.007588310167 0.01904420182 0.03371458128
vn -0.397012651 0.05053764954 0.9164206982
v 0.03056525812 0.01049863826 0.01690744609
vn 0.9968596101 -0.04928158969 0.06198553741
v 0.0125928903 0.02504696697 0.006386193912
vn 0.3149223924 0.2864655554 -0.9048543572
v 0.02935606241 0.006485141814 0.02092699148
vn 0.973164618 -0.1663164198 0.159026742
v 0.02946451865 0.006125072483 0.01975207776
vn 0.9607416391 -0.2355971336 0.1465246081
v 0.02964533865 0.006965490058 0.01968433708
vn 0.9737216234 -0.1474574208 0.1735583097
v 0.02757349797 0.01301211212 0.02715373971
vn 0.4800865948 -0.0771484077 0.8738220334
v 0.0003419129353 0.01856517605 0.01409519278
vn -0.8198664784 0.2601299584 -0.5100502968
v 0.02542857826 0.02340061776 0.01226881333
vn 0.604914844 0.5548544526 -0.5711519718
v 0.02152558975 0.01810518838 0.03171489015
vn 0.3335033357 0.5763472319 0.7460559011
v 0.000149158659 0.02070936933 0.01755158976
vn -0.9011214972 0.3973222375 -0.1735370308
v 0.009993767366 0.0248621311 0.03154943883
vn 0.01038719062 0.02564256266 0.999617219
v -0.0009493969264 0.01540573873 0.01603730209
vn -0.9537912011 0.0590300411 -0.2946147025
v -0.0003710971214 0.01991517283 0.0184121374
vn -0.9339080453 0.3180248737 -0.1633276939
v 0.00744827278 -0.002194347326 0.02359432541
vn -0.7034429908 -0.542217195 0.4595306814
v 0.0004054589663 0.01942088827 0.01450875681
vn -0.8522986174 0.3176104724 -0.4155847728
v -0.0007613274502 0.01831053197 0.01682637818
vn -0.959215045 0.2537730336 -0.1245220527
v 0.0008767358377 0.01918637566 0.01359031163
vn -0.8056113124 0.2376949042 -0.5426707864
v 0.02735026926 0.000525139505 0.01060912944
vn 0.6039715409 -0.5792530775 -0.5474342108
v 0.01422660425 0.004734264221 0.006003781222
vn 0.0340343304 -0.06870930642 -0.9970560074
v -0.0007353749243 0.01625786908 0.01546648704
vn -0.9461932778 0.03344525397 -0.3218690753
v 0.02362950519 0.01431798935 0.03155718371
vn 0.7078767419 0.001071290928 0.706335187
v 0.01403331384 -0.005928118248 0.02403606288
vn -0.2838435173 -0.7329474688 0.618240118
v 0.01428634208 -0.006587357726 0.02321122028
vn -0.2735205889 -0.8560156822 0.4386611283
v 0.0309731774 0.01178104244 0.02157213911
vn 0.9739692807 -0.2016381472 0.1035657004
v 0.02392800152 0.030779697 0.0191403646
vn 0.6137107611 0.7223083973 -0.3187940419
v 0.01544648409 0.02804916725 0.007997639477
vn -0.06451737881 0.5932408571 -0.8024355173
v 0.02179617807 0.03290180862 0.02371099778
vn 0.4982656538 0.779035449 0.3805720508
v 0.0195368249 0.01008577552 0.03346338868
vn 0.1317314059 -0.3350018859 0.9329633117
v 0.01382981986 0.03457461298 0.02032949962
vn -0.1113446727 0.986841619 0.1172431558
v 0.009614839219 0.03386488929 0.02081985958
vn -0.08530914783 0.9404738545 -0.3289852142
v 0.01175041869 0.006831257138 0.03282155469
vn -0.4707352221 -0.5091081262 0.720567286
v 0.007261994295 0.009090432897 0.007477529347
vn -0.7112769485 -0.2963182032 -0.6374014616
v 0.01916416176 0.02351337858 0.03145514801
vn 0.5568583608 0.2323033959 0.7974609137
v 0.0202554334 0.02314903773 0.03071901016
vn 0.5803548098 0.1125597432 0.8065473437
v 0.00227177795 0.01993365586 0.01181387249
vn -0.827027142 0.2494949251 -0.5037642717
v 0.001755230594 0.02037122659 0.01282612048
vn -0.7991120219 0.26796785 -0.5381572247
v 0.002471226966 0.02085702121 0.01208229735
vn -0.8014271259 0.3185497224 -0.5062021017
v 0.003220560029 0.02769721672 0.0155028021
vn -0.8565410972 0.3226393163 -0.4027917683
v 0.01196636166 0.02858789451 0.008152558468
vn 0.116999507 0.5220375657 -0.8448596597
v 0.01269983593 0.02934175357 0.008718751371
vn 0.05982045457 0.5904442668 -0.8048583865
v 0.01321797166 0.02859006263 0.008334352635
vn 0.07448148727 0.4709011614 -0.8790361881
v 0.01651474275 0.02849358879 0.008373960853
vn 0.03502005711 0.7481637001 -0.6625893712
v 0.001530642621 0.01946146227 0.01277260855
vn -0.8120179772 0.2104623467 -0.5443642139
v 0.003159693908 0.02149714157 0.01132650953
vn -0.7960827351 0.3492203653 -0.4942645133
v 0.01872534119 0.02714964375 0.02938060462
vn 0.6119713187 0.377571851 0.6949321032
v 0.01959420182 0.02660650387 0.02917960286
vn 0.2985371649 0.5490155816 0.780677557
v 0.00300343195 0.02055339888 0.01092269178
vn -0.7940792441 0.303373456 -0.5266903043
v 0.002858380089 0.01956822723 0.01060985308
vn -0.8002748489 0.2238608897 -0.5562791228
v 0.02180141956 0.01083505992 0.0332718417
vn 0.3223992884 -0.06403747201 0.9444352388
v 0.01796060055 0.02590078861 0.03140133247
vn 0.5680373311 0.3816996813 0.7291357517
v 0.01800904609 0.02692914568 0.03063565679
vn 0.6601449251 0.4508324564 0.6007984877
v 0.001946672215 0.02465329506 0.01533298939
vn -0.8560289741 0.4394051433 -0.2722819746
v 0.002470410429 0.02558206394 0.01535130944
vn -0.8304011226 0.4447906017 -0.335552305
v 0.002624114044 0.02513701655 0.01439025812
vn -0.7516651154 0.4914717674 -0.43983531
v 0.001065117656 0.01995630935 0.0136813568
vn -0.8279345036 0.2694877982 -0.4918341041
v 0.0006638717605 0.02039253153 0.01478208043
vn -0.8804283738 0.3216480613 -0.3484083712
v 0.03038055822 0.01120236143 0.01428623032
vn 0.9610728025 0.2034054995 -0.1869899035
v 0.02982873283 0.008529026993 0.01959613897
vn 0.9722377062 -0.1589525789 0.1717206091
v 0.02967166901 0.0144652864 0.01509878784
vn 0.8852267861 0.179338038 -0.4291985631
v 0.02909748815 0.01512621343 0.0143171791
vn 0.8472389579 0.1746566892 -0.5016783476
v 0.02921549976 0.005291088484 0.01980776899
vn 0.9452008605 -0.2947049141 0.1405146718
v 0.02915457077 0.005652694497 0.02103535272
vn 0.9553180933 -0.2616105378 0.1375763118
v 0.0006078079459 0.02157565393 0.01677645743
vn -0.9382430315 0.3079610765 -0.1576706767
v 0.003209696384 0.02417398244 0.01294605713
vn -0.7264040112 0.3606080115 -0.5850632787
v 0.02404973842 0.004452129826 0.03019750491
vn 0.6821111441 -0.2108795792 0.7001815438
v 0.0247359369 0.004253401421 0.02944822237
vn 0.70613271 -0.267882973 0.6554504633
v 0.02043955214 0.02639420144 0.008072854951
vn 0.6059210896 0.362755537 -0.7080028653
v 0.01435542107 0.01086952537 0.03517451137
vn -0.2590955198 -0.2224769592 0.9398795366
v 0.01545996312 -0.007694259752 0.01991694979
vn -0.1751113832 -0.9790437222 0.1039684191
v 0.0190143697 0.001920783077 0.03044442832
vn 0.2992471457 -0.4904946089 0.8184535503
v 0.01911661215 0.002871397184 0.0309481509
vn 0.1907846183 -0.473405689 0.8599350452
v 0.01792917773 0.002173081506 0.03097973578
vn 0.1791362464 -0.4211668074 0.8891168237
v 0.02039536647 0.006679941434 0.03220503777
vn -0.01524575707 -0.05099434778 0.9985825419
v 0.02156661823 0.00711486768 0.0321040377
vn 0.1648576707 -0.1797205955 0.9698053598
v 0.008985792287 0.00132391206 0.009839047678
vn -0.6187544465 -0.6698259115 -0.4104585648
v 0.01017909311 0.001021071454 0.008954748511
vn -0.3673239648 -0.7451082468 -0.5566747785
v 0.009615861811 0.0006367484457 0.01049438771
vn -0.4734486938 -0.8150818944 -0.3338978887
v 0.02079357766 0.02794233151 0.009872097522
vn 0.6891055703 0.5959367752 -0.4123019874
v 0.01861402765 0.01571728289 0.005215289071
vn 0.50585109 0.2807270885 -0.8156635165
v 0.0174355302 0.01592245884 0.0045554596
vn 0.380430758 0.3148828745 -0.8695523143
v 0.01822041161 -0.004724409431 0.02459543012
vn 0.3728470504 -0.5139861703 0.7725304365
v 0.01701178961 -0.004677772522 0.02507683076
vn 0.2143934816 -0.503392458 0.8370373249
v 0.01143942494 0.03380658105 0.01886185631
vn -0.3133407831 0.9485012889 -0.04650609568
v 0.01250753645 0.03429275006 0.01836505719
vn -0.4239746928 0.9053655267 -0.02363661677
v 0.01194284204 0.03398403898 0.01723384485
vn -0.3232821524 0.9435072541 -0.07268218696
v 0.002930192975 0.02657862008 0.01537874248
vn -0.8619388342 0.3220794499 -0.3915689886
v 0.02741952427 0.02333848551 0.02500760742
vn 0.8988998532 0.1938887984 0.3929200768
v 0.02902815863 0.01422295719 0.0139069017
vn 0.8250603676 0.2217377424 -0.519718945
v 0.02784433588 0.01903459802 0.01309165079
vn 0.899274826 0.1286552846 -0.4180342555
v 0.02829438634 0.01933514699 0.01428099722
vn 0.9529415369 0.09202848375 -0.2888480723
v 0.02831089683 0.01841703244 0.01409508009
vn 0.9428036213 0.1060745716 -0.3160213232
v 0.009535891004 0.0342182219 0.02183239348
vn -0.07433386892 0.9675292969 -0.2415812165
v 0.02048177272 0.001651154947 0.007651988883
vn 0.1178446263 -0.4354756773 -0.8924536705
v 0.01937709935 0.002436503069 0.007076262962
vn 0.01047670841 -0.4678143859 -0.8837646246
v 0.02099817619 0.002684640465 0.007339739706
vn 0.2201993912 -0.3951378167 -0.8918398619
v 0.02562535368 0.02655439824 0.01539291348
vn 0.493077606 0.575412333 -0.6525144577
v 0.009304597974 0.000278286403 0.01189009566
vn -0.4786938727 -0.7545300126 -0.4489283264
v 0.008365950547 0.0005904369755 0.01250678673
vn -0.591493845 -0.5662238002 -0.5740432739
v 0.02811567672 0.02601946145 0.01885727979
vn 0.7872005105 0.5955709815 -0.1600329578
v 0.03070427664 0.01197988447 0.02300586365
vn 0.9459617138 -0.1636973023 0.2799277902
v 0.02482985891 0.002928366885 0.007491616067
vn 0.3676815629 -0.1446532905 -0.9186325073
v 0.02344619483 0.002439100761 0.007391182706
vn -0.03379763663 -0.2327388823 -0.9719518423
v 0.02367911674 0.003496308578 0.007251155563
vn 0.04913485423 -0.1093819588 -0.9927846193
v 0.02632782981 0.01755172759 0.00958449766
vn 0.7764803171 0.06105036288 -0.6271771789
v 0.01968874782 0.01084792707 0.03366101161
vn 0.1502274424 -0.2316347659 0.9611332417
v 0.01673533954 0.03388432413 0.01439210307
vn 0.1946681589 0.8231244087 -0.5334514976
v 0.01690073498 0.03315041959 0.01350562461
vn 0.2570941746 0.7324538827 -0.6304077506
v 0.01583570801 0.03320896626 0.01327835023
vn 0.02990734391 0.7460021973 -0.6652715802
v 0.01969568804 0.01333090197 0.005019295029
vn 0.6187461019 0.1995057911 -0.7598359585
v 0.02062770166 0.01278954465 0.005732829683
vn 0.5978947282 0.07293783128 -0.7982493043
v 0.009898477234 0.00848836638 0.03210258856
vn -0.5150295496 -0.3655033112 0.7753398418
v 0.02837252803 0.0009629394626 0.01690324955
vn 0.8646726608 -0.4994042218 -0.05419097468
v 0.02867359482 0.01274262369 0.02648356557
vn 0.6268354654 -0.09382184595 0.7734822035
v 0.02850937471 0.01372952107 0.02676443383
vn 0.5995073318 -0.1349838972 0.7889044881
v 0.02106209099 0.03164285421 0.02580364607
vn 0.2997948527 0.66945678 0.679669559
v 0.0192004852 -0.004849169869 0.0238673538
vn 0.5133983493 -0.56664294 0.6444671154
v 0.01665699668 0.01420287881 0.003659460228
vn 0.1057868078 0.3072515428 -0.9457302094
v 0.01766304858 0.01350756176 0.003645163961
vn 0.3271033466 0.2180758268 -0.9194815755
v 0.02963477932 0.0114987921 0.02516868711
vn 0.8293209672 -0.1927699 0.5244678855
v 0.01475469768 0.03426207975 0.02538668551
vn 0.1415691525 0.9738572836 0.1776517332
v 0.02772522159 0.0001236959506 0.01468507014
vn 0.7274870872 -0.6816772223 0.07796620578
v 0.02693330497 -0.0005140121793 0.01508241333
vn 0.6495255232 -0.7601200938 0.01827694289
v 0.03118874133 0.01329249423 0.02082121745
vn 0.9991107583 -0.03785428777 0.01856614277
v 0.01152967755 0.008310568519 0.03345637769
vn -0.4581727684 -0.2117408514 0.8632748723
v 0.02942628786 0.01890527084 0.02041662484
vn 0.9576750398 0.2767124474 -0.07930179685
v 0.003604791593 0.02968756668 0.01715285145
vn -0.7535208464 0.5544102192 -0.3533209562
v 0.004078919068 0.0295210015 0.0159733966
vn -0.688051641 0.5824904442 -0.4327699244
v 0.01388669293 0.03218661249 0.01251388807
vn -0.05581431836 0.8046409488 -0.5911325812
v 0.01516035572 0.03254116327 0.01273232885
vn -0.06959616393 0.7038719058 -0.7069092393
v 0.01520870719 0.03188580275 0.01207242161
vn 0.03658334538 0.7418856025 -0.6695277095
v 0.01400691364 0.01372423023 0.003708938835
vn -0.1438738406 0.2778325081 -0.9497944117
v 0.02057414874 0.01077595167 0.005399425048
vn 0.6581352353 0.04665675014 -0.7514526844
v 0.02138629742 0.01035830379 0.006094951183
vn 0.5735419393 0.04608248174 -0.8178789616
v 0.02143280953 0.002718933858 0.03062275611
vn 0.06377579272 -0.574354589 0.8161185384
v 0.02184580453 0.003617837559 0.03124802746
vn 0.1821017116 -0.5298846364 0.8282881379
v 0.02090266161 0.00415273523 0.03166741505
vn 0.01772077195 -0.4863674045 0.8735746741
v 0.01717752405 0.02530318685 0.006676199846
vn -0.02286041528 0.09663898498 -0.9950569272
v 0.02100183442 0.002029968658 0.03015289083
vn 0.01717185229 -0.5615674257 0.8272528052
v 0.02316771448 0.004190852866 0.03098118864
vn 0.5313161612 -0.3340841234 0.7785184383
v 0.02380200848 -0.002886003116 0.01947611943
vn 0.5914104581 -0.8063411713 -0.006898718886
v 0.02294128388 -0.003656671382 0.01924181916
vn 0.7136117816 -0.6984987259 -0.0534574613
v 0.02327994257 -0.00307974522 0.01803617738
vn 0.6008397937 -0.7787983418 -0.1801794767
v 0.02262447774 0.01049952768 0.006744083483
vn 0.3085334599 0.08593630046 -0.9473236203
v 0.02152870782 0.01122015063 0.006309943274
vn 0.5287194848 0.08135113865 -0.844889164
v 0.01244646311 0.0008197568823 0.02994121984
vn -0.2492495477 -0.5329345465 0.8086132407
v 0.02496130578 0.02033589408 0.009361927398
vn 0.4849940538 0.5079370141 -0.7118853331
v 0.02507406473 0.02120122686 0.01013490278
vn 0.5440923572 0.5102404356 -0.666046679
v 0.0259372592 0.02053905651 0.01060584839
vn 0.7291052341 0.4328857064 -0.5301089883
v 0.01289052889 0.03113647364 0.02959122509
vn -0.010422552 0.3618546426 0.9321762919
v 0.02555172145 0.01458391268 0.02890848741
vn 0.7023392916 -0.2737518251 0.6570993066
v 0.02650073171 0.01526950113 0.02853109501
vn 0.5279889107 -0.322599411 0.7855936289
v 0.01520293485 0.003273369744 0.03160277009
vn 0.007902348414 -0.4005171359 0.9162551761
v 0.01554081403 0.002508826554 0.03126363084
vn 0.0250229463 -0.4022273421 0.9151977897
v 0.02485173009 -0.002213856205 0.01962168142
vn 0.5262402892 -0.8457335234 0.08835104108
v 0.0201861579 0.002427733503 0.03039253131
vn 0.1141513884 -0.5658997893 0.8165334463
v 0.0138480626 0.003291472327 0.0315573588
vn -0.09117631614 -0.3888452351 0.9167803526
v 0.01353722066 0.001195693971 0.03047161736
vn -0.144277662 -0.54459548 0.8261959553
v 0.01800156385 0.02112172917 0.006454812363
vn 0.3276171088 0.1547241956 -0.9320554733
v 0.01888971962 0.02184562944 0.006839693524
vn 0.3943503499 -0.03414070606 -0.9183257818
v 0.01302747708 0.00688776793 0.03347391635
vn -0.2597863972 -0.3983921707 0.8796560168
v 0.02092441544 0.0158336889 0.03336522728
vn 0.4961740375 0.2367138416 0.8353310227
v 0.02025052346 0.01644938625 0.03346221521
vn 0.3145127296 0.4733317196 0.8228237033
v 0.02261113748 0.02843347192 0.01477085054
vn 0.6105774045 0.6275689602 -0.4830656648
v 0.02180310525 0.02873903327 0.01390673965
vn 0.6950458884 0.6287552118 -0.3486806154
v 0.01526827645 0.009933515452 0.003163586371
vn -0.06252333522 -0.2158238292 -0.9744284749
v 0.0206144657 0.01425969135 0.03376216069
vn 0.5143341422 0.02018305101 0.8573523164
v 0.02145385183 0.01438811608 0.03321069479
vn 0.5569414496 0.06169022247 0.8282575607
v 0.01230982505 0.03216615692 0.01257604733
vn -0.06708659232 0.8320055008 -0.5506961346
v 0.02299118042 0.02490728162 0.02899858169
vn 0.4732275605 0.1190497652 0.8728590012
v 0.01152704749 0.03272595629 0.02804066613
vn -0.01156581473 0.8357834816 0.5489373207
v 0.0134698255 0.004025691189 0.03183103353
vn -0.1267766058 -0.4664189219 0.8754319549
v 0.01217097137 0.00419507781 0.03165017441
vn -0.2265708745 -0.3883662224 0.8932173848
v 0.02879998647 0.007188170217 0.02436566539
vn 0.9399483204 -0.1544606388 0.3043665886
v 0.01684070006 0.006026998628 0.03269665316
vn 0.3318217993 -0.3566891551 0.8733081818
v 0.02185164578 0.008078726009 0.0324335359
vn 0.1204521284 -0.3727298081 0.9200890064
v 0.01661233231 0.005095451605 0.0323603563
vn 0.2296719104 -0.4145908356 0.8805482984
v 0.02229103632 -0.003874374321 0.02152143978
vn 0.6570065618 -0.6807820797 0.323848933
v 0.0224119518 -0.00415710127 0.02034812421
vn 0.7390282154 -0.6588203907 0.14068757
v 0.02762470767 0.02052529715 0.01321326196
vn 0.8383461833 0.2435609102 -0.4877025187
v 0.0279191602 0.0197944399 0.01343304198
vn 0.8894257545 0.1553412229 -0.4298731685
v 0.02731530368 0.01976407878 0.01243519504
vn 0.8431719542 0.2369996458 -0.4825891256
v 0.01891103573 0.01398607623 0.03442890197
vn 0.116912581 -0.1091623828 0.9871246219
v 0.01985265687 0.01457572728 0.03418596089
vn 0.3952755928 0.04685752466 0.9173666835
v 0.02258192934 0.01460001245 0.03239774704
vn 0.5926429033 0.05937309563 0.8032740951
v 0.02196454629 0.01360912528 0.03290346637
vn 0.5541098714 0.06751958281 0.829700768
v 0.03103204072 0.01265729032 0.02197798342
vn 0.9817686677 -0.09873065352 0.1624269187
v 0.02213061042 0.03157326207 0.02522977442
vn 0.481056124 0.6549460292 0.5827784538
v 0.01970199682 0.03299508989 0.02466171049
vn 0.2222313285 0.7960418463 0.5629659295
v 0.02076486871 0.03375247121 0.02267324366
vn 0.3243232369 0.9216296077 0.2131038755
v 0.02170786634 0.03341755271 0.0222967416
vn 0.5007944107 0.8582208157 0.1125254855
v 0.0207457561 0.033891242 0.02152271755
vn 0.3907028735 0.9197576642 0.03737764806
v 0.01749476418 0.03496127576 0.01924988441
vn 0.05876302347 0.9916065931 0.115166083
v 0.01740144007 0.03497173637 0.01749972254
vn 0.13229087 0.9846205115 -0.1141121984
v 0.0160857141 -0.003251874587 0.01135221403
vn -0.3260216415 -0.7809633613 -0.5327345729
v 0.01989698969 -0.002695428208 0.01057664305
vn 0.4613599777 -0.5938052535 -0.6591982245
v 0.02160217613 0.0008981940337 0.008154406212
vn -0.004549660254 -0.4408932626 -0.8975480199
v 0.02191732265 8.151061775e-05 0.008568751626
vn -0.07344678789 -0.5776789784 -0.8129529953
v 0.02072490379 -5.655357199e-06 0.008761090226
vn 0.06927193701 -0.5839457512 -0.8088317513
v 0.01411674172 -0.0006327052834 0.009469631128
vn -0.2424189597 -0.5991064906 -0.7630887628
v 0.01471815258 -1.967839307e-05 0.008874706924
vn -0.155599162 -0.5960880518 -0.7876979113
v 0.01913622208 0.003296452807 0.006637768354
vn -0.1174273342 -0.4457472563 -0.8874233365
v 0.01821909286 0.002984802006 0.007101714145
vn -0.1401922107 -0.3935089707 -0.9085685611
v 0.01718568429 0.00577748986 0.005934040993
vn -0.1204809025 -0.602689147 -0.7888283134
v 0.01619917899 0.003305617487 0.006623141002
vn 0.3445997238 -0.2877755165 -0.8935526013
v 0.01345227007 0.008744482882 0.004295007791
vn -0.3965862095 -0.5186313391 -0.7574568987
v 0.01378265768 0.009632446803 0.003607094521
vn -0.3251160979 -0.3882314265 -0.8623084426
v 0.01718873344 -0.003506962676 0.01097167656
vn -0.2815138996 -0.7812244296 -0.5571698546
v 0.01650249772 -0.004061276559 0.01226368453
vn -0.3265408278 -0.7857200503 -0.5253713727
v 0.01874408871 -0.006326946896 0.01694396697
vn 0.3720802367 -0.8033207059 -0.4650076926
v 0.0142381601 -0.001374978921 0.009986909106
vn -0.2814033329 -0.6090748906 -0.741511941
v 0.01708243601 0.03061141632 0.02882166393
vn 0.3255597055 0.5382175446 0.7773883939
v 0.02414791845 -0.002185095334 0.01445947215
vn 0.262152493 -0.9639408588 0.04576176405
v 0.02326349914 -0.002440671436 0.01544467639
vn 0.4402405918 -0.8916945457 -0.1052095219
v 0.0210698545 -0.0006892797537 0.0277865231
vn 0.1687156111 -0.8264992833 0.5370605588
v 0.01985161938 -0.001097633154 0.02727298252
vn 0.1047644019 -0.8461828232 0.522493124
v 0.02103743888 -0.001290096785 0.02670616657
vn 0.2120896578 -0.8703429103 0.4444335401
v 0.02417773753 -0.002521811053 0.02079888061
vn 0.5839066505 -0.7989287972 0.1441035569
v 0.02499573305 -0.00187874469 0.02073302865
vn 0.6078499556 -0.7720338702 0.1856935322
v 0.0274418965 0.0001551184832 0.02055770345
vn 0.7290795445 -0.5840054154 0.3569043577
v 0.02683509514 0.002816310618 0.02552220598
vn 0.8754643798 -0.2357215434 0.4218975008
v 0.02803873643 0.01102088764 0.02686432935
vn 0.6699637771 -0.03646337613 0.7414978147
v 0.026018098 0.01156657375 0.02850918286
vn 0.7220334411 0.2338426411 0.6511415839
v 0.02574411593 0.01256825682 0.02847596444
vn 0.7393164039 0.1410479099 0.6584199071
v 0.02647072263 0.01330699679 0.02770813182
vn 0.5658647418 -0.07686333358 0.8209074736
v 0.02435291 0.01407683361 0.03063260205
vn 0.8223059773 -0.06511797756 0.5653074384
v 0.02110972069 0.01657382399 0.03294436634
vn 0.4471447468 0.3919209242 0.8040270805
v 0.02180487104 0.01620968431 0.03266689181
vn 0.5166625381 0.2611340284 0.815394938
v 0.02838056907 0.01562080067 0.02726121992
vn 0.7311396599 -0.06786048412 0.6788443923
v 0.0283004716 0.02016273327 0.02572838217
vn 0.8889601231 0.3311208189 0.3163999617
v 0.02702661417 0.02424399368 0.02543740533
vn 0.8449332714 0.2688181698 0.4624116719
v 0.02345124446 0.02920404822 0.02623307519
vn 0.4715332687 0.4885283709 0.7341637611
v 0.0245062653 0.02884114347 0.02574413083
vn 0.5894716978 0.4479452074 0.6722114682
v 0.02625547536 0.007822795771 0.02901076898
vn 0.820389688 -0.1124637946 0.5606359243
v 0.02703592367 0.007905582897 0.02783996426
vn 0.8332971931 -0.1047043353 0.5428193212
v 0.02159803174 0.01191625465 0.03331819549
vn 0.4056682885 0.05494022369 0.9123677015
v 0.02003908344 0.03208783641 0.01475153584
vn 0.6779233217 0.4576063454 -0.5753402114
v 0.01923321187 0.03231838346 0.01415634435
vn 0.5460264683 0.5504255891 -0.6315748692
v 0.0251204744 0.02897412889 0.01754583232
vn 0.5866320133 0.6691349149 -0.4562032223
v 0.02416437306 0.02959637716 0.01740601286
vn 0.5159938931 0.6921343207 -0.5046784878
v 0.02121737041 0.02953656763 0.01414343156
vn 0.7134410739 0.593754828 -0.3720981777
v 0.02205581963 0.024447456 0.008863232099
vn 0.7809774876 0.1764960438 -0.5991020799
v 0.02216855995 0.02519650012 0.009347997606
vn 0.7833979726 0.3045030534 -0.5418168902
v 0.02291378379 0.02455430478 0.01022944413
vn 0.813249588 0.2735075653 -0.513632834
v 0.02869582735 0.01784111746 0.01522428263
vn 0.9378567338 0.2286470979 -0.261046499
v 0.01954437979 0.004047118127 0.006239803042
vn 0.00734996004 -0.3594927788 -0.9331189394
v 0.02022685669 0.003367945319 0.006716025528
vn 0.2256000489 -0.4528691173 -0.8625625372
v 0.02457576245 0.001866684295 0.007737751585
vn 0.2863635719 -0.4038220346 -0.8688634634
v 0.02062932961 0.006866355427 0.00596754672
vn 0.424842 -0.1359770596 -0.8949969411
v 0.0217748601 0.007133557461 0.006440783385
vn 0.3153983355 -0.009087826125 -0.9489158392
v 0.02377092652 0.004518874455 0.007201209199
vn 0.1763022095 -0.1064427942 -0.9785639644
v 0.02282028832 0.004839591216 0.006995788775
vn 0.2155431658 -0.2570077479 -0.9420658946
v 0.02576878853 0.005445202347 0.007930770516
vn 0.5486569405 -0.2504550517 -0.7976514697
v 0.0216207467 0.01225370541 0.006450291257
vn 0.4832628071 -0.01089715958 -0.875407517
v 0.0228996072 0.01279664319 0.006873013452
vn 0.3200502694 -0.09816167504 -0.9423015118
v 0.01525659859 0.01350885164 0.003477043007
vn -0.05704223365 0.264780879 -0.9626200199
v 0.01651251875 0.01527167484 0.004033393692
vn 0.1328284293 0.3372331858 -0.9320034385
v 0.01648839377 0.02678021602 0.007051590364
vn -0.0794448331 0.3895015121 -0.9175931215
v 0.01657219045 0.02768537402 0.007546854205
vn -0.03116060421 0.601577282 -0.7982065678
v 0.01791598834 0.02716092393 0.007271304261
vn 0.1298748255 0.5153764486 -0.8470653296
v 0.01525807381 0.01909386739 0.005410456564
vn 0.1175610945 0.323069185 -0.9390450716
v 0.01642763428 0.018726293 0.005305796862
vn 0.08218739182 0.3449307084 -0.9350230098
v 0.01908723079 0.01667833142 0.005764069036
vn 0.4547364116 0.1854858845 -0.871096909
v 0.01922280155 0.02351623774 0.006898086984
vn 0.2938768864 0.03008975461 -0.9553695321
v 0.01930493675 0.02439420298 0.006985691376
vn 0.314563632 0.08539147675 -0.9453877807
v 0.02038864046 0.02398870885 0.00736972969
vn 0.4605047703 0.05823780596 -0.8857446909
v 0.02035431005 0.02308448032 0.007328215521
vn 0.479052037 -0.07548604161 -0.8745347261
v 0.01863193884 0.01957512833 0.006310925353
vn 0.457967788 0.3334105909 -0.8240770102
v 0.01888489351 0.0203886237 0.006758891046
vn 0.4861598313 0.2085808069 -0.8486121893
v 0.01966361701 0.01972782612 0.007052656729
vn 0.4901969731 0.339535147 -0.8027594686
v 0.02200997993 0.01685175113 0.006475937087
vn 0.3740257025 0.2680564523 -0.8878347278
v 0.02128808759 0.0173785463 0.006467620842
vn 0.225609377 0.3497761786 -0.9092618227
v 0.02261624299 0.0176158119 0.007109321654
vn 0.4407928884 0.3291163743 -0.8350952268
v 0.02227908932 0.02028712071 0.008528385311
vn 0.2820261717 0.454786092 -0.844766736
v 0.02158786729 0.02122732438 0.008527417667
vn 0.5137150884 0.1307428777 -0.8479405046
v 0.0227503702 0.02134763263 0.009276937693
vn 0.4011310339 0.366692692 -0.8394226432
v 0.02459972538 0.01784030721 0.008297275752
vn 0.4731271863 0.0940637067 -0.8759581447
v 0.02370370924 0.01816686429 0.007919438183
vn 0.4286302626 0.2358729988 -0.8721467853
v 0.02469343133 0.01862454601 0.008444093168
vn 0.4376728833 0.2061495483 -0.8751827478
v 0.02870302647 0.003653886029 0.0200139042
vn 0.9689308405 -0.1837171763 0.1655930877
v 0.02686098404 0.004344891291 0.009085820056
vn 0.6588551998 -0.02539695427 -0.7518409491
v 0.02961234748 0.004962288309 0.01374622714
vn 0.9701991081 -0.2208085358 -0.09978608042
v 0.02981668338 0.005816798192 0.01393179223
vn 0.9781329036 -0.194856897 -0.0727108568
v 0.02997121401 0.006274639163 0.01498364843
vn 0.9785212874 -0.2039682418 -0.02988349646
v 0.03006254695 0.009134963155 0.01879341342
vn 0.9678165913 -0.1866496354 0.1687984467
v 0.03056307137 0.01015004702 0.01476876345
vn 0.9945004582 0.01640200242 -0.1034399644
v 0.03039652668 0.009429574944 0.01392580941
vn 0.9771034122 -0.1012035161 -0.1871543527
v 0.02669984847 0.02659889311 0.01650294848
vn 0.6620922089 0.5898187757 -0.462328583
v 0.02736475691 0.02590502053 0.01666528732
vn 0.7215049863 0.5664188862 -0.3982463777
v 0.02351089753 0.0286032781 0.01578754373
vn 0.4913717806 0.6234309673 -0.6081838608
v 0.02415733226 0.02904828638 0.01671532728
vn 0.4822907448 0.6613140106 -0.5745079517
v 0.02462251857 0.02855172195 0.01652701013
vn 0.4951092601 0.6427155137 -0.5846226215
v 0.02676640078 0.02060525492 0.01201176457
vn 0.7941547632 0.3216482997 -0.5156166553
v 0.02911411785 0.02092353068 0.01870861836
vn 0.9877957702 0.004985669628 -0.1556749195
v 0.02913289517 0.02179238014 0.01877456903
vn 0.9915992022 -0.02101591974 -0.1276297271
v 0.02857332118 0.01877350546 0.01533996593
vn 0.970610857 0.1180540547 -0.2097087651
v 0.02912841365 0.01602575183 0.014731884
vn 0.8719643354 0.2539714575 -0.4185411632
v 0.02926046774 0.01972103305 0.02033174224
vn 0.9899334908 0.1414673477 -0.004325290676
v 0.03097705171 0.01479985099 0.02237488329
vn 0.9816818237 0.1048319414 0.1590946168
v 0.0302325096 0.0122078564 0.02433248051
vn 0.8928092122 -0.1438000798 0.4268644154
v 0.03070005774 0.01292564627 0.02336263284
vn 0.9457889199 -0.0933310762 0.3110830188
v 0.03105390631 0.01363826729 0.0222478006
vn 0.9835758209 -0.01426440943 0.1799309105
v 0.02073472179 0.01496922597 0.0336195305
vn 0.5192788243 0.1181867793 0.846393168
v 0.0294701606 0.01717760973 0.0249120146
vn 0.8648322225 0.3044865131 0.3991906345
v 0.03004284762 0.01666841283 0.02418033779
vn 0.8739254475 0.3091793358 0.3750499487
v 0.03071592003 0.01143651642 0.01898456365
vn 0.9655054808 -0.2332797498 -0.1156706437
v 0.02315210551 0.005205997266 0.03124753945
vn 0.594663918 -0.1404700577 0.7916078568
v 0.01662460156 0.02587473951 0.03207341582
vn 0.231668219 0.357901901 0.904564023
v 0.02976602502 0.01680457033 0.01768404059
vn 0.8892909884 0.4034027159 -0.2154711187
v 0.02978179045 0.01739928871 0.01902043074
vn 0.8958268762 0.3999706805 -0.1936946511
v 0.03027462028 0.01640911773 0.01903739572
vn 0.89281708 0.4013158977 -0.2045070976
v 0.0303018149 0.01683578081 0.02005591057
vn 0.891022265 0.4212397635 -0.1692228466
v 0.03023672663 0.01584915258 0.01791434549
vn 0.9102652073 0.3423407376 -0.2328519672
v 0.02330146171 0.01715804636 0.03134882078
vn 0.5327541828 0.3357825875 0.7768030763
v 0.02420906909 0.02489571273 0.01260181237
vn 0.649559021 0.5730909109 -0.4996397495
v 0.03006648272 0.01752606966 0.02062276565
vn 0.8931276798 0.4328078926 -0.1224753708
v 0.02957982011 0.01826092042 0.01984924823
vn 0.9252648354 0.3513987958 -0.1428422779
v 0.01916361041 0.017777564 0.03249876946
vn 0.07908385247 0.5817495584 0.8095141649
v 0.02928123996 0.01910191774 0.0192574542
vn 0.9773250222 0.1704663187 -0.1256066263
v 0.02493122779 0.01481738128 0.02990236506
vn 0.8037484884 -0.1749987304 0.5686508417
v 0.02853965387 0.02183715813 0.02257999778
vn 0.933793366 0.1149467081 0.3388468027
v 0.02913656086 0.02058614977 0.0209585242
vn 0.9850646257 0.1055637524 0.1360294521
v 0.01691172272 0.02338969335 0.006622304209
vn -0.04647187144 0.1057207137 -0.9933093786
v 0.0157320369 0.02283958904 0.006646959577
vn -0.05071071535 0.2714541554 -0.9611144662
v 0.003736478277 0.001244010404 0.0225749258
vn -0.8651764989 -0.4926127195 0.0938205719
v 0.02915831469 0.02002190426 0.01887618192
vn 0.9887433648 0.05135726929 -0.1405312568
v 0.02921678126 0.0204964634 0.01973725297
vn 0.9991256595 0.03632980958 -0.02068995871
v 0.02901448868 0.02148837782 0.02127690241
vn 0.9728438258 0.06703423709 0.2215429246
v 0.02920402773 0.02123662271 0.01990707032
vn 0.9993772507 0.02325529605 0.02653800882
v 0.02918741293 0.02208924294 0.02009837516
vn 0.9973037243 -0.004560695495 0.07324229181
v 0.02895320579 0.02242517099 0.02139633894
vn 0.9625295997 0.0178406965 0.270589143
v 0.02919036336 0.02292894386 0.02021498047
vn 0.9942932129 0.01288792584 0.1059007272
v 0.02918994054 0.0226162523 0.01896215603
vn 0.9953847528 -0.009779747576 -0.09546496719
v 0.02849196084 0.02282334678 0.02258758247
vn 0.9259968996 0.03525285423 0.3758816123
v 0.02803583071 0.02226343378 0.02371235751
vn 0.9355403185 0.1276342869 0.3293536007
v 0.02894316614 0.023370713 0.02138818242
vn 0.9587616324 0.05695550516 0.2784459591
v 0.02845132351 0.0238107387 0.02259537019
vn 0.916962862 0.1113046855 0.3831323683
v 0.02797631919 0.02318838984 0.02374618314
vn 0.9162769318 0.08198542148 0.3920649588
v 0.02767581493 0.02260638401 0.0246737916
vn 0.9310852885 0.1859590113 0.3138461411
v 0.02738902532 0.02586876042 0.02347734757
vn 0.8287875056 0.4073572755 0.3836291134
v 0.0269112587 0.02678578347 0.02349878661
vn 0.8452450633 0.3938737214 0.361142993
v 0.02756191045 0.0264985878 0.02225115523
vn 0.8453830481 0.4667930901 0.2596760988
v 0.01501496509 0.03448089957 0.02089069039
vn 0.04222602397 0.9814616442 0.1869493127
v 0.007594743278 2.26406064e-05 0.01337927766
vn -0.5838407874 -0.2997487485 -0.7545068264
v 0.007775079925 -0.0007011002745 0.0134681752
vn -0.5156558752 -0.2590591311 -0.8166929483
v 0.02845378965 0.01578368619 0.01347653754
vn 0.8596749902 0.1304495037 -0.49390468
v 0.02819376811 0.02019503899 0.01432027668
vn 0.937666595 0.1545404792 -0.3112853467
v 0.0271581132 0.02258384228 0.01371834334
vn 0.7758332491 0.3528324664 -0.5230602622
v 0.02784815431 0.02515844814 0.01661839522
vn 0.7949084044 0.4546290934 -0.4017872214
v 0.02809687145 0.02562158369 0.01780014299
vn 0.8016029 0.5201689005 -0.2947154045
v 0.02598910592 0.01916952617 0.02904196456
vn 0.6298613548 0.01220949553 0.7766116261
v 0.02512678131 0.0195896253 0.02970358729
vn 0.5342713594 0.01638656482 0.8451541662
v 0.02510074899 0.01879736967 0.02964113466
vn 0.5557526946 0.003165158909 0.8313416243
v 0.01256921887 0.02786187828 0.00789937377
vn 0.1751374751 0.4803289473 -0.8594247699
v 0.01138691977 0.02784129791 0.007579491474
vn 0.07944852859 0.5227093697 -0.848800838
v 0.02700457163 0.0274517592 0.02240855433
vn 0.8791708946 0.426568687 0.2123622894
v 0.02733773179 0.02718368173 0.02135658264
vn 0.8476281762 0.5224785805 0.09242659062
v 0.02653119527 0.0276860185 0.0235648416
vn 0.8773163557 0.3384791911 0.3402173221
v 0.02662344277 0.0283400137 0.02246558852
vn 0.9009013772 0.3998236358 0.1688719243
v 0.02617477626 0.02851407975 0.02369365282
vn 0.856795013 0.381677717 0.3467339575
v 0.02506818436 0.02952434868 0.02467688359
vn 0.6706083417 0.5170118809 0.5319616199
v 0.02686673962 0.01467615739 0.01018015109
vn 0.8452794552 0.2094846219 -0.4915473461
v 0.0271492023 0.01545433141 0.01087330654
vn 0.8875344396 0.06437657028 -0.4562217593
v 0.02759921551 0.01456474047 0.01163654774
vn 0.8822014332 0.1905299574 -0.4306029975
v 0.02791232057 0.01296395808 0.01066125836
vn 0.7665791512 0.495133847 -0.4088995755
v 0.02833584696 0.01486745849 0.01309941243
vn 0.848115623 0.1453983784 -0.5094695091
v 0.02776082978 0.0155611923 0.01221129764
vn 0.8893323541 0.07687599212 -0.4507527947
v 0.02735623717 0.0162677858 0.0113726696
vn 0.9058873653 0.03259507939 -0.4222625792
v 0.02053985745 0.003265466075 0.03100777045
vn 0.04009113461 -0.5769113898 0.8158222437
v 0.028714424 0.01232806593 0.01131996885
vn 0.7658089399 0.5202417374 -0.3780016005
v 0.02901621163 0.01333517954 0.01340038143
vn 0.7936233282 0.4098309577 -0.4496671855
v 0.006824877113 0.01072129793 0.007469933946
vn -0.7396390438 -0.234210521 -0.6309354305
v 0.01622552052 0.03468217701 0.0200719703
vn -0.04176046699 0.9690000415 0.2435055822
v 0.03043820523 0.0117605608 0.0155581655
vn 0.975679934 0.1832209527 -0.1203275472
v 0.03009598516 0.008647792041 0.01311211288
vn 0.9603074789 -0.1364346445 -0.2433004677
v 0.01337810606 0.03374360129 0.01484982762
vn -0.2431572974 0.8583447933 -0.4517950416
v 0.02828183025 0.009778439067 0.009192099795
vn 0.7359871268 0.1733587831 -0.6544231772
v 0.02739058062 0.009307999164 0.008246029727
vn 0.6310876608 0.1855460405 -0.7531938553
v 0.03059287556 0.01078751124 0.01573215798
vn 0.996519506 0.07023832202 -0.04489320517
v 0.03058318794 0.009755173698 0.01624619216
vn 0.9965993166 -0.06419684738 0.05165839195
v 0.03038968146 0.009855330922 0.01779173687
vn 0.9795267582 -0.1505142152 0.1336893737
v 0.01847973838 0.03459024429 0.01670130342
vn 0.2839434147 0.9146097898 -0.2878630459
v 0.02983964607 0.005792919081 0.01620894298
vn 0.9690976739 -0.2377656102 0.06570567191
v 0.03053662926 0.009304140694 0.01511783712
vn 0.9917018414 -0.1107286364 -0.06531917304
v 0.030480152 0.008720188402 0.01610661484
vn 0.9897992611 -0.1395142227 0.02886538394
v 0.03034846485 0.008423713967 0.01464477926
vn 0.9796850681 -0.1639702171 -0.1154596731
v 0.03031741828 0.007754699793 0.01601271704
vn 0.9814437628 -0.1916964799 0.004533554427
v 0.03016121872 0.007294464856 0.01483446825
vn 0.9802559018 -0.1822143197 -0.0767871663
v 0.03008992225 0.006770763081 0.01607908309
vn 0.972896874 -0.2293717712 0.02933057025
v 0.02985119447 0.006262289826 0.01731309295
vn 0.9587165117 -0.2611067891 0.1126314849
v 0.030101832 0.007175309584 0.01725827344
vn 0.9683930874 -0.2205921113 0.1164214537
v 0.0300644841 0.00771254953 0.01358764712
vn 0.9773270488 -0.1279074252 -0.1687351614
v 0.02978196368 0.00624054065 0.01286834292
vn 0.9746974111 -0.1568653584 -0.1592426747
v 0.02997134253 0.006749795284 0.01381775737
vn 0.9826270938 -0.1510682851 -0.1078069061
v 0.02330990322 0.03001525439 0.02579061314
vn 0.4812958241 0.5410787463 0.6896289587
v 0.02655565366 0.005244167056 0.008694092743
vn 0.5978925228 -0.2843771577 -0.7494359016
v 0.02586079761 0.004618744366 0.00816610828
vn 0.6252821684 -0.04384415969 -0.779166162
v 0.02739945613 0.005035344046 0.009384568781
vn 0.6015890241 -0.2761070132 -0.7495702505
v 0.02928913198 0.004921421874 0.0186080914
vn 0.9525470138 -0.2614349425 0.155903697
v 0.02978204936 0.006635050755 0.01849311404
vn 0.9634461999 -0.2209805697 0.1514564902
v 0.02954341099 0.005770742428 0.01855390519
vn 0.9534842372 -0.269454658 0.1351368576
v 0.02957382426 0.005374634173 0.01743053459
vn 0.9601897597 -0.2473244518 0.1298699826
v 0.02939207852 0.004628263414 0.01759635843
vn 0.9666871428 -0.1970452666 0.1633680016
v 0.02549587935 0.003986725584 0.02846704423
vn 0.7481015921 -0.3120557368 0.5856323242
v 0.01801189966 0.02301640622 0.006602385547
vn 0.1381835043 0.0662561059 -0.9881879687
v 0.02723476291 -0.0004941660445 0.01397386193
vn 0.6551324129 -0.7443426847 0.1294428408
v 0.02548264153 0.001290432294 0.008586673997
vn 0.4518707693 -0.5343697071 -0.7143261433
v 0.0275069084 0.0169369746 0.02810514346
vn 0.6735470295 0.07701869309 0.7351207733
v 0.02419999242 0.0009042786551 0.0082310047
vn 0.2718850374 -0.5525193214 -0.7879092097
v 0.02380865067 0.0001942760427 0.008660837077
vn 0.263209343 -0.6286027431 -0.7318329215
v 0.02401648648 -0.0004129974986 0.009311141446
vn 0.282818377 -0.6645969152 -0.6916102767
v 0.02435264923 -0.001126707764 0.01013348252
vn 0.2977801859 -0.7015495896 -0.6474219561
v 0.02473511733 -0.001694434439 0.01102009229
vn 0.3464795053 -0.8125419021 -0.4687511027
v 0.02558079362 -0.001050066436 0.01087986771
vn 0.4816336632 -0.6929808259 -0.5364760756
v 0.02898274362 0.00810800679 0.02385333739
vn 0.9658136964 -0.1337122172 0.2220921069
v 0.01300865412 0.03446361795 0.01720266044
vn -0.4096564353 0.9008346796 -0.14380005
v 0.02382681146 0.02082194388 0.009241087362
vn 0.2775105536 0.539339304 -0.7950478196
v 0.02377904952 0.01993080229 0.008640273474
vn 0.2547653913 0.4942231178 -0.8311666846
v 0.02287502773 0.01944637299 0.008152555674
vn 0.2326797843 0.4883796573 -0.8410382867
v 0.0227238927 0.0186562445 0.007662057411
vn 0.3317382932 0.4258296192 -0.8417950273
v 0.02378319576 0.01906676218 0.008214253001
vn 0.3170268238 0.3584804237 -0.8780579567
v 0.02482509986 0.01947266981 0.00878484454
vn 0.4381374419 0.3961242139 -0.8069208264
v 0.02555180155 0.01896948367 0.009041972458
vn 0.6378240585 0.2571079433 -0.726000011
v 0.02327669598 0.02310008556 0.01018942054
vn 0.6619229913 0.2573770583 -0.7039992809
v 0.02234158851 0.02289417386 0.009104305878
vn 0.7342178822 -0.0002809678554 -0.6789138317
v 0.02262911387 0.02374093048 0.009519424289
vn 0.7925062776 0.1212962866 -0.5976796746
v 0.0220164191 0.02203073166 0.008864862844
vn 0.6426670551 -0.005858634133 -0.7661231756
v 0.02178799361 0.01925427467 0.007708773017
vn 0.2622647285 0.5239340067 -0.8103767037
v 0.02156198025 0.01832103729 0.007007307373
vn 0.2819372118 0.4605599046 -0.8416626453
v 0.01934912242 0.0190905109 0.00655497564
vn 0.4695985615 0.3594372869 -0.8064006567
v 0.02100946754 0.02062705532 0.008132578805
vn 0.4426509142 0.1876366585 -0.8768424392
v 0.02082644962 0.0198621843 0.007797426544
vn 0.3731219172 0.4120716751 -0.8312502503
v 0.02000419796 0.02051675506 0.007521789521
vn 0.5219560266 0.1448114812 -0.8405900002
v 0.02043104358 0.018932648 0.007051212713
vn 0.3369333744 0.459199816 -0.8219558597
v 0.01946272142 0.01838148758 0.006324740592
vn 0.4318350852 0.3130406439 -0.8458865285
v 0.02039055713 0.01792455651 0.006526964717
vn 0.2627489865 0.3547542989 -0.8972805142
v 0.01908761822 0.022624854 0.006870778743
vn 0.3330588043 -0.05024806038 -0.9415662289
v 0.02051915601 0.02126529068 0.007838135585
vn 0.5318501592 -0.07482113689 -0.8435266614
v 0.02113052085 0.02185416408 0.008135347627
vn 0.5804998875 -0.146788463 -0.8009201288
v 0.02011180297 0.02208497562 0.007420251612
vn 0.4866137505 -0.1550137848 -0.8597545028
v 0.01938360371 0.02121648006 0.007141673937
vn 0.4895703793 -0.01829295233 -0.871771872
v 0.0175249055 0.03327336162 0.02572946623
vn 0.3420244157 0.847638011 0.4056218266
v 0.0213360209 0.02260579541 0.008089327253
vn 0.6291624308 -0.1418697685 -0.7642169595
v 0.02159926668 0.02361853234 0.008199044503
vn 0.6880669594 0.001439693733 -0.7256457806
v 0.0212185625 0.02441608161 0.007924691774
vn 0.6270113587 0.1495880336 -0.7645130157
v 0.02132704481 0.02507209405 0.008265167475
vn 0.6615822911 0.2873277068 -0.6926410794
v 0.02137759328 0.02581034601 0.008684661239
vn 0.6966789365 0.3531202674 -0.6244553924
v 0.02140704356 0.0265532881 0.009226886556
vn 0.7238376737 0.4503898919 -0.522693038
v 0.02037438191 0.0248039905 0.007499461528
vn 0.4721381068 0.1974250674 -0.8591326475
v 0.02154244483 0.03150104359 0.0166571103
vn 0.7660351992 0.4873007536 -0.4191993475
v 0.01987004466 0.01606636681 0.005996296182
vn 0.3045746386 0.1973320544 -0.9318231344
v 0.01855665073 0.01879060268 0.005940291099
vn 0.4438428879 0.3166985214 -0.8382753134
v 0.01938237436 0.01753001288 0.006053999532
vn 0.4108439088 0.1997010112 -0.8895655274
v 0.01859793626 0.01725802384 0.005556785967
vn 0.5054538846 0.1619810313 -0.8475131392
v 0.0210299138 0.0164851211 0.006205114536
vn 0.1476751715 0.1861194372 -0.971365869
v 0.0201591365 0.01699058898 0.006231597625
vn 0.2290411294 0.2121692598 -0.9500128031
v 0.01757878251 0.01923264936 0.005661028903
vn 0.2704615295 0.3550437987 -0.8948711753
v 0.01769298501 0.02010565437 0.006067349575
vn 0.3137256205 0.3073948026 -0.8983789086
v 0.0050167921 0.008206319064 0.009592369199
vn -0.4497874677 -0.2627565563 -0.8536100984
v 0.01159671415 0.01362089347 0.03499595448
vn -0.5942288041 -0.152708903 0.7896658182
v 0.01812637225 0.02391931415 0.006674929988
vn 0.1283070445 0.04983904585 -0.9904813766
v 0.01700426079 0.0243374072 0.006648775656
vn -0.05866305903 0.0375046283 -0.9975730777
v 0.01570380107 0.02483612485 0.006859626621
vn -0.119846344 0.06689295173 -0.9905363321
v 0.01581567898 0.02376195602 0.006806355901
vn -0.1197142527 0.093277812 -0.988416791
v 0.02423298731 0.007613484282 0.006766486447
vn 0.1289133579 -0.05942395329 -0.9898738265
v 0.02298810519 0.007407797035 0.006671251263
vn 0.1350668669 -0.01976861618 -0.9906392694
v 0.0135692209 0.02087575756 0.005727009382
vn 0.1350360811 0.3031697273 -0.9433203936
v 0.01776473783 0.0281523969 0.00804985594
vn 0.110034436 0.7182914019 -0.6869860888
v 0.01553950273 0.01569874398 0.004132696893
vn 0.01696210168 0.3039313257 -0.9525429606
v 0.01589008607 0.0166417975 0.004498093389
vn 0.0865656659 0.3343499601 -0.9384649396
v 0.0165078938 0.01607399434 0.004352516495
vn 0.153899014 0.341026634 -0.927370429
v 0.01766548492 0.01503304485 0.004278493114
vn 0.3857049644 0.3762226999 -0.8424299359
v 0.01375094615 0.01679545827 0.004380171653
vn 0.01686010882 0.1769031286 -0.9840838313
v 0.01165107824 -0.005973866209 0.0199814979
vn -0.4932949543 -0.868944943 0.0399351716
v 0.01242088247 -0.006370416377 0.0194195006
vn -0.455288738 -0.8876689672 -0.06896356493
v 0.01468072087 0.01625743322 0.004290889017
vn 0.02082924545 0.2635026276 -0.9644337893
v 0.01429727674 0.01860154979 0.004989987705
vn 0.1982171088 0.3531821966 -0.9143152237
v 0.01486449968 0.02322123572 0.006812391337
vn 0.05419030041 0.2511537373 -0.9664291143
v 0.01460391097 0.02399428748 0.006945272908
vn 0.1022417843 0.1065354571 -0.9890383482
v 0.02884208784 0.01174701657 0.02622848563
vn 0.7009690404 -0.09924828261 0.7062522173
v 0.02228937112 0.02342785336 0.02949469723
vn 0.3832857311 0.2007035315 0.9015598297
v 0.01544249617 0.02719593793 0.007457477041
vn -0.1620117724 0.4558841884 -0.8751695752
v 0.01441055071 0.02757452056 0.007847189903
vn -0.07866822928 0.4502370059 -0.889436841
v 0.01433079783 0.02662249841 0.007418830879
vn -0.04068093747 0.3841466606 -0.9223754406
v 0.01605063863 0.02984191664 0.009981166571
vn 0.2643911242 0.7419970632 -0.616066277
v 0.01541365031 0.02946803719 0.00925757736
vn 0.2249205261 0.6965450048 -0.6813485026
v 0.01677671261 0.03029531986 0.0108165862
vn 0.2066352218 0.7242370844 -0.6578620672
v 0.01489534508 0.03006489947 0.009656894021
vn 0.2200880498 0.718386054 -0.6599111557
v 0.01345032547 0.01580079645 0.004235119559
vn -0.128039524 0.1545783281 -0.9796486497
v 0.02515655383 0.01376531366 0.007915954106
vn 0.5408383012 0.2432266474 -0.8051923513
v 0.02411378548 0.01331929117 0.007237975486
vn 0.4125860631 0.06868297607 -0.9083256125
v 0.02415226959 0.01423389744 0.00741122663
vn 0.5324300528 0.1438127905 -0.8341678977
v 0.02422546037 0.01516547333 0.007650762796
vn 0.586320281 0.1659540534 -0.7928983569
v 0.02514914796 0.0146037871 0.008196655661
vn 0.6006822586 0.2163280696 -0.769664228
v 0.02586096711 0.01410308387 0.008614464663
vn 0.6483578682 0.2908185124 -0.703602612
v 0.02607245743 0.01474551111 0.009069641121
vn 0.7246857285 0.2159429044 -0.6543693542
v 0.01167325024 0.03425641358 0.02463682741
vn -0.02429386601 0.9637640119 0.2656476796
v 0.01171024516 0.03446397185 0.02332723513
vn -0.0791285187 0.9968193173 0.00948398374
v 0.0220811069 0.01607464813 0.006344400812
vn 0.3721839488 0.1365163326 -0.9180644751
v 0.02316781692 0.01472277939 0.006797946524
vn 0.5013726354 0.06546226889 -0.8627514839
v 0.0202152878 0.02916016802 0.01104764454
vn 0.6044482589 0.7119703293 -0.3574080467
v 0.024037553 0.01013424899 0.006952272728
vn 0.1829186231 0.1536826491 -0.9710419178
v 0.02489697374 0.01213317644 0.007420356385
vn 0.3536192477 0.128650099 -0.9265002012
v 0.02404322661 0.01243570633 0.007180703338
vn 0.2893159091 0.03533068672 -0.9565814137
v 0.0241580382 0.01177216042 0.007191783283
vn 0.227717936 0.06076875702 -0.9718290567
v 0.02503336221 0.01150926761 0.007399638183
vn 0.3409799933 0.113190107 -0.9332312942
v 0.02396411449 0.01105552353 0.007086296566
vn 0.2135858983 0.122952722 -0.969156146
v 0.0251185149 0.01071694586 0.007324066479
vn 0.3142724633 0.1793891042 -0.9322297573
v 0.02293831296 0.01171432156 0.006949448492
vn 0.2954877913 0.0365884155 -0.9546456337
v 0.02207781561 0.015170753 0.006266657729
vn 0.3448503315 0.04436483234 -0.9376086593
v 0.01971251704 0.01513437275 0.00571939908
vn 0.414662689 0.2516311705 -0.8744921684
v 0.02092392929 0.01559338812 0.006074932404
vn 0.1903407276 0.1182523742 -0.9745700359
v 0.02486958914 0.005077023525 0.007460112218
vn 0.3945288658 -0.1118366346 -0.912052393
v 0.02146586217 0.006179525983 0.00630038185
vn 0.3205287457 -0.05036706477 -0.9458987713
v 0.02266322076 0.006430200301 0.006668098737
vn 0.2303027362 -0.07779148966 -0.9700047374
v 0.02225632407 0.005475613754 0.006640499923
vn 0.2998759151 -0.1847798079 -0.9359117746
v 0.02180003561 0.009607576765 0.006362875458
vn 0.4665257335 -0.006220995449 -0.8844857216
v 0.01871788315 0.01470748708 0.004815756343
vn 0.5460613966 0.3571610749 -0.7577947378
v 0.01874871925 0.01384934783 0.004423969891
vn 0.5681263804 0.2883702815 -0.7707626224
v 0.01867296547 0.01292998437 0.00407656841
vn 0.5403307676 0.1376857162 -0.8301116228
v 0.01792576164 0.01428751647 0.004025131464
vn 0.4067169428 0.3600630462 -0.8396046162
v 0.02432108112 0.02345788665 0.01124300808
vn 0.5846282244 0.5020506978 -0.6373028755
v 0.02266805619 0.004021721892 0.007222453132
vn 0.1154563352 -0.267262131 -0.9566821456
v 0.02495059557 0.004047327209 0.007479656488
vn 0.4187553525 -0.0255025588 -0.907740891
v 0.005113307387 0.006221263669 0.01021922193
vn -0.5107597709 -0.3348639905 -0.7918273807
v 0.006363041699 0.006271524355 0.009461396374
vn -0.5447804928 -0.2348325998 -0.8050265908
v 0.005960723385 0.005555125885 0.009999046102
vn -0.5394373536 -0.3657599092 -0.7584372163
v 0.02314628661 0.001414669445 0.007759347092
vn -0.01653838344 -0.3774783909 -0.9258707166
v 0.02206377313 0.002014835598 0.007823549211
vn 0.002549144439 -0.3016273975 -0.9534224868
v 0.02242608555 0.003057677532 0.007510817144
vn 0.0220674742 -0.2724818587 -0.961907804
v 0.02145662904 0.003655164735 0.007064538542
vn 0.2821289599 -0.3813889027 -0.8803100586
v 0.02111510187 0.005224698689 0.006273752078
vn 0.30591169 -0.2091497034 -0.928802669
v 0.02182816528 0.004573984537 0.006791934837
vn 0.3122169375 -0.331191361 -0.8904116154
v 0.02030954883 0.005903534126 0.005945649464
vn 0.2711047232 -0.1709458381 -0.9472485185
v 0.01995074376 0.004949897993 0.006046217866
vn 0.1306942403 -0.2457786351 -0.9604748487
v 0.02071449347 0.004280657042 0.006434356328
vn 0.2963423431 -0.3532415628 -0.8873565197
v 0.0191041138 0.005608149804 0.005802436266
vn 0.04208039865 -0.3721445203 -0.9272204041
v 0.01796984114 0.005318786018 0.006106742658
vn -0.1499051005 -0.4872744381 -0.860286057
v 0.01877596974 0.004686761182 0.006171380635
vn -0.1732326448 -0.3454074264 -0.9223254323
v 0.01532886457 0.01170205325 0.003101971932
vn 0.0278810896 0.08768104017 -0.9957583547
v 0.02277546003 -0.001162099536 0.009715409018
vn 0.06568038464 -0.7634417415 -0.6425284743
v 0.02355542034 -0.001849146909 0.01076186635
vn 0.1142560244 -0.8710287213 -0.4777598679
v 0.02293650992 0.0004968144349 0.008219587617
vn 0.0432520844 -0.5272675157 -0.8485978246
v 0.02283063158 -0.0002731913992 0.008818998933
vn 0.08172112703 -0.6771295071 -0.7313120365
v 0.02486637235 0.02414868586 0.01247924566
vn 0.5878656507 0.5877488852 -0.5558463931
v 0.01029486395 4.145808998e-05 0.01121619996
vn -0.4049285054 -0.8325542808 -0.3780030012
v 0.02382797375 0.02430501394 0.01147372555
vn 0.6982359886 0.4734585285 -0.5369390845
v 0.02337005734 0.02381534129 0.01057993807
vn 0.7327718735 0.3064275682 -0.6075751185
v 0.02224042267 0.0270663891 0.01150445081
vn 0.7629585266 0.5555335879 -0.33057037
v 0.02229656652 0.02755676024 0.01257575396
vn 0.7372154593 0.6008901 -0.3089409173
v 0.02290043421 0.02690260485 0.01284137554
vn 0.7591577768 0.5537666082 -0.342084825
v 0.02334826812 0.0250632856 0.01140158158
vn 0.7866021991 0.4270597398 -0.44595626
v 0.02352817543 0.02562924288 0.01237138826
vn 0.7593812943 0.5066021681 -0.4082820714
v 0.02284244634 0.02578933351 0.01109735575
vn 0.813003242 0.4310871065 -0.3913945258
v 0.02290083654 0.02635896765 0.0119397454
vn 0.7916735411 0.5016695261 -0.3486841917
v 0.02220300771 0.0264996849 0.0105788717
vn 0.7832104564 0.483692348 -0.3906700313
v 0.02217542753 0.02587840706 0.009859039448
vn 0.7860830426 0.4037619531 -0.4680275321
v 0.02272809856 0.02529876307 0.01039393153
vn 0.8251534104 0.3501049578 -0.4433377087
v 0.02356361412 0.02689458802 0.01410508156
vn 0.6425113082 0.572632432 -0.5091869235
v 0.02289697528 0.02737709507 0.0136308698
vn 0.7135290504 0.584730804 -0.3859613836
v 0.0161554087 0.03404183686 0.02385873348
vn 0.1648139954 0.9821001887 0.09118967503
v 0.01502206549 -0.00483511202 0.01434319373
vn -0.4063029289 -0.7287350297 -0.5512378812
v 0.01205217931 -0.0007146758144 0.01086736098
vn -0.4939882457 -0.7148592472 -0.4949261546
v 0.02158922888 0.02832596004 0.02775722183
vn 0.2526665628 0.570084691 0.7817692161
v 0.0214684885 0.02722328342 0.01007969771
vn 0.7348088026 0.5416846871 -0.4082079232
v 0.02157610096 0.02776795439 0.01124761067
vn 0.7330902219 0.6011685729 -0.3180803657
v 0.0188380219 0.03056276217 0.01183921937
vn 0.4070982635 0.7322257757 -0.5460003614
v 0.02166786604 0.02826684341 0.01254307944
vn 0.7182049751 0.6316586733 -0.2918714881
v 0.0209296234 0.02849262394 0.01115382556
vn 0.6986910105 0.6420309544 -0.3156377077
v 0.02093046531 0.02910475433 0.01255858969
vn 0.7077097893 0.6408114433 -0.2975021601
v 0.02042164467 0.02992170677 0.01307264436
vn 0.7050443292 0.6183812022 -0.3471558094
v 0.01406897698 -0.007092814893 0.02102865651
vn -0.3713449538 -0.919502914 0.1289083213
v 0.02338966168 0.02770126425 0.01479687076
vn 0.5667079687 0.6038351059 -0.5605579615
v 0.02242775634 0.02798762172 0.0137380939
vn 0.6865219474 0.6330378652 -0.3577019274
v 0.02325182408 0.02946979739 0.01645991392
vn 0.512928009 0.6275577545 -0.5857269764
v 0.01860612817 0.03136242554 0.01264879853
vn 0.4697201252 0.6490177512 -0.598447144
v 0.01941069402 0.03165346757 0.01375493594
vn 0.6110855341 0.542707026 -0.5762321949
v 0.01850461401 0.03213788569 0.01338586211
vn 0.4691518247 0.6253533363 -0.6235621572
v 0.02118943632 0.03228165582 0.01685675792
vn 0.7846629024 0.5197464228 -0.3378871679
v 0.020471178 0.03262228146 0.01579277404
vn 0.725800395 0.5291846991 -0.4395194352
v 0.02227509767 -0.0007155708154 0.02703730762
vn 0.3736748397 -0.8205449581 0.4325194359
v 0.02294390649 0.0323288478 0.0206666179
vn 0.6831536889 0.7048366666 -0.1910661459
v 0.02410940267 0.0301824417 0.01826319844
vn 0.5629153848 0.7163058519 -0.4123495817
v 0.0206994433 0.01126480568 0.03358929977
vn 0.2275682986 -0.1136426628 0.9671080709
v 0.02169802412 0.01528349798 0.03293828294
vn 0.5539389849 0.1217799336 0.8236026168
v 0.02378756925 0.01330203936 0.03137033433
vn 0.7729825974 0.0435083583 0.632933557
v 0.02294762991 0.01350191608 0.03220447525
vn 0.6399697065 0.0818478018 0.7640286088
v 0.02323388681 0.01251581125 0.03211827949
vn 0.6854803562 0.1412793249 0.7142526507
v 0.02231330238 0.01268706284 0.03280761838
vn 0.5471807122 0.1258464307 0.8274998069
v 0.01630617492 -0.0020705692 0.02721011639
vn 0.2853280306 -0.7102233171 0.6435610056
v 0.02054363862 0.01033818722 0.03344331309
vn 0.1399545819 -0.2534130514 0.9571805
v 0.02136853896 0.009703834541 0.03315275908
vn 0.1615003347 -0.2961818874 0.9413787127
v 0.0193242617 0.007241519634 0.03216211125
vn 0.1156396493 -0.2335596234 0.965441525
v 0.02222003601 0.009053786285 0.03275680915
vn 0.2293073833 -0.3036901355 0.9247650504
v 0.02381627448 0.007918329909 0.0317671448
vn 0.4613949656 -0.3513381779 0.8146632314
v 0.02270641364 0.007504534442 0.03198350593
vn 0.2684200406 -0.3658966124 0.8911062479
v 0.02444791421 0.01311789453 0.03040370159
vn 0.8514062762 0.02254925109 0.5240218043
v 0.02402229235 0.01233359613 0.03120136075
vn 0.8057757616 0.1460842043 0.573920548
v 0.02459569648 0.01228965539 0.03024462424
vn 0.8471606374 0.1531254202 0.5087941289
v 0.02516411431 0.0118954787 0.02946731076
vn 0.8055359721 0.2236255705 0.5487288833
v 0.02544533834 0.01088448428 0.02958063968
vn 0.7967242599 0.271428287 0.5399603248
v 0.02503227443 0.01014387794 0.03066165373
vn 0.8119220138 0.2173687518 0.5417872667
v 0.01916608587 0.006183600053 0.03207119182
vn 0.04003597423 -0.135293588 0.9899963737
v 0.01052403729 0.0004070159048 0.0100010829
vn -0.3472796679 -0.8569277525 -0.3808827698
v 0.01967163384 0.003806843655 0.03138890862
vn 0.02610910684 -0.4702810943 0.8821303844
v 0.01877204888 0.004295452964 0.03164547682
vn 0.06625791639 -0.3398429453 0.9381453395
v 0.01896071993 0.005205985624 0.03190272301
vn 0.01820572652 -0.2430891693 0.969833076
v 0.02471169457 0.008466943167 0.03128260374
vn 0.7085224986 -0.154893145 0.6884794235
v 0.02460760064 0.007539417595 0.03100241162
vn 0.6355351806 -0.3190965354 0.7030451298
v 0.02547203004 0.008182143793 0.03027224913
vn 0.7992129326 -0.132457599 0.586270988
v 0.02534867078 0.007191735785 0.03004120663
vn 0.7357215285 -0.2612325847 0.6248770356
v 0.02575657517 0.00583330309 0.02898371033
vn 0.7376315594 -0.2788579464 0.6149292588
v 0.02533597499 0.00916511938 0.03049904667
vn 0.8209973574 0.07064637542 0.5665442944
v 0.02580741234 0.00987979956 0.02952667512
vn 0.8206465244 0.1852374077 0.5405796766
v 0.02605630085 0.008878701366 0.02935838886
vn 0.8376230001 0.04005296528 0.544778347
v 0.01017793827 0.002586426912 0.00788507238
vn -0.4363113642 -0.3600848019 -0.8246037364
v 0.009525935166 0.001904888777 0.008624995127
vn -0.5353776217 -0.5104675293 -0.6728994846
v 0.01891645975 0.001106615993 0.02997417375
vn 0.3131329119 -0.5724642277 0.7577812672
v 0.01861703768 0.003549053334 0.03136878833
vn 0.1413511038 -0.3879558444 0.9107744694
v 0.01989273541 -0.000484629476 0.0281779319
vn 0.1014614478 -0.7768073678 0.6215109825
v 0.02104754746 -4.032067227e-05 0.0285844747
vn 0.115154624 -0.7182482481 0.6861915588
v 0.01992020942 0.0002032373013 0.02882805094
vn 0.1359521002 -0.6564881206 0.7419840693
v 0.02105515078 0.0006507540238 0.02917766571
vn 0.0692532286 -0.6144220233 0.7859323025
v 0.01111978758 -0.0005759797059 0.01173178572
vn -0.4579586983 -0.7397394776 -0.4930104911
v 0.02346832678 0.001750048366 0.02908688225
vn 0.5385261774 -0.5726014972 0.6181562543
v 0.01781856082 0.03335934505 0.01427573152
vn 0.3386587799 0.7376448512 -0.5841149092
v 0.02556891926 0.004907625727 0.02877235971
vn 0.7430831194 -0.2654827833 0.6142852902
v 0.0263532903 0.005488788243 0.02798471972
vn 0.8087521195 -0.2786327004 0.5179612041
v 0.02694206499 0.005929999519 0.02721746266
vn 0.8437476158 -0.2818711698 0.4567697346
v 0.02624285407 0.004628275055 0.02771148831
vn 0.825568378 -0.2665590644 0.4973762333
v 0.02686181292 0.005229080562 0.02687364817
vn 0.8524183035 -0.3022057116 0.4266786873
v 0.02676116489 0.004392393865 0.02650150843
vn 0.8752015829 -0.2598247826 0.4080603719
v 0.02675767243 0.003571909852 0.02605138905
vn 0.8813921809 -0.2264374942 0.4145767093
v 0.02804949135 0.005398472771 0.02474032156
vn 0.8345698118 -0.3499268591 0.4254931509
v 0.02733503841 0.004978705663 0.02566531673
vn 0.8409439325 -0.3321694732 0.4271730185
v 0.02725310624 0.004202841781 0.02525578626
vn 0.8674163222 -0.2679436207 0.4192793369
v 0.01883137971 0.0003533878189 0.02939699776
vn 0.2602643967 -0.6596479416 0.7050723433
v 0.02632392012 0.02702958509 0.02452862822
vn 0.8305687904 0.3464633226 0.4360259771
v 0.0267309472 0.02607773989 0.02457909472
vn 0.8157315254 0.3777915239 0.4380132556
v 0.02605886012 0.02783301659 0.02446086891
vn 0.8307085633 0.3300885558 0.4482910037
v 0.02570624277 0.02739165351 0.02533696219
vn 0.7544079423 0.3572413623 0.5506789088
v 0.02523516119 0.02680630423 0.02627310157
vn 0.6889828444 0.4050479233 0.6010314822
v 0.0255150795 0.02848873474 0.02490310557
vn 0.7398189902 0.3928075433 0.5462325811
v 0.02487000823 0.02779415436 0.0260329973
vn 0.6408305168 0.4090058506 0.6496540904
v 0.01066643558 0.02851771004 0.007965650409
vn -0.1294721812 0.5712825656 -0.8104771376
v 0.0235761106 0.02314254828 0.02913238853
vn 0.3402425647 0.3649227619 0.8666408658
v 0.02332011051 0.02405812964 0.0289388895
vn 0.421634227 0.2015115619 0.8840914369
v 0.0260970965 0.02119464241 0.02867166512
vn 0.7505730391 0.259272933 0.6077973843
v 0.02208896726 0.02430352569 0.02947003953
vn 0.4295556545 0.09401827306 0.8981328011
v 0.02673042379 0.01857312024 0.02844818495
vn 0.6516097784 0.1099653095 0.7505413294
v 0.02745449543 0.01495867874 0.02784103714
vn 0.5283176899 -0.3050900996 0.7923386097
v 0.02755183168 0.01797588356 0.02785124071
vn 0.7111168504 0.1710749567 0.6819429398
v 0.02831094526 0.01838785037 0.02667598799
vn 0.8426327705 0.1959768683 0.501560688
v 0.02832437679 0.01743788831 0.02704527788
vn 0.8122114539 0.1751988828 0.5564332008
v 0.02831248008 0.01650847122 0.02725163288
vn 0.7780199647 0.08658801764 0.6222438812
v 0.02750046551 0.01592106558 0.02812090516
vn 0.6216980815 -0.1168788671 0.7744874954
v 0.02889603935 0.01779022068 0.02578565665
vn 0.8825529218 0.2376001775 0.4057665765
v 0.02896307595 0.01689346507 0.02615460753
vn 0.8577294946 0.1965622604 0.4750403762
v 0.01658838987 -0.003821943421 0.02564060315
vn 0.2076870799 -0.5194193125 0.8288966417
v 0.0200253576 0.02045840211 0.03117767349
vn 0.6400013566 0.1070495099 0.7608802319
v 0.02260125242 0.01762039959 0.03153354302
vn 0.4202857316 0.4766282141 0.7721304893
v 0.02177143656 0.01710104942 0.03231419623
vn 0.4292288423 0.4524184465 0.7817161679
v 0.02078602277 0.01725737751 0.03271077946
vn 0.2988330126 0.5593520403 0.773190856
v 0.02261634916 0.01671656966 0.03198499978
vn 0.5100413561 0.3148857653 0.800440371
v 0.02642189525 0.01431229338 0.02806862257
vn 0.5291980505 -0.3254855275 0.7835869789
v 0.02744132839 0.01400612853 0.02742166258
vn 0.4657608271 -0.2589099705 0.8461870551
v 0.007456964813 0.0008955905214 0.01315257885
vn -0.6608208418 -0.3885087967 -0.6421656609
v 0.008746570908 0.0009807863971 0.01123122219
vn -0.6311411262 -0.7003778219 -0.3333643377
v 0.007990920916 0.001395363826 0.01201894134
vn -0.7099037766 -0.562458694 -0.4238830805
v 0.01970568486 0.01713475026 0.03304849565
vn 0.1257397383 0.6392961144 0.7586106062
v 0.02907681651 0.006071676966 0.0222169105
vn 0.9650569558 -0.1945589185 0.1755332947
v 0.02894658595 0.006586801261 0.02331747487
vn 0.9587184191 -0.1664158404 0.2305749506
v 0.02870561182 0.005715992767 0.02354957163
vn 0.9154865742 -0.2754524648 0.2932750583
v 0.028844079 0.005213650875 0.02235735953
vn 0.9357397556 -0.2981194556 0.1884567589
v 0.02834123559 0.004881875124 0.02366370335
vn 0.8778979182 -0.3452212811 0.3318396211
v 0.02777471766 0.004709414672 0.02467766218
vn 0.8304121494 -0.3458696306 0.4367949963
v 0.02731697448 0.002775909379 0.02435941622
vn 0.898209393 -0.2487895936 0.3623859882
v 0.02731042355 0.003447567811 0.02473874576
vn 0.885745585 -0.2320612371 0.4019979239
v 0.02546214685 -0.0007622890407 0.02400266193
vn 0.6163243651 -0.7219520807 0.3145305514
v 0.026319094 1.634099135e-05 0.02353671193
vn 0.7771795988 -0.5859805942 0.2293874621
v 0.0269591473 0.002142094774 0.02483703196
vn 0.8746871948 -0.3090282679 0.3733950853
v 0.02748626098 0.002286439762 0.02346163057
vn 0.8916589022 -0.3428726494 0.2956057787
v 0.02750490233 0.001635586028 0.02243556082
vn 0.8621433377 -0.420666486 0.2823979259
v 0.02748749778 0.0009310113383 0.02146014944
vn 0.8090085983 -0.4810721278 0.3377495408
v 0.02670758218 0.0001499521022 0.0219569467
vn 0.765802145 -0.5914949775 0.2523504198
v 0.02813520096 0.001766738947 0.02093300596
vn 0.8980826735 -0.3171226382 0.3047633767
v 0.0221801661 -0.001237009186 0.02589437738
vn 0.3330005705 -0.8521971703 0.4035723507
v 0.02494295128 -0.002097737743 0.01705222949
vn 0.3739624023 -0.9195395708 -0.120826751
v 0.024370417 -0.002457937226 0.01825815253
vn 0.4467650652 -0.8907016516 -0.08397364616
v 0.01977581158 -0.001715280116 0.02626142837
vn 0.1842142642 -0.812680006 0.5528256893
v 0.02313599735 -0.003320943797 0.02084617689
vn 0.6443216801 -0.7448236346 0.1734569818
v 0.02375330217 -0.002487395424 0.01689455472
vn 0.4415394664 -0.8795682192 -0.1772080064
v 0.02442815341 -0.002078989986 0.01580339111
vn 0.3222946823 -0.9439479113 -0.07133357227
v 0.01941054687 0.02247071266 0.03150280565
vn 0.6471922398 0.1784431636 0.7411479354
v 0.01974375732 0.0214641951 0.03135681897
vn 0.6978623867 0.1204483658 0.7060313821
v 0.02100617439 0.02463598736 0.0299580209
vn 0.4219998121 0.2285010368 0.8773274422
v 0.02113797516 0.02373471856 0.0300339181
vn 0.4961860478 0.1374796927 0.857262373
v 0.02196068503 0.02516040951 0.02949874476
vn 0.3642838001 0.1573987603 0.9178904891
v 0.0199969206 0.02735620178 0.02873208933
vn 0.2335474044 0.460093528 0.8566035032
v 0.02043810673 0.02821800485 0.02810843103
vn 0.2829433382 0.4837054014 0.8282343745
v 0.02152852528 0.03028122708 0.02662148885
vn 0.3663409054 0.4698318541 0.8031515479
v 0.02066371776 0.03088035807 0.02657061256
vn 0.3403145373 0.5717037916 0.7465526462
v 0.02165620029 0.03103036992 0.02606804669
vn 0.3820811212 0.579338789 0.7199864984
v 0.02417110838 0.02980219387 0.02532423846
vn 0.5494366884 0.5545335412 0.6249895096
v 0.01454116497 0.01678367145 0.03462886438
vn 0.2921071351 0.3390591741 0.894266367
v 0.02003558911 -0.006184798665 0.02087322995
vn 0.630992651 -0.728038609 0.2679701746
v 0.02013539709 -0.00636235578 0.01978772879
vn 0.6229855418 -0.778889358 0.07225213945
v 0.0214271564 -0.005275265779 0.01883916557
vn 0.6780229211 -0.7267207503 -0.1102807447
v 0.01771965995 -0.006222828757 0.01611534692
vn 0.2992144227 -0.7972207665 -0.524318397
v 0.01891939715 -0.005694230553 0.01590069197
vn 0.280623287 -0.8931762576 -0.3514067531
v 0.01800220832 -0.00558899669 0.01504806802
vn 0.131398499 -0.928347528 -0.3477143645
v 0.01709379628 -0.00531981606 0.01420016214
vn -0.06654553115 -0.9031594992 -0.4241162241
v 0.01989919692 -0.005703796167 0.01669845358
vn 0.4303521514 -0.8261250854 -0.3637504876
v 0.01618264616 -0.004801365081 0.01356351189
vn -0.2721450627 -0.8143284321 -0.5126463771
v 0.01836032607 -0.005245650653 0.01371640246
vn 0.02615998685 -0.9506003857 -0.3093129694
v 0.01743153483 -0.004824052565 0.01287839096
vn -0.1786147356 -0.8753890991 -0.4492111802
v 0.01839474775 -0.00352892396 0.010639471
vn 0.03858280927 -0.7716709375 -0.6348506808
v 0.01786705293 -0.004192940425 0.01161410939
vn -0.1570784897 -0.8267863989 -0.5401393771
v 0.02299566008 -0.002307362622 0.01197085436
vn 0.1556675434 -0.9514049292 -0.2656995952
v 0.02214028686 -0.001946651493 0.01089000888
vn 0.1094380319 -0.847699523 -0.5190653801
v 0.01269039791 0.007070529275 0.005627079867
vn -0.1809384674 -0.3075242937 -0.9341788292
v 0.01391971391 0.007227040362 0.005307022948
vn -0.2036182284 -0.5618267655 -0.8018043637
v 0.01311157644 0.007922572084 0.00509657152
vn -0.3317012787 -0.4972317517 -0.8017074466
v 0.01227718685 0.008662597276 0.005089976825
vn -0.3718208671 -0.4671657085 -0.8021879196
v 0.01258037332 0.00947777275 0.004339722451
vn -0.3884314001 -0.510990262 -0.7668181062
v 0.01643775962 0.00419003889 0.006525328383
vn 0.2594316304 -0.2122973502 -0.9421385527
v 0.01831980422 0.0003689683217 0.008266146295
vn -0.0005805175751 -0.406753391 -0.9135378003
v 0.01768736728 -0.0007192378398 0.008642998524
vn -0.03921955824 -0.347520411 -0.9368518591
v 0.01682734862 0.0001058954731 0.0084306309
vn -0.08532886207 -0.4141720235 -0.9061900973
v 0.01595783234 0.002606028924 0.006859138608
vn 0.2896386385 -0.4596733451 -0.8395295739
v 0.01695972495 0.002721938305 0.007163414266
vn 0.1829169095 -0.3673030734 -0.9119374156
v 0.01623771712 0.001828195062 0.00738266902
vn 0.1327611953 -0.5356345773 -0.833948493
v 0.0178446006 0.002068330068 0.007533958647
vn -0.01224761177 -0.4202248454 -0.9073373675
v 0.01731085964 0.001085444936 0.00798151549
vn 0.009270671755 -0.4605539441 -0.8875833154
v 0.01887553371 0.001362604671 0.00774979312
vn -0.02647602744 -0.4680399001 -0.883310616
v 0.01476062462 0.001438914915 0.007530477364
vn -0.02300253138 -0.6715821624 -0.7405729294
v 0.01568454504 0.0007190327742 0.008165329695
vn -0.03659062833 -0.589507401 -0.8069338202
v 0.01419776492 0.0006979662576 0.008381617256
vn -0.1167181805 -0.679233253 -0.7245819569
v 0.01571011916 -0.000127492458 0.008756223135
vn -0.1740717292 -0.5221163034 -0.8349213004
v 0.01927690208 -0.0003163937363 0.008631480858
vn 0.1570729613 -0.4618952274 -0.8729151487
v 0.01988807134 0.0006491907407 0.008157905191
vn 0.0681360364 -0.5035056472 -0.8613010645
v 0.01886838861 -0.001286325161 0.008946094662
vn 0.2653339505 -0.419326216 -0.8681954741
v 0.02015731297 -0.000900316867 0.009352143854
vn 0.2485170662 -0.5851887465 -0.7718765736
v 0.01974563859 -0.001933883759 0.00984077435
vn 0.4108559489 -0.5544814467 -0.7237041593
v 0.02116666734 -0.001403408474 0.01012840029
vn 0.150367558 -0.7200232148 -0.6774630547
v 0.02157502063 -0.0006116794539 0.009206973948
vn -0.01024988201 -0.6980347037 -0.7159905434
v 0.01774230041 -0.001601137337 0.008961977437
vn -0.04216349497 -0.4084443152 -0.911808908
v 0.01845234632 -0.002166824182 0.009234052151
vn 0.1877631247 -0.577028811 -0.7948476672
v 0.01723785885 -0.002228413941 0.009419496171
vn -0.2092060447 -0.6297622323 -0.7480857968
v 0.01780326851 -0.002920279047 0.009949075989
vn -0.08875260502 -0.7412422895 -0.6653441787
v 0.01668171585 -0.002804538235 0.01030472852
vn -0.3226055205 -0.7388792634 -0.5915937424
v 0.01898920722 -0.002796500921 0.01006211434
vn 0.3091377616 -0.6543848515 -0.6900828481
v 0.0167048499 -0.001555749914 0.009116590954
vn -0.2754036784 -0.4550133944 -0.8468267918
v 0.01632257923 -0.002171711531 0.009803766385
vn -0.3615742326 -0.6451711655 -0.6730662584
v 0.01566934586 -0.002531701932 0.01058939379
vn -0.3028458059 -0.7301845551 -0.6124662757
v 0.0157799609 0.03449374065 0.01517853513
vn 0.03886958212 0.9020902514 -0.4297933578
v 0.01491108071 0.03480249271 0.01609706506
vn -0.12981686 0.934646666 -0.3310334384
v 0.0171409864 0.03457786143 0.01588482037
vn 0.1882551014 0.9102895856 -0.3686907887
v 0.01807335019 0.03404116258 0.01536030602
vn 0.2922861874 0.8214296699 -0.4897162914
v 0.02138101868 0.03276643157 0.01833135076
vn 0.7045653462 0.6505810618 -0.2834288776
v 0.01989982463 0.03336763754 0.01592313312
vn 0.6179019213 0.654753387 -0.4353104234
v 0.02064033039 0.03311878815 0.01696991175
vn 0.7393283248 0.6063277721 -0.2928485274
v 0.02049663477 0.03365156427 0.01806430705
vn 0.6714884639 0.7223608494 -0.1652212888
v 0.01495439559 0.03482591733 0.01951898634
vn -0.04410725087 0.9725090861 0.2286494672
v 0.0197617393 0.03411326185 0.02247137018
vn 0.2398440838 0.941441834 0.2369853258
v 0.01876944117 0.0346743241 0.0199930612
vn 0.224031955 0.9700018167 0.0943724066
v 0.01863123477 0.0345274657 0.02155049704
vn 0.1114846766 0.9799360633 0.1652164906
v 0.01981016807 0.03429794684 0.02082135901
vn 0.3344281614 0.9408299327 0.0547433123
v 0.02099016495 0.03348685056 0.01941519417
vn 0.6082009673 0.7720298171 -0.1845578402
v 0.02061081678 0.03389273956 0.02030934952
vn 0.4836378694 0.8719403148 -0.0762526691
v 0.02149050869 0.03347479925 0.02073469013
vn 0.5213944912 0.8446214199 -0.1215007752
v 0.02301260084 0.03238244355 0.02191422693
vn 0.7211536765 0.6914567947 0.04271815345
v 0.02197432704 0.03287024051 0.01991680451
vn 0.6132034659 0.7462422848 -0.2590443492
v 0.02241316065 0.03294852376 0.02132570744
vn 0.6151043177 0.7850923538 -0.07264059782
v 0.02024435438 0.03355371207 0.02362644114
vn 0.2111228257 0.877710104 0.4301767945
v 0.01911944523 0.03365743905 0.02389041334
vn 0.2094592005 0.8703594208 0.4456471205
v 0.02112596482 0.03339447826 0.02339367382
vn 0.3691367209 0.862493217 0.3461842537
v 0.02584355697 0.0196796786 0.009720959701
vn 0.70566535 0.4038577974 -0.5821815133
v 0.02554815076 0.01815106533 0.008877456188
vn 0.6380615234 0.09859263897 -0.7636471391
v 0.007980569266 -0.00142597442 0.0254390128
vn -0.6899960041 -0.6150152087 0.3816567063
v 0.00817599427 -0.002048915718 0.02487111092
vn -0.6867408752 -0.5810032487 0.4368320107
v 0.008790929802 -0.001841092249 0.02623474225
vn -0.5914675593 -0.6655780077 0.4551615715
v 0.01770057529 0.004688196816 0.03191050515
vn 0.1665869206 -0.3230572939 0.9316022396
v 0.01356550679 0.02794025838 0.00804730691
vn 0.0344382748 0.4300726652 -0.9021371603
v 0.0133327553 0.02723485418 0.007708804682
vn 0.1129348204 0.4734191298 -0.8735674024
v 0.0122635914 0.01534671802 0.004481155891
vn -0.3126629889 0.1378562003 -0.9398071766
v 0.01789254136 0.005638753064 0.03215516731
vn 0.2317461371 -0.2778663039 0.9322467446
v 0.01807426848 0.006617863663 0.03237024322
vn 0.3060281575 -0.2541784346 0.9174639583
v 0.01815174706 0.00758496765 0.03265188634
vn 0.332449168 -0.3349363804 0.8816434741
v 0.01787959784 0.001324458281 0.03056632541
vn 0.1801903844 -0.5435007811 0.8198404312
v 0.01778920367 0.002988166874 0.03132212162
vn 0.1371288598 -0.3600377738 0.9228046536
v 0.01366307959 0.001296516857 0.007841767743
vn -0.1392721683 -0.6879976988 -0.7122235894
v 0.007182734087 0.001764751389 0.01284965314
vn -0.6960614324 -0.480889082 -0.5331455469
v 0.008050204255 0.004113879986 0.008820111863
vn -0.6188246608 -0.3161790967 -0.7190874815
v 0.008284841664 0.003159790533 0.009090957232
vn -0.6875600815 -0.3838662505 -0.6163666844
v 0.007456295658 0.003551534843 0.009890049696
vn -0.7201833725 -0.4870891273 -0.4940446019
v 0.0090151513 0.00378908962 0.008250731044
vn -0.5561344624 -0.2414076477 -0.7952589393
v 0.01179202367 0.002959202509 0.007106584497
vn -0.2729993463 -0.4424041808 -0.8542540073
v 0.01297355816 -0.003147768322 0.01296493504
vn -0.2995175719 -0.7936099172 -0.5295965672
v 0.01436017826 0.02351912856 0.03317470476
vn -0.0954169631 0.3373748064 0.9365221858
v 0.01512392983 0.02427332476 0.03292246908
vn 0.05401270092 0.3710621893 0.9270358682
v 0.01386733633 0.02421952784 0.03280477971
vn -0.2084848732 0.4081675112 0.8887819648
v 0.01537556294 0.02743745968 0.03110007942
vn -0.1582327634 0.5402411222 0.8264998198
v 0.01598456129 0.02669956163 0.0317581743
vn -0.04307818785 0.5308997035 0.846339047
v 0.01449110452 -0.0008605491021 0.02892566659
vn 0.07493943721 -0.6386263967 0.7658592463
v 0.01443768851 -0.001619856106 0.02830314077
vn 0.1422075778 -0.6559700966 0.7412693501
v 0.0154620437 -0.00113089208 0.02851339243
vn 0.1613840163 -0.6917192936 0.7039031386
v 0.008158265613 -0.004416350275 0.02006266266
vn -0.4734901488 -0.8715885878 0.1270450056
v 0.008983625099 -0.004607866984 0.02109567262
vn -0.3729676306 -0.9046728015 0.206063658
v 0.01194586512 -0.005393284373 0.02289306372
vn -0.5264492631 -0.749950707 0.4005310237
v 0.01120488532 -0.004693085793 0.02327506617
vn -0.401070416 -0.8150140047 0.4182041585
v 0.01096213516 -0.005171990488 0.02189820819
vn -0.4327562153 -0.8559111357 0.2830868661
v 0.01503228024 -0.003955513705 0.02583137155
vn 0.09518271685 -0.6329139471 0.7683489919
v 0.01460064482 -0.004762527067 0.02525142208
vn -0.06724124402 -0.6100985408 0.7894671559
v 0.01335461531 0.0235292986 0.0329304263
vn -0.2899976969 0.3363756239 0.8959647417
v 0.01453458611 -5.751094795e-05 0.02960375138
vn 0.01153546199 -0.6408977509 0.7675395608
v 0.01348676626 -0.0005263673374 0.02920729108
vn -0.03749226406 -0.5765154958 0.8162255883
v 0.01096521039 0.008561449125 0.005601564888
vn -0.2821190357 -0.3861930966 -0.878216207
v 0.008825652301 0.00461372314 0.00818443764
vn -0.5280165672 -0.2118260264 -0.8223917484
v 0.01158839185 0.03379710764 0.02581035905
vn 0.01136015262 0.9223515987 0.386184454
v 0.005411574617 -0.0002559313725 0.02365734801
vn -0.5636892915 -0.7648872137 0.3117722869
v 0.001336625079 0.008597284555 0.01310583949
vn -0.7713366747 -0.4295073748 -0.4696415365
v 0.01295879856 -0.005658653099 0.02366498485
vn -0.4614329934 -0.7154226303 0.5246427655
v 0.009256099351 0.02962313592 0.009716458619
vn -0.4281370938 0.7117833495 -0.5568330884
v 0.01202967856 0.03001999855 0.009278585203
vn -0.02253440581 0.7330717444 -0.6797779202
v 0.01218407042 0.02400016785 0.005927168764
vn 0.318264395 0.2284489274 -0.9200645685
v 0.01209821273 0.02704848163 0.007230681833
vn 0.1962311119 0.5285316706 -0.8259223104
v 0.01349002868 0.03009922057 0.009388355538
vn 0.07380755991 0.7119989991 -0.6982906461
v 0.004279701971 0.005562529899 0.01116145868
vn -0.6235635877 -0.4620705545 -0.6306023002
v 0.005271156784 0.005140194204 0.01069602836
vn -0.5131471157 -0.5407280922 -0.6665531993
v 0.003930943552 0.008280342445 0.01020224951
vn -0.5642726421 -0.2629699409 -0.7825875282
v 0.003462238004 0.00752469711 0.01089574397
vn -0.6657994986 -0.3294143081 -0.669475317
v 0.00446899049 0.007325518411 0.01016453002
vn -0.5102022886 -0.3091522753 -0.8025699258
v 0.003930746112 0.006559063215 0.01096107997
vn -0.6437196732 -0.3729552627 -0.668228507
v 0.003506690497 0.005953634623 0.01192920096
vn -0.7423558235 -0.446773082 -0.4993011951
v 0.003094710875 0.006892684381 0.01174156927
vn -0.7505862713 -0.3907028437 -0.532889843
v 0.005823895801 0.007300433237 0.009513286874
vn -0.4751013219 -0.2661916614 -0.8387018442
v 0.007010524627 0.009814760648 0.007506662048
vn -0.7342740893 -0.2149677277 -0.6439180374
v 0.004617331084 0.004667113069 0.01175238751
vn -0.5561410189 -0.6516059041 -0.5158652663
v 0.003878440941 0.005148655735 0.01215395331
vn -0.7074779272 -0.5444610715 -0.4505963922
v 0.006232142914 0.004794726614 0.01023715548
vn -0.5864999294 -0.5223043561 -0.6190444231
v 0.007112178952 0.0031123925 0.011177768
vn -0.7236138582 -0.5771576166 -0.3785129488
v 0.007455112413 0.00616248697 0.008676432073
vn -0.5916682482 -0.2227066457 -0.7748098969
v 0.008032123558 0.006957095582 0.007911714725
vn -0.6087779403 -0.3527723551 -0.7105920911
v 0.008562690578 0.006149108987 0.007880954072
vn -0.5562085509 -0.3135704696 -0.7696139216
v 0.009208690375 0.005396729335 0.007742386311
vn -0.5530497432 -0.2751140296 -0.7864148021
v 0.007841942832 0.009580809623 0.006631649099
vn -0.6536667943 -0.3018644452 -0.6939723492
v 0.008563498966 0.007687563077 0.00700846361
vn -0.5527047515 -0.3893048763 -0.7368576527
v 0.009509211406 0.00753620686 0.006475606002
vn -0.4472225904 -0.3525933325 -0.8219914436
v 0.0105114812 0.007695542183 0.005997753236
vn -0.3131801188 -0.2730469704 -0.9095952511
v 0.01327386592 0.02486092225 0.03229514509
vn -0.2560713291 0.4555990696 0.8525590897
v 0.007844471373 0.002161290031 0.02852033451
vn -0.4796151221 -0.3055976331 0.8225444555
v 0.01556842588 0.01446605287 0.03458224237
vn 0.3660437465 0.1638038307 0.9160678387
v 0.0164134074 0.01410823315 0.03444894776
vn 0.1369922161 0.2153046429 0.9668903947
v 0.01149699464 0.01599950716 0.03449011967
vn -0.6281413436 0.3023567498 0.7169510722
v 0.01237466652 0.006165851839 0.005827413872
vn -0.1279543787 -0.1705799699 -0.9770005941
v 0.01044806559 0.01449041162 0.03365788981
vn -0.7656852007 0.09378362447 0.636341691
v 0.01704036072 0.006957639009 0.03295820951
vn 0.3907822967 -0.3257532418 0.8609146476
v 0.01675025374 0.002408916131 0.0311625693
vn 0.05636336654 -0.4021756351 0.9138259888
v 0.01588308066 0.001901692478 0.03097350523
vn 0.03670241684 -0.4648502469 0.8846282959
v 0.01680277288 0.001649632351 0.03078700416
vn 0.04081493244 -0.4946963191 0.8681069613
v 0.01552350074 -0.0003802150895 0.02923630923
vn 0.08491455764 -0.6877042055 0.7210079432
v 0.01569346897 0.00121136161 0.03056087159
vn 0.0342948176 -0.5637652874 0.8252227306
v 0.01458878815 0.0007740672445 0.03029357456
vn -0.02192332782 -0.5915511847 0.8059692979
v 0.01559060439 0.0004044704838 0.02994666621
vn 0.04351647198 -0.6433027983 0.7643741369
v 0.01659874804 8.355043974e-05 0.02959262393
vn 0.06760260463 -0.6985333562 0.7123770118
v 0.01669978909 0.0008636740386 0.03026291914
vn 0.0385094136 -0.6136100888 0.7886695266
v 0.01774167083 0.0005510236952 0.02993341535
vn 0.155516237 -0.6658797264 0.7296704054
v 0.01351697557 0.0003340530966 0.02985951118
vn -0.1164484397 -0.58578372 0.8020581007
v 0.01245314721 -9.725547716e-05 0.02934825793
vn -0.1900037974 -0.494099319 0.8483893275
v 0.01652674191 -0.0006395976525 0.02879862674
vn 0.128082186 -0.7488212585 0.650278151
v 0.008675285615 0.02453197353 0.03157893196
vn -0.1228179112 0.0729342401 0.9897456169
v 0.009473024867 0.02388450503 0.03173276037
vn -0.007132078521 0.2919150591 0.9564176798
v 0.01029426791 0.02322860807 0.03193862364
vn -0.07887912542 0.4654980004 0.8815268874
v 0.00847384613 0.02198229916 0.03276025876
vn -0.0833908394 0.5382298231 0.8386623859
v 0.00812209677 0.02361756749 0.03168795258
vn -0.1947509497 0.407684803 0.8921127319
v 0.006835093722 0.02351320721 0.03131399676
vn -0.3141936362 0.5288482904 0.7884173393
v 0.008927935734 0.02293728292 0.03217810392
vn -0.05364551395 0.5102645755 0.8583427072
v 0.009893007576 0.02230250277 0.03260213137
vn -0.001641679439 0.5348921418 0.8449187279
v 0.01127337664 0.02263895981 0.03246178851
vn -0.2230074108 0.4463830292 0.8666082621
v 0.01161069795 0.02361985855 0.0321469605
vn -0.3298869133 0.3774662614 0.8652709723
v 0.01245155465 0.02310088463 0.03273816407
vn -0.3396962881 0.3727087379 0.8635361195
v 0.01274293009 0.02398781665 0.03248856217
vn -0.3446192741 0.3690954149 0.8631373644
v 0.009522419423 0.02136784978 0.03322493285
vn 0.003004641039 0.5428694487 0.8398117423
v 0.01088288985 0.01655900478 0.0338662602
vn -0.3306350708 -0.1509024054 0.9316163063
v 0.01090908237 0.01583028212 0.03371846303
vn -0.6329844594 -0.01223286055 0.7740678191
v 0.01113336254 -0.001529842499 0.02826751024
vn -0.2610659003 -0.5923645496 0.7621999979
v 0.009911210276 -0.001805357635 0.0274078548
vn -0.4252687991 -0.6746408939 0.6033291817
v 0.01087154727 -0.00239619636 0.0272665564
vn -0.2973123193 -0.7576515079 0.5810073614
v 0.009195079096 -0.0003467818024 0.02813402191
vn -0.4524458647 -0.4686332345 0.7587329149
v 0.01014334895 -0.0009429264464 0.02824385464
vn -0.3667396903 -0.5023458004 0.783039391
v 0.01132258121 -0.0005535591044 0.02885608561
vn -0.2555325925 -0.4238363504 0.868945241
v 0.008359511383 -0.0005253154668 0.02728221379
vn -0.6004720926 -0.5525056124 0.5780751109
v 0.008120638318 -0.001006916398 0.02639177069
vn -0.6507658958 -0.6238859296 0.4327471852
v 0.008928985335 -0.002488418249 0.0253463313
vn -0.5516968369 -0.7019748092 0.4504020214
v 0.009751951322 -0.002494787797 0.02626658976
vn -0.4355599284 -0.7647676468 0.4747820497
v 0.009022583254 -0.00115555001 0.02738746069
vn -0.5372525454 -0.595254302 0.5975215435
v 0.007390715182 -0.001422952395 0.02434685081
vn -0.6730419397 -0.6050656438 0.4253352284
v 0.01236935984 -0.001057173824 0.02882687747
vn -0.1103263423 -0.5255795121 0.8435604572
v 0.01181845646 -0.002931250958 0.02692375146
vn -0.2081493139 -0.8069504499 0.5527248979
v 0.0153435953 -0.001873049419 0.02782715671
vn 0.221138373 -0.7017500997 0.6772330403
v 0.01611500792 -0.00297096069 0.02640013956
vn 0.2566974759 -0.6347579956 0.7288269401
v 0.01144766435 -0.004125126638 0.0245153401
vn -0.3527530432 -0.8142917752 0.460970968
v 0.009587992914 -0.003047189442 0.0251105167
vn -0.4158555269 -0.7878235579 0.4543106854
v 0.008426561952 -0.002907023067 0.02418902889
vn -0.5845547318 -0.6562587619 0.4770955741
v 0.01065218542 -0.00304280757 0.02602446638
vn -0.3317245841 -0.824008882 0.4593126774
v 0.01048836298 -0.003595476737 0.02483105287
vn -0.3301945329 -0.8324224949 0.4450218081
v 0.009414884262 -0.003602206474 0.02403767966
vn -0.3802536726 -0.7958028316 0.4712801874
v 0.01030868664 -0.004128369503 0.02369935066
vn -0.3195110559 -0.8438693881 0.4310419261
v 0.0099737579 -0.005049403291 0.02082667127
vn -0.3517787457 -0.9177253246 0.1844775677
v 0.008446131833 -0.003678394714 0.02312605083
vn -0.5163721442 -0.7496331334 0.4140168726
v 0.009359469637 -0.004073305987 0.02312677726
vn -0.3362221122 -0.8513139486 0.4027644694
v 0.008736222982 -0.004202715587 0.02219735272
vn -0.4144436717 -0.8588830233 0.3009258211
v 0.009918138385 -0.004609168507 0.02236753702
vn -0.3383025825 -0.8850204349 0.3198284209
v 0.01570823416 -0.004680783022 0.02525273152
vn 0.08723091334 -0.5409808159 0.8364989758
v 0.01590158977 0.02505009435 0.03250863403
vn 0.1356249303 0.3694627881 0.9192948937
v 0.01721136272 0.02663682215 0.03156039119
vn 0.3927991986 0.4608317614 0.7958284616
v 0.0132725127 0.030076975 0.0298346933
vn 0.08160232753 0.2753921449 0.9578623176
v 0.01480760984 0.02814539522 0.03049451113
vn -0.118543908 0.4628492296 0.878474772
v 0.01606187969 0.028294608 0.03063692339
vn 0.01958227903 0.5487621427 0.8357491493
v 0.01548540127 0.02881595865 0.03023964167
vn -0.06232566014 0.5044294 0.8612006307
v 0.01561735105 0.02954338491 0.02982274815
vn 0.06572244316 0.4737863541 0.8781839609
v 0.01182934269 0.03005205467 0.0298850406
vn 0.03751674667 0.3905474842 0.9198179841
v 0.01149168052 0.03325122967 0.02693239227
vn 0.009689391591 0.9087729454 0.4171784222
v 0.01570468582 0.03231188655 0.02831443399
vn 0.3833655119 0.5716468692 0.7254314423
v 0.01254415512 -0.006084766239 0.02240867354
vn -0.5170742273 -0.8010008335 0.301714927
v 0.01336850971 -0.006266681943 0.02311465517
vn -0.4052709043 -0.8152771592 0.4136164784
v 0.0116859125 -0.005785522982 0.02146893926
vn -0.5402469039 -0.814527452 0.2113723457
v 0.007429335732 -0.002385137137 0.01457985956
vn -0.660107851 -0.496899128 -0.5633372664
v 0.007508350536 -0.001465538749 0.01391024329
vn -0.6072289944 -0.3313158154 -0.7221515179
v 0.01181937568 0.007804846857 0.005619552452
vn -0.2723766863 -0.3032111824 -0.9131669998
v 0.0115489373 0.003638160415 0.00684301462
vn -0.338332206 -0.409263432 -0.8473693132
v 0.01178300194 0.00434702402 0.006397871766
vn -0.2952685654 -0.3598749042 -0.8850460649
v 0.01089269016 0.003187633352 0.007335578557
vn -0.3907161355 -0.3492821753 -0.8516706228
v 0.0108335847 0.004035216291 0.007024079096
vn -0.4779205322 -0.3261537552 -0.8156075478
v 0.01095608994 0.004941239022 0.00653972337
vn -0.4691655636 -0.2956345379 -0.8321561813
v 0.009881370701 0.004562744871 0.007497695275
vn -0.5563839078 -0.2511832416 -0.7920504808
v 0.009985399432 0.003490834264 0.007716955151
vn -0.5015423894 -0.251020968 -0.8279152513
v 0.0110673476 0.002503404394 0.007567040157
vn -0.299503684 -0.4313506186 -0.8510195017
v 0.008259914815 0.001771329902 0.01070473343
vn -0.7515825033 -0.5712481737 -0.3298473656
v 0.009196453728 0.002823603805 0.00841487851
vn -0.5853481889 -0.3213368654 -0.7443857789
v 0.00857302919 0.002211251063 0.009409075603
vn -0.7138915062 -0.4783702791 -0.5113910437
v 0.007840178907 0.002648870926 0.01027819607
vn -0.7669163942 -0.5083178282 -0.3917298019
v 0.007573036011 0.002242603805 0.01159449015
vn -0.7507446408 -0.5476500988 -0.3694074452
v 0.01260359678 0.03396936134 0.01591904461
vn -0.2697817087 0.9244661927 -0.2694069445
v 0.01370820403 0.03440425172 0.01594806463
vn -0.3232779503 0.8829132915 -0.3405223787
v 0.01057136711 0.03411436826 0.02529189177
vn 0.08023209125 0.9508264065 0.299152106
v 0.01052446477 0.03365442157 0.02648749761
vn 0.1505045295 0.9125803113 0.380191505
v 0.01681418531 0.01607913151 0.03413023427
vn 0.1206284463 0.3060446084 0.9443439245
vt 0.9342569709 0.8698949814
vt 0.9447820187 0.8546130061
vt 0.9342539907 0.8680160046
vt 0.2317170054 0.4252130091
vt 0.2241459936 0.4502049983
vt 0.2457969934 0.4565899968
vt 0.236928001 0.4761559963
vt 0.2490919977 0.498807013
vt 0.2577620149 0.4845080078
vt 0.2439049929 0.5078229904
vt 0.2308509946 0.4886029959
vt 0.4246059954 0.7553229928
vt 0.406118989 0.7498940229
vt 0.4207270145 0.7678729892
vt 0.6787239909 0.2554009855
vt 0.6871939898 0.2637889981
vt 0.6996870041 0.2768909931
vt 0.5756880045 0.8303679824
vt 0.5586879849 0.8131089807
vt 0.5581470132 0.8183619976
vt 0.3809680045 0.7480279803
vt 0.3974539936 0.7521240115
vt 0.4062969983 0.7625849843
vt 0.2805590034 0.5279179811
vt 0.2854369879 0.5154889822
vt 0.2680779994 0.5083000064
vt 0.4205340147 0.7608609796
vt 0.4140309989 0.7505300045
vt 0.3872610033 0.743399024
vt 0.410905987 0.7660149932
vt 0.3624300063 0.7364590168
vt 0.3471730053 0.72112602
vt 0.3534039855 0.7182220221
vt 0.3336920142 0.6990969777
vt 0.5546039939 0.4728789926
vt 0.5444589853 0.4460679889
vt 0.5647659898 0.4544860125
vt 0.2080799937 0.1156330034
vt 0.1896750033 0.1225700006
vt 0.2091400027 0.1338230073
vt 0.3028860092 0.5318239927
vt 0.2621600032 0.5182269812
vt 0.2218050063 0.08220399916
vt 0.1956689954 0.08184300363
vt 0.2073789984 0.09698600322
vt 0.3749929965 0.7390810251
vt 0.42978701 0.7831169963
vt 0.4311450124 0.7768309712
vt 0.4233039916 0.7786459923
vt 0.3712210059 0.7218229771
vt 0.3921050131 0.738319993
vt 0.3385019898 0.6909570098
vt 0.3549720049 0.7039790154
vt 0.1969289929 0.4063049853
vt 0.2057799995 0.440158993
vt 0.213707 0.4256449938
vt 0.2182040066 0.4665159881
vt 0.1998489946 0.4580630064
vt 0.2765679955 0.5372409821
vt 0.2127339989 0.4797309935
vt 0.1968989968 0.4723350108
vt 0.269291997 0.5030379891
vt 0.2602179945 0.4744380116
vt 0.2806209922 0.4821769893
vt 0.8646829724 0.5972930193
vt 0.8764129877 0.5874609947
vt 0.8608540297 0.569832027
vt 0.1170039997 0.135067001
vt 0.1303160042 0.1506869942
vt 0.1375280023 0.1258029938
vt 0.7475849986 0.5391259789
vt 0.7717630267 0.5592110157
vt 0.7705659866 0.5320619941
vt 0.1017989963 0.1414660066
vt 0.09437800199 0.1732030064
vt 0.1097080037 0.1589390039
vt 0.1628630012 0.125176996
vt 0.1485369951 0.113861002
vt 0.1316120028 0.2278590053
vt 0.1373900026 0.1989009976
vt 0.1185420007 0.2083059996
vt 0.1457539946 0.2489970028
vt 0.1288840026 0.2581279874
vt 0.667855978 0.3941589892
vt 0.6864600182 0.3898360133
vt 0.6859109998 0.4089060128
vt 0.1754129976 0.1207569987
vt 0.1500740051 0.2190809995
vt 0.1578480005 0.1922100037
vt 0.1635250002 0.2398609966
vt 0.1452620029 0.1175919995
vt 0.1302440017 0.1197310016
vt 0.1245530024 0.2850530148
vt 0.145686999 0.2830260098
vt 0.1524689943 0.1455059946
vt 0.1445260048 0.1715829968
vt 0.1236160025 0.1783410013
vt 0.1056459993 0.1897979975
vt 0.09306599945 0.2058160007
vt 0.313300997 0.4614660144
vt 0.3328210115 0.4858810008
vt 0.3148890138 0.4934059978
vt 0.3175109923 0.5201719999
vt 0.3006640077 0.528629005
vt 0.2982830107 0.5017160177
vt 0.1928679943 0.208750993
vt 0.1838610023 0.2329290062
vt 0.2048989981 0.2296999991
vt 0.340377003 0.3044320047
vt 0.3485170007 0.2761780024
vt 0.3285830021 0.2755819857
vt 0.1217779964 0.1205819994
vt 0.1132029966 0.1312599927
vt 0.430862993 0.08671899885
vt 0.4139330089 0.08498399705
vt 0.4192259908 0.09404999763
vt 0.4871470034 0.3949030042
vt 0.4971329868 0.3715929985
vt 0.5144360065 0.3989660144
vt 0.1035860032 0.2222039998
vt 0.5247219801 0.7345439792
vt 0.5434910059 0.7388039827
vt 0.5445340276 0.744813025
vt 0.5747370124 0.750131011
vt 0.5932540298 0.7470870018
vt 0.5924130082 0.7582650185
vt 0.837511003 0.4245919883
vt 0.8468030095 0.4234859943
vt 0.8287879825 0.3983089924
vt 0.5668309927 0.7340490222
vt 0.5817819834 0.7208989859
vt 0.6070629954 0.7276669741
vt 0.6202489734 0.7492809892
vt 0.3476200104 0.3967590034
vt 0.3299570084 0.4003149867
vt 0.337549001 0.3720490038
vt 0.5533480048 0.7385979891
vt 0.6100640297 0.7612130046
vt 0.5976979733 0.7013639808
vt 0.5715979934 0.6899009943
vt 0.5573800206 0.7098730206
vt 0.5455210209 0.6845729947
vt 0.6895689964 0.5840280056
vt 0.6777169704 0.61451298
vt 0.6674469709 0.5819190145
vt 0.7009189725 0.5543509722
vt 0.6776250005 0.5561969876
vt 0.660646975 0.558021009
vt 0.7105849981 0.5879949927
vt 0.7014170289 0.6127099991
vt 0.7193769813 0.8233010173
vt 0.7252140045 0.8158890009
vt 0.7430769801 0.8224729896
vt 0.6435279846 0.2526699901
vt 0.637838006 0.2365320027
vt 0.6571969986 0.2538070083
vt 0.8142960072 0.8095340133
vt 0.8330029845 0.825331986
vt 0.8367289901 0.7965090275
vt 0.8541020155 0.8947510123
vt 0.8742910028 0.8853899837
vt 0.8529270291 0.8766670227
vt 0.87243402 0.866370976
vt 0.8508560061 0.8570489883
vt 0.8954979777 0.8526260257
vt 0.8908519745 0.8732680082
vt 0.9105709791 0.8685640097
vt 0.8259040117 0.6727150083
vt 0.8052780032 0.6640160084
vt 0.8138359785 0.6931629777
vt 0.8162299991 0.778275013
vt 0.8373100162 0.7579699755
vt 0.4980730116 0.7172319889
vt 0.487210989 0.7306680083
vt 0.5088700056 0.7456870079
vt 0.8923860192 0.529350996
vt 0.8794109821 0.4993889928
vt 0.8874260187 0.5085290074
vt 0.7967399955 0.8879269958
vt 0.8183990121 0.9048640132
vt 0.8147550225 0.882174015
vt 0.1389269978 0.1128349975
vt 0.1259090006 0.1063840017
vt 0.1262660027 0.1206730008
vt 0.2306949943 0.3661719859
vt 0.2314040065 0.3373360038
vt 0.2124850005 0.3508189917
vt 0.2248860002 0.5159890056
vt 0.2355750054 0.5408809781
vt 0.219302997 0.5303819776
vt 0.9190769792 0.8072350025
vt 0.9289739728 0.8196290135
vt 0.9268890023 0.7934039831
vt 0.9144899845 0.7854629755
vt 0.59296 0.8525660038
vt 0.5989249945 0.8566120267
vt 0.5771459937 0.8470770121
vt 0.6055459976 0.8584529757
vt 0.6214309931 0.8638280034
vt 0.6311410069 0.8620349765
vt 0.6435390115 0.8699799776
vt 0.8128169775 0.7701590061
vt 0.8375059962 0.7663990259
vt 0.8187839985 0.7905229926
vt 0.1233220026 0.4219610095
vt 0.1189469993 0.4067229927
vt 0.1283310056 0.4322470129
vt 0.9038000107 0.9139249921
vt 0.9123759866 0.9117910266
vt 0.9193609953 0.8985080123
vt 0.8819320202 0.9182819724
vt 0.8745899796 0.9271199703
vt 0.8595389724 0.9186720252
vt 0.8999170065 0.9138050079
vt 0.8922870159 0.9037039876
vt 0.9156699777 0.8987389803
vt 0.9349309802 0.8814309835
vt 0.9278100133 0.8942289948
vt 0.9406809807 0.8727939725
vt 0.8201799989 0.9455010295
vt 0.8126599789 0.9515510201
vt 0.8320800066 0.9612119794
vt 0.9385809898 0.6931040287
vt 0.9512310028 0.6846619844
vt 0.9490420222 0.7145310044
vt 0.7878239751 0.6881200075
vt 0.7886970043 0.656997025
vt 0.8070060015 0.6778370142
vt 0.2149980068 0.2665620148
vt 0.2020370066 0.2474710047
vt 0.2205349952 0.241475001
vt 0.07210999727 0.1579640061
vt 0.08406399935 0.1340640038
vt 0.05870399997 0.1402029991
vt 0.9109429717 0.8288850188
vt 0.9219470024 0.8475379944
vt 0.8326230049 0.869772017
vt 0.8357120156 0.891200006
vt 0.8444120288 0.9521690011
vt 0.5915200114 0.6733040214
vt 0.6168580055 0.6831099987
vt 0.3745490015 0.3550699949
vt 0.3803629875 0.3902280033
vt 0.3948569894 0.3639349937
vt 0.7776039839 0.8738150001
vt 0.7956259847 0.8702700138
vt 0.7786279917 0.8578339815
vt 0.8483459949 0.8378120065
vt 0.8592020273 0.818171978
vt 0.9309620261 0.8602669835
vt 0.9171389937 0.876891017
vt 0.6801919937 0.8617269993
vt 0.6725599766 0.8574159741
vt 0.6600440145 0.865490973
vt 0.8689259887 0.844020009
vt 0.8433229923 0.9118350148
vt 0.8318399787 0.929313004
vt 0.8559439778 0.9330689907
vt 0.8259339929 0.3860329986
vt 0.8396059871 0.4050840139
vt 0.8320000172 0.3885129988
vt 0.830779016 0.8473730087
vt 0.8092049956 0.8386759758
vt 0.7658820152 0.6678180099
vt 0.7517840266 0.6390560269
vt 0.7714560032 0.6341519952
vt 0.7006180286 0.8567330241
vt 0.6887000203 0.8523529768
vt 0.7791699767 0.9072539806
vt 0.7972310185 0.9065989852
vt 0.7786279917 0.8890680075
vt 0.6806319952 0.6469470263
vt 0.6942200065 0.634476006
vt 0.7004550099 0.6582919955
vt 0.8662009835 0.9105129838
vt 0.7615630031 0.8453040123
vt 0.758547008 0.8583800197
vt 0.4332079887 0.7579630017
vt 0.4601700008 0.7741860151
vt 0.4525330067 0.7682939768
vt 0.2174379975 0.3781310022
vt 0.8127099872 0.8605769873
vt 0.5951300263 0.3966659904
vt 0.6130939722 0.4119130075
vt 0.6139990091 0.3912670016
vt 0.8803970218 0.9288030267
vt 0.8876720071 0.904350996
vt 0.4977160096 0.6335909963
vt 0.5017070174 0.6141800284
vt 0.4863899946 0.607245028
vt 0.539394021 0.744508028
vt 0.530133009 0.7592250109
vt 0.5505689979 0.7705619931
vt 0.3926379979 0.6115400195
vt 0.3988499939 0.5905339718
vt 0.3773890138 0.5892930031
vt 0.1144839972 0.1888410002
vt 0.1277859956 0.1662040055
vt 0.1263419986 0.1941580027
vt 0.5584610105 0.5391430259
vt 0.5505030155 0.5608040094
vt 0.5392029881 0.5288519859
vt 0.4669240117 0.7238579988
vt 0.4763300121 0.7094309926
vt 0.4629189968 0.3288680017
vt 0.461273998 0.3561689854
vt 0.440064013 0.3318879902
vt 0.8872510195 0.8275279999
vt 0.8980110288 0.8839460015
vt 0.7024639845 0.8155210018
vt 0.693615973 0.8183590174
vt 0.7915499806 0.8189309835
vt 0.7285320163 0.3272910118
vt 0.7408180237 0.3572260141
vt 0.7496560216 0.3349980116
vt 0.9054229856 0.8962860107
vt 0.9213590026 0.8871849775
vt 0.3260529935 0.6827870011
vt 0.3201169968 0.6815490127
vt 0.3359760046 0.6955879927
vt 0.9116200209 0.9128479958
vt 0.8967210054 0.9386259913
vt 0.9141150117 0.9280899763
vt 0.7131059766 0.8837159872
vt 0.7323359847 0.8856509924
vt 0.7315670252 0.8904470205
vt 0.8793619871 0.8866680264
vt 0.857163012 0.880720973
vt 0.8748829961 0.8662999868
vt 0.7841160297 0.843429029
vt 0.8827959895 0.7065960169
vt 0.8667240143 0.6812239885
vt 0.8839859962 0.6767650247
vt 0.870272994 0.9503650069
vt 0.8817179799 0.9599609971
vt 0.7906709909 0.6831009984
vt 0.7888140082 0.6527360082
vt 0.8724619746 0.725169003
vt 0.8490300179 0.7248839736
vt 0.8639039993 0.7511370182
vt 0.6358100176 0.8705949783
vt 0.6296439767 0.862918973
vt 0.6505730152 0.8713960052
vt 0.9609339833 0.8409029841
vt 0.9645529985 0.8560979962
vt 0.9558920264 0.8677819967
vt 0.7957999706 0.8550400138
vt 0.9247890115 0.5413110256
vt 0.9344040155 0.5589979887
vt 0.9351300001 0.5717710257
vt 0.383197993 0.09234199673
vt 0.3626970053 0.08376800269
vt 0.3816519976 0.0944930017
vt 0.9608590007 0.8067079782
vt 0.9664229751 0.7777220011
vt 0.9592580199 0.7935979962
vt 0.7020779848 0.704226017
vt 0.6800919771 0.7026770115
vt 0.6890149713 0.7222399712
vt 0.8971560001 0.9167630076
vt 0.6480559707 0.5154560208
vt 0.6681380272 0.5069460273
vt 0.664222002 0.5340110064
vt 0.8563539982 0.9659969807
vt 0.6977620125 0.2891930044
vt 0.7094069719 0.3194079995
vt 0.716498971 0.3043160141
vt 0.3508880138 0.1379899979
vt 0.335078001 0.153087005
vt 0.3299160004 0.1281789988
vt 0.7519840002 0.8928580284
vt 0.5364829898 0.1308750063
vt 0.5205680132 0.118166998
vt 0.5231410265 0.124733001
vt 0.6651170254 0.6671540141
vt 0.6869609952 0.6702489853
vt 0.6848019958 0.692498982
vt 0.6594539881 0.3858279884
vt 0.6656720042 0.364327997
vt 0.6497579813 0.3652859926
vt 0.7999870181 0.9009060264
vt 0.7911949754 0.8950210214
vt 0.8132190108 0.9019320011
vt 0.9374520183 0.5620959997
vt 0.9288179874 0.5382549763
vt 0.9250680208 0.5611129999
vt 0.9261040092 0.5754140019
vt 0.9147469997 0.5541539788
vt 0.8883919716 0.9230589867
vt 0.8733770251 0.9257519841
vt 0.8429570198 0.9638910294
vt 0.8438680172 0.9500470161
vt 0.8628669977 0.9588069916
vt 0.2296030074 0.1473080069
vt 0.2201299965 0.1531479955
vt 0.2404920012 0.1600960046
vt 0.8217499852 0.9573990107
vt 0.8243160248 0.9399290085
vt 0.8647469878 0.9399350286
vt 0.7892990112 0.3719860017
vt 0.7955250144 0.3595919907
vt 0.7747859955 0.3486509919
vt 0.8856940269 0.9371290207
vt 0.8826220036 0.9461479783
vt 0.846100986 0.9310669899
vt 0.1255459934 0.1281580031
vt 0.9018830061 0.9395110011
vt 0.797630012 0.9460859895
vt 0.8016039729 0.9449340105
vt 0.8849459887 0.6119560003
vt 0.8906649947 0.5932719707
vt 0.4673269987 0.09145700186
vt 0.4493370056 0.08294899762
vt 0.4672780037 0.0883769989
vt 0.8265380263 0.9220280051
vt 0.9133970141 0.9344050288
vt 0.8993600011 0.9433959723
vt 0.7669330239 0.3682129979
vt 0.9061470032 0.596931994
vt 0.9045460224 0.6270319819
vt 0.07807400078 0.2839150131
vt 0.08615600318 0.3138009906
vt 0.07263199985 0.2963010073
vt 0.4405939877 0.4243920147
vt 0.4411840141 0.3957670033
vt 0.4555389881 0.411879003
vt 0.5463929772 0.8316810131
vt 0.5536739826 0.832949996
vt 0.5641260147 0.842697978
vt 0.7522069812 0.8857769966
vt 0.7308769822 0.8855040073
vt 0.9067220092 0.9333080053
vt 0.8362259865 0.9108899832
vt 0.8486750126 0.9037359953
vt 0.9254760146 0.9027799964
vt 0.0893599987 0.2835620046
vt 0.07790099829 0.2562609911
vt 0.7836679816 0.9319900274
vt 0.805234015 0.9301829934
vt 0.4566709995 0.7220320106
vt 0.4474599957 0.7021160126
vt 0.4705489874 0.7144320011
vt 0.812548995 0.9240900278
vt 0.2272080034 0.2131399959
vt 0.2490440011 0.2133679986
vt 0.2397910058 0.2381370068
vt 0.8237800002 0.5259469748
vt 0.8436560035 0.5225269794
vt 0.8249310255 0.5017070174
vt 0.9207760096 0.9307950139
vt 0.6724029779 0.6559699774
vt 0.6874579787 0.6780909896
vt 0.6963390112 0.6478369832
vt 0.3010129929 0.3832519948
vt 0.319979012 0.402049005
vt 0.3195259869 0.372254014
vt 0.7983090281 0.9316009879
vt 0.6286479831 0.4291259944
vt 0.6116830111 0.4301579893
vt 0.2602019906 0.2387039959
vt 0.2733060122 0.2155880034
vt 0.7798939943 0.9348000288
vt 0.2903150022 0.1807059944
vt 0.2791930139 0.162270993
vt 0.2998940051 0.1639190018
vt 0.3200210035 0.06015300006
vt 0.3002260029 0.05790799856
vt 0.298112005 0.06455399841
vt 0.2301149964 0.5584890246
vt 0.2080820054 0.5354229808
vt 0.2209929973 0.556245029
vt 0.4097909927 0.07767400146
vt 0.4079680145 0.07816699892
vt 0.3853139877 0.07957000285
vt 0.4077410102 0.09022200108
vt 0.3864459991 0.08123199642
vt 0.4505299926 0.1003170013
vt 0.4727379978 0.116065003
vt 0.4513910115 0.1212460026
vt 0.4288269877 0.1029770002
vt 0.4293380082 0.0868299976
vt 0.4305970073 0.08063299954
vt 0.4296320081 0.0791329965
vt 0.4496810138 0.08738899976
vt 0.4695209861 0.1002810001
vt 0.1263819933 0.08746600151
vt 0.1459559947 0.0912310034
vt 0.143197 0.07802499831
vt 0.3952359855 0.719852984
vt 0.4130629897 0.7364010215
vt 0.4008049965 0.7319120169
vt 0.4813069999 0.09526000172
vt 0.2635959983 0.09021800011
vt 0.2841210067 0.08271700144
vt 0.2666729987 0.07708399743
vt 0.4655260146 0.09302999824
vt 0.4481500089 0.08475799859
vt 0.5078520179 0.1721629947
vt 0.5280389786 0.1636870056
vt 0.5031700134 0.1533679962
vt 0.5263000131 0.1368030012
vt 0.5520039797 0.1532000005
vt 0.543520987 0.1407310069
vt 0.5705879927 0.1715770066
vt 0.5621359944 0.1695380062
vt 0.5529220104 0.173608005
vt 0.5727699995 0.1867379993
vt 0.4820649922 0.1479450017
vt 0.496904999 0.1420679986
vt 0.5430529714 0.1864880025
vt 0.5645639896 0.1932940036
vt 0.5786340237 0.1860390007
vt 0.5409690142 0.1534769982
vt 0.5165309906 0.1443459988
vt 0.5010160208 0.1326680034
vt 0.8021169901 0.7166500092
vt 0.8118799925 0.7469120026
vt 0.8248770237 0.7225180268
vt 0.1705430001 0.2118699998
vt 0.9557440281 0.8151299953
vt 0.9486330152 0.8427249789
vt 0.9468050003 0.8165919781
vt 0.6855739951 0.7444429994
vt 0.7047449946 0.7355399728
vt 0.3211689889 0.5144169927
vt 0.3442029953 0.5199180245
vt 0.3371079862 0.4930970073
vt 0.9269310236 0.9202550054
vt 0.7614639997 0.8869019747
vt 0.2304639965 0.276165992
vt 0.2162400037 0.2503489852
vt 0.203263998 0.2726019919
vt 0.1058150008 0.136304006
vt 0.7627999783 0.9218119979
vt 0.7662100196 0.9190970063
vt 0.7448980212 0.8829709888
vt 0.7611920238 0.9033579826
vt 0.2784759998 0.2859840095
vt 0.2968139946 0.265448004
vt 0.2772740126 0.2533189952
vt 0.2799510062 0.07215800136
vt 0.2568129897 0.07055400312
vt 0.2558679879 0.05389500037
vt 0.7786509991 0.9257370234
vt 0.761022985 0.9162080288
vt 0.7434780002 0.9046900272
vt 0.7462930083 0.9074630141
vt 0.8075259924 0.4808909893
vt 0.8116919994 0.4617370069
vt 0.7935330272 0.4571950138
vt 0.5133119822 0.8126869798
vt 0.5258479714 0.8195009828
vt 0.5418279767 0.8259119987
vt 0.7431849837 0.8967440128
vt 0.7252280116 0.8874620199
vt 0.7865089774 0.9208359718
vt 0.4942750037 0.7482770085
vt 0.4787240028 0.739700973
vt 0.4918400049 0.7542709708
vt 0.7686049938 0.9104670286
vt 0.7520020008 0.9067230225
vt 0.4393349886 0.4937570095
vt 0.4320569932 0.4645110071
vt 0.4182710052 0.4836480021
vt 0.2169940025 0.5098549724
vt 0.2055460066 0.4892289937
vt 0.1975959986 0.497348994
vt 0.7593920231 0.8720359802
vt 0.179437995 0.3211530149
vt 0.1678799987 0.2915459871
vt 0.1592929959 0.3160229921
vt 0.8066089749 0.9153220057
vt 0.8268989921 0.4783119857
vt 0.7357109785 0.8545119762
vt 0.7967900038 0.7901359797
vt 0.782664001 0.7677130103
vt 0.7748529911 0.7964180112
vt 0.1373559982 0.3129279912
vt 0.7671819925 0.8251450062
vt 0.7312200069 0.8664709926
vt 0.7436270118 0.8677889705
vt 0.7225239873 0.854911983
vt 0.3288210034 0.6251929998
vt 0.3375540078 0.6444159746
vt 0.3127759993 0.6310700178
vt 0.1150769964 0.2635650039
vt 0.4730559886 0.5734429955
vt 0.4501639903 0.5548530221
vt 0.468919009 0.5433049798
vt 0.7389140129 0.8450180292
vt 0.5631390214 0.8297669888
vt 0.5464169979 0.8194389939
vt 0.6758159995 0.6238110065
vt 0.8548359871 0.4460110068
vt 0.8426439762 0.4493460059
vt 0.8612959981 0.4694580138
vt 0.7093909979 0.8481630087
vt 0.804938972 0.7527679801
vt 0.8226690292 0.7461460233
vt 0.6948789954 0.839869976
vt 0.6072540283 0.2149579972
vt 0.5962920189 0.1980870068
vt 0.5927810073 0.2012789994
vt 0.8816170096 0.746894002
vt 0.7164279819 0.8405590057
vt 0.4301849902 0.3456720114
vt 0.4388799965 0.3741030097
vt 0.4512020051 0.3503719866
vt 0.7136579752 0.8626930118
vt 0.3911420107 0.7050459981
vt 0.4095489979 0.7212139964
vt 0.3269349933 0.6526499987
vt 0.3457939923 0.6617130041
vt 0.7430070043 0.8281459808
vt 0.713127017 0.2950440049
vt 0.7189080119 0.2950649858
vt 0.04473200068 0.2522659898
vt 0.05033199862 0.238695994
vt 0.06008400023 0.2708219886
vt 0.6952279806 0.4316309988
vt 0.6934369802 0.3987169862
vt 0.6747350097 0.4072180092
vt 0.7036970258 0.7928130031
vt 0.724018991 0.808785975
vt 0.7237129807 0.7823380232
vt 0.3721950054 0.412131995
vt 0.3622330129 0.3954200149
vt 0.3760240078 0.3842630088
vt 0.7035239935 0.7647399902
vt 0.7237110138 0.7526760101
vt 0.532531023 0.703512013
vt 0.540068984 0.6903370023
vt 0.5144820213 0.6846039891
vt 0.7210249901 0.8285470009
vt 0.8799290061 0.7700849771
vt 0.8598669767 0.7833099961
vt 0.9391319752 0.8337979913
vt 0.3661679924 0.7040780187
vt 0.3666029871 0.7001829743
vt 0.3820930123 0.7144039869
vt 0.9202610254 0.7672280073
vt 0.9073299766 0.7597169876
vt 0.2531009912 0.5562329888
vt 0.2459120005 0.5317779779
vt 0.881682992 0.7993590236
vt 0.9036509991 0.8065680265
vt 0.8979930282 0.7801619768
vt 0.03275800124 0.225759998
vt 0.03373799846 0.2524009943
vt 0.3592180014 0.4977479875
vt 0.3675439954 0.5239869952
vt 0.3818159997 0.5014830232
vt 0.9459679723 0.8480830193
vt 0.9113379717 0.7386260033
vt 0.8932309747 0.7579089999
vt 0.5829039812 0.7575470209
vt 0.6023470163 0.7654680014
vt 0.9379169941 0.8056269884
vt 0.7280489802 0.6188499928
vt 0.7320510149 0.5993490219
vt 0.7146930099 0.6034809947
vt 0.7066730261 0.8129889965
vt 0.7006310225 0.8250960112
vt 0.4627679884 0.3875969946
vt 0.4780040085 0.3724139929
vt 0.8944450021 0.7326229811
vt 0.9493709803 0.8202700019
vt 0.9486960173 0.7904679775
vt 0.943952024 0.7601529956
vt 0.9330000281 0.7779240012
vt 0.725564003 0.2895160019
vt 0.7307779789 0.3065179884
vt 0.7442700267 0.3087610006
vt 0.712635994 0.2856149971
vt 0.7914350033 0.7415329814
vt 0.7998160124 0.7650399804
vt 0.574976027 0.2135179937
vt 0.5855609775 0.2014259994
vt 0.1049109995 0.3975589871
vt 0.0935010016 0.374695003
vt 0.09786099941 0.3800080121
vt 0.5972059965 0.2179470062
vt 0.5845720172 0.2369900048
vt 0.6192150116 0.2246900052
vt 0.6245729923 0.226541996
vt 0.5738549829 0.6564970016
vt 0.5962359905 0.6591029763
vt 0.5832229853 0.6363109946
vt 0.661116004 0.2431010008
vt 0.6557090282 0.2355729938
vt 0.6337320209 0.2224570066
vt 0.6446880102 0.237865001
vt 0.6065989733 0.2135049999
vt 0.6088269949 0.209483996
vt 0.9565010071 0.8069239855
vt 0.3135589957 0.1448940039
vt 0.320502013 0.1710419953
vt 0.133434996 0.4478969872
vt 0.6598640084 0.8520969748
vt 0.6836720109 0.8692589998
vt 0.6660659909 0.8697350025
vt 0.5908060074 0.1997119933
vt 0.6355969906 0.2319149971
vt 0.1267890036 0.3931989968
vt 0.1168550029 0.3640669882
vt 0.1270560026 0.3705309927
vt 0.7058100104 0.6759629846
vt 0.7198399901 0.6597239971
vt 0.4088430107 0.6355260015
vt 0.4232000113 0.6620569825
vt 0.4324429929 0.6387879848
vt 0.1421470046 0.1440519989
vt 0.1446350068 0.1722719967
vt 0.3734770119 0.4225899875
vt 0.3855980039 0.4479230046
vt 0.3949539959 0.4199540019
vt 0.115542002 0.4150910079
vt 0.1119410023 0.4119589925
vt 0.124638997 0.4319970012
vt 0.5286300182 0.5583980083
vt 0.5190020204 0.5840880275
vt 0.5060200095 0.5569940209
vt 0.2554019988 0.2667289972
vt 0.2581619918 0.2380760014
vt 0.685774982 0.8052099943
vt 0.102136001 0.3921169937
vt 0.6664329767 0.2489449978
vt 0.6374520063 0.7049900293
vt 0.631058991 0.7298079729
vt 0.6179940104 0.7098590136
vt 0.6194580197 0.224770993
vt 0.641602993 0.2337609977
vt 0.6328769922 0.2211440057
vt 0.5901700258 0.2457100004
vt 0.5727519989 0.2528339922
vt 0.5689820051 0.2298229933
vt 0.652041018 0.2886970043
vt 0.6466379762 0.2576720119
vt 0.631106019 0.2726849914
vt 0.6067609787 0.2407439947
vt 0.6147410274 0.2615480125
vt 0.6273049712 0.2469809949
vt 0.6558340192 0.2413740009
vt 0.6333550215 0.2966659963
vt 0.6515300274 0.3170340061
vt 0.1726109982 0.4814729989
vt 0.1866320074 0.4760400057
vt 0.191572994 0.5019569993
vt 0.7476680279 0.7988209724
vt 0.6249949932 0.2198819965
vt 0.6453210115 0.2289890051
vt 0.6607660055 0.2474019974
vt 0.6785159707 0.2652879953
vt 0.6740720272 0.2483599931
vt 0.588252008 0.8500069976
vt 0.6120589972 0.8552950025
vt 0.6069369912 0.8551650047
vt 0.4632650018 0.6949639916
vt 0.4416959882 0.6797800064
vt 0.763988018 0.3247669935
vt 0.770498991 0.32555601
vt 0.7833319902 0.3382160068
vt 0.3375020027 0.2044029981
vt 0.3457570076 0.2217109948
vt 0.3601599932 0.2032220066
vt 0.8188070059 0.6448649764
vt 0.8331599832 0.6272969842
vt 0.8137699962 0.6153550148
vt 0.7076380253 0.2789399922
vt 0.6903949976 0.7879580259
vt 0.6913620234 0.7700150013
vt 0.7092350125 0.7850310206
vt 0.6843360066 0.5076159835
vt 0.6891279817 0.5364590287
vt 0.7044699788 0.5272359848
vt 0.3425500095 0.672878027
vt 0.3440740108 0.6895689964
vt 0.3573740125 0.6894099712
vt 0.237766996 0.5180330276
vt 0.2582289875 0.5264469981
vt 0.1894939989 0.5034310222
vt 0.2091619968 0.5215650201
vt 0.6670250297 0.3197239935
vt 0.6753370166 0.2889269888
vt 0.5249149799 0.1831029952
vt 0.2479339987 0.6028919816
vt 0.258980006 0.6133149862
vt 0.2450159937 0.5916669965
vt 0.6630589962 0.70490098
vt 0.6715869904 0.7231240273
vt 0.6631569862 0.2677330077
vt 0.6658890247 0.2417210042
vt 0.6544139981 0.232137993
vt 0.06233999878 0.2953439951
vt 0.0776970014 0.3161939979
vt 0.689037025 0.315643996
vt 0.3404409885 0.4261949956
vt 0.3564839959 0.4204899967
vt 0.3524279892 0.4507060051
vt 0.272439003 0.4601719975
vt 0.2961960137 0.4765709937
vt 0.296517998 0.4456669986
vt 0.6492620111 0.4304929972
vt 0.6421480179 0.4507920146
vt 0.3347550035 0.513324976
vt 0.6518909931 0.6678419709
vt 0.6321579814 0.6769329906
vt 0.6483860016 0.6931430101
vt 0.6857619882 0.2567279935
vt 0.342110008 0.1813489944
vt 0.3465769887 0.2054859996
vt 0.3274360001 0.1970199943
vt 0.7372670174 0.2974039912
vt 0.946886003 0.6100770235
vt 0.9360520244 0.5830690265
vt 0.9339780211 0.5959290266
vt 0.751511991 0.3117580116
vt 0.7288110256 0.2939580083
vt 0.409303993 0.1227449998
vt 0.4207870066 0.1186570004
vt 0.3980059922 0.1089380011
vt 0.6845009923 0.342952013
vt 0.05010100082 0.1660860032
vt 0.6763820052 0.2533220053
vt 0.6966149807 0.2669149935
vt 0.6936529875 0.2663590014
vt 0.5044980049 0.8164420128
vt 0.5157300234 0.8140919805
vt 0.7528889775 0.312406987
vt 0.2465440035 0.585653007
vt 0.2253700048 0.5697199702
vt 0.2331070006 0.5692189932
vt 0.3568530083 0.3728429973
vt 0.717287004 0.2809439898
vt 0.2159100026 0.2088779956
vt 0.2232750058 0.2304439992
vt 0.7409030199 0.3104459941
vt 0.7317199707 0.3108299971
vt 0.7076140046 0.8033739924
vt 0.2152179927 0.3790690005
vt 0.1992499977 0.3513709903
vt 0.223217994 0.3484309912
vt 0.7542669773 0.3253360093
vt 0.7056580186 0.2726480067
vt 0.5321959853 0.8202559948
vt 0.5158749819 0.8080760241
vt 0.947773993 0.8694739938
vt 0.9379799962 0.8952630162
vt 0.9490150213 0.8916789889
vt 0.7005490065 0.3378489912
vt 0.7121700048 0.8804450035
vt 0.732246995 0.8927320242
vt 0.9504600167 0.788640976
vt 0.9428150058 0.8018620014
vt 0.9374769926 0.810593009
vt 0.7119339705 0.6392049789
vt 0.4478900135 0.5257750154
vt 0.4666030109 0.5181210041
vt 0.7967159748 0.3497940004
vt 0.7998200059 0.3552359939
vt 0.7676979899 0.3236370087
vt 0.7342600226 0.5114340186
vt 0.7504180074 0.5173699856
vt 0.7472710013 0.5348600149
vt 0.779260993 0.3432500064
vt 0.7618499994 0.3276839852
vt 0.5322960019 0.6690319777
vt 0.5125309825 0.6555920243
vt 0.7182970047 0.348706007
vt 0.538654983 0.4415360093
vt 0.5157909989 0.4292280078
vt 0.519168973 0.4540039897
vt 0.5749869943 0.8060119748
vt 0.5752260089 0.8228279948
vt 0.5935930014 0.8226069808
vt 0.1544499993 0.3719359934
vt 0.1396429986 0.3733260036
vt 0.1421149969 0.3446159959
vt 0.5715180039 0.8401929736
vt 0.5529659986 0.8233119845
vt 0.5681310296 0.8279410005
vt 0.8525050282 0.4242190123
vt 0.8615880013 0.4437899888
vt 0.8653699756 0.4350320101
vt 0.8825830221 0.455291003
vt 0.8772559762 0.461939007
vt 0.8944810033 0.4792670012
vt 0.7046939731 0.8283339739
vt 0.6933220029 0.8433769941
vt 0.6822360158 0.8264709711
vt 0.6380169988 0.4589009881
vt 0.6377159953 0.4347499907
vt 0.656562984 0.4536580145
vt 0.08944900334 0.2568269968
vt 0.100755997 0.2593109906
vt 0.09670600295 0.2852270007
vt 0.8712130189 0.4370470047
vt 0.8570039868 0.4169270098
vt 0.3780249953 0.09207399935
vt 0.3994539976 0.09407799691
vt 0.3933959901 0.08502600342
vt 0.7756969929 0.8618929982
vt 0.7595070004 0.8429329991
vt 0.780223012 0.8421099782
vt 0.1492830068 0.1078730002
vt 0.1351770014 0.1238100007
vt 0.1363060027 0.09353800118
vt 0.8870900273 0.4871219993
vt 0.784093976 0.3368639946
vt 0.8385289907 0.3945910037
vt 0.8486670256 0.4097979963
vt 0.9038919806 0.5071979761
vt 0.8131909966 0.3676910102
vt 0.7984979749 0.3532449901
vt 0.08706299961 0.3599869907
vt 0.08223000169 0.3500320017
vt 0.8188269734 0.3740479946
vt 0.8129429817 0.3730469942
vt 0.8090599775 0.3820500076
vt 0.9224140048 0.661123991
vt 0.9385960102 0.6481289864
vt 0.9204999804 0.6253160238
vt 0.7815489769 0.3395670056
vt 0.9329630136 0.820859015
vt 0.9378299713 0.8294839859
vt 0.502910018 0.3159990013
vt 0.5049419999 0.2953430116
vt 0.4844210148 0.302361995
vt 0.868039012 0.9304090142
vt 0.5555089712 0.4740209877
vt 0.5292829871 0.4749409854
vt 0.537612021 0.5034480095
vt 0.8224520087 0.5516269803
vt 0.8405659795 0.578610003
vt 0.842287004 0.5482010245
vt 0.3993749917 0.3350729942
vt 0.4039799869 0.3636820018
vt 0.3820640147 0.3545069993
vt 0.6292729974 0.8548899889
vt 0.4327610135 0.7393270135
vt 0.4552229941 0.74693501
vt 0.443482995 0.7321419716
vt 0.2481669933 0.3535000086
vt 0.2651380002 0.3718619943
vt 0.267298013 0.3420059979
vt 0.5811790228 0.4753519893
vt 0.5820450187 0.4469619989
vt 0.6030279994 0.4617579877
vt 0.1980829984 0.4428580105
vt 0.183427006 0.4491719902
vt 0.1818799973 0.420855999
vt 0.7972350121 0.8595719934
vt 0.7991570234 0.8433340192
vt 0.1600849926 0.342343986
vt 0.1502899975 0.3140879869
vt 0.8013659716 0.3943400085
vt 0.8194019794 0.4061020017
vt 0.8711789846 0.4667550027
vt 0.3021109998 0.354463011
vt 0.3174619973 0.3440099955
vt 0.4079970121 0.1203280017
vt 0.4225350022 0.1265480071
vt 0.431961 0.1365119964
vt 0.213093996 0.1877139956
vt 0.2072120011 0.2170580029
vt 0.193505004 0.191418007
vt 0.5353639722 0.8142430186
vt 0.8092870116 0.414932996
vt 0.8942419887 0.5137479901
vt 0.8787459731 0.4906559885
vt 0.2901279926 0.4026890099
vt 0.2988109887 0.3822570145
vt 0.3104769886 0.4029540122
vt 0.58485502 0.6460319757
vt 0.5732870102 0.6638919711
vt 0.6052860022 0.6328629851
vt 0.9114440084 0.5408890247
vt 0.7467079759 0.8863880038
vt 0.7539070249 0.8643929958
vt 0.7705140114 0.8821629882
vt 0.8948199749 0.5421389937
vt 0.8810430169 0.5166910291
vt 0.9086290002 0.569667995
vt 0.8919730186 0.5691130161
vt 0.8241919875 0.4306429923
vt 0.8799960017 0.5238069892
vt 0.8697620034 0.4955849946
vt 0.5878419876 0.843034029
vt 0.60888201 0.8547019958
vt 0.4495519996 0.2033759952
vt 0.456983 0.226335004
vt 0.4367009997 0.2193260044
vt 0.2761810124 0.6198269725
vt 0.2582089901 0.5954350233
vt 0.8786699772 0.5429639816
vt 0.8769680262 0.5675110221
vt 0.8615490198 0.5442529917
vt 0.8056849837 0.5040140152
vt 0.7890840173 0.479990989
vt 0.8642799854 0.4940600097
vt 0.8629180193 0.5196329951
vt 0.5973650217 0.2673450112
vt 0.5863270164 0.2757360041
vt 0.9268119931 0.8224300146
vt 0.925342977 0.8314509988
vt 0.9112160206 0.8417440057
vt 0.8452169895 0.4981200099
vt 0.5323470235 0.773401022
vt 0.5346639752 0.7669929862
vt 0.5551699996 0.7840719819
vt 0.8697770238 0.8463330269
vt 0.8913689852 0.8461409807
vt 0.8591359854 0.7474979758
vt 0.8411329985 0.7322919965
vt 0.8603019714 0.7124720216
vt 0.4750190079 0.3983809948
vt 0.4944770038 0.4169610143
vt 0.4944750071 0.3881300092
vt 0.496506989 0.2592639923
vt 0.4877389967 0.231460005
vt 0.5076879859 0.2420219928
vt 0.6028130054 0.5302000046
vt 0.5979470015 0.4991289973
vt 0.5827310085 0.5208579898
vt 0.6330500245 0.8228920102
vt 0.6121330261 0.8107889891
vt 0.6140570045 0.8378589749
vt 0.785055995 0.3878070116
vt 0.7468289733 0.3380100131
vt 0.7345330119 0.3304460049
vt 0.7273979783 0.3201169968
vt 0.8058720231 0.4368290007
vt 0.8264600039 0.4549129903
vt 0.793208003 0.4098370075
vt 0.7535669804 0.7921900153
vt 0.7473880053 0.8104979992
vt 0.7288079858 0.7983599901
vt 0.3478110135 0.7037659883
vt 0.367294997 0.7113879919
vt 0.3169200122 0.05964000151
vt 0.3384380043 0.06615000218
vt 0.6704339981 0.8384699821
vt 0.6819009781 0.8544409871
vt 0.4253970087 0.148954004
vt 0.4249159992 0.133367002
vt 0.4078829885 0.1366370022
vt 0.6025429964 0.8234609962
vt 0.5828430057 0.8288679719
vt 0.5788069963 0.8051400185
vt 0.7935789824 0.5977050066
vt 0.7914549708 0.6262440085
vt 0.7754970193 0.6040539742
vt 0.3734309971 0.1695359945
vt 0.3557580113 0.1645610034
vt 0.3670319915 0.1499249935
vt 0.9520459771 0.8343989849
vt 0.1379240006 0.4271230102
vt 0.1231240034 0.413944006
vt 0.7737960219 0.3992640078
vt 0.7826409936 0.4288190007
vt 0.771377027 0.450432986
vt 0.2067040056 0.1398169994
vt 0.1992190033 0.1466130018
vt 0.723797977 0.721634984
vt 0.2102040052 0.05775000155
vt 0.184514001 0.06358800083
vt 0.1906169951 0.05009000003
vt 0.3781200051 0.550984025
vt 0.3850739896 0.5708540082
vt 0.3617730141 0.555463016
vt 0.0863950029 0.1637890041
vt 0.7526729703 0.3871070147
vt 0.7618989944 0.4168370068
vt 0.4929339886 0.6883080006
vt 0.4949710071 0.6690790057
vt 0.5142620206 0.6907269955
vt 0.4105229974 0.4482440054
vt 0.1548189968 0.4269469976
vt 0.1537020057 0.3999249935
vt 0.1678960025 0.4255880117
vt 0.5190060139 0.7960510254
vt 0.7493069768 0.4295119941
vt 0.7285050154 0.3796820045
vt 0.7298949957 0.4099850059
vt 0.7443779707 0.4043990076
vt 0.6980270147 0.7513499856
vt 0.6843219995 0.7245699763
vt 0.7125279903 0.735976994
vt 0.5548589826 0.664929986
vt 0.6768940091 0.4794870019
vt 0.6489800215 0.4836359918
vt 0.03959700093 0.1535319984
vt 0.04180400074 0.1327629983
vt 0.05491200089 0.1379230022
vt 0.2373300046 0.1228440031
vt 0.2293400019 0.09597799927
vt 0.2542900145 0.1046210006
vt 0.07031399757 0.3242279887
vt 0.08313299716 0.3353219926
vt 0.7877879739 0.9095010161
vt 0.1263069957 0.3456709981
vt 0.7040529847 0.3625319898
vt 0.7139239907 0.4646469951
vt 0.6976180077 0.4701049924
vt 0.6958320141 0.4454100132
vt 0.07153499871 0.3021889925
vt 0.6707699895 0.4830639958
vt 0.6529150009 0.4762409925
vt 0.6623219848 0.5030320287
vt 0.4576979876 0.6744440198
vt 0.3514820039 0.4708819985
vt 0.3643119931 0.4479860067
vt 0.3438659906 0.4443579912
vt 0.9613639712 0.6391879916
vt 0.9632419944 0.637880981
vt 0.9713249803 0.6678289771
vt 0.5954700112 0.2909660041
vt 0.5768679976 0.3060500026
vt 0.5958549976 0.3188770115
vt 0.2441699952 0.08080899715
vt 0.2685000002 0.08778999746
vt 0.7098500133 0.3889249861
vt 0.2982290089 0.4787420034
vt 0.686653018 0.3679710031
vt 0.9102039933 0.5587769747
vt 0.301564008 0.0894260034
vt 0.3058969975 0.08025699854
vt 0.2361519933 0.06040700153
vt 0.04687599838 0.1269509941
vt 0.06474299729 0.1176469997
vt 0.04659000039 0.1089159995
vt 0.5321649909 0.2628810108
vt 0.5473700166 0.2484890074
vt 0.524387002 0.2408480048
vt 0.2496329993 0.5426200032
vt 0.2285079956 0.5327429771
vt 0.2404440045 0.5550680161
vt 0.8068320155 0.7311090231
vt 0.7874019742 0.744238019
vt 0.5544319749 0.7067520022
vt 0.5747230053 0.7104719877
vt 0.5602229834 0.6927360296
vt 0.5393790007 0.226560995
vt 0.5619289875 0.2322140038
vt 0.8944910169 0.9226719737
vt 0.541218996 0.5875250101
vt 0.5637459755 0.5891349912
vt 0.6683200002 0.3414050043
vt 0.6534850001 0.4099360108
vt 0.6705440283 0.4327329993
vt 0.865655005 0.6505460143
vt 0.8455719948 0.6385930181
vt 0.8521639705 0.6206009984
vt 0.6518639922 0.6336860061
vt 0.528339982 0.1984329969
vt 0.5234280229 0.1880670041
vt 0.54470402 0.1996089965
vt 0.8439329863 0.408066988
vt 0.2872729897 0.5798760056
vt 0.2621960044 0.5687559843
vt 0.2765820026 0.5900210142
vt 0.9578949809 0.794310987
vt 0.955460012 0.8237469792
vt 0.377440989 0.7274529934
vt 0.3657259941 0.7228239775
vt 0.4131729901 0.1996870041
vt 0.3954260051 0.2118169963
vt 0.3909429908 0.1835100055
vt 0.948390007 0.8488349915
vt 0.6290479898 0.8403660059
vt 0.6433240175 0.8585309982
vt 0.9567810297 0.7743840218
vt 0.67603302 0.3847549856
vt 0.4261839986 0.1192329973
vt 0.4054729939 0.1157530025
vt 0.4067929983 0.1050340012
vt 0.68018502 0.5614489913
vt 0.7027410269 0.5556150079
vt 0.5697839856 0.2542279959
vt 0.4453600049 0.7624639869
vt 0.9122359753 0.5370910168
vt 0.4785630107 0.3747619987
vt 0.531678021 0.2028010041
vt 0.2685059905 0.4514949918
vt 0.9345049858 0.7300879955
vt 0.9481800199 0.7442680001
vt 0.5875939727 0.677989006
vt 0.5662170053 0.6750580072
vt 0.5796610117 0.6945009828
vt 0.03914200142 0.1475339979
vt 0.6508740187 0.342907995
vt 0.9530910254 0.6177610159
vt 0.9608529806 0.633853972
vt 0.8314509988 0.4383690059
vt 0.8490390182 0.4369510114
vt 0.8493459821 0.4563060105
vt 0.9603469968 0.8156110048
vt 0.9591339827 0.7858080268
vt 0.5107979774 0.2513040006
vt 0.2960880101 0.610746026
vt 0.3105509877 0.6094970107
vt 0.4982610047 0.255400002
vt 0.5180720091 0.2697190046
vt 0.6148660183 0.3062179983
vt 0.6335030198 0.323514998
vt 0.287849009 0.6151310205
vt 0.2738139927 0.5988240242
vt 0.6148329973 0.3639400005
vt 0.6367539763 0.3837170005
vt 0.5584210157 0.3586240113
vt 0.5483610034 0.3294619918
vt 0.5345759988 0.3481869996
vt 0.5957149863 0.3717620075
vt 0.5772699714 0.3787229955
vt 0.6336429715 0.3518800139
vt 0.5529630184 0.2087009996
vt 0.9601430297 0.7394269705
vt 0.9391790032 0.7442700267
vt 0.6235479712 0.8530139923
vt 0.6056129932 0.8430889845
vt 0.578625977 0.3531340063
vt 0.502967 0.2733950019
vt 0.522973001 0.2897979915
vt 0.4782930017 0.2422100008
vt 0.4926880002 0.2419430017
vt 0.4768950045 0.2290280014
vt 0.8227519989 0.8553850055
vt 0.8092780113 0.8367919922
vt 0.5957379937 0.3465740085
vt 0.5426830053 0.640182972
vt 0.5323039889 0.6603900194
vt 0.3768349886 0.7038459778
vt 0.6147500277 0.334679991
vt 0.7713260055 0.507735014
vt 0.787579 0.5063310266
vt 0.7705330253 0.4823499918
vt 0.5776500106 0.3318069875
vt 0.5651860237 0.337112993
vt 0.5250309706 0.3160569966
vt 0.5426030159 0.3050499856
vt 0.5947980285 0.2621249855
vt 0.6146749854 0.2801620066
vt 0.5378550291 0.2839109898
vt 0.5536090136 0.2710109949
vt 0.657886982 0.5533260107
vt 0.6506599784 0.5264909863
vt 0.6382030249 0.5488600135
vt 0.5609989762 0.3180670142
vt 0.5309529901 0.6127600074
vt 0.5532709956 0.6161739826
vt 0.4125469923 0.1305910051
vt 0.4216780066 0.1309880018
vt 0.431032002 0.1441089958
vt 0.5575979948 0.2952769995
vt 0.589779973 0.5890129805
vt 0.5757809877 0.6182370186
vt 0.5747830272 0.2790130079
vt 0.4839420021 0.2793689966
vt 0.4820820093 0.2585830092
vt 0.5144150257 0.52956599
vt 0.1489450037 0.4601469934
vt 0.1531610042 0.4703499973
vt 0.1624480039 0.4807940125
vt 0.2120359987 0.5527080297
vt 0.9430050254 0.602101028
vt 0.9397040009 0.615490973
vt 0.9267719984 0.5885480046
vt 0.5052149892 0.110108003
vt 0.5091829896 0.1096640006
vt 0.971044004 0.6526809931
vt 0.9687529802 0.6540179849
vt 0.9784870148 0.6775419712
vt 0.5665969849 0.3048410118
vt 0.5505189896 0.2899419963
vt 0.5649399757 0.2779479921
vt 0.7275570035 0.8777430058
vt 0.4454030097 0.2003850043
vt 0.4456610084 0.1810930073
vt 0.4278019965 0.1896450073
vt 0.5385770202 0.3873380125
vt 0.5395489931 0.4169580042
vt 0.8590819836 0.7762910128
vt 0.8789659739 0.783295989
vt 0.8618180156 0.8014910221
vt 0.6323599815 0.410360992
vt 0.2932170033 0.6405910254
vt 0.3043310046 0.6596410275
vt 0.2872950137 0.6461510062
vt 0.9503499866 0.8635460138
vt 0.8240399957 0.7186570168
vt 0.9593300223 0.6304460168
vt 0.5402470231 0.8297320008
vt 0.5471580029 0.8319090009
vt 0.5608890057 0.8453270197
vt 0.9748910069 0.6971399784
vt 0.971529007 0.6673489809
vt 0.9735779762 0.6971020103
vt 0.301481992 0.6665989757
vt 0.3179439902 0.6814590096
vt 0.1818190068 0.4827960134
vt 0.1691530049 0.4770430028
vt 0.1071840003 0.1428579986
vt 0.1050330028 0.112455003
vt 0.121243 0.1131839976
vt 0.1887049973 0.5170909762
vt 0.5950599909 0.7296839952
vt 0.5912849903 0.7109810114
vt 0.5197510123 0.6218789816
vt 0.5405030251 0.6296579838
vt 0.5334389806 0.5997629762
vt 0.2338729948 0.2677710056
vt 0.6948099732 0.2784950137
vt 0.2514030039 0.607828021
vt 0.2625159919 0.6243929863
vt 0.3288420141 0.5398430228
vt 0.3918040097 0.1212129965
vt 0.330253005 0.4655809999
vt 0.3161630034 0.4870539904
vt 0.1971029937 0.2493209988
vt 0.1887599975 0.2211409956
vt 0.5601840019 0.2040649951
vt 0.5403100252 0.1893450022
vt 0.4444650114 0.7936859727
vt 0.3732739985 0.4740970135
vt 0.3958759904 0.4764539897
vt 0.1791580021 0.2635349929
vt 0.4612970054 0.1499820054
vt 0.4674240053 0.1728670001
vt 0.4858539999 0.1622460037
vt 0.4146400094 0.5338400006
vt 0.4266789854 0.5584999919
vt 0.4382829964 0.5421950221
vt 0.8475760221 0.8436830044
vt 0.8515629768 0.8633310199
vt 0.3203639984 0.435725987
vt 0.8407080173 0.7952859998
vt 0.8200730085 0.8114669919
vt 0.8813930154 0.7021369934
vt 0.899206996 0.7093840241
vt 0.3670069873 0.09610100091
vt 0.3473519981 0.09354899824
vt 0.3426690102 0.08418799937
vt 0.2374120057 0.1835840046
vt 0.2583839893 0.193543002
vt 0.3351930082 0.456358999
vt 0.322852999 0.4298540056
vt 0.3352560103 0.2479249984
vt 0.4093720019 0.2686600089
vt 0.3933500051 0.2859179974
vt 0.4171470106 0.2939800024
vt 0.4014460146 0.3130469918
vt 0.4238190055 0.3195179999
vt 0.3803249896 0.3077600002
vt 0.3703069985 0.2794319987
vt 0.3854149878 0.2587150037
vt 0.6570249796 0.4208750129
vt 0.3371979892 0.634115994
vt 0.3549520075 0.6535919905
vt 0.3488070071 0.6370970011
vt 0.7323099971 0.5295580029
vt 0.7182070017 0.5137360096
vt 0.4079729915 0.7315340042
vt 0.6570680141 0.8316940069
vt 0.6485739946 0.8058609962
vt 0.563157022 0.1594139934
vt 0.5553889871 0.1478579938
vt 0.2558720112 0.43028301
vt 0.472822994 0.4312619865
vt 0.4995250106 0.4457789958
vt 0.4849509895 0.3291609883
vt 0.4717069864 0.3530290127
vt 0.4930419922 0.3590379953
vt 0.4454529881 0.3263730109
vt 0.6463270187 0.5758079886
vt 0.6586940289 0.6007400155
vt 0.6634079814 0.5769389868
vt 0.7567269802 0.662504971
vt 0.739587009 0.6739839911
vt 0.7551959753 0.68740201
vt 0.4086709917 0.340418011
vt 0.8264099956 0.3969599903
vt 0.8258609772 0.4010989964
vt 0.810995996 0.3871800005
vt 0.5327169895 0.8183010221
vt 0.5278750062 0.7999129891
vt 0.5102159977 0.4036230147
vt 0.4606510103 0.3750729859
vt 0.2456910014 0.105374001
vt 0.2447350025 0.08761499822
vt 0.4633730054 0.3334479928
vt 0.8134400249 0.3974750042
vt 0.8310009837 0.4142369926
vt 0.329892993 0.6186400056
vt 0.3177129924 0.6169769764
vt 0.1142340004 0.3429430127
vt 0.4526750147 0.4023300111
vt 0.4471760094 0.4305320084
vt 0.1074680015 0.3365690112
vt 0.1040439978 0.3139480054
vt 0.2996810079 0.4138549864
vt 0.1299380064 0.1470240057
vt 0.4692850113 0.6025339961
vt 0.4792810082 0.631280005
vt 0.3880830109 0.3346590102
vt 0.3712440133 0.3285909891
vt 0.9612320065 0.8685650229
vt 0.955787003 0.8834279776
vt 0.353008002 0.3377009928
vt 0.3605200052 0.3059599996
vt 0.4165259898 0.3698459864
vt 0.4277450144 0.4039959908
vt 0.9821280241 0.7556440234
vt 0.9857879877 0.7349069715
vt 0.9867990017 0.7330870032
vt 0.9820089936 0.7173920274
vt 0.9760619998 0.7533180118
vt 0.4439939857 0.4521540105
vt 0.4287700057 0.4361450076
vt 0.8737149835 0.6240620017
vt 0.2530330122 0.29558599
vt 0.2324199975 0.3086059988
vt 0.8063250184 0.7049509883
vt 0.8210600019 0.6954590082
vt 0.2298800051 0.1854590029
vt 0.2403640002 0.2169830054
vt 0.2542990148 0.1958300024
vt 0.3562029898 0.4270719886
vt 0.2217089981 0.5626620054
vt 0.2408459932 0.5818629861
vt 0.1829559952 0.4539169967
vt 0.295717001 0.3585050106
vt 0.2818830013 0.3762530088
vt 0.426169008 0.5051839948
vt 0.4281859994 0.535777986
vt 0.4065369964 0.5155119896
vt 0.08305999637 0.1909970045
vt 0.0802360028 0.2217999995
vt 0.3397499919 0.4169830084
vt 0.3578760028 0.403057009
vt 0.3387539983 0.3879989982
vt 0.6111130118 0.3238709867
vt 0.6278259754 0.3576099873
vt 0.6035259962 0.3559100032
vt 0.3119640052 0.4623039961
vt 0.0504870005 0.1032489985
vt 0.03720999882 0.1143859997
vt 0.02929100022 0.1145400032
vt 0.09893400222 0.31002599
vt 0.5777490139 0.3599489927
vt 0.5627300143 0.3319729865
vt 0.5851380229 0.3283300102
vt 0.5955280066 0.7693030238
vt 0.6131989956 0.7752959728
vt 0.6167690158 0.7895119786
vt 0.6739940047 0.7514190078
vt 0.2724260092 0.6330320239
vt 0.4853129983 0.3006359935
vt 0.4690999985 0.2764379978
vt 0.4860109985 0.2761380076
vt 0.1970030069 0.5377929807
vt 0.2026149929 0.5388659835
vt 0.1875980049 0.5243989825
vt 0.543160975 0.3801040053
vt 0.9256569743 0.9206889868
vt 0.3362019956 0.3580040038
vt 0.4737040102 0.4161320031
vt 0.4815340042 0.4440490007
vt 0.4600099921 0.436134994
vt 0.3747560084 0.1155890003
vt 0.3605290055 0.1039279997
vt 0.3817200065 0.1087590009
vt 0.775282979 0.8939499855
vt 0.555998981 0.8394730091
vt 0.4129450023 0.4201169908
vt 0.4042620063 0.3944250047
vt 0.2385900021 0.2997240126
vt 0.2410050035 0.3292630017
vt 0.2263749987 0.3176989853
vt 0.8855230212 0.4898099899
vt 0.8761360049 0.4786010087
vt 0.8417580128 0.8909959793
vt 0.8249850273 0.8981739879
vt 0.7534350157 0.3431710005
vt 0.7431790233 0.3260209858
vt 0.7646430135 0.3425810039
vt 0.549570024 0.6771550179
vt 0.6006140113 0.4352590144
vt 0.620709002 0.4480749965
vt 0.6861450076 0.5056819916
vt 0.6831870079 0.5287899971
vt 0.3966200054 0.618580997
vt 0.4142380059 0.6108419895
vt 0.4178160131 0.6363040209
vt 0.4227649868 0.408201009
vt 0.3488399982 0.7138800025
vt 0.1451500058 0.4555270076
vt 0.1328260005 0.4364050031
vt 0.3062399924 0.5822389722
vt 0.2910380065 0.5597630143
vt 0.8079419732 0.6493489742
vt 0.8265429735 0.6725540161
vt 0.5547329783 0.6082479954
vt 0.5520550013 0.5740969777
vt 0.7011920214 0.2912249863
vt 0.7076299787 0.3010649979
vt 0.6887680292 0.2817650139
vt 0.1177190021 0.224969998
vt 0.1324100047 0.226312995
vt 0.129877001 0.256054014
vt 0.1852219999 0.1033629999
vt 0.08837299794 0.09605699778
vt 0.06773900241 0.1017630026
vt 0.08689200133 0.1119429991
vt 0.2503260076 0.3238300085
vt 0.7708420157 0.8101059794
vt 0.2775410116 0.2263190001
vt 0.3945569992 0.1212970018
vt 0.3896790147 0.132871002
vt 0.538736999 0.8038169742
vt 0.4335460067 0.2791360021
vt 0.4409680068 0.3024420142
vt 0.3134759963 0.1995140016
vt 0.2958439887 0.213854
vt 0.3198460042 0.2251629978
vt 0.05220999941 0.1902640015
vt 0.04248800129 0.2086540014
vt 0.03998599946 0.1791860014
vt 0.3604669869 0.6554210186
vt 0.3645510077 0.6746780276
vt 0.3209730089 0.0734679997
vt 0.3409779966 0.07805900276
vt 0.3238289952 0.06696300209
vt 0.1845780015 0.4286989868
vt 0.2968510091 0.2378930002
vt 0.1625819951 0.255171001
vt 0.149435997 0.2259989977
vt 0.1688960046 0.2233619988
vt 0.2750509977 0.2041289955
vt 0.2612830102 0.215854004
vt 0.1570100039 0.1962800026
vt 0.1402409971 0.2003650069
vt 0.271254003 0.3141289949
vt 0.7544800043 0.6023240089
vt 0.7749580145 0.5896180272
vt 0.7582269907 0.5729150176
vt 0.302056998 0.2918500006
vt 0.09828100353 0.3542400002
vt 0.08742400259 0.3435060084
vt 0.08531700075 0.3341360092
vt 0.311255008 0.3172799945
vt 0.3298119903 0.3280209899
vt 0.2839820087 0.3624390066
vt 0.2866339982 0.3345710039
vt 0.07501699775 0.1042720005
vt 0.0787139982 0.08745200187
vt 0.08852499723 0.08478900045
vt 0.3147580028 0.2532050014
vt 0.3125140071 0.2759830058
vt 0.2921150029 0.3112320006
vt 0.3023659885 0.3318159878
vt 0.2794939876 0.4936879873
vt 0.4774309993 0.7538269758
vt 0.4662519991 0.7414399981
vt 0.2374649942 0.2465330064
vt 0.5181919932 0.1501670033
vt 0.4986619949 0.1542049944
vt 0.4956890047 0.132415995
vt 0.5713310242 0.7816889882
vt 0.5920829773 0.7957000136
vt 0.5877709985 0.7619180083
vt 0.7224900126 0.6901909709
vt 0.7420870066 0.7044759989
vt 0.5115590096 0.6348580122
vt 0.2583540082 0.5203300118
vt 0.2506990135 0.4933300018
vt 0.5661180019 0.5438569784
vt 0.5874080062 0.5511260033
vt 0.6965919733 0.6132839918
vt 0.6661159992 0.456317991
vt 0.3426539898 0.08095899969
vt 0.3416990042 0.07176300138
vt 0.3181250095 0.07261399925
vt 0.9430059791 0.7122319937
vt 0.9309269786 0.6968870163
vt 0.7995849848 0.6342399716
vt 0.380618006 0.6572290063
vt 0.3816519976 0.6770470142
vt 0.393938005 0.6747999787
vt 0.6909300089 0.8017920256
vt 0.5159519911 0.4970909953
vt 0.5072919726 0.4722679853
vt 0.1230320036 0.2860360146
vt 0.1070789993 0.2860839963
vt 0.1156399995 0.2587490082
vt 0.4850650132 0.4634949863
vt 0.4619269967 0.4559189975
vt 0.4533349872 0.7599909902
vt 0.4725059867 0.7727730274
vt 0.4437560141 0.7663699985
vt 0.3457239866 0.6859840155
vt 0.7879940271 0.7177299857
vt 0.5707020164 0.7544209957
vt 0.3208340108 0.2988120019
vt 0.8234750032 0.3961780071
vt 0.8236550093 0.4026609957
vt 0.8371289968 0.4120109975
vt 0.9193620086 0.6837959886
vt 0.01833399944 0.1931760013
vt 0.01211200003 0.2147659957
vt 0.02224599943 0.2207310051
vt 0.859359026 0.894348979
vt 0.3029029965 0.6330900192
vt 0.2846730053 0.6134629846
vt 0.3036549985 0.6355159879
vt 0.2034469992 0.185247004
vt 0.179798007 0.1876509935
vt 0.167275995 0.1163010001
vt 0.7227529883 0.5482190251
vt 0.5777410269 0.4298479855
vt 0.5553359985 0.4129300117
vt 0.5612810254 0.4426920116
vt 0.5770949721 0.4036090076
vt 0.3390400112 0.5387430191
vt 0.3444730043 0.5639640093
vt 0.3217299879 0.5471410155
vt 0.561958015 0.3865579963
vt 0.9573140144 0.8444949985
vt 0.7280120254 0.778316021
vt 0.7091519833 0.7685059905
vt 0.836386025 0.6981369853
vt 0.5167710185 0.3742190003
vt 0.5103700161 0.3389190137
vt 0.7156059742 0.6303449869
vt 0.5958830118 0.4183549881
vt 0.5298860073 0.4069139957
vt 0.5985519886 0.4468030035
vt 0.2894529998 0.4557229877
vt 0.1827760041 0.2529459894
vt 0.5838009715 0.1871850044
vt 0.4503029883 0.2775579989
vt 0.4312449992 0.2799580097
vt 0.4345059991 0.2514179945
vt 0.7739769816 0.6568920016
vt 0.7713750005 0.6852350235
vt 0.4664590061 0.8066700101
vt 0.483047992 0.8118389845
vt 0.4880850017 0.8151019812
vt 0.9665660262 0.6844630241
vt 0.9666110277 0.6571660042
vt 0.9555490017 0.6669939756
vt 0.4046449959 0.1349900067
vt 0.5614070296 0.4317969978
vt 0.9266200066 0.7484319806
vt 0.5437729955 0.8036569953
vt 0.9695169926 0.6539639831
vt 0.4831480086 0.5101670027
vt 0.4932979941 0.5370540023
vt 0.504248023 0.5164129734
vt 0.6365749836 0.6540150046
vt 0.6273069978 0.700026989
vt 0.6102380157 0.6809120178
vt 0.7373030186 0.6421669722
vt 0.6032099724 0.7011780143
vt 0.6182960272 0.6572449803
vt 0.4918229878 0.5868340135
vt 0.5499870181 0.6558619738
vt 0.5622019768 0.633818984
vt 0.5273969769 0.6457899809
vt 0.4929459989 0.6593570113
vt 0.1395329982 0.05353400111
vt 0.1216220036 0.05114199966
vt 0.1399060041 0.04239900038
vt 0.5032910109 0.5642169714
vt 0.5115720034 0.5933679938
vt 0.5258960128 0.568252027
vt 0.36481601 0.6109809875
vt 0.3851639926 0.6349250078
vt 0.6123110056 0.5985019803
vt 0.589846015 0.610047996
vt 0.6938149929 0.875977993
vt 0.6925259829 0.8669829965
vt 0.5907279849 0.5805320144
vt 0.6068630219 0.5624089837
vt 0.956313014 0.697372973
vt 0.9535840154 0.7266119719
vt 0.8571720123 0.6020789742
vt 0.8372669816 0.5905709863
vt 0.5401269794 0.5375930071
vt 0.6783570051 0.5931929946
vt 0.8477330208 0.4227559865
vt 0.8306170106 0.4066520035
vt 0.8380740285 0.6546800137
vt 0.8468639851 0.6773189902
vt 0.8545250297 0.6622390151
vt 0.626504004 0.571762979
vt 0.1321180016 0.108055003
vt 0.1337099969 0.08927000314
vt 0.4014829993 0.1173200011
vt 0.4005990028 0.6917099953
vt 0.6206390262 0.5409839749
vt 0.5003579855 0.2195910066
vt 0.4812969863 0.2068450004
vt 0.4945409894 0.1974859983
vt 0.6197850108 0.506238997
vt 0.6337649822 0.5243960023
vt 0.5893080235 0.1775649935
vt 0.5907109976 0.1820439994
vt 0.6064100266 0.1950300038
vt 0.230449006 0.3940750062
vt 0.2454860061 0.4072700143
vt 0.5784190297 0.4891979992
vt 0.5927730203 0.4734140038
vt 0.5776450038 0.4588499963
vt 0.573751986 0.5682560205
vt 0.7434430122 0.5842639804
vt 0.7619829774 0.586443007
vt 0.7569000125 0.6106979847
vt 0.01500099991 0.2025319934
vt 0.007656999864 0.2086970061
vt 0.005915999878 0.178956002
vt 0.5602869987 0.5117260218
vt 0.03037700057 0.1295209974
vt 0.01791200042 0.1403850019
vt 0.02527499944 0.1513749957
vt 0.7860980034 0.8257930279
vt 0.7950230241 0.8130120039
vt 0.6246619821 0.4738140106
vt 0.6065379977 0.4886009991
vt 0.7547960281 0.4983719885
vt 0.7341960073 0.4875819981
vt 0.1890369952 0.2960090041
vt 0.2119159997 0.2995600104
vt 0.008515999652 0.185661003
vt 0.009250000119 0.1573629975
vt 0.5115020275 0.1940799952
vt 0.5706560016 0.7304340005
vt 0.5482519865 0.726188004
vt 0.3251889944 0.6640689969
vt 0.3205490112 0.6740189791
vt 0.3067739904 0.6478580236
vt 0.1101289988 0.379918009
vt 0.1138639972 0.3957850039
vt 0.1025179997 0.3691889942
vt 0.2951360047 0.5471169949
vt 0.2141979933 0.4018369913
vt 0.02646899968 0.2653320134
vt 0.01967599988 0.2446260005
vt 0.01502699964 0.2383839935
vt 0.1841129959 0.06944300234
vt 0.1613560021 0.07405199856
vt 0.1710399985 0.08476500213
vt 0.4946970046 0.4908789992
vt 0.2714990079 0.5512570143
vt 0.1799519956 0.08497600257
vt 0.1620569974 0.09801899642
vt 0.1631450057 0.07537999749
vt 0.2884280086 0.6032429934
vt 0.7087249756 0.8719789982
vt 0.5411610007 0.2700690031
vt 0.5512750149 0.2533670068
vt 0.6144049764 0.8625940084
vt 0.1663569957 0.1671189964
vt 0.1595920026 0.2654869854
vt 0.9354940057 0.8570230007
vt 0.1033480018 0.06469400227
vt 0.103527002 0.08649300039
vt 0.1406130046 0.3984999955
vt 0.3887200058 0.7309409976
vt 0.6675300002 0.6845170259
vt 0.6371909976 0.6018909812
vt 0.6275029778 0.6301839948
vt 0.8594689965 0.6994950175
vt 0.9415150285 0.6804500222
vt 0.6063079834 0.7200090289
vt 0.1989060044 0.1632619947
vt 0.1809439957 0.1661799997
vt 0.7416920066 0.619682014
vt 0.2584410012 0.1686889976
vt 0.253888011 0.5786539912
vt 0.6237850189 0.7210270166
vt 0.6481930017 0.7192069888
vt 0.1174649969 0.4117600024
vt 0.5448589921 0.7942929864
vt 0.5627949834 0.8102080226
vt 0.553260982 0.8124009967
vt 0.8919349909 0.6102460027
vt 0.8968729973 0.6375949979
vt 0.2052060068 0.08928699791
vt 0.2150940001 0.1149640009
vt 0.1924889982 0.1116859987
vt 0.3744109869 0.6981329918
vt 0.5722309947 0.6167709827
vt 0.07033299655 0.1476439983
vt 0.08605200052 0.1602700055
vt 0.06788700074 0.1743409932
vt 0.2781940103 0.4241679907
vt 0.2623870075 0.4015539885
vt 0.4810059965 0.5598319769
vt 0.4734719992 0.5799739957
vt 0.488748014 0.5294929743
vt 0.5002239943 0.5011879802
vt 0.4734750092 0.482160002
vt 0.515139997 0.5407739878
vt 0.8485839963 0.9214149714
vt 0.5228980184 0.5193510056
vt 0.7171700001 0.4900180101
vt 0.7001820207 0.4957000017
vt 0.2205249965 0.07231599838
vt 0.7881860137 0.9022759795
vt 0.8056970239 0.9081760049
vt 0.7702670097 0.9017180204
vt 0.5721510053 0.5930619836
vt 0.3077110052 0.1238949969
vt 0.2908670008 0.1393020004
vt 0.2831169963 0.112732999
vt 0.4598970115 0.5522019863
vt 0.4700210094 0.5316089988
vt 0.4488460124 0.5229020119
vt 0.1785359979 0.5172340274
vt 0.6870869994 0.4559099972
vt 0.404489994 0.5062590241
vt 0.3910380006 0.5278509855
vt 0.5261989832 0.7832909822
vt 0.5018640161 0.7833589911
vt 0.3866199851 0.1541880071
vt 0.7750329971 0.3600740135
vt 0.7834749818 0.3559390008
vt 0.7959420085 0.3724170029
vt 0.655641973 0.7287849784
vt 0.6480489969 0.7546740174
vt 0.4525600076 0.5718200207
vt 0.0907670036 0.06937599927
vt 0.7674630284 0.5250989795
vt 0.7746599913 0.5036110282
vt 0.3875719905 0.7234889865
vt 0.6284629703 0.5005120039
vt 0.4269349873 0.5139250159
vt 0.8353539705 0.8764889836
vt 0.7016159892 0.521912992
vt 0.4623009861 0.1942770034
vt 0.4687719941 0.2175190002
vt 0.8902180195 0.9293410182
vt 0.6754570007 0.8457180262
vt 0.4604159892 0.5026720166
vt 0.09973700345 0.3404740095
vt 0.09390699863 0.309837997
vt 0.1027550027 0.3302550018
vt 0.4514999986 0.4751060009
vt 0.6064130068 0.6532570124
vt 0.3681049943 0.1972060055
vt 0.5036969781 0.1208269969
vt 0.7962520123 0.3824119866
vt 0.7928860188 0.3723169863
vt 0.4209809899 0.3481020033
vt 0.9148830175 0.8552730083
vt 0.9221749902 0.8699970245
vt 0.9041489959 0.8808749914
vt 0.08910699934 0.1336580068
vt 0.1736609936 0.1146129966
vt 0.176207006 0.3951790035
vt 0.1852149963 0.3729020059
vt 0.2473500073 0.4441480041
vt 0.2581549883 0.4211330116
vt 0.7970989943 0.396687001
vt 0.1997710019 0.3239479959
vt 0.2172850072 0.323736012
vt 0.9106320143 0.9212459922
vt 0.4376089871 0.1606660038
vt 0.4239839911 0.1660130024
vt 0.4196609855 0.1460919976
vt 0.7097110152 0.8874340057
vt 0.7126089931 0.8851979971
vt 0.6923469901 0.8854839802
vt 0.6302449703 0.786131978
vt 0.6214709878 0.771592021
vt 0.9373319745 0.9143019915
vt 0.3692359924 0.09997600317
vt 0.3642970026 0.6363549829
vt 0.4123170078 0.5773800015
vt 0.434980005 0.5875809789
vt 0.3891080022 0.570340991
vt 0.401831001 0.5530949831
vt 0.4182409942 0.6073099971
vt 0.2213139981 0.5670080185
vt 0.2020300031 0.5444239974
vt 0.2110120058 0.5525540113
vt 0.3086949885 0.3142690063
vt 0.3267560005 0.3271119893
vt 0.3109180033 0.3421550095
vt 0.4221659899 0.7042179704
vt 0.4123789966 0.6823490262
vt 0.3775959909 0.5485680103
vt 0.5293030143 0.8177419901
vt 0.1808809936 0.5076720119
vt 0.162154004 0.4833770096
vt 0.529730022 0.721322
vt 0.9103099704 0.4976899922
vt 0.922483027 0.5184360147
vt 0.9097970128 0.4934209883
vt 0.3674399853 0.4734080136
vt 0.3689079881 0.4427190125
vt 0.069614999 0.3177599907
vt 0.3400920033 0.5623400211
vt 0.3533230126 0.5446299911
vt 0.3842720091 0.09590300173
vt 0.4059379995 0.09984699637
vt 0.282674998 0.6470789909
vt 0.9601839781 0.8124319911
vt 0.9585369825 0.8241540194
vt 0.4414919913 0.6181830168
vt 0.3521369994 0.5845260024
vt 0.3647570014 0.5670350194
vt 0.5460249782 0.1367239952
vt 0.5530250072 0.1439229995
vt 0.5335080028 0.1284999996
vt 0.3385399878 0.5969939828
vt 0.3286690116 0.5759990215
vt 0.3204349875 0.5849660039
vt 0.3162919879 0.5557129979
vt 0.4002999961 0.658205986
vt 0.4973909855 0.1042679995
vt 0.4849889874 0.1026989967
vt 0.4904560149 0.114546001
vt 0.6714149714 0.7723670006
vt 0.3158859909 0.3725999892
vt 0.0943659991 0.1450709999
vt 0.08861000091 0.1072719991
vt 0.564432025 0.8394899964
vt 0.3068610132 0.6625260115
vt 0.3043760061 0.6651059985
vt 0.3444319963 0.6180649996
vt 0.308871001 0.5674700141
vt 0.1919150054 0.3485560119
vt 0.7775089741 0.6249600053
vt 0.7946149707 0.6037240028
vt 0.4356479943 0.5883960128
vt 0.43156299 0.5635049939
vt 0.4523859918 0.581076026
vt 0.1407700032 0.06826800108
vt 0.1592119932 0.05291400105
vt 0.8801239729 0.4655959904
vt 0.8984550238 0.4893440008
vt 0.8841300011 0.4761149883
vt 0.2818300128 0.3925690055
vt 0.7544590235 0.4864549935
vt 0.4687030017 0.5966519713
vt 0.3604100049 0.08212199807
vt 0.3587679863 0.08552200347
vt 0.3448680043 0.3145450056
vt 0.3258109987 0.2988780141
vt 0.4464629889 0.6663060188
vt 0.9313619733 0.5404980183
vt 0.9305769801 0.5456910133
vt 0.5338760018 0.7573050261
vt 0.5536879897 0.7628160119
vt 0.3961850107 0.7065899968
vt 0.4199660122 0.7221919894
vt 0.4097140133 0.7067059875
vt 0.1201409996 0.08855699748
vt 0.4742909968 0.1871439964
vt 0.03037000075 0.1740760058
vt 0.3894729912 0.6909080148
vt 0.49367401 0.7942219973
vt 0.3868699968 0.7172269821
vt 0.4289749861 0.3038530052
vt 0.4467400014 0.3043349981
vt 0.4384590089 0.6903129816
vt 0.4449959993 0.7167379856
vt 0.4578939974 0.7060319781
vt 0.3043090105 0.620800972
vt 0.5143290162 0.7949479818
vt 0.4984700084 0.7709739804
vt 0.5046880245 0.7889260054
vt 0.4765569866 0.7427999973
vt 0.4869379997 0.7544260025
vt 0.4620850086 0.6892589927
vt 0.2915579975 0.07383400202
vt 0.4319080114 0.7212430239
vt 0.135916993 0.08847499639
vt 0.1434780061 0.06499599665
vt 0.05662000179 0.2994079888
vt 0.4578909874 0.7322419882
vt 0.5212450027 0.809490025
vt 0.6678299904 0.8654289842
vt 0.6424319744 0.8646259904
vt 0.4719940126 0.8028879762
vt 0.4787969887 0.7876729965
vt 0.457780987 0.7856500149
vt 0.5572410226 0.1888660043
vt 0.4518850148 0.6484879851
vt 0.4675010145 0.6731950045
vt 0.4883710146 0.772028029
vt 0.4742990136 0.6704149842
vt 0.4693379998 0.6510519981
vt 0.5716429949 0.5601969957
vt 0.5825319886 0.8515229821
vt 0.410014987 0.5439329743
vt 0.3887569904 0.5232049823
vt 0.8074719906 0.8892260194
vt 0.7874349952 0.8906530142
vt 0.7919690013 0.8784469962
vt 0.3246360123 0.636376977
vt 0.3127889931 0.6495550275
vt 0.3289659917 0.6570209861
vt 0.6574879885 0.8562949896
vt 0.6199010015 0.859201014
vt 0.6391590238 0.8639240265
vt 0.4750699997 0.6875259876
vt 0.5080630183 0.7736909986
vt 0.4844520092 0.6935089827
vt 0.4542450011 0.7872750163
vt 0.4770340025 0.7969599962
vt 0.4643450081 0.8022450209
vt 0.5836439729 0.8532270193
vt 0.5800660253 0.8548790216
vt 0.5618630052 0.7480980158
vt 0.9777889848 0.7635179758
vt 0.5581300259 0.8041309714
vt 0.5191349983 0.731374979
vt 0.1981460005 0.05777399987
vt 0.2215059996 0.06291700155
vt 0.2185429931 0.05202899873
vt 0.6118839979 0.7562429905
vt 0.6097919941 0.7824810147
vt 0.6251940131 0.7744550109
vt 0.5082659721 0.7644209862
vt 0.5250790119 0.7734259963
vt 0.5980229974 0.8471149802
vt 0.6004959941 0.855742991
vt 0.4502249956 0.7963600159
vt 0.5944269896 0.8405089974
vt 0.6164230108 0.8541110158
vt 0.6367660165 0.848706007
vt 0.5427809954 0.7841939926
vt 0.561398983 0.753500998
vt 0.1480229944 0.0713070035
vt 0.6285030246 0.7961810231
vt 0.1989270002 0.2831789851
vt 0.5259550214 0.7843520045
vt 0.3000180125 0.5052459836
vt 0.7403259873 0.7694349885
vt 0.5593879819 0.7916020155
vt 0.8372809887 0.7024779916
vt 0.9534800053 0.6129840016
vt 0.962767005 0.6412590146
vt 0.5417940021 0.7947300076
vt 0.9442750216 0.5921900272
vt 0.9386000037 0.5659840107
vt 0.9359760284 0.568877995
vt 0.4810900092 0.1364679933
vt 0.6033449769 0.861011982
vt 0.622913003 0.8616290092
vt 0.4544120133 0.6522430182
vt 0.09210100025 0.3647899926
vt 0.09659899771 0.3503159881
vt 0.378978014 0.6871089935
vt 0.2973960042 0.6011719704
vt 0.3099220097 0.6003620028
vt 0.6015769839 0.1943989992
vt 0.5827739835 0.1792079955
vt 0.06504400074 0.2516379952
vt 0.6208760142 0.449932009
vt 0.09253200144 0.3368349969
vt 0.4871979952 0.7062699795
vt 0.5104569793 0.7063120008
vt 0.5078219771 0.722333014
vt 0.4989820123 0.2293830067
vt 0.6179080009 0.2236060053
vt 0.6266239882 0.2202609926
vt 0.663507998 0.7433410287
vt 0.5686309934 0.2643170059
vt 0.739733994 0.3304550052
vt 0.7207329869 0.3100740016
vt 0.732968986 0.3196800053
vt 0.243866995 0.07464099675
vt 0.2395209968 0.1510889977
vt 0.2229979932 0.1367989928
vt 0.3332279921 0.6998400092
vt 0.5369070172 0.1347769946
vt 0.5210049748 0.1237839982
vt 0.07174299657 0.09856499732
vt 0.2052299976 0.1371770054
vt 0.1855970025 0.1385730058
vt 0.4601100087 0.2859309912
vt 0.4630689919 0.2636269927
vt 0.4454819858 0.2668359876
vt 0.45985201 0.6267150044
vt 0.291516006 0.616590023
vt 0.5098559856 0.7028980255
vt 0.4896860123 0.6797479987
vt 0.452376008 0.600785017
vt 0.7542150021 0.5091559887
vt 0.7418259978 0.4882510006
vt 0.735270977 0.5026530027
vt 0.4722990096 0.6558150053
vt 0.4087490141 0.7402089834
vt 0.1729570031 0.3441379964
vt 0.7502940297 0.9005969763
vt 0.1846069992 0.474323988
vt 0.3552370071 0.6255859733
vt 0.2365330011 0.5875269771
vt 0.2248280048 0.5697759986
vt 0.8454539776 0.4736590087
vt 0.3241119981 0.6009280086
vt 0.9450060129 0.586789012
vt 0.360431999 0.6739789844
vt 0.3715189993 0.6731370091
vt 0.8720129728 0.5927180052
vt 0.8901169896 0.5784450173
vt 0.7028800249 0.3950859904
vt 0.6871880293 0.3716639876
vt 0.7035660148 0.379388988
vt 0.1210020036 0.06665399671
vt 0.3504430056 0.4805130064
vt 0.3513990045 0.5082949996
vt 0.4668599963 0.4662280083
vt 0.4435560107 0.4554879963
vt 0.4895940125 0.4729770124
vt 0.4770959914 0.4968259931
vt 0.441877991 0.3660230041
vt 0.4230189919 0.378410995
vt 0.8668850064 0.8336769938
vt 0.864651978 0.8214719892
vt 0.8843309879 0.8235419989
vt 0.5151079893 0.7622330189
vt 0.82228899 0.645193994
vt 0.218949005 0.1595470011
vt 0.3650929928 0.657622993
vt 0.07264699787 0.1241270006
vt 0.2630670071 0.1366360039
vt 0.5640709996 0.8410789967
vt 0.2371609956 0.5850660205
vt 0.7142860293 0.3007729948
vt 0.5304840207 0.725063026
vt 0.3517050147 0.183028996
vt 0.4951860011 0.7713509798
vt 0.5086690187 0.7718949914
vt 0.4860889912 0.7779480219
vt 0.9356690049 0.6303759813
vt 0.9449759722 0.6560140252
vt 0.9290300012 0.6417030096
vt 0.01706600003 0.1301870048
vt 0.8535450101 0.6613969803
vt 0.2689880133 0.6280670166
vt 0.7265030146 0.891741991
vt 0.700199008 0.4123019874
vt 0.4033389986 0.1017799973
vt 0.9583719969 0.7601450086
vt 0.9564989805 0.7606030107
vt 0.9185199738 0.7138469815
vt 0.9583709836 0.7350429893
vt 0.9720240235 0.7223700285
vt 0.9633529782 0.7108960152
vt 0.5039389729 0.1146029979
vt 0.515452981 0.1159740016
vt 0.598573029 0.6239039898
vt 0.9580410123 0.7764130235
vt 0.9609760046 0.7431060076
vt 0.9738360047 0.6985809803
vt 0.6631780267 0.7903500199
vt 0.6670219898 0.8117150068
vt 0.04321699962 0.1942549944
vt 0.03686200082 0.2254949957
vt 0.05300600082 0.2151959985
vt 0.3838959932 0.1550469995
vt 0.3668529987 0.1662610024
vt 0.3891780078 0.177451998
vt 0.1864349991 0.1313550025
vt 0.1758369952 0.144148007
vt 0.6597030163 0.8191189766
vt 0.6800649762 0.8263379931
vt 0.6188070178 0.7368329763
vt 0.4292219877 0.1892829984
vt 0.4430980086 0.1808300018
vt 0.6327970028 0.758047998
vt 0.640451014 0.7409179807
vt 0.6422590017 0.7813749909
vt 0.6540259719 0.7648829818
vt 0.8088110089 0.3903140128
vt 0.8656989932 0.4680260122
vt 0.8562480211 0.4821720123
vt 0.6797659993 0.7739650011
vt 0.4416759908 0.09594299644
vt 0.8669610023 0.6786230206
vt 0.3889780045 0.4028249979
vt 0.4057140052 0.3916940093
vt 0.4044120014 0.4212909937
vt 0.7606970072 0.7697319984
vt 0.957858026 0.8355739713
vt 0.8814139962 0.5502610207
vt 0.8693619967 0.5370410085
vt 0.3605020046 0.2458160073
vt 0.9636589885 0.807232976
vt 0.7859460115 0.5492389798
vt 0.7885320187 0.5289940238
vt 0.7771459818 0.5722349882
vt 0.7814589739 0.5500879884
vt 0.7962970138 0.5750449896
vt 0.3593710065 0.3680790067
vt 0.1643940061 0.1688330024
vt 0.04710999876 0.2957929969
vt 0.03225800022 0.2719349861
vt 0.04154299945 0.2898299992
vt 0.3699240088 0.1319880038
vt 0.1938049942 0.129599005
vt 0.8887450099 0.6735169888
vt 0.9414299726 0.9034010172
vt 0.9746220112 0.6761469841
vt 0.9538829923 0.6369370222
vt 0.7322509885 0.6410350204
vt 0.7203950286 0.6156690121
vt 0.7387750149 0.6148430109
vt 0.9690679908 0.72299999
vt 0.9693390131 0.7256770134
vt 0.2226340026 0.5411919951
vt 0.9729480147 0.6712419987
vt 0.9774450064 0.6986089945
vt 0.1662809998 0.4638920128
vt 0.9240329862 0.5734930038
vt 0.9272739887 0.5562800169
vt 0.8921549916 0.6413339972
vt 0.8821550012 0.649608016
vt 0.4010410011 0.2367520034
vt 0.4166530073 0.2284500003
vt 0.4149680138 0.2562859952
vt 0.07380200177 0.1797930002
vt 0.6480450034 0.2394659966
vt 0.6453499794 0.2324859947
vt 0.6638290286 0.2536680102
vt 0.3209869862 0.6555899978
vt 0.2116509974 0.04450400174
vt 0.9370409846 0.617833972
vt 0.3497389853 0.1153040007
vt 0.5153030157 0.1293359995
vt 0.3817380071 0.2302729934
vt 0.9597319961 0.7496190071
vt 0.4779579937 0.211830005
vt 0.4620189965 0.1960230023
vt 0.4585419893 0.2144999951
vt 0.337767005 0.1030479968
vt 0.7710570097 0.7406839728
vt 0.7463859916 0.7391009927
vt 0.9419860244 0.5815979838
vt 0.1256449968 0.04419099912
vt 0.1047950014 0.05261399969
vt 0.2546420097 0.5804160237
vt 0.1697259992 0.4533819854
vt 0.6416969895 0.5007230043
vt 0.7570459843 0.6348059773
vt 0.1093339995 0.1237810031
vt 0.02895200066 0.129843995
vt 0.02612099983 0.1487510055
vt 0.01297499985 0.1499409974
vt 0.3244679868 0.1135699973
vt 0.8052279949 0.5540469885
vt 0.7907580137 0.5732660294
vt 0.7161380053 0.8446779847
vt 0.5424699783 0.3358770013
vt 0.556475997 0.3528209925
vt 0.5398280025 0.360296011
vt 0.02652800083 0.2576879859
vt 0.01808699965 0.2321829945
vt 0.1674569994 0.3974780142
vt 0.4559789896 0.1751289964
vt 0.7818760276 0.7129790187
vt 0.762082994 0.7119699717
vt 0.05679300055 0.2215519994
vt 0.680069983 0.423815012
vt 0.6945199966 0.4255949855
vt 0.921784997 0.5965160131
vt 0.8132690191 0.8755109906
vt 0.3938469887 0.2566730082
vt 0.5584830046 0.3761759996
vt 0.852545023 0.6404110193
vt 0.8697609901 0.6559569836
vt 0.03838900104 0.2811810076
vt 0.03834500164 0.271784991
vt 0.2441380024 0.5607560277
vt 0.2615340054 0.5779320002
vt 0.9651129842 0.8373510242
vt 0.01656199992 0.1725810021
vt 0.4667200148 0.7810400128
vt 0.1880120039 0.3159770072
vt 0.2089940012 0.3185229897
vt 0.9588109851 0.7823969722
vt 0.5789710283 0.8432689905
vt 0.3806059957 0.3254210055
vt 0.8203169703 0.3860479891
vt 0.2769620121 0.3489069939
vt 0.2739300132 0.3206520081
vt 0.2923389971 0.3309170008
vt 0.4006150067 0.568967998
vt 0.6854000092 0.4786350131
vt 0.7090209723 0.4373739958
vt 0.515681982 0.7489770055
vt 0.7180740237 0.5770379901
vt 0.7099450231 0.8781049848
vt 0.6106830239 0.4744920135
vt 0.6983069777 0.5837820172
vt 0.1518770009 0.3413630128
vt 0.702368021 0.4987890124
vt 0.6712219715 0.5311160088
vt 0.6996139884 0.4762080014
vt 0.1988009959 0.06931100041
vt 0.3625069857 0.08055499941
vt 0.6315510273 0.4751070142
vt 0.4240710139 0.6849219799
vt 0.04213900119 0.2761420012
vt 0.03027899936 0.2498989999
vt 0.3862549961 0.4329459965
vt 0.8476970196 0.6813539863
vt 0.8693820238 0.4519389868
vt 0.8819130063 0.8068529963
vt 0.3359380066 0.6730769873
vt 0.9642860293 0.7896050215
vt 0.9617679715 0.8015720248
vt 0.2950010002 0.6371750236
vt 0.4787360132 0.1929499954
vt 0.6463689804 0.8291339874
vt 0.6375899911 0.806343019
vt 0.7193220258 0.4484130144
vt 0.7263389826 0.4758729935
vt 0.7379590273 0.4663290083
vt 0.8721749783 0.6289799809
vt 0.8935710192 0.473221004
vt 0.9050850272 0.4928439856
vt 0.8881549835 0.4729869962
vt 0.8736249804 0.4624190032
vt 0.7070980072 0.4623819888
vt 0.7531909943 0.4588589966
vt 0.7387290001 0.8428019881
vt 0.7243109941 0.828437984
vt 0.7345600128 0.4379009902
vt 0.7145360112 0.418069005
vt 0.3451740146 0.6733509898
vt 0.7043700218 0.8661940098
vt 0.7306690216 0.8660669923
vt 0.8096969724 0.5855879784
vt 0.8284090161 0.5977759957
vt 0.8223360181 0.5723000169
vt 0.7156950235 0.4885149896
vt 0.721849978 0.5173209906
vt 0.4090729952 0.2854009867
vt 0.326970011 0.3512380123
vt 0.4808030128 0.3503589928
vt 0.5012850165 0.3465189934
vt 0.255975008 0.3104369938
vt 0.2586269975 0.3395999968
vt 0.7392830253 0.573135972
vt 0.8053110242 0.5286870003
vt 0.2085040063 0.5149430037
vt 0.2049729973 0.4955190122
vt 0.8136280179 0.4144510031
vt 0.3647049963 0.7331240177
vt 0.01639300026 0.1666530073
vt 0.1694590002 0.4983919859
vt 0.1879899949 0.5215569735
vt 0.1766490042 0.5156589746
vt 0.2625119984 0.5969669819
vt 0.2683570087 0.5977680087
vt 0.2880739868 0.1213489994
vt 0.2809819877 0.09627400339
vt 0.2673879862 0.1222100034
vt 0.8385980129 0.47052899
vt 0.5951489806 0.2105769962
vt 0.6071209908 0.2043319941
vt 0.0509499982 0.2917070091
vt 0.05424600095 0.3053439856
vt 0.9627230167 0.7573419809
vt 0.9719139934 0.7515209913
vt 0.972333014 0.7268819809
vt 0.8488429785 0.6113049984
vt 0.6416209936 0.6769520044
vt 0.4832609892 0.3257580101
vt 0.5988230109 0.3829900026
vt 0.5983989835 0.4089829922
vt 0.5786849856 0.3920930028
vt 0.9652780294 0.8265050054
vt 0.2629620135 0.04906199872
vt 0.287225008 0.05259300023
vt 0.2855600119 0.05638699979
vt 0.7643259764 0.5427410007
vt 0.2541059852 0.1449850053
vt 0.2617209852 0.1642509997
vt 0.7272289991 0.5945490003
vt 0.3850870132 0.4643799961
vt 0.2761420012 0.05127700046
vt 0.2707929909 0.0464560017
vt 0.2941820025 0.05829700083
vt 0.5874750018 0.2983019948
vt 0.3514750004 0.6874279976
vt 0.9654679894 0.6559990048
vt 0.952557981 0.6277509928
vt 0.9588429928 0.6274200082
vt 0.5387650132 0.1690739989
vt 0.519949019 0.1722480059
vt 0.3421579897 0.6527709961
vt 0.175819993 0.1943300068
vt 0.3936069906 0.5487970114
vt 0.4149680138 0.5689629912
vt 0.8468859792 0.8313869834
vt 0.04789699987 0.2728520036
vt 0.5757290125 0.1645230055
vt 0.5565549731 0.1511680037
vt 0.3683449924 0.5025069714
vt 0.9306030273 0.8801519871
vt 0.169689998 0.1412499994
vt 0.1565520018 0.1421169937
vt 0.4226689935 0.439583987
vt 0.3259370029 0.6714789867
vt 0.5563669801 0.5180820227
vt 0.9075980186 0.6884660125
vt 0.9075580239 0.6618059874
vt 0.9467309713 0.6037489772
vt 0.9489430189 0.6092590094
vt 0.9371640086 0.5868859887
vt 0.5746179819 0.1665569991
vt 0.476718992 0.1368930042
vt 0.461187005 0.141881004
vt 0.1775259972 0.5060560107
vt 0.1931809932 0.529878974
vt 0.2066890001 0.5485680103
vt 0.8077610135 0.3815180063
vt 0.1658879966 0.4883239865
vt 0.2023220062 0.5290120244
vt 0.0949369967 0.202353999
vt 0.081987001 0.1892919987
vt 0.09916999936 0.1732600033
vt 0.4567820132 0.1527519971
vt 0.4789209962 0.1580419987
vt 0.1714729965 0.4925679862
vt 0.6557149887 0.338312
vt 0.6710600257 0.3654200137
vt 0.6509190202 0.3623589873
vt 0.848344028 0.9220160246
vt 0.4351060092 0.6317120194
vt 0.4486379921 0.63142699
vt 0.2084230036 0.5518239737
vt 0.1916639954 0.5332120061
vt 0.1053910032 0.2116950005
vt 0.1766799986 0.5011609793
vt 0.214034006 0.5552899837
vt 0.1733939946 0.5049759746
vt 0.7123749852 0.3144089878
vt 0.7234809995 0.3296119869
vt 0.2885369956 0.6467599869
vt 0.4595969915 0.7499420047
vt 0.4753830135 0.7627249956
vt 0.8202959895 0.5669249892
vt 0.8340780139 0.5570499897
vt 0.4878230095 0.09749600291
vt 0.4237700105 0.735837996
vt 0.4260739982 0.724496007
vt 0.9518290162 0.6094099879
vt 0.6746450067 0.7901750207
vt 0.896017015 0.9190739989
vt 0.2305729985 0.5723199844
vt 0.2399919927 0.575191021
vt 0.2788780034 0.4272769988
vt 0.2588180006 0.6077870131
vt 0.2873019874 0.6171820164
vt 0.240395993 0.588523984
vt 0.06903100014 0.2322160006
vt 0.06767699867 0.2050590068
vt 0.6323620081 0.407528013
vt 0.6139429808 0.4003469944
vt 0.6200860143 0.3824110031
vt 0.4208840132 0.7499219775
vt 0.4316900074 0.7509099841
vt 0.430370003 0.7084180117
vt 0.4082050025 0.7057669759
vt 0.4037419856 0.453263998
vt 0.8440250158 0.8160579801
vt 0.8873569965 0.8329179883
vt 0.9095010161 0.8021669984
vt 0.9002640247 0.7871890068
vt 0.9179639816 0.7819650173
vt 0.9643390179 0.7632480264
vt 0.9729700089 0.7298020124
vt 0.1527040005 0.06316400319
vt 0.1546040028 0.04469000176
vt 0.2396920025 0.04453999922
vt 0.2183810025 0.03981899843
vt 0.2199600041 0.04589100182
vt 0.2271199971 0.0704799965
vt 0.2413329929 0.0660109967
vt 0.3093349934 0.05725000054
vt 0.3036360145 0.06450200081
vt 0.3751839995 0.08533299714
vt 0.3204700053 0.06595700234
vt 0.4627720118 0.1077039987
vt 0.4845559895 0.1062100008
vt 0.1446779966 0.04878100008
vt 0.1288940012 0.06785199791
vt 0.04846100137 0.1189510003
vt 0.2077219933 0.06941000372
vt 0.8246679902 0.8869000077
vt 0.1324039996 0.1143480018
vt 0.1254370064 0.1324000061
vt 0.1158299968 0.4030849934
vt 0.1135770008 0.3909460008
vt 0.1075029969 0.3736059964
vt 0.09558600187 0.2320670038
vt 0.1072190031 0.2376040071
vt 0.1444000006 0.2561700046
vt 0.1832060069 0.3924669921
vt 0.3557620049 0.5332199931
vt 0.3678520024 0.5790280104
vt 0.3913719952 0.5936629772
vt 0.4087179899 0.5872790217
vt 0.4202780128 0.6613680124
vt 0.4773679972 0.7519289851
vt 0.4679529965 0.7391960025
vt 0.455377996 0.6062679887
vt 0.5641440153 0.6424090266
vt 0.6613169909 0.6995099783
vt 0.7816100121 0.7972919941
vt 0.7718679905 0.7793989778
vt 0.2810660005 0.5339750051
vt 0.2854300141 0.5101720095
vt 0.3698559999 0.6904609799
vt 0.9114810228 0.6270589828
vt 0.9223489761 0.6212900281
vt 0.8103169799 0.6208469868
vt 0.8283830285 0.6300160289
vt 0.8529660106 0.5749210119
vt 0.7605530024 0.3967719972
vt 0.7746269703 0.416613996
vt 0.7534639835 0.4221589863
vt 0.5592100024 0.4044550061
vt 0.3264180124 0.05914299935
vt 0.3065389991 0.05650100112
vt 0.2522430122 0.0414850004
vt 0.3866060078 0.09129399806
vt 0.3861620128 0.1008599997
vt 0.3169060051 0.07180500031
vt 0.3285300136 0.07533299923
vt 0.3268429935 0.09327299893
vt 0.5010129809 0.1753990054
vt 0.5064659715 0.1875610054
vt 0.5662540197 0.1552069932
vt 0.5984089971 0.1876100004
vt 0.8415549994 0.4121739864
vt 0.8591799736 0.4345729947
vt 0.8437730074 0.4176160097
vt 0.6820470095 0.2732090056
vt 0.6699910164 0.2623440027
vt 0.6123250127 0.2336190045
vt 0.7592809796 0.3538610041
vt 0.7781670094 0.3679760098
vt 0.7633500099 0.3662860096
vt 0.7434689999 0.3525350094
vt 0.6761710048 0.2873899937
vt 0.6913340092 0.3070330024
vt 0.6723530293 0.3008280098
vt 0.6021220088 0.2410860062
vt 0.6165829897 0.2507070005
vt 0.6140159965 0.2625420094
vt 0.6683779955 0.3295739889
vt 0.6919270158 0.3452039957
vt 0.6868659854 0.3579480052
vt 0.6062240005 0.2827889919
vt 0.6185629964 0.2828919888
vt 0.6227170229 0.2966499925
vt 0.2203619927 0.2923490107
vt 0.2929129899 0.09643399715
vt 0.2750790119 0.1872200072
vt 0.2925469875 0.2025289983
vt 0.2973499894 0.2290209979
vt 0.343344003 0.3437370062
vt 0.3826839924 0.2790040076
vt 0.3710939884 0.2527999878
vt 0.7562379837 0.5616250038
vt 0.7375450134 0.5527439713
vt 0.8160790205 0.5863360167
vt 0.8193479776 0.6087629795
vt 0.8074160218 0.5965380073
vt 0.6428499818 0.3880159855
vt 0.610442996 0.5151050091
vt 0.6294639707 0.5288590193
vt 0.579949975 0.4205270112
vt 0.519347012 0.3674280047
vt 0.5755789876 0.5287160277
vt 0.4499540031 0.492038995
vt 0.3858140111 0.4947459996
vt 0.4045799971 0.4849250019
vt 0.4243170023 0.4725779891
vt 0.4398230016 0.7429519892
vt 0.4969179928 0.5799959898
vt 0.4868089855 0.5567529798
vt 0.3914340138 0.3786860108
vt 0.2238239944 0.5488529801
vt 0.7056300044 0.8828309774
vt 0.5207880139 0.4338589907
vt 0.5278570056 0.4682630002
vt 0.5038430095 0.4528160095
vt 0.508581996 0.4785870016
vt 0.4966549873 0.4231170118
vt 0.4896540046 0.7228699923
vt 0.7453820109 0.4690690041
vt 0.5222579837 0.5002359748
vt 0.5440170169 0.4973460138
vt 0.5134999752 0.7665470243
vt 0.5666289926 0.498939991
vt 0.4380390048 0.6561790109
vt 0.6151459813 0.6049280167
vt 0.5924720168 0.55369699
vt 0.7662659883 0.3536530137
vt 0.7582409978 0.3497610092
vt 0.2470639944 0.3824490011
vt 0.589368999 0.5052009821
vt 0.5957999825 0.5285329819
vt 0.6115970016 0.5732560158
vt 0.6115900278 0.5425379872
vt 0.6297979951 0.5585910082
vt 0.6321970224 0.5892609954
vt 0.6480020285 0.5729659796
vt 0.6467840075 0.5442159772
vt 0.637304008 0.6194519997
vt 0.6213070154 0.6345000267
vt 0.6533830166 0.6027899981
vt 0.6594669819 0.6339709759
vt 0.6420279741 0.6487020254
vt 0.6258710027 0.6591470242
vt 0.705287993 0.6839519739
vt 0.7274199724 0.6990360022
vt 0.7243499756 0.6687840223
vt 0.9552199841 0.7955330014
vt 0.2478770018 0.1752610058
vt 0.2306389958 0.1660020053
vt 0.5222120285 0.3416810036
vt 0.6177819967 0.4224509895
vt 0.6777309775 0.4484120011
vt 0.7193080187 0.5395950079
vt 0.7232890129 0.5684030056
vt 0.5352550149 0.6991509795
vt 0.5447850227 0.7206220031
vt 0.5274749994 0.708047986
vt 0.8762930036 0.4560149908
vt 0.881681025 0.4531059861
vt 0.7469750047 0.687277019
vt 0.7445960045 0.6620630026
vt 0.7486199737 0.7144550085
vt 0.7679470181 0.7023500204
vt 0.7678359747 0.7299680114
vt 0.7899590135 0.7669309974
vt 0.5185310245 0.2667050064
vt 0.5316730142 0.2905060053
vt 0.5066279769 0.2910560071
vt 0.4742259979 0.2481440008
vt 0.5039240122 0.3215110004
vt 0.5256320238 0.3160760105
vt 0.5467720032 0.3112669885
vt 0.1912499964 0.5240929723
vt 0.4540210068 0.2492820024
vt 0.4658229947 0.303166002
vt 0.5167940259 0.2176650017
vt 0.9590110183 0.7789509892
vt 0.415466994 0.3179019988
vt 0.3584969938 0.2266860008
vt 0.9726309776 0.672950983
vt 0.4084909856 0.1726170033
vt 0.4056360126 0.1502220035
vt 0.3923709989 0.3067640066
vt 0.3669910133 0.3018450141
vt 0.3628250062 0.3337709904
vt 0.9641510248 0.7056090236
vt 0.281437993 0.2461739928
vt 0.362289995 0.2736299932
vt 0.3448959887 0.2845109999
vt 0.3455069959 0.2523399889
vt 0.3243849874 0.2692469954
vt 0.3201020062 0.2402880043
vt 0.3029539883 0.2570129931
vt 0.2867940068 0.2742879987
vt 0.3064990044 0.2856410146
vt 0.3355379999 0.2224899977
vt 0.3070240021 0.1881749928
vt 0.3133299947 0.2133239955
vt 0.8022819757 0.8008649945
vt 0.3159269989 0.102760002
vt 0.3069710135 0.08561400324
vt 0.3049660027 0.1105659977
vt 0.2529709935 0.2816680074
vt 0.2899439931 0.3026930094
vt 0.2712459862 0.2921169996
vt 0.2674619853 0.2645809948
vt 0.2507010102 0.2575530112
vt 0.2007309943 0.470393002
vt 0.7539600134 0.3445689976
vt 0.1609819978 0.1200409979
vt 0.2321150005 0.04686500132
vt 0.4841099977 0.6442239881
vt 0.2298669964 0.03827600181
vt 0.2134899944 0.03752499819
vt 0.1961659938 0.04070600122
vt 0.1752009988 0.04529999942
vt 0.1570249945 0.05310799927
vt 0.168926999 0.05715699866
vt 0.3011080027 0.4300779998
vt 0.9792360067 0.7299889922
vt 0.6713050008 0.3464069963
vt 0.6543650031 0.322066009
vt 0.6491270065 0.3083609939
vt 0.6343010068 0.2879320085
vt 0.6370080113 0.3013339937
vt 0.6395900249 0.3150959909
vt 0.6244919896 0.3106119931
vt 0.7198439837 0.3992950022
vt 0.7237010002 0.3781520128
vt 0.7396299839 0.3975450099
vt 0.7067220211 0.3620330095
vt 0.6509010196 0.3002830148
vt 0.6341310143 0.2739160061
vt 0.6615740061 0.2829500139
vt 0.6824780107 0.330648005
vt 0.6676260233 0.3136830032
vt 0.6865490079 0.3202739954
vt 0.6517630219 0.2870079875
vt 0.6463829875 0.2679359913
vt 0.6318269968 0.2624500096
vt 0.7400090098 0.3408659995
vt 0.6998969913 0.3356370032
vt 0.7094259858 0.348044008
vt 0.7216299772 0.3406110108
vt 0.7062199712 0.3248859942
vt 0.8967069983 0.8641620278
vt 0.7256569862 0.3573899865
vt 0.7467839718 0.3733240068
vt 0.7672669888 0.3806860149
vt 0.7799460292 0.3964059949
vt 0.7943080068 0.4150350094
vt 0.8082919717 0.4361569881
vt 0.7810069919 0.3806059957
vt 0.8840579987 0.6509150267
vt 0.5947009921 0.2269410044
vt 0.6606420279 0.269122988
vt 0.6289150119 0.2506510019
vt 0.6280400157 0.2394649982
vt 0.5988010168 0.2335249931
vt 0.6131870151 0.2439499944
vt 0.6754040122 0.2730579972
vt 0.6926159859 0.2931680083
vt 0.4575560093 0.2278899997
vt 0.4371660054 0.7776970267
vt 0.7733629942 0.3586570024
vt 0.7869650126 0.3675749898
vt 0.8019300103 0.3827779889
vt 0.7777850032 0.3659110069
vt 0.3862960041 0.1066759974
vt 0.3867419958 0.1056210026
vt 0.7266070247 0.3101469874
vt 0.8628799915 0.4474569857
vt 0.6110860109 0.1986330003
vt 0.6291589737 0.2182430029
vt 0.6148710251 0.2053859979
vt 0.5876939893 0.1854320019
vt 0.6410449743 0.2246520072
vt 0.06859699637 0.2042189986
vt 0.05947000161 0.1853079945
vt 0.6259949803 0.2123519927
vt 0.6765469909 0.2608619928
vt 0.7691990137 0.3610779941
vt 0.7868160009 0.3756029904
vt 0.3719410002 0.5289809704
vt 0.6419330239 0.7805399895
vt 0.8528379798 0.4292010069
vt 0.8633109927 0.4453119934
vt 0.8443179727 0.423514992
vt 0.8980500102 0.5143759847
vt 0.895393014 0.496897012
vt 0.9016389847 0.534882009
vt 0.9087939858 0.5148130059
vt 0.620603025 0.2083950043
vt 0.5149369836 0.2149139941
vt 0.5119619966 0.1984989941
vt 0.531437993 0.2149419934
vt 0.5508670211 0.232803002
vt 0.5323950052 0.2324600071
vt 0.5166630149 0.2311819941
vt 0.5281239748 0.2486110032
vt 0.9453189969 0.874861002
vt 0.9558429718 0.8524050117
vt 0.5851129889 0.2271180004
vt 0.5488139987 0.2131039947
vt 0.8625169992 0.5126069784
vt 0.4424389899 0.1472419947
vt 0.4817380011 0.1825489998
vt 0.4927549958 0.1848440021
vt 0.4774560034 0.1751420051
vt 0.4674009979 0.1727239937
vt 0.4626719952 0.1633439958
vt 0.4497460127 0.159582004
vt 0.4817999899 0.1733040065
vt 0.5652970076 0.2125809938
vt 0.57574898 0.2085900009
vt 0.5798860192 0.2184469998
vt 0.3241110146 0.08156500012
vt 0.3666549921 0.0853009969
vt 0.3661260009 0.09243199974
vt 0.3464460075 0.07933700085
vt 0.4416739941 0.1349840015
vt 0.5740529895 0.1879460067
vt 0.5565900207 0.1678950042
vt 0.5379430056 0.1481260061
vt 0.5712509751 0.1689839959
vt 0.7191219926 0.421701014
vt 0.3097819984 0.06836300343
vt 0.3007270098 0.06683699787
vt 0.4099969864 0.2110739946
vt 0.4099780023 0.1933609992
vt 0.3930029869 0.1946479976
vt 0.2473279983 0.03969600052
vt 0.2644380033 0.05286800116
vt 0.2878229916 0.06075799838
vt 0.3068090081 0.06368300319
vt 0.3467499912 0.07205899805
vt 0.327192992 0.07055400312
vt 0.3663949966 0.07795199752
vt 0.3459640145 0.06720899791
vt 0.3264130056 0.06276399642
vt 0.364914 0.07455699891
vt 0.3612470031 0.07968900353
vt 0.3438630104 0.06937599927
vt 0.5273650289 0.1216450036
vt 0.1821620017 0.04146400094
vt 0.1591240019 0.04944600165
vt 0.2254980057 0.03599099815
vt 0.2059299946 0.03678600118
vt 0.7268419862 0.4539499879
vt 0.248270005 0.1255429983
vt 0.738797009 0.439884007
vt 0.7336750031 0.4168950021
vt 0.8061829805 0.4851090014
vt 0.8119879961 0.5127540231
vt 0.7939289808 0.5066220164
vt 0.7578340173 0.4508660138
vt 0.7653430104 0.4772660136
vt 0.7773100138 0.4569900036
vt 0.7859410048 0.4813280106
vt 0.7979300022 0.4591479897
vt 0.7874670029 0.4363229871
vt 0.7700279951 0.4366419911
vt 0.7854769826 0.5289509892
vt 0.8008990288 0.5287560225
vt 0.927537024 0.8431869745
vt 0.1075050011 0.1013950035
vt 0.2264879942 0.1025770009
vt 0.7618830204 0.8197240233
vt 0.8190940022 0.4621480107
vt 0.8254879713 0.4922710061
vt 0.8952800035 0.552317977
vt 0.8303269744 0.5242580175
vt 0.8444929719 0.5028660297
vt 0.8516820073 0.5388860106
vt 0.8694319725 0.5621600151
vt 0.02985000052 0.2010360062
vt 0.800951004 0.5545179844
vt 0.8157709837 0.5410609841
vt 0.8332870007 0.6126310229
vt 0.9102680087 0.5802299976
vt 0.9086890221 0.6034029722
vt 0.9245690107 0.6059780121
vt 0.9018650055 0.6671119928
vt 0.9170269966 0.6536229849
vt 0.1142340004 0.3845750093
vt 0.8788949847 0.7362220287
vt 0.8377329707 0.6552180052
vt 0.3573789895 0.6890050173
vt 0.4464150071 0.731415987
vt 0.4016680121 0.6661610007
vt 0.4053969979 0.6877250075
vt 0.3827199936 0.6709700227
vt 0.3867659867 0.6895490289
vt 0.105250001 0.386372
vt 0.3379339874 0.673289001
vt 0.3220680058 0.6560119987
vt 0.279204011 0.6074820161
vt 0.3062259853 0.6364139915
vt 0.2795299888 0.5960569978
vt 0.2733959854 0.5976229906
vt 0.3995600045 0.6428160071
vt 0.379952997 0.6482170224
vt 0.3812530041 0.6273369789
vt 0.373935014 0.6048889756
vt 0.3498010039 0.5916500092
vt 0.3298110068 0.6031060219
vt 0.2565810084 0.5909320116
vt 0.2611680031 0.1066090018
vt 0.2048009932 0.5419020057
vt 0.2178490013 0.5566340089
vt 0.2362959981 0.5741890073
vt 0.2907010019 0.5918959975
vt 0.2716720104 0.573397994
vt 0.2861799896 0.5659450293
vt 0.2655929923 0.547541976
vt 0.2386180013 0.5062599778
vt 0.3075860143 0.5849329829
vt 0.3262729943 0.5750049949
vt 0.3037829995 0.5565400124
vt 0.320863992 0.09816999733
vt 0.3046450019 0.1046070009
vt 0.1538140029 0.4778360128
vt 0.2030249983 0.5409700274
vt 0.1229379997 0.4171690047
vt 0.1267219931 0.4279550016
vt 0.1352040023 0.4396010041
vt 0.1393859982 0.4493919909
vt 0.2290579975 0.1241170019
vt 0.155430004 0.4562180042
vt 0.9502729774 0.6429070234
vt 0.2196239978 0.4893650115
vt 0.2333199978 0.4801520109
vt 0.2445340008 0.4698950052
vt 0.2157800049 0.4627760053
vt 0.2307589948 0.4533649981
vt 0.2141599953 0.4343889952
vt 0.1979340017 0.4138520062
vt 0.2399699986 0.4109520018
vt 0.2289769948 0.4249550104
vt 0.2138410062 0.4060679972
vt 0.139963001 0.4560529888
vt 0.7303019762 0.7242649794
vt 0.7073040009 0.7102620006
vt 0.7495279908 0.7353389859
vt 0.7369340062 0.7469940186
vt 0.7213000059 0.7580680251
vt 0.7641400099 0.7549999952
vt 0.7458130121 0.7687839866
vt 0.8976719975 0.4725160003
vt 0.6324689984 0.7655310035
vt 0.6547520161 0.7757750154
vt 0.6623349786 0.7933080196
vt 0.5219309926 0.67682302
vt 0.4413540065 0.6107280254
vt 0.50831002 0.6541650295
vt 0.5201200247 0.6350889802
vt 0.4971539974 0.6284899712
vt 0.4754959941 0.6190909743
vt 0.4613740146 0.6298850179
vt 0.5087100267 0.607475996
vt 0.4867399931 0.6014639735
vt 0.07232099771 0.3298810124
vt 0.5762559772 0.7770739794
vt 0.5017150044 0.7352259755
vt 0.4896009862 0.7453299761
vt 0.4948999882 0.7582479715
vt 0.479411006 0.7308769822
vt 0.4296849966 0.6089069843
vt 0.4220570028 0.5889070034
vt 0.2689099908 0.1838849932
vt 0.2748920023 0.144054994
vt 0.2833139896 0.1675579995
vt 0.4946070015 0.7662659883
vt 0.2628220022 0.3687390089
vt 0.2697370052 0.3978669941
vt 0.2501159906 0.3905189931
vt 0.2438739985 0.3597680032
vt 0.2323080003 0.3817850053
vt 0.2258889973 0.4006299973
vt 0.1858779937 0.3679420054
vt 0.1991419941 0.384999007
vt 0.1153799966 0.31556499
vt 0.1317439973 0.3152059913
vt 0.1708520055 0.3691169918
vt 0.1784610003 0.342990011
vt 0.1685760021 0.3136970103
vt 0.1573989987 0.2846949995
vt 0.1405590028 0.2854030132
vt 0.1761000007 0.2846109867
vt 0.108194001 0.35521999
vt 0.1194799989 0.1633909941
vt 0.1080019996 0.1832450032
vt 0.1047220007 0.3626770079
vt 0.08137799799 0.2245880067
vt 0.1159050018 0.158307001
vt 0.1275469959 0.141038999
vt 0.6219559908 0.8142700195
vt 0.598927021 0.7959010005
vt 0.6715120077 0.8108069897
vt 0.650545001 0.7988759875
vt 0.6818060279 0.806614995
vt 0.741625011 0.8293849826
vt 0.7621110082 0.8284469843
vt 0.8109850287 0.826161027
vt 0.8278070092 0.8364239931
vt 0.8297910094 0.8258730173
vt 0.7964950204 0.7861589789
vt 0.498578012 0.807363987
vt 0.02878100052 0.1931270063
vt 0.02943900041 0.1692720056
vt 0.05330000073 0.1626919955
vt 0.05839499831 0.1075040027
vt 0.06674999744 0.1073670015
vt 0.07641900331 0.09515299648
vt 0.08969400078 0.08537899703
vt 0.05924399942 0.1197160035
vt 0.1075669974 0.08329600096
vt 0.08888799697 0.07326299697
vt 0.1055930033 0.0659430027
vt 0.1412560046 0.0384010002
vt 0.1238930002 0.04926799983
vt 0.1453929991 0.06791300327
vt 0.1615909934 0.0547939986
vt 0.4220879972 0.1116139963
vt 0.4225090146 0.1039649993
vt 0.4419969916 0.1123699993
vt 0.461631 0.125455007
vt 0.482167989 0.1217830032
vt 0.3397809863 0.07611099631
vt 0.2394919991 0.04897199944
vt 0.2157980055 0.0424510017
vt 0.2383809984 0.05286600068
vt 0.3046599925 0.06115299836
vt 0.3021450043 0.06569299847
vt 0.2838439941 0.05922200158
vt 0.2825709879 0.06076300144
vt 0.2605319917 0.05683999881
vt 0.2620080113 0.05163799971
vt 0.2799330056 0.06092499942
vt 0.2575100064 0.0600240007
vt 0.2615450025 0.06838099658
vt 0.2358050048 0.05917099863
vt 0.2189760059 0.04326599836
vt 0.2404509932 0.04618100077
vt 0.1973800063 0.03659199923
vt 0.1993629932 0.04612499848
vt 0.1755550057 0.04189300165
vt 0.1808219999 0.05082299933
vt 0.2012290061 0.04320500046
vt 0.194442004 0.03574100137
vt 0.1779360026 0.03069699928
vt 0.1801950037 0.0370679982
vt 0.1602180004 0.03561099991
vt 0.1653070003 0.04754500091
vt 0.1580740064 0.03600100055
vt 0.1985719949 0.04252500087
vt 0.1830710024 0.04807100073
vt 0.1738270074 0.06004400179
vt 0.978982985 0.682896018
vt 0.9848669767 0.7077400088
vt 0.9725840092 0.6936699748
vt 0.9595609903 0.6729620099
vt 0.9052010179 0.702063024
vt 0.9351779819 0.66861099
vt 0.9220659733 0.6830450296
vt 0.9294570088 0.7123320103
vt 0.969465971 0.7741670012
vt 0.922195971 0.8064910173
vt 0.949796021 0.7696380019
vt 0.939858973 0.7980710268
vt 0.9337300062 0.7770889997
vt 0.9177340269 0.734604001
vt 0.924086988 0.7589139938
vt 0.9095439911 0.7584530115
vt 0.8740950227 0.7609239817
vt 0.8980150223 0.7324479818
vt 0.8916580081 0.7595139742
vt 0.9025930166 0.8193110228
vt 0.9078490138 0.8293089867
vt 0.8968430161 0.8098480105
vt 0.6361470222 0.3331309855
vt 0.6069939733 0.2956329882
vt 0.1585779935 0.3865320086
vt 0.1465619951 0.3659670055
vt 0.1426430047 0.3934949934
vt 0.2293599993 0.5706689954
vt 0.8736770153 0.4570080042
vt 0.8603500128 0.4409820139
vt 0.6137329936 0.2101829946
vt 0.2487390041 0.5885400176
vt 0.2689450085 0.6062880158
vt 0.2889510095 0.6254580021
vt 0.1597760022 0.4955570102
vt 0.1937869936 0.5344740152
vt 0.2793680131 0.06820199639
vt 0.290719986 0.1914059967
vt 0.3585200012 0.1447270066
vt 0.3351140022 0.1354900002
vt 0.3432460129 0.1591040045
vt 0.3503240049 0.1261149943
vt 0.3267999887 0.08360899985
vt 0.1591040045 0.1052519977
vt 0.6563349962 0.8769819736
vt 0.6715170145 0.8806880116
vt 0.6754969954 0.8814089894
vt 0.7496209741 0.8903309703
vt 0.7278670073 0.8905689716
vt 0.1310749948 0.4424990118
vt 0.1171770021 0.419667989
vt 0.1233439967 0.4277079999
vt 0.1158979982 0.2388180047
vt 0.1038189977 0.2535440028
vt 0.06705699861 0.2680599988
vt 0.08366099745 0.2877840102
vt 0.0802090019 0.2549580038
vt 0.07422299683 0.3363370001
vt 0.06046900153 0.3147720098
vt 0.6614030004 0.875442028
vt 0.1457230002 0.4670999944
vt 0.1409559995 0.4558109939
vt 0.4618780017 0.1378400028
vt 0.3697470129 0.1372949928
vt 0.9299759865 0.8911939859
vt 0.2023999989 0.3766979873
vt 0.4637120068 0.3126119971
vt 0.05383300036 0.2761040032
vt 0.9195039868 0.52660501
vt 0.9201220274 0.5154770017
vt 0.8005790114 0.3632940054
vt 0.8629509807 0.4327560067
vt 0.9159860015 0.514334023
vt 0.3940350115 0.2223130018
vt 0.3830690086 0.2042240053
vt 0.4604189992 0.244028002
vt 0.4420860112 0.2479639947
vt 0.4372830093 0.2278860062
vt 0.4184910059 0.2338760048
vt 0.4020830095 0.2451409996
vt 0.4254330099 0.2563109994
vt 0.4347119927 0.210849002
vt 0.4957009852 0.2047359943
vt 0.3700709939 0.2198159993
vt 0.3817070127 0.2367469966
vt 0.3739280105 0.1874579936
vt 0.3287779987 0.1787090003
vt 0.4071289897 0.1733040065
vt 0.4262619913 0.1682360023
vt 0.4063940048 0.1543689966
vt 0.3878490031 0.138883993
vt 0.4914320111 0.1819099933
vt 0.4447660148 0.159702003
vt 0.4403400123 0.1443530023
vt 0.4423930049 0.1343760043
vt 0.6943579912 0.8826090097
vt 0.2249819934 0.4983449876
vt 0.4432600141 0.7699149847
vt 0.4327529967 0.7596129775
vt 0.4929650128 0.802546978
vt 0.402132988 0.103384003
vt 0.4669800103 0.7678200006
vt 0.2776420116 0.6256780028
vt 0.1854159981 0.5261639953
vt 0.1781679988 0.5178030133
vt 0.1700029969 0.5077769756
vt 0.136548996 0.4523380101
vt 0.1653569937 0.5004169941
vt 0.1609089971 0.4922809899
vt 0.1505559981 0.4772019982
vt 0.1412860006 0.462677002
vt 0.1552529931 0.4866029918
vt 0.1459420025 0.4725730121
vt 0.1570409983 0.4807600081
vt 0.153707996 0.4678570032
vt 0.1290609986 0.43710199
vt 0.7073199749 0.8778820038
vt 0.6892070174 0.8691009879
vt 0.6705790162 0.8611459732
vt 0.6456879973 0.8645380139
vt 0.688436985 0.8684639931
vt 0.6925879717 0.8635920286
vt 0.6680110097 0.8656949997
vt 0.6483179927 0.8618199825
vt 0.6513779759 0.8597909808
vt 0.6734740138 0.8668500185
vt 0.6560670137 0.8682720065
vt 0.6759480238 0.8753479719
vt 0.6259580255 0.8615090251
vt 0.5106130242 0.8004000187
vt 0.4949199855 0.786954999
vt 0.1315740049 0.4302540123
vt 0.1338919997 0.4133259952
vt 0.1178120002 0.3991599977
vt 0.1657679975 0.4505870044
vt 0.1484459937 0.4412469864
vt 0.1499630064 0.4551549852
vt 0.1687909961 0.4340519905
vt 0.1630329937 0.4105890095
vt 0.1317670047 0.3665319979
vt 0.1243520007 0.3817839921
vt 0.1517809927 0.4249930084
vt 0.1658519953 0.3672209978
vt 0.1349869967 0.4441680014
vt 0.1039320007 0.3819540143
vt 0.1103809997 0.404073
vt 0.08957699686 0.3582920134
vt 0.08974699676 0.3192479908
vt 0.1179390028 0.3519279957
vt 0.1296059936 0.3396179974
vt 0.1099079996 0.3664630055
vt 0.1036690027 0.3358899951
vt 0.1111370027 0.3236779869
vt 0.09764099866 0.3068400025
vt 0.09154000133 0.238974005
vt 0.1172069982 0.3078739941
vt 0.1050110012 0.2994320095
vt 0.1087040007 0.2814599872
vt 0.09447400272 0.2753050029
vt 0.05818799883 0.312635988
vt 0.6878820062 0.8815450072
vt 0.7228440046 0.8821390271
vt 0.8221589923 0.9102939963
vt 0.7703149915 0.8905519843
vt 0.7683529854 0.8916760087
vt 0.783954978 0.8932489753
vt 0.8016319871 0.8952800035
vt 0.8267089725 0.9152519703
vt 0.9129779935 0.905321002
vt 0.8700600266 0.9057869911
vt 0.05163799971 0.246894002
vt 0.04126799852 0.2554320097
vt 0.06581299752 0.2356079966
vt 0.1891950071 0.1642449945
vt 0.2125149965 0.164308995
vt 0.4417409897 0.1247040033
vt 0.3440769911 0.0890500024
vt 0.3610819876 0.08994799852
vt 0.3341729939 0.09406399727
vt 0.3547509909 0.1004500017
vt 0.3767530024 0.1037700027
vt 0.3678709865 0.1200980023
vt 0.3425349891 0.1085380018
vt 0.3171879947 0.0881280005
vt 0.2967669964 0.1467400044
vt 0.3273429871 0.1148120016
vt 0.3113979995 0.1270750016
vt 0.3198719919 0.1524319947
vt 0.3057299852 0.172826007
vt 0.9756090045 0.6992319822
vt 0.9811000228 0.7027410269
vt 0.9431999922 0.8888059855
vt 0.9276019931 0.9054459929
vt 0.4767430127 0.7806779742
# mm_gid 0
g mmGroup0
usemtl Material.001
f 1/1/1 2/2/2 3/3/3 
f 4/4/4 5/5/5 6/6/6 
f 7/7/7 8/8/8 9/9/9 
f 10/10/10 8/8/8 11/11/11 
f 12/12/12 13/13/13 14/14/14 
f 15/15/15 16/16/16 17/17/17 
f 18/18/18 19/19/19 20/20/20 
f 21/21/21 22/22/22 23/23/23 
f 24/24/24 25/25/25 26/26/26 
f 27/27/27 22/22/22 28/28/28 
f 13/13/13 29/29/29 30/30/30 
f 31/31/31 32/32/32 33/33/33 
f 33/33/33 32/32/32 34/34/34 
f 35/35/35 36/36/36 37/37/37 
f 38/38/38 39/39/39 40/40/40 
f 25/25/25 24/24/24 41/41/41 
f 10/10/10 42/42/42 8/8/8 
f 43/43/43 44/44/44 45/45/45 
f 21/21/21 46/46/46 22/22/22 
f 31/31/31 46/46/46 21/21/21 
f 14/14/14 30/30/30 47/47/47 
f 23/23/23 48/48/48 49/49/49 
f 46/46/46 50/50/50 51/51/51 
f 33/33/33 52/52/52 53/53/53 
f 27/27/27 23/23/23 22/22/22 
f 22/22/22 46/46/46 51/51/51 
f 54/54/54 55/55/55 56/56/56 
f 55/55/55 57/57/57 5/5/5 
f 11/11/11 7/7/7 57/57/57 
f 7/7/7 6/6/6 5/5/5 
f 57/57/57 55/55/55 58/58/58 
f 59/59/59 24/24/24 42/42/42 
f 60/60/60 58/58/58 61/61/61 
f 57/57/57 60/60/60 11/11/11 
f 62/62/62 63/63/63 64/64/64 
f 65/65/65 66/66/66 67/67/67 
f 68/68/68 69/69/69 70/70/70 
f 71/71/71 72/72/72 73/73/73 
f 74/74/74 75/75/75 76/76/76 
f 77/77/77 78/78/78 70/70/70 
f 79/79/79 80/80/80 81/81/81 
f 82/82/82 79/79/79 83/83/83 
f 74/74/74 76/76/76 68/68/68 
f 84/84/84 85/85/85 86/86/86 
f 78/78/78 77/77/77 87/87/87 
f 80/80/80 88/88/88 89/89/89 
f 90/90/90 88/88/88 82/82/82 
f 78/78/78 91/91/91 92/92/92 
f 83/83/83 93/93/93 94/94/94 
f 70/70/70 69/69/69 95/95/95 
f 96/96/96 69/69/69 97/97/97 
f 98/98/98 75/75/75 99/99/99 
f 100/100/100 101/101/101 102/102/102 
f 103/103/103 104/104/104 105/105/105 
f 88/88/88 80/80/80 79/79/79 
f 106/106/106 107/107/107 108/108/108 
f 109/109/109 110/110/110 111/111/111 
f 74/74/74 112/112/112 113/113/113 
f 114/114/114 115/115/115 116/116/116 
f 117/117/117 118/118/118 119/119/119 
f 81/81/81 98/98/98 120/120/120 
f 79/79/79 82/82/82 88/88/88 
f 121/121/121 122/122/122 123/123/123 
f 124/124/124 125/125/125 126/126/126 
f 127/127/127 128/128/128 129/129/129 
f 130/130/130 131/131/131 125/125/125 
f 125/125/125 132/132/132 133/133/133 
f 134/134/134 135/135/135 136/136/136 
f 130/130/130 124/124/124 137/137/137 
f 138/138/138 126/126/126 125/125/125 
f 131/131/131 139/139/139 132/132/132 
f 140/140/140 141/141/141 142/142/142 
f 143/143/143 144/144/144 145/145/145 
f 146/146/146 143/143/143 147/147/147 
f 147/147/147 145/145/145 148/148/148 
f 149/149/149 150/150/150 143/143/143 
f 151/151/151 152/152/152 153/153/153 
f 154/154/154 155/155/155 156/156/156 
f 157/157/157 158/158/158 159/159/159 
f 160/160/160 161/161/161 162/162/162 
f 162/162/162 163/163/163 164/164/164 
f 165/165/165 166/166/166 167/167/167 
f 168/168/168 169/169/169 170/170/170 
f 171/171/171 159/159/159 172/172/172 
f 157/157/157 159/159/159 171/171/171 
f 173/173/173 174/174/174 175/175/175 
f 176/176/176 177/177/177 178/178/178 
f 179/179/179 180/180/180 181/181/181 
f 182/182/182 183/183/183 184/184/184 
f 185/185/185 186/186/186 187/187/187 
f 188/188/188 189/189/189 190/190/190 
f 191/191/191 192/192/192 193/193/193 
f 194/194/194 191/191/191 193/193/193 
f 195/195/195 196/196/196 197/197/197 
f 198/198/198 196/196/196 199/199/199 
f 200/200/200 199/199/199 201/201/201 
f 202/202/202 203/203/203 204/204/204 
f 205/205/205 206/206/206 207/207/207 
f 208/208/208 209/209/209 210/210/210 
f 211/211/211 212/212/212 213/213/213 
f 214/214/214 215/215/215 216/216/216 
f 217/217/217 218/218/218 219/219/219 
f 220/220/220 221/221/221 222/222/222 
f 223/223/223 224/224/224 225/225/225 
f 226/226/226 227/227/227 228/228/228 
f 229/229/229 230/230/230 231/231/231 
f 232/232/232 233/233/233 234/234/234 
f 235/235/235 165/165/165 236/236/236 
f 237/237/237 181/181/181 238/238/238 
f 222/222/222 239/239/239 220/220/220 
f 139/139/139 240/240/240 241/241/241 
f 242/242/242 243/243/243 244/244/244 
f 245/245/245 246/246/246 247/247/247 
f 158/158/158 248/248/248 249/249/249 
f 250/250/250 167/167/167 251/251/251 
f 162/162/162 237/237/237 238/238/238 
f 161/161/161 166/166/166 163/163/163 
f 252/252/252 253/253/253 254/254/254 
f 255/255/255 164/164/164 163/163/163 
f 256/256/256 257/257/257 258/258/258 
f 259/259/259 260/260/260 261/261/261 
f 262/262/262 158/158/158 263/263/263 
f 264/264/264 265/265/265 266/266/266 
f 267/267/267 268/268/268 252/252/252 
f 269/269/269 270/270/270 271/271/271 
f 237/237/237 164/164/164 262/262/262 
f 272/272/272 273/273/273 274/274/274 
f 275/275/275 161/161/161 160/160/160 
f 276/276/276 277/277/277 247/247/247 
f 278/278/278 279/279/279 280/280/280 
f 187/187/187 281/281/281 185/185/185 
f 262/262/262 282/282/282 237/237/237 
f 237/237/237 282/282/282 181/181/181 
f 250/250/250 236/236/236 167/167/167 
f 283/283/283 284/284/284 285/285/285 
f 275/275/275 286/286/286 287/287/287 
f 288/288/288 289/289/289 290/290/290 
f 291/291/291 292/292/292 293/293/293 
f 294/294/294 295/295/295 296/296/296 
f 163/163/163 162/162/162 161/161/161 
f 297/297/297 298/298/298 299/299/299 
f 300/300/300 301/301/301 302/302/302 
f 303/303/303 174/174/174 304/304/304 
f 305/305/305 306/306/306 307/307/307 
f 271/271/271 270/270/270 179/179/179 
f 166/166/166 165/165/165 163/163/163 
f 255/255/255 308/308/308 249/249/249 
f 161/161/161 287/287/287 309/309/309 
f 161/161/161 275/275/275 287/287/287 
f 310/310/310 151/151/151 311/311/311 
f 263/263/263 157/157/157 312/312/312 
f 166/166/166 309/309/309 167/167/167 
f 313/313/313 314/314/314 315/315/315 
f 316/316/316 317/317/317 251/251/251 
f 318/318/318 319/319/319 320/320/320 
f 286/286/286 275/275/275 258/258/258 
f 321/321/321 322/322/322 323/323/323 
f 324/324/324 325/325/325 326/326/326 
f 327/327/327 328/328/328 329/329/329 
f 160/160/160 256/256/256 275/275/275 
f 165/165/165 308/308/308 255/255/255 
f 330/330/330 276/276/276 247/247/247 
f 257/257/257 239/239/239 258/258/258 
f 164/164/164 248/248/248 262/262/262 
f 331/331/331 332/332/332 333/333/333 
f 263/263/263 282/282/282 262/262/262 
f 334/334/334 335/335/335 322/322/322 
f 336/336/336 169/169/169 337/337/337 
f 338/338/338 339/339/339 340/340/340 
f 341/341/341 342/342/342 343/343/343 
f 344/344/344 345/345/345 346/346/346 
f 263/263/263 347/347/347 282/282/282 
f 348/348/348 349/349/349 350/350/350 
f 351/351/351 352/352/352 353/353/353 
f 354/354/354 355/355/355 356/356/356 
f 357/357/357 358/358/358 359/359/359 
f 322/322/322 321/321/321 360/360/360 
f 361/361/361 362/362/362 363/363/363 
f 239/239/239 222/222/222 364/364/364 
f 256/256/256 160/160/160 238/238/238 
f 167/167/167 309/309/309 251/251/251 
f 316/316/316 360/360/360 321/321/321 
f 365/365/365 366/366/366 367/367/367 
f 158/158/158 262/262/262 248/248/248 
f 255/255/255 249/249/249 248/248/248 
f 239/239/239 334/334/334 258/258/258 
f 368/368/368 369/369/369 370/370/370 
f 371/371/371 326/326/326 325/325/325 
f 158/158/158 249/249/249 159/159/159 
f 372/372/372 373/373/373 374/374/374 
f 375/375/375 376/376/376 377/377/377 
f 378/378/378 379/379/379 380/380/380 
f 381/381/381 382/382/382 383/383/383 
f 384/384/384 349/349/349 385/385/385 
f 386/386/386 387/387/387 388/388/388 
f 212/212/212 389/389/389 390/390/390 
f 391/391/391 392/392/392 393/393/393 
f 394/394/394 395/395/395 396/396/396 
f 392/392/392 397/397/397 398/398/398 
f 391/391/391 222/222/222 397/397/397 
f 397/397/397 222/222/222 221/221/221 
f 393/393/393 392/392/392 399/399/399 
f 400/400/400 401/401/401 402/402/402 
f 403/403/403 404/404/404 399/399/399 
f 393/393/393 404/404/404 335/335/335 
f 398/398/398 405/405/405 392/392/392 
f 184/184/184 406/406/406 182/182/182 
f 407/407/407 404/404/404 403/403/403 
f 397/397/397 408/408/408 409/409/409 
f 410/410/410 411/411/411 66/66/66 
f 412/412/412 413/413/413 414/414/414 
f 405/405/405 398/398/398 415/415/415 
f 407/407/407 416/416/416 417/417/417 
f 393/393/393 335/335/335 364/364/364 
f 392/392/392 405/405/405 399/399/399 
f 315/315/315 418/418/418 402/402/402 
f 391/391/391 397/397/397 392/392/392 
f 393/393/393 399/399/399 404/404/404 
f 419/419/419 411/411/411 420/420/420 
f 421/421/421 422/422/422 423/423/423 
f 424/424/424 425/425/425 426/426/426 
f 427/427/427 428/428/428 429/429/429 
f 430/430/430 325/325/325 431/431/431 
f 404/404/404 417/417/417 335/335/335 
f 432/432/432 407/407/407 403/403/403 
f 433/433/433 434/434/434 213/213/213 
f 321/321/321 323/323/323 435/435/435 
f 436/436/436 421/421/421 437/437/437 
f 438/438/438 439/439/439 409/409/409 
f 440/440/440 441/441/441 442/442/442 
f 236/236/236 192/192/192 235/235/235 
f 180/180/180 270/270/270 443/443/443 
f 444/444/444 445/445/445 446/446/446 
f 323/323/323 417/417/417 416/416/416 
f 447/447/447 448/448/448 449/449/449 
f 432/432/432 450/450/450 407/407/407 
f 451/451/451 452/452/452 453/453/453 
f 407/407/407 417/417/417 404/404/404 
f 454/454/454 455/455/455 456/456/456 
f 270/270/270 269/269/269 457/457/457 
f 458/458/458 284/284/284 459/459/459 
f 460/460/460 445/445/445 461/461/461 
f 462/462/462 438/438/438 409/409/409 
f 463/463/463 464/464/464 465/465/465 
f 466/466/466 467/467/467 468/468/468 
f 469/469/469 470/470/470 471/471/471 
f 472/472/472 473/473/473 474/474/474 
f 473/473/473 475/475/475 476/476/476 
f 477/477/477 478/478/478 479/479/479 
f 477/477/477 480/480/480 481/481/481 
f 472/472/472 482/482/482 483/483/483 
f 484/484/484 481/481/481 483/483/483 
f 473/473/473 483/483/483 481/481/481 
f 477/477/477 484/484/484 485/485/485 
f 486/486/486 487/487/487 488/488/488 
f 489/489/489 490/490/490 491/491/491 
f 412/412/412 414/414/414 492/492/492 
f 493/493/493 494/494/494 495/495/495 
f 496/496/496 414/414/414 497/497/497 
f 498/498/498 499/499/499 500/500/500 
f 501/501/501 502/502/502 503/503/503 
f 504/504/504 502/502/502 505/505/505 
f 506/506/506 507/507/507 505/505/505 
f 508/508/508 500/500/500 509/509/509 
f 506/506/506 510/510/510 511/511/511 
f 506/506/506 499/499/499 510/510/510 
f 504/504/504 505/505/505 512/512/512 
f 513/513/513 499/499/499 506/506/506 
f 514/514/514 501/501/501 515/515/515 
f 516/516/516 517/517/517 518/518/518 
f 519/519/519 90/90/90 107/107/107 
f 416/416/416 407/407/407 450/450/450 
f 520/520/520 521/521/521 522/522/522 
f 417/417/417 323/323/323 322/322/322 
f 523/523/523 524/524/524 359/359/359 
f 525/525/525 526/526/526 527/527/527 
f 528/528/528 416/416/416 450/450/450 
f 457/457/457 443/443/443 270/270/270 
f 269/269/269 271/271/271 529/529/529 
f 530/530/530 531/531/531 532/532/532 
f 406/406/406 533/533/533 113/113/113 
f 462/462/462 534/534/534 438/438/438 
f 534/534/534 535/535/535 438/438/438 
f 536/536/536 537/537/537 529/529/529 
f 538/538/538 539/539/539 540/540/540 
f 541/541/541 542/542/542 543/543/543 
f 544/544/544 537/537/537 545/545/545 
f 546/546/546 534/534/534 545/545/545 
f 546/546/546 547/547/547 534/534/534 
f 534/534/534 547/547/547 535/535/535 
f 548/548/548 549/549/549 550/550/550 
f 551/551/551 552/552/552 553/553/553 
f 546/546/546 554/554/554 555/555/555 
f 556/556/556 439/439/439 438/438/438 
f 557/557/557 558/558/558 559/559/559 
f 560/560/560 535/535/535 561/561/561 
f 535/535/535 556/556/556 438/438/438 
f 562/562/562 563/563/563 564/564/564 
f 537/537/537 536/536/536 554/554/554 
f 565/565/565 566/566/566 567/567/567 
f 529/529/529 271/271/271 568/568/568 
f 569/569/569 570/570/570 571/571/571 
f 415/415/415 439/439/439 572/572/572 
f 449/449/449 573/573/573 548/548/548 
f 544/544/544 269/269/269 537/537/537 
f 220/220/220 257/257/257 443/443/443 
f 568/568/568 277/277/277 574/574/574 
f 575/575/575 576/576/576 577/577/577 
f 94/94/94 93/93/93 578/578/578 
f 330/330/330 312/312/312 579/579/579 
f 580/580/580 581/581/581 582/582/582 
f 580/580/580 536/536/536 581/581/581 
f 157/157/157 575/575/575 312/312/312 
f 583/583/583 584/584/584 585/585/585 
f 586/586/586 93/93/93 83/83/83 
f 587/587/587 588/588/588 589/589/589 
f 330/330/330 579/579/579 276/276/276 
f 590/590/590 574/574/574 277/277/277 
f 591/591/591 20/20/20 592/592/592 
f 574/574/574 582/582/582 581/581/581 
f 593/593/593 451/451/451 453/453/453 
f 594/594/594 595/595/595 596/596/596 
f 597/597/597 582/582/582 574/574/574 
f 202/202/202 598/598/598 599/599/599 
f 597/597/597 600/600/600 268/268/268 
f 568/568/568 271/271/271 245/245/245 
f 167/167/167 236/236/236 165/165/165 
f 601/601/601 602/602/602 603/603/603 
f 338/338/338 340/340/340 604/604/604 
f 590/590/590 605/605/605 574/574/574 
f 606/606/606 607/607/607 608/608/608 
f 609/609/609 582/582/582 267/267/267 
f 529/529/529 568/568/568 581/581/581 
f 610/610/610 611/611/611 489/489/489 
f 612/612/612 584/584/584 613/613/613 
f 276/276/276 579/579/579 614/614/614 
f 574/574/574 605/605/605 597/597/597 
f 615/615/615 17/17/17 616/616/616 
f 600/600/600 597/597/597 605/605/605 
f 617/617/617 618/618/618 619/619/619 
f 620/620/620 621/621/621 622/622/622 
f 623/623/623 624/624/624 625/625/625 
f 575/575/575 577/577/577 312/312/312 
f 312/312/312 577/577/577 579/579/579 
f 626/626/626 627/627/627 628/628/628 
f 629/629/629 625/625/625 630/630/630 
f 631/631/631 632/632/632 633/633/633 
f 634/634/634 605/605/605 590/590/590 
f 635/635/635 340/340/340 636/636/636 
f 236/236/236 250/250/250 637/637/637 
f 638/638/638 639/639/639 640/640/640 
f 194/194/194 641/641/641 642/642/642 
f 643/643/643 189/189/189 644/644/644 
f 645/645/645 646/646/646 647/647/647 
f 648/648/648 617/617/617 649/649/649 
f 650/650/650 651/651/651 652/652/652 
f 635/635/635 636/636/636 645/645/645 
f 236/236/236 637/637/637 192/192/192 
f 653/653/653 637/637/637 250/250/250 
f 641/641/641 654/654/654 642/642/642 
f 308/308/308 235/235/235 646/646/646 
f 655/655/655 635/635/635 647/647/647 
f 656/656/656 126/126/126 657/657/657 
f 604/604/604 340/340/340 635/635/635 
f 191/191/191 235/235/235 192/192/192 
f 658/658/658 193/193/193 192/192/192 
f 194/194/194 193/193/193 641/641/641 
f 646/646/646 194/194/194 647/647/647 
f 659/659/659 660/660/660 661/661/661 
f 191/191/191 646/646/646 235/235/235 
f 634/634/634 662/662/662 663/663/663 
f 645/645/645 636/636/636 249/249/249 
f 664/664/664 306/306/306 665/665/665 
f 666/666/666 642/642/642 654/654/654 
f 658/658/658 637/637/637 667/667/667 
f 668/668/668 669/669/669 670/670/670 
f 671/671/671 672/672/672 673/673/673 
f 367/367/367 672/672/672 674/674/674 
f 517/517/517 675/675/675 676/676/676 
f 677/677/677 678/678/678 511/511/511 
f 679/679/679 680/680/680 681/681/681 
f 682/682/682 677/677/677 683/683/683 
f 684/684/684 685/685/685 601/601/601 
f 686/686/686 687/687/687 688/688/688 
f 677/677/677 682/682/682 678/678/678 
f 655/655/655 604/604/604 635/635/635 
f 689/689/689 690/690/690 15/15/15 
f 691/691/691 692/692/692 690/690/690 
f 684/684/684 601/601/601 693/693/693 
f 694/694/694 678/678/678 682/682/682 
f 668/668/668 667/667/667 695/695/695 
f 691/691/691 685/685/685 692/692/692 
f 465/465/465 696/696/696 697/697/697 
f 207/207/207 698/698/698 205/205/205 
f 546/546/546 545/545/545 554/554/554 
f 699/699/699 700/700/700 701/701/701 
f 694/694/694 693/693/693 702/702/702 
f 703/703/703 692/692/692 685/685/685 
f 704/704/704 705/705/705 706/706/706 
f 453/453/453 707/707/707 708/708/708 
f 709/709/709 710/710/710 711/711/711 
f 653/653/653 667/667/667 637/637/637 
f 712/712/712 713/713/713 298/298/298 
f 714/714/714 715/715/715 716/716/716 
f 694/694/694 702/702/702 678/678/678 
f 717/717/717 718/718/718 719/719/719 
f 3/3/3 653/653/653 250/250/250 
f 720/720/720 721/721/721 722/722/722 
f 684/684/684 703/703/703 685/685/685 
f 723/723/723 540/540/540 724/724/724 
f 725/725/725 662/662/662 623/623/623 
f 717/717/717 726/726/726 718/718/718 
f 690/690/690 692/692/692 727/727/727 
f 728/728/728 729/729/729 730/730/730 
f 731/731/731 694/694/694 682/682/682 
f 731/731/731 732/732/732 733/733/733 
f 734/734/734 735/735/735 736/736/736 
f 737/737/737 738/738/738 739/739/739 
f 740/740/740 741/741/741 742/742/742 
f 743/743/743 692/692/692 703/703/703 
f 737/737/737 744/744/744 745/745/745 
f 499/499/499 513/513/513 514/514/514 
f 746/746/746 747/747/747 748/748/748 
f 749/749/749 625/625/625 624/624/624 
f 742/742/742 741/741/741 739/739/739 
f 703/703/703 750/750/750 751/751/751 
f 752/752/752 753/753/753 754/754/754 
f 755/755/755 756/756/756 757/757/757 
f 758/758/758 441/441/441 759/759/759 
f 194/194/194 642/642/642 647/647/647 
f 760/760/760 761/761/761 762/762/762 
f 763/763/763 764/764/764 765/765/765 
f 766/766/766 767/767/767 768/768/768 
f 769/769/769 17/17/17 16/16/16 
f 770/770/770 771/771/771 772/772/772 
f 773/773/773 774/774/774 775/775/775 
f 693/693/693 694/694/694 750/750/750 
f 776/776/776 777/777/777 778/778/778 
f 684/684/684 750/750/750 703/703/703 
f 10/10/10 779/779/779 780/780/780 
f 738/738/738 752/752/752 732/732/732 
f 781/781/781 470/470/470 782/782/782 
f 783/783/783 784/784/784 737/737/737 
f 740/740/740 742/742/742 731/731/731 
f 499/499/499 785/785/785 510/510/510 
f 786/786/786 787/787/787 788/788/788 
f 358/358/358 789/789/789 790/790/790 
f 738/738/738 791/791/791 752/752/752 
f 754/754/754 792/792/792 793/793/793 
f 794/794/794 423/423/423 795/795/795 
f 783/783/783 796/796/796 784/784/784 
f 753/753/753 752/752/752 791/791/791 
f 797/797/797 798/798/798 799/799/799 
f 800/800/800 801/801/801 802/802/802 
f 803/803/803 458/458/458 804/804/804 
f 102/102/102 101/101/101 805/805/805 
f 193/193/193 658/658/658 670/670/670 
f 367/367/367 313/313/313 672/672/672 
f 806/806/806 807/807/807 808/808/808 
f 754/754/754 809/809/809 792/792/792 
f 810/810/810 811/811/811 812/812/812 
f 671/671/671 673/673/673 813/813/813 
f 814/814/814 815/815/815 816/816/816 
f 813/813/813 817/817/817 818/818/818 
f 819/819/819 820/820/820 821/821/821 
f 822/822/822 796/796/796 783/783/783 
f 232/232/232 234/234/234 823/823/823 
f 824/824/824 809/809/809 825/825/825 
f 743/743/743 792/792/792 824/824/824 
f 754/754/754 753/753/753 826/826/826 
f 827/827/827 828/828/828 552/552/552 
f 817/817/817 813/813/813 829/829/829 
f 754/754/754 826/826/826 809/809/809 
f 754/754/754 793/793/793 752/752/752 
f 830/830/830 831/831/831 832/832/832 
f 833/833/833 243/243/243 242/242/242 
f 671/671/671 813/813/813 834/834/834 
f 835/835/835 108/108/108 836/836/836 
f 837/837/837 838/838/838 616/616/616 
f 152/152/152 310/310/310 839/839/839 
f 834/834/834 769/769/769 825/825/825 
f 179/179/179 246/246/246 245/245/245 
f 784/784/784 796/796/796 365/365/365 
f 840/840/840 841/841/841 842/842/842 
f 784/784/784 365/365/365 753/753/753 
f 837/837/837 843/843/843 838/838/838 
f 809/809/809 826/826/826 844/844/844 
f 826/826/826 365/365/365 674/674/674 
f 671/671/671 674/674/674 672/672/672 
f 845/845/845 828/828/828 846/846/846 
f 671/671/671 834/834/834 844/844/844 
f 423/423/423 619/619/619 421/421/421 
f 847/847/847 848/848/848 849/849/849 
f 850/850/850 796/796/796 822/822/822 
f 851/851/851 326/326/326 852/852/852 
f 671/671/671 844/844/844 674/674/674 
f 825/825/825 769/769/769 16/16/16 
f 837/837/837 818/818/818 817/817/817 
f 853/853/853 854/854/854 855/855/855 
f 856/856/856 274/274/274 273/273/273 
f 589/589/589 857/857/857 858/858/858 
f 859/859/859 860/860/860 762/762/762 
f 843/843/843 837/837/837 760/760/760 
f 829/829/829 861/861/861 817/817/817 
f 862/862/862 863/863/863 864/864/864 
f 865/865/865 843/843/843 760/760/760 
f 866/866/866 829/829/829 673/673/673 
f 308/308/308 645/645/645 249/249/249 
f 633/633/633 867/867/867 868/868/868 
f 869/869/869 313/313/313 366/366/366 
f 870/870/870 871/871/871 872/872/872 
f 1/1/1 3/3/3 317/317/317 
f 673/673/673 672/672/672 315/315/315 
f 873/873/873 874/874/874 875/875/875 
f 159/159/159 249/249/249 636/636/636 
f 876/876/876 877/877/877 878/878/878 
f 313/313/313 869/869/869 314/314/314 
f 879/879/879 880/880/880 881/881/881 
f 882/882/882 883/883/883 884/884/884 
f 885/885/885 886/886/886 887/887/887 
f 885/885/885 884/884/884 886/886/886 
f 888/888/888 889/889/889 890/890/890 
f 891/891/891 892/892/892 893/893/893 
f 894/894/894 895/895/895 896/896/896 
f 884/884/884 897/897/897 898/898/898 
f 899/899/899 900/900/900 901/901/901 
f 902/902/902 903/903/903 904/904/904 
f 905/905/905 906/906/906 907/907/907 
f 887/887/887 886/886/886 908/908/908 
f 909/909/909 859/859/859 762/762/762 
f 910/910/910 911/911/911 898/898/898 
f 887/887/887 908/908/908 912/912/912 
f 261/261/261 913/913/913 259/259/259 
f 914/914/914 859/859/859 909/909/909 
f 915/915/915 680/680/680 916/916/916 
f 597/597/597 268/268/268 267/267/267 
f 193/193/193 670/670/670 641/641/641 
f 261/261/261 917/917/917 913/913/913 
f 884/884/884 911/911/911 882/882/882 
f 898/898/898 911/911/911 884/884/884 
f 860/860/860 859/859/859 913/913/913 
f 129/129/129 918/918/918 919/919/919 
f 882/882/882 260/260/260 128/128/128 
f 920/920/920 921/921/921 922/922/922 
f 261/261/261 910/910/910 917/917/917 
f 666/666/666 655/655/655 642/642/642 
f 923/923/923 401/401/401 914/914/914 
f 924/924/924 854/854/854 925/925/925 
f 668/668/668 670/670/670 658/658/658 
f 926/926/926 927/927/927 928/928/928 
f 259/259/259 918/918/918 129/129/129 
f 929/929/929 403/403/403 399/399/399 
f 930/930/930 931/931/931 932/932/932 
f 933/933/933 934/934/934 935/935/935 
f 936/936/936 937/937/937 938/938/938 
f 757/757/757 756/756/756 939/939/939 
f 918/918/918 914/914/914 401/401/401 
f 940/940/940 941/941/941 942/942/942 
f 918/918/918 259/259/259 913/913/913 
f 914/914/914 913/913/913 859/859/859 
f 943/943/943 944/944/944 945/945/945 
f 946/946/946 947/947/947 948/948/948 
f 949/949/949 950/950/950 951/951/951 
f 952/952/952 904/904/904 953/953/953 
f 954/954/954 878/878/878 955/955/955 
f 919/919/919 956/956/956 957/957/957 
f 883/883/883 886/886/886 884/884/884 
f 958/958/958 886/886/886 883/883/883 
f 883/883/883 128/128/128 594/594/594 
f 959/959/959 456/456/456 960/960/960 
f 200/200/200 756/756/756 198/198/198 
f 961/961/961 962/962/962 963/963/963 
f 964/964/964 965/965/965 966/966/966 
f 845/845/845 967/967/967 428/428/428 
f 968/968/968 957/957/957 956/956/956 
f 127/127/127 129/129/129 957/957/957 
f 596/596/596 958/958/958 594/594/594 
f 969/969/969 908/908/908 970/970/970 
f 971/971/971 972/972/972 973/973/973 
f 974/974/974 240/240/240 975/975/975 
f 976/976/976 688/688/688 687/687/687 
f 912/912/912 969/969/969 977/977/977 
f 127/127/127 594/594/594 128/128/128 
f 978/978/978 979/979/979 980/980/980 
f 981/981/981 969/969/969 982/982/982 
f 594/594/594 958/958/958 883/883/883 
f 983/983/983 981/981/981 984/984/984 
f 958/958/958 908/908/908 886/886/886 
f 127/127/127 985/985/985 595/595/595 
f 983/983/983 977/977/977 981/981/981 
f 969/969/969 912/912/912 908/908/908 
f 986/986/986 987/987/987 177/177/177 
f 195/195/195 988/988/988 989/989/989 
f 969/969/969 981/981/981 977/977/977 
f 398/398/398 409/409/409 439/439/439 
f 990/990/990 991/991/991 992/992/992 
f 787/787/787 993/993/993 994/994/994 
f 984/984/984 981/981/981 995/995/995 
f 996/996/996 995/995/995 997/997/997 
f 998/998/998 548/548/548 999/999/999 
f 958/958/958 596/596/596 970/970/970 
f 982/982/982 1000/1000/1000 1001/1001/1001 
f 1002/1002/1002 1003/1003/1003 735/735/735 
f 1004/1004/1004 1005/1005/1005 1006/1006/1006 
f 449/449/449 1007/1007/1007 573/573/573 
f 1008/1008/1008 1009/1009/1009 1010/1010/1010 
f 1011/1011/1011 1012/1012/1012 329/329/329 
f 1013/1013/1013 1014/1014/1014 1015/1015/1015 
f 624/624/624 634/634/634 614/614/614 
f 968/968/968 985/985/985 957/957/957 
f 1016/1016/1016 1017/1017/1017 1018/1018/1018 
f 315/315/315 314/314/314 418/418/418 
f 1019/1019/1019 1020/1020/1020 1021/1021/1021 
f 1022/1022/1022 1023/1023/1023 1024/1024/1024 
f 1025/1025/1025 1026/1026/1026 1027/1027/1027 
f 400/400/400 1028/1028/1028 956/956/956 
f 1029/1029/1029 1030/1030/1030 1031/1031/1031 
f 165/165/165 235/235/235 308/308/308 
f 1032/1032/1032 549/549/549 1033/1033/1033 
f 1028/1028/1028 1034/1034/1034 956/956/956 
f 1035/1035/1035 1036/1036/1036 1037/1037/1037 
f 1038/1038/1038 1039/1039/1039 777/777/777 
f 400/400/400 919/919/919 401/401/401 
f 968/968/968 956/956/956 1034/1034/1034 
f 1040/1040/1040 466/466/466 1041/1041/1041 
f 418/418/418 1028/1028/1028 400/400/400 
f 919/919/919 400/400/400 956/956/956 
f 629/629/629 630/630/630 524/524/524 
f 699/699/699 1042/1042/1042 1043/1043/1043 
f 1044/1044/1044 1045/1045/1045 1046/1046/1046 
f 1001/1001/1001 448/448/448 997/997/997 
f 1047/1047/1047 1048/1048/1048 1049/1049/1049 
f 1050/1050/1050 1051/1051/1051 1052/1052/1052 
f 1053/1053/1053 1054/1054/1054 1055/1055/1055 
f 667/667/667 653/653/653 1056/1056/1056 
f 704/704/704 1057/1057/1057 1058/1058/1058 
f 1028/1028/1028 1059/1059/1059 1034/1034/1034 
f 1060/1060/1060 1061/1061/1061 550/550/550 
f 544/544/544 545/545/545 462/462/462 
f 548/548/548 998/998/998 449/449/449 
f 395/395/395 1062/1062/1062 1063/1063/1063 
f 318/318/318 320/320/320 1038/1038/1038 
f 1060/1060/1060 1034/1034/1034 1059/1059/1059 
f 524/524/524 1064/1064/1064 357/357/357 
f 1034/1034/1034 1032/1032/1032 968/968/968 
f 1065/1065/1065 1066/1066/1066 1067/1067/1067 
f 1068/1068/1068 1069/1069/1069 1070/1070/1070 
f 74/74/74 1071/1071/1071 75/75/75 
f 74/74/74 68/68/68 112/112/112 
f 1059/1059/1059 1072/1072/1072 1073/1073/1073 
f 1060/1060/1060 1059/1059/1059 1073/1073/1073 
f 1074/1074/1074 1075/1075/1075 1076/1076/1076 
f 191/191/191 194/194/194 646/646/646 
f 418/418/418 314/314/314 1072/1072/1072 
f 999/999/999 548/548/548 550/550/550 
f 1077/1077/1077 716/716/716 715/715/715 
f 418/418/418 1072/1072/1072 1059/1059/1059 
f 1061/1061/1061 1060/1060/1060 1073/1073/1073 
f 1078/1078/1078 1079/1079/1079 1080/1080/1080 
f 846/846/846 1081/1081/1081 967/967/967 
f 1073/1073/1073 1082/1082/1082 1061/1061/1061 
f 1083/1083/1083 1084/1084/1084 1085/1085/1085 
f 1084/1084/1084 1082/1082/1082 1085/1085/1085 
f 1073/1073/1073 1072/1072/1072 1085/1085/1085 
f 1086/1086/1086 1087/1087/1087 1088/1088/1088 
f 1089/1089/1089 975/975/975 140/140/140 
f 1090/1090/1090 362/362/362 1091/1091/1091 
f 1092/1092/1092 1093/1093/1093 1094/1094/1094 
f 1095/1095/1095 1096/1096/1096 1097/1097/1097 
f 1098/1098/1098 916/916/916 1099/1099/1099 
f 556/556/556 1100/1100/1100 572/572/572 
f 1101/1101/1101 877/877/877 706/706/706 
f 1083/1083/1083 869/869/869 1102/1102/1102 
f 1103/1103/1103 1104/1104/1104 1105/1105/1105 
f 1099/1099/1099 1106/1106/1106 1098/1098/1098 
f 822/822/822 1102/1102/1102 850/850/850 
f 1107/1107/1107 1108/1108/1108 1109/1109/1109 
f 759/759/759 1110/1110/1110 758/758/758 
f 1111/1111/1111 1112/1112/1112 1113/1113/1113 
f 1114/1114/1114 1115/1115/1115 1116/1116/1116 
f 666/666/666 604/604/604 655/655/655 
f 850/850/850 1102/1102/1102 869/869/869 
f 1117/1117/1117 1118/1118/1118 1119/1119/1119 
f 1120/1120/1120 542/542/542 1121/1121/1121 
f 1083/1083/1083 1122/1122/1122 1084/1084/1084 
f 850/850/850 366/366/366 796/796/796 
f 100/100/100 102/102/102 1123/1123/1123 
f 1124/1124/1124 1122/1122/1122 1102/1102/1102 
f 1125/1125/1125 388/388/388 387/387/387 
f 494/494/494 1126/1126/1126 1127/1127/1127 
f 543/543/543 542/542/542 1128/1128/1128 
f 1129/1129/1129 1130/1130/1130 1131/1131/1131 
f 1132/1132/1132 1133/1133/1133 1134/1134/1134 
f 1135/1135/1135 1136/1136/1136 1137/1137/1137 
f 1138/1138/1138 598/598/598 1139/1139/1139 
f 1140/1140/1140 1141/1141/1141 1142/1142/1142 
f 1143/1143/1143 1133/1133/1133 1144/1144/1144 
f 208/208/208 389/389/389 1145/1145/1145 
f 1146/1146/1146 301/301/301 1147/1147/1147 
f 822/822/822 1148/1148/1148 1124/1124/1124 
f 1149/1149/1149 1150/1150/1150 622/622/622 
f 1151/1151/1151 1152/1152/1152 1153/1153/1153 
f 822/822/822 1124/1124/1124 1102/1102/1102 
f 1148/1148/1148 783/783/783 745/745/745 
f 451/451/451 593/593/593 1154/1154/1154 
f 1155/1155/1155 1156/1156/1156 1157/1157/1157 
f 910/910/910 898/898/898 1158/1158/1158 
f 1159/1159/1159 1160/1160/1160 1161/1161/1161 
f 1162/1162/1162 695/695/695 1163/1163/1163 
f 29/29/29 1164/1164/1164 1165/1165/1165 
f 1166/1166/1166 1167/1167/1167 1168/1168/1168 
f 1169/1169/1169 1163/1163/1163 1056/1056/1056 
f 1170/1170/1170 699/699/699 1171/1171/1171 
f 501/501/501 514/514/514 513/513/513 
f 695/695/695 1162/1162/1162 1172/1172/1172 
f 621/621/621 1124/1124/1124 1173/1173/1173 
f 1174/1174/1174 1175/1175/1175 1176/1176/1176 
f 1083/1083/1083 1102/1102/1102 1122/1122/1122 
f 1056/1056/1056 695/695/695 667/667/667 
f 1177/1177/1177 1178/1178/1178 774/774/774 
f 683/683/683 1144/1144/1144 1179/1179/1179 
f 702/702/702 603/603/603 512/512/512 
f 1180/1180/1180 941/941/941 940/940/940 
f 744/744/744 737/737/737 739/739/739 
f 1124/1124/1124 1148/1148/1148 379/379/379 
f 668/668/668 695/695/695 1172/1172/1172 
f 518/518/518 517/517/517 172/172/172 
f 601/601/601 603/603/603 693/693/693 
f 127/127/127 957/957/957 985/985/985 
f 386/386/386 388/388/388 1181/1181/1181 
f 1016/1016/1016 1018/1018/1018 1182/1182/1182 
f 785/785/785 1183/1183/1183 510/510/510 
f 127/127/127 595/595/595 594/594/594 
f 783/783/783 1148/1148/1148 822/822/822 
f 63/63/63 1184/1184/1184 64/64/64 
f 1185/1185/1185 669/669/669 1186/1186/1186 
f 1187/1187/1187 1188/1188/1188 1189/1189/1189 
f 1190/1190/1190 234/234/234 1129/1129/1129 
f 1148/1148/1148 1191/1191/1191 379/379/379 
f 1192/1192/1192 814/814/814 1193/1193/1193 
f 1194/1194/1194 1195/1195/1195 1196/1196/1196 
f 1162/1162/1162 1197/1197/1197 1198/1198/1198 
f 1197/1197/1197 1162/1162/1162 1163/1163/1163 
f 1132/1132/1132 1134/1134/1134 1199/1199/1199 
f 1200/1200/1200 1201/1201/1201 585/585/585 
f 718/718/718 726/726/726 679/679/679 
f 1199/1199/1199 1202/1202/1202 1203/1203/1203 
f 744/744/744 1204/1204/1204 1205/1205/1205 
f 1206/1206/1206 1207/1207/1207 993/993/993 
f 1208/1208/1208 285/285/285 1209/1209/1209 
f 1210/1210/1210 1211/1211/1211 1212/1212/1212 
f 1213/1213/1213 1214/1214/1214 283/283/283 
f 1215/1215/1215 1209/1209/1209 380/380/380 
f 1133/1133/1133 1179/1179/1179 1144/1144/1144 
f 1216/1216/1216 1143/1143/1143 1144/1144/1144 
f 225/225/225 1217/1217/1217 1218/1218/1218 
f 1170/1170/1170 1219/1219/1219 1220/1220/1220 
f 1221/1221/1221 1210/1210/1210 1214/1214/1214 
f 1222/1222/1222 927/927/927 1223/1223/1223 
f 1224/1224/1224 1225/1225/1225 1226/1226/1226 
f 1227/1227/1227 953/953/953 1228/1228/1228 
f 1215/1215/1215 1208/1208/1208 1209/1209/1209 
f 1213/1213/1213 1208/1208/1208 1229/1229/1229 
f 1230/1230/1230 1089/1089/1089 1231/1231/1231 
f 640/640/640 1232/1232/1232 489/489/489 
f 1208/1208/1208 1233/1233/1233 1229/1229/1229 
f 1234/1234/1234 1235/1235/1235 1236/1236/1236 
f 1119/1119/1119 1237/1237/1237 1229/1229/1229 
f 80/80/80 97/97/97 81/81/81 
f 1229/1229/1229 1237/1237/1237 1221/1221/1221 
f 1237/1237/1237 1238/1238/1238 1221/1221/1221 
f 1203/1203/1203 1222/1222/1222 1223/1223/1223 
f 1202/1202/1202 1222/1222/1222 1203/1203/1203 
f 1239/1239/1239 1240/1240/1240 1223/1223/1223 
f 741/741/741 740/740/740 1241/1241/1241 
f 1204/1204/1204 744/744/744 1242/1242/1242 
f 1243/1243/1243 1244/1244/1244 1132/1132/1132 
f 1245/1245/1245 1246/1246/1246 1247/1247/1247 
f 1238/1238/1238 1237/1237/1237 1248/1248/1248 
f 1243/1243/1243 1203/1203/1203 1223/1223/1223 
f 1249/1249/1249 1146/1146/1146 1250/1250/1250 
f 1251/1251/1251 1252/1252/1252 1253/1253/1253 
f 1244/1244/1244 1133/1133/1133 1132/1132/1132 
f 1254/1254/1254 1243/1243/1243 1240/1240/1240 
f 1255/1255/1255 1256/1256/1256 1147/1147/1147 
f 1244/1244/1244 1243/1243/1243 1254/1254/1254 
f 1244/1244/1244 1257/1257/1257 1179/1179/1179 
f 1117/1117/1117 1242/1242/1242 1241/1241/1241 
f 285/285/285 1213/1213/1213 283/283/283 
f 1191/1191/1191 1205/1205/1205 1215/1215/1215 
f 1258/1258/1258 1222/1222/1222 1259/1259/1259 
f 1222/1222/1222 1202/1202/1202 1259/1259/1259 
f 1260/1260/1260 720/720/720 722/722/722 
f 1261/1261/1261 1262/1262/1262 1263/1263/1263 
f 1214/1214/1214 1213/1213/1213 1221/1221/1221 
f 1233/1233/1233 1208/1208/1208 1215/1215/1215 
f 1199/1199/1199 1203/1203/1203 1132/1132/1132 
f 1264/1264/1264 832/832/832 831/831/831 
f 1265/1265/1265 1266/1266/1266 1267/1267/1267 
f 1210/1210/1210 1221/1221/1221 1238/1238/1238 
f 1119/1119/1119 1204/1204/1204 1117/1117/1117 
f 1223/1223/1223 1240/1240/1240 1243/1243/1243 
f 1268/1268/1268 373/373/373 1269/1269/1269 
f 1270/1270/1270 1271/1271/1271 1272/1272/1272 
f 1237/1237/1237 1119/1119/1119 1118/1118/1118 
f 1273/1273/1273 1274/1274/1274 1275/1275/1275 
f 1037/1037/1037 1036/1036/1036 152/152/152 
f 609/609/609 1276/1276/1276 580/580/580 
f 1277/1277/1277 1278/1278/1278 1279/1279/1279 
f 1280/1280/1280 1281/1281/1281 119/119/119 
f 1212/1212/1212 1211/1211/1211 1239/1239/1239 
f 1239/1239/1239 1223/1223/1223 927/927/927 
f 1282/1282/1282 1283/1283/1283 1284/1284/1284 
f 1285/1285/1285 1209/1209/1209 285/285/285 
f 1213/1213/1213 285/285/285 1208/1208/1208 
f 1039/1039/1039 1165/1165/1165 1164/1164/1164 
f 1286/1286/1286 1287/1287/1287 1288/1288/1288 
f 1257/1257/1257 1117/1117/1117 1241/1241/1241 
f 1191/1191/1191 745/745/745 1205/1205/1205 
f 737/737/737 745/745/745 783/783/783 
f 1119/1119/1119 1233/1233/1233 1204/1204/1204 
f 219/219/219 521/521/521 1289/1289/1289 
f 1290/1290/1290 1014/1014/1014 599/599/599 
f 1114/1114/1114 1271/1271/1271 1291/1291/1291 
f 1292/1292/1292 1293/1293/1293 1294/1294/1294 
f 1295/1295/1295 1296/1296/1296 1297/1297/1297 
f 1298/1298/1298 1287/1287/1287 1299/1299/1299 
f 1254/1254/1254 1118/1118/1118 1257/1257/1257 
f 1239/1239/1239 1211/1211/1211 1240/1240/1240 
f 781/781/781 1300/1300/1300 1301/1301/1301 
f 1302/1302/1302 1303/1303/1303 1304/1304/1304 
f 1254/1254/1254 1240/1240/1240 1248/1248/1248 
f 781/781/781 1305/1305/1305 470/470/470 
f 1141/1141/1141 1306/1306/1306 1307/1307/1307 
f 1308/1308/1308 1309/1309/1309 1310/1310/1310 
f 1311/1311/1311 231/231/231 446/446/446 
f 17/17/17 1312/1312/1312 15/15/15 
f 1313/1313/1313 1314/1314/1314 786/786/786 
f 525/525/525 1315/1315/1315 526/526/526 
f 821/821/821 1316/1316/1316 819/819/819 
f 527/527/527 1317/1317/1317 1318/1318/1318 
f 107/107/107 1319/1319/1319 108/108/108 
f 259/259/259 129/129/129 260/260/260 
f 866/866/866 861/861/861 829/829/829 
f 1320/1320/1320 966/966/966 965/965/965 
f 1321/1321/1321 1157/1157/1157 1322/1322/1322 
f 1323/1323/1323 49/49/49 48/48/48 
f 1324/1324/1324 652/652/652 1325/1325/1325 
f 532/532/532 1319/1319/1319 1326/1326/1326 
f 1317/1317/1317 527/527/527 1111/1111/1111 
f 1327/1327/1327 1328/1328/1328 1329/1329/1329 
f 1330/1330/1330 1331/1331/1331 1332/1332/1332 
f 1333/1333/1333 1334/1334/1334 1227/1227/1227 
f 527/527/527 650/650/650 1111/1111/1111 
f 1335/1335/1335 1317/1317/1317 1113/1113/1113 
f 204/204/204 1336/1336/1336 1337/1337/1337 
f 1338/1338/1338 666/666/666 1339/1339/1339 
f 1340/1340/1340 1341/1341/1341 1342/1342/1342 
f 445/445/445 1343/1343/1343 1344/1344/1344 
f 1345/1345/1345 1346/1346/1346 797/797/797 
f 111/111/111 110/110/110 1347/1347/1347 
f 1348/1348/1348 1349/1349/1349 1350/1350/1350 
f 1073/1073/1073 1085/1085/1085 1082/1082/1082 
f 1351/1351/1351 1352/1352/1352 1350/1350/1350 
f 1349/1349/1349 1353/1353/1353 1351/1351/1351 
f 1354/1354/1354 1353/1353/1353 1349/1349/1349 
f 1355/1355/1355 1354/1354/1354 1349/1349/1349 
f 1356/1356/1356 893/893/893 892/892/892 
f 1357/1357/1357 1358/1358/1358 1359/1359/1359 
f 862/862/862 1360/1360/1360 1361/1361/1361 
f 12/12/12 940/940/940 1362/1362/1362 
f 1025/1025/1025 1363/1363/1363 1364/1364/1364 
f 1365/1365/1365 1366/1366/1366 503/503/503 
f 6/6/6 800/800/800 1367/1367/1367 
f 1017/1017/1017 1368/1368/1368 1369/1369/1369 
f 871/871/871 1017/1017/1017 1369/1369/1369 
f 1370/1370/1370 1371/1371/1371 1372/1372/1372 
f 1372/1372/1372 1182/1182/1182 1018/1018/1018 
f 606/606/606 1373/1373/1373 1352/1352/1352 
f 1374/1374/1374 1375/1375/1375 1376/1376/1376 
f 1017/1017/1017 1016/1016/1016 1368/1368/1368 
f 1377/1377/1377 1378/1378/1378 1379/1379/1379 
f 1380/1380/1380 606/606/606 1352/1352/1352 
f 1381/1381/1381 1382/1382/1382 1383/1383/1383 
f 1384/1384/1384 592/592/592 1385/1385/1385 
f 1017/1017/1017 871/871/871 1386/1386/1386 
f 1387/1387/1387 1016/1016/1016 1182/1182/1182 
f 1388/1388/1388 493/493/493 1389/1389/1389 
f 1373/1373/1373 608/608/608 1390/1390/1390 
f 1391/1391/1391 1382/1382/1382 1392/1392/1392 
f 1393/1393/1393 1394/1394/1394 1357/1357/1357 
f 706/706/706 705/705/705 1395/1395/1395 
f 1372/1372/1372 1371/1371/1371 1182/1182/1182 
f 608/608/608 1373/1373/1373 606/606/606 
f 1390/1390/1390 608/608/608 1371/1371/1371 
f 608/608/608 1387/1387/1387 1371/1371/1371 
f 1387/1387/1387 608/608/608 607/607/607 
f 1396/1396/1396 1397/1397/1397 1368/1368/1368 
f 1395/1395/1395 1398/1398/1398 1399/1399/1399 
f 1182/1182/1182 1371/1371/1371 1387/1387/1387 
f 715/715/715 1324/1324/1324 1325/1325/1325 
f 1400/1400/1400 455/455/455 454/454/454 
f 712/712/712 1401/1401/1401 906/906/906 
f 290/290/290 1402/1402/1402 1403/1403/1403 
f 242/242/242 1404/1404/1404 1405/1405/1405 
f 457/457/457 544/544/544 408/408/408 
f 1406/1406/1406 849/849/849 1407/1407/1407 
f 1408/1408/1408 1409/1409/1409 109/109/109 
f 1410/1410/1410 1411/1411/1411 607/607/607 
f 1412/1412/1412 1413/1413/1413 1414/1414/1414 
f 1415/1415/1415 1413/1413/1413 1416/1416/1416 
f 1417/1417/1417 1418/1418/1418 563/563/563 
f 797/797/797 135/135/135 134/134/134 
f 332/332/332 1151/1151/1151 333/333/333 
f 1153/1153/1153 1419/1419/1419 1151/1151/1151 
f 606/606/606 1380/1380/1380 1410/1410/1410 
f 1420/1420/1420 530/530/530 1421/1421/1421 
f 1422/1422/1422 228/228/228 1423/1423/1423 
f 1424/1424/1424 1425/1425/1425 1426/1426/1426 
f 1427/1427/1427 1113/1113/1113 1112/1112/1112 
f 1285/1285/1285 284/284/284 458/458/458 
f 1428/1428/1428 831/831/831 1429/1429/1429 
f 1430/1430/1430 61/61/61 58/58/58 
f 1431/1431/1431 972/972/972 1432/1432/1432 
f 1433/1433/1433 1434/1434/1434 1435/1435/1435 
f 1436/1436/1436 1437/1437/1437 99/99/99 
f 1438/1438/1438 1439/1439/1439 1440/1440/1440 
f 1404/1404/1404 242/242/242 244/244/244 
f 1439/1439/1439 833/833/833 1440/1440/1440 
f 1441/1441/1441 1442/1442/1442 1443/1443/1443 
f 1335/1335/1335 802/802/802 1444/1444/1444 
f 1445/1445/1445 1446/1446/1446 1447/1447/1447 
f 1448/1448/1448 1399/1399/1399 1398/1398/1398 
f 1449/1449/1449 1450/1450/1450 1451/1451/1451 
f 1452/1452/1452 1453/1453/1453 1454/1454/1454 
f 1086/1086/1086 1455/1455/1455 1087/1087/1087 
f 787/787/787 1456/1456/1456 993/993/993 
f 1457/1457/1457 1458/1458/1458 1459/1459/1459 
f 1409/1409/1409 1353/1353/1353 1354/1354/1354 
f 1460/1460/1460 1461/1461/1461 1462/1462/1462 
f 1375/1375/1375 1154/1154/1154 593/593/593 
f 1210/1210/1210 1212/1212/1212 1463/1463/1463 
f 450/450/450 432/432/432 1464/1464/1464 
f 1408/1408/1408 1465/1465/1465 833/833/833 
f 455/455/455 1440/1440/1440 456/456/456 
f 1466/1466/1466 1467/1467/1467 1468/1468/1468 
f 833/833/833 1439/1439/1439 243/243/243 
f 1469/1469/1469 1470/1470/1470 1471/1471/1471 
f 371/371/371 430/430/430 1472/1472/1472 
f 1380/1380/1380 1404/1404/1404 244/244/244 
f 1351/1351/1351 1404/1404/1404 1380/1380/1380 
f 1292/1292/1292 1294/1294/1294 1473/1473/1473 
f 1474/1474/1474 1411/1411/1411 1475/1475/1475 
f 1476/1476/1476 1477/1477/1477 1478/1478/1478 
f 1479/1479/1479 178/178/178 1480/1480/1480 
f 1481/1481/1481 434/434/434 1482/1482/1482 
f 1400/1400/1400 1335/1335/1335 455/455/455 
f 1411/1411/1411 1474/1474/1474 1418/1418/1418 
f 1396/1396/1396 1411/1411/1411 1397/1397/1397 
f 1483/1483/1483 1484/1484/1484 1485/1485/1485 
f 1486/1486/1486 867/867/867 632/632/632 
f 1380/1380/1380 1352/1352/1352 1351/1351/1351 
f 1411/1411/1411 1418/1418/1418 1397/1397/1397 
f 1324/1324/1324 715/715/715 1112/1112/1112 
f 948/948/948 1487/1487/1487 1488/1488/1488 
f 1409/1409/1409 1405/1405/1405 1353/1353/1353 
f 362/362/362 1489/1489/1489 1490/1490/1490 
f 1491/1491/1491 1492/1492/1492 1493/1493/1493 
f 606/606/606 1410/1410/1410 607/607/607 
f 179/179/179 245/245/245 271/271/271 
f 425/425/425 424/424/424 1494/1494/1494 
f 1417/1417/1417 1397/1397/1397 1418/1418/1418 
f 1495/1495/1495 1038/1038/1038 320/320/320 
f 1057/1057/1057 1496/1496/1496 1497/1497/1497 
f 714/714/714 1112/1112/1112 715/715/715 
f 1439/1439/1439 1438/1438/1438 1427/1427/1427 
f 1498/1498/1498 1499/1499/1499 1159/1159/1159 
f 228/228/228 1500/1500/1500 1501/1501/1501 
f 1502/1502/1502 1503/1503/1503 1310/1310/1310 
f 1504/1504/1504 1505/1505/1505 1506/1506/1506 
f 244/244/244 1410/1410/1410 1380/1380/1380 
f 1507/1507/1507 1508/1508/1508 1509/1509/1509 
f 1510/1510/1510 45/45/45 44/44/44 
f 1511/1511/1511 1512/1512/1512 1513/1513/1513 
f 186/186/186 1514/1514/1514 1421/1421/1421 
f 472/472/472 115/115/115 482/482/482 
f 1257/1257/1257 1241/1241/1241 1179/1179/1179 
f 1036/1036/1036 1035/1035/1035 1515/1515/1515 
f 540/540/540 1516/1516/1516 724/724/724 
f 1517/1517/1517 1518/1518/1518 1469/1469/1469 
f 1519/1519/1519 880/880/880 967/967/967 
f 1520/1520/1520 1350/1350/1350 1521/1521/1521 
f 243/243/243 716/716/716 1475/1475/1475 
f 1522/1522/1522 1523/1523/1523 1524/1524/1524 
f 1124/1124/1124 621/621/621 1122/1122/1122 
f 1525/1525/1525 1526/1526/1526 1527/1527/1527 
f 613/613/613 1528/1528/1528 1529/1529/1529 
f 1530/1530/1530 1531/1531/1531 1532/1532/1532 
f 970/970/970 1000/1000/1000 982/982/982 
f 1077/1077/1077 1418/1418/1418 1474/1474/1474 
f 723/723/723 1420/1420/1420 538/538/538 
f 1533/1533/1533 1430/1430/1430 58/58/58 
f 1189/1189/1189 1142/1142/1142 1141/1141/1141 
f 540/540/540 539/539/539 1534/1534/1534 
f 1535/1535/1535 1536/1536/1536 1537/1537/1537 
f 1516/1516/1516 1538/1538/1538 1539/1539/1539 
f 1540/1540/1540 1541/1541/1541 713/713/713 
f 945/945/945 1542/1542/1542 1514/1514/1514 
f 1543/1543/1543 1544/1544/1544 1545/1545/1545 
f 538/538/538 1546/1546/1546 539/539/539 
f 1547/1547/1547 1548/1548/1548 1549/1549/1549 
f 172/172/172 340/340/340 339/339/339 
f 1550/1550/1550 960/960/960 1551/1551/1551 
f 1507/1507/1507 297/297/297 299/299/299 
f 1542/1542/1542 538/538/538 1420/1420/1420 
f 1552/1552/1552 1553/1553/1553 945/945/945 
f 1554/1554/1554 1555/1555/1555 1556/1556/1556 
f 111/111/111 1557/1557/1557 1558/1558/1558 
f 1538/1538/1538 1516/1516/1516 1523/1523/1523 
f 538/538/538 1542/1542/1542 1559/1559/1559 
f 1542/1542/1542 1553/1553/1553 1559/1559/1559 
f 1559/1559/1559 1560/1560/1560 1550/1550/1550 
f 1438/1438/1438 1113/1113/1113 1427/1427/1427 
f 25/25/25 1561/1561/1561 26/26/26 
f 1111/1111/1111 1113/1113/1113 1317/1317/1317 
f 1562/1562/1562 1563/1563/1563 941/941/941 
f 723/723/723 1564/1564/1564 530/530/530 
f 108/108/108 531/531/531 836/836/836 
f 943/943/943 945/945/945 1514/1514/1514 
f 1420/1420/1420 1421/1421/1421 1514/1514/1514 
f 1565/1565/1565 1566/1566/1566 1567/1567/1567 
f 703/703/703 751/751/751 743/743/743 
f 1568/1568/1568 1569/1569/1569 1570/1570/1570 
f 1571/1571/1571 1064/1064/1064 1572/1572/1572 
f 1552/1552/1552 945/945/945 944/944/944 
f 837/837/837 616/616/616 818/818/818 
f 540/540/540 1534/1534/1534 1516/1516/1516 
f 868/868/868 1573/1573/1573 288/288/288 
f 62/62/62 1574/1574/1574 1575/1575/1575 
f 1534/1534/1534 1523/1523/1523 1516/1516/1516 
f 418/418/418 400/400/400 402/402/402 
f 1524/1524/1524 1557/1557/1557 1347/1347/1347 
f 1024/1024/1024 1576/1576/1576 1577/1577/1577 
f 453/453/453 1578/1578/1578 593/593/593 
f 1579/1579/1579 803/803/803 804/804/804 
f 1001/1001/1001 997/997/997 995/995/995 
f 1580/1580/1580 1581/1581/1581 1582/1582/1582 
f 1524/1524/1524 1534/1534/1534 1557/1557/1557 
f 1185/1185/1185 1583/1583/1583 1584/1584/1584 
f 768/768/768 1585/1585/1585 766/766/766 
f 1586/1586/1586 1587/1587/1587 1588/1588/1588 
f 984/984/984 995/995/995 996/996/996 
f 1589/1589/1589 770/770/770 839/839/839 
f 1465/1465/1465 960/960/960 456/456/456 
f 1590/1590/1590 931/931/931 1591/1591/1591 
f 1420/1420/1420 1514/1514/1514 1542/1542/1542 
f 1592/1592/1592 1593/1593/1593 1594/1594/1594 
f 1595/1595/1595 1368/1368/1368 1596/1596/1596 
f 1597/1597/1597 1598/1598/1598 1599/1599/1599 
f 638/638/638 53/53/53 1600/1600/1600 
f 1408/1408/1408 1405/1405/1405 1409/1409/1409 
f 923/923/923 909/909/909 861/861/861 
f 1601/1601/1601 1422/1422/1422 1138/1138/1138 
f 538/538/538 1559/1559/1559 1546/1546/1546 
f 1452/1452/1452 1602/1602/1602 656/656/656 
f 109/109/109 1603/1603/1603 1551/1551/1551 
f 723/723/723 538/538/538 540/540/540 
f 1604/1604/1604 1605/1605/1605 1606/1606/1606 
f 109/109/109 1409/1409/1409 110/110/110 
f 920/920/920 1607/1607/1607 1584/1584/1584 
f 1608/1608/1608 1609/1609/1609 1610/1610/1610 
f 1542/1542/1542 945/945/945 1553/1553/1553 
f 1546/1546/1546 1559/1559/1559 1550/1550/1550 
f 1481/1481/1481 1611/1611/1611 434/434/434 
f 1612/1612/1612 1613/1613/1613 1614/1614/1614 
f 1408/1408/1408 109/109/109 1551/1551/1551 
f 1560/1560/1560 1553/1553/1553 959/959/959 
f 1550/1550/1550 1560/1560/1560 960/960/960 
f 106/106/106 1615/1615/1615 1616/1616/1616 
f 1553/1553/1553 1560/1560/1560 1559/1559/1559 
f 257/257/257 220/220/220 239/239/239 
f 1617/1617/1617 39/39/39 1510/1510/1510 
f 775/775/775 1178/1178/1178 1618/1618/1618 
f 1619/1619/1619 1620/1620/1620 1621/1621/1621 
f 1622/1622/1622 283/283/283 1214/1214/1214 
f 26/26/26 9/9/9 8/8/8 
f 1623/1623/1623 1624/1624/1624 1625/1625/1625 
f 1626/1626/1626 1214/1214/1214 1210/1210/1210 
f 418/418/418 1059/1059/1059 1028/1028/1028 
f 1169/1169/1169 1627/1627/1627 1163/1163/1163 
f 1214/1214/1214 1626/1626/1626 1622/1622/1622 
f 1628/1628/1628 772/772/772 1629/1629/1629 
f 518/518/518 339/339/339 1630/1630/1630 
f 1372/1372/1372 1631/1631/1631 1632/1632/1632 
f 111/111/111 1558/1558/1558 1603/1603/1603 
f 1633/1633/1633 453/453/453 708/708/708 
f 1619/1619/1619 1634/1634/1634 1622/1622/1622 
f 1626/1626/1626 1620/1620/1620 1622/1622/1622 
f 1631/1631/1631 1635/1635/1635 1463/1463/1463 
f 1636/1636/1636 1634/1634/1634 1619/1619/1619 
f 454/454/454 456/456/456 959/959/959 
f 64/64/64 1637/1637/1637 1123/1123/1123 
f 1537/1537/1537 1638/1638/1638 1535/1535/1535 
f 283/283/283 1622/1622/1622 1634/1634/1634 
f 504/504/504 512/512/512 1639/1639/1639 
f 1626/1626/1626 1210/1210/1210 1463/1463/1463 
f 1640/1640/1640 1641/1641/1641 1642/1642/1642 
f 529/529/529 581/581/581 536/536/536 
f 1643/1643/1643 1644/1644/1644 336/336/336 
f 1645/1645/1645 1646/1646/1646 1647/1647/1647 
f 1239/1239/1239 1632/1632/1632 1212/1212/1212 
f 1648/1648/1648 1649/1649/1649 1650/1650/1650 
f 994/994/994 788/788/788 787/787/787 
f 1251/1251/1251 1651/1651/1651 1517/1517/1517 
f 1463/1463/1463 1620/1620/1620 1626/1626/1626 
f 1211/1211/1211 1210/1210/1210 1238/1238/1238 
f 1463/1463/1463 1212/1212/1212 1631/1631/1631 
f 36/36/36 1281/1281/1281 1652/1652/1652 
f 669/669/669 1653/1653/1653 670/670/670 
f 1654/1654/1654 20/20/20 19/19/19 
f 565/565/565 1136/1136/1136 779/779/779 
f 1619/1619/1619 1622/1622/1622 1620/1620/1620 
f 1193/1193/1193 1649/1649/1649 1655/1655/1655 
f 1656/1656/1656 1657/1657/1657 1658/1658/1658 
f 1659/1659/1659 806/806/806 1154/1154/1154 
f 1660/1660/1660 808/808/808 807/807/807 
f 1661/1661/1661 687/687/687 1187/1187/1187 
f 1662/1662/1662 659/659/659 1633/1633/1633 
f 1307/1307/1307 1663/1663/1663 1189/1189/1189 
f 315/315/315 402/402/402 866/866/866 
f 1661/1661/1661 1664/1664/1664 687/687/687 
f 1663/1663/1663 1661/1661/1661 1187/1187/1187 
f 1387/1387/1387 1396/1396/1396 1016/1016/1016 
f 462/462/462 408/408/408 544/544/544 
f 288/288/288 1573/1573/1573 289/289/289 
f 1665/1665/1665 290/290/290 289/289/289 
f 1309/1309/1309 1666/1666/1666 1667/1667/1667 
f 1320/1320/1320 965/965/965 230/230/230 
f 1666/1666/1666 1668/1668/1668 867/867/867 
f 868/868/868 288/288/288 1669/1669/1669 
f 1670/1670/1670 1671/1671/1671 1672/1672/1672 
f 1673/1673/1673 1674/1674/1674 1675/1675/1675 
f 1308/1308/1308 1310/1310/1310 1674/1674/1674 
f 868/868/868 1668/1668/1668 1573/1573/1573 
f 1309/1309/1309 1668/1668/1668 1666/1666/1666 
f 1308/1308/1308 289/289/289 1573/1573/1573 
f 294/294/294 1676/1676/1676 1677/1677/1677 
f 1674/1674/1674 289/289/289 1308/1308/1308 
f 1673/1673/1673 1665/1665/1665 1674/1674/1674 
f 1310/1310/1310 1675/1675/1675 1674/1674/1674 
f 334/334/334 364/364/364 335/335/335 
f 976/976/976 687/687/687 1664/1664/1664 
f 1678/1678/1678 1679/1679/1679 976/976/976 
f 1680/1680/1680 851/851/851 1681/1681/1681 
f 1577/1577/1577 1682/1682/1682 1683/1683/1683 
f 1684/1684/1684 1583/1583/1583 1685/1685/1685 
f 1686/1686/1686 1153/1153/1153 1687/1687/1687 
f 457/457/457 408/408/408 221/221/221 
f 1688/1688/1688 1675/1675/1675 1503/1503/1503 
f 1689/1689/1689 1376/1376/1376 1375/1375/1375 
f 443/443/443 457/457/457 220/220/220 
f 1690/1690/1690 1691/1691/1691 1158/1158/1158 
f 1692/1692/1692 1693/1693/1693 1694/1694/1694 
f 1247/1247/1247 1695/1695/1695 1374/1374/1374 
f 1245/1245/1245 1247/1247/1247 1374/1374/1374 
f 1696/1696/1696 1304/1304/1304 1697/1697/1697 
f 1517/1517/1517 1698/1698/1698 1251/1251/1251 
f 1587/1587/1587 1699/1699/1699 1588/1588/1588 
f 1247/1247/1247 1700/1700/1700 1695/1695/1695 
f 1701/1701/1701 1702/1702/1702 1703/1703/1703 
f 1704/1704/1704 1700/1700/1700 1705/1705/1705 
f 1706/1706/1706 1707/1707/1707 1708/1708/1708 
f 1558/1558/1558 1557/1557/1557 539/539/539 
f 1709/1709/1709 4/4/4 1710/1710/1710 
f 1711/1711/1711 1712/1712/1712 1713/1713/1713 
f 1577/1577/1577 1576/1576/1576 1714/1714/1714 
f 1715/1715/1715 1716/1716/1716 1717/1717/1717 
f 1718/1718/1718 1719/1719/1719 1720/1720/1720 
f 870/870/870 1635/1635/1635 871/871/871 
f 1023/1023/1023 1711/1711/1711 1024/1024/1024 
f 1721/1721/1721 1711/1711/1711 930/930/930 
f 870/870/870 1621/1621/1621 1620/1620/1620 
f 931/931/931 930/930/930 870/870/870 
f 1561/1561/1561 800/800/800 9/9/9 
f 1064/1064/1064 524/524/524 630/630/630 
f 1722/1722/1722 1723/1723/1723 1724/1724/1724 
f 1725/1725/1725 1515/1515/1515 1726/1726/1726 
f 948/948/948 1727/1727/1727 1728/1728/1728 
f 1729/1729/1729 863/863/863 1730/1730/1730 
f 532/532/532 1731/1731/1731 1732/1732/1732 
f 1733/1733/1733 1734/1734/1734 1720/1720/1720 
f 1735/1735/1735 1183/1183/1183 785/785/785 
f 648/648/648 1526/1526/1526 618/618/618 
f 1023/1023/1023 1022/1022/1022 1704/1704/1704 
f 1595/1595/1595 1591/1591/1591 1369/1369/1369 
f 1736/1736/1736 1140/1140/1140 1737/1737/1737 
f 1738/1738/1738 1739/1739/1739 1740/1740/1740 
f 1741/1741/1741 1742/1742/1742 1743/1743/1743 
f 1682/1682/1682 1678/1678/1678 1683/1683/1683 
f 59/59/59 1499/1499/1499 1744/1744/1744 
f 1405/1405/1405 1404/1404/1404 1353/1353/1353 
f 56/56/56 4/4/4 1745/1745/1745 
f 1746/1746/1746 1747/1747/1747 1748/1748/1748 
f 1749/1749/1749 1750/1750/1750 1751/1751/1751 
f 1721/1721/1721 1024/1024/1024 1711/1711/1711 
f 1700/1700/1700 1022/1022/1022 1683/1683/1683 
f 1595/1595/1595 1752/1752/1752 1591/1591/1591 
f 1711/1711/1711 1023/1023/1023 1712/1712/1712 
f 50/50/50 33/33/33 53/53/53 
f 1621/1621/1621 870/870/870 930/930/930 
f 570/570/570 94/94/94 571/571/571 
f 1609/1609/1609 1748/1748/1748 1747/1747/1747 
f 1753/1753/1753 1159/1159/1159 1499/1499/1499 
f 1369/1369/1369 1591/1591/1591 872/872/872 
f 1754/1754/1754 1755/1755/1755 1756/1756/1756 
f 1207/1207/1207 1206/1206/1206 1757/1757/1757 
f 555/555/555 1276/1276/1276 1758/1758/1758 
f 1018/1018/1018 1386/1386/1386 1631/1631/1631 
f 5/5/5 57/57/57 7/7/7 
f 1349/1349/1349 1351/1351/1351 1350/1350/1350 
f 1759/1759/1759 1760/1760/1760 1275/1275/1275 
f 1022/1022/1022 1024/1024/1024 1577/1577/1577 
f 1024/1024/1024 1721/1721/1721 1576/1576/1576 
f 1761/1761/1761 342/342/342 341/341/341 
f 1762/1762/1762 89/89/89 1616/1616/1616 
f 932/932/932 1721/1721/1721 930/930/930 
f 930/930/930 1711/1711/1711 1713/1713/1713 
f 1326/1326/1326 90/90/90 1763/1763/1763 
f 219/219/219 1764/1764/1764 521/521/521 
f 1369/1369/1369 872/872/872 871/871/871 
f 1556/1556/1556 1765/1765/1765 1766/1766/1766 
f 1767/1767/1767 706/706/706 877/877/877 
f 1362/1362/1362 1768/1768/1768 13/13/13 
f 686/686/686 1667/1667/1667 1666/1666/1666 
f 1308/1308/1308 1668/1668/1668 1309/1309/1309 
f 1309/1309/1309 1667/1667/1667 1502/1502/1502 
f 1769/1769/1769 806/806/806 808/808/808 
f 1632/1632/1632 926/926/926 1370/1370/1370 
f 1674/1674/1674 1665/1665/1665 289/289/289 
f 1770/1770/1770 1678/1678/1678 1771/1771/1771 
f 1770/1770/1770 1374/1374/1374 1695/1695/1695 
f 180/180/180 257/257/257 256/256/256 
f 1374/1374/1374 1770/1770/1770 1375/1375/1375 
f 338/338/338 1338/1338/1338 1772/1772/1772 
f 1695/1695/1695 1700/1700/1700 1683/1683/1683 
f 1584/1584/1584 1583/1583/1583 1773/1773/1773 
f 1306/1306/1306 1774/1774/1774 1307/1307/1307 
f 1664/1664/1664 1661/1661/1661 807/807/807 
f 1659/1659/1659 1664/1664/1664 807/807/807 
f 1775/1775/1775 966/966/966 1776/1776/1776 
f 660/660/660 659/659/659 1777/1777/1777 
f 1778/1778/1778 1344/1344/1344 1343/1343/1343 
f 1187/1187/1187 687/687/687 686/686/686 
f 1779/1779/1779 1160/1160/1160 1137/1137/1137 
f 1663/1663/1663 1780/1780/1780 1660/1660/1660 
f 1660/1660/1660 1781/1781/1781 808/808/808 
f 1782/1782/1782 1742/1742/1742 205/205/205 
f 1682/1682/1682 1577/1577/1577 1714/1714/1714 
f 1783/1783/1783 1784/1784/1784 1785/1785/1785 
f 868/868/868 867/867/867 1668/1668/1668 
f 1780/1780/1780 1663/1663/1663 1774/1774/1774 
f 1419/1419/1419 1786/1786/1786 1787/1787/1787 
f 1780/1780/1780 1781/1781/1781 1660/1660/1660 
f 1788/1788/1788 1789/1789/1789 1790/1790/1790 
f 1039/1039/1039 1791/1791/1791 778/778/778 
f 1187/1187/1187 686/686/686 1188/1188/1188 
f 1663/1663/1663 1660/1660/1660 1661/1661/1661 
f 1679/1679/1679 1792/1792/1792 688/688/688 
f 1792/1792/1792 1667/1667/1667 688/688/688 
f 976/976/976 1679/1679/1679 688/688/688 
f 743/743/743 727/727/727 692/692/692 
f 1793/1793/1793 1794/1794/1794 1795/1795/1795 
f 1796/1796/1796 1797/1797/1797 1367/1367/1367 
f 941/941/941 1563/1563/1563 942/942/942 
f 1665/1665/1665 1798/1798/1798 1799/1799/1799 
f 1800/1800/1800 1801/1801/1801 1260/1260/1260 
f 1752/1752/1752 1595/1595/1595 1802/1802/1802 
f 1803/1803/1803 1673/1673/1673 1675/1675/1675 
f 1804/1804/1804 929/929/929 405/405/405 
f 1679/1679/1679 1678/1678/1678 1682/1682/1682 
f 1466/1466/1466 426/426/426 664/664/664 
f 1714/1714/1714 1576/1576/1576 1503/1503/1503 
f 1803/1803/1803 1805/1805/1805 1658/1658/1658 
f 1806/1806/1806 1807/1807/1807 1104/1104/1104 
f 1591/1591/1591 1752/1752/1752 1590/1590/1590 
f 1120/1120/1120 1096/1096/1096 1808/1808/1808 
f 731/731/731 733/733/733 694/694/694 
f 9/9/9 800/800/800 6/6/6 
f 1100/1100/1100 1809/1809/1809 1810/1810/1810 
f 1688/1688/1688 1503/1503/1503 1576/1576/1576 
f 371/371/371 1472/1472/1472 1811/1811/1811 
f 1673/1673/1673 1803/1803/1803 1657/1657/1657 
f 931/931/931 1590/1590/1590 932/932/932 
f 1812/1812/1812 1503/1503/1503 1502/1502/1502 
f 1813/1813/1813 1814/1814/1814 1815/1815/1815 
f 1816/1816/1816 1817/1817/1817 1818/1818/1818 
f 453/453/453 1633/1633/1633 1578/1578/1578 
f 1819/1819/1819 1460/1460/1460 1462/1462/1462 
f 1799/1799/1799 1798/1798/1798 1816/1816/1816 
f 1579/1579/1579 1820/1820/1820 1150/1150/1150 
f 1821/1821/1821 1822/1822/1822 1330/1330/1330 
f 1595/1595/1595 1596/1596/1596 1802/1802/1802 
f 1665/1665/1665 1799/1799/1799 290/290/290 
f 1823/1823/1823 1081/1081/1081 1824/1824/1824 
f 923/923/923 402/402/402 401/401/401 
f 1825/1825/1825 1053/1053/1053 1055/1055/1055 
f 1821/1821/1821 652/652/652 1822/1822/1822 
f 1826/1826/1826 1827/1827/1827 1828/1828/1828 
f 1829/1829/1829 1455/1455/1455 1830/1830/1830 
f 1799/1799/1799 1831/1831/1831 1402/1402/1402 
f 1765/1765/1765 1556/1556/1556 1832/1832/1832 
f 1770/1770/1770 1695/1695/1695 1678/1678/1678 
f 866/866/866 923/923/923 861/861/861 
f 1833/1833/1833 1729/1729/1729 1834/1834/1834 
f 1835/1835/1835 51/51/51 50/50/50 
f 1836/1836/1836 1727/1727/1727 1091/1091/1091 
f 1837/1837/1837 1330/1330/1330 1332/1332/1332 
f 1838/1838/1838 1334/1334/1334 328/328/328 
f 1831/1831/1831 1332/1332/1332 1331/1331/1331 
f 1244/1244/1244 1179/1179/1179 1133/1133/1133 
f 208/208/208 1145/1145/1145 209/209/209 
f 60/60/60 61/61/61 566/566/566 
f 1490/1490/1490 1839/1839/1839 146/146/146 
f 824/824/824 727/727/727 743/743/743 
f 1821/1821/1821 564/564/564 1325/1325/1325 
f 1840/1840/1840 1841/1841/1841 990/990/990 
f 1842/1842/1842 432/432/432 403/403/403 
f 253/253/253 268/268/268 1843/1843/1843 
f 1077/1077/1077 564/564/564 563/563/563 
f 1325/1325/1325 564/564/564 1077/1077/1077 
f 653/653/653 3/3/3 2/2/2 
f 1656/1656/1656 1844/1844/1844 1817/1817/1817 
f 1845/1845/1845 1846/1846/1846 1847/1847/1847 
f 1848/1848/1848 1802/1802/1802 1596/1596/1596 
f 1777/1777/1777 1543/1543/1543 660/660/660 
f 1816/1816/1816 1798/1798/1798 1817/1817/1817 
f 1849/1849/1849 241/241/241 240/240/240 
f 1053/1053/1053 1850/1850/1850 1054/1054/1054 
f 501/501/501 1851/1851/1851 515/515/515 
f 1837/1837/1837 1332/1332/1332 1818/1818/1818 
f 1383/1383/1383 1852/1852/1852 1853/1853/1853 
f 1854/1854/1854 937/937/937 936/936/936 
f 179/179/179 181/181/181 246/246/246 
f 564/564/564 1837/1837/1837 562/562/562 
f 1855/1855/1855 1856/1856/1856 1857/1857/1857 
f 1556/1556/1556 1555/1555/1555 1832/1832/1832 
f 1302/1302/1302 1794/1794/1794 1858/1858/1858 
f 1754/1754/1754 1859/1859/1859 1755/1755/1755 
f 1860/1860/1860 54/54/54 1861/1861/1861 
f 1862/1862/1862 1863/1863/1863 1184/1184/1184 
f 1417/1417/1417 563/563/563 1848/1848/1848 
f 562/562/562 1848/1848/1848 563/563/563 
f 1864/1864/1864 1852/1852/1852 1391/1391/1391 
f 135/135/135 797/797/797 1346/1346/1346 
f 1865/1865/1865 1866/1866/1866 1732/1732/1732 
f 432/432/432 1842/1842/1842 1867/1867/1867 
f 1837/1837/1837 1821/1821/1821 1330/1330/1330 
f 1868/1868/1868 1869/1869/1869 1870/1870/1870 
f 322/322/322 335/335/335 417/417/417 
f 139/139/139 241/241/241 730/730/730 
f 1332/1332/1332 1831/1831/1831 1816/1816/1816 
f 1871/1871/1871 1872/1872/1872 1873/1873/1873 
f 1332/1332/1332 1816/1816/1816 1818/1818/1818 
f 1821/1821/1821 1837/1837/1837 564/564/564 
f 1837/1837/1837 1818/1818/1818 562/562/562 
f 1874/1874/1874 1453/1453/1453 1875/1875/1875 
f 1817/1817/1817 1798/1798/1798 1657/1657/1657 
f 562/562/562 1818/1818/1818 1844/1844/1844 
f 1818/1818/1818 1817/1817/1817 1844/1844/1844 
f 1145/1145/1145 212/212/212 211/211/211 
f 1596/1596/1596 1397/1397/1397 1417/1417/1417 
f 1876/1876/1876 528/528/528 450/450/450 
f 652/652/652 1324/1324/1324 650/650/650 
f 1341/1341/1341 1877/1877/1877 1470/1470/1470 
f 1042/1042/1042 889/889/889 1043/1043/1043 
f 1676/1676/1676 1878/1878/1878 1677/1677/1677 
f 1331/1331/1331 1879/1879/1879 1880/1880/1880 
f 1881/1881/1881 1879/1879/1879 1882/1882/1882 
f 1330/1330/1330 1882/1882/1882 1331/1331/1331 
f 1883/1883/1883 1880/1880/1880 1879/1879/1879 
f 1884/1884/1884 1885/1885/1885 1886/1886/1886 
f 1887/1887/1887 1888/1888/1888 1889/1889/1889 
f 1890/1890/1890 1891/1891/1891 1699/1699/1699 
f 1822/1822/1822 1892/1892/1892 1882/1882/1882 
f 553/553/553 1293/1293/1293 1893/1893/1893 
f 180/180/180 256/256/256 238/238/238 
f 1104/1104/1104 1807/1807/1807 1090/1090/1090 
f 746/746/746 1894/1894/1894 1895/1895/1895 
f 1896/1896/1896 1737/1737/1737 631/631/631 
f 994/994/994 993/993/993 1207/1207/1207 
f 1792/1792/1792 1502/1502/1502 1667/1667/1667 
f 1897/1897/1897 1898/1898/1898 1899/1899/1899 
f 1781/1781/1781 789/789/789 808/808/808 
f 1900/1900/1900 799/799/799 1901/1901/1901 
f 1875/1875/1875 657/657/657 138/138/138 
f 1902/1902/1902 1549/1549/1549 1548/1548/1548 
f 1315/1315/1315 1903/1903/1903 1904/1904/1904 
f 650/650/650 526/526/526 651/651/651 
f 900/900/900 1905/1905/1905 1906/1906/1906 
f 741/741/741 1242/1242/1242 739/739/739 
f 277/277/277 245/245/245 247/247/247 
f 1907/1907/1907 1456/1456/1456 1314/1314/1314 
f 1908/1908/1908 344/344/344 1909/1909/1909 
f 1910/1910/1910 1883/1883/1883 711/711/711 
f 295/295/295 1879/1879/1879 1881/1881/1881 
f 1911/1911/1911 1912/1912/1912 1903/1903/1903 
f 1913/1913/1913 1914/1914/1914 1915/1915/1915 
f 276/276/276 614/614/614 590/590/590 
f 1688/1688/1688 1805/1805/1805 1803/1803/1803 
f 918/918/918 401/401/401 919/919/919 
f 294/294/294 296/296/296 1676/1676/1676 
f 1883/1883/1883 295/295/295 294/294/294 
f 1916/1916/1916 1917/1917/1917 1918/1918/1918 
f 1911/1911/1911 1917/1917/1917 1916/1916/1916 
f 1903/1903/1903 1315/1315/1315 1919/1919/1919 
f 1677/1677/1677 1586/1586/1586 1920/1920/1920 
f 1882/1882/1882 1879/1879/1879 1331/1331/1331 
f 1921/1921/1921 1922/1922/1922 492/492/492 
f 1189/1189/1189 1188/1188/1188 1142/1142/1142 
f 485/485/485 1922/1922/1922 1923/1923/1923 
f 1830/1830/1830 1455/1455/1455 1924/1924/1924 
f 709/709/709 294/294/294 1677/1677/1677 
f 1822/1822/1822 652/652/652 651/651/651 
f 296/296/296 1912/1912/1912 1911/1911/1911 
f 135/135/135 973/973/973 1925/1925/1925 
f 286/286/286 360/360/360 287/287/287 
f 527/527/527 526/526/526 650/650/650 
f 1926/1926/1926 74/74/74 113/113/113 
f 651/651/651 1892/1892/1892 1822/1822/1822 
f 1881/1881/1881 1912/1912/1912 296/296/296 
f 1916/1916/1916 1676/1676/1676 1911/1911/1911 
f 1556/1556/1556 1766/1766/1766 1927/1927/1927 
f 709/709/709 711/711/711 1883/1883/1883 
f 264/264/264 227/227/227 226/226/226 
f 1920/1920/1920 709/709/709 1677/1677/1677 
f 1294/1294/1294 1293/1293/1293 1928/1928/1928 
f 1912/1912/1912 1892/1892/1892 1904/1904/1904 
f 318/318/318 1929/1929/1929 1930/1930/1930 
f 732/732/732 742/742/742 738/738/738 
f 1931/1931/1931 1676/1676/1676 1916/1916/1916 
f 1586/1586/1586 1677/1677/1677 1878/1878/1878 
f 709/709/709 1883/1883/1883 294/294/294 
f 1919/1919/1919 1917/1917/1917 1903/1903/1903 
f 1919/1919/1919 1744/1744/1744 1932/1932/1932 
f 1919/1919/1919 1315/1315/1315 41/41/41 
f 570/570/570 569/569/569 1731/1731/1731 
f 1865/1865/1865 569/569/569 1933/1933/1933 
f 1934/1934/1934 1585/1585/1585 1935/1935/1935 
f 1324/1324/1324 1111/1111/1111 650/650/650 
f 1936/1936/1936 1937/1937/1937 1938/1938/1938 
f 1939/1939/1939 1670/1670/1670 1940/1940/1940 
f 1941/1941/1941 1942/1942/1942 1943/1943/1943 
f 1552/1552/1552 944/944/944 1944/1944/1944 
f 1917/1917/1917 1911/1911/1911 1903/1903/1903 
f 1234/1234/1234 1236/1236/1236 1945/1945/1945 
f 587/587/587 1946/1946/1946 1938/1938/1938 
f 645/645/645 647/647/647 635/635/635 
f 1947/1947/1947 899/899/899 1948/1948/1948 
f 1912/1912/1912 1881/1881/1881 1892/1892/1892 
f 651/651/651 1904/1904/1904 1892/1892/1892 
f 881/881/881 880/880/880 1785/1785/1785 
f 1949/1949/1949 1888/1888/1888 1950/1950/1950 
f 711/711/711 710/710/710 1951/1951/1951 
f 790/790/790 359/359/359 358/358/358 
f 1952/1952/1952 1898/1898/1898 1953/1953/1953 
f 1954/1954/1954 1955/1955/1955 1009/1009/1009 
f 1956/1956/1956 1957/1957/1957 1958/1958/1958 
f 1890/1890/1890 1699/1699/1699 1958/1958/1958 
f 1939/1939/1939 1697/1697/1697 1959/1959/1959 
f 709/709/709 1920/1920/1920 710/710/710 
f 1840/1840/1840 1960/1960/1960 1702/1702/1702 
f 1190/1190/1190 1961/1961/1961 823/823/823 
f 1962/1962/1962 1956/1956/1956 1958/1958/1958 
f 1963/1963/1963 1824/1824/1824 1081/1081/1081 
f 1912/1912/1912 1904/1904/1904 1903/1903/1903 
f 1964/1964/1964 1362/1362/1362 1956/1956/1956 
f 1920/1920/1920 1891/1891/1891 710/710/710 
f 1920/1920/1920 1588/1588/1588 1891/1891/1891 
f 1588/1588/1588 1699/1699/1699 1891/1891/1891 
f 9/9/9 26/26/26 1561/1561/1561 
f 307/307/307 1965/1965/1965 1966/1966/1966 
f 1967/1967/1967 1968/1968/1968 1969/1969/1969 
f 1970/1970/1970 1757/1757/1757 1206/1206/1206 
f 303/303/303 304/304/304 1969/1969/1969 
f 1971/1971/1971 1972/1972/1972 1973/1973/1973 
f 1974/1974/1974 1563/1563/1563 1975/1975/1975 
f 1951/1951/1951 710/710/710 1967/1967/1967 
f 1562/1562/1562 1975/1975/1975 1563/1563/1563 
f 1049/1049/1049 1048/1048/1048 1784/1784/1784 
f 304/304/304 1976/1976/1976 1969/1969/1969 
f 1127/1127/1127 1582/1582/1582 1977/1977/1977 
f 1968/1968/1968 1890/1890/1890 1978/1978/1978 
f 1007/1007/1007 1001/1001/1001 1000/1000/1000 
f 1978/1978/1978 1957/1957/1957 942/942/942 
f 1958/1958/1958 1957/1957/1957 1978/1978/1978 
f 1979/1979/1979 1980/1980/1980 907/907/907 
f 942/942/942 1957/1957/1957 940/940/940 
f 526/526/526 1904/1904/1904 651/651/651 
f 1981/1981/1981 1098/1098/1098 1106/1106/1106 
f 1982/1982/1982 1978/1978/1978 942/942/942 
f 1292/1292/1292 1384/1384/1384 1983/1983/1983 
f 1984/1984/1984 254/254/254 1985/1985/1985 
f 704/704/704 706/706/706 1767/1767/1767 
f 1976/1976/1976 1951/1951/1951 1967/1967/1967 
f 1326/1326/1326 570/570/570 1731/1731/1731 
f 1986/1986/1986 1987/1987/1987 1988/1988/1988 
f 1958/1958/1958 1978/1978/1978 1890/1890/1890 
f 869/869/869 1083/1083/1083 314/314/314 
f 876/876/876 1079/1079/1079 877/877/877 
f 1322/1322/1322 1989/1989/1989 1321/1321/1321 
f 1990/1990/1990 1951/1951/1951 1991/1991/1991 
f 1972/1972/1972 1562/1562/1562 1992/1992/1992 
f 1384/1384/1384 1385/1385/1385 1971/1971/1971 
f 1890/1890/1890 1967/1967/1967 1891/1891/1891 
f 663/663/663 600/600/600 605/605/605 
f 1968/1968/1968 1967/1967/1967 1890/1890/1890 
f 1993/1993/1993 1994/1994/1994 1075/1075/1075 
f 970/970/970 596/596/596 1000/1000/1000 
f 300/300/300 1995/1995/1995 301/301/301 
f 1968/1968/1968 1978/1978/1978 1982/1982/1982 
f 197/197/197 1996/1996/1996 429/429/429 
f 1435/1435/1435 1997/1997/1997 1998/1998/1998 
f 1999/1999/1999 2000/2000/2000 2001/2001/2001 
f 2002/2002/2002 2003/2003/2003 2004/2004/2004 
f 1982/1982/1982 1563/1563/1563 1974/1974/1974 
f 1564/1564/1564 723/723/723 724/724/724 
f 2005/2005/2005 254/254/254 253/253/253 
f 2006/2006/2006 1985/1985/1985 2007/2007/2007 
f 1074/1074/1074 2008/2008/2008 1993/1993/1993 
f 559/559/559 1974/1974/1974 1975/1975/1975 
f 2009/2009/2009 1972/1972/1972 1971/1971/1971 
f 2010/2010/2010 1991/1991/1991 1976/1976/1976 
f 304/304/304 2010/2010/2010 1976/1976/1976 
f 303/303/303 1982/1982/1982 558/558/558 
f 303/303/303 1968/1968/1968 1982/1982/1982 
f 2011/2011/2011 2012/2012/2012 2013/2013/2013 
f 2014/2014/2014 2015/2015/2015 1294/1294/1294 
f 2016/2016/2016 123/123/123 122/122/122 
f 1562/1562/1562 1972/1972/1972 1975/1975/1975 
f 2017/2017/2017 1412/1412/1412 1414/1414/1414 
f 19/19/19 874/874/874 2018/2018/2018 
f 2019/2019/2019 175/175/175 292/292/292 
f 2020/2020/2020 2021/2021/2021 2022/2022/2022 
f 2023/2023/2023 2024/2024/2024 2025/2025/2025 
f 2026/2026/2026 2027/2027/2027 175/175/175 
f 845/845/845 428/428/428 427/427/427 
f 1896/1896/1896 291/291/291 1737/1737/1737 
f 557/557/557 174/174/174 558/558/558 
f 303/303/303 558/558/558 174/174/174 
f 2006/2006/2006 2028/2028/2028 2029/2029/2029 
f 1986/1986/1986 2030/2030/2030 1645/1645/1645 
f 1027/1027/1027 875/875/875 2031/2031/2031 
f 1027/1027/1027 2032/2032/2032 2033/2033/2033 
f 2027/2027/2027 2034/2034/2034 292/292/292 
f 1570/1570/1570 2035/2035/2035 1568/1568/1568 
f 2023/2023/2023 1570/1570/1570 2024/2024/2024 
f 905/905/905 907/907/907 2036/2036/2036 
f 2037/2037/2037 1026/1026/1026 1025/1025/1025 
f 1026/1026/1026 1569/1569/1569 875/875/875 
f 78/78/78 112/112/112 70/70/70 
f 175/175/175 557/557/557 2026/2026/2026 
f 2038/2038/2038 1638/1638/1638 230/230/230 
f 2024/2024/2024 1570/1570/1570 1569/1569/1569 
f 2009/2009/2009 1385/1385/1385 2039/2039/2039 
f 254/254/254 2005/2005/2005 2007/2007/2007 
f 525/525/525 1318/1318/1318 2040/2040/2040 
f 559/559/559 2009/2009/2009 2026/2026/2026 
f 749/749/749 2041/2041/2041 625/625/625 
f 1318/1318/1318 1317/1317/1317 1444/1444/1444 
f 2033/2033/2033 1025/1025/1025 1027/1027/1027 
f 2005/2005/2005 1363/1363/1363 2033/2033/2033 
f 1974/1974/1974 559/559/559 558/558/558 
f 293/293/293 2034/2034/2034 2042/2042/2042 
f 1290/1290/1290 2043/2043/2043 1014/1014/1014 
f 2039/2039/2039 2027/2027/2027 2026/2026/2026 
f 1971/1971/1971 1385/1385/1385 2009/2009/2009 
f 2044/2044/2044 1192/1192/1192 2045/2045/2045 
f 2025/2025/2025 2024/2024/2024 2037/2037/2037 
f 161/161/161 309/309/309 166/166/166 
f 1926/1926/1926 232/232/232 1071/1071/1071 
f 1385/1385/1385 592/592/592 1654/1654/1654 
f 1237/1237/1237 1118/1118/1118 1248/1248/1248 
f 2046/2046/2046 2039/2039/2039 1654/1654/1654 
f 2047/2047/2047 2048/2048/2048 2049/2049/2049 
f 1634/1634/1634 284/284/284 283/283/283 
f 508/508/508 509/509/509 2050/2050/2050 
f 2051/2051/2051 2052/2052/2052 2029/2029/2029 
f 1993/1993/1993 1110/1110/1110 2053/2053/2053 
f 751/751/751 750/750/750 733/733/733 
f 1099/1099/1099 2054/2054/2054 2055/2055/2055 
f 1972/1972/1972 2009/2009/2009 1975/1975/1975 
f 2032/2032/2032 2031/2031/2031 2028/2028/2028 
f 293/293/293 2035/2035/2035 291/291/291 
f 591/591/591 592/592/592 1473/1473/1473 
f 1962/1962/1962 2056/2056/2056 1956/1956/1956 
f 1159/1159/1159 2057/2057/2057 2058/2058/2058 
f 2010/2010/2010 304/304/304 173/173/173 
f 2059/2059/2059 1707/1707/1707 2060/2060/2060 
f 293/293/293 1568/1568/1568 2035/2035/2035 
f 291/291/291 2019/2019/2019 292/292/292 
f 557/557/557 559/559/559 2026/2026/2026 
f 2061/2061/2061 619/619/619 618/618/618 
f 2046/2046/2046 19/19/19 2018/2018/2018 
f 2018/2018/2018 2042/2042/2042 2034/2034/2034 
f 666/666/666 338/338/338 604/604/604 
f 1636/1636/1636 2062/2062/2062 459/459/459 
f 658/658/658 667/667/667 668/668/668 
f 1547/1547/1547 1549/1549/1549 2063/2063/2063 
f 2064/2064/2064 2065/2065/2065 2066/2066/2066 
f 2067/2067/2067 1226/1226/1226 1225/1225/1225 
f 2031/2031/2031 2032/2032/2032 1027/1027/1027 
f 2039/2039/2039 2046/2046/2046 2027/2027/2027 
f 276/276/276 590/590/590 277/277/277 
f 2039/2039/2039 2026/2026/2026 2009/2009/2009 
f 2068/2068/2068 2069/2069/2069 155/155/155 
f 1781/1781/1781 2070/2070/2070 790/790/790 
f 873/873/873 875/875/875 1569/1569/1569 
f 1569/1569/1569 1026/1026/1026 2024/2024/2024 
f 1149/1149/1149 622/622/622 378/378/378 
f 2027/2027/2027 2046/2046/2046 2034/2034/2034 
f 1760/1760/1760 735/735/735 2071/2071/2071 
f 2072/2072/2072 2073/2073/2073 2074/2074/2074 
f 157/157/157 263/263/263 158/158/158 
f 1466/1466/1466 1468/1468/1468 426/426/426 
f 1570/1570/1570 2023/2023/2023 1306/1306/1306 
f 714/714/714 716/716/716 243/243/243 
f 1389/1389/1389 495/495/495 2075/2075/2075 
f 1736/1736/1736 1306/1306/1306 1141/1141/1141 
f 2076/2076/2076 2077/2077/2077 1095/1095/1095 
f 1406/1406/1406 1627/1627/1627 847/847/847 
f 319/319/319 1299/1299/1299 2078/2078/2078 
f 2079/2079/2079 2080/2080/2080 1915/1915/1915 
f 1011/1011/1011 1334/1334/1334 1333/1333/1333 
f 347/347/347 246/246/246 282/282/282 
f 2006/2006/2006 2029/2029/2029 2052/2052/2052 
f 2081/2081/2081 1512/1512/1512 1511/1511/1511 
f 2082/2082/2082 2083/2083/2083 1790/1790/1790 
f 2084/2084/2084 2085/2085/2085 2086/2086/2086 
f 2032/2032/2032 2007/2007/2007 2033/2033/2033 
f 291/291/291 1896/1896/1896 2019/2019/2019 
f 1990/1990/1990 2087/2087/2087 1910/1910/1910 
f 2088/2088/2088 1200/1200/1200 585/585/585 
f 2089/2089/2089 1896/1896/1896 631/631/631 
f 2010/2010/2010 2089/2089/2089 2090/2090/2090 
f 1910/1910/1910 2087/2087/2087 2091/2091/2091 
f 1880/1880/1880 1883/1883/1883 1910/1910/1910 
f 2092/2092/2092 2093/2093/2093 2094/2094/2094 
f 1990/1990/1990 1910/1910/1910 711/711/711 
f 1991/1991/1991 2090/2090/2090 2095/2095/2095 
f 180/180/180 179/179/179 270/270/270 
f 1665/1665/1665 1673/1673/1673 1798/1798/1798 
f 144/144/144 273/273/273 272/272/272 
f 1835/1835/1835 491/491/491 2096/2096/2096 
f 1990/1990/1990 2095/2095/2095 2087/2087/2087 
f 569/569/569 571/571/571 2097/2097/2097 
f 560/560/560 561/561/561 2098/2098/2098 
f 1831/1831/1831 2091/2091/2091 1402/1402/1402 
f 592/592/592 1384/1384/1384 1473/1473/1473 
f 263/263/263 330/330/330 347/347/347 
f 1430/1430/1430 2099/2099/2099 61/61/61 
f 2095/2095/2095 2090/2090/2090 1669/1669/1669 
f 2087/2087/2087 2095/2095/2095 1403/1403/1403 
f 2087/2087/2087 1402/1402/1402 2091/2091/2091 
f 1403/1403/1403 1402/1402/1402 2087/2087/2087 
f 51/51/51 28/28/28 22/22/22 
f 2100/2100/2100 584/584/584 583/583/583 
f 1884/1884/1884 2101/2101/2101 2102/2102/2102 
f 1789/1789/1789 1788/1788/1788 1096/1096/1096 
f 2103/2103/2103 595/595/595 1033/1033/1033 
f 2104/2104/2104 2058/2058/2058 1393/1393/1393 
f 2089/2089/2089 633/633/633 2090/2090/2090 
f 2048/2048/2048 2105/2105/2105 384/384/384 
f 2106/2106/2106 2056/2056/2056 2107/2107/2107 
f 2108/2108/2108 2109/2109/2109 1786/1786/1786 
f 1803/1803/1803 1658/1658/1658 1657/1657/1657 
f 2110/2110/2110 2111/2111/2111 2112/2112/2112 
f 1765/1765/1765 1671/1671/1671 2113/2113/2113 
f 101/101/101 2114/2114/2114 2115/2115/2115 
f 1486/1486/1486 1142/1142/1142 1188/1188/1188 
f 322/322/322 360/360/360 286/286/286 
f 1468/1468/1468 2116/2116/2116 2117/2117/2117 
f 1188/1188/1188 1666/1666/1666 1486/1486/1486 
f 108/108/108 1319/1319/1319 531/531/531 
f 96/96/96 89/89/89 1762/1762/1762 
f 100/100/100 1123/1123/1123 1637/1637/1637 
f 1789/1789/1789 1095/1095/1095 2077/2077/2077 
f 1939/1939/1939 1959/1959/1959 2113/2113/2113 
f 2089/2089/2089 173/173/173 2019/2019/2019 
f 334/334/334 322/322/322 286/286/286 
f 360/360/360 316/316/316 287/287/287 
f 631/631/631 633/633/633 2089/2089/2089 
f 2118/2118/2118 2119/2119/2119 2116/2116/2116 
f 1991/1991/1991 2095/2095/2095 1990/1990/1990 
f 1736/1736/1736 1141/1141/1141 1140/1140/1140 
f 2120/2120/2120 425/425/425 2121/2121/2121 
f 2122/2122/2122 2123/2123/2123 2124/2124/2124 
f 1009/1009/1009 2125/2125/2125 1954/1954/1954 
f 1669/1669/1669 288/288/288 1403/1403/1403 
f 309/309/309 287/287/287 316/316/316 
f 2126/2126/2126 1501/1501/1501 1500/1500/1500 
f 255/255/255 248/248/248 164/164/164 
f 846/846/846 967/967/967 845/845/845 
f 964/964/964 2127/2127/2127 1343/1343/1343 
f 1587/1587/1587 2128/2128/2128 2107/2107/2107 
f 180/180/180 238/238/238 181/181/181 
f 1793/1793/1793 2129/2129/2129 1858/1858/1858 
f 1669/1669/1669 2090/2090/2090 633/633/633 
f 57/57/57 58/58/58 60/60/60 
f 2076/2076/2076 1095/1095/1095 2130/2130/2130 
f 255/255/255 163/163/163 165/165/165 
f 553/553/553 427/427/427 2131/2131/2131 
f 2010/2010/2010 2090/2090/2090 1991/1991/1991 
f 2132/2132/2132 2101/2101/2101 786/786/786 
f 615/615/615 2133/2133/2133 1312/1312/1312 
f 81/81/81 97/97/97 98/98/98 
f 137/137/137 122/122/122 2134/2134/2134 
f 1137/1137/1137 1160/1160/1160 1135/1135/1135 
f 2135/2135/2135 763/763/763 765/765/765 
f 2136/2136/2136 2137/2137/2137 2138/2138/2138 
f 2139/2139/2139 2140/2140/2140 2141/2141/2141 
f 239/239/239 364/364/364 334/334/334 
f 2142/2142/2142 1723/1723/1723 1447/1447/1447 
f 332/332/332 2143/2143/2143 1151/1151/1151 
f 2144/2144/2144 1907/1907/1907 1314/1314/1314 
f 546/546/546 555/555/555 2145/2145/2145 
f 1775/1775/1775 964/964/964 966/966/966 
f 1192/1192/1192 2047/2047/2047 814/814/814 
f 613/613/613 584/584/584 1528/1528/1528 
f 1865/1865/1865 1731/1731/1731 569/569/569 
f 2064/2064/2064 2008/2008/2008 1074/1074/1074 
f 1140/1140/1140 631/631/631 1737/1737/1737 
f 1358/1358/1358 2107/2107/2107 2128/2128/2128 
f 669/669/669 1185/1185/1185 1653/1653/1653 
f 631/631/631 1140/1140/1140 632/632/632 
f 85/85/85 2146/2146/2146 86/86/86 
f 1905/1905/1905 351/351/351 2147/2147/2147 
f 278/278/278 28/28/28 2096/2096/2096 
f 1324/1324/1324 1112/1112/1112 1111/1111/1111 
f 1653/1653/1653 641/641/641 670/670/670 
f 641/641/641 1653/1653/1653 654/654/654 
f 2148/2148/2148 1172/1172/1172 1162/1162/1162 
f 1425/1425/1425 1564/1564/1564 724/724/724 
f 629/629/629 524/524/524 523/523/523 
f 1119/1119/1119 1229/1229/1229 1233/1233/1233 
f 2148/2148/2148 1685/1685/1685 1186/1186/1186 
f 518/518/518 170/170/170 516/516/516 
f 2149/2149/2149 2148/2148/2148 1198/1198/1198 
f 1308/1308/1308 1573/1573/1573 1668/1668/1668 
f 2150/2150/2150 654/654/654 1653/1653/1653 
f 669/669/669 668/668/668 1172/1172/1172 
f 2151/2151/2151 2152/2152/2152 2153/2153/2153 
f 2007/2007/2007 2005/2005/2005 2033/2033/2033 
f 2154/2154/2154 1921/1921/1921 2155/2155/2155 
f 2156/2156/2156 974/974/974 1256/1256/1256 
f 1198/1198/1198 2157/2157/2157 2149/2149/2149 
f 1650/1650/1650 1684/1684/1684 1648/1648/1648 
f 253/253/253 1843/1843/1843 2005/2005/2005 
f 422/422/422 1845/1845/1845 2063/2063/2063 
f 2149/2149/2149 2157/2157/2157 2158/2158/2158 
f 2159/2159/2159 2153/2153/2153 2152/2152/2152 
f 2160/2160/2160 1364/1364/1364 2161/2161/2161 
f 2162/2162/2162 2163/2163/2163 2164/2164/2164 
f 1799/1799/1799 1402/1402/1402 290/290/290 
f 2165/2165/2165 2166/2166/2166 2167/2167/2167 
f 1781/1781/1781 790/790/790 789/789/789 
f 1400/1400/1400 1796/1796/1796 802/802/802 
f 2168/2168/2168 77/77/77 2169/2169/2169 
f 890/890/890 1042/1042/1042 2170/2170/2170 
f 663/663/663 2171/2171/2171 600/600/600 
f 2172/2172/2172 1780/1780/1780 1774/1774/1774 
f 1306/1306/1306 2023/2023/2023 2172/2172/2172 
f 2153/2153/2153 1684/1684/1684 1685/1685/1685 
f 2173/2173/2173 2174/2174/2174 990/990/990 
f 1600/1600/1600 53/53/53 52/52/52 
f 1685/1685/1685 2148/2148/2148 2151/2151/2151 
f 2151/2151/2151 2158/2158/2158 2152/2152/2152 
f 1648/1648/1648 1684/1684/1684 2153/2153/2153 
f 1748/1748/1748 1609/1609/1609 1719/1719/1719 
f 2175/2175/2175 2176/2176/2176 2172/2172/2172 
f 2177/2177/2177 2175/2175/2175 2025/2025/2025 
f 2175/2175/2175 2177/2177/2177 2178/2178/2178 
f 2179/2179/2179 1691/1691/1691 1605/1605/1605 
f 2083/2083/2083 2082/2082/2082 1775/1775/1775 
f 1767/1767/1767 1079/1079/1079 1078/1078/1078 
f 1095/1095/1095 1097/1097/1097 2130/2130/2130 
f 2148/2148/2148 2149/2149/2149 2151/2151/2151 
f 1648/1648/1648 2153/2153/2153 2159/2159/2159 
f 614/614/614 634/634/634 590/590/590 
f 1534/1534/1534 539/539/539 1557/1557/1557 
f 1423/1423/1423 1290/1290/1290 1422/1422/1422 
f 2175/2175/2175 2178/2178/2178 2176/2176/2176 
f 1364/1364/1364 2177/2177/2177 2037/2037/2037 
f 2180/2180/2180 987/987/987 2181/2181/2181 
f 623/623/623 2182/2182/2182 725/725/725 
f 1326/1326/1326 1763/1763/1763 570/570/570 
f 2182/2182/2182 2178/2178/2178 2160/2160/2160 
f 497/497/497 2183/2183/2183 496/496/496 
f 634/634/634 663/663/663 605/605/605 
f 1694/1694/1694 1693/1693/1693 2184/2184/2184 
f 527/527/527 1318/1318/1318 525/525/525 
f 623/623/623 662/662/662 624/624/624 
f 780/780/780 42/42/42 10/10/10 
f 2149/2149/2149 2158/2158/2158 2151/2151/2151 
f 1434/1434/1434 1937/1937/1937 1997/1997/1997 
f 379/379/379 378/378/378 1173/1173/1173 
f 2185/2185/2185 2186/2186/2186 2187/2187/2187 
f 2188/2188/2188 2041/2041/2041 749/749/749 
f 2189/2189/2189 521/521/521 520/520/520 
f 986/986/986 2190/2190/2190 2191/2191/2191 
f 2076/2076/2076 1343/1343/1343 2127/2127/2127 
f 764/764/764 1347/1347/1347 2192/2192/2192 
f 869/869/869 366/366/366 850/850/850 
f 2157/2157/2157 1198/1198/1198 2193/2193/2193 
f 1197/1197/1197 2193/2193/2193 1198/1198/1198 
f 624/624/624 614/614/614 749/749/749 
f 73/73/73 2194/2194/2194 2195/2195/2195 
f 2083/2083/2083 1859/1859/1859 1790/1790/1790 
f 725/725/725 2160/2160/2160 2161/2161/2161 
f 2023/2023/2023 2025/2025/2025 2175/2175/2175 
f 577/577/577 2188/2188/2188 749/749/749 
f 1103/1103/1103 1730/1730/1730 1806/1806/1806 
f 1025/1025/1025 1364/1364/1364 2037/2037/2037 
f 2076/2076/2076 2130/2130/2130 1778/1778/1778 
f 1774/1774/1774 1306/1306/1306 2172/2172/2172 
f 2196/2196/2196 2197/2197/2197 2198/2198/2198 
f 369/369/369 368/368/368 1054/1054/1054 
f 2199/2199/2199 627/627/627 134/134/134 
f 1117/1117/1117 1257/1257/1257 1118/1118/1118 
f 2176/2176/2176 2178/2178/2178 2070/2070/2070 
f 1408/1408/1408 833/833/833 242/242/242 
f 964/964/964 444/444/444 965/965/965 
f 1540/1540/1540 713/713/713 2200/2200/2200 
f 2023/2023/2023 2175/2175/2175 2172/2172/2172 
f 1789/1789/1789 2077/2077/2077 2082/2082/2082 
f 2160/2160/2160 2178/2178/2178 2177/2177/2177 
f 1001/1001/1001 995/995/995 982/982/982 
f 2201/2201/2201 2202/2202/2202 2203/2203/2203 
f 1789/1789/1789 1096/1096/1096 1095/1095/1095 
f 1825/1825/1825 1055/1055/1055 2204/2204/2204 
f 1363/1363/1363 2171/2171/2171 2161/2161/2161 
f 162/162/162 238/238/238 160/160/160 
f 2168/2168/2168 1062/1062/1062 2205/2205/2205 
f 1339/1339/1339 2206/2206/2206 1338/1338/1338 
f 2207/2207/2207 849/849/849 1876/1876/1876 
f 2070/2070/2070 2182/2182/2182 523/523/523 
f 2204/2204/2204 1055/1055/1055 368/368/368 
f 1185/1185/1185 1584/1584/1584 2150/2150/2150 
f 2208/2208/2208 1648/1648/1648 2159/2159/2159 
f 2209/2209/2209 1193/1193/1193 814/814/814 
f 356/356/356 1909/1909/1909 354/354/354 
f 2210/2210/2210 2211/2211/2211 2212/2212/2212 
f 2213/2213/2213 2214/2214/2214 1297/1297/1297 
f 2215/2215/2215 1136/1136/1136 782/782/782 
f 1235/1235/1235 1234/1234/1234 2195/2195/2195 
f 2037/2037/2037 2177/2177/2177 2025/2025/2025 
f 372/372/372 374/374/374 503/503/503 
f 2216/2216/2216 2208/2208/2208 2217/2217/2217 
f 1193/1193/1193 2209/2209/2209 1649/1649/1649 
f 2218/2218/2218 1300/1300/1300 2099/2099/2099 
f 1655/1655/1655 2045/2045/2045 1193/1193/1193 
f 2172/2172/2172 2176/2176/2176 1780/1780/1780 
f 2219/2219/2219 815/815/815 2220/2220/2220 
f 2206/2206/2206 2221/2221/2221 2222/2222/2222 
f 730/730/730 729/729/729 132/132/132 
f 73/73/73 1234/1234/1234 2092/2092/2092 
f 663/663/663 725/725/725 2171/2171/2171 
f 2223/2223/2223 2224/2224/2224 2225/2225/2225 
f 2160/2160/2160 2177/2177/2177 1364/1364/1364 
f 1807/1807/1807 1361/1361/1361 1839/1839/1839 
f 1071/1071/1071 2226/2226/2226 1436/1436/1436 
f 1635/1635/1635 1631/1631/1631 1386/1386/1386 
f 2227/2227/2227 2228/2228/2228 2229/2229/2229 
f 2230/2230/2230 1612/1612/1612 1614/1614/1614 
f 1065/1065/1065 1067/1067/1067 2231/2231/2231 
f 2232/2232/2232 814/814/814 816/816/816 
f 368/368/368 2233/2233/2233 2204/2204/2204 
f 2154/2154/2154 2080/2080/2080 2234/2234/2234 
f 1733/1733/1733 1719/1719/1719 1609/1609/1609 
f 2182/2182/2182 2070/2070/2070 2178/2178/2178 
f 2209/2209/2209 814/814/814 2232/2232/2232 
f 1167/1167/1167 2223/2223/2223 2235/2235/2235 
f 1655/1655/1655 2208/2208/2208 2216/2216/2216 
f 620/620/620 622/622/622 1150/1150/1150 
f 2213/2213/2213 2236/2236/2236 2214/2214/2214 
f 751/751/751 733/733/733 793/793/793 
f 2237/2237/2237 2238/2238/2238 2239/2239/2239 
f 2240/2240/2240 1341/1341/1341 1470/1470/1470 
f 2159/2159/2159 2152/2152/2152 2217/2217/2217 
f 227/227/227 1500/1500/1500 228/228/228 
f 1192/1192/1192 1193/1193/1193 2045/2045/2045 
f 54/54/54 56/56/56 1745/1745/1745 
f 487/487/487 183/183/183 182/182/182 
f 2188/2188/2188 2241/2241/2241 2242/2242/2242 
f 384/384/384 2243/2243/2243 349/349/349 
f 2209/2209/2209 921/921/921 1650/1650/1650 
f 630/630/630 2041/2041/2041 2242/2242/2242 
f 1408/1408/1408 242/242/242 1405/1405/1405 
f 675/675/675 2241/2241/2241 576/576/576 
f 2244/2244/2244 1671/1671/1671 2245/2245/2245 
f 1643/1643/1643 1377/1377/1377 1644/1644/1644 
f 316/316/316 251/251/251 309/309/309 
f 180/180/180 443/443/443 257/257/257 
f 2158/2158/2158 2213/2213/2213 2152/2152/2152 
f 830/830/830 832/832/832 2246/2246/2246 
f 2213/2213/2213 2158/2158/2158 2236/2236/2236 
f 1960/1960/1960 1703/1703/1703 1702/1702/1702 
f 1078/1078/1078 1080/1080/1080 2247/2247/2247 
f 1474/1474/1474 1475/1475/1475 716/716/716 
f 2248/2248/2248 1704/1704/1704 1705/1705/1705 
f 636/636/636 172/172/172 159/159/159 
f 1858/1858/1858 1927/1927/1927 1303/1303/1303 
f 2045/2045/2045 2216/2216/2216 1296/1296/1296 
f 1377/1377/1377 1643/1643/1643 2249/2249/2249 
f 2250/2250/2250 406/406/406 184/184/184 
f 2209/2209/2209 1650/1650/1650 1649/1649/1649 
f 1455/1455/1455 771/771/771 1924/1924/1924 
f 1096/1096/1096 1788/1788/1788 1808/1808/1808 
f 82/82/82 1763/1763/1763 90/90/90 
f 2251/2251/2251 2252/2252/2252 2253/2253/2253 
f 1083/1083/1083 1085/1085/1085 1072/1072/1072 
f 1578/1578/1578 1633/1633/1633 661/661/661 
f 2057/2057/2057 1394/1394/1394 2058/2058/2058 
f 140/140/140 240/240/240 139/139/139 
f 1571/1571/1571 1378/1378/1378 708/708/708 
f 2254/2254/2254 370/370/370 1813/1813/1813 
f 2255/2255/2255 2194/2194/2194 2256/2256/2256 
f 1754/1754/1754 1788/1788/1788 1790/1790/1790 
f 1377/1377/1377 1379/1379/1379 1644/1644/1644 
f 452/452/452 358/358/358 357/357/357 
f 2257/2257/2257 889/889/889 888/888/888 
f 2258/2258/2258 2259/2259/2259 2260/2260/2260 
f 649/649/649 2261/2261/2261 2262/2262/2262 
f 2263/2263/2263 1079/1079/1079 876/876/876 
f 1840/1840/1840 2264/2264/2264 1960/1960/1960 
f 1039/1039/1039 1164/1164/1164 1768/1768/1768 
f 2241/2241/2241 2265/2265/2265 2266/2266/2266 
f 18/18/18 2031/2031/2031 874/874/874 
f 1689/1689/1689 1375/1375/1375 593/593/593 
f 2044/2044/2044 2047/2047/2047 1192/1192/1192 
f 2267/2267/2267 2061/2061/2061 618/618/618 
f 815/815/815 814/814/814 2047/2047/2047 
f 336/336/336 1644/1644/1644 2265/2265/2265 
f 2002/2002/2002 1394/1394/1394 1970/1970/1970 
f 2268/2268/2268 86/86/86 2269/2269/2269 
f 983/983/983 2270/2270/2270 2219/2219/2219 
f 2041/2041/2041 630/630/630 625/625/625 
f 1650/1650/1650 921/921/921 1773/1773/1773 
f 1644/1644/1644 1379/1379/1379 2266/2266/2266 
f 2241/2241/2241 2266/2266/2266 2242/2242/2242 
f 1378/1378/1378 1662/1662/1662 708/708/708 
f 336/336/336 2265/2265/2265 516/516/516 
f 1377/1377/1377 1662/1662/1662 1378/1378/1378 
f 1812/1812/1812 1682/1682/1682 1714/1714/1714 
f 565/565/565 567/567/567 782/782/782 
f 2034/2034/2034 293/293/293 292/292/292 
f 696/696/696 370/370/370 369/369/369 
f 1571/1571/1571 357/357/357 1064/1064/1064 
f 623/623/623 625/625/625 629/629/629 
f 240/240/240 140/140/140 975/975/975 
f 1227/1227/1227 2271/2271/2271 952/952/952 
f 2272/2272/2272 2235/2235/2235 2223/2223/2223 
f 2273/2273/2273 2259/2259/2259 1449/1449/1449 
f 1754/1754/1754 1790/1790/1790 1859/1859/1859 
f 2274/2274/2274 1694/1694/1694 2275/2275/2275 
f 2276/2276/2276 2261/2261/2261 2277/2277/2277 
f 347/347/347 247/247/247 246/246/246 
f 2278/2278/2278 2279/2279/2279 2246/2246/2246 
f 91/91/91 78/78/78 1617/1617/1617 
f 2280/2280/2280 2193/2193/2193 1197/1197/1197 
f 1513/1513/1513 233/233/233 2250/2250/2250 
f 675/675/675 516/516/516 2265/2265/2265 
f 2188/2188/2188 576/576/576 2241/2241/2241 
f 1097/1097/1097 1121/1121/1121 1815/1815/1815 
f 2281/2281/2281 1720/1720/1720 2253/2253/2253 
f 1963/1963/1963 2012/2012/2012 2282/2282/2282 
f 841/841/841 2283/2283/2283 2284/2284/2284 
f 2236/2236/2236 2157/2157/2157 2285/2285/2285 
f 18/18/18 591/591/591 2286/2286/2286 
f 2188/2188/2188 2242/2242/2242 2041/2041/2041 
f 1642/1642/1642 2225/2225/2225 2224/2224/2224 
f 1777/1777/1777 1662/1662/1662 2249/2249/2249 
f 1861/1861/1861 1933/1933/1933 2097/2097/2097 
f 790/790/790 2070/2070/2070 523/523/523 
f 2241/2241/2241 675/675/675 2265/2265/2265 
f 769/769/769 818/818/818 616/616/616 
f 936/936/936 938/938/938 2287/2287/2287 
f 2265/2265/2265 1644/1644/1644 2266/2266/2266 
f 1540/1540/1540 1537/1537/1537 1536/1536/1536 
f 2266/2266/2266 1572/1572/1572 2242/2242/2242 
f 2288/2288/2288 2179/2179/2179 1828/1828/1828 
f 1578/1578/1578 1689/1689/1689 593/593/593 
f 1379/1379/1379 1378/1378/1378 1572/1572/1572 
f 1662/1662/1662 1633/1633/1633 708/708/708 
f 1714/1714/1714 1503/1503/1503 1812/1812/1812 
f 453/453/453 452/452/452 707/707/707 
f 357/357/357 1571/1571/1571 707/707/707 
f 16/16/16 824/824/824 825/825/825 
f 2289/2289/2289 2290/2290/2290 2291/2291/2291 
f 1068/1068/1068 2292/2292/2292 1069/1069/1069 
f 1579/1579/1579 2293/2293/2293 1820/1820/1820 
f 1636/1636/1636 459/459/459 1634/1634/1634 
f 1285/1285/1285 458/458/458 803/803/803 
f 2184/2184/2184 1772/1772/1772 1338/1338/1338 
f 1105/1105/1105 2269/2269/2269 2294/2294/2294 
f 2295/2295/2295 1954/1954/1954 2125/2125/2125 
f 2296/2296/2296 1618/1618/1618 1178/1178/1178 
f 2297/2297/2297 852/852/852 2145/2145/2145 
f 1712/1712/1712 2298/2298/2298 1636/1636/1636 
f 2296/2296/2296 2299/2299/2299 661/661/661 
f 1634/1634/1634 459/459/459 284/284/284 
f 2300/2300/2300 571/571/571 578/578/578 
f 1560/1560/1560 959/959/959 960/960/960 
f 2301/2301/2301 773/773/773 775/775/775 
f 773/773/773 2302/2302/2302 774/774/774 
f 1630/1630/1630 1693/1693/1693 168/168/168 
f 1247/1247/1247 1705/1705/1705 1700/1700/1700 
f 2293/2293/2293 2301/2301/2301 2303/2303/2303 
f 1770/1770/1770 1771/1771/1771 1154/1154/1154 
f 308/308/308 646/646/646 645/645/645 
f 1108/1108/1108 1579/1579/1579 804/804/804 
f 2304/2304/2304 1808/1808/1808 1788/1788/1788 
f 1041/1041/1041 2305/2305/2305 1947/1947/1947 
f 94/94/94 578/578/578 571/571/571 
f 112/112/112 92/92/92 113/113/113 
f 1107/1107/1107 773/773/773 2293/2293/2293 
f 391/391/391 364/364/364 222/222/222 
f 1710/1710/1710 4/4/4 1367/1367/1367 
f 1719/1719/1719 1718/1718/1718 2262/2262/2262 
f 2302/2302/2302 1245/1245/1245 1177/1177/1177 
f 2248/2248/2248 1109/1109/1109 1108/1108/1108 
f 1376/1376/1376 1689/1689/1689 1177/1177/1177 
f 804/804/804 2062/2062/2062 2306/2306/2306 
f 454/454/454 959/959/959 1552/1552/1552 
f 1636/1636/1636 2298/2298/2298 2062/2062/2062 
f 1335/1335/1335 1113/1113/1113 1438/1438/1438 
f 1107/1107/1107 1109/1109/1109 773/773/773 
f 914/914/914 909/909/909 923/923/923 
f 781/781/781 782/782/782 567/567/567 
f 759/759/759 441/441/441 2307/2307/2307 
f 2062/2062/2062 458/458/458 459/459/459 
f 2308/2308/2308 2309/2309/2309 2202/2202/2202 
f 1550/1550/1550 1603/1603/1603 1546/1546/1546 
f 2062/2062/2062 2298/2298/2298 2306/2306/2306 
f 2310/2310/2310 2185/2185/2185 2187/2187/2187 
f 1465/1465/1465 1440/1440/1440 833/833/833 
f 1579/1579/1579 1107/1107/1107 2293/2293/2293 
f 2298/2298/2298 1704/1704/1704 2306/2306/2306 
f 1015/1015/1015 2311/2311/2311 332/332/332 
f 1570/1570/1570 1306/1306/1306 1736/1736/1736 
f 1579/1579/1579 1150/1150/1150 803/803/803 
f 348/348/348 350/350/350 386/386/386 
f 1941/1941/1941 1943/1943/1943 2312/2312/2312 
f 803/803/803 1150/1150/1150 1149/1149/1149 
f 1285/1285/1285 285/285/285 284/284/284 
f 1712/1712/1712 1023/1023/1023 2298/2298/2298 
f 1365/1365/1365 502/502/502 504/504/504 
f 2123/2123/2123 2313/2313/2313 2124/2124/2124 
f 2230/2230/2230 2314/2314/2314 1738/1738/1738 
f 354/354/354 520/520/520 2315/2315/2315 
f 2285/2285/2285 2316/2316/2316 1908/1908/1908 
f 299/299/299 1508/1508/1508 1507/1507/1507 
f 803/803/803 1149/1149/1149 1285/1285/1285 
f 993/993/993 2317/2317/2317 1206/1206/1206 
f 1328/1328/1328 2238/2238/2238 2318/2318/2318 
f 1108/1108/1108 1107/1107/1107 1579/1579/1579 
f 775/775/775 774/774/774 1178/1178/1178 
f 4/4/4 56/56/56 5/5/5 
f 1754/1754/1754 1066/1066/1066 2304/2304/2304 
f 2301/2301/2301 2293/2293/2293 773/773/773 
f 873/873/873 2018/2018/2018 874/874/874 
f 2296/2296/2296 1178/1178/1178 2299/2299/2299 
f 773/773/773 1109/1109/1109 2302/2302/2302 
f 2170/2170/2170 2319/2319/2319 2320/2320/2320 
f 2248/2248/2248 1108/1108/1108 2306/2306/2306 
f 1578/1578/1578 661/661/661 2299/2299/2299 
f 1109/1109/1109 2248/2248/2248 1246/1246/1246 
f 1245/1245/1245 2302/2302/2302 1246/1246/1246 
f 103/103/103 105/105/105 102/102/102 
f 834/834/834 825/825/825 844/844/844 
f 1177/1177/1177 1689/1689/1689 2299/2299/2299 
f 1812/1812/1812 1679/1679/1679 1682/1682/1682 
f 560/560/560 2098/2098/2098 1811/1811/1811 
f 2303/2303/2303 1820/1820/1820 2293/2293/2293 
f 1792/1792/1792 1812/1812/1812 1502/1502/1502 
f 2321/2321/2321 2322/2322/2322 2323/2323/2323 
f 1235/1235/1235 998/998/998 999/999/999 
f 2324/2324/2324 2222/2222/2222 2221/2221/2221 
f 2325/2325/2325 2326/2326/2326 2327/2327/2327 
f 2328/2328/2328 1943/1943/1943 1479/1479/1479 
f 1173/1173/1173 622/622/622 621/621/621 
f 2329/2329/2329 1820/1820/1820 2303/2303/2303 
f 1061/1061/1061 1082/1082/1082 2330/2330/2330 
f 319/319/319 2078/2078/2078 320/320/320 
f 930/930/930 1713/1713/1713 1621/1621/1621 
f 2331/2331/2331 2257/2257/2257 2332/2332/2332 
f 2333/2333/2333 2321/2321/2321 2323/2323/2323 
f 1823/1823/1823 1824/1824/1824 2137/2137/2137 
f 2321/2321/2321 2329/2329/2329 2322/2322/2322 
f 620/620/620 2334/2334/2334 621/621/621 
f 653/653/653 2/2/2 1056/1056/1056 
f 1122/1122/1122 2334/2334/2334 1084/1084/1084 
f 2148/2148/2148 1186/1186/1186 1172/1172/1172 
f 1831/1831/1831 1880/1880/1880 2091/2091/2091 
f 620/620/620 2321/2321/2321 2334/2334/2334 
f 620/620/620 1820/1820/1820 2329/2329/2329 
f 2335/2335/2335 613/613/613 1529/1529/1529 
f 2336/2336/2336 2257/2257/2257 2337/2337/2337 
f 1235/1235/1235 999/999/999 1236/1236/1236 
f 2333/2333/2333 2334/2334/2334 2321/2321/2321 
f 2329/2329/2329 2321/2321/2321 620/620/620 
f 2330/2330/2330 1082/1082/1082 2333/2333/2333 
f 1084/1084/1084 2334/2334/2334 2333/2333/2333 
f 1084/1084/1084 2333/2333/2333 1082/1082/1082 
f 1423/1423/1423 228/228/228 1501/1501/1501 
f 768/768/768 2338/2338/2338 1935/1935/1935 
f 2338/2338/2338 2339/2339/2339 2340/2340/2340 
f 1935/1935/1935 2338/2338/2338 2256/2256/2256 
f 2256/2256/2256 2338/2338/2338 2255/2255/2255 
f 768/768/768 1935/1935/1935 1585/1585/1585 
f 1752/1752/1752 1802/1802/1802 1656/1656/1656 
f 1772/1772/1772 1693/1693/1693 1630/1630/1630 
f 175/175/175 174/174/174 557/557/557 
f 2322/2322/2322 2094/2094/2094 2093/2093/2093 
f 2322/2322/2322 2341/2341/2341 2094/2094/2094 
f 2342/2342/2342 2341/2341/2341 2301/2301/2301 
f 2329/2329/2329 2303/2303/2303 2341/2341/2341 
f 2272/2272/2272 2225/2225/2225 2343/2343/2343 
f 2341/2341/2341 2342/2342/2342 2094/2094/2094 
f 448/448/448 1001/1001/1001 1007/1007/1007 
f 2303/2303/2303 2301/2301/2301 2341/2341/2341 
f 2323/2323/2323 2322/2322/2322 2093/2093/2093 
f 2341/2341/2341 2322/2322/2322 2329/2329/2329 
f 381/381/381 1809/1809/1809 1472/1472/1472 
f 2003/2003/2003 2317/2317/2317 1929/1929/1929 
f 2330/2330/2330 2323/2323/2323 1945/1945/1945 
f 2342/2342/2342 2301/2301/2301 775/775/775 
f 2093/2093/2093 1945/1945/1945 2323/2323/2323 
f 1662/1662/1662 1777/1777/1777 659/659/659 
f 1659/1659/1659 1771/1771/1771 1664/1664/1664 
f 136/136/136 1925/1925/1925 2344/2344/2344 
f 118/118/118 2345/2345/2345 2346/2346/2346 
f 2347/2347/2347 2290/2290/2290 2348/2348/2348 
f 1849/1849/1849 240/240/240 974/974/974 
f 2338/2338/2338 768/768/768 2339/2339/2339 
f 336/336/336 170/170/170 169/169/169 
f 71/71/71 1618/1618/1618 2349/2349/2349 
f 2350/2350/2350 2255/2255/2255 933/933/933 
f 168/168/168 766/766/766 169/169/169 
f 1417/1417/1417 1848/1848/1848 1596/1596/1596 
f 1283/1283/1283 2313/2313/2313 1284/1284/1284 
f 358/358/358 1769/1769/1769 789/789/789 
f 1907/1907/1907 1298/1298/1298 1930/1930/1930 
f 2351/2351/2351 2352/2352/2352 188/188/188 
f 1643/1643/1643 336/336/336 337/337/337 
f 766/766/766 1585/1585/1585 169/169/169 
f 71/71/71 2094/2094/2094 2342/2342/2342 
f 1392/1392/1392 2353/2353/2353 1391/1391/1391 
f 817/817/817 761/761/761 760/760/760 
f 2092/2092/2092 71/71/71 73/73/73 
f 999/999/999 1061/1061/1061 1236/1236/1236 
f 73/73/73 72/72/72 2194/2194/2194 
f 1017/1017/1017 1386/1386/1386 1018/1018/1018 
f 1425/1425/1425 1539/1539/1539 1426/1426/1426 
f 1543/1543/1543 1777/1777/1777 2249/2249/2249 
f 168/168/168 1692/1692/1692 766/766/766 
f 172/172/172 339/339/339 518/518/518 
f 872/872/872 1591/1591/1591 931/931/931 
f 1436/1436/1436 75/75/75 1071/1071/1071 
f 2255/2255/2255 2195/2195/2195 2194/2194/2194 
f 2092/2092/2092 1945/1945/1945 2093/2093/2093 
f 21/21/21 29/29/29 2354/2354/2354 
f 1148/1148/1148 745/745/745 1191/1191/1191 
f 2355/2355/2355 1733/1733/1733 1608/1608/1608 
f 2356/2356/2356 2357/2357/2357 2358/2358/2358 
f 2349/2349/2349 660/660/660 1543/1543/1543 
f 1736/1736/1736 1737/1737/1737 2035/2035/2035 
f 1516/1516/1516 1539/1539/1539 724/724/724 
f 2094/2094/2094 71/71/71 2092/2092/2092 
f 2359/2359/2359 830/830/830 2360/2360/2360 
f 73/73/73 2195/2195/2195 1234/1234/1234 
f 999/999/999 550/550/550 1061/1061/1061 
f 2330/2330/2330 1945/1945/1945 1236/1236/1236 
f 2361/2361/2361 2362/2362/2362 2363/2363/2363 
f 1060/1060/1060 550/550/550 1032/1032/1032 
f 1919/1919/1919 1932/1932/1932 1917/1917/1917 
f 2349/2349/2349 1618/1618/1618 2296/2296/2296 
f 1945/1945/1945 2092/2092/2092 1234/1234/1234 
f 806/806/806 1769/1769/1769 451/451/451 
f 1387/1387/1387 607/607/607 1396/1396/1396 
f 1692/1692/1692 168/168/168 1693/1693/1693 
f 315/315/315 866/866/866 673/673/673 
f 116/116/116 2183/2183/2183 114/114/114 
f 71/71/71 1545/1545/1545 72/72/72 
f 2256/2256/2256 2194/2194/2194 72/72/72 
f 1196/1196/1196 2364/2364/2364 1194/1194/1194 
f 2274/2274/2274 1692/1692/1692 1694/1694/1694 
f 839/839/839 772/772/772 1037/1037/1037 
f 71/71/71 2342/2342/2342 1618/1618/1618 
f 1468/1468/1468 1467/1467/1467 2116/2116/2116 
f 2068/2068/2068 2365/2365/2365 2366/2366/2366 
f 2349/2349/2349 2296/2296/2296 660/660/660 
f 1545/1545/1545 1544/1544/1544 72/72/72 
f 1934/1934/1934 1544/1544/1544 1543/1543/1543 
f 1817/1817/1817 1657/1657/1657 1656/1656/1656 
f 250/250/250 251/251/251 3/3/3 
f 1410/1410/1410 1475/1475/1475 1411/1411/1411 
f 1483/1483/1483 2072/2072/2072 2074/2074/2074 
f 1934/1934/1934 2249/2249/2249 1643/1643/1643 
f 1934/1934/1934 1643/1643/1643 337/337/337 
f 1934/1934/1934 337/337/337 1585/1585/1585 
f 2367/2367/2367 2368/2368/2368 2276/2276/2276 
f 2369/2369/2369 2370/2370/2370 2371/2371/2371 
f 337/337/337 169/169/169 1585/1585/1585 
f 195/195/195 989/989/989 1761/1761/1761 
f 2339/2339/2339 2372/2372/2372 934/934/934 
f 241/241/241 2373/2373/2373 728/728/728 
f 2374/2374/2374 2345/2345/2345 305/305/305 
f 996/996/996 67/67/67 66/66/66 
f 67/67/67 996/996/996 997/997/997 
f 1630/1630/1630 168/168/168 170/170/170 
f 1235/1235/1235 2195/2195/2195 2350/2350/2350 
f 2350/2350/2350 2195/2195/2195 2255/2255/2255 
f 998/998/998 1235/1235/1235 2350/2350/2350 
f 2339/2339/2339 934/934/934 2340/2340/2340 
f 78/78/78 87/87/87 1617/1617/1617 
f 2375/2375/2375 2376/2376/2376 2377/2377/2377 
f 2193/2193/2193 2378/2378/2378 2316/2316/2316 
f 2379/2379/2379 2380/2380/2380 2381/2381/2381 
f 767/767/767 2372/2372/2372 2339/2339/2339 
f 863/863/863 1833/1833/1833 2382/2382/2382 
f 124/124/124 656/656/656 2016/2016/2016 
f 1584/1584/1584 1607/1607/1607 2150/2150/2150 
f 2383/2383/2383 396/396/396 2384/2384/2384 
f 714/714/714 243/243/243 1439/1439/1439 
f 551/551/551 553/553/553 1893/1893/1893 
f 2385/2385/2385 2212/2212/2212 2211/2211/2211 
f 2310/2310/2310 2386/2386/2386 1901/1901/1901 
f 447/447/447 2350/2350/2350 933/933/933 
f 638/638/638 50/50/50 53/53/53 
f 2387/2387/2387 2388/2388/2388 2389/2389/2389 
f 378/378/378 380/380/380 1209/1209/1209 
f 871/871/871 1635/1635/1635 1386/1386/1386 
f 1812/1812/1812 1792/1792/1792 1679/1679/1679 
f 1577/1577/1577 1683/1683/1683 1022/1022/1022 
f 442/442/442 758/758/758 2064/2064/2064 
f 1663/1663/1663 1307/1307/1307 1774/1774/1774 
f 1141/1141/1141 1307/1307/1307 1189/1189/1189 
f 2274/2274/2274 767/767/767 1692/1692/1692 
f 873/873/873 1568/1568/1568 2042/2042/2042 
f 447/447/447 935/935/935 448/448/448 
f 1451/1451/1451 1273/1273/1273 2390/2390/2390 
f 2391/2391/2391 638/638/638 1600/1600/1600 
f 2210/2210/2210 2212/2212/2212 265/265/265 
f 2392/2392/2392 2393/2393/2393 2394/2394/2394 
f 767/767/767 2274/2274/2274 2372/2372/2372 
f 26/26/26 42/42/42 24/24/24 
f 2395/2395/2395 2396/2396/2396 1565/1565/1565 
f 1174/1174/1174 962/962/962 1175/1175/1175 
f 1680/1680/1680 324/324/324 851/851/851 
f 65/65/65 410/410/410 66/66/66 
f 2324/2324/2324 2275/2275/2275 2222/2222/2222 
f 111/111/111 1603/1603/1603 109/109/109 
f 2206/2206/2206 2184/2184/2184 1338/1338/1338 
f 1970/1970/1970 2057/2057/2057 1757/1757/1757 
f 13/13/13 30/30/30 14/14/14 
f 1586/1586/1586 2128/2128/2128 1587/1587/1587 
f 911/911/911 261/261/261 260/260/260 
f 988/988/988 881/881/881 1048/1048/1048 
f 2397/2397/2397 2106/2106/2106 1358/1358/1358 
f 1962/1962/1962 1587/1587/1587 2107/2107/2107 
f 2002/2002/2002 1357/1357/1357 1394/1394/1394 
f 2002/2002/2002 2397/2397/2397 1357/1357/1357 
f 1588/1588/1588 1920/1920/1920 1586/1586/1586 
f 1766/1766/1766 1765/1765/1765 2113/2113/2113 
f 879/879/879 881/881/881 988/988/988 
f 1357/1357/1357 2397/2397/2397 1358/1358/1358 
f 660/660/660 2296/2296/2296 661/661/661 
f 1931/1931/1931 1359/1359/1359 1878/1878/1878 
f 1540/1540/1540 2398/2398/2398 1537/1537/1537 
f 1047/1047/1047 1220/1220/1220 1048/1048/1048 
f 966/966/966 2398/2398/2398 1776/1776/1776 
f 2292/2292/2292 2399/2399/2399 2400/2400/2400 
f 263/263/263 312/312/312 330/330/330 
f 1333/1333/1333 2401/2401/2401 2122/2122/2122 
f 1359/1359/1359 1931/1931/1931 1393/1393/1393 
f 2331/2331/2331 903/903/903 979/979/979 
f 2402/2402/2402 617/617/617 619/619/619 
f 1927/1927/1927 1766/1766/1766 1303/1303/1303 
f 1359/1359/1359 1393/1393/1393 1357/1357/1357 
f 1359/1359/1359 2128/2128/2128 1878/1878/1878 
f 1587/1587/1587 1962/1962/1962 1699/1699/1699 
f 1791/1791/1791 1956/1956/1956 2056/2056/2056 
f 2104/2104/2104 1931/1931/1931 1916/1916/1916 
f 2104/2104/2104 1393/1393/1393 1931/1931/1931 
f 2403/2403/2403 2404/2404/2404 1914/1914/1914 
f 2405/2405/2405 2114/2114/2114 1900/1900/1900 
f 633/633/633 868/868/868 1669/1669/1669 
f 1669/1669/1669 1403/1403/1403 2095/2095/2095 
f 1522/1522/1522 1524/1524/1524 763/763/763 
f 2056/2056/2056 2106/2106/2106 1791/1791/1791 
f 1039/1039/1039 778/778/778 777/777/777 
f 1964/1964/1964 1039/1039/1039 1768/1768/1768 
f 2189/2189/2189 520/520/520 354/354/354 
f 2397/2397/2397 2002/2002/2002 2004/2004/2004 
f 778/778/778 2106/2106/2106 776/776/776 
f 1764/1764/1764 2406/2406/2406 1856/1856/1856 
f 1791/1791/1791 1964/1964/1964 1956/1956/1956 
f 1891/1891/1891 1967/1967/1967 710/710/710 
f 2162/2162/2162 823/823/823 1961/1961/1961 
f 1039/1039/1039 1964/1964/1964 1791/1791/1791 
f 1805/1805/1805 1590/1590/1590 1658/1658/1658 
f 2106/2106/2106 2397/2397/2397 776/776/776 
f 2054/2054/2054 916/916/916 680/680/680 
f 2407/2407/2407 2200/2200/2200 2408/2408/2408 
f 778/778/778 1791/1791/1791 2106/2106/2106 
f 2044/2044/2044 2045/2045/2045 1115/1115/1115 
f 29/29/29 1768/1768/1768 1164/1164/1164 
f 1768/1768/1768 29/29/29 13/13/13 
f 2213/2213/2213 2217/2217/2217 2152/2152/2152 
f 984/984/984 996/996/996 411/411/411 
f 1724/1724/1724 2355/2355/2355 1961/1961/1961 
f 319/319/319 1930/1930/1930 1298/1298/1298 
f 318/318/318 1930/1930/1930 319/319/319 
f 577/577/577 749/749/749 579/579/579 
f 1494/1494/1494 2409/2409/2409 2187/2187/2187 
f 2003/2003/2003 2410/2410/2410 2004/2004/2004 
f 2062/2062/2062 804/804/804 458/458/458 
f 485/485/485 1923/1923/1923 478/478/478 
f 776/776/776 2410/2410/2410 777/777/777 
f 300/300/300 302/302/302 2411/2411/2411 
f 935/935/935 997/997/997 448/448/448 
f 66/66/66 411/411/411 996/996/996 
f 419/419/419 922/922/922 2270/2270/2270 
f 1870/1870/1870 1253/1253/1253 1868/1868/1868 
f 2270/2270/2270 816/816/816 2219/2219/2219 
f 2206/2206/2206 2412/2412/2412 2413/2413/2413 
f 2406/2406/2406 219/219/219 218/218/218 
f 984/984/984 419/419/419 983/983/983 
f 134/134/134 798/798/798 797/797/797 
f 920/920/920 420/420/420 2413/2413/2413 
f 2414/2414/2414 2415/2415/2415 2416/2416/2416 
f 1773/1773/1773 1684/1684/1684 1650/1650/1650 
f 420/420/420 920/920/920 922/922/922 
f 920/920/920 1773/1773/1773 921/921/921 
f 1673/1673/1673 1657/1657/1657 1798/1798/1798 
f 1658/1658/1658 1752/1752/1752 1656/1656/1656 
f 1646/1646/1646 2013/2013/2013 2012/2012/2012 
f 920/920/920 2413/2413/2413 1607/1607/1607 
f 1365/1365/1365 2417/2417/2417 1366/1366/1366 
f 2150/2150/2150 1607/1607/1607 2412/2412/2412 
f 2232/2232/2232 922/922/922 921/921/921 
f 1177/1177/1177 2299/2299/2299 1178/1178/1178 
f 1314/1314/1314 787/787/787 786/786/786 
f 935/935/935 934/934/934 67/67/67 
f 1339/1339/1339 654/654/654 2150/2150/2150 
f 1857/1857/1857 1856/1856/1856 216/216/216 
f 46/46/46 31/31/31 33/33/33 
f 2418/2418/2418 2419/2419/2419 479/479/479 
f 1895/1895/1895 1894/1894/1894 2420/2420/2420 
f 2421/2421/2421 1264/1264/1264 2422/2422/2422 
f 1853/1853/1853 2423/2423/2423 1383/1383/1383 
f 568/568/568 245/245/245 277/277/277 
f 934/934/934 2372/2372/2372 65/65/65 
f 922/922/922 2232/2232/2232 2270/2270/2270 
f 2420/2420/2420 2424/2424/2424 1895/1895/1895 
f 1894/1894/1894 2425/2425/2425 2421/2421/2421 
f 67/67/67 934/934/934 65/65/65 
f 95/95/95 77/77/77 70/70/70 
f 1452/1452/1452 657/657/657 1453/1453/1453 
f 1578/1578/1578 2299/2299/2299 1689/1689/1689 
f 1685/1685/1685 1583/1583/1583 1186/1186/1186 
f 1149/1149/1149 378/378/378 1209/1209/1209 
f 2426/2426/2426 2427/2427/2427 2428/2428/2428 
f 2429/2429/2429 2419/2419/2419 2430/2430/2430 
f 394/394/394 396/396/396 2383/2383/2383 
f 1684/1684/1684 1773/1773/1773 1583/1583/1583 
f 983/983/983 419/419/419 2270/2270/2270 
f 197/197/197 429/429/429 428/428/428 
f 920/920/920 1584/1584/1584 1773/1773/1773 
f 2431/2431/2431 1305/1305/1305 781/781/781 
f 2432/2432/2432 2433/2433/2433 2434/2434/2434 
f 17/17/17 769/769/769 616/616/616 
f 2412/2412/2412 1607/1607/1607 2413/2413/2413 
f 2159/2159/2159 2217/2217/2217 2208/2208/2208 
f 1751/1751/1751 44/44/44 1749/1749/1749 
f 85/85/85 2433/2433/2433 2111/2111/2111 
f 2274/2274/2274 2324/2324/2324 2372/2372/2372 
f 433/433/433 213/213/213 2435/2435/2435 
f 554/554/554 1276/1276/1276 555/555/555 
f 2436/2436/2436 2437/2437/2437 2053/2053/2053 
f 731/731/731 682/682/682 740/740/740 
f 1339/1339/1339 2412/2412/2412 2206/2206/2206 
f 410/410/410 420/420/420 411/411/411 
f 793/793/793 733/733/733 732/732/732 
f 2103/2103/2103 573/573/573 1007/1007/1007 
f 1934/1934/1934 1543/1543/1543 2249/2249/2249 
f 1885/1885/1885 2438/2438/2438 2439/2439/2439 
f 297/297/297 1507/1507/1507 2440/2440/2440 
f 2356/2356/2356 2441/2441/2441 2357/2357/2357 
f 2442/2442/2442 2438/2438/2438 2102/2102/2102 
f 1819/1819/1819 1462/1462/1462 2443/2443/2443 
f 2444/2444/2444 1030/1030/1030 2445/2445/2445 
f 666/666/666 1338/1338/1338 338/338/338 
f 2256/2256/2256 72/72/72 1544/1544/1544 
f 1637/1637/1637 64/64/64 1184/1184/1184 
f 1954/1954/1954 123/123/123 1955/1955/1955 
f 1698/1698/1698 961/961/961 1252/1252/1252 
f 816/816/816 2270/2270/2270 2232/2232/2232 
f 1153/1153/1153 1686/1686/1686 1419/1419/1419 
f 367/367/367 366/366/366 313/313/313 
f 1656/1656/1656 1802/1802/1802 1844/1844/1844 
f 316/316/316 321/321/321 317/317/317 
f 1557/1557/1557 111/111/111 1347/1347/1347 
f 922/922/922 419/419/419 420/420/420 
f 1473/1473/1473 2286/2286/2286 591/591/591 
f 65/65/65 2372/2372/2372 2324/2324/2324 
f 2274/2274/2274 2275/2275/2275 2324/2324/2324 
f 282/282/282 246/246/246 181/181/181 
f 410/410/410 2324/2324/2324 2221/2221/2221 
f 829/829/829 813/813/813 673/673/673 
f 1748/1748/1748 2261/2261/2261 1746/1746/1746 
f 1990/1990/1990 711/711/711 1951/1951/1951 
f 2410/2410/2410 2003/2003/2003 1929/1929/1929 
f 32/32/32 1495/1495/1495 2078/2078/2078 
f 1688/1688/1688 1721/1721/1721 932/932/932 
f 1907/1907/1907 2446/2446/2446 1456/1456/1456 
f 12/12/12 1180/1180/1180 940/940/940 
f 420/420/420 2221/2221/2221 2413/2413/2413 
f 2446/2446/2446 1930/1930/1930 1929/1929/1929 
f 1060/1060/1060 1032/1032/1032 1034/1034/1034 
f 1597/1597/1597 2447/2447/2447 2448/2448/2448 
f 2002/2002/2002 1970/1970/1970 2003/2003/2003 
f 2004/2004/2004 2410/2410/2410 776/776/776 
f 1687/1687/1687 2449/2449/2449 2450/2450/2450 
f 1290/1290/1290 1423/1423/1423 2043/2043/2043 
f 993/993/993 2446/2446/2446 2317/2317/2317 
f 2451/2451/2451 492/492/492 414/414/414 
f 1567/1567/1567 1923/1923/1923 2234/2234/2234 
f 1314/1314/1314 1456/1456/1456 787/787/787 
f 32/32/32 2078/2078/2078 34/34/34 
f 451/451/451 1154/1154/1154 806/806/806 
f 21/21/21 2354/2354/2354 31/31/31 
f 2452/2452/2452 611/611/611 2453/2453/2453 
f 2317/2317/2317 2003/2003/2003 1970/1970/1970 
f 2446/2446/2446 1907/1907/1907 1930/1930/1930 
f 1275/1275/1275 1003/1003/1003 2390/2390/2390 
f 683/683/683 1179/1179/1179 1241/1241/1241 
f 318/318/318 2410/2410/2410 1929/1929/1929 
f 318/318/318 777/777/777 2410/2410/2410 
f 2446/2446/2446 993/993/993 1456/1456/1456 
f 2057/2057/2057 1970/1970/1970 1394/1394/1394 
f 1165/1165/1165 1495/1495/1495 2354/2354/2354 
f 1918/1918/1918 1917/1917/1917 1932/1932/1932 
f 1233/1233/1233 1205/1205/1205 1204/1204/1204 
f 330/330/330 247/247/247 347/347/347 
f 684/684/684 693/693/693 750/750/750 
f 777/777/777 318/318/318 1038/1038/1038 
f 1129/1129/1129 234/234/234 1130/1130/1130 
f 1109/1109/1109 1246/1246/1246 2302/2302/2302 
f 624/624/624 662/662/662 634/634/634 
f 1783/1783/1783 1785/1785/1785 1519/1519/1519 
f 2105/2105/2105 2454/2454/2454 2243/2243/2243 
f 46/46/46 33/33/33 50/50/50 
f 1512/1512/1512 1130/1130/1130 1513/1513/1513 
f 1171/1171/1171 342/342/342 1219/1219/1219 
f 1450/1450/1450 2259/2259/2259 2258/2258/2258 
f 770/770/770 2455/2455/2455 1924/1924/1924 
f 76/76/76 98/98/98 97/97/97 
f 13/13/13 12/12/12 1362/1362/1362 
f 2456/2456/2456 390/390/390 389/389/389 
f 682/682/682 683/683/683 740/740/740 
f 744/744/744 1205/1205/1205 745/745/745 
f 2057/2057/2057 1161/1161/1161 1757/1757/1757 
f 1929/1929/1929 2317/2317/2317 2446/2446/2446 
f 1543/1543/1543 1545/1545/1545 2349/2349/2349 
f 1313/1313/1313 2144/2144/2144 1314/1314/1314 
f 2457/2457/2457 2102/2102/2102 2132/2132/2132 
f 1907/1907/1907 2144/2144/2144 1288/1288/1288 
f 2442/2442/2442 2457/2457/2457 471/471/471 
f 469/469/469 2458/2458/2458 1779/1779/1779 
f 1184/1184/1184 2459/2459/2459 1637/1637/1637 
f 2458/2458/2458 788/788/788 994/994/994 
f 2144/2144/2144 1313/1313/1313 2460/2460/2460 
f 1161/1161/1161 1779/1779/1779 1207/1207/1207 
f 2458/2458/2458 471/471/471 2457/2457/2457 
f 1187/1187/1187 1189/1189/1189 1663/1663/1663 
f 2461/2461/2461 1614/1614/1614 1613/1613/1613 
f 2457/2457/2457 2132/2132/2132 788/788/788 
f 303/303/303 1969/1969/1969 1968/1968/1968 
f 1629/1629/1629 772/772/772 771/771/771 
f 2457/2457/2457 788/788/788 2458/2458/2458 
f 29/29/29 23/23/23 30/30/30 
f 1298/1298/1298 1288/1288/1288 1287/1287/1287 
f 2457/2457/2457 2442/2442/2442 2102/2102/2102 
f 2442/2442/2442 471/471/471 1461/1461/1461 
f 2462/2462/2462 1313/1313/1313 2101/2101/2101 
f 2463/2463/2463 2267/2267/2267 2464/2464/2464 
f 2465/2465/2465 2466/2466/2466 2467/2467/2467 
f 2132/2132/2132 2102/2102/2102 2101/2101/2101 
f 2458/2458/2458 469/469/469 471/471/471 
f 1779/1779/1779 1161/1161/1161 1160/1160/1160 
f 2468/2468/2468 490/490/490 2469/2469/2469 
f 2470/2470/2470 2453/2453/2453 2471/2471/2471 
f 2036/2036/2036 907/907/907 1980/1980/1980 
f 2187/2187/2187 2472/2472/2472 2310/2310/2310 
f 2473/2473/2473 1284/1284/1284 2123/2123/2123 
f 1011/1011/1011 2474/2474/2474 1012/1012/1012 
f 2475/2475/2475 2476/2476/2476 2477/2477/2477 
f 2478/2478/2478 1217/1217/1217 2479/2479/2479 
f 2480/2480/2480 488/488/488 1750/1750/1750 
f 1670/1670/1670 1672/1672/1672 2481/2481/2481 
f 2482/2482/2482 2483/2483/2483 2484/2484/2484 
f 2485/2485/2485 2075/2075/2075 2486/2486/2486 
f 2487/2487/2487 2488/2488/2488 1532/1532/1532 
f 901/901/901 2489/2489/2489 899/899/899 
f 2490/2490/2490 1040/1040/1040 1041/1041/1041 
f 900/900/900 899/899/899 1905/1905/1905 
f 2491/2491/2491 496/496/496 2183/2183/2183 
f 496/496/496 2491/2491/2491 2492/2492/2492 
f 2480/2480/2480 2493/2493/2493 2494/2494/2494 
f 2480/2480/2480 2494/2494/2494 488/488/488 
f 1446/1446/1446 2495/2495/2495 2251/2251/2251 
f 2485/2485/2485 2496/2496/2496 43/43/43 
f 1011/1011/1011 329/329/329 1334/1334/1334 
f 2497/2497/2497 1999/1999/1999 2271/2271/2271 
f 1589/1589/1589 839/839/839 310/310/310 
f 1874/1874/1874 1454/1454/1454 1453/1453/1453 
f 1010/1010/1010 1009/1009/1009 1955/1955/1955 
f 2498/2498/2498 2499/2499/2499 1696/1696/1696 
f 2427/2427/2427 1794/1794/1794 2428/2428/2428 
f 1647/1647/1647 1646/1646/1646 827/827/827 
f 2500/2500/2500 2501/2501/2501 2502/2502/2502 
f 1401/1401/1401 712/712/712 298/298/298 
f 2503/2503/2503 2504/2504/2504 895/895/895 
f 1051/1051/1051 227/227/227 266/266/266 
f 1079/1079/1079 2263/2263/2263 1080/1080/1080 
f 1509/1509/1509 1508/1508/1508 2505/2505/2505 
f 951/951/951 2263/2263/2263 2506/2506/2506 
f 805/805/805 101/101/101 2115/2115/2115 
f 2115/2115/2115 2507/2507/2507 805/805/805 
f 1070/1070/1070 1069/1069/1069 2508/2508/2508 
f 2509/2509/2509 1069/1069/1069 2510/2510/2510 
f 2279/2279/2279 2278/2278/2278 643/643/643 
f 2511/2511/2511 759/759/759 2307/2307/2307 
f 2512/2512/2512 2447/2447/2447 2513/2513/2513 
f 1936/1936/1936 1938/1938/1938 2514/2514/2514 
f 121/121/121 2066/2066/2066 2134/2134/2134 
f 1230/1230/1230 2515/2515/2515 1089/1089/1089 
f 130/130/130 141/141/141 131/131/131 
f 770/770/770 1589/1589/1589 2455/2455/2455 
f 1087/1087/1087 1829/1829/1829 2516/2516/2516 
f 2517/2517/2517 1035/1035/1035 2518/2518/2518 
f 1184/1184/1184 1863/1863/1863 2459/2459/2459 
f 1072/1072/1072 314/314/314 1083/1083/1083 
f 842/842/842 1478/1478/1478 1477/1477/1477 
f 2519/2519/2519 62/62/62 2520/2520/2520 
f 2351/2351/2351 188/188/188 190/190/190 
f 1623/1623/1623 805/805/805 2507/2507/2507 
f 1315/1315/1315 525/525/525 41/41/41 
f 583/583/583 585/585/585 1201/1201/1201 
f 2335/2335/2335 1529/1529/1529 2521/2521/2521 
f 2043/2043/2043 1015/1015/1015 1014/1014/1014 
f 2141/2141/2141 2522/2522/2522 2523/2523/2523 
f 2126/2126/2126 2524/2524/2524 2525/2525/2525 
f 1686/1686/1686 1687/1687/1687 2526/2526/2526 
f 2364/2364/2364 1196/1196/1196 2181/2181/2181 
f 2205/2205/2205 40/40/40 39/39/39 
f 2527/2527/2527 2528/2528/2528 2529/2529/2529 
f 2111/2111/2111 2110/2110/2110 85/85/85 
f 1268/1268/1268 2451/2451/2451 2492/2492/2492 
f 1280/1280/1280 2530/2530/2530 1281/1281/1281 
f 2487/2487/2487 1532/1532/1532 2531/2531/2531 
f 2487/2487/2487 2531/2531/2531 2532/2532/2532 
f 2387/2387/2387 2533/2533/2533 2388/2388/2388 
f 2061/2061/2061 2463/2463/2463 437/437/437 
f 2534/2534/2534 1176/1176/1176 2535/2535/2535 
f 2486/2486/2486 2021/2021/2021 2485/2485/2485 
f 2536/2536/2536 2537/2537/2537 1342/1342/1342 
f 2240/2240/2240 2538/2538/2538 1341/1341/1341 
f 1868/1868/1868 2174/2174/2174 1869/1869/1869 
f 2539/2539/2539 1156/1156/1156 2540/2540/2540 
f 2174/2174/2174 1868/1868/1868 2264/2264/2264 
f 994/994/994 1207/1207/1207 1779/1779/1779 
f 1299/1299/1299 319/319/319 1298/1298/1298 
f 2403/2403/2403 2541/2541/2541 1706/1706/1706 
f 2403/2403/2403 1706/1706/1706 2542/2542/2542 
f 2543/2543/2543 2544/2544/2544 2545/2545/2545 
f 2543/2543/2543 2545/2545/2545 1381/1381/1381 
f 2010/2010/2010 173/173/173 2089/2089/2089 
f 2229/2229/2229 2546/2546/2546 2547/2547/2547 
f 2068/2068/2068 2548/2548/2548 2365/2365/2365 
f 2549/2549/2549 2550/2550/2550 2551/2551/2551 
f 2549/2549/2549 2551/2551/2551 2552/2552/2552 
f 2553/2553/2553 2554/2554/2554 2555/2555/2555 
f 2556/2556/2556 2557/2557/2557 2558/2558/2558 
f 2559/2559/2559 2560/2560/2560 2561/2561/2561 
f 2562/2562/2562 2563/2563/2563 2564/2564/2564 
f 549/549/549 573/573/573 1033/1033/1033 
f 713/713/713 2408/2408/2408 2200/2200/2200 
f 2407/2407/2407 1776/1776/1776 2200/2200/2200 
f 229/229/229 1311/1311/1311 2565/2565/2565 
f 2565/2565/2565 1311/1311/1311 1476/1476/1476 
f 1432/1432/1432 2289/2289/2289 1431/1431/1431 
f 2566/2566/2566 1121/1121/1121 541/541/541 
f 2566/2566/2566 1815/1815/1815 1121/1121/1121 
f 461/461/461 2567/2567/2567 2568/2568/2568 
f 461/461/461 2568/2568/2568 2569/2569/2569 
f 2344/2344/2344 1888/1888/1888 2570/2570/2570 
f 1744/1744/1744 41/41/41 24/24/24 
f 1901/1901/1901 798/798/798 626/626/626 
f 2571/2571/2571 2572/2572/2572 2272/2272/2272 
f 2374/2374/2374 2346/2346/2346 2345/2345/2345 
f 1450/1450/1450 1449/1449/1449 2259/2259/2259 
f 1715/1715/1715 2573/2573/2573 1716/1716/1716 
f 2573/2573/2573 1715/1715/1715 2574/2574/2574 
f 2575/2575/2575 2576/2576/2576 2577/2577/2577 
f 2578/2578/2578 1356/1356/1356 2465/2465/2465 
f 144/144/144 150/150/150 273/273/273 
f 2579/2579/2579 1836/1836/1836 2580/2580/2580 
f 2376/2376/2376 1487/1487/1487 2581/2581/2581 
f 2346/2346/2346 2582/2582/2582 118/118/118 
f 300/300/300 2583/2583/2583 1995/1995/1995 
f 1494/1494/1494 2121/2121/2121 425/425/425 
f 2116/2116/2116 2119/2119/2119 2584/2584/2584 
f 626/626/626 798/798/798 627/627/627 
f 2117/2117/2117 2116/2116/2116 2584/2584/2584 
f 1435/1435/1435 2585/2585/2585 2586/2586/2586 
f 1433/1433/1433 1435/1435/1435 2586/2586/2586 
f 1433/1433/1433 2586/2586/2586 2587/2587/2587 
f 2584/2584/2584 1433/1433/1433 2587/2587/2587 
f 447/447/447 449/449/449 998/998/998 
f 2587/2587/2587 2409/2409/2409 2117/2117/2117 
f 2586/2586/2586 2585/2585/2585 2386/2386/2386 
f 2586/2586/2586 2386/2386/2386 2472/2472/2472 
f 2587/2587/2587 2586/2586/2586 2472/2472/2472 
f 2409/2409/2409 2587/2587/2587 2472/2472/2472 
f 2187/2187/2187 2409/2409/2409 2472/2472/2472 
f 1145/1145/1145 211/211/211 214/214/214 
f 2310/2310/2310 2472/2472/2472 2386/2386/2386 
f 2103/2103/2103 596/596/596 595/595/595 
f 2310/2310/2310 626/626/626 2185/2185/2185 
f 2452/2452/2452 2453/2453/2453 2588/2588/2588 
f 626/626/626 2310/2310/2310 1901/1901/1901 
f 722/722/722 721/721/721 2589/2589/2589 
f 1169/1169/1169 1056/1056/1056 2/2/2 
f 588/588/588 1434/1434/1434 857/857/857 
f 588/588/588 857/857/857 589/589/589 
f 1796/1796/1796 1367/1367/1367 800/800/800 
f 587/587/587 589/589/589 2590/2590/2590 
f 858/858/858 1800/1800/1800 589/589/589 
f 722/722/722 2589/2589/2589 2590/2590/2590 
f 2456/2456/2456 1842/1842/1842 390/390/390 
f 1433/1433/1433 857/857/857 1434/1434/1434 
f 2186/2186/2186 2591/2591/2591 937/937/937 
f 2278/2278/2278 2592/2592/2592 189/189/189 
f 2045/2045/2045 1296/1296/1296 1115/1115/1115 
f 857/857/857 1433/1433/1433 2584/2584/2584 
f 628/628/628 2591/2591/2591 2185/2185/2185 
f 700/700/700 2336/2336/2336 2593/2593/2593 
f 2119/2119/2119 1800/1800/1800 858/858/858 
f 528/528/528 848/848/848 435/435/435 
f 2584/2584/2584 2119/2119/2119 858/858/858 
f 2186/2186/2186 2121/2121/2121 1494/1494/1494 
f 482/482/482 413/413/413 483/483/483 
f 1494/1494/1494 424/424/424 2409/2409/2409 
f 1494/1494/1494 2187/2187/2187 2186/2186/2186 
f 1077/1077/1077 1474/1474/1474 716/716/716 
f 2594/2594/2594 36/36/36 2595/2595/2595 
f 1467/1467/1467 2118/2118/2118 2116/2116/2116 
f 274/274/274 376/376/376 272/272/272 
f 2118/2118/2118 2596/2596/2596 2597/2597/2597 
f 1467/1467/1467 2596/2596/2596 2118/2118/2118 
f 2594/2594/2594 2595/2595/2595 2596/2596/2596 
f 2598/2598/2598 2594/2594/2594 2596/2596/2596 
f 2117/2117/2117 424/424/424 1468/1468/1468 
f 925/925/925 521/521/521 1764/1764/1764 
f 2596/2596/2596 1467/1467/1467 2598/2598/2598 
f 1466/1466/1466 2598/2598/2598 1467/1467/1467 
f 1931/1931/1931 1878/1878/1878 1676/1676/1676 
f 2064/2064/2064 2066/2066/2066 2599/2599/2599 
f 1982/1982/1982 1974/1974/1974 558/558/558 
f 1586/1586/1586 1878/1878/1878 2128/2128/2128 
f 425/425/425 664/664/664 426/426/426 
f 393/393/393 364/364/364 391/391/391 
f 1730/1730/1730 2600/2600/2600 1729/1729/1729 
f 2118/2118/2118 1801/1801/1801 2119/2119/2119 
f 1801/1801/1801 2118/2118/2118 2597/2597/2597 
f 2601/2601/2601 1801/1801/1801 2597/2597/2597 
f 2602/2602/2602 2601/2601/2601 2595/2595/2595 
f 302/302/302 2601/2601/2601 2602/2602/2602 
f 302/302/302 2602/2602/2602 2411/2411/2411 
f 2125/2125/2125 1009/1009/1009 2603/2603/2603 
f 2583/2583/2583 300/300/300 2411/2411/2411 
f 2604/2604/2604 2583/2583/2583 2411/2411/2411 
f 2604/2604/2604 2411/2411/2411 2602/2602/2602 
f 35/35/35 2604/2604/2604 2602/2602/2602 
f 2595/2595/2595 2597/2597/2597 2596/2596/2596 
f 329/329/329 328/328/328 1334/1334/1334 
f 2597/2597/2597 2595/2595/2595 2601/2601/2601 
f 35/35/35 2602/2602/2602 2595/2595/2595 
f 35/35/35 2595/2595/2595 36/36/36 
f 759/759/759 2605/2605/2605 1110/1110/1110 
f 873/873/873 2042/2042/2042 2018/2018/2018 
f 1800/1800/1800 2119/2119/2119 1801/1801/1801 
f 1756/1756/1756 905/905/905 2036/2036/2036 
f 2199/2199/2199 628/628/628 627/627/627 
f 1800/1800/1800 1260/1260/1260 722/722/722 
f 2297/2297/2297 851/851/851 852/852/852 
f 1260/1260/1260 1801/1801/1801 2601/2601/2601 
f 2601/2601/2601 302/302/302 1260/1260/1260 
f 1537/1537/1537 1320/1320/1320 1638/1638/1638 
f 1260/1260/1260 302/302/302 720/720/720 
f 872/872/872 931/931/931 870/870/870 
f 720/720/720 302/302/302 301/301/301 
f 720/720/720 1146/1146/1146 721/721/721 
f 1995/1995/1995 1147/1147/1147 301/301/301 
f 1988/1988/1988 2030/2030/2030 1986/1986/1986 
f 2606/2606/2606 2156/2156/2156 1255/1255/1255 
f 1362/1362/1362 940/940/940 1957/1957/1957 
f 1146/1146/1146 720/720/720 301/301/301 
f 1995/1995/1995 1255/1255/1255 1147/1147/1147 
f 2607/2607/2607 1255/1255/1255 1995/1995/1995 
f 2607/2607/2607 1995/1995/1995 2583/2583/2583 
f 306/306/306 2345/2345/2345 665/665/665 
f 36/36/36 2594/2594/2594 1281/1281/1281 
f 2598/2598/2598 119/119/119 2594/2594/2594 
f 2598/2598/2598 117/117/117 119/119/119 
f 117/117/117 665/665/665 118/118/118 
f 1838/1838/1838 328/328/328 1481/1481/1481 
f 118/118/118 665/665/665 2345/2345/2345 
f 2608/2608/2608 1029/1029/1029 2609/2609/2609 
f 117/117/117 2598/2598/2598 1466/1466/1466 
f 117/117/117 1466/1466/1466 664/664/664 
f 665/665/665 117/117/117 664/664/664 
f 664/664/664 2120/2120/2120 306/306/306 
f 2120/2120/2120 664/664/664 425/425/425 
f 2377/2377/2377 2376/2376/2376 2581/2581/2581 
f 2377/2377/2377 2581/2581/2581 2530/2530/2530 
f 1652/1652/1652 2530/2530/2530 2581/2581/2581 
f 119/119/119 1281/1281/1281 2594/2594/2594 
f 1652/1652/1652 1281/1281/1281 2530/2530/2530 
f 1710/1710/1710 1797/1797/1797 2610/2610/2610 
f 2582/2582/2582 1280/1280/1280 119/119/119 
f 2582/2582/2582 119/119/119 118/118/118 
f 1728/1728/1728 1836/1836/1836 2579/2579/2579 
f 946/946/946 35/35/35 37/37/37 
f 2032/2032/2032 2028/2028/2028 2006/2006/2006 
f 1323/1323/1323 2030/2030/2030 47/47/47 
f 946/946/946 948/948/948 1728/1728/1728 
f 1836/1836/1836 1728/1728/1728 1727/1727/1727 
f 1652/1652/1652 37/37/37 36/36/36 
f 946/946/946 37/37/37 947/947/947 
f 37/37/37 1652/1652/1652 947/947/947 
f 1461/1461/1461 471/471/471 470/470/470 
f 800/800/800 802/802/802 1796/1796/1796 
f 948/948/948 947/947/947 1487/1487/1487 
f 1487/1487/1487 947/947/947 2581/2581/2581 
f 2583/2583/2583 2604/2604/2604 2611/2611/2611 
f 2105/2105/2105 2044/2044/2044 2454/2454/2454 
f 2611/2611/2611 2612/2612/2612 2583/2583/2583 
f 2604/2604/2604 35/35/35 946/946/946 
f 2604/2604/2604 946/946/946 2611/2611/2611 
f 2579/2579/2579 2612/2612/2612 2611/2611/2611 
f 2611/2611/2611 946/946/946 1728/1728/1728 
f 2579/2579/2579 2611/2611/2611 1728/1728/1728 
f 143/143/143 150/150/150 144/144/144 
f 2607/2607/2607 2583/2583/2583 2612/2612/2612 
f 2613/2613/2613 2607/2607/2607 2614/2614/2614 
f 2613/2613/2613 2614/2614/2614 2615/2615/2615 
f 2613/2613/2613 2615/2615/2615 2616/2616/2616 
f 148/148/148 2617/2617/2617 2618/2618/2618 
f 145/145/145 2617/2617/2617 148/148/148 
f 147/147/147 143/143/143 145/145/145 
f 1781/1781/1781 1780/1780/1780 2176/2176/2176 
f 2618/2618/2618 2615/2615/2615 2580/2580/2580 
f 2615/2615/2615 2618/2618/2618 2617/2617/2617 
f 147/147/147 148/148/148 363/363/363 
f 2618/2618/2618 363/363/363 148/148/148 
f 2614/2614/2614 2612/2612/2612 2579/2579/2579 
f 2614/2614/2614 2579/2579/2579 2580/2580/2580 
f 2614/2614/2614 2580/2580/2580 2615/2615/2615 
f 363/363/363 2618/2618/2618 361/361/361 
f 2580/2580/2580 361/361/361 2618/2618/2618 
f 361/361/361 2580/2580/2580 1836/1836/1836 
f 1255/1255/1255 2607/2607/2607 2613/2613/2613 
f 1255/1255/1255 2613/2613/2613 2606/2606/2606 
f 2619/2619/2619 2620/2620/2620 2606/2606/2606 
f 2606/2606/2606 2613/2613/2613 2616/2616/2616 
f 2606/2606/2606 2616/2616/2616 2619/2619/2619 
f 2617/2617/2617 2616/2616/2616 2615/2615/2615 
f 2616/2616/2616 2617/2617/2617 2621/2621/2621 
f 2619/2619/2619 2616/2616/2616 2621/2621/2621 
f 2622/2622/2622 2619/2619/2619 2621/2621/2621 
f 144/144/144 2622/2622/2622 2621/2621/2621 
f 2621/2621/2621 2617/2617/2617 145/145/145 
f 144/144/144 2621/2621/2621 145/145/145 
f 2623/2623/2623 2620/2620/2620 2619/2619/2619 
f 2620/2620/2620 2623/2623/2623 2624/2624/2624 
f 375/375/375 2623/2623/2623 2622/2622/2622 
f 377/377/377 376/376/376 2625/2625/2625 
f 2626/2626/2626 2625/2625/2625 2627/2627/2627 
f 2623/2623/2623 2619/2619/2619 2622/2622/2622 
f 2622/2622/2622 272/272/272 375/375/375 
f 522/522/522 854/854/854 2628/2628/2628 
f 2590/2590/2590 589/589/589 1800/1800/1800 
f 856/856/856 2627/2627/2627 274/274/274 
f 2622/2622/2622 144/144/144 272/272/272 
f 2629/2629/2629 2630/2630/2630 1424/1424/1424 
f 2273/2273/2273 2260/2260/2260 2259/2259/2259 
f 2031/2031/2031 18/18/18 2028/2028/2028 
f 2631/2631/2631 2258/2258/2258 2260/2260/2260 
f 1280/1280/1280 2273/2273/2273 2530/2530/2530 
f 2273/2273/2273 1280/1280/1280 2260/2260/2260 
f 2260/2260/2260 1280/1280/1280 2582/2582/2582 
f 2631/2631/2631 2260/2260/2260 2582/2582/2582 
f 2346/2346/2346 2631/2631/2631 2582/2582/2582 
f 2467/2467/2467 2578/2578/2578 2465/2465/2465 
f 91/91/91 406/406/406 92/92/92 
f 2375/2375/2375 2466/2466/2466 2376/2376/2376 
f 2466/2466/2466 2375/2375/2375 2467/2467/2467 
f 497/497/497 413/413/413 482/482/482 
f 2257/2257/2257 2336/2336/2336 889/889/889 
f 2467/2467/2467 2375/2375/2375 1443/1443/1443 
f 1449/1449/1449 2375/2375/2375 2377/2377/2377 
f 549/549/549 1032/1032/1032 550/550/550 
f 1487/1487/1487 2376/2376/2376 2632/2632/2632 
f 2466/2466/2466 2632/2632/2632 2376/2376/2376 
f 1487/1487/1487 2632/2632/2632 1488/1488/1488 
f 1659/1659/1659 1154/1154/1154 1771/1771/1771 
f 1090/1090/1090 893/893/893 2633/2633/2633 
f 1104/1104/1104 1090/1090/1090 2633/2633/2633 
f 2465/2465/2465 2632/2632/2632 2466/2466/2466 
f 892/892/892 2632/2632/2632 2465/2465/2465 
f 892/892/892 2465/2465/2465 1356/1356/1356 
f 1356/1356/1356 2633/2633/2633 893/893/893 
f 361/361/361 1836/1836/1836 1091/1091/1091 
f 1138/1138/1138 599/599/599 598/598/598 
f 948/948/948 1488/1488/1488 1727/1727/1727 
f 891/891/891 1727/1727/1727 1488/1488/1488 
f 891/891/891 1091/1091/1091 1727/1727/1727 
f 362/362/362 361/361/361 1091/1091/1091 
f 892/892/892 1488/1488/1488 2632/2632/2632 
f 891/891/891 1488/1488/1488 892/892/892 
f 462/462/462 409/409/409 408/408/408 
f 2468/2468/2468 491/491/491 490/490/490 
f 891/891/891 893/893/893 1091/1091/1091 
f 1090/1090/1090 1091/1091/1091 893/893/893 
f 362/362/362 1090/1090/1090 1489/1489/1489 
f 1510/1510/1510 44/44/44 1751/1751/1751 
f 520/520/520 522/522/522 2628/2628/2628 
f 1839/1839/1839 1490/1490/1490 1489/1489/1489 
f 1421/1421/1421 1866/1866/1866 186/186/186 
f 1360/1360/1360 2634/2634/2634 1361/1361/1361 
f 2574/2574/2574 2634/2634/2634 1360/1360/1360 
f 2573/2573/2573 2574/2574/2574 864/864/864 
f 1305/1305/1305 1462/1462/1462 1461/1461/1461 
f 1839/1839/1839 1361/1361/1361 2634/2634/2634 
f 1807/1807/1807 1489/1489/1489 1090/1090/1090 
f 1806/1806/1806 1361/1361/1361 1807/1807/1807 
f 395/395/395 2630/2630/2630 396/396/396 
f 1490/1490/1490 363/363/363 362/362/362 
f 147/147/147 363/363/363 1490/1490/1490 
f 233/233/233 232/232/232 1926/1926/1926 
f 146/146/146 149/149/149 143/143/143 
f 150/150/150 149/149/149 2211/2211/2211 
f 933/933/933 2340/2340/2340 934/934/934 
f 2635/2635/2635 149/149/149 146/146/146 
f 2385/2385/2385 149/149/149 2635/2635/2635 
f 1715/1715/1715 2385/2385/2385 2635/2635/2635 
f 2634/2634/2634 146/146/146 1839/1839/1839 
f 146/146/146 2634/2634/2634 2635/2635/2635 
f 2574/2574/2574 2635/2635/2635 2634/2634/2634 
f 1715/1715/1715 2635/2635/2635 2574/2574/2574 
f 2385/2385/2385 2211/2211/2211 149/149/149 
f 1717/1717/1717 2212/2212/2212 1715/1715/1715 
f 1717/1717/1717 265/265/265 2212/2212/2212 
f 266/266/266 265/265/265 1717/1717/1717 
f 2636/2636/2636 2637/2637/2637 2638/2638/2638 
f 264/264/264 266/266/266 227/227/227 
f 2338/2338/2338 2340/2340/2340 2255/2255/2255 
f 2385/2385/2385 1715/1715/1715 2212/2212/2212 
f 1766/1766/1766 1959/1959/1959 1303/1303/1303 
f 2639/2639/2639 2640/2640/2640 2325/2325/2325 
f 266/266/266 1717/1717/1717 1052/1052/1052 
f 733/733/733 750/750/750 694/694/694 
f 856/856/856 150/150/150 2211/2211/2211 
f 856/856/856 2211/2211/2211 2210/2210/2210 
f 2627/2627/2627 856/856/856 2210/2210/2210 
f 1772/1772/1772 2184/2184/2184 1693/1693/1693 
f 1602/1602/1602 1955/1955/1955 123/123/123 
f 69/69/69 68/68/68 76/76/76 
f 2641/2641/2641 2626/2626/2626 2627/2627/2627 
f 686/686/686 688/688/688 1667/1667/1667 
f 2210/2210/2210 2642/2642/2642 2627/2627/2627 
f 265/265/265 2642/2642/2642 2210/2210/2210 
f 2641/2641/2641 2627/2627/2627 2642/2642/2642 
f 264/264/264 2641/2641/2641 2642/2642/2642 
f 264/264/264 2642/2642/2642 265/265/265 
f 102/102/102 805/805/805 103/103/103 
f 2643/2643/2643 2626/2626/2626 2641/2641/2641 
f 2643/2643/2643 2641/2641/2641 2644/2644/2644 
f 2645/2645/2645 2643/2643/2643 2644/2644/2644 
f 2645/2645/2645 2644/2644/2644 1601/1601/1601 
f 1139/1139/1139 2645/2645/2645 1601/1601/1601 
f 1139/1139/1139 1601/1601/1601 1138/1138/1138 
f 1139/1139/1139 598/598/598 2646/2646/2646 
f 203/203/203 202/202/202 599/599/599 
f 1138/1138/1138 1290/1290/1290 599/599/599 
f 1207/1207/1207 1757/1757/1757 1161/1161/1161 
f 226/226/226 2644/2644/2644 264/264/264 
f 2644/2644/2644 226/226/226 1601/1601/1601 
f 1422/1422/1422 1601/1601/1601 226/226/226 
f 1086/1086/1086 771/771/771 1455/1455/1455 
f 1149/1149/1149 1209/1209/1209 1285/1285/1285 
f 1443/1443/1443 1442/1442/1442 2467/2467/2467 
f 1451/1451/1451 1441/1441/1441 1443/1443/1443 
f 1449/1449/1449 1443/1443/1443 2375/2375/2375 
f 1451/1451/1451 1443/1443/1443 1449/1449/1449 
f 2647/2647/2647 2648/2648/2648 2649/2649/2649 
f 1019/1019/1019 2647/2647/2647 2649/2649/2649 
f 1019/1019/1019 2649/2649/2649 1459/1459/1459 
f 1019/1019/1019 1459/1459/1459 2650/2650/2650 
f 1457/1457/1457 1459/1459/1459 2649/2649/2649 
f 2651/2651/2651 1457/1457/1457 2649/2649/2649 
f 2652/2652/2652 2649/2649/2649 2648/2648/2648 
f 2651/2651/2651 2649/2649/2649 2652/2652/2652 
f 2652/2652/2652 2653/2653/2653 2258/2258/2258 
f 990/990/990 2174/2174/2174 1840/1840/1840 
f 1021/1021/1021 2647/2647/2647 1019/1019/1019 
f 2182/2182/2182 2160/2160/2160 725/725/725 
f 2441/2441/2441 2420/2420/2420 2654/2654/2654 
f 991/991/991 1841/1841/1841 2650/2650/2650 
f 991/991/991 990/990/990 1841/1841/1841 
f 2161/2161/2161 2171/2171/2171 725/725/725 
f 1458/1458/1458 2650/2650/2650 1459/1459/1459 
f 1020/1020/1020 2650/2650/2650 1841/1841/1841 
f 2655/2655/2655 991/991/991 2650/2650/2650 
f 2655/2655/2655 2650/2650/2650 1458/1458/1458 
f 1457/1457/1457 2656/2656/2656 1458/1458/1458 
f 2374/2374/2374 2656/2656/2656 1457/1457/1457 
f 2374/2374/2374 1457/1457/1457 2651/2651/2651 
f 2346/2346/2346 2374/2374/2374 2651/2651/2651 
f 2631/2631/2631 2346/2346/2346 2651/2651/2651 
f 1322/1322/1322 1156/1156/1156 2396/2396/2396 
f 2657/2657/2657 2067/2067/2067 1134/1134/1134 
f 2631/2631/2631 2651/2651/2651 2652/2652/2652 
f 2258/2258/2258 2631/2631/2631 2652/2652/2652 
f 2343/2343/2343 2571/2571/2571 2272/2272/2272 
f 1640/1640/1640 1458/1458/1458 2656/2656/2656 
f 1640/1640/1640 2656/2656/2656 1966/1966/1966 
f 1640/1640/1640 1966/1966/1966 1641/1641/1641 
f 2628/2628/2628 854/854/854 2658/2658/2658 
f 2248/2248/2248 2306/2306/2306 1704/1704/1704 
f 1641/1641/1641 2343/2343/2343 2225/2225/2225 
f 2659/2659/2659 2343/2343/2343 1965/1965/1965 
f 1641/1641/1641 1966/1966/1966 1965/1965/1965 
f 305/305/305 307/307/307 1966/1966/1966 
f 2656/2656/2656 2374/2374/2374 305/305/305 
f 1966/1966/1966 2656/2656/2656 305/305/305 
f 306/306/306 305/305/305 2345/2345/2345 
f 1173/1173/1173 378/378/378 622/622/622 
f 2655/2655/2655 1458/1458/1458 1640/1640/1640 
f 2655/2655/2655 1640/1640/1640 1642/1642/1642 
f 2655/2655/2655 1642/1642/1642 992/992/992 
f 2224/2224/2224 1167/1167/1167 1166/1166/1166 
f 1850/1850/1850 1168/1168/1168 1167/1167/1167 
f 2225/2225/2225 1642/1642/1642 1641/1641/1641 
f 2223/2223/2223 1167/1167/1167 2224/2224/2224 
f 2235/2235/2235 1850/1850/1850 1167/1167/1167 
f 1881/1881/1881 296/296/296 295/295/295 
f 2660/2660/2660 1850/1850/1850 2235/2235/2235 
f 2272/2272/2272 2223/2223/2223 2225/2225/2225 
f 126/126/126 138/138/138 657/657/657 
f 2572/2572/2572 2660/2660/2660 2235/2235/2235 
f 2572/2572/2572 2235/2235/2235 2272/2272/2272 
f 1165/1165/1165 1039/1039/1039 1038/1038/1038 
f 62/62/62 64/64/64 2520/2520/2520 
f 992/992/992 2173/2173/2173 990/990/990 
f 2661/2661/2661 1114/1114/1114 1116/1116/1116 
f 2173/2173/2173 1869/1869/1869 2174/2174/2174 
f 2662/2662/2662 1869/1869/1869 2173/2173/2173 
f 2224/2224/2224 992/992/992 1642/1642/1642 
f 2173/2173/2173 992/992/992 1166/1166/1166 
f 2224/2224/2224 1166/1166/1166 992/992/992 
f 2173/2173/2173 1166/1166/1166 2662/2662/2662 
f 466/466/466 468/468/468 1582/1582/1582 
f 2662/2662/2662 1166/1166/1166 1168/1168/1168 
f 1869/1869/1869 2663/2663/2663 1870/1870/1870 
f 1651/1651/1651 2663/2663/2663 1518/1518/1518 
f 1007/1007/1007 1000/1000/1000 2103/2103/2103 
f 1469/1469/1469 1518/1518/1518 2204/2204/2204 
f 1470/1470/1470 1469/1469/1469 2233/2233/2233 
f 2240/2240/2240 1470/1470/1470 2233/2233/2233 
f 2254/2254/2254 2240/2240/2240 2233/2233/2233 
f 2663/2663/2663 1869/1869/1869 2662/2662/2662 
f 2663/2663/2663 2662/2662/2662 1825/1825/1825 
f 1518/1518/1518 2663/2663/2663 1825/1825/1825 
f 1518/1518/1518 1825/1825/1825 2204/2204/2204 
f 1825/1825/1825 2662/2662/2662 1168/1168/1168 
f 1825/1825/1825 1168/1168/1168 1053/1053/1053 
f 1168/1168/1168 1850/1850/1850 1053/1053/1053 
f 2664/2664/2664 2571/2571/2571 2343/2343/2343 
f 2664/2664/2664 2343/2343/2343 2659/2659/2659 
f 936/936/936 2664/2664/2664 2659/2659/2659 
f 936/936/936 2659/2659/2659 1854/1854/1854 
f 2186/2186/2186 937/937/937 2121/2121/2121 
f 2641/2641/2641 264/264/264 2644/2644/2644 
f 1854/1854/1854 2120/2120/2120 2121/2121/2121 
f 307/307/307 2659/2659/2659 1965/1965/1965 
f 1854/1854/1854 2659/2659/2659 307/307/307 
f 1854/1854/1854 307/307/307 2120/2120/2120 
f 2120/2120/2120 307/307/307 306/306/306 
f 817/817/817 760/760/760 837/837/837 
f 1949/1949/1949 2570/2570/2570 1888/1888/1888 
f 2665/2665/2665 2571/2571/2571 2664/2664/2664 
f 2665/2665/2665 2664/2664/2664 2287/2287/2287 
f 2665/2665/2665 2287/2287/2287 2666/2666/2666 
f 1949/1949/1949 2665/2665/2665 2666/2666/2666 
f 2570/2570/2570 1949/1949/1949 2666/2666/2666 
f 2199/2199/2199 2570/2570/2570 2666/2666/2666 
f 2287/2287/2287 2664/2664/2664 936/936/936 
f 813/813/813 818/818/818 834/834/834 
f 2666/2666/2666 2287/2287/2287 938/938/938 
f 2199/2199/2199 2666/2666/2666 938/938/938 
f 2199/2199/2199 938/938/938 628/628/628 
f 2349/2349/2349 1545/1545/1545 71/71/71 
f 1561/1561/1561 2040/2040/2040 801/801/801 
f 628/628/628 938/938/938 2591/2591/2591 
f 2667/2667/2667 225/225/225 224/224/224 
f 2668/2668/2668 461/461/461 2569/2569/2569 
f 2669/2669/2669 2571/2571/2571 2665/2665/2665 
f 2669/2669/2669 2665/2665/2665 2670/2670/2670 
f 2671/2671/2671 2669/2669/2669 2670/2670/2670 
f 2671/2671/2671 2670/2670/2670 2672/2672/2672 
f 2673/2673/2673 2671/2671/2671 2672/2672/2672 
f 2673/2673/2673 2672/2672/2672 2674/2674/2674 
f 2569/2569/2569 2673/2673/2673 2674/2674/2674 
f 2668/2668/2668 2569/2569/2569 2674/2674/2674 
f 2675/2675/2675 2668/2668/2668 2674/2674/2674 
f 2676/2676/2676 2672/2672/2672 1950/1950/1950 
f 2674/2674/2674 2672/2672/2672 2676/2676/2676 
f 2675/2675/2675 2674/2674/2674 2676/2676/2676 
f 2670/2670/2670 2665/2665/2665 1949/1949/1949 
f 2670/2670/2670 1949/1949/1949 1950/1950/1950 
f 2670/2670/2670 1950/1950/1950 2672/2672/2672 
f 1887/1887/1887 2676/2676/2676 1950/1950/1950 
f 1887/1887/1887 1950/1950/1950 1888/1888/1888 
f 810/810/810 1054/1054/1054 1850/1850/1850 
f 2572/2572/2572 2571/2571/2571 2669/2669/2669 
f 2572/2572/2572 2669/2669/2669 2671/2671/2671 
f 2660/2660/2660 2572/2572/2572 2671/2671/2671 
f 2660/2660/2660 2671/2671/2671 2677/2677/2677 
f 2660/2660/2660 2677/2677/2677 811/811/811 
f 810/810/810 1850/1850/1850 811/811/811 
f 2677/2677/2677 812/812/812 811/811/811 
f 2678/2678/2678 812/812/812 2679/2679/2679 
f 2677/2677/2677 2671/2671/2671 2673/2673/2673 
f 2677/2677/2677 2673/2673/2673 2679/2679/2679 
f 2677/2677/2677 2679/2679/2679 812/812/812 
f 2568/2568/2568 2678/2678/2678 2679/2679/2679 
f 2679/2679/2679 2673/2673/2673 2569/2569/2569 
f 2568/2568/2568 2679/2679/2679 2569/2569/2569 
f 369/369/369 1054/1054/1054 810/810/810 
f 369/369/369 810/810/810 697/697/697 
f 369/369/369 697/697/697 696/696/696 
f 1957/1957/1957 1956/1956/1956 1362/1362/1362 
f 1815/1815/1815 2130/2130/2130 1097/1097/1097 
f 697/697/697 810/810/810 812/812/812 
f 465/465/465 697/697/697 2678/2678/2678 
f 465/465/465 1814/1814/1814 696/696/696 
f 1814/1814/1814 465/465/465 464/464/464 
f 1815/1815/1815 1814/1814/1814 2130/2130/2130 
f 464/464/464 2130/2130/2130 1814/1814/1814 
f 464/464/464 1778/1778/1778 2130/2130/2130 
f 812/812/812 2678/2678/2678 697/697/697 
f 465/465/465 2678/2678/2678 463/463/463 
f 463/463/463 2567/2567/2567 464/464/464 
f 1778/1778/1778 2567/2567/2567 1344/1344/1344 
f 463/463/463 2678/2678/2678 2568/2568/2568 
f 2567/2567/2567 463/463/463 2568/2568/2568 
f 2206/2206/2206 2275/2275/2275 2184/2184/2184 
f 1726/1726/1726 2517/2517/2517 2680/2680/2680 
f 2254/2254/2254 2233/2233/2233 370/370/370 
f 2681/2681/2681 2240/2240/2240 2254/2254/2254 
f 2682/2682/2682 2681/2681/2681 2566/2566/2566 
f 696/696/696 1813/1813/1813 370/370/370 
f 2683/2683/2683 2254/2254/2254 1813/1813/1813 
f 2254/2254/2254 2683/2683/2683 2681/2681/2681 
f 2683/2683/2683 2566/2566/2566 2681/2681/2681 
f 696/696/696 1814/1814/1814 1813/1813/1813 
f 2683/2683/2683 1813/1813/1813 1815/1815/1815 
f 2566/2566/2566 2683/2683/2683 1815/1815/1815 
f 1741/1741/1741 1743/1743/1743 1547/1547/1547 
f 2538/2538/2538 2240/2240/2240 2681/2681/2681 
f 541/541/541 2682/2682/2682 2566/2566/2566 
f 761/761/761 817/817/817 861/861/861 
f 2538/2538/2538 2681/2681/2681 2682/2682/2682 
f 541/541/541 1121/1121/1121 542/542/542 
f 636/636/636 340/340/340 172/172/172 
f 2199/2199/2199 136/136/136 2570/2570/2570 
f 2344/2344/2344 2570/2570/2570 136/136/136 
f 2199/2199/2199 134/134/134 136/136/136 
f 2185/2185/2185 626/626/626 628/628/628 
f 134/134/134 627/627/627 798/798/798 
f 937/937/937 2591/2591/2591 938/938/938 
f 2185/2185/2185 2591/2591/2591 2186/2186/2186 
f 1823/1823/1823 1008/1008/1008 1783/1783/1783 
f 1431/1431/1431 1925/1925/1925 972/972/972 
f 129/129/129 919/919/919 957/957/957 
f 1431/1431/1431 1889/1889/1889 1925/1925/1925 
f 1889/1889/1889 2344/2344/2344 1925/1925/1925 
f 633/633/633 632/632/632 867/867/867 
f 1495/1495/1495 1165/1165/1165 1038/1038/1038 
f 136/136/136 135/135/135 1925/1925/1925 
f 2684/2684/2684 1476/1476/1476 1311/1311/1311 
f 2291/2291/2291 1887/1887/1887 1889/1889/1889 
f 2685/2685/2685 1887/1887/1887 2291/2291/2291 
f 2685/2685/2685 2291/2291/2291 2290/2290/2290 
f 2686/2686/2686 2685/2685/2685 2290/2290/2290 
f 2686/2686/2686 2290/2290/2290 2347/2347/2347 
f 2684/2684/2684 2686/2686/2686 2347/2347/2347 
f 1476/1476/1476 2684/2684/2684 2347/2347/2347 
f 2344/2344/2344 1889/1889/1889 1888/1888/1888 
f 2291/2291/2291 1889/1889/1889 1431/1431/1431 
f 23/23/23 49/49/49 30/30/30 
f 1636/1636/1636 1713/1713/1713 1712/1712/1712 
f 2291/2291/2291 1431/1431/1431 2289/2289/2289 
f 1962/1962/1962 2107/2107/2107 2056/2056/2056 
f 1621/1621/1621 1713/1713/1713 1619/1619/1619 
f 460/460/460 461/461/461 2668/2668/2668 
f 2676/2676/2676 1887/1887/1887 2685/2685/2685 
f 2676/2676/2676 2685/2685/2685 2675/2675/2675 
f 2668/2668/2668 2675/2675/2675 2687/2687/2687 
f 460/460/460 2668/2668/2668 2687/2687/2687 
f 2688/2688/2688 460/460/460 2687/2687/2687 
f 2675/2675/2675 2685/2685/2685 2686/2686/2686 
f 2675/2675/2675 2686/2686/2686 2687/2687/2687 
f 2687/2687/2687 2686/2686/2686 2684/2684/2684 
f 2688/2688/2688 2687/2687/2687 2684/2684/2684 
f 1311/1311/1311 2688/2688/2688 2684/2684/2684 
f 424/424/424 2117/2117/2117 2409/2409/2409 
f 1344/1344/1344 461/461/461 445/445/445 
f 460/460/460 446/446/446 445/445/445 
f 445/445/445 444/444/444 1343/1343/1343 
f 2587/2587/2587 2117/2117/2117 2584/2584/2584 
f 1537/1537/1537 2398/2398/2398 1320/1320/1320 
f 446/446/446 460/460/460 2688/2688/2688 
f 444/444/444 446/446/446 231/231/231 
f 1895/1895/1895 1262/1262/1262 1496/1496/1496 
f 966/966/966 1320/1320/1320 2398/2398/2398 
f 446/446/446 2688/2688/2688 1311/1311/1311 
f 231/231/231 230/230/230 965/965/965 
f 2519/2519/2519 2520/2520/2520 104/104/104 
f 2567/2567/2567 461/461/461 1344/1344/1344 
f 747/747/747 950/950/950 2689/2689/2689 
f 1778/1778/1778 1343/1343/1343 2076/2076/2076 
f 1121/1121/1121 1097/1097/1097 1120/1120/1120 
f 1754/1754/1754 2304/2304/2304 1788/1788/1788 
f 2690/2690/2690 1029/1029/1029 2608/2608/2608 
f 1343/1343/1343 444/444/444 964/964/964 
f 2077/2077/2077 2127/2127/2127 2082/2082/2082 
f 2082/2082/2082 1790/1790/1790 1789/1789/1789 
f 2127/2127/2127 964/964/964 1775/1775/1775 
f 2407/2407/2407 1859/1859/1859 2083/2083/2083 
f 1776/1776/1776 2083/2083/2083 1775/1775/1775 
f 2407/2407/2407 2083/2083/2083 1776/1776/1776 
f 1120/1120/1120 1808/1808/1808 1128/1128/1128 
f 1128/1128/1128 1808/1808/1808 1065/1065/1065 
f 1754/1754/1754 1756/1756/1756 1066/1066/1066 
f 905/905/905 1756/1756/1756 1755/1755/1755 
f 442/442/442 2064/2064/2064 2599/2599/2599 
f 1602/1602/1602 123/123/123 2016/2016/2016 
f 2408/2408/2408 905/905/905 2691/2691/2691 
f 2691/2691/2691 1859/1859/1859 2407/2407/2407 
f 2408/2408/2408 2691/2691/2691 2407/2407/2407 
f 2692/2692/2692 2533/2533/2533 543/543/543 
f 2693/2693/2693 1075/1075/1075 1994/1994/1994 
f 2692/2692/2692 543/543/543 1128/1128/1128 
f 2304/2304/2304 1065/1065/1065 1808/1808/1808 
f 1065/1065/1065 2692/2692/2692 1128/1128/1128 
f 1427/1427/1427 714/714/714 1439/1439/1439 
f 1065/1065/1065 2304/2304/2304 1066/1066/1066 
f 2694/2694/2694 2533/2533/2533 2692/2692/2692 
f 2694/2694/2694 2692/2692/2692 2231/2231/2231 
f 2695/2695/2695 2694/2694/2694 2231/2231/2231 
f 2695/2695/2695 2231/2231/2231 2696/2696/2696 
f 1067/1067/1067 2696/2696/2696 2231/2231/2231 
f 2696/2696/2696 1067/1067/1067 2697/2697/2697 
f 1980/1980/1980 2698/2698/2698 2036/2036/2036 
f 2231/2231/2231 2692/2692/2692 1065/1065/1065 
f 2699/2699/2699 2697/2697/2697 1067/1067/1067 
f 2697/2697/2697 2699/2699/2699 2698/2698/2698 
f 2699/2699/2699 2036/2036/2036 2698/2698/2698 
f 1546/1546/1546 1603/1603/1603 1558/1558/1558 
f 2699/2699/2699 1066/1066/1066 1756/1756/1756 
f 338/338/338 1772/1772/1772 339/339/339 
f 973/973/973 1346/1346/1346 2700/2700/2700 
f 971/971/971 1432/1432/1432 972/972/972 
f 2248/2248/2248 1705/1705/1705 1246/1246/1246 
f 1925/1925/1925 973/973/973 972/972/972 
f 1839/1839/1839 1489/1489/1489 1807/1807/1807 
f 25/25/25 2040/2040/2040 1561/1561/1561 
f 2425/2425/2425 748/748/748 2351/2351/2351 
f 121/121/121 123/123/123 2295/2295/2295 
f 2017/2017/2017 1414/1414/1414 2701/2701/2701 
f 880/880/880 879/879/879 428/428/428 
f 2561/2561/2561 2111/2111/2111 2702/2702/2702 
f 2561/2561/2561 2702/2702/2702 2559/2559/2559 
f 2702/2702/2702 2432/2432/2432 2703/2703/2703 
f 2702/2702/2702 2703/2703/2703 2559/2559/2559 
f 2704/2704/2704 2559/2559/2559 2703/2703/2703 
f 2705/2705/2705 2704/2704/2704 2706/2706/2706 
f 2703/2703/2703 2432/2432/2432 2707/2707/2707 
f 2703/2703/2703 2707/2707/2707 2706/2706/2706 
f 2703/2703/2703 2706/2706/2706 2704/2704/2704 
f 2563/2563/2563 2705/2705/2705 2706/2706/2706 
f 2708/2708/2708 2564/2564/2564 2707/2707/2707 
f 2563/2563/2563 2706/2706/2706 2564/2564/2564 
f 1138/1138/1138 1422/1422/1422 1290/1290/1290 
f 2561/2561/2561 2112/2112/2112 2111/2111/2111 
f 2709/2709/2709 2110/2110/2110 2112/2112/2112 
f 2709/2709/2709 2112/2112/2112 2710/2710/2710 
f 2711/2711/2711 2709/2709/2709 2710/2710/2710 
f 2112/2112/2112 2561/2561/2561 2712/2712/2712 
f 2710/2710/2710 2112/2112/2112 2712/2712/2712 
f 2560/2560/2560 2712/2712/2712 2561/2561/2561 
f 734/734/734 2556/2556/2556 2558/2558/2558 
f 2713/2713/2713 2559/2559/2559 2704/2704/2704 
f 2713/2713/2713 2704/2704/2704 2705/2705/2705 
f 2714/2714/2714 2713/2713/2713 2705/2705/2705 
f 2714/2714/2714 2705/2705/2705 2558/2558/2558 
f 1002/1002/1002 734/734/734 2558/2558/2558 
f 2558/2558/2558 2705/2705/2705 2563/2563/2563 
f 1002/1002/1002 2558/2558/2558 2563/2563/2563 
f 2562/2562/2562 1002/1002/1002 2563/2563/2563 
f 2715/2715/2715 2553/2553/2553 2555/2555/2555 
f 2581/2581/2581 947/947/947 1652/1652/1652 
f 2716/2716/2716 2559/2559/2559 2717/2717/2717 
f 2716/2716/2716 2717/2717/2717 2718/2718/2718 
f 2555/2555/2555 2717/2717/2717 2719/2719/2719 
f 2715/2715/2715 2555/2555/2555 2719/2719/2719 
f 2715/2715/2715 2719/2719/2719 2720/2720/2720 
f 2717/2717/2717 2559/2559/2559 2713/2713/2713 
f 2717/2717/2717 2713/2713/2713 2719/2719/2719 
f 2719/2719/2719 2713/2713/2713 2714/2714/2714 
f 2721/2721/2721 2719/2719/2719 2714/2714/2714 
f 2557/2557/2557 2721/2721/2721 2714/2714/2714 
f 2557/2557/2557 2714/2714/2714 2558/2558/2558 
f 2722/2722/2722 2549/2549/2549 2552/2552/2552 
f 2560/2560/2560 2559/2559/2559 2716/2716/2716 
f 2560/2560/2560 2716/2716/2716 2723/2723/2723 
f 2724/2724/2724 2560/2560/2560 2723/2723/2723 
f 2725/2725/2725 2724/2724/2724 2723/2723/2723 
f 2722/2722/2722 2552/2552/2552 2725/2725/2725 
f 2445/2445/2445 2722/2722/2722 2725/2725/2725 
f 2726/2726/2726 2723/2723/2723 2718/2718/2718 
f 2725/2725/2725 2723/2723/2723 2726/2726/2726 
f 2445/2445/2445 2725/2725/2725 2726/2726/2726 
f 2723/2723/2723 2716/2716/2716 2718/2718/2718 
f 2555/2555/2555 2718/2718/2718 2717/2717/2717 
f 2727/2727/2727 329/329/329 1012/1012/1012 
f 2554/2554/2554 2726/2726/2726 2718/2718/2718 
f 2554/2554/2554 2718/2718/2718 2555/2555/2555 
f 2712/2712/2712 2560/2560/2560 2724/2724/2724 
f 2712/2712/2712 2724/2724/2724 2728/2728/2728 
f 2710/2710/2710 2712/2712/2712 2728/2728/2728 
f 2710/2710/2710 2728/2728/2728 2729/2729/2729 
f 2711/2711/2711 2710/2710/2710 2729/2729/2729 
f 2527/2527/2527 2711/2711/2711 2729/2729/2729 
f 2730/2730/2730 2527/2527/2527 2729/2729/2729 
f 2551/2551/2551 2730/2730/2730 2729/2729/2729 
f 2728/2728/2728 2724/2724/2724 2725/2725/2725 
f 2728/2728/2728 2725/2725/2725 2552/2552/2552 
f 2729/2729/2729 2728/2728/2728 2552/2552/2552 
f 2551/2551/2551 2729/2729/2729 2552/2552/2552 
f 2528/2528/2528 2527/2527/2527 2731/2731/2731 
f 2732/2732/2732 2528/2528/2528 2731/2731/2731 
f 2733/2733/2733 2732/2732/2732 2353/2353/2353 
f 1194/1194/1194 2733/2733/2733 2353/2353/2353 
f 2731/2731/2731 2527/2527/2527 2730/2730/2730 
f 1864/1864/1864 2732/2732/2732 2731/2731/2731 
f 2353/2353/2353 2732/2732/2732 1864/1864/1864 
f 1391/1391/1391 2353/2353/2353 1864/1864/1864 
f 2731/2731/2731 2730/2730/2730 2734/2734/2734 
f 2551/2551/2551 2734/2734/2734 2730/2730/2730 
f 2735/2735/2735 1151/1151/1151 1419/1419/1419 
f 1864/1864/1864 2734/2734/2734 1852/1852/1852 
f 2550/2550/2550 2734/2734/2734 2551/2551/2551 
f 2736/2736/2736 2365/2365/2365 2548/2548/2548 
f 2715/2715/2715 2720/2720/2720 2737/2737/2737 
f 154/154/154 2720/2720/2720 2738/2738/2738 
f 2739/2739/2739 154/154/154 2738/2738/2738 
f 2739/2739/2739 2738/2738/2738 2548/2548/2548 
f 2740/2740/2740 2736/2736/2736 2741/2741/2741 
f 2192/2192/2192 1347/1347/1347 110/110/110 
f 2738/2738/2738 2720/2720/2720 2721/2721/2721 
f 2548/2548/2548 2738/2738/2738 2741/2741/2741 
f 2548/2548/2548 2741/2741/2741 2736/2736/2736 
f 2719/2719/2719 2721/2721/2721 2720/2720/2720 
f 2738/2738/2738 2721/2721/2721 2741/2741/2741 
f 2557/2557/2557 2741/2741/2741 2721/2721/2721 
f 2740/2740/2740 2741/2741/2741 2557/2557/2557 
f 2556/2556/2556 2740/2740/2740 2557/2557/2557 
f 2227/2227/2227 2229/2229/2229 2547/2547/2547 
f 2553/2553/2553 2715/2715/2715 2737/2737/2737 
f 2742/2742/2742 2553/2553/2553 2737/2737/2737 
f 2547/2547/2547 2742/2742/2742 156/156/156 
f 2737/2737/2737 156/156/156 2742/2742/2742 
f 2227/2227/2227 2547/2547/2547 156/156/156 
f 155/155/155 2227/2227/2227 156/156/156 
f 154/154/154 2737/2737/2737 2720/2720/2720 
f 2737/2737/2737 154/154/154 156/156/156 
f 154/154/154 2739/2739/2739 155/155/155 
f 2068/2068/2068 155/155/155 2739/2739/2739 
f 722/722/722 2590/2590/2590 1800/1800/1800 
f 2068/2068/2068 2739/2739/2739 2548/2548/2548 
f 2072/2072/2072 2609/2609/2609 1029/1029/1029 
f 2554/2554/2554 2553/2553/2553 2743/2743/2743 
f 2444/2444/2444 2554/2554/2554 2743/2743/2743 
f 2444/2444/2444 2743/2743/2743 1505/1505/1505 
f 2444/2444/2444 1031/1031/1031 1030/1030/1030 
f 1505/1505/1505 1031/1031/1031 2444/2444/2444 
f 2089/2089/2089 2019/2019/2019 1896/1896/1896 
f 2072/2072/2072 1031/1031/1031 2073/2073/2073 
f 2743/2743/2743 2553/2553/2553 2742/2742/2742 
f 2073/2073/2073 1031/1031/1031 1505/1505/1505 
f 1504/1504/1504 2073/2073/2073 1505/1505/1505 
f 2743/2743/2743 2742/2742/2742 1506/1506/1506 
f 2547/2547/2547 1506/1506/1506 2742/2742/2742 
f 1505/1505/1505 2743/2743/2743 1506/1506/1506 
f 2239/2239/2239 2744/2744/2744 1226/1226/1226 
f 2546/2546/2546 1504/1504/1504 1506/1506/1506 
f 2546/2546/2546 1506/1506/1506 2547/2547/2547 
f 2726/2726/2726 2554/2554/2554 2444/2444/2444 
f 2726/2726/2726 2444/2444/2444 2445/2445/2445 
f 2722/2722/2722 2445/2445/2445 1030/1030/1030 
f 2549/2549/2549 2722/2722/2722 2690/2690/2690 
f 1030/1030/1030 2690/2690/2690 2722/2722/2722 
f 2442/2442/2442 1461/1461/1461 1460/1460/1460 
f 951/951/951 1080/1080/1080 2263/2263/2263 
f 14/14/14 2745/2745/2745 12/12/12 
f 2690/2690/2690 1030/1030/1030 1029/1029/1029 
f 1604/1604/1604 2543/2543/2543 1381/1381/1381 
f 2550/2550/2550 2549/2549/2549 2746/2746/2746 
f 1853/1853/1853 2550/2550/2550 2746/2746/2746 
f 1853/1853/1853 2746/2746/2746 2747/2747/2747 
f 1853/1853/1853 2747/2747/2747 2423/2423/2423 
f 1131/1131/1131 1512/1512/1512 1445/1445/1445 
f 1381/1381/1381 1383/1383/1383 2423/2423/2423 
f 1604/1604/1604 1381/1381/1381 2423/2423/2423 
f 2748/2748/2748 1604/1604/1604 2423/2423/2423 
f 2746/2746/2746 2549/2549/2549 2690/2690/2690 
f 2748/2748/2748 2423/2423/2423 2747/2747/2747 
f 2749/2749/2749 2748/2748/2748 2747/2747/2747 
f 2746/2746/2746 2690/2690/2690 2608/2608/2608 
f 2747/2747/2747 2746/2746/2746 2608/2608/2608 
f 2749/2749/2749 2747/2747/2747 2608/2608/2608 
f 2609/2609/2609 2749/2749/2749 2608/2608/2608 
f 2550/2550/2550 1852/1852/1852 2734/2734/2734 
f 1853/1853/1853 1852/1852/1852 2550/2550/2550 
f 1392/1392/1392 1194/1194/1194 2353/2353/2353 
f 1194/1194/1194 1392/1392/1392 1195/1195/1195 
f 961/961/961 2750/2750/2750 2751/2751/2751 
f 1383/1383/1383 1391/1391/1391 1852/1852/1852 
f 1391/1391/1391 1383/1383/1383 1382/1382/1382 
f 2545/2545/2545 1195/1195/1195 1392/1392/1392 
f 1392/1392/1392 1382/1382/1382 2545/2545/2545 
f 1381/1381/1381 2545/2545/2545 1382/1382/1382 
f 2181/2181/2181 1196/1196/1196 2180/2180/2180 
f 2180/2180/2180 177/177/177 987/987/987 
f 177/177/177 2180/2180/2180 1480/1480/1480 
f 177/177/177 1480/1480/1480 178/178/178 
f 838/838/838 2752/2752/2752 615/615/615 
f 2180/2180/2180 1196/1196/1196 1195/1195/1195 
f 2328/2328/2328 1479/1479/1479 1480/1480/1480 
f 2180/2180/2180 1195/1195/1195 2753/2753/2753 
f 2545/2545/2545 2753/2753/2753 1195/1195/1195 
f 1480/1480/1480 2180/2180/2180 2753/2753/2753 
f 2328/2328/2328 1480/1480/1480 2753/2753/2753 
f 2544/2544/2544 2328/2328/2328 2753/2753/2753 
f 2544/2544/2544 2753/2753/2753 2545/2545/2545 
f 2192/2192/2192 110/110/110 1354/1354/1354 
f 659/659/659 661/661/661 1633/1633/1633 
f 2754/2754/2754 2755/2755/2755 2756/2756/2756 
f 2754/2754/2754 2756/2756/2756 2542/2542/2542 
f 2757/2757/2757 2403/2403/2403 2542/2542/2542 
f 2755/2755/2755 2227/2227/2227 2069/2069/2069 
f 155/155/155 2069/2069/2069 2227/2227/2227 
f 2542/2542/2542 2756/2756/2756 2366/2366/2366 
f 2757/2757/2757 2542/2542/2542 2366/2366/2366 
f 2756/2756/2756 2069/2069/2069 2366/2366/2366 
f 2068/2068/2068 2366/2366/2366 2069/2069/2069 
f 587/587/587 2590/2590/2590 2589/2589/2589 
f 2757/2757/2757 2366/2366/2366 2365/2365/2365 
f 994/994/994 1779/1779/1779 2458/2458/2458 
f 2758/2758/2758 690/690/690 689/689/689 
f 2759/2759/2759 2226/2226/2226 2760/2760/2760 
f 689/689/689 2229/2229/2229 2228/2228/2228 
f 2758/2758/2758 689/689/689 2228/2228/2228 
f 2761/2761/2761 2758/2758/2758 2228/2228/2228 
f 2228/2228/2228 2227/2227/2227 2755/2755/2755 
f 2228/2228/2228 2755/2755/2755 2761/2761/2761 
f 2761/2761/2761 2755/2755/2755 2754/2754/2754 
f 1708/1708/1708 2761/2761/2761 2754/2754/2754 
f 1708/1708/1708 2754/2754/2754 1706/1706/1706 
f 1695/1695/1695 1683/1683/1683 1678/1678/1678 
f 2546/2546/2546 2229/2229/2229 2762/2762/2762 
f 1504/1504/1504 2546/2546/2546 1312/1312/1312 
f 2762/2762/2762 1312/1312/1312 2546/2546/2546 
f 1504/1504/1504 2133/2133/2133 2073/2073/2073 
f 2762/2762/2762 2229/2229/2229 689/689/689 
f 2762/2762/2762 689/689/689 15/15/15 
f 2762/2762/2762 15/15/15 1312/1312/1312 
f 1483/1483/1483 2609/2609/2609 2072/2072/2072 
f 2073/2073/2073 2133/2133/2133 2074/2074/2074 
f 2625/2625/2625 274/274/274 2627/2627/2627 
f 1678/1678/1678 976/976/976 1771/1771/1771 
f 1436/1436/1436 99/99/99 75/75/75 
f 1483/1483/1483 2074/2074/2074 1484/1484/1484 
f 862/862/862 864/864/864 1360/1360/1360 
f 2074/2074/2074 2133/2133/2133 2752/2752/2752 
f 2292/2292/2292 2510/2510/2510 1069/1069/1069 
f 2609/2609/2609 1483/1483/1483 2763/2763/2763 
f 1419/1419/1419 1787/1787/1787 2735/2735/2735 
f 704/704/704 1767/1767/1767 1057/1057/1057 
f 1828/1828/1828 2179/2179/2179 2764/2764/2764 
f 2765/2765/2765 1068/1068/1068 2507/2507/2507 
f 2763/2763/2763 1483/1483/1483 1826/1826/1826 
f 2764/2764/2764 2763/2763/2763 1826/1826/1826 
f 2764/2764/2764 1826/1826/1826 1828/1828/1828 
f 1606/1606/1606 2543/2543/2543 1604/1604/1604 
f 2749/2749/2749 2609/2609/2609 2763/2763/2763 
f 2749/2749/2749 2763/2763/2763 2764/2764/2764 
f 2748/2748/2748 2749/2749/2749 2764/2764/2764 
f 2748/2748/2748 2764/2764/2764 2179/2179/2179 
f 2748/2748/2748 2179/2179/2179 1605/1605/1605 
f 1874/1874/1874 1875/1875/1875 2766/2766/2766 
f 2544/2544/2544 2543/2543/2543 2767/2767/2767 
f 1606/1606/1606 2767/2767/2767 2543/2543/2543 
f 2312/2312/2312 2544/2544/2544 2767/2767/2767 
f 2312/2312/2312 2767/2767/2767 2768/2768/2768 
f 797/797/797 799/799/799 1345/1345/1345 
f 1941/1941/1941 2312/2312/2312 2768/2768/2768 
f 2767/2767/2767 1606/1606/1606 2769/2769/2769 
f 2768/2768/2768 2767/2767/2767 2769/2769/2769 
f 2769/2769/2769 1606/1606/1606 1605/1605/1605 
f 2770/2770/2770 178/178/178 1479/1479/1479 
f 2328/2328/2328 2544/2544/2544 2312/2312/2312 
f 2771/2771/2771 2770/2770/2770 1479/1479/1479 
f 2328/2328/2328 2312/2312/2312 1943/1943/1943 
f 2771/2771/2771 1479/1479/1479 1943/1943/1943 
f 2771/2771/2771 1943/1943/1943 1942/1942/1942 
f 2772/2772/2772 178/178/178 2770/2770/2770 
f 1181/1181/1181 2772/2772/2772 2770/2770/2770 
f 386/386/386 1181/1181/1181 348/348/348 
f 2770/2770/2770 2771/2771/2771 2773/2773/2773 
f 1181/1181/1181 2770/2770/2770 2773/2773/2773 
f 348/348/348 1181/1181/1181 2773/2773/2773 
f 2773/2773/2773 2771/2771/2771 1942/1942/1942 
f 1365/1365/1365 2060/2060/2060 2417/2417/2417 
f 1003/1003/1003 1002/1002/1002 2562/2562/2562 
f 2774/2774/2774 2758/2758/2758 2761/2761/2761 
f 2774/2774/2774 2761/2761/2761 1708/1708/1708 
f 2059/2059/2059 2774/2774/2774 1708/1708/1708 
f 2059/2059/2059 1708/1708/1708 1707/1707/1707 
f 1706/1706/1706 2417/2417/2417 1707/1707/1707 
f 2417/2417/2417 1706/1706/1706 2541/2541/2541 
f 2431/2431/2431 781/781/781 1301/1301/1301 
f 2775/2775/2775 2776/2776/2776 2777/2777/2777 
f 2071/2071/2071 735/735/735 1003/1003/1003 
f 1760/1760/1760 2778/2778/2778 735/735/735 
f 2778/2778/2778 1760/1760/1760 2779/2779/2779 
f 2777/2777/2777 2778/2778/2778 2779/2779/2779 
f 2775/2775/2775 2777/2777/2777 2779/2779/2779 
f 2780/2780/2780 2775/2775/2775 2779/2779/2779 
f 1003/1003/1003 1275/1275/1275 2071/2071/2071 
f 1318/1318/1318 801/801/801 2040/2040/2040 
f 2779/2779/2779 1760/1760/1760 2781/2781/2781 
f 2780/2780/2780 2779/2779/2779 2781/2781/2781 
f 2071/2071/2071 1275/1275/1275 1760/1760/1760 
f 1760/1760/1760 1759/1759/1759 2781/2781/2781 
f 905/905/905 712/712/712 906/906/906 
f 2782/2782/2782 2783/2783/2783 346/346/346 
f 2647/2647/2647 2781/2781/2781 1759/1759/1759 
f 2556/2556/2556 734/734/734 2784/2784/2784 
f 865/865/865 760/760/760 762/762/762 
f 1002/1002/1002 735/735/735 734/734/734 
f 958/958/958 970/970/970 908/908/908 
f 190/190/190 2592/2592/2592 2425/2425/2425 
f 260/260/260 129/129/129 128/128/128 
f 2778/2778/2778 736/736/736 735/735/735 
f 2785/2785/2785 736/736/736 2778/2778/2778 
f 2777/2777/2777 2785/2785/2785 2778/2778/2778 
f 1840/1840/1840 2174/2174/2174 2264/2264/2264 
f 1703/1703/1703 2776/2776/2776 2775/2775/2775 
f 1703/1703/1703 2775/2775/2775 1701/1701/1701 
f 2150/2150/2150 2412/2412/2412 1339/1339/1339 
f 1020/1020/1020 1841/1841/1841 1702/1702/1702 
f 1701/1701/1701 2775/2775/2775 2780/2780/2780 
f 1020/1020/1020 1702/1702/1702 1701/1701/1701 
f 2181/2181/2181 987/987/987 2786/2786/2786 
f 1701/1701/1701 2780/2780/2780 1021/1021/1021 
f 905/905/905 1755/1755/1755 2691/2691/2691 
f 2647/2647/2647 1021/1021/1021 2781/2781/2781 
f 1253/1253/1253 1252/1252/1252 2787/2787/2787 
f 1703/1703/1703 2788/2788/2788 2789/2789/2789 
f 2790/2790/2790 2788/2788/2788 2791/2791/2791 
f 2792/2792/2792 2790/2790/2790 2791/2791/2791 
f 2792/2792/2792 2791/2791/2791 2793/2793/2793 
f 2787/2787/2787 2792/2792/2792 2793/2793/2793 
f 1253/1253/1253 2787/2787/2787 2793/2793/2793 
f 1960/1960/1960 2788/2788/2788 1703/1703/1703 
f 1868/1868/1868 1253/1253/1253 2793/2793/2793 
f 2264/2264/2264 2791/2791/2791 1960/1960/1960 
f 2793/2793/2793 2791/2791/2791 2264/2264/2264 
f 1868/1868/1868 2793/2793/2793 2264/2264/2264 
f 2794/2794/2794 2539/2539/2539 2540/2540/2540 
f 2776/2776/2776 1703/1703/1703 2789/2789/2789 
f 2540/2540/2540 2776/2776/2776 2789/2789/2789 
f 2540/2540/2540 2789/2789/2789 2794/2794/2794 
f 2790/2790/2790 2789/2789/2789 2788/2788/2788 
f 2794/2794/2794 2789/2789/2789 2790/2790/2790 
f 1481/1481/1481 1482/1482/1482 2497/2497/2497 
f 2542/2542/2542 1706/1706/1706 2754/2754/2754 
f 2794/2794/2794 2790/2790/2790 2792/2792/2792 
f 2429/2429/2429 2794/2794/2794 2792/2792/2792 
f 2787/2787/2787 2429/2429/2429 2792/2792/2792 
f 969/969/969 970/970/970 982/982/982 
f 2777/2777/2777 2776/2776/2776 1155/1155/1155 
f 2785/2785/2785 2777/2777/2777 1155/1155/1155 
f 736/736/736 2785/2785/2785 2795/2795/2795 
f 734/734/734 736/736/736 2784/2784/2784 
f 2795/2795/2795 2784/2784/2784 736/736/736 
f 1155/1155/1155 2776/2776/2776 2540/2540/2540 
f 2785/2785/2785 1155/1155/1155 1157/1157/1157 
f 2795/2795/2795 2785/2785/2785 1157/1157/1157 
f 1963/1963/1963 1081/1081/1081 846/846/846 
f 1552/1552/1552 1944/1944/1944 454/454/454 
f 1155/1155/1155 2540/2540/2540 1156/1156/1156 
f 1322/1322/1322 1157/1157/1157 1156/1156/1156 
f 2796/2796/2796 2365/2365/2365 2736/2736/2736 
f 2556/2556/2556 2784/2784/2784 2740/2740/2740 
f 2797/2797/2797 2740/2740/2740 2784/2784/2784 
f 2740/2740/2740 2797/2797/2797 2736/2736/2736 
f 2796/2796/2796 2736/2736/2736 2797/2797/2797 
f 2797/2797/2797 2784/2784/2784 2795/2795/2795 
f 2797/2797/2797 2795/2795/2795 1321/1321/1321 
f 2796/2796/2796 2797/2797/2797 1321/1321/1321 
f 1321/1321/1321 2795/2795/2795 1157/1157/1157 
f 2780/2780/2780 2781/2781/2781 1021/1021/1021 
f 1700/1700/1700 1704/1704/1704 1022/1022/1022 
f 1251/1251/1251 1698/1698/1698 1252/1252/1252 
f 351/351/351 1905/1905/1905 2305/2305/2305 
f 1517/1517/1517 1471/1471/1471 1698/1698/1698 
f 862/862/862 1361/1361/1361 1806/1806/1806 
f 1471/1471/1471 1517/1517/1517 1469/1469/1469 
f 290/290/290 1403/1403/1403 288/288/288 
f 1517/1517/1517 1651/1651/1651 1518/1518/1518 
f 2394/2394/2394 2415/2415/2415 1291/1291/1291 
f 1870/1870/1870 1251/1251/1251 1253/1253/1253 
f 1251/1251/1251 1870/1870/1870 1651/1651/1651 
f 1421/1421/1421 530/530/530 1732/1732/1732 
f 1651/1651/1651 1870/1870/1870 2663/2663/2663 
f 1630/1630/1630 339/339/339 1772/1772/1772 
f 1340/1340/1340 2750/2750/2750 1877/1877/1877 
f 1471/1471/1471 1470/1470/1470 1877/1877/1877 
f 1341/1341/1341 1340/1340/1340 1877/1877/1877 
f 91/91/91 182/182/182 406/406/406 
f 2798/2798/2798 2536/2536/2536 1342/1342/1342 
f 1654/1654/1654 592/592/592 20/20/20 
f 2538/2538/2538 2798/2798/2798 1341/1341/1341 
f 961/961/961 1698/1698/1698 2750/2750/2750 
f 519/519/519 89/89/89 88/88/88 
f 1175/1175/1175 961/961/961 2751/2751/2751 
f 1175/1175/1175 2751/2751/2751 2535/2535/2535 
f 1175/1175/1175 2535/2535/2535 1176/1176/1176 
f 2534/2534/2534 2535/2535/2535 2799/2799/2799 
f 2182/2182/2182 623/623/623 629/629/629 
f 1340/1340/1340 2800/2800/2800 2751/2751/2751 
f 2535/2535/2535 2751/2751/2751 2800/2800/2800 
f 2800/2800/2800 1340/1340/1340 1342/1342/1342 
f 2801/2801/2801 2800/2800/2800 1342/1342/1342 
f 2537/2537/2537 2801/2801/2801 1342/1342/1342 
f 2268/2268/2268 2269/2269/2269 1105/1105/1105 
f 2430/2430/2430 2539/2539/2539 2794/2794/2794 
f 2787/2787/2787 1252/1252/1252 963/963/963 
f 2429/2429/2429 2787/2787/2787 963/963/963 
f 2237/2237/2237 2239/2239/2239 1226/1226/1226 
f 2429/2429/2429 2430/2430/2430 2794/2794/2794 
f 963/963/963 1252/1252/1252 961/961/961 
f 2429/2429/2429 963/963/963 2802/2802/2802 
f 963/963/963 962/962/962 2802/2802/2802 
f 961/961/961 1175/1175/1175 962/962/962 
f 1174/1174/1174 2802/2802/2802 962/962/962 
f 1567/1567/1567 478/478/478 1923/1923/1923 
f 1566/1566/1566 2539/2539/2539 2430/2430/2430 
f 1566/1566/1566 2430/2430/2430 2418/2418/2418 
f 1567/1567/1567 1566/1566/1566 2418/2418/2418 
f 1567/1567/1567 2418/2418/2418 478/478/478 
f 2429/2429/2429 2802/2802/2802 2419/2419/2419 
f 2418/2418/2418 2430/2430/2430 2419/2419/2419 
f 2802/2802/2802 479/479/479 2419/2419/2419 
f 478/478/478 2418/2418/2418 479/479/479 
f 479/479/479 2802/2802/2802 1174/1174/1174 
f 480/480/480 479/479/479 1174/1174/1174 
f 1176/1176/1176 480/480/480 1174/1174/1174 
f 2803/2803/2803 2365/2365/2365 2796/2796/2796 
f 2539/2539/2539 2396/2396/2396 1156/1156/1156 
f 1318/1318/1318 1444/1444/1444 801/801/801 
f 2395/2395/2395 1322/1322/1322 2396/2396/2396 
f 1322/1322/1322 2395/2395/2395 1989/1989/1989 
f 2317/2317/2317 1970/1970/1970 1206/1206/1206 
f 2796/2796/2796 1321/1321/1321 1989/1989/1989 
f 2803/2803/2803 2796/2796/2796 1989/1989/1989 
f 2804/2804/2804 2803/2803/2803 1989/1989/1989 
f 2396/2396/2396 2539/2539/2539 1566/1566/1566 
f 2804/2804/2804 1989/1989/1989 2395/2395/2395 
f 2805/2805/2805 2804/2804/2804 2395/2395/2395 
f 266/266/266 1052/1052/1052 1051/1051/1051 
f 1565/1565/1565 2396/2396/2396 1566/1566/1566 
f 1032/1032/1032 1033/1033/1033 985/985/985 
f 2805/2805/2805 2395/2395/2395 1565/1565/1565 
f 2234/2234/2234 2805/2805/2805 1565/1565/1565 
f 2234/2234/2234 1565/1565/1565 1567/1567/1567 
f 2757/2757/2757 2365/2365/2365 2803/2803/2803 
f 2757/2757/2757 2803/2803/2803 2806/2806/2806 
f 2403/2403/2403 2757/2757/2757 2806/2806/2806 
f 2403/2403/2403 2806/2806/2806 2404/2404/2404 
f 2806/2806/2806 2803/2803/2803 2804/2804/2804 
f 2806/2806/2806 2804/2804/2804 2404/2404/2404 
f 2807/2807/2807 2146/2146/2146 2110/2110/2110 
f 2079/2079/2079 1914/1914/1914 2404/2404/2404 
f 2404/2404/2404 2804/2804/2804 2805/2805/2805 
f 2079/2079/2079 2404/2404/2404 2805/2805/2805 
f 2234/2234/2234 2079/2079/2079 2805/2805/2805 
f 543/543/543 2533/2533/2533 2387/2387/2387 
f 2389/2389/2389 2808/2808/2808 2536/2536/2536 
f 2389/2389/2389 2536/2536/2536 2809/2809/2809 
f 2387/2387/2387 2389/2389/2389 2809/2809/2809 
f 2809/2809/2809 541/541/541 2387/2387/2387 
f 543/543/543 2387/2387/2387 541/541/541 
f 2809/2809/2809 2536/2536/2536 2798/2798/2798 
f 2809/2809/2809 2798/2798/2798 2682/2682/2682 
f 541/541/541 2809/2809/2809 2682/2682/2682 
f 2682/2682/2682 2798/2798/2798 2538/2538/2538 
f 2810/2810/2810 2811/2811/2811 2812/2812/2812 
f 2813/2813/2813 2482/2482/2482 2814/2814/2814 
f 2815/2815/2815 2808/2808/2808 2389/2389/2389 
f 2814/2814/2814 2815/2815/2815 2388/2388/2388 
f 2813/2813/2813 2814/2814/2814 2388/2388/2388 
f 2815/2815/2815 2389/2389/2389 2388/2388/2388 
f 1620/1620/1620 1635/1635/1635 870/870/870 
f 2533/2533/2533 2813/2813/2813 2388/2388/2388 
f 344/344/344 2783/2783/2783 1909/1909/1909 
f 2380/2380/2380 2487/2487/2487 2532/2532/2532 
f 2815/2815/2815 2816/2816/2816 2808/2808/2808 
f 2816/2816/2816 2815/2815/2815 2381/2381/2381 
f 2532/2532/2532 2816/2816/2816 2381/2381/2381 
f 2380/2380/2380 2532/2532/2532 2381/2381/2381 
f 2381/2381/2381 2815/2815/2815 2814/2814/2814 
f 2379/2379/2379 2381/2381/2381 2814/2814/2814 
f 2482/2482/2482 2379/2379/2379 2814/2814/2814 
f 2537/2537/2537 2536/2536/2536 2808/2808/2808 
f 2817/2817/2817 2801/2801/2801 2818/2818/2818 
f 2800/2800/2800 2801/2801/2801 2799/2799/2799 
f 2817/2817/2817 2799/2799/2799 2801/2801/2801 
f 2800/2800/2800 2799/2799/2799 2535/2535/2535 
f 2819/2819/2819 2534/2534/2534 2799/2799/2799 
f 2537/2537/2537 2808/2808/2808 2818/2818/2818 
f 2816/2816/2816 2818/2818/2818 2808/2808/2808 
f 2537/2537/2537 2818/2818/2818 2801/2801/2801 
f 2819/2819/2819 2799/2799/2799 2817/2817/2817 
f 2820/2820/2820 2819/2819/2819 2817/2817/2817 
f 2818/2818/2818 2816/2816/2816 2821/2821/2821 
f 2817/2817/2817 2818/2818/2818 2821/2821/2821 
f 2820/2820/2820 2817/2817/2817 2821/2821/2821 
f 2531/2531/2531 2820/2820/2820 2821/2821/2821 
f 2821/2821/2821 2816/2816/2816 2532/2532/2532 
f 2531/2531/2531 2821/2821/2821 2532/2532/2532 
f 2489/2489/2489 901/901/901 474/474/474 
f 476/476/476 2534/2534/2534 2819/2819/2819 
f 476/476/476 2819/2819/2819 2822/2822/2822 
f 474/474/474 476/476/476 2822/2822/2822 
f 474/474/474 2822/2822/2822 2823/2823/2823 
f 2489/2489/2489 474/474/474 2823/2823/2823 
f 2489/2489/2489 2823/2823/2823 1948/1948/1948 
f 2822/2822/2822 2819/2819/2819 2820/2820/2820 
f 2822/2822/2822 2820/2820/2820 2824/2824/2824 
f 2823/2823/2823 2822/2822/2822 2824/2824/2824 
f 1531/1531/1531 2823/2823/2823 2824/2824/2824 
f 1532/1532/1532 1531/1531/1531 2824/2824/2824 
f 2824/2824/2824 2820/2820/2820 2531/2531/2531 
f 1532/1532/1532 2824/2824/2824 2531/2531/2531 
f 2154/2154/2154 1923/1923/1923 1922/1922/1922 
f 1176/1176/1176 2534/2534/2534 475/475/475 
f 480/480/480 1176/1176/1176 475/475/475 
f 480/480/480 475/475/475 481/481/481 
f 477/477/477 479/479/479 480/480/480 
f 485/485/485 478/478/478 477/477/477 
f 475/475/475 2534/2534/2534 476/476/476 
f 473/473/473 481/481/481 475/475/475 
f 484/484/484 477/477/477 481/481/481 
f 472/472/472 483/483/483 473/473/473 
f 476/476/476 474/474/474 473/473/473 
f 901/901/901 472/472/472 474/474/474 
f 496/496/496 2451/2451/2451 414/414/414 
f 485/485/485 412/412/412 1922/1922/1922 
f 2154/2154/2154 1922/1922/1922 1921/1921/1921 
f 497/497/497 414/414/414 413/413/413 
f 2451/2451/2451 1921/1921/1921 492/492/492 
f 412/412/412 485/485/485 484/484/484 
f 523/523/523 359/359/359 790/790/790 
f 114/114/114 497/497/497 482/482/482 
f 114/114/114 482/482/482 115/115/115 
f 484/484/484 483/483/483 413/413/413 
f 900/900/900 115/115/115 901/901/901 
f 472/472/472 901/901/901 115/115/115 
f 1264/1264/1264 2592/2592/2592 832/832/832 
f 2154/2154/2154 2155/2155/2155 2080/2080/2080 
f 2079/2079/2079 2234/2234/2234 2080/2080/2080 
f 1595/1595/1595 1369/1369/1369 1368/1368/1368 
f 2155/2155/2155 1915/1915/1915 2080/2080/2080 
f 1915/1915/1915 1914/1914/1914 2079/2079/2079 
f 448/448/448 1007/1007/1007 449/449/449 
f 1915/1915/1915 2155/2155/2155 2825/2825/2825 
f 1269/1269/1269 2825/2825/2825 2155/2155/2155 
f 1269/1269/1269 1921/1921/1921 2451/2451/2451 
f 2541/2541/2541 2403/2403/2403 1914/1914/1914 
f 1366/1366/1366 2541/2541/2541 1913/1913/1913 
f 1913/1913/1913 2541/2541/2541 1914/1914/1914 
f 1366/1366/1366 1913/1913/1913 372/372/372 
f 804/804/804 2306/2306/2306 1108/1108/1108 
f 2825/2825/2825 1913/1913/1913 1915/1915/1915 
f 372/372/372 1913/1913/1913 2825/2825/2825 
f 372/372/372 2825/2825/2825 373/373/373 
f 1268/1268/1268 374/374/374 373/373/373 
f 2825/2825/2825 1269/1269/1269 373/373/373 
f 1269/1269/1269 2451/2451/2451 1268/1268/1268 
f 2826/2826/2826 2697/2697/2697 2827/2827/2827 
f 2483/2483/2483 2482/2482/2482 2828/2828/2828 
f 2829/2829/2829 2483/2483/2483 2828/2828/2828 
f 2826/2826/2826 2829/2829/2829 2696/2696/2696 
f 2697/2697/2697 2826/2826/2826 2696/2696/2696 
f 2828/2828/2828 2482/2482/2482 2813/2813/2813 
f 2829/2829/2829 2828/2828/2828 2695/2695/2695 
f 2696/2696/2696 2829/2829/2829 2695/2695/2695 
f 2828/2828/2828 2813/2813/2813 2694/2694/2694 
f 2695/2695/2695 2828/2828/2828 2694/2694/2694 
f 2694/2694/2694 2813/2813/2813 2533/2533/2533 
f 2807/2807/2807 2830/2830/2830 2294/2294/2294 
f 2268/2268/2268 84/84/84 86/86/86 
f 2807/2807/2807 2294/2294/2294 2146/2146/2146 
f 535/535/535 560/560/560 556/556/556 
f 2269/2269/2269 2146/2146/2146 2294/2294/2294 
f 2269/2269/2269 86/86/86 2146/2146/2146 
f 85/85/85 2110/2110/2110 2146/2146/2146 
f 1356/1356/1356 2578/2578/2578 84/84/84 
f 1356/1356/1356 84/84/84 2268/2268/2268 
f 2633/2633/2633 1356/1356/1356 2268/2268/2268 
f 2633/2633/2633 2268/2268/2268 1105/1105/1105 
f 394/394/394 2383/2383/2383 2831/2831/2831 
f 1465/1465/1465 456/456/456 1440/1440/1440 
f 2208/2208/2208 1655/1655/1655 1649/1649/1649 
f 1103/1103/1103 1105/1105/1105 2294/2294/2294 
f 2830/2830/2830 1103/1103/1103 2294/2294/2294 
f 2711/2711/2711 2527/2527/2527 2529/2529/2529 
f 2832/2832/2832 2830/2830/2830 2807/2807/2807 
f 2832/2832/2832 2807/2807/2807 2833/2833/2833 
f 2529/2529/2529 2832/2832/2832 2833/2833/2833 
f 2711/2711/2711 2529/2529/2529 2833/2833/2833 
f 2709/2709/2709 2711/2711/2711 2833/2833/2833 
f 2833/2833/2833 2807/2807/2807 2709/2709/2709 
f 2709/2709/2709 2807/2807/2807 2110/2110/2110 
f 2834/2834/2834 2835/2835/2835 2836/2836/2836 
f 2600/2600/2600 2830/2830/2830 2832/2832/2832 
f 2600/2600/2600 2832/2832/2832 2837/2837/2837 
f 2838/2838/2838 2600/2600/2600 2837/2837/2837 
f 2838/2838/2838 2837/2837/2837 2839/2839/2839 
f 2840/2840/2840 2838/2838/2838 2839/2839/2839 
f 2834/2834/2834 2836/2836/2836 2840/2840/2840 
f 2841/2841/2841 2834/2834/2834 2840/2840/2840 
f 2841/2841/2841 2840/2840/2840 2839/2839/2839 
f 2842/2842/2842 2841/2841/2841 2839/2839/2839 
f 2837/2837/2837 2832/2832/2832 2529/2529/2529 
f 2837/2837/2837 2529/2529/2529 2843/2843/2843 
f 2839/2839/2839 2837/2837/2837 2843/2843/2843 
f 2842/2842/2842 2839/2839/2839 2843/2843/2843 
f 2528/2528/2528 2842/2842/2842 2843/2843/2843 
f 2528/2528/2528 2843/2843/2843 2529/2529/2529 
f 2844/2844/2844 2197/2197/2197 1833/1833/1833 
f 2600/2600/2600 2838/2838/2838 1729/1729/1729 
f 2838/2838/2838 1834/1834/1834 1729/1729/1729 
f 2845/2845/2845 2844/2844/2844 2836/2836/2836 
f 1491/1491/1491 2509/2509/2509 1492/1492/1492 
f 1833/1833/1833 1834/1834/1834 2844/2844/2844 
f 1834/1834/1834 2838/2838/2838 2840/2840/2840 
f 1834/1834/1834 2840/2840/2840 2836/2836/2836 
f 1055/1055/1055 1054/1054/1054 368/368/368 
f 1834/1834/1834 2836/2836/2836 2844/2844/2844 
f 2835/2835/2835 2845/2845/2845 2836/2836/2836 
f 1730/1730/1730 2830/2830/2830 2600/2600/2600 
f 1103/1103/1103 2830/2830/2830 1730/1730/1730 
f 380/380/380 379/379/379 1191/1191/1191 
f 1020/1020/1020 1701/1701/1701 1021/1021/1021 
f 1103/1103/1103 1806/1806/1806 1104/1104/1104 
f 862/862/862 1806/1806/1806 1730/1730/1730 
f 1005/1005/1005 924/924/924 2846/2846/2846 
f 862/862/862 1730/1730/1730 863/863/863 
f 2847/2847/2847 183/183/183 486/486/486 
f 1770/1770/1770 1154/1154/1154 1375/1375/1375 
f 863/863/863 1729/1729/1729 1833/1833/1833 
f 43/43/43 45/45/45 2848/2848/2848 
f 153/153/153 1036/1036/1036 2849/2849/2849 
f 2098/2098/2098 852/852/852 326/326/326 
f 600/600/600 1843/1843/1843 268/268/268 
f 1363/1363/1363 1843/1843/1843 2171/2171/2171 
f 2382/2382/2382 2573/2573/2573 864/864/864 
f 2382/2382/2382 864/864/864 863/863/863 
f 2197/2197/2197 2382/2382/2382 1833/1833/1833 
f 2850/2850/2850 1194/1194/1194 2364/2364/2364 
f 2851/2851/2851 2835/2835/2835 2834/2834/2834 
f 2851/2851/2851 2834/2834/2834 2850/2850/2850 
f 2364/2364/2364 2851/2851/2851 2850/2850/2850 
f 174/174/174 173/173/173 304/304/304 
f 2733/2733/2733 1194/1194/1194 2850/2850/2850 
f 2850/2850/2850 2834/2834/2834 2841/2841/2841 
f 2850/2850/2850 2841/2841/2841 2733/2733/2733 
f 2733/2733/2733 2841/2841/2841 2842/2842/2842 
f 2732/2732/2732 2733/2733/2733 2842/2842/2842 
f 2528/2528/2528 2732/2732/2732 2842/2842/2842 
f 2852/2852/2852 2109/2109/2109 2190/2190/2190 
f 2853/2853/2853 2835/2835/2835 2851/2851/2851 
f 2853/2853/2853 2851/2851/2851 2854/2854/2854 
f 2855/2855/2855 2853/2853/2853 2854/2854/2854 
f 2855/2855/2855 2854/2854/2854 2786/2786/2786 
f 2191/2191/2191 2855/2855/2855 2786/2786/2786 
f 2191/2191/2191 2190/2190/2190 2856/2856/2856 
f 986/986/986 2852/2852/2852 2190/2190/2190 
f 987/987/987 986/986/986 2786/2786/2786 
f 1919/1919/1919 41/41/41 1744/1744/1744 
f 2854/2854/2854 2851/2851/2851 2364/2364/2364 
f 2854/2854/2854 2364/2364/2364 2181/2181/2181 
f 2786/2786/2786 2854/2854/2854 2181/2181/2181 
f 2191/2191/2191 2786/2786/2786 986/986/986 
f 976/976/976 1664/1664/1664 1771/1771/1771 
f 2162/2162/2162 2857/2857/2857 2163/2163/2163 
f 2108/2108/2108 1686/1686/1686 2526/2526/2526 
f 2450/2450/2450 2853/2853/2853 2855/2855/2855 
f 909/909/909 762/762/762 761/761/761 
f 1854/1854/1854 2121/2121/2121 937/937/937 
f 2450/2450/2450 2855/2855/2855 2526/2526/2526 
f 2526/2526/2526 2855/2855/2855 2856/2856/2856 
f 2108/2108/2108 2526/2526/2526 2856/2856/2856 
f 865/865/865 762/762/762 860/860/860 
f 2855/2855/2855 2191/2191/2191 2856/2856/2856 
f 2109/2109/2109 2856/2856/2856 2190/2190/2190 
f 2108/2108/2108 2856/2856/2856 2109/2109/2109 
f 2858/2858/2858 2197/2197/2197 2844/2844/2844 
f 2835/2835/2835 2853/2853/2853 2859/2859/2859 
f 2845/2845/2845 2835/2835/2835 2859/2859/2859 
f 2845/2845/2845 2859/2859/2859 2858/2858/2858 
f 2844/2844/2844 2845/2845/2845 2858/2858/2858 
f 2859/2859/2859 2853/2853/2853 2450/2450/2450 
f 2859/2859/2859 2450/2450/2450 2449/2449/2449 
f 2575/2575/2575 2858/2858/2858 2449/2449/2449 
f 2860/2860/2860 2575/2575/2575 1687/1687/1687 
f 1687/1687/1687 2450/2450/2450 2526/2526/2526 
f 2860/2860/2860 2525/2525/2525 2576/2576/2576 
f 2198/2198/2198 2197/2197/2197 2858/2858/2858 
f 2198/2198/2198 2858/2858/2858 2575/2575/2575 
f 2577/2577/2577 2198/2198/2198 2575/2575/2575 
f 824/824/824 16/16/16 727/727/727 
f 1840/1840/1840 1702/1702/1702 1841/1841/1841 
f 2575/2575/2575 2860/2860/2860 2576/2576/2576 
f 2449/2449/2449 1687/1687/1687 2575/2575/2575 
f 2860/2860/2860 1687/1687/1687 1153/1153/1153 
f 2196/2196/2196 2382/2382/2382 2197/2197/2197 
f 2573/2573/2573 2382/2382/2382 2196/2196/2196 
f 1716/1716/1716 2573/2573/2573 2196/2196/2196 
f 1716/1716/1716 2196/2196/2196 1052/1052/1052 
f 18/18/18 874/874/874 19/19/19 
f 1050/1050/1050 2196/2196/2196 2198/2198/2198 
f 1050/1050/1050 2198/2198/2198 2577/2577/2577 
f 1901/1901/1901 799/799/799 798/798/798 
f 1050/1050/1050 2577/2577/2577 2524/2524/2524 
f 2524/2524/2524 2577/2577/2577 2576/2576/2576 
f 1716/1716/1716 1052/1052/1052 1717/1717/1717 
f 1217/1217/1217 225/225/225 2667/2667/2667 
f 2108/2108/2108 1419/1419/1419 1686/1686/1686 
f 32/32/32 2354/2354/2354 1495/1495/1495 
f 227/227/227 1051/1051/1051 1500/1500/1500 
f 2524/2524/2524 1500/1500/1500 1051/1051/1051 
f 1051/1051/1051 1050/1050/1050 2524/2524/2524 
f 1099/1099/1099 916/916/916 2054/2054/2054 
f 2074/2074/2074 2752/2752/2752 1484/1484/1484 
f 2852/2852/2852 176/176/176 1125/1125/1125 
f 178/178/178 2772/2772/2772 176/176/176 
f 176/176/176 2852/2852/2852 986/986/986 
f 177/177/177 176/176/176 986/986/986 
f 1524/1524/1524 1347/1347/1347 764/764/764 
f 387/387/387 1265/1265/1265 1267/1267/1267 
f 2861/2861/2861 2109/2109/2109 2852/2852/2852 
f 2861/2861/2861 2852/2852/2852 1125/1125/1125 
f 1267/1267/1267 2861/2861/2861 1125/1125/1125 
f 1267/1267/1267 1125/1125/1125 387/387/387 
f 1125/1125/1125 2772/2772/2772 388/388/388 
f 2862/2862/2862 2109/2109/2109 2861/2861/2861 
f 2862/2862/2862 2861/2861/2861 2863/2863/2863 
f 2523/2523/2523 2862/2862/2862 2863/2863/2863 
f 2139/2139/2139 2523/2523/2523 2863/2863/2863 
f 2139/2139/2139 2863/2863/2863 1266/1266/1266 
f 2863/2863/2863 2861/2861/2861 1267/1267/1267 
f 2863/2863/2863 1267/1267/1267 1266/1266/1266 
f 1265/1265/1265 2393/2393/2393 1266/1266/1266 
f 2862/2862/2862 1786/1786/1786 2109/2109/2109 
f 1525/1525/1525 2267/2267/2267 1526/1526/1526 
f 221/221/221 220/220/220 457/457/457 
f 2522/2522/2522 1786/1786/1786 2862/2862/2862 
f 2864/2864/2864 333/333/333 2735/2735/2735 
f 2108/2108/2108 1786/1786/1786 1419/1419/1419 
f 2040/2040/2040 41/41/41 525/525/525 
f 1805/1805/1805 932/932/932 1590/1590/1590 
f 2243/2243/2243 2414/2414/2414 350/350/350 
f 2864/2864/2864 2735/2735/2735 1787/1787/1787 
f 2865/2865/2865 2864/2864/2864 1787/1787/1787 
f 2522/2522/2522 1787/1787/1787 1786/1786/1786 
f 2865/2865/2865 1787/1787/1787 2522/2522/2522 
f 2141/2141/2141 2865/2865/2865 2522/2522/2522 
f 1152/1152/1152 2525/2525/2525 2860/2860/2860 
f 15/15/15 690/690/690 727/727/727 
f 1152/1152/1152 2860/2860/2860 1153/1153/1153 
f 1140/1140/1140 1142/1142/1142 632/632/632 
f 705/705/705 704/704/704 2866/2866/2866 
f 44/44/44 43/43/43 2496/2496/2496 
f 2735/2735/2735 333/333/333 1151/1151/1151 
f 2867/2867/2867 1013/1013/1013 1015/1015/1015 
f 2868/2868/2868 1152/1152/1152 2143/2143/2143 
f 2868/2868/2868 2143/2143/2143 2311/2311/2311 
f 1015/1015/1015 2043/2043/2043 2311/2311/2311 
f 331/331/331 2867/2867/2867 1015/1015/1015 
f 1151/1151/1151 2143/2143/2143 1152/1152/1152 
f 331/331/331 1015/1015/1015 332/332/332 
f 293/293/293 2042/2042/2042 1568/1568/1568 
f 2143/2143/2143 332/332/332 2311/2311/2311 
f 2525/2525/2525 1152/1152/1152 2868/2868/2868 
f 2126/2126/2126 2525/2525/2525 2868/2868/2868 
f 2126/2126/2126 2868/2868/2868 1501/1501/1501 
f 484/484/484 413/413/413 412/412/412 
f 1143/1143/1143 1183/1183/1183 2657/2657/2657 
f 915/915/915 681/681/681 680/680/680 
f 2043/2043/2043 1501/1501/1501 2311/2311/2311 
f 1654/1654/1654 2039/2039/2039 1385/1385/1385 
f 1501/1501/1501 2043/2043/2043 1423/1423/1423 
f 2213/2213/2213 1297/1297/1297 2217/2217/2217 
f 2584/2584/2584 858/858/858 857/857/857 
f 387/387/387 386/386/386 2416/2416/2416 
f 350/350/350 2416/2416/2416 386/386/386 
f 2772/2772/2772 1181/1181/1181 388/388/388 
f 2869/2869/2869 2335/2335/2335 2521/2521/2521 
f 2870/2870/2870 2588/2588/2588 2453/2453/2453 
f 489/489/489 611/611/611 490/490/490 
f 2453/2453/2453 611/611/611 2471/2471/2471 
f 610/610/610 489/489/489 1232/1232/1232 
f 2521/2521/2521 610/610/610 1232/1232/1232 
f 2869/2869/2869 2521/2521/2521 1232/1232/1232 
f 639/639/639 2869/2869/2869 1232/1232/1232 
f 2447/2447/2447 2588/2588/2588 2870/2870/2870 
f 640/640/640 639/639/639 1232/1232/1232 
f 2452/2452/2452 2588/2588/2588 2469/2469/2469 
f 2452/2452/2452 2469/2469/2469 490/490/490 
f 2452/2452/2452 490/490/490 611/611/611 
f 640/640/640 489/489/489 491/491/491 
f 2871/2871/2871 2511/2511/2511 2307/2307/2307 
f 124/124/124 2016/2016/2016 137/137/137 
f 2470/2470/2470 2870/2870/2870 2453/2453/2453 
f 2470/2470/2470 2471/2471/2471 2872/2872/2872 
f 2307/2307/2307 2470/2470/2470 2872/2872/2872 
f 2871/2871/2871 2307/2307/2307 2872/2872/2872 
f 2873/2873/2873 2871/2871/2871 2872/2872/2872 
f 610/610/610 2471/2471/2471 611/611/611 
f 2471/2471/2471 610/610/610 2874/2874/2874 
f 2872/2872/2872 2471/2471/2471 2874/2874/2874 
f 2873/2873/2873 2872/2872/2872 2874/2874/2874 
f 1529/1529/1529 2873/2873/2873 2874/2874/2874 
f 1782/1782/1782 2875/2875/2875 1742/1742/1742 
f 2874/2874/2874 610/610/610 2521/2521/2521 
f 1529/1529/1529 2874/2874/2874 2521/2521/2521 
f 2876/2876/2876 2335/2335/2335 2869/2869/2869 
f 2314/2314/2314 2876/2876/2876 2391/2391/2391 
f 2230/2230/2230 2876/2876/2876 2314/2314/2314 
f 1612/1612/1612 2230/2230/2230 1738/1738/1738 
f 2869/2869/2869 639/639/639 2391/2391/2391 
f 2046/2046/2046 2018/2018/2018 2034/2034/2034 
f 1738/1738/1738 2314/2314/2314 1600/1600/1600 
f 638/638/638 2391/2391/2391 639/639/639 
f 638/638/638 640/640/640 1835/1835/1835 
f 2246/2246/2246 2360/2360/2360 830/830/830 
f 2877/2877/2877 2335/2335/2335 2876/2876/2876 
f 2877/2877/2877 2876/2876/2876 2230/2230/2230 
f 1614/1614/1614 2877/2877/2877 2230/2230/2230 
f 2359/2359/2359 2360/2360/2360 1613/1613/1613 
f 371/371/371 1811/1811/1811 2098/2098/2098 
f 1612/1612/1612 2878/2878/2878 1613/1613/1613 
f 1360/1360/1360 864/864/864 2574/2574/2574 
f 2359/2359/2359 1613/1613/1613 2878/2878/2878 
f 801/801/801 1444/1444/1444 802/802/802 
f 1550/1550/1550 1551/1551/1551 1603/1603/1603 
f 612/612/612 2335/2335/2335 2877/2877/2877 
f 612/612/612 2877/2877/2877 2879/2879/2879 
f 2879/2879/2879 2088/2088/2088 585/585/585 
f 2088/2088/2088 2880/2880/2880 1200/1200/1200 
f 2881/2881/2881 2880/2880/2880 2088/2088/2088 
f 2879/2879/2879 2877/2877/2877 1614/1614/1614 
f 2461/2461/2461 2879/2879/2879 1614/1614/1614 
f 2088/2088/2088 2879/2879/2879 2461/2461/2461 
f 2088/2088/2088 2461/2461/2461 2881/2881/2881 
f 2461/2461/2461 1613/1613/1613 2360/2360/2360 
f 2881/2881/2881 2461/2461/2461 2360/2360/2360 
f 2246/2246/2246 2881/2881/2881 2360/2360/2360 
f 2882/2882/2882 2511/2511/2511 2871/2871/2871 
f 2335/2335/2335 612/612/612 613/613/613 
f 1880/1880/1880 1910/1910/1910 2091/2091/2091 
f 2873/2873/2873 1529/1529/1529 1528/1528/1528 
f 2873/2873/2873 1528/1528/1528 2883/2883/2883 
f 2871/2871/2871 2873/2873/2873 2883/2883/2883 
f 2882/2882/2882 2871/2871/2871 2883/2883/2883 
f 2100/2100/2100 2883/2883/2883 1528/1528/1528 
f 612/612/612 585/585/585 584/584/584 
f 2100/2100/2100 1528/1528/1528 584/584/584 
f 2414/2414/2414 2416/2416/2416 350/350/350 
f 173/173/173 175/175/175 2019/2019/2019 
f 1491/1491/1491 2882/2882/2882 2884/2884/2884 
f 1491/1491/1491 2884/2884/2884 2885/2885/2885 
f 2509/2509/2509 1491/1491/1491 2885/2885/2885 
f 2508/2508/2508 2509/2509/2509 2885/2885/2885 
f 2886/2886/2886 2508/2508/2508 2885/2885/2885 
f 2884/2884/2884 2882/2882/2882 2883/2883/2883 
f 2884/2884/2884 2883/2883/2883 2100/2100/2100 
f 2884/2884/2884 2100/2100/2100 2885/2885/2885 
f 2886/2886/2886 2885/2885/2885 2100/2100/2100 
f 1292/1292/1292 1473/1473/1473 1384/1384/1384 
f 2886/2886/2886 2100/2100/2100 2887/2887/2887 
f 1201/1201/1201 2887/2887/2887 583/583/583 
f 2100/2100/2100 583/583/583 2887/2887/2887 
f 511/511/511 507/507/507 506/506/506 
f 512/512/512 507/507/507 702/702/702 
f 2888/2888/2888 2359/2359/2359 2878/2878/2878 
f 2889/2889/2889 2362/2362/2362 493/493/493 
f 2422/2422/2422 2654/2654/2654 2421/2421/2421 
f 68/68/68 70/70/70 112/112/112 
f 2359/2359/2359 2888/2888/2888 1429/1429/1429 
f 231/231/231 965/965/965 444/444/444 
f 1428/1428/1428 2422/2422/2422 831/831/831 
f 2422/2422/2422 1428/1428/1428 2890/2890/2890 
f 2890/2890/2890 2654/2654/2654 2422/2422/2422 
f 2891/2891/2891 2890/2890/2890 1428/1428/1428 
f 2892/2892/2892 1428/1428/1428 1429/1429/1429 
f 2891/2891/2891 1428/1428/1428 2892/2892/2892 
f 190/190/190 189/189/189 2592/2592/2592 
f 2278/2278/2278 2246/2246/2246 832/832/832 
f 2278/2278/2278 832/832/832 2592/2592/2592 
f 1264/1264/1264 2425/2425/2425 2592/2592/2592 
f 2351/2351/2351 190/190/190 2425/2425/2425 
f 2425/2425/2425 1894/1894/1894 748/748/748 
f 1264/1264/1264 831/831/831 2422/2422/2422 
f 2421/2421/2421 2425/2425/2425 1264/1264/1264 
f 2421/2421/2421 2420/2420/2420 1894/1894/1894 
f 2881/2881/2881 2246/2246/2246 2279/2279/2279 
f 2880/2880/2880 2881/2881/2881 2279/2279/2279 
f 1977/1977/1977 495/495/495 494/494/494 
f 1764/1764/1764 219/219/219 2406/2406/2406 
f 62/62/62 2519/2519/2519 1574/1574/1574 
f 2893/2893/2893 1200/1200/1200 2880/2880/2880 
f 2893/2893/2893 2880/2880/2880 2894/2894/2894 
f 2895/2895/2895 2893/2893/2893 2894/2894/2894 
f 2895/2895/2895 2894/2894/2894 2896/2896/2896 
f 2519/2519/2519 2895/2895/2895 2896/2896/2896 
f 2519/2519/2519 2896/2896/2896 1574/1574/1574 
f 2897/2897/2897 1575/1575/1575 1574/1574/1574 
f 2894/2894/2894 2880/2880/2880 2279/2279/2279 
f 2894/2894/2894 2279/2279/2279 643/643/643 
f 2896/2896/2896 2894/2894/2894 643/643/643 
f 2896/2896/2896 643/643/643 644/644/644 
f 1574/1574/1574 2896/2896/2896 644/644/644 
f 2897/2897/2897 1574/1574/1574 644/644/644 
f 188/188/188 2897/2897/2897 644/644/644 
f 189/189/189 643/643/643 2278/2278/2278 
f 974/974/974 975/975/975 2515/2515/2515 
f 188/188/188 644/644/644 189/189/189 
f 1201/1201/1201 1200/1200/1200 2893/2893/2893 
f 1201/1201/1201 2893/2893/2893 2898/2898/2898 
f 2887/2887/2887 1201/1201/1201 2898/2898/2898 
f 2887/2887/2887 2898/2898/2898 2899/2899/2899 
f 2886/2886/2886 2887/2887/2887 2899/2899/2899 
f 2886/2886/2886 2899/2899/2899 1624/1624/1624 
f 2508/2508/2508 2886/2886/2886 1624/1624/1624 
f 2898/2898/2898 2893/2893/2893 2895/2895/2895 
f 2898/2898/2898 2895/2895/2895 2900/2900/2900 
f 2899/2899/2899 2898/2898/2898 2900/2900/2900 
f 2899/2899/2899 2900/2900/2900 1625/1625/1625 
f 1624/1624/1624 2899/2899/2899 1625/1625/1625 
f 32/32/32 31/31/31 2354/2354/2354 
f 2900/2900/2900 2895/2895/2895 2519/2519/2519 
f 2900/2900/2900 2519/2519/2519 104/104/104 
f 1625/1625/1625 2900/2900/2900 104/104/104 
f 2901/2901/2901 1126/1126/1126 2902/2902/2902 
f 1625/1625/1625 104/104/104 103/103/103 
f 105/105/105 104/104/104 2520/2520/2520 
f 2509/2509/2509 2508/2508/2508 1069/1069/1069 
f 1624/1624/1624 1623/1623/1623 1070/1070/1070 
f 1816/1816/1816 1831/1831/1831 1799/1799/1799 
f 103/103/103 805/805/805 1623/1623/1623 
f 2508/2508/2508 1624/1624/1624 1070/1070/1070 
f 1625/1625/1625 103/103/103 1623/1623/1623 
f 2772/2772/2772 1125/1125/1125 176/176/176 
f 2356/2356/2356 1263/1263/1263 2441/2441/2441 
f 2903/2903/2903 1263/1263/1263 2356/2356/2356 
f 2654/2654/2654 2357/2357/2357 2441/2441/2441 
f 2424/2424/2424 2441/2441/2441 1263/1263/1263 
f 2357/2357/2357 2654/2654/2654 2890/2890/2890 
f 2357/2357/2357 2890/2890/2890 2904/2904/2904 
f 2904/2904/2904 2890/2890/2890 2891/2891/2891 
f 2905/2905/2905 2500/2500/2500 2906/2906/2906 
f 1849/1849/1849 974/974/974 2156/2156/2156 
f 2424/2424/2424 1263/1263/1263 1262/1262/1262 
f 1261/1261/1261 2907/2907/2907 2908/2908/2908 
f 2905/2905/2905 2906/2906/2906 2907/2907/2907 
f 1261/1261/1261 1263/1263/1263 2903/2903/2903 
f 2908/2908/2908 1496/1496/1496 1262/1262/1262 
f 1496/1496/1496 2908/2908/2908 1497/1497/1497 
f 1497/1497/1497 1058/1058/1058 1057/1057/1057 
f 2909/2909/2909 40/40/40 394/394/394 
f 1058/1058/1058 2866/2866/2866 704/704/704 
f 1261/1261/1261 2908/2908/2908 1262/1262/1262 
f 2906/2906/2906 2908/2908/2908 2907/2907/2907 
f 1497/1497/1497 2908/2908/2908 2906/2906/2906 
f 1497/1497/1497 2906/2906/2906 1058/1058/1058 
f 2866/2866/2866 1058/1058/1058 2500/2500/2500 
f 2906/2906/2906 2500/2500/2500 1058/1058/1058 
f 1262/1262/1262 1895/1895/1895 2424/2424/2424 
f 655/655/655 647/647/647 642/642/642 
f 746/746/746 748/748/748 1894/1894/1894 
f 559/559/559 1975/1975/1975 2009/2009/2009 
f 1895/1895/1895 1496/1496/1496 2910/2910/2910 
f 746/746/746 1895/1895/1895 2910/2910/2910 
f 746/746/746 2910/2910/2910 2247/2247/2247 
f 746/746/746 2247/2247/2247 747/747/747 
f 1057/1057/1057 2910/2910/2910 1496/1496/1496 
f 2910/2910/2910 1057/1057/1057 1078/1078/1078 
f 2139/2139/2139 1266/1266/1266 2911/2911/2911 
f 2351/2351/2351 748/748/748 2352/2352/2352 
f 2352/2352/2352 748/748/748 747/747/747 
f 2689/2689/2689 2352/2352/2352 747/747/747 
f 1080/1080/1080 950/950/950 2247/2247/2247 
f 2691/2691/2691 1755/1755/1755 1859/1859/1859 
f 397/397/397 221/221/221 408/408/408 
f 747/747/747 2247/2247/2247 950/950/950 
f 76/76/76 75/75/75 98/98/98 
f 856/856/856 273/273/273 150/150/150 
f 1057/1057/1057 1767/1767/1767 1078/1078/1078 
f 188/188/188 2352/2352/2352 2912/2912/2912 
f 2897/2897/2897 188/188/188 2912/2912/2912 
f 2897/2897/2897 2912/2912/2912 2913/2913/2913 
f 1575/1575/1575 2897/2897/2897 2913/2913/2913 
f 1575/1575/1575 2913/2913/2913 2914/2914/2914 
f 2912/2912/2912 2352/2352/2352 2689/2689/2689 
f 2912/2912/2912 2689/2689/2689 2915/2915/2915 
f 2913/2913/2913 2912/2912/2912 2915/2915/2915 
f 2916/2916/2916 2913/2913/2913 2915/2915/2915 
f 2917/2917/2917 2916/2916/2916 2915/2915/2915 
f 949/949/949 2689/2689/2689 950/950/950 
f 2915/2915/2915 2689/2689/2689 949/949/949 
f 2917/2917/2917 2915/2915/2915 949/949/949 
f 2918/2918/2918 2917/2917/2917 949/949/949 
f 1080/1080/1080 951/951/951 950/950/950 
f 2918/2918/2918 949/949/949 951/951/951 
f 1471/1471/1471 1877/1877/1877 2750/2750/2750 
f 62/62/62 1575/1575/1575 63/63/63 
f 2914/2914/2914 63/63/63 1575/1575/1575 
f 63/63/63 2914/2914/2914 1862/1862/1862 
f 1184/1184/1184 63/63/63 1862/1862/1862 
f 1862/1862/1862 2919/2919/2919 1863/1863/1863 
f 2920/2920/2920 2919/2919/2919 1862/1862/1862 
f 2916/2916/2916 2914/2914/2914 2913/2913/2913 
f 1862/1862/1862 2914/2914/2914 2916/2916/2916 
f 1862/1862/1862 2916/2916/2916 2920/2920/2920 
f 2920/2920/2920 2916/2916/2916 2917/2917/2917 
f 2921/2921/2921 2920/2920/2920 2917/2917/2917 
f 2918/2918/2918 2921/2921/2921 2917/2917/2917 
f 105/105/105 2520/2520/2520 64/64/64 
f 379/379/379 1173/1173/1173 1124/1124/1124 
f 92/92/92 406/406/406 113/113/113 
f 1486/1486/1486 632/632/632 1142/1142/1142 
f 365/365/365 367/367/367 674/674/674 
f 2155/2155/2155 1921/1921/1921 1269/1269/1269 
f 2700/2700/2700 1346/1346/1346 100/100/100 
f 2206/2206/2206 2222/2222/2222 2275/2275/2275 
f 524/524/524 357/357/357 359/359/359 
f 1123/1123/1123 102/102/102 105/105/105 
f 2700/2700/2700 100/100/100 1637/1637/1637 
f 2459/2459/2459 2700/2700/2700 1637/1637/1637 
f 2501/2501/2501 2500/2500/2500 2905/2905/2905 
f 1741/1741/1741 2501/2501/2501 206/206/206 
f 2163/2163/2163 2857/2857/2857 1610/1610/1610 
f 1608/1608/1608 2857/2857/2857 1961/1961/1961 
f 2905/2905/2905 2907/2907/2907 207/207/207 
f 2905/2905/2905 207/207/207 206/206/206 
f 1741/1741/1741 206/206/206 1742/1742/1742 
f 207/207/207 2907/2907/2907 2922/2922/2922 
f 1829/1829/1829 1087/1087/1087 1455/1455/1455 
f 2626/2626/2626 2643/2643/2643 2923/2923/2923 
f 2924/2924/2924 2626/2626/2626 2923/2923/2923 
f 2924/2924/2924 2923/2923/2923 1088/1088/1088 
f 2924/2924/2924 1088/1088/1088 1087/1087/1087 
f 867/867/867 1486/1486/1486 1666/1666/1666 
f 2182/2182/2182 629/629/629 523/523/523 
f 2923/2923/2923 2643/2643/2643 2925/2925/2925 
f 2923/2923/2923 2925/2925/2925 2926/2926/2926 
f 1088/1088/1088 2923/2923/2923 2926/2926/2926 
f 1088/1088/1088 2926/2926/2926 2927/2927/2927 
f 1086/1086/1086 1088/1088/1088 2927/2927/2927 
f 1629/1629/1629 1086/1086/1086 2927/2927/2927 
f 1628/1628/1628 1629/1629/1629 2927/2927/2927 
f 2926/2926/2926 2925/2925/2925 2928/2928/2928 
f 2926/2926/2926 2928/2928/2928 2929/2929/2929 
f 2927/2927/2927 2926/2926/2926 2929/2929/2929 
f 1628/1628/1628 2927/2927/2927 2929/2929/2929 
f 1035/1035/1035 1628/1628/1628 2929/2929/2929 
f 2929/2929/2929 2928/2928/2928 2518/2518/2518 
f 1035/1035/1035 2929/2929/2929 2518/2518/2518 
f 2624/2624/2624 2623/2623/2623 2373/2373/2373 
f 2626/2626/2626 2924/2924/2924 2625/2625/2625 
f 2625/2625/2625 2924/2924/2924 377/377/377 
f 2373/2373/2373 375/375/375 2516/2516/2516 
f 375/375/375 2373/2373/2373 2623/2623/2623 
f 377/377/377 2924/2924/2924 1087/1087/1087 
f 377/377/377 1087/1087/1087 2516/2516/2516 
f 377/377/377 2516/2516/2516 375/375/375 
f 728/728/728 2373/2373/2373 2516/2516/2516 
f 728/728/728 2516/2516/2516 1829/1829/1829 
f 865/865/865 1827/1827/1827 1485/1485/1485 
f 2930/2930/2930 2640/2640/2640 885/885/885 
f 1335/1335/1335 1444/1444/1444 1317/1317/1317 
f 839/839/839 770/770/770 772/772/772 
f 1086/1086/1086 1629/1629/1629 771/771/771 
f 421/421/421 436/436/436 1846/1846/1846 
f 1029/1029/1029 1031/1031/1031 2072/2072/2072 
f 1628/1628/1628 1037/1037/1037 772/772/772 
f 1035/1035/1035 1037/1037/1037 1628/1628/1628 
f 882/882/882 128/128/128 883/883/883 
f 1830/1830/1830 729/729/729 1829/1829/1829 
f 133/133/133 729/729/729 1830/1830/1830 
f 973/973/973 135/135/135 1346/1346/1346 
f 138/138/138 125/125/125 133/133/133 
f 2931/2931/2931 138/138/138 133/133/133 
f 1165/1165/1165 2354/2354/2354 29/29/29 
f 2931/2931/2931 133/133/133 1830/1830/1830 
f 2932/2932/2932 2931/2931/2931 1830/1830/1830 
f 770/770/770 1924/1924/1924 771/771/771 
f 2932/2932/2932 1830/1830/1830 1924/1924/1924 
f 2455/2455/2455 2932/2932/2932 1924/1924/1924 
f 232/232/232 823/823/823 2760/2760/2760 
f 728/728/728 1829/1829/1829 729/729/729 
f 2436/2436/2436 2605/2605/2605 1493/1493/1493 
f 728/728/728 730/730/730 241/241/241 
f 1019/1019/1019 2650/2650/2650 1020/1020/1020 
f 808/808/808 789/789/789 1769/1769/1769 
f 139/139/139 730/730/730 132/132/132 
f 1089/1089/1089 140/140/140 142/142/142 
f 226/226/226 228/228/228 1422/1422/1422 
f 133/133/133 132/132/132 729/729/729 
f 2933/131/2933 140/140/140 139/139/139 
f 140/140/140 2933/131/2933 141/141/141 
f 125/125/125 131/131/131 132/132/132 
f 1849/1849/1849 2156/2156/2156 2620/2620/2620 
f 241/241/241 2624/2624/2624 2373/2373/2373 
f 1849/1849/1849 2624/2624/2624 241/241/241 
f 2624/2624/2624 1849/1849/1849 2620/2620/2620 
f 2606/2606/2606 2620/2620/2620 2156/2156/2156 
f 424/424/424 426/426/426 1468/1468/1468 
f 2515/2515/2515 1256/1256/1256 974/974/974 
f 1089/1089/1089 2515/2515/2515 975/975/975 
f 1255/1255/1255 2156/2156/2156 1256/1256/1256 
f 1249/1249/1249 721/721/721 1146/1146/1146 
f 1147/1147/1147 1256/1256/1256 1250/1250/1250 
f 1146/1146/1146 1147/1147/1147 1250/1250/1250 
f 1250/1250/1250 1256/1256/1256 2515/2515/2515 
f 1249/1249/1249 1250/1250/1250 1230/1230/1230 
f 1540/1540/1540 2200/2200/2200 2398/2398/2398 
f 1340/1340/1340 2751/2751/2751 2750/2750/2750 
f 124/124/124 130/130/130 125/125/125 
f 427/427/427 429/429/429 2131/2131/2131 
f 657/657/657 1875/1875/1875 1453/1453/1453 
f 138/138/138 2931/2931/2931 1875/1875/1875 
f 2931/2931/2931 2766/2766/2766 1875/1875/1875 
f 2766/2766/2766 2931/2931/2931 2932/2932/2932 
f 2934/2933/2934 2766/2766/2766 2932/2932/2932 
f 2455/2455/2455 2934/2933/2934 2932/2932/2932 
f 137/137/137 2016/2016/2016 122/122/122 
f 121/121/121 2134/2134/2134 122/122/122 
f 656/656/656 124/124/124 126/126/126 
f 1502/1502/1502 1310/1310/1310 1309/1309/1309 
f 1602/1602/1602 2016/2016/2016 656/656/656 
f 1540/1540/1540 1536/1536/1536 1541/1541/1541 
f 1075/1075/1075 1074/1074/1074 1993/1993/1993 
f 2637/2637/2637 130/130/130 137/137/137 
f 2638/2638/2638 2637/2637/2637 2134/2134/2134 
f 1076/1076/1076 2638/2638/2638 2065/2065/2065 
f 1076/1076/1076 2065/2065/2065 1074/1074/1074 
f 2637/2637/2637 137/137/137 2134/2134/2134 
f 2154/2154/2154 2234/2234/2234 1923/1923/1923 
f 2065/2065/2065 2638/2638/2638 2134/2134/2134 
f 2066/2066/2066 2065/2065/2065 2134/2134/2134 
f 142/142/142 1231/1231/1231 1089/1089/1089 
f 141/141/141 130/130/130 2637/2637/2637 
f 2636/2636/2636 141/141/141 2637/2637/2637 
f 142/142/142 141/141/141 2636/2636/2636 
f 1552/1552/1552 959/959/959 1553/1553/1553 
f 2636/2636/2636 2935/2934/2935 142/142/142 
f 2935/2934/2935 1231/1231/1231 142/142/142 
f 2638/2638/2638 1076/1076/1076 2636/2636/2636 
f 2636/2636/2636 1076/1076/1076 2935/2934/2935 
f 1075/1075/1075 2935/2934/2935 1076/1076/1076 
f 1558/1558/1558 539/539/539 1546/1546/1546 
f 2936/2935/2936 1936/1936/1936 2514/2514/2514 
f 1231/1231/1231 2937/2936/2937 2938/2937/2938 
f 2939/2938/2939 2937/2936/2937 2693/2693/2693 
f 2940/2939/2940 2939/2938/2939 2693/2693/2693 
f 2940/2939/2940 2693/2693/2693 2941/2940/2941 
f 2514/2514/2514 2940/2939/2940 2941/2940/2941 
f 2936/2935/2936 2514/2514/2514 2941/2940/2941 
f 2937/2936/2937 1231/1231/1231 2935/2934/2935 
f 2693/2693/2693 2937/2936/2937 1075/1075/1075 
f 2437/2437/2437 2936/2935/2936 2941/2940/2941 
f 2935/2934/2935 1075/1075/1075 2937/2936/2937 
f 2648/2648/2648 1274/1274/1274 2653/2653/2653 
f 2941/2940/2941 2693/2693/2693 1994/1994/1994 
f 2437/2437/2437 1994/1994/1994 2053/2053/2053 
f 1230/1230/1230 1231/1231/1231 2938/2937/2938 
f 1249/1249/1249 1230/1230/1230 2938/2937/2938 
f 1249/1249/1249 2938/2937/2938 2942/2941/2942 
f 721/721/721 1249/1249/1249 2942/2941/2942 
f 2589/2589/2589 721/721/721 2942/2941/2942 
f 2943/2942/2943 2589/2589/2589 2942/2941/2942 
f 2939/2938/2939 2938/2937/2938 2937/2936/2937 
f 2939/2938/2939 2943/2942/2943 2942/2941/2942 
f 2943/2942/2943 2939/2938/2939 2940/2939/2940 
f 1946/1946/1946 2943/2942/2943 2940/2939/2940 
f 1938/1938/1938 1946/1946/1946 2514/2514/2514 
f 2940/2939/2940 2514/2514/2514 1946/1946/1946 
f 587/587/587 1938/1938/1938 588/588/588 
f 1435/1435/1435 1434/1434/1434 1997/1997/1997 
f 587/587/587 2589/2589/2589 2943/2942/2943 
f 587/587/587 2943/2942/2943 1946/1946/1946 
f 376/376/376 375/375/375 272/272/272 
f 1434/1434/1434 588/588/588 1937/1937/1937 
f 847/847/847 1/1/1 848/848/848 
f 1997/1997/1997 1937/1937/1937 2400/2400/2400 
f 588/588/588 1938/1938/1938 1937/1937/1937 
f 2944/2943/2944 1902/1902/1902 1548/1548/1548 
f 1954/1954/1954 2295/2295/2295 123/123/123 
f 2359/2359/2359 1429/1429/1429 830/830/830 
f 1602/1602/1602 2945/2944/2945 1955/1955/1955 
f 2447/2447/2447 2512/2512/2512 2448/2448/2448 
f 2946/2945/2946 121/121/121 2295/2295/2295 
f 2947/2946/2947 2946/2945/2946 2295/2295/2295 
f 2947/2946/2947 2295/2295/2295 2948/2947/2948 
f 2512/2512/2512 2947/2946/2947 2948/2947/2948 
f 2125/2125/2125 2948/2947/2948 2295/2295/2295 
f 2066/2066/2066 121/121/121 2946/2945/2946 
f 2066/2066/2066 2946/2945/2946 2599/2599/2599 
f 1050/1050/1050 1052/1052/1052 2196/2196/2196 
f 412/412/412 492/492/492 1922/1922/1922 
f 758/758/758 442/442/442 441/441/441 
f 881/881/881 1785/1785/1785 1784/1784/1784 
f 2515/2515/2515 1230/1230/1230 1250/1250/1250 
f 2470/2470/2470 2307/2307/2307 441/441/441 
f 2599/2599/2599 2946/2945/2946 2949/2948/2949 
f 442/442/442 2599/2599/2599 2949/2948/2949 
f 442/442/442 2949/2948/2949 440/440/440 
f 1438/1438/1438 455/455/455 1335/1335/1335 
f 1658/1658/1658 1590/1590/1590 1752/1752/1752 
f 2870/2870/2870 2470/2470/2470 440/440/440 
f 2949/2948/2949 2946/2945/2946 2947/2946/2947 
f 2949/2948/2949 2947/2946/2947 2513/2513/2513 
f 440/440/440 2949/2948/2949 2513/2513/2513 
f 2870/2870/2870 440/440/440 2513/2513/2513 
f 2513/2513/2513 2947/2946/2947 2512/2512/2512 
f 2870/2870/2870 2513/2513/2513 2447/2447/2447 
f 2065/2065/2065 2064/2064/2064 1074/1074/1074 
f 2436/2436/2436 2053/2053/2053 2605/2605/2605 
f 2064/2064/2064 758/758/758 2008/2008/2008 
f 1110/1110/1110 1993/1993/1993 2008/2008/2008 
f 1239/1239/1239 927/927/927 926/926/926 
f 1110/1110/1110 2605/2605/2605 2053/2053/2053 
f 2008/2008/2008 758/758/758 1110/1110/1110 
f 759/759/759 2511/2511/2511 2605/2605/2605 
f 1993/1993/1993 2053/2053/2053 1994/1994/1994 
f 2436/2436/2436 2950/2949/2950 2437/2437/2437 
f 2950/2949/2950 2436/2436/2436 1492/1492/1492 
f 2510/2510/2510 2950/2949/2950 1492/1492/1492 
f 2103/2103/2103 1033/1033/1033 573/573/573 
f 2510/2510/2510 1492/1492/1492 2509/2509/2509 
f 2882/2882/2882 1491/1491/1491 1493/1493/1493 
f 2436/2436/2436 1493/1493/1493 1492/1492/1492 
f 2511/2511/2511 1493/1493/1493 2605/2605/2605 
f 2882/2882/2882 1493/1493/1493 2511/2511/2511 
f 2951/2950/2951 1936/1936/1936 2936/2935/2936 
f 2936/2935/2936 2437/2437/2437 2950/2949/2950 
f 2951/2950/2951 2936/2935/2936 2950/2949/2950 
f 2951/2950/2951 2950/2949/2950 2510/2510/2510 
f 2292/2292/2292 2951/2950/2951 2510/2510/2510 
f 596/596/596 2103/2103/2103 1000/1000/1000 
f 2400/2400/2400 1936/1936/1936 2951/2950/2951 
f 2400/2400/2400 2951/2950/2951 2292/2292/2292 
f 2292/2292/2292 1068/1068/1068 2399/2399/2399 
f 2507/2507/2507 1068/1068/1068 1070/1070/1070 
f 1623/1623/1623 2507/2507/2507 1070/1070/1070 
f 1936/1936/1936 2400/2400/2400 1937/1937/1937 
f 1997/1997/1997 2400/2400/2400 2399/2399/2399 
f 2106/2106/2106 2107/2107/2107 1358/1358/1358 
f 2399/2399/2399 1998/1998/1998 1997/1997/1997 
f 2765/2765/2765 1998/1998/1998 2399/2399/2399 
f 620/620/620 1150/1150/1150 1820/1820/1820 
f 2765/2765/2765 2399/2399/2399 1068/1068/1068 
f 1426/1426/1426 1538/1538/1538 2952/2951/2952 
f 83/83/83 94/94/94 82/82/82 
f 2115/2115/2115 2765/2765/2765 2507/2507/2507 
f 2585/2585/2585 1435/1435/1435 1998/1998/1998 
f 2585/2585/2585 1998/1998/1998 2405/2405/2405 
f 1900/1900/1900 2585/2585/2585 2405/2405/2405 
f 1900/1900/1900 2114/2114/2114 799/799/799 
f 2953/2952/2953 2384/2384/2384 2954/2953/2954 
f 1346/1346/1346 1345/1345/1345 100/100/100 
f 2405/2405/2405 1998/1998/1998 2765/2765/2765 
f 2405/2405/2405 2765/2765/2765 2115/2115/2115 
f 2405/2405/2405 2115/2115/2115 2114/2114/2114 
f 101/101/101 1345/1345/1345 2114/2114/2114 
f 100/100/100 1345/1345/1345 101/101/101 
f 2948/2947/2948 2448/2448/2448 2512/2512/2512 
f 2448/2448/2448 2948/2947/2948 2955/2954/2955 
f 2136/2136/2136 2955/2954/2955 2603/2603/2603 
f 2137/2137/2137 2136/2136/2136 2603/2603/2603 
f 1008/1008/1008 2137/2137/2137 2603/2603/2603 
f 2955/2954/2955 2948/2947/2948 2125/2125/2125 
f 2603/2603/2603 2955/2954/2955 2125/2125/2125 
f 1008/1008/1008 2603/2603/2603 1009/1009/1009 
f 2280/2280/2280 345/345/345 2378/2378/2378 
f 2289/2289/2289 1432/1432/1432 2956/2955/2956 
f 2289/2289/2289 2956/2955/2956 2348/2348/2348 
f 2284/2284/2284 842/842/842 841/841/841 
f 2956/2955/2956 1432/1432/1432 2957/2956/2957 
f 2956/2955/2956 2957/2956/2957 2958/2957/2958 
f 2959/2958/2959 2956/2955/2956 2958/2957/2958 
f 2959/2958/2959 2958/2957/2958 2960/2959/2960 
f 842/842/842 2959/2958/2959 2960/2959/2960 
f 840/840/840 842/842/842 2960/2959/2960 
f 2961/2960/2961 840/840/840 2960/2959/2960 
f 2961/2960/2961 2960/2959/2960 2919/2919/2919 
f 2958/2957/2958 2919/2919/2919 2960/2959/2960 
f 2958/2957/2958 2957/2956/2957 1863/1863/1863 
f 2919/2919/2919 2958/2957/2958 1863/1863/1863 
f 2289/2289/2289 2348/2348/2348 2290/2290/2290 
f 2347/2347/2347 2348/2348/2348 1477/1477/1477 
f 1476/1476/1476 2347/2347/2347 1477/1477/1477 
f 2565/2565/2565 1476/1476/1476 1478/1478/1478 
f 2959/2958/2959 2348/2348/2348 2956/2955/2956 
f 842/842/842 1477/1477/1477 2959/2958/2959 
f 2284/2284/2284 2565/2565/2565 1478/1478/1478 
f 2348/2348/2348 2959/2958/2959 1477/1477/1477 
f 842/842/842 2284/2284/2284 1478/1478/1478 
f 2918/2918/2918 951/951/951 2506/2506/2506 
f 2962/2961/2962 841/841/841 2963/2962/2963 
f 2506/2506/2506 2962/2961/2962 2963/2962/2963 
f 2918/2918/2918 2506/2506/2506 2963/2962/2963 
f 2921/2921/2921 2918/2918/2918 2963/2962/2963 
f 840/840/840 2963/2962/2963 841/841/841 
f 2963/2962/2963 840/840/840 2921/2921/2921 
f 2921/2921/2921 840/840/840 2961/2960/2961 
f 2920/2920/2920 2921/2921/2921 2961/2960/2961 
f 2919/2919/2919 2920/2920/2920 2961/2960/2961 
f 1101/1101/1101 2964/2963/2964 2965/2964/2965 
f 2966/2965/2966 2967/2966/2967 2962/2961/2962 
f 954/954/954 2967/2966/2967 2966/2965/2966 
f 1101/1101/1101 2965/2964/2965 878/878/878 
f 841/841/841 2962/2961/2962 2967/2966/2967 
f 954/954/954 2966/2965/2966 876/876/876 
f 878/878/878 954/954/954 876/876/876 
f 2263/2263/2263 2966/2965/2966 2506/2506/2506 
f 876/876/876 2966/2965/2966 2263/2263/2263 
f 2962/2961/2962 2506/2506/2506 2966/2965/2966 
f 2967/2966/2967 2968/2967/2968 2283/2283/2283 
f 2969/2968/2969 2968/2967/2968 955/955/955 
f 2969/2968/2969 955/955/955 2970/2969/2970 
f 2505/2505/2505 2969/2968/2969 2970/2969/2970 
f 1509/1509/1509 2505/2505/2505 2970/2969/2970 
f 1592/1592/1592 1509/1509/1509 2970/2969/2970 
f 2968/2967/2968 2967/2966/2967 954/954/954 
f 2968/2967/2968 954/954/954 955/955/955 
f 2965/2964/2965 955/955/955 878/878/878 
f 2970/2969/2970 955/955/955 2965/2964/2965 
f 1592/1592/1592 2970/2969/2970 2965/2964/2965 
f 2964/2963/2964 1592/1592/1592 2965/2964/2965 
f 841/841/841 2967/2966/2967 2283/2283/2283 
f 2284/2284/2284 2283/2283/2283 2038/2038/2038 
f 2565/2565/2565 2284/2284/2284 2038/2038/2038 
f 2038/2038/2038 229/229/229 2565/2565/2565 
f 229/229/229 2038/2038/2038 230/230/230 
f 2038/2038/2038 2283/2283/2283 2971/2970/2971 
f 2968/2967/2968 2971/2970/2971 2283/2283/2283 
f 2038/2038/2038 2971/2970/2971 1638/1638/1638 
f 2971/2970/2971 1535/1535/1535 1638/1638/1638 
f 2971/2970/2971 2968/2967/2968 2969/2968/2969 
f 1535/1535/1535 2971/2970/2971 2969/2968/2969 
f 2505/2505/2505 1535/1535/1535 2969/2968/2969 
f 2128/2128/2128 1359/1359/1359 1358/1358/1358 
f 1311/1311/1311 229/229/229 231/231/231 
f 880/880/880 428/428/428 967/967/967 
f 1776/1776/1776 2398/2398/2398 2200/2200/2200 
f 230/230/230 1638/1638/1638 1320/1320/1320 
f 1508/1508/1508 1541/1541/1541 1536/1536/1536 
f 1536/1536/1536 1535/1535/1535 2505/2505/2505 
f 1508/1508/1508 1536/1536/1536 2505/2505/2505 
f 2417/2417/2417 2541/2541/2541 1366/1366/1366 
f 1395/1395/1395 2964/2963/2964 1101/1101/1101 
f 706/706/706 1395/1395/1395 1101/1101/1101 
f 877/877/877 1101/1101/1101 878/878/878 
f 1767/1767/1767 877/877/877 1079/1079/1079 
f 15/15/15 727/727/727 16/16/16 
f 1399/1399/1399 2964/2963/2964 1395/1395/1395 
f 1398/1398/1398 1395/1395/1395 705/705/705 
f 1847/1847/1847 1448/1448/1448 1398/1398/1398 
f 2972/2971/2972 1847/1847/1847 1398/1398/1398 
f 1425/1425/1425 724/724/724 1539/1539/1539 
f 2972/2971/2972 1398/1398/1398 705/705/705 
f 2004/2004/2004 776/776/776 2397/2397/2397 
f 1593/1593/1593 2964/2963/2964 1399/1399/1399 
f 1354/1354/1354 110/110/110 1409/1409/1409 
f 895/895/895 1593/1593/1593 896/896/896 
f 1399/1399/1399 896/896/896 1593/1593/1593 
f 1399/1399/1399 1448/1448/1448 896/896/896 
f 1377/1377/1377 2249/2249/2249 1662/1662/1662 
f 1592/1592/1592 2964/2963/2964 1593/1593/1593 
f 1509/1509/1509 1592/1592/1592 1594/1594/1594 
f 895/895/895 1594/1594/1594 1593/1593/1593 
f 2504/2504/2504 1594/1594/1594 895/895/895 
f 299/299/299 298/298/298 713/713/713 
f 1509/1509/1509 1594/1594/1594 1507/1507/1507 
f 297/297/297 2973/2972/2973 298/298/298 
f 2974/2973/2974 2973/2972/2973 297/297/297 
f 2974/2973/2974 297/297/297 2440/2440/2440 
f 1507/1507/1507 1594/1594/1594 2504/2504/2504 
f 2440/2440/2440 1507/1507/1507 2504/2504/2504 
f 2503/2503/2503 2440/2440/2440 2504/2504/2504 
f 299/299/299 1541/1541/1541 1508/1508/1508 
f 713/713/713 1541/1541/1541 299/299/299 
f 712/712/712 2408/2408/2408 713/713/713 
f 905/905/905 2408/2408/2408 712/712/712 
f 2330/2330/2330 2333/2333/2333 2323/2323/2323 
f 1452/1452/1452 656/656/656 657/657/657 
f 2755/2755/2755 2069/2069/2069 2756/2756/2756 
f 1845/1845/1845 1847/1847/1847 2972/2971/2972 
f 2502/2502/2502 1845/1845/1845 2972/2971/2972 
f 2502/2502/2502 2972/2971/2972 2866/2866/2866 
f 2500/2500/2500 2502/2502/2502 2866/2866/2866 
f 2866/2866/2866 2972/2971/2972 705/705/705 
f 1549/1549/1549 795/795/795 2063/2063/2063 
f 1448/1448/1448 1847/1847/1847 1846/1846/1846 
f 1376/1376/1376 1177/1177/1177 1245/1245/1245 
f 1845/1845/1845 422/422/422 1846/1846/1846 
f 422/422/422 2063/2063/2063 795/795/795 
f 2975/2974/2975 2063/2063/2063 1845/1845/1845 
f 2975/2974/2975 1845/1845/1845 2502/2502/2502 
f 2501/2501/2501 2975/2974/2975 2502/2502/2502 
f 1010/1010/1010 1955/1955/1955 2945/2944/2945 
f 2061/2061/2061 437/437/437 421/421/421 
f 1313/1313/1313 786/786/786 2101/2101/2101 
f 1766/1766/1766 2113/2113/2113 1959/1959/1959 
f 2302/2302/2302 1177/1177/1177 774/774/774 
f 421/421/421 1846/1846/1846 422/422/422 
f 2061/2061/2061 421/421/421 619/619/619 
f 422/422/422 795/795/795 423/423/423 
f 894/894/894 2503/2503/2503 895/895/895 
f 896/896/896 1448/1448/1448 436/436/436 
f 894/894/894 896/896/896 436/436/436 
f 1448/1448/1448 1846/1846/1846 436/436/436 
f 437/437/437 894/894/894 436/436/436 
f 64/64/64 1123/1123/1123 105/105/105 
f 1793/1793/1793 1858/1858/1858 1794/1794/1794 
f 2503/2503/2503 894/894/894 2976/2975/2976 
f 2426/2426/2426 2503/2503/2503 2976/2975/2976 
f 2426/2426/2426 2976/2975/2976 2427/2427/2427 
f 2464/2464/2464 2427/2427/2427 2976/2975/2976 
f 2427/2427/2427 2464/2464/2464 1795/1795/1795 
f 2427/2427/2427 1795/1795/1795 1794/1794/1794 
f 2463/2463/2463 2976/2975/2976 437/437/437 
f 2464/2464/2464 2976/2975/2976 2463/2463/2463 
f 1525/1525/1525 1795/1795/1795 2464/2464/2464 
f 894/894/894 437/437/437 2976/2975/2976 
f 1525/1525/1525 2464/2464/2464 2267/2267/2267 
f 618/618/618 1526/1526/1526 2267/2267/2267 
f 2267/2267/2267 2463/2463/2463 2061/2061/2061 
f 2440/2440/2440 2503/2503/2503 2426/2426/2426 
f 2440/2440/2440 2426/2426/2426 2974/2973/2974 
f 2977/2976/2977 2973/2972/2973 2974/2973/2974 
f 2974/2973/2974 2426/2426/2426 2428/2428/2428 
f 2977/2976/2977 2974/2973/2974 2428/2428/2428 
f 1302/1302/1302 2977/2976/2977 2428/2428/2428 
f 1302/1302/1302 2428/2428/2428 1794/1794/1794 
f 2652/2652/2652 2648/2648/2648 2653/2653/2653 
f 1401/1401/1401 2973/2972/2973 2978/2977/2978 
f 2977/2976/2977 2978/2977/2978 2973/2972/2973 
f 2978/2977/2978 2977/2976/2977 2499/2499/2499 
f 2977/2976/2977 1302/1302/1302 2499/2499/2499 
f 1831/1831/1831 1331/1331/1331 1880/1880/1880 
f 2699/2699/2699 1756/1756/1756 2036/2036/2036 
f 2978/2977/2978 906/906/906 1401/1401/1401 
f 1721/1721/1721 1688/1688/1688 1576/1576/1576 
f 906/906/906 2978/2977/2978 2498/2498/2498 
f 2498/2498/2498 907/907/907 906/906/906 
f 2499/2499/2499 2498/2498/2498 2978/2977/2978 
f 909/909/909 761/761/761 861/861/861 
f 1696/1696/1696 1979/1979/1979 2498/2498/2498 
f 907/907/907 2498/2498/2498 1979/1979/1979 
f 1743/1743/1743 1548/1548/1548 1547/1547/1547 
f 2063/2063/2063 2975/2974/2975 1547/1547/1547 
f 2975/2974/2975 1741/1741/1741 1547/1547/1547 
f 1741/1741/1741 2975/2974/2975 2501/2501/2501 
f 2979/2978/2979 1170/1170/1170 1047/1047/1047 
f 2980/2979/2980 1047/1047/1047 1049/1049/1049 
f 2945/2944/2945 2980/2979/2980 1049/1049/1049 
f 2859/2859/2859 2449/2449/2449 2858/2858/2858 
f 1049/1049/1049 1784/1784/1784 1010/1010/1010 
f 2945/2944/2945 1049/1049/1049 1010/1010/1010 
f 2980/2979/2980 2979/2978/2979 1047/1047/1047 
f 1454/1454/1454 2979/2978/2979 2980/2979/2980 
f 1454/1454/1454 2980/2979/2980 1452/1452/1452 
f 1452/1452/1452 2980/2979/2980 2945/2944/2945 
f 935/935/935 67/67/67 997/997/997 
f 2319/2319/2319 1170/1170/1170 2979/2978/2979 
f 2170/2170/2170 1042/1042/1042 2319/2319/2319 
f 1042/1042/1042 890/890/890 889/889/889 
f 2319/2319/2319 2979/2978/2979 2320/2320/2320 
f 890/890/890 2170/2170/2170 2981/2980/2981 
f 2982/2981/2982 2981/2980/2981 2170/2170/2170 
f 2320/2320/2320 2979/2978/2979 1454/1454/1454 
f 2982/2981/2982 2170/2170/2170 2320/2320/2320 
f 1874/1874/1874 2982/2981/2982 2320/2320/2320 
f 1874/1874/1874 2320/2320/2320 1454/1454/1454 
f 2455/2455/2455 1589/1589/1589 2983/2982/2983 
f 888/888/888 890/890/890 311/311/311 
f 686/686/686 1666/1666/1666 1188/1188/1188 
f 310/310/310 311/311/311 2983/2982/2983 
f 310/310/310 2983/2982/2983 1589/1589/1589 
f 2934/2933/2934 2455/2455/2455 2983/2982/2983 
f 311/311/311 890/890/890 2981/2980/2981 
f 311/311/311 2981/2980/2981 2983/2982/2983 
f 2934/2933/2934 2983/2982/2983 2981/2980/2981 
f 2934/2933/2934 2981/2980/2981 2982/2981/2982 
f 2766/2766/2766 2934/2933/2934 2982/2981/2982 
f 1874/1874/1874 2766/2766/2766 2982/2981/2982 
f 1725/1725/1725 953/953/953 904/904/904 
f 2257/2257/2257 888/888/888 2332/2332/2332 
f 2331/2331/2331 2332/2332/2332 2984/2983/2984 
f 903/903/903 2331/2331/2331 2984/2983/2984 
f 903/903/903 2984/2983/2984 2985/2984/2985 
f 904/904/904 903/903/903 2985/2984/2985 
f 1725/1725/1725 904/904/904 2985/2984/2985 
f 2849/2849/2849 1725/1725/1725 2985/2984/2985 
f 2332/2332/2332 888/888/888 151/151/151 
f 2984/2983/2984 2332/2332/2332 151/151/151 
f 2984/2983/2984 151/151/151 153/153/153 
f 2985/2984/2985 2984/2983/2984 153/153/153 
f 2849/2849/2849 2985/2984/2985 153/153/153 
f 310/310/310 152/152/152 151/151/151 
f 2001/2001/2001 2271/2271/2271 1999/1999/1999 
f 2001/2001/2001 902/902/902 952/952/952 
f 952/952/952 2271/2271/2271 2001/2001/2001 
f 902/902/902 979/979/979 903/903/903 
f 952/952/952 902/902/902 904/904/904 
f 197/197/197 428/428/428 879/879/879 
f 2331/2331/2331 2337/2337/2337 2257/2257/2257 
f 2699/2699/2699 1067/1067/1067 1066/1066/1066 
f 1726/1726/1726 1515/1515/1515 2517/2517/2517 
f 2517/2517/2517 1515/1515/1515 1035/1035/1035 
f 1725/1725/1725 2849/2849/2849 1515/1515/1515 
f 1515/1515/1515 2849/2849/2849 1036/1036/1036 
f 153/153/153 152/152/152 1036/1036/1036 
f 1037/1037/1037 152/152/152 839/839/839 
f 1228/1228/1228 953/953/953 1725/1725/1725 
f 1228/1228/1228 1725/1725/1725 2986/2985/2986 
f 2987/2986/2987 1228/1228/1228 2986/2985/2986 
f 2987/2986/2987 2986/2985/2986 2988/2987/2988 
f 2987/2986/2987 2988/2987/2988 2401/2401/2401 
f 1337/1337/1337 2473/2473/2473 2988/2987/2988 
f 1337/1337/1337 2988/2987/2988 2986/2985/2986 
f 2986/2985/2986 1725/1725/1725 1726/1726/1726 
f 1337/1337/1337 2986/2985/2986 1726/1726/1726 
f 2680/2680/2680 1337/1337/1337 1726/1726/1726 
f 2474/2474/2474 1011/1011/1011 2122/2122/2122 
f 1227/1227/1227 1228/1228/1228 2987/2986/2987 
f 1227/1227/1227 2987/2986/2987 1333/1333/1333 
f 521/521/521 925/925/925 522/522/522 
f 1333/1333/1333 2122/2122/2122 1011/1011/1011 
f 1333/1333/1333 2987/2986/2987 2401/2401/2401 
f 2473/2473/2473 2401/2401/2401 2988/2987/2988 
f 1838/1838/1838 2497/2497/2497 2271/2271/2271 
f 1227/1227/1227 952/952/952 953/953/953 
f 1227/1227/1227 1838/1838/1838 2271/2271/2271 
f 1227/1227/1227 1334/1334/1334 1838/1838/1838 
f 1122/1122/1122 621/621/621 2334/2334/2334 
f 2369/2369/2369 2371/2371/2371 2214/2214/2214 
f 1611/1611/1611 1481/1481/1481 328/328/328 
f 2727/2727/2727 1857/1857/1857 327/327/327 
f 2727/2727/2727 327/327/327 329/329/329 
f 1336/1336/1336 204/204/204 203/203/203 
f 2989/2988/2989 202/202/202 204/204/204 
f 2473/2473/2473 1337/1337/1337 1336/1336/1336 
f 204/204/204 1337/1337/1337 2680/2680/2680 
f 2989/2988/2989 204/204/204 2680/2680/2680 
f 2517/2517/2517 2989/2988/2989 2680/2680/2680 
f 2990/2989/2990 1646/1646/1646 2012/2012/2012 
f 794/794/794 795/795/795 1902/1902/1902 
f 794/794/794 1902/1902/1902 2367/2367/2367 
f 794/794/794 2367/2367/2367 2402/2402/2402 
f 2367/2367/2367 1902/1902/1902 2368/2368/2368 
f 794/794/794 619/619/619 423/423/423 
f 619/619/619 794/794/794 2402/2402/2402 
f 2277/2277/2277 2402/2402/2402 2367/2367/2367 
f 2402/2402/2402 2277/2277/2277 649/649/649 
f 2402/2402/2402 649/649/649 617/617/617 
f 648/648/648 618/618/618 617/617/617 
f 2262/2262/2262 648/648/648 649/649/649 
f 649/649/649 2277/2277/2277 2261/2261/2261 
f 1719/1719/1719 2262/2262/2262 1748/1748/1748 
f 1720/1720/1720 1719/1719/1719 1733/1733/1733 
f 2253/2253/2253 1734/1734/1734 2142/2142/2142 
f 2251/2251/2251 2253/2253/2253 2142/2142/2142 
f 1446/1446/1446 2251/2251/2251 2142/2142/2142 
f 2142/2142/2142 1447/1447/1447 1446/1446/1446 
f 2142/2142/2142 1734/1734/1734 1723/1723/1723 
f 2355/2355/2355 1723/1723/1723 1734/1734/1734 
f 2660/2660/2660 811/811/811 1850/1850/1850 
f 648/648/648 2262/2262/2262 1718/1718/1718 
f 648/648/648 1718/1718/1718 2991/2990/2991 
f 648/648/648 2991/2990/2991 1526/1526/1526 
f 1526/1526/1526 2991/2990/2991 1527/1527/1527 
f 2281/2281/2281 1718/1718/1718 1720/1720/1720 
f 2991/2990/2991 1718/1718/1718 2281/2281/2281 
f 2992/2991/2992 2991/2990/2991 2281/2281/2281 
f 2252/2252/2252 2992/2991/2992 2281/2281/2281 
f 1734/1734/1734 2253/2253/2253 1720/1720/1720 
f 2281/2281/2281 2253/2253/2253 2252/2252/2252 
f 1525/1525/1525 1527/1527/1527 2993/2992/2993 
f 1795/1795/1795 1525/1525/1525 2993/2992/2993 
f 1793/1793/1793 1795/1795/1795 2993/2992/2993 
f 1793/1793/1793 2993/2992/2993 1094/1094/1094 
f 2992/2991/2992 1527/1527/1527 2991/2990/2991 
f 1527/1527/1527 2992/2991/2992 1092/1092/1092 
f 2993/2992/2993 1527/1527/1527 1092/1092/1092 
f 1094/1094/1094 2993/2992/2993 1092/1092/1092 
f 1092/1092/1092 2992/2991/2992 2252/2252/2252 
f 1092/1092/1092 2252/2252/2252 1093/1093/1093 
f 1093/1093/1093 2252/2252/2252 2251/2251/2251 
f 2495/2495/2495 1093/1093/1093 2251/2251/2251 
f 1131/1131/1131 1445/1445/1445 1447/1447/1447 
f 2994/2993/2994 1446/1446/1446 1445/1445/1445 
f 2081/2081/2081 2994/2993/2994 1445/1445/1445 
f 2081/2081/2081 1445/1445/1445 1512/1512/1512 
f 2995/2994/2995 2996/2995/2996 1555/1555/1555 
f 2495/2495/2495 1446/1446/1446 2994/2993/2994 
f 2995/2994/2995 2495/2495/2495 2994/2993/2994 
f 2995/2994/2995 2994/2993/2994 2996/2995/2996 
f 2997/2996/2997 2996/2995/2996 2081/2081/2081 
f 2996/2995/2996 2994/2993/2994 2081/2081/2081 
f 1511/1511/1511 2997/2996/2997 2081/2081/2081 
f 2998/2997/2998 1094/1094/1094 1093/1093/1093 
f 980/980/980 902/902/902 2001/2001/2001 
f 1793/1793/1793 1094/1094/1094 2129/2129/2129 
f 2998/2997/2998 2495/2495/2495 2995/2994/2995 
f 2495/2495/2495 2998/2997/2998 1093/1093/1093 
f 1554/1554/1554 2129/2129/2129 2998/2997/2998 
f 1094/1094/1094 2998/2997/2998 2129/2129/2129 
f 1554/1554/1554 2998/2997/2998 2995/2994/2995 
f 2499/2499/2499 1302/1302/1302 1304/1304/1304 
f 1302/1302/1302 1858/1858/1858 1303/1303/1303 
f 1490/1490/1490 146/146/146 147/147/147 
f 1858/1858/1858 2129/2129/2129 1927/1927/1927 
f 1554/1554/1554 1927/1927/1927 2129/2129/2129 
f 486/486/486 488/488/488 2494/2494/2494 
f 1511/1511/1511 1513/1513/1513 2847/2847/2847 
f 1511/1511/1511 2847/2847/2847 2999/2998/2999 
f 2997/2996/2997 1511/1511/1511 2999/2998/2999 
f 662/662/662 725/725/725 663/663/663 
f 2997/2996/2997 3000/2999/3000 2996/2995/2996 
f 3001/3000/3001 3000/2999/3000 2997/2996/2997 
f 2999/2998/2999 2847/2847/2847 486/486/486 
f 2999/2998/2999 3001/3000/3001 2997/2996/2997 
f 2494/2494/2494 3001/3000/3001 2999/2998/2999 
f 2999/2998/2999 486/486/486 2494/2494/2494 
f 2244/2244/2244 1672/1672/1672 1671/1671/1671 
f 1832/1832/1832 3000/2999/3000 2245/2245/2245 
f 1765/1765/1765 1832/1832/1832 2245/2245/2245 
f 1765/1765/1765 2245/2245/2245 1671/1671/1671 
f 3002/3001/3002 1672/1672/1672 2244/2244/2244 
f 2245/2245/2245 3000/2999/3000 3001/3000/3001 
f 2245/2245/2245 3001/3000/3001 3003/3002/3003 
f 2244/2244/2244 2245/2245/2245 3003/3002/3003 
f 3002/3001/3002 2244/2244/2244 3003/3002/3003 
f 2493/2493/2493 3002/3001/3002 3003/3002/3003 
f 3003/3002/3003 3001/3000/3001 2494/2494/2494 
f 2493/2493/2493 3003/3002/3003 2494/2494/2494 
f 1927/1927/1927 1554/1554/1554 1556/1556/1556 
f 1304/1304/1304 1303/1303/1303 1959/1959/1959 
f 3000/2999/3000 1832/1832/1832 1555/1555/1555 
f 2441/2441/2441 2424/2424/2424 2420/2420/2420 
f 1670/1670/1670 2113/2113/2113 1671/1671/1671 
f 2827/2827/2827 2698/2698/2698 1980/1980/1980 
f 1696/1696/1696 2499/2499/2499 1304/1304/1304 
f 1979/1979/1979 1696/1696/1696 1697/1697/1697 
f 1979/1979/1979 1697/1697/1697 3004/3003/3004 
f 1980/1980/1980 1979/1979/1979 3004/3003/3004 
f 2827/2827/2827 1980/1980/1980 3004/3003/3004 
f 3005/3004/3005 2827/2827/2827 3004/3003/3004 
f 1959/1959/1959 1697/1697/1697 1304/1304/1304 
f 3004/3003/3004 1697/1697/1697 1939/1939/1939 
f 3005/3004/3005 3004/3003/3004 1939/1939/1939 
f 1940/1940/1940 3005/3004/3005 1939/1939/1939 
f 1939/1939/1939 2113/2113/2113 1670/1670/1670 
f 2147/2147/2147 3006/3005/3006 3007/3006/3007 
f 3008/3007/3008 3007/3006/3007 3006/3005/3006 
f 3009/3008/3009 3010/3009/3010 2491/2491/2491 
f 3008/3007/3008 3009/3008/3009 2491/2491/2491 
f 2491/2491/2491 3010/3009/3010 2492/2492/2492 
f 2377/2377/2377 2530/2530/2530 2273/2273/2273 
f 1905/1905/1905 2147/2147/2147 1906/1906/1906 
f 1323/1323/1323 47/47/47 49/49/49 
f 1906/1906/1906 2147/2147/2147 3007/3006/3007 
f 1906/1906/1906 3007/3006/3007 116/116/116 
f 1906/1906/1906 116/116/116 900/900/900 
f 116/116/116 3007/3006/3007 2183/2183/2183 
f 3008/3007/3008 2183/2183/2183 3007/3006/3007 
f 900/900/900 116/116/116 115/115/115 
f 3008/3007/3008 2491/2491/2491 2183/2183/2183 
f 497/497/497 114/114/114 2183/2183/2183 
f 3011/3010/3011 2490/2490/2490 1041/1041/1041 
f 14/14/14 47/47/47 2745/2745/2745 
f 1947/1947/1947 2305/2305/2305 1905/1905/1905 
f 3011/3010/3011 1041/1041/1041 1947/1947/1947 
f 1948/1948/1948 3011/3010/3011 1947/1947/1947 
f 1947/1947/1947 1905/1905/1905 899/899/899 
f 1581/1581/1581 1041/1041/1041 466/466/466 
f 1530/1530/1530 1532/1532/1532 2488/2488/2488 
f 1530/1530/1530 2490/2490/2490 3011/3010/3011 
f 1530/1530/1530 3011/3010/3011 1531/1531/1531 
f 1531/1531/1531 3011/3010/3011 1948/1948/1948 
f 1948/1948/1948 899/899/899 2489/2489/2489 
f 1531/1531/1531 1948/1948/1948 2823/2823/2823 
f 3012/3011/3012 3013/3012/3013 3014/3013/3014 
f 3015/3014/3015 2490/2490/2490 3016/3015/3016 
f 3017/3016/3017 3015/3014/3015 3016/3015/3016 
f 3017/3016/3017 3016/3015/3016 3018/3017/3018 
f 3019/3018/3019 3017/3016/3017 3018/3017/3018 
f 3012/3011/3012 3014/3013/3014 3019/3018/3019 
f 3020/3019/3020 3012/3011/3012 3019/3018/3019 
f 3016/3015/3016 2490/2490/2490 1530/1530/1530 
f 3020/3019/3020 3019/3018/3019 3018/3017/3018 
f 2380/2380/2380 3020/3019/3020 3018/3017/3018 
f 3016/3015/3016 1530/1530/1530 2488/2488/2488 
f 3018/3017/3018 3016/3015/3016 2488/2488/2488 
f 2380/2380/2380 3018/3017/3018 2488/2488/2488 
f 2380/2380/2380 2488/2488/2488 2487/2487/2487 
f 2490/2490/2490 3015/3014/3015 1040/1040/1040 
f 467/467/467 3015/3014/3015 3017/3016/3017 
f 3021/3020/3021 467/467/467 3017/3016/3017 
f 3021/3020/3021 3017/3016/3017 3022/3021/3022 
f 3023/3022/3023 3021/3020/3021 3022/3021/3022 
f 3023/3022/3023 3022/3021/3022 2486/2486/2486 
f 2022/2022/2022 2021/2021/2021 3024/3023/3024 
f 2486/2486/2486 3022/3021/3022 3024/3023/3024 
f 2486/2486/2486 3024/3023/3024 2021/2021/2021 
f 3022/3021/3022 3017/3016/3017 3019/3018/3019 
f 3022/3021/3022 3019/3018/3019 3014/3013/3014 
f 3024/3023/3024 3022/3021/3022 3014/3013/3014 
f 2022/2022/2022 3024/3023/3024 3014/3013/3014 
f 3013/3012/3013 2022/2022/2022 3014/3013/3014 
f 467/467/467 1040/1040/1040 3015/3014/3015 
f 466/466/466 1040/1040/1040 467/467/467 
f 782/782/782 470/470/470 2215/2215/2215 
f 3025/3024/3025 3013/3012/3013 3012/3011/3012 
f 3025/3024/3025 3012/3011/3012 3026/3025/3026 
f 2484/2484/2484 3025/3024/3025 3026/3025/3026 
f 2482/2482/2482 2484/2484/2484 3026/3025/3026 
f 2379/2379/2379 2482/2482/2482 3026/3025/3026 
f 3026/3025/3026 3012/3011/3012 3020/3019/3020 
f 3026/3025/3026 3020/3019/3020 2379/2379/2379 
f 2379/2379/2379 3020/3019/3020 2380/2380/2380 
f 1940/1940/1940 1670/1670/1670 2481/2481/2481 
f 3027/3026/3027 3013/3012/3013 3025/3024/3025 
f 3027/3026/3027 3025/3024/3025 3028/3027/3028 
f 3029/3028/3029 3027/3026/3027 3028/3027/3028 
f 1940/1940/1940 2481/2481/2481 3029/3028/3029 
f 3030/3029/3030 1940/1940/1940 3029/3028/3029 
f 3030/3029/3030 3029/3028/3029 3028/3027/3028 
f 3031/3030/3031 3030/3029/3030 3028/3027/3028 
f 3028/3027/3028 3025/3024/3025 2484/2484/2484 
f 3031/3030/3031 3028/3027/3028 2484/2484/2484 
f 2483/2483/2483 3031/3030/3031 2484/2484/2484 
f 3032/3031/3032 3013/3012/3013 3027/3026/3027 
f 3032/3031/3032 3027/3026/3027 3033/3032/3033 
f 3034/3033/3034 3032/3031/3032 3033/3032/3033 
f 3034/3033/3034 3033/3032/3033 3035/3034/3035 
f 3036/3035/3036 3034/3033/3034 3035/3034/3035 
f 3036/3035/3036 3035/3034/3035 2493/2493/2493 
f 2480/2480/2480 3036/3035/3036 2493/2493/2493 
f 3033/3032/3033 3027/3026/3027 3029/3028/3029 
f 3033/3032/3033 3029/3028/3029 3037/3036/3037 
f 3035/3034/3035 3033/3032/3033 3037/3036/3037 
f 3035/3034/3035 3037/3036/3037 3002/3001/3002 
f 2493/2493/2493 3035/3034/3035 3002/3001/3002 
f 1672/1672/1672 3037/3036/3037 2481/2481/2481 
f 3002/3001/3002 3037/3036/3037 1672/1672/1672 
f 3029/3028/3029 2481/2481/2481 3037/3036/3037 
f 3013/3012/3013 3032/3031/3032 3038/3037/3038 
f 2022/2022/2022 3013/3012/3013 3038/3037/3038 
f 2022/2022/2022 3038/3037/3038 2020/2020/2020 
f 2485/2485/2485 2021/2021/2021 2496/2496/2496 
f 2020/2020/2020 2496/2496/2496 2021/2021/2021 
f 3038/3037/3038 3032/3031/3032 3034/3033/3034 
f 3038/3037/3038 3034/3033/3034 3039/3038/3039 
f 2020/2020/2020 3038/3037/3038 3039/3038/3039 
f 2470/2470/2470 441/441/441 440/440/440 
f 874/874/874 2031/2031/2031 875/875/875 
f 1749/1749/1749 2496/2496/2496 2020/2020/2020 
f 3039/3038/3039 3034/3033/3034 3036/3035/3036 
f 3039/3038/3039 3036/3035/3036 3040/3039/3040 
f 2020/2020/2020 3039/3038/3039 3040/3039/3040 
f 1749/1749/1749 2020/2020/2020 3040/3039/3040 
f 1750/1750/1750 1749/1749/1749 3040/3039/3040 
f 3040/3039/3040 3036/3035/3036 2480/2480/2480 
f 1750/1750/1750 3040/3039/3040 2480/2480/2480 
f 488/488/488 487/487/487 1750/1750/1750 
f 2698/2698/2698 2827/2827/2827 2697/2697/2697 
f 2827/2827/2827 3005/3004/3005 2826/2826/2826 
f 3005/3004/3005 1940/1940/1940 3030/3029/3030 
f 3005/3004/3005 3030/3029/3030 2826/2826/2826 
f 2826/2826/2826 3030/3029/3030 3031/3030/3031 
f 2829/2829/2829 2826/2826/2826 3031/3030/3031 
f 2483/2483/2483 2829/2829/2829 3031/3030/3031 
f 2416/2416/2416 2415/2415/2415 1265/1265/1265 
f 1270/1270/1270 2394/2394/2394 1291/1291/1291 
f 2415/2415/2415 2394/2394/2394 1265/1265/1265 
f 2393/2393/2393 2911/2911/2911 1266/1266/1266 
f 2392/2392/2392 2911/2911/2911 2393/2393/2393 
f 2392/2392/2392 2394/2394/2394 1270/1270/1270 
f 1416/1416/1416 2478/2478/2478 2479/2479/2479 
f 3041/3040/3041 1272/1272/1272 3042/3041/3042 
f 1415/1415/1415 3041/3040/3041 3042/3041/3042 
f 1415/1415/1415 1416/1416/1416 2479/2479/2479 
f 1415/1415/1415 3042/3041/3042 1413/1413/1413 
f 1414/1414/1414 1413/1413/1413 3042/3041/3042 
f 1412/1412/1412 1416/1416/1416 1413/1413/1413 
f 2139/2139/2139 2911/2911/2911 2140/2140/2140 
f 1270/1270/1270 1272/1272/1272 3041/3040/3041 
f 2392/2392/2392 1270/1270/1270 3041/3040/3041 
f 2392/2392/2392 3041/3040/3041 3043/3042/3043 
f 2392/2392/2392 3043/3042/3043 3044/3043/3044 
f 2911/2911/2911 2392/2392/2392 3044/3043/3044 
f 2140/2140/2140 2911/2911/2911 3044/3043/3044 
f 3041/3040/3041 1415/1415/1415 3043/3042/3043 
f 2667/2667/2667 3044/3043/3044 3043/3042/3043 
f 3043/3042/3043 1415/1415/1415 2479/2479/2479 
f 2667/2667/2667 3043/3042/3043 2479/2479/2479 
f 3045/3044/3045 333/333/333 2864/2864/2864 
f 2865/2865/2865 2141/2141/2141 3046/3045/3046 
f 2140/2140/2140 3046/3045/3046 2141/2141/2141 
f 2865/2865/2865 3046/3045/3046 3047/3046/3047 
f 2864/2864/2864 2865/2865/2865 3047/3046/3047 
f 3045/3044/3045 2864/2864/2864 3047/3046/3047 
f 3048/3047/3048 3045/3044/3045 3047/3046/3047 
f 2140/2140/2140 3044/3043/3044 224/224/224 
f 3046/3045/3046 2140/2140/2140 224/224/224 
f 3046/3045/3046 224/224/224 223/223/223 
f 3047/3046/3047 3046/3045/3046 223/223/223 
f 3048/3047/3048 3047/3046/3047 223/223/223 
f 225/225/225 3048/3047/3048 223/223/223 
f 224/224/224 3044/3043/3044 2667/2667/2667 
f 2479/2479/2479 1217/1217/1217 2667/2667/2667 
f 1416/1416/1416 1412/1412/1412 3049/3048/3049 
f 1416/1416/1416 3049/3048/3049 2658/2658/2658 
f 2478/2478/2478 1416/1416/1416 2658/2658/2658 
f 3049/3048/3049 2628/2628/2628 2658/2658/2658 
f 522/522/522 925/925/925 854/854/854 
f 3050/3049/3050 2475/2475/2475 2477/2477/2477 
f 3051/3050/3051 2478/2478/2478 853/853/853 
f 3051/3050/3051 853/853/853 3052/3051/3052 
f 3053/3052/3053 3051/3050/3051 3052/3051/3052 
f 2477/2477/2477 3053/3052/3053 3050/3049/3050 
f 3052/3051/3052 3050/3049/3050 3053/3052/3053 
f 1004/1004/1004 3050/3049/3050 3052/3051/3052 
f 853/853/853 2478/2478/2478 2658/2658/2658 
f 3052/3051/3052 853/853/853 855/855/855 
f 1004/1004/1004 3052/3051/3052 855/855/855 
f 853/853/853 2658/2658/2658 854/854/854 
f 924/924/924 855/855/855 854/854/854 
f 1217/1217/1217 2478/2478/2478 3051/3050/3051 
f 3051/3050/3051 1218/1218/1218 1217/1217/1217 
f 1218/1218/1218 3048/3047/3048 225/225/225 
f 3048/3047/3048 1218/1218/1218 3054/3053/3054 
f 3045/3044/3045 3048/3047/3048 3054/3053/3054 
f 1218/1218/1218 3051/3050/3051 3053/3052/3053 
f 1218/1218/1218 3053/3052/3053 3055/3054/3055 
f 3054/3053/3054 1218/1218/1218 3055/3054/3055 
f 3056/3055/3056 3054/3053/3054 3055/3054/3055 
f 3055/3054/3055 3053/3052/3053 2477/2477/2477 
f 3056/3055/3056 3055/3054/3055 2477/2477/2477 
f 3057/3056/3057 1013/1013/1013 2867/2867/2867 
f 333/333/333 3045/3044/3045 331/331/331 
f 3058/3057/3058 331/331/331 3045/3044/3045 
f 331/331/331 3058/3057/3058 2867/2867/2867 
f 3059/3058/3059 3057/3056/3057 2867/2867/2867 
f 3058/3057/3058 3045/3044/3045 3054/3053/3054 
f 2867/2867/2867 3058/3057/3058 3059/3058/3059 
f 3058/3057/3058 3054/3053/3054 3056/3055/3056 
f 3059/3058/3059 3058/3057/3058 3056/3055/3056 
f 2476/2476/2476 3059/3058/3059 3056/3055/3056 
f 2476/2476/2476 3056/3055/3056 2477/2477/2477 
f 924/924/924 925/925/925 2846/2846/2846 
f 1855/1855/1855 1006/1006/1006 1005/1005/1005 
f 1006/1006/1006 1855/1855/1855 2727/2727/2727 
f 1012/1012/1012 1006/1006/1006 2727/2727/2727 
f 3060/3059/3060 2475/2475/2475 3050/3049/3050 
f 1004/1004/1004 855/855/855 1005/1005/1005 
f 3050/3049/3050 1004/1004/1004 3061/3060/3061 
f 3060/3059/3060 3050/3049/3050 3061/3060/3061 
f 924/924/924 1005/1005/1005 855/855/855 
f 1004/1004/1004 1006/1006/1006 3061/3060/3061 
f 2474/2474/2474 3060/3059/3060 3061/3060/3061 
f 3061/3060/3061 1006/1006/1006 1012/1012/1012 
f 2474/2474/2474 3061/3060/3061 1012/1012/1012 
f 2401/2401/2401 2473/2473/2473 2123/2123/2123 
f 3062/3061/3062 2475/2475/2475 3060/3059/3060 
f 3062/3061/3062 3060/3059/3060 2124/2124/2124 
f 3062/3061/3062 2124/2124/2124 2313/2313/2313 
f 2122/2122/2122 2401/2401/2401 2123/2123/2123 
f 2124/2124/2124 3060/3059/3060 2474/2474/2474 
f 2124/2124/2124 2474/2474/2474 2122/2122/2122 
f 3059/3058/3059 2476/2476/2476 1283/1283/1283 
f 3059/3058/3059 1283/1283/1283 3057/3056/3057 
f 2476/2476/2476 2475/2475/2475 3062/3061/3062 
f 1283/1283/1283 2476/2476/2476 2313/2313/2313 
f 1282/1282/1282 3057/3056/3057 1283/1283/1283 
f 3062/3061/3062 2313/2313/2313 2476/2476/2476 
f 2123/2123/2123 1284/1284/1284 2313/2313/2313 
f 1282/1282/1282 1284/1284/1284 1336/1336/1336 
f 1282/1282/1282 1336/1336/1336 203/203/203 
f 1282/1282/1282 1013/1013/1013 3057/3056/3057 
f 1013/1013/1013 1282/1282/1282 203/203/203 
f 2473/2473/2473 1336/1336/1336 1284/1284/1284 
f 2393/2393/2393 1265/1265/1265 2394/2394/2394 
f 2414/2414/2414 1291/1291/1291 2415/2415/2415 
f 496/496/496 2492/2492/2492 2451/2451/2451 
f 3010/3009/3010 1851/1851/1851 2492/2492/2492 
f 1268/1268/1268 2492/2492/2492 1851/1851/1851 
f 1268/1268/1268 1851/1851/1851 374/374/374 
f 344/344/344 346/346/346 2783/2783/2783 
f 1902/1902/1902 795/795/795 1549/1549/1549 
f 2137/2137/2137 1008/1008/1008 1823/1823/1823 
f 2957/2956/2957 1432/1432/1432 971/971/971 
f 2957/2956/2957 971/971/971 2459/2459/2459 
f 1863/1863/1863 2957/2956/2957 2459/2459/2459 
f 2459/2459/2459 971/971/971 2700/2700/2700 
f 971/971/971 973/973/973 2700/2700/2700 
f 2925/2925/2925 2643/2643/2643 2645/2645/2645 
f 2925/2925/2925 2645/2645/2645 2928/2928/2928 
f 2989/2988/2989 2517/2517/2517 2518/2518/2518 
f 2928/2928/2928 2645/2645/2645 1139/1139/1139 
f 2928/2928/2928 1139/1139/1139 2646/2646/2646 
f 2518/2518/2518 2928/2928/2928 2646/2646/2646 
f 2989/2988/2989 2518/2518/2518 2646/2646/2646 
f 202/202/202 2646/2646/2646 598/598/598 
f 2989/2988/2989 2646/2646/2646 202/202/202 
f 1597/1597/1597 2588/2588/2588 2447/2447/2447 
f 2469/2469/2469 2588/2588/2588 1597/1597/1597 
f 2469/2469/2469 1597/1597/1597 1599/1599/1599 
f 2468/2468/2468 2469/2469/2469 1599/1599/1599 
f 2448/2448/2448 2955/2954/2955 1598/1598/1598 
f 1597/1597/1597 2448/2448/2448 1598/1598/1598 
f 1598/1598/1598 2955/2954/2955 2136/2136/2136 
f 84/84/84 2578/2578/2578 2434/2434/2434 
f 84/84/84 2433/2433/2433 85/85/85 
f 2434/2434/2434 2433/2433/2433 84/84/84 
f 2111/2111/2111 2433/2433/2433 2702/2702/2702 
f 2578/2578/2578 2467/2467/2467 1442/1442/1442 
f 2434/2434/2434 2578/2578/2578 1442/1442/1442 
f 3063/3062/3063 2432/2432/2432 2434/2434/2434 
f 3063/3062/3063 2434/2434/2434 1442/1442/1442 
f 1441/1441/1441 3063/3062/3063 1442/1442/1442 
f 2648/2648/2648 2647/2647/2647 1759/1759/1759 
f 2648/2648/2648 1759/1759/1759 1274/1274/1274 
f 2189/2189/2189 2783/2783/2783 1289/1289/1289 
f 1003/1003/1003 2562/2562/2562 3064/3063/3064 
f 1003/1003/1003 3064/3063/3064 2390/2390/2390 
f 1275/1275/1275 2390/2390/2390 1273/1273/1273 
f 1759/1759/1759 1275/1275/1275 1274/1274/1274 
f 2390/2390/2390 3064/3063/3064 1441/1441/1441 
f 1451/1451/1451 2390/2390/2390 1441/1441/1441 
f 2432/2432/2432 2702/2702/2702 2433/2433/2433 
f 3064/3063/3064 2562/2562/2562 2564/2564/2564 
f 2707/2707/2707 2432/2432/2432 3063/3062/3063 
f 2707/2707/2707 3063/3062/3063 2708/2708/2708 
f 2706/2706/2706 2707/2707/2707 2564/2564/2564 
f 3064/3063/3064 2564/2564/2564 2708/2708/2708 
f 2708/2708/2708 3063/3062/3063 1441/1441/1441 
f 3064/3063/3064 2708/2708/2708 1441/1441/1441 
f 3065/3064/3065 3066/3065/3066 3067/3066/3067 
f 1273/1273/1273 2653/2653/2653 1274/1274/1274 
f 2653/2653/2653 1273/1273/1273 1450/1450/1450 
f 2258/2258/2258 2653/2653/2653 1450/1450/1450 
f 1451/1451/1451 1450/1450/1450 1273/1273/1273 
f 2386/2386/2386 2585/2585/2585 1900/1900/1900 
f 2386/2386/2386 1900/1900/1900 1901/1901/1901 
f 1345/1345/1345 799/799/799 2114/2114/2114 
f 1675/1675/1675 1310/1310/1310 1503/1503/1503 
f 372/372/372 503/503/503 1366/1366/1366 
f 2922/2922/2922 1261/1261/1261 2903/2903/2903 
f 1886/1886/1886 2891/2891/2891 3068/3067/3068 
f 2096/2096/2096 491/491/491 2468/2468/2468 
f 838/838/838 1484/1484/1484 2752/2752/2752 
f 2206/2206/2206 2413/2413/2413 2221/2221/2221 
f 2133/2133/2133 615/615/615 2752/2752/2752 
f 615/615/615 1312/1312/1312 17/17/17 
f 1826/1826/1826 1483/1483/1483 1485/1485/1485 
f 3069/3068/3069 1941/1941/1941 2768/2768/2768 
f 3069/3068/3069 2768/2768/2768 3070/3069/3070 
f 3070/3069/3070 2768/2768/2768 2769/2769/2769 
f 3070/3069/3070 2769/2769/2769 1690/1690/1690 
f 1690/1690/1690 2769/2769/2769 1691/1691/1691 
f 350/350/350 349/349/349 2243/2243/2243 
f 690/690/690 2758/2758/2758 691/691/691 
f 691/691/691 2758/2758/2758 2774/2774/2774 
f 691/691/691 2774/2774/2774 3071/3070/3071 
f 3071/3070/3071 2774/2774/2774 2059/2059/2059 
f 3071/3070/3071 2059/2059/2059 602/602/602 
f 602/602/602 2059/2059/2059 2060/2060/2060 
f 2417/2417/2417 2060/2060/2060 1707/1707/1707 
f 2892/2892/2892 1429/1429/1429 2888/2888/2888 
f 830/830/830 1429/1429/1429 831/831/831 
f 2391/2391/2391 1600/1600/1600 2314/2314/2314 
f 1835/1835/1835 640/640/640 491/491/491 
f 3072/3071/3072 2892/2892/2892 2888/2888/2888 
f 3072/3071/3072 2888/2888/2888 3073/3072/3073 
f 3073/3072/3073 2888/2888/2888 2878/2878/2878 
f 3073/3072/3073 2878/2878/2878 3074/3073/3074 
f 2878/2878/2878 1612/1612/1612 3074/3073/3074 
f 3075/3074/3075 2903/2903/2903 2356/2356/2356 
f 3075/3074/3075 2356/2356/2356 2358/2358/2358 
f 2358/2358/2358 2357/2357/2357 3076/3075/3076 
f 3076/3075/3076 2357/2357/2357 2904/2904/2904 
f 3076/3075/3076 2904/2904/2904 1886/1886/1886 
f 1886/1886/1886 2904/2904/2904 2891/2891/2891 
f 1261/1261/1261 2922/2922/2922 2907/2907/2907 
f 1170/1170/1170 2319/2319/2319 699/699/699 
f 699/699/699 2319/2319/2319 1042/1042/1042 
f 2336/2336/2336 1043/1043/1043 889/889/889 
f 2337/2337/2337 2331/2331/2331 979/979/979 
f 838/838/838 615/615/615 616/616/616 
f 980/980/980 979/979/979 902/902/902 
f 980/980/980 2001/2001/2001 2000/2000/2000 
f 1481/1481/1481 2497/2497/2497 1838/1838/1838 
f 327/327/327 1611/1611/1611 328/328/328 
f 1748/1748/1748 2262/2262/2262 2261/2261/2261 
f 2367/2367/2367 2276/2276/2276 2277/2277/2277 
f 1041/1041/1041 1581/1581/1581 2305/2305/2305 
f 468/468/468 467/467/467 3021/3020/3021 
f 468/468/468 3021/3020/3021 3077/3076/3077 
f 3077/3076/3077 3021/3020/3021 3023/3022/3023 
f 3023/3022/3023 2486/2486/2486 2075/2075/2075 
f 2342/2342/2342 775/775/775 1618/1618/1618 
f 1857/1857/1857 2727/2727/2727 1855/1855/1855 
f 387/387/387 2416/2416/2416 1265/1265/1265 
f 2096/2096/2096 2468/2468/2468 278/278/278 
f 278/278/278 2468/2468/2468 1599/1599/1599 
f 278/278/278 1599/1599/1599 279/279/279 
f 279/279/279 1599/1599/1599 1598/1598/1598 
f 279/279/279 1598/1598/1598 2138/2138/2138 
f 2138/2138/2138 1598/1598/1598 2136/2136/2136 
f 1824/1824/1824 2138/2138/2138 2137/2137/2137 
f 210/210/210 209/209/209 218/218/218 
f 2782/2782/2782 1289/1289/1289 2783/2783/2783 
f 356/356/356 355/355/355 2369/2369/2369 
f 1538/1538/1538 1523/1523/1523 3078/3077/3078 
f 395/395/395 394/394/394 1062/1062/1062 
f 1522/1522/1522 3078/3077/3078 1523/1523/1523 
f 3079/3078/3079 3080/3079/3080 3081/3080/3081 
f 3079/3078/3079 3082/3081/3082 3080/3079/3080 
f 3083/3082/3083 1580/1580/1580 1582/1582/1582 
f 819/819/819 1046/1046/1046 1045/1045/1045 
f 1461/1461/1461 470/470/470 1305/1305/1305 
f 39/39/39 1617/1617/1617 87/87/87 
f 1510/1510/1510 3084/3083/3084 1617/1617/1617 
f 78/78/78 92/92/92 112/112/112 
f 1190/1190/1190 823/823/823 234/234/234 
f 3085/3084/3085 3086/3085/3086 3087/3086/3087 
f 3088/3087/3088 3089/3088/3089 978/978/978 
f 3085/3084/3085 343/343/343 3086/3085/3086 
f 880/880/880 1519/1519/1519 1785/1785/1785 
f 3090/3089/3090 3091/3090/3091 3092/3091/3092 
f 106/106/106 835/835/835 1615/1615/1615 
f 81/81/81 120/120/120 3093/3092/3093 
f 120/120/120 3094/3093/3094 3093/3092/3093 
f 3095/3094/3095 3096/3095/3096 3097/3096/3097 
f 3095/3094/3095 1106/1106/1106 3096/3095/3096 
f 3098/3097/3098 1098/1098/1098 3099/3098/3099 
f 3090/3089/3090 719/719/719 3091/3090/3091 
f 1421/1421/1421 1732/1732/1732 1866/1866/1866 
f 185/185/185 1709/1709/1709 2610/2610/2610 
f 296/296/296 1911/1911/1911 1676/1676/1676 
f 1823/1823/1823 1519/1519/1519 1081/1081/1081 
f 846/846/846 2990/2989/2990 1963/1963/1963 
f 3085/3084/3085 201/201/201 341/341/341 
f 1292/1292/1292 1893/1893/1893 1293/1293/1293 
f 3085/3084/3085 3100/3099/3100 201/201/201 
f 1984/1984/1984 252/252/252 254/254/254 
f 537/537/537 554/554/554 545/545/545 
f 1159/1159/1159 1753/1753/1753 1160/1160/1160 
f 3090/3089/3090 3101/3100/3101 3102/3101/3102 
f 1864/1864/1864 2731/2731/2731 2734/2734/2734 
f 1406/1406/1406 847/847/847 849/849/849 
f 1297/1297/1297 2214/2214/2214 1295/1295/1295 
f 983/983/983 2219/2219/2219 977/977/977 
f 2153/2153/2153 1685/1685/1685 2151/2151/2151 
f 1764/1764/1764 1856/1856/1856 2846/2846/2846 
f 1848/1848/1848 1844/1844/1844 1802/1802/1802 
f 3103/3102/3103 508/508/508 2050/2050/2050 
f 195/195/195 1761/1761/1761 196/196/196 
f 3079/3078/3079 2165/2165/2165 3104/3103/3104 
f 2165/2165/2165 3079/3078/3079 2166/2166/2166 
f 2067/2067/2067 2237/2237/2237 1226/1226/1226 
f 1352/1352/1352 1521/1521/1521 1350/1350/1350 
f 1159/1159/1159 1161/1161/1161 2057/2057/2057 
f 2930/2930/2930 1897/1897/1897 1899/1899/1899 
f 2930/2930/2930 887/887/887 1897/1897/1897 
f 464/464/464 2567/2567/2567 1778/1778/1778 
f 2162/2162/2162 2760/2760/2760 823/823/823 
f 1636/1636/1636 1619/1619/1619 1713/1713/1713 
f 1844/1844/1844 1848/1848/1848 562/562/562 
f 1374/1374/1374 1376/1376/1376 1245/1245/1245 
f 576/576/576 676/676/676 675/675/675 
f 1660/1660/1660 807/807/807 1661/1661/1661 
f 2127/2127/2127 1775/1775/1775 2082/2082/2082 
f 1907/1907/1907 1288/1288/1288 1298/1298/1298 
f 2035/2035/2035 1570/1570/1570 1736/1736/1736 
f 1401/1401/1401 298/298/298 2973/2972/2973 
f 254/254/254 2007/2007/2007 1985/1985/1985 
f 1722/1722/1722 1129/1129/1129 1131/1131/1131 
f 286/286/286 258/258/258 334/334/334 
f 1120/1120/1120 1097/1097/1097 1096/1096/1096 
f 1781/1781/1781 2176/2176/2176 2070/2070/2070 
f 358/358/358 452/452/452 1769/1769/1769 
f 187/187/187 1865/1865/1865 1933/1933/1933 
f 1120/1120/1120 1128/1128/1128 542/542/542 
f 1469/1469/1469 2204/2204/2204 2233/2233/2233 
f 2076/2076/2076 2127/2127/2127 2077/2077/2077 
f 806/806/806 1659/1659/1659 807/807/807 
f 368/368/368 370/370/370 2233/2233/2233 
f 630/630/630 2242/2242/2242 1064/1064/1064 
f 1378/1378/1378 1571/1571/1571 1572/1572/1572 
f 1572/1572/1572 2266/2266/2266 1379/1379/1379 
f 217/217/217 2782/2782/2782 3105/3104/3105 
f 614/614/614 579/579/579 749/749/749 
f 576/576/576 2188/2188/2188 577/577/577 
f 676/676/676 576/576/576 575/575/575 
f 269/269/269 529/529/529 537/537/537 
f 1934/1934/1934 1935/1935/1935 1544/1544/1544 
f 170/170/170 336/336/336 516/516/516 
f 516/516/516 675/675/675 517/517/517 
f 658/658/658 192/192/192 637/637/637 
f 654/654/654 1339/1339/1339 666/666/666 
f 518/518/518 1630/1630/1630 170/170/170 
f 2141/2141/2141 2523/2523/2523 2139/2139/2139 
f 575/575/575 171/171/171 676/676/676 
f 171/171/171 575/575/575 157/157/157 
f 171/171/171 172/172/172 517/517/517 
f 2027/2027/2027 292/292/292 175/175/175 
f 3/3/3 251/251/251 317/317/317 
f 258/258/258 275/275/275 256/256/256 
f 435/435/435 317/317/317 321/321/321 
f 274/274/274 2625/2625/2625 376/376/376 
f 1438/1438/1438 1440/1440/1440 455/455/455 
f 1745/1745/1745 1709/1709/1709 281/281/281 
f 1323/1323/1323 1645/1645/1645 2030/2030/2030 
f 1247/1247/1247 1246/1246/1246 1705/1705/1705 
f 1747/1747/1747 2309/2309/2309 1610/1610/1610 
f 3106/3105/3106 54/54/54 1745/1745/1745 
f 1632/1632/1632 1631/1631/1631 1212/1212/1212 
f 1372/1372/1372 1632/1632/1632 1370/1370/1370 
f 1370/1370/1370 1390/1390/1390 1371/1371/1371 
f 1373/1373/1373 1390/1390/1390 3107/3106/3107 
f 1372/1372/1372 1018/1018/1018 1631/1631/1631 
f 1688/1688/1688 1803/1803/1803 1675/1675/1675 
f 2788/2788/2788 1960/1960/1960 2791/2791/2791 
f 2355/2355/2355 1734/1734/1734 1733/1733/1733 
f 416/416/416 528/528/528 323/323/323 
f 1368/1368/1368 1397/1397/1397 1596/1596/1596 
f 1396/1396/1396 1368/1368/1368 1016/1016/1016 
f 1411/1411/1411 1396/1396/1396 607/607/607 
f 1475/1475/1475 1410/1410/1410 244/244/244 
f 1351/1351/1351 1353/1353/1353 1404/1404/1404 
f 1233/1233/1233 1215/1215/1215 1205/1205/1205 
f 1882/1882/1882 1330/1330/1330 1822/1822/1822 
f 1077/1077/1077 715/715/715 1325/1325/1325 
f 1325/1325/1325 652/652/652 1821/1821/1821 
f 960/960/960 1465/1465/1465 1551/1551/1551 
f 3108/3107/3108 1981/1981/1981 1106/1106/1106 
f 2330/2330/2330 1236/1236/1236 1061/1061/1061 
f 998/998/998 2350/2350/2350 447/447/447 
f 968/968/968 1032/1032/1032 985/985/985 
f 982/982/982 995/995/995 981/981/981 
f 1620/1620/1620 1463/1463/1463 1635/1635/1635 
f 769/769/769 834/834/834 818/818/818 
f 549/549/549 548/548/548 573/573/573 
f 313/313/313 315/315/315 672/672/672 
f 844/844/844 826/826/826 674/674/674 
f 826/826/826 753/753/753 365/365/365 
f 365/365/365 796/796/796 366/366/366 
f 737/737/737 784/784/784 791/791/791 
f 923/923/923 866/866/866 402/402/402 
f 885/885/885 887/887/887 2930/2930/2930 
f 260/260/260 882/882/882 911/911/911 
f 3109/3108/3109 912/912/912 977/977/977 
f 1897/1897/1897 912/912/912 3109/3108/3109 
f 912/912/912 1897/1897/1897 887/887/887 
f 2220/2220/2220 977/977/977 2219/2219/2219 
f 977/977/977 2220/2220/2220 3109/3108/3109 
f 2049/2049/2049 1953/1953/1953 2220/2220/2220 
f 2048/2048/2048 1953/1953/1953 2049/2049/2049 
f 1952/1952/1952 1953/1953/1953 2048/2048/2048 
f 844/844/844 825/825/825 809/809/809 
f 1953/1953/1953 3109/3108/3109 2220/2220/2220 
f 1899/1899/1899 1898/1898/1898 3110/3109/3110 
f 1897/1897/1897 3109/3108/3109 1898/1898/1898 
f 1953/1953/1953 1898/1898/1898 3109/3108/3109 
f 751/751/751 792/792/792 743/743/743 
f 793/793/793 792/792/792 751/751/751 
f 793/793/793 732/732/732 752/752/752 
f 732/732/732 731/731/731 742/742/742 
f 1884/1884/1884 2438/2438/2438 1885/1885/1885 
f 469/469/469 1779/1779/1779 1137/1137/1137 
f 1484/1484/1484 838/838/838 843/843/843 
f 2179/2179/2179 2288/2288/2288 1691/1691/1691 
f 917/917/917 860/860/860 913/913/913 
f 917/917/917 3111/3110/3111 860/860/860 
f 2288/2288/2288 3111/3110/3111 917/917/917 
f 2288/2288/2288 1828/1828/1828 3111/3110/3111 
f 3111/3110/3111 865/865/865 860/860/860 
f 865/865/865 3111/3110/3111 1827/1827/1827 
f 3111/3110/3111 1828/1828/1828 1827/1827/1827 
f 865/865/865 1485/1485/1485 843/843/843 
f 1826/1826/1826 1485/1485/1485 1827/1827/1827 
f 1485/1485/1485 1484/1484/1484 843/843/843 
f 897/897/897 885/885/885 2640/2640/2640 
f 910/910/910 261/261/261 911/911/911 
f 884/884/884 885/885/885 897/897/897 
f 897/897/897 3112/3111/3112 898/898/898 
f 2639/2639/2639 3112/3111/3112 2640/2640/2640 
f 910/910/910 2288/2288/2288 917/917/917 
f 910/910/910 1158/1158/1158 2288/2288/2288 
f 3112/3111/3112 1158/1158/1158 898/898/898 
f 1690/1690/1690 1158/1158/1158 3112/3111/3112 
f 2288/2288/2288 1158/1158/1158 1691/1691/1691 
f 2930/2930/2930 2325/2325/2325 2640/2640/2640 
f 897/897/897 2640/2640/2640 3112/3111/3112 
f 3069/3068/3069 2639/2639/2639 2327/2327/2327 
f 3069/3068/3069 3070/3069/3070 2639/2639/2639 
f 2639/2639/2639 3070/3069/3070 3112/3111/3112 
f 3070/3069/3070 1690/1690/1690 3112/3111/3112 
f 1899/1899/1899 2325/2325/2325 2930/2930/2930 
f 809/809/809 824/824/824 792/792/792 
f 2325/2325/2325 1899/1899/1899 2326/2326/2326 
f 2910/2910/2910 1078/1078/1078 2247/2247/2247 
f 1952/1952/1952 3110/3109/3110 1898/1898/1898 
f 2325/2325/2325 2327/2327/2327 2639/2639/2639 
f 384/384/384 1952/1952/1952 2048/2048/2048 
f 384/384/384 385/385/385 1952/1952/1952 
f 348/348/348 385/385/385 349/349/349 
f 385/385/385 3110/3109/3110 1952/1952/1952 
f 385/385/385 3113/3112/3113 3110/3109/3110 
f 348/348/348 3113/3112/3113 385/385/385 
f 1942/1942/1942 2326/2326/2326 3113/3112/3113 
f 3110/3109/3110 3113/3112/3113 2326/2326/2326 
f 1942/1942/1942 2327/2327/2327 2326/2326/2326 
f 504/504/504 2060/2060/2060 1365/1365/1365 
f 602/602/602 2060/2060/2060 1639/1639/1639 
f 504/504/504 1639/1639/1639 2060/2060/2060 
f 3071/3070/3071 685/685/685 691/691/691 
f 3071/3070/3071 601/601/601 685/685/685 
f 601/601/601 3071/3070/3071 602/602/602 
f 2879/2879/2879 585/585/585 612/612/612 
f 1240/1240/1240 1211/1211/1211 1248/1248/1248 
f 1229/1229/1229 1221/1221/1221 1213/1213/1213 
f 574/574/574 581/581/581 568/568/568 
f 2126/2126/2126 1500/1500/1500 2524/2524/2524 
f 1373/1373/1373 1521/1521/1521 1352/1352/1352 
f 1258/1258/1258 928/928/928 927/927/927 
f 2084/2084/2084 928/928/928 1258/1258/1258 
f 2084/2084/2084 3107/3106/3107 928/928/928 
f 1521/1521/1521 3107/3106/3107 2084/2084/2084 
f 1373/1373/1373 3107/3106/3107 1521/1521/1521 
f 1370/1370/1370 3107/3106/3107 1390/1390/1390 
f 928/928/928 1370/1370/1370 926/926/926 
f 928/928/928 3107/3106/3107 1370/1370/1370 
f 1632/1632/1632 1239/1239/1239 926/926/926 
f 3114/3113/3114 2810/2810/2810 3115/3114/3115 
f 1222/1222/1222 1258/1258/1258 927/927/927 
f 1259/1259/1259 2085/2085/2085 1258/1258/1258 
f 3116/3115/3116 2085/2085/2085 1259/1259/1259 
f 3116/3115/3116 3117/3116/3117 2085/2085/2085 
f 3118/3117/3118 3117/3116/3117 3116/3115/3116 
f 3118/3117/3118 3119/3118/3119 3117/3116/3117 
f 2810/2810/2810 3119/3118/3119 3118/3117/3118 
f 3114/3113/3114 3119/3118/3119 2810/2810/2810 
f 3120/3119/3120 3119/3118/3119 3114/3113/3114 
f 3117/3116/3117 2086/2086/2086 2085/2085/2085 
f 3117/3116/3117 3121/3120/3121 2086/2086/2086 
f 3119/3118/3119 3121/3120/3121 3117/3116/3117 
f 3120/3119/3120 3121/3120/3121 3119/3118/3119 
f 1348/1348/1348 3121/3120/3121 3120/3119/3120 
f 2084/2084/2084 1258/1258/1258 2085/2085/2085 
f 2086/2086/2086 1520/1520/1520 2084/2084/2084 
f 3121/3120/3121 1520/1520/1520 2086/2086/2086 
f 1348/1348/1348 1520/1520/1520 3121/3120/3121 
f 1350/1350/1350 1520/1520/1520 1348/1348/1348 
f 1520/1520/1520 1521/1521/1521 2084/2084/2084 
f 1277/1277/1277 2239/2239/2239 2238/2238/2238 
f 1224/1224/1224 1259/1259/1259 1202/1202/1202 
f 1224/1224/1224 1226/1226/1226 2744/2744/2744 
f 452/452/452 451/451/451 1769/1769/1769 
f 3122/3121/3122 2239/2239/2239 1277/1277/1277 
f 1224/1224/1224 3116/3115/3116 1259/1259/1259 
f 1224/1224/1224 2744/2744/2744 3116/3115/3116 
f 2239/2239/2239 3122/3121/3122 2744/2744/2744 
f 2744/2744/2744 3118/3117/3118 3116/3115/3116 
f 3118/3117/3118 2744/2744/2744 3122/3121/3122 
f 3122/3121/3122 2810/2810/2810 3118/3117/3118 
f 1132/1132/1132 1203/1203/1203 1243/1243/1243 
f 942/942/942 1563/1563/1563 1982/1982/1982 
f 1224/1224/1224 1202/1202/1202 1225/1225/1225 
f 1225/1225/1225 1202/1202/1202 1199/1199/1199 
f 2067/2067/2067 1225/1225/1225 1199/1199/1199 
f 1143/1143/1143 1134/1134/1134 1133/1133/1133 
f 1143/1143/1143 2657/2657/2657 1134/1134/1134 
f 1735/1735/1735 2657/2657/2657 1183/1183/1183 
f 3123/3122/3123 2657/2657/2657 1735/1735/1735 
f 1199/1199/1199 1134/1134/1134 2067/2067/2067 
f 3123/3122/3123 2067/2067/2067 2657/2657/2657 
f 2237/2237/2237 2067/2067/2067 3123/3122/3123 
f 511/511/511 678/678/678 507/507/507 
f 677/677/677 1216/1216/1216 1144/1144/1144 
f 511/511/511 1216/1216/1216 677/677/677 
f 510/510/510 1216/1216/1216 511/511/511 
f 1216/1216/1216 510/510/510 1183/1183/1183 
f 1216/1216/1216 1183/1183/1183 1143/1143/1143 
f 3124/3123/3124 3114/3113/3114 3115/3114/3115 
f 3124/3123/3124 3125/3124/3125 3114/3113/3114 
f 3125/3124/3125 3124/3123/3124 2192/2192/2192 
f 764/764/764 2192/2192/2192 3124/3123/3124 
f 3125/3124/3125 3120/3119/3120 3114/3113/3114 
f 3125/3124/3125 1355/1355/1355 3120/3119/3120 
f 2192/2192/2192 1355/1355/1355 3125/3124/3125 
f 2192/2192/2192 1354/1354/1354 1355/1355/1355 
f 1355/1355/1355 1348/1348/1348 3120/3119/3120 
f 1355/1355/1355 1349/1349/1349 1348/1348/1348 
f 765/765/765 3124/3123/3124 3115/3114/3115 
f 3124/3123/3124 765/765/765 764/764/764 
f 1753/1753/1753 59/59/59 780/780/780 
f 764/764/764 763/763/763 1524/1524/1524 
f 2011/2011/2011 2013/2013/2013 1323/1323/1323 
f 3081/3080/3081 2166/2166/2166 3079/3078/3079 
f 3126/3125/3126 765/765/765 3115/3114/3115 
f 3126/3125/3126 2135/2135/2135 765/765/765 
f 2166/2166/2166 2135/2135/2135 3126/3125/3126 
f 3081/3080/3081 2135/2135/2135 2166/2166/2166 
f 3127/3126/3127 2135/2135/2135 3081/3080/3081 
f 3127/3126/3127 763/763/763 2135/2135/2135 
f 1522/1522/1522 763/763/763 3127/3126/3127 
f 2810/2810/2810 2812/2812/2812 3115/3114/3115 
f 2810/2810/2810 3122/3121/3122 2811/2811/2811 
f 1279/1279/1279 2811/2811/2811 3122/3121/3122 
f 1277/1277/1277 1279/1279/1279 3122/3121/3122 
f 2812/2812/2812 3126/3125/3126 3115/3114/3115 
f 3128/3127/3128 2811/2811/2811 1279/1279/1279 
f 2166/2166/2166 3126/3125/3126 2167/2167/2167 
f 2812/2812/2812 2167/2167/2167 3126/3125/3126 
f 2811/2811/2811 2167/2167/2167 2812/2812/2812 
f 3128/3127/3128 2167/2167/2167 2811/2811/2811 
f 2165/2165/2165 2167/2167/2167 3128/3127/3128 
f 1277/1277/1277 2238/2238/2238 1278/1278/1278 
f 1278/1278/1278 3129/3128/3129 1279/1279/1279 
f 1044/1044/1044 3130/3129/3130 3129/3128/3129 
f 1046/1046/1046 3130/3129/3130 1044/1044/1044 
f 3131/3130/3131 3130/3129/3130 1046/1046/1046 
f 3129/3128/3129 3128/3127/3128 1279/1279/1279 
f 3129/3128/3129 3130/3129/3130 3128/3127/3128 
f 3130/3129/3130 2165/2165/2165 3128/3127/3128 
f 3131/3130/3131 2165/2165/2165 3130/3129/3130 
f 3104/3103/3104 2165/2165/2165 3131/3130/3131 
f 2238/2238/2238 2237/2237/2237 2318/2318/2318 
f 3123/3122/3123 2318/2318/2318 2237/2237/2237 
f 3123/3122/3123 3132/3131/3132 2318/2318/2318 
f 1735/1735/1735 3132/3131/3132 3123/3122/3123 
f 1328/1328/1328 1278/1278/1278 2238/2238/2238 
f 3132/3131/3132 1328/1328/1328 2318/2318/2318 
f 1329/1329/1329 1328/1328/1328 3132/3131/3132 
f 3129/3128/3129 1278/1278/1278 3133/3132/3133 
f 1328/1328/1328 3133/3132/3133 1278/1278/1278 
f 1327/1327/1327 3133/3132/3133 1328/1328/1328 
f 3134/3133/3134 3133/3132/3133 1327/1327/1327 
f 3133/3132/3133 1044/1044/1044 3129/3128/3129 
f 3134/3133/3134 1044/1044/1044 3133/3132/3133 
f 1533/1533/1533 58/58/58 55/55/55 
f 498/498/498 3132/3131/3132 1735/1735/1735 
f 498/498/498 1329/1329/1329 3132/3131/3132 
f 500/500/500 1329/1329/1329 498/498/498 
f 1327/1327/1327 1329/1329/1329 508/508/508 
f 500/500/500 508/508/508 1329/1329/1329 
f 3103/3102/3103 1327/1327/1327 508/508/508 
f 3135/3134/3135 1327/1327/1327 3103/3102/3103 
f 3134/3133/3134 1327/1327/1327 3135/3134/3135 
f 702/702/702 693/693/693 603/603/603 
f 498/498/498 1735/1735/1735 785/785/785 
f 499/499/499 498/498/498 785/785/785 
f 702/702/702 507/507/507 678/678/678 
f 512/512/512 505/505/505 507/507/507 
f 500/500/500 499/499/499 514/514/514 
f 506/506/506 505/505/505 513/513/513 
f 1365/1365/1365 503/503/503 502/502/502 
f 1639/1639/1639 512/512/512 603/603/603 
f 513/513/513 505/505/505 502/502/502 
f 501/501/501 513/513/513 502/502/502 
f 515/515/515 2050/2050/2050 509/509/509 
f 514/514/514 509/509/509 500/500/500 
f 737/737/737 791/791/791 738/738/738 
f 753/753/753 791/791/791 784/784/784 
f 1534/1534/1534 1524/1524/1524 1523/1523/1523 
f 767/767/767 2339/2339/2339 768/768/768 
f 1342/1342/1342 1341/1341/1341 2798/2798/2798 
f 933/933/933 2255/2255/2255 2340/2340/2340 
f 324/324/324 3136/3135/3136 1872/1872/1872 
f 766/766/766 1692/1692/1692 767/767/767 
f 1215/1215/1215 380/380/380 1191/1191/1191 
f 1185/1185/1185 1186/1186/1186 1583/1583/1583 
f 933/933/933 935/935/935 447/447/447 
f 1172/1172/1172 1186/1186/1186 669/669/669 
f 2324/2324/2324 410/410/410 65/65/65 
f 420/420/420 410/410/410 2221/2221/2221 
f 2184/2184/2184 2275/2275/2275 1694/1694/1694 
f 2420/2420/2420 2421/2421/2421 2654/2654/2654 
f 2209/2209/2209 2232/2232/2232 921/921/921 
f 2219/2219/2219 816/816/816 815/815/815 
f 1648/1648/1648 2208/2208/2208 1649/1649/1649 
f 1464/1464/1464 1876/1876/1876 450/450/450 
f 1653/1653/1653 1185/1185/1185 2150/2150/2150 
f 2049/2049/2049 815/815/815 2047/2047/2047 
f 2047/2047/2047 2105/2105/2105 2048/2048/2048 
f 2049/2049/2049 2220/2220/2220 815/815/815 
f 1114/1114/1114 2454/2454/2454 1115/1115/1115 
f 1115/1115/1115 2454/2454/2454 2044/2044/2044 
f 384/384/384 2105/2105/2105 2243/2243/2243 
f 2044/2044/2044 2105/2105/2105 2047/2047/2047 
f 740/740/740 683/683/683 1241/1241/1241 
f 2371/2371/2371 1295/1295/1295 2214/2214/2214 
f 2045/2045/2045 1655/1655/1655 2216/2216/2216 
f 2216/2216/2216 1297/1297/1297 1296/1296/1296 
f 1295/1295/1295 1116/1116/1116 1296/1296/1296 
f 1116/1116/1116 1115/1115/1115 1296/1296/1296 
f 2941/2940/2941 1994/1994/1994 2437/2437/2437 
f 2869/2869/2869 2391/2391/2391 2876/2876/2876 
f 565/565/565 3137/3136/3137 566/566/566 
f 2236/2236/2236 2158/2158/2158 2157/2157/2157 
f 1162/1162/1162 1198/1198/1198 2148/2148/2148 
f 1572/1572/1572 1064/1064/1064 2242/2242/2242 
f 2280/2280/2280 1197/1197/1197 1627/1627/1627 
f 1169/1169/1169 847/847/847 1627/1627/1627 
f 1406/1406/1406 2280/2280/2280 1627/1627/1627 
f 1/1/1 1169/1169/1169 2/2/2 
f 517/517/517 676/676/676 171/171/171 
f 1/1/1 847/847/847 1169/1169/1169 
f 435/435/435 1/1/1 317/317/317 
f 528/528/528 435/435/435 323/323/323 
f 849/849/849 848/848/848 1876/1876/1876 
f 435/435/435 848/848/848 1/1/1 
f 2414/2414/2414 2454/2454/2454 1114/1114/1114 
f 2243/2243/2243 2454/2454/2454 2414/2414/2414 
f 351/351/351 2305/2305/2305 352/352/352 
f 1033/1033/1033 595/595/595 985/985/985 
f 2282/2282/2282 3138/3137/3138 280/280/280 
f 3138/3137/3138 3139/3138/3139 280/280/280 
f 27/27/27 28/28/28 3139/3138/3139 
f 278/278/278 280/280/280 3139/3138/3139 
f 2633/2633/2633 1105/1105/1105 1104/1104/1104 
f 1519/1519/1519 967/967/967 1081/1081/1081 
f 1963/1963/1963 2990/2989/2990 2012/2012/2012 
f 3140/3139/3140 1647/1647/1647 551/551/551 
f 1647/1647/1647 3140/3139/3140 1986/1986/1986 
f 2147/2147/2147 351/351/351 3141/3140/3141 
f 2282/2282/2282 2012/2012/2012 2011/2011/2011 
f 1646/1646/1646 1645/1645/1645 2013/2013/2013 
f 48/48/48 2011/2011/2011 1323/1323/1323 
f 27/27/27 3139/3138/3139 3138/3137/3138 
f 1738/1738/1738 1600/1600/1600 52/52/52 
f 51/51/51 2096/2096/2096 28/28/28 
f 638/638/638 1835/1835/1835 50/50/50 
f 320/320/320 2078/2078/2078 1495/1495/1495 
f 1299/1299/1299 34/34/34 2078/2078/2078 
f 1739/1739/1739 1299/1299/1299 1287/1287/1287 
f 34/34/34 52/52/52 33/33/33 
f 34/34/34 1739/1739/1739 52/52/52 
f 1299/1299/1299 1739/1739/1739 34/34/34 
f 1738/1738/1738 52/52/52 1739/1739/1739 
f 1612/1612/1612 1738/1738/1738 1740/1740/1740 
f 29/29/29 21/21/21 23/23/23 
f 1988/1988/1988 2745/2745/2745 2030/2030/2030 
f 1988/1988/1988 1987/1987/1987 3142/3141/3142 
f 1180/1180/1180 1988/1988/1988 3142/3141/3142 
f 1180/1180/1180 2745/2745/2745 1988/1988/1988 
f 1180/1180/1180 12/12/12 2745/2745/2745 
f 1562/1562/1562 3142/3141/3142 1992/1992/1992 
f 530/530/530 1564/1564/1564 531/531/531 
f 941/941/941 3142/3141/3142 1562/1562/1562 
f 2144/2144/2144 3143/3142/3143 1288/1288/1288 
f 2460/2460/2460 3143/3142/3143 2144/2144/2144 
f 2460/2460/2460 3073/3072/3073 3143/3142/3143 
f 3072/3071/3072 3073/3072/3073 2460/2460/2460 
f 1739/1739/1739 1287/1287/1287 1740/1740/1740 
f 3143/3142/3143 1286/1286/1286 1288/1288/1288 
f 3143/3142/3143 3074/3073/3074 1286/1286/1286 
f 3073/3072/3073 3074/3073/3074 3143/3142/3143 
f 1286/1286/1286 1740/1740/1740 1287/1287/1287 
f 1286/1286/1286 3074/3073/3074 1740/1740/1740 
f 3074/3073/3074 1612/1612/1612 1740/1740/1740 
f 2462/2462/2462 2460/2460/2460 1313/1313/1313 
f 1884/1884/1884 2462/2462/2462 2101/2101/2101 
f 3068/3067/3068 2462/2462/2462 1884/1884/1884 
f 2462/2462/2462 3072/3071/3072 2460/2460/2460 
f 3068/3067/3068 3072/3071/3072 2462/2462/2462 
f 788/788/788 2132/2132/2132 786/786/786 
f 1362/1362/1362 1964/1964/1964 1768/1768/1768 
f 2439/2439/2439 2438/2438/2438 1460/1460/1460 
f 2102/2102/2102 2438/2438/2438 1884/1884/1884 
f 1885/1885/1885 2439/2439/2439 3144/3143/3144 
f 3145/3144/3145 3144/3143/3144 2439/2439/2439 
f 3146/3145/3146 3144/3143/3144 3145/3144/3145 
f 3146/3145/3146 2358/2358/2358 3144/3143/3144 
f 3075/3074/3075 2358/2358/2358 3146/3145/3146 
f 3144/3143/3144 3076/3075/3076 1885/1885/1885 
f 2358/2358/2358 3076/3075/3076 3144/3143/3144 
f 3076/3075/3076 1886/1886/1886 1885/1885/1885 
f 1886/1886/1886 3068/3067/3068 1884/1884/1884 
f 3147/3146/3147 3101/3100/3101 3090/3089/3090 
f 1819/1819/1819 3145/3144/3145 2439/2439/2439 
f 1819/1819/1819 3148/3147/3148 3145/3144/3145 
f 3149/3148/3149 3148/3147/3148 1819/1819/1819 
f 3149/3148/3149 3150/3149/3150 3148/3147/3148 
f 3101/3100/3101 3150/3149/3150 3149/3148/3149 
f 3147/3146/3147 3150/3149/3150 3101/3100/3101 
f 3151/3150/3151 3150/3149/3150 3147/3146/3147 
f 3148/3147/3148 3146/3145/3146 3145/3144/3145 
f 3148/3147/3148 3152/3151/3152 3146/3145/3146 
f 3150/3149/3150 3152/3151/3152 3148/3147/3148 
f 3151/3150/3151 3152/3151/3152 3150/3149/3150 
f 3153/3152/3153 3152/3151/3152 3151/3150/3151 
f 3152/3151/3152 3075/3074/3075 3146/3145/3146 
f 3153/3152/3153 3075/3074/3075 3152/3151/3152 
f 781/781/781 567/567/567 1300/1300/1300 
f 2442/2442/2442 1460/1460/1460 2438/2438/2438 
f 1819/1819/1819 2439/2439/2439 1460/1460/1460 
f 2431/2431/2431 2443/2443/2443 1305/1305/1305 
f 2443/2443/2443 3149/3148/3149 1819/1819/1819 
f 2443/2443/2443 3154/3153/3154 3149/3148/3149 
f 2431/2431/2431 3154/3153/3154 2443/2443/2443 
f 3155/3154/3155 3154/3153/3154 2431/2431/2431 
f 3102/3101/3102 3154/3153/3154 3155/3154/3155 
f 3154/3153/3154 3101/3100/3101 3149/3148/3149 
f 3102/3101/3102 3101/3100/3101 3154/3153/3154 
f 2945/2944/2945 1602/1602/1602 1452/1452/1452 
f 469/469/469 2215/2215/2215 470/470/470 
f 2215/2215/2215 469/469/469 1137/1137/1137 
f 1449/1449/1449 2377/2377/2377 2273/2273/2273 
f 1958/1958/1958 1699/1699/1699 1962/1962/1962 
f 1190/1190/1190 1129/1129/1129 1722/1722/1722 
f 1918/1918/1918 2104/2104/2104 1916/1916/1916 
f 1498/1498/1498 2104/2104/2104 1918/1918/1918 
f 2104/2104/2104 1498/1498/1498 2058/2058/2058 
f 1254/1254/1254 1248/1248/1248 1118/1118/1118 
f 1238/1238/1238 1248/1248/1248 1211/1211/1211 
f 3092/3091/3092 3147/3146/3147 3090/3089/3090 
f 3092/3091/3092 3156/3155/3156 3147/3146/3147 
f 1782/1782/1782 3156/3155/3156 3092/3091/3092 
f 1782/1782/1782 205/205/205 3156/3155/3156 
f 1743/1743/1743 1742/1742/1742 2875/2875/2875 
f 205/205/205 1742/1742/1742 206/206/206 
f 3156/3155/3156 3151/3150/3151 3147/3146/3147 
f 3156/3155/3156 698/698/698 3151/3150/3151 
f 205/205/205 698/698/698 3156/3155/3156 
f 698/698/698 3153/3152/3153 3151/3150/3151 
f 698/698/698 2922/2922/2922 3153/3152/3153 
f 534/534/534 462/462/462 545/545/545 
f 439/439/439 415/415/415 398/398/398 
f 554/554/554 536/536/536 1276/1276/1276 
f 2098/2098/2098 561/561/561 852/852/852 
f 547/547/547 561/561/561 535/535/535 
f 1077/1077/1077 563/563/563 1418/1418/1418 
f 572/572/572 439/439/439 556/556/556 
f 1639/1639/1639 603/603/603 602/602/602 
f 2145/2145/2145 547/547/547 546/546/546 
f 547/547/547 2145/2145/2145 852/852/852 
f 3157/3156/3157 2297/2297/2297 2145/2145/2145 
f 1681/1681/1681 2297/2297/2297 3158/3157/3158 
f 3157/3156/3157 3158/3157/3158 2297/2297/2297 
f 3158/3157/3158 3159/3158/3159 1681/1681/1681 
f 419/419/419 984/984/984 411/411/411 
f 726/726/726 2054/2054/2054 680/680/680 
f 2297/2297/2297 1681/1681/1681 851/851/851 
f 1473/1473/1473 1294/1294/1294 2015/2015/2015 
f 547/547/547 852/852/852 561/561/561 
f 3160/3159/3160 1984/1984/1984 1985/1985/1985 
f 555/555/555 3157/3156/3157 2145/2145/2145 
f 1758/1758/1758 3157/3156/3157 555/555/555 
f 1758/1758/1758 3161/3160/3161 3157/3156/3157 
f 3162/3161/3162 3161/3160/3161 1758/1758/1758 
f 3163/3162/3163 3161/3160/3161 1984/1984/1984 
f 3162/3161/3162 1984/1984/1984 3161/3160/3161 
f 3160/3159/3160 3163/3162/3163 1984/1984/1984 
f 3164/3163/3164 3163/3162/3163 3160/3159/3160 
f 3161/3160/3161 3158/3157/3158 3157/3156/3157 
f 3161/3160/3161 3163/3162/3163 3158/3157/3158 
f 3163/3162/3163 3159/3158/3159 3158/3157/3158 
f 3164/3163/3164 3159/3158/3159 3163/3162/3163 
f 3165/3164/3165 3159/3158/3159 3164/3163/3164 
f 580/580/580 1276/1276/1276 536/536/536 
f 609/609/609 580/580/580 582/582/582 
f 609/609/609 1758/1758/1758 1276/1276/1276 
f 609/609/609 3162/3161/3162 1758/1758/1758 
f 267/267/267 3162/3161/3162 609/609/609 
f 252/252/252 3162/3161/3162 267/267/267 
f 252/252/252 1984/1984/1984 3162/3161/3162 
f 2161/2161/2161 1364/1364/1364 1363/1363/1363 
f 600/600/600 2171/2171/2171 1843/1843/1843 
f 1025/1025/1025 2033/2033/2033 1363/1363/1363 
f 597/597/597 267/267/267 582/582/582 
f 1363/1363/1363 2005/2005/2005 1843/1843/1843 
f 253/253/253 252/252/252 268/268/268 
f 3087/3086/3087 3100/3099/3100 3085/3084/3085 
f 1641/1641/1641 1965/1965/1965 2343/2343/2343 
f 3165/3164/3165 3166/3165/3166 3159/3158/3159 
f 3167/3166/3167 3166/3165/3166 3165/3164/3165 
f 3167/3166/3167 3168/3167/3168 3166/3165/3166 
f 3100/3099/3100 3168/3167/3168 3167/3166/3167 
f 3087/3086/3087 3168/3167/3168 3100/3099/3100 
f 3136/3135/3136 3168/3167/3168 3087/3086/3087 
f 3166/3165/3166 1681/1681/1681 3159/3158/3159 
f 3166/3165/3166 1680/1680/1680 1681/1681/1681 
f 3168/3167/3168 1680/1680/1680 3166/3165/3166 
f 3136/3135/3136 1680/1680/1680 3168/3167/3168 
f 324/324/324 1680/1680/1680 3136/3135/3136 
f 851/851/851 324/324/324 326/326/326 
f 1315/1315/1315 1904/1904/1904 526/526/526 
f 2131/2131/2131 755/755/755 1928/1928/1928 
f 1996/1996/1996 755/755/755 2131/2131/2131 
f 939/939/939 200/200/200 3165/3164/3165 
f 200/200/200 939/939/939 756/756/756 
f 755/755/755 198/198/198 756/756/756 
f 755/755/755 1996/1996/1996 198/198/198 
f 200/200/200 3167/3166/3167 3165/3164/3165 
f 200/200/200 198/198/198 199/199/199 
f 3100/3099/3100 3167/3166/3167 201/201/201 
f 200/200/200 201/201/201 3167/3166/3167 
f 216/216/216 209/209/209 214/214/214 
f 2014/2014/2014 755/755/755 757/757/757 
f 755/755/755 2014/2014/2014 1928/1928/1928 
f 1294/1294/1294 1928/1928/1928 2014/2014/2014 
f 198/198/198 1996/1996/1996 196/196/196 
f 214/214/214 209/209/209 1145/1145/1145 
f 553/553/553 1928/1928/1928 1293/1293/1293 
f 1928/1928/1928 553/553/553 2131/2131/2131 
f 2052/2052/2052 3160/3159/3160 1985/1985/1985 
f 3164/3163/3164 939/939/939 3165/3164/3165 
f 3164/3163/3164 3169/3168/3169 939/939/939 
f 2052/2052/2052 3169/3168/3169 3160/3159/3160 
f 3164/3163/3164 3160/3159/3160 3169/3168/3169 
f 3169/3168/3169 757/757/757 939/939/939 
f 3169/3168/3169 2051/2051/2051 757/757/757 
f 2052/2052/2052 2051/2051/2051 3169/3168/3169 
f 1473/1473/1473 2015/2015/2015 2286/2286/2286 
f 2051/2051/2051 2015/2015/2015 2014/2014/2014 
f 2006/2006/2006 2052/2052/2052 1985/1985/1985 
f 2286/2286/2286 2028/2028/2028 18/18/18 
f 2029/2029/2029 2028/2028/2028 2286/2286/2286 
f 2029/2029/2029 2286/2286/2286 2015/2015/2015 
f 2032/2032/2032 2006/2006/2006 2007/2007/2007 
f 875/875/875 1027/1027/1027 1026/1026/1026 
f 1026/1026/1026 2037/2037/2037 2024/2024/2024 
f 291/291/291 2035/2035/2035 1737/1737/1737 
f 1569/1569/1569 1568/1568/1568 873/873/873 
f 553/553/553 552/552/552 427/427/427 
f 828/828/828 845/845/845 552/552/552 
f 1996/1996/1996 2131/2131/2131 429/429/429 
f 741/741/741 1241/1241/1241 1242/1242/1242 
f 195/195/195 197/197/197 879/879/879 
f 197/197/197 196/196/196 1996/1996/1996 
f 199/199/199 196/196/196 1761/1761/1761 
f 341/341/341 199/199/199 1761/1761/1761 
f 341/341/341 201/201/201 199/199/199 
f 2522/2522/2522 2862/2862/2862 2523/2523/2523 
f 551/551/551 827/827/827 552/552/552 
f 827/827/827 551/551/551 1647/1647/1647 
f 3106/3105/3106 1745/1745/1745 281/281/281 
f 427/427/427 552/552/552 845/845/845 
f 846/846/846 828/828/828 2990/2989/2990 
f 1408/1408/1408 1551/1551/1551 1465/1465/1465 
f 3170/3169/3170 1973/1973/1973 3171/3170/3171 
f 3140/3139/3140 3170/3169/3170 3171/3170/3171 
f 2051/2051/2051 2014/2014/2014 757/757/757 
f 3171/3170/3171 1973/1973/1973 1992/1992/1992 
f 1992/1992/1992 1973/1973/1973 1972/1972/1972 
f 3171/3170/3171 1992/1992/1992 1987/1987/1987 
f 1393/1393/1393 2058/2058/2058 1394/1394/1394 
f 3171/3170/3171 1987/1987/1987 3140/3139/3140 
f 1973/1973/1973 1983/1983/1983 1971/1971/1971 
f 2029/2029/2029 2015/2015/2015 2051/2051/2051 
f 515/515/515 509/509/509 514/514/514 
f 2655/2655/2655 992/992/992 991/991/991 
f 800/800/800 1561/1561/1561 801/801/801 
f 1023/1023/1023 1704/1704/1704 2298/2298/2298 
f 2216/2216/2216 2217/2217/2217 1297/1297/1297 
f 2046/2046/2046 1654/1654/1654 19/19/19 
f 2096/2096/2096 51/51/51 1835/1835/1835 
f 1204/1204/1204 1242/1242/1242 1117/1117/1117 
f 1753/1753/1753 1499/1499/1499 59/59/59 
f 1498/1498/1498 1932/1932/1932 1499/1499/1499 
f 1504/1504/1504 1312/1312/1312 2133/2133/2133 
f 59/59/59 1744/1744/1744 24/24/24 
f 780/780/780 59/59/59 42/42/42 
f 10/10/10 11/11/11 3137/3136/3137 
f 1135/1135/1135 780/780/780 779/779/779 
f 1932/1932/1932 1744/1744/1744 1499/1499/1499 
f 780/780/780 1135/1135/1135 1753/1753/1753 
f 7/7/7 9/9/9 6/6/6 
f 1709/1709/1709 1745/1745/1745 4/4/4 
f 26/26/26 8/8/8 42/42/42 
f 11/11/11 8/8/8 7/7/7 
f 55/55/55 5/5/5 56/56/56 
f 1533/1533/1533 55/55/55 54/54/54 
f 566/566/566 61/61/61 2099/2099/2099 
f 41/41/41 2040/2040/2040 25/25/25 
f 1335/1335/1335 1400/1400/1400 802/802/802 
f 1797/1797/1797 1796/1796/1796 1944/1944/1944 
f 1710/1710/1710 1367/1367/1367 1797/1797/1797 
f 2610/2610/2610 1709/1709/1709 1710/1710/1710 
f 1797/1797/1797 1944/1944/1944 944/944/944 
f 454/454/454 1944/1944/1944 1400/1400/1400 
f 1254/1254/1254 1257/1257/1257 1244/1244/1244 
f 1400/1400/1400 1944/1944/1944 1796/1796/1796 
f 2215/2215/2215 1137/1137/1137 1136/1136/1136 
f 3172/3171/3172 3173/3172/3173 3174/3173/3174 
f 1430/1430/1430 3175/3174/3175 2099/2099/2099 
f 3175/3174/3175 2218/2218/2218 2099/2099/2099 
f 3176/3175/3176 2218/2218/2218 3175/3174/3175 
f 3172/3171/3172 3176/3175/3176 3173/3172/3173 
f 3177/3176/3177 3176/3175/3176 3172/3171/3172 
f 3177/3176/3177 2218/2218/2218 3176/3175/3176 
f 566/566/566 2099/2099/2099 567/567/567 
f 2218/2218/2218 1301/1301/1301 1300/1300/1300 
f 888/888/888 311/311/311 151/151/151 
f 3178/3177/3178 3175/3174/3175 1430/1430/1430 
f 3065/3064/3065 3067/3066/3067 3179/3178/3179 
f 3180/3179/3180 3067/3066/3067 3066/3065/3066 
f 3181/3180/3181 3067/3066/3067 3180/3179/3180 
f 3178/3177/3178 3182/3181/3182 3175/3174/3175 
f 3179/3178/3179 3182/3181/3182 3178/3177/3178 
f 3179/3178/3179 3067/3066/3067 3182/3181/3182 
f 3182/3181/3182 3176/3175/3176 3175/3174/3175 
f 3182/3181/3182 3173/3172/3173 3176/3175/3176 
f 3067/3066/3067 3173/3172/3173 3182/3181/3182 
f 3181/3180/3181 3173/3172/3173 3067/3066/3067 
f 3174/3173/3174 3173/3172/3173 3181/3180/3181 
f 3179/3178/3179 3178/3177/3178 1533/1533/1533 
f 1430/1430/1430 1533/1533/1533 3178/3177/3178 
f 1533/1533/1533 1860/1860/1860 3179/3178/3179 
f 54/54/54 1860/1860/1860 1533/1533/1533 
f 3106/3105/3106 1861/1861/1861 54/54/54 
f 1860/1860/1860 3065/3064/3065 3179/3178/3179 
f 1861/1861/1861 3183/3182/3183 1860/1860/1860 
f 3183/3182/3183 3065/3064/3065 1860/1860/1860 
f 3183/3182/3183 3066/3065/3066 3065/3064/3065 
f 1865/1865/1865 1732/1732/1732 1731/1731/1731 
f 185/185/185 281/281/281 1709/1709/1709 
f 187/187/187 1933/1933/1933 3106/3105/3106 
f 1933/1933/1933 569/569/569 2097/2097/2097 
f 1861/1861/1861 3106/3105/3106 1933/1933/1933 
f 2300/2300/2300 2097/2097/2097 571/571/571 
f 2097/2097/2097 3183/3182/3183 1861/1861/1861 
f 2300/2300/2300 3183/3182/3183 2097/2097/2097 
f 3066/3065/3066 3183/3182/3183 2300/2300/2300 
f 187/187/187 3106/3105/3106 281/281/281 
f 185/185/185 2610/2610/2610 943/943/943 
f 943/943/943 2610/2610/2610 944/944/944 
f 1797/1797/1797 944/944/944 2610/2610/2610 
f 185/185/185 943/943/943 186/186/186 
f 1865/1865/1865 187/187/187 1866/1866/1866 
f 1514/1514/1514 186/186/186 943/943/943 
f 186/186/186 1866/1866/1866 187/187/187 
f 1420/1420/1420 723/723/723 530/530/530 
f 3102/3101/3102 719/719/719 3090/3089/3090 
f 717/717/717 3172/3171/3172 3174/3173/3174 
f 717/717/717 3184/3183/3184 3172/3171/3172 
f 719/719/719 3184/3183/3184 717/717/717 
f 3102/3101/3102 3184/3183/3184 719/719/719 
f 3155/3154/3155 3184/3183/3184 3102/3101/3102 
f 3184/3183/3184 3177/3176/3177 3172/3171/3172 
f 3184/3183/3184 3155/3154/3155 3177/3176/3177 
f 3177/3176/3177 1301/1301/1301 2218/2218/2218 
f 3155/3154/3155 1301/1301/1301 3177/3176/3177 
f 3155/3154/3155 2431/2431/2431 1301/1301/1301 
f 1098/1098/1098 3098/3097/3098 916/916/916 
f 3185/3184/3185 717/717/717 3174/3173/3174 
f 717/717/717 3185/3184/3185 726/726/726 
f 2054/2054/2054 726/726/726 3185/3184/3185 
f 3091/3090/3091 679/679/679 3186/3185/3186 
f 915/915/915 916/916/916 3098/3097/3098 
f 681/681/681 915/915/915 3187/3186/3187 
f 679/679/679 726/726/726 680/680/680 
f 2576/2576/2576 2525/2525/2525 2524/2524/2524 
f 3091/3090/3091 718/718/718 679/679/679 
f 3091/3090/3091 719/719/719 718/718/718 
f 3108/3107/3108 1106/1106/1106 3095/3094/3095 
f 3185/3184/3185 2055/2055/2055 2054/2054/2054 
f 3188/3187/3188 1099/1099/1099 2055/2055/2055 
f 3188/3187/3188 1106/1106/1106 1099/1099/1099 
f 1981/1981/1981 3099/3098/3099 1098/1098/1098 
f 3189/3188/3189 3180/3179/3180 3190/3189/3190 
f 3174/3173/3174 3191/3190/3191 3185/3184/3185 
f 3181/3180/3181 3191/3190/3191 3174/3173/3174 
f 3181/3180/3181 3189/3188/3189 3191/3190/3191 
f 3180/3179/3180 3189/3188/3189 3181/3180/3181 
f 3192/3191/3192 3189/3188/3189 3193/3192/3193 
f 3191/3190/3191 2055/2055/2055 3185/3184/3185 
f 3191/3190/3191 3192/3191/3192 2055/2055/2055 
f 3189/3188/3189 3192/3191/3192 3191/3190/3191 
f 3192/3191/3192 3188/3187/3188 2055/2055/2055 
f 3194/3193/3194 3188/3187/3188 3192/3191/3192 
f 3096/3095/3096 3188/3187/3188 3194/3193/3194 
f 3096/3095/3096 1106/1106/1106 3188/3187/3188 
f 3195/3194/3195 3094/3093/3094 120/120/120 
f 3066/3065/3066 3190/3189/3190 3180/3179/3180 
f 3190/3189/3190 3193/3192/3193 3189/3188/3189 
f 3196/3195/3196 3193/3192/3193 3190/3189/3190 
f 3196/3195/3196 3197/3196/3197 3193/3192/3193 
f 3198/3197/3198 3197/3196/3197 3196/3195/3196 
f 3198/3197/3198 3199/3198/3199 3197/3196/3197 
f 3094/3093/3094 3199/3198/3199 3198/3197/3198 
f 3195/3194/3195 3199/3198/3199 3094/3093/3094 
f 3192/3191/3192 3193/3192/3193 3194/3193/3194 
f 3097/3096/3097 3199/3198/3199 3195/3194/3195 
f 3197/3196/3197 3194/3193/3194 3193/3192/3193 
f 3096/3095/3096 3194/3193/3194 3199/3198/3199 
f 3197/3196/3197 3199/3198/3199 3194/3193/3194 
f 3097/3096/3097 3096/3095/3096 3199/3198/3199 
f 578/578/578 3190/3189/3190 2300/2300/2300 
f 3066/3065/3066 2300/2300/2300 3190/3189/3190 
f 94/94/94 570/570/570 1763/1763/1763 
f 578/578/578 3196/3195/3196 3190/3189/3190 
f 3196/3195/3196 578/578/578 93/93/93 
f 1763/1763/1763 82/82/82 94/94/94 
f 586/586/586 3198/3197/3198 93/93/93 
f 3196/3195/3196 93/93/93 3198/3197/3198 
f 3093/3092/3093 586/586/586 83/83/83 
f 586/586/586 3094/3093/3094 3198/3197/3198 
f 3093/3092/3093 3094/3093/3094 586/586/586 
f 532/532/532 1326/1326/1326 1731/1731/1731 
f 90/90/90 1326/1326/1326 107/107/107 
f 107/107/107 1326/1326/1326 1319/1319/1319 
f 519/519/519 107/107/107 106/106/106 
f 519/519/519 106/106/106 1616/1616/1616 
f 519/519/519 1616/1616/1616 89/89/89 
f 519/519/519 88/88/88 90/90/90 
f 80/80/80 96/96/96 97/97/97 
f 83/83/83 79/79/79 3093/3092/3093 
f 3093/3092/3093 79/79/79 81/81/81 
f 532/532/532 1732/1732/1732 530/530/530 
f 532/532/532 531/531/531 1319/1319/1319 
f 836/836/836 531/531/531 1564/1564/1564 
f 1425/1425/1425 836/836/836 1564/1564/1564 
f 835/835/835 836/836/836 1425/1425/1425 
f 835/835/835 106/106/106 108/108/108 
f 1426/1426/1426 1539/1539/1539 1538/1538/1538 
f 3000/2999/3000 1555/1555/1555 2996/2995/2996 
f 2944/2943/2944 3098/3097/3098 3200/3199/3200 
f 2944/2943/2944 3187/3186/3187 3098/3097/3098 
f 1548/1548/1548 1743/1743/1743 3187/3186/3187 
f 3098/3097/3098 3187/3186/3187 915/915/915 
f 3187/3186/3187 2875/2875/2875 681/681/681 
f 3187/3186/3187 1743/1743/1743 2875/2875/2875 
f 679/679/679 681/681/681 3186/3185/3186 
f 2875/2875/2875 3186/3185/3186 681/681/681 
f 3186/3185/3186 2875/2875/2875 1782/1782/1782 
f 3092/3091/3092 3186/3185/3186 1782/1782/1782 
f 3092/3091/3092 3091/3090/3091 3186/3185/3186 
f 1220/1220/1220 1047/1047/1047 1170/1170/1170 
f 1424/1424/1424 1426/1426/1426 2629/2629/2629 
f 988/988/988 1048/1048/1048 1220/1220/1220 
f 1784/1784/1784 1048/1048/1048 881/881/881 
f 1783/1783/1783 1010/1010/1010 1784/1784/1784 
f 341/341/341 343/343/343 3085/3084/3085 
f 1170/1170/1170 1171/1171/1171 1219/1219/1219 
f 1171/1171/1171 343/343/343 342/342/342 
f 1219/1219/1219 989/989/989 1220/1220/1220 
f 1761/1761/1761 989/989/989 342/342/342 
f 1219/1219/1219 342/342/342 989/989/989 
f 989/989/989 988/988/988 1220/1220/1220 
f 195/195/195 879/879/879 988/988/988 
f 431/431/431 3089/3088/3089 3088/3087/3088 
f 699/699/699 701/701/701 1171/1171/1171 
f 397/397/397 409/409/409 398/398/398 
f 700/700/700 3201/3200/3201 701/701/701 
f 2593/2593/2593 3201/3200/3201 700/700/700 
f 2593/2593/2593 1871/1871/1871 3201/3200/3201 
f 3089/3088/3089 1871/1871/1871 2593/2593/2593 
f 431/431/431 1871/1871/1871 3089/3088/3089 
f 1873/1873/1873 3201/3200/3201 1871/1871/1871 
f 701/701/701 343/343/343 1171/1171/1171 
f 701/701/701 3086/3085/3086 343/343/343 
f 3201/3200/3201 3086/3085/3086 701/701/701 
f 1873/1873/1873 3086/3085/3086 3201/3200/3201 
f 3202/3201/3202 2593/2593/2593 2336/2336/2336 
f 2337/2337/2337 3202/3201/3202 2336/2336/2336 
f 3202/3201/3202 2337/2337/2337 978/978/978 
f 3202/3201/3202 3089/3088/3089 2593/2593/2593 
f 978/978/978 3089/3088/3089 3202/3201/3202 
f 1872/1872/1872 431/431/431 325/325/325 
f 3088/3087/3088 430/430/430 431/431/431 
f 430/430/430 371/371/371 325/325/325 
f 324/324/324 1872/1872/1872 325/325/325 
f 2098/2098/2098 326/326/326 371/371/371 
f 1871/1871/1871 431/431/431 1872/1872/1872 
f 1873/1873/1873 1872/1872/1872 3136/3135/3136 
f 3087/3086/3087 1873/1873/1873 3136/3135/3136 
f 3087/3086/3087 3086/3085/3086 1873/1873/1873 
f 1810/1810/1810 381/381/381 3203/3202/3203 
f 3204/3203/3204 430/430/430 3088/3087/3088 
f 430/430/430 3204/3203/3204 1472/1472/1472 
f 3204/3203/3204 382/382/382 1472/1472/1472 
f 381/381/381 1472/1472/1472 382/382/382 
f 381/381/381 1810/1810/1810 1809/1809/1809 
f 1472/1472/1472 1809/1809/1809 1811/1811/1811 
f 1100/1100/1100 1811/1811/1811 1809/1809/1809 
f 1482/1482/1482 1999/1999/1999 2497/2497/2497 
f 3205/3204/3205 3204/3203/3204 3088/3087/3088 
f 3205/3204/3205 3206/3205/3206 3204/3203/3204 
f 2000/2000/2000 3206/3205/3206 3205/3204/3205 
f 2000/2000/2000 3207/3206/3207 3206/3205/3206 
f 1999/1999/1999 3207/3206/3207 2000/2000/2000 
f 1482/1482/1482 3207/3206/3207 1999/1999/1999 
f 3206/3205/3206 382/382/382 3204/3203/3204 
f 3206/3205/3206 3207/3206/3207 382/382/382 
f 383/383/383 3207/3206/3207 1482/1482/1482 
f 3207/3206/3207 383/383/383 382/382/382 
f 3203/3202/3203 381/381/381 383/383/383 
f 978/978/978 3205/3204/3205 3088/3087/3088 
f 978/978/978 2337/2337/2337 979/979/979 
f 978/978/978 980/980/980 3205/3204/3205 
f 980/980/980 2000/2000/2000 3205/3204/3205 
f 3208/3207/3208 1810/1810/1810 3203/3202/3203 
f 3208/3207/3208 572/572/572 1810/1810/1810 
f 415/415/415 572/572/572 3208/3207/3208 
f 572/572/572 1100/1100/1100 1810/1810/1810 
f 1811/1811/1811 1100/1100/1100 560/560/560 
f 556/556/556 560/560/560 1100/1100/1100 
f 2456/2456/2456 208/208/208 3209/3208/3209 
f 2435/2435/2435 3208/3207/3208 3203/3202/3203 
f 2435/2435/2435 1804/1804/1804 3208/3207/3208 
f 390/390/390 1804/1804/1804 2435/2435/2435 
f 1804/1804/1804 390/390/390 929/929/929 
f 208/208/208 2456/2456/2456 389/389/389 
f 1197/1197/1197 1163/1163/1163 1627/1627/1627 
f 929/929/929 390/390/390 1842/1842/1842 
f 415/415/415 3208/3207/3208 1804/1804/1804 
f 415/415/415 1804/1804/1804 405/405/405 
f 2995/2994/2995 1555/1555/1555 1554/1554/1554 
f 390/390/390 2435/2435/2435 212/212/212 
f 212/212/212 1145/1145/1145 389/389/389 
f 2905/2905/2905 206/206/206 2501/2501/2501 
f 210/210/210 3209/3208/3209 208/208/208 
f 3203/3202/3203 433/433/433 2435/2435/2435 
f 383/383/383 433/433/433 3203/3202/3203 
f 1482/1482/1482 433/433/433 383/383/383 
f 433/433/433 1482/1482/1482 434/434/434 
f 212/212/212 2435/2435/2435 213/213/213 
f 211/211/211 213/213/213 3210/3209/3210 
f 434/434/434 3210/3209/3210 213/213/213 
f 214/214/214 211/211/211 215/215/215 
f 3210/3209/3210 434/434/434 1611/1611/1611 
f 215/215/215 3210/3209/3210 327/327/327 
f 1857/1857/1857 215/215/215 327/327/327 
f 1857/1857/1857 216/216/216 215/215/215 
f 3210/3209/3210 215/215/215 211/211/211 
f 1056/1056/1056 1163/1163/1163 695/695/695 
f 1867/1867/1867 2456/2456/2456 3209/3208/3209 
f 2456/2456/2456 1867/1867/1867 1842/1842/1842 
f 929/929/929 1842/1842/1842 403/403/403 
f 399/399/399 405/405/405 929/929/929 
f 1883/1883/1883 1879/1879/1879 295/295/295 
f 3200/3199/3200 2368/2368/2368 2944/2943/2944 
f 2203/2203/2203 2368/2368/2368 3200/3199/3200 
f 2203/2203/2203 2276/2276/2276 2368/2368/2368 
f 2203/2203/2203 1746/1746/1746 2276/2276/2276 
f 2276/2276/2276 1746/1746/1746 2261/2261/2261 
f 2944/2943/2944 2368/2368/2368 1902/1902/1902 
f 3211/3210/3211 3108/3107/3108 3095/3094/3095 
f 3099/3098/3099 3200/3199/3200 3098/3097/3098 
f 3099/3098/3099 2201/2201/2201 3200/3199/3200 
f 1981/1981/1981 2201/2201/2201 3099/3098/3099 
f 1981/1981/1981 2308/2308/2308 2201/2201/2201 
f 3108/3107/3108 2308/2308/2308 1981/1981/1981 
f 3108/3107/3108 3212/3211/3212 2308/2308/2308 
f 3211/3210/3211 3212/3211/3212 3108/3107/3108 
f 2163/2163/2163 3212/3211/3212 3211/3210/3211 
f 2201/2201/2201 2203/2203/2203 3200/3199/3200 
f 2308/2308/2308 2202/2202/2202 2201/2201/2201 
f 3212/3211/3212 2309/2309/2309 2308/2308/2308 
f 2163/2163/2163 2309/2309/2309 3212/3211/3212 
f 1610/1610/1610 2309/2309/2309 2163/2163/2163 
f 1746/1746/1746 2203/2203/2203 2202/2202/2202 
f 2202/2202/2202 1747/1747/1747 1746/1746/1746 
f 1747/1747/1747 2202/2202/2202 2309/2309/2309 
f 1609/1609/1609 1747/1747/1747 1610/1610/1610 
f 1608/1608/1608 1961/1961/1961 2355/2355/2355 
f 2355/2355/2355 1724/1724/1724 1723/1723/1723 
f 1724/1724/1724 1961/1961/1961 1190/1190/1190 
f 1722/1722/1722 1724/1724/1724 1190/1190/1190 
f 1608/1608/1608 1733/1733/1733 1609/1609/1609 
f 1608/1608/1608 1610/1610/1610 2857/2857/2857 
f 2164/2164/2164 2163/2163/2163 3211/3210/3211 
f 1961/1961/1961 2857/2857/2857 2162/2162/2162 
f 99/99/99 3195/3194/3195 120/120/120 
f 3211/3210/3211 3095/3094/3095 3213/3212/3213 
f 3097/3096/3097 3213/3212/3213 3095/3094/3095 
f 3097/3096/3097 1437/1437/1437 3213/3212/3213 
f 3195/3194/3195 1437/1437/1437 3097/3096/3097 
f 99/99/99 1437/1437/1437 3195/3194/3195 
f 3213/3212/3213 2164/2164/2164 3211/3210/3211 
f 2164/2164/2164 3213/3212/3213 2759/2759/2759 
f 1437/1437/1437 2759/2759/2759 3213/3212/3213 
f 1436/1436/1436 2759/2759/2759 1437/1437/1437 
f 2759/2759/2759 1436/1436/1436 2226/2226/2226 
f 2162/2162/2162 2164/2164/2164 2760/2760/2760 
f 2759/2759/2759 2760/2760/2760 2164/2164/2164 
f 1722/1722/1722 1131/1131/1131 1447/1447/1447 
f 1512/1512/1512 1131/1131/1131 1130/1130/1130 
f 233/233/233 1130/1130/1130 234/234/234 
f 233/233/233 1513/1513/1513 1130/1130/1130 
f 1112/1112/1112 714/714/714 1427/1427/1427 
f 233/233/233 1926/1926/1926 533/533/533 
f 1926/1926/1926 113/113/113 533/533/533 
f 406/406/406 2250/2250/2250 533/533/533 
f 533/533/533 2250/2250/2250 233/233/233 
f 98/98/98 99/99/99 120/120/120 
f 1071/1071/1071 232/232/232 2226/2226/2226 
f 2760/2760/2760 2226/2226/2226 232/232/232 
f 1976/1976/1976 1967/1967/1967 1969/1969/1969 
f 74/74/74 1926/1926/1926 1071/1071/1071 
f 3214/3213/3214 1616/1616/1616 1615/1615/1615 
f 96/96/96 80/80/80 89/89/89 
f 3214/3213/3214 1762/1762/1762 1616/1616/1616 
f 95/95/95 96/96/96 1762/1762/1762 
f 97/97/97 69/69/69 76/76/76 
f 96/96/96 95/95/95 69/69/69 
f 1751/1751/1751 3084/3083/3084 1510/1510/1510 
f 184/184/184 183/183/183 2250/2250/2250 
f 487/487/487 486/486/486 183/183/183 
f 3084/3083/3084 487/487/487 182/182/182 
f 1751/1751/1751 487/487/487 3084/3083/3084 
f 2250/2250/2250 2847/2847/2847 1513/1513/1513 
f 2847/2847/2847 2250/2250/2250 183/183/183 
f 544/544/544 457/457/457 269/269/269 
f 91/91/91 3084/3083/3084 182/182/182 
f 1617/1617/1617 3084/3083/3084 91/91/91 
f 210/210/210 218/218/218 217/217/217 
f 2168/2168/2168 2205/2205/2205 87/87/87 
f 203/203/203 599/599/599 1014/1014/1014 
f 95/95/95 2169/2169/2169 77/77/77 
f 1762/1762/1762 2169/2169/2169 95/95/95 
f 1762/1762/1762 3214/3213/3214 2169/2169/2169 
f 3215/3214/3215 3214/3213/3214 1615/1615/1615 
f 1063/1063/1063 2168/2168/2168 2169/2169/2169 
f 2168/2168/2168 87/87/87 77/77/77 
f 3214/3213/3214 1063/1063/1063 2169/2169/2169 
f 3215/3214/3215 1063/1063/1063 3214/3213/3214 
f 2168/2168/2168 1063/1063/1063 1062/1062/1062 
f 2205/2205/2205 1062/1062/1062 40/40/40 
f 3215/3214/3215 395/395/395 1063/1063/1063 
f 835/835/835 1424/1424/1424 1615/1615/1615 
f 835/835/835 1425/1425/1425 1424/1424/1424 
f 1424/1424/1424 3215/3214/3215 1615/1615/1615 
f 3215/3214/3215 1424/1424/1424 2630/2630/2630 
f 2629/2629/2629 396/396/396 2630/2630/2630 
f 395/395/395 3215/3214/3215 2630/2630/2630 
f 3216/3215/3216 3008/3007/3008 3006/3005/3006 
f 3216/3215/3216 3009/3008/3009 3008/3007/3008 
f 3009/3008/3009 2050/2050/2050 3010/3009/3010 
f 3103/3102/3103 2050/2050/2050 3009/3008/3009 
f 1044/1044/1044 3134/3133/3134 1045/1045/1045 
f 2147/2147/2147 3141/3140/3141 3006/3005/3006 
f 3141/3140/3141 820/820/820 3006/3005/3006 
f 821/821/821 820/820/820 3141/3140/3141 
f 819/819/819 1045/1045/1045 820/820/820 
f 3135/3134/3135 1045/1045/1045 3134/3133/3134 
f 820/820/820 3216/3215/3216 3006/3005/3006 
f 820/820/820 3135/3134/3135 3216/3215/3216 
f 1045/1045/1045 3135/3134/3135 820/820/820 
f 3216/3215/3216 3103/3102/3103 3009/3008/3009 
f 3135/3134/3135 3103/3102/3103 3216/3215/3216 
f 1580/1580/1580 3083/3082/3083 3217/3216/3217 
f 353/353/353 3141/3140/3141 351/351/351 
f 352/352/352 3218/3217/3218 353/353/353 
f 1580/1580/1580 3218/3217/3218 352/352/352 
f 3217/3216/3217 3218/3217/3218 1580/1580/1580 
f 3219/3218/3219 3217/3216/3217 3083/3082/3083 
f 3220/3219/3220 3217/3216/3217 3219/3218/3219 
f 353/353/353 821/821/821 3141/3140/3141 
f 353/353/353 3221/3220/3221 821/821/821 
f 3218/3217/3218 3221/3220/3221 353/353/353 
f 3218/3217/3218 3220/3219/3220 3221/3220/3221 
f 3217/3216/3217 3220/3219/3220 3218/3217/3218 
f 821/821/821 3221/3220/3221 1316/1316/1316 
f 1316/1316/1316 3221/3220/3221 3222/3221/3222 
f 3220/3219/3220 3222/3221/3222 3221/3220/3221 
f 1046/1046/1046 1316/1316/1316 3131/3130/3131 
f 1046/1046/1046 819/819/819 1316/1316/1316 
f 1581/1581/1581 1580/1580/1580 352/352/352 
f 466/466/466 1582/1582/1582 1581/1581/1581 
f 3104/3103/3104 3082/3081/3082 3079/3078/3079 
f 3223/3222/3223 3220/3219/3220 3219/3218/3219 
f 3223/3222/3223 3222/3221/3222 3220/3219/3220 
f 3082/3081/3082 3222/3221/3222 3223/3222/3223 
f 3082/3081/3082 3104/3103/3104 3222/3221/3222 
f 3104/3103/3104 3131/3130/3131 3222/3221/3222 
f 3222/3221/3222 3131/3130/3131 1316/1316/1316 
f 3224/3223/3224 3219/3218/3219 3083/3082/3083 
f 3224/3223/3224 2901/2901/2901 3219/3218/3219 
f 2901/2901/2901 3224/3223/3224 1126/1126/1126 
f 2362/2362/2362 2902/2902/2902 1126/1126/1126 
f 494/494/494 493/493/493 2362/2362/2362 
f 2361/2361/2361 2902/2902/2902 2362/2362/2362 
f 2889/2889/2889 2363/2363/2363 2362/2362/2362 
f 2953/2952/2953 2361/2361/2361 2363/2363/2363 
f 3225/3224/3225 2361/2361/2361 2953/2952/2953 
f 2901/2901/2901 3223/3222/3223 3219/3218/3219 
f 2901/2901/2901 3226/3225/3226 3223/3222/3223 
f 2902/2902/2902 3226/3225/3226 2901/2901/2901 
f 2902/2902/2902 3227/3226/3227 3226/3225/3226 
f 2361/2361/2361 3227/3226/3227 2902/2902/2902 
f 3225/3224/3225 3227/3226/3227 2361/2361/2361 
f 3228/3227/3228 3227/3226/3227 3225/3224/3225 
f 3226/3225/3226 3082/3081/3082 3223/3222/3223 
f 3226/3225/3226 3080/3079/3080 3082/3081/3082 
f 3227/3226/3227 3080/3079/3080 3226/3225/3226 
f 3228/3227/3228 3080/3079/3080 3227/3226/3227 
f 43/43/43 2075/2075/2075 2485/2485/2485 
f 1127/1127/1127 3224/3223/3224 3083/3082/3083 
f 3224/3223/3224 1127/1127/1127 1126/1126/1126 
f 1977/1977/1977 494/494/494 1127/1127/1127 
f 1005/1005/1005 2846/2846/2846 1855/1855/1855 
f 43/43/43 1389/1389/1389 2075/2075/2075 
f 2362/2362/2362 1126/1126/1126 494/494/494 
f 18/18/18 20/20/20 591/591/591 
f 1389/1389/1389 493/493/493 495/495/495 
f 2848/2848/2848 1389/1389/1389 43/43/43 
f 1388/1388/1388 1389/1389/1389 2848/2848/2848 
f 1388/1388/1388 2889/2889/2889 493/493/493 
f 2363/2363/2363 2889/2889/2889 2831/2831/2831 
f 1582/1582/1582 1127/1127/1127 3083/3082/3083 
f 3077/3076/3077 1977/1977/1977 468/468/468 
f 3077/3076/3077 495/495/495 1977/1977/1977 
f 3077/3076/3077 3023/3022/3023 495/495/495 
f 3023/3022/3023 2075/2075/2075 495/495/495 
f 2383/2383/2383 2953/2952/2953 2363/2363/2363 
f 3225/3224/3225 2953/2952/2953 2954/2953/2954 
f 2953/2952/2953 2383/2383/2383 2384/2384/2384 
f 2954/2953/2954 3229/3228/3229 3225/3224/3225 
f 3078/3077/3078 3229/3228/3229 2954/2953/2954 
f 1522/1522/1522 3229/3228/3229 3078/3077/3078 
f 3127/3126/3127 3229/3228/3229 1522/1522/1522 
f 3229/3228/3229 3228/3227/3228 3225/3224/3225 
f 3127/3126/3127 3228/3227/3228 3229/3228/3229 
f 3081/3080/3081 3228/3227/3228 3127/3126/3127 
f 3081/3080/3081 3080/3079/3080 3228/3227/3228 
f 2384/2384/2384 2952/2951/2952 2954/2953/2954 
f 2954/2953/2954 2952/2951/2952 3078/3077/3078 
f 1538/1538/1538 3078/3077/3078 2952/2951/2952 
f 45/45/45 1510/1510/1510 38/38/38 
f 2831/2831/2831 2383/2383/2383 2363/2363/2363 
f 2909/2909/2909 394/394/394 2831/2831/2831 
f 2406/2406/2406 218/218/218 216/216/216 
f 394/394/394 40/40/40 1062/1062/1062 
f 1899/1899/1899 3110/3109/3110 2326/2326/2326 
f 1388/1388/1388 2909/2909/2909 2831/2831/2831 
f 1388/1388/1388 2848/2848/2848 2909/2909/2909 
f 2848/2848/2848 38/38/38 2909/2909/2909 
f 2909/2909/2909 38/38/38 40/40/40 
f 39/39/39 87/87/87 2205/2205/2205 
f 38/38/38 2848/2848/2848 45/45/45 
f 39/39/39 38/38/38 1510/1510/1510 
f 2496/2496/2496 1749/1749/1749 44/44/44 
f 487/487/487 1751/1751/1751 1750/1750/1750 
f 2629/2629/2629 2384/2384/2384 396/396/396 
f 2384/2384/2384 2629/2629/2629 2952/2951/2952 
f 1426/1426/1426 2952/2951/2952 2629/2629/2629 
f 1114/1114/1114 1291/1291/1291 2414/2414/2414 
f 2661/2661/2661 1271/1271/1271 1114/1114/1114 
f 1270/1270/1270 1291/1291/1291 1271/1271/1271 
f 2661/2661/2661 1272/1272/1272 1271/1271/1271 
f 1295/1295/1295 3230/3229/3230 1116/1116/1116 
f 2371/2371/2371 3230/3229/3230 1295/1295/1295 
f 1116/1116/1116 3230/3229/3230 2661/2661/2661 
f 3230/3229/3230 3231/3230/3231 2661/2661/2661 
f 3231/3230/3231 1272/1272/1272 2661/2661/2661 
f 2017/2017/2017 2370/2370/2370 355/355/355 
f 3231/3230/3231 3042/3041/3042 1272/1272/1272 
f 3231/3230/3231 1414/1414/1414 3042/3041/3042 
f 2701/2701/2701 1414/1414/1414 3231/3230/3231 
f 2701/2701/2701 2370/2370/2370 2017/2017/2017 
f 3230/3229/3230 2701/2701/2701 3231/3230/3231 
f 3230/3229/3230 2371/2371/2371 2701/2701/2701 
f 918/918/918 913/913/913 914/914/914 
f 2370/2370/2370 2701/2701/2701 2371/2371/2371 
f 2236/2236/2236 2369/2369/2369 2214/2214/2214 
f 2236/2236/2236 2285/2285/2285 2369/2369/2369 
f 2628/2628/2628 2315/2315/2315 520/520/520 
f 356/356/356 2369/2369/2369 2285/2285/2285 
f 2370/2370/2370 2369/2369/2369 355/355/355 
f 2315/2315/2315 2017/2017/2017 355/355/355 
f 2315/2315/2315 3049/3048/3049 2017/2017/2017 
f 1412/1412/1412 2017/2017/2017 3049/3048/3049 
f 2628/2628/2628 3049/3048/3049 2315/2315/2315 
f 354/354/354 2315/2315/2315 355/355/355 
f 354/354/354 1909/1909/1909 2189/2189/2189 
f 2189/2189/2189 1289/1289/1289 521/521/521 
f 2939/2938/2939 2942/2941/2942 2938/2937/2938 
f 1908/1908/1908 356/356/356 2285/2285/2285 
f 1144/1144/1144 683/683/683 677/677/677 
f 356/356/356 1908/1908/1908 1909/1909/1909 
f 2189/2189/2189 1909/1909/1909 2783/2783/2783 
f 2193/2193/2193 2316/2316/2316 2157/2157/2157 
f 2285/2285/2285 2157/2157/2157 2316/2316/2316 
f 2378/2378/2378 1908/1908/1908 2316/2316/2316 
f 2193/2193/2193 2280/2280/2280 2378/2378/2378 
f 2280/2280/2280 1406/1406/1406 345/345/345 
f 237/237/237 162/162/162 164/164/164 
f 344/344/344 2378/2378/2378 345/345/345 
f 1406/1406/1406 1407/1407/1407 345/345/345 
f 1407/1407/1407 346/346/346 345/345/345 
f 2378/2378/2378 344/344/344 1908/1908/1908 
f 209/209/209 216/216/216 218/218/218 
f 2846/2846/2846 925/925/925 1764/1764/1764 
f 216/216/216 1856/1856/1856 2406/2406/2406 
f 1935/1935/1935 2256/2256/2256 1544/1544/1544 
f 1855/1855/1855 2846/2846/2846 1856/1856/1856 
f 217/217/217 1289/1289/1289 2782/2782/2782 
f 1289/1289/1289 217/217/217 219/219/219 
f 3105/3104/3105 210/210/210 217/217/217 
f 3209/3208/3209 210/210/210 3105/3104/3105 
f 346/346/346 3232/3231/3232 2782/2782/2782 
f 1407/1407/1407 3232/3231/3232 346/346/346 
f 1407/1407/1407 2207/2207/2207 3232/3231/3232 
f 2207/2207/2207 1407/1407/1407 849/849/849 
f 3232/3231/3232 3105/3104/3105 2782/2782/2782 
f 3233/3232/3233 3232/3231/3232 2207/2207/2207 
f 3233/3232/3233 3105/3104/3105 3232/3231/3232 
f 3209/3208/3209 3105/3104/3105 3233/3232/3233 
f 528/528/528 1876/1876/1876 848/848/848 
f 1876/1876/1876 1464/1464/1464 2207/2207/2207 
f 1867/1867/1867 1464/1464/1464 432/432/432 
f 1464/1464/1464 3233/3232/3233 2207/2207/2207 
f 1867/1867/1867 3233/3232/3233 1464/1464/1464 
f 3209/3208/3209 3233/3232/3233 1867/1867/1867 
f 1851/1851/1851 3010/3009/3010 515/515/515 
f 2050/2050/2050 515/515/515 3010/3009/3010 
f 501/501/501 374/374/374 1851/1851/1851 
f 501/501/501 503/503/503 374/374/374 
f 2944/2943/2944 1548/1548/1548 3187/3186/3187 
f 1881/1881/1881 1882/1882/1882 1892/1892/1892 
f 1823/1823/1823 1783/1783/1783 1519/1519/1519 
f 1010/1010/1010 1783/1783/1783 1008/1008/1008 
f 2282/2282/2282 3234/3233/3234 1963/1963/1963 
f 280/280/280 3234/3233/3234 2282/2282/2282 
f 2138/2138/2138 1824/1824/1824 3234/3233/3234 
f 1963/1963/1963 3234/3233/3234 1824/1824/1824 
f 2138/2138/2138 3234/3233/3234 279/279/279 
f 1976/1976/1976 1991/1991/1991 1951/1951/1951 
f 2922/2922/2922 2903/2903/2903 3153/3152/3153 
f 2903/2903/2903 3075/3074/3075 3153/3152/3153 
f 2892/2892/2892 3068/3067/3068 2891/2891/2891 
f 2892/2892/2892 3072/3071/3072 3068/3067/3068 
f 1941/1941/1941 2327/2327/2327 1942/1942/1942 
f 1941/1941/1941 3069/3068/3069 2327/2327/2327 
f 1605/1605/1605 1691/1691/1691 2769/2769/2769 
f 207/207/207 2922/2922/2922 698/698/698 
f 699/699/699 1043/1043/1043 700/700/700 
f 1043/1043/1043 2336/2336/2336 700/700/700 
f 1611/1611/1611 327/327/327 3210/3209/3210 
f 1722/1722/1722 1447/1447/1447 1723/1723/1723 
f 1581/1581/1581 352/352/352 2305/2305/2305 
f 468/468/468 1977/1977/1977 1582/1582/1582 
f 280/280/280 279/279/279 3234/3233/3234 
f 348/348/348 2773/2773/2773 3113/3112/3113 
f 1942/1942/1942 3113/3112/3113 2773/2773/2773 
f 1471/1471/1471 2750/2750/2750 1698/1698/1698 
f 1388/1388/1388 2831/2831/2831 2889/2889/2889 
f 357/357/357 707/707/707 452/452/452 
f 1300/1300/1300 567/567/567 2099/2099/2099 
f 708/708/708 707/707/707 1571/1571/1571 
f 244/244/244 243/243/243 1475/1475/1475 
f 1688/1688/1688 932/932/932 1805/1805/1805 
f 3137/3136/3137 565/565/565 779/779/779 
f 3137/3136/3137 60/60/60 566/566/566 
f 60/60/60 3137/3136/3137 11/11/11 
f 1498/1498/1498 1159/1159/1159 2058/2058/2058 
f 10/10/10 3137/3136/3137 779/779/779 
f 744/744/744 739/739/739 1242/1242/1242 
f 1498/1498/1498 1918/1918/1918 1932/1932/1932 
f 1462/1462/1462 1305/1305/1305 2443/2443/2443 
f 565/565/565 782/782/782 1136/1136/1136 
f 278/278/278 3139/3138/3139 28/28/28 
f 203/203/203 1014/1014/1014 1013/1013/1013 
f 1753/1753/1753 1135/1135/1135 1160/1160/1160 
f 1135/1135/1135 779/779/779 1136/1136/1136 
f 2607/2607/2607 2612/2612/2612 2614/2614/2614 
f 742/742/742 739/739/739 738/738/738 
f 1986/1986/1986 3140/3139/3140 1987/1987/1987 
f 47/47/47 30/30/30 49/49/49 
f 3142/3141/3142 1987/1987/1987 1992/1992/1992 
f 2745/2745/2745 47/47/47 2030/2030/2030 
f 2748/2748/2748 1605/1605/1605 1604/1604/1604 
f 2990/2989/2990 827/827/827 1646/1646/1646 
f 3138/3137/3138 2011/2011/2011 48/48/48 
f 1645/1645/1645 1323/1323/1323 2013/2013/2013 
f 827/827/827 2990/2989/2990 828/828/828 
f 27/27/27 48/48/48 23/23/23 
f 3138/3137/3138 48/48/48 27/27/27 
f 2868/2868/2868 2311/2311/2311 1501/1501/1501 
f 1893/1893/1893 3170/3169/3170 551/551/551 
f 1180/1180/1180 3142/3141/3142 941/941/941 
f 1986/1986/1986 1645/1645/1645 1647/1647/1647 
f 3138/3137/3138 2282/2282/2282 2011/2011/2011 
f 3170/3169/3170 1983/1983/1983 1973/1973/1973 
f 1893/1893/1893 1983/1983/1983 3170/3169/3170 
f 1292/1292/1292 1983/1983/1983 1893/1893/1893 
f 3140/3139/3140 551/551/551 3170/3169/3170 
f 6/6/6 1367/1367/1367 4/4/4 
f 1384/1384/1384 1971/1971/1971 1983/1983/1983 
